source,target,time_stamps/seconds,time_window
1,2,0,0
3,4,0,0
5,2,1,1
6,7,1,1
8,7,1,1
9,10,1,1
9,11,1,1
12,13,1,1
9,14,1,1
9,15,1,1
9,16,1,1
9,17,1,1
9,14,1,1
9,18,1,1
19,18,1,1
20,21,1,1
19,22,1,1
8,23,1,1
9,24,1,1
9,22,1,1
25,21,1,1
26,7,1,1
27,28,1,1
29,25,1,1
30,31,1,1
30,31,1,1
30,31,1,1
30,31,1,1
32,33,1,1
34,35,1,1
34,33,1,1
36,37,1,1
38,39,1,1
36,40,1,1
41,15,1,1
41,11,1,1
41,14,1,1
41,13,1,1
41,39,1,1
41,42,2,2
41,43,2,2
9,40,2,2
44,45,2,2
46,22,2,2
44,46,2,2
47,46,2,2
48,46,2,2
9,49,2,2
36,50,2,2
44,51,2,2
32,52,2,2
36,32,2,2
53,54,2,2
36,55,2,2
56,57,2,2
36,32,2,2
36,58,2,2
44,59,2,2
51,58,2,2
44,14,2,2
36,56,2,2
36,60,2,2
56,61,2,2
62,50,2,2
36,60,2,2
32,59,2,2
36,60,2,2
36,50,2,2
41,63,2,2
41,64,2,2
41,65,2,2
41,56,2,2
41,61,2,2
41,43,2,2
41,52,2,2
41,58,2,2
41,59,2,2
9,64,2,2
9,58,2,2
12,66,2,2
32,58,2,2
12,66,2,2
67,32,2,2
41,32,2,2
67,32,2,2
32,68,2,2
68,56,2,2
67,32,2,2
67,32,2,2
68,61,2,2
67,32,2,2
67,8,2,2
69,67,2,2
70,51,2,2
44,50,2,2
67,32,2,2
71,58,2,2
71,72,2,2
51,58,2,2
72,71,2,2
73,74,2,2
74,73,2,2
73,74,2,2
74,73,2,2
34,58,2,2
44,75,2,2
44,75,2,2
9,58,2,2
73,74,2,2
9,76,2,2
32,77,2,2
41,76,2,2
41,78,2,2
79,48,2,2
79,63,2,2
41,80,2,2
79,58,2,2
41,81,2,2
79,70,2,2
19,82,2,2
19,72,2,2
12,32,2,2
19,64,2,2
19,58,2,2
19,58,2,2
19,58,2,2
19,52,2,2
83,59,2,2
51,70,2,2
38,58,2,2
41,58,2,2
63,79,2,2
41,63,2,2
67,59,2,2
41,63,2,2
41,58,2,2
44,84,2,2
19,85,2,2
19,72,2,2
3,84,2,2
19,8,2,2
19,58,2,2
84,86,2,2
83,58,2,2
36,60,2,2
86,48,2,2
87,63,2,2
36,88,2,2
87,8,2,2
36,89,2,2
90,56,2,2
36,90,2,2
36,84,2,2
91,92,2,2
36,93,2,2
91,92,2,2
36,90,2,2
91,92,2,2
36,60,2,2
36,84,2,2
51,58,2,2
94,84,2,2
36,84,2,2
94,84,2,2
94,84,2,2
69,84,2,2
69,95,2,2
87,8,2,2
3,84,2,2
3,84,2,2
48,86,2,2
84,8,2,2
91,81,2,2
96,88,2,2
8,84,2,2
84,8,2,2
91,47,2,2
97,98,2,2
98,97,2,2
97,98,2,2
48,97,2,2
99,8,2,2
99,8,2,2
97,48,2,2
100,101,2,2
102,97,2,2
97,48,2,2
97,102,2,2
101,100,2,2
48,58,2,2
97,48,2,2
103,72,2,2
103,58,2,2
104,59,2,2
104,59,2,2
103,72,2,2
105,56,2,2
106,72,2,2
105,61,2,2
105,8,2,2
105,33,2,2
105,107,2,2
105,81,2,2
44,102,2,2
36,105,2,2
36,104,2,2
34,108,2,2
34,109,2,2
36,110,2,2
111,112,2,2
34,58,2,2
36,113,2,2
36,109,2,2
79,109,2,2
114,105,2,2
101,115,2,2
56,90,2,2
56,105,2,2
56,68,2,2
29,58,2,2
87,58,2,2
44,116,2,2
44,117,2,2
44,117,2,2
44,79,2,2
80,58,2,2
96,32,2,2
118,100,2,2
119,120,2,2
119,120,2,2
120,119,2,2
120,75,2,2
119,120,2,2
120,119,2,2
119,58,2,2
74,73,2,2
118,120,2,2
121,108,2,2
72,106,2,2
44,92,2,2
26,122,2,2
44,79,2,2
1,123,2,2
96,124,2,2
125,126,2,2
36,104,2,2
44,79,2,2
44,79,2,2
36,124,2,2
36,127,2,2
36,128,2,2
44,79,2,2
44,129,2,2
44,116,2,2
9,120,2,2
79,58,2,2
36,109,2,2
124,109,2,2
36,109,2,2
124,61,2,2
124,72,2,2
36,109,2,2
36,112,2,2
124,85,2,2
85,124,2,2
32,130,2,2
36,112,2,2
124,85,2,2
72,124,2,2
124,8,2,2
131,30,2,2
99,126,2,2
103,72,2,2
103,72,2,2
103,63,2,2
103,117,2,2
103,72,2,2
131,30,2,2
69,95,2,2
69,124,2,2
69,79,2,2
132,30,2,2
36,99,2,2
36,133,2,2
36,60,2,2
36,134,2,2
36,133,2,2
36,81,2,2
103,72,2,2
103,135,2,2
133,135,2,2
135,133,2,2
36,133,2,2
103,135,2,2
19,52,2,2
133,135,2,2
103,135,2,2
103,135,2,2
135,133,2,2
133,135,2,2
36,133,2,2
36,133,2,2
36,133,2,2
9,109,2,2
9,109,2,2
62,136,2,2
96,32,2,2
137,138,2,2
96,137,2,2
19,120,2,2
44,90,2,2
96,137,2,2
137,138,2,2
19,139,2,2
44,60,2,2
44,88,2,2
44,102,2,2
44,90,2,2
19,111,2,2
44,90,2,2
9,32,2,2
44,90,2,2
44,90,2,2
103,63,2,2
103,72,2,2
38,86,2,2
140,105,2,2
103,72,2,2
38,86,2,2
38,101,2,2
38,101,2,2
38,101,2,2
103,101,2,2
38,101,2,2
103,101,2,2
38,61,2,2
75,120,2,2
38,81,2,2
44,141,2,2
44,141,2,2
44,74,2,2
44,127,2,2
124,135,2,2
140,124,2,2
19,82,2,2
19,82,2,2
19,82,2,2
105,56,2,2
19,82,2,2
124,135,2,2
105,58,2,2
105,63,2,2
19,82,2,2
105,61,2,2
105,135,2,2
124,135,2,2
71,72,2,2
135,124,2,2
9,32,2,2
63,105,2,2
72,71,2,2
142,58,2,2
124,135,2,2
124,135,2,2
143,32,2,2
144,99,2,2
144,105,2,2
144,121,2,2
9,109,2,2
103,109,2,2
103,63,2,2
103,63,2,2
103,109,2,2
48,81,2,2
95,81,2,2
145,48,2,2
95,63,2,2
145,95,2,2
95,109,2,2
145,95,2,2
145,48,2,2
145,95,2,2
145,48,2,2
145,48,2,2
95,109,2,2
96,48,2,2
95,109,2,2
96,95,2,2
96,95,2,2
96,48,2,2
96,95,2,2
105,144,2,2
105,63,2,2
6,146,2,2
44,60,2,2
44,105,2,2
63,95,2,2
44,32,2,2
114,105,2,2
34,109,2,2
36,105,2,2
36,109,2,2
36,147,2,2
44,32,2,2
19,120,2,2
9,136,2,2
9,148,2,2
9,149,2,2
9,150,2,2
9,151,2,2
9,152,2,2
9,153,2,2
9,58,2,2
9,58,2,2
9,135,2,2
9,22,2,2
9,8,2,2
9,154,2,2
9,121,2,2
1,135,2,2
3,155,2,2
36,109,2,2
3,155,2,2
30,132,2,2
3,58,2,2
68,56,2,2
36,156,2,2
131,30,2,2
101,51,2,2
101,34,2,2
9,8,2,2
36,73,2,2
96,95,2,2
9,76,2,2
9,8,2,2
9,157,2,2
19,158,2,2
9,58,2,2
9,32,2,2
44,129,2,2
105,135,2,2
105,129,2,2
44,129,2,2
44,129,2,2
44,129,2,2
51,101,2,2
1,159,2,2
44,74,2,2
44,129,2,2
160,72,2,2
129,8,2,2
36,147,2,2
36,109,2,2
36,105,2,2
36,129,2,2
9,8,2,2
34,101,2,2
161,162,2,2
163,72,2,2
32,164,2,2
58,8,2,2
32,58,2,2
41,76,2,2
41,120,2,2
41,132,2,2
41,165,2,2
41,166,2,2
41,157,2,2
41,167,2,2
41,168,2,2
41,169,2,2
41,134,2,2
56,68,2,2
41,56,2,2
56,154,2,2
56,170,2,2
56,171,2,2
56,172,2,2
103,101,2,2
51,157,2,2
32,130,2,2
8,58,2,2
8,164,2,2
103,63,2,2
103,173,2,2
67,154,2,2
32,26,2,2
96,163,2,2
9,58,2,2
41,56,2,2
9,20,2,2
9,165,2,2
9,61,2,2
103,109,2,2
32,155,2,2
32,109,2,2
32,174,2,2
175,50,2,2
103,85,2,2
124,109,2,2
164,8,2,2
103,63,2,2
38,128,2,2
103,63,2,2
103,63,2,2
19,109,2,2
103,63,2,2
103,63,2,2
161,164,2,2
161,164,2,2
38,109,2,2
41,63,2,2
103,63,2,2
176,63,2,2
41,63,2,2
176,63,2,2
41,63,2,2
161,63,2,2
103,63,2,2
41,63,2,2
176,63,2,2
41,63,2,2
161,63,2,2
103,63,2,2
32,164,2,2
176,63,2,2
41,63,2,2
176,63,2,2
41,63,2,2
161,63,2,2
103,63,2,2
41,177,2,2
41,177,2,2
164,178,2,2
164,177,2,2
32,175,2,2
32,177,2,2
176,63,2,2
164,179,2,2
41,63,2,2
32,179,2,2
41,63,2,2
41,63,2,2
41,63,2,2
41,63,2,2
161,63,2,2
96,164,2,2
41,63,2,2
41,177,2,2
41,177,2,2
41,63,2,2
41,177,2,2
41,63,2,2
161,63,2,2
32,177,2,2
41,177,2,2
32,177,2,2
41,177,2,2
41,63,2,2
41,180,2,2
32,177,2,2
41,63,2,2
161,63,2,2
41,177,2,2
41,180,2,2
177,32,2,2
41,63,2,2
41,177,2,2
180,177,2,2
180,177,2,2
180,181,2,2
41,177,2,2
180,182,2,2
41,180,2,2
41,90,2,2
41,63,2,2
32,177,2,2
41,180,2,2
41,63,2,2
41,177,2,2
177,180,2,2
177,180,2,2
177,32,2,2
41,180,2,2
41,177,2,2
41,180,2,2
32,177,2,2
41,63,2,2
183,184,2,2
41,63,2,2
177,32,2,2
32,177,2,2
41,177,2,2
177,32,2,2
175,32,2,2
32,177,2,2
32,175,2,2
41,168,2,2
175,32,2,2
41,168,2,2
41,177,2,2
177,32,2,2
63,174,2,2
174,63,2,2
63,174,2,2
174,63,2,2
41,168,2,2
41,177,2,2
32,175,2,2
63,174,2,2
174,63,2,2
41,168,2,2
9,32,2,2
41,177,2,2
63,174,2,2
32,177,2,2
175,32,2,2
32,175,2,2
41,168,2,2
41,177,2,2
41,168,2,2
41,168,2,2
63,155,2,2
174,63,2,2
41,177,2,2
177,32,2,2
41,168,2,2
175,32,2,2
63,174,2,2
174,63,2,2
63,174,2,2
41,168,2,2
41,177,2,2
41,177,2,2
32,175,2,2
41,177,2,2
175,32,2,2
175,32,2,2
32,175,2,2
41,177,2,2
41,168,2,2
174,63,2,2
63,174,2,2
41,168,2,2
41,168,2,2
41,177,2,2
41,168,2,2
41,177,2,2
174,63,2,2
63,174,2,2
41,168,2,2
41,177,2,2
41,177,2,2
41,177,2,2
41,177,2,2
9,32,2,2
41,177,2,2
41,185,2,2
41,168,2,2
185,147,2,2
185,32,2,2
41,185,2,2
41,177,2,2
32,185,2,2
186,185,2,2
140,185,2,2
155,32,2,2
32,155,2,2
185,186,2,2
155,63,2,2
41,177,2,2
103,177,2,2
187,186,2,2
185,97,2,2
103,97,2,2
187,186,2,2
41,185,2,2
41,185,2,2
41,186,2,2
41,185,2,2
41,186,2,2
185,63,2,2
41,168,2,2
187,186,2,2
63,155,2,2
63,185,2,2
103,58,2,2
103,63,2,2
187,186,2,2
103,188,2,2
189,175,2,2
189,175,2,2
140,185,2,2
187,186,2,2
185,109,2,2
140,185,2,2
189,8,2,2
102,97,2,2
140,185,2,2
41,86,2,2
41,188,2,2
101,100,2,2
101,190,2,2
191,175,2,2
101,190,2,2
101,190,2,2
101,190,2,2
101,190,2,2
103,192,2,2
101,190,2,2
101,190,2,2
101,190,2,2
101,190,2,2
101,190,2,2
101,190,2,2
101,190,2,2
101,190,2,2
193,149,2,2
101,100,2,2
193,190,2,2
191,78,2,2
101,190,2,2
101,190,2,2
190,109,2,2
101,190,2,2
193,190,2,2
109,124,2,2
103,109,2,2
103,190,2,2
103,109,2,2
103,109,2,2
41,192,2,2
194,149,2,2
194,195,2,2
176,20,2,2
176,61,2,2
176,149,2,2
176,120,2,2
176,132,2,2
176,86,2,2
176,97,2,2
176,72,2,2
176,58,2,2
176,8,2,2
176,196,2,2
176,197,2,2
176,198,2,2
176,199,2,2
176,200,2,2
176,190,2,2
176,192,2,2
176,201,2,2
176,188,2,2
176,202,2,2
176,185,2,2
176,203,2,2
176,180,2,2
176,181,2,2
176,177,2,2
176,184,2,2
176,175,2,2
176,166,2,2
204,205,2,2
204,104,2,2
204,184,2,2
189,144,2,2
3,185,3,3
3,32,3,3
199,58,3,3
63,185,3,3
63,199,3,3
63,184,3,3
199,101,3,3
194,199,3,3
194,206,3,3
194,207,3,3
204,123,3,3
121,191,3,3
175,191,3,3
204,129,3,3
63,199,3,3
101,184,3,3
101,208,3,3
63,46,3,3
63,199,3,3
101,88,3,3
191,121,3,3
191,175,3,3
103,177,3,3
199,20,3,3
184,101,3,3
103,132,3,3
199,209,3,3
101,184,3,3
36,105,3,3
103,210,3,3
36,209,3,3
184,101,3,3
209,199,3,3
199,209,3,3
199,210,3,3
101,184,3,3
184,101,3,3
176,101,3,3
68,101,3,3
32,198,3,3
211,101,3,3
212,209,3,3
211,213,3,3
211,93,3,3
211,85,3,3
189,199,3,3
214,215,3,3
103,109,3,3
103,215,3,3
103,82,3,3
44,214,3,3
103,215,3,3
63,199,3,3
63,199,3,3
103,215,3,3
103,215,3,3
103,168,3,3
214,109,3,3
215,67,3,3
103,215,3,3
214,215,3,3
41,215,3,3
41,216,3,3
103,127,3,3
215,62,3,3
214,109,3,3
176,217,3,3
176,216,3,3
176,218,3,3
103,109,3,3
219,124,3,3
19,109,3,3
63,127,3,3
88,101,3,3
103,168,3,3
103,56,3,3
63,127,3,3
103,56,3,3
214,56,3,3
214,56,3,3
63,127,3,3
51,215,3,3
19,175,3,3
19,109,3,3
44,214,3,3
215,51,3,3
44,214,3,3
19,215,3,3
19,215,3,3
103,175,3,3
44,214,3,3
19,215,3,3
103,175,3,3
214,175,3,3
51,215,3,3
19,215,3,3
214,215,3,3
215,51,3,3
19,215,3,3
96,95,3,3
96,32,3,3
19,215,3,3
96,164,3,3
103,215,3,3
103,215,3,3
19,215,3,3
144,185,3,3
103,168,3,3
220,214,3,3
220,32,3,3
19,215,3,3
144,32,3,3
103,175,3,3
103,175,3,3
175,214,3,3
103,175,3,3
103,175,3,3
103,175,3,3
176,221,3,3
103,98,3,3
3,32,3,3
222,120,3,3
41,222,3,3
41,222,3,3
41,223,3,3
214,175,3,3
41,97,3,3
41,134,3,3
51,215,3,3
36,222,3,3
36,221,3,3
212,66,3,3
96,224,3,3
175,214,3,3
214,175,3,3
225,223,3,3
36,221,3,3
36,214,3,3
176,223,3,3
176,226,3,3
221,161,3,3
36,221,3,3
44,226,3,3
221,161,3,3
36,221,3,3
221,161,3,3
56,214,3,3
221,161,3,3
221,161,3,3
221,161,3,3
161,221,3,3
36,221,3,3
36,214,3,3
221,161,3,3
204,221,3,3
227,26,3,3
211,228,3,3
214,101,3,3
229,230,3,3
220,214,3,3
96,231,3,3
96,232,3,3
103,221,3,3
103,20,3,3
103,86,3,3
220,214,3,3
220,214,3,3
103,66,3,3
212,66,3,3
124,109,3,3
103,185,3,3
212,6,3,3
103,185,3,3
103,8,3,3
63,202,3,3
63,185,3,3
103,93,3,3
63,185,3,3
9,233,3,3
103,233,3,3
9,97,3,3
9,190,3,3
166,234,3,3
69,34,3,3
69,34,3,3
235,191,3,3
69,185,3,3
41,166,3,3
41,32,3,3
3,32,3,3
3,132,3,3
1,30,3,3
41,32,3,3
41,173,3,3
103,166,3,3
63,127,3,3
63,199,3,3
103,166,3,3
63,92,3,3
97,228,3,3
97,228,3,3
103,58,3,3
191,136,3,3
32,58,3,3
131,30,3,3
191,236,3,3
32,237,3,3
9,235,3,3
101,34,3,3
237,32,3,3
97,191,3,3
48,81,3,3
48,81,3,3
175,214,3,3
176,233,3,3
9,101,3,3
48,52,3,3
48,52,3,3
48,175,3,3
52,48,3,3
48,52,3,3
9,177,3,3
97,191,3,3
9,175,3,3
52,48,3,3
175,48,3,3
96,48,3,3
41,32,3,3
9,175,3,3
41,174,3,3
9,175,3,3
48,175,3,3
12,175,3,3
48,52,3,3
175,48,3,3
48,175,3,3
12,175,3,3
12,168,3,3
12,175,3,3
52,48,3,3
175,48,3,3
48,52,3,3
12,81,3,3
12,175,3,3
48,175,3,3
175,48,3,3
12,175,3,3
48,175,3,3
12,175,3,3
52,48,3,3
48,52,3,3
12,175,3,3
175,48,3,3
52,48,3,3
12,175,3,3
48,52,3,3
12,175,3,3
48,175,3,3
12,175,3,3
175,48,3,3
52,48,3,3
12,175,3,3
12,175,3,3
12,175,3,3
220,214,3,3
12,175,3,3
88,220,3,3
48,175,3,3
48,52,3,3
12,175,3,3
175,48,3,3
52,48,3,3
9,175,3,3
48,175,3,3
12,175,3,3
12,175,3,3
175,48,3,3
12,175,3,3
9,175,3,3
48,175,3,3
12,175,3,3
48,52,3,3
9,175,3,3
175,48,3,3
9,209,3,3
12,175,3,3
48,175,3,3
103,66,3,3
103,52,3,3
12,175,3,3
103,66,3,3
175,48,3,3
52,48,3,3
103,66,3,3
12,175,3,3
12,175,3,3
48,52,3,3
48,175,3,3
175,48,3,3
48,175,3,3
48,175,3,3
9,175,3,3
9,209,3,3
175,48,3,3
175,48,3,3
220,48,3,3
9,175,3,3
48,175,3,3
144,185,3,3
175,48,3,3
220,48,3,3
48,175,3,3
144,222,3,3
220,48,3,3
175,48,3,3
220,48,3,3
220,48,3,3
48,175,3,3
220,48,3,3
175,48,3,3
48,175,3,3
220,48,3,3
175,48,3,3
144,195,3,3
48,175,3,3
191,237,3,3
220,48,3,3
175,48,3,3
220,48,3,3
48,175,3,3
220,95,3,3
95,168,3,3
220,48,3,3
176,198,3,3
220,95,3,3
191,175,3,3
220,95,3,3
176,201,3,3
175,48,3,3
175,191,3,3
191,175,3,3
48,175,3,3
175,191,3,3
175,48,3,3
191,175,3,3
144,88,3,3
175,191,3,3
220,48,3,3
191,175,3,3
175,191,3,3
144,238,3,3
191,175,3,3
175,191,3,3
220,95,3,3
239,175,3,3
144,240,3,3
239,175,3,3
239,236,3,3
220,95,3,3
220,48,3,3
220,95,3,3
12,90,3,3
220,95,3,3
144,23,3,3
220,95,3,3
3,132,3,3
220,95,3,3
220,95,3,3
220,95,3,3
103,52,3,3
144,32,3,3
220,48,3,3
144,48,3,3
36,222,3,3
220,95,3,3
88,144,3,3
220,95,3,3
220,95,3,3
220,95,3,3
144,48,3,3
220,48,3,3
144,48,3,3
220,95,3,3
220,95,3,3
220,48,3,3
9,144,3,3
144,241,3,3
103,144,3,3
9,216,3,3
194,242,3,3
194,199,3,3
194,209,3,3
194,182,3,3
32,144,3,3
32,243,3,3
204,241,3,3
63,127,3,3
227,144,3,3
194,209,3,3
168,95,3,3
63,127,3,3
44,214,3,3
41,32,3,3
9,244,3,3
245,191,3,3
228,97,3,3
211,228,3,3
211,246,3,3
19,52,3,3
233,88,3,3
34,242,3,3
19,233,3,3
127,63,3,3
143,32,3,3
143,95,3,3
9,235,3,3
9,177,3,3
63,127,3,3
32,88,3,3
211,233,3,3
88,32,3,3
32,88,3,3
247,248,3,3
248,247,3,3
176,248,3,3
176,248,3,3
211,232,3,3
88,32,3,3
176,248,3,3
176,63,3,3
32,88,3,3
249,63,3,3
41,250,3,3
41,248,3,3
95,168,3,3
41,251,3,3
34,242,3,3
176,72,3,3
44,88,3,3
103,177,3,3
103,86,3,3
12,168,3,3
51,86,3,3
212,252,3,3
176,63,3,3
41,97,3,3
168,95,3,3
249,63,3,3
212,34,3,3
212,252,3,3
176,63,3,3
212,252,3,3
176,63,3,3
212,34,3,3
249,63,3,3
212,34,3,3
103,63,3,3
144,247,3,3
204,51,3,3
103,63,3,3
101,208,3,3
212,34,3,3
212,252,3,3
53,253,3,3
9,251,3,3
164,8,3,3
8,164,3,3
212,34,3,3
44,88,3,3
44,48,3,3
44,88,3,3
44,48,3,3
254,8,3,3
8,254,3,3
44,88,3,3
254,8,3,3
95,168,3,3
254,8,3,3
8,254,3,3
254,8,3,3
8,254,3,3
254,8,3,3
1,255,3,3
103,256,3,3
143,32,3,3
204,257,3,3
52,48,3,3
258,76,3,3
168,95,3,3
259,260,3,3
261,256,3,3
19,52,3,3
204,81,3,3
19,52,3,3
259,256,3,3
51,260,3,3
260,51,3,3
204,262,3,3
19,52,3,3
103,260,3,3
263,254,3,3
263,254,3,3
204,51,3,3
260,51,3,3
204,51,3,3
41,256,3,3
204,51,3,3
204,51,3,3
36,254,3,3
204,51,3,3
36,222,3,3
204,51,3,3
204,51,3,3
204,51,3,3
204,51,3,3
62,215,3,3
204,51,3,3
264,158,3,3
6,122,3,3
204,51,3,3
36,254,3,3
36,6,3,3
41,265,3,3
204,51,3,3
204,51,3,3
36,6,3,3
36,254,3,3
260,51,3,3
204,51,3,3
36,222,3,3
96,6,3,3
204,51,3,3
96,6,3,3
256,259,3,3
204,48,3,3
36,254,3,3
36,6,3,3
204,51,3,3
96,6,3,3
36,6,3,3
96,6,3,3
204,51,3,3
96,6,3,3
204,51,3,3
36,6,3,3
36,254,3,3
36,254,3,3
204,48,3,3
96,6,3,3
211,251,3,3
204,266,3,3
204,51,3,3
267,260,3,3
267,256,3,3
260,51,3,3
260,267,3,3
12,260,3,3
263,191,3,3
12,101,3,3
204,48,3,3
204,51,3,3
204,266,3,3
12,175,3,3
204,48,3,3
204,51,3,3
51,267,3,3
260,51,3,3
204,48,3,3
260,51,3,3
268,149,3,3
267,51,3,3
189,8,3,3
63,127,3,3
51,267,3,3
204,48,3,3
204,221,3,3
127,63,3,3
204,48,3,3
212,6,3,3
204,48,3,3
204,48,3,3
267,51,3,3
140,6,3,3
12,175,3,3
103,267,3,3
204,48,3,3
69,254,3,3
212,34,3,3
212,48,3,3
103,267,3,3
176,269,3,3
204,48,3,3
103,166,3,3
19,265,3,3
95,168,3,3
212,254,3,3
212,48,3,3
176,270,3,3
176,267,3,3
212,48,3,3
69,271,3,3
212,48,3,3
69,271,3,3
69,271,3,3
69,271,3,3
272,273,3,3
69,271,3,3
48,256,3,3
69,271,3,3
274,48,3,3
69,271,3,3
274,48,3,3
144,260,3,3
103,265,3,3
212,48,3,3
263,222,3,3
198,256,3,3
103,270,3,3
176,256,3,3
212,48,3,3
263,239,3,3
212,48,3,3
135,105,3,3
263,239,3,3
103,228,3,3
212,48,3,3
103,228,3,3
204,48,3,3
101,271,3,3
101,34,3,3
275,20,3,3
103,228,3,3
276,8,3,3
20,275,3,3
20,275,3,3
101,34,3,3
263,277,3,3
263,277,3,3
140,6,3,3
9,135,3,3
140,278,3,3
9,135,3,3
34,101,3,3
127,260,3,3
9,135,3,3
101,68,3,3
260,127,3,3
103,52,3,3
199,279,3,3
199,260,3,3
260,199,3,3
260,127,3,3
41,101,3,3
63,127,3,3
19,52,3,3
41,280,3,3
271,101,3,3
68,101,3,3
176,101,3,3
260,127,3,3
281,254,3,3
41,280,3,3
41,280,3,3
277,68,3,3
282,34,3,3
176,283,3,3
176,283,3,3
41,280,3,3
176,283,3,3
176,283,3,3
41,280,3,3
176,248,3,3
176,284,3,3
176,166,3,3
220,271,3,3
41,270,3,3
12,101,3,3
220,67,3,3
9,135,3,3
12,101,3,3
67,256,3,3
12,101,3,3
36,285,3,3
12,101,3,3
220,67,3,3
286,221,3,3
36,285,3,3
36,285,3,3
101,32,3,3
189,132,3,3
220,221,3,3
220,221,3,3
221,3,3,3
181,180,3,3
181,177,3,3
181,177,3,3
181,260,3,3
260,287,3,3
236,239,3,3
260,181,3,3
51,288,3,3
215,51,3,3
1,255,3,3
79,166,3,3
79,256,3,3
79,260,3,3
204,68,3,3
289,135,3,3
204,79,3,3
204,276,3,3
204,221,3,3
204,271,3,3
3,221,3,3
58,199,3,3
44,290,3,3
27,221,3,3
291,292,3,3
69,293,3,3
69,104,3,3
9,260,3,3
114,124,3,3
199,58,3,3
63,290,3,3
32,291,3,3
36,236,3,3
36,291,3,3
51,294,3,3
36,236,3,3
105,135,3,3
211,228,3,3
291,32,3,3
211,260,3,3
204,68,3,3
204,276,3,3
204,79,3,3
295,296,3,3
204,48,3,3
211,288,3,3
211,284,3,3
204,288,3,3
204,284,3,3
294,51,3,3
263,277,3,3
6,221,3,3
44,129,3,3
297,191,3,3
70,124,3,3
32,291,3,3
51,294,3,3
53,291,3,3
204,298,3,3
294,51,3,3
9,32,3,3
9,177,3,3
220,221,3,3
289,220,3,3
211,265,3,3
221,3,3,3
221,6,3,3
221,211,3,3
27,221,3,3
277,34,3,3
263,277,3,3
277,299,3,3
277,299,3,3
300,52,3,3
212,67,3,3
277,50,3,3
204,221,3,3
204,181,3,3
211,221,3,3
140,124,3,3
6,221,3,3
184,32,3,3
193,233,3,3
32,184,3,3
32,184,3,3
32,184,3,3
301,63,3,3
32,184,3,3
193,149,3,3
289,8,3,3
9,299,3,3
140,124,3,3
6,88,3,3
302,138,3,3
204,68,3,3
288,51,3,3
288,211,3,3
228,211,3,3
260,51,3,3
260,199,3,3
260,79,3,3
260,211,3,3
260,181,3,3
63,301,3,3
303,294,3,3
204,68,3,3
155,3,3,3
205,304,3,3
155,8,3,3
277,252,3,3
204,68,3,3
212,211,3,3
204,68,3,3
204,68,3,3
204,68,3,3
288,50,3,3
204,68,3,3
101,32,3,3
204,68,3,3
143,67,3,3
212,228,3,3
212,228,3,3
228,121,3,3
67,164,3,3
67,132,3,3
228,61,3,3
228,304,3,3
305,306,3,3
239,236,3,3
114,124,3,3
51,294,3,3
67,172,3,3
51,288,3,3
277,172,3,3
288,51,3,3
209,299,3,3
67,175,3,3
3,221,3,3
3,155,3,3
307,6,3,3
307,6,3,3
307,51,3,3
6,299,3,3
307,6,3,3
307,6,3,3
277,51,3,3
307,6,3,3
277,79,3,3
277,51,3,3
281,308,3,3
307,6,3,3
277,51,3,3
193,302,3,3
307,6,3,3
302,193,3,3
307,67,3,3
281,302,3,3
193,302,3,3
307,6,3,3
60,308,3,3
60,308,3,3
60,308,3,3
60,308,3,3
60,308,3,3
309,175,3,3
310,72,3,3
143,67,3,3
308,60,3,3
212,209,3,3
302,193,3,3
307,67,3,3
189,302,3,3
193,302,3,3
212,34,3,3
277,184,3,3
281,302,3,3
302,193,3,3
189,302,3,3
193,302,3,3
212,34,3,3
277,184,3,3
277,184,3,3
302,193,3,3
277,184,3,3
9,177,3,3
277,184,3,3
9,299,3,3
277,184,3,3
121,228,3,3
193,302,3,3
308,60,3,3
36,211,3,3
302,193,3,3
303,212,3,3
36,155,3,3
193,302,3,3
193,311,3,3
36,34,3,3
194,296,3,3
211,128,3,3
36,211,3,3
296,63,3,3
302,193,3,3
194,312,3,3
281,302,3,3
193,302,3,3
9,8,3,3
128,51,3,3
194,132,3,3
294,51,3,3
302,193,3,3
128,51,3,3
294,51,3,3
299,209,3,3
9,8,3,3
299,6,3,3
248,283,3,3
128,236,3,3
263,308,3,3
281,302,3,3
9,299,3,3
36,299,3,3
19,302,3,3
128,51,3,3
9,8,3,3
128,51,3,3
294,51,3,3
67,32,3,3
103,299,3,3
36,299,3,3
9,299,3,3
313,228,3,3
263,308,3,3
9,8,3,3
314,308,3,3
277,191,3,3
212,51,3,3
306,305,3,3
9,299,3,3
277,191,3,3
9,8,3,3
9,299,3,3
212,51,3,3
263,311,3,3
103,299,3,3
277,191,3,3
103,299,3,3
277,191,3,3
9,299,3,3
193,280,3,3
212,51,3,3
314,254,3,3
281,302,3,3
303,212,3,3
303,298,3,3
263,315,3,3
212,51,3,3
263,316,3,3
260,51,3,3
51,59,3,3
263,315,3,3
260,79,3,3
103,299,3,3
128,211,3,3
314,308,3,3
314,51,3,3
314,34,3,3
103,299,3,3
286,221,3,3
308,315,3,3
9,315,3,3
9,316,3,3
317,315,3,3
318,124,3,3
63,296,3,3
128,51,3,3
9,316,3,3
286,34,3,3
9,299,3,3
314,51,3,3
212,51,3,3
317,315,3,3
63,301,3,3
128,236,3,3
260,51,3,3
9,316,3,3
314,48,3,3
314,34,3,3
318,34,3,3
286,34,3,3
294,51,3,3
204,51,3,3
140,124,3,3
204,68,3,3
204,298,3,3
318,34,3,3
314,48,3,3
314,34,3,3
50,288,3,3
314,34,3,3
286,34,3,3
176,311,3,3
9,8,3,3
176,306,3,3
176,299,3,3
176,319,3,3
176,300,3,3
144,193,3,3
282,67,3,3
176,315,3,3
176,316,3,3
9,8,3,3
288,50,3,3
228,121,3,3
318,34,3,3
318,124,3,3
282,34,3,3
212,6,3,3
297,34,3,3
124,318,3,3
289,212,3,3
297,88,3,3
140,124,3,3
254,308,3,3
9,8,3,3
83,313,3,3
103,318,3,3
140,124,3,3
9,8,3,3
34,318,3,3
297,34,3,3
144,288,3,3
214,154,3,3
212,6,3,3
212,6,3,3
36,299,3,3
144,88,3,3
308,254,3,3
101,184,3,3
9,8,3,3
212,6,3,3
254,308,3,3
211,288,3,3
94,320,3,3
282,214,3,3
211,260,3,3
318,124,3,3
36,211,3,3
212,211,3,3
288,211,3,3
318,34,3,3
211,228,3,3
211,288,3,3
194,88,3,3
212,211,3,3
144,290,3,3
27,194,3,3
194,88,3,3
212,34,3,3
9,32,3,3
9,8,3,3
176,233,3,3
124,318,3,3
176,32,3,3
44,99,3,3
144,48,3,3
144,51,3,3
318,34,3,3
9,8,3,3
318,34,3,3
318,124,3,3
176,32,3,3
212,34,3,3
228,315,3,3
44,99,3,3
32,184,3,3
9,316,3,3
321,144,3,3
144,99,3,3
44,99,3,3
67,32,3,3
9,8,3,3
184,101,3,3
41,184,3,3
67,32,3,3
67,32,3,3
193,315,3,3
144,193,3,3
9,8,3,3
9,299,3,3
9,260,3,3
9,132,3,3
144,99,3,3
144,322,3,3
44,99,3,3
144,193,3,3
281,323,3,3
99,144,3,3
144,193,3,3
144,99,3,3
95,52,3,3
52,95,3,3
103,324,3,3
95,52,3,3
103,324,3,3
63,155,3,3
176,324,3,3
297,325,3,3
297,325,3,3
144,99,3,3
44,299,3,3
209,299,3,3
297,325,3,3
297,34,3,3
60,308,3,3
103,324,3,3
144,99,3,3
51,324,3,3
155,63,3,3
297,325,3,3
324,51,3,3
78,326,3,3
51,324,3,3
324,51,3,3
63,155,3,3
51,324,3,3
324,51,3,3
297,325,3,3
281,144,3,3
51,324,3,3
144,193,3,3
67,63,3,3
212,209,3,3
324,51,3,3
144,99,3,3
193,144,3,3
51,324,3,3
297,325,3,3
144,193,3,3
34,324,3,3
323,34,3,3
144,99,3,3
63,67,3,3
144,193,3,3
297,325,3,3
307,325,3,3
144,99,3,3
212,51,3,3
297,325,3,3
324,51,3,3
27,194,3,3
297,325,3,3
324,34,3,3
144,48,3,3
144,48,3,3
34,324,3,3
319,34,3,3
48,144,3,3
319,325,3,3
34,88,3,3
212,51,3,3
144,99,3,3
297,325,3,3
52,95,3,3
319,325,3,3
144,48,3,3
319,34,3,3
204,327,3,3
297,325,3,3
204,68,3,3
204,51,3,3
51,324,3,3
325,319,3,3
324,51,3,3
297,325,3,3
52,328,3,3
281,144,3,3
103,324,3,3
51,324,3,3
324,329,3,3
297,325,3,3
212,51,3,3
329,324,3,3
62,78,3,3
297,325,3,3
72,291,3,3
324,51,3,3
212,51,3,3
324,329,3,3
9,294,3,3
329,324,3,3
103,324,3,3
9,97,3,3
204,68,3,3
9,318,3,3
128,329,3,3
9,78,3,3
38,52,3,3
9,52,3,3
308,60,3,3
9,330,3,3
51,52,3,3
9,86,3,3
51,331,3,3
38,288,3,3
38,288,3,3
332,333,3,3
324,329,3,3
51,324,3,3
9,61,3,3
9,262,3,3
38,288,3,3
12,168,3,3
324,51,3,3
9,288,3,3
51,324,3,3
9,288,3,3
12,288,3,3
62,260,3,3
128,324,3,3
12,288,3,3
281,323,3,3
324,51,3,3
9,288,3,3
313,78,3,3
281,323,3,3
38,288,3,3
12,288,3,3
9,288,3,3
9,316,3,3
51,324,3,3
324,51,3,3
303,316,3,3
12,288,3,3
38,288,3,3
9,316,3,3
51,324,3,3
103,324,3,3
38,288,3,3
12,288,3,3
67,90,3,3
324,51,3,3
303,316,3,3
9,288,3,3
38,288,3,3
316,303,3,3
12,288,3,3
334,128,3,3
303,316,3,3
281,323,3,3
38,288,3,3
335,34,3,3
103,324,3,3
51,324,3,3
9,316,3,3
38,288,3,3
12,288,3,3
38,288,3,3
323,281,3,3
12,288,3,3
9,288,3,3
38,288,3,3
12,288,3,3
103,324,3,3
38,288,3,3
324,51,3,3
323,281,3,3
38,288,3,3
323,281,3,3
51,324,3,3
12,288,3,3
9,97,3,3
9,288,3,3
324,51,3,3
323,281,3,3
12,288,3,3
12,288,3,3
9,282,3,3
12,288,3,3
324,329,3,3
281,323,3,3
333,319,3,3
9,288,3,3
323,281,3,3
332,281,3,3
9,316,3,3
329,324,3,3
9,288,3,3
323,281,3,3
9,288,3,3
323,281,3,3
332,281,3,3
281,323,3,3
336,315,3,3
9,288,3,3
323,281,3,3
323,281,3,3
128,324,3,3
9,288,3,3
332,281,3,3
9,288,3,3
9,288,3,3
9,288,3,3
281,323,3,3
9,288,3,3
335,34,3,3
336,333,3,3
335,34,3,3
323,281,3,3
128,324,3,3
308,333,3,3
332,281,3,3
333,308,3,3
9,288,3,3
332,281,3,3
332,281,3,3
332,281,3,3
323,281,3,3
335,34,3,3
323,281,3,3
281,323,3,3
9,288,3,3
36,189,3,3
333,329,3,3
323,281,3,3
323,281,3,3
323,333,3,3
335,34,3,3
34,101,3,3
41,97,3,3
36,75,3,3
103,324,3,3
329,333,3,3
332,281,3,3
128,221,3,3
103,316,3,3
323,281,3,3
36,211,3,3
41,308,3,3
260,211,3,3
128,324,3,3
335,34,3,3
337,281,3,3
103,324,3,3
34,313,3,3
41,308,3,3
337,260,3,3
337,281,3,3
281,254,3,3
34,313,3,3
337,281,3,3
335,34,3,3
41,308,3,3
254,281,3,3
62,260,3,3
335,34,3,3
220,221,3,3
308,311,3,3
176,311,3,3
103,324,3,3
335,34,3,3
128,329,3,3
324,51,3,3
41,308,3,3
41,308,3,3
41,308,3,3
103,324,3,3
9,308,3,3
338,260,3,3
260,338,3,3
103,324,3,3
260,338,3,3
254,311,3,3
335,34,3,3
311,308,3,3
263,311,3,3
311,254,3,3
254,311,3,3
263,311,3,3
9,308,3,3
308,311,3,3
335,34,3,3
191,315,3,3
103,311,3,3
335,191,3,3
335,34,3,3
311,50,3,3
311,254,3,3
311,308,3,3
34,311,3,3
308,311,3,3
254,311,3,3
9,308,3,3
335,191,3,3
9,311,3,3
103,311,3,3
103,324,3,3
9,308,3,3
9,308,3,3
9,311,3,3
103,311,3,3
9,311,3,3
254,8,3,3
9,308,3,3
204,339,3,3
103,311,3,3
324,329,3,3
329,324,3,3
9,282,3,3
324,329,3,3
313,34,3,3
313,34,3,3
329,324,3,3
324,329,3,3
34,313,3,3
34,313,3,3
329,324,3,3
53,34,3,3
50,311,3,3
53,340,3,3
53,308,3,3
53,305,3,3
53,341,3,3
313,34,3,3
48,311,3,3
338,319,3,3
34,313,3,3
319,34,4,4
319,333,4,4
319,338,4,4
342,260,4,4
67,32,4,4
51,324,4,4
319,333,4,4
319,325,4,4
317,311,4,4
97,338,4,4
97,191,4,4
34,343,4,4
34,299,4,4
299,34,4,4
34,299,4,4
120,222,4,4
344,209,4,4
32,8,4,4
41,120,4,4
47,78,4,4
345,56,4,4
345,318,4,4
299,34,4,4
34,299,4,4
313,34,4,4
220,32,4,4
63,32,4,4
294,51,4,4
44,299,4,4
44,34,4,4
332,308,4,4
88,144,4,4
277,6,4,4
44,34,4,4
53,308,4,4
53,346,4,4
319,333,4,4
297,88,4,4
314,333,4,4
235,347,4,4
314,228,4,4
338,348,4,4
314,95,4,4
319,338,4,4
319,338,4,4
314,48,4,4
349,8,4,4
319,338,4,4
349,319,4,4
317,308,4,4
317,308,4,4
9,233,4,4
317,308,4,4
44,308,4,4
317,308,4,4
317,308,4,4
317,308,4,4
317,308,4,4
317,308,4,4
317,308,4,4
263,308,4,4
317,308,4,4
317,308,4,4
97,338,4,4
317,308,4,4
317,308,4,4
317,308,4,4
317,308,4,4
317,308,4,4
317,308,4,4
317,308,4,4
263,308,4,4
317,308,4,4
317,308,4,4
308,263,4,4
263,308,4,4
103,97,4,4
317,263,4,4
308,281,4,4
333,319,4,4
317,263,4,4
317,263,4,4
317,263,4,4
281,308,4,4
317,263,4,4
191,347,4,4
317,254,4,4
317,254,4,4
317,254,4,4
317,254,4,4
317,254,4,4
317,263,4,4
317,254,4,4
317,263,4,4
317,254,4,4
317,254,4,4
317,254,4,4
34,313,4,4
44,34,4,4
317,254,4,4
317,254,4,4
337,254,4,4
337,254,4,4
337,254,4,4
337,281,4,4
332,281,4,4
317,191,4,4
317,254,4,4
332,281,4,4
254,302,4,4
302,281,4,4
317,191,4,4
302,254,4,4
317,191,4,4
254,302,4,4
337,281,4,4
337,281,4,4
51,324,4,4
302,254,4,4
317,263,4,4
317,254,4,4
263,281,4,4
281,263,4,4
254,302,4,4
272,263,4,4
263,254,4,4
302,254,4,4
281,263,4,4
263,281,4,4
254,302,4,4
302,254,4,4
254,302,4,4
281,263,4,4
303,298,4,4
263,281,4,4
302,254,4,4
324,51,4,4
254,302,4,4
281,263,4,4
263,281,4,4
281,263,4,4
332,281,4,4
281,263,4,4
332,281,4,4
263,281,4,4
337,281,4,4
281,263,4,4
281,263,4,4
337,281,4,4
263,281,4,4
296,63,4,4
263,281,4,4
281,263,4,4
281,263,4,4
281,263,4,4
337,281,4,4
337,281,4,4
281,308,4,4
281,254,4,4
263,281,4,4
337,281,4,4
337,281,4,4
263,281,4,4
281,263,4,4
263,281,4,4
317,281,4,4
53,341,4,4
27,184,4,4
281,302,4,4
204,184,4,4
160,72,4,4
160,72,4,4
27,184,4,4
308,281,4,4
212,263,4,4
27,184,4,4
281,308,4,4
51,324,4,4
324,51,4,4
350,6,4,4
351,299,4,4
350,299,4,4
239,349,4,4
304,228,4,4
263,352,4,4
350,299,4,4
319,349,4,4
101,208,4,4
353,254,4,4
103,134,4,4
353,254,4,4
317,319,4,4
176,101,4,4
317,308,4,4
281,352,4,4
62,354,4,4
316,355,4,4
316,263,4,4
316,281,4,4
103,353,4,4
281,316,4,4
272,316,4,4
99,349,4,4
204,184,4,4
172,128,4,4
321,233,4,4
6,252,4,4
8,349,4,4
332,281,4,4
277,263,4,4
3,51,4,4
356,63,4,4
308,281,4,4
237,191,4,4
357,358,4,4
32,263,4,4
3,51,4,4
289,359,4,4
176,101,4,4
308,281,4,4
281,308,4,4
308,281,4,4
204,184,4,4
204,271,4,4
332,308,4,4
332,308,4,4
69,349,4,4
191,237,4,4
69,155,4,4
332,308,4,4
263,32,4,4
291,32,4,4
291,72,4,4
317,308,4,4
289,86,4,4
3,51,4,4
72,291,4,4
323,340,4,4
323,281,4,4
332,263,4,4
263,316,4,4
61,105,4,4
61,105,4,4
323,34,4,4
316,263,4,4
323,281,4,4
316,263,4,4
3,308,4,4
323,281,4,4
176,61,4,4
328,52,4,4
323,281,4,4
281,323,4,4
323,281,4,4
281,323,4,4
32,291,4,4
12,360,4,4
235,191,4,4
235,263,4,4
357,358,4,4
357,128,4,4
357,175,4,4
60,194,4,4
60,194,4,4
103,314,4,4
103,360,4,4
103,158,4,4
12,360,4,4
48,314,4,4
12,316,4,4
332,316,4,4
103,360,4,4
308,337,4,4
221,211,4,4
221,128,4,4
44,308,4,4
44,308,4,4
44,308,4,4
323,281,4,4
323,340,4,4
131,297,4,4
211,221,4,4
323,102,4,4
323,191,4,4
302,281,4,4
323,102,4,4
41,308,4,4
34,313,4,4
277,263,4,4
323,191,4,4
313,34,4,4
41,308,4,4
34,313,4,4
323,191,4,4
323,88,4,4
349,8,4,4
307,48,4,4
63,74,4,4
41,32,4,4
131,297,4,4
317,263,4,4
209,242,4,4
355,316,4,4
316,355,4,4
266,50,4,4
316,263,4,4
53,305,4,4
316,308,4,4
263,316,4,4
307,48,4,4
316,263,4,4
272,316,4,4
88,323,4,4
349,297,4,4
272,263,4,4
307,48,4,4
323,88,4,4
272,316,4,4
297,349,4,4
272,316,4,4
297,349,4,4
263,316,4,4
263,316,4,4
272,260,4,4
297,248,4,4
316,263,4,4
281,323,4,4
316,263,4,4
297,349,4,4
323,281,4,4
323,281,4,4
281,302,4,4
323,281,4,4
294,339,4,4
281,323,4,4
263,316,4,4
297,349,4,4
316,263,4,4
323,281,4,4
323,281,4,4
297,349,4,4
281,323,4,4
323,88,4,4
263,316,4,4
323,281,4,4
316,263,4,4
281,323,4,4
297,349,4,4
124,323,4,4
349,97,4,4
162,161,4,4
323,281,4,4
281,323,4,4
323,281,4,4
323,281,4,4
297,349,4,4
99,349,4,4
281,323,4,4
277,308,4,4
277,361,4,4
323,281,4,4
124,323,4,4
281,323,4,4
88,323,4,4
281,323,4,4
323,281,4,4
277,362,4,4
97,316,4,4
97,349,4,4
323,88,4,4
323,281,4,4
344,128,4,4
363,364,4,4
212,51,4,4
212,211,4,4
355,316,4,4
323,281,4,4
212,263,4,4
302,281,4,4
242,209,4,4
19,302,4,4
323,281,4,4
97,349,4,4
281,323,4,4
323,281,4,4
323,281,4,4
316,355,4,4
308,316,4,4
316,308,4,4
281,302,4,4
308,316,4,4
88,323,4,4
316,308,4,4
323,88,4,4
307,281,4,4
307,281,4,4
228,314,4,4
281,323,4,4
332,281,4,4
281,323,4,4
332,281,4,4
332,281,4,4
307,254,4,4
334,364,4,4
212,88,4,4
332,281,4,4
323,102,4,4
323,281,4,4
323,88,4,4
323,281,4,4
307,254,4,4
75,313,4,4
307,281,4,4
209,365,4,4
307,254,4,4
307,281,4,4
323,75,4,4
307,254,4,4
308,254,4,4
323,88,4,4
19,331,4,4
254,308,4,4
323,75,4,4
19,365,4,4
212,75,4,4
323,75,4,4
313,75,4,4
365,209,4,4
323,124,4,4
19,365,4,4
323,75,4,4
75,313,4,4
212,88,4,4
345,318,4,4
323,124,4,4
19,365,4,4
19,365,4,4
19,365,4,4
212,75,4,4
308,60,4,4
313,75,4,4
308,254,4,4
19,365,4,4
286,221,4,4
9,308,4,4
88,212,4,4
19,365,4,4
74,63,4,4
75,313,4,4
88,358,4,4
9,308,4,4
313,75,4,4
72,337,4,4
358,88,4,4
323,75,4,4
9,177,4,4
9,311,4,4
75,313,4,4
36,75,4,4
88,358,4,4
9,366,4,4
323,281,4,4
9,358,4,4
19,365,4,4
323,75,4,4
36,75,4,4
212,88,4,4
60,308,4,4
358,88,4,4
212,224,4,4
36,75,4,4
97,349,4,4
286,367,4,4
19,365,4,4
9,282,4,4
9,358,4,4
19,365,4,4
286,202,4,4
286,202,4,4
286,202,4,4
9,358,4,4
19,365,4,4
368,367,4,4
212,75,4,4
355,316,4,4
36,361,4,4
128,236,4,4
334,128,4,4
367,368,4,4
254,337,4,4
254,281,4,4
254,281,4,4
281,254,4,4
20,21,4,4
254,281,4,4
20,275,4,4
368,367,4,4
75,313,4,4
9,212,4,4
32,63,4,4
212,75,4,4
63,74,4,4
63,32,4,4
368,288,4,4
327,144,4,4
74,63,4,4
288,368,4,4
32,63,4,4
144,281,4,4
32,263,4,4
313,75,4,4
144,88,4,4
63,74,4,4
63,32,4,4
368,288,4,4
97,349,4,4
97,327,4,4
316,355,4,4
144,142,4,4
288,368,4,4
74,63,4,4
368,288,4,4
355,316,4,4
314,228,4,4
144,369,4,4
288,368,4,4
323,281,4,4
314,48,4,4
212,74,4,4
144,370,4,4
314,48,4,4
63,74,4,4
371,306,4,4
314,95,4,4
368,288,4,4
311,48,4,4
144,359,4,4
288,368,4,4
323,372,4,4
368,288,4,4
63,74,4,4
316,355,4,4
212,75,4,4
289,212,4,4
144,283,4,4
355,316,4,4
316,355,4,4
316,263,4,4
263,316,4,4
277,191,4,4
316,263,4,4
144,48,4,4
355,316,4,4
263,316,4,4
316,355,4,4
332,281,4,4
235,191,4,4
373,308,4,4
248,283,4,4
308,373,4,4
308,373,4,4
338,144,4,4
212,263,4,4
308,281,4,4
248,374,4,4
103,316,4,4
355,316,4,4
316,355,4,4
355,316,4,4
220,221,4,4
316,355,4,4
355,316,4,4
316,355,4,4
103,375,4,4
372,242,4,4
128,324,4,4
103,365,4,4
44,174,4,4
44,373,4,4
103,316,4,4
368,340,4,4
95,365,4,4
44,372,4,4
372,368,4,4
9,177,4,4
281,308,4,4
9,371,4,4
44,365,4,4
365,95,4,4
281,323,4,4
308,281,4,4
9,368,4,4
44,372,4,4
372,371,4,4
281,308,4,4
340,368,4,4
48,314,4,4
368,340,4,4
372,375,4,4
95,365,4,4
48,311,4,4
332,281,4,4
236,128,4,4
365,95,4,4
372,375,4,4
95,365,4,4
372,376,4,4
376,372,4,4
376,377,4,4
365,95,4,4
335,72,4,4
372,376,4,4
102,97,4,4
335,155,4,4
337,72,4,4
103,375,4,4
335,88,4,4
103,378,4,4
103,365,4,4
103,375,4,4
176,374,4,4
9,368,4,4
337,72,4,4
53,305,4,4
248,375,4,4
375,248,4,4
335,155,4,4
248,375,4,4
72,337,4,4
335,368,4,4
379,349,4,4
335,72,4,4
332,352,4,4
335,72,4,4
335,98,4,4
335,98,4,4
335,368,4,4
335,98,4,4
41,380,4,4
41,371,4,4
98,97,4,4
335,50,4,4
41,381,4,4
335,365,4,4
41,382,4,4
41,343,4,4
335,368,4,4
41,383,4,4
335,368,4,4
335,368,4,4
103,365,4,4
335,368,4,4
128,236,4,4
335,368,4,4
368,194,4,4
194,368,4,4
335,72,4,4
368,194,4,4
335,368,4,4
335,368,4,4
368,236,4,4
368,322,4,4
335,368,4,4
335,368,4,4
171,56,4,4
368,309,4,4
62,102,4,4
62,347,4,4
176,378,4,4
176,378,4,4
32,63,4,4
32,378,4,4
189,358,4,4
317,311,4,4
300,384,4,4
41,300,4,4
41,325,4,4
97,338,4,4
309,368,4,4
372,97,4,4
372,375,4,4
1,146,4,4
1,101,4,4
1,211,4,4
1,30,4,4
70,385,4,4
277,362,4,4
154,56,4,4
321,154,4,4
27,221,4,4
79,365,4,4
79,386,4,4
228,314,4,4
239,349,4,4
386,50,4,4
386,260,4,4
319,338,4,4
376,50,4,4
50,386,4,4
50,376,4,4
386,50,4,4
376,50,4,4
376,50,4,4
386,387,4,4
386,50,4,4
30,72,4,4
277,362,4,4
277,376,4,4
63,32,4,4
376,191,4,4
212,376,4,4
212,376,4,4
212,376,4,4
371,377,4,4
311,48,4,4
376,377,4,4
212,376,4,4
311,365,4,4
388,306,4,4
378,32,4,4
189,349,4,4
314,48,4,4
50,386,4,4
50,376,4,4
9,177,4,4
359,144,4,4
34,365,4,4
1,30,4,4
385,70,4,4
254,378,4,4
345,361,4,4
345,346,4,4
365,79,4,4
365,311,4,4
204,374,4,4
72,30,4,4
204,374,4,4
204,298,4,4
145,88,4,4
204,298,4,4
204,298,4,4
189,349,4,4
70,385,4,4
204,298,4,4
204,298,4,4
191,376,4,4
389,254,4,4
63,337,4,4
63,193,4,4
337,63,4,4
212,388,4,4
263,378,4,4
212,376,4,4
212,224,4,4
390,316,4,4
27,184,4,4
391,349,4,4
349,391,4,4
212,224,4,4
378,254,4,4
378,263,4,4
392,383,4,4
319,337,4,4
387,386,4,4
393,394,4,4
395,8,4,4
395,8,4,4
393,263,4,4
396,378,4,4
395,8,4,4
176,396,4,4
386,387,4,4
386,343,4,4
176,396,4,4
9,391,4,4
9,52,4,4
308,281,4,4
8,395,4,4
9,386,4,4
9,8,4,4
176,396,4,4
289,392,4,4
41,391,4,4
289,375,4,4
41,325,4,4
289,371,4,4
254,378,4,4
289,391,4,4
308,373,4,4
308,263,4,4
263,308,4,4
378,254,4,4
260,386,4,4
254,378,4,4
393,263,4,4
378,254,4,4
393,263,4,4
254,378,4,4
281,308,4,4
281,308,4,4
393,263,4,4
393,263,4,4
378,254,4,4
372,97,4,4
321,359,4,4
372,376,4,4
283,260,4,4
372,97,4,4
254,378,4,4
393,263,4,4
308,281,4,4
254,396,4,4
378,254,4,4
254,378,4,4
62,371,4,4
378,254,4,4
254,378,4,4
1,397,4,4
396,254,4,4
254,396,4,4
321,396,4,4
396,254,4,4
32,378,4,4
32,63,4,4
327,97,4,4
254,396,4,4
357,396,4,4
378,254,4,4
378,32,4,4
396,254,4,4
332,308,4,4
357,378,4,4
357,396,4,4
254,396,4,4
254,378,4,4
220,373,4,4
357,378,4,4
32,378,4,4
220,308,4,4
220,224,4,4
357,396,4,4
396,254,4,4
220,62,4,4
254,396,4,4
220,254,4,4
378,254,4,4
376,191,4,4
220,62,4,4
378,32,4,4
254,378,4,4
254,378,4,4
378,254,4,4
254,378,4,4
204,294,4,4
32,396,4,4
398,209,4,4
32,378,4,4
321,396,4,4
254,378,4,4
355,316,4,4
399,396,4,4
378,254,4,4
378,32,4,4
145,88,4,4
145,263,4,4
32,378,4,4
399,364,4,4
399,382,4,4
209,396,4,4
399,126,4,4
399,299,4,4
399,375,4,4
32,58,4,4
378,32,4,4
32,378,4,4
399,59,4,4
289,371,4,4
399,386,4,4
399,76,4,4
398,378,4,4
400,32,4,4
74,379,4,4
74,396,4,4
398,378,4,4
74,378,4,4
399,365,4,4
378,74,4,4
398,378,4,4
399,311,4,4
48,311,4,4
399,149,4,4
373,308,4,4
400,32,4,4
316,355,4,4
316,390,4,4
398,378,4,4
228,392,4,4
373,308,4,4
378,396,4,4
396,378,4,4
396,378,4,4
378,396,4,4
378,396,4,4
400,396,4,4
36,296,4,4
12,175,4,4
74,378,4,4
36,128,4,4
36,401,4,4
400,396,4,4
378,74,4,4
74,378,4,4
12,402,4,4
396,74,4,4
396,399,4,4
12,402,4,4
400,396,4,4
12,402,4,4
12,402,4,4
400,396,4,4
12,402,4,4
212,303,4,4
365,399,4,4
400,396,4,4
368,309,4,4
400,396,4,4
95,365,4,4
9,175,4,4
9,52,4,4
9,8,4,4
30,72,4,4
310,97,4,4
9,212,4,4
403,8,4,4
9,88,4,4
9,34,4,4
402,281,4,4
323,281,4,4
176,396,4,4
303,212,4,4
176,396,4,4
303,389,4,4
44,242,4,4
176,263,4,4
44,242,4,4
393,191,4,4
191,396,4,4
8,403,4,4
393,191,4,4
396,191,4,4
176,396,4,4
396,191,4,4
191,396,4,4
393,191,4,4
396,191,4,4
9,8,4,4
400,323,4,4
176,396,4,4
191,396,4,4
396,191,4,4
393,191,4,4
41,263,4,4
393,191,4,4
176,396,4,4
9,8,4,4
384,300,4,4
9,212,4,4
6,404,4,4
212,394,4,4
176,396,4,4
9,8,4,4
176,396,4,4
398,405,4,4
176,396,4,4
9,8,4,4
176,396,4,4
398,405,4,4
176,396,4,4
398,405,4,4
9,34,4,4
191,405,4,4
398,405,4,4
9,8,4,4
9,212,4,4
405,191,4,4
398,405,4,4
398,405,4,4
314,281,4,4
194,406,4,4
103,396,4,4
6,378,4,4
398,405,4,4
103,405,4,4
378,6,4,4
389,254,4,4
389,62,4,4
398,405,4,4
389,303,4,4
191,405,4,4
398,405,4,4
405,191,4,4
398,405,4,4
191,405,4,4
405,191,4,4
378,396,4,4
79,365,4,4
281,314,4,4
281,402,4,4
281,323,4,4
41,407,4,4
9,405,4,4
404,132,4,4
314,228,4,4
314,281,4,4
378,396,4,4
212,303,4,4
281,314,4,4
297,62,4,4
9,405,4,4
378,396,4,4
103,393,4,4
9,405,4,4
9,212,4,4
297,62,4,4
9,405,4,4
74,408,4,4
9,405,4,4
378,396,4,4
9,405,4,4
409,50,4,4
201,410,4,4
410,201,4,4
201,410,4,4
201,52,4,4
214,396,4,4
41,396,4,4
396,214,4,4
214,396,4,4
103,371,4,4
396,214,4,4
378,396,4,4
103,371,4,4
214,396,4,4
378,396,4,4
396,214,4,4
308,281,4,4
409,50,4,4
41,396,4,4
212,376,4,4
281,308,4,4
308,281,4,4
214,396,4,4
41,396,4,4
396,214,4,4
281,308,4,4
214,396,4,4
308,281,4,4
308,32,4,4
344,403,4,4
396,214,4,4
260,283,4,4
214,396,4,4
6,378,4,4
281,308,4,4
344,403,4,4
308,281,4,4
272,273,4,4
63,337,4,4
27,406,4,4
297,272,4,4
344,403,4,4
344,403,4,4
263,405,4,4
344,403,4,4
303,389,4,4
3,308,4,4
38,365,4,4
368,394,4,4
3,88,4,4
321,411,4,4
321,411,4,4
88,3,4,4
234,166,4,4
321,412,4,4
402,281,4,4
307,368,4,4
281,402,4,4
212,303,4,4
405,263,4,4
103,344,4,4
172,344,4,4
9,212,4,4
9,411,4,4
9,411,4,4
372,389,4,4
372,407,4,4
394,368,4,4
409,263,4,4
372,407,4,4
368,394,4,4
6,413,4,4
321,405,4,4
212,413,4,4
131,393,4,4
38,288,4,4
131,191,4,4
321,344,4,4
27,414,4,4
38,405,4,4
389,303,4,4
38,175,4,4
415,329,4,4
27,414,4,4
414,396,4,4
303,212,4,4
413,6,4,4
27,414,4,4
83,368,4,4
212,413,4,4
6,413,4,4
344,172,4,4
27,414,4,4
9,177,4,4
325,344,4,4
321,344,4,4
27,414,4,4
321,389,4,4
69,6,4,4
103,343,4,4
38,405,4,4
69,403,4,4
27,414,4,4
204,374,4,4
38,177,4,4
325,378,4,4
212,413,4,4
321,177,4,4
317,281,4,4
303,212,4,4
321,72,4,4
317,308,4,4
212,413,4,4
321,72,4,4
416,212,4,4
27,414,4,4
27,414,4,4
325,6,4,4
281,352,4,4
212,387,4,4
6,325,4,4
323,281,4,4
212,416,4,4
303,212,4,4
32,308,4,4
325,6,4,4
6,325,4,4
131,393,4,4
67,410,4,4
323,281,4,4
67,410,4,4
303,6,4,4
303,6,4,4
357,343,4,4
67,396,4,4
277,417,4,4
357,405,4,4
277,417,4,4
131,393,4,4
303,212,4,4
212,416,4,4
357,393,4,4
67,378,4,4
413,212,4,4
357,63,4,4
323,281,4,4
131,393,4,4
317,281,4,4
317,281,4,4
357,389,4,4
311,365,4,4
311,399,4,4
212,413,4,4
69,418,4,4
317,281,4,4
323,281,4,4
41,407,4,4
378,325,4,4
413,212,4,4
365,311,4,4
378,67,4,4
378,6,4,4
378,325,4,4
6,378,4,4
27,414,4,4
323,413,4,4
378,6,4,4
303,212,4,4
96,74,4,4
350,6,4,4
41,407,4,4
350,6,4,4
212,376,4,4
6,378,4,4
350,6,4,4
323,337,4,4
52,201,4,4
321,311,4,4
323,356,4,4
321,311,4,4
212,413,4,4
378,6,4,4
376,6,4,4
69,75,4,4
335,72,4,4
19,396,4,4
3,51,4,4
41,407,4,4
3,51,4,4
6,378,4,4
6,376,4,4
131,393,4,4
335,50,4,4
289,419,4,4
335,278,4,4
378,6,4,4
6,378,4,4
303,212,4,4
161,162,4,4
19,8,4,4
378,6,4,4
19,419,4,4
249,8,4,4
102,62,4,4
325,378,4,4
6,378,4,4
325,378,4,4
249,8,4,4
321,52,4,4
378,325,4,4
44,19,4,4
325,378,4,4
249,8,4,4
335,6,4,4
378,6,4,4
398,378,4,4
378,325,4,4
398,378,4,4
96,74,4,4
74,419,4,4
398,378,4,4
212,413,4,4
398,368,4,4
51,419,4,4
44,129,4,4
6,378,4,4
398,378,4,4
96,74,4,4
335,6,4,4
378,6,4,4
228,311,4,4
96,74,4,4
3,51,4,4
19,396,4,4
6,378,4,4
3,132,4,4
398,378,4,4
212,413,4,4
398,405,4,4
62,102,4,4
335,6,4,4
249,8,4,4
212,413,4,4
398,368,4,4
303,212,4,4
335,6,4,4
51,3,4,4
323,356,4,4
36,296,4,4
263,405,4,4
398,368,4,4
335,6,4,4
323,102,4,4
3,51,4,4
335,6,4,4
413,6,4,4
212,51,4,4
398,368,4,4
294,51,4,4
323,367,4,4
335,6,4,4
19,420,4,4
19,420,4,4
6,413,4,4
323,421,4,4
398,368,4,4
294,51,4,4
335,6,4,4
413,6,4,4
212,51,4,4
398,6,4,4
212,413,4,4
368,294,4,4
398,368,4,4
335,263,4,4
294,368,4,4
145,281,4,4
413,212,4,4
368,294,4,4
212,51,4,4
398,368,4,4
398,6,4,4
335,6,4,4
294,51,4,4
132,3,4,4
212,413,4,4
378,6,4,4
422,212,4,4
398,368,4,4
294,368,4,4
3,132,4,4
6,413,4,4
294,288,4,4
413,212,4,4
288,294,4,4
294,368,4,4
102,62,4,4
57,56,4,4
413,6,4,4
294,368,4,4
263,311,4,4
6,378,4,4
372,407,4,4
335,6,4,4
372,389,4,4
335,72,4,4
294,368,4,4
372,212,4,4
6,413,4,4
413,6,4,4
372,389,4,4
289,212,4,4
256,48,4,4
335,373,4,4
372,72,4,4
294,51,4,4
378,6,4,4
41,407,4,4
340,56,4,4
335,373,4,4
335,6,4,4
372,311,4,4
372,233,4,4
294,368,4,4
335,174,4,4
372,368,4,4
405,263,4,4
335,72,4,4
263,405,4,4
423,410,4,4
423,410,4,4
335,373,4,4
372,368,4,4
303,212,4,4
144,283,4,4
372,407,4,4
405,263,4,4
372,368,4,4
335,115,4,4
212,413,4,4
413,212,4,4
212,413,4,4
335,60,4,4
41,407,4,4
6,413,4,4
335,373,4,4
372,212,4,4
372,407,4,4
6,378,4,4
372,368,4,4
335,60,4,4
372,72,4,4
228,378,4,4
41,419,4,4
69,373,4,4
19,109,4,4
373,311,4,4
335,60,4,4
176,419,4,4
335,6,4,4
69,373,4,4
367,323,4,4
69,228,4,4
335,6,4,4
144,48,4,4
6,413,4,4
372,72,4,4
335,72,4,4
144,338,4,4
335,6,4,4
41,407,4,4
413,6,4,4
372,212,4,4
423,8,4,4
372,72,4,4
372,389,4,4
144,413,4,4
6,413,4,4
389,68,4,4
413,6,4,4
321,212,4,4
335,19,4,4
228,386,4,4
335,6,4,4
335,72,4,4
372,212,4,4
372,72,4,4
372,389,4,4
372,389,4,4
6,413,4,4
423,97,4,4
335,72,4,4
423,128,4,4
144,374,4,4
72,372,4,4
372,72,4,4
335,6,4,4
413,6,4,4
335,72,4,4
6,413,4,4
72,372,4,4
424,405,4,4
300,384,4,4
368,221,4,4
212,372,4,4
424,236,4,4
335,6,4,4
321,212,4,4
372,212,4,4
335,72,4,4
372,72,4,4
335,356,4,4
72,372,4,4
392,228,4,4
372,212,4,4
335,72,4,4
368,236,4,4
335,356,4,4
236,368,4,4
72,335,4,4
356,335,4,4
335,6,4,4
335,356,4,4
368,236,4,4
236,368,4,4
48,6,4,4
6,335,4,4
41,392,4,4
176,392,4,4
368,236,4,4
413,6,4,4
69,356,4,4
48,6,4,4
48,256,4,4
6,413,4,4
194,184,4,4
48,6,4,4
194,1,4,4
48,6,4,4
176,392,4,4
194,296,4,4
41,392,4,4
48,6,4,4
69,356,4,4
176,392,4,4
41,392,4,4
176,392,4,4
176,392,4,4
103,392,4,4
176,392,4,4
48,6,4,4
6,413,4,4
41,392,4,4
425,396,4,4
176,392,4,4
103,392,4,4
422,335,4,4
176,392,4,4
425,378,4,4
103,417,4,4
48,6,4,4
176,392,4,4
41,392,4,4
103,392,4,4
176,392,4,4
176,392,4,4
103,392,4,4
103,392,4,4
103,392,4,4
413,6,4,4
103,392,4,4
409,191,4,4
409,50,4,4
426,427,4,4
103,392,4,4
409,8,4,4
6,413,4,4
103,392,4,4
409,194,4,4
103,392,4,4
409,6,4,4
263,405,4,4
409,260,4,4
409,149,4,4
409,413,4,4
409,149,4,4
234,391,4,4
263,391,4,4
338,386,4,4
72,263,4,4
329,415,4,4
422,194,4,4
174,335,4,4
317,308,4,4
386,399,4,4
308,373,4,4
36,428,4,4
308,311,4,4
36,413,4,4
342,8,4,4
342,63,4,4
41,407,4,4
398,6,4,4
398,405,4,4
289,392,4,4
398,335,4,4
429,242,4,4
297,234,4,4
32,429,4,4
424,144,4,4
321,392,4,4
429,32,4,4
32,429,4,4
321,392,4,4
321,392,4,4
289,392,4,4
321,392,4,4
321,371,4,4
321,392,4,4
430,164,4,4
430,58,4,4
289,392,4,4
321,392,4,4
424,260,4,4
321,392,4,4
431,371,4,4
289,392,4,4
431,32,4,4
424,175,4,4
405,263,4,4
431,88,4,4
432,8,4,4
289,392,4,4
27,414,4,4
398,405,4,4
321,392,4,4
429,309,4,4
431,407,4,4
431,407,4,4
431,365,4,4
431,32,4,4
321,392,4,4
289,392,4,4
321,392,4,4
289,392,4,4
242,429,4,4
424,315,4,4
289,392,4,4
289,392,4,4
51,429,4,4
321,392,4,4
32,8,4,4
263,405,4,4
310,405,4,4
431,407,4,4
263,72,4,4
63,430,4,4
144,283,4,4
398,8,4,4
395,8,4,4
398,8,4,4
41,300,4,4
378,425,4,4
189,8,4,4
388,212,4,4
405,263,4,4
342,194,4,4
281,263,4,4
56,345,4,4
56,154,4,4
56,340,4,4
263,405,4,4
263,405,4,4
212,388,4,4
334,358,4,4
409,413,4,4
409,191,4,4
409,50,4,4
433,434,4,4
189,358,4,4
405,263,4,4
350,335,4,4
350,376,4,4
103,392,4,4
435,308,4,4
435,281,4,4
372,409,4,4
372,392,4,4
350,436,4,4
103,392,4,4
434,433,4,4
372,212,4,4
372,429,4,4
32,430,4,4
72,263,4,4
372,236,4,4
263,405,4,4
323,413,4,4
372,429,4,4
429,32,4,4
429,242,4,4
174,335,4,4
372,429,4,4
405,263,4,4
372,407,4,4
44,432,4,4
242,429,4,4
398,405,4,4
62,266,4,4
350,376,4,4
62,266,4,4
62,266,4,4
62,266,4,4
398,405,4,4
145,281,4,4
389,62,4,4
389,68,4,4
389,62,4,4
340,56,4,4
391,263,4,4
391,349,4,4
391,234,4,4
27,414,4,4
228,392,4,4
357,407,4,4
286,416,4,4
392,228,4,4
431,407,4,4
74,437,4,4
321,52,4,4
400,323,4,4
68,389,4,4
345,56,4,4
395,175,4,4
204,432,4,4
204,298,4,4
145,281,4,4
30,392,4,4
400,429,4,4
400,365,4,4
30,392,4,4
236,407,4,4
228,392,4,4
30,392,4,4
400,392,4,4
400,52,4,4
400,52,4,4
236,260,4,4
236,191,4,4
306,438,4,4
387,386,4,4
392,228,4,4
392,30,4,4
317,308,4,4
317,281,4,4
323,276,4,4
323,395,4,4
400,392,4,4
400,365,4,4
400,323,4,4
400,188,4,4
400,188,4,4
400,157,4,4
439,440,4,4
407,236,4,4
400,365,4,4
396,425,4,4
400,52,4,4
398,405,4,4
398,6,4,4
52,201,4,4
400,144,4,4
400,314,4,4
400,82,4,4
32,429,4,4
400,428,4,4
400,428,4,4
400,396,4,4
191,236,4,4
289,391,4,4
124,396,4,4
236,191,4,4
400,323,4,4
400,392,4,4
441,442,4,4
441,442,4,4
441,442,4,4
191,236,4,4
145,281,4,4
51,314,4,4
400,441,4,4
228,392,4,4
316,355,4,4
400,443,4,4
400,444,4,4
400,445,4,4
400,445,4,4
400,445,4,4
400,445,4,4
400,446,4,4
396,124,4,4
447,325,4,4
124,396,4,4
260,448,4,4
260,283,4,4
379,74,4,4
407,396,4,4
396,407,4,4
407,396,4,4
260,236,4,4
124,396,4,4
396,407,4,4
234,391,4,4
289,449,4,4
396,124,4,4
447,6,4,4
69,450,4,4
321,392,4,4
124,396,4,4
124,396,4,4
447,6,4,4
29,443,4,4
124,396,4,4
424,175,4,4
447,6,4,4
429,209,4,4
429,372,4,4
451,32,4,4
451,67,4,4
321,437,4,4
429,32,4,4
124,452,4,4
297,372,4,4
124,396,4,4
297,272,4,4
297,234,4,4
400,396,4,4
308,281,4,4
281,308,4,4
32,429,4,4
308,281,4,4
357,407,4,4
308,281,4,4
281,308,4,4
396,124,4,4
211,212,4,4
357,429,4,4
400,429,4,4
281,308,4,4
429,32,4,4
124,396,4,4
357,8,4,4
308,281,4,4
409,413,4,4
400,396,4,4
32,429,4,4
409,6,4,4
396,124,4,4
400,429,4,4
124,396,4,4
357,65,4,4
400,396,4,4
400,396,4,4
132,149,4,4
425,378,4,4
453,32,4,4
302,393,4,4
425,52,4,4
289,65,4,4
372,392,4,4
372,429,4,4
357,454,4,4
392,228,4,4
27,414,4,4
323,455,4,4
297,372,4,4
310,405,4,4
323,98,4,4
323,98,4,4
317,316,4,4
456,457,4,4
368,441,4,4
323,458,4,4
389,454,4,4
74,379,4,4
378,425,4,4
323,88,4,4
41,389,4,4
88,323,4,4
74,459,4,4
176,445,4,4
323,88,4,4
323,88,4,4
274,6,4,4
41,437,4,4
41,389,4,4
323,88,4,4
372,392,4,4
323,281,4,4
372,392,4,4
44,296,4,4
388,212,4,4
140,201,4,4
140,201,4,4
274,74,4,4
389,68,4,4
44,74,4,4
41,389,4,4
323,88,4,4
44,296,4,4
274,416,4,4
88,323,4,4
323,88,4,4
172,460,4,4
274,6,4,4
389,236,4,4
274,6,4,4
88,323,4,4
372,461,4,4
236,191,4,4
460,172,4,4
372,461,4,4
44,74,4,4
274,462,4,4
44,296,4,4
302,372,4,4
281,323,4,4
297,372,4,4
274,6,4,4
1,211,4,4
62,389,4,4
176,463,4,4
303,194,4,4
236,407,4,4
176,463,4,4
44,74,4,4
236,389,4,4
41,463,4,4
44,74,4,4
172,460,4,4
19,443,4,4
19,446,4,4
44,74,4,4
212,372,4,4
289,65,4,4
460,172,4,4
297,372,4,4
350,376,4,4
103,464,4,4
103,464,4,4
297,172,4,4
297,372,4,4
447,6,4,4
447,172,4,4
41,463,4,4
103,464,4,4
465,456,4,4
176,463,4,4
41,463,4,4
447,456,4,4
466,392,4,4
398,74,4,4
398,74,4,4
41,463,4,4
389,236,4,4
389,68,4,4
176,463,4,4
398,74,4,4
396,425,4,4
398,74,4,4
389,467,4,4
44,74,4,4
398,74,4,4
286,468,4,4
398,134,4,4
398,396,4,4
378,396,4,4
398,463,4,4
164,430,4,4
134,398,4,4
398,164,4,4
398,463,4,4
398,134,4,4
236,389,4,4
44,74,4,4
396,378,4,4
389,236,4,4
263,409,4,4
409,263,4,4
469,463,4,4
140,470,4,4
263,409,4,4
19,134,4,4
424,175,4,4
409,263,4,4
463,469,4,4
398,463,4,4
378,396,4,4
398,463,4,4
321,392,4,4
469,463,4,4
396,378,4,4
398,365,4,4
398,471,4,4
321,460,4,4
398,468,4,4
463,469,4,4
41,437,4,4
469,463,4,4
38,288,4,4
38,365,4,4
38,288,4,4
38,437,4,4
469,463,4,4
38,288,4,4
38,288,4,4
38,288,4,4
38,288,4,4
378,396,4,4
396,378,4,4
9,391,4,4
38,437,4,4
472,263,4,4
38,288,4,4
41,437,4,4
41,473,4,4
9,282,4,4
38,288,4,4
38,288,4,4
357,409,4,4
263,472,4,4
357,437,4,4
472,263,4,4
38,288,4,4
38,288,4,4
396,378,4,4
38,288,4,4
357,409,4,4
103,464,4,4
67,32,4,4
409,349,4,4
357,405,4,4
38,288,4,4
103,134,4,4
407,236,4,4
357,409,4,4
19,409,4,4
38,409,4,4
67,396,4,4
212,472,4,4
357,409,4,4
67,378,4,4
212,472,4,4
103,464,4,4
357,409,4,4
474,32,4,4
474,456,4,4
474,74,4,4
357,409,4,4
429,32,4,4
357,464,4,4
429,372,4,4
475,368,4,4
357,409,4,4
263,332,4,4
424,343,4,4
424,405,4,4
41,407,4,4
357,409,4,4
357,476,4,4
317,309,4,4
357,409,4,4
477,1,4,4
357,409,4,4
67,396,4,4
357,460,4,4
212,472,4,4
321,460,4,4
357,409,4,4
19,409,4,4
19,409,4,4
38,409,4,4
357,168,4,4
357,409,4,4
19,409,4,4
263,460,4,4
19,409,4,4
357,409,4,4
19,478,4,4
38,478,4,4
19,409,4,4
38,464,4,4
19,409,4,4
38,405,4,4
357,409,4,4
19,409,4,4
263,472,4,4
6,472,4,4
19,409,4,4
357,409,4,4
19,409,4,4
19,409,4,4
263,479,4,4
398,405,4,4
321,460,4,4
19,409,4,4
321,460,4,4
19,409,4,4
357,409,4,4
475,368,4,4
19,409,4,4
480,212,4,4
321,460,4,4
212,480,4,4
479,263,4,4
212,480,4,4
67,396,4,4
373,308,4,4
212,481,4,4
212,481,4,4
357,409,4,4
212,481,4,4
475,368,4,4
368,460,4,4
398,365,4,4
357,409,4,4
321,263,4,4
321,482,4,4
460,368,4,4
321,212,4,4
357,409,4,4
483,368,4,4
368,460,4,4
372,429,4,4
212,481,4,4
19,409,4,4
359,460,4,4
460,359,4,4
398,175,4,4
6,481,4,4
359,460,4,4
481,6,4,4
483,368,4,4
277,482,4,4
392,466,4,4
277,481,4,4
6,481,4,4
392,466,4,4
212,481,4,4
277,481,4,4
481,6,4,4
6,481,4,4
481,6,4,4
282,34,4,4
19,481,4,4
321,460,4,4
277,482,4,4
6,481,4,4
466,392,4,4
277,481,4,4
274,6,4,4
321,392,4,4
392,466,4,4
372,460,4,4
19,109,4,4
274,481,4,4
321,454,4,4
321,392,4,4
483,368,4,4
372,466,4,4
460,359,4,4
368,483,4,4
423,343,4,4
481,6,4,4
423,454,4,4
277,482,4,4
484,372,4,4
321,392,4,4
321,88,4,4
310,405,4,4
274,481,4,4
321,376,4,4
483,368,4,4
481,6,4,4
357,466,4,4
274,481,4,4
398,254,4,4
321,343,4,4
277,481,4,4
274,376,4,4
321,392,4,4
274,481,4,4
321,460,4,4
357,120,4,4
460,372,4,4
484,372,4,4
398,72,4,4
277,482,4,4
321,352,4,4
236,407,4,4
277,481,4,4
321,460,4,4
372,460,4,4
321,472,4,4
321,191,4,4
368,483,4,4
423,464,4,4
131,368,4,4
321,278,4,4
321,392,4,4
460,372,4,4
228,314,4,4
321,460,4,4
321,392,4,4
321,405,4,4
372,460,4,4
357,480,4,4
321,392,4,4
282,214,4,4
372,482,4,4
277,352,4,4
131,368,4,4
321,392,4,4
309,352,4,4
289,392,4,4
321,481,4,4
236,389,4,4
485,175,4,4
321,392,4,4
398,480,4,4
321,8,4,4
131,368,4,4
289,392,4,4
321,288,4,4
372,482,4,4
372,482,4,4
372,482,4,4
407,236,4,4
321,392,4,4
321,460,4,4
172,486,4,4
321,288,4,4
460,372,4,4
483,368,4,4
193,63,4,4
321,481,4,4
321,288,4,4
67,396,4,4
321,392,4,4
321,313,4,4
463,469,4,4
321,309,4,4
321,392,4,4
321,75,4,4
321,368,4,4
321,120,4,4
423,392,4,4
479,481,4,4
321,487,4,4
321,175,4,4
481,479,4,4
321,75,4,4
321,464,4,4
479,481,4,4
308,435,4,4
423,392,4,4
172,488,4,4
321,349,4,4
297,75,4,4
321,309,4,4
372,460,4,4
479,358,4,4
484,372,4,4
321,479,4,4
439,440,4,4
321,450,4,4
368,483,4,4
317,281,4,4
321,313,4,4
321,368,4,4
484,372,4,4
321,489,4,4
321,368,4,4
321,72,4,4
140,308,4,4
483,368,4,4
321,236,4,4
317,429,4,4
321,358,4,4
321,487,4,4
172,460,4,4
321,476,4,4
483,479,4,4
321,72,4,4
368,483,4,4
321,368,4,4
321,376,4,4
479,8,4,4
321,487,4,4
321,368,4,4
475,481,4,4
51,489,4,4
321,368,4,4
321,72,4,4
277,172,4,4
483,479,4,4
409,8,4,4
483,368,4,4
484,372,4,4
51,149,4,4
19,409,4,4
389,68,4,4
19,109,4,4
321,480,4,4
317,479,4,4
321,376,4,4
19,409,4,4
321,376,4,4
424,175,4,4
389,236,4,4
389,62,4,4
19,302,4,4
321,236,4,4
321,325,4,4
376,6,4,4
350,376,4,4
51,476,4,4
321,490,4,4
321,491,4,4
321,372,4,4
321,344,4,4
321,365,4,4
321,402,4,4
51,466,4,4
321,228,4,4
321,172,4,4
402,281,4,4
321,174,4,4
19,302,4,4
263,344,4,4
236,389,4,4
9,282,4,4
51,120,4,4
483,368,4,4
236,407,4,4
492,389,4,4
493,128,4,4
494,63,4,4
492,343,4,4
494,389,4,4
128,493,4,4
9,466,4,4
447,51,4,4
447,51,4,4
9,472,4,4
9,463,4,4
389,236,4,4
9,465,4,4
424,495,4,4
308,263,4,4
140,308,4,4
9,389,4,4
494,389,4,4
263,308,4,4
494,389,4,4
9,460,4,4
494,463,4,4
236,191,4,4
494,389,4,4
447,372,4,4
494,389,4,4
228,463,4,4
400,429,4,4
494,445,4,4
400,365,4,4
209,437,4,4
494,429,4,4
400,392,4,4
9,389,4,4
400,61,4,4
9,389,4,4
236,389,4,4
19,302,4,4
209,429,4,4
9,8,4,4
9,177,4,4
400,396,4,4
400,472,4,4
389,236,4,4
400,454,4,4
400,454,4,4
263,454,4,4
400,343,4,4
472,263,4,4
483,368,4,4
19,409,4,4
19,409,4,4
409,302,4,4
19,409,4,4
9,389,4,4
400,389,4,4
483,368,4,4
368,236,4,4
263,389,4,4
44,19,4,4
466,372,4,4
368,468,4,4
483,368,4,4
336,333,4,4
263,297,4,4
468,300,4,4
400,392,4,4
475,468,4,4
475,468,4,4
466,51,4,4
483,368,4,4
475,496,4,4
484,372,4,4
479,278,4,4
372,466,4,4
483,368,4,4
405,263,4,4
405,263,4,4
466,372,4,4
297,263,4,4
484,372,4,4
103,480,4,4
475,496,4,4
400,392,4,4
483,368,4,4
497,405,4,4
263,405,4,4
372,466,4,4
297,263,4,4
405,497,4,4
497,405,4,4
103,454,4,4
263,297,4,4
236,368,4,4
297,263,4,4
405,263,4,4
405,497,4,4
321,365,4,4
389,263,4,4
321,405,4,4
103,437,4,4
498,495,4,4
497,405,4,4
405,497,4,4
263,297,4,4
321,405,4,4
368,236,4,4
321,437,4,4
297,263,4,4
497,405,4,4
484,372,4,4
212,372,4,4
400,392,4,4
236,389,4,4
263,297,4,4
297,263,4,4
236,368,4,4
355,316,4,4
355,102,4,4
368,236,4,4
389,236,4,4
497,302,4,4
263,297,4,4
344,263,4,4
297,263,4,4
263,344,4,4
483,368,4,4
103,437,4,4
498,97,4,4
321,392,4,4
194,499,4,4
194,303,4,4
194,184,4,4
53,481,4,4
496,475,4,4
475,496,4,4
194,344,4,4
63,193,4,4
496,454,4,4
62,368,4,4
496,475,4,4
194,60,4,4
6,376,4,4
41,437,4,4
194,182,4,4
297,289,4,4
194,368,4,4
475,496,4,4
1,477,4,4
321,500,4,4
194,209,4,4
297,289,4,4
62,454,4,4
321,491,4,4
194,62,4,4
501,236,4,4
263,297,4,4
62,481,4,4
321,502,4,4
501,236,4,4
62,349,4,4
321,502,4,4
501,236,4,4
297,263,4,4
501,236,4,4
321,502,4,4
62,236,4,4
501,236,4,4
297,263,4,4
309,502,4,4
6,343,4,4
321,502,4,4
502,309,4,4
332,263,4,4
194,223,4,4
321,392,4,4
321,502,4,4
309,502,4,4
379,74,4,4
321,392,4,4
321,392,4,4
6,84,4,4
502,309,4,4
379,289,4,4
62,465,4,4
62,236,4,4
263,297,4,4
501,236,4,4
263,297,4,4
309,502,4,4
62,502,4,4
263,503,4,4
502,309,4,4
221,368,4,4
297,263,4,4
502,62,4,4
379,289,4,4
321,392,4,4
503,263,4,4
321,480,4,4
379,74,4,4
194,62,4,4
379,289,4,4
321,392,4,4
62,502,4,4
392,502,4,4
379,289,4,4
502,62,4,4
194,62,4,4
334,62,4,4
502,392,4,4
297,263,4,4
181,454,4,4
392,502,4,4
62,502,4,4
321,392,4,4
502,392,4,4
194,62,4,4
321,495,4,4
62,236,4,4
502,62,4,4
392,502,4,4
62,502,4,4
502,392,4,4
502,392,4,4
334,62,4,4
502,62,4,4
194,62,4,4
62,502,4,4
263,297,4,4
321,437,4,4
334,437,4,4
194,62,4,4
321,504,4,4
181,495,4,4
181,294,4,4
194,62,4,4
220,505,4,4
194,62,4,4
220,88,4,4
103,437,4,4
128,325,4,4
128,62,4,4
128,62,4,4
128,62,4,4
62,128,4,4
501,236,4,4
501,236,4,4
501,236,4,4
501,236,4,4
501,236,4,4
501,236,4,4
60,296,4,4
32,429,5,5
483,368,5,5
70,174,5,5
9,466,5,5
70,482,5,5
70,482,5,5
429,372,5,5
398,405,5,5
398,97,5,5
289,97,5,5
342,194,5,5
453,264,5,5
429,209,5,5
429,32,5,5
342,454,5,5
447,372,5,5
209,194,5,5
321,437,5,5
321,316,5,5
321,209,5,5
348,338,5,5
316,355,5,5
321,506,5,5
321,316,5,5
321,507,5,5
321,209,5,5
316,263,5,5
321,316,5,5
321,348,5,5
263,316,5,5
263,316,5,5
316,263,5,5
355,316,5,5
263,316,5,5
263,316,5,5
355,316,5,5
316,355,5,5
316,263,5,5
355,316,5,5
316,355,5,5
344,263,5,5
316,355,5,5
344,194,5,5
355,316,5,5
316,355,5,5
32,154,5,5
431,398,5,5
212,480,5,5
431,372,5,5
431,372,5,5
212,303,5,5
212,372,5,5
431,454,5,5
431,454,5,5
431,454,5,5
355,316,5,5
405,508,5,5
398,405,5,5
398,254,5,5
508,405,5,5
474,74,5,5
41,503,5,5
358,479,5,5
509,454,5,5
372,508,5,5
194,456,5,5
431,372,5,5
372,355,5,5
260,236,5,5
260,51,5,5
176,453,5,5
303,212,5,5
303,194,5,5
431,372,5,5
508,372,5,5
321,454,5,5
321,358,5,5
454,263,5,5
211,194,5,5
27,184,5,5
454,496,5,5
454,181,5,5
68,437,5,5
391,289,5,5
263,257,5,5
454,510,5,5
456,194,5,5
448,352,5,5
181,454,5,5
74,379,5,5
74,379,5,5
350,365,5,5
69,450,5,5
69,263,5,5
296,194,5,5
53,481,5,5
69,124,5,5
372,508,5,5
44,432,5,5
372,460,5,5
34,313,5,5
44,372,5,5
53,254,5,5
44,34,5,5
325,128,5,5
447,325,5,5
44,511,5,5
447,34,5,5
128,325,5,5
325,128,5,5
212,263,5,5
212,48,5,5
19,512,5,5
299,399,5,5
128,325,5,5
212,211,5,5
460,372,5,5
323,281,5,5
513,388,5,5
513,514,5,5
465,62,5,5
323,88,5,5
323,124,5,5
440,513,5,5
317,308,5,5
474,74,5,5
474,32,5,5
422,365,5,5
263,212,5,5
62,454,5,5
62,481,5,5
62,465,5,5
422,460,5,5
101,515,5,5
453,516,5,5
228,392,5,5
465,62,5,5
474,236,5,5
517,368,5,5
289,391,5,5
517,68,5,5
379,74,5,5
517,289,5,5
379,450,5,5
359,460,5,5
465,398,5,5
379,432,5,5
432,379,5,5
297,248,5,5
474,236,5,5
297,272,5,5
181,432,5,5
368,194,5,5
281,402,5,5
281,323,5,5
368,221,5,5
425,378,5,5
425,396,5,5
368,359,5,5
368,309,5,5
359,368,5,5
368,359,5,5
359,368,5,5
342,454,5,5
474,359,5,5
294,51,5,5
368,359,5,5
359,368,5,5
62,465,5,5
62,481,5,5
517,368,5,5
62,368,5,5
474,359,5,5
517,359,5,5
9,465,5,5
368,359,5,5
474,359,5,5
9,391,5,5
359,368,5,5
9,194,5,5
368,359,5,5
359,368,5,5
474,359,5,5
194,211,5,5
368,359,5,5
194,456,5,5
359,368,5,5
372,460,5,5
368,359,5,5
474,32,5,5
359,368,5,5
316,355,5,5
378,425,5,5
474,359,5,5
378,396,5,5
368,359,5,5
359,368,5,5
368,359,5,5
465,62,5,5
359,368,5,5
359,368,5,5
32,209,5,5
518,345,5,5
368,359,5,5
456,194,5,5
19,519,5,5
19,519,5,5
483,368,5,5
520,32,5,5
493,329,5,5
143,32,5,5
400,504,5,5
521,305,5,5
400,428,5,5
273,272,5,5
389,496,5,5
273,522,5,5
62,368,5,5
62,465,5,5
523,524,5,5
469,519,5,5
44,432,5,5
44,432,5,5
379,432,5,5
469,463,5,5
400,454,5,5
400,396,5,5
400,429,5,5
520,291,5,5
520,291,5,5
520,292,5,5
400,429,5,5
44,211,5,5
422,365,5,5
496,454,5,5
214,525,5,5
321,454,5,5
392,228,5,5
41,523,5,5
321,359,5,5
321,480,5,5
477,526,5,5
32,527,5,5
457,456,5,5
350,365,5,5
9,282,5,5
36,413,5,5
9,465,5,5
425,378,5,5
350,365,5,5
460,359,5,5
9,8,5,5
9,8,5,5
9,282,5,5
9,8,5,5
9,465,5,5
9,8,5,5
9,8,5,5
9,527,5,5
9,528,5,5
9,8,5,5
302,497,5,5
9,8,5,5
9,8,5,5
297,234,5,5
441,368,5,5
209,32,5,5
9,8,5,5
447,325,5,5
447,34,5,5
447,48,5,5
9,8,5,5
62,375,5,5
12,175,5,5
12,302,5,5
51,529,5,5
51,528,5,5
51,523,5,5
51,530,5,5
456,527,5,5
456,527,5,5
456,501,5,5
447,48,5,5
447,48,5,5
363,502,5,5
389,424,5,5
400,428,5,5
400,286,5,5
396,378,5,5
357,409,5,5
400,396,5,5
357,502,5,5
400,502,5,5
228,392,5,5
12,502,5,5
32,209,5,5
447,325,5,5
32,52,5,5
53,254,5,5
103,502,5,5
447,325,5,5
447,325,5,5
41,527,5,5
41,529,5,5
357,502,5,5
41,502,5,5
176,502,5,5
357,502,5,5
355,316,5,5
355,316,5,5
62,475,5,5
357,501,5,5
501,456,5,5
103,503,5,5
355,316,5,5
475,62,5,5
398,502,5,5
62,475,5,5
502,398,5,5
475,62,5,5
456,501,5,5
62,278,5,5
474,32,5,5
357,502,5,5
474,32,5,5
357,502,5,5
176,502,5,5
526,477,5,5
483,62,5,5
209,355,5,5
357,502,5,5
400,441,5,5
41,502,5,5
483,62,5,5
447,325,5,5
193,63,5,5
483,62,5,5
357,502,5,5
193,149,5,5
456,209,5,5
467,389,5,5
172,531,5,5
501,456,5,5
103,452,5,5
357,502,5,5
456,501,5,5
482,389,5,5
357,168,5,5
357,502,5,5
193,355,5,5
41,502,5,5
474,372,5,5
103,456,5,5
193,502,5,5
502,193,5,5
474,372,5,5
193,502,5,5
128,62,5,5
41,502,5,5
357,502,5,5
41,452,5,5
501,236,5,5
501,236,5,5
501,456,5,5
482,532,5,5
398,502,5,5
357,428,5,5
502,193,5,5
357,502,5,5
41,502,5,5
313,34,5,5
38,313,5,5
63,193,5,5
103,134,5,5
41,502,5,5
38,313,5,5
38,313,5,5
532,482,5,5
38,313,5,5
228,475,5,5
38,313,5,5
38,313,5,5
38,313,5,5
38,313,5,5
38,313,5,5
38,313,5,5
41,502,5,5
38,365,5,5
38,313,5,5
38,313,5,5
38,313,5,5
501,236,5,5
38,313,5,5
38,313,5,5
38,313,5,5
38,313,5,5
67,378,5,5
38,313,5,5
38,313,5,5
67,215,5,5
67,215,5,5
67,533,5,5
67,534,5,5
67,529,5,5
67,527,5,5
67,371,5,5
67,482,5,5
67,273,5,5
67,8,5,5
67,288,5,5
41,502,5,5
67,440,5,5
67,535,5,5
67,74,5,5
67,288,5,5
67,72,5,5
67,236,5,5
67,260,5,5
67,313,5,5
67,502,5,5
67,242,5,5
67,424,5,5
67,521,5,5
67,365,5,5
67,172,5,5
67,475,5,5
67,313,5,5
389,482,5,5
67,475,5,5
389,424,5,5
38,313,5,5
67,288,5,5
241,501,5,5
38,502,5,5
67,475,5,5
67,288,5,5
67,72,5,5
41,502,5,5
38,313,5,5
241,260,5,5
36,413,5,5
67,288,5,5
67,475,5,5
38,502,5,5
41,502,5,5
67,72,5,5
67,288,5,5
193,63,5,5
67,74,5,5
67,72,5,5
67,288,5,5
67,72,5,5
38,313,5,5
38,502,5,5
67,475,5,5
74,503,5,5
38,502,5,5
389,467,5,5
67,72,5,5
67,72,5,5
38,313,5,5
67,475,5,5
193,502,5,5
67,72,5,5
67,72,5,5
38,502,5,5
67,475,5,5
67,72,5,5
67,475,5,5
502,193,5,5
509,454,5,5
67,475,5,5
509,454,5,5
67,475,5,5
38,502,5,5
233,372,5,5
67,475,5,5
38,502,5,5
38,502,5,5
38,502,5,5
67,475,5,5
38,475,5,5
41,502,5,5
38,502,5,5
38,313,5,5
38,313,5,5
67,88,5,5
38,313,5,5
67,475,5,5
38,502,5,5
38,288,5,5
38,313,5,5
38,177,5,5
38,288,5,5
38,313,5,5
38,177,5,5
38,177,5,5
38,313,5,5
27,414,5,5
297,482,5,5
38,177,5,5
38,502,5,5
482,389,5,5
38,313,5,5
41,502,5,5
38,288,5,5
38,502,5,5
38,288,5,5
38,288,5,5
38,177,5,5
38,502,5,5
41,502,5,5
38,502,5,5
38,313,5,5
38,502,5,5
409,302,5,5
38,502,5,5
409,413,5,5
38,288,5,5
38,502,5,5
38,502,5,5
38,177,5,5
38,288,5,5
41,502,5,5
38,288,5,5
355,193,5,5
386,387,5,5
355,209,5,5
38,386,5,5
38,288,5,5
509,534,5,5
38,502,5,5
38,502,5,5
38,502,5,5
38,502,5,5
38,502,5,5
38,502,5,5
38,502,5,5
38,502,5,5
38,502,5,5
38,502,5,5
38,502,5,5
38,502,5,5
38,288,5,5
38,502,5,5
38,502,5,5
38,288,5,5
501,241,5,5
74,379,5,5
38,288,5,5
38,177,5,5
38,502,5,5
38,502,5,5
38,502,5,5
38,177,5,5
38,177,5,5
41,502,5,5
517,481,5,5
38,502,5,5
38,475,5,5
41,502,5,5
38,475,5,5
38,502,5,5
38,475,5,5
38,502,5,5
41,502,5,5
38,502,5,5
38,502,5,5
41,528,5,5
38,502,5,5
474,74,5,5
38,168,5,5
400,428,5,5
62,481,5,5
38,475,5,5
38,502,5,5
214,512,5,5
41,536,5,5
19,409,5,5
400,502,5,5
398,308,5,5
398,308,5,5
398,308,5,5
465,398,5,5
41,355,5,5
469,97,5,5
41,464,5,5
41,464,5,5
342,502,5,5
398,308,5,5
398,308,5,5
393,32,5,5
537,536,5,5
398,308,5,5
143,201,5,5
143,201,5,5
241,501,5,5
400,168,5,5
501,236,5,5
143,201,5,5
398,308,5,5
143,201,5,5
400,378,5,5
398,308,5,5
456,405,5,5
143,201,5,5
400,365,5,5
143,201,5,5
143,201,5,5
352,309,5,5
501,241,5,5
143,201,5,5
398,308,5,5
241,501,5,5
143,201,5,5
143,456,5,5
143,201,5,5
456,389,5,5
143,201,5,5
143,201,5,5
143,456,5,5
143,201,5,5
143,201,5,5
143,201,5,5
501,241,5,5
241,501,5,5
282,456,5,5
257,263,5,5
19,538,5,5
19,109,5,5
539,502,5,5
422,536,5,5
19,538,5,5
475,74,5,5
75,475,5,5
517,481,5,5
308,68,5,5
475,75,5,5
475,75,5,5
140,276,5,5
75,475,5,5
475,75,5,5
422,97,5,5
308,540,5,5
308,538,5,5
236,501,5,5
75,475,5,5
41,538,5,5
475,75,5,5
475,75,5,5
236,242,5,5
236,501,5,5
44,74,5,5
68,308,5,5
75,475,5,5
75,475,5,5
475,75,5,5
19,538,5,5
475,75,5,5
19,538,5,5
501,236,5,5
539,368,5,5
19,538,5,5
19,538,5,5
75,475,5,5
19,538,5,5
75,475,5,5
19,538,5,5
19,538,5,5
475,75,5,5
19,538,5,5
475,75,5,5
19,538,5,5
75,475,5,5
19,538,5,5
19,538,5,5
75,475,5,5
475,75,5,5
75,475,5,5
19,538,5,5
75,475,5,5
475,75,5,5
475,75,5,5
539,368,5,5
475,75,5,5
38,313,5,5
536,532,5,5
532,536,5,5
539,368,5,5
191,536,5,5
536,532,5,5
532,536,5,5
536,532,5,5
532,536,5,5
536,532,5,5
536,191,5,5
532,541,5,5
532,536,5,5
536,532,5,5
191,536,5,5
532,536,5,5
282,34,5,5
532,463,5,5
368,542,5,5
542,368,5,5
9,177,5,5
41,355,5,5
9,177,5,5
368,542,5,5
501,236,5,5
128,62,5,5
513,440,5,5
128,236,5,5
522,273,5,5
236,128,5,5
97,352,5,5
97,542,5,5
128,236,5,5
144,398,5,5
542,97,5,5
97,542,5,5
325,482,5,5
97,542,5,5
236,128,5,5
542,97,5,5
128,236,5,5
542,543,5,5
97,542,5,5
128,97,5,5
501,236,5,5
542,97,5,5
236,501,5,5
97,542,5,5
325,523,5,5
501,236,5,5
543,542,5,5
145,119,5,5
236,128,5,5
325,482,5,5
542,97,5,5
236,501,5,5
501,236,5,5
542,543,5,5
325,72,5,5
97,542,5,5
540,308,5,5
542,97,5,5
128,236,5,5
543,542,5,5
97,542,5,5
236,501,5,5
325,482,5,5
542,543,5,5
236,128,5,5
119,144,5,5
74,378,5,5
542,97,5,5
97,542,5,5
325,97,5,5
325,97,5,5
325,97,5,5
543,542,5,5
97,325,5,5
128,236,5,5
74,527,5,5
74,528,5,5
74,544,5,5
325,482,5,5
542,97,5,5
74,519,5,5
325,97,5,5
97,542,5,5
74,541,5,5
97,325,5,5
542,97,5,5
325,97,5,5
97,325,5,5
542,97,5,5
97,542,5,5
325,97,5,5
542,97,5,5
97,325,5,5
68,97,5,5
97,542,5,5
542,97,5,5
97,68,5,5
482,325,5,5
325,97,5,5
97,542,5,5
325,482,5,5
97,325,5,5
542,97,5,5
325,97,5,5
236,128,5,5
97,542,5,5
97,325,5,5
68,97,5,5
325,513,5,5
325,513,5,5
482,325,5,5
97,68,5,5
325,482,5,5
542,97,5,5
513,325,5,5
325,97,5,5
41,513,5,5
325,513,5,5
481,62,5,5
97,542,5,5
542,513,5,5
513,325,5,5
97,325,5,5
513,542,5,5
325,513,5,5
542,97,5,5
542,513,5,5
325,97,5,5
513,542,5,5
97,542,5,5
68,48,5,5
325,61,5,5
482,325,5,5
97,325,5,5
325,482,5,5
68,61,5,5
325,97,5,5
542,61,5,5
513,98,5,5
542,97,5,5
41,513,5,5
325,109,5,5
542,97,5,5
482,325,5,5
72,325,5,5
513,545,5,5
97,542,5,5
97,542,5,5
97,542,5,5
97,542,5,5
97,542,5,5
542,97,5,5
325,482,5,5
325,72,5,5
97,542,5,5
542,97,5,5
542,97,5,5
72,325,5,5
482,325,5,5
325,97,5,5
325,482,5,5
97,542,5,5
546,532,5,5
97,325,5,5
482,325,5,5
546,542,5,5
542,97,5,5
325,97,5,5
325,482,5,5
546,454,5,5
482,325,5,5
546,97,5,5
325,482,5,5
482,325,5,5
97,542,5,5
97,325,5,5
325,482,5,5
325,97,5,5
97,325,5,5
547,311,5,5
325,97,5,5
97,325,5,5
325,97,5,5
97,325,5,5
325,97,5,5
482,325,5,5
325,482,5,5
546,97,5,5
325,542,5,5
542,325,5,5
542,548,5,5
325,542,5,5
548,542,5,5
542,325,5,5
325,542,5,5
542,548,5,5
542,325,5,5
325,542,5,5
297,75,5,5
325,549,5,5
549,325,5,5
62,481,5,5
277,352,5,5
432,379,5,5
545,513,5,5
321,84,5,5
321,550,5,5
321,203,5,5
321,68,5,5
321,119,5,5
321,242,5,5
321,491,5,5
321,365,5,5
44,74,5,5
536,191,5,5
289,536,5,5
536,532,5,5
536,289,5,5
532,536,5,5
536,532,5,5
537,74,5,5
532,536,5,5
536,532,5,5
398,308,5,5
532,536,5,5
537,536,5,5
447,325,5,5
536,532,5,5
212,289,5,5
415,329,5,5
389,482,5,5
389,456,5,5
451,32,5,5
76,399,5,5
76,258,5,5
542,97,5,5
41,76,5,5
285,536,5,5
536,285,5,5
193,502,5,5
509,389,5,5
509,536,5,5
41,542,5,5
375,372,5,5
536,509,5,5
536,289,5,5
474,32,5,5
19,451,5,5
509,536,5,5
41,375,5,5
509,536,5,5
291,393,5,5
551,224,5,5
482,389,5,5
551,306,5,5
551,545,5,5
551,377,5,5
36,73,5,5
36,119,5,5
19,538,5,5
36,119,5,5
36,119,5,5
103,502,5,5
103,538,5,5
36,119,5,5
36,119,5,5
103,466,5,5
552,236,5,5
9,76,5,5
103,358,5,5
289,536,5,5
103,168,5,5
103,365,5,5
321,119,5,5
321,68,5,5
51,553,5,5
103,553,5,5
103,554,5,5
103,62,5,5
447,119,5,5
465,398,5,5
103,465,5,5
204,456,5,5
204,432,5,5
103,549,5,5
447,119,5,5
97,542,5,5
423,294,5,5
423,454,5,5
103,62,5,5
447,119,5,5
9,543,5,5
9,543,5,5
103,62,5,5
509,97,5,5
97,509,5,5
321,68,5,5
509,454,5,5
509,302,5,5
321,68,5,5
555,509,5,5
509,302,5,5
509,302,5,5
51,528,5,5
119,302,5,5
51,215,5,5
302,119,5,5
204,540,5,5
456,294,5,5
103,168,5,5
119,302,5,5
509,302,5,5
456,175,5,5
540,308,5,5
456,553,5,5
379,74,5,5
379,482,5,5
103,61,5,5
308,540,5,5
236,509,5,5
62,554,5,5
103,500,5,5
509,236,5,5
509,272,5,5
540,308,5,5
103,128,5,5
62,285,5,5
302,119,5,5
61,325,5,5
509,302,5,5
119,302,5,5
61,68,5,5
103,556,5,5
61,542,5,5
509,302,5,5
398,509,5,5
204,456,5,5
509,236,5,5
509,302,5,5
509,236,5,5
509,236,5,5
302,509,5,5
204,482,5,5
509,236,5,5
325,549,5,5
509,302,5,5
509,302,5,5
204,482,5,5
204,62,5,5
532,364,5,5
204,482,5,5
204,62,5,5
308,540,5,5
549,325,5,5
325,549,5,5
204,482,5,5
204,482,5,5
204,482,5,5
258,76,5,5
204,482,5,5
321,365,5,5
204,482,5,5
557,527,5,5
97,289,5,5
549,325,5,5
535,513,5,5
74,379,5,5
557,302,5,5
302,557,5,5
557,302,5,5
302,557,5,5
557,302,5,5
103,365,5,5
27,414,5,5
193,355,5,5
302,557,5,5
379,74,5,5
103,365,5,5
103,393,5,5
393,291,5,5
103,393,5,5
294,456,5,5
62,554,5,5
557,302,5,5
481,479,5,5
302,557,5,5
557,302,5,5
302,557,5,5
355,193,5,5
260,241,5,5
557,302,5,5
214,302,5,5
103,365,5,5
393,54,5,5
103,393,5,5
302,557,5,5
302,214,5,5
95,393,5,5
302,558,5,5
128,236,5,5
36,73,5,5
103,128,5,5
68,61,5,5
557,302,5,5
302,557,5,5
1,477,5,5
302,138,5,5
36,73,5,5
36,73,5,5
36,3,5,5
302,74,5,5
557,302,5,5
204,482,5,5
103,128,5,5
316,355,5,5
325,549,5,5
389,509,5,5
325,542,5,5
389,559,5,5
1,302,5,5
325,548,5,5
325,560,5,5
465,398,5,5
302,557,5,5
560,325,5,5
447,119,5,5
36,3,5,5
355,316,5,5
1,302,5,5
193,355,5,5
316,355,5,5
302,557,5,5
557,302,5,5
553,456,5,5
553,51,5,5
557,302,5,5
355,316,5,5
302,557,5,5
242,236,5,5
316,355,5,5
19,233,5,5
19,65,5,5
527,32,5,5
527,74,5,5
316,355,5,5
527,554,5,5
316,355,5,5
554,527,5,5
252,6,5,5
41,460,5,5
204,242,5,5
144,398,5,5
74,302,5,5
74,527,5,5
527,74,5,5
209,527,5,5
41,527,5,5
527,209,5,5
542,325,5,5
542,548,5,5
41,527,5,5
540,308,5,5
41,527,5,5
97,325,5,5
252,97,5,5
97,252,5,5
474,32,5,5
97,252,5,5
97,252,5,5
481,252,5,5
389,482,5,5
302,74,5,5
252,481,5,5
103,175,5,5
103,513,5,5
103,128,5,5
266,97,5,5
41,561,5,5
474,74,5,5
214,302,5,5
481,252,5,5
97,266,5,5
325,97,5,5
97,325,5,5
252,481,5,5
283,144,5,5
193,389,5,5
389,193,5,5
525,211,5,5
525,214,5,5
525,93,5,5
481,252,5,5
481,252,5,5
51,561,5,5
193,389,5,5
252,481,5,5
549,325,5,5
549,325,5,5
367,393,5,5
283,375,5,5
283,515,5,5
51,39,5,5
286,549,5,5
549,286,5,5
103,175,5,5
103,525,5,5
214,525,5,5
103,128,5,5
325,549,5,5
214,500,5,5
325,553,5,5
456,553,5,5
204,456,5,5
456,527,5,5
555,562,5,5
465,456,5,5
400,144,5,5
297,263,5,5
465,456,5,5
456,252,5,5
465,456,5,5
252,456,5,5
465,456,5,5
456,252,5,5
252,456,5,5
465,456,5,5
456,252,5,5
252,456,5,5
357,134,5,5
456,252,5,5
465,456,5,5
252,456,5,5
465,456,5,5
400,428,5,5
103,168,5,5
103,134,5,5
456,27,5,5
465,398,5,5
465,456,5,5
456,538,5,5
400,429,5,5
389,193,5,5
389,252,5,5
357,134,5,5
465,398,5,5
398,456,5,5
465,456,5,5
357,538,5,5
398,456,5,5
465,398,5,5
389,252,5,5
465,456,5,5
465,398,5,5
389,252,5,5
389,252,5,5
481,252,5,5
252,481,5,5
389,252,5,5
38,148,5,5
38,177,5,5
38,177,5,5
398,394,5,5
465,398,5,5
563,239,5,5
447,119,5,5
38,168,5,5
38,393,5,5
38,233,5,5
103,168,5,5
465,398,5,5
214,437,5,5
398,175,5,5
214,564,5,5
465,456,5,5
260,283,5,5
525,214,5,5
494,325,5,5
494,389,5,5
400,286,5,5
51,465,5,5
539,396,5,5
483,127,5,5
561,51,5,5
465,456,5,5
41,353,5,5
523,565,5,5
561,51,5,5
447,119,5,5
447,119,5,5
456,144,5,5
119,168,5,5
465,456,5,5
465,398,5,5
561,51,5,5
465,398,5,5
465,456,5,5
176,270,5,5
41,566,5,5
41,460,5,5
465,398,5,5
41,270,5,5
400,396,5,5
561,51,5,5
567,260,5,5
168,119,5,5
567,460,5,5
103,168,5,5
568,370,5,5
297,481,5,5
277,252,5,5
41,389,5,5
465,398,5,5
454,181,5,5
277,252,5,5
41,389,5,5
252,389,5,5
103,168,5,5
62,454,5,5
313,127,5,5
19,566,5,5
19,566,5,5
19,566,5,5
539,454,5,5
62,454,5,5
539,454,5,5
539,536,5,5
465,398,5,5
41,481,5,5
9,527,5,5
9,177,5,5
539,454,5,5
9,177,5,5
9,389,5,5
465,398,5,5
9,569,5,5
9,566,5,5
370,568,5,5
389,252,5,5
398,465,5,5
220,308,5,5
220,308,5,5
539,454,5,5
517,481,5,5
41,389,5,5
538,438,5,5
536,532,5,5
517,438,5,5
517,540,5,5
532,536,5,5
536,532,5,5
75,97,5,5
532,536,5,5
83,536,5,5
277,567,5,5
236,128,5,5
252,389,5,5
83,386,5,5
75,475,5,5
538,570,5,5
83,536,5,5
128,236,5,5
422,536,5,5
193,389,5,5
236,128,5,5
193,368,5,5
119,538,5,5
308,220,5,5
128,236,5,5
363,454,5,5
363,454,5,5
363,454,5,5
495,540,5,5
204,482,5,5
404,6,5,5
193,368,5,5
422,536,5,5
336,368,5,5
540,495,5,5
236,128,5,5
336,368,5,5
48,538,5,5
48,538,5,5
538,540,5,5
540,538,5,5
538,48,5,5
538,540,5,5
540,538,5,5
48,538,5,5
538,540,5,5
538,48,5,5
454,363,5,5
540,538,5,5
355,316,5,5
321,365,5,5
538,540,5,5
540,538,5,5
48,538,5,5
289,97,5,5
355,316,5,5
321,454,5,5
538,48,5,5
355,316,5,5
538,540,5,5
540,538,5,5
538,289,5,5
538,540,5,5
289,538,5,5
538,48,5,5
48,371,5,5
538,289,5,5
540,538,5,5
336,368,5,5
321,454,5,5
538,540,5,5
538,48,5,5
289,538,5,5
48,538,5,5
540,538,5,5
321,538,5,5
538,289,5,5
321,454,5,5
538,48,5,5
128,236,5,5
289,538,5,5
48,538,5,5
538,289,5,5
538,48,5,5
321,538,5,5
289,538,5,5
48,538,5,5
321,454,5,5
538,289,5,5
321,270,5,5
48,538,5,5
321,454,5,5
538,48,5,5
538,48,5,5
336,368,5,5
289,538,5,5
48,538,5,5
308,352,5,5
48,538,5,5
308,454,5,5
355,193,5,5
538,48,5,5
454,308,5,5
336,294,5,5
308,454,5,5
538,48,5,5
38,128,5,5
308,540,5,5
38,270,5,5
204,336,5,5
454,308,5,5
204,336,5,5
144,283,5,5
48,538,5,5
48,538,5,5
538,48,5,5
538,48,5,5
48,538,5,5
538,48,5,5
48,538,5,5
538,48,5,5
144,456,5,5
48,538,5,5
74,459,5,5
9,127,5,5
193,355,5,5
538,48,5,5
193,355,5,5
48,538,5,5
538,48,5,5
73,393,5,5
144,48,5,5
308,336,5,5
48,538,5,5
144,48,5,5
73,454,5,5
144,48,5,5
336,308,5,5
308,336,5,5
144,48,5,5
392,228,5,5
73,343,5,5
48,144,5,5
144,48,5,5
73,452,5,5
392,127,5,5
336,536,5,5
103,144,5,5
308,97,5,5
97,308,5,5
392,538,5,5
38,128,5,5
38,378,5,5
103,378,5,5
355,316,5,5
103,396,5,5
571,128,5,5
282,456,5,5
571,128,5,5
103,270,5,5
571,128,5,5
571,128,5,5
400,454,5,5
571,128,5,5
571,260,5,5
571,128,5,5
571,128,5,5
128,571,5,5
571,128,5,5
128,571,5,5
440,460,5,5
172,392,5,5
128,571,5,5
571,128,5,5
571,128,5,5
571,128,5,5
571,128,5,5
128,571,5,5
128,571,5,5
546,454,5,5
405,456,5,5
189,144,5,5
481,348,5,5
546,454,5,5
546,572,5,5
481,252,5,5
252,481,5,5
62,60,5,5
6,566,5,5
214,525,5,5
536,336,5,5
456,396,5,5
9,144,5,5
551,224,5,5
551,83,5,5
204,571,5,5
363,454,5,5
83,536,5,5
475,75,5,5
289,319,5,5
27,456,5,5
316,355,5,5
316,355,5,5
27,414,5,5
316,355,5,5
355,316,5,5
355,316,5,5
317,308,5,5
355,316,5,5
316,355,5,5
316,355,5,5
355,193,5,5
355,316,5,5
355,316,5,5
316,355,5,5
316,355,5,5
321,454,5,5
308,549,5,5
289,449,5,5
321,449,5,5
316,308,5,5
355,316,5,5
316,102,5,5
355,316,5,5
355,102,5,5
316,355,5,5
355,316,5,5
316,355,5,5
540,308,5,5
540,571,5,5
449,289,5,5
456,449,5,5
551,319,5,5
321,449,5,5
449,456,5,5
456,449,5,5
551,456,5,5
365,540,5,5
551,456,5,5
540,365,5,5
551,147,5,5
365,540,5,5
551,456,5,5
540,365,5,5
199,536,5,5
365,540,5,5
277,73,5,5
277,172,5,5
540,365,5,5
277,73,5,5
193,355,5,5
365,540,5,5
540,365,5,5
365,540,5,5
289,449,5,5
8,32,5,5
32,8,5,5
525,214,5,5
8,32,5,5
517,252,5,5
266,97,5,5
289,365,5,5
365,289,5,5
283,144,5,5
289,365,5,5
70,573,5,5
9,97,5,5
41,567,5,5
325,559,5,5
41,567,5,5
204,567,5,5
308,316,5,5
389,252,5,5
389,193,5,5
32,8,5,5
32,8,5,5
233,193,5,5
233,481,5,5
204,567,5,5
574,6,5,5
41,389,5,5
212,119,5,5
456,355,5,5
266,449,5,5
236,128,5,5
6,404,5,5
302,449,5,5
6,515,5,5
6,122,5,5
297,75,5,5
128,236,5,5
38,128,5,5
38,502,5,5
212,6,5,5
38,128,5,5
38,128,5,5
212,6,5,5
212,6,5,5
62,266,5,5
127,392,5,5
127,313,5,5
102,316,5,5
228,392,5,5
69,289,5,5
69,308,5,5
398,394,5,5
306,438,5,5
422,536,5,5
263,297,5,5
9,127,5,5
9,97,5,5
9,97,5,5
398,313,5,5
575,576,5,5
9,97,5,5
474,32,5,5
103,577,5,5
551,456,5,5
551,306,5,5
509,454,5,5
103,577,5,5
538,540,5,5
474,48,5,5
387,386,5,5
283,248,5,5
540,538,5,5
578,341,5,5
549,308,5,5
418,512,5,5
418,579,5,5
418,580,5,5
563,538,5,5
249,302,5,5
60,62,5,5
212,372,5,5
62,60,5,5
212,303,5,5
212,263,5,5
212,305,5,5
581,582,5,5
321,402,5,5
551,456,5,5
551,497,5,5
41,460,5,5
363,475,5,5
363,475,5,5
63,127,5,5
422,449,5,5
282,456,5,5
282,456,5,5
549,495,5,5
553,456,5,5
553,325,5,5
302,456,5,5
214,583,5,5
583,214,5,5
481,371,5,5
456,553,5,5
456,302,5,5
214,583,5,5
252,389,5,5
214,512,5,5
214,512,5,5
214,584,5,5
583,214,5,5
214,583,5,5
475,363,5,5
474,32,5,5
475,363,5,5
475,363,5,5
583,214,5,5
214,583,5,5
214,583,5,5
583,214,5,5
583,214,5,5
252,463,5,5
495,549,5,5
214,583,5,5
495,540,5,5
495,498,5,5
495,424,5,5
204,481,5,5
583,214,5,5
282,456,5,5
214,583,5,5
355,316,5,5
583,214,5,5
355,193,5,5
583,214,5,5
495,585,5,5
372,375,5,5
372,233,5,5
583,214,5,5
372,97,5,5
583,214,5,5
193,355,5,5
363,475,5,5
145,119,5,5
372,495,5,5
193,389,5,5
372,365,5,5
475,363,5,5
12,148,5,5
372,538,5,5
1,302,5,5
586,252,5,5
249,302,5,5
103,538,5,5
252,6,5,5
440,587,5,5
440,588,5,5
6,578,5,5
586,589,5,5
440,590,5,5
475,591,5,5
591,475,5,5
586,481,5,5
145,119,5,5
19,527,5,5
38,502,5,5
38,386,5,5
38,52,5,5
38,378,5,5
396,456,5,5
38,527,5,5
422,549,5,5
297,422,5,5
396,400,5,5
38,592,5,5
422,285,5,5
285,422,5,5
38,527,5,5
38,302,5,5
272,509,5,5
34,313,5,5
38,128,5,5
38,128,5,5
27,422,5,5
103,527,5,5
586,481,5,5
586,481,5,5
422,285,5,5
586,481,5,5
586,538,5,5
586,389,5,5
193,593,5,5
27,422,5,5
463,228,5,5
321,593,5,5
143,415,5,5
586,481,5,5
463,469,5,5
539,396,5,5
51,302,5,5
302,51,5,5
34,335,5,5
463,532,5,5
463,252,5,5
34,527,5,5
83,386,5,5
297,422,5,5
297,272,5,5
317,571,5,5
193,593,5,5
74,592,5,5
204,456,5,5
583,172,5,5
204,481,5,5
204,456,5,5
204,456,5,5
204,456,5,5
283,375,5,5
357,593,5,5
204,456,5,5
266,236,5,5
83,551,5,5
204,298,5,5
297,422,5,5
308,456,5,5
252,463,5,5
308,583,5,5
583,308,5,5
283,248,5,5
372,538,5,5
9,177,5,5
9,527,5,5
389,252,5,5
308,566,5,5
389,193,5,5
62,285,5,5
12,148,5,5
454,363,5,5
509,272,5,5
12,593,5,5
447,95,5,5
12,593,5,5
571,540,5,5
586,389,5,5
27,422,5,5
12,355,5,5
509,454,5,5
552,266,5,5
12,593,5,5
62,567,5,5
555,388,5,5
9,127,5,5
555,590,5,5
19,409,5,5
308,371,5,5
212,509,5,5
321,437,5,5
212,67,5,5
212,73,5,5
41,389,5,5
297,422,5,5
19,409,5,5
212,119,5,5
532,463,5,5
538,372,5,5
19,409,5,5
300,468,5,5
266,475,5,5
475,266,5,5
19,409,5,5
212,388,5,5
447,95,5,5
19,593,5,5
44,456,5,5
19,409,5,5
325,391,5,5
325,583,5,5
193,593,5,5
41,389,5,5
321,300,5,5
193,389,5,5
321,306,5,5
321,373,5,5
266,475,5,5
212,480,5,5
594,475,5,5
321,480,5,5
212,480,5,5
389,193,5,5
520,291,5,5
469,463,5,5
520,8,5,5
41,389,5,5
212,289,5,5
212,289,5,5
475,266,5,5
212,263,5,5
594,502,5,5
266,475,5,5
594,502,5,5
19,409,5,5
19,593,5,5
131,548,5,5
212,263,5,5
583,325,5,5
363,454,5,5
368,594,5,5
289,437,5,5
520,8,5,5
19,593,5,5
289,306,5,5
294,51,5,5
289,97,5,5
289,371,5,5
303,212,5,5
282,462,5,5
371,308,5,5
95,371,5,5
193,389,5,5
297,422,5,5
282,462,5,5
97,289,5,5
593,19,5,5
569,336,5,5
289,97,5,5
19,593,5,5
27,422,5,5
19,593,5,5
204,303,5,5
274,32,5,5
583,325,5,5
297,422,5,5
274,462,5,5
73,212,5,5
41,389,5,5
389,193,5,5
19,593,5,5
282,462,5,5
583,325,5,5
62,343,5,5
463,252,5,5
41,389,5,5
297,422,5,5
463,532,5,5
220,283,5,5
309,391,5,5
463,469,5,5
341,578,5,5
41,389,5,5
161,162,5,5
9,569,5,5
454,363,5,5
282,462,5,5
41,389,5,5
212,305,5,5
567,595,5,5
41,389,5,5
494,389,5,5
62,463,5,5
282,462,5,5
62,567,5,5
595,567,5,5
97,289,5,5
193,389,5,5
41,389,5,5
343,62,5,5
212,303,5,5
325,583,5,5
594,368,5,5
289,97,5,5
343,73,5,5
41,502,5,5
463,62,5,5
343,6,5,5
62,463,5,5
389,193,5,5
343,62,5,5
583,325,5,5
19,593,5,5
463,62,5,5
41,502,5,5
504,289,5,5
162,161,5,5
51,502,5,5
289,504,5,5
41,389,5,5
371,289,5,5
583,325,5,5
368,594,5,5
469,463,5,5
62,463,5,5
41,596,5,5
371,95,5,5
41,502,5,5
593,19,5,5
594,368,5,5
41,389,5,5
95,371,5,5
12,389,5,5
504,289,5,5
289,371,5,5
41,502,5,5
289,504,5,5
41,389,5,5
368,594,5,5
193,389,5,5
12,175,5,5
103,306,5,5
289,97,5,5
12,389,5,5
372,389,5,5
41,502,5,5
517,289,5,5
97,289,5,5
372,538,5,5
372,97,5,5
41,389,5,5
504,289,5,5
372,97,5,5
12,480,5,5
41,502,5,5
12,300,5,5
103,462,5,5
41,90,5,5
12,402,5,5
289,97,5,5
12,389,5,5
289,517,5,5
41,389,5,5
103,402,5,5
289,504,5,5
41,502,5,5
41,389,5,5
594,368,5,5
104,97,5,5
41,389,5,5
41,389,5,5
542,97,5,5
289,569,5,5
36,400,5,5
97,104,5,5
97,542,5,5
12,569,5,5
19,593,5,5
36,73,5,5
41,90,5,5
569,289,5,5
19,593,5,5
368,594,5,5
41,389,5,5
12,389,5,5
542,97,5,5
212,597,5,5
12,389,5,5
12,142,5,5
596,542,5,5
12,569,5,5
12,389,5,5
41,502,5,5
12,569,5,5
97,542,5,5
41,389,5,5
19,598,5,5
542,97,5,5
12,343,5,5
97,542,5,5
567,595,5,5
12,569,5,5
542,596,5,5
36,598,5,5
594,368,5,5
103,569,5,5
542,97,5,5
176,515,5,5
41,502,5,5
372,437,5,5
41,389,5,5
542,142,5,5
97,542,5,5
12,569,5,5
567,502,5,5
368,594,5,5
103,489,5,5
12,569,5,5
41,389,5,5
41,90,5,5
9,569,5,5
542,97,5,5
97,542,5,5
463,469,5,5
41,389,5,5
193,389,5,5
289,463,5,5
372,437,5,5
569,103,5,5
596,542,5,5
103,391,5,5
41,502,5,5
542,389,5,5
36,511,5,5
463,289,5,5
542,97,5,5
502,567,5,5
289,463,5,5
12,569,5,5
41,90,5,5
97,542,5,5
41,389,5,5
41,502,5,5
542,97,5,5
9,569,5,5
389,193,5,5
514,513,5,5
372,437,5,5
103,598,5,5
372,489,5,5
569,103,5,5
289,389,5,5
97,542,5,5
542,97,5,5
12,569,5,5
90,594,5,5
423,437,5,5
389,542,5,5
599,289,5,5
97,542,5,5
542,598,5,5
389,289,5,5
9,569,5,5
289,389,5,5
598,542,5,5
41,389,5,5
542,389,5,5
389,289,5,5
542,97,5,5
542,598,5,5
372,391,5,5
542,598,5,5
41,598,5,5
97,542,5,5
598,542,5,5
289,391,5,5
41,389,5,5
12,569,5,5
372,508,5,5
389,542,5,5
542,97,5,5
542,598,5,5
289,598,5,5
9,569,5,5
97,542,5,5
12,569,5,5
41,389,5,5
289,600,5,5
542,389,5,5
598,542,5,5
567,502,5,5
542,97,5,5
409,103,5,5
599,289,5,5
97,542,5,5
567,542,5,5
128,236,5,5
389,542,5,5
409,542,5,5
542,97,5,5
372,437,5,5
596,57,5,5
19,409,5,5
41,389,5,5
567,548,5,5
542,567,5,5
97,542,5,5
41,389,5,5
542,389,5,5
567,542,5,5
482,437,5,5
542,97,5,5
41,389,5,5
567,542,5,5
372,489,5,5
19,409,5,5
542,97,5,5
542,97,5,5
542,97,5,5
599,289,5,5
542,567,5,5
542,567,5,5
97,542,5,5
389,542,5,5
489,372,5,5
325,97,5,5
12,569,5,5
596,289,5,5
41,389,5,5
409,542,5,5
599,289,5,5
97,325,5,5
542,97,5,5
19,409,5,5
599,289,5,5
289,596,5,5
12,569,5,5
567,325,5,5
542,389,5,5
569,372,5,5
41,389,5,5
97,542,5,5
599,289,5,5
103,409,5,5
423,598,5,5
389,542,5,5
599,289,5,5
325,567,5,5
542,97,5,5
324,128,5,5
41,389,5,5
514,454,5,5
97,542,5,5
372,437,5,5
368,371,5,5
128,324,5,5
372,489,5,5
368,52,5,5
325,97,5,5
12,569,5,5
542,389,5,5
368,482,5,5
97,325,5,5
567,325,5,5
542,97,5,5
325,567,5,5
409,542,5,5
409,103,5,5
19,409,5,5
389,542,5,5
368,454,5,5
97,542,5,5
289,454,5,5
172,502,5,5
283,144,5,5
19,409,5,5
57,596,5,5
542,389,5,5
325,97,5,5
102,98,5,5
41,389,5,5
12,569,5,5
437,372,5,5
289,149,5,5
569,372,5,5
368,300,5,5
389,542,5,5
12,569,5,5
97,325,5,5
19,409,5,5
9,569,5,5
599,289,5,5
447,368,5,5
19,601,5,5
212,368,5,5
372,598,5,5
599,289,5,5
317,368,5,5
368,538,5,5
596,57,5,5
542,97,5,5
325,97,5,5
372,514,5,5
149,289,5,5
19,601,5,5
542,389,5,5
97,542,5,5
9,569,5,5
97,325,5,5
482,368,5,5
9,601,5,5
502,172,5,5
447,368,5,5
9,569,5,5
389,542,5,5
12,569,5,5
289,149,5,5
368,482,5,5
9,601,5,5
19,409,5,5
212,368,5,5
567,602,5,5
9,569,5,5
19,601,5,5
542,97,5,5
542,389,5,5
12,569,5,5
482,368,5,5
372,437,5,5
317,368,5,5
277,263,5,5
97,542,5,5
602,567,5,5
389,542,5,5
567,602,5,5
149,289,5,5
9,601,5,5
542,389,5,5
9,569,5,5
325,97,5,5
371,368,5,5
599,289,5,5
19,409,5,5
9,527,5,5
368,482,5,5
19,601,5,5
437,372,5,5
324,128,5,5
97,325,5,5
596,119,5,5
289,149,5,5
212,368,5,5
12,569,5,5
306,285,5,5
324,329,5,5
41,389,5,5
36,601,5,5
542,97,5,5
514,437,5,5
368,371,5,5
149,289,5,5
9,569,5,5
98,102,5,5
9,527,5,5
289,149,5,5
102,98,5,5
542,97,5,5
9,601,5,5
12,569,5,5
97,542,5,5
9,389,5,5
398,144,5,5
325,437,5,5
212,368,5,5
586,409,5,5
19,409,5,5
586,389,5,5
9,569,5,5
12,569,5,5
306,239,5,5
149,289,5,5
144,142,5,5
9,601,5,5
437,325,5,5
542,97,5,5
212,368,5,5
9,502,5,5
372,437,5,5
599,289,5,5
97,542,5,5
263,527,5,5
9,601,5,5
289,149,5,5
9,514,5,5
371,306,5,5
9,569,5,5
212,368,5,5
368,404,5,5
12,569,5,5
9,482,5,5
527,263,5,5
9,569,5,5
542,97,5,5
36,601,5,5
567,598,5,5
283,445,5,5
12,527,5,5
212,368,5,5
368,514,5,5
97,542,5,5
9,598,5,5
542,97,5,5
9,409,5,5
263,527,5,5
9,514,5,5
368,388,5,5
12,569,5,5
189,144,5,5
514,368,5,5
212,368,5,5
36,400,5,5
9,569,5,5
527,263,5,5
9,601,5,5
9,514,5,5
97,542,5,5
372,437,5,5
368,514,5,5
514,388,5,5
514,368,5,5
9,569,5,5
12,569,5,5
36,601,5,5
9,601,5,5
368,514,5,5
532,463,5,5
212,368,5,5
567,538,5,5
567,538,5,5
567,538,5,5
36,601,5,5
12,527,5,5
9,409,5,5
599,289,5,5
542,97,5,5
445,283,5,5
9,514,5,5
212,368,5,5
12,569,5,5
372,103,5,5
97,542,5,5
176,603,5,5
372,445,5,5
283,445,5,5
372,103,5,5
514,368,5,5
12,569,5,5
19,480,5,5
12,527,5,5
9,569,5,5
9,514,5,5
598,567,5,5
9,409,5,5
598,289,5,5
176,603,5,5
12,569,5,5
372,527,5,5
368,514,5,5
289,598,5,5
9,598,5,5
12,569,5,5
599,289,5,5
598,542,5,5
9,569,5,5
372,445,5,5
598,289,5,5
12,569,5,5
212,368,5,5
598,103,5,5
9,598,5,5
176,603,5,5
520,220,5,5
9,569,5,5
12,569,5,5
9,598,5,5
212,368,5,5
561,51,5,5
12,480,5,5
212,368,5,5
12,391,5,5
599,289,5,5
423,598,5,5
12,569,5,5
9,569,5,5
289,598,5,5
144,561,5,5
9,598,5,5
9,569,5,5
6,48,5,5
12,569,5,5
9,569,5,5
555,590,5,5
372,437,5,5
538,567,5,5
368,401,5,5
9,598,5,5
368,162,5,5
368,604,5,5
9,409,5,5
69,119,5,5
103,598,5,5
555,590,5,5
69,368,5,5
9,569,5,5
605,272,5,5
599,289,5,5
9,569,5,5
12,569,5,5
598,103,5,5
69,308,5,5
423,598,5,5
555,590,5,5
9,598,5,5
9,409,5,5
423,598,5,5
9,569,5,5
103,598,5,5
423,598,5,5
12,569,5,5
9,409,5,5
599,289,5,5
555,590,5,5
454,514,5,5
454,368,5,5
12,175,5,5
423,598,5,5
9,601,5,5
9,601,5,5
48,6,5,5
598,103,5,5
454,289,5,5
41,389,5,5
555,365,5,5
289,454,5,5
41,598,5,5
555,463,5,5
103,598,5,5
12,569,5,5
454,289,5,5
599,289,5,5
41,598,5,5
289,454,5,5
9,598,5,5
605,263,5,5
9,601,5,5
599,289,5,5
555,393,5,5
9,569,5,5
103,561,5,5
598,103,5,5
103,601,5,5
561,103,5,5
103,598,5,5
605,263,5,5
599,289,5,5
9,409,5,5
598,103,5,5
540,495,5,5
561,103,5,5
41,603,5,5
355,193,5,5
350,576,5,5
605,263,5,5
368,454,5,5
6,540,5,5
41,561,5,5
388,514,5,5
355,316,5,5
569,174,5,5
103,598,5,5
594,90,5,5
350,592,5,5
350,592,5,5
495,540,5,5
605,263,5,5
599,289,5,5
599,289,5,5
62,567,5,5
561,103,5,5
297,422,5,5
605,263,5,5
495,181,5,5
569,174,5,5
350,480,5,5
41,598,5,5
605,263,5,5
569,606,5,5
305,212,5,5
569,174,5,5
41,598,5,5
561,103,5,5
236,128,5,5
569,174,5,5
252,463,5,5
605,263,5,5
422,391,5,5
103,561,5,5
72,596,5,5
297,422,5,5
561,103,5,5
542,598,5,5
561,103,5,5
561,103,5,5
41,598,5,5
409,147,5,5
605,263,5,5
598,542,5,5
605,263,5,5
542,97,5,5
147,236,5,5
409,147,5,5
242,573,5,5
561,99,5,5
569,174,5,5
573,242,5,5
409,147,5,5
561,99,5,5
454,368,5,5
605,308,5,5
540,6,5,5
176,598,5,5
174,260,5,5
540,495,5,5
569,174,5,5
6,540,5,5
325,607,5,5
540,6,5,5
495,540,5,5
540,495,5,5
62,607,5,5
460,608,5,5
608,460,5,5
62,422,5,5
555,517,5,5
62,454,5,5
321,495,5,5
321,454,5,5
605,337,5,5
62,454,5,5
392,172,5,5
560,607,5,5
62,454,5,5
321,454,5,5
609,391,5,5
321,598,5,5
321,454,5,5
392,228,5,5
321,392,5,5
62,50,5,5
321,454,5,5
609,386,5,5
609,607,5,5
321,607,5,5
392,127,5,5
62,454,5,5
321,392,5,5
610,325,5,5
321,454,5,5
62,422,5,5
609,607,5,5
321,607,5,5
454,62,5,5
607,325,5,5
321,280,5,5
609,607,5,5
321,392,5,5
321,392,5,5
325,607,5,5
321,392,5,5
321,609,5,5
607,325,5,5
321,609,5,5
321,392,5,5
6,540,5,5
609,607,5,5
325,607,5,5
607,609,5,5
607,325,5,5
321,392,5,5
555,607,5,5
242,573,5,5
242,607,5,5
321,392,5,5
176,607,5,5
427,426,5,5
427,88,5,5
329,324,5,5
611,72,5,5
128,324,6,6
128,236,6,6
41,609,6,6
398,144,6,6
70,573,6,6
462,103,6,6
67,598,6,6
67,607,6,6
612,613,6,6
321,300,6,6
509,454,6,6
422,62,6,6
509,454,6,6
316,355,6,6
36,614,6,6
355,316,6,6
372,495,6,6
372,527,6,6
248,283,6,6
615,616,6,6
536,199,6,6
536,422,6,6
103,462,6,6
605,308,6,6
204,191,6,6
598,67,6,6
9,482,6,6
598,32,6,6
542,607,6,6
536,532,6,6
586,300,6,6
449,456,6,6
586,460,6,6
145,147,6,6
449,289,6,6
449,266,6,6
449,302,6,6
586,607,6,6
449,422,6,6
609,607,6,6
347,191,6,6
132,103,6,6
132,589,6,6
132,449,6,6
609,449,6,6
72,611,6,6
617,272,6,6
27,414,6,6
36,547,6,6
456,449,6,6
617,72,6,6
596,72,6,6
617,308,6,6
386,387,6,6
386,609,6,6
212,48,6,6
618,3,6,6
399,76,6,6
143,103,6,6
399,299,6,6
399,386,6,6
399,365,6,6
204,609,6,6
395,394,6,6
212,305,6,6
617,308,6,6
609,386,6,6
610,325,6,6
509,454,6,6
593,228,6,6
617,308,6,6
454,509,6,6
204,609,6,6
30,103,6,6
596,388,6,6
462,103,6,6
619,97,6,6
495,540,6,6
103,462,6,6
88,427,6,6
70,620,6,6
596,62,6,6
51,601,6,6
103,462,6,6
429,400,6,6
27,620,6,6
539,396,6,6
621,593,6,6
621,48,6,6
414,607,6,6
321,495,6,6
103,149,6,6
27,414,6,6
19,65,6,6
103,593,6,6
621,593,6,6
621,593,6,6
119,596,6,6
596,119,6,6
509,454,6,6
119,596,6,6
27,414,6,6
551,456,6,6
289,449,6,6
551,62,6,6
596,119,6,6
204,609,6,6
277,414,6,6
551,147,6,6
27,414,6,6
607,67,6,6
607,609,6,6
302,449,6,6
607,542,6,6
336,536,6,6
468,594,6,6
302,296,6,6
9,177,6,6
422,536,6,6
277,468,6,6
422,449,6,6
460,608,6,6
498,495,6,6
303,212,6,6
546,454,6,6
622,607,6,6
622,592,6,6
52,368,6,6
622,596,6,6
365,399,6,6
622,623,6,6
454,509,6,6
34,583,6,6
583,34,6,6
542,97,6,6
542,607,6,6
542,97,6,6
619,97,6,6
462,103,6,6
605,302,6,6
596,622,6,6
619,475,6,6
97,542,6,6
542,97,6,6
621,48,6,6
542,325,6,6
97,542,6,6
621,593,6,6
9,607,6,6
542,97,6,6
97,542,6,6
542,97,6,6
542,97,6,6
97,542,6,6
97,542,6,6
234,583,6,6
542,97,6,6
624,452,6,6
624,437,6,6
583,234,6,6
97,542,6,6
542,97,6,6
97,542,6,6
616,615,6,6
97,285,6,6
542,97,6,6
542,97,6,6
495,498,6,6
97,542,6,6
176,101,6,6
514,256,6,6
53,456,6,6
41,609,6,6
41,603,6,6
542,97,6,6
97,542,6,6
97,542,6,6
41,598,6,6
97,542,6,6
542,97,6,6
542,97,6,6
542,97,6,6
62,596,6,6
97,542,6,6
97,542,6,6
325,542,6,6
542,97,6,6
542,325,6,6
97,542,6,6
325,542,6,6
30,103,6,6
325,625,6,6
625,325,6,6
536,336,6,6
474,32,6,6
363,454,6,6
398,468,6,6
325,625,6,6
625,325,6,6
625,325,6,6
193,355,6,6
193,389,6,6
41,389,6,6
625,325,6,6
468,502,6,6
193,616,6,6
325,625,6,6
625,325,6,6
325,625,6,6
625,325,6,6
228,593,6,6
372,508,6,6
372,495,6,6
325,625,6,6
212,303,6,6
212,303,6,6
586,386,6,6
586,607,6,6
323,456,6,6
514,626,6,6
277,468,6,6
555,626,6,6
555,627,6,6
509,454,6,6
555,514,6,6
555,514,6,6
625,325,6,6
372,495,6,6
36,625,6,6
611,72,6,6
593,228,6,6
603,628,6,6
350,626,6,6
325,625,6,6
60,62,6,6
72,611,6,6
629,97,6,6
625,325,6,6
626,350,6,6
625,630,6,6
388,514,6,6
625,607,6,6
95,626,6,6
514,388,6,6
41,598,6,6
350,626,6,6
296,302,6,6
388,514,6,6
36,625,6,6
502,468,6,6
590,626,6,6
36,625,6,6
631,625,6,6
388,596,6,6
388,368,6,6
325,625,6,6
388,212,6,6
555,388,6,6
388,513,6,6
555,388,6,6
368,52,6,6
555,388,6,6
368,388,6,6
626,590,6,6
626,632,6,6
625,325,6,6
62,60,6,6
555,570,6,6
631,625,6,6
555,306,6,6
627,513,6,6
555,318,6,6
631,625,6,6
60,62,6,6
393,263,6,6
631,633,6,6
263,393,6,6
393,263,6,6
631,52,6,6
634,626,6,6
551,62,6,6
514,59,6,6
62,60,6,6
414,475,6,6
590,514,6,6
144,635,6,6
212,388,6,6
388,212,6,6
631,625,6,6
468,502,6,6
212,388,6,6
277,468,6,6
502,468,6,6
447,254,6,6
316,355,6,6
620,27,6,6
316,102,6,6
388,212,6,6
422,394,6,6
422,607,6,6
32,598,6,6
297,422,6,6
32,636,6,6
32,626,6,6
513,388,6,6
636,6,6,6
513,627,6,6
636,6,6,6
636,32,6,6
636,6,6,6
627,513,6,6
636,590,6,6
513,627,6,6
636,626,6,6
103,185,6,6
599,636,6,6
297,422,6,6
103,462,6,6
32,636,6,6
283,628,6,6
127,392,6,6
124,97,6,6
609,607,6,6
606,569,6,6
355,316,6,6
551,62,6,6
41,609,6,6
475,283,6,6
9,626,6,6
323,636,6,6
552,349,6,6
551,147,6,6
302,296,6,6
277,124,6,6
323,637,6,6
551,124,6,6
552,349,6,6
447,254,6,6
323,124,6,6
297,422,6,6
586,349,6,6
551,124,6,6
323,124,6,6
626,32,6,6
323,124,6,6
626,636,6,6
551,124,6,6
283,248,6,6
323,124,6,6
103,392,6,6
392,103,6,6
638,637,6,6
551,592,6,6
323,124,6,6
103,392,6,6
392,103,6,6
103,392,6,6
8,32,6,6
551,124,6,6
323,124,6,6
638,636,6,6
103,183,6,6
297,422,6,6
103,538,6,6
323,124,6,6
475,283,6,6
392,514,6,6
6,636,6,6
392,103,6,6
103,392,6,6
323,124,6,6
638,321,6,6
6,597,6,6
639,103,6,6
6,124,6,6
639,321,6,6
638,321,6,6
9,127,6,6
212,388,6,6
220,321,6,6
9,626,6,6
124,6,6,6
639,321,6,6
124,6,6,6
6,124,6,6
323,124,6,6
639,321,6,6
639,6,6,6
392,103,6,6
639,321,6,6
124,6,6,6
639,6,6,6
479,358,6,6
321,392,6,6
103,392,6,6
475,283,6,6
479,6,6,6
6,124,6,6
323,124,6,6
392,321,6,6
6,479,6,6
639,321,6,6
638,640,6,6
479,6,6,6
6,479,6,6
321,392,6,6
479,6,6,6
392,321,6,6
6,479,6,6
583,124,6,6
599,34,6,6
321,392,6,6
479,103,6,6
392,321,6,6
392,103,6,6
321,392,6,6
638,98,6,6
639,321,6,6
447,103,6,6
103,392,6,6
590,641,6,6
392,321,6,6
641,590,6,6
277,103,6,6
590,641,6,6
639,479,6,6
639,479,6,6
277,103,6,6
638,254,6,6
639,479,6,6
574,321,6,6
321,392,6,6
639,321,6,6
209,355,6,6
392,321,6,6
323,281,6,6
639,479,6,6
639,321,6,6
277,103,6,6
638,254,6,6
321,392,6,6
639,479,6,6
639,321,6,6
638,254,6,6
642,323,6,6
236,128,6,6
277,103,6,6
41,638,6,6
642,323,6,6
447,103,6,6
447,254,6,6
639,479,6,6
142,144,6,6
6,591,6,6
638,254,6,6
639,479,6,6
642,479,6,6
323,68,6,6
517,289,6,6
639,479,6,6
323,642,6,6
574,321,6,6
447,254,6,6
638,254,6,6
277,103,6,6
277,321,6,6
297,422,6,6
555,517,6,6
323,367,6,6
277,321,6,6
447,103,6,6
277,103,6,6
323,88,6,6
447,254,6,6
475,283,6,6
599,34,6,6
475,283,6,6
447,254,6,6
88,323,6,6
454,363,6,6
447,254,6,6
323,88,6,6
447,254,6,6
447,103,6,6
638,254,6,6
32,8,6,6
599,34,6,6
447,254,6,6
128,236,6,6
638,254,6,6
638,643,6,6
389,193,6,6
447,254,6,6
638,278,6,6
41,389,6,6
595,567,6,6
447,254,6,6
638,254,6,6
323,88,6,6
599,34,6,6
323,643,6,6
34,502,6,6
41,638,6,6
316,355,6,6
638,254,6,6
638,254,6,6
323,88,6,6
321,595,6,6
644,355,6,6
638,254,6,6
642,323,6,6
642,212,6,6
323,88,6,6
642,323,6,6
638,254,6,6
367,323,6,6
642,323,6,6
323,367,6,6
463,532,6,6
638,254,6,6
642,323,6,6
475,283,6,6
642,323,6,6
88,323,6,6
41,389,6,6
463,252,6,6
474,479,6,6
475,502,6,6
475,502,6,6
41,389,6,6
642,645,6,6
422,389,6,6
323,88,6,6
502,34,6,6
389,422,6,6
41,389,6,6
599,34,6,6
41,389,6,6
422,389,6,6
389,422,6,6
41,389,6,6
323,88,6,6
646,72,6,6
422,389,6,6
475,283,6,6
638,102,6,6
646,289,6,6
34,502,6,6
194,583,6,6
389,422,6,6
41,389,6,6
194,583,6,6
514,590,6,6
194,325,6,6
502,34,6,6
646,289,6,6
422,389,6,6
194,456,6,6
646,72,6,6
6,642,6,6
316,355,6,6
194,296,6,6
323,289,6,6
194,303,6,6
321,466,6,6
646,289,6,6
514,463,6,6
389,422,6,6
646,212,6,6
194,583,6,6
422,389,6,6
376,481,6,6
389,422,6,6
41,389,6,6
574,266,6,6
88,323,6,6
646,638,6,6
594,468,6,6
642,6,6,6
422,389,6,6
646,323,6,6
323,88,6,6
297,422,6,6
646,323,6,6
389,422,6,6
514,376,6,6
297,272,6,6
41,389,6,6
509,454,6,6
220,266,6,6
194,583,6,6
498,495,6,6
646,638,6,6
646,323,6,6
599,321,6,6
638,74,6,6
124,6,6,6
263,647,6,6
621,321,6,6
263,647,6,6
219,321,6,6
34,502,6,6
646,323,6,6
74,617,6,6
323,124,6,6
481,376,6,6
612,626,6,6
599,321,6,6
219,321,6,6
621,321,6,6
266,638,6,6
74,607,6,6
648,627,6,6
36,259,6,6
648,514,6,6
194,583,6,6
646,323,6,6
194,325,6,6
627,649,6,6
638,266,6,6
219,321,6,6
621,48,6,6
514,649,6,6
590,440,6,6
41,389,6,6
648,368,6,6
638,141,6,6
88,323,6,6
263,642,6,6
626,649,6,6
621,593,6,6
646,638,6,6
323,124,6,6
481,59,6,6
219,321,6,6
646,323,6,6
481,452,6,6
57,596,6,6
649,626,6,6
323,88,6,6
649,514,6,6
626,649,6,6
599,34,6,6
646,650,6,6
599,321,6,6
648,368,6,6
62,367,6,6
62,162,6,6
648,626,6,6
649,626,6,6
648,388,6,6
219,321,6,6
638,74,6,6
502,34,6,6
481,378,6,6
626,649,6,6
481,566,6,6
74,638,6,6
38,177,6,6
162,368,6,6
297,422,6,6
481,396,6,6
393,62,6,6
638,74,6,6
62,393,6,6
38,128,6,6
372,508,6,6
649,626,6,6
649,626,6,6
646,220,6,6
514,626,6,6
38,502,6,6
646,220,6,6
626,514,6,6
551,124,6,6
646,651,6,6
481,638,6,6
646,647,6,6
140,574,6,6
431,323,6,6
648,514,6,6
219,321,6,6
638,481,6,6
648,649,6,6
626,649,6,6
638,481,6,6
551,62,6,6
214,584,6,6
38,475,6,6
638,481,6,6
532,536,6,6
277,74,6,6
214,626,6,6
38,475,6,6
6,124,6,6
588,636,6,6
588,440,6,6
588,51,6,6
38,475,6,6
646,638,6,6
38,475,6,6
638,481,6,6
646,323,6,6
34,502,6,6
646,651,6,6
514,649,6,6
38,475,6,6
38,475,6,6
38,475,6,6
648,590,6,6
38,475,6,6
38,475,6,6
646,323,6,6
38,475,6,6
596,57,6,6
481,517,6,6
587,588,6,6
38,475,6,6
88,323,6,6
551,62,6,6
266,475,6,6
646,323,6,6
475,266,6,6
38,475,6,6
367,323,6,6
266,475,6,6
648,649,6,6
266,220,6,6
409,34,6,6
266,626,6,6
266,571,6,6
323,88,6,6
266,289,6,6
266,651,6,6
212,305,6,6
266,437,6,6
38,475,6,6
266,124,6,6
475,266,6,6
38,101,6,6
266,243,6,6
266,112,6,6
266,577,6,6
266,429,6,6
266,367,6,6
38,475,6,6
214,475,6,6
323,367,6,6
266,652,6,6
266,481,6,6
502,34,6,6
475,214,6,6
266,653,6,6
266,8,6,6
643,638,6,6
596,388,6,6
638,643,6,6
38,475,6,6
596,62,6,6
266,645,6,6
38,128,6,6
266,650,6,6
214,475,6,6
266,388,6,6
266,368,6,6
574,140,6,6
266,321,6,6
368,162,6,6
266,573,6,6
266,48,6,6
27,620,6,6
654,514,6,6
27,414,6,6
266,542,6,6
475,214,6,6
649,289,6,6
38,475,6,6
214,475,6,6
266,596,6,6
266,482,6,6
475,214,6,6
38,475,6,6
214,475,6,6
266,72,6,6
266,214,6,6
103,299,6,6
266,557,6,6
372,652,6,6
266,649,6,6
131,638,6,6
266,299,6,6
266,502,6,6
266,242,6,6
475,214,6,6
38,475,6,6
266,103,6,6
38,475,6,6
654,514,6,6
266,627,6,6
266,325,6,6
266,590,6,6
214,475,6,6
266,554,6,6
212,289,6,6
38,475,6,6
636,371,6,6
266,228,6,6
648,649,6,6
266,172,6,6
289,649,6,6
266,583,6,6
212,289,6,6
38,475,6,6
266,522,6,6
636,626,6,6
654,228,6,6
649,289,6,6
1,477,6,6
266,72,6,6
38,475,6,6
3,618,6,6
214,101,6,6
99,626,6,6
372,103,6,6
648,649,6,6
38,475,6,6
372,652,6,6
228,626,6,6
638,482,6,6
323,367,6,6
574,652,6,6
266,72,6,6
323,636,6,6
638,482,6,6
569,372,6,6
555,463,6,6
475,214,6,6
596,62,6,6
38,626,6,6
372,103,6,6
638,482,6,6
574,652,6,6
555,62,6,6
38,475,6,6
289,649,6,6
127,475,6,6
596,62,6,6
212,576,6,6
654,481,6,6
212,576,6,6
38,475,6,6
212,576,6,6
638,482,6,6
612,502,6,6
372,103,6,6
475,127,6,6
342,194,6,6
649,289,6,6
619,475,6,6
648,513,6,6
372,103,6,6
574,652,6,6
38,475,6,6
277,649,6,6
38,475,6,6
638,482,6,6
652,72,6,6
277,74,6,6
654,254,6,6
103,63,6,6
652,574,6,6
38,475,6,6
557,302,6,6
323,68,6,6
228,593,6,6
619,194,6,6
72,652,6,6
38,475,6,6
281,323,6,6
574,652,6,6
285,422,6,6
638,482,6,6
281,323,6,6
38,475,6,6
652,72,6,6
38,475,6,6
652,574,6,6
38,475,6,6
254,343,6,6
574,652,6,6
372,437,6,6
38,475,6,6
38,475,6,6
596,644,6,6
652,574,6,6
574,652,6,6
567,595,6,6
638,482,6,6
648,368,6,6
72,652,6,6
654,254,6,6
38,475,6,6
638,48,6,6
638,482,6,6
495,372,6,6
38,475,6,6
228,392,6,6
638,48,6,6
652,72,6,6
38,475,6,6
495,498,6,6
456,194,6,6
254,495,6,6
655,656,6,6
648,349,6,6
655,656,6,6
323,281,6,6
638,48,6,6
655,657,6,6
259,638,6,6
474,32,6,6
456,194,6,6
266,658,6,6
655,636,6,6
659,660,6,6
266,661,6,6
659,660,6,6
655,662,6,6
495,254,6,6
323,68,6,6
266,663,6,6
655,664,6,6
254,626,6,6
655,665,6,6
266,666,6,6
655,645,6,6
626,228,6,6
72,652,6,6
655,632,6,6
667,658,6,6
281,323,6,6
654,254,6,6
655,627,6,6
38,475,6,6
655,626,6,6
655,640,6,6
655,668,6,6
655,669,6,6
266,642,6,6
655,630,6,6
655,633,6,6
38,475,6,6
418,642,6,6
266,637,6,6
655,670,6,6
648,368,6,6
655,671,6,6
38,475,6,6
514,405,6,6
655,672,6,6
131,527,6,6
626,99,6,6
254,495,6,6
619,596,6,6
67,598,6,6
654,652,6,6
323,281,6,6
38,475,6,6
371,636,6,6
38,475,6,6
652,72,6,6
323,68,6,6
323,68,6,6
9,569,6,6
619,596,6,6
38,475,6,6
617,272,6,6
6,278,6,6
514,517,6,6
372,495,6,6
673,254,6,6
654,652,6,6
372,673,6,6
38,475,6,6
176,475,6,6
619,661,6,6
323,68,6,6
281,323,6,6
605,272,6,6
617,74,6,6
254,673,6,6
652,654,6,6
349,655,6,6
673,372,6,6
349,655,6,6
72,652,6,6
323,281,6,6
654,652,6,6
673,254,6,6
323,68,6,6
431,323,6,6
259,256,6,6
176,515,6,6
652,654,6,6
12,101,6,6
254,673,6,6
281,323,6,6
12,527,6,6
99,626,6,6
652,72,6,6
615,616,6,6
605,266,6,6
654,652,6,6
252,463,6,6
12,175,6,6
323,68,6,6
422,285,6,6
259,343,6,6
655,349,6,6
254,344,6,6
652,654,6,6
6,603,6,6
673,254,6,6
323,281,6,6
636,371,6,6
73,343,6,6
654,652,6,6
615,666,6,6
393,62,6,6
145,479,6,6
626,99,6,6
431,323,6,6
605,103,6,6
103,673,6,6
259,48,6,6
323,281,6,6
371,636,6,6
654,456,6,6
6,73,6,6
297,422,6,6
605,266,6,6
281,323,6,6
456,654,6,6
652,654,6,6
673,103,6,6
394,422,6,6
652,654,6,6
605,103,6,6
323,281,6,6
297,422,6,6
254,673,6,6
654,652,6,6
654,456,6,6
73,6,6,6
62,393,6,6
638,482,6,6
652,654,6,6
259,242,6,6
638,48,6,6
599,511,6,6
456,654,6,6
673,254,6,6
259,299,6,6
103,673,6,6
654,99,6,6
12,658,6,6
281,323,6,6
254,673,6,6
654,456,6,6
673,103,6,6
605,289,6,6
12,658,6,6
652,654,6,6
673,254,6,6
103,673,6,6
422,394,6,6
277,496,6,6
654,652,6,6
605,103,6,6
323,281,6,6
254,673,6,6
605,289,6,6
515,194,6,6
654,456,6,6
674,302,6,6
496,475,6,6
673,103,6,6
673,254,6,6
297,422,6,6
41,658,6,6
176,475,6,6
652,654,6,6
349,655,6,6
12,658,6,6
41,598,6,6
277,496,6,6
199,536,6,6
605,103,6,6
281,323,6,6
551,456,6,6
103,673,6,6
605,289,6,6
6,73,6,6
482,194,6,6
654,652,6,6
41,658,6,6
6,73,6,6
254,598,6,6
12,658,6,6
481,6,6,6
673,289,6,6
277,496,6,6
496,437,6,6
372,673,6,6
673,103,6,6
323,281,6,6
12,8,6,6
289,673,6,6
673,372,6,6
297,422,6,6
103,673,6,6
277,299,6,6
74,73,6,6
617,456,6,6
605,289,6,6
673,289,6,6
456,654,6,6
673,103,6,6
73,6,6,6
6,481,6,6
73,74,6,6
388,596,6,6
6,73,6,6
211,194,6,6
652,654,6,6
277,496,6,6
211,194,6,6
617,516,6,6
654,456,6,6
12,658,6,6
289,673,6,6
53,456,6,6
555,62,6,6
51,314,6,6
194,482,6,6
605,103,6,6
481,6,6,6
280,321,6,6
654,652,6,6
640,638,6,6
555,147,6,6
372,673,6,6
372,673,6,6
103,673,6,6
254,299,6,6
103,675,6,6
317,368,6,6
555,62,6,6
422,194,6,6
642,263,6,6
321,280,6,6
642,418,6,6
479,314,6,6
321,675,6,6
317,6,6,6
605,103,6,6
496,658,6,6
277,673,6,6
277,514,6,6
252,6,6,6
277,496,6,6
555,676,6,6
12,8,6,6
673,103,6,6
277,673,6,6
631,463,6,6
555,676,6,6
555,676,6,6
658,496,6,6
277,673,6,6
673,289,6,6
317,308,6,6
73,6,6,6
605,103,6,6
496,658,6,6
617,340,6,6
605,74,6,6
638,640,6,6
277,673,6,6
605,103,6,6
424,495,6,6
297,422,6,6
525,211,6,6
638,640,6,6
525,51,6,6
638,640,6,6
525,103,6,6
323,68,6,6
242,259,6,6
652,654,6,6
638,48,6,6
605,74,6,6
617,254,6,6
317,6,6,6
482,194,6,6
323,68,6,6
248,603,6,6
51,525,6,6
9,8,6,6
297,422,6,6
496,523,6,6
525,51,6,6
355,316,6,6
6,252,6,6
69,6,6,6
69,119,6,6
605,74,6,6
9,640,6,6
9,636,6,6
667,658,6,6
355,316,6,6
617,677,6,6
69,6,6,6
51,525,6,6
396,481,6,6
317,6,6,6
9,640,6,6
642,325,6,6
99,654,6,6
99,626,6,6
323,68,6,6
9,640,6,6
667,658,6,6
667,658,6,6
212,642,6,6
596,388,6,6
479,212,6,6
99,654,6,6
658,496,6,6
212,479,6,6
617,640,6,6
640,617,6,6
9,640,6,6
525,51,6,6
617,640,6,6
9,8,6,6
325,642,6,6
605,74,6,6
51,525,6,6
617,640,6,6
652,302,6,6
212,479,6,6
636,388,6,6
642,325,6,6
388,636,6,6
468,594,6,6
555,502,6,6
605,74,6,6
636,388,6,6
9,658,6,6
555,654,6,6
605,272,6,6
9,638,6,6
617,272,6,6
277,468,6,6
555,636,6,6
525,51,6,6
323,636,6,6
9,8,6,6
323,68,6,6
588,51,6,6
631,662,6,6
555,306,6,6
323,640,6,6
277,652,6,6
639,642,6,6
316,355,6,6
212,642,6,6
323,636,6,6
617,640,6,6
660,659,6,6
323,640,6,6
277,652,6,6
323,640,6,6
103,525,6,6
51,525,6,6
431,323,6,6
617,74,6,6
640,323,6,6
325,642,6,6
588,51,6,6
639,481,6,6
9,569,6,6
317,316,6,6
176,475,6,6
323,640,6,6
323,640,6,6
9,389,6,6
431,323,6,6
640,323,6,6
525,51,6,6
181,454,6,6
277,652,6,6
323,640,6,6
525,103,6,6
72,678,6,6
525,103,6,6
317,325,6,6
334,128,6,6
431,323,6,6
277,652,6,6
181,495,6,6
640,323,6,6
259,242,6,6
588,51,6,6
323,640,6,6
51,525,6,6
617,487,6,6
323,640,6,6
640,323,6,6
323,68,6,6
317,325,6,6
588,440,6,6
323,640,6,6
278,638,6,6
317,316,6,6
617,74,6,6
51,525,6,6
278,6,6,6
277,583,6,6
640,323,6,6
679,162,6,6
316,325,6,6
617,112,6,6
439,636,6,6
334,128,6,6
323,640,6,6
9,8,6,6
323,68,6,6
325,316,6,6
323,640,6,6
259,256,6,6
316,325,6,6
367,323,6,6
323,640,6,6
439,440,6,6
573,184,6,6
638,278,6,6
617,640,6,6
181,355,6,6
323,367,6,6
325,316,6,6
431,323,6,6
662,625,6,6
525,51,6,6
74,617,6,6
679,404,6,6
323,68,6,6
367,323,6,6
51,525,6,6
51,525,6,6
640,617,6,6
323,367,6,6
617,487,6,6
323,640,6,6
74,680,6,6
316,325,6,6
405,514,6,6
617,640,6,6
9,8,6,6
9,409,6,6
51,525,6,6
640,617,6,6
323,367,6,6
679,132,6,6
681,588,6,6
323,640,6,6
525,51,6,6
325,316,6,6
679,132,6,6
525,51,6,6
617,74,6,6
300,368,6,6
367,323,6,6
323,181,6,6
95,682,6,6
289,638,6,6
646,673,6,6
323,367,6,6
103,525,6,6
638,289,6,6
300,321,6,6
525,103,6,6
176,475,6,6
617,640,6,6
367,323,6,6
638,289,6,6
617,640,6,6
103,525,6,6
316,325,6,6
487,658,6,6
323,68,6,6
355,181,6,6
487,658,6,6
68,3,6,6
525,103,6,6
297,272,6,6
51,525,6,6
680,74,6,6
368,300,6,6
525,51,6,6
323,367,6,6
646,673,6,6
323,68,6,6
181,355,6,6
681,588,6,6
74,680,6,6
181,323,6,6
259,289,6,6
539,425,6,6
605,263,6,6
51,525,6,6
325,316,6,6
525,51,6,6
323,68,6,6
248,375,6,6
68,323,6,6
681,588,6,6
316,74,6,6
181,598,6,6
642,325,6,6
316,325,6,6
68,323,6,6
344,254,6,6
308,540,6,6
355,316,6,6
316,355,6,6
323,68,6,6
525,103,6,6
323,68,6,6
355,181,6,6
44,456,6,6
74,316,6,6
355,316,6,6
323,642,6,6
181,323,6,6
325,316,6,6
513,636,6,6
316,74,6,6
513,641,6,6
181,355,6,6
316,355,6,6
74,316,6,6
638,88,6,6
44,432,6,6
316,325,6,6
44,74,6,6
74,316,6,6
487,437,6,6
181,316,6,6
487,437,6,6
487,437,6,6
316,74,6,6
316,181,6,6
625,662,6,6
181,396,6,6
316,74,6,6
176,475,6,6
355,181,6,6
181,316,6,6
325,316,6,6
355,316,6,6
415,436,6,6
181,355,6,6
316,181,6,6
74,316,6,6
651,97,6,6
316,325,6,6
683,413,6,6
651,638,6,6
638,651,6,6
683,413,6,6
316,355,6,6
323,68,6,6
316,74,6,6
555,502,6,6
325,316,6,6
603,6,6,6
605,413,6,6
638,651,6,6
603,248,6,6
413,683,6,6
172,684,6,6
396,181,6,6
683,413,6,6
605,413,6,6
513,588,6,6
316,325,6,6
625,534,6,6
513,388,6,6
334,128,6,6
603,248,6,6
683,72,6,6
325,316,6,6
413,683,6,6
588,513,6,6
242,259,6,6
367,323,6,6
388,513,6,6
605,413,6,6
631,335,6,6
72,683,6,6
631,115,6,6
242,638,6,6
638,242,6,6
128,685,6,6
631,596,6,6
683,413,6,6
607,74,6,6
6,278,6,6
647,263,6,6
605,413,6,6
6,603,6,6
388,590,6,6
439,513,6,6
413,683,6,6
605,413,6,6
263,647,6,6
355,193,6,6
325,632,6,6
605,263,6,6
683,413,6,6
323,367,6,6
413,683,6,6
605,413,6,6
323,68,6,6
212,236,6,6
605,263,6,6
683,413,6,6
605,263,6,6
683,72,6,6
631,625,6,6
555,391,6,6
367,323,6,6
555,502,6,6
603,375,6,6
683,413,6,6
440,588,6,6
605,413,6,6
422,375,6,6
181,316,6,6
252,607,6,6
181,396,6,6
588,440,6,6
605,413,6,6
375,283,6,6
375,603,6,6
683,413,6,6
440,588,6,6
63,95,6,6
588,560,6,6
590,388,6,6
236,128,6,6
588,440,6,6
440,588,6,6
605,413,6,6
496,316,6,6
632,325,6,6
248,603,6,6
588,440,6,6
632,626,6,6
325,632,6,6
413,683,6,6
496,683,6,6
236,212,6,6
632,325,6,6
413,683,6,6
248,375,6,6
375,248,6,6
440,588,6,6
375,248,6,6
496,101,6,6
72,683,6,6
248,375,6,6
588,440,6,6
605,413,6,6
323,68,6,6
496,588,6,6
375,248,6,6
323,367,6,6
325,632,6,6
496,375,6,6
588,496,6,6
323,68,6,6
605,413,6,6
375,496,6,6
323,367,6,6
323,68,6,6
72,677,6,6
496,588,6,6
323,98,6,6
496,375,6,6
632,325,6,6
588,496,6,6
176,248,6,6
325,632,6,6
683,413,6,6
323,181,6,6
496,588,6,6
632,325,6,6
686,72,6,6
297,422,6,6
388,590,6,6
413,683,6,6
605,413,6,6
683,413,6,6
686,72,6,6
413,683,6,6
686,72,6,6
605,413,6,6
351,658,6,6
351,658,6,6
325,683,6,6
686,640,6,6
683,413,6,6
683,325,6,6
413,683,6,6
325,683,6,6
540,308,6,6
252,687,6,6
683,325,6,6
683,413,6,6
540,306,6,6
413,683,6,6
687,212,6,6
48,683,6,6
191,239,6,6
594,468,6,6
68,607,6,6
683,413,6,6
683,48,6,6
683,194,6,6
194,683,6,6
194,482,6,6
413,683,6,6
194,422,6,6
194,515,6,6
683,194,6,6
683,48,6,6
194,683,6,6
683,413,6,6
683,194,6,6
413,683,6,6
72,683,6,6
683,72,6,6
62,688,6,6
677,72,6,6
687,638,6,6
683,413,6,6
325,683,6,6
72,683,6,6
683,194,6,6
413,654,6,6
683,72,6,6
72,677,6,6
72,683,6,6
413,683,6,6
388,513,6,6
683,72,6,6
666,689,6,6
683,413,6,6
413,683,6,6
594,475,6,6
252,472,6,6
252,387,6,6
683,413,6,6
72,683,6,6
555,502,6,6
413,683,6,6
72,688,6,6
655,349,6,6
683,72,6,6
297,422,6,6
194,683,6,6
194,422,6,6
683,413,6,6
683,194,6,6
413,683,6,6
555,545,6,6
103,683,6,6
555,641,6,6
683,103,6,6
688,72,6,6
409,236,6,6
683,413,6,6
103,683,6,6
688,103,6,6
413,683,6,6
103,688,6,6
413,690,6,6
688,103,6,6
683,103,6,6
103,683,6,6
252,638,6,6
683,413,6,6
413,683,6,6
194,683,6,6
683,413,6,6
683,194,6,6
72,683,6,6
413,683,6,6
683,72,6,6
688,260,6,6
72,683,6,6
683,413,6,6
683,72,6,6
413,683,6,6
72,683,6,6
683,413,6,6
683,72,6,6
413,683,6,6
683,72,6,6
683,413,6,6
520,321,6,6
72,683,6,6
413,683,6,6
683,72,6,6
683,413,6,6
413,683,6,6
72,683,6,6
683,413,6,6
683,72,6,6
683,72,6,6
72,683,6,6
413,683,6,6
72,683,6,6
683,413,6,6
683,72,6,6
413,683,6,6
72,683,6,6
683,72,6,6
72,683,6,6
683,413,6,6
413,683,6,6
683,413,6,6
638,88,6,6
626,99,6,6
638,252,6,6
638,687,6,6
638,396,6,6
638,98,6,6
626,632,6,6
447,612,6,6
638,102,6,6
456,654,6,6
342,658,6,6
611,72,6,6
9,683,6,6
41,375,6,6
321,300,6,6
321,3,6,6
321,663,6,6
254,344,6,6
41,515,6,6
96,62,6,6
67,430,6,6
266,663,6,6
67,683,6,6
266,252,6,6
266,691,6,6
266,688,6,6
266,687,6,6
266,692,6,6
266,693,6,6
266,680,6,6
266,677,6,6
266,694,6,6
400,429,6,6
266,676,6,6
266,658,6,6
266,695,6,6
266,155,6,6
266,68,6,6
212,687,6,6
212,642,6,6
336,536,6,6
567,638,6,6
70,620,6,6
696,212,6,6
429,289,6,6
475,594,6,6
36,259,6,6
36,413,6,6
36,73,6,6
244,415,6,6
482,194,6,6
536,532,6,6
536,199,6,6
9,177,6,6
697,321,6,6
697,321,6,6
321,299,6,6
297,272,6,6
394,456,6,6
319,540,6,6
29,654,6,6
468,594,6,6
586,300,6,6
586,638,6,6
394,522,6,6
697,422,6,6
498,495,6,6
32,474,6,6
586,666,6,6
184,573,6,6
586,252,6,6
586,481,6,6
278,6,6,6
394,177,6,6
99,626,6,6
394,676,6,6
321,587,6,6
394,393,6,6
681,32,6,6
681,627,6,6
632,626,6,6
339,437,6,6
681,52,6,6
272,297,6,6
681,388,6,6
589,132,6,6
681,388,6,6
639,252,6,6
551,83,6,6
297,272,6,6
339,698,6,6
339,698,6,6
339,493,6,6
698,184,6,6
681,698,6,6
681,140,6,6
282,456,6,6
337,220,6,6
220,337,6,6
282,34,6,6
337,220,6,6
220,337,6,6
337,220,6,6
513,388,6,6
481,396,6,6
513,649,6,6
638,567,6,6
376,514,6,6
376,252,6,6
376,687,6,6
184,698,6,6
605,337,6,6
555,402,6,6
605,272,6,6
147,349,6,6
698,184,6,6
509,454,6,6
236,389,6,6
220,337,6,6
184,698,6,6
616,570,6,6
698,184,6,6
509,616,6,6
429,400,6,6
509,698,6,6
687,481,6,6
509,513,6,6
79,8,6,6
252,376,6,6
220,79,6,6
220,337,6,6
681,698,6,6
389,236,6,6
681,32,6,6
509,454,6,6
617,272,6,6
639,481,6,6
509,389,6,6
617,640,6,6
681,388,6,6
454,509,6,6
509,454,6,6
639,632,6,6
599,79,6,6
509,454,6,6
639,687,6,6
617,74,6,6
639,509,6,6
509,454,6,6
454,509,6,6
509,454,6,6
162,368,6,6
617,254,6,6
220,308,6,6
617,677,6,6
509,302,6,6
509,454,6,6
199,536,6,6
617,259,6,6
509,454,6,6
642,323,6,6
509,454,6,6
617,103,6,6
617,557,6,6
323,642,6,6
252,598,6,6
673,337,6,6
673,620,6,6
699,245,6,6
646,673,6,6
400,429,6,6
673,422,6,6
646,673,6,6
646,673,6,6
372,437,6,6
372,375,6,6
673,88,6,6
236,389,6,6
673,454,6,6
646,683,6,6
252,598,6,6
626,99,6,6
317,308,6,6
626,632,6,6
349,147,6,6
482,598,6,6
289,429,6,6
389,236,6,6
339,626,6,6
317,680,6,6
339,289,6,6
289,598,6,6
272,297,6,6
626,590,6,6
649,513,6,6
103,617,6,6
376,252,6,6
317,659,6,6
272,297,6,6
626,649,6,6
598,252,6,6
339,598,6,6
598,289,6,6
339,314,6,6
103,441,6,6
626,689,6,6
649,626,6,6
626,649,6,6
598,482,6,6
590,626,6,6
649,626,6,6
103,699,6,6
204,481,6,6
339,441,6,6
687,481,6,6
590,649,6,6
372,314,6,6
103,314,6,6
649,590,6,6
252,598,6,6
639,687,6,6
103,688,6,6
598,252,6,6
302,557,6,6
302,674,6,6
302,652,6,6
282,103,6,6
252,598,6,6
252,598,6,6
30,103,6,6
598,252,6,6
598,252,6,6
306,540,6,6
681,306,6,6
277,422,6,6
700,481,6,6
277,609,6,6
598,542,6,6
277,649,6,6
36,317,6,6
683,67,6,6
586,589,6,6
586,252,6,6
586,481,6,6
555,440,6,6
652,302,6,6
277,649,6,6
586,481,6,6
36,129,6,6
586,616,6,6
404,6,6,6
277,649,6,6
404,368,6,6
697,422,6,6
277,649,6,6
134,103,6,6
536,199,6,6
72,611,6,6
586,698,6,6
161,162,6,6
228,626,6,6
422,673,6,6
220,646,6,6
277,422,6,6
422,598,6,6
481,687,6,6
697,422,6,6
481,687,6,6
495,498,6,6
481,429,6,6
495,181,6,6
495,424,6,6
697,422,6,6
481,396,6,6
252,598,6,6
252,598,6,6
551,673,6,6
701,481,6,6
36,129,6,6
551,34,6,6
36,281,6,6
551,83,6,6
617,272,6,6
605,272,6,6
296,194,6,6
495,254,6,6
481,642,6,6
701,481,6,6
481,387,6,6
701,254,6,6
277,649,6,6
701,481,6,6
36,129,6,6
254,495,6,6
277,649,6,6
701,481,6,6
697,422,6,6
619,194,6,6
701,254,6,6
277,649,6,6
701,481,6,6
48,683,6,6
456,394,6,6
701,254,6,6
132,589,6,6
277,649,6,6
673,422,6,6
422,673,6,6
482,598,6,6
673,422,6,6
277,649,6,6
701,254,6,6
551,673,6,6
701,481,6,6
145,479,6,6
551,62,6,6
145,254,6,6
701,254,6,6
277,649,6,6
289,598,6,6
551,456,6,6
482,598,6,6
277,649,6,6
254,495,6,6
551,673,6,6
701,254,6,6
277,649,6,6
681,52,6,6
277,649,6,6
212,388,6,6
551,673,6,6
277,649,6,6
701,254,6,6
551,590,6,6
701,254,6,6
277,649,6,6
701,254,6,6
551,673,6,6
245,699,6,6
277,649,6,6
277,649,6,6
12,101,6,6
12,300,6,6
277,649,6,6
701,254,6,6
701,254,6,6
673,413,6,6
673,554,6,6
277,649,6,6
642,323,6,6
642,481,6,6
12,389,6,6
539,536,6,6
325,573,6,6
259,598,6,6
277,649,6,6
12,479,6,6
12,8,6,6
586,673,6,6
277,649,6,6
277,649,6,6
586,673,6,6
12,536,6,6
673,702,6,6
212,703,6,6
145,254,6,6
12,536,6,6
551,673,6,6
551,673,6,6
551,673,6,6
540,616,6,6
551,62,6,6
551,673,6,6
551,590,6,6
337,220,6,6
204,103,6,6
551,590,6,6
147,349,6,6
357,134,6,6
252,598,6,6
551,673,6,6
337,673,6,6
551,62,6,6
372,495,6,6
103,673,6,6
454,673,6,6
286,400,6,6
697,73,6,6
704,212,6,6
704,72,6,6
12,389,6,6
12,536,6,6
683,48,6,6
463,514,6,6
697,644,6,6
644,596,6,6
103,683,6,6
394,456,6,6
12,389,6,6
277,649,6,6
554,673,6,6
513,649,6,6
513,263,6,6
649,513,6,6
368,404,6,6
673,337,6,6
686,640,6,6
686,72,6,6
686,339,6,6
686,72,6,6
99,8,6,6
277,172,6,6
687,479,6,6
581,328,6,6
705,154,6,6
484,706,6,6
686,72,6,6
586,673,6,6
586,687,6,6
686,263,6,6
586,687,6,6
586,616,6,6
9,282,6,6
644,626,6,6
644,626,6,6
99,626,6,6
9,683,6,6
644,547,6,6
547,644,6,6
437,372,6,6
644,547,6,6
124,323,6,6
644,707,6,6
181,495,6,6
678,323,6,6
704,707,6,6
678,437,6,6
590,513,6,6
532,536,6,6
400,286,6,6
34,707,6,6
212,236,6,6
678,707,6,6
351,598,6,6
400,621,6,6
181,454,6,6
337,673,6,6
400,396,6,6
8,99,6,6
176,707,6,6
678,212,6,6
176,184,6,6
536,532,6,6
639,632,6,6
639,481,6,6
569,191,6,6
454,181,6,6
678,699,6,6
400,437,6,6
617,340,6,6
678,572,6,6
302,652,6,6
679,162,6,6
679,26,6,6
594,475,6,6
617,400,6,6
679,688,6,6
678,570,6,6
212,678,6,6
594,468,6,6
617,302,6,6
617,302,6,6
649,337,6,6
337,649,6,6
337,281,6,6
99,8,6,6
400,683,6,6
239,191,6,6
638,532,6,6
583,337,6,6
638,242,6,6
649,337,6,6
573,325,6,6
400,617,6,6
252,463,6,6
337,649,6,6
638,603,6,6
649,337,6,6
349,147,6,6
400,617,6,6
337,583,6,6
586,402,6,6
495,254,6,6
456,394,6,6
495,372,6,6
513,590,6,6
400,638,6,6
674,302,6,6
378,481,6,6
586,707,6,6
9,683,6,6
263,513,6,6
181,495,6,6
9,708,6,6
181,454,6,6
299,254,6,6
638,400,6,6
400,513,6,6
299,321,6,6
181,97,6,6
74,707,6,6
74,708,6,6
400,598,6,6
88,673,6,6
509,707,6,6
74,699,6,6
73,74,6,6
513,263,6,6
697,73,6,6
513,400,6,6
74,73,6,6
400,224,6,6
400,224,6,6
73,74,6,6
644,52,6,6
224,400,6,6
644,52,6,6
263,513,6,6
513,263,6,6
281,337,6,6
481,378,6,6
400,224,6,6
697,74,6,6
709,689,6,6
697,73,6,6
569,606,6,6
263,513,6,6
681,52,6,6
224,400,6,6
236,389,6,6
400,224,6,6
224,400,6,6
236,212,6,6
551,62,6,6
224,400,6,6
372,437,6,6
598,400,6,6
551,34,6,6
372,495,6,6
400,224,6,6
224,400,6,6
474,400,6,6
539,536,6,6
396,481,6,6
520,638,6,6
461,407,6,6
224,400,6,6
705,707,6,6
396,481,6,6
551,124,6,6
407,461,6,6
705,710,6,6
705,710,6,6
705,710,6,6
407,461,6,6
437,372,6,6
407,425,6,6
41,707,6,6
400,224,6,6
302,674,6,6
396,400,6,6
659,413,6,6
357,659,6,6
323,124,6,6
400,474,6,6
364,532,6,6
323,678,6,6
357,711,6,6
400,224,6,6
400,396,6,6
474,400,6,6
357,598,6,6
513,263,6,6
274,201,6,6
400,323,6,6
274,201,6,6
481,396,6,6
323,400,6,6
400,63,6,6
396,400,6,6
274,201,6,6
400,323,6,6
396,481,6,6
323,400,6,6
263,513,6,6
274,201,6,6
400,598,6,6
481,396,6,6
602,297,6,6
34,698,6,6
674,302,6,6
481,6,6,6
598,400,6,6
514,698,6,6
297,272,6,6
274,201,6,6
598,400,6,6
514,396,6,6
481,396,6,6
704,712,6,6
277,602,6,6
638,252,6,6
400,598,6,6
638,687,6,6
638,603,6,6
704,711,6,6
638,323,6,6
396,481,6,6
297,272,6,6
598,400,6,6
297,602,6,6
396,481,6,6
704,712,6,6
713,184,6,6
372,437,6,6
463,252,6,6
400,396,6,6
454,181,6,6
400,598,6,6
583,337,6,6
212,480,6,6
713,236,6,6
274,645,6,6
586,687,6,6
372,385,6,6
214,712,6,6
481,396,6,6
351,99,6,6
598,400,6,6
252,463,6,6
598,400,6,6
712,214,6,6
252,463,6,6
522,394,6,6
713,714,6,6
400,659,6,6
713,712,6,6
400,598,6,6
32,711,6,6
713,103,6,6
54,393,6,6
711,32,6,6
6,481,6,6
713,351,6,6
32,708,6,6
32,711,6,6
598,400,6,6
712,6,6,6
713,32,6,6
713,712,6,6
400,598,6,6
711,32,6,6
659,400,6,6
6,712,6,6
713,715,6,6
598,400,6,6
32,711,6,6
713,712,6,6
712,6,6,6
713,32,6,6
481,6,6,6
110,638,6,6
713,716,6,6
679,372,6,6
6,712,6,6
6,481,6,6
713,17,6,6
711,32,6,6
679,372,6,6
713,105,6,6
712,6,6,6
713,359,6,6
32,711,6,6
72,683,6,6
713,712,6,6
712,212,6,6
713,32,6,6
713,172,6,6
400,659,6,6
212,712,6,6
616,540,6,6
713,712,6,6
239,191,6,6
713,156,6,6
713,717,6,6
713,718,6,6
713,242,6,6
616,509,6,6
713,32,6,6
274,703,6,6
713,712,6,6
6,712,6,6
586,616,6,6
713,103,6,6
212,712,6,6
8,99,6,6
713,102,6,6
713,400,6,6
712,6,6,6
162,161,6,6
274,719,6,6
99,8,6,6
212,712,6,6
8,99,6,6
711,32,6,6
274,720,6,6
212,712,6,6
101,184,6,6
233,19,6,6
274,597,6,6
681,32,6,6
681,659,6,6
6,712,6,6
212,712,6,6
712,6,6,6
6,712,6,6
274,644,6,6
712,6,6,6
713,242,6,6
713,482,6,6
6,712,6,6
212,236,6,6
127,707,6,6
274,6,6,6
212,712,6,6
712,6,6,6
212,678,6,6
713,712,6,6
103,712,6,6
99,8,6,6
712,103,6,6
6,712,6,6
400,721,6,6
103,712,6,6
713,172,6,6
603,722,6,6
595,321,6,6
603,628,6,6
713,236,6,6
712,6,6,6
212,712,6,6
462,103,6,6
603,515,6,6
705,707,6,6
712,103,6,6
595,567,6,6
646,683,6,6
627,723,6,6
713,103,6,6
621,400,6,6
713,400,6,6
181,454,6,6
713,712,6,6
713,127,6,6
713,724,6,6
6,712,6,6
234,183,6,6
713,482,6,6
534,625,6,6
598,259,6,6
598,351,6,6
598,252,6,6
423,598,6,6
712,6,6,6
713,482,6,6
6,712,6,6
6,712,6,6
423,101,6,6
713,712,6,6
423,598,6,6
712,6,6,6
385,274,6,6
212,712,6,6
6,712,6,6
199,536,6,6
712,6,6,6
199,673,6,6
482,194,6,6
396,400,6,6
719,358,6,6
482,396,6,6
686,103,6,6
686,263,6,6
686,640,6,6
536,199,6,6
712,6,6,6
212,712,6,6
337,632,6,6
103,712,6,6
212,712,6,6
212,712,6,6
712,103,6,6
683,400,6,6
686,719,6,6
697,698,6,6
103,712,6,6
683,400,6,6
62,236,6,6
712,103,6,6
683,72,6,6
103,712,6,6
683,646,6,6
683,103,6,6
712,719,6,6
712,103,6,6
551,34,6,6
626,99,6,6
103,683,6,6
252,598,6,6
697,73,6,6
654,413,6,6
103,712,6,6
598,337,6,6
598,337,6,6
409,191,6,6
611,72,6,6
654,413,6,6
725,389,6,6
686,263,6,6
317,308,6,6
561,350,6,6
337,598,6,6
712,103,6,6
97,181,6,6
214,712,6,6
413,659,6,6
74,607,6,6
415,244,6,6
214,274,6,6
9,683,6,6
725,607,6,6
99,626,6,6
626,99,6,6
725,707,6,6
409,74,6,6
726,97,6,6
686,263,6,6
307,317,6,6
378,481,6,6
626,649,6,6
654,99,6,6
726,97,6,6
378,396,6,6
723,649,6,6
307,317,6,6
726,317,6,6
726,97,6,6
307,317,6,6
9,699,6,6
726,97,6,6
97,726,6,6
334,364,6,6
263,337,6,6
9,711,6,6
337,263,6,6
263,337,6,6
9,711,6,6
103,712,6,6
337,263,6,6
727,561,6,6
728,712,6,6
277,172,6,6
99,626,6,6
128,236,6,6
204,536,6,6
728,711,6,6
204,536,6,6
184,101,6,6
599,74,6,6
704,63,6,6
97,726,6,6
540,588,6,6
598,337,6,6
728,560,6,6
536,532,6,6
728,729,6,6
617,302,6,6
728,730,6,6
103,731,6,6
732,233,6,6
337,598,6,6
617,400,6,6
277,609,6,6
103,587,6,6
617,400,6,6
72,683,6,6
63,400,6,6
103,617,6,6
72,611,6,6
617,340,6,6
588,540,6,6
334,128,6,6
277,609,6,6
103,378,6,6
63,724,6,6
502,468,6,6
617,103,6,6
462,103,6,6
617,74,6,6
481,378,6,6
252,481,6,6
518,644,6,6
63,719,6,6
727,297,6,6
281,337,6,6
281,332,6,6
103,617,6,6
481,252,6,6
277,609,6,6
281,317,6,6
617,514,6,6
103,462,6,6
396,378,6,6
252,481,6,6
38,475,6,6
252,481,6,6
481,252,6,6
733,561,6,6
277,609,6,6
617,103,6,6
733,712,6,6
727,588,6,6
252,73,6,6
252,481,6,6
73,252,6,6
728,63,6,6
683,72,6,6
252,73,6,6
617,468,6,6
277,609,6,6
38,475,6,6
254,561,6,6
73,252,6,6
561,254,6,6
679,372,6,6
38,475,6,6
199,536,6,6
181,97,6,6
277,518,6,6
396,481,6,6
683,297,6,6
277,609,6,6
462,103,6,6
38,475,6,6
254,626,6,6
536,199,6,6
63,193,6,6
72,611,6,6
728,402,6,6
561,254,6,6
38,475,6,6
277,609,6,6
561,254,6,6
38,475,6,6
38,475,6,6
454,181,6,6
561,254,6,6
97,181,6,6
277,609,6,6
389,236,6,6
256,339,6,6
463,252,6,6
561,254,6,6
658,487,6,6
38,475,6,6
673,199,6,6
38,475,6,6
679,404,6,6
38,475,6,6
38,475,6,6
355,316,6,6
398,465,6,6
658,351,6,6
38,475,6,6
277,609,6,6
679,372,6,6
282,256,6,6
38,475,6,6
6,712,6,6
181,454,6,6
728,63,6,6
63,725,6,6
646,683,6,6
38,475,6,6
38,128,6,6
6,712,6,6
19,233,6,6
681,626,6,6
727,389,6,6
181,97,6,6
277,609,6,6
19,331,6,6
561,254,6,6
97,181,6,6
277,609,6,6
638,242,6,6
638,110,6,6
191,365,6,6
638,646,6,6
660,725,6,6
727,734,6,6
638,726,6,6
38,475,6,6
678,212,6,6
597,274,6,6
678,72,6,6
605,74,6,6
38,128,6,6
72,683,6,6
38,475,6,6
343,424,6,6
617,103,6,6
713,724,6,6
277,609,6,6
63,313,6,6
638,98,6,6
454,181,6,6
277,609,6,6
644,274,6,6
38,475,6,6
678,475,6,6
277,609,6,6
38,475,6,6
644,518,6,6
277,609,6,6
181,454,6,6
194,482,6,6
638,254,6,6
38,475,6,6
617,74,6,6
38,475,6,6
605,74,6,6
277,609,6,6
38,475,6,6
454,181,6,6
236,389,6,6
728,617,6,6
277,609,6,6
638,242,6,6
38,502,6,6
605,88,6,6
514,617,6,6
199,673,6,6
181,454,6,6
343,735,6,6
704,63,6,6
277,609,6,6
38,475,6,6
236,128,6,6
38,475,6,6
409,191,6,6
617,514,6,6
38,502,6,6
277,609,6,6
644,711,6,6
95,63,6,6
73,626,6,6
63,95,6,6
475,678,6,6
38,475,6,6
711,644,6,6
316,355,6,6
277,609,6,6
337,281,6,6
316,355,6,6
605,337,6,6
72,644,6,6
514,386,6,6
272,281,6,6
605,337,6,6
617,272,6,6
605,317,6,6
38,475,6,6
103,617,6,6
658,163,6,6
398,465,6,6
277,609,6,6
38,475,6,6
644,72,6,6
605,337,6,6
163,658,6,6
638,254,6,6
617,103,6,6
561,254,6,6
638,110,6,6
27,278,6,6
392,228,6,6
617,337,6,6
605,625,6,6
277,609,6,6
617,317,6,6
72,644,6,6
605,337,6,6
163,658,6,6
644,72,6,6
278,27,6,6
73,389,6,6
38,475,6,6
103,462,6,6
38,475,6,6
277,609,6,6
368,736,6,6
638,254,6,6
38,475,6,6
704,63,6,6
38,502,6,6
644,711,6,6
259,617,6,6
638,456,6,6
72,644,6,6
605,368,6,6
73,460,6,6
561,254,6,6
277,609,6,6
638,323,6,6
638,254,6,6
73,391,6,6
728,617,6,6
644,72,6,6
605,368,6,6
27,278,6,6
638,254,6,6
704,63,6,6
561,254,6,6
638,289,6,6
73,658,6,6
277,609,6,6
711,644,6,6
308,317,6,6
462,103,6,6
687,463,6,6
277,609,6,6
617,323,6,6
482,194,6,6
9,683,6,6
220,646,6,6
38,475,6,6
626,73,6,6
278,27,6,6
277,609,6,6
605,368,6,6
63,385,6,6
737,627,6,6
9,711,6,6
561,254,6,6
605,254,6,6
638,323,6,6
638,254,6,6
355,316,6,6
38,502,6,6
38,128,6,6
72,644,6,6
277,609,6,6
561,254,6,6
38,475,6,6
638,263,6,6
605,254,6,6
638,254,6,6
9,638,6,6
385,63,6,6
38,502,6,6
27,278,6,6
74,617,6,6
605,254,6,6
277,609,6,6
355,316,6,6
191,738,6,6
38,475,6,6
95,63,6,6
277,609,6,6
638,254,6,6
63,385,6,6
605,74,6,6
38,475,6,6
617,74,6,6
681,626,6,6
644,711,6,6
605,368,6,6
38,502,6,6
638,263,6,6
385,63,6,6
738,191,6,6
277,263,6,6
738,191,6,6
38,475,6,6
277,609,6,6
738,191,6,6
63,95,6,6
711,644,6,6
738,191,6,6
739,616,6,6
738,191,6,6
350,617,6,6
615,740,6,6
350,632,6,6
68,323,6,6
323,68,6,6
617,640,6,6
63,385,6,6
617,74,6,6
605,368,6,6
277,609,6,6
644,711,6,6
323,68,6,6
38,475,6,6
617,323,6,6
263,277,6,6
316,355,6,6
649,723,6,6
638,323,6,6
38,475,6,6
323,617,6,6
278,27,6,6
277,263,6,6
617,73,6,6
277,609,6,6
68,323,6,6
263,277,6,6
638,385,6,6
316,355,6,6
323,68,6,6
638,263,6,6
617,323,6,6
332,281,6,6
323,617,6,6
38,502,6,6
631,625,6,6
350,617,6,6
605,368,6,6
68,323,6,6
638,263,6,6
385,63,6,6
38,475,6,6
334,128,6,6
631,437,6,6
638,542,6,6
605,726,6,6
95,63,6,6
439,590,6,6
74,463,6,6
38,502,6,6
385,638,6,6
680,317,6,6
439,590,6,6
73,463,6,6
638,385,6,6
302,617,6,6
638,385,6,6
638,263,6,6
439,590,6,6
38,475,6,6
617,302,6,6
63,385,6,6
277,263,6,6
277,609,6,6
605,368,6,6
63,95,6,6
739,6,6,6
339,256,6,6
73,617,6,6
263,277,6,6
728,617,6,6
638,602,6,6
481,396,6,6
38,502,6,6
728,617,6,6
617,73,6,6
38,475,6,6
38,475,6,6
561,127,6,6
38,475,6,6
355,316,6,6
277,263,6,6
38,475,6,6
212,678,6,6
638,263,6,6
277,609,6,6
605,368,6,6
482,316,6,6
263,277,6,6
323,68,6,6
38,475,6,6
355,316,6,6
38,475,6,6
728,617,6,6
277,263,6,6
38,475,6,6
605,368,6,6
323,719,6,6
728,323,6,6
646,638,6,6
590,583,6,6
728,617,6,6
119,617,6,6
95,63,6,6
277,609,6,6
583,590,6,6
68,323,6,6
617,119,6,6
323,68,6,6
277,609,6,6
38,475,6,6
350,617,6,6
323,646,6,6
542,460,6,6
726,97,6,6
605,413,6,6
102,355,6,6
686,263,6,6
119,617,6,6
102,323,6,6
316,355,6,6
726,97,6,6
38,475,6,6
378,396,6,6
68,323,6,6
38,475,6,6
605,368,6,6
316,355,6,6
277,609,6,6
51,525,6,6
277,609,6,6
316,325,6,6
316,496,6,6
605,726,6,6
355,102,6,6
368,542,6,6
316,102,6,6
277,609,6,6
316,325,6,6
605,368,6,6
355,316,6,6
396,481,6,6
542,252,6,6
542,252,6,6
323,102,6,6
277,609,6,6
316,355,6,6
323,68,6,6
325,645,6,6
396,378,6,6
605,337,6,6
355,316,6,6
325,97,6,6
102,97,6,6
68,323,6,6
97,325,6,6
355,316,6,6
63,95,6,6
102,98,6,6
323,68,6,6
277,609,6,6
355,102,6,6
97,102,6,6
355,102,6,6
97,726,6,6
102,355,6,6
316,325,6,6
325,97,6,6
36,73,6,6
97,102,6,6
36,281,6,6
97,325,6,6
355,102,6,6
102,97,6,6
277,609,6,6
439,102,6,6
325,97,6,6
97,325,6,6
316,325,6,6
560,588,6,6
277,609,6,6
351,658,6,6
325,316,6,6
98,102,6,6
277,609,6,6
532,536,6,6
95,63,6,6
316,355,6,6
325,532,6,6
277,609,6,6
102,98,6,6
316,726,6,6
355,316,6,6
95,712,6,6
726,316,6,6
277,609,6,6
726,97,6,6
532,364,6,6
468,617,6,6
316,726,6,6
644,102,6,6
133,437,6,6
726,316,6,6
97,726,6,6
726,316,6,6
316,726,6,6
686,542,6,6
316,726,6,6
726,97,6,6
583,739,6,6
316,355,6,6
726,316,6,6
297,727,6,6
316,325,6,6
297,683,6,6
97,726,6,6
355,316,6,6
316,726,6,6
316,355,6,6
686,263,6,6
325,316,6,6
683,646,6,6
726,97,6,6
741,542,6,6
726,316,6,6
683,72,6,6
316,355,6,6
388,737,6,6
97,726,6,6
726,97,6,6
542,741,6,6
316,726,6,6
97,726,6,6
686,542,6,6
72,683,6,6
38,502,6,6
627,545,6,6
260,567,6,6
260,571,6,6
542,583,6,6
260,283,6,6
482,454,6,6
260,174,6,6
686,542,6,6
513,723,6,6
260,236,6,6
260,688,6,6
542,325,6,6
733,502,6,6
462,742,6,6
686,542,6,6
462,101,6,6
398,465,6,6
325,542,6,6
462,316,6,6
583,542,6,6
128,236,6,6
462,299,6,6
297,234,6,6
482,389,6,6
53,325,6,6
571,638,6,6
128,715,6,6
53,325,6,6
540,588,6,6
53,325,6,6
53,325,6,6
325,743,6,6
325,707,6,6
236,128,6,6
252,542,6,6
252,463,6,6
53,325,6,6
646,52,6,6
128,236,6,6
234,297,6,6
400,617,6,6
400,683,6,6
400,721,6,6
495,181,6,6
495,372,6,6
536,532,6,6
638,571,6,6
638,242,6,6
638,385,6,6
638,726,6,6
638,95,6,6
638,646,6,6
638,744,6,6
739,583,6,6
739,583,6,6
342,658,6,6
244,415,6,6
720,274,6,6
462,638,6,6
199,536,6,6
536,199,6,6
536,199,6,6
545,627,6,6
723,513,6,6
1,323,6,6
67,396,6,6
303,194,6,6
3,68,6,6
509,616,6,6
686,321,6,6
431,299,6,6
509,454,6,6
583,739,6,6
509,316,6,6
509,302,6,6
509,306,6,6
509,260,6,6
204,181,6,6
204,536,6,6
356,536,6,6
415,244,6,6
460,542,6,6
588,540,6,6
294,513,6,6
276,711,6,6
27,278,6,6
739,745,6,6
398,465,6,6
649,632,6,6
527,746,6,6
713,482,6,6
713,714,6,6
713,236,6,6
590,440,6,6
514,177,6,6
713,242,6,6
713,712,6,6
228,392,6,6
254,266,6,6
645,325,6,6
713,103,6,6
645,274,6,6
713,172,6,6
713,184,6,6
747,221,6,6
713,363,6,6
712,6,6,6
713,74,6,6
713,372,6,6
617,119,6,6
713,102,6,6
713,681,6,6
286,400,6,6
713,283,6,6
63,514,6,6
617,400,6,6
713,351,6,6
617,73,6,6
364,532,6,6
713,67,6,6
605,88,6,6
713,748,6,6
385,3,6,6
713,737,6,6
713,738,6,6
161,162,6,6
617,161,6,6
462,617,6,6
713,726,6,6
617,124,6,6
594,468,6,6
713,720,6,6
713,706,6,6
617,462,6,6
713,740,6,6
260,509,6,6
713,749,6,6
713,750,6,6
161,617,6,6
713,751,6,6
260,283,6,6
260,103,6,6
124,617,6,6
617,161,6,6
617,124,6,6
713,124,6,6
617,462,6,6
161,617,6,6
713,252,6,6
496,316,6,6
462,617,6,6
124,617,6,6
713,325,6,6
468,594,6,6
713,161,6,6
462,617,6,6
334,364,6,6
617,161,6,6
713,462,6,6
713,388,6,6
617,462,6,6
303,212,6,6
617,124,6,6
161,617,6,6
36,281,6,6
605,124,6,6
713,90,6,6
462,617,6,6
36,73,6,6
161,221,6,6
617,462,6,6
713,339,6,6
617,161,6,6
617,462,6,6
462,617,6,6
124,617,6,6
605,124,6,6
723,649,6,6
713,124,6,6
99,194,6,6
713,726,6,6
605,124,6,6
713,161,6,6
713,462,6,6
713,388,6,6
713,184,6,6
69,727,6,6
36,129,6,6
69,649,6,6
605,124,6,6
36,281,6,6
520,8,6,6
350,617,6,6
752,502,6,6
644,97,6,6
454,181,6,6
502,752,6,6
454,509,6,6
254,266,6,6
654,738,6,6
644,654,6,6
752,502,6,6
502,752,6,6
631,437,6,6
752,502,6,6
514,63,6,6
739,337,6,6
502,752,6,6
739,317,6,6
752,502,6,6
739,308,6,6
746,527,6,6
739,308,6,6
396,67,6,6
425,407,6,6
372,495,6,6
648,723,6,6
752,502,6,6
372,454,6,6
131,753,6,6
342,583,6,6
605,124,6,6
372,482,6,6
53,325,6,6
372,753,6,6
372,482,6,6
76,399,6,6
495,372,6,6
372,495,6,6
640,617,6,6
372,495,6,6
372,495,6,6
317,617,6,6
617,640,6,6
617,317,6,6
317,739,6,6
640,617,6,6
317,617,6,6
617,640,6,6
70,90,6,6
739,317,6,6
640,617,6,6
617,317,6,6
605,124,6,6
605,124,6,6
617,640,6,6
739,337,6,6
327,589,6,6
325,645,6,6
327,617,6,6
652,302,6,6
73,617,6,6
754,739,6,6
119,617,6,6
697,73,6,6
754,755,6,6
350,617,6,6
697,741,6,6
73,697,6,6
652,756,6,6
697,73,6,6
212,757,6,6
697,741,6,6
678,475,6,6
52,646,6,6
741,697,6,6
53,325,6,6
212,303,6,6
652,707,6,6
711,276,6,6
308,739,6,6
617,73,6,6
48,753,6,6
276,711,6,6
753,48,6,6
509,454,6,6
474,400,6,6
212,48,6,6
389,727,6,6
389,236,6,6
389,73,6,6
571,652,6,6
389,482,6,6
9,282,6,6
48,753,6,6
753,758,6,6
48,753,6,6
753,758,6,6
9,683,6,6
753,48,6,6
753,758,6,6
753,758,6,6
48,753,6,6
652,571,6,6
48,753,6,6
711,276,6,6
753,758,6,6
758,741,6,6
758,741,6,6
254,697,6,6
9,711,6,6
9,561,6,6
9,697,6,6
465,398,6,6
753,758,6,6
753,758,6,6
753,48,6,6
278,27,6,6
48,753,6,6
753,48,6,6
753,758,6,6
712,758,6,6
758,712,6,6
753,48,6,6
401,368,6,6
758,712,6,6
758,48,6,6
272,617,6,6
753,758,6,6
758,640,6,6
712,758,6,6
758,712,6,6
236,389,6,6
557,302,6,6
753,758,6,6
48,753,6,6
48,758,6,6
758,48,6,6
48,758,6,6
753,758,6,6
48,753,6,6
753,48,6,6
753,758,6,6
753,48,6,6
758,48,6,6
639,509,6,6
48,753,6,6
758,48,6,6
350,617,6,6
48,753,6,6
48,758,6,6
48,758,6,6
758,48,6,6
41,743,6,6
616,509,6,6
48,758,6,6
389,236,6,6
401,639,6,6
73,697,6,6
73,617,6,6
513,589,6,6
753,372,6,6
439,545,6,6
36,73,6,6
48,758,6,6
542,317,6,6
349,753,6,6
392,739,6,6
392,228,6,6
392,228,6,6
365,191,6,6
741,758,6,6
617,272,6,6
542,325,6,6
617,73,6,6
617,119,6,6
325,542,6,6
721,400,6,6
119,617,6,6
308,759,6,6
36,281,6,6
482,389,6,6
615,308,6,6
32,753,6,6
631,437,6,6
644,325,6,6
644,102,6,6
325,644,6,6
474,309,6,6
547,644,6,6
639,401,6,6
474,644,6,6
398,465,6,6
644,325,6,6
244,415,6,6
681,590,6,6
325,644,6,6
372,753,6,6
638,401,6,6
638,289,6,6
638,242,6,6
189,144,6,6
638,520,6,6
638,726,6,6
638,462,6,6
228,392,6,6
734,727,6,6
643,758,6,6
644,325,6,6
638,365,6,6
625,437,6,6
189,708,6,6
557,101,6,6
514,101,6,6
189,371,6,6
741,212,6,6
474,741,6,6
392,228,6,6
272,617,6,6
474,689,6,6
638,269,6,6
638,562,6,6
99,154,6,6
617,272,6,6
462,638,6,6
183,103,6,6
183,234,6,6
183,269,6,6
760,474,6,6
644,393,6,6
539,536,6,6
644,517,6,6
704,504,6,6
704,260,6,6
590,402,6,6
539,536,6,6
3,99,6,6
3,385,6,6
644,617,6,6
402,590,6,6
678,475,6,6
325,644,6,6
761,747,6,6
644,753,6,6
299,462,6,6
644,183,6,6
644,325,6,6
590,402,6,6
325,644,6,6
41,746,6,6
272,297,6,6
638,462,6,6
638,549,6,6
638,549,6,6
124,101,6,6
638,549,6,6
681,762,6,6
124,711,6,6
728,323,6,6
638,560,6,6
402,590,6,6
711,124,6,6
124,711,6,6
211,597,6,6
249,474,6,6
728,712,6,6
711,547,6,6
474,124,6,6
711,124,6,6
462,299,6,6
211,597,6,6
402,632,6,6
638,505,6,6
638,462,6,6
638,341,6,6
627,762,6,6
638,293,6,6
9,711,6,6
658,163,6,6
658,73,6,6
617,644,6,6
41,746,6,6
567,763,6,6
567,763,6,6
103,617,6,6
74,753,6,6
617,103,6,6
617,514,6,6
514,617,6,6
103,617,6,6
586,758,6,6
514,392,6,6
567,753,6,6
586,183,6,6
19,764,6,6
124,474,6,6
617,103,6,6
124,711,6,6
103,617,6,6
586,504,6,6
586,454,6,6
211,593,6,6
605,272,6,6
474,124,6,6
593,211,6,6
236,389,6,6
679,404,6,6
474,74,6,6
605,74,6,6
617,103,6,6
177,394,6,6
177,514,6,6
605,74,6,6
495,263,6,6
514,177,6,6
38,502,6,6
162,161,6,6
683,48,6,6
334,364,6,6
211,593,6,6
73,617,6,6
41,184,6,6
193,355,6,6
502,752,6,6
393,644,6,6
193,63,6,6
733,393,6,6
733,712,6,6
51,658,6,6
733,626,6,6
95,638,6,6
617,73,6,6
350,617,6,6
69,752,6,6
733,536,6,6
437,625,6,6
69,649,6,6
617,514,6,6
69,75,6,6
415,244,6,6
642,323,6,6
753,48,6,6
617,350,6,6
583,72,6,6
350,617,6,6
753,48,6,6
753,372,6,6
72,583,6,6
617,350,6,6
753,644,6,6
583,72,6,6
753,131,6,6
103,617,6,6
753,567,6,6
605,617,6,6
753,74,6,6
632,402,6,6
474,642,6,6
299,462,6,6
72,583,6,6
9,177,6,6
758,643,6,6
758,741,6,6
583,72,6,6
248,374,6,6
392,514,6,6
72,583,6,6
9,697,6,6
9,409,6,6
626,738,6,6
38,502,6,6
525,211,6,6
38,343,6,6
29,657,6,6
758,626,6,6
48,683,6,6
681,711,6,6
681,758,6,6
48,753,6,6
372,495,6,6
48,753,6,6
103,758,6,6
429,400,6,6
429,481,6,6
725,474,6,6
372,711,6,6
644,753,6,6
372,639,6,6
103,711,6,6
368,401,6,6
639,372,6,6
372,536,6,6
372,639,6,6
372,429,6,6
372,569,6,6
372,569,6,6
539,765,6,6
639,372,6,6
392,372,6,6
739,392,6,6
539,765,6,6
249,474,6,6
569,372,6,6
372,639,6,6
372,392,6,6
683,48,6,6
372,569,6,6
254,30,6,6
603,283,6,6
569,372,6,6
48,683,6,6
372,758,6,6
372,766,6,6
372,569,6,6
758,372,6,6
758,103,6,6
766,372,6,6
372,569,6,6
249,474,6,6
249,474,6,6
639,372,6,6
372,758,6,6
372,766,6,6
372,639,6,6
767,766,6,6
758,372,6,6
642,474,6,6
297,272,6,6
474,642,6,6
642,758,6,6
642,474,6,6
474,642,6,6
462,299,6,6
642,474,6,6
474,642,6,6
758,642,6,6
758,642,6,6
642,758,6,6
642,758,6,6
74,753,6,6
569,372,6,6
679,62,6,6
766,372,6,6
642,735,6,6
642,721,6,6
517,96,6,6
626,758,6,6
74,758,6,6
683,48,6,6
193,538,6,6
758,74,6,6
758,626,6,6
758,642,6,6
679,474,6,6
538,193,6,6
48,683,6,6
679,474,6,6
193,538,6,6
595,172,6,6
263,495,6,6
538,193,6,6
679,474,6,6
193,538,6,6
172,595,6,6
74,758,6,6
263,317,6,6
263,337,6,6
263,272,6,6
479,758,6,6
263,308,6,6
263,281,6,6
263,332,6,6
595,172,6,6
758,479,6,6
683,48,6,6
595,321,6,6
479,758,6,6
538,193,6,6
538,193,6,6
626,758,6,6
72,768,6,6
193,538,6,6
199,72,6,6
448,711,6,6
704,758,6,6
536,372,6,6
509,616,6,6
509,454,6,6
509,272,6,6
509,316,6,6
479,474,6,6
272,509,6,6
509,306,6,6
474,479,6,6
509,272,6,6
704,393,6,6
592,74,6,6
479,474,6,6
592,350,6,6
592,622,6,6
41,769,6,6
72,199,6,6
474,479,6,6
704,297,6,6
509,592,6,6
592,509,6,6
704,96,6,6
509,364,6,6
768,564,6,6
739,540,6,6
509,592,6,6
323,642,6,6
509,140,6,6
758,626,6,6
509,758,6,6
758,479,6,6
319,338,6,6
728,323,6,6
27,278,6,6
679,72,6,6
762,627,6,6
738,626,6,6
767,766,6,6
762,758,6,6
758,762,6,6
38,592,6,6
481,429,6,6
704,758,6,6
19,711,6,6
733,758,6,6
642,758,6,6
679,72,6,6
639,509,6,6
642,323,6,6
233,732,6,6
733,297,6,6
681,762,6,6
654,738,6,6
733,639,6,6
449,132,6,6
733,454,6,6
605,272,6,6
308,769,6,6
449,289,6,6
741,758,6,6
741,474,6,6
586,758,6,6
307,317,6,6
758,741,6,6
479,758,6,6
74,592,6,6
704,766,6,6
193,233,6,6
492,598,6,6
733,758,6,6
758,479,6,6
741,758,6,6
770,454,6,6
758,741,6,6
74,73,6,6
402,632,6,6
758,741,6,6
645,325,6,6
605,317,6,6
697,741,6,6
768,72,6,6
758,762,6,6
193,595,6,6
762,758,6,6
325,645,6,6
95,654,6,6
72,768,6,6
719,154,6,6
719,154,6,6
719,154,6,6
768,214,6,6
509,454,6,6
758,762,6,6
551,592,6,6
357,753,6,6
770,297,6,6
768,72,6,6
596,317,6,6
34,396,6,6
99,654,6,6
768,72,6,6
654,99,6,6
401,368,6,6
8,771,6,6
654,95,6,6
741,758,6,6
401,639,6,6
254,697,6,6
514,617,6,6
72,768,6,6
727,389,6,6
754,583,6,6
697,741,6,6
514,392,6,6
679,72,6,6
679,102,6,6
74,765,6,6
697,741,6,6
605,341,6,6
758,741,6,6
307,317,6,6
72,768,6,6
654,95,6,6
73,753,6,6
679,102,6,6
697,741,6,6
352,97,6,6
741,758,6,6
654,34,6,6
307,642,6,6
753,73,6,6
509,389,6,6
697,741,6,6
400,286,6,6
509,454,6,6
697,741,6,6
73,753,6,6
753,74,6,6
758,741,6,6
307,642,6,6
753,73,6,6
357,758,6,6
621,772,6,6
73,389,6,6
697,741,6,6
747,761,6,6
389,482,6,6
617,514,6,6
773,401,6,6
719,712,6,6
741,758,6,6
307,642,6,6
389,236,6,6
73,753,6,6
278,27,6,6
389,727,6,6
389,73,6,6
400,617,6,6
753,73,6,6
263,762,6,6
392,514,6,6
758,741,6,6
768,774,6,6
102,758,6,6
73,753,6,6
400,474,6,6
741,758,6,6
758,102,6,6
642,774,6,6
697,741,6,6
97,352,6,6
753,73,6,6
774,642,6,6
753,73,6,6
758,741,6,6
357,758,6,6
768,774,6,6
739,302,6,6
642,774,6,6
41,719,6,6
768,774,6,6
592,74,6,6
741,758,6,6
254,352,6,6
357,758,6,6
495,263,6,6
774,642,6,6
372,758,6,6
372,392,6,6
774,775,6,6
605,511,6,6
276,711,6,6
479,753,6,6
626,738,6,6
741,758,6,6
642,673,6,6
771,8,6,6
479,712,6,6
372,569,6,6
758,741,6,6
400,396,6,6
372,766,6,6
642,774,6,6
372,536,6,6
768,774,6,6
711,276,6,6
776,401,6,6
372,392,6,6
753,479,6,6
73,753,6,6
761,747,6,6
758,741,6,6
605,400,6,6
357,758,6,6
758,372,6,6
774,642,6,6
754,583,6,6
776,773,6,6
95,592,6,6
605,272,6,6
372,389,6,6
277,777,6,6
642,774,6,6
372,761,6,6
492,774,6,6
357,758,6,6
592,95,6,6
753,73,6,6
184,389,6,6
592,95,6,6
492,712,6,6
754,583,6,6
605,400,6,6
754,778,6,6
779,607,6,6
704,393,6,6
73,753,6,6
681,52,6,6
357,758,6,6
492,774,6,6
400,607,6,6
739,778,6,6
673,642,6,6
220,479,6,6
753,73,6,6
679,72,6,6
642,673,6,6
592,306,6,6
762,263,6,6
774,642,6,6
73,753,6,6
605,644,6,6
569,372,6,6
642,774,6,6
607,400,6,6
492,774,6,6
474,741,6,6
762,626,6,6
400,758,6,6
605,400,6,6
357,758,6,6
762,48,6,6
474,400,6,6
586,774,6,6
48,683,6,6
492,774,6,6
492,774,6,6
592,285,6,6
48,762,6,6
400,607,6,6
642,367,6,6
372,73,6,6
367,642,6,6
753,73,6,6
34,592,6,6
400,474,6,6
758,400,6,6
372,758,6,6
8,771,6,6
95,592,6,6
372,569,6,6
73,753,6,6
586,768,6,6
605,644,6,6
492,774,6,6
592,34,6,6
607,400,6,6
372,569,6,6
73,372,6,6
762,562,6,6
69,727,6,6
103,617,6,6
642,367,6,6
474,400,6,6
592,95,6,6
728,323,6,6
586,774,6,6
679,72,6,6
605,400,6,6
728,762,6,6
761,388,6,6
367,642,6,6
555,762,6,6
34,592,6,6
400,607,6,6
95,592,6,6
780,41,6,6
212,741,6,6
592,34,6,6
388,761,6,6
536,372,6,6
181,495,6,6
34,761,6,6
276,711,6,6
590,626,6,6
780,769,6,6
761,388,6,6
597,211,6,6
761,34,6,6
34,592,6,6
761,372,6,6
34,761,6,6
762,142,6,6
41,780,6,6
388,761,6,6
181,454,6,6
780,41,6,6
316,509,6,6
41,780,6,6
642,781,6,6
780,41,6,6
41,780,6,6
562,762,6,6
592,95,6,6
780,41,6,6
398,782,6,6
400,474,6,6
642,90,6,6
592,34,6,6
41,780,6,6
454,509,6,6
400,392,6,6
780,41,6,6
770,454,6,6
41,783,6,6
728,607,6,6
41,780,6,6
263,495,6,6
679,72,6,6
605,272,6,6
646,638,6,6
103,592,6,6
364,509,6,6
642,781,6,6
90,642,6,6
780,41,6,6
642,90,6,6
454,181,6,6
592,103,6,6
103,774,6,6
41,780,6,6
263,762,6,6
161,617,6,6
95,592,6,6
697,482,6,6
758,372,6,6
605,644,6,6
103,592,6,6
634,657,6,6
780,41,6,6
41,780,6,6
762,263,6,6
753,400,6,6
770,454,6,6
642,475,6,6
534,67,6,6
728,607,6,6
679,72,6,6
400,784,6,6
400,783,6,6
103,534,6,6
686,263,6,6
569,372,6,6
400,783,6,6
429,372,6,6
711,276,6,6
753,646,6,6
785,786,6,6
400,776,6,6
586,774,6,6
783,400,6,6
400,774,6,6
372,536,6,6
766,372,6,6
99,654,6,6
286,400,6,6
592,95,6,6
181,454,6,6
392,400,6,6
372,761,6,6
309,626,6,6
642,781,6,6
306,592,6,6
400,286,6,6
463,687,6,6
372,758,6,6
212,760,6,6
128,372,6,6
463,74,6,6
263,762,6,6
586,454,6,6
386,514,6,6
463,73,6,6
463,252,6,6
372,569,6,6
733,783,6,6
642,766,6,6
372,429,6,6
372,766,6,6
786,783,6,6
741,212,6,6
372,766,6,6
774,400,6,6
306,783,6,6
753,758,6,6
204,181,6,6
681,562,6,6
95,592,6,6
27,278,6,6
204,479,6,6
372,128,6,6
592,103,6,6
562,440,6,6
103,592,6,6
286,400,6,6
681,562,6,6
161,162,6,6
638,646,6,6
741,474,6,6
479,90,6,6
638,242,6,6
638,95,6,6
679,72,6,6
728,758,6,6
638,520,6,6
704,617,6,6
569,372,6,6
771,224,6,6
38,592,6,6
644,154,6,6
479,90,6,6
498,598,6,6
481,396,6,6
372,569,6,6
323,642,6,6
278,27,6,6
783,306,6,6
323,400,6,6
733,783,6,6
753,323,6,6
323,367,6,6
733,783,6,6
753,323,6,6
350,592,6,6
513,762,6,6
400,323,6,6
350,617,6,6
787,404,6,6
367,323,6,6
63,193,6,6
787,122,6,6
787,122,6,6
787,122,6,6
242,638,6,6
498,649,6,6
323,400,6,6
762,513,6,6
753,309,6,6
753,323,6,6
686,263,6,6
323,367,6,6
355,102,6,6
479,711,6,6
513,762,6,6
479,638,6,6
102,355,6,6
289,449,6,6
400,323,6,6
355,102,6,6
711,479,6,6
704,788,6,6
753,323,6,6
323,400,6,6
624,658,6,6
479,711,6,6
367,323,6,6
753,309,6,6
642,323,6,6
569,372,6,6
728,323,6,6
631,437,6,6
323,400,6,6
400,323,6,6
355,102,6,6
753,309,6,6
787,106,6,6
686,263,6,6
659,660,6,6
728,788,6,6
323,367,6,6
753,309,6,6
753,309,6,6
323,642,6,6
711,479,6,6
634,768,6,6
687,463,6,6
102,355,6,6
660,659,6,6
128,372,6,6
789,371,6,6
498,495,6,6
367,323,6,6
701,771,6,6
642,323,6,6
728,323,6,6
479,711,6,6
400,323,6,6
728,788,6,6
704,788,6,6
323,400,6,6
711,479,6,6
753,309,6,6
343,386,6,6
323,367,6,6
686,782,6,6
681,788,6,6
728,788,6,6
343,317,6,6
681,788,6,6
479,711,6,6
323,642,6,6
704,788,6,6
367,323,6,6
400,428,6,6
481,233,6,6
728,788,6,6
323,400,6,6
68,3,6,6
642,652,6,6
355,102,6,6
728,323,6,6
323,367,6,6
68,323,6,6
711,479,6,6
27,278,6,6
400,323,6,6
343,755,6,6
495,181,6,6
309,765,6,6
642,323,6,6
652,642,6,6
523,490,6,6
679,787,6,6
479,711,6,6
687,479,6,6
323,68,6,6
649,498,6,6
728,323,6,6
323,400,6,6
701,644,6,6
733,626,6,6
761,372,6,6
728,788,6,6
711,479,6,6
323,642,6,6
649,337,6,6
323,728,6,6
761,34,6,6
367,323,6,6
479,711,6,6
479,687,6,6
652,598,6,6
728,323,6,6
278,27,6,6
642,652,6,6
711,479,6,6
68,323,6,6
598,652,6,6
642,323,6,6
681,788,6,6
598,652,6,6
713,372,6,6
753,758,6,6
758,728,6,6
294,372,6,6
652,642,6,6
343,438,6,6
753,758,6,6
681,788,6,6
761,388,6,6
753,758,6,6
9,711,6,6
523,41,6,6
323,367,6,6
605,289,6,6
701,224,6,6
523,51,6,6
90,479,6,6
642,652,6,6
523,325,6,6
128,629,6,6
479,711,6,6
652,598,6,6
289,598,6,6
523,496,6,6
713,252,6,6
323,728,6,6
728,758,6,6
263,588,6,6
625,437,6,6
788,728,6,6
323,68,6,6
728,323,6,6
90,479,6,6
9,683,6,6
323,642,6,6
711,479,6,6
316,355,6,6
9,409,6,6
323,728,6,6
9,569,6,6
479,90,6,6
68,323,6,6
652,642,6,6
642,323,6,6
704,776,6,6
753,758,6,6
479,90,6,6
728,323,6,6
323,68,6,6
753,323,6,6
753,323,6,6
681,788,6,6
323,642,6,6
191,365,6,6
90,479,6,6
323,728,6,6
68,323,6,6
642,652,6,6
624,97,6,6
323,68,6,6
660,659,6,6
753,323,6,6
479,711,6,6
758,728,6,6
605,289,6,6
220,479,6,6
701,121,6,6
277,498,6,6
711,479,6,6
701,351,6,6
542,783,6,6
542,783,6,6
646,753,6,6
701,771,6,6
652,642,6,6
753,758,6,6
27,278,6,6
753,758,6,6
728,758,6,6
323,642,6,6
753,646,6,6
728,758,6,6
733,783,6,6
479,90,6,6
323,728,6,6
642,652,6,6
389,372,6,6
783,542,6,6
389,184,6,6
479,220,6,6
605,289,6,6
204,404,6,6
758,728,6,6
542,659,6,6
790,343,6,6
542,659,6,6
479,711,6,6
646,638,6,6
758,728,6,6
90,479,6,6
542,788,6,6
407,425,6,6
598,289,6,6
758,728,6,6
286,339,6,6
711,479,6,6
758,728,6,6
542,783,6,6
652,659,6,6
733,286,6,6
753,758,6,6
212,439,6,6
588,263,6,6
343,790,6,6
646,753,6,6
788,542,6,6
652,534,6,6
128,542,6,6
790,343,6,6
53,642,6,6
762,788,6,6
791,523,6,6
323,367,6,6
788,728,6,6
755,343,6,6
739,755,6,6
542,788,6,6
753,646,6,6
679,62,6,6
739,317,6,6
250,8,6,6
638,646,6,6
482,588,6,6
638,646,6,6
294,250,6,6
638,479,6,6
788,542,6,6
681,788,6,6
542,128,6,6
681,788,6,6
638,242,6,6
728,788,6,6
367,323,6,6
788,681,6,6
250,502,6,6
788,728,6,6
371,789,6,6
323,367,6,6
542,788,6,6
479,90,6,6
679,792,6,6
788,542,6,6
681,788,6,6
502,250,6,6
479,711,6,6
367,323,6,6
646,753,6,6
250,502,6,6
294,250,6,6
646,758,6,6
638,479,6,6
495,263,6,6
642,711,6,6
761,482,6,6
495,498,6,6
642,652,6,6
711,479,6,6
482,761,6,6
753,646,6,6
431,299,6,6
53,642,6,6
652,642,6,6
263,588,6,6
761,482,6,6
711,642,6,6
761,482,6,6
638,646,6,6
758,646,6,6
483,583,6,6
294,250,6,6
479,711,6,6
560,638,6,6
483,782,6,6
788,681,6,6
323,367,6,6
365,191,6,6
642,652,6,6
646,758,6,6
502,250,6,6
482,761,6,6
646,753,6,6
532,536,6,6
788,728,6,6
758,646,6,6
652,642,6,6
250,502,6,6
642,711,6,6
681,788,6,6
642,652,6,6
761,482,6,6
761,482,6,6
642,784,6,6
482,761,6,6
783,542,6,6
502,250,6,6
753,646,6,6
733,626,6,6
761,482,6,6
711,479,6,6
479,659,6,6
588,263,6,6
758,646,6,6
482,761,6,6
711,642,6,6
646,753,6,6
523,791,6,6
479,711,6,6
646,758,6,6
250,502,6,6
753,646,6,6
522,598,6,6
599,534,6,6
642,711,6,6
758,646,6,6
733,784,6,6
686,782,6,6
502,250,6,6
532,364,6,6
646,753,6,6
711,642,6,6
9,788,6,6
753,646,6,6
479,788,6,6
642,711,6,6
212,741,6,6
325,523,6,6
250,407,6,6
646,758,6,6
9,753,6,6
733,128,6,6
646,753,6,6
250,502,6,6
761,482,6,6
638,646,6,6
425,407,6,6
733,407,6,6
9,142,6,6
502,250,6,6
259,532,6,6
758,646,6,6
758,646,6,6
733,783,6,6
9,142,6,6
479,432,6,6
733,101,6,6
646,758,6,6
733,101,6,6
733,502,6,6
711,642,6,6
53,642,6,6
250,502,6,6
733,783,6,6
460,289,6,6
502,250,6,6
733,783,6,6
758,646,6,6
542,460,6,6
479,711,6,6
642,711,6,6
250,502,6,6
733,616,6,6
733,128,6,6
542,548,6,6
502,250,6,6
733,460,6,6
548,542,6,6
53,642,6,6
788,681,6,6
542,548,6,6
38,460,6,6
542,325,6,6
250,502,6,6
726,638,6,6
38,783,6,6
788,479,6,6
263,308,6,6
437,625,6,6
479,788,6,6
733,437,6,6
758,646,6,6
542,97,6,6
681,788,6,6
548,542,6,6
542,548,6,6
646,758,6,6
711,479,6,6
308,263,6,6
711,642,6,6
479,711,6,6
548,542,6,6
788,479,6,6
646,758,6,6
642,711,6,6
638,646,6,6
334,437,6,6
711,479,6,6
689,626,6,6
793,405,6,6
689,474,6,6
562,762,6,6
687,128,6,6
687,97,6,6
562,590,6,6
263,308,6,6
439,212,6,6
368,401,6,6
687,616,6,6
681,788,6,6
498,495,6,6
793,353,6,6
687,41,6,6
687,263,6,6
687,283,6,6
181,495,6,6
325,542,6,6
687,480,6,6
782,483,6,6
321,299,6,6
263,687,6,6
194,99,6,6
321,595,6,6
128,542,6,6
321,595,6,6
128,687,6,6
542,128,6,6
754,583,6,6
583,754,6,6
321,626,6,6
321,616,6,6
475,642,6,6
683,48,6,6
128,542,6,6
321,783,6,6
721,642,6,6
542,128,6,6
48,683,6,6
321,754,6,6
321,721,6,6
721,400,6,6
321,242,6,6
721,321,6,6
754,321,6,6
321,721,6,6
242,321,6,6
128,542,6,6
590,626,6,6
321,754,6,6
721,782,6,6
321,242,6,6
721,321,6,6
754,321,6,6
321,721,6,6
236,128,6,6
321,754,6,6
607,728,6,6
321,607,6,6
212,48,6,6
542,128,6,6
48,212,6,6
616,623,6,6
625,437,6,6
783,321,6,6
128,236,6,6
212,48,6,6
128,542,6,6
754,321,6,6
721,48,6,6
495,498,6,6
48,721,6,6
555,754,6,6
236,128,6,6
321,783,6,6
683,48,6,6
321,754,6,6
242,321,6,6
212,439,6,6
495,181,6,6
721,48,6,6
321,242,6,6
542,128,6,6
625,662,6,6
616,794,6,6
242,321,6,6
252,616,6,6
48,683,6,6
754,607,6,6
48,721,6,6
713,542,6,6
191,365,6,6
794,616,6,6
616,687,6,6
713,632,6,6
683,48,6,6
686,782,6,6
713,339,6,6
128,542,6,6
686,321,6,6
642,721,6,6
638,687,6,6
542,128,6,6
683,194,6,6
48,683,6,6
546,542,6,6
721,48,6,6
437,625,6,6
48,721,6,6
128,542,6,6
713,482,6,6
194,683,6,6
683,48,6,6
721,48,6,6
683,194,6,6
713,359,6,6
683,297,6,6
683,400,6,6
407,250,6,6
479,8,6,6
683,103,6,6
407,425,6,6
713,172,6,6
48,683,6,6
542,128,6,6
713,363,6,6
683,48,6,6
713,124,6,6
625,437,6,6
48,683,6,6
546,542,6,6
713,462,6,6
683,48,6,6
128,542,6,6
48,721,6,6
364,532,6,6
48,721,6,6
263,495,6,6
181,495,6,6
713,102,6,6
194,683,6,6
713,242,6,6
616,252,6,6
542,128,6,6
128,542,6,6
128,542,6,6
782,721,6,6
540,739,6,6
625,775,6,6
625,534,6,6
639,401,6,6
639,687,6,6
731,314,6,6
712,719,6,6
712,753,6,6
536,372,6,6
536,532,6,6
214,768,7,7
41,687,7,7
523,325,7,7
41,794,7,7
41,754,7,7
626,762,7,7
626,590,7,7
626,309,7,7
626,590,7,7
474,400,7,7
474,741,7,7
536,782,7,7
220,479,7,7
498,548,7,7
514,386,7,7
567,753,7,7
51,523,7,7
713,327,7,7
713,325,7,7
713,714,7,7
277,794,7,7
277,603,7,7
713,41,7,7
713,716,7,7
713,105,7,7
713,738,7,7
713,103,7,7
277,603,7,7
32,780,7,7
277,263,7,7
589,513,7,7
297,683,7,7
244,415,7,7
3,68,7,7
786,783,7,7
583,795,7,7
204,181,7,7
204,794,7,7
498,297,7,7
297,498,7,7
278,27,7,7
626,590,7,7
739,540,7,7
534,625,7,7
739,317,7,7
424,343,7,7
796,747,7,7
496,523,7,7
496,316,7,7
765,309,7,7
339,286,7,7
27,278,7,7
752,278,7,7
513,589,7,7
697,640,7,7
422,297,7,7
679,72,7,7
728,607,7,7
679,317,7,7
342,598,7,7
297,422,7,7
283,687,7,7
297,263,7,7
342,598,7,7
679,404,7,7
342,598,7,7
697,224,7,7
342,598,7,7
177,514,7,7
514,177,7,7
30,404,7,7
9,142,7,7
9,177,7,7
9,282,7,7
342,598,7,7
342,797,7,7
586,309,7,7
586,309,7,7
738,626,7,7
615,365,7,7
254,30,7,7
456,697,7,7
629,128,7,7
626,738,7,7
598,342,7,7
599,534,7,7
52,681,7,7
309,52,7,7
52,309,7,7
309,52,7,7
309,798,7,7
282,34,7,7
590,440,7,7
590,513,7,7
401,639,7,7
204,303,7,7
401,776,7,7
388,761,7,7
53,250,7,7
401,773,7,7
590,626,7,7
551,400,7,7
103,683,7,7
103,731,7,7
798,513,7,7
547,711,7,7
687,41,7,7
103,462,7,7
620,27,7,7
437,625,7,7
372,569,7,7
372,128,7,7
204,303,7,7
372,761,7,7
372,536,7,7
372,799,7,7
372,798,7,7
372,278,7,7
398,782,7,7
212,321,7,7
372,437,7,7
372,765,7,7
277,603,7,7
798,309,7,7
754,41,7,7
220,624,7,7
711,547,7,7
220,644,7,7
220,678,7,7
547,711,7,7
299,462,7,7
220,372,7,7
711,547,7,7
547,711,7,7
299,321,7,7
277,498,7,7
27,620,7,7
711,547,7,7
277,603,7,7
713,372,7,7
154,719,7,7
154,644,7,7
689,626,7,7
713,738,7,7
547,154,7,7
626,689,7,7
277,603,7,7
626,590,7,7
713,567,7,7
713,727,7,7
755,386,7,7
713,161,7,7
713,644,7,7
758,753,7,7
713,103,7,7
687,128,7,7
713,624,7,7
713,90,7,7
713,252,7,7
687,616,7,7
713,714,7,7
713,48,7,7
713,321,7,7
321,212,7,7
766,642,7,7
766,372,7,7
766,372,7,7
586,784,7,7
321,299,7,7
713,542,7,7
681,52,7,7
605,734,7,7
689,626,7,7
766,372,7,7
321,766,7,7
713,479,7,7
321,758,7,7
766,321,7,7
782,398,7,7
586,598,7,7
712,189,7,7
713,242,7,7
321,766,7,7
626,689,7,7
758,321,7,7
321,784,7,7
713,462,7,7
337,649,7,7
321,758,7,7
509,364,7,7
337,769,7,7
101,514,7,7
713,102,7,7
713,716,7,7
586,534,7,7
321,765,7,7
770,534,7,7
586,244,7,7
297,321,7,7
321,798,7,7
713,283,7,7
321,297,7,7
616,321,7,7
321,616,7,7
321,616,7,7
770,454,7,7
297,321,7,7
454,181,7,7
321,297,7,7
555,754,7,7
766,321,7,7
758,321,7,7
372,766,7,7
372,766,7,7
372,766,7,7
321,766,7,7
766,372,7,7
321,758,7,7
766,321,7,7
372,766,7,7
321,766,7,7
67,8,7,7
297,321,7,7
128,629,7,7
189,712,7,7
799,372,7,7
770,454,7,7
103,721,7,7
103,799,7,7
799,103,7,7
456,454,7,7
103,799,7,7
41,687,7,7
212,678,7,7
766,372,7,7
766,321,7,7
766,372,7,7
799,103,7,7
212,765,7,7
372,799,7,7
372,766,7,7
372,766,7,7
799,372,7,7
454,456,7,7
372,799,7,7
103,799,7,7
799,372,7,7
770,454,7,7
799,103,7,7
509,364,7,7
509,316,7,7
509,454,7,7
725,719,7,7
605,617,7,7
605,337,7,7
770,454,7,7
220,644,7,7
605,332,7,7
212,48,7,7
103,799,7,7
128,687,7,7
770,454,7,7
799,103,7,7
252,616,7,7
396,400,7,7
536,372,7,7
321,297,7,7
321,766,7,7
800,766,7,7
95,638,7,7
801,768,7,7
460,542,7,7
128,372,7,7
321,460,7,7
644,220,7,7
34,761,7,7
619,389,7,7
704,617,7,7
619,502,7,7
404,30,7,7
619,784,7,7
687,128,7,7
9,282,7,7
9,282,7,7
687,757,7,7
679,404,7,7
705,788,7,7
705,788,7,7
34,802,7,7
400,721,7,7
679,404,7,7
400,683,7,7
762,562,7,7
705,803,7,7
802,34,7,7
705,803,7,7
462,103,7,7
752,502,7,7
462,299,7,7
350,617,7,7
586,804,7,7
400,474,7,7
372,128,7,7
350,802,7,7
431,299,7,7
802,350,7,7
350,802,7,7
350,802,7,7
802,762,7,7
400,396,7,7
551,400,7,7
639,687,7,7
34,802,7,7
760,212,7,7
640,697,7,7
211,597,7,7
754,570,7,7
697,640,7,7
697,640,7,7
296,63,7,7
299,462,7,7
325,523,7,7
625,437,7,7
103,462,7,7
625,534,7,7
801,321,7,7
697,640,7,7
683,194,7,7
299,321,7,7
683,297,7,7
67,683,7,7
321,299,7,7
708,224,7,7
48,683,7,7
299,321,7,7
569,372,7,7
483,325,7,7
483,583,7,7
483,583,7,7
483,194,7,7
474,400,7,7
483,782,7,7
474,646,7,7
325,483,7,7
67,798,7,7
646,474,7,7
683,48,7,7
474,224,7,7
48,683,7,7
220,644,7,7
474,646,7,7
67,683,7,7
683,48,7,7
683,67,7,7
429,372,7,7
689,626,7,7
9,569,7,7
48,683,7,7
9,683,7,7
9,27,7,7
9,788,7,7
9,753,7,7
683,48,7,7
48,683,7,7
9,783,7,7
9,784,7,7
626,689,7,7
9,798,7,7
9,802,7,7
248,603,7,7
9,569,7,7
9,683,7,7
683,48,7,7
9,683,7,7
9,569,7,7
317,343,7,7
9,683,7,7
9,569,7,7
48,683,7,7
9,569,7,7
9,783,7,7
9,683,7,7
9,569,7,7
9,569,7,7
683,48,7,7
341,638,7,7
9,569,7,7
483,325,7,7
621,774,7,7
128,372,7,7
74,788,7,7
439,212,7,7
439,795,7,7
1,146,7,7
552,769,7,7
462,103,7,7
27,9,7,7
350,617,7,7
224,708,7,7
103,617,7,7
617,236,7,7
617,103,7,7
708,224,7,7
704,617,7,7
1,159,7,7
708,32,7,7
704,504,7,7
57,596,7,7
708,74,7,7
514,101,7,7
52,309,7,7
57,708,7,7
607,728,7,7
738,654,7,7
708,57,7,7
504,771,7,7
52,681,7,7
224,708,7,7
57,708,7,7
57,802,7,7
795,439,7,7
605,341,7,7
254,408,7,7
687,283,7,7
805,41,7,7
586,504,7,7
57,798,7,7
437,625,7,7
704,617,7,7
57,798,7,7
683,617,7,7
683,379,7,7
704,504,7,7
708,57,7,7
681,617,7,7
57,708,7,7
681,52,7,7
805,41,7,7
681,617,7,7
36,644,7,7
805,241,7,7
805,325,7,7
469,806,7,7
805,807,7,7
806,469,7,7
805,780,7,7
244,808,7,7
809,325,7,7
514,799,7,7
617,73,7,7
514,617,7,7
605,617,7,7
805,144,7,7
617,514,7,7
605,617,7,7
809,281,7,7
73,617,7,7
617,400,7,7
183,644,7,7
617,73,7,7
626,795,7,7
605,617,7,7
605,272,7,7
73,617,7,7
771,504,7,7
189,708,7,7
795,626,7,7
705,299,7,7
626,795,7,7
681,617,7,7
405,793,7,7
681,617,7,7
586,244,7,7
795,626,7,7
625,437,7,7
586,183,7,7
799,514,7,7
586,504,7,7
400,474,7,7
400,617,7,7
810,349,7,7
342,598,7,7
52,681,7,7
562,795,7,7
599,41,7,7
274,212,7,7
342,544,7,7
342,544,7,7
425,407,7,7
342,698,7,7
342,698,7,7
274,645,7,7
400,683,7,7
639,401,7,7
274,639,7,7
274,639,7,7
250,297,7,7
586,244,7,7
586,244,7,7
327,589,7,7
681,52,7,7
327,316,7,7
283,687,7,7
41,183,7,7
805,41,7,7
327,798,7,7
327,784,7,7
805,274,7,7
41,766,7,7
767,741,7,7
805,41,7,7
770,365,7,7
605,734,7,7
327,774,7,7
617,681,7,7
448,244,7,7
599,250,7,7
617,400,7,7
599,41,7,7
493,339,7,7
770,101,7,7
131,753,7,7
753,131,7,7
131,753,7,7
250,502,7,7
770,617,7,7
549,794,7,7
771,364,7,7
679,714,7,7
640,783,7,7
599,41,7,7
599,250,7,7
770,316,7,7
753,131,7,7
277,448,7,7
131,753,7,7
712,640,7,7
753,131,7,7
131,125,7,7
640,712,7,7
770,365,7,7
712,640,7,7
679,714,7,7
599,250,7,7
640,712,7,7
357,783,7,7
131,753,7,7
53,785,7,7
712,640,7,7
753,131,7,7
357,402,7,7
783,640,7,7
640,712,7,7
9,753,7,7
640,783,7,7
9,802,7,7
9,708,7,7
9,753,7,7
712,640,7,7
181,454,7,7
124,598,7,7
783,542,7,7
131,753,7,7
9,753,7,7
67,8,7,7
640,712,7,7
339,493,7,7
9,569,7,7
783,640,7,7
753,131,7,7
640,783,7,7
542,325,7,7
712,640,7,7
124,712,7,7
357,299,7,7
640,712,7,7
131,753,7,7
753,131,7,7
387,481,7,7
387,252,7,7
131,753,7,7
387,386,7,7
654,738,7,7
783,640,7,7
63,296,7,7
63,547,7,7
514,617,7,7
514,799,7,7
244,448,7,7
811,376,7,7
376,811,7,7
278,27,7,7
635,812,7,7
704,813,7,7
364,771,7,7
811,376,7,7
811,58,7,7
805,41,7,7
704,798,7,7
805,617,7,7
313,63,7,7
801,313,7,7
800,766,7,7
603,814,7,7
681,617,7,7
805,250,7,7
681,654,7,7
34,313,7,7
799,514,7,7
801,313,7,7
448,244,7,7
204,181,7,7
547,63,7,7
448,365,7,7
342,364,7,7
448,784,7,7
313,34,7,7
342,364,7,7
454,181,7,7
12,101,7,7
514,799,7,7
705,712,7,7
705,712,7,7
103,799,7,7
801,313,7,7
364,815,7,7
12,784,7,7
342,364,7,7
74,708,7,7
815,364,7,7
3,132,7,7
342,815,7,7
103,617,7,7
364,342,7,7
513,626,7,7
12,8,7,7
74,463,7,7
342,364,7,7
454,467,7,7
103,454,7,7
34,313,7,7
34,815,7,7
176,603,7,7
308,155,7,7
357,816,7,7
814,603,7,7
771,364,7,7
74,592,7,7
302,557,7,7
103,817,7,7
357,818,7,7
654,762,7,7
357,798,7,7
103,815,7,7
41,811,7,7
364,771,7,7
41,741,7,7
3,814,7,7
686,542,7,7
794,549,7,7
74,753,7,7
770,454,7,7
686,131,7,7
599,250,7,7
599,41,7,7
557,302,7,7
74,617,7,7
770,626,7,7
603,814,7,7
302,557,7,7
189,712,7,7
626,513,7,7
12,308,7,7
603,157,7,7
603,157,7,7
74,607,7,7
12,288,7,7
733,297,7,7
733,168,7,7
733,302,7,7
814,3,7,7
814,603,7,7
603,814,7,7
557,302,7,7
460,321,7,7
277,448,7,7
498,815,7,7
770,460,7,7
635,74,7,7
586,244,7,7
302,557,7,7
557,302,7,7
586,815,7,7
586,816,7,7
799,514,7,7
74,460,7,7
799,103,7,7
74,635,7,7
766,41,7,7
41,766,7,7
635,74,7,7
372,569,7,7
766,482,7,7
766,41,7,7
372,128,7,7
41,766,7,7
766,769,7,7
766,41,7,7
635,74,7,7
372,429,7,7
364,429,7,7
277,448,7,7
766,283,7,7
343,74,7,7
372,766,7,7
41,766,7,7
372,560,7,7
805,41,7,7
766,372,7,7
766,41,7,7
429,372,7,7
793,785,7,7
805,41,7,7
41,766,7,7
372,766,7,7
41,805,7,7
766,41,7,7
640,175,7,7
621,372,7,7
41,766,7,7
805,41,7,7
621,819,7,7
766,372,7,7
297,683,7,7
640,323,7,7
766,41,7,7
297,321,7,7
41,805,7,7
41,766,7,7
297,250,7,7
617,74,7,7
766,41,7,7
482,766,7,7
621,542,7,7
41,766,7,7
272,632,7,7
805,41,7,7
41,805,7,7
560,372,7,7
766,482,7,7
766,41,7,7
482,766,7,7
766,482,7,7
617,103,7,7
683,400,7,7
482,766,7,7
617,734,7,7
766,482,7,7
482,766,7,7
725,547,7,7
389,598,7,7
212,48,7,7
379,683,7,7
617,681,7,7
41,766,7,7
770,617,7,7
272,448,7,7
372,621,7,7
617,734,7,7
389,448,7,7
372,448,7,7
27,278,7,7
654,632,7,7
400,617,7,7
474,400,7,7
389,640,7,7
617,734,7,7
725,547,7,7
599,250,7,7
599,41,7,7
400,683,7,7
617,400,7,7
777,798,7,7
777,795,7,7
379,51,7,7
29,389,7,7
365,448,7,7
29,697,7,7
708,57,7,7
12,402,7,7
617,640,7,7
725,547,7,7
708,74,7,7
283,766,7,7
299,705,7,7
12,389,7,7
617,734,7,7
473,708,7,7
172,820,7,7
617,272,7,7
540,439,7,7
473,771,7,7
708,473,7,7
821,805,7,7
617,734,7,7
351,815,7,7
617,124,7,7
679,308,7,7
617,734,7,7
68,598,7,7
308,794,7,7
448,272,7,7
448,372,7,7
679,308,7,7
448,365,7,7
617,308,7,7
617,734,7,7
617,201,7,7
679,308,7,7
296,63,7,7
617,308,7,7
679,308,7,7
12,617,7,7
681,617,7,7
249,617,7,7
795,777,7,7
128,372,7,7
800,766,7,7
249,654,7,7
504,771,7,7
249,454,7,7
617,681,7,7
249,654,7,7
617,644,7,7
249,617,7,7
617,272,7,7
249,654,7,7
605,734,7,7
617,734,7,7
605,74,7,7
244,448,7,7
617,734,7,7
617,272,7,7
605,734,7,7
617,734,7,7
323,640,7,7
617,272,7,7
389,29,7,7
617,734,7,7
761,372,7,7
605,272,7,7
617,272,7,7
249,454,7,7
617,272,7,7
12,617,7,7
617,272,7,7
733,639,7,7
272,617,7,7
272,617,7,7
617,272,7,7
605,272,7,7
12,617,7,7
272,617,7,7
617,272,7,7
617,272,7,7
12,617,7,7
272,617,7,7
626,649,7,7
819,822,7,7
12,617,7,7
272,448,7,7
649,626,7,7
626,649,7,7
626,649,7,7
681,617,7,7
626,649,7,7
12,617,7,7
605,32,7,7
12,617,7,7
12,823,7,7
474,74,7,7
770,617,7,7
705,299,7,7
12,617,7,7
605,224,7,7
697,341,7,7
697,29,7,7
679,504,7,7
770,617,7,7
823,824,7,7
12,823,7,7
823,325,7,7
605,224,7,7
12,823,7,7
819,825,7,7
12,825,7,7
770,454,7,7
681,626,7,7
605,224,7,7
704,617,7,7
12,823,7,7
681,626,7,7
12,823,7,7
770,617,7,7
605,194,7,7
12,823,7,7
770,617,7,7
249,454,7,7
681,626,7,7
777,795,7,7
12,823,7,7
821,805,7,7
741,41,7,7
154,547,7,7
342,638,7,7
581,582,7,7
581,328,7,7
296,823,7,7
474,651,7,7
700,481,7,7
605,74,7,7
605,74,7,7
9,697,7,7
700,68,7,7
823,296,7,7
771,364,7,7
823,29,7,7
700,626,7,7
681,626,7,7
700,654,7,7
9,697,7,7
9,598,7,7
181,454,7,7
296,823,7,7
29,823,7,7
9,607,7,7
771,473,7,7
679,308,7,7
823,296,7,7
733,654,7,7
823,29,7,7
296,823,7,7
679,67,7,7
29,823,7,7
826,814,7,7
29,823,7,7
733,626,7,7
733,654,7,7
644,617,7,7
771,504,7,7
823,296,7,7
733,654,7,7
296,823,7,7
765,321,7,7
765,212,7,7
765,372,7,7
823,29,7,7
765,532,7,7
29,823,7,7
733,654,7,7
103,799,7,7
823,296,7,7
823,29,7,7
605,263,7,7
296,823,7,7
827,61,7,7
733,708,7,7
29,823,7,7
605,263,7,7
733,761,7,7
617,644,7,7
605,263,7,7
220,654,7,7
617,681,7,7
733,626,7,7
605,263,7,7
823,296,7,7
823,29,7,7
296,823,7,7
805,821,7,7
733,708,7,7
638,342,7,7
705,825,7,7
638,341,7,7
638,95,7,7
638,95,7,7
638,744,7,7
733,626,7,7
29,823,7,7
9,598,7,7
448,272,7,7
9,697,7,7
325,823,7,7
688,103,7,7
9,569,7,7
712,705,7,7
163,658,7,7
638,646,7,7
9,569,7,7
448,244,7,7
599,250,7,7
712,124,7,7
586,504,7,7
557,583,7,7
9,598,7,7
644,617,7,7
733,475,7,7
9,569,7,7
9,569,7,7
9,569,7,7
569,372,7,7
283,766,7,7
103,688,7,7
605,74,7,7
9,598,7,7
9,569,7,7
9,569,7,7
9,569,7,7
9,569,7,7
777,784,7,7
9,683,7,7
386,343,7,7
733,626,7,7
733,475,7,7
9,569,7,7
386,790,7,7
733,708,7,7
9,212,7,7
32,825,7,7
599,250,7,7
605,32,7,7
638,794,7,7
9,569,7,7
586,244,7,7
343,386,7,7
9,569,7,7
9,569,7,7
728,607,7,7
63,313,7,7
549,794,7,7
9,601,7,7
63,547,7,7
155,308,7,7
9,697,7,7
357,708,7,7
9,569,7,7
605,32,7,7
9,569,7,7
364,771,7,7
249,659,7,7
249,163,7,7
828,96,7,7
708,357,7,7
605,32,7,7
605,32,7,7
9,569,7,7
9,569,7,7
9,569,7,7
9,569,7,7
617,103,7,7
542,460,7,7
829,819,7,7
542,783,7,7
9,569,7,7
596,57,7,7
9,569,7,7
704,605,7,7
757,687,7,7
9,569,7,7
9,569,7,7
758,741,7,7
250,638,7,7
542,621,7,7
728,758,7,7
757,212,7,7
9,569,7,7
638,250,7,7
9,598,7,7
542,816,7,7
830,364,7,7
9,569,7,7
741,758,7,7
9,569,7,7
372,128,7,7
364,830,7,7
372,761,7,7
826,32,7,7
617,681,7,7
372,765,7,7
679,557,7,7
372,569,7,7
697,638,7,7
638,697,7,7
569,372,7,7
128,372,7,7
32,605,7,7
189,708,7,7
342,638,7,7
372,569,7,7
605,32,7,7
638,323,7,7
32,681,7,7
372,128,7,7
569,372,7,7
638,697,7,7
189,712,7,7
605,32,7,7
758,741,7,7
605,73,7,7
638,697,7,7
638,87,7,7
787,73,7,7
787,73,7,7
787,73,7,7
128,372,7,7
638,697,7,7
69,498,7,7
638,87,7,7
638,697,7,7
175,640,7,7
495,263,7,7
599,250,7,7
679,557,7,7
697,73,7,7
372,765,7,7
638,758,7,7
495,181,7,7
638,697,7,7
189,708,7,7
697,475,7,7
437,625,7,7
681,617,7,7
495,831,7,7
638,323,7,7
681,32,7,7
617,90,7,7
624,437,7,7
679,654,7,7
475,697,7,7
638,643,7,7
697,475,7,7
697,475,7,7
539,765,7,7
475,697,7,7
475,697,7,7
644,712,7,7
697,475,7,7
679,654,7,7
697,475,7,7
719,712,7,7
250,72,7,7
638,637,7,7
644,39,7,7
250,260,7,7
638,697,7,7
250,536,7,7
644,711,7,7
475,697,7,7
308,823,7,7
617,681,7,7
697,475,7,7
372,569,7,7
372,128,7,7
679,654,7,7
475,697,7,7
67,825,7,7
638,697,7,7
124,712,7,7
697,475,7,7
72,250,7,7
757,252,7,7
638,697,7,7
686,542,7,7
583,557,7,7
400,683,7,7
679,557,7,7
400,396,7,7
569,372,7,7
679,654,7,7
719,753,7,7
638,697,7,7
337,769,7,7
475,697,7,7
128,372,7,7
644,59,7,7
683,400,7,7
67,806,7,7
199,72,7,7
233,481,7,7
624,343,7,7
644,30,7,7
400,683,7,7
704,617,7,7
697,475,7,7
96,828,7,7
683,400,7,7
644,378,7,7
679,654,7,7
400,639,7,7
475,697,7,7
124,474,7,7
250,617,7,7
679,557,7,7
638,719,7,7
605,337,7,7
189,708,7,7
400,683,7,7
68,832,7,7
557,583,7,7
617,250,7,7
679,833,7,7
719,638,7,7
679,7,7,7
638,719,7,7
708,557,7,7
681,617,7,7
400,286,7,7
644,389,7,7
783,542,7,7
400,396,7,7
19,525,7,7
68,798,7,7
644,659,7,7
400,626,7,7
679,557,7,7
415,244,7,7
799,103,7,7
590,626,7,7
68,475,7,7
712,124,7,7
475,68,7,7
753,74,7,7
400,250,7,7
68,475,7,7
753,719,7,7
475,68,7,7
712,719,7,7
801,103,7,7
259,256,7,7
233,193,7,7
638,719,7,7
712,644,7,7
834,175,7,7
557,708,7,7
250,475,7,7
741,758,7,7
57,708,7,7
644,712,7,7
475,250,7,7
400,708,7,7
644,708,7,7
250,475,7,7
400,638,7,7
475,250,7,7
794,549,7,7
644,598,7,7
250,475,7,7
400,712,7,7
475,250,7,7
400,323,7,7
68,475,7,7
475,68,7,7
87,475,7,7
193,233,7,7
598,644,7,7
250,475,7,7
712,400,7,7
598,68,7,7
644,598,7,7
679,557,7,7
12,288,7,7
41,741,7,7
708,557,7,7
400,466,7,7
199,638,7,7
400,712,7,7
596,400,7,7
712,644,7,7
475,250,7,7
596,57,7,7
9,681,7,7
418,475,7,7
400,596,7,7
9,8,7,7
9,569,7,7
9,683,7,7
712,400,7,7
598,124,7,7
9,598,7,7
475,418,7,7
741,41,7,7
9,598,7,7
199,823,7,7
68,598,7,7
638,400,7,7
686,400,7,7
498,495,7,7
638,102,7,7
400,712,7,7
462,617,7,7
719,686,7,7
596,400,7,7
741,212,7,7
440,795,7,7
638,753,7,7
596,388,7,7
346,345,7,7
41,741,7,7
638,753,7,7
542,753,7,7
542,753,7,7
120,222,7,7
643,638,7,7
12,402,7,7
557,708,7,7
753,542,7,7
595,193,7,7
595,321,7,7
595,321,7,7
712,400,7,7
220,654,7,7
605,557,7,7
712,644,7,7
12,588,7,7
12,140,7,7
514,832,7,7
605,29,7,7
640,389,7,7
12,140,7,7
220,654,7,7
741,607,7,7
252,757,7,7
9,681,7,7
9,8,7,7
12,753,7,7
220,372,7,7
52,681,7,7
617,250,7,7
617,462,7,7
454,249,7,7
454,181,7,7
679,557,7,7
678,212,7,7
495,498,7,7
605,795,7,7
681,52,7,7
590,835,7,7
462,617,7,7
498,495,7,7
835,590,7,7
590,835,7,7
396,400,7,7
12,96,7,7
686,719,7,7
12,569,7,7
605,557,7,7
640,617,7,7
617,462,7,7
605,29,7,7
12,830,7,7
12,140,7,7
605,263,7,7
617,640,7,7
12,569,7,7
835,590,7,7
721,400,7,7
640,617,7,7
194,836,7,7
488,120,7,7
617,640,7,7
640,617,7,7
605,29,7,7
12,101,7,7
605,557,7,7
305,212,7,7
307,317,7,7
12,569,7,7
757,252,7,7
586,832,7,7
681,795,7,7
193,595,7,7
704,617,7,7
679,557,7,7
9,681,7,7
9,8,7,7
462,675,7,7
160,638,7,7
605,557,7,7
12,830,7,7
801,313,7,7
32,681,7,7
605,32,7,7
704,835,7,7
12,569,7,7
605,596,7,7
12,689,7,7
498,831,7,7
363,816,7,7
681,32,7,7
12,757,7,7
605,557,7,7
801,313,7,7
12,527,7,7
321,460,7,7
321,765,7,7
321,595,7,7
605,462,7,7
142,762,7,7
321,595,7,7
282,462,7,7
679,557,7,7
463,687,7,7
194,679,7,7
605,557,7,7
795,681,7,7
463,74,7,7
605,462,7,7
289,460,7,7
313,34,7,7
12,569,7,7
638,160,7,7
605,462,7,7
624,8,7,7
679,557,7,7
605,557,7,7
549,794,7,7
321,774,7,7
605,462,7,7
12,569,7,7
282,462,7,7
801,313,7,7
801,313,7,7
837,346,7,7
638,646,7,7
8,624,7,7
605,462,7,7
838,644,7,7
120,488,7,7
638,643,7,7
460,542,7,7
12,569,7,7
801,313,7,7
583,557,7,7
638,640,7,7
801,313,7,7
605,462,7,7
801,313,7,7
603,814,7,7
801,313,7,7
289,835,7,7
676,719,7,7
823,308,7,7
103,462,7,7
761,372,7,7
99,194,7,7
823,199,7,7
835,289,7,7
313,801,7,7
766,283,7,7
289,835,7,7
462,103,7,7
12,689,7,7
766,283,7,7
9,681,7,7
12,681,7,7
605,29,7,7
313,801,7,7
766,41,7,7
814,603,7,7
103,462,7,7
9,142,7,7
801,313,7,7
835,289,7,7
9,569,7,7
9,569,7,7
801,313,7,7
462,103,7,7
313,801,7,7
289,835,7,7
683,400,7,7
605,29,7,7
355,316,7,7
835,289,7,7
313,801,7,7
103,462,7,7
605,640,7,7
605,704,7,7
605,704,7,7
297,234,7,7
679,504,7,7
605,704,7,7
605,704,7,7
103,839,7,7
297,573,7,7
289,835,7,7
63,801,7,7
297,573,7,7
573,297,7,7
9,569,7,7
605,704,7,7
234,297,7,7
103,840,7,7
9,569,7,7
283,766,7,7
605,462,7,7
603,814,7,7
9,569,7,7
297,573,7,7
801,313,7,7
9,569,7,7
297,234,7,7
504,586,7,7
605,442,7,7
573,297,7,7
605,704,7,7
617,640,7,7
283,766,7,7
605,704,7,7
313,801,7,7
801,313,7,7
9,569,7,7
801,63,7,7
679,504,7,7
297,573,7,7
801,313,7,7
555,641,7,7
9,569,7,7
617,688,7,7
679,841,7,7
790,386,7,7
605,704,7,7
617,704,7,7
713,842,7,7
605,704,7,7
721,782,7,7
605,704,7,7
573,297,7,7
605,704,7,7
95,63,7,7
835,289,7,7
605,704,7,7
9,569,7,7
9,569,7,7
103,841,7,7
297,573,7,7
814,603,7,7
617,462,7,7
400,396,7,7
9,569,7,7
103,843,7,7
843,576,7,7
704,617,7,7
462,617,7,7
400,596,7,7
95,753,7,7
313,801,7,7
617,704,7,7
400,712,7,7
605,704,7,7
313,801,7,7
843,798,7,7
573,297,7,7
603,814,7,7
442,144,7,7
534,625,7,7
9,8,7,7
400,683,7,7
605,704,7,7
9,569,7,7
617,462,7,7
297,573,7,7
9,569,7,7
400,721,7,7
289,835,7,7
617,704,7,7
462,617,7,7
704,617,7,7
605,704,7,7
605,704,7,7
835,289,7,7
9,569,7,7
617,462,7,7
400,504,7,7
9,569,7,7
372,823,7,7
256,48,7,7
400,783,7,7
605,704,7,7
617,704,7,7
823,372,7,7
194,823,7,7
704,605,7,7
372,835,7,7
704,617,7,7
194,586,7,7
617,704,7,7
701,103,7,7
372,844,7,7
701,193,7,7
605,704,7,7
845,808,7,7
704,617,7,7
701,372,7,7
573,297,7,7
704,605,7,7
194,683,7,7
194,296,7,7
605,704,7,7
504,400,7,7
194,99,7,7
808,244,7,7
605,372,7,7
372,765,7,7
843,783,7,7
194,482,7,7
372,823,7,7
704,605,7,7
823,372,7,7
289,835,7,7
679,504,7,7
823,372,7,7
297,573,7,7
194,422,7,7
835,372,7,7
442,753,7,7
605,704,7,7
704,605,7,7
783,400,7,7
372,605,7,7
194,555,7,7
372,823,7,7
845,808,7,7
845,808,7,7
845,808,7,7
194,583,7,7
605,704,7,7
372,835,7,7
194,456,7,7
482,194,7,7
605,372,7,7
573,297,7,7
704,605,7,7
783,843,7,7
372,835,7,7
194,482,7,7
704,605,7,7
372,605,7,7
99,194,7,7
9,569,7,7
9,569,7,7
9,256,7,7
504,719,7,7
605,704,7,7
9,256,7,7
605,372,7,7
814,603,7,7
9,343,7,7
704,605,7,7
482,194,7,7
605,704,7,7
9,844,7,7
605,704,7,7
9,569,7,7
704,605,7,7
704,605,7,7
605,704,7,7
704,605,7,7
605,704,7,7
704,605,7,7
590,795,7,7
482,823,7,7
835,289,7,7
605,704,7,7
835,372,7,7
704,605,7,7
289,835,7,7
605,704,7,7
681,590,7,7
605,317,7,7
704,605,7,7
605,704,7,7
704,605,7,7
801,313,7,7
605,704,7,7
605,681,7,7
835,289,7,7
590,681,7,7
835,388,7,7
289,835,7,7
701,103,7,7
372,835,7,7
289,835,7,7
701,103,7,7
835,289,7,7
103,835,7,7
289,835,7,7
701,48,7,7
95,175,7,7
835,289,7,7
289,835,7,7
41,766,7,7
543,640,7,7
681,605,7,7
9,343,7,7
835,103,7,7
835,289,7,7
289,835,7,7
846,588,7,7
835,289,7,7
128,542,7,7
847,97,7,7
189,774,7,7
713,498,7,7
758,741,7,7
289,835,7,7
758,719,7,7
625,437,7,7
625,534,7,7
683,400,7,7
323,400,7,7
289,835,7,7
75,120,7,7
36,73,7,7
835,289,7,7
388,835,7,7
683,194,7,7
534,625,7,7
617,704,7,7
289,835,7,7
289,835,7,7
754,438,7,7
841,848,7,7
835,388,7,7
625,534,7,7
835,289,7,7
297,573,7,7
683,413,7,7
388,835,7,7
289,835,7,7
835,289,7,7
289,835,7,7
835,289,7,7
73,605,7,7
588,846,7,7
73,697,7,7
687,757,7,7
289,835,7,7
835,289,7,7
704,617,7,7
311,321,7,7
289,835,7,7
687,815,7,7
687,823,7,7
835,289,7,7
687,783,7,7
289,835,7,7
687,586,7,7
687,832,7,7
542,128,7,7
439,540,7,7
439,795,7,7
439,795,7,7
823,687,7,7
783,687,7,7
823,482,7,7
651,765,7,7
651,765,7,7
809,281,7,7
540,439,7,7
128,542,7,7
540,439,7,7
809,340,7,7
97,726,7,7
809,823,7,7
97,726,7,7
513,263,7,7
422,297,7,7
422,297,7,7
689,626,7,7
308,823,7,7
308,311,7,7
781,642,7,7
781,642,7,7
308,849,7,7
781,642,7,7
72,701,7,7
468,830,7,7
263,513,7,7
236,617,7,7
244,586,7,7
244,415,7,7
536,250,7,7
244,808,7,7
41,817,7,7
214,839,7,7
214,815,7,7
836,194,7,7
798,513,7,7
626,400,7,7
29,850,7,7
626,590,7,7
514,835,7,7
482,823,7,7
638,646,7,7
638,269,7,7
638,95,7,7
626,689,7,7
9,282,7,7
63,801,7,7
63,95,7,7
831,498,7,7
679,841,7,7
337,605,7,7
679,308,7,7
851,162,7,7
851,679,7,7
632,654,7,7
632,272,7,7
851,679,7,7
851,852,7,7
851,679,7,7
851,679,7,7
120,75,7,7
509,364,7,7
542,729,7,7
638,68,7,7
621,372,7,7
621,542,7,7
638,753,7,7
509,306,7,7
851,679,7,7
199,823,7,7
800,766,7,7
513,263,7,7
513,798,7,7
831,540,7,7
823,308,7,7
823,482,7,7
181,495,7,7
547,63,7,7
547,154,7,7
431,52,7,7
316,327,7,7
316,355,7,7
617,704,7,7
617,236,7,7
355,316,7,7
586,504,7,7
586,687,7,7
586,244,7,7
801,63,7,7
708,557,7,7
132,449,7,7
194,375,7,7
194,355,7,7
194,203,7,7
194,755,7,7
431,343,7,7
204,830,7,7
711,644,7,7
204,181,7,7
204,198,7,7
244,586,7,7
431,343,7,7
830,468,7,7
508,372,7,7
830,339,7,7
830,765,7,7
431,343,7,7
204,830,7,7
704,605,7,7
204,181,7,7
204,830,7,7
317,605,7,7
204,830,7,7
830,502,7,7
617,681,7,7
308,273,7,7
617,704,7,7
495,498,7,7
495,181,7,7
704,617,7,7
617,704,7,7
431,727,7,7
708,719,7,7
337,771,7,7
349,511,7,7
719,708,7,7
708,719,7,7
617,704,7,7
835,514,7,7
431,617,7,7
853,838,7,7
44,400,7,7
719,708,7,7
617,681,7,7
431,617,7,7
204,830,7,7
511,349,7,7
63,547,7,7
343,688,7,7
63,801,7,7
713,842,7,7
713,95,7,7
713,48,7,7
635,442,7,7
337,777,7,7
792,679,7,7
617,462,7,7
713,603,7,7
708,719,7,7
713,644,7,7
439,540,7,7
713,586,7,7
713,363,7,7
547,63,7,7
794,449,7,7
794,449,7,7
617,596,7,7
431,617,7,7
372,831,7,7
36,828,7,7
617,514,7,7
617,161,7,7
766,283,7,7
766,283,7,7
766,41,7,7
605,681,7,7
617,308,7,7
547,63,7,7
605,73,7,7
605,337,7,7
605,704,7,7
770,617,7,7
617,854,7,7
30,644,7,7
605,317,7,7
771,337,7,7
67,843,7,7
34,313,7,7
272,632,7,7
34,843,7,7
34,843,7,7
34,351,7,7
9,142,7,7
19,114,7,7
704,617,7,7
809,325,7,7
53,847,7,7
704,605,7,7
843,34,7,7
687,783,7,7
34,843,7,7
53,855,7,7
715,128,7,7
856,626,7,7
72,857,7,7
626,856,7,7
704,852,7,7
704,848,7,7
34,538,7,7
586,244,7,7
448,375,7,7
704,839,7,7
831,372,7,7
473,771,7,7
858,701,7,7
843,34,7,7
72,704,7,7
704,72,7,7
704,72,7,7
72,337,7,7
514,835,7,7
34,843,7,7
514,617,7,7
843,34,7,7
617,704,7,7
605,704,7,7
617,26,7,7
800,766,7,7
824,823,7,7
474,124,7,7
824,816,7,7
469,463,7,7
617,514,7,7
741,474,7,7
474,741,7,7
617,704,7,7
302,823,7,7
617,161,7,7
785,793,7,7
161,617,7,7
26,823,7,7
826,32,7,7
617,161,7,7
823,26,7,7
161,617,7,7
617,124,7,7
826,372,7,7
256,514,7,7
617,161,7,7
830,389,7,7
617,728,7,7
765,372,7,7
765,372,7,7
617,161,7,7
765,372,7,7
765,651,7,7
765,651,7,7
659,644,7,7
765,830,7,7
800,766,7,7
830,765,7,7
47,567,7,7
448,823,7,7
47,814,7,7
765,830,7,7
830,765,7,7
814,47,7,7
349,511,7,7
263,513,7,7
847,101,7,7
765,830,7,7
47,814,7,7
830,765,7,7
814,47,7,7
640,543,7,7
514,256,7,7
847,194,7,7
154,547,7,7
834,708,7,7
47,814,7,7
391,73,7,7
53,785,7,7
687,785,7,7
687,843,7,7
547,154,7,7
687,252,7,7
296,781,7,7
296,375,7,7
391,555,7,7
391,609,7,7
391,422,7,7
561,514,7,7
296,355,7,7
391,289,7,7
391,372,7,7
391,103,7,7
391,309,7,7
391,325,7,7
391,289,7,7
220,654,7,7
220,646,7,7
704,617,7,7
296,835,7,7
296,835,7,7
704,605,7,7
389,644,7,7
389,640,7,7
389,830,7,7
638,642,7,7
609,391,7,7
392,475,7,7
372,831,7,7
372,831,7,7
681,605,7,7
835,296,7,7
372,765,7,7
372,765,7,7
638,637,7,7
835,590,7,7
372,391,7,7
785,687,7,7
555,391,7,7
834,592,7,7
282,9,7,7
765,830,7,7
785,786,7,7
765,372,7,7
859,704,7,7
372,765,7,7
41,766,7,7
859,644,7,7
74,860,7,7
372,765,7,7
74,840,7,7
765,372,7,7
765,372,7,7
74,389,7,7
859,679,7,7
34,313,7,7
34,313,7,7
431,323,7,7
861,72,7,7
859,32,7,7
835,861,7,7
74,449,7,7
859,34,7,7
859,357,7,7
830,765,7,7
861,249,7,7
861,752,7,7
830,389,7,7
861,752,7,7
859,357,7,7
325,391,7,7
646,220,7,7
859,357,7,7
859,357,7,7
590,835,7,7
590,835,7,7
581,249,7,7
766,41,7,7
835,590,7,7
580,418,7,7
214,862,7,7
708,834,7,7
834,708,7,7
770,708,7,7
341,697,7,7
289,391,7,7
341,863,7,7
481,252,7,7
404,679,7,7
679,404,7,7
770,784,7,7
679,580,7,7
313,34,7,7
72,861,7,7
72,704,7,7
681,626,7,7
481,252,7,7
793,785,7,7
34,313,7,7
793,863,7,7
617,704,7,7
599,41,7,7
9,683,7,7
431,617,7,7
540,831,7,7
540,439,7,7
372,765,7,7
431,617,7,7
626,681,7,7
704,617,7,7
431,617,7,7
617,704,7,7
704,617,7,7
826,372,7,7
489,372,7,7
704,822,7,7
617,704,7,7
401,639,7,7
431,52,7,7
704,617,7,7
617,704,7,7
448,244,7,7
704,617,7,7
32,283,7,7
32,626,7,7
32,52,7,7
32,632,7,7
32,640,7,7
770,32,7,7
32,155,7,7
687,598,7,7
640,32,7,7
32,640,7,7
41,766,7,7
252,687,7,7
252,481,7,7
32,68,7,7
640,32,7,7
32,704,7,7
626,32,7,7
32,640,7,7
770,32,7,7
32,626,7,7
551,32,7,7
770,798,7,7
599,32,7,7
599,41,7,7
372,489,7,7
859,32,7,7
626,32,7,7
770,654,7,7
859,679,7,7
532,364,7,7
859,308,7,7
859,687,7,7
859,325,7,7
513,263,7,7
859,32,7,7
551,224,7,7
599,32,7,7
770,32,7,7
542,352,7,7
53,785,7,7
53,542,7,7
697,341,7,7
770,853,7,7
708,834,7,7
220,646,7,7
770,708,7,7
36,110,7,7
475,392,7,7
697,637,7,7
437,625,7,7
605,350,7,7
495,864,7,7
74,617,7,7
53,542,7,7
492,708,7,7
12,391,7,7
697,289,7,7
439,212,7,7
12,527,7,7
12,343,7,7
12,175,7,7
12,140,7,7
12,681,7,7
12,823,7,7
12,439,7,7
9,683,7,7
12,823,7,7
73,605,7,7
12,823,7,7
12,823,7,7
242,823,7,7
823,242,7,7
12,823,7,7
9,391,7,7
9,753,7,7
12,8,7,7
32,60,7,7
823,242,7,7
12,823,7,7
12,823,7,7
212,48,7,7
44,770,7,7
19,525,7,7
770,708,7,7
617,74,7,7
865,514,7,7
770,617,7,7
9,617,7,7
830,297,7,7
9,835,7,7
583,308,7,7
9,56,7,7
334,687,7,7
53,542,7,7
73,74,7,7
605,73,7,7
605,704,7,7
605,60,7,7
605,272,7,7
73,605,7,7
404,679,7,7
605,73,7,7
704,605,7,7
73,605,7,7
765,830,7,7
303,835,7,7
765,372,7,7
9,617,7,7
9,617,7,7
74,73,7,7
830,765,7,7
704,605,7,7
595,660,7,7
765,830,7,7
372,536,7,7
536,372,7,7
830,765,7,7
498,823,7,7
372,536,7,7
765,830,7,7
536,372,7,7
765,425,7,7
372,536,7,7
551,587,7,7
431,617,7,7
686,498,7,7
823,498,7,7
866,834,7,7
439,131,7,7
551,676,7,7
728,617,7,7
725,728,7,7
431,323,7,7
721,867,7,7
721,388,7,7
481,687,7,7
431,323,7,7
323,88,7,7
536,372,7,7
687,481,7,7
687,194,7,7
431,323,7,7
323,161,7,7
194,687,7,7
481,687,7,7
161,323,7,7
431,323,7,7
191,765,7,7
323,161,7,7
498,823,7,7
830,765,7,7
323,68,7,7
431,323,7,7
388,721,7,7
128,715,7,7
431,323,7,7
431,323,7,7
823,498,7,7
765,191,7,7
765,830,7,7
536,765,7,7
214,868,7,7
334,823,7,7
704,841,7,7
389,74,7,7
765,536,7,7
12,175,7,7
536,765,7,7
389,830,7,7
12,823,7,7
830,765,7,7
830,389,7,7
103,868,7,7
12,711,7,7
830,840,7,7
431,323,7,7
350,605,7,7
632,32,7,7
834,866,7,7
403,769,7,7
176,823,7,7
625,437,7,7
793,776,7,7
793,776,7,7
212,439,7,7
212,678,7,7
191,765,7,7
212,305,7,7
175,640,7,7
437,625,7,7
212,765,7,7
431,323,7,7
770,437,7,7
313,34,7,7
765,191,7,7
869,823,7,7
765,212,7,7
431,323,7,7
704,605,7,7
765,568,7,7
765,226,7,7
625,437,7,7
191,765,7,7
792,679,7,7
552,765,7,7
765,191,7,7
400,626,7,7
765,536,7,7
400,323,7,7
400,323,7,7
400,683,7,7
400,783,7,7
765,407,7,7
765,126,7,7
191,765,7,7
400,504,7,7
147,191,7,7
323,400,7,7
32,632,7,7
389,830,7,7
776,793,7,7
776,401,7,7
350,481,7,7
830,389,7,7
67,323,7,7
67,862,7,7
615,765,7,7
713,350,7,7
644,659,7,7
713,462,7,7
713,372,7,7
757,687,7,7
19,114,7,7
713,704,7,7
713,103,7,7
713,321,7,7
713,41,7,7
713,252,7,7
713,242,7,7
713,400,7,7
266,617,7,7
713,283,7,7
379,74,7,7
713,325,7,7
713,716,7,7
713,67,7,7
713,48,7,7
765,615,7,7
700,68,7,7
713,102,7,7
68,323,7,7
226,765,7,7
700,555,7,7
700,68,7,7
713,479,7,7
713,359,7,7
713,209,7,7
713,714,7,7
297,830,7,7
770,379,7,7
713,714,7,7
638,870,7,7
9,683,7,7
9,711,7,7
770,97,7,7
9,212,7,7
12,527,7,7
12,757,7,7
713,462,7,7
711,9,7,7
12,711,7,7
713,727,7,7
713,103,7,7
319,338,7,7
12,711,7,7
594,765,7,7
713,199,7,7
131,439,7,7
713,124,7,7
9,626,7,7
713,624,7,7
9,313,7,7
713,482,7,7
713,847,7,7
12,711,7,7
9,72,7,7
713,651,7,7
713,738,7,7
12,711,7,7
713,363,7,7
713,586,7,7
9,862,7,7
830,297,7,7
711,339,7,7
9,282,7,7
9,72,7,7
12,711,7,7
713,41,7,7
12,711,7,7
713,252,7,7
250,536,7,7
327,765,7,7
713,704,7,7
12,711,7,7
713,770,7,7
536,250,7,7
713,41,7,7
12,711,7,7
683,48,7,7
12,711,7,7
484,770,7,7
870,638,7,7
770,502,7,7
770,396,7,7
857,72,7,7
12,711,7,7
9,683,7,7
469,806,7,7
41,495,7,7
220,654,7,7
41,389,7,7
469,598,7,7
44,770,7,7
422,391,7,7
12,711,7,7
72,857,7,7
713,41,7,7
626,400,7,7
713,41,7,7
83,835,7,7
713,363,7,7
342,544,7,7
713,9,7,7
792,841,7,7
12,711,7,7
220,654,7,7
342,598,7,7
323,67,7,7
323,68,7,7
871,97,7,7
686,498,7,7
866,834,7,7
770,323,7,7
753,638,7,7
189,712,7,7
339,711,7,7
189,712,7,7
711,339,7,7
339,711,7,7
220,654,7,7
719,862,7,7
719,862,7,7
733,626,7,7
12,711,7,7
12,569,7,7
12,711,7,7
38,313,7,7
719,712,7,7
753,712,7,7
733,502,7,7
871,502,7,7
733,475,7,7
733,753,7,7
475,502,7,7
38,475,7,7
516,617,7,7
733,475,7,7
770,454,7,7
733,753,7,7
38,313,7,7
770,475,7,7
38,313,7,7
350,481,7,7
475,770,7,7
38,313,7,7
350,872,7,7
294,830,7,7
350,872,7,7
733,313,7,7
350,872,7,7
819,829,7,7
350,626,7,7
38,313,7,7
873,770,7,7
733,313,7,7
38,313,7,7
38,313,7,7
601,103,7,7
12,569,7,7
601,51,7,7
41,502,7,7
733,313,7,7
874,875,7,7
103,601,7,7
857,72,7,7
733,313,7,7
770,617,7,7
12,569,7,7
733,313,7,7
475,392,7,7
131,874,7,7
679,841,7,7
12,617,7,7
36,770,7,7
38,313,7,7
12,569,7,7
68,323,7,7
321,713,7,7
617,596,7,7
605,704,7,7
777,843,7,7
103,713,7,7
38,313,7,7
12,605,7,7
777,316,7,7
733,313,7,7
103,713,7,7
12,605,7,7
876,757,7,7
68,323,7,7
250,536,7,7
733,313,7,7
38,313,7,7
605,103,7,7
12,605,7,7
103,605,7,7
19,525,7,7
733,313,7,7
605,103,7,7
733,313,7,7
12,711,7,7
733,313,7,7
12,757,7,7
19,525,7,7
12,757,7,7
12,569,7,7
103,605,7,7
842,713,7,7
350,626,7,7
605,103,7,7
770,605,7,7
350,860,7,7
617,403,7,7
605,770,7,7
12,569,7,7
770,605,7,7
36,770,7,7
224,771,7,7
41,610,7,7
103,605,7,7
605,770,7,7
624,8,7,7
770,605,7,7
605,103,7,7
701,858,7,7
12,569,7,7
624,697,7,7
605,770,7,7
103,605,7,7
617,103,7,7
254,701,7,7
770,605,7,7
103,617,7,7
830,877,7,7
36,770,7,7
605,770,7,7
36,19,7,7
617,103,7,7
733,313,7,7
254,605,7,7
254,605,7,7
19,654,7,7
834,866,7,7
254,605,7,7
679,865,7,7
254,874,7,7
254,605,7,7
638,753,7,7
638,870,7,7
878,482,7,7
679,701,7,7
36,250,7,7
38,313,7,7
254,605,7,7
733,313,7,7
830,598,7,7
254,654,7,7
254,605,7,7
254,605,7,7
638,323,7,7
36,879,7,7
313,38,7,7
830,638,7,7
254,605,7,7
36,597,7,7
638,830,7,7
38,313,7,7
36,250,7,7
539,605,7,7
313,38,7,7
733,313,7,7
873,343,7,7
19,109,7,7
716,713,7,7
254,605,7,7
638,254,7,7
38,313,7,7
539,605,7,7
733,313,7,7
605,254,7,7
596,254,7,7
254,605,7,7
350,626,7,7
873,711,7,7
63,547,7,7
254,396,7,7
605,254,7,7
63,547,7,7
313,38,7,7
350,626,7,7
254,605,7,7
638,254,7,7
638,830,7,7
38,313,7,7
873,128,7,7
638,29,7,7
605,254,7,7
686,770,7,7
254,605,7,7
766,41,7,7
640,175,7,7
605,254,7,7
254,605,7,7
596,254,7,7
638,766,7,7
733,313,7,7
254,596,7,7
638,830,7,7
638,254,7,7
605,254,7,7
733,52,7,7
254,605,7,7
765,594,7,7
555,482,7,7
605,254,7,7
596,254,7,7
254,605,7,7
765,370,7,7
830,880,7,7
605,254,7,7
640,389,7,7
617,350,7,7
38,313,7,7
711,873,7,7
605,254,7,7
617,770,7,7
605,881,7,7
41,766,7,7
617,640,7,7
765,882,7,7
605,830,7,7
882,765,7,7
617,770,7,7
830,605,7,7
617,640,7,7
640,617,7,7
41,863,7,7
313,38,7,7
770,538,7,7
882,594,7,7
881,605,7,7
38,313,7,7
313,38,7,7
733,313,7,7
313,38,7,7
38,313,7,7
254,605,7,7
254,596,7,7
38,313,7,7
882,536,7,7
617,640,7,7
687,194,7,7
250,41,7,7
830,297,7,7
41,250,7,7
605,830,7,7
605,881,7,7
297,830,7,7
617,770,7,7
605,254,7,7
431,617,7,7
883,882,7,7
596,254,7,7
250,41,7,7
770,617,7,7
830,297,7,7
617,770,7,7
297,830,7,7
830,605,7,7
830,297,7,7
297,830,7,7
41,250,7,7
830,297,7,7
605,830,7,7
881,605,7,7
830,605,7,7
605,881,7,7
605,830,7,7
175,640,7,7
881,605,7,7
830,605,7,7
605,73,7,7
605,881,7,7
640,617,7,7
605,830,7,7
640,175,7,7
884,297,7,7
830,605,7,7
605,830,7,7
297,884,7,7
830,605,7,7
242,713,7,7
884,297,7,7
605,830,7,7
830,605,7,7
881,605,7,7
431,323,7,7
175,640,7,7
605,830,7,7
605,881,7,7
189,712,7,7
640,175,7,7
242,823,7,7
830,605,7,7
454,770,7,7
640,389,7,7
316,777,7,7
617,640,7,7
175,640,7,7
843,885,7,7
260,174,7,7
605,830,7,7
260,704,7,7
738,713,7,7
830,605,7,7
640,617,7,7
260,103,7,7
640,175,7,7
605,830,7,7
871,640,7,7
400,713,7,7
260,174,7,7
175,640,7,7
830,605,7,7
400,626,7,7
884,297,7,7
678,212,7,7
209,713,7,7
475,770,7,7
605,830,7,7
830,605,7,7
400,323,7,7
242,451,7,7
605,830,7,7
400,776,7,7
260,283,7,7
400,396,7,7
260,688,7,7
830,605,7,7
400,596,7,7
260,250,7,7
605,830,7,7
260,338,7,7
617,640,7,7
400,886,7,7
830,605,7,7
48,683,7,7
605,830,7,7
885,798,7,7
242,389,7,7
400,676,7,7
830,605,7,7
400,168,7,7
885,576,7,7
605,830,7,7
400,835,7,7
830,605,7,7
563,409,7,7
605,830,7,7
175,640,7,7
770,454,7,7
88,323,7,7
400,371,7,7
400,544,7,7
400,123,7,7
48,713,7,7
400,887,7,7
687,463,7,7
400,166,7,7
370,765,7,7
400,166,7,7
400,166,7,7
400,81,7,7
400,592,7,7
400,59,7,7
400,439,7,7
400,882,7,7
400,76,7,7
400,376,7,7
834,323,7,7
400,564,7,7
371,400,7,7
400,265,7,7
252,598,7,7
400,853,7,7
400,452,7,7
400,13,7,7
400,888,7,7
181,454,7,7
400,831,7,7
400,101,7,7
338,319,7,7
9,569,7,7
400,420,7,7
9,569,7,7
317,605,7,7
400,866,7,7
9,260,7,7
400,20,7,7
9,626,7,7
400,360,7,7
9,313,7,7
400,889,7,7
9,753,7,7
400,868,7,7
400,108,7,7
400,386,7,7
242,297,7,7
400,154,7,7
400,572,7,7
400,538,7,7
400,419,7,7
640,885,7,7
103,260,7,7
400,114,7,7
400,708,7,7
400,517,7,7
400,499,7,7
297,242,7,7
400,802,7,7
400,890,7,7
400,459,7,7
400,512,7,7
400,891,7,7
400,315,7,7
400,892,7,7
400,799,7,7
400,799,7,7
204,181,7,7
204,830,7,7
400,893,7,7
400,444,7,7
400,64,7,7
400,894,7,7
400,894,7,7
400,895,7,7
400,895,7,7
400,895,7,7
853,400,7,7
400,816,7,7
400,840,7,7
400,464,7,7
400,464,7,7
194,516,7,7
400,460,7,7
400,600,7,7
400,675,7,7
400,382,7,7
400,896,7,7
400,862,7,7
400,165,7,7
400,527,7,7
400,897,7,7
400,673,7,7
194,449,7,7
400,898,7,7
400,11,7,7
400,852,7,7
400,158,7,7
72,857,7,7
400,743,7,7
400,899,7,7
400,391,7,7
242,297,7,7
400,523,7,7
194,234,7,7
598,194,7,7
400,701,7,7
400,819,7,7
400,443,7,7
546,583,7,7
492,712,7,7
400,97,7,7
400,519,7,7
546,297,7,7
400,528,7,7
492,712,7,7
400,711,7,7
400,900,7,7
400,901,7,7
546,199,7,7
400,788,7,7
400,85,7,7
400,735,7,7
834,343,7,7
400,39,7,7
234,194,7,7
400,721,7,7
712,719,7,7
400,294,7,7
400,902,7,7
492,712,7,7
834,168,7,7
492,712,7,7
834,771,7,7
400,798,7,7
642,323,7,7
546,835,7,7
834,513,7,7
400,825,7,7
492,712,7,7
400,15,7,7
712,753,7,7
546,853,7,7
834,297,7,7
492,712,7,7
400,358,7,7
495,41,7,7
400,284,7,7
400,841,7,7
903,792,7,7
400,2,7,7
400,904,7,7
400,411,7,7
400,747,7,7
834,712,7,7
492,712,7,7
400,905,7,7
400,476,7,7
712,834,7,7
400,570,7,7
400,734,7,7
400,299,7,7
834,712,7,7
834,712,7,7
546,853,7,7
400,587,7,7
853,906,7,7
400,135,7,7
400,817,7,7
400,844,7,7
712,492,7,7
400,304,7,7
400,584,7,7
400,601,7,7
400,251,7,7
400,907,7,7
651,765,7,7
400,109,7,7
400,682,7,7
546,598,7,7
400,495,7,7
400,152,7,7
546,853,7,7
400,70,7,7
400,832,7,7
400,436,7,7
400,324,7,7
400,173,7,7
495,400,7,7
400,311,7,7
400,566,7,7
400,556,7,7
400,151,7,7
492,784,7,7
400,707,7,7
781,296,7,7
400,773,7,7
400,541,7,7
194,598,7,7
400,908,7,7
400,449,7,7
400,823,7,7
400,909,7,7
400,543,7,7
400,910,7,7
400,766,7,7
400,451,7,7
400,579,7,7
400,613,7,7
400,911,7,7
67,901,7,7
400,698,7,7
400,513,7,7
400,402,7,7
492,835,7,7
400,463,7,7
12,32,7,7
400,149,7,7
400,583,7,7
400,864,7,7
400,371,7,7
765,651,7,7
629,128,7,7
400,495,7,7
765,883,7,7
809,340,7,7
809,400,7,7
755,194,7,7
495,400,7,7
12,101,7,7
809,912,7,7
809,913,7,7
400,495,7,7
400,841,7,7
835,9,7,7
835,303,7,7
492,712,7,7
835,400,7,7
835,752,7,7
835,492,7,7
189,712,7,7
73,605,7,7
901,67,7,7
901,400,7,7
843,777,7,7
843,575,7,7
713,41,7,7
713,586,7,7
638,642,7,7
638,884,7,7
704,605,7,7
874,254,7,7
712,189,7,7
712,492,7,7
734,400,7,7
536,882,7,7
708,492,7,7
536,250,7,7
708,770,7,7
823,242,7,7
823,869,7,7
708,473,7,7
41,495,7,7
41,901,7,7
700,400,7,7
297,242,7,7
297,834,7,7
176,297,7,7
678,297,7,7
297,678,7,7
583,400,7,7
194,913,7,7
523,724,7,7
799,400,7,7
249,861,7,7
168,400,7,7
168,834,7,7
431,323,7,7
598,252,7,7
598,830,7,7
598,342,7,7
598,469,7,7
598,687,7,7
598,68,7,7
598,194,7,7
484,770,7,7
484,400,7,7
400,734,7,7
70,400,7,7
19,525,7,7
400,799,7,7
400,168,7,7
303,835,7,7
400,70,7,7
884,913,7,7
194,173,7,7
363,713,7,7
468,830,7,7
199,598,7,7
260,9,7,7
770,708,7,7
173,400,7,7
468,914,7,7
400,173,7,7
173,749,7,7
242,297,7,7
297,242,7,7
68,598,7,7
809,884,7,7
283,766,7,7
283,32,7,7
504,400,7,7
32,283,7,7
809,884,7,7
852,400,7,7
283,260,7,7
283,32,7,7
603,814,7,7
603,814,7,7
283,823,7,7
220,400,7,7
800,766,7,7
915,874,7,7
278,27,7,7
212,352,7,7
242,297,7,7
400,220,7,7
915,224,7,7
400,852,7,7
586,598,7,7
400,504,7,7
309,212,7,7
297,242,7,7
19,862,7,7
27,278,7,7
513,834,7,7
686,873,7,7
852,400,7,7
873,711,7,7
194,234,7,7
492,835,7,7
504,400,7,7
492,835,7,7
194,687,7,7
194,847,7,7
9,569,7,7
194,296,7,7
569,9,7,7
194,422,7,7
194,99,7,7
194,823,7,7
194,400,7,7
194,199,7,7
834,513,7,7
194,283,7,7
834,862,7,7
834,168,7,7
609,598,7,7
715,784,7,7
884,194,7,7
183,41,7,7
509,364,7,7
509,513,7,7
509,707,7,7
183,620,7,7
711,400,7,7
711,873,7,7
768,704,7,7
768,801,7,7
799,400,7,7
183,916,7,7
768,34,7,7
437,625,7,7
768,214,7,7
206,194,7,7
282,34,7,7
482,555,7,7
482,901,7,7
621,194,7,7
841,704,7,7
525,865,7,7
282,9,7,7
599,41,7,7
599,400,7,7
679,841,7,7
768,72,7,7
679,221,7,7
768,586,7,7
212,309,7,7
704,768,7,7
768,593,7,7
242,297,7,7
212,303,7,7
768,704,7,7
67,601,7,7
212,639,7,7
67,917,7,7
474,679,7,7
704,768,7,7
835,492,7,7
679,474,7,7
686,873,7,7
621,598,7,7
621,598,7,7
297,242,7,7
841,679,7,7
724,523,7,7
474,679,7,7
679,474,7,7
679,841,7,7
474,679,7,7
679,474,7,7
474,679,7,7
626,737,7,7
586,768,7,7
679,474,7,7
474,679,7,7
194,183,7,7
212,480,7,7
183,242,7,7
679,474,7,7
103,831,7,7
194,183,7,7
474,679,7,7
454,181,7,7
679,474,7,7
103,874,7,7
474,679,7,7
103,765,7,7
242,325,7,7
915,626,7,7
687,194,7,7
242,297,7,7
183,916,7,7
72,768,7,7
183,644,7,7
325,242,7,7
834,874,7,7
103,72,7,7
199,858,7,7
242,325,7,7
297,242,7,7
103,841,7,7
389,41,7,7
389,640,7,7
841,103,7,7
389,640,7,7
389,242,7,7
103,841,7,7
389,194,7,7
876,212,7,7
389,830,7,7
325,242,7,7
72,103,7,7
103,72,7,7
765,362,7,7
874,103,7,7
242,325,7,7
768,72,7,7
72,103,7,7
103,72,7,7
103,874,7,7
396,770,7,7
72,768,7,7
396,254,7,7
72,103,7,7
396,400,7,7
276,903,7,7
189,712,7,7
103,72,7,7
72,103,7,7
103,72,7,7
103,686,7,7
51,525,7,7
189,712,7,7
242,389,7,7
194,325,7,7
768,72,7,7
103,72,7,7
72,103,7,7
513,509,7,7
72,768,7,7
214,768,7,7
918,708,7,7
72,103,7,7
74,598,7,7
103,72,7,7
74,874,7,7
72,103,7,7
768,72,7,7
74,513,7,7
103,72,7,7
375,194,7,7
525,51,7,7
375,296,7,7
474,346,7,7
189,712,7,7
474,719,7,7
484,770,7,7
484,400,7,7
422,194,7,7
72,768,7,7
555,482,7,7
72,103,7,7
621,819,7,7
768,621,7,7
786,785,7,7
189,712,7,7
823,400,7,7
768,586,7,7
823,548,7,7
194,296,7,7
309,823,7,7
704,919,7,7
51,525,7,7
309,913,7,7
309,848,7,7
357,379,7,7
517,400,7,7
517,570,7,7
517,438,7,7
342,598,7,7
296,375,7,7
174,260,7,7
296,781,7,7
174,260,7,7
809,242,7,7
103,379,7,7
679,474,7,7
920,103,7,7
32,375,7,7
220,103,7,7
830,389,7,7
920,103,7,7
830,468,7,7
338,454,7,7
830,598,7,7
525,51,7,7
920,103,7,7
103,495,7,7
495,400,7,7
920,103,7,7
535,440,7,7
495,41,7,7
495,103,7,7
103,920,7,7
454,338,7,7
103,495,7,7
920,103,7,7
103,920,7,7
882,921,7,7
882,921,7,7
882,226,7,7
194,498,7,7
103,734,7,7
131,734,7,7
830,454,7,7
882,532,7,7
882,922,7,7
865,525,7,7
721,400,7,7
721,923,7,7
454,830,7,7
525,865,7,7
686,103,7,7
830,454,7,7
852,704,7,7
882,388,7,7
454,830,7,7
768,819,7,7
819,400,7,7
617,73,7,7
704,605,7,7
431,538,7,7
679,923,7,7
781,296,7,7
679,768,7,7
431,617,7,7
194,97,7,7
921,882,7,7
204,198,7,7
768,679,7,7
431,617,7,7
768,874,7,7
249,711,7,7
712,753,7,7
768,483,7,7
431,617,7,7
327,774,7,7
830,454,7,7
639,400,7,7
639,401,7,7
639,212,7,7
838,853,7,7
719,838,7,7
838,719,7,7
454,830,7,7
830,454,7,7
921,536,7,7
924,719,7,7
536,921,7,7
921,536,7,7
454,830,7,7
536,921,7,7
921,536,7,7
536,921,7,7
826,925,7,7
921,536,7,7
830,454,7,7
536,921,7,7
921,536,7,7
536,921,7,7
586,768,7,7
826,925,7,7
921,536,7,7
454,830,7,7
44,719,7,7
621,719,7,7
536,921,7,7
44,189,7,7
921,536,7,7
536,921,7,7
768,924,7,7
288,620,7,7
719,621,7,7
214,101,7,7
859,400,7,7
859,325,7,7
859,214,7,7
859,681,7,7
859,214,7,7
859,681,7,7
708,770,7,7
859,214,7,7
834,708,7,7
834,712,7,7
834,712,7,7
73,617,7,7
660,595,7,7
431,393,7,7
272,605,7,7
34,768,7,7
128,629,7,7
128,629,7,7
296,781,7,7
338,454,7,7
681,626,7,7
51,525,7,7
492,835,7,7
525,51,7,7
51,525,7,7
525,51,7,7
51,525,7,7
525,51,7,7
51,525,7,7
191,371,7,7
51,525,7,7
525,51,7,7
525,51,7,7
525,51,7,7
525,51,7,7
51,525,7,7
525,51,7,7
525,51,7,7
51,525,7,7
525,51,7,7
834,393,7,7
770,396,7,7
770,484,7,7
770,708,7,7
51,525,7,7
191,874,7,7
51,525,7,7
51,525,7,7
913,309,7,7
51,525,7,7
913,884,7,7
913,194,7,7
913,191,7,7
913,51,7,7
525,51,7,7
32,926,7,7
525,51,7,7
325,194,7,7
525,51,7,7
145,719,7,7
51,525,7,7
525,51,7,7
913,88,7,7
536,927,7,7
525,51,7,7
51,525,7,7
525,51,7,7
194,913,7,7
913,814,7,7
51,525,7,7
194,325,7,7
191,913,7,7
913,194,7,7
525,51,7,7
325,194,7,7
51,913,7,7
51,525,7,7
913,191,7,7
194,913,7,7
525,51,7,7
913,51,7,7
163,249,7,7
913,194,7,7
191,913,7,7
525,51,7,7
51,525,7,7
853,838,7,7
525,51,7,7
51,525,7,7
51,913,7,7
913,191,7,7
525,51,7,7
913,51,7,7
51,525,7,7
525,51,7,7
913,339,7,7
51,913,7,7
69,687,7,7
913,51,7,7
51,525,7,7
525,51,7,7
51,913,7,7
913,795,7,7
913,51,7,7
51,525,7,7
525,51,7,7
525,51,7,7
734,131,7,7
51,913,7,7
734,103,7,7
913,99,7,7
51,525,7,7
913,51,7,7
525,51,7,7
51,525,7,7
525,51,7,7
103,734,7,7
859,325,7,7
191,913,7,7
51,525,7,7
51,525,7,7
51,525,7,7
525,51,7,7
913,41,7,7
51,525,7,7
913,191,7,7
913,242,7,7
734,103,7,7
51,913,7,7
548,823,7,7
913,719,7,7
103,734,7,7
913,51,7,7
51,913,7,7
719,913,7,7
797,342,7,7
734,103,7,7
103,734,7,7
44,214,7,7
51,525,7,7
913,51,7,7
814,925,7,7
913,719,7,7
814,913,7,7
734,103,7,7
913,814,7,7
103,734,7,7
191,913,7,7
454,338,7,7
734,103,7,7
44,834,7,7
913,191,7,7
103,734,7,7
97,194,7,7
734,103,7,7
51,913,7,7
103,734,7,7
719,913,7,7
191,913,7,7
926,32,7,7
814,913,7,7
913,51,7,7
913,719,7,7
913,191,7,7
913,814,7,7
734,103,7,7
792,903,7,7
792,679,7,7
103,734,7,7
926,325,7,7
734,103,7,7
925,814,7,7
538,431,7,7
339,913,7,7
325,926,7,7
926,325,7,7
151,907,7,7
928,482,7,7
568,765,7,7
738,654,7,7
400,852,7,7
830,454,7,7
928,482,7,7
814,913,7,7
928,41,7,7
74,561,7,7
621,719,7,7
561,74,7,7
308,583,7,7
928,794,7,7
928,482,7,7
308,929,7,7
768,924,7,7
654,738,7,7
768,34,7,7
308,930,7,7
194,463,7,7
276,924,7,7
308,931,7,7
431,538,7,7
928,194,7,7
308,863,7,7
308,185,7,7
194,296,7,7
194,621,7,7
289,183,7,7
194,884,7,7
454,830,7,7
254,874,7,7
103,932,7,7
74,379,7,7
621,194,7,7
74,561,7,7
194,621,7,7
719,621,7,7
830,454,7,7
620,654,7,7
620,473,7,7
620,288,7,7
561,74,7,7
924,185,7,7
924,830,7,7
781,296,7,7
768,924,7,7
454,830,7,7
797,913,7,7
559,97,7,7
768,924,7,7
933,903,7,7
97,559,7,7
97,400,7,7
97,770,7,7
97,847,7,7
97,687,7,7
103,930,7,7
103,686,7,7
259,598,7,7
733,454,7,7
733,454,7,7
928,194,7,7
676,400,7,7
733,454,7,7
51,913,7,7
625,437,7,7
797,454,7,7
934,97,7,7
51,919,7,7
673,400,7,7
733,454,7,7
454,797,7,7
252,935,7,7
483,768,7,7
454,733,7,7
935,252,7,7
252,935,7,7
388,882,7,7
252,935,7,7
700,400,7,7
288,620,7,7
928,732,7,7
191,738,7,7
768,483,7,7
191,928,7,7
325,926,7,7
378,644,7,7
422,386,7,7
378,396,7,7
131,686,7,7
621,719,7,7
621,194,7,7
439,212,7,7
422,768,7,7
103,378,7,7
439,131,7,7
103,783,7,7
97,934,7,7
422,835,7,7
97,191,7,7
131,439,7,7
36,834,7,7
679,768,7,7
768,422,7,7
393,431,7,7
557,926,7,7
439,131,7,7
393,834,7,7
679,393,7,7
834,393,7,7
393,834,7,7
834,393,7,7
834,393,7,7
36,834,7,7
393,679,7,7
783,103,7,7
393,834,7,7
97,191,7,7
777,843,7,7
131,439,7,7
621,819,7,7
834,393,7,7
393,834,7,7
768,679,7,7
834,393,7,7
439,131,7,7
393,834,7,7
830,924,7,7
830,454,7,7
928,191,7,7
834,393,7,7
719,621,7,7
454,830,7,7
830,454,7,7
851,679,7,7
679,393,7,7
851,852,7,7
851,679,7,7
393,679,7,7
792,679,7,7
679,393,7,7
454,830,7,7
431,393,7,7
393,679,7,7
546,583,7,7
792,339,7,7
131,439,7,7
393,431,7,7
830,454,7,7
191,928,7,7
546,598,7,7
41,389,7,7
41,913,7,7
679,393,7,7
41,928,7,7
393,679,7,7
470,621,7,7
679,393,7,7
431,393,7,7
928,41,7,7
393,679,7,7
41,928,7,7
393,431,7,7
555,514,7,7
679,393,7,7
928,191,7,7
853,597,7,7
928,41,7,7
393,679,7,7
431,393,7,7
679,393,7,7
393,679,7,7
679,393,7,7
687,936,7,7
191,928,7,7
237,711,7,7
679,903,7,7
687,376,7,7
393,679,7,7
87,393,7,7
679,393,7,7
308,254,7,7
393,87,7,7
388,408,7,7
388,408,7,7
393,679,7,7
308,237,7,7
679,393,7,7
87,393,7,7
393,679,7,7
679,393,7,7
393,679,7,7
719,802,7,7
679,393,7,7
393,679,7,7
583,308,7,7
679,393,7,7
393,679,7,7
679,393,7,7
309,937,7,7
393,679,7,7
802,719,7,7
60,605,7,7
638,744,7,7
41,928,7,7
339,792,7,7
679,393,7,7
768,819,7,7
454,830,7,7
621,719,7,7
621,834,7,7
768,819,7,7
557,583,7,7
621,470,7,7
325,924,7,7
615,765,7,7
924,830,7,7
325,783,7,7
768,819,7,7
741,711,7,7
95,938,7,7
237,308,7,7
835,492,7,7
679,404,7,7
725,928,7,7
719,621,7,7
934,128,7,7
874,254,7,7
719,802,7,7
719,802,7,7
679,404,7,7
794,598,7,7
621,719,7,7
719,621,7,7
934,437,7,7
934,460,7,7
783,325,7,7
783,103,7,7
638,939,7,7
802,719,7,7
325,783,7,7
598,794,7,7
719,802,7,7
621,719,7,7
938,95,7,7
719,621,7,7
915,393,7,7
928,191,7,7
725,928,7,7
783,325,7,7
172,598,7,7
325,783,7,7
874,191,7,7
874,74,7,7
303,212,7,7
325,874,7,7
824,774,7,7
824,774,7,7
774,824,7,7
325,760,7,7
774,824,7,7
802,719,7,7
308,638,7,7
760,325,7,7
824,774,7,7
128,934,7,7
325,760,7,7
760,325,7,7
774,824,7,7
638,308,7,7
719,802,7,7
325,760,7,7
760,325,7,7
74,940,7,7
802,719,7,7
824,774,7,7
719,802,7,7
774,824,7,7
938,325,7,7
325,938,7,7
370,278,7,7
874,325,7,7
787,720,7,7
599,41,7,7
325,874,7,7
679,174,7,7
936,687,7,7
732,928,7,7
375,32,7,7
928,732,7,7
638,758,7,7
675,462,7,7
638,355,7,7
308,561,7,7
145,719,7,7
638,940,7,7
308,431,7,7
638,51,7,7
802,719,7,7
638,940,7,7
638,940,7,7
934,128,7,7
638,940,7,7
638,724,7,7
941,816,7,7
941,816,7,7
941,816,7,7
431,308,7,7
495,103,7,7
51,638,7,7
941,926,7,7
940,638,7,7
583,557,7,7
942,651,7,7
942,646,7,7
942,943,7,7
942,650,7,7
934,437,7,7
325,941,7,7
408,254,7,7
944,128,7,7
408,388,7,7
557,583,7,7
73,74,7,7
283,194,7,7
283,445,7,7
704,924,7,7
770,386,7,7
873,224,7,7
445,283,7,7
770,686,7,7
283,445,7,7
408,388,7,7
770,928,7,7
847,97,7,7
770,928,7,7
770,513,7,7
445,283,7,7
283,445,7,7
445,283,7,7
283,445,7,7
388,408,7,7
283,297,7,7
557,513,7,7
445,283,7,7
557,445,7,7
945,625,7,7
404,679,7,7
172,638,7,7
738,191,7,7
404,679,7,7
625,945,7,7
345,518,7,7
345,518,7,7
345,346,7,7
783,325,7,7
345,691,7,7
345,691,7,7
345,691,7,7
345,946,7,7
345,947,7,7
345,95,7,7
242,913,7,7
103,386,7,7
103,345,7,7
103,948,7,7
901,482,7,7
901,41,7,7
884,194,7,7
884,913,7,7
189,712,7,7
67,683,7,7
801,768,7,7
801,768,7,7
473,620,8,8
194,283,8,8
638,51,8,8
903,933,8,8
903,679,8,8
830,454,8,8
830,924,8,8
857,72,8,8
184,928,8,8
32,375,8,8
32,375,8,8
174,679,8,8
928,184,8,8
41,901,8,8
484,770,8,8
32,940,8,8
809,573,8,8
599,41,8,8
599,41,8,8
765,568,8,8
599,41,8,8
621,774,8,8
393,263,8,8
621,774,8,8
621,686,8,8
626,738,8,8
944,393,8,8
462,675,8,8
949,27,8,8
913,814,8,8
913,797,8,8
913,51,8,8
72,857,8,8
913,41,8,8
913,242,8,8
913,884,8,8
915,901,8,8
474,679,8,8
830,913,8,8
913,830,8,8
199,445,8,8
462,913,8,8
474,847,8,8
400,396,8,8
913,462,8,8
708,834,8,8
915,928,8,8
462,913,8,8
915,393,8,8
949,199,8,8
913,462,8,8
400,823,8,8
462,913,8,8
400,517,8,8
679,903,8,8
727,638,8,8
679,474,8,8
679,404,8,8
400,819,8,8
915,654,8,8
400,639,8,8
27,949,8,8
27,184,8,8
770,484,8,8
913,462,8,8
770,173,8,8
915,437,8,8
915,886,8,8
400,676,8,8
296,194,8,8
224,873,8,8
296,445,8,8
915,862,8,8
400,673,8,8
620,473,8,8
913,950,8,8
915,841,8,8
913,638,8,8
913,548,8,8
400,700,8,8
638,913,8,8
638,913,8,8
781,233,8,8
915,823,8,8
474,679,8,8
734,617,8,8
915,901,8,8
283,194,8,8
254,408,8,8
254,874,8,8
254,308,8,8
462,913,8,8
951,474,8,8
928,915,8,8
768,801,8,8
437,625,8,8
474,951,8,8
915,928,8,8
599,68,8,8
68,173,8,8
68,599,8,8
599,68,8,8
68,599,8,8
70,400,8,8
679,949,8,8
599,68,8,8
68,599,8,8
599,68,8,8
68,599,8,8
36,834,8,8
36,940,8,8
242,913,8,8
599,68,8,8
586,308,8,8
68,599,8,8
68,375,8,8
599,68,8,8
586,538,8,8
308,586,8,8
68,599,8,8
599,68,8,8
68,599,8,8
884,913,8,8
942,72,8,8
599,68,8,8
68,599,8,8
599,68,8,8
189,712,8,8
36,189,8,8
68,599,8,8
599,68,8,8
68,599,8,8
830,549,8,8
355,194,8,8
599,68,8,8
68,599,8,8
355,296,8,8
355,316,8,8
942,454,8,8
189,579,8,8
599,68,8,8
189,868,8,8
68,599,8,8
103,853,8,8
283,853,8,8
189,862,8,8
189,735,8,8
189,735,8,8
189,735,8,8
676,400,8,8
103,52,8,8
103,599,8,8
599,68,8,8
599,103,8,8
189,682,8,8
189,802,8,8
68,599,8,8
103,599,8,8
103,831,8,8
830,952,8,8
599,68,8,8
953,265,8,8
220,103,8,8
599,103,8,8
68,599,8,8
953,85,8,8
103,599,8,8
953,954,8,8
950,913,8,8
599,103,8,8
950,260,8,8
599,68,8,8
103,599,8,8
68,599,8,8
654,915,8,8
183,289,8,8
128,715,8,8
952,830,8,8
183,769,8,8
599,68,8,8
599,103,8,8
103,599,8,8
654,620,8,8
498,194,8,8
654,632,8,8
68,599,8,8
338,454,8,8
950,429,8,8
103,306,8,8
590,835,8,8
950,517,8,8
632,654,8,8
950,588,8,8
599,68,8,8
103,886,8,8
725,928,8,8
654,632,8,8
68,599,8,8
473,620,8,8
632,654,8,8
498,389,8,8
949,679,8,8
599,68,8,8
654,632,8,8
103,598,8,8
103,929,8,8
509,513,8,8
509,272,8,8
212,439,8,8
632,654,8,8
942,42,8,8
42,339,8,8
738,626,8,8
42,573,8,8
68,599,8,8
212,765,8,8
42,445,8,8
573,42,8,8
42,922,8,8
586,308,8,8
42,41,8,8
586,952,8,8
599,68,8,8
68,599,8,8
42,72,8,8
72,42,8,8
42,194,8,8
599,68,8,8
42,738,8,8
68,599,8,8
42,632,8,8
42,955,8,8
42,291,8,8
168,400,8,8
103,841,8,8
168,834,8,8
42,353,8,8
103,799,8,8
42,767,8,8
42,263,8,8
289,183,8,8
289,835,8,8
42,600,8,8
841,915,8,8
212,678,8,8
835,289,8,8
263,42,8,8
42,263,8,8
599,68,8,8
263,42,8,8
42,952,8,8
68,599,8,8
42,132,8,8
481,769,8,8
103,63,8,8
42,302,8,8
498,686,8,8
103,917,8,8
498,823,8,8
302,42,8,8
481,768,8,8
768,393,8,8
768,481,8,8
777,317,8,8
777,59,8,8
704,901,8,8
103,525,8,8
599,68,8,8
263,393,8,8
103,525,8,8
68,599,8,8
404,679,8,8
103,525,8,8
853,283,8,8
393,263,8,8
103,525,8,8
103,525,8,8
853,103,8,8
103,525,8,8
103,525,8,8
103,525,8,8
289,835,8,8
599,68,8,8
393,263,8,8
41,42,8,8
68,599,8,8
41,913,8,8
103,525,8,8
103,525,8,8
103,525,8,8
103,525,8,8
103,853,8,8
103,525,8,8
103,525,8,8
183,289,8,8
183,956,8,8
599,68,8,8
103,525,8,8
103,525,8,8
103,525,8,8
68,599,8,8
103,525,8,8
103,525,8,8
103,525,8,8
777,840,8,8
103,525,8,8
103,525,8,8
859,325,8,8
103,525,8,8
599,68,8,8
19,525,8,8
19,525,8,8
859,400,8,8
308,586,8,8
859,189,8,8
68,599,8,8
19,654,8,8
400,70,8,8
777,429,8,8
400,676,8,8
400,168,8,8
525,103,8,8
19,957,8,8
733,502,8,8
599,68,8,8
733,626,8,8
777,721,8,8
19,525,8,8
103,525,8,8
68,599,8,8
19,859,8,8
400,859,8,8
103,525,8,8
19,525,8,8
19,525,8,8
19,525,8,8
859,400,8,8
97,934,8,8
97,847,8,8
400,859,8,8
19,859,8,8
19,525,8,8
19,525,8,8
199,949,8,8
67,917,8,8
733,859,8,8
19,924,8,8
733,835,8,8
599,68,8,8
19,598,8,8
103,957,8,8
777,513,8,8
19,711,8,8
626,738,8,8
626,733,8,8
68,599,8,8
103,345,8,8
199,212,8,8
952,42,8,8
928,915,8,8
933,903,8,8
52,103,8,8
103,52,8,8
599,68,8,8
189,859,8,8
454,830,8,8
551,859,8,8
454,338,8,8
189,859,8,8
830,454,8,8
277,254,8,8
952,586,8,8
297,283,8,8
454,830,8,8
242,454,8,8
770,454,8,8
770,788,8,8
958,959,8,8
958,959,8,8
67,282,8,8
958,704,8,8
644,378,8,8
687,473,8,8
687,473,8,8
884,928,8,8
621,830,8,8
687,836,8,8
884,556,8,8
830,621,8,8
621,768,8,8
830,454,8,8
770,768,8,8
924,686,8,8
770,960,8,8
770,599,8,8
103,931,8,8
704,958,8,8
928,884,8,8
768,770,8,8
884,928,8,8
513,777,8,8
770,768,8,8
928,884,8,8
277,770,8,8
884,928,8,8
517,400,8,8
517,950,8,8
34,768,8,8
517,950,8,8
928,884,8,8
454,770,8,8
454,830,8,8
599,770,8,8
19,654,8,8
884,928,8,8
770,454,8,8
770,599,8,8
19,924,8,8
950,454,8,8
599,770,8,8
950,454,8,8
454,950,8,8
950,454,8,8
770,599,8,8
454,950,8,8
950,454,8,8
781,721,8,8
940,32,8,8
923,721,8,8
830,454,8,8
454,950,8,8
454,830,8,8
950,454,8,8
928,884,8,8
454,950,8,8
859,400,8,8
32,940,8,8
950,454,8,8
859,733,8,8
884,928,8,8
626,681,8,8
19,859,8,8
859,551,8,8
42,952,8,8
376,687,8,8
625,437,8,8
454,950,8,8
42,794,8,8
19,859,8,8
19,859,8,8
626,915,8,8
19,711,8,8
950,454,8,8
36,940,8,8
454,950,8,8
950,454,8,8
19,711,8,8
36,189,8,8
454,950,8,8
599,770,8,8
928,884,8,8
770,599,8,8
704,140,8,8
19,859,8,8
19,711,8,8
725,928,8,8
425,765,8,8
884,928,8,8
928,334,8,8
679,949,8,8
859,626,8,8
498,874,8,8
765,425,8,8
194,498,8,8
194,355,8,8
194,283,8,8
599,770,8,8
194,621,8,8
599,289,8,8
194,42,8,8
928,884,8,8
194,296,8,8
19,654,8,8
770,599,8,8
289,599,8,8
334,928,8,8
928,334,8,8
19,859,8,8
334,928,8,8
194,928,8,8
194,97,8,8
928,334,8,8
334,928,8,8
949,199,8,8
626,859,8,8
884,928,8,8
599,770,8,8
334,194,8,8
928,334,8,8
599,289,8,8
88,952,8,8
334,928,8,8
334,928,8,8
770,599,8,8
289,599,8,8
949,679,8,8
928,194,8,8
42,961,8,8
19,654,8,8
928,334,8,8
460,934,8,8
194,334,8,8
725,928,8,8
334,928,8,8
194,928,8,8
334,194,8,8
801,768,8,8
721,777,8,8
721,923,8,8
194,334,8,8
334,194,8,8
599,289,8,8
599,770,8,8
289,599,8,8
770,599,8,8
928,334,8,8
334,928,8,8
599,289,8,8
67,460,8,8
19,654,8,8
599,770,8,8
67,721,8,8
721,781,8,8
770,599,8,8
498,194,8,8
67,721,8,8
289,599,8,8
770,194,8,8
679,949,8,8
928,334,8,8
687,950,8,8
194,498,8,8
67,679,8,8
934,460,8,8
194,770,8,8
934,460,8,8
928,194,8,8
67,928,8,8
194,498,8,8
67,536,8,8
679,949,8,8
770,194,8,8
67,679,8,8
498,194,8,8
277,194,8,8
194,770,8,8
194,498,8,8
599,770,8,8
42,801,8,8
928,67,8,8
67,679,8,8
42,176,8,8
194,498,8,8
638,939,8,8
638,520,8,8
770,194,8,8
67,928,8,8
770,599,8,8
42,928,8,8
63,103,8,8
962,616,8,8
176,42,8,8
962,616,8,8
63,242,8,8
482,901,8,8
242,297,8,8
63,963,8,8
492,835,8,8
928,42,8,8
498,194,8,8
242,63,8,8
63,242,8,8
814,928,8,8
103,63,8,8
194,498,8,8
942,72,8,8
830,454,8,8
296,355,8,8
942,454,8,8
296,194,8,8
277,194,8,8
67,679,8,8
242,63,8,8
599,770,8,8
63,103,8,8
297,242,8,8
63,242,8,8
103,63,8,8
63,103,8,8
770,599,8,8
950,687,8,8
928,814,8,8
498,194,8,8
103,63,8,8
63,103,8,8
928,884,8,8
132,42,8,8
725,928,8,8
277,770,8,8
277,884,8,8
103,63,8,8
277,830,8,8
949,679,8,8
103,63,8,8
277,271,8,8
63,103,8,8
63,103,8,8
679,949,8,8
72,942,8,8
242,63,8,8
63,242,8,8
67,679,8,8
242,297,8,8
277,770,8,8
242,63,8,8
402,400,8,8
277,830,8,8
63,242,8,8
276,924,8,8
297,242,8,8
277,770,8,8
599,770,8,8
242,297,8,8
770,599,8,8
63,949,8,8
242,63,8,8
63,242,8,8
851,679,8,8
297,242,8,8
67,212,8,8
277,770,8,8
375,32,8,8
67,679,8,8
851,787,8,8
63,193,8,8
454,830,8,8
924,768,8,8
242,297,8,8
193,63,8,8
375,68,8,8
949,679,8,8
242,63,8,8
851,679,8,8
193,63,8,8
63,242,8,8
949,63,8,8
103,938,8,8
297,242,8,8
193,63,8,8
63,949,8,8
277,770,8,8
679,949,8,8
103,402,8,8
242,297,8,8
193,63,8,8
242,63,8,8
193,63,8,8
940,598,8,8
830,454,8,8
569,949,8,8
297,242,8,8
193,302,8,8
454,830,8,8
242,297,8,8
193,63,8,8
940,536,8,8
949,63,8,8
638,964,8,8
277,830,8,8
263,132,8,8
536,940,8,8
297,242,8,8
277,770,8,8
940,536,8,8
942,454,8,8
569,949,8,8
423,675,8,8
725,928,8,8
402,103,8,8
536,940,8,8
942,646,8,8
242,297,8,8
277,770,8,8
940,536,8,8
103,402,8,8
297,242,8,8
964,638,8,8
242,297,8,8
103,617,8,8
942,454,8,8
277,770,8,8
638,964,8,8
617,73,8,8
536,940,8,8
940,536,8,8
297,242,8,8
454,942,8,8
926,941,8,8
942,454,8,8
926,557,8,8
928,94,8,8
617,734,8,8
454,942,8,8
242,297,8,8
679,949,8,8
303,840,8,8
940,454,8,8
940,454,8,8
926,325,8,8
638,964,8,8
277,770,8,8
940,708,8,8
454,940,8,8
94,928,8,8
536,940,8,8
708,940,8,8
297,242,8,8
924,68,8,8
242,256,8,8
924,68,8,8
940,454,8,8
242,297,8,8
940,536,8,8
940,708,8,8
277,770,8,8
840,303,8,8
454,940,8,8
536,940,8,8
297,242,8,8
498,840,8,8
942,454,8,8
256,498,8,8
687,950,8,8
242,297,8,8
777,721,8,8
928,725,8,8
19,654,8,8
498,256,8,8
454,942,8,8
97,194,8,8
19,924,8,8
132,263,8,8
277,770,8,8
725,928,8,8
103,840,8,8
297,242,8,8
103,256,8,8
583,557,8,8
242,297,8,8
297,242,8,8
53,250,8,8
239,950,8,8
263,132,8,8
19,711,8,8
940,536,8,8
239,950,8,8
728,617,8,8
950,687,8,8
378,644,8,8
725,840,8,8
303,840,8,8
734,617,8,8
950,840,8,8
239,950,8,8
884,928,8,8
536,940,8,8
728,607,8,8
498,495,8,8
840,725,8,8
840,950,8,8
950,840,8,8
800,765,8,8
132,263,8,8
263,132,8,8
19,654,8,8
840,536,8,8
809,573,8,8
940,536,8,8
402,103,8,8
19,654,8,8
809,830,8,8
520,964,8,8
334,840,8,8
840,334,8,8
725,840,8,8
770,840,8,8
809,884,8,8
953,27,8,8
770,256,8,8
953,588,8,8
840,725,8,8
953,840,8,8
619,194,8,8
853,103,8,8
619,389,8,8
928,965,8,8
619,784,8,8
619,194,8,8
840,352,8,8
194,619,8,8
809,884,8,8
928,884,8,8
619,194,8,8
928,725,8,8
770,277,8,8
965,928,8,8
619,194,8,8
913,462,8,8
826,913,8,8
619,194,8,8
913,242,8,8
194,619,8,8
334,840,8,8
913,884,8,8
940,52,8,8
619,194,8,8
277,770,8,8
913,950,8,8
913,41,8,8
725,840,8,8
708,940,8,8
194,619,8,8
940,151,8,8
928,965,8,8
573,840,8,8
950,913,8,8
498,393,8,8
940,274,8,8
884,913,8,8
770,277,8,8
966,697,8,8
725,928,8,8
809,884,8,8
913,950,8,8
619,194,8,8
840,573,8,8
809,573,8,8
654,346,8,8
913,884,8,8
586,952,8,8
697,966,8,8
940,798,8,8
950,913,8,8
809,777,8,8
194,619,8,8
654,346,8,8
884,928,8,8
913,950,8,8
94,965,8,8
913,830,8,8
949,913,8,8
27,953,8,8
94,320,8,8
586,654,8,8
940,61,8,8
884,913,8,8
19,711,8,8
239,950,8,8
586,538,8,8
950,913,8,8
586,840,8,8
940,713,8,8
619,194,8,8
619,194,8,8
966,697,8,8
840,586,8,8
697,966,8,8
940,708,8,8
940,913,8,8
635,597,8,8
966,697,8,8
913,949,8,8
297,337,8,8
871,840,8,8
654,586,8,8
913,884,8,8
638,520,8,8
686,131,8,8
913,950,8,8
686,770,8,8
913,940,8,8
654,586,8,8
928,573,8,8
686,621,8,8
640,784,8,8
686,924,8,8
830,913,8,8
573,928,8,8
573,928,8,8
913,830,8,8
41,913,8,8
830,277,8,8
913,41,8,8
949,913,8,8
913,949,8,8
830,454,8,8
770,277,8,8
830,913,8,8
498,194,8,8
830,840,8,8
640,638,8,8
840,263,8,8
884,913,8,8
263,840,8,8
635,719,8,8
621,686,8,8
41,913,8,8
638,640,8,8
928,573,8,8
928,573,8,8
294,831,8,8
539,840,8,8
52,103,8,8
52,940,8,8
724,840,8,8
928,884,8,8
573,928,8,8
19,410,8,8
719,635,8,8
371,191,8,8
590,840,8,8
19,806,8,8
928,573,8,8
884,928,8,8
19,527,8,8
950,913,8,8
697,966,8,8
393,498,8,8
239,950,8,8
498,393,8,8
393,498,8,8
697,341,8,8
681,388,8,8
388,681,8,8
681,388,8,8
239,950,8,8
965,94,8,8
498,393,8,8
950,239,8,8
393,498,8,8
63,242,8,8
777,297,8,8
63,193,8,8
63,949,8,8
103,967,8,8
809,771,8,8
193,63,8,8
809,884,8,8
239,950,8,8
396,378,8,8
372,396,8,8
840,724,8,8
840,539,8,8
840,590,8,8
561,308,8,8
968,78,8,8
32,957,8,8
254,277,8,8
809,830,8,8
561,103,8,8
277,254,8,8
561,727,8,8
297,777,8,8
770,44,8,8
679,72,8,8
68,375,8,8
516,194,8,8
74,379,8,8
68,599,8,8
967,103,8,8
68,924,8,8
346,345,8,8
74,840,8,8
72,679,8,8
194,516,8,8
103,967,8,8
454,830,8,8
68,840,8,8
561,103,8,8
53,953,8,8
781,721,8,8
809,830,8,8
795,913,8,8
704,605,8,8
654,346,8,8
966,697,8,8
212,199,8,8
679,72,8,8
561,956,8,8
801,42,8,8
704,617,8,8
830,454,8,8
928,884,8,8
928,725,8,8
199,212,8,8
396,372,8,8
389,242,8,8
834,708,8,8
389,830,8,8
32,654,8,8
725,928,8,8
389,619,8,8
809,830,8,8
41,928,8,8
176,928,8,8
389,41,8,8
654,32,8,8
389,498,8,8
654,32,8,8
68,952,8,8
830,389,8,8
498,389,8,8
498,393,8,8
928,41,8,8
928,176,8,8
389,830,8,8
967,279,8,8
967,279,8,8
967,279,8,8
389,498,8,8
823,309,8,8
967,279,8,8
176,928,8,8
142,244,8,8
720,787,8,8
928,725,8,8
925,826,8,8
36,189,8,8
928,176,8,8
830,389,8,8
19,525,8,8
823,498,8,8
199,569,8,8
679,306,8,8
809,830,8,8
498,389,8,8
32,654,8,8
176,928,8,8
36,940,8,8
594,765,8,8
594,882,8,8
73,617,8,8
823,915,8,8
679,341,8,8
586,840,8,8
683,67,8,8
41,389,8,8
498,823,8,8
41,928,8,8
447,400,8,8
586,654,8,8
834,168,8,8
586,654,8,8
569,199,8,8
212,741,8,8
61,940,8,8
823,400,8,8
325,859,8,8
599,68,8,8
364,509,8,8
809,884,8,8
725,928,8,8
809,830,8,8
364,532,8,8
68,599,8,8
36,834,8,8
283,853,8,8
823,498,8,8
586,815,8,8
283,297,8,8
801,313,8,8
835,492,8,8
151,940,8,8
586,969,8,8
283,194,8,8
498,823,8,8
599,68,8,8
36,940,8,8
27,970,8,8
809,830,8,8
36,834,8,8
777,297,8,8
840,74,8,8
36,19,8,8
840,586,8,8
950,815,8,8
823,498,8,8
297,283,8,8
492,835,8,8
758,741,8,8
950,341,8,8
492,835,8,8
725,952,8,8
725,952,8,8
181,967,8,8
297,777,8,8
492,835,8,8
36,19,8,8
212,199,8,8
809,830,8,8
652,27,8,8
777,297,8,8
809,482,8,8
297,777,8,8
777,840,8,8
586,840,8,8
950,823,8,8
940,151,8,8
181,454,8,8
777,297,8,8
283,277,8,8
835,492,8,8
277,283,8,8
283,277,8,8
492,835,8,8
277,283,8,8
809,830,8,8
212,303,8,8
492,835,8,8
782,536,8,8
36,940,8,8
823,950,8,8
809,482,8,8
871,783,8,8
277,41,8,8
199,569,8,8
297,777,8,8
341,950,8,8
199,212,8,8
950,823,8,8
950,341,8,8
823,950,8,8
204,181,8,8
341,950,8,8
495,498,8,8
814,913,8,8
27,652,8,8
204,498,8,8
777,297,8,8
277,823,8,8
871,277,8,8
871,495,8,8
652,27,8,8
950,823,8,8
871,277,8,8
950,341,8,8
840,777,8,8
809,830,8,8
27,652,8,8
725,697,8,8
777,277,8,8
652,27,8,8
823,277,8,8
277,777,8,8
823,950,8,8
871,277,8,8
928,41,8,8
782,483,8,8
9,142,8,8
277,823,8,8
9,142,8,8
928,176,8,8
9,626,8,8
950,823,8,8
72,679,8,8
9,788,8,8
823,277,8,8
871,277,8,8
777,277,8,8
27,652,8,8
9,177,8,8
400,517,8,8
940,36,8,8
9,859,8,8
823,950,8,8
277,823,8,8
277,777,8,8
9,683,8,8
652,27,8,8
498,495,8,8
176,928,8,8
498,823,8,8
400,859,8,8
27,652,8,8
871,277,8,8
809,482,8,8
777,277,8,8
396,679,8,8
173,194,8,8
815,364,8,8
325,952,8,8
823,277,8,8
652,27,8,8
400,402,8,8
277,871,8,8
176,815,8,8
950,823,8,8
809,830,8,8
823,498,8,8
277,777,8,8
277,823,8,8
871,277,8,8
823,950,8,8
777,277,8,8
400,447,8,8
679,72,8,8
48,274,8,8
679,396,8,8
601,103,8,8
72,679,8,8
396,400,8,8
277,777,8,8
27,652,8,8
679,72,8,8
277,871,8,8
871,969,8,8
823,277,8,8
679,851,8,8
601,400,8,8
283,277,8,8
498,823,8,8
815,176,8,8
9,601,8,8
176,815,8,8
871,277,8,8
884,928,8,8
277,823,8,8
777,277,8,8
971,972,8,8
68,173,8,8
277,871,8,8
652,27,8,8
871,466,8,8
297,777,8,8
277,283,8,8
950,823,8,8
601,851,8,8
325,713,8,8
711,341,8,8
871,277,8,8
41,277,8,8
396,679,8,8
277,777,8,8
557,926,8,8
277,41,8,8
823,498,8,8
277,871,8,8
283,277,8,8
679,396,8,8
815,176,8,8
569,199,8,8
41,815,8,8
823,277,8,8
277,283,8,8
41,283,8,8
783,871,8,8
777,277,8,8
341,711,8,8
823,950,8,8
41,277,8,8
277,823,8,8
277,41,8,8
823,277,8,8
871,783,8,8
27,652,8,8
448,973,8,8
711,341,8,8
176,815,8,8
277,777,8,8
871,831,8,8
448,297,8,8
973,448,8,8
498,823,8,8
972,971,8,8
448,971,8,8
652,27,8,8
794,42,8,8
950,823,8,8
448,973,8,8
809,884,8,8
199,569,8,8
928,283,8,8
396,679,8,8
971,448,8,8
815,176,8,8
831,871,8,8
652,831,8,8
364,815,8,8
448,371,8,8
831,652,8,8
72,679,8,8
971,974,8,8
402,400,8,8
364,815,8,8
971,974,8,8
969,719,8,8
448,52,8,8
341,711,8,8
815,283,8,8
652,831,8,8
400,823,8,8
782,721,8,8
815,364,8,8
41,815,8,8
714,713,8,8
823,498,8,8
974,971,8,8
448,626,8,8
974,971,8,8
823,950,8,8
973,448,8,8
569,199,8,8
777,176,8,8
199,971,8,8
498,274,8,8
498,823,8,8
204,498,8,8
448,69,8,8
144,805,8,8
652,194,8,8
971,974,8,8
950,823,8,8
199,569,8,8
203,194,8,8
204,176,8,8
823,498,8,8
971,974,8,8
974,971,8,8
199,952,8,8
831,652,8,8
974,971,8,8
823,950,8,8
27,652,8,8
971,199,8,8
194,652,8,8
652,831,8,8
498,823,8,8
969,961,8,8
199,971,8,8
143,201,8,8
448,454,8,8
971,974,8,8
950,823,8,8
448,59,8,8
974,971,8,8
41,943,8,8
400,396,8,8
652,194,8,8
103,601,8,8
199,949,8,8
823,498,8,8
297,448,8,8
74,44,8,8
652,27,8,8
783,871,8,8
831,652,8,8
498,823,8,8
823,193,8,8
204,498,8,8
203,866,8,8
448,831,8,8
871,783,8,8
823,498,8,8
942,871,8,8
306,679,8,8
711,341,8,8
823,950,8,8
652,831,8,8
871,942,8,8
557,583,8,8
194,652,8,8
950,823,8,8
783,871,8,8
143,201,8,8
144,142,8,8
448,969,8,8
871,783,8,8
768,801,8,8
498,823,8,8
41,151,8,8
823,950,8,8
831,448,8,8
144,189,8,8
341,711,8,8
852,851,8,8
27,652,8,8
151,41,8,8
201,143,8,8
823,498,8,8
448,712,8,8
41,969,8,8
783,871,8,8
569,199,8,8
41,151,8,8
950,823,8,8
193,823,8,8
448,967,8,8
498,823,8,8
396,400,8,8
652,194,8,8
711,341,8,8
652,322,8,8
151,971,8,8
942,871,8,8
448,194,8,8
341,840,8,8
823,950,8,8
176,815,8,8
144,121,8,8
448,561,8,8
652,27,8,8
809,884,8,8
823,193,8,8
400,601,8,8
204,498,8,8
454,181,8,8
341,711,8,8
176,777,8,8
561,448,8,8
194,448,8,8
823,498,8,8
194,448,8,8
341,157,8,8
341,157,8,8
341,157,8,8
950,823,8,8
448,569,8,8
454,448,8,8
679,396,8,8
768,355,8,8
561,448,8,8
652,389,8,8
711,341,8,8
652,389,8,8
823,950,8,8
679,72,8,8
199,569,8,8
193,823,8,8
448,299,8,8
400,396,8,8
392,475,8,8
871,437,8,8
809,884,8,8
714,297,8,8
871,942,8,8
396,679,8,8
809,448,8,8
448,587,8,8
400,974,8,8
400,973,8,8
871,783,8,8
341,460,8,8
475,392,8,8
498,823,8,8
67,475,8,8
448,601,8,8
400,402,8,8
569,448,8,8
204,498,8,8
652,149,8,8
973,400,8,8
67,475,8,8
448,971,8,8
72,679,8,8
199,975,8,8
950,823,8,8
448,973,8,8
41,59,8,8
969,557,8,8
448,297,8,8
448,831,8,8
853,976,8,8
770,36,8,8
777,176,8,8
67,475,8,8
831,448,8,8
144,41,8,8
783,871,8,8
341,711,8,8
204,498,8,8
67,475,8,8
973,448,8,8
770,61,8,8
72,967,8,8
400,973,8,8
9,652,8,8
9,601,8,8
67,475,8,8
561,448,8,8
204,777,8,8
283,277,8,8
679,72,8,8
809,884,8,8
277,283,8,8
561,557,8,8
283,928,8,8
679,396,8,8
283,815,8,8
711,341,8,8
448,454,8,8
283,277,8,8
297,714,8,8
283,41,8,8
977,346,8,8
337,297,8,8
297,448,8,8
950,823,8,8
181,454,8,8
396,679,8,8
337,966,8,8
557,969,8,8
297,337,8,8
711,341,8,8
679,396,8,8
181,495,8,8
823,193,8,8
204,498,8,8
448,569,8,8
189,36,8,8
277,283,8,8
586,978,8,8
823,498,8,8
9,652,8,8
294,831,8,8
561,448,8,8
72,679,8,8
189,144,8,8
356,711,8,8
204,181,8,8
448,831,8,8
823,950,8,8
711,356,8,8
823,950,8,8
809,448,8,8
41,978,8,8
194,448,8,8
204,777,8,8
296,194,8,8
973,400,8,8
809,884,8,8
561,448,8,8
978,979,8,8
561,448,8,8
557,561,8,8
308,561,8,8
181,204,8,8
356,711,8,8
950,823,8,8
711,356,8,8
969,557,8,8
67,978,8,8
498,204,8,8
204,181,8,8
41,283,8,8
396,679,8,8
176,978,8,8
396,679,8,8
561,557,8,8
212,439,8,8
974,978,8,8
679,396,8,8
498,823,8,8
448,244,8,8
561,308,8,8
831,448,8,8
356,711,8,8
561,448,8,8
679,396,8,8
448,254,8,8
809,448,8,8
204,498,8,8
323,68,8,8
980,831,8,8
561,448,8,8
396,679,8,8
448,831,8,8
323,638,8,8
979,978,8,8
557,969,8,8
915,823,8,8
194,296,8,8
777,176,8,8
193,823,8,8
831,980,8,8
68,323,8,8
296,194,8,8
448,809,8,8
204,303,8,8
969,557,8,8
823,950,8,8
831,448,8,8
498,204,8,8
396,679,8,8
679,396,8,8
561,448,8,8
980,831,8,8
679,396,8,8
204,498,8,8
194,296,8,8
448,831,8,8
823,498,8,8
831,980,8,8
557,561,8,8
858,199,8,8
448,561,8,8
337,297,8,8
9,652,8,8
495,498,8,8
950,823,8,8
448,831,8,8
495,181,8,8
121,144,8,8
831,448,8,8
831,448,8,8
711,356,8,8
708,940,8,8
708,834,8,8
199,858,8,8
104,97,8,8
297,337,8,8
104,638,8,8
539,840,8,8
969,557,8,8
124,713,8,8
68,323,8,8
124,617,8,8
95,712,8,8
831,981,8,8
95,708,8,8
704,978,8,8
704,971,8,8
189,36,8,8
95,63,8,8
969,549,8,8
124,712,8,8
549,969,8,8
686,621,8,8
835,492,8,8
199,978,8,8
68,969,8,8
704,943,8,8
95,713,8,8
189,144,8,8
498,823,8,8
95,938,8,8
498,204,8,8
969,549,8,8
686,924,8,8
969,68,8,8
629,713,8,8
644,378,8,8
498,495,8,8
683,9,8,8
686,498,8,8
460,934,8,8
95,345,8,8
498,686,8,8
68,969,8,8
346,654,8,8
346,977,8,8
686,498,8,8
686,621,8,8
95,712,8,8
498,194,8,8
498,686,8,8
917,103,8,8
199,355,8,8
199,355,8,8
199,460,8,8
569,448,8,8
392,475,8,8
41,815,8,8
447,400,8,8
569,199,8,8
308,561,8,8
662,625,8,8
176,815,8,8
823,193,8,8
823,950,8,8
546,831,8,8
199,569,8,8
687,97,8,8
546,823,8,8
283,41,8,8
823,498,8,8
95,638,8,8
823,546,8,8
103,969,8,8
569,199,8,8
823,915,8,8
686,498,8,8
498,686,8,8
103,795,8,8
546,823,8,8
686,498,8,8
199,569,8,8
969,103,8,8
961,42,8,8
644,977,8,8
969,961,8,8
103,969,8,8
823,546,8,8
498,686,8,8
103,708,8,8
569,199,8,8
546,460,8,8
103,975,8,8
498,823,8,8
546,823,8,8
103,587,8,8
498,823,8,8
625,662,8,8
644,943,8,8
176,975,8,8
686,498,8,8
498,881,8,8
72,683,8,8
475,392,8,8
823,498,8,8
199,569,8,8
823,546,8,8
823,498,8,8
199,498,8,8
569,199,8,8
943,644,8,8
686,498,8,8
605,704,8,8
605,272,8,8
498,686,8,8
847,140,8,8
981,831,8,8
913,884,8,8
913,950,8,8
250,53,8,8
41,283,8,8
193,913,8,8
41,913,8,8
41,975,8,8
41,176,8,8
981,817,8,8
254,277,8,8
103,973,8,8
473,687,8,8
103,841,8,8
498,823,8,8
498,823,8,8
973,103,8,8
103,973,8,8
9,683,8,8
973,103,8,8
294,103,8,8
536,782,8,8
536,940,8,8
103,973,8,8
596,400,8,8
302,193,8,8
973,103,8,8
84,437,8,8
596,103,8,8
969,103,8,8
9,282,8,8
9,978,8,8
9,977,8,8
561,557,8,8
561,448,8,8
445,296,8,8
294,103,8,8
204,498,8,8
881,498,8,8
199,445,8,8
103,973,8,8
561,448,8,8
712,448,8,8
445,199,8,8
498,881,8,8
973,103,8,8
712,95,8,8
561,308,8,8
103,973,8,8
969,103,8,8
969,103,8,8
250,53,8,8
103,445,8,8
250,358,8,8
250,853,8,8
199,445,8,8
660,777,8,8
204,498,8,8
975,176,8,8
697,966,8,8
199,445,8,8
697,725,8,8
884,913,8,8
939,638,8,8
942,349,8,8
454,448,8,8
975,176,8,8
103,658,8,8
109,400,8,8
834,708,8,8
454,181,8,8
176,975,8,8
109,282,8,8
942,454,8,8
176,978,8,8
41,975,8,8
454,467,8,8
686,163,8,8
109,400,8,8
942,454,8,8
942,454,8,8
44,834,8,8
942,454,8,8
204,498,8,8
686,621,8,8
942,454,8,8
561,557,8,8
189,712,8,8
686,74,8,8
372,396,8,8
454,372,8,8
741,758,8,8
372,969,8,8
821,475,8,8
454,372,8,8
969,372,8,8
475,821,8,8
142,144,8,8
283,41,8,8
821,475,8,8
372,969,8,8
204,498,8,8
73,74,8,8
475,142,8,8
454,372,8,8
475,821,8,8
95,712,8,8
12,175,8,8
44,189,8,8
969,283,8,8
73,773,8,8
969,372,8,8
12,599,8,8
372,969,8,8
454,372,8,8
770,768,8,8
975,199,8,8
969,372,8,8
658,103,8,8
975,103,8,8
12,73,8,8
12,599,8,8
975,176,8,8
821,475,8,8
372,969,8,8
176,975,8,8
372,969,8,8
975,590,8,8
770,454,8,8
964,590,8,8
103,658,8,8
969,372,8,8
372,969,8,8
590,975,8,8
73,617,8,8
372,969,8,8
73,74,8,8
3,372,8,8
590,964,8,8
250,599,8,8
969,372,8,8
826,925,8,8
392,475,8,8
809,448,8,8
884,658,8,8
975,590,8,8
151,982,8,8
242,297,8,8
599,250,8,8
12,599,8,8
346,654,8,8
12,73,8,8
242,913,8,8
12,527,8,8
242,63,8,8
12,527,8,8
242,389,8,8
12,711,8,8
12,711,8,8
95,983,8,8
12,817,8,8
425,765,8,8
297,242,8,8
3,372,8,8
12,711,8,8
686,372,8,8
809,598,8,8
388,513,8,8
686,372,8,8
103,983,8,8
543,400,8,8
12,599,8,8
12,984,8,8
513,388,8,8
983,95,8,8
766,41,8,8
983,103,8,8
686,372,8,8
388,513,8,8
766,400,8,8
766,283,8,8
103,983,8,8
513,388,8,8
12,711,8,8
388,513,8,8
956,183,8,8
475,392,8,8
513,388,8,8
809,250,8,8
12,711,8,8
12,711,8,8
766,638,8,8
983,103,8,8
103,817,8,8
809,250,8,8
12,711,8,8
12,282,8,8
12,711,8,8
12,766,8,8
12,711,8,8
27,652,8,8
809,250,8,8
95,983,8,8
263,762,8,8
109,400,8,8
639,400,8,8
809,821,8,8
12,713,8,8
12,713,8,8
983,95,8,8
12,711,8,8
762,263,8,8
809,250,8,8
109,719,8,8
297,372,8,8
639,590,8,8
809,821,8,8
762,562,8,8
250,109,8,8
372,297,8,8
212,590,8,8
297,372,8,8
392,475,8,8
762,513,8,8
372,297,8,8
12,711,8,8
513,762,8,8
297,513,8,8
212,555,8,8
297,372,8,8
616,962,8,8
513,297,8,8
388,439,8,8
800,616,8,8
448,831,8,8
297,513,8,8
181,495,8,8
983,985,8,8
212,388,8,8
448,569,8,8
263,762,8,8
181,454,8,8
513,297,8,8
975,296,8,8
983,985,8,8
448,712,8,8
204,181,8,8
181,783,8,8
448,454,8,8
915,823,8,8
12,711,8,8
41,817,8,8
513,388,8,8
985,983,8,8
204,181,8,8
388,513,8,8
12,711,8,8
783,181,8,8
297,63,8,8
263,762,8,8
513,388,8,8
95,983,8,8
986,835,8,8
372,297,8,8
835,986,8,8
448,987,8,8
12,711,8,8
388,212,8,8
338,454,8,8
250,513,8,8
338,348,8,8
338,348,8,8
181,783,8,8
338,475,8,8
338,97,8,8
448,392,8,8
311,400,8,8
513,250,8,8
263,513,8,8
372,988,8,8
988,372,8,8
448,835,8,8
448,817,8,8
212,388,8,8
926,557,8,8
392,448,8,8
448,815,8,8
681,513,8,8
835,448,8,8
681,987,8,8
448,513,8,8
372,766,8,8
448,392,8,8
95,311,8,8
448,835,8,8
513,448,8,8
501,768,8,8
12,969,8,8
297,372,8,8
681,513,8,8
448,513,8,8
986,681,8,8
501,498,8,8
627,762,8,8
513,448,8,8
392,815,8,8
835,448,8,8
392,448,8,8
372,513,8,8
372,988,8,8
297,448,8,8
448,513,8,8
513,372,8,8
627,388,8,8
372,297,8,8
448,835,8,8
448,392,8,8
388,627,8,8
513,448,8,8
388,627,8,8
388,627,8,8
627,388,8,8
501,236,8,8
12,969,8,8
448,297,8,8
627,762,8,8
388,627,8,8
297,448,8,8
448,513,8,8
181,783,8,8
448,297,8,8
297,372,8,8
372,513,8,8
372,297,8,8
513,372,8,8
297,372,8,8
372,988,8,8
372,513,8,8
555,513,8,8
681,388,8,8
181,766,8,8
681,388,8,8
263,989,8,8
204,181,8,8
590,639,8,8
590,212,8,8
212,555,8,8
681,988,8,8
212,590,8,8
181,513,8,8
681,388,8,8
181,204,8,8
681,562,8,8
681,562,8,8
181,969,8,8
263,843,8,8
986,619,8,8
372,769,8,8
939,977,8,8
583,557,8,8
986,590,8,8
783,181,8,8
986,939,8,8
681,590,8,8
983,985,8,8
590,681,8,8
12,681,8,8
969,181,8,8
681,590,8,8
985,983,8,8
986,590,8,8
542,840,8,8
986,542,8,8
986,984,8,8
513,372,8,8
986,542,8,8
513,555,8,8
12,681,8,8
840,542,8,8
181,783,8,8
181,969,8,8
939,364,8,8
555,513,8,8
555,840,8,8
714,840,8,8
513,555,8,8
12,969,8,8
181,840,8,8
542,840,8,8
840,555,8,8
986,263,8,8
840,714,8,8
939,457,8,8
12,513,8,8
513,263,8,8
969,181,8,8
181,969,8,8
372,513,8,8
236,501,8,8
236,501,8,8
546,823,8,8
236,501,8,8
555,513,8,8
513,372,8,8
714,840,8,8
513,555,8,8
969,181,8,8
263,513,8,8
555,840,8,8
191,815,8,8
555,886,8,8
683,72,8,8
63,297,8,8
63,242,8,8
63,95,8,8
388,513,8,8
63,990,8,8
815,191,8,8
191,874,8,8
72,683,8,8
191,815,8,8
204,181,8,8
191,501,8,8
181,969,8,8
783,181,8,8
103,840,8,8
639,555,8,8
532,364,8,8
103,151,8,8
840,103,8,8
103,840,8,8
103,983,8,8
985,983,8,8
181,194,8,8
539,985,8,8
308,769,8,8
539,985,8,8
308,272,8,8
308,311,8,8
980,840,8,8
439,131,8,8
985,976,8,8
439,212,8,8
103,439,8,8
504,542,8,8
542,504,8,8
546,766,8,8
504,400,8,8
103,504,8,8
504,103,8,8
103,783,8,8
103,504,8,8
42,543,8,8
103,988,8,8
42,964,8,8
964,42,8,8
934,460,8,8
536,336,8,8
765,594,8,8
3,372,8,8
283,840,8,8
105,61,8,8
342,969,8,8
342,971,8,8
342,971,8,8
991,986,8,8
402,400,8,8
809,103,8,8
809,482,8,8
840,352,8,8
797,454,8,8
840,317,8,8
400,109,8,8
173,68,8,8
342,840,8,8
797,389,8,8
543,42,8,8
838,840,8,8
342,544,8,8
41,840,8,8
199,975,8,8
67,281,8,8
151,103,8,8
952,725,8,8
176,840,8,8
654,586,8,8
586,654,8,8
498,501,8,8
654,586,8,8
654,586,8,8
654,346,8,8
498,869,8,8
586,654,8,8
586,654,8,8
272,308,8,8
654,346,8,8
272,605,8,8
272,509,8,8
41,176,8,8
851,601,8,8
176,41,8,8
176,41,8,8
851,852,8,8
429,950,8,8
204,949,8,8
429,777,8,8
610,41,8,8
422,389,8,8
212,289,8,8
73,991,8,8
212,439,8,8
297,63,8,8
966,697,8,8
966,337,8,8
986,991,8,8
697,966,8,8
966,697,8,8
697,966,8,8
817,448,8,8
986,73,8,8
697,475,8,8
966,697,8,8
986,448,8,8
448,817,8,8
986,50,8,8
986,991,8,8
986,991,8,8
986,991,8,8
986,991,8,8
986,991,8,8
986,991,8,8
986,991,8,8
817,448,8,8
986,448,8,8
986,418,8,8
448,817,8,8
801,42,8,8
986,448,8,8
801,313,8,8
42,543,8,8
986,448,8,8
448,402,8,8
439,212,8,8
425,765,8,8
586,626,8,8
986,448,8,8
68,173,8,8
42,817,8,8
636,562,8,8
586,513,8,8
986,448,8,8
697,966,8,8
986,42,8,8
636,439,8,8
495,498,8,8
986,482,8,8
586,402,8,8
495,181,8,8
63,297,8,8
63,549,8,8
626,586,8,8
586,626,8,8
626,586,8,8
212,439,8,8
402,586,8,8
586,194,8,8
402,448,8,8
586,783,8,8
712,189,8,8
840,176,8,8
986,448,8,8
712,95,8,8
986,482,8,8
95,63,8,8
114,400,8,8
513,586,8,8
189,712,8,8
971,151,8,8
712,448,8,8
971,448,8,8
971,704,8,8
95,712,8,8
189,712,8,8
114,19,8,8
765,425,8,8
801,768,8,8
27,652,8,8
448,402,8,8
448,712,8,8
448,971,8,8
189,712,8,8
971,448,8,8
199,840,8,8
27,652,8,8
448,971,8,8
834,771,8,8
771,988,8,8
286,400,8,8
36,940,8,8
771,969,8,8
586,513,8,8
189,712,8,8
36,189,8,8
915,654,8,8
598,794,8,8
431,402,8,8
915,841,8,8
817,42,8,8
448,840,8,8
431,626,8,8
771,783,8,8
990,63,8,8
986,771,8,8
986,652,8,8
852,355,8,8
337,297,8,8
431,697,8,8
327,297,8,8
986,48,8,8
986,652,8,8
337,840,8,8
431,697,8,8
318,132,8,8
431,626,8,8
454,181,8,8
400,311,8,8
454,448,8,8
454,338,8,8
431,697,8,8
400,504,8,8
783,103,8,8
176,840,8,8
212,646,8,8
400,402,8,8
783,586,8,8
431,975,8,8
212,263,8,8
431,697,8,8
783,771,8,8
6,833,8,8
212,6,8,8
27,652,8,8
942,454,8,8
212,6,8,8
542,598,8,8
542,598,8,8
783,586,8,8
27,652,8,8
212,6,8,8
212,6,8,8
542,460,8,8
598,542,8,8
598,542,8,8
249,713,8,8
249,779,8,8
762,627,8,8
70,400,8,8
342,971,8,8
513,586,8,8
598,652,8,8
598,19,8,8
771,783,8,8
513,652,8,8
9,27,8,8
9,835,8,8
492,835,8,8
679,404,8,8
513,654,8,8
652,513,8,8
557,969,8,8
492,817,8,8
652,598,8,8
212,704,8,8
949,63,8,8
212,413,8,8
598,652,8,8
831,448,8,8
498,495,8,8
652,598,8,8
654,513,8,8
652,513,8,8
498,194,8,8
498,985,8,8
949,679,8,8
949,679,8,8
498,495,8,8
949,260,8,8
425,765,8,8
679,949,8,8
785,786,8,8
985,498,8,8
815,191,8,8
785,783,8,8
44,249,8,8
679,962,8,8
785,513,8,8
869,498,8,8
852,42,8,8
204,949,8,8
840,448,8,8
840,176,8,8
654,915,8,8
701,60,8,8
840,337,8,8
939,975,8,8
504,400,8,8
448,454,8,8
448,831,8,8
448,840,8,8
364,939,8,8
498,869,8,8
815,364,8,8
592,400,8,8
498,831,8,8
3,372,8,8
831,498,8,8
337,840,8,8
176,840,8,8
660,659,8,8
817,492,8,8
492,817,8,8
498,831,8,8
991,73,8,8
586,783,8,8
586,783,8,8
448,817,8,8
504,337,8,8
586,783,8,8
586,513,8,8
801,121,8,8
337,504,8,8
590,346,8,8
950,823,8,8
831,498,8,8
950,913,8,8
950,429,8,8
222,120,8,8
590,513,8,8
713,372,8,8
713,615,8,8
590,402,8,8
807,805,8,8
708,103,8,8
204,777,8,8
389,830,8,8
713,762,8,8
708,834,8,8
431,697,8,8
389,498,8,8
389,41,8,8
204,949,8,8
713,321,8,8
439,636,8,8
389,652,8,8
131,815,8,8
765,425,8,8
389,242,8,8
439,212,8,8
389,797,8,8
713,103,8,8
204,949,8,8
389,422,8,8
830,389,8,8
713,103,8,8
971,448,8,8
713,325,8,8
971,342,8,8
713,629,8,8
389,830,8,8
634,988,8,8
389,652,8,8
966,697,8,8
652,389,8,8
926,73,8,8
697,966,8,8
768,501,8,8
830,389,8,8
372,713,8,8
966,697,8,8
768,801,8,8
296,194,8,8
296,445,8,8
901,915,8,8
697,966,8,8
901,482,8,8
901,704,8,8
901,41,8,8
966,697,8,8
460,542,8,8
460,934,8,8
679,263,8,8
402,590,8,8
504,337,8,8
263,679,8,8
873,711,8,8
402,400,8,8
475,697,8,8
504,131,8,8
431,697,8,8
431,402,8,8
337,504,8,8
504,337,8,8
431,402,8,8
41,901,8,8
966,72,8,8
831,495,8,8
337,504,8,8
817,492,8,8
817,448,8,8
431,402,8,8
700,400,8,8
901,41,8,8
431,402,8,8
372,831,8,8
372,831,8,8
679,263,8,8
681,992,8,8
72,966,8,8
805,807,8,8
72,679,8,8
817,325,8,8
993,994,8,8
871,815,8,8
325,817,8,8
325,713,8,8
263,679,8,8
834,708,8,8
993,994,8,8
783,586,8,8
942,454,8,8
994,993,8,8
482,901,8,8
615,713,8,8
263,992,8,8
686,163,8,8
686,621,8,8
686,448,8,8
686,873,8,8
463,469,8,8
463,687,8,8
212,299,8,8
463,400,8,8
463,194,8,8
831,372,8,8
103,215,8,8
619,654,8,8
619,654,8,8
783,785,8,8
619,654,8,8
593,768,8,8
593,621,8,8
32,991,8,8
975,939,8,8
364,815,8,8
509,272,8,8
364,532,8,8
509,364,8,8
815,993,8,8
679,72,8,8
131,504,8,8
679,263,8,8
379,341,8,8
679,448,8,8
379,73,8,8
995,379,8,8
768,593,8,8
995,379,8,8
687,463,8,8
995,379,8,8
933,783,8,8
995,379,8,8
9,56,8,8
783,933,8,8
995,379,8,8
63,990,8,8
933,783,8,8
462,103,8,8
379,32,8,8
9,27,8,8
9,713,8,8
995,379,8,8
9,711,8,8
462,26,8,8
995,379,8,8
995,379,8,8
783,933,8,8
462,713,8,8
462,274,8,8
679,474,8,8
212,439,8,8
933,783,8,8
995,379,8,8
388,346,8,8
346,590,8,8
346,388,8,8
783,933,8,8
590,346,8,8
272,509,8,8
777,204,8,8
41,901,8,8
12,101,8,8
12,101,8,8
990,63,8,8
933,783,8,8
840,448,8,8
840,337,8,8
63,990,8,8
840,176,8,8
63,95,8,8
63,95,8,8
996,277,8,8
63,949,8,8
63,127,8,8
997,142,8,8
783,933,8,8
244,448,8,8
346,590,8,8
996,63,8,8
990,63,8,8
509,272,8,8
63,990,8,8
996,63,8,8
542,460,8,8
509,454,8,8
513,652,8,8
513,785,8,8
766,372,8,8
513,586,8,8
766,181,8,8
513,590,8,8
965,928,8,8
83,840,8,8
509,364,8,8
990,63,8,8
928,965,8,8
996,69,8,8
603,814,8,8
986,652,8,8
513,950,8,8
766,372,8,8
965,928,8,8
996,97,8,8
928,965,8,8
244,142,8,8
456,394,8,8
12,766,8,8
63,990,8,8
244,586,8,8
996,63,8,8
990,63,8,8
63,996,8,8
708,834,8,8
63,990,8,8
996,27,8,8
998,990,8,8
617,728,8,8
999,297,8,8
726,42,8,8
617,73,8,8
999,881,8,8
617,73,8,8
345,103,8,8
345,346,8,8
103,462,8,8
345,95,8,8
103,345,8,8
345,103,8,8
617,704,8,8
73,991,8,8
617,734,8,8
103,345,8,8
345,103,8,8
617,103,8,8
97,687,8,8
73,926,8,8
687,586,8,8
400,70,8,8
998,713,8,8
590,513,8,8
73,379,8,8
67,1000,8,8
73,617,8,8
73,617,8,8
73,379,8,8
27,996,8,8
712,95,8,8
915,654,8,8
933,783,8,8
950,513,8,8
933,840,8,8
68,783,8,8
297,337,8,8
297,63,8,8
484,913,8,8
297,327,8,8
297,999,8,8
996,27,8,8
322,652,8,8
68,938,8,8
835,492,8,8
938,68,8,8
68,938,8,8
938,68,8,8
938,67,8,8
68,938,8,8
686,6,8,8
143,6,8,8
143,201,8,8
143,103,8,8
686,667,8,8
143,542,8,8
346,345,8,8
176,840,8,8
938,68,8,8
143,681,8,8
346,840,8,8
938,325,8,8
448,840,8,8
448,244,8,8
68,938,8,8
938,68,8,8
67,938,8,8
783,68,8,8
783,933,8,8
68,783,8,8
783,68,8,8
323,834,8,8
323,642,8,8
323,68,8,8
68,783,8,8
403,617,8,8
962,679,8,8
314,372,8,8
679,962,8,8
783,68,8,8
314,479,8,8
68,783,8,8
103,638,8,8
314,103,8,8
323,68,8,8
163,686,8,8
323,68,8,8
783,68,8,8
68,783,8,8
770,938,8,8
379,73,8,8
379,73,8,8
396,679,8,8
252,513,8,8
323,68,8,8
460,542,8,8
189,712,8,8
484,770,8,8
103,460,8,8
823,950,8,8
189,712,8,8
323,753,8,8
986,73,8,8
785,513,8,8
296,516,8,8
991,32,8,8
986,619,8,8
991,32,8,8
323,753,8,8
484,770,8,8
189,712,8,8
991,73,8,8
991,986,8,8
991,986,8,8
991,992,8,8
823,915,8,8
687,97,8,8
950,823,8,8
462,103,8,8
323,991,8,8
991,194,8,8
933,783,8,8
991,73,8,8
823,498,8,8
986,73,8,8
484,770,8,8
986,103,8,8
73,991,8,8
103,151,8,8
991,286,8,8
991,73,8,8
32,991,8,8
32,938,8,8
938,32,8,8
103,708,8,8
308,520,8,8
667,686,8,8
176,1001,8,8
103,783,8,8
712,189,8,8
32,938,8,8
986,103,8,8
986,619,8,8
938,32,8,8
63,297,8,8
986,552,8,8
679,396,8,8
986,552,8,8
70,400,8,8
32,938,8,8
143,681,8,8
143,681,8,8
938,32,8,8
986,552,8,8
32,938,8,8
484,770,8,8
297,950,8,8
1002,32,8,8
1002,32,8,8
938,32,8,8
1002,32,8,8
719,109,8,8
484,297,8,8
27,794,8,8
297,484,8,8
988,681,8,8
1002,32,8,8
484,297,8,8
581,779,8,8
537,942,8,8
58,811,8,8
978,586,8,8
978,41,8,8
978,176,8,8
978,974,8,8
501,191,8,8
1002,32,8,8
291,42,8,8
291,520,8,8
978,979,8,8
501,768,8,8
978,704,8,8
978,199,8,8
617,73,8,8
617,73,8,8
103,978,8,8
783,68,8,8
783,933,8,8
783,103,8,8
73,379,8,8
617,403,8,8
73,991,8,8
617,734,8,8
504,131,8,8
926,73,8,8
617,508,8,8
73,617,8,8
73,617,8,8
73,926,8,8
495,498,8,8
652,513,8,8
617,73,8,8
297,484,8,8
495,498,8,8
41,938,8,8
495,831,8,8
988,372,8,8
988,103,8,8
495,831,8,8
988,771,8,8
988,634,8,8
617,73,8,8
103,988,8,8
484,297,8,8
938,41,8,8
260,174,8,8
617,462,8,8
260,950,8,8
545,992,8,8
260,950,8,8
297,484,8,8
260,949,8,8
9,27,8,8
950,297,8,8
193,233,8,8
286,991,8,8
814,297,8,8
498,823,8,8
498,389,8,8
323,991,8,8
323,834,8,8
1000,1003,8,8
379,73,8,8
103,938,8,8
483,782,8,8
586,513,8,8
681,988,8,8
969,557,8,8
586,244,8,8
323,645,8,8
483,768,8,8
586,687,8,8
586,978,8,8
189,712,8,8
809,103,8,8
483,193,8,8
325,938,8,8
687,586,8,8
297,950,8,8
586,687,8,8
297,814,8,8
557,969,8,8
498,495,8,8
484,770,8,8
681,388,8,8
658,884,8,8
482,297,8,8
297,482,8,8
758,741,8,8
482,297,8,8
297,482,8,8
482,297,8,8
950,297,8,8
297,482,8,8
950,260,8,8
483,193,8,8
297,950,8,8
557,926,8,8
396,679,8,8
969,557,8,8
482,297,8,8
482,297,8,8
68,783,8,8
67,938,8,8
758,681,8,8
297,482,8,8
44,249,8,8
681,758,8,8
542,460,8,8
308,1004,8,8
527,332,8,8
308,332,8,8
332,527,8,8
67,928,8,8
372,831,8,8
332,308,8,8
1001,176,8,8
483,193,8,8
193,708,8,8
758,681,8,8
32,1005,8,8
915,823,8,8
482,297,8,8
308,332,8,8
557,969,8,8
193,483,8,8
1005,32,8,8
372,988,8,8
1004,308,8,8
323,557,8,8
483,193,8,8
193,483,8,8
826,925,8,8
483,193,8,8
176,1001,8,8
915,901,8,8
704,978,8,8
969,557,8,8
708,103,8,8
513,586,8,8
323,1006,8,8
325,379,8,8
708,193,8,8
1001,176,8,8
964,847,8,8
814,297,8,8
964,847,8,8
595,176,8,8
176,1001,8,8
323,1007,8,8
176,595,8,8
996,323,8,8
595,176,8,8
244,448,8,8
686,163,8,8
176,595,8,8
1005,878,8,8
484,770,8,8
686,667,8,8
212,964,8,8
595,176,8,8
372,1005,8,8
297,482,8,8
212,1004,8,8
557,969,8,8
561,557,8,8
1005,372,8,8
176,595,8,8
520,308,8,8
1004,212,8,8
297,814,8,8
595,176,8,8
595,372,8,8
884,658,8,8
520,291,8,8
176,595,8,8
988,103,8,8
561,281,8,8
988,681,8,8
595,176,8,8
551,371,8,8
988,372,8,8
1004,815,8,8
317,840,8,8
323,557,8,8
317,311,8,8
551,371,8,8
950,297,8,8
969,557,8,8
142,475,8,8
297,950,8,8
372,766,8,8
244,586,8,8
372,766,8,8
372,1005,8,8
73,617,8,8
1008,1004,8,8
950,297,8,8
596,103,8,8
586,513,8,8
372,595,8,8
484,770,8,8
297,950,8,8
308,520,8,8
372,766,8,8
73,379,8,8
586,244,8,8
770,484,8,8
131,297,8,8
869,498,8,8
142,997,8,8
176,595,8,8
595,372,8,8
212,1004,8,8
297,131,8,8
950,297,8,8
595,176,8,8
73,379,8,8
460,542,8,8
1004,212,8,8
131,297,8,8
389,652,8,8
814,297,8,8
460,934,8,8
323,996,8,8
915,536,8,8
460,608,8,8
536,915,8,8
498,869,8,8
463,687,8,8
323,557,8,8
484,770,8,8
212,439,8,8
595,176,8,8
74,686,8,8
204,999,8,8
204,456,8,8
212,1004,8,8
212,1004,8,8
652,460,8,8
1004,212,8,8
831,1004,8,8
915,536,8,8
389,830,8,8
389,652,8,8
1004,831,8,8
711,873,8,8
372,595,8,8
783,68,8,8
372,595,8,8
561,557,8,8
463,1009,8,8
388,681,8,8
389,830,8,8
949,260,8,8
681,388,8,8
317,408,8,8
818,357,8,8
463,339,8,8
9,711,8,8
372,818,8,8
966,72,8,8
681,758,8,8
372,831,8,8
372,831,8,8
463,748,8,8
297,950,8,8
463,1010,8,8
297,131,8,8
142,244,8,8
463,1010,8,8
297,814,8,8
429,950,8,8
317,1011,8,8
463,293,8,8
1004,598,8,8
1004,1012,8,8
758,681,8,8
142,73,8,8
63,73,8,8
41,938,8,8
131,297,8,8
317,394,8,8
73,142,8,8
72,966,8,8
1004,463,8,8
297,131,8,8
536,915,8,8
302,1000,8,8
766,372,8,8
73,63,8,8
851,679,8,8
469,463,8,8
766,372,8,8
561,557,8,8
950,297,8,8
766,372,8,8
176,595,8,8
871,371,8,8
469,598,8,8
63,73,8,8
645,323,8,8
297,950,8,8
131,297,8,8
131,297,8,8
821,475,8,8
1000,302,8,8
41,595,8,8
372,766,8,8
950,429,8,8
297,131,8,8
372,766,8,8
621,593,8,8
871,429,8,8
933,783,8,8
131,297,8,8
429,950,8,8
915,536,8,8
942,454,8,8
297,131,8,8
323,645,8,8
596,1004,8,8
67,63,8,8
323,834,8,8
131,297,8,8
314,372,8,8
323,557,8,8
1004,596,8,8
131,297,8,8
131,1008,8,8
621,830,8,8
316,355,8,8
978,586,8,8
536,915,8,8
297,131,8,8
557,708,8,8
679,396,8,8
950,297,8,8
652,928,8,8
950,429,8,8
372,314,8,8
815,1004,8,8
768,501,8,8
131,297,8,8
596,73,8,8
297,950,8,8
810,349,8,8
596,1004,8,8
407,765,8,8
297,131,8,8
132,318,8,8
830,621,8,8
1004,596,8,8
758,834,8,8
314,131,8,8
407,372,8,8
128,934,8,8
68,783,8,8
131,297,8,8
777,992,8,8
830,389,8,8
596,989,8,8
834,323,8,8
297,131,8,8
834,758,8,8
314,966,8,8
557,323,8,8
949,969,8,8
314,131,8,8
131,297,8,8
596,1004,8,8
993,815,8,8
204,498,8,8
323,557,8,8
314,400,8,8
1004,596,8,8
204,949,8,8
67,63,8,8
783,933,8,8
479,713,8,8
642,323,8,8
783,68,8,8
323,834,8,8
479,642,8,8
398,1013,8,8
448,244,8,8
323,642,8,8
314,966,8,8
686,74,8,8
840,346,8,8
840,448,8,8
840,317,8,8
642,479,8,8
605,272,8,8
418,1000,8,8
642,323,8,8
314,479,8,8
768,483,8,8
372,407,8,8
372,407,8,8
323,642,8,8
314,131,8,8
966,314,8,8
68,783,8,8
590,840,8,8
418,580,8,8
561,557,8,8
314,479,8,8
407,378,8,8
323,642,8,8
758,834,8,8
407,372,8,8
590,835,8,8
314,966,8,8
323,834,8,8
372,595,8,8
372,407,8,8
834,758,8,8
557,323,8,8
131,314,8,8
303,298,8,8
567,713,8,8
835,590,8,8
407,372,8,8
479,314,8,8
73,63,8,8
314,372,8,8
681,758,8,8
567,47,8,8
640,642,8,8
67,63,8,8
851,679,8,8
323,834,8,8
314,479,8,8
73,596,8,8
6,686,8,8
561,557,8,8
814,297,8,8
314,131,8,8
323,642,8,8
714,928,8,8
73,596,8,8
323,557,8,8
851,679,8,8
63,73,8,8
831,372,8,8
831,1004,8,8
901,41,8,8
378,407,8,8
378,644,8,8
590,835,8,8
758,681,8,8
681,758,8,8
758,834,8,8
212,555,8,8
758,681,8,8
1004,831,8,8
901,915,8,8
561,557,8,8
642,640,8,8
644,378,8,8
831,1004,8,8
681,758,8,8
418,966,8,8
233,193,8,8
314,479,8,8
834,758,8,8
652,265,8,8
567,823,8,8
323,834,8,8
314,131,8,8
378,644,8,8
567,823,8,8
323,642,8,8
567,823,8,8
567,823,8,8
1004,831,8,8
687,586,8,8
687,463,8,8
297,814,8,8
831,1004,8,8
652,954,8,8
557,323,8,8
652,324,8,8
1004,831,8,8
193,233,8,8
1004,831,8,8
588,953,8,8
323,557,8,8
9,8,8,8
831,1004,8,8
557,561,8,8
652,215,8,8
337,840,8,8
1004,831,8,8
337,297,8,8
617,462,8,8
629,713,8,8
297,337,8,8
831,1004,8,8
652,190,8,8
1014,1,8,8
323,834,8,8
263,642,8,8
1004,831,8,8
323,642,8,8
9,8,8,8
9,788,8,8
652,761,8,8
1004,687,8,8
9,711,8,8
642,263,8,8
323,557,8,8
41,901,8,8
337,297,8,8
652,35,8,8
617,73,8,8
144,121,8,8
758,834,8,8
652,1015,8,8
758,681,8,8
263,391,8,8
652,1016,8,8
307,317,8,8
144,189,8,8
681,758,8,8
652,115,8,8
297,337,8,8
297,337,8,8
400,396,8,8
400,973,8,8
323,642,8,8
144,142,8,8
337,297,8,8
840,590,8,8
418,711,8,8
479,27,8,8
400,447,8,8
391,263,8,8
297,337,8,8
770,484,8,8
27,479,8,8
144,515,8,8
9,8,8,8
9,711,8,8
144,1017,8,8
144,1004,8,8
263,391,8,8
721,781,8,8
144,1018,8,8
1019,439,8,8
667,686,8,8
716,429,8,8
603,814,8,8
716,429,8,8
871,721,8,8
323,642,8,8
998,783,8,8
1019,439,8,8
1019,439,8,8
323,834,8,8
1019,588,8,8
323,557,8,8
144,1004,8,8
1019,588,8,8
758,681,8,8
144,1017,8,8
667,840,8,8
1004,144,8,8
73,63,8,8
323,642,8,8
1019,676,8,8
667,391,8,8
323,642,8,8
1017,144,8,8
143,681,8,8
9,318,8,8
1014,1020,8,8
721,782,8,8
323,643,8,8
721,777,8,8
143,6,8,8
783,998,8,8
783,68,8,8
1019,402,8,8
9,212,8,8
479,27,8,8
716,840,8,8
871,721,8,8
323,400,8,8
563,239,8,8
603,375,8,8
9,711,8,8
9,8,8,8
871,765,8,8
928,714,8,8
1004,194,8,8
840,667,8,8
323,642,8,8
27,479,8,8
144,1004,8,8
563,97,8,8
840,716,8,8
68,783,8,8
249,44,8,8
176,1021,8,8
479,27,8,8
323,373,8,8
928,652,8,8
144,1022,8,8
27,479,8,8
212,439,8,8
212,439,8,8
716,840,8,8
834,144,8,8
73,617,8,8
555,1019,8,8
1019,555,8,8
586,687,8,8
144,834,8,8
871,391,8,8
339,463,8,8
771,988,8,8
448,840,8,8
942,454,8,8
323,642,8,8
492,835,8,8
95,63,8,8
1004,437,8,8
988,771,8,8
181,495,8,8
481,992,8,8
181,454,8,8
144,479,8,8
181,766,8,8
679,310,8,8
479,144,8,8
323,373,8,8
95,712,8,8
144,1023,8,8
181,765,8,8
992,481,8,8
787,720,8,8
501,768,8,8
189,144,8,8
714,928,8,8
771,988,8,8
144,479,8,8
204,418,8,8
204,298,8,8
105,599,8,8
373,1023,8,8
1018,561,8,8
418,1024,8,8
1018,53,8,8
1018,53,8,8
835,492,8,8
144,996,8,8
539,765,8,8
988,771,8,8
103,988,8,8
442,635,8,8
103,798,8,8
483,768,8,8
103,144,8,8
998,783,8,8
144,103,8,8
783,68,8,8
783,998,8,8
548,913,8,8
68,783,8,8
783,68,8,8
874,498,8,8
874,254,8,8
103,975,8,8
144,975,8,8
599,105,8,8
686,6,8,8
103,819,8,8
68,783,8,8
542,460,8,8
542,504,8,8
686,667,8,8
542,598,8,8
1003,1000,8,8
783,68,8,8
481,992,8,8
212,211,8,8
481,27,8,8
482,1005,8,8
687,1004,8,8
1004,687,8,8
27,481,8,8
928,714,8,8
642,1024,8,8
881,999,8,8
68,783,8,8
933,783,8,8
523,549,8,8
969,949,8,8
174,260,8,8
252,783,8,8
1005,482,8,8
712,95,8,8
252,391,8,8
481,27,8,8
1023,373,8,8
252,831,8,8
783,68,8,8
783,933,8,8
481,988,8,8
783,252,8,8
252,783,8,8
212,339,8,8
794,27,8,8
68,783,8,8
252,765,8,8
969,771,8,8
481,783,8,8
481,561,8,8
252,297,8,8
325,318,8,8
783,252,8,8
783,68,8,8
68,783,8,8
783,481,8,8
481,783,8,8
204,498,8,8
975,539,8,8
174,260,8,8
388,1019,8,8
388,1019,8,8
783,68,8,8
388,1019,8,8
388,1019,8,8
783,481,8,8
975,481,8,8
481,783,8,8
204,498,8,8
795,1025,8,8
252,783,8,8
68,783,8,8
783,481,8,8
481,815,8,8
975,481,8,8
783,252,8,8
481,783,8,8
783,68,8,8
481,975,8,8
68,783,8,8
252,783,8,8
975,481,8,8
481,975,8,8
783,481,8,8
783,68,8,8
783,252,8,8
42,726,8,8
425,765,8,8
42,163,8,8
704,1026,8,8
1025,795,8,8
498,831,8,8
68,783,8,8
252,783,8,8
783,68,8,8
68,783,8,8
504,542,8,8
783,252,8,8
252,687,8,8
252,783,8,8
68,391,8,8
783,68,8,8
68,783,8,8
783,1025,8,8
338,454,8,8
933,783,8,8
998,783,8,8
783,68,8,8
783,933,8,8
683,48,8,8
68,783,8,8
783,998,8,8
783,68,8,8
68,783,8,8
998,783,8,8
933,783,8,8
933,765,8,8
84,765,8,8
84,391,8,8
84,1000,8,8
84,638,8,8
84,639,8,8
250,513,8,8
979,978,8,8
105,599,8,8
105,1021,8,8
105,1027,8,8
834,144,8,8
244,586,8,8
244,448,8,8
244,142,8,8
949,969,8,8
964,212,8,8
26,1014,8,8
26,462,8,8
851,679,9,9
851,1014,9,9
244,142,9,9
851,302,9,9
777,721,9,9
462,26,9,9
638,105,9,9
638,103,9,9
966,318,9,9
26,462,9,9
342,638,9,9
638,1001,9,9
638,939,9,9
308,1026,9,9
638,996,9,9
638,342,9,9
342,638,9,9
638,342,9,9
1,1014,9,9
997,142,9,9
509,454,9,9
339,212,9,9
212,439,9,9
966,617,9,9
509,140,9,9
509,236,9,9
509,236,9,9
509,260,9,9
509,364,9,9
539,975,9,9
509,364,9,9
991,286,9,9
209,583,9,9
447,400,9,9
391,263,9,9
391,667,9,9
391,252,9,9
391,68,9,9
391,84,9,9
999,297,9,9
509,513,9,9
509,707,9,9
431,975,9,9
431,617,9,9
777,1021,9,9
27,481,9,9
27,794,9,9
297,252,9,9
260,950,9,9
297,999,9,9
617,681,9,9
834,758,9,9
617,103,9,9
260,949,9,9
926,73,9,9
1000,418,9,9
1000,84,9,9
260,174,9,9
1000,8,9,9
260,509,9,9
1028,260,9,9
617,966,9,9
926,557,9,9
462,992,9,9
771,969,9,9
779,581,9,9
103,638,9,9
779,249,9,9
431,617,9,9
8,1000,9,9
926,992,9,9
454,942,9,9
992,926,9,9
454,338,9,9
454,181,9,9
992,454,9,9
1000,8,9,9
871,1026,9,9
454,992,9,9
992,454,9,9
617,74,9,9
679,817,9,9
676,1019,9,9
617,704,9,9
866,203,9,9
1014,26,9,9
771,992,9,9
617,431,9,9
817,679,9,9
143,201,9,9
143,966,9,9
431,617,9,9
617,431,9,9
314,228,9,9
1014,132,9,9
163,42,9,9
314,992,9,9
871,988,9,9
63,73,9,9
63,95,9,9
513,250,9,9
204,498,9,9
761,652,9,9
599,998,9,9
26,1014,9,9
402,1019,9,9
679,817,9,9
439,1019,9,9
590,587,9,9
439,212,9,9
559,97,9,9
592,1014,9,9
966,617,9,9
132,1014,9,9
1014,132,9,9
42,163,9,9
592,74,9,9
163,42,9,9
132,1014,9,9
408,254,9,9
425,765,9,9
437,1004,9,9
281,561,9,9
27,42,9,9
42,325,9,9
254,874,9,9
1,1014,9,9
254,408,9,9
252,297,9,9
800,740,9,9
460,542,9,9
995,318,9,9
595,372,9,9
595,41,9,9
595,372,9,9
1014,1,9,9
1014,132,9,9
1014,592,9,9
595,624,9,9
67,281,9,9
400,866,9,9
400,601,9,9
30,162,9,9
68,391,9,9
495,498,9,9
400,798,9,9
495,181,9,9
765,871,9,9
400,543,9,9
765,181,9,9
765,252,9,9
765,425,9,9
68,783,9,9
400,286,9,9
765,933,9,9
765,84,9,9
765,425,9,9
495,498,9,9
252,765,9,9
400,504,9,9
551,992,9,9
400,592,9,9
679,30,9,9
783,68,9,9
400,402,9,9
586,1029,9,9
765,252,9,9
679,404,9,9
400,463,9,9
68,783,9,9
400,428,9,9
667,686,9,9
667,840,9,9
667,391,9,9
204,42,9,9
998,599,9,9
871,765,9,9
400,428,9,9
915,901,9,9
667,204,9,9
783,68,9,9
204,667,9,9
400,314,9,9
667,389,9,9
204,777,9,9
68,783,9,9
252,765,9,9
337,297,9,9
400,323,9,9
697,645,9,9
498,495,9,9
498,495,9,9
599,998,9,9
598,542,9,9
400,173,9,9
400,173,9,9
667,204,9,9
463,1004,9,9
398,313,9,9
463,469,9,9
463,687,9,9
73,63,9,9
966,697,9,9
463,400,9,9
36,770,9,9
495,498,9,9
463,339,9,9
372,595,9,9
1030,620,9,9
127,63,9,9
1030,620,9,9
468,277,9,9
714,928,9,9
250,204,9,9
495,498,9,9
873,144,9,9
998,599,9,9
212,388,9,9
212,590,9,9
468,475,9,9
212,439,9,9
697,966,9,9
622,592,9,9
622,638,9,9
250,8,9,9
204,667,9,9
599,998,9,9
250,502,9,9
475,468,9,9
765,871,9,9
542,460,9,9
143,163,9,9
250,475,9,9
949,260,9,9
8,1000,9,9
686,667,9,9
8,250,9,9
250,943,9,9
242,389,9,9
595,372,9,9
595,372,9,9
639,509,9,9
639,84,9,9
639,590,9,9
639,388,9,9
588,1019,9,9
588,250,9,9
475,250,9,9
926,992,9,9
588,250,9,9
250,475,9,9
386,422,9,9
475,250,9,9
250,475,9,9
308,626,9,9
250,8,9,9
555,992,9,9
308,1004,9,9
475,250,9,9
250,475,9,9
8,250,9,9
992,368,9,9
308,60,9,9
308,373,9,9
454,992,9,9
308,373,9,9
992,454,9,9
373,308,9,9
308,373,9,9
368,992,9,9
57,596,9,9
679,317,9,9
454,992,9,9
60,308,9,9
60,308,9,9
373,308,9,9
992,368,9,9
626,308,9,9
992,373,9,9
161,30,9,9
373,992,9,9
60,679,9,9
373,308,9,9
388,639,9,9
60,679,9,9
992,373,9,9
60,679,9,9
388,212,9,9
67,63,9,9
1004,639,9,9
373,992,9,9
368,992,9,9
308,783,9,9
992,373,9,9
308,373,9,9
468,475,9,9
308,373,9,9
639,388,9,9
308,626,9,9
308,60,9,9
992,368,9,9
992,555,9,9
418,1000,9,9
373,992,9,9
373,308,9,9
373,308,9,9
639,1004,9,9
60,308,9,9
1019,388,9,9
388,639,9,9
626,308,9,9
388,1019,9,9
174,260,9,9
942,654,9,9
48,683,9,9
583,209,9,9
561,281,9,9
174,260,9,9
933,765,9,9
939,638,9,9
871,765,9,9
368,992,9,9
1004,639,9,9
679,60,9,9
339,463,9,9
986,652,9,9
1031,831,9,9
986,48,9,9
986,418,9,9
986,48,9,9
1031,707,9,9
1031,707,9,9
986,48,9,9
114,400,9,9
48,986,9,9
986,48,9,9
679,72,9,9
509,260,9,9
1028,1032,9,9
48,986,9,9
97,559,9,9
475,250,9,9
72,679,9,9
701,60,9,9
590,1033,9,9
228,815,9,9
1033,590,9,9
679,72,9,9
770,817,9,9
701,88,9,9
1000,8,9,9
448,244,9,9
770,815,9,9
770,701,9,9
151,971,9,9
679,465,9,9
765,933,9,9
765,871,9,9
1004,463,9,9
250,475,9,9
765,425,9,9
871,765,9,9
765,871,9,9
193,314,9,9
871,765,9,9
311,317,9,9
765,871,9,9
871,765,9,9
831,1031,9,9
193,686,9,9
250,561,9,9
561,250,9,9
644,378,9,9
72,679,9,9
603,375,9,9
871,765,9,9
250,561,9,9
593,768,9,9
60,679,9,9
338,454,9,9
783,308,9,9
933,765,9,9
770,61,9,9
701,60,9,9
296,1000,9,9
296,928,9,9
296,928,9,9
124,114,9,9
281,67,9,9
281,561,9,9
296,974,9,9
296,975,9,9
176,1026,9,9
498,495,9,9
758,834,9,9
498,495,9,9
520,308,9,9
498,495,9,9
368,966,9,9
439,212,9,9
67,281,9,9
687,463,9,9
67,132,9,9
314,372,9,9
498,449,9,9
481,783,9,9
481,27,9,9
391,68,9,9
314,372,9,9
498,815,9,9
391,667,9,9
498,204,9,9
391,555,9,9
391,372,9,9
391,609,9,9
391,325,9,9
391,289,9,9
391,400,9,9
634,988,9,9
667,204,9,9
815,498,9,9
667,686,9,9
325,42,9,9
996,144,9,9
325,391,9,9
996,638,9,9
938,67,9,9
938,103,9,9
60,701,9,9
938,41,9,9
32,1034,9,9
1000,296,9,9
378,644,9,9
325,1033,9,9
701,60,9,9
741,758,9,9
244,448,9,9
808,244,9,9
249,711,9,9
204,498,9,9
204,667,9,9
204,250,9,9
1000,495,9,9
422,386,9,9
400,463,9,9
400,114,9,9
101,1002,9,9
242,823,9,9
996,815,9,9
770,101,9,9
400,391,9,9
770,783,9,9
67,938,9,9
1002,101,9,9
770,975,9,9
250,204,9,9
12,391,9,9
67,132,9,9
12,766,9,9
428,400,9,9
12,527,9,9
770,928,9,9
928,296,9,9
1004,1032,9,9
561,250,9,9
938,1035,9,9
250,561,9,9
928,714,9,9
12,997,9,9
938,67,9,9
561,281,9,9
1000,783,9,9
1000,701,9,9
1034,1036,9,9
448,244,9,9
1034,1036,9,9
617,12,9,9
768,593,9,9
1000,1035,9,9
8,1000,9,9
1035,1000,9,9
725,952,9,9
67,938,9,9
454,338,9,9
271,277,9,9
725,697,9,9
44,770,9,9
768,483,9,9
1004,1008,9,9
609,391,9,9
1004,69,9,9
625,662,9,9
625,662,9,9
625,662,9,9
625,662,9,9
625,662,9,9
625,662,9,9
1037,379,9,9
286,991,9,9
783,1004,9,9
1004,783,9,9
596,73,9,9
783,1004,9,9
286,400,9,9
1004,783,9,9
596,73,9,9
783,1004,9,9
1004,783,9,9
939,975,9,9
596,57,9,9
621,55,9,9
1022,144,9,9
644,378,9,9
725,707,9,9
1008,1032,9,9
1022,815,9,9
958,704,9,9
425,765,9,9
704,958,9,9
704,958,9,9
1033,325,9,9
617,966,9,9
815,1022,9,9
378,644,9,9
617,966,9,9
297,252,9,9
1033,542,9,9
297,337,9,9
815,996,9,9
88,701,9,9
1033,548,9,9
307,777,9,9
617,681,9,9
714,815,9,9
975,939,9,9
847,868,9,9
681,617,9,9
598,542,9,9
334,1002,9,9
1031,831,9,9
834,758,9,9
975,176,9,9
975,41,9,9
334,815,9,9
975,144,9,9
777,307,9,9
277,468,9,9
777,204,9,9
777,405,9,9
372,595,9,9
372,314,9,9
372,314,9,9
372,391,9,9
495,498,9,9
495,498,9,9
495,498,9,9
176,975,9,9
966,368,9,9
495,1000,9,9
447,1037,9,9
758,834,9,9
758,741,9,9
73,596,9,9
645,697,9,9
368,966,9,9
712,1037,9,9
834,758,9,9
997,12,9,9
176,975,9,9
176,297,9,9
176,250,9,9
176,928,9,9
176,815,9,9
176,277,9,9
176,598,9,9
815,176,9,9
939,975,9,9
758,638,9,9
277,176,9,9
176,815,9,9
176,277,9,9
997,12,9,9
815,283,9,9
277,176,9,9
252,297,9,9
176,277,9,9
460,542,9,9
277,176,9,9
277,283,9,9
1000,1035,9,9
176,277,9,9
1000,495,9,9
975,176,9,9
1000,8,9,9
176,975,9,9
204,777,9,9
1004,277,9,9
277,176,9,9
176,277,9,9
770,277,9,9
277,1004,9,9
277,176,9,9
1033,823,9,9
996,63,9,9
176,277,9,9
996,815,9,9
277,176,9,9
63,127,9,9
176,277,9,9
103,277,9,9
63,73,9,9
701,88,9,9
1004,277,9,9
1000,712,9,9
204,725,9,9
63,332,9,9
277,176,9,9
277,1004,9,9
332,63,9,9
996,815,9,9
831,1031,9,9
176,277,9,9
67,63,9,9
777,204,9,9
297,176,9,9
176,297,9,9
1004,277,9,9
701,1000,9,9
297,283,9,9
297,176,9,9
41,975,9,9
41,938,9,9
41,595,9,9
456,204,9,9
498,204,9,9
498,815,9,9
498,495,9,9
498,495,9,9
498,495,9,9
815,498,9,9
391,325,9,9
391,400,9,9
498,815,9,9
391,12,9,9
701,1006,9,9
27,481,9,9
654,619,9,9
291,393,9,9
244,808,9,9
1025,783,9,9
272,605,9,9
1038,402,9,9
815,498,9,9
323,400,9,9
162,30,9,9
725,204,9,9
250,712,9,9
145,349,9,9
632,272,9,9
145,1033,9,9
346,995,9,9
277,1004,9,9
277,176,9,9
741,758,9,9
145,349,9,9
176,277,9,9
542,1033,9,9
1004,277,9,9
74,840,9,9
84,765,9,9
63,332,9,9
277,176,9,9
277,1004,9,9
189,712,9,9
189,144,9,9
542,460,9,9
1004,277,9,9
325,391,9,9
542,325,9,9
277,1004,9,9
325,542,9,9
323,98,9,9
1038,1039,9,9
325,712,9,9
596,73,9,9
542,325,9,9
712,325,9,9
555,964,9,9
712,189,9,9
712,250,9,9
1004,277,9,9
1004,783,9,9
783,1004,9,9
1004,783,9,9
176,277,9,9
277,1004,9,9
193,686,9,9
250,712,9,9
277,176,9,9
1022,598,9,9
176,277,9,9
487,1026,9,9
697,645,9,9
1033,768,9,9
783,1004,9,9
277,176,9,9
783,1025,9,9
176,277,9,9
783,1025,9,9
277,176,9,9
1004,783,9,9
555,391,9,9
991,1004,9,9
323,645,9,9
41,1040,9,9
555,992,9,9
41,1041,9,9
41,1039,9,9
934,128,9,9
323,250,9,9
1,1014,9,9
934,460,9,9
999,297,9,9
176,277,9,9
323,1042,9,9
128,934,9,9
74,617,9,9
323,250,9,9
991,144,9,9
323,999,9,9
277,176,9,9
712,250,9,9
1040,41,9,9
1004,991,9,9
991,638,9,9
991,1004,9,9
323,999,9,9
830,765,9,9
323,1042,9,9
991,986,9,9
176,277,9,9
176,983,9,9
479,144,9,9
297,999,9,9
277,176,9,9
323,753,9,9
999,323,9,9
323,1042,9,9
176,277,9,9
999,297,9,9
323,999,9,9
250,712,9,9
44,189,9,9
644,378,9,9
644,378,9,9
277,176,9,9
728,617,9,9
559,97,9,9
770,277,9,9
73,596,9,9
926,557,9,9
176,277,9,9
1014,312,9,9
176,277,9,9
296,928,9,9
758,642,9,9
277,176,9,9
323,1042,9,9
41,1040,9,9
176,277,9,9
557,926,9,9
605,272,9,9
323,999,9,9
605,810,9,9
323,250,9,9
847,471,9,9
847,471,9,9
1033,542,9,9
605,277,9,9
277,176,9,9
323,250,9,9
765,84,9,9
277,605,9,9
765,830,9,9
176,277,9,9
557,302,9,9
323,88,9,9
277,176,9,9
377,755,9,9
176,277,9,9
277,176,9,9
88,323,9,9
323,1042,9,9
378,644,9,9
758,643,9,9
642,758,9,9
1040,41,9,9
84,765,9,9
1042,1039,9,9
323,88,9,9
1038,1039,9,9
176,277,9,9
277,176,9,9
88,323,9,9
297,999,9,9
323,250,9,9
758,642,9,9
323,1042,9,9
176,277,9,9
41,1040,9,9
323,88,9,9
714,928,9,9
596,73,9,9
642,758,9,9
277,176,9,9
1043,236,9,9
176,277,9,9
277,176,9,9
323,250,9,9
830,765,9,9
88,323,9,9
323,1042,9,9
494,389,9,9
176,277,9,9
605,277,9,9
323,88,9,9
758,642,9,9
605,557,9,9
277,605,9,9
32,1034,9,9
277,176,9,9
605,277,9,9
323,250,9,9
32,1039,9,9
176,277,9,9
277,605,9,9
144,834,9,9
323,1042,9,9
88,323,9,9
277,176,9,9
557,605,9,9
527,12,9,9
176,277,9,9
67,63,9,9
323,88,9,9
605,277,9,9
277,176,9,9
323,1042,9,9
701,640,9,9
277,605,9,9
605,557,9,9
1042,527,9,9
605,277,9,9
176,277,9,9
701,640,9,9
605,830,9,9
63,67,9,9
88,323,9,9
277,605,9,9
581,779,9,9
277,176,9,9
323,1042,9,9
830,605,9,9
605,277,9,9
323,88,9,9
770,63,9,9
176,277,9,9
323,966,9,9
277,605,9,9
605,830,9,9
277,176,9,9
605,277,9,9
701,640,9,9
557,605,9,9
176,277,9,9
88,323,9,9
32,527,9,9
991,78,9,9
323,1044,9,9
758,1044,9,9
323,88,9,9
277,176,9,9
605,557,9,9
63,770,9,9
176,277,9,9
483,768,9,9
32,825,9,9
851,1014,9,9
770,63,9,9
567,311,9,9
88,323,9,9
701,640,9,9
277,176,9,9
323,88,9,9
1000,1040,9,9
176,277,9,9
966,323,9,9
557,605,9,9
323,966,9,9
325,712,9,9
701,640,9,9
701,640,9,9
851,162,9,9
810,323,9,9
338,454,9,9
1000,701,9,9
640,701,9,9
1000,495,9,9
336,536,9,9
810,323,9,9
1000,8,9,9
323,341,9,9
323,341,9,9
966,323,9,9
557,969,9,9
323,966,9,9
1040,1000,9,9
1000,712,9,9
810,323,9,9
323,88,9,9
785,786,9,9
701,640,9,9
701,72,9,9
41,277,9,9
1000,1040,9,9
1000,992,9,9
1000,1034,9,9
966,323,9,9
1000,701,9,9
640,701,9,9
810,323,9,9
1000,1041,9,9
644,378,9,9
393,291,9,9
1000,286,9,9
1037,712,9,9
193,118,9,9
681,802,9,9
1000,420,9,9
323,966,9,9
701,640,9,9
88,323,9,9
1000,420,9,9
1000,154,9,9
1000,419,9,9
1000,862,9,9
212,439,9,9
1000,65,9,9
640,701,9,9
1037,447,9,9
1000,686,9,9
1000,140,9,9
1000,366,9,9
1000,825,9,9
1000,480,9,9
323,88,9,9
1000,135,9,9
1000,1026,9,9
701,640,9,9
394,317,9,9
311,567,9,9
830,605,9,9
281,67,9,9
966,323,9,9
810,323,9,9
1000,109,9,9
88,323,9,9
1000,410,9,9
969,557,9,9
640,701,9,9
1000,118,9,9
527,1042,9,9
640,701,9,9
966,323,9,9
679,60,9,9
686,193,9,9
527,32,9,9
72,701,9,9
686,1000,9,9
770,175,9,9
1037,460,9,9
323,966,9,9
667,204,9,9
605,830,9,9
767,63,9,9
810,323,9,9
302,557,9,9
557,969,9,9
323,88,9,9
323,966,9,9
88,323,9,9
557,302,9,9
1037,900,9,9
1037,900,9,9
770,311,9,9
1041,41,9,9
323,88,9,9
762,713,9,9
810,323,9,9
701,640,9,9
969,557,9,9
1033,437,9,9
1000,686,9,9
810,323,9,9
394,422,9,9
41,1041,9,9
236,1043,9,9
249,779,9,9
830,605,9,9
1037,274,9,9
810,323,9,9
557,969,9,9
36,770,9,9
394,456,9,9
1041,41,9,9
595,372,9,9
377,790,9,9
495,1000,9,9
595,41,9,9
495,498,9,9
981,1021,9,9
36,770,9,9
810,323,9,9
495,498,9,9
341,323,9,9
323,341,9,9
377,871,9,9
101,282,9,9
341,323,9,9
1040,1045,9,9
323,341,9,9
701,858,9,9
840,74,9,9
498,495,9,9
36,770,9,9
810,323,9,9
341,323,9,9
781,721,9,9
658,884,9,9
1046,1014,9,9
323,341,9,9
498,495,9,9
41,1041,9,9
1033,379,9,9
770,36,9,9
658,990,9,9
1014,1046,9,9
517,586,9,9
377,1047,9,9
318,995,9,9
638,991,9,9
800,495,9,9
36,770,9,9
638,758,9,9
341,323,9,9
770,36,9,9
990,658,9,9
638,996,9,9
638,939,9,9
990,277,9,9
323,341,9,9
969,557,9,9
658,990,9,9
193,686,9,9
638,622,9,9
341,323,9,9
1006,323,9,9
990,658,9,9
323,1006,9,9
517,1048,9,9
638,103,9,9
277,990,9,9
447,1037,9,9
323,341,9,9
901,915,9,9
800,393,9,9
686,193,9,9
765,84,9,9
393,800,9,9
318,325,9,9
765,830,9,9
325,1049,9,9
318,966,9,9
800,393,9,9
341,323,9,9
557,969,9,9
800,393,9,9
990,277,9,9
323,341,9,9
228,314,9,9
341,323,9,9
393,800,9,9
999,297,9,9
800,393,9,9
686,27,9,9
999,323,9,9
277,990,9,9
143,201,9,9
41,595,9,9
323,341,9,9
143,1037,9,9
168,400,9,9
323,999,9,9
341,323,9,9
323,341,9,9
228,392,9,9
1041,41,9,9
168,834,9,9
643,638,9,9
794,27,9,9
643,323,9,9
969,557,9,9
964,555,9,9
1042,527,9,9
1042,527,9,9
1042,527,9,9
999,323,9,9
990,277,9,9
109,1000,9,9
323,643,9,9
323,999,9,9
392,228,9,9
323,341,9,9
277,990,9,9
999,969,9,9
377,475,9,9
999,323,9,9
341,323,9,9
686,341,9,9
189,712,9,9
557,969,9,9
810,323,9,9
341,686,9,9
495,498,9,9
377,475,9,9
228,392,9,9
495,800,9,9
549,523,9,9
377,475,9,9
495,1050,9,9
603,814,9,9
277,990,9,9
549,63,9,9
549,969,9,9
549,830,9,9
41,1041,9,9
41,495,9,9
990,277,9,9
297,999,9,9
377,1051,9,9
924,686,9,9
176,603,9,9
586,517,9,9
1034,938,9,9
377,482,9,9
498,495,9,9
938,1034,9,9
586,517,9,9
475,603,9,9
281,561,9,9
586,1039,9,9
482,297,9,9
272,632,9,9
377,482,9,9
272,605,9,9
143,1042,9,9
181,495,9,9
396,400,9,9
63,549,9,9
603,176,9,9
810,816,9,9
1041,41,9,9
603,475,9,9
460,542,9,9
377,941,9,9
460,934,9,9
814,603,9,9
181,765,9,9
1042,143,9,9
603,814,9,9
442,1041,9,9
297,482,9,9
377,950,9,9
1037,447,9,9
377,289,9,9
1052,72,9,9
1037,143,9,9
442,143,9,9
1052,72,9,9
1037,682,9,9
377,950,9,9
814,603,9,9
392,228,9,9
392,400,9,9
392,400,9,9
392,321,9,9
392,321,9,9
392,321,9,9
72,1052,9,9
1037,311,9,9
392,998,9,9
1037,707,9,9
308,990,9,9
72,318,9,9
1023,460,9,9
546,823,9,9
546,809,9,9
546,475,9,9
546,475,9,9
437,1033,9,9
567,311,9,9
475,546,9,9
1041,442,9,9
567,974,9,9
998,392,9,9
41,1041,9,9
983,176,9,9
567,602,9,9
546,475,9,9
567,602,9,9
448,495,9,9
176,983,9,9
144,873,9,9
602,151,9,9
144,996,9,9
542,460,9,9
144,975,9,9
495,41,9,9
495,498,9,9
495,181,9,9
144,479,9,9
498,495,9,9
495,498,9,9
560,495,9,9
495,560,9,9
498,495,9,9
1041,546,9,9
543,400,9,9
1041,41,9,9
41,495,9,9
41,1041,9,9
546,1041,9,9
546,1053,9,9
144,991,9,9
495,41,9,9
495,498,9,9
181,495,9,9
1034,1036,9,9
1021,981,9,9
498,495,9,9
41,495,9,9
189,44,9,9
423,277,9,9
375,603,9,9
1033,437,9,9
201,143,9,9
201,1053,9,9
1054,639,9,9
995,318,9,9
105,1055,9,9
687,1054,9,9
1054,687,9,9
105,713,9,9
878,1005,9,9
437,1033,9,9
1033,1056,9,9
927,536,9,9
72,1039,9,9
60,679,9,9
60,701,9,9
928,714,9,9
536,927,9,9
536,336,9,9
242,219,9,9
242,454,9,9
523,549,9,9
626,440,9,9
615,740,9,9
342,969,9,9
342,460,9,9
1000,495,9,9
1000,109,9,9
32,527,9,9
884,658,9,9
1039,72,9,9
1039,1042,9,9
342,588,9,9
1004,277,9,9
250,323,9,9
142,144,9,9
142,244,9,9
142,244,9,9
142,997,9,9
831,1050,9,9
831,1057,9,9
752,598,9,9
586,460,9,9
536,372,9,9
392,998,9,9
392,1054,9,9
752,1032,9,9
224,626,9,9
626,224,9,9
752,986,9,9
224,626,9,9
626,224,9,9
991,209,9,9
224,626,9,9
9,318,9,9
9,391,9,9
9,314,9,9
27,686,9,9
9,686,9,9
27,794,9,9
1038,1026,9,9
9,938,9,9
303,212,9,9
626,224,9,9
626,50,9,9
683,563,9,9
1038,502,9,9
752,513,9,9
752,513,9,9
224,626,9,9
50,626,9,9
626,50,9,9
50,626,9,9
654,50,9,9
626,224,9,9
626,50,9,9
966,323,9,9
224,626,9,9
966,318,9,9
1000,1041,9,9
1000,140,9,9
966,617,9,9
1058,345,9,9
189,712,9,9
145,1033,9,9
250,712,9,9
144,142,9,9
549,523,9,9
990,277,9,9
460,1023,9,9
638,996,9,9
212,321,9,9
212,321,9,9
460,542,9,9
323,966,9,9
209,991,9,9
638,1059,9,9
209,242,9,9
460,586,9,9
323,250,9,9
1038,145,9,9
586,460,9,9
431,323,9,9
323,431,9,9
350,626,9,9
638,236,9,9
377,755,9,9
323,632,9,9
242,209,9,9
638,394,9,9
431,323,9,9
454,242,9,9
626,350,9,9
460,586,9,9
50,654,9,9
1018,502,9,9
50,626,9,9
654,50,9,9
586,460,9,9
673,1013,9,9
502,1018,9,9
616,586,9,9
1054,392,9,9
250,323,9,9
250,323,9,9
377,103,9,9
189,712,9,9
377,103,9,9
1033,437,9,9
377,103,9,9
377,790,9,9
495,181,9,9
495,498,9,9
495,41,9,9
377,1019,9,9
687,673,9,9
686,341,9,9
72,1039,9,9
944,659,9,9
283,815,9,9
283,277,9,9
561,281,9,9
199,971,9,9
687,1056,9,9
944,659,9,9
3,72,9,9
944,659,9,9
1018,502,9,9
632,97,9,9
815,283,9,9
944,659,9,9
944,659,9,9
498,881,9,9
283,815,9,9
944,659,9,9
560,495,9,9
74,840,9,9
881,498,9,9
212,1054,9,9
595,659,9,9
659,595,9,9
595,659,9,9
659,595,9,9
1037,595,9,9
595,1037,9,9
481,27,9,9
595,338,9,9
377,1060,9,9
425,765,9,9
50,654,9,9
72,595,9,9
488,3,9,9
3,488,9,9
194,498,9,9
311,1037,9,9
311,567,9,9
194,181,9,9
413,659,9,9
194,586,9,9
194,498,9,9
194,463,9,9
194,991,9,9
194,1004,9,9
194,296,9,9
659,413,9,9
437,1033,9,9
194,296,9,9
308,1014,9,9
189,72,9,9
189,72,9,9
242,454,9,9
1033,542,9,9
542,1033,9,9
1056,687,9,9
794,194,9,9
783,542,9,9
103,783,9,9
783,103,9,9
42,325,9,9
42,296,9,9
3,42,9,9
214,297,9,9
244,142,9,9
85,953,9,9
85,400,9,9
209,242,9,9
713,325,9,9
713,842,9,9
999,297,9,9
713,716,9,9
713,1032,9,9
713,1028,9,9
713,1043,9,9
713,884,9,9
934,128,9,9
934,460,9,9
523,724,9,9
283,72,9,9
1061,1062,9,9
915,815,9,9
915,297,9,9
509,454,9,9
509,364,9,9
509,389,9,9
509,389,9,9
233,193,9,9
509,583,9,9
583,509,9,9
509,583,9,9
915,901,9,9
915,536,9,9
72,283,9,9
542,783,9,9
591,711,9,9
323,632,9,9
679,60,9,9
639,1054,9,9
944,569,9,9
658,884,9,9
372,536,9,9
67,1042,9,9
1042,1039,9,9
342,502,9,9
27,481,9,9
944,569,9,9
713,542,9,9
342,502,9,9
713,762,9,9
342,502,9,9
791,523,9,9
944,569,9,9
765,425,9,9
915,701,9,9
1026,487,9,9
915,639,9,9
1026,176,9,9
536,372,9,9
114,124,9,9
586,616,9,9
1063,835,9,9
586,194,9,9
765,425,9,9
342,502,9,9
342,502,9,9
777,502,9,9
9,1062,9,9
9,1039,9,9
713,738,9,9
176,1026,9,9
713,998,9,9
713,400,9,9
713,629,9,9
176,263,9,9
713,242,9,9
783,542,9,9
713,209,9,9
713,363,9,9
713,105,9,9
590,439,9,9
212,439,9,9
713,479,9,9
297,242,9,9
297,999,9,9
338,595,9,9
713,1043,9,9
617,728,9,9
713,940,9,9
713,124,9,9
713,95,9,9
377,992,9,9
884,658,9,9
835,1063,9,9
1064,783,9,9
777,882,9,9
777,988,9,9
603,814,9,9
1023,460,9,9
840,74,9,9
34,282,9,9
1064,783,9,9
34,313,9,9
34,313,9,9
1064,783,9,9
498,194,9,9
588,342,9,9
74,840,9,9
498,194,9,9
68,783,9,9
454,242,9,9
68,391,9,9
454,509,9,9
783,68,9,9
68,783,9,9
654,50,9,9
1033,149,9,9
783,68,9,9
68,783,9,9
212,303,9,9
783,68,9,9
68,783,9,9
3,42,9,9
1064,475,9,9
362,765,9,9
681,388,9,9
609,840,9,9
252,765,9,9
681,388,9,9
391,325,9,9
853,400,9,9
194,817,9,9
840,609,9,9
704,1053,9,9
586,1065,9,9
990,698,9,9
990,698,9,9
609,840,9,9
391,68,9,9
609,836,9,9
609,836,9,9
102,943,9,9
68,391,9,9
121,194,9,9
609,151,9,9
194,121,9,9
263,176,9,9
551,388,9,9
609,783,9,9
252,783,9,9
783,252,9,9
783,609,9,9
783,252,9,9
997,142,9,9
609,783,9,9
609,297,9,9
297,609,9,9
121,194,9,9
297,609,9,9
561,281,9,9
840,609,9,9
701,915,9,9
339,1066,9,9
609,840,9,9
687,1056,9,9
297,609,9,9
415,997,9,9
323,632,9,9
283,72,9,9
439,388,9,9
303,212,9,9
701,840,9,9
616,517,9,9
323,632,9,9
50,654,9,9
592,400,9,9
323,632,9,9
681,388,9,9
1056,687,9,9
681,590,9,9
1056,609,9,9
687,1056,9,9
316,955,9,9
1056,687,9,9
323,687,9,9
160,783,9,9
713,609,9,9
840,701,9,9
817,194,9,9
211,212,9,9
323,632,9,9
765,252,9,9
617,701,9,9
595,590,9,9
687,1056,9,9
1056,687,9,9
53,250,9,9
53,1018,9,9
590,595,9,9
296,42,9,9
388,439,9,9
704,617,9,9
193,233,9,9
1026,176,9,9
679,60,9,9
102,50,9,9
1026,609,9,9
679,60,9,9
60,679,9,9
704,1067,9,9
679,60,9,9
50,102,9,9
523,791,9,9
60,679,9,9
1026,950,9,9
950,1026,9,9
1026,950,9,9
950,1026,9,9
242,209,9,9
713,950,9,9
679,60,9,9
517,616,9,9
242,454,9,9
1026,950,9,9
204,456,9,9
517,709,9,9
950,1026,9,9
517,1065,9,9
204,725,9,9
102,50,9,9
1026,950,9,9
204,498,9,9
204,250,9,9
204,667,9,9
463,339,9,9
463,1004,9,9
463,687,9,9
463,400,9,9
1026,1050,9,9
841,915,9,9
44,189,9,9
830,765,9,9
542,783,9,9
586,394,9,9
323,98,9,9
32,1068,9,9
389,498,9,9
389,830,9,9
389,667,9,9
32,1042,9,9
355,316,9,9
389,242,9,9
687,463,9,9
1068,32,9,9
242,389,9,9
194,72,9,9
482,194,9,9
60,679,9,9
194,289,9,9
679,60,9,9
60,679,9,9
32,1068,9,9
72,283,9,9
50,102,9,9
72,194,9,9
297,242,9,9
145,1033,9,9
1068,32,9,9
44,129,9,9
151,609,9,9
151,602,9,9
1069,586,9,9
830,389,9,9
679,60,9,9
60,679,9,9
697,1070,9,9
679,60,9,9
9,938,9,9
9,391,9,9
357,818,9,9
713,950,9,9
357,938,9,9
626,590,9,9
509,454,9,9
357,964,9,9
357,626,9,9
542,543,9,9
475,468,9,9
697,73,9,9
357,1068,9,9
357,626,9,9
357,1068,9,9
542,543,9,9
738,626,9,9
282,1071,9,9
590,408,9,9
357,818,9,9
542,598,9,9
1004,463,9,9
357,1068,9,9
626,738,9,9
357,626,9,9
590,371,9,9
543,542,9,9
598,542,9,9
357,654,9,9
598,542,9,9
357,626,9,9
357,1039,9,9
475,468,9,9
214,1068,9,9
1037,595,9,9
214,1072,9,9
1037,311,9,9
543,356,9,9
543,542,9,9
986,991,9,9
986,991,9,9
986,752,9,9
542,543,9,9
986,991,9,9
986,48,9,9
915,701,9,9
915,841,9,9
67,938,9,9
252,765,9,9
422,394,9,9
308,422,9,9
308,1068,9,9
934,460,9,9
934,128,9,9
308,1056,9,9
101,847,9,9
323,1073,9,9
101,1002,9,9
697,50,9,9
323,1073,9,9
697,50,9,9
323,1073,9,9
1068,308,9,9
1033,437,9,9
823,498,9,9
823,567,9,9
1050,495,9,9
823,242,9,9
823,1033,9,9
101,282,9,9
454,242,9,9
454,509,9,9
701,915,9,9
823,1033,9,9
997,142,9,9
282,1071,9,9
242,454,9,9
561,281,9,9
282,101,9,9
997,415,9,9
176,1026,9,9
101,176,9,9
823,915,9,9
282,101,9,9
859,325,9,9
176,101,9,9
342,588,9,9
859,400,9,9
859,388,9,9
454,242,9,9
697,1070,9,9
823,239,9,9
131,1039,9,9
131,990,9,9
823,41,9,9
834,1074,9,9
41,495,9,9
823,41,9,9
724,523,9,9
342,502,9,9
830,1072,9,9
581,779,9,9
1072,830,9,9
915,701,9,9
847,101,9,9
823,915,9,9
701,915,9,9
342,1068,9,9
1070,697,9,9
325,1072,9,9
239,823,9,9
713,542,9,9
927,536,9,9
713,927,9,9
600,42,9,9
732,701,9,9
701,732,9,9
600,289,9,9
915,701,9,9
1072,325,9,9
823,915,9,9
325,1072,9,9
297,482,9,9
713,1032,9,9
701,915,9,9
1,123,9,9
600,823,9,9
713,325,9,9
431,475,9,9
1036,58,9,9
713,884,9,9
600,823,9,9
713,1043,9,9
915,701,9,9
708,1058,9,9
708,1075,9,9
675,462,9,9
1039,131,9,9
1039,72,9,9
823,915,9,9
834,168,9,9
834,1068,9,9
834,144,9,9
34,1072,9,9
713,325,9,9
53,834,9,9
252,687,9,9
371,590,9,9
53,26,9,9
244,415,9,9
783,160,9,9
325,1033,9,9
203,866,9,9
1036,701,9,9
934,460,9,9
26,679,9,9
356,543,9,9
768,501,9,9
713,1043,9,9
713,325,9,9
145,1033,9,9
53,26,9,9
53,834,9,9
1033,325,9,9
713,325,9,9
1033,823,9,9
325,1033,9,9
697,1070,9,9
555,391,9,9
1033,325,9,9
325,1033,9,9
555,1019,9,9
53,834,9,9
697,1076,9,9
555,1060,9,9
783,542,9,9
1076,783,9,9
697,1076,9,9
53,1018,9,9
53,834,9,9
439,1019,9,9
539,212,9,9
103,154,9,9
176,840,9,9
176,502,9,9
176,697,9,9
72,1039,9,9
469,463,9,9
176,94,9,9
176,439,9,9
176,154,9,9
687,302,9,9
1068,834,9,9
1068,342,9,9
551,388,9,9
551,371,9,9
590,371,9,9
536,927,9,9
502,176,9,9
325,840,9,9
53,176,9,9
176,502,9,9
53,26,9,9
1077,926,9,9
9,391,9,9
176,638,9,9
638,176,9,9
176,638,9,9
176,502,9,9
638,176,9,9
697,1076,9,9
176,638,9,9
697,927,9,9
638,176,9,9
1019,439,9,9
9,1062,9,9
176,638,9,9
638,176,9,9
176,638,9,9
306,1019,9,9
638,176,9,9
377,3,9,9
176,638,9,9
1019,306,9,9
638,176,9,9
176,1056,9,9
176,638,9,9
638,176,9,9
1076,697,9,9
176,638,9,9
638,176,9,9
1076,1053,9,9
662,625,9,9
662,625,9,9
53,176,9,9
191,1060,9,9
555,676,9,9
555,626,9,9
555,654,9,9
555,626,9,9
767,502,9,9
462,675,9,9
997,415,9,9
997,415,9,9
697,1042,9,9
1042,32,9,9
555,371,9,9
971,199,9,9
439,176,9,9
439,1019,9,9
638,439,9,9
371,590,9,9
439,638,9,9
638,439,9,9
713,535,9,9
1042,638,9,9
1042,638,9,9
199,971,9,9
242,454,9,9
1042,638,9,9
638,758,9,9
758,638,9,9
1034,638,9,9
199,978,9,9
638,758,9,9
638,346,9,9
1072,34,9,9
1072,325,9,9
1060,191,9,9
555,1060,9,9
199,971,9,9
551,371,9,9
199,445,9,9
674,1068,9,9
704,768,9,9
377,1060,9,9
1078,1079,9,9
1080,638,9,9
103,1078,9,9
638,1080,9,9
462,103,9,9
638,779,9,9
306,783,9,9
306,783,9,9
1078,103,9,9
132,333,9,9
454,242,9,9
83,1060,9,9
638,527,9,9
1080,1072,9,9
834,1068,9,9
199,1050,9,9
176,817,9,9
103,1078,9,9
103,462,9,9
306,438,9,9
313,34,9,9
462,103,9,9
313,34,9,9
638,830,9,9
638,103,9,9
1078,103,9,9
834,313,9,9
313,834,9,9
638,1081,9,9
834,313,9,9
103,1078,9,9
834,1068,9,9
103,638,9,9
1080,638,9,9
1078,103,9,9
103,462,9,9
103,1078,9,9
830,638,9,9
462,103,9,9
926,557,9,9
926,1077,9,9
971,199,9,9
834,72,9,9
483,176,9,9
313,1,9,9
72,834,9,9
199,971,9,9
1050,199,9,9
557,926,9,9
199,1050,9,9
1078,103,9,9
103,462,9,9
834,72,9,9
72,834,9,9
834,1068,9,9
834,72,9,9
1039,72,9,9
72,834,9,9
72,1039,9,9
834,72,9,9
681,626,9,9
959,958,9,9
973,103,9,9
462,103,9,9
1039,72,9,9
704,1072,9,9
973,400,9,9
72,1039,9,9
72,834,9,9
834,72,9,9
72,834,9,9
1072,1080,9,9
1039,72,9,9
834,72,9,9
90,1072,9,9
949,1068,9,9
801,768,9,9
801,313,9,9
72,834,9,9
72,1039,9,9
834,72,9,9
339,1068,9,9
638,830,9,9
638,1080,9,9
638,103,9,9
72,834,9,9
834,72,9,9
72,834,9,9
871,1050,9,9
834,72,9,9
1033,765,9,9
72,834,9,9
345,346,9,9
834,72,9,9
345,1058,9,9
242,454,9,9
638,388,9,9
1049,325,9,9
72,834,9,9
834,72,9,9
1042,758,9,9
638,881,9,9
638,373,9,9
681,626,9,9
1049,638,9,9
638,1049,9,9
638,1049,9,9
681,638,9,9
638,1049,9,9
765,1033,9,9
1068,834,9,9
1068,834,9,9
681,638,9,9
1068,834,9,9
1049,638,9,9
638,1049,9,9
881,638,9,9
75,1041,9,9
1068,72,9,9
638,881,9,9
415,840,9,9
1042,638,9,9
143,442,9,9
143,1037,9,9
638,254,9,9
638,758,9,9
638,254,9,9
339,463,9,9
1042,638,9,9
539,1072,9,9
72,1068,9,9
415,195,9,9
103,938,9,9
422,308,9,9
1068,72,9,9
377,755,9,9
103,1072,9,9
1033,765,9,9
377,627,9,9
830,339,9,9
260,1028,9,9
260,949,9,9
214,1072,9,9
1082,1076,9,9
377,313,9,9
1039,72,9,9
765,1033,9,9
679,26,9,9
377,281,9,9
103,1060,9,9
377,50,9,9
72,1039,9,9
1082,1076,9,9
389,242,9,9
460,934,9,9
389,830,9,9
1033,765,9,9
242,823,9,9
543,356,9,9
242,389,9,9
377,313,9,9
254,1039,9,9
555,352,9,9
801,313,9,9
1033,847,9,9
144,834,9,9
765,1033,9,9
681,388,9,9
318,72,9,9
834,1068,9,9
34,313,9,9
834,144,9,9
539,1072,9,9
101,41,9,9
34,1072,9,9
555,641,9,9
193,626,9,9
1039,72,9,9
1036,475,9,9
193,847,9,9
356,543,9,9
475,1036,9,9
388,638,9,9
834,1068,9,9
1080,1072,9,9
374,248,9,9
626,193,9,9
990,513,9,9
928,999,9,9
928,714,9,9
928,103,9,9
588,1019,9,9
928,103,9,9
189,144,9,9
313,34,9,9
454,242,9,9
437,1033,9,9
801,313,9,9
928,103,9,9
928,103,9,9
1068,834,9,9
810,708,9,9
543,356,9,9
297,242,9,9
297,999,9,9
34,313,9,9
801,313,9,9
34,155,9,9
1036,475,9,9
928,915,9,9
794,277,9,9
242,454,9,9
313,34,9,9
928,794,9,9
928,794,9,9
793,393,9,9
831,1050,9,9
34,313,9,9
422,1060,9,9
72,1039,9,9
1033,437,9,9
1033,765,9,9
194,1083,9,9
1032,1056,9,9
67,595,9,9
194,131,9,9
619,654,9,9
194,289,9,9
194,296,9,9
437,1033,9,9
194,296,9,9
194,449,9,9
194,842,9,9
194,241,9,9
194,1084,9,9
194,242,9,9
194,80,9,9
194,222,9,9
194,913,9,9
194,619,9,9
194,1051,9,9
194,599,9,9
194,206,9,9
194,322,9,9
194,516,9,9
194,498,9,9
194,456,9,9
194,209,9,9
194,97,9,9
194,254,9,9
194,132,9,9
194,1063,9,9
194,376,9,9
194,404,9,9
1049,325,9,9
194,1004,9,9
194,817,9,9
194,586,9,9
194,277,9,9
194,1039,9,9
194,527,9,9
194,573,9,9
194,815,9,9
194,598,9,9
194,125,9,9
194,644,9,9
194,1056,9,9
194,1085,9,9
194,1086,9,9
194,798,9,9
194,753,9,9
194,237,9,9
194,575,9,9
194,465,9,9
194,60,9,9
194,453,9,9
194,342,9,9
194,295,9,9
194,949,9,9
194,679,9,9
194,711,9,9
194,596,9,9
194,915,9,9
194,673,9,9
194,774,9,9
194,98,9,9
189,708,9,9
189,1068,9,9
626,590,9,9
865,1072,10,10
851,1014,10,10
42,296,10,10
1087,1088,10,10
915,928,10,10
638,388,10,10
638,1042,10,10
1087,341,10,10
830,389,10,10
986,915,10,10
281,561,10,10
1046,1014,10,10
999,928,10,10
194,817,10,10
26,679,10,10
834,1068,10,10
523,176,10,10
765,1033,10,10
523,990,10,10
523,724,10,10
84,765,10,10
84,765,10,10
84,765,10,10
260,949,10,10
615,422,10,10
509,306,10,10
509,389,10,10
509,194,10,10
286,1000,10,10
509,1039,10,10
509,595,10,10
1039,72,10,10
204,176,10,10
509,872,10,10
990,523,10,10
781,701,10,10
615,509,10,10
72,1039,10,10
1039,72,10,10
277,1032,10,10
189,708,10,10
72,1039,10,10
1039,72,10,10
72,1039,10,10
204,1070,10,10
792,228,10,10
679,194,10,10
679,26,10,10
252,242,10,10
1039,72,10,10
72,1039,10,10
26,679,10,10
679,26,10,10
679,903,10,10
834,1068,10,10
679,346,10,10
765,84,10,10
389,509,10,10
297,999,10,10
26,679,10,10
103,765,10,10
103,599,10,10
834,626,10,10
103,277,10,10
509,389,10,10
429,950,10,10
509,817,10,10
429,950,10,10
509,277,10,10
884,1050,10,10
884,536,10,10
990,419,10,10
990,419,10,10
990,419,10,10
950,429,10,10
950,429,10,10
536,884,10,10
884,536,10,10
536,884,10,10
950,405,10,10
884,536,10,10
193,626,10,10
168,834,10,10
834,168,10,10
1068,834,10,10
950,698,10,10
297,999,10,10
73,617,10,10
994,1056,10,10
1068,72,10,10
73,63,10,10
1068,949,10,10
155,34,10,10
72,1068,10,10
626,834,10,10
626,193,10,10
1068,72,10,10
72,1068,10,10
254,626,10,10
626,254,10,10
26,645,10,10
1068,72,10,10
254,626,10,10
626,254,10,10
834,1068,10,10
834,626,10,10
1068,834,10,10
307,509,10,10
445,199,10,10
1000,286,10,10
72,1068,10,10
194,445,10,10
626,834,10,10
834,1068,10,10
834,626,10,10
724,523,10,10
1068,72,10,10
1068,834,10,10
626,834,10,10
536,884,10,10
143,1037,10,10
72,1068,10,10
143,103,10,10
834,626,10,10
143,201,10,10
143,415,10,10
830,549,10,10
834,1068,10,10
143,834,10,10
143,834,10,10
884,536,10,10
1060,103,10,10
626,834,10,10
1068,834,10,10
713,950,10,10
1068,72,10,10
128,934,10,10
72,1068,10,10
67,282,10,10
294,830,10,10
841,915,10,10
1089,765,10,10
841,103,10,10
199,445,10,10
53,250,10,10
1060,422,10,10
53,26,10,10
233,193,10,10
53,834,10,10
233,1037,10,10
1068,72,10,10
199,1060,10,10
194,768,10,10
194,949,10,10
72,1068,10,10
143,834,10,10
394,586,10,10
67,938,10,10
536,884,10,10
536,884,10,10
67,1072,10,10
131,194,10,10
884,536,10,10
42,144,10,10
189,42,10,10
144,42,10,10
341,1072,10,10
189,42,10,10
189,42,10,10
836,609,10,10
852,1090,10,10
189,712,10,10
189,42,10,10
377,281,10,10
377,755,10,10
68,135,10,10
536,884,10,10
341,686,10,10
704,1091,10,10
704,1092,10,10
768,1033,10,10
1013,673,10,10
704,1060,10,10
1013,398,10,10
873,144,10,10
768,801,10,10
1019,439,10,10
1019,588,10,10
704,1050,10,10
950,1093,10,10
1093,950,10,10
67,173,10,10
834,626,10,10
834,1068,10,10
282,34,10,10
704,768,10,10
454,242,10,10
884,536,10,10
777,1072,10,10
144,873,10,10
204,1070,10,10
523,724,10,10
523,990,10,10
176,277,10,10
523,1049,10,10
277,176,10,10
42,1049,10,10
752,1032,10,10
915,817,10,10
42,1062,10,10
42,1050,10,10
701,1093,10,10
176,277,10,10
626,834,10,10
277,176,10,10
277,176,10,10
817,915,10,10
1093,701,10,10
523,1093,10,10
342,194,10,10
176,277,10,10
638,847,10,10
1093,523,10,10
523,1093,10,10
277,176,10,10
638,1093,10,10
638,1093,10,10
176,277,10,10
1093,523,10,10
758,638,10,10
277,176,10,10
638,758,10,10
42,1,10,10
523,1093,10,10
1093,32,10,10
342,969,10,10
32,1093,10,10
1093,523,10,10
915,817,10,10
1093,32,10,10
32,1093,10,10
981,1021,10,10
1093,32,10,10
277,176,10,10
67,282,10,10
277,1093,10,10
817,915,10,10
599,103,10,10
586,394,10,10
915,817,10,10
143,32,10,10
817,915,10,10
817,509,10,10
817,176,10,10
701,1093,10,10
834,626,10,10
176,817,10,10
143,32,10,10
817,176,10,10
176,817,10,10
817,176,10,10
143,201,10,10
915,817,10,10
176,817,10,10
103,1060,10,10
1050,42,10,10
143,201,10,10
617,73,10,10
143,201,10,10
143,163,10,10
143,201,10,10
143,201,10,10
626,834,10,10
143,201,10,10
143,103,10,10
143,103,10,10
143,103,10,10
143,103,10,10
103,599,10,10
103,841,10,10
1033,1072,10,10
679,194,10,10
539,817,10,10
228,792,10,10
143,1094,10,10
102,645,10,10
617,73,10,10
297,999,10,10
969,342,10,10
536,884,10,10
884,536,10,10
873,144,10,10
638,950,10,10
599,103,10,10
1049,523,10,10
1049,42,10,10
1014,312,10,10
638,950,10,10
1045,269,10,10
638,1014,10,10
834,626,10,10
638,1045,10,10
969,549,10,10
1014,851,10,10
69,915,10,10
67,598,10,10
638,950,10,10
67,462,10,10
212,639,10,10
679,1095,10,10
502,176,10,10
638,236,10,10
176,502,10,10
638,950,10,10
638,950,10,10
926,557,10,10
638,950,10,10
145,1033,10,10
638,236,10,10
638,950,10,10
638,950,10,10
638,950,10,10
638,950,10,10
422,1060,10,10
638,950,10,10
346,679,10,10
502,176,10,10
176,502,10,10
915,598,10,10
679,346,10,10
502,176,10,10
429,950,10,10
950,429,10,10
176,502,10,10
713,1049,10,10
309,540,10,10
1,42,10,10
713,545,10,10
502,176,10,10
356,543,10,10
429,950,10,10
176,502,10,10
950,429,10,10
934,1096,10,10
934,527,10,10
1097,884,10,10
12,599,10,10
1097,127,10,10
12,938,10,10
626,834,10,10
67,1092,10,10
834,626,10,10
817,915,10,10
67,598,10,10
12,1039,10,10
12,817,10,10
12,998,10,10
686,341,10,10
12,697,10,10
12,603,10,10
19,1078,10,10
19,1078,10,10
19,1078,10,10
626,834,10,10
12,527,10,10
12,599,10,10
733,297,10,10
394,586,10,10
733,626,10,10
19,1098,10,10
19,1098,10,10
194,131,10,10
38,94,10,10
38,626,10,10
128,934,10,10
38,783,10,10
19,598,10,10
394,422,10,10
626,733,10,10
626,38,10,10
681,32,10,10
422,394,10,10
394,131,10,10
394,422,10,10
131,394,10,10
394,131,10,10
526,477,10,10
32,1099,10,10
131,394,10,10
645,102,10,10
1099,32,10,10
645,26,10,10
394,131,10,10
131,394,10,10
297,733,10,10
32,1099,10,10
32,598,10,10
9,566,10,10
783,38,10,10
12,32,10,10
687,1054,10,10
687,1004,10,10
915,815,10,10
32,462,10,10
342,319,10,10
12,603,10,10
12,319,10,10
12,603,10,10
319,342,10,10
12,319,10,10
128,934,10,10
342,319,10,10
12,319,10,10
603,814,10,10
9,32,10,10
12,319,10,10
63,990,10,10
12,32,10,10
12,319,10,10
595,509,10,10
67,938,10,10
67,595,10,10
67,282,10,10
67,451,10,10
252,1000,10,10
509,595,10,10
67,598,10,10
271,194,10,10
128,934,10,10
67,32,10,10
194,271,10,10
934,1026,10,10
194,32,10,10
194,296,10,10
277,830,10,10
277,950,10,10
252,595,10,10
41,1056,10,10
194,32,10,10
252,598,10,10
41,1041,10,10
194,32,10,10
19,1099,10,10
103,599,10,10
599,103,10,10
103,599,10,10
513,990,10,10
128,934,10,10
277,830,10,10
277,950,10,10
277,830,10,10
277,950,10,10
1034,1036,10,10
277,950,10,10
704,1072,10,10
128,934,10,10
277,950,10,10
277,950,10,10
277,950,10,10
63,73,10,10
103,1100,10,10
103,566,10,10
599,103,10,10
1101,687,10,10
103,599,10,10
990,513,10,10
543,356,10,10
814,603,10,10
12,817,10,10
599,103,10,10
277,950,10,10
615,1042,10,10
1000,252,10,10
277,950,10,10
228,1100,10,10
277,950,10,10
73,617,10,10
73,63,10,10
74,840,10,10
12,857,10,10
376,194,10,10
1072,1033,10,10
603,814,10,10
1072,341,10,10
12,527,10,10
12,73,10,10
19,1072,10,10
12,1080,10,10
475,468,10,10
12,475,10,10
103,599,10,10
19,527,10,10
12,609,10,10
103,599,10,10
12,173,10,10
12,527,10,10
12,142,10,10
557,926,10,10
1034,32,10,10
12,599,10,10
173,103,10,10
297,999,10,10
12,103,10,10
1101,513,10,10
12,142,10,10
12,103,10,10
12,1102,10,10
1089,765,10,10
624,595,10,10
539,1103,10,10
12,142,10,10
12,679,10,10
881,1090,10,10
194,376,10,10
193,233,10,10
193,149,10,10
881,999,10,10
673,679,10,10
658,667,10,10
142,482,10,10
297,609,10,10
673,687,10,10
193,658,10,10
599,103,10,10
482,142,10,10
540,309,10,10
546,281,10,10
614,445,10,10
638,540,10,10
609,1036,10,10
536,884,10,10
638,540,10,10
540,638,10,10
532,325,10,10
557,561,10,10
296,295,10,10
540,1104,10,10
1104,540,10,10
540,1104,10,10
540,754,10,10
1104,540,10,10
754,540,10,10
234,391,10,10
624,592,10,10
1105,1072,10,10
542,314,10,10
542,697,10,10
540,1104,10,10
1097,127,10,10
540,754,10,10
1097,884,10,10
90,48,10,10
542,1103,10,10
557,583,10,10
1097,191,10,10
1097,191,10,10
540,191,10,10
495,1050,10,10
1097,191,10,10
1097,103,10,10
1104,540,10,10
191,540,10,10
540,191,10,10
546,542,10,10
41,495,10,10
552,975,10,10
103,783,10,10
1097,1104,10,10
1097,103,10,10
103,988,10,10
103,1097,10,10
542,546,10,10
1060,199,10,10
542,297,10,10
1060,103,10,10
542,598,10,10
1060,422,10,10
542,297,10,10
103,1060,10,10
1060,103,10,10
103,1060,10,10
542,297,10,10
542,128,10,10
1097,437,10,10
542,638,10,10
63,73,10,10
542,297,10,10
63,339,10,10
687,1032,10,10
542,297,10,10
777,1072,10,10
422,1060,10,10
144,873,10,10
542,297,10,10
542,1072,10,10
1072,542,10,10
542,297,10,10
297,542,10,10
542,1072,10,10
1072,542,10,10
542,297,10,10
555,352,10,10
542,1072,10,10
297,542,10,10
1072,542,10,10
128,542,10,10
542,297,10,10
542,128,10,10
297,542,10,10
542,1072,10,10
542,297,10,10
297,542,10,10
542,460,10,10
41,599,10,10
9,566,10,10
560,1072,10,10
542,297,10,10
128,542,10,10
297,542,10,10
248,374,10,10
1072,542,10,10
392,950,10,10
792,228,10,10
1072,560,10,10
12,140,10,10
599,41,10,10
41,599,10,10
599,41,10,10
41,599,10,10
599,41,10,10
599,41,10,10
482,1072,10,10
1072,482,10,10
12,543,10,10
1034,1036,10,10
560,1072,10,10
41,599,10,10
41,599,10,10
1072,560,10,10
542,1072,10,10
542,297,10,10
560,1072,10,10
542,297,10,10
12,1106,10,10
297,542,10,10
1072,542,10,10
297,542,10,10
12,599,10,10
297,542,10,10
542,297,10,10
1072,560,10,10
560,1072,10,10
542,1072,10,10
297,542,10,10
12,140,10,10
542,297,10,10
560,1072,10,10
297,542,10,10
1072,560,10,10
542,297,10,10
12,80,10,10
12,586,10,10
586,1107,10,10
12,586,10,10
1072,542,10,10
560,1072,10,10
297,542,10,10
542,297,10,10
12,80,10,10
297,542,10,10
12,586,10,10
542,297,10,10
297,542,10,10
12,586,10,10
542,1072,10,10
1069,884,10,10
1069,74,10,10
1069,878,10,10
1069,252,10,10
1069,687,10,10
1069,102,10,10
928,999,10,10
928,915,10,10
254,654,10,10
724,523,10,10
560,1072,10,10
201,140,10,10
350,1102,10,10
950,392,10,10
201,938,10,10
103,938,10,10
29,1072,10,10
460,542,10,10
939,783,10,10
939,460,10,10
1034,853,10,10
884,536,10,10
884,1097,10,10
783,939,10,10
252,463,10,10
335,34,10,10
335,174,10,10
843,1051,10,10
549,830,10,10
549,969,10,10
342,1068,10,10
938,201,10,10
938,103,10,10
1033,302,10,10
713,41,10,10
26,645,10,10
675,462,10,10
713,1049,10,10
675,462,10,10
523,724,10,10
724,523,10,10
339,63,10,10
462,32,10,10
713,567,10,10
713,462,10,10
713,716,10,10
713,34,10,10
713,124,10,10
242,252,10,10
713,242,10,10
873,144,10,10
294,42,10,10
713,319,10,10
713,363,10,10
713,940,10,10
713,842,10,10
713,1043,10,10
713,1043,10,10
713,884,10,10
713,509,10,10
713,999,10,10
713,950,10,10
713,1018,10,10
277,254,10,10
1052,708,10,10
1072,542,10,10
1072,29,10,10
697,542,10,10
462,675,10,10
817,1100,10,10
102,645,10,10
62,949,10,10
635,719,10,10
949,62,10,10
350,335,10,10
713,733,10,10
103,938,10,10
713,38,10,10
713,641,10,10
713,1036,10,10
713,462,10,10
713,884,10,10
713,1043,10,10
32,462,10,10
32,1103,10,10
1069,252,10,10
638,542,10,10
638,540,10,10
357,938,10,10
357,817,10,10
103,462,10,10
357,903,10,10
545,676,10,10
770,841,10,10
545,1019,10,10
357,194,10,10
545,1060,10,10
460,939,10,10
460,542,10,10
277,254,10,10
1097,884,10,10
1097,437,10,10
884,1097,10,10
357,154,10,10
357,154,10,10
462,32,10,10
462,103,10,10
462,32,10,10
19,140,10,10
422,815,10,10
53,26,10,10
53,250,10,10
687,252,10,10
536,884,10,10
162,851,10,10
143,32,10,10
143,915,10,10
32,462,10,10
143,103,10,10
462,32,10,10
32,462,10,10
884,536,10,10
884,536,10,10
536,884,10,10
834,626,10,10
992,1108,10,10
1097,884,10,10
449,498,10,10
103,460,10,10
199,1060,10,10
1069,687,10,10
884,536,10,10
884,1097,10,10
536,884,10,10
495,41,10,10
626,834,10,10
984,638,10,10
194,296,10,10
394,212,10,10
394,212,10,10
884,536,10,10
1037,233,10,10
638,984,10,10
949,194,10,10
536,884,10,10
194,949,10,10
949,642,10,10
884,536,10,10
536,884,10,10
944,194,10,10
127,1097,10,10
252,687,10,10
69,252,10,10
63,339,10,10
884,536,10,10
212,306,10,10
540,990,10,10
536,884,10,10
212,439,10,10
1069,252,10,10
884,536,10,10
536,884,10,10
638,540,10,10
1103,542,10,10
884,536,10,10
36,1033,10,10
1034,701,10,10
1034,462,10,10
834,626,10,10
252,433,10,10
701,1034,10,10
536,884,10,10
679,149,10,10
1034,701,10,10
542,1103,10,10
626,834,10,10
701,1034,10,10
1034,462,10,10
1034,701,10,10
701,1034,10,10
1034,462,10,10
542,460,10,10
26,53,10,10
1034,701,10,10
1034,462,10,10
1034,462,10,10
1034,697,10,10
713,1043,10,10
701,1034,10,10
713,1043,10,10
1034,701,10,10
204,1070,10,10
884,536,10,10
1034,462,10,10
1034,697,10,10
1069,687,10,10
1034,697,10,10
1069,545,10,10
701,1034,10,10
1107,586,10,10
1034,462,10,10
1034,462,10,10
1034,462,10,10
1034,462,10,10
713,641,10,10
713,545,10,10
1034,462,10,10
194,296,10,10
1034,462,10,10
713,884,10,10
1034,462,10,10
439,1019,10,10
1034,701,10,10
1034,462,10,10
1034,462,10,10
1034,462,10,10
1034,462,10,10
1034,462,10,10
1034,462,10,10
1034,462,10,10
306,212,10,10
1034,462,10,10
713,41,10,10
713,462,10,10
1034,462,10,10
342,1068,10,10
1034,462,10,10
191,765,10,10
713,629,10,10
583,557,10,10
399,76,10,10
350,439,10,10
201,938,10,10
201,938,10,10
201,938,10,10
12,543,10,10
557,583,10,10
12,938,10,10
1031,650,10,10
1031,1109,10,10
1031,651,10,10
1031,646,10,10
1031,840,10,10
9,997,10,10
9,177,10,10
9,771,10,10
990,540,10,10
394,263,10,10
834,626,10,10
626,834,10,10
128,934,10,10
277,254,10,10
1052,708,10,10
277,1032,10,10
834,626,10,10
342,544,10,10
212,306,10,10
615,80,10,10
626,834,10,10
884,495,10,10
598,542,10,10
884,536,10,10
555,212,10,10
834,626,10,10
626,834,10,10
834,626,10,10
938,201,10,10
19,1068,10,10
103,974,10,10
735,790,10,10
626,834,10,10
277,254,10,10
296,550,10,10
282,67,10,10
277,254,10,10
201,938,10,10
830,549,10,10
498,194,10,10
277,254,10,10
190,652,10,10
339,63,10,10
638,475,10,10
498,449,10,10
1068,498,10,10
652,190,10,10
250,475,10,10
475,250,10,10
250,569,10,10
250,260,10,10
250,1097,10,10
250,475,10,10
475,250,10,10
638,643,10,10
498,1068,10,10
277,1032,10,10
277,254,10,10
1068,498,10,10
1100,753,10,10
260,250,10,10
277,1032,10,10
260,509,10,10
569,250,10,10
194,296,10,10
194,296,10,10
194,296,10,10
658,193,10,10
277,1032,10,10
658,1110,10,10
652,214,10,10
194,26,10,10
765,191,10,10
194,62,10,10
194,794,10,10
194,498,10,10
194,817,10,10
194,482,10,10
194,498,10,10
194,1004,10,10
679,673,10,10
9,212,10,10
277,1032,10,10
277,1032,10,10
9,834,10,10
402,881,10,10
9,679,10,10
9,679,10,10
323,834,10,10
194,586,10,10
194,509,10,10
501,768,10,10
194,817,10,10
817,194,10,10
12,938,10,10
817,194,10,10
194,817,10,10
323,645,10,10
194,817,10,10
83,194,10,10
817,194,10,10
817,194,10,10
586,194,10,10
1004,1032,10,10
9,679,10,10
9,282,10,10
1032,1004,10,10
12,282,10,10
9,282,10,10
536,884,10,10
12,282,10,10
1004,1032,10,10
63,339,10,10
1032,1004,10,10
12,282,10,10
9,282,10,10
1004,1032,10,10
9,679,10,10
735,1032,10,10
9,282,10,10
323,1014,10,10
194,1004,10,10
12,282,10,10
9,282,10,10
323,632,10,10
12,282,10,10
323,758,10,10
1004,1008,10,10
12,1039,10,10
595,252,10,10
12,282,10,10
12,569,10,10
9,282,10,10
9,282,10,10
12,282,10,10
12,282,10,10
234,1039,10,10
12,282,10,10
12,926,10,10
194,1004,10,10
44,597,10,10
12,282,10,10
9,282,10,10
859,388,10,10
12,536,10,10
372,1111,10,10
12,536,10,10
372,536,10,10
1111,372,10,10
536,372,10,10
12,282,10,10
372,1111,10,10
859,1060,10,10
12,536,10,10
9,282,10,10
12,282,10,10
9,282,10,10
12,282,10,10
859,372,10,10
12,569,10,10
12,536,10,10
926,557,10,10
12,569,10,10
12,926,10,10
372,536,10,10
498,194,10,10
12,402,10,10
41,1111,10,10
498,194,10,10
194,1004,10,10
536,372,10,10
12,282,10,10
12,926,10,10
12,926,10,10
12,926,10,10
986,194,10,10
372,536,10,10
12,986,10,10
19,986,10,10
19,986,10,10
12,1039,10,10
19,986,10,10
986,991,10,10
233,193,10,10
603,814,10,10
19,986,10,10
19,986,10,10
991,986,10,10
986,991,10,10
19,986,10,10
777,1111,10,10
986,991,10,10
19,986,10,10
536,372,10,10
19,986,10,10
9,282,10,10
9,282,10,10
1034,1039,10,10
814,603,10,10
603,814,10,10
19,986,10,10
884,536,10,10
19,986,10,10
12,80,10,10
1034,1039,10,10
991,654,10,10
19,986,10,10
12,389,10,10
991,654,10,10
19,986,10,10
536,884,10,10
1069,560,10,10
19,986,10,10
12,1068,10,10
814,603,10,10
19,986,10,10
19,986,10,10
19,986,10,10
986,19,10,10
19,986,10,10
19,986,10,10
19,986,10,10
19,986,10,10
1111,372,10,10
249,288,10,10
12,1068,10,10
884,536,10,10
12,997,10,10
1043,41,10,10
12,1068,10,10
41,1043,10,10
19,997,10,10
12,1068,10,10
1043,41,10,10
12,1068,10,10
327,938,10,10
249,402,10,10
12,758,10,10
128,934,10,10
997,19,10,10
12,758,10,10
12,758,10,10
405,777,10,10
532,882,10,10
405,950,10,10
536,884,10,10
532,364,10,10
884,536,10,10
250,569,10,10
536,884,10,10
583,557,10,10
212,532,10,10
19,583,10,10
212,741,10,10
534,625,10,10
626,50,10,10
144,1111,10,10
191,765,10,10
252,595,10,10
19,901,10,10
1034,697,10,10
893,950,10,10
306,212,10,10
884,536,10,10
400,908,10,10
306,509,10,10
400,799,10,10
884,901,10,10
536,884,10,10
400,392,10,10
400,495,10,10
19,256,10,10
400,607,10,10
256,498,10,10
400,396,10,10
474,679,10,10
400,598,10,10
1111,144,10,10
41,1043,10,10
1043,41,10,10
884,536,10,10
474,400,10,10
50,626,10,10
536,884,10,10
884,536,10,10
938,201,10,10
626,50,10,10
543,418,10,10
19,874,10,10
172,296,10,10
1026,934,10,10
394,1004,10,10
1101,72,10,10
193,658,10,10
128,934,10,10
323,341,10,10
172,1026,10,10
753,984,10,10
595,252,10,10
50,626,10,10
598,400,10,10
598,252,10,10
36,189,10,10
950,405,10,10
605,462,10,10
1004,394,10,10
950,893,10,10
753,1100,10,10
626,50,10,10
509,260,10,10
214,652,10,10
598,67,10,10
598,32,10,10
598,19,10,10
9,834,10,10
598,915,10,10
617,73,10,10
509,306,10,10
462,605,10,10
536,884,10,10
250,405,10,10
617,728,10,10
250,316,10,10
250,909,10,10
250,1112,10,10
509,454,10,10
509,454,10,10
777,405,10,10
509,389,10,10
306,509,10,10
377,415,10,10
605,462,10,10
87,938,10,10
462,605,10,10
605,462,10,10
1113,990,10,10
984,753,10,10
250,697,10,10
12,938,10,10
634,8,10,10
431,605,10,10
250,598,10,10
999,928,10,10
884,536,10,10
394,1004,10,10
250,616,10,10
50,626,10,10
168,834,10,10
50,1100,10,10
323,341,10,10
250,1100,10,10
462,605,10,10
753,984,10,10
323,1014,10,10
605,462,10,10
590,1060,10,10
297,999,10,10
462,605,10,10
297,999,10,10
323,1014,10,10
605,462,10,10
986,991,10,10
19,986,10,10
1100,50,10,10
986,8,10,10
986,719,10,10
19,986,10,10
986,719,10,10
720,787,10,10
509,306,10,10
652,214,10,10
19,986,10,10
462,393,10,10
536,884,10,10
323,1014,10,10
297,999,10,10
19,986,10,10
19,991,10,10
431,605,10,10
19,991,10,10
834,168,10,10
19,991,10,10
50,1100,10,10
881,402,10,10
986,679,10,10
277,605,10,10
19,991,10,10
462,605,10,10
277,252,10,10
986,679,10,10
626,50,10,10
19,991,10,10
220,103,10,10
605,462,10,10
884,536,10,10
536,884,10,10
431,605,10,10
462,605,10,10
474,679,10,10
474,834,10,10
358,719,10,10
884,536,10,10
358,400,10,10
277,605,10,10
358,250,10,10
462,339,10,10
338,1104,10,10
338,1107,10,10
474,42,10,10
474,834,10,10
250,358,10,10
984,753,10,10
36,1,10,10
252,595,10,10
984,753,10,10
252,598,10,10
652,822,10,10
474,679,10,10
1114,63,10,10
474,834,10,10
567,194,10,10
474,679,10,10
494,389,10,10
822,652,10,10
474,834,10,10
586,513,10,10
741,212,10,10
474,679,10,10
652,822,10,10
474,834,10,10
679,393,10,10
474,679,10,10
753,984,10,10
19,598,10,10
567,1072,10,10
67,938,10,10
834,598,10,10
822,652,10,10
652,928,10,10
598,834,10,10
599,41,10,10
474,834,10,10
652,822,10,10
474,679,10,10
834,598,10,10
598,834,10,10
834,598,10,10
474,679,10,10
822,652,10,10
652,322,10,10
277,605,10,10
567,1060,10,10
474,834,10,10
652,822,10,10
143,201,10,10
777,306,10,10
474,679,10,10
393,462,10,10
822,652,10,10
794,194,10,10
652,822,10,10
350,311,10,10
67,598,10,10
474,834,10,10
986,753,10,10
986,652,10,10
474,679,10,10
822,652,10,10
652,753,10,10
193,233,10,10
986,753,10,10
462,393,10,10
306,777,10,10
250,753,10,10
474,834,10,10
357,986,10,10
474,679,10,10
474,834,10,10
357,986,10,10
753,652,10,10
753,250,10,10
474,679,10,10
323,1014,10,10
986,753,10,10
323,632,10,10
357,986,10,10
598,542,10,10
474,834,10,10
297,999,10,10
250,753,10,10
357,783,10,10
1069,878,10,10
753,250,10,10
474,834,10,10
323,719,10,10
986,835,10,10
393,462,10,10
474,679,10,10
598,194,10,10
323,632,10,10
306,509,10,10
878,598,10,10
598,878,10,10
462,393,10,10
250,753,10,10
704,822,10,10
934,1026,10,10
143,250,10,10
704,822,10,10
474,679,10,10
339,462,10,10
474,834,10,10
323,632,10,10
462,339,10,10
819,822,10,10
9,771,10,10
753,250,10,10
991,986,10,10
1069,98,10,10
986,991,10,10
9,834,10,10
991,986,10,10
357,986,10,10
474,834,10,10
986,991,10,10
878,598,10,10
19,986,10,10
357,986,10,10
474,679,10,10
194,644,10,10
323,632,10,10
36,211,10,10
250,753,10,10
474,834,10,10
297,598,10,10
753,250,10,10
36,189,10,10
822,819,10,10
9,834,10,10
250,753,10,10
474,679,10,10
260,1104,10,10
323,632,10,10
753,250,10,10
393,462,10,10
991,986,10,10
306,1115,10,10
250,753,10,10
462,393,10,10
323,557,10,10
372,536,10,10
753,250,10,10
474,834,10,10
679,474,10,10
9,834,10,10
250,753,10,10
704,822,10,10
834,474,10,10
758,753,10,10
995,644,10,10
783,1004,10,10
753,758,10,10
753,758,10,10
758,753,10,10
277,615,10,10
753,250,10,10
393,462,10,10
311,350,10,10
250,753,10,10
834,753,10,10
753,758,10,10
474,679,10,10
9,834,10,10
393,372,10,10
9,834,10,10
323,632,10,10
758,753,10,10
372,393,10,10
753,834,10,10
250,1053,10,10
474,834,10,10
250,154,10,10
250,135,10,10
834,753,10,10
250,1026,10,10
704,1100,10,10
834,474,10,10
753,834,10,10
393,372,10,10
719,635,10,10
834,753,10,10
323,719,10,10
474,834,10,10
1033,437,10,10
372,393,10,10
834,474,10,10
753,834,10,10
1033,765,10,10
323,632,10,10
393,372,10,10
834,753,10,10
462,393,10,10
372,437,10,10
323,719,10,10
372,393,10,10
393,462,10,10
770,903,10,10
679,474,10,10
753,834,10,10
393,372,10,10
753,719,10,10
590,753,10,10
323,632,10,10
474,834,10,10
1033,1072,10,10
719,753,10,10
462,393,10,10
753,590,10,10
834,753,10,10
753,719,10,10
474,679,10,10
323,557,10,10
753,834,10,10
834,474,10,10
719,753,10,10
681,440,10,10
834,753,10,10
372,393,10,10
638,372,10,10
753,719,10,10
679,474,10,10
393,462,10,10
753,834,10,10
393,372,10,10
681,440,10,10
719,753,10,10
615,1108,10,10
753,719,10,10
770,841,10,10
474,834,10,10
462,393,10,10
719,753,10,10
681,788,10,10
1034,788,10,10
753,719,10,10
681,440,10,10
753,719,10,10
1033,753,10,10
644,719,10,10
753,1033,10,10
323,557,10,10
719,753,10,10
719,644,10,10
781,96,10,10
753,834,10,10
36,1033,10,10
372,393,10,10
460,542,10,10
638,372,10,10
393,462,10,10
555,795,10,10
600,714,10,10
393,372,10,10
1026,934,10,10
474,679,10,10
590,753,10,10
834,753,10,10
834,474,10,10
555,1047,10,10
679,161,10,10
834,474,10,10
1071,638,10,10
462,393,10,10
555,1047,10,10
474,834,10,10
600,927,10,10
679,474,10,10
474,679,10,10
1052,708,10,10
161,679,10,10
282,1071,10,10
600,714,10,10
474,679,10,10
834,474,10,10
834,474,10,10
679,474,10,10
393,462,10,10
1026,172,10,10
323,557,10,10
356,543,10,10
679,474,10,10
462,393,10,10
474,834,10,10
679,161,10,10
652,753,10,10
834,474,10,10
934,1026,10,10
474,679,10,10
1052,626,10,10
1052,626,10,10
1052,626,10,10
679,474,10,10
474,834,10,10
474,679,10,10
161,679,10,10
834,474,10,10
652,1071,10,10
679,161,10,10
372,393,10,10
282,1071,10,10
638,372,10,10
658,193,10,10
393,462,10,10
386,422,10,10
1026,934,10,10
393,372,10,10
161,679,10,10
323,557,10,10
679,161,10,10
250,101,10,10
462,393,10,10
12,599,10,10
781,1038,10,10
277,615,10,10
12,638,10,10
679,372,10,10
1104,260,10,10
546,372,10,10
1069,98,10,10
393,462,10,10
1069,98,10,10
546,1005,10,10
513,990,10,10
161,679,10,10
12,282,10,10
513,586,10,10
323,341,10,10
462,393,10,10
770,841,10,10
449,498,10,10
679,161,10,10
323,557,10,10
277,1023,10,10
615,1116,10,10
277,615,10,10
393,462,10,10
161,679,10,10
770,1072,10,10
990,513,10,10
462,393,10,10
350,311,10,10
638,309,10,10
679,161,10,10
638,309,10,10
393,462,10,10
323,557,10,10
871,783,10,10
641,475,10,10
161,679,10,10
277,1023,10,10
871,495,10,10
277,615,10,10
615,1116,10,10
1069,1023,10,10
323,68,10,10
282,1071,10,10
462,393,10,10
418,543,10,10
1005,546,10,10
277,615,10,10
323,557,10,10
495,884,10,10
495,400,10,10
1023,1072,10,10
323,557,10,10
277,1023,10,10
249,288,10,10
990,513,10,10
1101,513,10,10
934,1026,10,10
638,41,10,10
249,288,10,10
323,418,10,10
884,495,10,10
323,557,10,10
323,557,10,10
1042,784,10,10
1042,784,10,10
1042,802,10,10
1042,802,10,10
1042,802,10,10
652,73,10,10
323,341,10,10
12,343,10,10
605,73,10,10
277,1023,10,10
323,557,10,10
859,372,10,10
12,991,10,10
605,1023,10,10
316,102,10,10
194,644,10,10
859,590,10,10
323,557,10,10
198,101,10,10
19,525,10,10
323,557,10,10
638,640,10,10
1042,1056,10,10
1054,687,10,10
1042,1056,10,10
19,525,10,10
102,316,10,10
525,73,10,10
859,676,10,10
679,161,10,10
1023,605,10,10
277,1023,10,10
605,1023,10,10
277,615,10,10
1042,712,10,10
316,250,10,10
316,102,10,10
323,341,10,10
102,316,10,10
260,1104,10,10
194,590,10,10
1023,605,10,10
277,1023,10,10
194,1097,10,10
586,513,10,10
1097,194,10,10
277,615,10,10
605,1023,10,10
260,1107,10,10
277,1054,10,10
316,102,10,10
323,557,10,10
128,934,10,10
1023,605,10,10
316,777,10,10
504,542,10,10
640,1072,10,10
277,1023,10,10
1042,389,10,10
323,341,10,10
603,814,10,10
323,557,10,10
687,1054,10,10
174,335,10,10
1042,318,10,10
181,495,10,10
687,573,10,10
277,1023,10,10
323,557,10,10
323,341,10,10
504,341,10,10
12,991,10,10
181,194,10,10
640,1103,10,10
277,615,10,10
1042,997,10,10
1042,997,10,10
29,1072,10,10
277,1023,10,10
573,687,10,10
392,400,10,10
277,1023,10,10
513,990,10,10
590,194,10,10
590,835,10,10
73,652,10,10
277,615,10,10
73,605,10,10
1056,1032,10,10
652,73,10,10
1042,574,10,10
1056,308,10,10
277,1023,10,10
1071,598,10,10
560,194,10,10
542,598,10,10
542,504,10,10
1042,449,10,10
814,603,10,10
697,250,10,10
19,583,10,10
697,1034,10,10
835,590,10,10
277,1023,10,10
277,615,10,10
19,583,10,10
19,583,10,10
603,814,10,10
640,1072,10,10
277,615,10,10
277,1023,10,10
277,615,10,10
1113,598,10,10
277,615,10,10
277,1023,10,10
277,1023,10,10
277,615,10,10
53,250,10,10
792,903,10,10
498,495,10,10
697,1023,10,10
495,1049,10,10
1023,1117,10,10
1101,513,10,10
944,598,10,10
1023,697,10,10
1023,1117,10,10
1101,194,10,10
697,1023,10,10
422,386,10,10
944,194,10,10
697,549,10,10
1023,697,10,10
103,652,10,10
1023,697,10,10
542,549,10,10
542,549,10,10
1049,495,10,10
549,697,10,10
495,884,10,10
1117,1023,10,10
549,542,10,10
787,720,10,10
542,495,10,10
523,440,10,10
475,640,10,10
697,1023,10,10
495,181,10,10
495,498,10,10
1023,697,10,10
495,1049,10,10
687,640,10,10
1049,502,10,10
502,1049,10,10
1049,495,10,10
1023,1117,10,10
368,549,10,10
1049,502,10,10
495,542,10,10
502,1049,10,10
549,368,10,10
1049,502,10,10
884,495,10,10
502,1049,10,10
1023,1117,10,10
498,495,10,10
697,1023,10,10
502,468,10,10
762,402,10,10
377,415,10,10
542,495,10,10
42,474,10,10
549,830,10,10
1041,41,10,10
42,1031,10,10
41,1043,10,10
41,599,10,10
41,1041,10,10
1101,513,10,10
640,687,10,10
475,841,10,10
640,475,10,10
1060,590,10,10
42,483,10,10
1060,567,10,10
377,1060,10,10
42,1091,10,10
1060,422,10,10
1060,199,10,10
377,306,10,10
542,598,10,10
368,549,10,10
377,371,10,10
542,598,10,10
176,871,10,10
851,1014,10,10
377,48,10,10
1034,697,10,10
681,1072,10,10
687,640,10,10
697,1034,10,10
851,162,10,10
998,475,10,10
1034,697,10,10
549,368,10,10
252,1026,10,10
1101,475,10,10
1034,1118,10,10
640,687,10,10
1118,1034,10,10
542,1069,10,10
1034,1118,10,10
1034,697,10,10
1101,475,10,10
1118,1034,10,10
1034,1118,10,10
697,1034,10,10
377,343,10,10
1118,1034,10,10
422,1060,10,10
1034,1118,10,10
1118,1034,10,10
841,792,10,10
841,475,10,10
1034,1118,10,10
475,841,10,10
1118,1034,10,10
475,841,10,10
841,475,10,10
1034,1118,10,10
475,841,10,10
1118,1034,10,10
1034,1118,10,10
1118,1034,10,10
1034,1118,10,10
1118,1034,10,10
1034,1118,10,10
1118,1034,10,10
640,1062,10,10
1118,640,10,10
640,1118,10,10
1034,1118,10,10
1118,1034,10,10
1118,640,10,10
640,1118,10,10
1034,1118,10,10
640,1118,10,10
1118,640,10,10
1118,1034,10,10
640,1118,10,10
1118,640,10,10
1034,1118,10,10
640,1118,10,10
72,1039,10,10
1118,640,10,10
1004,783,10,10
783,1004,10,10
599,41,10,10
679,903,10,10
841,903,10,10
841,103,10,10
214,1117,10,10
617,681,10,10
483,42,10,10
638,41,10,10
938,87,10,10
342,638,10,10
199,1060,10,10
430,32,10,10
821,475,10,10
67,1034,10,10
430,63,10,10
128,573,10,10
367,88,10,10
509,306,10,10
509,454,10,10
509,583,10,10
600,309,10,10
626,738,10,10
509,1117,10,10
600,632,10,10
600,927,10,10
704,822,10,10
509,975,10,10
509,1111,10,10
509,1103,10,10
296,172,10,10
536,372,10,10
536,884,10,10
342,638,10,10
1113,536,10,10
41,599,10,10
1107,260,10,10
32,638,10,10
543,418,10,10
32,546,10,10
67,607,10,10
67,901,10,10
67,928,10,10
1113,536,10,10
32,1042,10,10
1069,542,10,10
1069,559,10,10
1069,559,10,10
1113,536,10,10
3,371,10,10
3,498,10,10
3,590,10,10
1042,337,10,10
1042,32,10,10
1042,32,10,10
1119,1026,10,10
1042,32,10,10
1042,32,10,10
1042,32,10,10
738,626,10,10
1042,32,10,10
105,1068,10,10
63,847,10,10
712,1042,10,10
1042,32,10,10
1042,712,10,10
402,762,10,10
405,950,10,10
405,250,10,10
405,777,10,10
1069,308,10,10
598,542,10,10
439,212,10,10
1042,712,10,10
388,638,10,10
652,283,10,10
1120,545,10,10
483,583,10,10
1120,545,10,10
1026,252,10,10
495,1049,10,10
425,765,10,10
626,738,10,10
495,884,10,10
495,498,10,10
1054,277,10,10
445,614,10,10
495,542,10,10
777,405,10,10
984,753,10,10
765,425,10,10
787,720,10,10
605,73,10,10
720,787,10,10
990,513,10,10
317,679,10,10
3,498,10,10
9,32,10,10
69,1034,10,10
233,193,10,10
551,1019,10,10
498,495,10,10
317,1111,10,10
583,283,10,10
1069,308,10,10
143,201,10,10
143,762,10,10
1045,72,10,10
1045,72,10,10
1119,1026,10,10
337,1042,10,10
342,544,10,10
834,142,10,10
834,1024,10,10
342,598,10,10
296,199,10,10
296,445,10,10
1103,640,10,10
296,295,10,10
950,405,10,10
297,263,10,10
277,1054,10,10
296,544,10,10
296,544,10,10
296,516,10,10
36,1033,10,10
36,189,10,10
1021,1104,10,10
9,282,10,10
1117,1023,10,10
9,282,10,10
9,32,10,10
224,175,10,10
250,405,10,10
9,282,10,10
9,282,10,10
67,928,10,10
644,97,10,10
97,644,10,10
97,644,10,10
1069,317,10,10
9,32,10,10
9,282,10,10
9,32,10,10
9,32,10,10
9,32,10,10
1023,1117,10,10
615,277,10,10
9,282,10,10
1023,277,10,10
644,97,10,10
1023,277,10,10
1023,277,10,10
9,282,10,10
142,1121,10,10
142,1121,10,10
142,1121,10,10
1121,142,10,10
1121,142,10,10
142,1121,10,10
545,1047,10,10
9,282,10,10
9,142,10,10
9,282,10,10
306,1117,10,10
32,683,10,10
306,1122,10,10
683,32,10,10
32,683,10,10
9,282,10,10
683,32,10,10
357,988,10,10
32,683,10,10
683,32,10,10
252,97,10,10
9,282,10,10
683,32,10,10
445,296,10,10
32,683,10,10
32,683,10,10
683,32,10,10
683,32,10,10
9,282,10,10
32,683,10,10
546,32,10,10
32,546,10,10
9,683,10,10
9,683,10,10
9,282,10,10
296,445,10,10
683,32,10,10
546,32,10,10
9,683,10,10
9,282,10,10
32,683,10,10
32,546,10,10
252,1026,10,10
683,32,10,10
32,317,10,10
32,683,10,10
32,317,10,10
87,502,10,10
683,32,10,10
32,683,10,10
87,654,10,10
149,679,10,10
1117,306,10,10
1117,1023,10,10
683,32,10,10
654,87,10,10
325,532,10,10
1118,560,10,10
560,1118,10,10
32,644,10,10
1118,560,10,10
32,598,10,10
1123,1036,10,10
560,63,10,10
560,1118,10,10
1118,560,10,10
373,638,10,10
598,523,10,10
317,333,10,10
1113,309,10,10
560,598,10,10
980,598,10,10
679,149,10,10
305,475,10,10
1113,309,10,10
980,638,10,10
1113,536,10,10
1113,309,10,10
781,755,10,10
323,1124,10,10
323,1036,10,10
598,980,10,10
598,560,10,10
323,68,10,10
598,32,10,10
1113,609,10,10
598,342,10,10
309,1125,10,10
1113,309,10,10
598,878,10,10
598,1071,10,10
598,250,10,10
598,1070,10,10
704,822,10,10
598,325,10,10
101,198,10,10
26,679,10,10
72,1045,10,10
1113,309,10,10
1124,72,10,10
325,598,10,10
1113,536,10,10
19,527,10,10
1004,194,10,10
595,308,10,10
560,598,10,10
72,1124,10,10
679,26,10,10
204,1070,10,10
9,788,10,10
9,1121,10,10
204,777,10,10
204,250,10,10
1039,72,10,10
1026,252,10,10
377,1117,10,10
325,1049,10,10
72,1039,10,10
1113,536,10,10
377,814,10,10
193,658,10,10
1039,72,10,10
377,755,10,10
523,598,10,10
377,755,10,10
704,822,10,10
252,1026,10,10
1113,536,10,10
325,1072,10,10
323,1124,10,10
1126,289,10,10
1113,536,10,10
73,652,10,10
1126,289,10,10
1113,536,10,10
73,605,10,10
853,1034,10,10
72,1039,10,10
474,42,10,10
474,834,10,10
1034,853,10,10
1113,536,10,10
1042,337,10,10
1113,536,10,10
337,1042,10,10
986,781,10,10
1042,337,10,10
986,175,10,10
249,288,10,10
938,67,10,10
1039,72,10,10
249,288,10,10
72,1039,10,10
9,252,10,10
32,281,10,10
316,726,10,10
281,32,10,10
32,281,10,10
281,32,10,10
1039,72,10,10
281,32,10,10
32,281,10,10
32,281,10,10
281,32,10,10
281,32,10,10
1113,309,10,10
481,679,10,10
679,481,10,10
32,281,10,10
481,679,10,10
32,281,10,10
72,1039,10,10
679,481,10,10
302,557,10,10
481,586,10,10
481,679,10,10
586,481,10,10
679,481,10,10
525,155,10,10
103,556,10,10
67,449,10,10
36,103,10,10
36,189,10,10
1049,325,10,10
36,1033,10,10
598,523,10,10
36,1127,10,10
250,598,10,10
36,189,10,10
67,1103,10,10
250,1118,10,10
36,103,10,10
866,203,10,10
128,250,10,10
1118,250,10,10
250,1118,10,10
1118,250,10,10
155,525,10,10
103,983,10,10
36,189,10,10
103,841,10,10
598,250,10,10
128,250,10,10
26,679,10,10
859,641,10,10
980,598,10,10
439,212,10,10
1023,1117,10,10
250,1118,10,10
954,953,10,10
986,19,10,10
63,560,10,10
954,652,10,10
36,189,10,10
1128,1034,10,10
598,980,10,10
598,560,10,10
598,325,10,10
1034,1118,10,10
598,542,10,10
36,189,10,10
687,367,10,10
302,769,10,10
250,1068,10,10
250,954,10,10
367,687,10,10
103,1118,10,10
1118,250,10,10
1118,1034,10,10
1118,103,10,10
103,1118,10,10
250,1118,10,10
598,367,10,10
367,598,10,10
1072,325,10,10
834,1118,10,10
97,644,10,10
97,252,10,10
713,342,10,10
1118,103,10,10
713,41,10,10
1118,834,10,10
609,1056,10,10
36,189,10,10
609,836,10,10
1068,250,10,10
609,151,10,10
609,1026,10,10
1118,308,10,10
483,679,10,10
483,42,10,10
42,1129,10,10
834,1118,10,10
36,189,10,10
44,19,10,10
42,679,10,10
483,679,10,10
483,42,10,10
679,42,10,10
189,144,10,10
42,679,10,10
679,42,10,10
103,1118,10,10
483,679,10,10
483,42,10,10
762,402,10,10
567,544,10,10
44,189,10,10
42,640,10,10
640,42,10,10
483,679,10,10
42,483,10,10
42,640,10,10
483,42,10,10
640,42,10,10
12,569,10,10
483,679,10,10
44,189,10,10
477,526,10,10
252,97,10,10
865,63,10,10
323,68,10,10
323,367,10,10
758,762,10,10
483,679,10,10
758,681,10,10
681,758,10,10
323,367,10,10
681,758,10,10
323,88,10,10
325,1049,10,10
325,598,10,10
758,681,10,10
495,498,10,10
483,679,10,10
323,88,10,10
681,758,10,10
12,569,10,10
323,367,10,10
323,865,10,10
323,367,10,10
758,681,10,10
681,758,10,10
758,681,10,10
250,1068,10,10
323,88,10,10
969,990,10,10
68,495,10,10
323,68,10,10
437,1033,10,10
483,679,10,10
969,549,10,10
323,68,10,10
114,250,10,10
415,1121,10,10
323,367,10,10
323,68,10,10
652,73,10,10
652,954,10,10
34,1130,10,10
323,88,10,10
323,68,10,10
1052,626,10,10
323,367,10,10
114,250,10,10
325,1072,10,10
34,282,10,10
841,103,10,10
990,969,10,10
323,367,10,10
483,679,10,10
323,68,10,10
323,367,10,10
793,1131,10,10
498,495,10,10
679,483,10,10
323,68,10,10
598,325,10,10
483,679,10,10
704,822,10,10
793,341,10,10
793,1131,10,10
793,950,10,10
325,598,10,10
323,367,10,10
254,598,10,10
793,1093,10,10
323,68,10,10
323,367,10,10
323,557,10,10
63,865,10,10
323,68,10,10
1072,325,10,10
323,367,10,10
762,758,10,10
1072,878,10,10
323,557,10,10
323,367,10,10
34,288,10,10
724,523,10,10
323,68,10,10
483,34,10,10
325,1072,10,10
175,224,10,10
1072,325,10,10
377,288,10,10
865,63,10,10
323,367,10,10
1132,325,10,10
323,557,10,10
1068,250,10,10
323,68,10,10
67,32,10,10
323,367,10,10
323,865,10,10
377,32,10,10
250,1068,10,10
325,1072,10,10
1087,1131,10,10
1128,1034,10,10
317,605,10,10
1132,1093,10,10
103,841,10,10
1132,1093,10,10
1132,325,10,10
323,865,10,10
323,68,10,10
323,250,10,10
323,557,10,10
317,605,10,10
323,250,10,10
605,317,10,10
317,605,10,10
704,1131,10,10
34,189,10,10
323,250,10,10
323,557,10,10
281,32,10,10
841,103,10,10
189,34,10,10
63,865,10,10
323,68,10,10
323,250,10,10
323,557,10,10
440,1103,10,10
288,34,10,10
1043,97,10,10
323,250,10,10
1039,72,10,10
323,557,10,10
308,1118,10,10
323,68,10,10
19,1133,10,10
1033,437,10,10
19,1131,10,10
823,498,10,10
19,1130,10,10
50,1131,10,10
440,523,10,10
72,1039,10,10
483,34,10,10
483,679,10,10
308,1118,10,10
596,605,10,10
114,250,10,10
598,573,10,10
1039,72,10,10
600,309,10,10
323,250,10,10
865,63,10,10
212,289,10,10
704,1131,10,10
308,595,10,10
323,68,10,10
323,557,10,10
34,189,10,10
114,250,10,10
19,1131,10,10
573,598,10,10
1127,144,10,10
1131,50,10,10
1068,250,10,10
600,980,10,10
317,992,10,10
114,250,10,10
50,1131,10,10
440,1131,10,10
317,477,10,10
991,1094,10,10
250,1068,10,10
992,317,10,10
1131,440,10,10
72,1039,10,10
323,557,10,10
323,68,10,10
995,42,10,10
114,250,10,10
440,1131,10,10
1131,440,10,10
323,68,10,10
323,557,10,10
1127,449,10,10
323,68,10,10
250,1068,10,10
323,557,10,10
449,1127,10,10
114,250,10,10
1039,72,10,10
32,281,10,10
323,557,10,10
72,1039,10,10
114,250,10,10
323,68,10,10
184,1026,10,10
440,1131,10,10
281,32,10,10
32,281,10,10
323,557,10,10
595,308,10,10
323,68,10,10
281,32,10,10
32,281,10,10
1034,32,10,10
32,1034,10,10
1132,32,10,10
103,841,10,10
605,32,10,10
32,605,10,10
32,605,10,10
1132,32,10,10
605,32,10,10
114,103,10,10
605,32,10,10
634,8,10,10
32,605,10,10
334,429,10,10
323,557,10,10
323,68,10,10
254,378,10,10
32,605,10,10
1132,32,10,10
605,32,10,10
605,32,10,10
1049,325,10,10
114,250,10,10
483,679,10,10
19,1132,10,10
792,308,10,10
483,34,10,10
532,212,10,10
1129,42,10,10
687,598,10,10
19,1132,10,10
454,509,10,10
212,532,10,10
308,792,10,10
1068,250,10,10
212,532,10,10
323,557,10,10
250,1068,10,10
598,687,10,10
542,495,10,10
212,590,10,10
532,212,10,10
991,1094,10,10
704,605,10,10
323,557,10,10
557,926,10,10
212,439,10,10
790,735,10,10
212,532,10,10
425,765,10,10
323,557,10,10
105,1039,10,10
212,1054,10,10
105,263,10,10
105,337,10,10
1127,449,10,10
105,626,10,10
323,557,10,10
105,632,10,10
323,1036,10,10
105,454,10,10
105,1039,10,10
105,563,10,10
105,250,10,10
105,814,10,10
704,32,10,10
105,724,10,10
105,679,10,10
323,557,10,10
105,212,10,10
105,1132,10,10
323,105,10,10
105,1134,10,10
687,598,10,10
105,367,10,10
704,605,10,10
542,1069,10,10
498,1135,10,10
323,557,10,10
513,990,10,10
1100,498,10,10
704,605,10,10
50,586,10,10
617,704,10,10
644,97,10,10
687,1097,10,10
617,644,10,10
513,1101,10,10
617,103,10,10
1136,50,10,10
545,308,10,10
50,1136,10,10
323,557,10,10
1136,50,10,10
513,514,10,10
513,388,10,10
317,992,10,10
665,353,10,10
103,617,10,10
323,557,10,10
323,105,10,10
181,495,10,10
105,388,10,10
323,105,10,10
834,8,10,10
590,212,10,10
590,1019,10,10
308,545,10,10
1136,181,10,10
958,959,10,10
590,681,10,10
323,557,10,10
388,795,10,10
605,440,10,10
514,513,10,10
514,590,10,10
958,704,10,10
590,514,10,10
605,181,10,10
323,557,10,10
514,590,10,10
514,388,10,10
590,514,10,10
323,557,10,10
627,590,10,10
704,958,10,10
514,590,10,10
627,388,10,10
704,605,10,10
306,388,10,10
605,704,10,10
1131,440,10,10
388,306,10,10
388,627,10,10
983,985,10,10
704,605,10,10
388,514,10,10
605,704,10,10
704,605,10,10
605,704,10,10
1039,132,10,10
514,1102,10,10
958,704,10,10
627,388,10,10
704,605,10,10
1052,708,10,10
1002,273,10,10
595,172,10,10
777,454,10,10
1111,317,10,10
704,958,10,10
1039,801,10,10
323,557,10,10
323,68,10,10
73,652,10,10
605,704,10,10
323,68,10,10
323,285,10,10
308,163,10,10
323,285,10,10
939,1092,10,10
726,97,10,10
323,285,10,10
939,380,10,10
704,605,10,10
939,59,10,10
1056,687,10,10
388,627,10,10
704,605,10,10
605,704,10,10
323,285,10,10
793,950,10,10
323,68,10,10
735,790,10,10
954,250,10,10
600,779,10,10
939,831,10,10
1002,101,10,10
939,1040,10,10
323,285,10,10
954,652,10,10
704,605,10,10
939,1050,10,10
323,557,10,10
168,834,10,10
605,704,10,10
939,855,10,10
939,813,10,10
939,813,10,10
323,73,10,10
308,373,10,10
704,605,10,10
939,466,10,10
958,704,10,10
317,1111,10,10
323,68,10,10
596,590,10,10
483,34,10,10
939,977,10,10
1068,250,10,10
546,1137,10,10
939,765,10,10
605,704,10,10
704,958,10,10
939,1021,10,10
704,605,10,10
323,557,10,10
712,1042,10,10
939,707,10,10
753,590,10,10
939,815,10,10
939,1138,10,10
605,704,10,10
939,1103,10,10
753,652,10,10
939,537,10,10
704,605,10,10
697,719,10,10
986,8,10,10
986,254,10,10
753,984,10,10
627,388,10,10
1118,308,10,10
132,1039,10,10
323,68,10,10
172,595,10,10
430,32,10,10
32,1132,10,10
212,627,10,10
53,1139,10,10
32,704,10,10
753,1100,10,10
704,32,10,10
719,697,10,10
605,32,10,10
212,105,10,10
32,704,10,10
605,32,10,10
627,212,10,10
431,605,10,10
1118,834,10,10
323,557,10,10
617,103,10,10
297,598,10,10
834,168,10,10
323,68,10,10
1111,317,10,10
605,32,10,10
834,1118,10,10
1042,712,10,10
431,605,10,10
212,627,10,10
605,32,10,10
323,68,10,10
704,32,10,10
697,719,10,10
297,999,10,10
431,617,10,10
777,605,10,10
32,704,10,10
958,704,10,10
323,557,10,10
719,697,10,10
250,954,10,10
605,32,10,10
308,1118,10,10
704,32,10,10
250,1068,10,10
250,958,10,10
1118,308,10,10
1068,250,10,10
1118,834,10,10
308,1118,10,10
801,1039,10,10
1118,308,10,10
48,683,10,10
834,1118,10,10
250,1068,10,10
770,1118,10,10
704,958,10,10
405,777,10,10
1068,250,10,10
405,950,10,10
605,337,10,10
405,250,10,10
809,482,10,10
308,1042,10,10
1042,308,10,10
1042,308,10,10
250,405,10,10
1042,712,10,10
1118,770,10,10
697,719,10,10
1118,770,10,10
44,770,10,10
1069,542,10,10
586,1136,10,10
32,704,10,10
617,103,10,10
958,704,10,10
867,721,10,10
1110,658,10,10
281,263,10,10
281,332,10,10
281,254,10,10
596,724,10,10
281,308,10,10
281,337,10,10
831,939,10,10
712,1042,10,10
1140,281,10,10
378,254,10,10
19,1132,10,10
704,958,10,10
617,834,10,10
679,317,10,10
719,697,10,10
714,460,10,10
915,701,10,10
308,1042,10,10
308,281,10,10
63,814,10,10
765,425,10,10
714,928,10,10
758,762,10,10
19,1130,10,10
697,719,10,10
281,308,10,10
544,567,10,10
309,1139,10,10
357,1118,10,10
357,1118,10,10
474,309,10,10
368,1021,10,10
357,659,10,10
67,1132,10,10
878,1072,10,10
357,1118,10,10
67,1137,10,10
357,1118,10,10
644,617,10,10
357,1118,10,10
644,481,10,10
617,644,10,10
219,719,10,10
357,1118,10,10
758,712,10,10
644,617,10,10
644,617,10,10
281,308,10,10
357,1118,10,10
617,644,10,10
357,1118,10,10
617,644,10,10
724,596,10,10
439,212,10,10
814,63,10,10
617,74,10,10
1052,175,10,10
323,557,10,10
377,343,10,10
634,8,10,10
323,73,10,10
377,32,10,10
1113,783,10,10
128,250,10,10
297,999,10,10
161,679,10,10
679,161,10,10
1052,1118,10,10
161,679,10,10
220,224,10,10
220,834,10,10
679,161,10,10
105,212,10,10
679,792,10,10
212,439,10,10
1050,939,10,10
161,679,10,10
617,103,10,10
105,644,10,10
1052,1118,10,10
105,482,10,10
492,1105,10,10
105,716,10,10
63,814,10,10
377,1122,10,10
1072,325,10,10
105,132,10,10
1052,1118,10,10
498,495,10,10
105,101,10,10
105,993,10,10
105,1050,10,10
105,603,10,10
198,101,10,10
679,161,10,10
617,834,10,10
1052,1118,10,10
314,542,10,10
105,339,10,10
105,90,10,10
105,155,10,10
758,1023,10,10
105,990,10,10
323,1036,10,10
105,783,10,10
787,679,10,10
314,372,10,10
105,1100,10,10
105,1141,10,10
9,314,10,10
105,1131,10,10
679,787,10,10
161,679,10,10
1042,308,10,10
145,1042,10,10
483,34,10,10
675,462,10,10
105,1117,10,10
617,103,10,10
105,1142,10,10
318,1042,10,10
105,1130,10,10
679,161,10,10
12,343,10,10
771,398,10,10
105,1102,10,10
105,1105,10,10
1052,1118,10,10
1042,712,10,10
755,781,10,10
105,1125,10,10
105,1099,10,10
105,1103,10,10
975,509,10,10
617,103,10,10
105,1111,10,10
118,193,10,10
105,1100,10,10
325,1072,10,10
398,771,10,10
771,398,10,10
325,1069,10,10
105,1143,10,10
145,609,10,10
105,1144,10,10
422,308,10,10
105,1134,10,10
105,1145,10,10
939,831,10,10
105,1146,10,10
161,679,10,10
1069,325,10,10
398,771,10,10
105,1129,10,10
398,771,10,10
105,1124,10,10
105,1122,10,10
617,103,10,10
12,343,10,10
105,1139,10,10
105,1123,10,10
118,194,10,10
975,144,10,10
939,1050,10,10
105,1147,10,10
105,1148,10,10
105,1149,10,10
105,1116,10,10
105,1150,10,10
105,1151,10,10
105,1148,10,10
1040,939,10,10
105,1104,10,10
105,1107,10,10
475,1103,10,10
105,1108,10,10
105,1152,10,10
792,679,10,10
323,1036,10,10
118,193,10,10
12,343,10,10
105,644,10,10
514,439,10,10
105,209,10,10
105,308,10,10
105,992,10,10
105,32,10,10
118,101,10,10
990,513,10,10
105,640,10,10
12,1153,10,10
105,598,10,10
1103,939,10,10
105,683,10,10
1103,440,10,10
1154,881,10,10
12,814,10,10
679,792,10,10
679,161,10,10
638,373,10,10
105,523,10,10
638,388,10,10
638,32,10,10
687,1056,10,10
12,343,10,10
1118,1052,10,10
105,41,10,10
454,777,10,10
389,1042,10,10
325,1069,10,10
389,509,10,10
12,389,10,10
1069,325,10,10
814,63,10,10
590,596,10,10
254,378,10,10
792,679,10,10
143,163,10,10
377,755,10,10
143,201,10,10
12,343,10,10
779,638,10,10
377,343,10,10
12,814,10,10
638,779,10,10
388,638,10,10
12,389,10,10
679,792,10,10
254,1103,10,10
72,1139,10,10
596,590,10,10
377,343,10,10
63,814,10,10
63,814,10,10
105,72,10,10
105,701,10,10
377,343,10,10
549,969,10,10
560,598,10,10
36,1033,10,10
36,1127,10,10
697,487,10,10
12,343,10,10
792,679,10,10
12,343,10,10
487,697,10,10
308,422,10,10
539,1103,10,10
1155,338,10,10
53,416,10,10
814,63,10,10
1069,325,10,10
12,343,10,10
679,792,10,10
204,498,10,10
105,638,10,10
12,389,10,10
36,105,10,10
814,63,10,10
105,475,10,10
12,814,10,10
105,96,10,10
12,308,10,10
12,343,10,10
1050,939,10,10
377,272,10,10
12,389,10,10
36,105,10,10
63,814,10,10
675,462,10,10
12,343,10,10
53,343,10,10
12,308,10,10
36,525,10,10
12,297,10,10
63,814,10,10
475,105,10,10
463,687,10,10
36,105,10,10
463,1004,10,10
12,308,10,10
884,536,10,10
422,308,10,10
1041,75,10,10
884,495,10,10
53,343,10,10
1041,41,10,10
876,687,10,10
12,343,10,10
105,475,10,10
308,422,10,10
463,469,10,10
53,343,10,10
12,308,10,10
1069,325,10,10
469,463,10,10
463,252,10,10
105,175,10,10
105,8,10,10
1069,325,10,10
105,63,10,10
463,469,10,10
105,144,10,10
876,1091,10,10
469,463,10,10
105,624,10,10
105,1033,10,10
105,1156,10,10
12,343,10,10
105,1157,10,10
12,308,10,10
12,389,10,10
105,393,10,10
105,675,10,10
372,314,10,10
105,1034,10,10
105,1153,10,10
463,469,10,10
105,1036,10,10
1072,325,10,10
105,596,10,10
105,884,10,10
105,674,10,10
814,63,10,10
105,404,10,10
469,463,10,10
394,1111,10,10
105,540,10,10
105,487,10,10
422,308,10,10
389,242,10,10
12,343,10,10
704,1141,10,10
389,830,10,10
1023,758,10,10
12,308,10,10
63,814,10,10
12,389,10,10
377,272,10,10
1158,498,10,10
498,1158,10,10
469,463,10,10
80,463,10,10
469,806,10,10
1158,325,10,10
12,308,10,10
1041,80,10,10
80,1041,10,10
1158,498,10,10
1070,598,10,10
12,389,10,10
103,1072,10,10
714,284,10,10
814,63,10,10
12,343,10,10
325,1069,10,10
103,841,10,10
1041,80,10,10
325,1072,10,10
63,814,10,10
12,308,10,10
1041,546,10,10
1072,103,10,10
80,1041,10,10
814,63,10,10
263,281,10,10
378,254,10,10
1041,80,10,10
19,527,10,10
63,814,10,10
437,1033,10,10
513,990,10,10
1093,1132,10,10
234,183,10,10
378,396,10,10
950,405,10,10
19,525,10,10
513,318,10,10
525,19,10,10
1113,437,10,10
711,591,10,10
440,1097,10,10
1159,563,10,10
460,714,10,10
969,990,10,10
341,1132,10,10
546,1041,10,10
1110,308,10,10
1041,546,10,10
1031,42,10,10
475,468,10,10
681,617,10,10
84,1103,10,10
1113,794,10,10
53,1101,10,10
42,1139,10,10
1113,794,10,10
687,463,10,10
42,640,10,10
42,1031,10,10
42,483,10,10
1113,794,10,10
546,1041,10,10
1113,294,10,10
1113,396,10,10
1113,297,10,10
495,68,10,10
495,498,10,10
1113,1160,10,10
495,542,10,10
1113,495,10,10
495,181,10,10
495,498,10,10
1113,389,10,10
540,495,10,10
1097,440,10,10
495,884,10,10
252,463,10,10
495,540,10,10
540,495,10,10
1097,687,10,10
495,540,10,10
191,1131,10,10
1097,191,10,10
1113,495,10,10
969,549,10,10
191,1097,10,10
1097,191,10,10
995,42,10,10
1113,607,10,10
423,277,10,10
191,495,10,10
498,495,10,10
1071,598,10,10
495,498,10,10
995,105,10,10
1113,1161,10,10
1089,882,10,10
1113,928,10,10
822,704,10,10
1113,783,10,10
1113,739,10,10
1113,437,10,10
1113,495,10,10
191,396,10,10
1113,928,10,10
928,714,10,10
481,644,10,10
481,332,10,10
1113,928,10,10
1113,437,10,10
1113,42,10,10
673,724,10,10
1033,105,10,10
549,969,10,10
42,790,10,10
673,725,10,10
378,498,10,10
1113,437,10,10
1113,673,10,10
1113,928,10,10
1113,437,10,10
1113,673,10,10
1113,437,10,10
687,1097,10,10
1113,673,10,10
1097,687,10,10
1113,928,10,10
687,1097,10,10
815,939,10,10
540,667,10,10
540,667,10,10
674,1100,10,10
939,1103,10,10
495,1113,10,10
495,191,10,10
495,498,10,10
546,495,10,10
1033,437,10,10
1113,495,10,10
1004,908,10,10
1113,774,10,10
1004,277,10,10
1004,783,10,10
1004,1032,10,10
1004,687,10,10
1004,1032,10,10
687,1004,10,10
687,753,10,10
1058,1142,10,10
536,884,10,10
1121,415,10,10
777,405,10,10
777,454,10,10
342,638,10,10
154,357,10,10
342,319,10,10
402,762,10,10
712,758,10,10
712,1042,11,11
250,128,11,11
415,1121,11,11
697,487,11,11
598,1071,11,11
598,1070,11,11
32,638,11,11
67,1103,11,11
1127,654,11,11
679,453,11,11
67,343,11,11
749,173,11,11
1127,1137,11,11
1127,123,11,11
1127,971,11,11
1026,252,11,11
1127,405,11,11
1127,265,11,11
654,1127,11,11
209,598,11,11
337,605,11,11
1120,306,11,11
398,260,11,11
739,781,11,11
41,1041,11,11
1126,289,11,11
1070,598,11,11
454,777,11,11
317,679,11,11
67,1039,11,11
143,201,11,11
781,739,11,11
53,739,11,11
713,950,11,11
713,545,11,11
53,250,11,11
32,698,11,11
781,50,11,11
342,319,11,11
224,175,11,11
667,540,11,11
288,1162,11,11
224,862,11,11
1162,288,11,11
224,839,11,11
105,1033,11,11
440,1097,11,11
595,172,11,11
1162,27,11,11
1132,341,11,11
288,1162,11,11
527,19,11,11
1162,288,11,11
1162,27,11,11
990,969,11,11
36,525,11,11
36,1127,11,11
36,1033,11,11
483,193,11,11
483,42,11,11
626,586,11,11
586,626,11,11
626,590,11,11
50,781,11,11
586,626,11,11
586,626,11,11
814,603,11,11
950,1131,11,11
840,1031,11,11
498,495,11,11
840,176,11,11
498,378,11,11
431,840,11,11
68,495,11,11
181,495,11,11
605,181,11,11
431,605,11,11
431,605,11,11
590,1144,11,11
431,605,11,11
431,605,11,11
431,605,11,11
431,605,11,11
853,1034,11,11
431,605,11,11
498,495,11,11
463,469,11,11
758,712,11,11
463,469,11,11
758,1023,11,11
463,80,11,11
463,687,11,11
463,252,11,11
176,840,11,11
27,1162,11,11
598,1070,11,11
50,755,11,11
342,1039,11,11
396,378,11,11
9,177,11,11
509,1103,11,11
509,454,11,11
509,454,11,11
509,389,11,11
725,673,11,11
342,1039,11,11
783,1004,11,11
118,1070,11,11
67,938,11,11
67,1039,11,11
288,1162,11,11
342,1039,11,11
252,463,11,11
1031,840,11,11
1031,42,11,11
1031,840,11,11
477,317,11,11
509,1039,11,11
41,1163,11,11
323,73,11,11
540,667,11,11
323,1164,11,11
687,463,11,11
1163,41,11,11
679,317,11,11
41,1163,11,11
42,1031,11,11
41,1041,11,11
1163,41,11,11
67,1039,11,11
12,415,11,11
252,97,11,11
425,765,11,11
557,926,11,11
67,1039,11,11
67,1039,11,11
687,605,11,11
131,314,11,11
389,509,11,11
67,1039,11,11
1004,687,11,11
1103,939,11,11
617,728,11,11
830,389,11,11
617,681,11,11
617,966,11,11
252,1103,11,11
1103,252,11,11
252,1103,11,11
338,343,11,11
3,317,11,11
926,557,11,11
343,338,11,11
342,1039,11,11
105,654,11,11
105,314,11,11
105,332,11,11
834,1130,11,11
654,105,11,11
254,378,11,11
603,814,11,11
105,654,11,11
1047,545,11,11
1104,1021,11,11
105,343,11,11
105,1051,11,11
252,105,11,11
105,938,11,11
105,938,11,11
938,67,11,11
431,605,11,11
431,605,11,11
431,605,11,11
431,727,11,11
431,605,11,11
431,727,11,11
204,777,11,11
204,250,11,11
431,605,11,11
191,1049,11,11
1097,687,11,11
1097,440,11,11
840,176,11,11
840,309,11,11
621,924,11,11
687,1097,11,11
1049,191,11,11
1097,191,11,11
483,193,11,11
317,477,11,11
317,679,11,11
840,352,11,11
840,317,11,11
679,317,11,11
317,840,11,11
840,317,11,11
840,317,11,11
317,679,11,11
679,317,11,11
667,540,11,11
191,1097,11,11
317,679,11,11
1054,277,11,11
1054,212,11,11
1045,654,11,11
542,495,11,11
333,317,11,11
1165,841,11,11
317,333,11,11
555,1117,11,11
333,317,11,11
1120,408,11,11
408,590,11,11
853,881,11,11
514,840,11,11
9,598,11,11
536,532,11,11
605,734,11,11
67,1039,11,11
734,605,11,11
514,853,11,11
67,343,11,11
1070,598,11,11
658,193,11,11
605,734,11,11
734,605,11,11
67,1039,11,11
658,1110,11,11
840,514,11,11
605,734,11,11
830,840,11,11
555,1117,11,11
734,605,11,11
542,1070,11,11
67,1039,11,11
605,734,11,11
734,605,11,11
1039,67,11,11
605,734,11,11
734,1023,11,11
734,605,11,11
615,277,11,11
9,598,11,11
333,317,11,11
1032,840,11,11
306,408,11,11
1166,1034,11,11
277,615,11,11
734,605,11,11
605,734,11,11
840,1032,11,11
72,679,11,11
317,333,11,11
1032,840,11,11
615,277,11,11
840,1032,11,11
1032,840,11,11
1034,1166,11,11
840,1032,11,11
1032,840,11,11
532,536,11,11
840,1032,11,11
884,536,11,11
1032,840,11,11
1107,1012,11,11
536,884,11,11
536,532,11,11
254,1039,11,11
884,536,11,11
1060,199,11,11
840,1032,11,11
1032,840,11,11
254,654,11,11
884,495,11,11
536,884,11,11
309,840,11,11
189,712,11,11
333,317,11,11
884,536,11,11
317,333,11,11
333,317,11,11
536,884,11,11
884,536,11,11
333,317,11,11
342,1039,11,11
536,884,11,11
1039,254,11,11
609,971,11,11
884,536,11,11
817,346,11,11
536,884,11,11
884,536,11,11
254,1039,11,11
63,814,11,11
536,884,11,11
884,536,11,11
536,884,11,11
884,536,11,11
415,1121,11,11
415,997,11,11
36,189,11,11
405,250,11,11
536,884,11,11
405,950,11,11
495,546,11,11
405,777,11,11
1069,317,11,11
495,498,11,11
823,498,11,11
884,536,11,11
536,884,11,11
415,840,11,11
495,68,11,11
9,282,11,11
495,181,11,11
495,498,11,11
679,72,11,11
884,536,11,11
495,542,11,11
536,884,11,11
1034,311,11,11
498,495,11,11
495,884,11,11
495,498,11,11
495,815,11,11
586,495,11,11
498,495,11,11
654,254,11,11
498,831,11,11
654,1045,11,11
679,720,11,11
652,954,11,11
683,679,11,11
498,495,11,11
498,495,11,11
884,536,11,11
536,884,11,11
1032,783,11,11
814,603,11,11
679,683,11,11
884,495,11,11
884,536,11,11
840,415,11,11
652,753,11,11
302,155,11,11
654,302,11,11
323,1036,11,11
302,654,11,11
831,498,11,11
783,1032,11,11
536,884,11,11
389,830,11,11
884,536,11,11
536,884,11,11
884,536,11,11
536,884,11,11
884,536,11,11
725,840,11,11
536,884,11,11
884,840,11,11
884,536,11,11
337,352,11,11
498,831,11,11
1043,840,11,11
779,475,11,11
536,884,11,11
155,302,11,11
1021,939,11,11
302,155,11,11
1021,1104,11,11
323,966,11,11
884,536,11,11
42,353,11,11
105,758,11,11
155,302,11,11
536,884,11,11
884,536,11,11
302,155,11,11
1070,542,11,11
536,884,11,11
908,1004,11,11
12,415,11,11
884,536,11,11
704,1131,11,11
12,926,11,11
536,884,11,11
884,536,11,11
704,958,11,11
155,302,11,11
823,498,11,11
536,884,11,11
302,155,11,11
884,536,11,11
685,128,11,11
372,569,11,11
1097,191,11,11
536,884,11,11
992,545,11,11
448,831,11,11
546,495,11,11
448,454,11,11
712,189,11,11
884,536,11,11
454,448,11,11
542,1070,11,11
1113,495,11,11
555,1167,11,11
105,498,11,11
542,495,11,11
498,105,11,11
105,739,11,11
105,498,11,11
679,954,11,11
954,250,11,11
323,779,11,11
954,652,11,11
954,679,11,11
189,712,11,11
498,105,11,11
569,372,11,11
954,679,11,11
840,1043,11,11
105,498,11,11
105,704,11,11
498,105,11,11
598,1070,11,11
598,209,11,11
598,560,11,11
105,498,11,11
249,72,11,11
346,817,11,11
1168,520,11,11
9,598,11,11
72,249,11,11
308,333,11,11
72,1039,11,11
617,966,11,11
439,514,11,11
817,346,11,11
323,367,11,11
617,681,11,11
437,1033,11,11
103,1072,11,11
617,704,11,11
103,954,11,11
830,389,11,11
617,73,11,11
1113,437,11,11
333,308,11,11
547,1169,11,11
1169,547,11,11
1087,341,11,11
1136,739,11,11
1136,19,11,11
1136,586,11,11
323,367,11,11
1136,306,11,11
308,281,11,11
654,302,11,11
318,513,11,11
831,498,11,11
831,448,11,11
323,367,11,11
617,704,11,11
323,367,11,11
323,367,11,11
346,817,11,11
1097,1170,11,11
323,367,11,11
1004,908,11,11
323,367,11,11
367,323,11,11
1136,586,11,11
323,1036,11,11
536,532,11,11
1136,48,11,11
323,367,11,11
277,815,11,11
323,753,11,11
296,199,11,11
367,323,11,11
448,454,11,11
423,536,11,11
448,831,11,11
9,598,11,11
560,598,11,11
296,1083,11,11
378,498,11,11
323,367,11,11
367,323,11,11
323,367,11,11
378,254,11,11
617,704,11,11
367,323,11,11
323,367,11,11
367,323,11,11
323,367,11,11
367,323,11,11
97,726,11,11
323,367,11,11
176,840,11,11
367,323,11,11
323,367,11,11
367,323,11,11
323,367,11,11
73,617,11,11
598,560,11,11
199,296,11,11
704,617,11,11
143,201,11,11
367,323,11,11
199,1060,11,11
199,296,11,11
323,367,11,11
367,323,11,11
1132,725,11,11
323,367,11,11
101,198,11,11
204,777,11,11
1132,950,11,11
1083,296,11,11
367,323,11,11
481,586,11,11
323,367,11,11
367,323,11,11
1136,1132,11,11
586,481,11,11
481,586,11,11
997,415,11,11
440,1097,11,11
586,481,11,11
323,367,11,11
514,439,11,11
950,1132,11,11
323,1006,11,11
372,569,11,11
367,323,11,11
199,569,11,11
372,454,11,11
199,971,11,11
323,367,11,11
41,1163,11,11
367,323,11,11
323,367,11,11
367,323,11,11
323,367,11,11
372,753,11,11
1042,389,11,11
415,840,11,11
1136,29,11,11
1042,712,11,11
712,1042,11,11
199,840,11,11
372,1163,11,11
498,831,11,11
372,482,11,11
1042,712,11,11
498,378,11,11
323,367,11,11
712,1042,11,11
1042,318,11,11
617,73,11,11
586,616,11,11
263,449,11,11
1042,712,11,11
430,32,11,11
734,605,11,11
430,63,11,11
734,617,11,11
367,323,11,11
220,224,11,11
1070,598,11,11
617,734,11,11
323,753,11,11
734,617,11,11
323,367,11,11
430,857,11,11
617,734,11,11
1072,103,11,11
430,32,11,11
1004,1103,11,11
1004,1072,11,11
734,617,11,11
679,1083,11,11
430,598,11,11
617,734,11,11
734,617,11,11
199,598,11,11
367,323,11,11
431,617,11,11
367,323,11,11
617,734,11,11
697,870,11,11
734,617,11,11
337,272,11,11
734,617,11,11
337,263,11,11
617,734,11,11
870,697,11,11
342,1039,11,11
272,337,11,11
272,337,11,11
704,617,11,11
199,509,11,11
323,367,11,11
939,1021,11,11
697,870,11,11
175,224,11,11
367,323,11,11
9,1132,11,11
9,1132,11,11
302,654,11,11
1004,60,11,11
9,1132,11,11
1018,41,11,11
323,367,11,11
777,405,11,11
41,1018,11,11
199,1139,11,11
1018,41,11,11
520,1168,11,11
755,50,11,11
617,1171,11,11
41,1018,11,11
1004,302,11,11
1018,41,11,11
244,142,11,11
1018,697,11,11
302,1004,11,11
8,32,11,11
41,1018,11,11
1004,302,11,11
697,1018,11,11
1113,437,11,11
342,1039,11,11
654,302,11,11
1172,1173,11,11
302,654,11,11
654,302,11,11
302,654,11,11
523,308,11,11
881,853,11,11
1018,1173,11,11
302,1174,11,11
654,302,11,11
302,654,11,11
654,302,11,11
477,317,11,11
1137,1127,11,11
67,683,11,11
697,469,11,11
498,105,11,11
477,526,11,11
469,697,11,11
1113,101,11,11
654,498,11,11
498,654,11,11
498,654,11,11
423,1039,11,11
1128,1034,11,11
654,498,11,11
569,372,11,11
654,498,11,11
498,654,11,11
654,498,11,11
498,378,11,11
1043,454,11,11
950,840,11,11
777,908,11,11
454,1043,11,11
1174,302,11,11
1043,454,11,11
1136,950,11,11
1018,697,11,11
712,1042,11,11
638,105,11,11
1043,454,11,11
840,176,11,11
840,199,11,11
840,950,11,11
638,1175,11,11
1110,658,11,11
193,302,11,11
9,617,11,11
376,212,11,11
856,122,11,11
302,193,11,11
536,423,11,11
856,1176,11,11
638,726,11,11
536,884,11,11
454,1043,11,11
263,337,11,11
638,590,11,11
308,523,11,11
856,7,11,11
884,536,11,11
725,1132,11,11
638,462,11,11
1113,840,11,11
638,726,11,11
1043,454,11,11
212,376,11,11
193,658,11,11
212,6,11,11
1113,840,11,11
454,1043,11,11
176,840,11,11
212,6,11,11
1136,50,11,11
396,191,11,11
1113,840,11,11
1043,454,11,11
1113,815,11,11
378,498,11,11
396,400,11,11
1034,711,11,11
378,396,11,11
720,679,11,11
726,992,11,11
536,884,11,11
483,193,11,11
396,378,11,11
638,726,11,11
638,462,11,11
638,881,11,11
884,536,11,11
9,142,11,11
652,954,11,11
483,193,11,11
498,378,11,11
840,142,11,11
121,495,11,11
532,536,11,11
378,396,11,11
679,720,11,11
378,396,11,11
881,498,11,11
638,462,11,11
378,498,11,11
536,532,11,11
498,881,11,11
726,308,11,11
498,378,11,11
32,8,11,11
536,884,11,11
308,726,11,11
638,462,11,11
308,422,11,11
415,997,11,11
532,536,11,11
103,617,11,11
68,495,11,11
536,532,11,11
378,498,11,11
342,1039,11,11
323,557,11,11
638,726,11,11
323,1036,11,11
1132,950,11,11
281,308,11,11
396,378,11,11
323,632,11,11
396,378,11,11
297,1001,11,11
532,536,11,11
753,652,11,11
753,687,11,11
396,378,11,11
323,753,11,11
638,1124,11,11
681,617,11,11
1001,297,11,11
1132,725,11,11
638,753,11,11
884,536,11,11
103,840,11,11
297,1001,11,11
378,396,11,11
753,638,11,11
681,758,11,11
498,378,11,11
561,1175,11,11
536,884,11,11
536,532,11,11
638,753,11,11
342,638,11,11
1087,341,11,11
323,339,11,11
378,396,11,11
396,378,11,11
323,557,11,11
1023,734,11,11
254,654,11,11
720,679,11,11
297,1001,11,11
254,378,11,11
1087,595,11,11
323,557,11,11
681,513,11,11
840,103,11,11
1045,654,11,11
30,161,11,11
323,557,11,11
30,679,11,11
249,297,11,11
1113,638,11,11
297,1001,11,11
323,557,11,11
483,193,11,11
378,254,11,11
840,254,11,11
1087,595,11,11
739,105,11,11
68,638,11,11
378,396,11,11
378,396,11,11
1113,396,11,11
739,781,11,11
323,557,11,11
378,498,11,11
561,1177,11,11
726,638,11,11
396,378,11,11
323,557,11,11
297,640,11,11
1113,396,11,11
483,193,11,11
323,557,11,11
378,396,11,11
396,378,11,11
332,840,11,11
884,536,11,11
1093,341,11,11
34,313,11,11
536,884,11,11
308,281,11,11
193,483,11,11
396,378,11,11
249,598,11,11
323,753,11,11
332,281,11,11
281,308,11,11
281,332,11,11
523,308,11,11
308,281,11,11
103,840,11,11
142,840,11,11
483,193,11,11
884,536,11,11
378,396,11,11
332,281,11,11
498,378,11,11
332,281,11,11
378,396,11,11
142,9,11,11
281,308,11,11
378,498,11,11
142,840,11,11
1093,1131,11,11
281,332,11,11
454,1043,11,11
249,318,11,11
378,193,11,11
332,281,11,11
308,523,11,11
308,281,11,11
308,333,11,11
396,378,11,11
1043,454,11,11
193,378,11,11
323,557,11,11
1178,586,11,11
281,308,11,11
396,378,11,11
683,67,11,11
281,332,11,11
308,281,11,11
536,884,11,11
396,586,11,11
396,378,11,11
332,281,11,11
840,332,11,11
840,142,11,11
281,308,11,11
605,277,11,11
586,396,11,11
277,605,11,11
308,281,11,11
281,332,11,11
281,308,11,11
870,840,11,11
870,840,11,11
281,332,11,11
199,840,11,11
1136,1132,11,11
378,586,11,11
1136,739,11,11
142,840,11,11
1136,306,11,11
396,586,11,11
308,281,11,11
378,396,11,11
454,1043,11,11
378,396,11,11
281,308,11,11
586,378,11,11
332,281,11,11
396,378,11,11
586,396,11,11
378,193,11,11
308,281,11,11
254,840,11,11
211,525,11,11
586,396,11,11
378,396,11,11
211,103,11,11
1039,254,11,11
475,870,11,11
254,378,11,11
396,586,11,11
396,586,11,11
840,142,11,11
9,1132,11,11
396,378,11,11
254,1039,11,11
586,396,11,11
281,332,11,11
142,840,11,11
598,249,11,11
870,475,11,11
378,396,11,11
378,586,11,11
598,1070,11,11
378,396,11,11
378,254,11,11
586,378,11,11
687,409,11,11
498,753,11,11
679,720,11,11
378,586,11,11
687,639,11,11
679,30,11,11
766,181,11,11
19,211,11,11
103,211,11,11
986,254,11,11
766,372,11,11
9,598,11,11
199,595,11,11
6,201,11,11
843,62,11,11
323,142,11,11
753,1044,11,11
753,1044,11,11
704,6,11,11
254,378,11,11
6,794,11,11
986,254,11,11
1039,254,11,11
323,341,11,11
586,378,11,11
1043,454,11,11
596,1179,11,11
454,1043,11,11
6,1180,11,11
1180,6,11,11
523,308,11,11
884,536,11,11
605,277,11,11
1043,454,11,11
378,254,11,11
6,1180,11,11
142,1121,11,11
378,586,11,11
1033,437,11,11
986,254,11,11
1180,6,11,11
332,281,11,11
454,1043,11,11
277,605,11,11
536,884,11,11
6,90,11,11
254,1039,11,11
254,378,11,11
704,6,11,11
986,254,11,11
378,254,11,11
1180,1031,11,11
189,712,11,11
555,802,11,11
605,277,11,11
586,378,11,11
704,1181,11,11
90,6,11,11
277,605,11,11
546,454,11,11
1043,454,11,11
1069,878,11,11
704,1181,11,11
454,546,11,11
1039,254,11,11
454,1043,11,11
605,277,11,11
712,189,11,11
704,6,11,11
277,605,11,11
422,308,11,11
323,642,11,11
704,1181,11,11
254,1039,11,11
679,50,11,11
1043,454,11,11
254,378,11,11
605,277,11,11
986,254,11,11
884,536,11,11
249,1181,11,11
704,1181,11,11
277,605,11,11
536,884,11,11
1039,254,11,11
307,341,11,11
704,1181,11,11
753,498,11,11
254,1039,11,11
454,1043,11,11
341,307,11,11
307,341,11,11
341,323,11,11
884,536,11,11
341,307,11,11
254,277,11,11
1103,1004,11,11
307,341,11,11
341,307,11,11
1043,454,11,11
679,30,11,11
50,679,11,11
277,254,11,11
307,341,11,11
254,277,11,11
494,454,11,11
189,712,11,11
341,307,11,11
323,341,11,11
762,1137,11,11
986,254,11,11
189,712,11,11
277,254,11,11
307,341,11,11
454,1043,11,11
679,50,11,11
341,323,11,11
712,189,11,11
341,307,11,11
712,189,11,11
189,712,11,11
1136,341,11,11
986,254,11,11
189,712,11,11
1043,454,11,11
448,314,11,11
249,1181,11,11
307,341,11,11
189,712,11,11
323,339,11,11
1136,341,11,11
341,307,11,11
323,341,11,11
254,277,11,11
1136,341,11,11
12,598,11,11
307,341,11,11
712,189,11,11
254,986,11,11
753,712,11,11
454,1043,11,11
712,189,11,11
986,19,11,11
19,1069,11,11
161,679,11,11
712,753,11,11
341,323,11,11
254,1039,11,11
986,254,11,11
12,598,11,11
679,161,11,11
189,712,11,11
277,254,11,11
341,307,11,11
189,712,11,11
1043,454,11,11
1178,679,11,11
1136,341,11,11
323,341,11,11
323,341,11,11
1178,586,11,11
189,712,11,11
161,30,11,11
1178,679,11,11
483,34,11,11
30,679,11,11
161,679,11,11
307,341,11,11
341,323,11,11
341,307,11,11
323,341,11,11
30,161,11,11
254,277,11,11
1136,1019,11,11
1019,1136,11,11
1136,1019,11,11
307,341,11,11
341,323,11,11
323,341,11,11
277,254,11,11
341,307,11,11
161,30,11,11
341,323,11,11
254,277,11,11
149,823,11,11
307,341,11,11
679,30,11,11
679,161,11,11
323,341,11,11
277,254,11,11
161,679,11,11
341,307,11,11
307,341,11,11
254,277,11,11
181,495,11,11
605,181,11,11
254,277,11,11
341,307,11,11
181,766,11,11
679,161,11,11
277,254,11,11
307,341,11,11
277,254,11,11
249,1181,11,11
632,323,11,11
193,149,11,11
161,679,11,11
834,8,11,11
254,277,11,11
254,277,11,11
1039,254,11,11
1124,638,11,11
277,254,11,11
605,181,11,11
1043,454,11,11
590,654,11,11
704,277,11,11
254,1039,11,11
454,1043,11,11
679,161,11,11
8,834,11,11
53,834,11,11
161,679,11,11
834,8,11,11
679,161,11,11
8,834,11,11
834,8,11,11
53,834,11,11
1043,454,11,11
357,840,11,11
1043,454,11,11
704,277,11,11
53,834,11,11
560,598,11,11
53,181,11,11
161,679,11,11
53,834,11,11
555,440,11,11
679,161,11,11
605,272,11,11
8,834,11,11
60,1004,11,11
53,834,11,11
454,1043,11,11
357,1182,11,11
834,8,11,11
212,372,11,11
161,679,11,11
605,272,11,11
679,161,11,11
357,992,11,11
161,679,11,11
600,560,11,11
605,272,11,11
357,343,11,11
1180,475,11,11
679,161,11,11
189,712,11,11
357,1118,11,11
605,272,11,11
586,481,11,11
1043,454,11,11
454,1043,11,11
652,199,11,11
161,679,11,11
143,201,11,11
1180,1183,11,11
277,80,11,11
41,1182,11,11
590,440,11,11
357,1041,11,11
357,1041,11,11
609,784,11,11
609,784,11,11
609,784,11,11
439,514,11,11
779,323,11,11
440,590,11,11
799,400,11,11
834,8,11,11
1173,1172,11,11
1041,41,11,11
1173,1018,11,11
1180,852,11,11
609,1182,11,11
357,1041,11,11
8,834,11,11
1182,609,11,11
852,1180,11,11
1180,852,11,11
161,679,11,11
852,1180,11,11
1180,852,11,11
357,1181,11,11
834,8,11,11
36,770,11,11
834,8,11,11
852,1180,11,11
590,440,11,11
357,1181,11,11
609,39,11,11
50,679,11,11
357,1111,11,11
1180,852,11,11
1043,454,11,11
815,364,11,11
357,306,11,11
600,1180,11,11
357,1181,11,11
36,770,11,11
834,8,11,11
357,1181,11,11
191,396,11,11
815,277,11,11
815,495,11,11
639,687,11,11
357,1184,11,11
1185,590,11,11
600,667,11,11
1185,388,11,11
1042,712,11,11
143,357,11,11
103,841,11,11
143,357,11,11
103,1181,11,11
80,277,11,11
3,72,11,11
1182,309,11,11
309,1186,11,11
498,639,11,11
3,72,11,11
277,80,11,11
1185,590,11,11
3,72,11,11
309,1182,11,11
80,277,11,11
277,80,11,11
1182,309,11,11
639,498,11,11
309,1182,11,11
437,1033,11,11
80,277,11,11
600,667,11,11
277,80,11,11
600,560,11,11
80,277,11,11
3,477,11,11
615,422,11,11
277,80,11,11
1182,309,11,11
793,1187,11,11
615,277,11,11
80,277,11,11
309,1182,11,11
498,639,11,11
309,307,11,11
600,560,11,11
1042,781,11,11
1181,103,11,11
482,372,11,11
277,80,11,11
277,615,11,11
72,679,11,11
80,277,11,11
103,1181,11,11
277,80,11,11
1043,454,11,11
80,277,11,11
615,277,11,11
621,772,11,11
277,80,11,11
80,277,11,11
781,1042,11,11
277,80,11,11
1004,1103,11,11
80,277,11,11
105,498,11,11
73,617,11,11
768,772,11,11
189,712,11,11
41,1041,11,11
277,80,11,11
80,277,11,11
277,80,11,11
422,615,11,11
1033,1188,11,11
277,594,11,11
1173,626,11,11
105,712,11,11
277,41,11,11
105,1189,11,11
768,1189,11,11
1185,721,11,11
41,277,11,11
337,272,11,11
337,272,11,11
306,212,11,11
1189,768,11,11
277,41,11,11
810,1184,11,11
843,1167,11,11
372,569,11,11
768,1189,11,11
317,477,11,11
1189,768,11,11
1189,714,11,11
372,766,11,11
372,482,11,11
1189,878,11,11
714,1189,11,11
768,1189,11,11
1189,372,11,11
546,454,11,11
1189,768,11,11
1189,714,11,11
810,99,11,11
306,305,11,11
681,440,11,11
306,616,11,11
242,1178,11,11
1185,1077,11,11
768,1189,11,11
1189,768,11,11
372,765,11,11
1052,1184,11,11
372,1189,11,11
1189,372,11,11
605,479,11,11
605,479,11,11
768,1189,11,11
308,422,11,11
1189,768,11,11
714,460,11,11
605,479,11,11
605,479,11,11
605,1185,11,11
308,317,11,11
317,308,11,11
1189,277,11,11
103,475,11,11
475,103,11,11
308,317,11,11
103,475,11,11
475,103,11,11
103,475,11,11
53,181,11,11
768,1189,11,11
1189,768,11,11
118,616,11,11
1189,768,11,11
118,296,11,11
118,1070,11,11
252,815,11,11
950,1132,11,11
103,475,11,11
475,103,11,11
372,1050,11,11
103,475,11,11
475,103,11,11
103,475,11,11
475,103,11,11
103,475,11,11
475,103,11,11
878,798,11,11
103,475,11,11
103,475,11,11
475,103,11,11
1189,482,11,11
3,194,11,11
1189,768,11,11
482,1189,11,11
884,1097,11,11
1189,482,11,11
1110,343,11,11
103,475,11,11
1033,1158,11,11
1189,815,11,11
1158,542,11,11
242,454,11,11
1158,1033,11,11
1158,437,11,11
105,308,11,11
1190,1034,11,11
482,1189,11,11
212,306,11,11
437,1158,11,11
118,1070,11,11
1158,638,11,11
1189,482,11,11
1189,482,11,11
1158,297,11,11
176,928,11,11
377,856,11,11
928,176,11,11
377,415,11,11
377,755,11,11
542,1158,11,11
1117,376,11,11
176,928,11,11
555,1173,11,11
378,254,11,11
928,176,11,11
555,843,11,11
350,1168,11,11
176,1161,11,11
176,928,11,11
350,753,11,11
642,547,11,11
928,176,11,11
547,642,11,11
350,343,11,11
422,308,11,11
482,878,11,11
176,928,11,11
642,325,11,11
377,48,11,11
479,325,11,11
535,594,11,11
928,176,11,11
555,843,11,11
176,928,11,11
1189,482,11,11
928,176,11,11
325,479,11,11
479,325,11,11
1189,598,11,11
325,479,11,11
1189,97,11,11
479,325,11,11
325,479,11,11
479,325,11,11
479,1033,11,11
41,379,11,11
687,1056,11,11
542,379,11,11
405,388,11,11
928,176,11,11
1033,479,11,11
1033,1158,11,11
368,545,11,11
479,1033,11,11
1029,939,11,11
1029,586,11,11
176,928,11,11
928,176,11,11
1033,437,11,11
176,928,11,11
1033,1072,11,11
1033,479,11,11
214,1181,11,11
460,714,11,11
398,546,11,11
638,1158,11,11
398,546,11,11
638,1124,11,11
638,68,11,11
546,398,11,11
342,1039,11,11
342,626,11,11
626,1173,11,11
626,342,11,11
342,626,11,11
342,1039,11,11
1039,342,11,11
342,1039,11,11
352,332,11,11
342,1039,11,11
189,626,11,11
199,652,11,11
720,679,11,11
1127,1137,11,11
199,546,11,11
1087,1187,11,11
1087,1187,11,11
462,675,11,11
675,462,11,11
675,462,11,11
465,679,11,11
44,249,11,11
44,189,11,11
372,473,11,11
372,26,11,11
1127,372,11,11
1127,536,11,11
1186,309,11,11
189,635,11,11
536,1127,11,11
1127,536,11,11
536,1127,11,11
679,161,11,11
954,103,11,11
679,50,11,11
679,72,11,11
954,652,11,11
679,720,11,11
679,465,11,11
569,372,11,11
1113,142,11,11
1113,323,11,11
1113,815,11,11
114,124,11,11
652,954,11,11
249,779,11,11
317,308,11,11
114,103,11,11
494,1189,11,11
1050,372,11,11
679,72,11,11
514,439,11,11
72,679,11,11
1142,1058,11,11
679,72,11,11
72,679,11,11
183,234,11,11
617,73,11,11
679,72,11,11
777,315,11,11
755,377,11,11
1137,1127,11,11
72,679,11,11
713,1158,11,11
1189,1191,11,11
72,679,11,11
1189,536,11,11
713,950,11,11
30,161,11,11
536,1189,11,11
640,297,11,11
30,679,11,11
1189,536,11,11
713,462,11,11
679,72,11,11
536,1189,11,11
679,30,11,11
72,679,11,11
713,884,11,11
1189,536,11,11
1189,536,11,11
713,346,11,11
713,250,11,11
1181,1083,11,11
713,681,11,11
1189,1181,11,11
536,1189,11,11
713,1018,11,11
713,214,11,11
1189,536,11,11
30,679,11,11
679,72,11,11
536,1189,11,11
679,30,11,11
30,1,11,11
713,1036,11,11
30,679,11,11
1189,536,11,11
679,30,11,11
679,72,11,11
713,1101,11,11
1181,1189,11,11
30,679,11,11
1185,598,11,11
1189,80,11,11
72,679,11,11
713,249,11,11
1189,1181,11,11
1181,1189,11,11
80,1189,11,11
713,87,11,11
679,30,11,11
713,999,11,11
1189,1181,11,11
72,679,11,11
30,679,11,11
713,714,11,11
713,884,11,11
779,381,11,11
679,72,11,11
713,781,11,11
679,30,11,11
1189,80,11,11
30,679,11,11
713,998,11,11
713,1042,11,11
713,1036,11,11
1181,1189,11,11
1189,569,11,11
1189,1181,11,11
679,30,11,11
72,679,11,11
713,725,11,11
713,609,11,11
713,687,11,11
713,124,11,11
713,370,11,11
80,1189,11,11
713,749,11,11
1,30,11,11
713,1165,11,11
713,199,11,11
713,716,11,11
713,1185,11,11
713,1189,11,11
713,1189,11,11
1185,495,11,11
712,189,11,11
260,949,11,11
990,1142,11,11
260,509,11,11
260,398,11,11
260,103,11,11
542,1059,11,11
36,189,11,11
1185,1130,11,11
1066,277,11,11
547,1169,11,11
1136,48,11,11
1042,781,11,11
1165,713,11,11
277,1066,11,11
308,317,11,11
483,1189,11,11
1066,277,11,11
277,1066,11,11
1066,277,11,11
277,1066,11,11
713,1185,11,11
594,277,11,11
1136,309,11,11
430,32,11,11
569,1189,11,11
1066,277,11,11
594,535,11,11
277,594,11,11
277,1066,11,11
1066,277,11,11
277,1066,11,11
1066,277,11,11
950,713,11,11
859,19,11,11
594,277,11,11
277,1066,11,11
277,594,11,11
594,277,11,11
950,309,11,11
537,939,11,11
1066,277,11,11
1189,80,11,11
1189,713,11,11
307,309,11,11
1189,569,11,11
1094,991,11,11
1014,277,11,11
1189,546,11,11
1189,546,11,11
1189,482,11,11
1018,713,11,11
42,1191,11,11
42,288,11,11
288,42,11,11
686,341,11,11
720,679,11,11
454,1043,11,11
454,546,11,11
272,337,11,11
272,337,11,11
454,242,11,11
483,1189,11,11
1101,713,11,11
734,1023,11,11
425,765,11,11
323,1036,11,11
323,779,11,11
189,712,11,11
72,1039,11,11
53,594,11,11
341,686,11,11
993,277,11,11
36,189,11,11
1127,536,11,11
377,755,11,11
998,713,11,11
615,569,11,11
615,8,11,11
615,249,11,11
615,297,11,11
615,536,11,11
615,1117,11,11
372,1127,11,11
372,569,11,11
372,1050,11,11
1066,495,11,11
3,1192,11,11
277,1014,11,11
1036,323,11,11
569,372,11,11
277,993,11,11
495,586,11,11
495,498,11,11
765,372,11,11
87,713,11,11
1136,398,11,11
495,498,11,11
495,498,11,11
372,569,11,11
1036,454,11,11
495,884,11,11
765,425,11,11
993,277,11,11
332,352,11,11
364,993,11,11
495,546,11,11
277,993,11,11
1036,1039,11,11
513,440,11,11
495,1113,11,11
569,372,11,11
1190,1034,11,11
332,352,11,11
1190,394,11,11
482,1189,11,11
993,364,11,11
993,277,11,11
224,175,11,11
686,341,11,11
378,586,11,11
277,993,11,11
495,542,11,11
725,1132,11,11
483,1189,11,11
495,121,11,11
847,63,11,11
725,713,11,11
495,68,11,11
372,569,11,11
114,1189,11,11
1181,654,11,11
277,993,11,11
495,181,11,11
495,815,11,11
1110,281,11,11
569,372,11,11
495,1185,11,11
495,1066,11,11
114,1189,11,11
1189,598,11,11
483,1189,11,11
372,378,11,11
114,357,11,11
372,402,11,11
483,1189,11,11
498,495,11,11
498,495,11,11
372,569,11,11
402,1173,11,11
1066,495,11,11
1189,626,11,11
569,372,11,11
1189,840,11,11
1189,840,11,11
1066,277,11,11
1066,840,11,11
840,1189,11,11
840,1066,11,11
1066,840,11,11
431,307,11,11
840,1066,11,11
1066,840,11,11
483,1189,11,11
48,840,11,11
249,713,11,11
249,615,11,11
840,48,11,11
712,189,11,11
483,1189,11,11
48,840,11,11
415,538,11,11
1189,595,11,11
353,42,11,11
1167,840,11,11
372,569,11,11
595,199,11,11
323,1036,11,11
90,598,11,11
595,1189,11,11
569,372,11,11
353,1187,11,11
1189,595,11,11
1136,48,11,11
1136,398,11,11
595,1189,11,11
1189,220,11,11
1189,595,11,11
297,1158,11,11
595,1189,11,11
840,1167,11,11
840,48,11,11
1189,595,11,11
297,640,11,11
318,1042,11,11
840,1186,11,11
297,615,11,11
53,62,11,11
212,306,11,11
586,495,11,11
595,1189,11,11
586,378,11,11
1167,840,11,11
1189,595,11,11
143,479,11,11
598,90,11,11
598,1189,11,11
1189,598,11,11
1189,595,11,11
1032,783,11,11
954,652,11,11
288,1193,11,11
483,1189,11,11
48,840,11,11
288,1183,11,11
483,372,11,11
306,212,11,11
1186,840,11,11
9,1183,11,11
1039,72,11,11
741,928,11,11
546,454,11,11
546,495,11,11
546,199,11,11
546,1189,11,11
1186,840,11,11
449,263,11,11
1183,288,11,11
1183,288,11,11
958,704,11,11
306,394,11,11
288,1183,11,11
394,306,11,11
439,514,11,11
781,1042,11,11
297,640,11,11
1183,288,11,11
306,570,11,11
570,306,11,11
781,713,11,11
377,48,11,11
1014,277,11,11
570,400,11,11
306,676,11,11
288,1183,11,11
1042,781,11,11
1018,252,11,11
1034,32,11,11
704,958,11,11
542,495,11,11
1113,323,11,11
1113,495,11,11
454,1036,11,11
454,546,11,11
536,1127,11,11
536,615,11,11
626,1189,11,11
1178,615,11,11
600,779,11,11
600,667,11,11
1190,288,11,11
1190,1034,11,11
1190,288,11,11
1190,1034,11,11
535,594,11,11
1190,50,11,11
1190,1034,11,11
378,586,11,11
378,372,11,11
233,797,11,11
1190,1034,11,11
1190,1034,11,11
1190,288,11,11
1181,1194,11,11
993,277,11,11
288,470,11,11
1190,1034,11,11
9,1183,11,11
509,389,11,11
509,260,11,11
823,149,11,11
72,1039,11,11
1036,454,11,11
431,823,11,11
1117,615,11,11
1126,289,11,11
1190,1034,11,11
73,617,11,11
823,242,11,11
309,307,11,11
19,434,11,11
704,1195,11,11
72,683,11,11
704,1183,11,11
204,1189,11,11
204,615,11,11
309,712,11,11
514,439,11,11
214,713,11,11
32,1034,11,11
1113,323,11,11
1189,546,11,11
283,583,11,11
1189,626,11,11
1113,309,11,11
1113,823,11,11
586,378,11,11
9,32,11,11
1113,1182,11,11
679,720,11,11
487,598,11,11
189,712,11,11
9,1196,11,11
9,1197,11,11
9,1191,11,11
377,1117,11,11
377,1117,11,11
1032,823,11,11
9,1190,11,11
189,712,11,11
586,570,11,11
9,1196,11,11
9,1198,11,11
189,712,11,11
9,1181,11,11
770,277,11,11
9,1196,11,11
966,323,11,11
9,1188,11,11
9,1169,11,11
189,712,11,11
9,1196,11,11
9,928,11,11
966,617,11,11
9,598,11,11
9,72,11,11
162,851,11,11
220,1018,11,11
817,1199,11,11
1196,1189,11,11
9,1196,11,11
712,309,11,11
9,1196,11,11
712,189,11,11
598,487,11,11
9,1196,11,11
783,1186,11,11
9,1196,11,11
617,966,11,11
487,598,11,11
598,487,11,11
9,1196,11,11
9,34,11,11
189,712,11,11
9,598,11,11
9,598,11,11
1186,783,11,11
9,598,11,11
9,282,11,11
938,105,11,11
9,598,11,11
1066,815,11,11
189,712,11,11
9,1196,11,11
9,598,11,11
9,598,11,11
9,598,11,11
583,283,11,11
9,72,11,11
323,966,11,11
1186,1056,11,11
783,1186,11,11
9,1196,11,11
9,598,11,11
9,598,11,11
1196,155,11,11
9,598,11,11
758,741,11,11
9,72,11,11
9,598,11,11
189,712,11,11
9,1196,11,11
9,598,11,11
9,598,11,11
679,720,11,11
72,679,11,11
9,1196,11,11
212,394,11,11
679,72,11,11
9,72,11,11
342,495,11,11
9,598,11,11
323,758,11,11
72,679,11,11
323,758,11,11
679,72,11,11
323,758,11,11
323,758,11,11
68,495,11,11
323,758,11,11
323,758,11,11
683,72,11,11
720,679,11,11
398,758,11,11
720,679,11,11
176,840,11,11
388,405,11,11
758,398,11,11
758,683,11,11
72,679,11,11
716,713,11,11
72,683,11,11
1173,402,11,11
1059,542,11,11
555,1173,11,11
555,306,11,11
144,1127,11,11
422,615,11,11
846,588,11,11
250,713,11,11
144,1200,11,11
402,1201,11,11
617,704,11,11
454,1036,11,11
1110,281,11,11
1110,474,11,11
128,105,11,11
993,277,11,11
595,1189,11,11
402,1201,11,11
143,201,11,11
840,1167,11,11
840,1186,11,11
1110,281,11,11
884,536,11,11
149,823,11,11
615,536,11,11
615,1117,11,11
615,422,11,11
959,958,11,11
297,615,11,11
1186,840,11,11
770,149,11,11
313,34,11,11
1036,454,11,11
378,586,11,11
1188,1033,11,11
407,97,11,11
53,250,11,11
312,1014,11,11
53,1202,11,11
679,720,11,11
342,1039,11,11
679,72,11,11
44,770,11,11
454,1036,11,11
884,536,11,11
389,509,11,11
776,400,11,11
776,704,11,11
9,72,11,11
9,928,11,11
440,513,11,11
462,713,11,11
194,1178,11,11
9,1169,11,11
9,1181,11,11
34,313,11,11
440,758,11,11
1083,1181,11,11
9,607,11,11
1127,144,11,11
9,607,11,11
1127,536,11,11
1029,586,11,11
9,282,11,11
9,607,11,11
525,211,11,11
9,607,11,11
9,607,11,11
9,928,11,11
9,607,11,11
9,928,11,11
9,477,11,11
201,607,11,11
1110,281,11,11
1181,1083,11,11
12,598,11,11
12,598,11,11
1110,281,11,11
1127,1203,11,11
1178,194,11,11
1110,281,11,11
12,598,11,11
749,969,11,11
1178,194,11,11
594,535,11,11
12,599,11,11
12,926,11,11
1178,194,11,11
1158,542,11,11
12,308,11,11
12,926,11,11
712,189,11,11
277,993,11,11
639,498,11,11
639,212,11,11
12,569,11,11
12,569,11,11
12,598,11,11
928,741,11,11
1199,817,11,11
1199,1204,11,11
1199,1006,11,11
1043,454,11,11
1199,1049,11,11
12,569,11,11
1199,1003,11,11
1136,48,11,11
12,926,11,11
1136,398,11,11
12,569,11,11
1136,29,11,11
12,938,11,11
1014,1194,11,11
12,569,11,11
114,770,11,11
12,176,11,11
12,569,11,11
103,954,11,11
396,372,11,11
830,277,11,11
198,101,11,11
12,569,11,11
12,719,11,11
12,719,11,11
277,830,11,11
145,1042,11,11
12,569,11,11
44,770,11,11
535,594,11,11
830,277,11,11
372,396,11,11
145,341,11,11
840,1186,11,11
372,396,11,11
145,830,11,11
12,569,11,11
323,341,11,11
44,770,11,11
683,758,11,11
1205,869,11,11
1137,67,11,11
683,72,11,11
145,830,11,11
277,830,11,11
1113,277,11,11
830,277,11,11
770,44,11,11
277,830,11,11
114,103,11,11
3,194,11,11
172,277,11,11
1,477,11,11
758,683,11,11
758,440,11,11
389,830,11,11
372,396,11,11
372,396,11,11
372,396,11,11
19,389,11,11
372,389,11,11
114,770,11,11
372,396,11,11
372,396,11,11
372,389,11,11
487,598,11,11
1185,1077,11,11
372,396,11,11
1136,719,11,11
283,379,11,11
252,1018,11,11
830,277,11,11
220,1018,11,11
372,396,11,11
830,389,11,11
800,422,11,11
95,712,11,11
800,964,11,11
67,1137,11,11
307,309,11,11
95,63,11,11
307,1183,11,11
95,713,11,11
712,95,11,11
762,713,11,11
1132,725,11,11
762,992,11,11
525,19,11,11
1132,1174,11,11
103,378,11,11
189,712,11,11
815,1066,11,11
712,189,11,11
609,815,11,11
1167,840,11,11
430,857,11,11
797,233,11,11
431,823,11,11
342,797,11,11
1136,719,11,11
800,422,11,11
725,1132,11,11
1087,1183,11,11
1087,307,11,11
6,1174,11,11
719,1136,11,11
67,1137,11,11
1087,341,11,11
1136,719,11,11
67,449,11,11
901,884,11,11
576,575,11,11
576,350,11,11
576,212,11,11
9,1196,11,11
9,928,11,11
9,1181,11,11
576,885,11,11
576,1167,11,11
740,615,11,11
9,1206,11,11
1120,317,11,11
67,901,11,11
1041,41,11,11
741,928,11,11
814,823,11,11
1186,840,11,11
1186,277,11,11
901,67,11,11
41,1041,11,11
41,1040,11,11
966,323,11,11
1186,638,11,11
966,323,11,11
638,1186,11,11
67,901,11,11
1186,638,11,11
1190,393,11,11
638,1186,11,11
733,576,11,11
884,536,11,11
733,596,11,11
277,1186,11,11
638,511,11,11
1187,353,11,11
1186,277,11,11
394,576,11,11
277,1186,11,11
596,733,11,11
342,638,11,11
586,378,11,11
199,713,11,11
586,1029,11,11
290,44,11,11
646,1021,11,11
1189,638,11,11
638,1189,11,11
1113,990,11,11
1072,1189,11,11
1189,1072,11,11
199,595,11,11
290,63,11,11
12,308,11,11
12,8,11,11
1113,1161,11,11
290,408,11,11
12,527,11,11
560,638,11,11
12,1188,11,11
12,1188,11,11
482,761,11,11
357,835,11,11
1181,254,11,11
357,1161,11,11
555,3,11,11
357,527,11,11
770,277,11,11
234,638,11,11
596,605,11,11
725,638,11,11
29,1136,11,11
277,770,11,11
378,586,11,11
378,103,11,11
770,277,11,11
277,770,11,11
67,1206,11,11
67,1184,11,11
615,740,11,11
9,1196,11,11
770,277,11,11
9,1181,11,11
725,719,11,11
454,1043,11,11
9,72,11,11
1040,41,11,11
277,770,11,11
770,277,11,11
706,484,11,11
1066,815,11,11
378,193,11,11
638,725,11,11
638,640,11,11
1043,454,11,11
640,638,11,11
277,770,11,11
638,640,11,11
859,19,11,11
638,560,11,11
342,638,11,11
770,277,11,11
144,1127,11,11
617,103,11,11
638,342,11,11
12,8,11,11
511,638,11,11
323,966,11,11
617,103,11,11
105,938,11,11
638,511,11,11
638,511,11,11
105,128,11,11
234,596,11,11
144,290,11,11
12,8,11,11
277,770,11,11
193,378,11,11
1037,233,11,11
706,638,11,11
193,378,11,11
658,193,11,11
1183,704,11,11
325,1169,11,11
12,8,11,11
297,1158,11,11
9,1183,11,11
770,277,11,11
297,615,11,11
1183,307,11,11
19,1207,11,11
625,662,11,11
297,733,11,11
625,662,11,11
625,662,11,11
625,662,11,11
297,640,11,11
625,662,11,11
625,662,11,11
853,881,11,11
706,638,11,11
625,534,11,11
277,770,11,11
1169,325,11,11
118,1070,11,11
704,1183,11,11
290,144,11,11
323,341,11,11
741,1208,11,11
12,8,11,11
704,1209,11,11
1033,1188,11,11
12,8,11,11
582,1210,11,11
1033,1211,11,11
770,277,11,11
582,328,11,11
193,658,11,11
582,861,11,11
144,290,11,11
582,1212,11,11
41,1040,11,11
1033,1209,11,11
741,697,11,11
12,8,11,11
706,277,11,11
277,770,11,11
1209,704,11,11
853,514,11,11
704,1209,11,11
605,596,11,11
770,277,11,11
277,770,11,11
269,1045,11,11
1066,475,11,11
297,1158,11,11
1196,704,11,11
63,95,11,11
12,8,11,11
704,605,11,11
1209,704,11,11
63,290,11,11
605,704,11,11
704,1209,11,11
1209,704,11,11
704,1209,11,11
1174,1132,11,11
704,605,11,11
770,277,11,11
161,679,11,11
475,1066,11,11
781,1018,11,11
605,596,11,11
605,704,11,11
1209,704,11,11
704,605,11,11
161,30,11,11
1209,1033,11,11
128,338,11,11
704,1209,11,11
90,598,11,11
605,704,11,11
679,161,11,11
919,51,11,11
704,605,11,11
919,704,11,11
1066,475,11,11
704,919,11,11
1209,704,11,11
1213,306,11,11
704,1209,11,11
398,758,11,11
1209,704,11,11
704,1209,11,11
128,338,11,11
586,378,11,11
605,704,11,11
898,1198,11,11
161,679,11,11
843,62,11,11
1209,704,11,11
1213,389,11,11
792,356,11,11
704,1209,11,11
9,1183,11,11
1213,1186,11,11
843,62,11,11
1209,704,11,11
1213,389,11,11
704,1209,11,11
341,1072,11,11
1209,704,11,11
779,56,11,11
356,792,11,11
128,338,11,11
1213,1032,11,11
704,1209,11,11
372,1209,11,11
1209,704,11,11
454,1043,11,11
704,1209,11,11
269,638,11,11
90,269,11,11
843,62,11,11
372,527,11,11
9,1183,11,11
152,1153,11,11
405,388,11,11
638,269,11,11
378,193,11,11
372,919,11,11
378,586,11,11
234,144,11,11
152,1153,11,11
372,928,11,11
193,378,11,11
792,356,11,11
152,372,11,11
372,919,11,11
234,1018,11,11
1214,372,11,11
269,90,11,11
234,1018,11,11
919,372,11,11
152,372,11,11
679,161,11,11
586,378,11,11
152,1153,11,11
234,50,11,11
919,50,11,11
234,50,11,11
372,919,11,11
919,372,11,11
928,372,11,11
919,41,11,11
90,269,11,11
161,679,11,11
193,1215,11,11
90,697,11,11
1209,704,11,11
1215,193,11,11
372,919,11,11
152,372,11,11
843,62,11,11
193,1215,11,11
372,928,11,11
919,372,11,11
1209,372,11,11
1214,372,11,11
372,919,11,11
843,62,11,11
372,1209,11,11
152,372,11,11
36,189,11,11
779,1181,11,11
598,1216,11,11
919,372,11,11
843,62,11,11
1181,779,11,11
928,372,11,11
378,193,11,11
297,1158,11,11
815,609,11,11
378,586,11,11
779,1181,11,11
638,103,11,11
1181,779,11,11
514,853,11,11
152,372,11,11
152,1153,11,11
103,638,11,11
41,919,11,11
779,1181,11,11
638,103,11,11
41,1215,11,11
843,62,11,11
372,928,11,11
103,638,11,11
638,103,11,11
1185,144,11,11
152,372,11,11
679,161,11,11
704,1209,11,11
1185,898,11,11
152,1153,11,11
346,590,11,11
843,62,11,11
1185,638,11,11
152,372,11,11
152,1153,11,11
843,62,11,11
1093,638,11,11
103,378,11,11
652,954,11,11
128,194,11,11
377,32,11,11
609,815,11,11
48,1136,11,11
596,1153,11,11
1217,482,11,11
919,41,11,11
843,62,11,11
152,372,11,11
90,48,11,11
482,1217,11,11
740,615,11,11
152,1153,11,11
1153,596,11,11
50,234,11,11
50,919,11,11
50,919,11,11
317,308,11,11
793,90,11,11
317,1120,11,11
1181,779,11,11
1218,881,11,11
152,1153,11,11
732,958,11,11
706,277,11,11
779,1181,11,11
1215,41,11,11
1181,779,11,11
605,103,11,11
350,343,11,11
152,1153,11,11
881,1218,11,11
1217,482,11,11
596,1153,11,11
152,1153,11,11
193,378,11,11
1043,454,11,11
586,378,11,11
482,1217,11,11
1093,1206,11,11
605,103,11,11
378,103,11,11
652,598,11,11
1217,482,11,11
378,193,11,11
605,277,11,11
152,1153,11,11
103,378,11,11
482,1217,11,11
605,317,11,11
1153,596,11,11
209,1217,11,11
683,758,11,11
605,103,11,11
598,652,11,11
1217,482,11,11
1018,781,11,11
706,615,11,11
193,378,11,11
706,194,11,11
152,1153,11,11
652,598,11,11
706,615,11,11
605,103,11,11
596,1153,11,11
1185,194,11,11
152,1153,11,11
815,609,11,11
605,615,11,11
714,460,11,11
12,599,11,11
706,1219,11,11
1072,341,11,11
706,615,11,11
1153,596,11,11
152,1153,11,11
605,615,11,11
714,713,11,11
823,1032,11,11
128,338,11,11
605,249,11,11
143,1037,11,11
823,149,11,11
143,442,11,11
823,814,11,11
9,1181,11,11
220,1018,11,11
152,1153,11,11
9,679,11,11
609,815,11,11
1072,878,11,11
627,1185,11,11
1185,1220,11,11
928,372,11,11
9,753,11,11
596,1153,11,11
975,609,11,11
1185,627,11,11
9,72,11,11
152,1153,11,11
1153,596,11,11
209,1072,11,11
9,1183,11,11
609,975,11,11
755,377,11,11
1214,372,11,11
377,755,11,11
48,152,11,11
152,1153,11,11
1189,1217,11,11
1185,823,11,11
596,1153,11,11
19,1221,11,11
779,1181,11,11
1033,1209,11,11
341,1072,11,11
1153,596,11,11
9,753,11,11
152,48,11,11
152,1153,11,11
194,1185,11,11
48,152,11,11
9,753,11,11
9,1183,11,11
194,465,11,11
1217,1189,11,11
1113,823,11,11
9,753,11,11
814,823,11,11
194,1004,11,11
194,271,11,11
1209,1033,11,11
152,48,11,11
9,753,11,11
1043,1072,11,11
1209,704,11,11
9,753,11,11
823,1185,11,11
809,1101,11,11
194,1101,11,11
194,560,11,11
823,814,11,11
152,1153,11,11
1113,815,11,11
9,596,11,11
48,152,11,11
1113,823,11,11
9,753,11,11
220,1018,11,11
823,1211,11,11
194,590,11,11
596,1153,11,11
194,181,11,11
475,1167,11,11
152,48,11,11
194,794,11,11
194,567,11,11
152,1153,11,11
9,1183,11,11
1153,596,11,11
9,753,11,11
194,679,11,11
1185,194,11,11
815,609,11,11
823,1222,11,11
1113,823,11,11
1185,823,11,11
815,1113,11,11
1181,779,11,11
9,753,11,11
823,1113,11,11
1089,975,11,11
814,823,11,11
9,1183,11,11
823,1185,11,11
9,1181,11,11
209,823,11,11
152,1153,11,11
152,1185,11,11
1185,823,11,11
220,1018,11,11
596,1153,11,11
823,814,11,11
50,679,11,11
1113,815,11,11
152,1153,11,11
823,209,11,11
9,753,11,11
1113,823,11,11
9,1183,11,11
823,1185,11,11
9,72,11,11
209,823,11,11
1153,596,11,11
779,1181,11,11
475,1167,11,11
1113,1216,11,11
1185,823,11,11
41,919,11,11
814,823,11,11
823,209,11,11
1101,194,11,11
9,753,11,11
823,1185,11,11
823,814,11,11
1184,719,11,11
609,815,11,11
152,1153,11,11
1113,823,11,11
823,41,11,11
209,823,11,11
1113,815,11,11
1087,1187,11,11
815,609,11,11
1113,1216,11,11
1113,823,11,11
12,599,11,11
1181,779,11,11
609,815,11,11
1113,815,11,11
1184,1052,11,11
1223,72,11,11
220,1018,11,11
152,1153,11,11
823,209,11,11
1113,1216,11,11
12,527,11,11
596,1153,11,11
878,1072,11,11
12,599,11,11
128,338,11,11
72,1223,11,11
128,194,11,11
815,609,11,11
823,1163,11,11
12,711,11,11
814,823,11,11
1080,1207,11,11
128,338,11,11
711,1034,11,11
609,815,11,11
12,711,11,11
823,814,11,11
793,1224,11,11
152,1153,11,11
12,711,11,11
823,1185,11,11
1113,815,11,11
209,823,11,11
12,711,11,11
1223,72,11,11
128,1080,11,11
1153,596,11,11
9,601,11,11
1113,823,11,11
9,72,11,11
12,711,11,11
9,753,11,11
814,823,11,11
9,1183,11,11
823,209,11,11
12,599,11,11
1185,823,11,11
1163,1211,11,11
212,303,11,11
823,814,11,11
823,1185,11,11
1113,823,11,11
963,63,11,11
995,346,11,11
1185,823,11,11
1225,1183,11,11
1183,1225,11,11
12,711,11,11
1183,1225,11,11
823,1185,11,11
12,8,11,11
1226,1185,11,11
1184,9,11,11
1178,878,11,11
1010,463,11,11
1113,823,11,11
1225,1183,11,11
1185,823,11,11
1226,1185,11,11
1185,823,11,11
475,1163,11,11
814,823,11,11
1189,1217,11,11
1226,540,11,11
1032,823,11,11
1189,878,11,11
596,1153,11,11
878,1189,11,11
1189,878,11,11
105,915,11,11
1034,711,11,11
815,609,11,11
80,277,11,11
128,878,11,11
277,80,11,11
128,338,11,11
1183,307,11,11
1185,277,11,11
277,1185,11,11
80,277,11,11
878,128,11,11
609,815,11,11
878,598,11,11
1185,277,11,11
815,609,11,11
277,80,11,11
277,1185,11,11
609,815,11,11
80,277,11,11
48,152,11,11
669,1196,11,11
80,277,11,11
277,80,11,11
80,277,11,11
277,80,11,11
80,277,11,11
41,823,11,11
1185,277,11,11
80,277,11,11
41,1217,11,11
277,1185,11,11
277,80,11,11
80,277,11,11
1185,277,11,11
277,80,11,11
815,609,11,11
277,1185,11,11
80,277,11,11
609,815,11,11
1185,277,11,11
48,1184,11,11
470,288,11,11
815,609,11,11
609,815,11,11
1184,48,11,11
815,609,11,11
815,609,11,11
609,815,11,11
609,815,11,11
48,1184,11,11
815,609,11,11
440,1215,11,11
609,815,11,11
1227,1018,11,11
681,440,11,11
1185,583,11,11
1184,48,11,11
815,609,11,11
609,815,11,11
80,194,11,11
609,815,11,11
48,1184,11,11
1113,990,11,11
555,594,11,11
626,1189,11,11
555,594,11,11
1181,341,11,11
546,454,11,11
1113,990,11,11
555,802,11,11
308,1185,11,11
308,615,11,11
42,353,11,11
42,1018,11,11
306,1228,11,11
42,1229,11,11
42,1183,11,11
840,1186,11,11
72,1039,11,11
1004,194,11,11
1184,48,11,11
372,928,11,11
372,536,11,11
555,1187,11,11
681,513,11,11
308,155,11,11
308,753,11,11
1018,42,11,11
1214,372,11,11
180,242,11,11
242,180,11,11
180,242,11,11
42,488,11,11
306,308,11,11
242,180,11,11
1198,898,11,11
1198,9,11,11
242,823,11,11
242,454,11,11
180,242,11,11
242,180,11,11
180,242,11,11
547,63,11,11
242,180,11,11
540,1226,11,11
41,1198,11,11
1058,1142,11,11
62,598,11,11
1227,72,11,11
72,1227,11,11
1227,72,11,11
72,1227,11,11
1227,72,11,11
72,1227,11,11
1227,72,11,11
1213,306,11,11
1213,362,11,11
72,1227,11,11
1041,41,11,11
687,481,11,11
687,642,11,11
687,479,11,11
687,252,11,11
214,1216,11,11
679,194,11,11
615,308,11,11
594,209,11,11
288,470,11,11
1132,725,11,11
1132,1174,11,11
954,652,11,11
1132,950,11,11
851,162,11,11
1174,1132,11,11
209,594,11,11
527,372,11,11
1190,306,11,11
1190,708,11,11
9,679,11,11
317,605,11,11
1021,646,11,11
536,372,11,11
70,163,11,11
70,1113,11,11
1113,70,11,11
758,683,11,11
343,350,11,11
1039,72,11,11
297,1158,11,11
1174,547,11,11
297,999,11,11
297,1158,11,11
70,1113,11,11
297,615,11,11
297,249,11,11
944,70,11,11
498,639,11,11
1189,626,11,11
498,495,11,11
547,1174,11,11
713,1158,11,11
615,277,11,11
713,740,11,11
465,194,11,11
713,1158,11,11
465,679,11,11
713,681,11,11
1215,440,11,11
297,615,11,11
713,362,11,11
594,209,11,11
342,1039,11,11
1224,62,11,11
1183,1230,11,11
9,679,11,11
9,679,11,11
713,999,11,11
1196,669,11,11
713,1036,11,11
713,1036,11,11
9,109,11,11
297,615,11,11
1174,547,11,11
1136,48,11,11
342,1039,11,11
944,697,11,11
32,1231,11,11
307,1183,11,11
32,1217,11,11
32,1232,11,11
857,430,11,11
32,1211,11,11
32,1196,11,11
249,1209,11,11
32,494,11,11
964,638,11,11
32,1099,11,11
32,638,11,11
297,1158,11,11
249,886,11,11
297,1158,11,11
297,1158,11,11
249,44,11,11
1158,713,11,11
779,277,11,11
697,779,11,11
1158,152,11,11
342,502,11,11
779,697,11,11
697,779,11,11
779,697,11,11
697,915,11,11
1174,502,11,11
697,779,11,11
779,697,11,11
254,1181,11,11
779,697,11,11
697,779,11,11
1233,502,11,11
1136,342,11,11
1136,1158,11,11
297,1158,11,11
67,1216,11,11
308,306,11,11
342,379,11,11
143,1037,11,11
1018,1227,11,11
1059,389,11,11
1196,32,11,11
297,615,11,11
470,288,11,11
36,189,11,11
1064,1216,11,11
297,615,11,11
1064,1216,11,11
1234,615,11,11
220,1018,11,11
220,1018,11,11
1018,220,11,11
834,1196,11,11
220,1018,11,11
866,203,11,11
350,343,11,11
582,779,11,11
333,308,11,11
189,712,11,11
594,1171,11,11
87,27,11,11
189,144,11,11
42,1183,11,11
739,1136,11,11
308,333,11,11
308,272,11,11
350,343,11,11
1183,42,11,11
70,1113,11,11
739,317,11,11
250,475,11,11
739,254,11,11
254,739,11,11
27,87,11,11
204,777,11,11
204,615,11,11
204,1189,11,11
297,615,11,11
598,652,11,11
358,250,11,11
1111,394,11,11
615,297,11,11
638,32,11,11
638,964,11,11
638,1093,11,11
706,194,11,11
706,277,11,11
288,470,11,11
706,484,11,11
706,1219,11,11
388,405,11,11
350,343,11,11
1185,840,11,11
638,1235,11,11
470,288,11,11
161,679,11,11
63,963,11,11
638,1066,11,11
1215,254,11,11
638,1066,11,11
323,341,11,11
323,753,11,11
470,992,11,11
626,1189,11,11
1215,254,11,11
1231,32,11,11
576,394,11,11
626,1193,11,11
323,732,11,11
576,254,11,11
587,1185,11,11
638,1066,11,11
1185,587,11,11
254,576,11,11
576,254,11,11
551,1117,11,11
254,576,11,11
840,1185,11,11
576,254,11,11
810,626,11,11
810,654,11,11
810,626,11,11
254,576,11,11
473,372,11,11
252,1018,11,11
509,389,11,11
114,770,11,11
958,732,11,11
576,254,11,11
323,346,11,11
810,626,11,11
810,654,11,11
323,346,11,11
1215,254,11,11
1018,252,11,11
323,234,11,11
810,654,11,11
254,576,11,11
1185,840,11,11
323,346,11,11
9,308,11,11
810,626,11,11
9,569,11,11
254,1215,11,11
437,1033,11,11
1234,254,11,11
810,654,11,11
323,1235,11,11
323,346,11,11
386,422,11,11
9,569,11,11
557,302,11,11
1215,254,11,11
254,1215,11,11
323,325,11,11
454,242,11,11
1114,575,11,11
1215,254,11,11
1114,1188,11,11
454,546,11,11
1146,861,11,11
323,339,11,11
800,964,11,11
1215,254,11,11
800,422,11,11
1215,254,11,11
810,654,11,11
254,1215,11,11
254,1215,11,11
576,254,11,11
1215,254,11,11
576,733,11,11
1146,1050,11,11
254,576,11,11
576,254,11,11
810,654,11,11
72,1039,11,11
605,73,11,11
810,654,11,11
810,626,11,11
1234,254,11,11
454,372,11,11
144,1185,11,11
1234,704,11,11
681,402,11,11
63,609,11,11
144,189,11,11
1236,368,11,11
30,161,11,11
502,1174,11,11
325,323,11,11
323,325,11,11
402,681,11,11
350,605,11,11
350,343,11,11
810,323,11,11
810,654,11,11
810,323,11,11
810,654,11,11
323,640,11,11
1237,323,11,11
42,840,11,11
640,323,11,11
810,323,11,11
323,640,11,11
640,323,11,11
1237,323,11,11
189,144,11,11
323,640,11,11
652,954,11,11
810,323,11,11
254,1234,11,11
640,323,11,11
42,144,11,11
323,640,11,11
1237,323,11,11
640,323,11,11
350,323,11,11
323,640,11,11
640,323,11,11
323,640,11,11
323,42,11,11
422,386,11,11
323,1047,11,11
323,1047,11,11
1042,1034,11,11
1237,323,11,11
1234,254,11,11
652,598,11,11
350,343,11,11
350,323,11,11
1174,502,11,11
389,509,11,11
389,1059,11,11
341,1181,11,11
42,323,11,11
350,323,11,11
1237,323,11,11
1167,475,11,11
350,343,11,11
810,654,11,11
144,42,11,11
42,32,11,11
323,42,11,11
626,498,11,11
42,144,11,11
144,189,11,11
323,341,11,11
42,323,11,11
1236,640,11,11
323,42,11,11
1237,323,11,11
498,626,11,11
189,144,11,11
1237,323,11,11
42,654,11,11
810,626,11,11
810,654,11,11
1237,323,11,11
254,1234,11,11
42,323,11,11
1236,277,11,11
144,42,11,11
626,498,11,11
644,1216,11,11
810,626,11,11
654,42,11,11
1237,323,11,11
323,42,11,11
1042,34,11,11
1142,1058,11,11
1237,871,11,11
1142,990,11,11
323,950,11,11
1237,323,11,11
42,144,11,11
683,758,11,11
144,644,11,11
810,626,11,11
350,323,11,11
398,144,11,11
1237,323,11,11
1237,323,11,11
341,323,11,11
323,341,11,11
144,42,11,11
810,626,11,11
1237,323,11,11
350,323,11,11
144,398,11,11
1237,323,11,11
144,189,11,11
810,626,11,11
144,398,11,11
626,498,11,11
1237,323,11,11
341,323,11,11
1237,323,11,11
323,341,11,11
1237,323,11,11
341,323,11,11
323,341,11,11
706,1219,11,11
1237,323,11,11
1136,739,11,11
713,342,11,11
1236,726,11,11
1050,1146,11,11
341,323,11,11
1189,626,11,11
626,1189,11,11
323,341,11,11
1237,323,11,11
1113,70,11,11
350,323,11,11
277,1236,11,11
1189,626,11,11
145,341,11,11
726,1236,11,11
626,249,11,11
145,1042,11,11
341,323,11,11
1237,323,11,11
431,605,11,11
350,323,11,11
277,1186,11,11
1236,726,11,11
1189,1238,11,11
408,290,11,11
323,341,11,11
277,687,11,11
1237,323,11,11
626,1189,11,11
323,350,11,11
145,341,11,11
1236,626,11,11
726,1236,11,11
1237,323,11,11
1189,1097,11,11
1236,726,11,11
1186,277,11,11
1189,626,11,11
341,323,11,11
277,1186,11,11
626,1236,11,11
1236,645,11,11
626,1189,11,11
626,1189,11,11
1237,1236,11,11
1097,1189,11,11
1186,277,11,11
1189,626,11,11
323,341,11,11
408,317,11,11
1189,1097,11,11
1237,1236,11,11
840,1185,11,11
840,42,11,11
343,350,11,11
341,323,11,11
840,1185,11,11
726,1236,11,11
725,1132,11,11
323,341,11,11
626,1189,11,11
341,323,11,11
1237,1236,11,11
1196,834,11,11
626,1189,11,11
1189,626,11,11
1236,339,11,11
323,341,11,11
1136,626,11,11
1189,840,11,11
42,144,11,11
878,713,11,11
53,250,11,11
341,323,11,11
53,1018,11,11
204,1239,11,11
323,341,11,11
1237,1236,11,11
42,323,11,11
204,1189,11,11
204,615,11,11
1237,1236,11,11
980,277,11,11
42,72,11,11
626,1189,11,11
339,1236,11,11
1136,376,11,11
350,343,11,11
1236,339,11,11
725,638,11,11
1136,654,11,11
339,1236,11,11
1237,1236,11,11
1189,835,11,11
944,1236,11,11
1136,398,11,11
339,323,11,11
1236,532,11,11
1236,339,11,11
1189,768,11,11
1237,1236,11,11
1236,252,11,11
823,1113,11,11
41,1236,11,11
848,309,11,11
823,1185,11,11
1237,1236,11,11
532,1236,11,11
317,739,11,11
72,42,11,11
1236,719,11,11
1189,1034,11,11
252,1236,11,11
848,841,11,11
1236,41,11,11
823,814,11,11
1136,398,11,11
719,1236,11,11
1236,532,11,11
823,1032,11,11
823,41,11,11
42,72,11,11
252,1236,11,11
1236,252,11,11
823,242,11,11
823,149,11,11
1236,719,11,11
1236,252,11,11
252,1236,11,11
944,1236,11,11
1236,252,11,11
823,149,11,11
252,1236,11,11
615,823,11,11
72,42,11,11
719,1236,11,11
1237,1236,11,11
1236,252,11,11
1136,398,11,11
1236,719,11,11
252,1236,11,11
1236,252,11,11
1237,1236,11,11
719,1236,11,11
1236,252,11,11
1113,823,11,11
252,1236,11,11
532,1236,11,11
252,1236,11,11
431,853,11,11
1217,1189,11,11
431,605,11,11
1236,532,11,11
1236,252,11,11
944,1236,11,11
1236,532,11,11
1237,1236,11,11
725,1217,11,11
944,1236,11,11
1189,1217,11,11
252,1236,11,11
1217,725,11,11
233,797,11,11
1217,1189,11,11
495,498,11,11
760,352,11,11
495,498,11,11
725,1217,11,11
760,325,11,11
1237,1236,11,11
495,546,11,11
495,542,11,11
1217,725,11,11
495,342,11,11
725,1217,11,11
495,68,11,11
495,498,11,11
1189,1217,11,11
652,495,11,11
1217,725,11,11
1217,1189,11,11
725,1217,11,11
1234,254,11,11
1056,1186,11,11
835,1189,11,11
1217,725,11,11
62,1224,11,11
1198,1230,11,11
1189,1217,11,11
325,760,11,11
1217,32,11,11
114,770,11,11
928,372,11,11
1136,586,11,11
1056,1004,11,11
1004,1056,11,11
1056,1032,11,11
1056,1004,11,11
713,1215,11,11
204,1189,11,11
109,282,11,11
1056,1004,11,11
204,615,11,11
590,893,11,11
713,1036,11,11
725,1217,11,11
357,713,11,11
963,63,11,11
713,884,11,11
687,6,11,11
713,1042,11,11
1056,687,11,11
687,1056,11,11
1056,687,11,11
814,823,11,11
687,1056,11,11
1056,687,11,11
1056,176,11,11
1215,713,11,11
224,144,11,11
687,1056,11,11
1185,840,11,11
1056,687,11,11
687,713,11,11
1004,1056,11,11
1240,836,11,11
1056,1186,11,11
687,1185,11,11
794,194,11,11
1056,1004,11,11
209,594,11,11
687,1056,11,11
591,711,11,11
1056,687,11,11
675,462,11,11
1117,551,11,11
1056,1033,11,11
1237,1167,11,11
1185,687,11,11
1004,1056,11,11
1056,1042,11,11
621,768,11,11
1056,1004,11,11
687,1056,11,11
479,687,11,11
1237,1167,11,11
1056,687,11,11
843,1167,11,11
687,1185,11,11
843,1167,11,11
1240,536,11,11
1004,1056,11,11
843,1167,11,11
1056,1004,11,11
993,364,11,11
687,277,11,11
843,1167,11,11
1127,697,11,11
277,687,11,11
687,277,11,11
687,298,11,11
394,576,11,11
364,993,11,11
1186,1056,11,11
617,704,11,11
317,105,11,11
617,103,11,11
617,103,11,11
1224,62,11,11
277,687,11,11
172,840,11,11
281,1110,11,11
1224,260,11,11
1181,254,11,11
1181,341,11,11
144,42,11,11
687,1056,11,11
144,224,11,11
617,704,11,11
617,704,11,11
32,42,11,11
687,1056,11,11
536,1240,11,11
32,1217,11,11
1224,277,11,11
317,479,11,11
1213,479,11,11
87,27,11,11
224,144,11,11
144,645,11,11
9,109,11,11
1214,372,11,11
1214,249,11,11
1214,180,11,11
144,224,11,11
273,1002,11,11
681,402,11,11
681,402,11,11
12,1042,11,11
1113,495,11,11
12,527,11,11
462,675,11,11
12,109,11,11
252,1056,11,11
1158,297,11,11
67,938,11,11
145,341,11,11
145,1042,11,11
645,1236,11,11
176,101,11,11
1110,281,11,11
645,144,11,11
1233,502,11,11
34,1042,11,11
800,1241,11,11
1242,343,11,11
834,1196,11,11
475,250,11,11
204,615,11,11
204,1189,11,11
12,569,11,11
1185,144,11,11
12,569,11,11
341,1181,11,11
830,277,11,11
1037,143,11,11
281,337,11,11
12,569,11,11
1045,269,11,11
63,963,11,11
615,204,11,11
800,569,11,11
1136,1158,11,11
1196,834,11,11
834,1196,11,11
27,87,11,11
105,317,11,11
800,569,11,11
62,1224,11,11
834,144,11,11
536,615,11,11
950,323,11,11
642,687,11,11
990,1142,11,11
368,1236,11,11
569,800,11,11
800,569,11,11
569,800,11,11
600,667,11,11
1224,62,11,11
800,569,11,11
323,42,11,11
569,800,11,11
323,339,11,11
323,950,11,11
323,642,11,11
800,569,11,11
12,569,11,11
323,339,11,11
9,652,11,11
339,323,11,11
950,323,11,11
770,44,11,11
1059,389,11,11
950,353,11,11
1189,204,11,11
576,394,11,11
325,1243,11,11
1243,325,11,11
343,1242,11,11
1215,278,11,11
1059,325,11,11
704,598,11,11
1243,325,11,11
474,834,11,11
105,569,11,11
1059,1243,11,11
569,105,11,11
105,569,11,11
468,277,11,11
323,339,11,11
323,950,11,11
502,1233,11,11
468,272,11,11
758,683,11,11
569,105,11,11
272,654,11,11
272,468,11,11
1033,437,11,11
342,1244,11,11
654,272,11,11
1113,990,11,11
105,569,11,11
617,73,11,11
569,105,11,11
468,272,11,11
1186,277,11,11
1033,1056,11,11
105,569,11,11
250,475,11,11
342,323,11,11
1189,835,11,11
475,250,11,11
600,342,11,11
296,295,11,11
277,468,11,11
12,599,11,11
250,475,11,11
297,615,11,11
36,779,11,11
475,250,11,11
569,105,11,11
1185,302,11,11
835,1189,11,11
36,189,11,11
835,1245,11,11
569,105,11,11
105,569,11,11
1214,714,11,11
963,63,11,11
302,1185,11,11
1214,714,11,11
250,475,11,11
297,1158,11,11
475,250,11,11
1187,1230,11,11
1214,1239,11,11
1214,1113,11,11
1245,835,11,11
950,323,11,11
569,105,11,11
713,1059,11,11
105,569,11,11
124,713,11,11
36,770,11,11
569,105,11,11
68,495,11,11
1189,835,11,11
250,475,11,11
704,1246,11,11
704,1247,11,11
1189,502,11,11
704,1247,11,11
1189,482,11,11
502,1189,11,11
482,1189,11,11
475,250,11,11
105,569,11,11
704,1231,11,11
1189,502,11,11
1214,502,11,11
1189,482,11,11
250,475,11,11
1181,341,11,11
481,252,11,11
482,1189,11,11
302,1187,11,11
1189,482,11,11
1189,482,11,11
482,1189,11,11
482,1189,11,11
884,713,11,11
1189,482,11,11
1214,704,11,11
713,1241,11,11
482,1189,11,11
475,250,11,11
1214,704,11,11
835,1189,11,11
1189,482,11,11
482,1189,11,11
1189,482,11,11
1189,482,11,11
1181,569,11,11
128,569,11,11
1214,502,11,11
482,1189,11,11
1189,835,11,11
1189,482,11,11
1083,679,11,11
1214,704,11,11
128,12,11,11
599,12,11,11
706,1219,11,11
706,713,11,11
569,105,11,11
1214,704,11,11
835,1189,11,11
569,1181,11,11
252,481,11,11
1189,502,11,11
1189,835,11,11
502,1189,11,11
128,569,11,11
1189,502,11,11
871,1237,11,11
1237,871,11,11
278,1215,11,11
36,189,11,11
36,189,11,11
36,770,11,11
1214,475,11,11
477,1,11,11
36,189,11,11
128,569,11,11
1187,302,11,11
1071,598,11,11
302,1187,11,11
128,573,11,11
1248,194,11,11
233,42,11,11
128,569,11,11
233,1113,11,11
1248,817,11,11
1248,817,11,11
1248,817,11,11
474,713,11,11
128,569,11,11
249,626,11,11
353,950,11,11
50,1248,11,11
128,706,11,11
654,353,11,11
1248,50,11,11
302,1238,11,11
103,617,11,11
353,654,11,11
639,498,11,11
704,1248,11,11
1189,835,11,11
50,1248,11,11
1248,704,11,11
639,388,11,11
1248,50,11,11
1113,233,11,11
1036,713,11,11
835,1189,11,11
779,627,11,11
1189,835,11,11
835,1189,11,11
3,1249,11,11
53,250,11,11
1,477,11,11
29,1248,11,11
50,1248,11,11
299,1083,11,11
835,308,11,11
53,646,11,11
1189,835,11,11
402,681,11,11
3,1113,11,11
1224,536,11,11
627,779,11,11
1215,278,11,11
189,144,11,11
278,1215,11,11
1126,289,11,11
835,1189,11,11
810,654,11,11
919,713,11,11
536,1224,11,11
1224,536,11,11
654,810,11,11
1189,835,11,11
817,1248,11,11
72,679,11,11
732,323,11,11
697,1127,11,11
697,127,11,11
389,1059,11,11
50,296,11,11
964,800,11,11
402,1250,11,11
810,654,11,11
753,323,11,11
32,1234,11,11
681,402,11,11
402,681,11,11
1234,32,11,11
810,654,11,11
32,1234,11,11
681,402,11,11
296,50,11,11
36,779,11,11
32,353,11,11
1189,595,11,11
654,810,11,11
1234,32,11,11
1167,576,11,11
32,1234,11,11
950,353,11,11
1234,32,11,11
32,1234,11,11
479,317,11,11
341,323,11,11
1234,32,11,11
32,1234,11,11
6,687,11,11
779,627,11,11
683,758,11,11
242,823,11,11
1189,683,11,11
1187,302,11,11
969,779,11,11
1215,278,11,11
1234,32,11,11
1215,817,11,11
770,277,11,11
32,1234,11,11
1234,32,11,11
1181,569,11,11
232,44,11,11
288,470,11,11
1189,835,11,11
308,273,11,11
1234,32,11,11
323,732,11,11
323,753,11,11
323,341,11,11
323,341,11,11
6,439,11,11
350,713,11,11
350,343,11,11
654,1251,11,11
1231,704,11,11
1178,1126,11,11
252,1236,11,11
252,1236,11,11
779,713,11,11
63,963,11,11
308,835,11,11
770,277,11,11
30,1176,11,11
569,1181,11,11
969,779,11,11
640,1236,11,11
1043,454,11,11
454,1043,11,11
1213,1186,11,11
969,779,11,11
881,1249,11,11
713,706,11,11
706,713,11,11
969,779,11,11
1043,454,11,11
1231,1252,11,11
454,1043,11,11
1036,713,11,11
289,1126,11,11
969,779,11,11
36,770,11,11
36,211,11,11
1034,1189,11,11
1087,1136,11,11
1253,654,11,11
1087,1187,11,11
595,1189,11,11
700,1174,11,11
249,626,11,11
1249,881,11,11
758,683,11,11
881,1249,11,11
249,626,11,11
881,1249,11,11
514,853,11,11
617,103,11,11
249,626,11,11
881,1249,11,11
1253,72,11,11
800,964,11,11
799,32,11,11
626,249,11,11
617,103,11,11
617,73,11,11
1189,1034,11,11
440,1244,11,11
1043,454,11,11
626,586,11,11
969,779,11,11
966,323,11,11
53,250,11,11
62,1224,11,11
323,966,11,11
966,323,11,11
586,626,11,11
367,323,11,11
749,783,11,11
323,966,11,11
323,367,11,11
627,779,11,11
367,323,11,11
626,586,11,11
325,1243,11,11
194,706,11,11
749,700,11,11
325,1059,11,11
357,523,11,11
706,194,11,11
749,302,11,11
317,479,11,11
1234,1254,11,11
357,8,11,11
586,626,11,11
704,1231,11,11
770,1255,11,11
194,706,11,11
342,1039,11,11
1186,713,11,11
357,474,11,11
586,1253,11,11
1238,302,11,11
770,1255,11,11
357,1039,11,11
706,194,11,11
1239,990,11,11
1239,886,11,11
103,1255,11,11
704,700,11,11
1256,615,11,11
1189,768,11,11
103,1256,11,11
353,950,11,11
966,1171,11,11
1256,103,11,11
800,1256,11,11
1002,273,11,11
19,886,11,11
1256,800,11,11
281,317,11,11
706,1256,11,11
1256,706,11,11
800,1256,11,11
704,1257,11,11
1256,800,11,11
103,1256,11,11
342,173,11,11
1255,285,11,11
9,679,11,11
1224,62,11,11
502,1189,11,11
1248,817,11,11
1248,29,11,11
62,1224,11,11
626,586,11,11
1154,391,11,11
1154,391,11,11
1154,391,11,11
1248,60,11,11
173,342,11,11
770,277,11,11
1248,966,11,11
317,281,11,11
317,281,11,11
342,173,11,11
884,297,11,11
72,1253,11,11
19,1015,11,11
118,779,11,11
19,1016,11,11
1236,252,11,11
1258,10,11,11
1236,1118,11,11
462,913,11,11
118,222,11,11
1248,234,11,11
462,282,11,11
1236,1259,11,11
1241,713,11,11
1118,1236,11,11
118,817,11,11
42,323,11,11
42,233,11,11
325,1248,11,11
800,1256,11,11
103,1002,11,11
72,1253,11,11
1002,103,11,11
103,1002,11,11
233,1037,11,11
234,1248,11,11
1002,103,11,11
60,1248,11,11
560,194,11,11
1248,234,11,11
118,357,11,11
317,263,11,11
1248,325,11,11
1153,152,11,11
719,1251,11,11
1258,10,11,11
1113,1255,11,11
1113,233,11,11
10,1258,11,11
1196,834,11,11
1224,62,11,11
1113,3,11,11
479,367,11,11
1185,1002,11,11
1113,233,11,11
388,639,11,11
1256,800,11,11
1113,1255,11,11
1255,1113,11,11
1248,131,11,11
1113,233,11,11
590,964,11,11
128,706,11,11
1113,1255,11,11
654,563,11,11
596,50,11,11
131,1248,11,11
1185,495,11,11
834,1196,11,11
53,250,11,11
740,1256,11,11
527,12,11,11
53,646,11,11
118,779,11,11
963,63,11,11
128,569,11,11
357,701,11,11
1256,740,11,11
32,1234,11,11
32,799,11,11
843,1167,11,11
357,802,11,11
281,317,11,11
101,370,11,11
101,370,11,11
1034,1189,11,11
1189,502,11,11
32,1255,11,11
281,254,11,11
367,479,11,11
67,1255,11,11
1255,32,11,11
678,212,11,11
32,1255,11,11
367,479,11,11
1189,1034,11,11
1214,68,11,11
370,101,11,11
1248,560,11,11
1255,32,11,11
67,1255,11,11
479,367,11,11
32,1255,11,11
1231,704,11,11
1260,725,11,11
596,654,11,11
367,479,11,11
1255,32,11,11
357,1260,11,11
118,32,11,11
67,1255,11,11
32,1255,11,11
357,708,11,11
118,32,11,11
1255,32,11,11
1258,10,11,11
706,1256,11,11
1231,1118,11,11
605,700,11,11
32,118,11,11
32,1255,11,11
1256,706,11,11
103,605,11,11
770,1260,11,11
1255,32,11,11
1234,32,11,11
32,1255,11,11
118,817,11,11
32,1234,11,11
605,103,11,11
67,1255,11,11
128,569,11,11
1189,118,11,11
1260,719,11,11
569,128,11,11
706,1256,11,11
128,569,11,11
770,277,11,11
1189,1261,11,11
297,884,11,11
719,1260,11,11
103,605,11,11
128,706,11,11
800,706,11,11
249,1246,11,11
605,103,11,11
1260,719,11,11
249,1260,11,11
249,1260,11,11
249,1136,11,11
719,1260,11,11
1236,1118,11,11
193,233,11,11
725,1260,11,11
431,605,11,11
1189,1255,11,11
103,605,11,11
249,1260,11,11
605,103,11,11
431,605,11,11
1260,719,11,11
719,1260,11,11
1260,249,11,11
1255,1189,11,11
431,727,11,11
1260,719,11,11
725,1261,11,11
19,527,11,11
1236,1153,11,11
431,605,11,11
249,1260,11,11
1214,68,11,11
41,1236,11,11
437,1033,11,11
1236,41,11,11
1260,725,11,11
1174,700,11,11
1189,1255,11,11
1231,552,11,11
1236,1153,11,11
1176,30,11,11
725,1260,11,11
1111,393,11,11
1255,1189,11,11
41,1236,11,11
128,569,11,11
964,800,11,11
41,1255,11,11
1236,41,11,11
41,1236,11,11
431,605,11,11
1255,41,11,11
1260,725,11,11
249,596,11,11
1153,1236,11,11
41,1255,11,11
1236,1153,11,11
1236,41,11,11
552,1231,11,11
1153,1236,11,11
799,32,11,11
1219,706,11,11
1236,1153,11,11
725,1260,11,11
1255,41,11,11
1153,1236,11,11
1214,68,11,11
683,1189,11,11
1236,437,11,11
994,145,11,11
1219,1256,11,11
1236,1153,11,11
249,1260,11,11
1153,1236,11,11
431,605,11,11
569,128,11,11
1189,683,11,11
41,1255,11,11
1236,209,11,11
431,605,11,11
1236,41,11,11
1059,389,11,11
1113,886,11,11
1255,41,11,11
502,1189,11,11
1059,713,11,11
1236,41,11,11
1260,725,11,11
704,1231,11,11
725,1260,11,11
1236,536,11,11
1214,1236,11,11
809,779,11,11
1189,502,11,11
1260,725,11,11
502,1189,11,11
1236,1153,11,11
1176,856,11,11
1214,1236,11,11
1213,502,11,11
596,249,11,11
1153,1236,11,11
1236,368,11,11
1214,714,11,11
296,194,11,11
128,569,11,11
1189,502,11,11
1214,1236,11,11
1236,152,11,11
725,1260,11,11
502,1189,11,11
249,596,11,11
1214,1113,11,11
1231,704,11,11
1236,67,11,11
1214,1236,11,11
1189,502,11,11
1236,714,11,11
502,1189,11,11
1260,725,11,11
1213,502,11,11
1214,1113,11,11
484,706,11,11
706,128,11,11
1189,502,11,11
706,800,11,11
962,1204,11,11
706,1219,11,11
706,484,11,11
1213,502,11,11
725,1260,11,11
704,1231,11,11
1214,1236,11,11
502,1189,11,11
1214,1113,11,11
368,1236,11,11
1214,1236,11,11
372,527,11,11
263,317,11,11
372,928,11,11
509,364,11,11
1214,1236,11,11
367,1248,11,11
1234,32,11,11
1231,704,11,11
994,893,11,11
706,502,11,11
1189,502,11,11
1214,1236,11,11
835,308,11,11
605,557,11,11
393,1111,11,11
1260,725,11,11
1236,487,11,11
725,1260,11,11
1231,367,11,11
1260,719,11,11
835,1189,11,11
1248,367,11,11
658,193,11,11
1153,1236,11,11
1236,1153,11,11
367,1231,11,11
372,1117,11,11
1236,1153,11,11
367,1248,11,11
1117,372,11,11
1189,835,11,11
1185,545,11,11
725,1260,11,11
1153,1236,11,11
398,72,11,11
1248,367,11,11
605,337,11,11
569,128,11,11
1181,569,11,11
719,1260,11,11
372,1117,11,11
367,1248,11,11
835,1189,11,11
846,792,11,11
605,62,11,11
846,792,11,11
1189,835,11,11
1260,725,11,11
372,928,11,11
372,454,11,11
317,263,11,11
372,473,11,11
1178,679,11,11
128,542,11,11
1260,719,11,11
725,1260,11,11
719,1260,11,11
337,605,11,11
101,118,11,11
1184,1181,11,11
1260,725,11,11
1260,719,11,11
1178,679,11,11
1181,1184,11,11
1246,249,11,11
62,1224,11,11
846,128,11,11
62,605,11,11
296,295,11,11
719,1260,11,11
1260,719,11,11
719,1260,11,11
809,1262,11,11
1189,835,11,11
1189,1255,11,11
377,1117,11,11
1260,725,11,11
474,357,11,11
1118,1231,11,11
1118,1236,11,11
681,1118,11,11
1118,681,11,11
1190,32,11,11
325,1260,11,11
859,357,11,11
681,1118,11,11
719,1260,11,11
1195,1167,11,11
398,313,11,11
1118,681,11,11
97,407,11,11
72,398,11,11
539,713,11,11
1231,1118,11,11
1118,1231,11,11
681,1118,11,11
1263,713,11,11
234,50,11,11
285,1255,11,11
1118,681,11,11
72,679,11,11
681,1118,11,11
1118,681,11,11
681,1118,11,11
1118,681,11,11
994,713,11,11
681,1118,11,11
615,1213,11,11
1118,681,11,11
681,1118,11,11
1118,681,11,11
377,415,11,11
615,1103,11,11
681,1118,11,11
1118,681,11,11
513,388,11,11
513,590,11,11
377,1185,11,11
1118,681,11,11
740,713,11,11
994,1103,11,11
50,596,11,11
1246,99,11,11
377,1185,11,11
762,513,11,11
212,678,11,11
68,1214,11,11
1066,713,11,11
372,1246,11,11
1158,1136,11,11
372,713,11,11
1158,297,11,11
372,353,11,11
1246,372,11,11
1158,713,11,11
994,513,11,11
1158,713,11,11
144,1185,11,11
596,50,11,11
144,834,11,11
377,3,11,11
994,97,11,11
547,713,11,11
97,994,11,11
928,372,11,11
1214,68,11,11
68,1214,11,11
377,144,11,11
994,97,11,11
1214,68,11,11
1185,144,11,11
1021,547,11,11
377,615,11,11
1189,713,11,11
144,1185,11,11
928,362,11,11
547,1018,11,11
994,536,11,11
760,975,11,11
547,1021,11,11
794,1161,11,11
372,928,11,11
994,1054,11,11
308,835,11,11
204,615,11,11
51,969,11,11
204,1189,11,11
928,372,11,11
878,437,11,11
928,964,11,11
297,1158,11,11
878,1255,11,11
48,1136,11,11
1189,437,11,11
245,699,11,11
298,687,11,11
1189,204,11,11
638,725,11,11
1189,297,11,11
950,353,11,11
1189,482,11,11
388,513,11,11
323,367,11,11
323,42,11,11
323,42,11,11
297,1189,11,11
323,341,11,11
341,323,11,11
341,323,11,11
323,341,11,11
323,341,11,11
323,341,11,11
323,298,11,11
341,323,11,11
323,341,11,11
341,323,11,11
48,323,11,11
323,341,11,11
323,48,11,11
341,323,11,11
48,323,11,11
323,341,11,11
323,48,11,11
405,388,11,11
1240,536,11,11
341,323,11,11
323,341,11,11
48,323,11,11
323,48,11,11
1195,103,11,11
48,323,11,11
341,323,11,11
323,48,11,11
1195,103,11,11
323,341,11,11
1196,834,11,11
341,323,11,11
1186,783,11,11
1195,103,11,11
323,341,11,11
48,323,11,11
454,1043,11,11
341,323,11,11
323,48,11,11
1213,615,11,11
323,341,11,11
48,323,11,11
323,48,11,11
781,538,11,11
341,323,11,11
1018,547,11,11
48,323,11,11
1213,277,11,11
1195,103,11,11
547,1018,11,11
245,1264,11,11
1018,547,11,11
1264,245,11,11
245,1264,11,11
323,341,11,11
323,48,11,11
547,1018,11,11
781,307,11,11
9,679,11,11
9,1206,11,11
341,323,11,11
9,1196,11,11
48,323,11,11
323,341,11,11
1093,341,11,11
1093,341,11,11
1093,950,11,11
323,48,11,11
341,323,11,11
341,1093,11,11
353,950,11,11
323,341,11,11
48,323,11,11
323,48,11,11
323,741,11,11
341,323,11,11
48,323,11,11
741,323,11,11
950,353,11,11
323,341,11,11
323,48,11,11
323,741,11,11
353,950,11,11
341,323,11,11
48,323,11,11
323,341,11,11
928,1265,11,11
323,48,11,11
950,353,11,11
741,323,11,11
48,323,11,11
323,741,11,11
950,1093,11,11
323,48,11,11
323,48,11,11
42,323,11,11
741,323,11,11
323,42,11,11
323,741,11,11
48,323,11,11
42,323,11,11
323,48,11,11
741,323,11,11
323,42,11,11
341,323,11,11
323,741,11,11
323,341,11,11
48,323,11,11
323,48,11,11
741,323,11,11
42,323,11,11
341,323,11,11
323,741,11,11
323,42,11,11
323,341,11,11
741,323,11,11
48,323,11,11
42,323,11,11
323,741,11,11
323,48,11,11
323,42,11,11
341,323,11,11
42,928,11,11
741,323,11,11
323,341,11,11
48,323,11,11
323,741,11,11
42,323,11,11
323,48,11,11
341,323,11,11
42,1266,11,11
323,42,11,11
687,298,11,11
48,323,11,11
323,341,11,11
687,1056,11,11
928,80,11,11
323,48,11,11
341,323,11,11
48,323,11,11
741,323,11,11
323,341,11,11
323,48,11,11
323,741,11,11
42,323,11,11
341,323,11,11
928,42,11,11
323,341,11,11
323,42,11,11
741,323,11,11
323,741,11,11
341,323,11,11
741,323,11,11
48,323,11,11
323,341,11,11
323,741,11,11
323,48,11,11
48,323,11,11
48,323,11,11
323,48,11,11
741,323,11,11
323,48,11,11
323,741,11,11
341,323,11,11
48,323,11,11
48,323,11,11
741,323,11,11
323,341,11,11
1267,323,11,11
323,48,11,11
323,741,11,11
323,1267,11,11
48,323,11,11
1131,309,11,11
323,48,11,11
341,323,11,11
741,323,11,11
48,323,11,11
1267,323,11,11
323,341,11,11
323,741,11,11
323,48,11,11
323,1267,11,11
741,323,11,11
323,741,11,11
1267,323,11,11
323,1267,11,11
72,1039,11,11
1267,323,11,11
323,1267,11,11
48,323,11,11
741,323,11,11
1267,323,11,11
323,48,11,11
48,323,11,11
341,323,11,11
323,741,11,11
323,1267,11,11
323,341,11,11
323,1267,11,11
341,323,11,11
1267,323,11,11
741,323,11,11
204,1189,11,11
350,447,11,11
617,704,11,11
679,72,11,11
964,928,11,11
41,1255,11,11
32,1190,11,11
277,1213,11,11
1178,1158,11,11
233,193,11,11
70,1113,12,12
342,1268,12,12
594,840,12,12
342,1268,12,12
342,1268,12,12
342,1268,12,12
342,1268,12,12
342,1268,12,12
1127,322,12,12
1127,641,12,12
1113,70,12,12
1127,1269,12,12
342,1268,12,12
1268,342,12,12
1136,48,12,12
1136,1158,12,12
1136,1270,12,12
1271,1,12,12
342,1268,12,12
1127,536,12,12
999,713,12,12
999,297,12,12
80,928,12,12
415,329,12,12
797,1268,12,12
1127,1137,12,12
588,1185,12,12
9,679,12,12
621,48,12,12
309,1131,12,12
415,142,12,12
415,12,12,12
415,1121,12,12
415,329,12,12
415,997,12,12
1272,887,12,12
958,704,12,12
1127,2,12,12
1272,265,12,12
966,1248,12,12
770,44,12,12
958,959,12,12
527,372,12,12
958,621,12,12
1248,966,12,12
799,32,12,12
1042,713,12,12
1042,1056,12,12
70,1113,12,12
470,288,12,12
1042,12,12,12
1042,145,12,12
779,809,12,12
1042,34,12,12
525,1246,12,12
32,799,12,12
1255,285,12,12
1255,878,12,12
1255,41,12,12
799,32,12,12
32,799,12,12
431,727,12,12
799,32,12,12
278,1215,12,12
431,617,12,12
498,639,12,12
963,393,12,12
1248,80,12,12
834,1196,12,12
621,958,12,12
72,679,12,12
42,1270,12,12
725,638,12,12
736,617,12,12
1113,70,12,12
53,1272,12,12
725,1260,12,12
127,697,12,12
627,431,12,12
32,220,12,12
713,1158,12,12
713,1158,12,12
713,372,12,12
1246,525,12,12
1270,1136,12,12
431,627,12,12
32,638,12,12
1273,1274,12,12
525,1246,12,12
1142,990,12,12
627,431,12,12
36,770,12,12
1195,1167,12,12
288,470,12,12
372,527,12,12
372,713,12,12
1273,475,12,12
475,1273,12,12
542,495,12,12
372,1244,12,12
542,128,12,12
63,797,12,12
542,314,12,12
1244,1275,12,12
1246,525,12,12
462,675,12,12
1043,454,12,12
1033,437,12,12
525,1246,12,12
278,1248,12,12
1248,278,12,12
114,770,12,12
542,1216,12,12
105,475,12,12
278,1248,12,12
1211,1033,12,12
1131,309,12,12
1211,1163,12,12
1211,32,12,12
823,149,12,12
1259,1236,12,12
823,1185,12,12
823,41,12,12
1248,278,12,12
105,288,12,12
823,1211,12,12
288,105,12,12
278,1248,12,12
105,288,12,12
32,1211,12,12
288,105,12,12
425,765,12,12
105,701,12,12
475,105,12,12
105,288,12,12
105,475,12,12
425,753,12,12
487,1236,12,12
105,1276,12,12
105,1276,12,12
288,105,12,12
105,1181,12,12
823,615,12,12
105,288,12,12
105,569,12,12
288,105,12,12
606,821,12,12
569,105,12,12
105,288,12,12
823,1139,12,12
42,620,12,12
42,142,12,12
288,105,12,12
105,569,12,12
142,415,12,12
105,288,12,12
350,617,12,12
770,36,12,12
569,105,12,12
105,638,12,12
105,569,12,12
998,823,12,12
142,1260,12,12
822,679,12,12
142,42,12,12
823,998,12,12
454,1043,12,12
105,42,12,12
823,308,12,12
105,323,12,12
105,307,12,12
142,713,12,12
569,105,12,12
475,105,12,12
105,569,12,12
105,475,12,12
105,569,12,12
770,114,12,12
105,606,12,12
252,350,12,12
142,1277,12,12
569,105,12,12
105,964,12,12
606,105,12,12
105,569,12,12
105,606,12,12
606,105,12,12
606,105,12,12
569,105,12,12
105,606,12,12
105,606,12,12
1248,346,12,12
105,569,12,12
964,105,12,12
569,105,12,12
105,964,12,12
105,569,12,12
105,964,12,12
964,105,12,12
569,105,12,12
105,964,12,12
105,569,12,12
569,105,12,12
617,350,12,12
105,569,12,12
463,252,12,12
463,687,12,12
1213,277,12,12
463,1010,12,12
569,105,12,12
899,586,12,12
70,1113,12,12
463,339,12,12
105,463,12,12
105,569,12,12
569,105,12,12
463,105,12,12
1036,713,12,12
725,835,12,12
924,1158,12,12
105,569,12,12
105,463,12,12
105,463,12,12
32,105,12,12
463,105,12,12
339,463,12,12
105,463,12,12
105,463,12,12
615,204,12,12
615,1213,12,12
32,105,12,12
32,1234,12,12
615,823,12,12
487,3,12,12
105,463,12,12
105,463,12,12
32,349,12,12
105,32,12,12
199,1244,12,12
105,621,12,12
32,105,12,12
3,487,12,12
105,32,12,12
621,105,12,12
105,621,12,12
32,105,12,12
34,282,12,12
298,687,12,12
823,615,12,12
105,32,12,12
298,323,12,12
105,155,12,12
142,257,12,12
1062,9,12,12
32,105,12,12
1062,42,12,12
377,415,12,12
105,32,12,12
377,615,12,12
42,1062,12,12
704,617,12,12
859,431,12,12
859,547,12,12
536,1236,12,12
318,802,12,12
536,994,12,12
536,1127,12,12
644,144,12,12
1260,142,12,12
1260,719,12,12
105,697,12,12
969,51,12,12
644,1251,12,12
644,1251,12,12
144,644,12,12
323,298,12,12
32,1127,12,12
644,144,12,12
144,644,12,12
32,1260,12,12
357,474,12,12
617,704,12,12
644,144,12,12
144,644,12,12
1260,32,12,12
644,144,12,12
144,644,12,12
644,144,12,12
144,644,12,12
644,1099,12,12
644,1099,12,12
357,605,12,12
644,144,12,12
144,644,12,12
144,644,12,12
644,144,12,12
144,644,12,12
644,144,12,12
257,142,12,12
899,105,12,12
144,644,12,12
899,644,12,12
1,1271,12,12
144,1278,12,12
899,644,12,12
644,144,12,12
249,713,12,12
899,629,12,12
1248,1279,12,12
1248,1279,12,12
249,1260,12,12
899,644,12,12
144,644,12,12
249,1117,12,12
644,899,12,12
644,144,12,12
144,644,12,12
144,921,12,12
644,144,12,12
249,1117,12,12
644,1234,12,12
629,899,12,12
144,644,12,12
63,60,12,12
1103,309,12,12
644,144,12,12
72,883,12,12
144,644,12,12
644,1279,12,12
1185,463,12,12
249,1103,12,12
415,1260,12,12
48,621,12,12
105,899,12,12
431,605,12,12
32,1260,12,12
309,1103,12,12
1189,835,12,12
431,605,12,12
1189,1103,12,12
1260,32,12,12
431,605,12,12
32,1260,12,12
1260,32,12,12
32,1260,12,12
1103,1189,12,12
1189,1103,12,12
1103,309,12,12
1103,1189,12,12
1189,1103,12,12
835,1189,12,12
308,823,12,12
834,621,12,12
327,1255,12,12
377,755,12,12
1260,32,12,12
357,379,12,12
1234,644,12,12
327,1103,12,12
1103,1189,12,12
327,463,12,12
704,958,12,12
1189,1103,12,12
654,1248,12,12
809,779,12,12
704,1280,12,12
9,1062,12,12
9,1132,12,12
1260,1042,12,12
704,1255,12,12
1260,505,12,12
596,654,12,12
704,1244,12,12
9,1280,12,12
9,1279,12,12
9,1261,12,12
654,596,12,12
297,999,12,12
357,474,12,12
878,1255,12,12
357,474,12,12
32,1260,12,12
357,474,12,12
1280,1244,12,12
50,234,12,12
1280,704,12,12
542,1069,12,12
357,474,12,12
60,63,12,12
770,1280,12,12
1281,644,12,12
1281,60,12,12
1281,60,12,12
509,815,12,12
357,72,12,12
509,758,12,12
711,1034,12,12
1043,454,12,12
357,72,12,12
357,72,12,12
687,298,12,12
1280,1210,12,12
701,105,12,12
615,823,12,12
1034,711,12,12
711,1034,12,12
448,823,12,12
393,963,12,12
1282,221,12,12
1034,711,12,12
749,713,12,12
1034,711,12,12
711,1034,12,12
1281,1283,12,12
1113,70,12,12
1256,615,12,12
615,1256,12,12
711,1034,12,12
1281,950,12,12
1034,711,12,12
220,32,12,12
474,640,12,12
711,1034,12,12
800,964,12,12
209,1255,12,12
640,474,12,12
1034,711,12,12
474,640,12,12
711,1034,12,12
810,708,12,12
224,701,12,12
1034,711,12,12
711,1034,12,12
1034,711,12,12
44,1189,12,12
711,1034,12,12
605,272,12,12
474,749,12,12
1227,1117,12,12
1034,711,12,12
1034,711,12,12
1181,105,12,12
711,1034,12,12
234,50,12,12
1253,586,12,12
1253,72,12,12
1034,711,12,12
72,1253,12,12
644,1281,12,12
72,1253,12,12
640,1253,12,12
1253,72,12,12
711,1034,12,12
1253,640,12,12
220,224,12,12
1034,711,12,12
640,1253,12,12
644,654,12,12
654,644,12,12
640,712,12,12
586,1253,12,12
725,835,12,12
644,654,12,12
770,1280,12,12
654,644,12,12
725,1260,12,12
899,1185,12,12
899,1189,12,12
1253,640,12,12
63,60,12,12
1253,586,12,12
1196,834,12,12
1253,1284,12,12
48,152,12,12
152,48,12,12
1285,912,12,12
3,555,12,12
48,152,12,12
285,1255,12,12
152,48,12,12
145,1042,12,12
145,994,12,12
853,514,12,12
72,1253,12,12
1253,605,12,12
1253,605,12,12
1286,48,12,12
48,152,12,12
1253,72,12,12
1286,48,12,12
152,48,12,12
938,67,12,12
72,1253,12,12
48,152,12,12
12,415,12,12
12,527,12,12
12,128,12,12
12,175,12,12
1186,1056,12,12
475,468,12,12
346,1248,12,12
220,224,12,12
1284,1253,12,12
323,298,12,12
586,1253,12,12
714,1284,12,12
1127,152,12,12
1127,1284,12,12
41,1255,12,12
41,823,12,12
590,638,12,12
1284,1127,12,12
1284,714,12,12
323,367,12,12
621,48,12,12
621,834,12,12
249,1260,12,12
621,105,12,12
249,358,12,12
1158,924,12,12
1158,924,12,12
621,772,12,12
621,719,12,12
42,704,12,12
924,1158,12,12
249,547,12,12
704,42,12,12
924,1158,12,12
42,474,12,12
525,1246,12,12
999,297,12,12
1246,525,12,12
1234,227,12,12
425,1103,12,12
1246,645,12,12
1127,1284,12,12
1246,525,12,12
1246,525,12,12
42,474,12,12
42,1280,12,12
42,323,12,12
42,474,12,12
1246,525,12,12
1206,1093,12,12
42,502,12,12
323,42,12,12
42,474,12,12
1280,511,12,12
1136,1158,12,12
1136,1158,12,12
502,42,12,12
42,474,12,12
1189,204,12,12
42,502,12,12
1189,502,12,12
502,42,12,12
42,502,12,12
502,1189,12,12
346,1284,12,12
277,1186,12,12
323,42,12,12
1280,1287,12,12
1287,1280,12,12
42,474,12,12
600,1189,12,12
42,644,12,12
1246,652,12,12
474,42,12,12
749,474,12,12
600,42,12,12
42,474,12,12
474,749,12,12
527,923,12,12
749,474,12,12
42,242,12,12
474,749,12,12
1127,298,12,12
1189,502,12,12
42,831,12,12
1281,644,12,12
1281,699,12,12
686,950,12,12
42,194,12,12
1281,308,12,12
41,502,12,12
1127,219,12,12
42,573,12,12
1253,468,12,12
193,658,12,12
1253,50,12,12
1288,42,12,12
42,831,12,12
1253,1287,12,12
386,422,12,12
1127,802,12,12
114,770,12,12
1127,474,12,12
42,1050,12,12
281,1280,12,12
687,1283,12,12
781,1280,12,12
781,1287,12,12
538,781,12,12
357,1253,12,12
6,212,12,12
781,538,12,12
1253,781,12,12
781,1253,12,12
454,1043,12,12
1127,194,12,12
357,1253,12,12
1253,781,12,12
1127,840,12,12
781,281,12,12
1280,781,12,12
1280,281,12,12
700,605,12,12
700,704,12,12
357,1253,12,12
712,640,12,12
281,1280,12,12
281,781,12,12
1253,357,12,12
357,758,12,12
758,509,12,12
357,758,12,12
1281,291,12,12
357,1253,12,12
199,1051,12,12
474,1014,12,12
357,758,12,12
12,527,12,12
357,758,12,12
646,474,12,12
212,1289,12,12
357,1253,12,12
212,6,12,12
357,758,12,12
1042,1260,12,12
681,617,12,12
6,212,12,12
357,758,12,12
212,6,12,12
753,425,12,12
6,212,12,12
1290,617,12,12
357,598,12,12
357,758,12,12
357,758,12,12
681,212,12,12
6,212,12,12
212,6,12,12
646,758,12,12
357,758,12,12
681,617,12,12
646,758,12,12
681,212,12,12
12,617,12,12
12,605,12,12
681,758,12,12
1290,605,12,12
1290,617,12,12
42,831,12,12
681,212,12,12
646,758,12,12
12,605,12,12
681,758,12,12
1237,199,12,12
12,599,12,12
220,346,12,12
681,758,12,12
646,758,12,12
1290,605,12,12
12,758,12,12
12,605,12,12
681,758,12,12
12,598,12,12
431,605,12,12
199,1237,12,12
357,843,12,12
9,1280,12,12
9,1196,12,12
357,1291,12,12
9,477,12,12
12,605,12,12
9,1206,12,12
219,1127,12,12
32,1260,12,12
1281,1291,12,12
12,605,12,12
84,598,12,12
681,758,12,12
220,346,12,12
681,617,12,12
12,605,12,12
357,528,12,12
357,792,12,12
1280,281,12,12
810,626,12,12
357,1142,12,12
357,792,12,12
1052,1260,12,12
810,626,12,12
357,792,12,12
810,626,12,12
12,605,12,12
357,792,12,12
152,1127,12,12
810,626,12,12
357,1142,12,12
1033,1211,12,12
152,1158,12,12
12,605,12,12
357,792,12,12
323,753,12,12
1236,487,12,12
509,758,12,12
1236,487,12,12
357,792,12,12
12,605,12,12
357,1291,12,12
357,792,12,12
474,1187,12,12
758,509,12,12
908,263,12,12
1033,1292,12,12
9,1280,12,12
1127,219,12,12
1127,152,12,12
1043,454,12,12
398,1291,12,12
1214,933,12,12
1291,398,12,12
398,1291,12,12
1291,398,12,12
398,1291,12,12
1291,398,12,12
1281,308,12,12
12,599,12,12
498,1293,12,12
1281,950,12,12
281,1280,12,12
1281,308,12,12
1227,1237,12,12
1127,1291,12,12
1281,950,12,12
1281,308,12,12
810,626,12,12
966,1248,12,12
1127,1291,12,12
1291,1127,12,12
152,1127,12,12
1127,1291,12,12
1281,308,12,12
1281,308,12,12
1117,1227,12,12
733,626,12,12
733,626,12,12
1216,542,12,12
733,1291,12,12
1291,1127,12,12
733,626,12,12
12,389,12,12
733,1291,12,12
1117,1227,12,12
1281,308,12,12
1117,1227,12,12
542,1216,12,12
733,626,12,12
12,840,12,12
733,654,12,12
1056,1186,12,12
1281,308,12,12
454,1043,12,12
1056,252,12,12
1117,1227,12,12
12,599,12,12
733,454,12,12
525,19,12,12
32,626,12,12
12,599,12,12
733,454,12,12
525,19,12,12
1281,308,12,12
733,454,12,12
87,1260,12,12
323,298,12,12
323,298,12,12
605,462,12,12
1281,308,12,12
733,1208,12,12
298,1127,12,12
323,298,12,12
1185,899,12,12
733,454,12,12
733,1056,12,12
1281,950,12,12
733,1231,12,12
1185,588,12,12
733,1231,12,12
733,1231,12,12
1185,144,12,12
525,19,12,12
733,1231,12,12
1185,302,12,12
739,317,12,12
303,298,12,12
733,1231,12,12
306,408,12,12
733,1231,12,12
482,1294,12,12
1260,725,12,12
525,19,12,12
733,1231,12,12
1260,1042,12,12
323,298,12,12
923,527,12,12
733,1231,12,12
323,308,12,12
176,561,12,12
615,1185,12,12
615,1042,12,12
1113,1294,12,12
1236,1185,12,12
1255,704,12,12
1255,878,12,12
1255,209,12,12
1236,103,12,12
309,1103,12,12
1260,87,12,12
733,1231,12,12
1113,1216,12,12
686,950,12,12
1113,1255,12,12
1255,285,12,12
1255,41,12,12
923,527,12,12
1113,1255,12,12
681,758,12,12
1113,1255,12,12
1236,1005,12,12
1236,103,12,12
1185,823,12,12
733,1231,12,12
1236,1227,12,12
1158,924,12,12
1158,924,12,12
1236,1224,12,12
525,103,12,12
1113,1255,12,12
1236,1227,12,12
1236,1227,12,12
103,525,12,12
733,1231,12,12
525,103,12,12
1158,152,12,12
525,103,12,12
733,1231,12,12
1236,1005,12,12
878,1255,12,12
475,468,12,12
1158,152,12,12
1236,1227,12,12
733,1231,12,12
1236,1224,12,12
525,103,12,12
733,1231,12,12
1236,103,12,12
666,1276,12,12
733,1231,12,12
1236,103,12,12
733,1231,12,12
1158,840,12,12
302,749,12,12
733,1231,12,12
733,1231,12,12
1236,1217,12,12
1043,454,12,12
733,1231,12,12
103,525,12,12
834,1196,12,12
525,103,12,12
733,454,12,12
454,1043,12,12
1281,1173,12,12
1236,1224,12,12
834,621,12,12
323,298,12,12
525,103,12,12
1236,1005,12,12
1281,950,12,12
733,302,12,12
1189,1260,12,12
834,1234,12,12
349,32,12,12
733,1231,12,12
1236,282,12,12
733,454,12,12
733,302,12,12
733,302,12,12
1189,689,12,12
525,103,12,12
1043,454,12,12
733,1231,12,12
323,758,12,12
103,525,12,12
1224,483,12,12
1105,199,12,12
733,1231,12,12
1189,475,12,12
1189,598,12,12
733,302,12,12
323,298,12,12
1189,882,12,12
733,1231,12,12
733,302,12,12
1236,1224,12,12
733,302,12,12
1255,878,12,12
454,1043,12,12
733,1231,12,12
323,308,12,12
323,308,12,12
282,109,12,12
468,475,12,12
323,308,12,12
475,1189,12,12
475,468,12,12
878,1255,12,12
733,1231,12,12
1105,475,12,12
733,1255,12,12
954,652,12,12
475,1105,12,12
954,103,12,12
1224,536,12,12
760,590,12,12
1043,454,12,12
834,1234,12,12
1234,834,12,12
733,1231,12,12
1255,878,12,12
1105,475,12,12
282,34,12,12
297,999,12,12
878,1255,12,12
704,1295,12,12
323,308,12,12
193,233,12,12
1255,878,12,12
475,1105,12,12
704,1296,12,12
878,1255,12,12
792,1297,12,12
964,1202,12,12
834,1234,12,12
704,1298,12,12
379,32,12,12
199,1105,12,12
1105,475,12,12
1105,199,12,12
546,454,12,12
19,1299,12,12
733,1231,12,12
199,1105,12,12
1178,1189,12,12
1113,1255,12,12
686,950,12,12
199,1183,12,12
272,654,12,12
1105,199,12,12
272,468,12,12
733,1231,12,12
733,1231,12,12
272,605,12,12
733,1255,12,12
1255,878,12,12
199,1105,12,12
1113,1255,12,12
686,234,12,12
878,1255,12,12
1113,1255,12,12
638,590,12,12
733,1231,12,12
1189,475,12,12
733,1255,12,12
323,298,12,12
323,298,12,12
1183,234,12,12
1255,878,12,12
1183,234,12,12
1183,234,12,12
733,1231,12,12
733,475,12,12
323,298,12,12
199,1234,12,12
1161,794,12,12
323,298,12,12
142,1260,12,12
483,1189,12,12
733,1231,12,12
483,1224,12,12
555,590,12,12
733,1231,12,12
555,440,12,12
323,298,12,12
1136,739,12,12
733,1231,12,12
323,298,12,12
1284,346,12,12
733,475,12,12
1136,1158,12,12
193,1299,12,12
1224,483,12,12
475,1105,12,12
1105,475,12,12
323,298,12,12
733,475,12,12
878,1255,12,12
1113,1255,12,12
483,199,12,12
878,848,12,12
483,1224,12,12
527,923,12,12
1105,475,12,12
323,298,12,12
323,298,12,12
483,199,12,12
475,1105,12,12
475,1105,12,12
950,686,12,12
483,199,12,12
638,1300,12,12
1105,475,12,12
733,475,12,12
252,1056,12,12
1286,1231,12,12
281,263,12,12
263,281,12,12
475,1105,12,12
254,1260,12,12
1105,475,12,12
1286,1231,12,12
638,254,12,12
654,272,12,12
475,1105,12,12
72,1253,12,12
733,475,12,12
1260,254,12,12
281,263,12,12
1105,475,12,12
254,1260,12,12
323,298,12,12
272,654,12,12
1260,254,12,12
638,254,12,12
654,272,12,12
654,272,12,12
254,1260,12,12
1105,475,12,12
546,638,12,12
281,263,12,12
638,1300,12,12
638,546,12,12
1260,254,12,12
475,1105,12,12
1300,638,12,12
475,1105,12,12
638,1300,12,12
323,298,12,12
323,298,12,12
546,638,12,12
1300,638,12,12
733,475,12,12
733,475,12,12
638,546,12,12
1105,475,12,12
733,475,12,12
778,974,12,12
835,725,12,12
323,298,12,12
778,638,12,12
638,778,12,12
254,1260,12,12
271,194,12,12
323,298,12,12
792,841,12,12
1227,333,12,12
1260,254,12,12
475,1105,12,12
323,298,12,12
254,1260,12,12
1281,950,12,12
1105,475,12,12
323,298,12,12
323,298,12,12
475,1105,12,12
990,1142,12,12
1260,254,12,12
323,298,12,12
1227,32,12,12
254,1260,12,12
323,298,12,12
1105,475,12,12
323,298,12,12
475,1105,12,12
1105,475,12,12
1038,638,12,12
263,281,12,12
1105,475,12,12
323,298,12,12
392,321,12,12
778,438,12,12
1105,475,12,12
323,298,12,12
475,1105,12,12
778,540,12,12
323,298,12,12
1105,475,12,12
323,298,12,12
323,298,12,12
475,1105,12,12
323,298,12,12
585,495,12,12
323,298,12,12
1105,475,12,12
323,298,12,12
475,1105,12,12
323,298,12,12
323,298,12,12
1105,475,12,12
475,1105,12,12
249,1260,12,12
1231,704,12,12
323,298,12,12
323,298,12,12
1105,475,12,12
1105,475,12,12
475,1105,12,12
323,298,12,12
475,1105,12,12
392,72,12,12
1105,475,12,12
323,298,12,12
475,1105,12,12
1264,1283,12,12
323,367,12,12
1105,475,12,12
475,1105,12,12
321,392,12,12
1105,475,12,12
321,212,12,12
1105,475,12,12
72,392,12,12
1281,950,12,12
701,1051,12,12
475,1105,12,12
1051,701,12,12
1181,325,12,12
1295,704,12,12
323,741,12,12
701,1051,12,12
741,323,12,12
475,468,12,12
1105,475,12,12
475,1105,12,12
323,741,12,12
475,1105,12,12
1227,1018,12,12
325,1181,12,12
1105,475,12,12
741,323,12,12
1297,1301,12,12
323,741,12,12
1158,1136,12,12
741,323,12,12
741,1280,12,12
1183,42,12,12
1248,654,12,12
48,621,12,12
1281,701,12,12
1281,1248,12,12
1281,1248,12,12
377,1283,12,12
1281,1173,12,12
1281,1173,12,12
1281,1173,12,12
609,638,12,12
809,779,12,12
50,1253,12,12
781,281,12,12
1280,741,12,12
1280,281,12,12
1196,834,12,12
1291,1295,12,12
1281,1173,12,12
912,1285,12,12
269,1045,12,12
269,90,12,12
1058,1142,12,12
1058,1142,12,12
1058,1142,12,12
473,372,12,12
41,1255,12,12
994,1298,12,12
576,1167,12,12
233,193,12,12
679,393,12,12
994,639,12,12
32,349,12,12
32,379,12,12
32,1227,12,12
1181,325,12,12
994,315,12,12
638,609,12,12
700,605,12,12
700,704,12,12
994,1284,12,12
277,778,12,12
1126,994,12,12
1042,1260,12,12
1042,615,12,12
834,1196,12,12
810,576,12,12
994,536,12,12
561,176,12,12
713,325,12,12
509,758,12,12
198,1302,12,12
713,666,12,12
713,1127,12,12
713,1185,12,12
713,1158,12,12
713,919,12,12
281,1280,12,12
281,781,12,12
281,263,12,12
713,1036,12,12
1185,199,12,12
713,1263,12,12
701,997,12,12
713,1241,12,12
701,1185,12,12
713,950,12,12
713,762,12,12
997,701,12,12
997,415,12,12
1234,834,12,12
686,950,12,12
701,997,12,12
701,341,12,12
1185,1227,12,12
1234,199,12,12
758,509,12,12
1185,701,12,12
1284,994,12,12
394,42,12,12
997,701,12,12
12,997,12,12
834,1234,12,12
152,1158,12,12
103,1302,12,12
194,271,12,12
30,1176,12,12
1014,30,12,12
704,1231,12,12
704,1295,12,12
103,1244,12,12
30,1014,12,12
1014,30,12,12
30,1014,12,12
1014,30,12,12
193,523,12,12
569,194,12,12
193,233,12,12
1190,254,12,12
95,63,12,12
903,1297,12,12
683,758,12,12
95,712,12,12
1246,963,12,12
1246,963,12,12
95,154,12,12
199,1185,12,12
199,1234,12,12
547,713,12,12
859,318,12,12
9,683,12,12
1303,598,12,12
95,1246,12,12
590,555,12,12
1234,199,12,12
1246,95,12,12
958,621,12,12
199,1234,12,12
1246,547,12,12
758,683,12,12
547,1246,12,12
36,1281,12,12
12,997,12,12
249,1304,12,12
249,1295,12,12
536,994,12,12
958,704,12,12
483,1224,12,12
699,1264,12,12
616,306,12,12
701,997,12,12
701,1185,12,12
1114,1188,12,12
701,1021,12,12
1185,199,12,12
859,95,12,12
1185,701,12,12
1253,357,12,12
1246,95,12,12
1253,72,12,12
781,281,12,12
1246,547,12,12
1253,50,12,12
781,1244,12,12
859,95,12,12
220,346,12,12
1253,1173,12,12
1246,95,12,12
704,958,12,12
220,346,12,12
666,713,12,12
1137,1127,12,12
683,758,12,12
654,1248,12,12
209,1255,12,12
209,242,12,12
26,404,12,12
415,997,12,12
63,95,12,12
1253,644,12,12
1231,704,12,12
701,372,12,12
701,224,12,12
1248,654,12,12
1260,1042,12,12
281,781,12,12
1280,281,12,12
928,41,12,12
681,590,12,12
249,358,12,12
1069,542,12,12
781,281,12,12
105,701,12,12
105,1181,12,12
997,701,12,12
341,701,12,12
105,697,12,12
105,621,12,12
105,1021,12,12
963,1246,12,12
1003,1199,12,12
1246,105,12,12
103,1231,12,12
1190,254,12,12
1246,963,12,12
1246,105,12,12
1190,1062,12,12
1190,551,12,12
701,105,12,12
1190,42,12,12
257,1214,12,12
257,142,12,12
105,701,12,12
701,105,12,12
1246,963,12,12
462,1299,12,12
462,605,12,12
1207,19,12,12
398,1291,12,12
1246,963,12,12
42,1224,12,12
760,590,12,12
802,318,12,12
42,483,12,12
227,1234,12,12
42,1224,12,12
1185,1019,12,12
1231,103,12,12
1279,644,12,12
42,1224,12,12
1190,254,12,12
1189,389,12,12
1190,42,12,12
1287,781,12,12
1287,1253,12,12
42,1224,12,12
1234,227,12,12
1113,1207,12,12
980,544,12,12
42,1224,12,12
103,1231,12,12
536,1224,12,12
1224,536,12,12
1231,103,12,12
103,1231,12,12
468,475,12,12
1231,103,12,12
103,1231,12,12
704,1231,12,12
1231,704,12,12
1207,1080,12,12
704,1231,12,12
285,1255,12,12
547,1260,12,12
547,63,12,12
681,1185,12,12
547,1260,12,12
950,1281,12,12
1100,1248,12,12
42,1224,12,12
1224,42,12,12
1248,1100,12,12
1100,1248,12,12
454,1043,12,12
281,1280,12,12
415,1231,12,12
1297,903,12,12
704,1302,12,12
933,1214,12,12
323,298,12,12
323,298,12,12
323,741,12,12
298,687,12,12
323,298,12,12
72,1253,12,12
1214,933,12,12
815,1305,12,12
323,298,12,12
323,298,12,12
1173,654,12,12
42,72,12,12
42,1302,12,12
1281,950,12,12
1306,704,12,12
323,298,12,12
42,1307,12,12
323,298,12,12
42,1308,12,12
1306,990,12,12
323,298,12,12
323,298,12,12
1042,1260,12,12
1036,713,12,12
42,63,12,12
1113,990,12,12
644,1253,12,12
644,1279,12,12
42,1309,12,12
1113,1214,12,12
536,1224,12,12
621,958,12,12
1255,41,12,12
1255,209,12,12
103,799,12,12
1224,536,12,12
621,48,12,12
257,1178,12,12
409,687,12,12
523,724,12,12
69,1296,12,12
621,105,12,12
356,1255,12,12
1302,704,12,12
1302,103,12,12
1302,198,12,12
704,1302,12,12
103,1302,12,12
257,1178,12,12
257,1178,12,12
423,815,12,12
1260,1042,12,12
1227,1185,12,12
257,1178,12,12
815,423,12,12
1042,1260,12,12
257,1178,12,12
423,815,12,12
1260,1042,12,12
423,536,12,12
815,423,12,12
257,1178,12,12
257,1178,12,12
409,1032,12,12
257,1178,12,12
474,1310,12,12
1042,1260,12,12
398,771,12,12
63,41,12,12
1189,899,12,12
474,356,12,12
398,771,12,12
63,1310,12,12
1087,1270,12,12
1310,474,12,12
356,474,12,12
1087,1284,12,12
1310,63,12,12
1,1271,12,12
1260,1042,12,12
63,1310,12,12
3,176,12,12
398,465,12,12
465,398,12,12
3,323,12,12
1246,963,12,12
1042,1260,12,12
398,465,12,12
465,398,12,12
398,465,12,12
474,356,12,12
1260,1042,12,12
465,398,12,12
398,465,12,12
474,1310,12,12
1042,1260,12,12
1260,1042,12,12
834,1246,12,12
1042,1260,12,12
713,1158,12,12
1246,834,12,12
1260,1042,12,12
257,719,12,12
1042,1260,12,12
1260,32,12,12
725,1260,12,12
1260,1042,12,12
719,1260,12,12
719,931,12,12
719,931,12,12
257,719,12,12
1042,1260,12,12
1260,719,12,12
1260,719,12,12
1311,713,12,12
1260,1042,12,12
41,1255,12,12
41,63,12,12
242,209,12,12
1042,1260,12,12
605,272,12,12
242,454,12,12
1118,994,12,12
1260,1042,12,12
605,462,12,12
1042,1260,12,12
1142,990,12,12
1260,1042,12,12
719,1260,12,12
1042,1260,12,12
1260,719,12,12
1286,704,12,12
1260,1042,12,12
719,1260,12,12
1042,1260,12,12
257,719,12,12
1260,1042,12,12
1118,1103,12,12
1042,1260,12,12
712,95,12,12
1260,1042,12,12
67,1302,12,12
67,1296,12,12
67,697,12,12
233,193,12,12
1042,1260,12,12
1042,1260,12,12
1241,713,12,12
1260,1042,12,12
678,212,12,12
1042,1260,12,12
32,1260,12,12
678,1302,12,12
1302,678,12,12
678,1302,12,12
194,1279,12,12
67,1302,12,12
1260,1042,12,12
67,697,12,12
679,954,12,12
1260,32,12,12
1042,1260,12,12
679,465,12,12
67,32,12,12
1042,1260,12,12
1260,1042,12,12
1126,1302,12,12
1260,1042,12,12
1260,1042,12,12
32,1260,12,12
1260,32,12,12
1260,1042,12,12
1302,678,12,12
1042,1260,12,12
1042,1260,12,12
678,1302,12,12
32,1260,12,12
1302,678,12,12
1042,1260,12,12
1042,1260,12,12
1118,644,12,12
1312,1091,12,12
1260,1042,12,12
1260,32,12,12
67,697,12,12
1260,1042,12,12
1260,1042,12,12
983,985,12,12
1043,454,12,12
1118,644,12,12
1042,1260,12,12
398,725,12,12
1042,1260,12,12
32,1260,12,12
687,298,12,12
1042,1260,12,12
1312,1313,12,12
1042,1260,12,12
72,1253,12,12
103,954,12,12
44,1271,12,12
1310,474,12,12
1260,32,12,12
1215,398,12,12
103,954,12,12
1215,398,12,12
103,1313,12,12
103,853,12,12
1215,103,12,12
974,778,12,12
1215,103,12,12
1126,103,12,12
1126,103,12,12
474,1310,12,12
398,834,12,12
1126,103,12,12
483,1189,12,12
1126,103,12,12
329,415,12,12
1215,103,12,12
1215,398,12,12
398,1260,12,12
1279,194,12,12
797,63,12,12
1253,1287,12,12
1260,398,12,12
398,1260,12,12
398,1260,12,12
1253,644,12,12
1253,72,12,12
1260,398,12,12
41,713,12,12
563,654,12,12
398,1260,12,12
103,1302,12,12
142,329,12,12
103,1130,12,12
697,912,12,12
142,144,12,12
697,782,12,12
103,1216,12,12
1260,398,12,12
697,719,12,12
1118,341,12,12
1215,398,12,12
103,1078,12,12
1215,103,12,12
398,1260,12,12
103,954,12,12
1302,103,12,12
103,1302,12,12
598,357,12,12
598,1071,12,12
199,848,12,12
103,1302,12,12
598,704,12,12
719,697,12,12
128,242,12,12
912,697,12,12
342,142,12,12
799,103,12,12
704,598,12,12
644,1253,12,12
697,719,12,12
697,912,12,12
719,697,12,12
697,719,12,12
342,815,12,12
654,1173,12,12
103,617,12,12
919,644,12,12
644,919,12,12
644,919,12,12
53,646,12,12
1215,398,12,12
53,1314,12,12
1215,103,12,12
1215,398,12,12
242,128,12,12
95,63,12,12
782,697,12,12
32,1260,12,12
1298,704,12,12
1272,302,12,12
1298,994,12,12
782,721,12,12
342,142,12,12
1268,1313,12,12
697,782,12,12
912,697,12,12
781,408,12,12
697,912,12,12
128,242,12,12
912,697,12,12
462,605,12,12
142,997,12,12
323,298,12,12
782,697,12,12
142,1121,12,12
242,128,12,12
128,242,12,12
704,1298,12,12
1298,704,12,12
462,638,12,12
1195,103,12,12
704,1298,12,12
242,128,12,12
638,462,12,12
1118,1034,12,12
142,415,12,12
1302,1315,12,12
801,1246,12,12
1315,1302,12,12
1313,103,12,12
323,1297,12,12
1298,704,12,12
462,638,12,12
32,358,12,12
1312,1313,12,12
63,797,12,12
969,1189,12,12
63,95,12,12
323,1297,12,12
323,298,12,12
638,462,12,12
323,298,12,12
193,63,12,12
462,638,12,12
309,80,12,12
1189,969,12,12
249,358,12,12
249,1304,12,12
502,41,12,12
128,242,12,12
323,298,12,12
503,41,12,12
249,1231,12,12
503,103,12,12
503,74,12,12
193,233,12,12
323,298,12,12
1272,441,12,12
638,462,12,12
1312,1313,12,12
103,1313,12,12
1261,725,12,12
323,298,12,12
462,638,12,12
323,298,12,12
503,739,12,12
323,298,12,12
800,1256,12,12
503,103,12,12
503,398,12,12
969,1189,12,12
323,298,12,12
1236,1185,12,12
1189,969,12,12
323,1297,12,12
323,298,12,12
323,298,12,12
547,1260,12,12
323,1297,12,12
503,103,12,12
503,103,12,12
503,398,12,12
254,358,12,12
323,298,12,12
283,1284,12,12
323,1297,12,12
1195,103,12,12
323,298,12,12
586,194,12,12
323,1297,12,12
990,1142,12,12
871,502,12,12
323,298,12,12
871,502,12,12
323,1297,12,12
1195,103,12,12
194,586,12,12
323,298,12,12
323,298,12,12
871,502,12,12
323,1297,12,12
503,103,12,12
323,298,12,12
503,1316,12,12
323,298,12,12
308,739,12,12
249,1304,12,12
323,1297,12,12
871,1302,12,12
1195,103,12,12
503,103,12,12
323,298,12,12
1313,103,12,12
103,1313,12,12
503,1316,12,12
1246,719,12,12
323,1297,12,12
323,298,12,12
1195,103,12,12
503,103,12,12
1316,1039,12,12
323,298,12,12
503,1316,12,12
1076,1082,12,12
323,298,12,12
323,1297,12,12
503,103,12,12
733,1244,12,12
323,298,12,12
257,142,12,12
323,758,12,12
679,465,12,12
503,103,12,12
323,298,12,12
323,1297,12,12
871,926,12,12
323,298,12,12
733,638,12,12
323,758,12,12
48,621,12,12
175,224,12,12
323,298,12,12
697,782,12,12
697,782,12,12
733,175,12,12
697,912,12,12
323,758,12,12
323,1297,12,12
1255,356,12,12
1255,41,12,12
323,298,12,12
323,298,12,12
323,758,12,12
323,1297,12,12
733,475,12,12
323,1297,12,12
782,697,12,12
323,1297,12,12
733,475,12,12
323,1297,12,12
596,1284,12,12
323,298,12,12
323,1297,12,12
323,1297,12,12
257,615,12,12
871,1026,12,12
733,475,12,12
733,713,12,12
323,758,12,12
281,358,12,12
257,615,12,12
323,1297,12,12
1231,557,12,12
733,713,12,12
810,1021,12,12
557,1231,12,12
105,621,12,12
323,1297,12,12
1231,557,12,12
91,1237,12,12
105,1181,12,12
557,1231,12,12
1231,557,12,12
557,1231,12,12
323,1297,12,12
1236,1189,12,12
1231,557,12,12
323,1297,12,12
557,1231,12,12
912,697,12,12
1231,557,12,12
338,1302,12,12
557,1231,12,12
675,462,12,12
323,1297,12,12
477,1271,12,12
1231,557,12,12
477,526,12,12
675,462,12,12
323,1297,12,12
815,950,12,12
194,353,12,12
557,1231,12,12
90,269,12,12
323,1297,12,12
1136,739,12,12
353,194,12,12
1231,557,12,12
353,194,12,12
598,560,12,12
353,392,12,12
560,598,12,12
323,1297,12,12
109,282,12,12
323,1297,12,12
706,484,12,12
323,1297,12,12
1004,194,12,12
323,1297,12,12
596,605,12,12
596,782,12,12
323,1297,12,12
298,573,12,12
573,298,12,12
298,573,12,12
725,1260,12,12
573,298,12,12
782,596,12,12
454,242,12,12
454,1043,12,12
298,573,12,12
323,1297,12,12
60,1173,12,12
212,678,12,12
1274,1273,12,12
1264,699,12,12
1317,1318,12,12
950,815,12,12
596,782,12,12
1319,224,12,12
792,1185,12,12
1103,425,12,12
1043,454,12,12
392,321,12,12
392,72,12,12
392,353,12,12
323,341,12,12
1280,281,12,12
1087,1284,12,12
1320,952,12,12
353,392,12,12
1087,1132,12,12
198,1302,12,12
281,1280,12,12
392,353,12,12
1118,1103,12,12
792,841,12,12
1280,281,12,12
281,1280,12,12
198,1321,12,12
1280,281,12,12
392,1315,12,12
72,1253,12,12
72,392,12,12
912,375,12,12
392,72,12,12
281,1280,12,12
586,1316,12,12
1246,834,12,12
72,392,12,12
323,281,12,12
1246,963,12,12
1246,801,12,12
323,281,12,12
323,281,12,12
1280,281,12,12
323,281,12,12
392,72,12,12
1284,596,12,12
871,392,12,12
57,596,12,12
871,1103,12,12
1315,392,12,12
72,392,12,12
871,392,12,12
793,1230,12,12
1190,254,12,12
792,841,12,12
871,1260,12,12
871,969,12,12
871,969,12,12
871,969,12,12
1190,50,12,12
704,1322,12,12
871,969,12,12
871,969,12,12
871,969,12,12
871,978,12,12
1,1271,12,12
392,1315,12,12
644,719,12,12
392,72,12,12
544,1273,12,12
1274,840,12,12
1317,1244,12,12
1244,1317,12,12
277,644,12,12
704,596,12,12
498,823,12,12
938,1323,12,12
422,1041,12,12
1323,938,12,12
1041,422,12,12
422,1041,12,12
422,386,12,12
1041,422,12,12
422,1041,12,12
1246,963,12,12
1246,963,12,12
1246,963,12,12
12,1042,12,12
12,142,12,12
42,72,12,12
12,415,12,12
1185,555,12,12
42,415,12,12
80,309,12,12
1270,194,12,12
815,950,12,12
342,544,12,12
596,57,12,12
596,704,12,12
1302,338,12,12
950,815,12,12
353,372,12,12
1302,198,12,12
1268,1313,12,12
1302,704,12,12
353,1284,12,12
964,160,12,12
375,912,12,12
357,1253,12,12
1189,375,12,12
1271,477,12,12
725,638,12,12
725,835,12,12
1246,963,12,12
350,343,12,12
1185,375,12,12
209,242,12,12
1310,1246,12,12
1246,1310,12,12
596,193,12,12
454,1043,12,12
198,1302,12,12
1246,1310,12,12
1246,1310,12,12
1190,738,12,12
1190,738,12,12
997,142,12,12
1315,392,12,12
72,392,12,12
834,1280,12,12
1310,802,12,12
357,525,12,12
1310,561,12,12
357,638,12,12
358,32,12,12
358,254,12,12
358,281,12,12
357,358,12,12
193,596,12,12
193,378,12,12
224,175,12,12
9,1261,12,12
9,1279,12,12
281,358,12,12
281,1280,12,12
1127,454,12,12
143,1037,12,12
357,525,12,12
357,525,12,12
357,525,12,12
1284,353,12,12
525,357,12,12
357,1284,12,12
357,974,12,12
1280,834,12,12
1280,281,12,12
277,644,12,12
638,357,12,12
277,644,12,12
725,638,12,12
942,919,12,12
942,63,12,12
1246,834,12,12
1173,654,12,12
942,63,12,12
1142,990,12,12
1173,60,12,12
654,1173,12,12
942,1314,12,12
1287,1253,12,12
277,644,12,12
1317,781,12,12
942,63,12,12
281,1280,12,12
454,1127,12,12
1298,394,12,12
1113,638,12,12
638,725,12,12
277,644,12,12
105,1181,12,12
1113,638,12,12
394,1298,12,12
834,1280,12,12
856,1176,12,12
394,738,12,12
1126,1302,12,12
220,1310,12,12
341,1280,12,12
1043,454,12,12
1246,963,12,12
53,1314,12,12
509,758,12,12
1246,834,12,12
1302,198,12,12
306,616,12,12
1280,341,12,12
249,1324,12,12
1187,353,12,12
1187,1183,12,12
1187,1131,12,12
1187,1284,12,12
1280,834,12,12
114,770,12,12
375,1189,12,12
375,1185,12,12
1280,281,12,12
254,358,12,12
990,1142,12,12
1237,199,12,12
372,473,12,12
1237,1227,12,12
1237,91,12,12
834,1280,12,12
372,353,12,12
1281,1310,12,12
454,1043,12,12
1280,834,12,12
281,1280,12,12
704,1324,12,12
1280,281,12,12
1284,1187,12,12
357,638,12,12
1284,793,12,12
793,1284,12,12
834,1280,12,12
1317,72,12,12
793,1284,12,12
69,357,12,12
1280,834,12,12
1284,793,12,12
834,1280,12,12
1280,834,12,12
834,1280,12,12
1284,585,12,12
281,1271,12,12
1280,834,12,12
834,1280,12,12
793,1284,12,12
1284,793,12,12
793,1284,12,12
1280,834,12,12
1252,1231,12,12
834,1280,12,12
1284,793,12,12
793,1284,12,12
1325,1326,12,12
760,212,12,12
357,638,12,12
638,1317,12,12
802,1310,12,12
249,886,12,12
1327,282,12,12
1246,415,12,12
249,1302,12,12
394,393,12,12
1317,638,12,12
1317,1244,12,12
249,713,12,12
394,393,12,12
67,1296,12,12
199,1237,12,12
545,1328,12,12
1244,1317,12,12
1328,545,12,12
1328,545,12,12
545,1328,12,12
378,193,12,12
1328,545,12,12
1215,949,12,12
249,817,12,12
249,454,12,12
1326,1325,12,12
249,817,12,12
585,1284,12,12
249,605,12,12
249,547,12,12
598,652,12,12
598,62,12,12
598,84,12,12
249,1295,12,12
598,1189,12,12
598,1303,12,12
598,878,12,12
481,1284,12,12
1043,454,12,12
1248,919,12,12
1312,103,12,12
454,1043,12,12
1312,103,12,12
1329,1271,12,12
50,102,12,12
481,50,12,12
1050,495,12,12
142,997,12,12
50,481,12,12
1329,477,12,12
481,50,12,12
12,598,12,12
1246,719,12,12
1328,277,12,12
42,1117,12,12
719,1246,12,12
1042,1330,12,12
638,285,12,12
1246,719,12,12
1328,495,12,12
919,1248,12,12
160,964,12,12
1331,1168,12,12
481,50,12,12
50,481,12,12
50,481,12,12
1043,454,12,12
1246,228,12,12
454,1043,12,12
1328,285,12,12
539,495,12,12
1043,454,12,12
1246,228,12,12
454,1043,12,12
1118,1103,12,12
749,474,12,12
481,50,12,12
1246,228,12,12
1246,719,12,12
50,481,12,12
481,50,12,12
933,1214,12,12
1246,228,12,12
42,495,12,12
342,495,12,12
1231,1252,12,12
228,194,12,12
50,1227,12,12
228,1246,12,12
1227,50,12,12
679,1248,12,12
389,1189,12,12
1043,454,12,12
194,228,12,12
194,1270,12,12
194,1004,12,12
44,228,12,12
44,514,12,12
964,160,12,12
199,212,12,12
1032,598,12,12
454,1043,12,12
228,194,12,12
1043,454,12,12
454,1043,12,12
725,638,12,12
1043,454,12,12
1231,704,12,12
50,1227,12,12
228,498,12,12
454,1043,12,12
498,228,12,12
1227,50,12,12
498,495,12,12
1272,1260,12,12
228,498,12,12
1214,933,12,12
1043,454,12,12
1246,228,12,12
498,228,12,12
454,1043,12,12
194,353,12,12
1252,1231,12,12
771,398,12,12
67,1296,12,12
398,771,12,12
1043,454,12,12
454,1043,12,12
228,498,12,12
67,1296,12,12
700,605,12,12
687,409,12,12
114,770,12,12
700,1253,12,12
1043,454,12,12
454,1043,12,12
103,973,12,12
67,97,12,12
1043,454,12,12
234,1183,12,12
234,686,12,12
1312,103,12,12
249,454,12,12
704,1231,12,12
1113,1214,12,12
1323,1129,12,12
303,212,12,12
242,488,12,12
1272,1246,12,12
1043,97,12,12
912,375,12,12
1312,103,12,12
704,377,12,12
704,377,12,12
454,1043,12,12
474,749,12,12
97,1043,12,12
701,341,12,12
713,1158,12,12
713,1158,12,12
697,782,12,12
942,919,12,12
209,242,12,12
536,423,12,12
536,1224,12,12
63,228,12,12
1213,1026,12,12
41,502,12,12
41,1255,12,12
738,394,12,12
114,770,12,12
594,242,12,12
314,542,12,12
1316,586,12,12
314,1296,12,12
640,1253,12,12
423,536,12,12
1235,638,12,12
423,815,12,12
1032,1186,12,12
536,423,12,12
285,1328,12,12
701,50,12,12
50,701,12,12
193,378,12,12
586,1316,12,12
296,194,12,12
1231,704,12,12
1186,1032,12,12
640,712,12,12
353,1283,12,12
640,617,12,12
701,50,12,12
697,923,12,12
1032,1186,12,12
1213,1032,12,12
1213,1032,12,12
353,296,12,12
50,701,12,12
1213,1032,12,12
245,1283,12,12
701,50,12,12
1043,454,12,12
353,793,12,12
1283,353,12,12
1032,1186,12,12
1281,701,12,12
50,701,12,12
1281,701,12,12
333,1227,12,12
425,1103,12,12
353,1283,12,12
1290,596,12,12
1332,1255,12,12
249,454,12,12
1332,1255,12,12
1332,1255,12,12
770,1217,12,12
1255,1332,12,12
770,938,12,12
1281,1283,12,12
1332,1255,12,12
1316,586,12,12
1190,738,12,12
834,314,12,12
296,353,12,12
1271,1329,12,12
358,281,12,12
358,254,12,12
358,357,12,12
586,1316,12,12
514,654,12,12
766,181,12,12
514,626,12,12
454,1043,12,12
626,514,12,12
766,372,12,12
249,454,12,12
509,272,12,12
1255,1332,12,12
1043,454,12,12
1021,701,12,12
1021,105,12,12
1118,598,12,12
514,626,12,12
1281,1283,12,12
1270,194,12,12
600,1332,12,12
281,358,12,12
626,514,12,12
514,626,12,12
342,626,12,12
342,626,12,12
621,105,12,12
9,598,12,12
9,1312,12,12
621,48,12,12
483,782,12,12
483,1189,12,12
679,50,12,12
1332,1255,12,12
249,654,12,12
754,903,12,12
754,1332,12,12
454,1043,12,12
810,1021,12,12
1333,1145,12,12
1026,184,12,12
1043,454,12,12
1127,318,12,12
454,1043,12,12
193,658,12,12
1333,1145,12,12
1127,415,12,12
495,68,12,12
103,1334,12,12
114,770,12,12
495,1185,12,12
114,103,12,12
142,654,12,12
114,103,12,12
495,542,12,12
142,514,12,12
350,626,12,12
1043,454,12,12
454,1043,12,12
1286,1335,12,12
1312,103,12,12
1113,1214,12,12
174,1260,12,12
1043,454,12,12
1113,495,12,12
1113,1255,12,12
1312,103,12,12
1113,1255,12,12
1334,1255,12,12
1,312,12,12
1255,1334,12,12
1312,103,12,12
1113,1255,12,12
1087,353,12,12
1312,103,12,12
1312,103,12,12
719,1336,12,12
1113,1255,12,12
1113,1214,12,12
1113,353,12,12
1113,1255,12,12
1336,725,12,12
639,1127,12,12
1113,353,12,12
1189,375,12,12
1113,1255,12,12
1189,598,12,12
615,1026,12,12
738,393,12,12
1113,1255,12,12
32,1336,12,12
1334,1068,12,12
639,388,12,12
1113,1255,12,12
495,585,12,12
617,103,12,12
103,1280,12,12
617,640,12,12
103,617,12,12
725,1336,12,12
617,103,12,12
103,617,12,12
617,103,12,12
1280,103,12,12
617,644,12,12
495,1050,12,12
103,617,12,12
431,617,12,12
617,103,12,12
103,1280,12,12
1312,103,12,12
495,498,12,12
103,617,12,12
431,617,12,12
1312,103,12,12
950,495,12,12
353,950,12,12
495,950,12,12
308,701,12,12
950,353,12,12
341,701,12,12
495,950,12,12
1312,103,12,12
431,617,12,12
1280,103,12,12
950,495,12,12
1190,738,12,12
950,495,12,12
1126,1302,12,12
1102,514,12,12
1190,551,12,12
103,1280,12,12
1280,103,12,12
431,617,12,12
1113,1214,12,12
923,697,12,12
1113,495,12,12
686,234,12,12
697,923,12,12
1312,103,12,12
220,1310,12,12
569,1337,12,12
1244,296,12,12
923,697,12,12
646,495,12,12
1113,1214,12,12
431,617,12,12
923,697,12,12
431,617,12,12
569,1337,12,12
1113,1214,12,12
1190,288,12,12
353,950,12,12
482,799,12,12
654,142,12,12
482,1005,12,12
482,546,12,12
1113,1214,12,12
1043,495,12,12
323,341,12,12
908,332,12,12
950,353,12,12
1113,1214,12,12
797,63,12,12
681,617,12,12
296,1244,12,12
1113,1214,12,12
871,392,12,12
871,1302,12,12
142,654,12,12
341,353,12,12
1255,1335,12,12
353,341,12,12
68,495,12,12
1113,1214,12,12
341,353,12,12
654,142,12,12
1113,1214,12,12
353,950,12,12
249,1295,12,12
1113,1214,12,12
871,1097,12,12
871,513,12,12
569,296,12,12
1113,1214,12,12
212,439,12,12
1302,1126,12,12
482,3,12,12
378,193,12,12
342,495,12,12
1113,1214,12,12
971,609,12,12
353,341,12,12
971,199,12,12
353,1326,12,12
503,41,12,12
1247,704,12,12
415,475,12,12
254,358,12,12
503,617,12,12
871,1302,12,12
475,415,12,12
321,392,12,12
1246,99,12,12
1281,1173,12,12
503,1217,12,12
341,353,12,12
42,495,12,12
871,1097,12,12
142,654,12,12
63,797,12,12
42,1183,12,12
503,41,12,12
871,495,12,12
42,1183,12,12
42,1337,12,12
353,341,12,12
377,704,12,12
415,475,12,12
654,142,12,12
1283,513,12,12
358,281,12,12
199,971,12,12
358,254,12,12
254,358,12,12
245,1264,12,12
1281,1173,12,12
145,994,12,12
145,1042,12,12
431,605,12,12
503,254,12,12
245,1283,12,12
142,654,12,12
249,1255,12,12
245,60,12,12
341,353,12,12
323,341,12,12
228,63,12,12
431,605,12,12
654,142,12,12
1338,254,12,12
431,605,12,12
298,323,12,12
431,605,12,12
48,621,12,12
1281,131,12,12
1117,856,12,12
516,564,12,12
431,605,12,12
454,1043,12,12
1338,254,12,12
1325,1326,12,12
739,308,12,12
1043,454,12,12
1136,739,12,12
1325,1123,12,12
1043,454,12,12
1338,254,12,12
442,1247,12,12
431,605,12,12
454,1043,12,12
323,341,12,12
323,298,12,12
658,193,12,12
1338,254,12,12
640,617,12,12
1338,471,12,12
924,1158,12,12
1338,254,12,12
924,1158,12,12
431,605,12,12
615,1072,12,12
605,254,12,12
1338,254,12,12
254,605,12,12
605,254,12,12
431,605,12,12
1043,454,12,12
254,605,12,12
1215,398,12,12
353,372,12,12
605,254,12,12
454,1043,12,12
254,605,12,12
1326,1325,12,12
942,919,12,12
986,644,12,12
63,228,12,12
1325,1326,12,12
605,254,12,12
1043,454,12,12
1338,1034,12,12
1338,254,12,12
991,109,12,12
1338,1173,12,12
735,839,12,12
254,605,12,12
605,254,12,12
1338,1173,12,12
1338,254,12,12
254,605,12,12
605,254,12,12
1118,620,12,12
254,605,12,12
986,1310,12,12
142,654,12,12
758,509,12,12
1339,1231,12,12
272,308,12,12
53,1314,12,12
1326,353,12,12
272,654,12,12
272,605,12,12
770,1336,12,12
1338,254,12,12
1326,1325,12,12
272,509,12,12
1231,1339,12,12
1339,1231,12,12
758,50,12,12
1338,254,12,12
792,1283,12,12
1306,990,12,12
643,638,12,12
1338,254,12,12
758,298,12,12
298,758,12,12
1338,254,12,12
1083,175,12,12
758,298,12,12
282,109,12,12
638,643,12,12
638,68,12,12
298,758,12,12
1083,299,12,12
1338,254,12,12
1338,209,12,12
1283,468,12,12
254,1338,12,12
1283,468,12,12
1283,644,12,12
1283,643,12,12
1039,1316,12,12
50,758,12,12
1283,482,12,12
1283,1246,12,12
758,50,12,12
372,766,12,12
1283,1039,12,12
1113,1283,12,12
372,353,12,12
1283,121,12,12
1283,1169,12,12
758,298,12,12
1283,101,12,12
1283,142,12,12
1283,1231,12,12
50,758,12,12
598,1032,12,12
770,1283,12,12
454,1043,12,12
1283,298,12,12
1283,278,12,12
1283,713,12,12
1283,470,12,12
1283,1187,12,12
1195,1283,12,12
1283,603,12,12
447,1283,12,12
1283,254,12,12
1283,586,12,12
1283,1105,12,12
603,1283,12,12
621,48,12,12
1283,422,12,12
1283,144,12,12
871,595,12,12
1283,90,12,12
1087,1283,12,12
1283,598,12,12
758,50,12,12
1283,1168,12,12
1283,1325,12,12
1283,704,12,12
871,595,12,12
323,643,12,12
1283,1208,12,12
1283,1051,12,12
1168,1283,12,12
470,1283,12,12
298,1283,12,12
871,595,12,12
60,245,12,12
90,1283,12,12
1283,645,12,12
1283,368,12,12
323,1083,12,12
368,1283,12,12
323,1283,12,12
1169,1283,12,12
470,288,12,12
1283,1340,12,12
323,367,12,12
1283,1034,12,12
1283,297,12,12
1302,468,12,12
1283,1341,12,12
1168,1298,12,12
1283,85,12,12
770,1216,12,12
163,1283,12,12
782,654,12,12
1283,1297,12,12
1118,1283,12,12
1283,1339,12,12
27,1283,12,12
42,1294,12,12
1283,346,12,12
1118,598,12,12
1118,598,12,12
1283,801,12,12
1283,1227,12,12
144,142,12,12
598,346,12,12
1339,1283,12,12
1118,1283,12,12
1283,128,12,12
1283,242,12,12
323,991,12,12
63,26,12,12
176,1302,12,12
1118,598,12,12
770,598,12,12
1297,1283,12,12
288,470,12,12
346,598,12,12
644,1283,12,12
598,346,12,12
128,1283,12,12
1283,919,12,12
1283,758,12,12
346,220,12,12
1283,835,12,12
1118,598,12,12
770,1196,12,12
831,1187,12,12
249,1283,12,12
1283,1183,12,12
1283,654,12,12
998,1283,12,12
758,1283,12,12
1283,498,12,12
1187,831,12,12
598,353,12,12
1339,221,12,12
1283,975,12,12
1283,317,12,12
1283,1315,12,12
1283,728,12,12
1283,741,12,12
1283,1310,12,12
1286,1342,12,12
831,1187,12,12
317,1283,12,12
1283,561,12,12
561,1310,12,12
1286,1339,12,12
1187,831,12,12
1343,1342,12,12
561,1283,12,12
1283,502,12,12
986,1283,12,12
1283,1158,12,12
1283,475,12,12
1343,1342,12,12
1283,334,12,12
1283,1342,12,12
475,1283,12,12
1246,1283,12,12
1283,1270,12,12
42,1325,12,12
334,1283,12,12
1283,1244,12,12
950,353,12,12
1283,950,12,12
1286,1339,12,12
42,964,12,12
1283,1326,12,12
1283,547,12,12
1283,660,12,12
1283,325,12,12
42,1294,12,12
598,325,12,12
1283,590,12,12
1283,1097,12,12
42,1043,12,12
1283,543,12,12
1283,1167,12,12
1043,454,12,12
1283,782,12,12
1315,1283,12,12
1286,1339,12,12
1283,415,12,12
701,308,12,12
1283,560,12,12
1283,1032,12,12
701,341,12,12
1283,252,12,12
1283,1018,12,12
560,1283,12,12
1167,1283,12,12
1286,1339,12,12
770,101,12,12
323,1083,12,12
103,1342,12,12
1283,475,12,12
1281,1173,12,12
1286,1339,12,12
1343,1283,12,12
831,1187,12,12
793,353,12,12
245,881,12,12
297,1283,12,12
245,163,12,12
245,388,12,12
1325,1283,12,12
245,334,12,12
1283,297,12,12
1343,1342,12,12
1097,1283,12,12
1325,42,12,12
42,1325,12,12
753,6,12,12
561,1283,12,12
252,1283,12,12
1343,1342,12,12
245,309,12,12
1326,1283,12,12
42,1284,12,12
63,278,12,12
1283,1326,12,12
334,245,12,12
1325,42,12,12
1284,42,12,12
297,1283,12,12
1284,481,12,12
1246,834,12,12
1168,520,12,12
42,479,12,12
561,1283,12,12
1339,1344,12,12
372,1280,12,12
1344,1339,12,12
603,814,12,12
1281,73,12,12
1283,561,12,12
1339,1344,12,12
298,573,12,12
1280,372,12,12
561,1283,12,12
1344,1339,12,12
1281,74,12,12
1281,1345,12,12
172,638,12,12
1339,1344,12,12
1281,1042,12,12
814,603,12,12
1281,88,12,12
1281,73,12,12
770,495,12,12
1281,74,12,12
1344,1339,12,12
950,1283,12,12
1325,638,12,12
1283,389,12,12
1339,1344,12,12
1110,1146,12,12
603,814,12,12
1281,1042,12,12
1339,660,12,12
561,74,12,12
1344,1339,12,12
42,843,12,12
843,42,12,12
325,1283,12,12
1339,1344,12,12
388,245,12,12
325,598,12,12
1344,1339,12,12
1281,1018,12,12
843,42,12,12
814,603,12,12
1281,1018,12,12
1281,814,12,12
1339,1344,12,12
323,991,12,12
50,1281,12,12
1281,1018,12,12
1344,1339,12,12
603,814,12,12
1283,753,12,12
638,1340,12,12
1281,50,12,12
1339,1344,12,12
1132,1174,12,12
1283,843,12,12
1281,50,12,12
843,714,12,12
881,245,12,12
1283,1264,12,12
1344,1339,12,12
1281,1280,12,12
714,843,12,12
1339,1344,12,12
1281,1018,12,12
814,603,12,12
1283,1280,12,12
843,714,12,12
753,1283,12,12
1344,1339,12,12
1281,422,12,12
814,1281,12,12
1281,814,12,12
1339,1344,12,12
220,346,12,12
1281,1325,12,12
220,1310,12,12
1283,753,12,12
42,548,12,12
53,1283,12,12
843,1114,12,12
1340,42,12,12
1339,1344,12,12
350,626,12,12
1281,1325,12,12
1344,1339,12,12
42,1340,12,12
1326,1280,12,12
1344,1339,12,12
1340,42,12,12
1339,1344,12,12
53,1283,12,12
1339,1344,12,12
53,1283,12,12
42,1340,12,12
1281,814,12,12
548,42,12,12
1344,1339,12,12
1281,50,12,12
1281,1325,12,12
1339,1344,12,12
42,548,12,12
1310,220,12,12
42,638,12,12
753,1283,12,12
142,1283,12,12
53,1283,12,12
1281,1325,12,12
1317,1280,12,12
1281,495,12,12
1281,475,12,12
1281,1325,12,12
142,144,12,12
308,739,12,12
1281,475,12,12
42,475,12,12
1283,753,12,12
1281,1325,12,12
753,1283,12,12
475,42,12,12
1283,802,12,12
1317,758,12,12
1281,50,12,12
1283,753,12,12
1281,475,12,12
50,1281,12,12
1340,42,12,12
323,42,12,12
1281,50,12,12
1281,475,12,12
758,1317,12,12
753,1283,12,12
254,1283,12,12
1281,1325,12,12
1317,753,12,12
1317,753,12,12
753,1317,12,12
753,1317,12,12
1281,475,12,12
308,701,12,12
594,283,12,12
1281,1325,12,12
594,283,12,12
1281,1004,12,12
1281,1325,12,12
1281,50,12,12
392,1315,12,12
392,72,12,12
394,676,12,12
586,1283,12,12
392,321,12,12
640,569,12,12
6,753,12,12
1215,1281,12,12
1097,191,12,12
753,6,12,12
392,1051,12,12
1215,1083,12,12
1215,1287,12,12
6,753,12,12
392,42,12,12
753,6,12,12
1087,1132,12,12
6,753,12,12
375,912,12,12
560,840,12,12
42,392,12,12
753,6,12,12
278,63,12,12
42,392,12,12
42,475,12,12
6,753,12,12
42,815,12,12
1346,1314,12,12
560,297,12,12
753,6,12,12
1314,1346,12,12
63,278,12,12
1346,1314,12,12
323,741,12,12
1314,1346,12,12
1346,1314,12,12
1174,1132,12,12
309,245,12,12
912,375,12,12
1314,1346,12,12
1280,1317,12,12
1280,1326,12,12
323,42,12,12
1280,1281,12,12
392,42,12,12
1346,1314,12,12
1314,1346,12,12
42,392,12,12
323,1347,12,12
1317,781,12,12
1281,50,12,12
1346,1314,12,12
1280,1281,12,12
145,1042,12,12
1281,1280,12,12
781,1317,12,12
1280,1283,12,12
1280,1281,12,12
42,323,12,12
1281,1280,12,12
741,323,12,12
323,741,12,12
1280,1281,12,12
741,323,12,12
741,323,12,12
323,741,12,12
42,323,12,12
323,1347,12,12
1281,1280,12,12
1315,392,12,12
323,741,12,12
701,308,12,12
42,323,12,12
323,642,12,12
422,1281,12,12
422,1283,12,12
323,741,12,12
53,1314,12,12
323,642,12,12
42,323,12,12
1281,422,12,12
323,642,12,12
1281,781,12,12
323,741,12,12
53,1314,12,12
1314,1346,12,12
781,1281,12,12
1346,1314,12,12
422,1281,12,12
53,1314,12,12
1314,1346,12,12
323,1347,12,12
42,323,12,12
1346,1314,12,12
741,323,12,12
323,741,12,12
42,323,12,12
815,950,12,12
50,1281,12,12
1346,1314,12,12
42,323,12,12
53,1244,12,12
42,323,12,12
53,975,12,12
12,142,12,12
585,495,12,12
42,323,12,12
741,323,12,12
42,323,12,12
53,1281,12,12
323,741,12,12
323,741,12,12
741,323,12,12
42,323,12,12
741,323,12,12
323,741,12,12
741,323,12,12
323,741,12,12
42,323,12,12
323,741,12,12
741,323,12,12
741,323,12,12
323,741,12,12
838,644,12,12
12,415,12,12
42,1097,12,12
1253,644,12,12
1253,1287,12,12
1253,640,12,12
1253,1227,12,12
1227,1253,12,12
605,272,12,12
189,1339,12,12
1270,1283,12,12
70,944,12,12
1123,1325,12,12
131,1281,12,12
871,392,13,13
1113,70,13,13
1306,990,13,13
67,1231,13,13
67,1137,13,13
67,697,13,13
342,1097,13,13
473,372,13,13
163,245,13,13
770,495,13,13
712,640,13,13
72,1317,13,13
725,835,13,13
725,1132,13,13
454,1043,13,13
725,1018,13,13
654,272,13,13
144,142,13,13
950,815,13,13
95,1246,13,13
95,712,13,13
249,1295,13,13
640,712,13,13
509,758,13,13
1113,1348,13,13
1271,281,13,13
1042,1281,13,13
1268,644,13,13
3,482,13,13
1,477,13,13
919,1283,13,13
477,1329,13,13
42,799,13,13
477,1271,13,13
42,1334,13,13
42,964,13,13
483,782,13,13
42,1255,13,13
42,1255,13,13
353,598,13,13
353,793,13,13
1281,781,13,13
1113,933,13,13
1281,422,13,13
1281,131,13,13
1281,1042,13,13
1281,605,13,13
42,1346,13,13
26,63,13,13
42,1346,13,13
1280,497,13,13
997,142,13,13
42,626,13,13
431,59,13,13
1272,1346,13,13
1246,95,13,13
842,713,13,13
944,840,13,13
1335,1255,13,13
838,547,13,13
63,26,13,13
547,838,13,13
80,609,13,13
26,63,13,13
191,1060,13,13
42,964,13,13
408,306,13,13
408,781,13,13
809,42,13,13
53,620,13,13
42,488,13,13
809,42,13,13
53,408,13,13
652,954,13,13
408,1122,13,13
488,42,13,13
1349,366,13,13
1233,1299,13,13
644,598,13,13
257,838,13,13
372,473,13,13
793,353,13,13
220,1310,13,13
131,1281,13,13
605,1281,13,13
142,144,13,13
768,1189,13,13
142,997,13,13
1142,990,13,13
503,254,13,13
1142,1058,13,13
503,739,13,13
782,483,13,13
342,784,13,13
621,1280,13,13
142,144,13,13
431,605,13,13
431,605,13,13
431,605,13,13
973,103,13,13
1136,739,13,13
314,834,13,13
431,605,13,13
431,605,13,13
1283,1264,13,13
1042,1281,13,13
431,605,13,13
431,605,13,13
964,42,13,13
482,3,13,13
473,372,13,13
257,42,13,13
1298,1168,13,13
770,1196,13,13
1283,1350,13,13
257,1294,13,13
1281,131,13,13
1215,1283,13,13
1281,1065,13,13
114,103,13,13
609,80,13,13
1065,517,13,13
1065,586,13,13
1215,1281,13,13
1215,1350,13,13
1215,1281,13,13
1346,1314,13,13
1190,738,13,13
1325,1123,13,13
1189,502,13,13
1101,638,13,13
1189,1021,13,13
297,560,13,13
539,1021,13,13
1101,498,13,13
1189,372,13,13
372,1189,13,13
1189,1338,13,13
1189,372,13,13
372,1189,13,13
131,1281,13,13
1127,1189,13,13
1101,498,13,13
283,843,13,13
1101,297,13,13
555,352,13,13
1127,296,13,13
307,317,13,13
1101,297,13,13
1072,615,13,13
1101,297,13,13
734,617,13,13
617,734,13,13
184,1026,13,13
871,1142,13,13
734,617,13,13
871,1350,13,13
617,734,13,13
342,1097,13,13
871,734,13,13
1247,442,13,13
1158,924,13,13
871,1350,13,13
871,1350,13,13
1117,856,13,13
1101,297,13,13
871,445,13,13
871,1350,13,13
1127,296,13,13
392,42,13,13
1281,131,13,13
392,1315,13,13
1190,144,13,13
26,1176,13,13
871,392,13,13
871,1350,13,13
1068,1334,13,13
871,392,13,13
617,142,13,13
617,142,13,13
990,1142,13,13
245,1146,13,13
245,1264,13,13
617,103,13,13
1101,297,13,13
871,1142,13,13
1101,297,13,13
859,95,13,13
1190,378,13,13
1190,378,13,13
859,50,13,13
859,1287,13,13
971,199,13,13
1350,1185,13,13
233,193,13,13
873,144,13,13
307,317,13,13
1101,297,13,13
569,372,13,13
307,317,13,13
142,617,13,13
666,589,13,13
142,617,13,13
871,1351,13,13
871,971,13,13
307,317,13,13
32,379,13,13
32,1338,13,13
389,1283,13,13
32,1336,13,13
9,598,13,13
9,1338,13,13
666,616,13,13
9,1312,13,13
105,1021,13,13
644,1295,13,13
9,1265,13,13
105,621,13,13
734,617,13,13
1295,644,13,13
1185,1350,13,13
1350,1185,13,13
1185,1350,13,13
1350,1185,13,13
958,704,13,13
843,283,13,13
958,621,13,13
1352,569,13,13
1283,1350,13,13
431,617,13,13
1350,1283,13,13
1283,1350,13,13
871,843,13,13
249,1295,13,13
1350,1283,13,13
1280,621,13,13
439,212,13,13
1117,856,13,13
1283,1350,13,13
1350,1283,13,13
1283,1350,13,13
63,26,13,13
63,547,13,13
1350,1283,13,13
1189,372,13,13
1189,1127,13,13
1283,1350,13,13
1350,1283,13,13
1283,1350,13,13
1350,1283,13,13
1185,1350,13,13
569,128,13,13
1350,1185,13,13
1283,1350,13,13
704,958,13,13
1185,1350,13,13
1294,42,13,13
431,617,13,13
1350,1283,13,13
26,63,13,13
319,926,13,13
1185,1350,13,13
1350,1185,13,13
1283,1350,13,13
1350,1185,13,13
479,472,13,13
105,1353,13,13
1350,1283,13,13
547,63,13,13
36,1059,13,13
1185,1350,13,13
1283,1350,13,13
1350,1185,13,13
1350,1283,13,13
1283,1350,13,13
1350,1283,13,13
1185,1350,13,13
589,666,13,13
1350,1185,13,13
831,1049,13,13
1283,319,13,13
1185,1350,13,13
1350,1185,13,13
1113,933,13,13
1185,1350,13,13
1185,1350,13,13
1350,1185,13,13
781,408,13,13
1350,1185,13,13
781,1281,13,13
63,26,13,13
63,547,13,13
547,63,13,13
3,482,13,13
114,770,13,13
713,1158,13,13
600,80,13,13
1350,1185,13,13
908,1354,13,13
770,1291,13,13
1185,1350,13,13
1350,1185,13,13
596,193,13,13
994,831,13,13
555,856,13,13
1190,1281,13,13
831,994,13,13
297,1183,13,13
415,997,13,13
1255,42,13,13
323,339,13,13
323,339,13,13
469,463,13,13
1036,1123,13,13
547,1280,13,13
323,339,13,13
1283,337,13,13
950,1346,13,13
681,402,13,13
1346,950,13,13
53,620,13,13
547,297,13,13
337,1283,13,13
283,843,13,13
323,339,13,13
871,843,13,13
375,912,13,13
1283,337,13,13
810,1351,13,13
871,375,13,13
131,1281,13,13
871,260,13,13
193,233,13,13
871,375,13,13
1123,1036,13,13
1123,1036,13,13
1123,1036,13,13
1123,1036,13,13
1123,1036,13,13
644,1295,13,13
443,400,13,13
443,29,13,13
443,19,13,13
1136,1283,13,13
1043,454,13,13
272,605,13,13
272,654,13,13
176,523,13,13
639,740,13,13
626,42,13,13
323,950,13,13
1196,834,13,13
323,42,13,13
986,704,13,13
871,392,13,13
871,392,13,13
950,1346,13,13
986,793,13,13
950,323,13,13
871,392,13,13
986,357,13,13
810,1351,13,13
615,1072,13,13
986,19,13,13
1168,1298,13,13
323,950,13,13
810,323,13,13
454,1043,13,13
1325,1340,13,13
950,323,13,13
1118,620,13,13
1295,644,13,13
800,1072,13,13
1083,323,13,13
810,323,13,13
986,991,13,13
1346,950,13,13
871,392,13,13
323,950,13,13
871,981,13,13
323,1083,13,13
1168,291,13,13
871,392,13,13
367,323,13,13
323,367,13,13
1043,454,13,13
576,337,13,13
576,337,13,13
367,323,13,13
1168,337,13,13
12,142,13,13
644,1295,13,13
1298,1168,13,13
337,1168,13,13
644,711,13,13
142,337,13,13
29,443,13,13
337,142,13,13
337,1168,13,13
323,367,13,13
1168,337,13,13
249,1351,13,13
323,1083,13,13
1281,131,13,13
709,517,13,13
1281,163,13,13
36,1059,13,13
1049,831,13,13
32,638,13,13
103,973,13,13
547,1246,13,13
1168,337,13,13
1281,482,13,13
32,1281,13,13
1281,1246,13,13
42,626,13,13
1329,1271,13,13
638,32,13,13
42,392,13,13
1281,1280,13,13
1246,1281,13,13
42,964,13,13
1281,101,13,13
32,638,13,13
638,32,13,13
1281,1231,13,13
103,617,13,13
1281,944,13,13
1281,211,13,13
1281,155,13,13
770,1196,13,13
1281,68,13,13
42,1355,13,13
1280,1281,13,13
770,1281,13,13
1281,1280,13,13
1213,1281,13,13
42,1356,13,13
1325,1326,13,13
323,42,13,13
770,1281,13,13
42,1357,13,13
155,1281,13,13
1213,1281,13,13
1281,155,13,13
225,638,13,13
1326,1325,13,13
1281,389,13,13
1272,1281,13,13
638,225,13,13
1213,1281,13,13
1325,1326,13,13
1231,1281,13,13
389,1281,13,13
1280,1281,13,13
1272,1281,13,13
1281,389,13,13
576,1281,13,13
1281,1280,13,13
1213,1281,13,13
770,1281,13,13
1213,1281,13,13
389,1281,13,13
1281,389,13,13
1213,1281,13,13
1272,1281,13,13
1281,542,13,13
1168,337,13,13
770,1281,13,13
1280,1281,13,13
19,443,13,13
1281,532,13,13
155,1281,13,13
57,596,13,13
770,1281,13,13
1281,155,13,13
392,42,13,13
770,1281,13,13
1281,1287,13,13
770,1281,13,13
155,1281,13,13
42,392,13,13
1283,1136,13,13
523,176,13,13
1281,155,13,13
523,176,13,13
810,1281,13,13
1325,1326,13,13
155,1281,13,13
1264,245,13,13
1283,576,13,13
1281,155,13,13
483,1317,13,13
1283,57,13,13
586,1065,13,13
276,190,13,13
1136,1283,13,13
155,1281,13,13
609,1325,13,13
1358,42,13,13
502,1189,13,13
1358,42,13,13
128,211,13,13
810,1281,13,13
586,1072,13,13
801,1283,13,13
1113,1131,13,13
1358,42,13,13
1036,1123,13,13
1036,1123,13,13
1036,1123,13,13
42,333,13,13
950,1346,13,13
1118,1281,13,13
1358,42,13,13
856,555,13,13
1056,1032,13,13
1123,1036,13,13
462,1255,13,13
462,103,13,13
779,581,13,13
233,193,13,13
1171,966,13,13
1340,830,13,13
1329,1271,13,13
752,42,13,13
752,42,13,13
1359,1342,13,13
42,752,13,13
687,260,13,13
830,1340,13,13
687,260,13,13
1295,644,13,13
1283,392,13,13
1283,1359,13,13
1283,372,13,13
1268,372,13,13
372,1283,13,13
372,1268,13,13
1283,372,13,13
1268,1269,13,13
372,1283,13,13
454,1043,13,13
372,454,13,13
1283,1350,13,13
372,874,13,13
1283,797,13,13
372,975,13,13
1283,523,13,13
372,1352,13,13
1281,532,13,13
114,770,13,13
26,63,13,13
114,103,13,13
1281,1005,13,13
835,1283,13,13
1281,462,13,13
1346,950,13,13
523,1283,13,13
101,100,13,13
1281,835,13,13
1281,1227,13,13
1281,1344,13,13
63,26,13,13
799,42,13,13
1281,128,13,13
1350,1283,13,13
1281,927,13,13
1281,536,13,13
1287,1281,13,13
1281,1287,13,13
1359,1283,13,13
1281,797,13,13
1281,542,13,13
1281,26,13,13
1287,1253,13,13
1281,547,13,13
1281,732,13,13
32,1281,13,13
118,1189,13,13
462,1281,13,13
1281,462,13,13
32,638,13,13
1281,1356,13,13
32,1281,13,13
1286,1335,13,13
32,1281,13,13
118,586,13,13
1359,1335,13,13
257,42,13,13
752,42,13,13
462,1281,13,13
997,415,13,13
704,799,13,13
1215,1083,13,13
257,1183,13,13
1105,1284,13,13
919,1317,13,13
118,943,13,13
462,1281,13,13
963,1105,13,13
1052,713,13,13
975,1283,13,13
1105,963,13,13
800,1281,13,13
963,1105,13,13
975,372,13,13
32,598,13,13
1065,570,13,13
1065,570,13,13
1065,570,13,13
1065,570,13,13
1344,1281,13,13
874,372,13,13
454,372,13,13
103,462,13,13
1176,26,13,13
770,963,13,13
415,997,13,13
462,103,13,13
448,831,13,13
50,1284,13,13
353,194,13,13
1176,856,13,13
353,793,13,13
353,372,13,13
569,372,13,13
353,296,13,13
1032,1056,13,13
1043,454,13,13
353,950,13,13
799,704,13,13
547,1246,13,13
799,704,13,13
605,272,13,13
704,799,13,13
704,799,13,13
799,704,13,13
617,103,13,13
704,799,13,13
547,1169,13,13
802,1283,13,13
498,495,13,13
495,950,13,13
114,770,13,13
495,1113,13,13
296,353,13,13
1281,1356,13,13
831,1049,13,13
569,128,13,13
1281,462,13,13
1132,725,13,13
296,1127,13,13
1281,462,13,13
1281,1344,13,13
799,704,13,13
1281,1227,13,13
26,1176,13,13
495,646,13,13
26,63,13,13
1281,487,13,13
422,6,13,13
1281,799,13,13
1281,831,13,13
523,1032,13,13
103,617,13,13
1317,919,13,13
26,1281,13,13
704,799,13,13
495,1043,13,13
1255,462,13,13
725,1132,13,13
1032,523,13,13
523,1032,13,13
799,704,13,13
704,799,13,13
495,68,13,13
1335,1359,13,13
1231,704,13,13
1284,50,13,13
495,42,13,13
1284,1105,13,13
799,704,13,13
462,1281,13,13
1349,1255,13,13
704,1231,13,13
1169,547,13,13
1349,1281,13,13
462,1255,13,13
547,1169,13,13
576,1283,13,13
1169,547,13,13
1169,547,13,13
547,1169,13,13
1255,462,13,13
547,1169,13,13
1032,523,13,13
1349,1255,13,13
1183,1360,13,13
1169,547,13,13
576,966,13,13
1281,26,13,13
1183,1361,13,13
547,1169,13,13
831,1281,13,13
1281,462,13,13
1183,1356,13,13
503,617,13,13
1281,495,13,13
1183,1354,13,13
1183,1355,13,13
1349,1255,13,13
1349,1281,13,13
26,1281,13,13
1169,547,13,13
547,1169,13,13
487,1281,13,13
462,1255,13,13
462,1281,13,13
1255,462,13,13
1169,547,13,13
547,1169,13,13
249,607,13,13
1349,1255,13,13
980,639,13,13
462,1255,13,13
1349,1255,13,13
495,585,13,13
249,1359,13,13
495,498,13,13
1255,462,13,13
1349,1255,13,13
1331,615,13,13
19,1281,13,13
372,353,13,13
131,1281,13,13
372,1362,13,13
1281,26,13,13
1169,547,13,13
323,950,13,13
1349,1281,13,13
1281,487,13,13
323,42,13,13
1349,1255,13,13
1281,487,13,13
1281,462,13,13
372,938,13,13
315,994,13,13
315,777,13,13
26,1281,13,13
547,1169,13,13
1281,131,13,13
1118,1281,13,13
1281,1349,13,13
1176,26,13,13
1349,1281,13,13
1281,26,13,13
1281,1349,13,13
462,1281,13,13
342,495,13,13
1349,1281,13,13
1255,1349,13,13
1169,547,13,13
372,233,13,13
770,437,13,13
353,372,13,13
454,1043,13,13
233,372,13,13
569,372,13,13
19,1281,13,13
26,1176,13,13
26,1281,13,13
474,1349,13,13
494,372,13,13
372,353,13,13
1349,474,13,13
372,233,13,13
372,233,13,13
1349,1255,13,13
323,42,13,13
474,1349,13,13
770,544,13,13
1349,474,13,13
462,1255,13,13
569,372,13,13
474,1349,13,13
770,315,13,13
1349,474,13,13
986,834,13,13
353,372,13,13
800,1281,13,13
770,315,13,13
474,1349,13,13
585,495,13,13
814,1281,13,13
114,770,13,13
1349,474,13,13
337,1168,13,13
462,1281,13,13
1168,337,13,13
474,1349,13,13
878,1355,13,13
1349,474,13,13
323,42,13,13
1215,1083,13,13
644,1295,13,13
474,1349,13,13
338,1302,13,13
986,19,13,13
986,19,13,13
525,19,13,13
53,975,13,13
199,971,13,13
516,94,13,13
679,1363,13,13
323,725,13,13
601,400,13,13
596,57,13,13
793,353,13,13
1038,1281,13,13
626,42,13,13
42,626,13,13
1178,42,13,13
337,777,13,13
777,337,13,13
626,42,13,13
1113,495,13,13
1359,1343,13,13
596,605,13,13
342,1040,13,13
245,573,13,13
245,542,13,13
245,339,13,13
245,102,13,13
483,821,13,13
199,654,13,13
1271,1329,13,13
679,398,13,13
50,1284,13,13
398,132,13,13
679,398,13,13
1352,372,13,13
542,245,13,13
357,1169,13,13
199,1364,13,13
199,1363,13,13
679,398,13,13
573,245,13,13
1326,97,13,13
357,701,13,13
834,1196,13,13
679,398,13,13
1302,338,13,13
617,103,13,13
753,1271,13,13
753,1271,13,13
770,1302,13,13
1045,269,13,13
342,1040,13,13
306,408,13,13
1045,638,13,13
1045,654,13,13
903,754,13,13
963,654,13,13
1302,753,13,13
1045,1040,13,13
357,1169,13,13
753,1302,13,13
1045,1026,13,13
679,398,13,13
306,777,13,13
105,1353,13,13
339,245,13,13
306,352,13,13
131,654,13,13
63,26,13,13
950,353,13,13
1326,1123,13,13
654,963,13,13
950,1346,13,13
1176,26,13,13
378,396,13,13
131,654,13,13
679,1174,13,13
378,396,13,13
871,306,13,13
950,495,13,13
1284,50,13,13
1281,462,13,13
1281,19,13,13
1281,26,13,13
333,42,13,13
871,1365,13,13
871,306,13,13
1281,814,13,13
654,131,13,13
1281,462,13,13
323,950,13,13
50,1284,13,13
871,306,13,13
131,654,13,13
131,654,13,13
654,131,13,13
131,654,13,13
1346,950,13,13
1295,644,13,13
654,131,13,13
679,398,13,13
431,605,13,13
131,654,13,13
131,654,13,13
1038,1281,13,13
654,131,13,13
479,1338,13,13
323,753,13,13
605,254,13,13
679,398,13,13
1365,1366,13,13
912,375,13,13
306,439,13,13
950,1346,13,13
431,605,13,13
439,306,13,13
323,950,13,13
323,753,13,13
132,398,13,13
642,1338,13,13
398,132,13,13
398,132,13,13
431,605,13,13
871,814,13,13
323,753,13,13
681,617,13,13
132,398,13,13
431,605,13,13
1113,1131,13,13
1321,198,13,13
938,372,13,13
323,950,13,13
398,132,13,13
753,638,13,13
431,605,13,13
26,63,13,13
132,398,13,13
753,642,13,13
26,1176,13,13
131,654,13,13
398,132,13,13
1196,357,13,13
431,605,13,13
323,753,13,13
26,1281,13,13
257,1183,13,13
431,605,13,13
63,26,13,13
306,555,13,13
577,683,13,13
323,753,13,13
257,1178,13,13
431,605,13,13
431,605,13,13
642,753,13,13
1367,1365,13,13
1178,42,13,13
323,753,13,13
342,753,13,13
679,1174,13,13
431,605,13,13
342,1362,13,13
1178,257,13,13
725,547,13,13
1368,752,13,13
1284,50,13,13
596,605,13,13
753,642,13,13
868,249,13,13
323,753,13,13
1233,588,13,13
104,817,13,13
997,415,13,13
605,596,13,13
257,1178,13,13
431,605,13,13
44,189,13,13
834,175,13,13
323,753,13,13
105,577,13,13
642,753,13,13
323,753,13,13
871,437,13,13
725,547,13,13
770,437,13,13
871,1021,13,13
462,1281,13,13
753,642,13,13
1326,983,13,13
63,1271,13,13
323,753,13,13
1183,353,13,13
596,605,13,13
479,1018,13,13
596,605,13,13
800,1072,13,13
800,1072,13,13
638,753,13,13
638,1045,13,13
415,997,13,13
294,831,13,13
800,1072,13,13
834,1365,13,13
1233,337,13,13
454,1369,13,13
800,1072,13,13
1183,236,13,13
679,161,13,13
1117,856,13,13
176,864,13,13
447,719,13,13
800,1072,13,13
523,870,13,13
800,1072,13,13
800,1072,13,13
800,1072,13,13
560,908,13,13
42,353,13,13
800,1072,13,13
1178,257,13,13
800,1072,13,13
864,176,13,13
679,161,13,13
1043,454,13,13
981,831,13,13
176,864,13,13
864,176,13,13
871,981,13,13
871,981,13,13
1021,176,13,13
800,1072,13,13
1289,212,13,13
176,864,13,13
176,1021,13,13
454,1043,13,13
1285,638,13,13
643,638,13,13
1283,938,13,13
731,1283,13,13
800,1072,13,13
800,1072,13,13
1255,462,13,13
1283,864,13,13
631,775,13,13
631,625,13,13
800,1072,13,13
323,643,13,13
1131,1113,13,13
12,142,13,13
800,1072,13,13
793,1131,13,13
1043,454,13,13
323,643,13,13
513,1283,13,13
679,1174,13,13
638,736,13,13
800,1072,13,13
800,1072,13,13
817,104,13,13
1283,513,13,13
454,1043,13,13
1043,495,13,13
714,316,13,13
257,90,13,13
323,753,13,13
1043,454,13,13
323,643,13,13
81,400,13,13
800,1072,13,13
462,1255,13,13
800,1072,13,13
456,1246,13,13
817,104,13,13
338,1302,13,13
638,1285,13,13
638,643,13,13
800,523,13,13
878,1255,13,13
1169,357,13,13
1255,462,13,13
1072,615,13,13
1255,878,13,13
498,638,13,13
175,834,13,13
495,864,13,13
546,437,13,13
323,643,13,13
454,1043,13,13
919,332,13,13
878,598,13,13
598,878,13,13
372,938,13,13
1236,337,13,13
1178,257,13,13
643,638,13,13
462,1255,13,13
1236,638,13,13
878,1255,13,13
638,1370,13,13
1255,462,13,13
1246,456,13,13
498,864,13,13
1285,638,13,13
1255,878,13,13
714,517,13,13
372,454,13,13
372,454,13,13
1236,498,13,13
638,1371,13,13
454,372,13,13
878,598,13,13
372,454,13,13
1236,984,13,13
454,372,13,13
257,1178,13,13
638,643,13,13
462,1255,13,13
1236,638,13,13
1236,984,13,13
1018,479,13,13
341,1255,13,13
864,498,13,13
1283,1302,13,13
372,1014,13,13
1255,341,13,13
1326,638,13,13
1236,392,13,13
72,1283,13,13
638,1326,13,13
341,1255,13,13
1255,462,13,13
1255,341,13,13
1236,440,13,13
638,498,13,13
1236,638,13,13
372,475,13,13
341,1255,13,13
1283,72,13,13
1326,638,13,13
598,878,13,13
1255,341,13,13
1236,984,13,13
372,864,13,13
498,638,13,13
498,864,13,13
1236,984,13,13
341,1255,13,13
323,950,13,13
1236,498,13,13
1255,341,13,13
569,372,13,13
462,1255,13,13
878,1255,13,13
852,1361,13,13
1255,462,13,13
1255,878,13,13
341,1255,13,13
475,372,13,13
1236,984,13,13
864,372,13,13
1255,341,13,13
864,498,13,13
1236,1372,13,13
72,1283,13,13
638,1326,13,13
341,1255,13,13
1326,638,13,13
777,306,13,13
1255,341,13,13
1236,638,13,13
598,546,13,13
714,1255,13,13
1236,984,13,13
878,1255,13,13
710,1373,13,13
462,1255,13,13
1043,454,13,13
638,1326,13,13
1255,714,13,13
1236,638,13,13
285,1126,13,13
1255,878,13,13
341,1255,13,13
479,1018,13,13
323,950,13,13
1255,462,13,13
53,620,13,13
1176,26,13,13
468,1372,13,13
1255,341,13,13
1189,1370,13,13
1236,1050,13,13
173,1283,13,13
546,598,13,13
173,1283,13,13
1189,502,13,13
341,1255,13,13
714,1255,13,13
1236,984,13,13
1370,638,13,13
638,1370,13,13
285,1097,13,13
1236,638,13,13
1370,1189,13,13
1326,638,13,13
323,341,13,13
638,1326,13,13
1255,341,13,13
1189,1370,13,13
1189,1370,13,13
1370,638,13,13
1236,638,13,13
1178,257,13,13
1255,714,13,13
323,341,13,13
285,1284,13,13
1370,1189,13,13
341,1255,13,13
1326,638,13,13
454,1043,13,13
372,864,13,13
638,1326,13,13
323,950,13,13
1255,341,13,13
859,1287,13,13
341,1255,13,13
1236,638,13,13
1018,479,13,13
1043,454,13,13
1284,285,13,13
1255,341,13,13
1255,341,13,13
1189,1370,13,13
257,1178,13,13
454,1043,13,13
1189,1370,13,13
859,105,13,13
569,372,13,13
1236,638,13,13
710,1374,13,13
423,1255,13,13
323,341,13,13
1255,423,13,13
423,938,13,13
341,1255,13,13
1043,454,13,13
569,372,13,13
423,1255,13,13
1255,341,13,13
1255,423,13,13
710,1374,13,13
323,950,13,13
1043,495,13,13
50,1284,13,13
1375,199,13,13
341,1255,13,13
423,1255,13,13
1236,638,13,13
479,1018,13,13
1255,341,13,13
1255,423,13,13
1236,638,13,13
454,1043,13,13
714,1255,13,13
1190,1183,13,13
711,644,13,13
569,372,13,13
341,1255,13,13
1142,752,13,13
1255,714,13,13
1236,638,13,13
1043,454,13,13
1255,341,13,13
306,272,13,13
573,840,13,13
1236,1340,13,13
1190,281,13,13
341,950,13,13
1089,1365,13,13
840,573,13,13
878,1255,13,13
1142,963,13,13
1255,878,13,13
1236,1340,13,13
573,840,13,13
454,1043,13,13
479,638,13,13
1375,778,13,13
350,626,13,13
569,372,13,13
341,1255,13,13
609,389,13,13
323,950,13,13
1236,1340,13,13
840,573,13,13
1142,176,13,13
573,1292,13,13
1236,1340,13,13
1255,341,13,13
573,840,13,13
1236,1340,13,13
341,1255,13,13
176,1142,13,13
353,42,13,13
809,257,13,13
172,544,13,13
615,840,13,13
1142,176,13,13
1236,1340,13,13
1189,1370,13,13
1236,479,13,13
1189,546,13,13
609,971,13,13
1236,1340,13,13
1236,479,13,13
176,1142,13,13
569,372,13,13
840,573,13,13
840,615,13,13
1043,454,13,13
1236,1340,13,13
1236,479,13,13
1189,938,13,13
1236,1142,13,13
615,840,13,13
1284,50,13,13
50,1284,13,13
809,90,13,13
454,1043,13,13
1236,479,13,13
1236,1142,13,13
573,840,13,13
1283,654,13,13
1236,1340,13,13
573,840,13,13
546,1189,13,13
1236,479,13,13
809,257,13,13
1043,454,13,13
1236,1340,13,13
871,840,13,13
569,372,13,13
1189,1244,13,13
1202,964,13,13
1189,475,13,13
1236,1340,13,13
454,1043,13,13
871,1376,13,13
1236,479,13,13
711,1356,13,13
1236,1340,13,13
1236,454,13,13
1043,454,13,13
546,878,13,13
1236,1340,13,13
569,372,13,13
1236,479,13,13
1236,1340,13,13
711,32,13,13
1236,1142,13,13
372,1377,13,13
1038,1281,13,13
1236,479,13,13
1236,1340,13,13
609,964,13,13
569,372,13,13
346,1353,13,13
609,964,13,13
1358,1283,13,13
1236,1340,13,13
454,1043,13,13
1043,454,13,13
569,372,13,13
454,1043,13,13
687,1378,13,13
1236,454,13,13
1236,1142,13,13
609,765,13,13
212,1168,13,13
1043,454,13,13
1236,1340,13,13
128,1006,13,13
1236,1018,13,13
1236,822,13,13
1358,372,13,13
609,1097,13,13
1236,1340,13,13
1142,176,13,13
1236,822,13,13
1379,638,13,13
454,1043,13,13
1236,454,13,13
306,964,13,13
1236,1340,13,13
1358,372,13,13
1189,473,13,13
353,1183,13,13
1236,372,13,13
1380,748,13,13
1138,939,13,13
609,463,13,13
1379,912,13,13
752,1142,13,13
1236,1018,13,13
1236,372,13,13
1358,372,13,13
353,950,13,13
1236,454,13,13
1236,372,13,13
1006,128,13,13
1236,822,13,13
1236,454,13,13
353,793,13,13
1236,1379,13,13
1236,372,13,13
822,1189,13,13
1189,822,13,13
1236,824,13,13
1236,1379,13,13
1236,1340,13,13
498,495,13,13
871,1138,13,13
1236,1340,13,13
1236,1379,13,13
372,353,13,13
1236,1340,13,13
372,353,13,13
1236,1018,13,13
822,1189,13,13
908,560,13,13
1236,372,13,13
1236,1340,13,13
1236,824,13,13
1236,454,13,13
1189,822,13,13
1236,822,13,13
1281,26,13,13
1236,1379,13,13
1281,462,13,13
1236,824,13,13
1281,163,13,13
871,1138,13,13
1236,1379,13,13
128,1006,13,13
1189,372,13,13
1189,546,13,13
822,1189,13,13
1236,824,13,13
1236,454,13,13
1006,128,13,13
1358,372,13,13
1281,1033,13,13
1189,822,13,13
1274,1281,13,13
128,1006,13,13
1236,822,13,13
1379,1138,13,13
1006,128,13,13
1346,950,13,13
372,1189,13,13
1189,372,13,13
822,1189,13,13
1274,1281,13,13
1033,1281,13,13
1189,822,13,13
1281,1033,13,13
128,1006,13,13
105,711,13,13
1033,1377,13,13
938,423,13,13
938,1189,13,13
822,1189,13,13
105,605,13,13
1236,372,13,13
1138,1379,13,13
938,372,13,13
1236,822,13,13
53,1202,13,13
1358,372,13,13
1274,1281,13,13
314,834,13,13
1292,542,13,13
53,1138,13,13
1236,822,13,13
372,938,13,13
1189,938,13,13
938,372,13,13
1189,822,13,13
1274,1281,13,13
372,938,13,13
822,1189,13,13
822,819,13,13
1236,822,13,13
1236,372,13,13
824,731,13,13
1236,372,13,13
824,1284,13,13
1358,372,13,13
1189,822,13,13
1043,454,13,13
1358,352,13,13
1236,822,13,13
1236,1274,13,13
314,731,13,13
379,32,13,13
1358,372,13,13
1358,372,13,13
1358,372,13,13
1358,927,13,13
1358,1186,13,13
1292,1072,13,13
1358,372,13,13
1358,372,13,13
1358,372,13,13
1326,1284,13,13
1356,1183,13,13
1356,1281,13,13
1356,711,13,13
325,1292,13,13
1358,372,13,13
1235,1068,13,13
1358,993,13,13
105,1069,13,13
1235,1068,13,13
1138,1381,13,13
1235,1068,13,13
1281,1356,13,13
546,437,13,13
1381,1138,13,13
1138,1381,13,13
1281,1382,13,13
1381,1138,13,13
1358,1381,13,13
1381,609,13,13
546,538,13,13
1138,1381,13,13
1358,1381,13,13
546,429,13,13
1381,1138,13,13
1358,1381,13,13
1138,1381,13,13
1358,1381,13,13
1358,1381,13,13
1358,1381,13,13
1381,1138,13,13
546,460,13,13
1383,1381,13,13
1274,1281,13,13
1138,1381,13,13
1381,1138,13,13
1235,1068,13,13
1383,1381,13,13
1138,1381,13,13
546,1380,13,13
1381,1138,13,13
1381,1138,13,13
1138,1381,13,13
1383,1381,13,13
1235,1068,13,13
1381,1138,13,13
1138,1381,13,13
1381,1138,13,13
1138,1381,13,13
1383,1381,13,13
1138,1381,13,13
1381,1138,13,13
1381,1138,13,13
1097,609,13,13
1097,285,13,13
1138,1381,13,13
1383,1381,13,13
1138,1381,13,13
1381,1138,13,13
1381,1138,13,13
1383,1381,13,13
1138,1381,13,13
1381,1138,13,13
1138,1381,13,13
1383,1381,13,13
1138,1381,13,13
1381,1138,13,13
1138,1381,13,13
1281,1382,13,13
1187,191,13,13
1138,1381,13,13
1381,1138,13,13
1381,1138,13,13
1138,1381,13,13
1281,835,13,13
1138,1381,13,13
1381,1138,13,13
1383,1381,13,13
1381,1138,13,13
1281,555,13,13
1138,1381,13,13
555,1281,13,13
1381,1138,13,13
1138,1381,13,13
1381,1138,13,13
1138,1381,13,13
555,1281,13,13
1138,1381,13,13
1383,1381,13,13
1381,1138,13,13
1381,1138,13,13
1138,1381,13,13
1138,1381,13,13
1383,1381,13,13
1381,297,13,13
1381,297,13,13
1381,1138,13,13
1381,1138,13,13
1381,297,13,13
1138,1381,13,13
1138,1381,13,13
1381,1138,13,13
1138,1381,13,13
1381,1138,13,13
1381,1138,13,13
1138,1381,13,13
1138,1381,13,13
1138,1381,13,13
687,193,13,13
242,454,13,13
1381,101,13,13
242,128,13,13
105,1138,13,13
1168,212,13,13
760,975,13,13
1033,1281,13,13
1381,1033,13,13
1033,1381,13,13
943,102,13,13
943,250,13,13
943,704,13,13
943,41,13,13
562,439,13,13
943,752,13,13
555,562,13,13
943,638,13,13
562,555,13,13
105,1083,13,13
105,1083,13,13
163,943,13,13
1381,1033,13,13
1381,599,13,13
599,1381,13,13
964,609,13,13
103,1302,13,13
831,981,13,13
1381,599,13,13
599,1381,13,13
1381,599,13,13
342,753,13,13
1381,599,13,13
342,1097,13,13
599,1381,13,13
599,1381,13,13
1381,599,13,13
586,1097,13,13
42,353,13,13
42,1050,13,13
42,132,13,13
132,42,13,13
42,132,13,13
42,1183,13,13
712,95,13,13
132,42,13,13
1127,1083,13,13
32,379,13,13
32,711,13,13
1127,713,13,13
871,1138,13,13
342,1384,13,13
1097,586,13,13
621,958,13,13
621,105,13,13
474,337,13,13
474,847,13,13
26,1281,13,13
26,1176,13,13
778,1384,13,13
474,163,13,13
26,63,13,13
26,1033,13,13
1176,26,13,13
778,297,13,13
1021,176,13,13
1271,753,13,13
1189,835,13,13
950,353,13,13
454,242,13,13
454,1043,13,13
26,1176,13,13
997,415,13,13
1244,1189,13,13
32,1372,13,13
32,1385,13,13
793,1383,13,13
654,1283,13,13
599,1381,13,13
415,997,13,13
765,609,13,13
871,831,13,13
586,1097,13,13
482,1103,13,13
1178,687,13,13
439,562,13,13
105,621,13,13
105,474,13,13
1189,1244,13,13
105,964,13,13
1189,475,13,13
1353,346,13,13
1189,393,13,13
105,708,13,13
932,372,13,13
1302,176,13,13
1302,1283,13,13
1302,103,13,13
285,1097,13,13
1302,338,13,13
752,943,13,13
1274,1281,13,13
306,309,13,13
517,714,13,13
1323,938,13,13
90,257,13,13
1358,309,13,13
1358,993,13,13
1386,1246,13,13
483,357,13,13
483,821,13,13
329,142,13,13
859,1287,13,13
859,105,13,13
859,1168,13,13
1179,596,13,13
859,105,13,13
1176,26,13,13
859,105,13,13
1097,586,13,13
1097,285,13,13
105,859,13,13
475,1189,13,13
586,1097,13,13
1097,586,13,13
586,1097,13,13
1283,654,13,13
1375,199,13,13
1283,1097,13,13
852,1356,13,13
337,474,13,13
944,375,13,13
1097,1283,13,13
26,1176,13,13
1283,1097,13,13
487,598,13,13
598,487,13,13
487,598,13,13
1097,1283,13,13
598,487,13,13
176,1302,13,13
176,1021,13,13
63,26,13,13
487,598,13,13
523,1189,13,13
26,63,13,13
1090,881,13,13
176,1384,13,13
32,1386,13,13
1176,26,13,13
714,517,13,13
1183,1356,13,13
1183,42,13,13
598,487,13,13
800,523,13,13
1052,1365,13,13
26,1176,13,13
42,1183,13,13
42,1183,13,13
1183,42,13,13
1183,42,13,13
114,770,13,13
42,1183,13,13
42,1062,13,13
42,1183,13,13
1062,42,13,13
42,1381,13,13
42,1062,13,13
42,1183,13,13
42,1183,13,13
1283,527,13,13
1236,337,13,13
1236,615,13,13
555,562,13,13
95,859,13,13
95,712,13,13
163,474,13,13
309,306,13,13
1236,615,13,13
644,1295,13,13
1236,793,13,13
644,1184,13,13
1236,555,13,13
835,1189,13,13
257,1349,13,13
687,1237,13,13
257,687,13,13
3,42,13,13
346,1353,13,13
654,1283,13,13
297,778,13,13
297,1381,13,13
1236,176,13,13
41,943,13,13
1236,615,13,13
912,1379,13,13
843,283,13,13
523,490,13,13
1185,1012,13,13
1387,1313,13,13
415,997,13,13
3,32,13,13
67,697,13,13
679,1174,13,13
1190,1352,13,13
1190,393,13,13
1190,50,13,13
1189,475,13,13
1283,654,13,13
1050,42,13,13
1365,834,13,13
1382,1283,13,13
9,1323,13,13
67,938,13,13
9,1312,13,13
9,598,13,13
1190,394,13,13
1190,394,13,13
1138,704,13,13
834,1365,13,13
9,1312,13,13
1101,1138,13,13
9,1312,13,13
1190,62,13,13
1283,1386,13,13
1176,26,13,13
725,835,13,13
53,1388,13,13
1138,1389,13,13
1039,943,13,13
1272,626,13,13
626,1272,13,13
1283,1390,13,13
9,1312,13,13
871,1138,13,13
871,1138,13,13
819,822,13,13
254,1039,13,13
1183,42,13,13
958,704,13,13
475,1189,13,13
958,621,13,13
1021,176,13,13
176,1021,13,13
704,1138,13,13
398,291,13,13
1329,477,13,13
1329,1271,13,13
1329,1271,13,13
1283,1138,13,13
1383,1127,13,13
1383,793,13,13
1383,1283,13,13
760,943,13,13
621,105,13,13
760,542,13,13
1383,1283,13,13
830,260,13,13
760,975,13,13
830,256,13,13
683,577,13,13
683,72,13,13
683,1168,13,13
338,1302,13,13
810,1138,13,13
683,479,13,13
1281,555,13,13
1281,555,13,13
683,379,13,13
1283,1378,13,13
1281,1033,13,13
1383,1283,13,13
1281,26,13,13
1283,1391,13,13
1281,291,13,13
1339,711,13,13
375,944,13,13
1312,1313,13,13
1013,398,13,13
681,617,13,13
375,912,13,13
810,654,13,13
26,1176,13,13
302,1392,13,13
26,1281,13,13
1383,1283,13,13
1176,26,13,13
1236,615,13,13
1236,1326,13,13
1381,599,13,13
398,701,13,13
26,1176,13,13
1381,42,13,13
701,398,13,13
639,1289,13,13
1236,176,13,13
1383,1283,13,13
1236,793,13,13
145,1042,13,13
398,701,13,13
1236,1329,13,13
639,740,13,13
272,306,13,13
272,605,13,13
1339,713,13,13
1383,1381,13,13
1383,1283,13,13
710,41,13,13
1236,738,13,13
1283,700,13,13
1381,1383,13,13
1285,475,13,13
1236,793,13,13
1383,1381,13,13
555,1281,13,13
639,586,13,13
793,353,13,13
475,1285,13,13
1176,26,13,13
1236,555,13,13
1236,793,13,13
1358,993,13,13
1189,475,13,13
1358,372,13,13
1358,840,13,13
639,586,13,13
1236,793,13,13
1236,555,13,13
1349,257,13,13
1383,1283,13,13
1236,704,13,13
1383,1381,13,13
1043,454,13,13
1033,598,13,13
1236,555,13,13
639,1381,13,13
1306,990,13,13
1033,1355,13,13
639,555,13,13
337,626,13,13
1236,394,13,13
1127,1383,13,13
103,1280,13,13
1280,103,13,13
626,337,13,13
1383,1127,13,13
1393,95,13,13
1383,1283,13,13
639,586,13,13
1033,639,13,13
859,105,13,13
1375,740,13,13
555,305,13,13
639,994,13,13
1033,194,13,13
938,1323,13,13
639,1033,13,13
103,1280,13,13
586,639,13,13
1280,103,13,13
871,830,13,13
26,1176,13,13
1383,1381,13,13
824,823,13,13
1373,354,13,13
245,1264,13,13
354,1373,13,13
823,448,13,13
1189,823,13,13
1280,1033,13,13
245,1264,13,13
1281,26,13,13
823,824,13,13
1281,555,13,13
1281,325,13,13
555,1281,13,13
824,823,13,13
1033,1280,13,13
871,830,13,13
1281,555,13,13
823,1189,13,13
555,1281,13,13
29,1394,13,13
1033,639,13,13
1033,1281,13,13
249,964,13,13
1033,26,13,13
1281,555,13,13
1281,1033,13,13
1033,1381,13,13
843,1237,13,13
823,824,13,13
249,1376,13,13
555,1281,13,13
1281,555,13,13
712,95,13,13
1033,1281,13,13
800,1072,13,13
105,621,13,13
105,859,13,13
1,1271,13,13
1281,1033,13,13
800,1072,13,13
72,683,13,13
800,1072,13,13
1246,1386,13,13
823,498,13,13
1281,683,13,13
800,1072,13,13
823,1185,13,13
800,1072,13,13
679,1174,13,13
928,943,13,13
928,41,13,13
928,1265,13,13
1039,254,13,13
710,245,13,13
1185,823,13,13
800,1072,13,13
1383,1283,13,13
679,1281,13,13
254,1039,13,13
1373,1350,13,13
800,1072,13,13
325,1281,13,13
44,1,13,13
254,1247,13,13
823,615,13,13
281,317,13,13
800,1072,13,13
317,281,13,13
306,272,13,13
306,309,13,13
281,317,13,13
317,281,13,13
317,281,13,13
281,317,13,13
281,317,13,13
317,281,13,13
1359,1231,13,13
679,50,13,13
272,306,13,13
281,317,13,13
317,281,13,13
800,1072,13,13
1358,777,13,13
800,1072,13,13
448,823,13,13
800,1072,13,13
1358,777,13,13
615,823,13,13
783,784,13,13
679,72,13,13
281,1190,13,13
306,272,13,13
679,50,13,13
272,306,13,13
994,831,13,13
306,272,13,13
272,306,13,13
1267,1180,13,13
283,843,13,13
994,315,13,13
254,1039,13,13
1373,62,13,13
991,986,13,13
1281,325,13,13
1281,626,13,13
679,1281,13,13
1284,824,13,13
679,50,13,13
679,1174,13,13
679,1281,13,13
1284,1326,13,13
994,639,13,13
795,1384,13,13
306,305,13,13
498,823,13,13
679,1281,13,13
679,1174,13,13
1071,598,13,13
1113,508,13,13
357,1178,13,13
306,626,13,13
1283,306,13,13
53,1202,13,13
626,306,13,13
306,1283,13,13
1283,306,13,13
679,1174,13,13
928,41,13,13
306,1283,13,13
306,1283,13,13
1283,306,13,13
325,1281,13,13
306,1283,13,13
981,831,13,13
176,101,13,13
938,67,13,13
1395,32,13,13
809,1213,13,13
176,277,13,13
454,1043,13,13
1190,281,13,13
809,795,13,13
1386,1246,13,13
1178,357,13,13
1281,325,13,13
1395,32,13,13
357,1178,13,13
357,1169,13,13
809,257,13,13
1190,1352,13,13
1395,32,13,13
741,758,13,13
1395,32,13,13
809,90,13,13
1295,644,13,13
101,176,13,13
101,176,13,13
325,1281,13,13
1396,938,13,13
569,1337,13,13
1281,325,13,13
63,26,13,13
1397,1281,13,13
277,176,13,13
1281,1283,13,13
1281,1397,13,13
1281,1283,13,13
1236,555,13,13
1281,1283,13,13
1236,615,13,13
514,1398,13,13
1236,176,13,13
514,1350,13,13
1113,576,13,13
1176,26,13,13
479,683,13,13
642,1280,13,13
1262,42,13,13
1236,549,13,13
1083,1127,13,13
482,353,13,13
1083,105,13,13
576,1113,13,13
1236,1302,13,13
353,482,13,13
105,1083,13,13
482,353,13,13
1236,1185,13,13
1283,1295,13,13
353,482,13,13
1236,990,13,13
1083,105,13,13
482,353,13,13
1178,357,13,13
357,1178,13,13
725,835,13,13
938,1396,13,13
1018,1359,13,13
1373,609,13,13
346,1062,13,13
1399,1018,13,13
1359,1018,13,13
26,63,13,13
26,1176,13,13
679,1174,13,13
679,1281,13,13
1087,1131,13,13
483,821,13,13
398,354,13,13
474,337,13,13
474,163,13,13
163,1283,13,13
1060,199,13,13
1117,856,13,13
163,474,13,13
1237,843,13,13
1060,191,13,13
1358,777,13,13
1236,615,13,13
1246,1400,13,13
1381,1033,13,13
176,277,13,13
176,101,13,13
1400,1246,13,13
1236,176,13,13
1236,549,13,13
199,1060,13,13
314,834,13,13
314,372,13,13
1246,1400,13,13
725,1260,13,13
1236,176,13,13
753,1271,13,13
1400,1246,13,13
1271,1,13,13
474,163,13,13
1246,1400,13,13
460,546,13,13
1038,576,13,13
1236,549,13,13
1236,176,13,13
323,753,13,13
1340,1137,13,13
323,753,13,13
146,312,13,13
6,422,13,13
9,1401,13,13
422,6,13,13
1399,1335,13,13
1399,1335,13,13
1101,1138,13,13
1052,1365,13,13
549,236,13,13
598,1216,13,13
753,323,13,13
1236,615,13,13
704,1395,13,13
1379,912,13,13
19,1390,13,13
704,1393,13,13
1236,615,13,13
704,1400,13,13
425,992,13,13
425,1103,13,13
1359,1342,13,13
1335,1342,13,13
1400,704,13,13
220,719,13,13
1236,615,13,13
1284,1213,13,13
1236,368,13,13
997,415,13,13
1213,1284,13,13
1312,103,13,13
986,991,13,13
1354,908,13,13
1236,1043,13,13
1354,1183,13,13
1350,514,13,13
1176,26,13,13
1365,834,13,13
1236,1287,13,13
1312,103,13,13
581,779,13,13
114,770,13,13
1236,176,13,13
114,19,13,13
1236,176,13,13
1231,1252,13,13
1033,1137,13,13
12,997,13,13
1037,1072,13,13
1283,699,13,13
539,1253,13,13
547,1280,13,13
409,687,13,13
12,1252,13,13
1373,609,13,13
1339,783,13,13
12,409,13,13
1043,454,13,13
409,1004,13,13
697,1006,13,13
9,1196,13,13
12,409,13,13
372,353,13,13
687,409,13,13
1364,199,13,13
1398,514,13,13
409,687,13,13
12,409,13,13
454,1043,13,13
12,32,13,13
1364,1393,13,13
1110,752,13,13
12,409,13,13
1373,32,13,13
1043,454,13,13
353,372,13,13
1373,615,13,13
1236,176,13,13
9,1196,13,13
1236,1043,13,13
12,409,13,13
454,1043,13,13
372,353,13,13
679,1281,13,13
1043,454,13,13
783,1339,13,13
12,32,13,13
1334,42,13,13
1334,1068,13,13
26,1176,13,13
12,1255,13,13
12,1255,13,13
700,1283,13,13
12,32,13,13
687,1281,13,13
12,969,13,13
12,32,13,13
1373,105,13,13
353,372,13,13
12,32,13,13
1103,425,13,13
12,1255,13,13
1373,1313,13,13
118,847,13,13
118,943,13,13
1032,783,13,13
1312,1313,13,13
12,32,13,13
271,194,13,13
1339,783,13,13
454,1043,13,13
711,1356,13,13
711,32,13,13
711,1339,13,13
12,1255,13,13
1339,711,13,13
770,1103,13,13
12,1344,13,13
32,711,13,13
1183,1354,13,13
12,1118,13,13
1043,454,13,13
711,1339,13,13
12,1344,13,13
711,32,13,13
12,1118,13,13
770,1196,13,13
12,1284,13,13
783,1032,13,13
783,1339,13,13
783,1339,13,13
12,1118,13,13
12,1344,13,13
1339,711,13,13
770,454,13,13
1339,783,13,13
32,711,13,13
12,1118,13,13
1032,783,13,13
118,120,13,13
711,1339,13,13
1402,1339,13,13
1402,32,13,13
1138,1283,13,13
711,32,13,13
12,1284,13,13
12,1344,13,13
1339,711,13,13
12,969,13,13
12,1118,13,13
12,1344,13,13
711,1339,13,13
1402,1339,13,13
32,711,13,13
711,32,13,13
325,1281,13,13
454,1043,13,13
12,1118,13,13
1339,711,13,13
1185,454,13,13
12,1118,13,13
277,176,13,13
12,1138,13,13
308,146,13,13
12,1118,13,13
12,1118,13,13
783,1032,13,13
822,819,13,13
1402,32,13,13
1402,1339,13,13
12,1118,13,13
1402,325,13,13
711,1339,13,13
176,277,13,13
1402,32,13,13
12,1118,13,13
454,1185,13,13
1043,454,13,13
12,1118,13,13
1339,711,13,13
12,1118,13,13
12,1118,13,13
308,278,13,13
454,1043,13,13
12,1118,13,13
711,1339,13,13
354,398,13,13
12,969,13,13
423,938,13,13
12,1118,13,13
12,1118,13,13
398,354,13,13
42,1226,13,13
12,1118,13,13
12,1118,13,13
398,354,13,13
12,1118,13,13
277,176,13,13
12,1118,13,13
12,1118,13,13
12,1118,13,13
105,1083,13,13
42,306,13,13
354,398,13,13
105,474,13,13
354,398,13,13
12,1255,13,13
1260,725,13,13
1339,1255,13,13
498,1050,13,13
32,1050,13,13
12,1118,13,13
679,649,13,13
598,1033,13,13
1255,1339,13,13
12,1118,13,13
498,1402,13,13
398,354,13,13
12,1118,13,13
881,1090,13,13
12,1118,13,13
810,1138,13,13
810,1351,13,13
1050,498,13,13
546,460,13,13
725,1260,13,13
498,1072,13,13
546,460,13,13
354,398,13,13
546,544,13,13
1383,1138,13,13
1339,1255,13,13
725,454,13,13
835,725,13,13
516,296,13,13
398,354,13,13
725,835,13,13
1255,1339,13,13
296,516,13,13
1339,1255,13,13
1375,199,13,13
398,354,13,13
1255,1339,13,13
1072,498,13,13
725,454,13,13
90,1006,13,13
1339,1255,13,13
878,1069,13,13
1255,1339,13,13
770,454,13,13
431,308,13,13
431,617,13,13
357,1169,13,13
1043,454,13,13
454,1043,13,13
1339,1255,13,13
1043,454,13,13
1255,1339,13,13
986,649,13,13
454,1043,13,13
542,598,13,13
770,454,13,13
986,19,13,13
1339,1255,13,13
249,964,13,13
770,454,13,13
1043,454,13,13
725,454,13,13
1255,1339,13,13
454,1043,13,13
1043,454,13,13
1339,1255,13,13
770,454,13,13
719,220,13,13
835,725,13,13
725,454,13,13
306,42,13,13
725,835,13,13
1255,1339,13,13
1274,1281,13,13
770,454,13,13
639,1033,13,13
1339,1231,13,13
1339,1255,13,13
1137,1033,13,13
639,994,13,13
1255,1339,13,13
1339,1280,13,13
835,725,13,13
1231,1339,13,13
1113,576,13,13
1339,474,13,13
1339,1255,13,13
1339,1231,13,13
1255,1339,13,13
474,1339,13,13
1339,1255,13,13
912,375,13,13
1339,474,13,13
1231,1339,13,13
725,835,13,13
912,1379,13,13
1142,752,13,13
474,1339,13,13
1339,1231,13,13
725,454,13,13
1339,474,13,13
1231,1339,13,13
1280,1339,13,13
1339,1231,13,13
1384,795,13,13
474,1339,13,13
576,649,13,13
1339,1280,13,13
1280,725,13,13
1384,778,13,13
576,1339,13,13
1358,1381,13,13
1280,1339,13,13
281,317,13,13
878,1255,13,13
1358,777,13,13
1339,474,13,13
63,814,13,13
1339,576,13,13
105,474,13,13
1176,26,13,13
474,1377,13,13
317,281,13,13
281,317,13,13
398,1377,13,13
800,1384,13,13
317,281,13,13
1339,1280,13,13
281,317,13,13
1306,990,13,13
317,281,13,13
474,1339,13,13
1255,1339,13,13
1255,878,13,13
725,1280,13,13
1231,1339,13,13
1006,90,13,13
1280,1339,13,13
281,317,13,13
725,1280,13,13
1339,474,13,13
994,639,13,13
1280,725,13,13
871,1029,13,13
714,517,13,13
800,1384,13,13
1280,725,13,13
871,1384,13,13
1339,1231,13,13
1038,576,13,13
1185,454,13,13
544,546,13,13
1339,1280,13,13
1346,1314,13,13
1185,454,13,13
1339,1255,13,13
596,1179,13,13
725,1280,13,13
1383,1138,13,13
353,261,13,13
1033,1281,13,13
800,1384,13,13
261,353,13,13
1033,1381,13,13
1280,1339,13,13
474,1339,13,13
800,1384,13,13
1284,131,13,13
1280,725,13,13
994,596,13,13
1231,1339,13,13
800,1384,13,13
835,725,13,13
1033,598,13,13
871,1384,13,13
770,1384,13,13
1339,474,13,13
878,1255,13,13
725,1280,13,13
1339,1231,13,13
770,658,13,13
454,725,13,13
1339,1280,13,13
1339,576,13,13
474,1339,13,13
1033,639,13,13
1280,725,13,13
994,993,13,13
725,835,13,13
725,454,13,13
1280,1339,13,13
1403,1255,13,13
1231,1339,13,13
1033,1137,13,13
725,1280,13,13
1339,474,13,13
986,725,13,13
1339,1280,13,13
1280,725,13,13
1280,1339,13,13
1339,1231,13,13
1339,1280,13,13
474,1339,13,13
770,1384,13,13
871,1384,13,13
986,725,13,13
1339,474,13,13
770,1384,13,13
131,1284,13,13
1231,1339,13,13
725,454,13,13
1033,1377,13,13
474,1339,13,13
871,1384,13,13
576,1339,13,13
770,1384,13,13
1339,1231,13,13
725,1280,13,13
342,63,13,13
1339,576,13,13
770,1384,13,13
261,835,13,13
1231,1339,13,13
576,1339,13,13
1339,1231,13,13
431,617,13,13
576,1339,13,13
1375,994,13,13
576,1339,13,13
871,1384,13,13
800,1256,13,13
596,994,13,13
128,927,13,13
699,1283,13,13
596,994,13,13
835,725,13,13
770,1384,13,13
986,725,13,13
835,261,13,13
994,454,13,13
576,1339,13,13
986,1036,13,13
1284,131,13,13
871,1384,13,13
220,719,13,13
1136,254,13,13
415,1350,13,13
576,1339,13,13
1036,32,13,13
994,596,13,13
725,835,13,13
1375,994,13,13
131,1284,13,13
1317,919,13,13
32,1036,13,13
770,1384,13,13
1404,1219,13,13
1255,1339,13,13
835,725,13,13
1255,878,13,13
1244,1287,13,13
596,994,13,13
1317,817,13,13
1339,1255,13,13
1255,1339,13,13
1284,131,13,13
986,725,13,13
1339,1255,13,13
254,1244,13,13
538,546,13,13
131,1284,13,13
431,617,13,13
792,1297,13,13
1236,1043,13,13
1236,176,13,13
1255,1339,13,13
1136,254,13,13
398,1359,13,13
1236,990,13,13
409,19,13,13
725,835,13,13
1339,1255,13,13
1367,1138,13,13
994,596,13,13
342,63,13,13
1255,1339,13,13
576,1339,13,13
1284,131,13,13
1136,398,13,13
1339,1255,13,13
1136,254,13,13
1089,1365,13,13
1339,576,13,13
9,1050,13,13
770,396,13,13
323,643,13,13
323,643,13,13
576,1339,13,13
1403,1255,13,13
1339,576,13,13
131,1284,13,13
1136,254,13,13
503,102,13,13
142,329,13,13
643,323,13,13
792,1036,13,13
254,1136,13,13
1404,1219,13,13
323,341,13,13
576,1339,13,13
1136,254,13,13
1033,701,13,13
63,26,13,13
1339,576,13,13
323,367,13,13
498,1072,13,13
713,353,13,13
576,1033,13,13
596,994,13,13
1117,856,13,13
792,1297,13,13
367,323,13,13
752,1142,13,13
725,719,13,13
323,725,13,13
254,1136,13,13
323,643,13,13
1033,1211,13,13
323,367,13,13
1138,254,13,13
1136,254,13,13
342,63,13,13
191,1060,13,13
6,422,13,13
643,323,13,13
367,323,13,13
249,725,13,13
1211,1033,13,13
725,323,13,13
1211,32,13,13
323,643,13,13
254,1138,13,13
576,1339,13,13
254,1136,13,13
323,367,13,13
323,725,13,13
643,323,13,13
1136,254,13,13
1033,576,13,13
367,323,13,13
1033,1211,13,13
1403,859,13,13
725,323,13,13
1339,576,13,13
576,1033,13,13
323,643,13,13
1255,1339,13,13
323,367,13,13
1215,1317,13,13
1255,1403,13,13
1339,1255,13,13
643,323,13,13
1215,1136,13,13
323,725,13,13
1284,131,13,13
1403,1255,13,13
254,1136,13,13
1033,576,13,13
725,323,13,13
719,725,13,13
323,643,13,13
576,1339,13,13
323,725,13,13
725,719,13,13
835,725,13,13
341,323,13,13
323,367,13,13
342,63,13,13
991,101,13,13
323,341,13,13
350,1168,13,13
725,323,13,13
350,626,13,13
725,835,13,13
254,1211,13,13
323,97,13,13
1359,398,13,13
341,323,13,13
1215,1317,13,13
26,1176,13,13
576,1033,13,13
26,63,13,13
398,1359,13,13
1339,576,13,13
249,725,13,13
249,725,13,13
643,323,13,13
856,1176,13,13
1255,1339,13,13
1255,1403,13,13
131,1284,13,13
1339,1255,13,13
1215,1317,13,13
835,725,13,13
1403,1255,13,13
1339,323,13,13
1215,1317,13,13
323,725,13,13
576,1339,13,13
323,341,13,13
679,474,13,13
323,643,13,13
725,835,13,13
1339,576,13,13
576,1339,13,13
341,323,13,13
323,1339,13,13
422,6,13,13
725,323,13,13
1283,1138,13,13
1339,323,13,13
871,267,13,13
342,63,13,13
323,341,13,13
341,1255,13,13
799,994,13,13
576,1339,13,13
6,422,13,13
323,725,13,13
323,1339,13,13
341,323,13,13
249,725,13,13
1339,576,13,13
725,323,13,13
1339,323,13,13
576,1339,13,13
323,341,13,13
834,1365,13,13
342,63,13,13
1284,131,13,13
1215,1317,13,13
323,1339,13,13
576,1339,13,13
1339,323,13,13
367,323,13,13
323,1339,13,13
1339,576,13,13
560,908,13,13
1339,323,13,13
1405,516,13,13
323,367,13,13
422,6,13,13
342,63,13,13
323,1339,13,13
367,323,13,13
1381,1033,13,13
1339,323,13,13
617,103,13,13
503,605,13,13
323,367,13,13
792,1297,13,13
1176,26,13,13
323,1339,13,13
1044,753,13,13
6,422,13,13
1044,758,13,13
809,795,13,13
576,1339,13,13
1044,323,13,13
323,950,13,13
1340,609,13,13
1216,598,13,13
1339,323,13,13
638,1406,13,13
1331,632,13,13
609,1340,13,13
342,63,13,13
1339,576,13,13
809,560,13,13
1044,323,13,13
1375,1056,13,13
1340,1374,13,13
323,1339,13,13
609,297,13,13
1340,1407,13,13
1044,323,13,13
103,617,13,13
809,560,13,13
1339,323,13,13
398,1136,13,13
503,527,13,13
617,103,13,13
560,1216,13,13
1184,644,13,13
681,617,13,13
546,544,13,13
617,103,13,13
323,1339,13,13
131,1284,13,13
323,42,13,13
546,538,13,13
131,125,13,13
1044,323,13,13
1339,323,13,13
367,323,13,13
1402,1339,13,13
1184,711,13,13
12,1138,13,13
503,638,13,13
12,986,13,13
1018,772,13,13
950,323,13,13
704,1297,13,13
1402,32,13,13
12,711,13,13
503,527,13,13
711,1184,13,13
1281,354,13,13
1297,704,13,13
1295,1283,13,13
1087,1131,13,13
503,527,13,13
1402,1083,13,13
12,711,13,13
503,352,13,13
1283,1295,13,13
1402,29,13,13
1281,1033,13,13
1284,131,13,13
307,317,13,13
12,1118,13,13
1402,950,13,13
704,1297,13,13
1402,254,13,13
1184,711,13,13
12,527,13,13
1402,423,13,13
1402,1033,13,13
1283,409,13,13
1359,1335,13,13
1402,994,13,13
605,90,13,13
1402,704,13,13
1281,325,13,13
12,392,13,13
372,1359,13,13
704,323,13,13
90,605,13,13
1402,1319,13,13
1281,687,13,13
1402,560,13,13
1359,372,13,13
12,1214,13,13
871,306,13,13
103,617,13,13
605,90,13,13
372,952,13,13
503,272,13,13
617,103,13,13
1402,1339,13,13
871,952,13,13
1402,254,13,13
503,254,13,13
503,352,13,13
1297,704,13,13
103,617,13,13
90,605,13,13
1402,254,13,13
503,254,13,13
617,103,13,13
1216,598,13,13
372,1359,13,13
681,617,13,13
1402,1339,13,13
261,835,13,13
605,90,13,13
1402,950,13,13
598,1216,13,13
843,306,13,13
1367,1138,13,13
307,317,13,13
1402,254,13,13
12,711,13,13
12,711,13,13
353,392,13,13
1283,1063,13,13
306,843,13,13
1402,560,13,13
90,605,13,13
617,103,13,13
249,1402,13,13
144,1408,13,13
254,1402,13,13
605,90,13,13
128,1113,13,13
1319,1402,13,13
90,605,13,13
1083,1402,13,13
67,1402,13,13
1044,1402,13,13
679,1281,13,13
560,1402,13,13
1044,753,13,13
323,367,13,13
1044,323,13,13
681,1402,13,13
617,317,13,13
605,317,13,13
323,950,13,13
1339,1402,13,13
617,103,13,13
835,261,13,13
1044,753,13,13
128,557,13,13
1044,323,13,13
1339,90,13,13
306,952,13,13
128,503,13,13
1379,912,13,13
1274,1281,13,13
770,1402,13,13
1379,131,13,13
323,704,13,13
294,831,13,13
1402,254,13,13
90,1339,13,13
557,128,13,13
350,1353,13,13
1402,1319,13,13
307,317,13,13
12,834,13,13
1402,560,13,13
617,103,13,13
704,323,13,13
128,1409,13,13
1216,542,13,13
1402,1083,13,13
605,734,13,13
950,1402,13,13
1339,1234,13,13
297,609,13,13
950,323,13,13
254,1402,13,13
952,306,13,13
1317,507,13,13
560,1402,13,13
306,952,13,13
389,830,13,13
249,1402,13,13
1402,950,13,13
1339,90,13,13
1402,254,13,13
389,609,13,13
710,1283,13,13
681,1402,13,13
1402,560,13,13
1026,615,13,13
538,546,13,13
507,1317,13,13
254,1402,13,13
1026,184,13,13
1026,1045,13,13
770,1402,13,13
323,704,13,13
1317,507,13,13
1402,254,13,13
272,503,13,13
1184,254,13,13
372,1402,13,13
1117,856,13,13
1274,306,13,13
422,6,13,13
249,1402,13,13
1069,878,13,13
306,1274,13,13
254,1402,13,13
372,1402,13,13
704,323,13,13
323,950,13,13
372,1354,13,13
843,356,13,13
1274,306,13,13
6,422,13,13
681,1402,13,13
1402,1339,13,13
770,1402,13,13
12,1379,13,13
1402,372,13,13
507,1317,13,13
323,704,13,13
356,843,13,13
1044,1402,13,13
1409,128,13,13
1317,507,13,13
1402,254,13,13
1069,542,13,13
439,952,13,13
1402,372,13,13
1184,254,13,13
1339,1402,13,13
249,1402,13,13
704,323,13,13
560,1402,13,13
1402,1339,13,13
372,1402,13,13
128,557,13,13
770,1402,13,13
1402,560,13,13
814,63,13,13
539,952,13,13
539,952,13,13
1402,372,13,13
254,1402,13,13
1339,1402,13,13
1402,254,13,13
770,1402,13,13
1402,1339,13,13
261,835,13,13
323,1339,13,13
128,1409,13,13
507,1317,13,13
1410,753,13,13
372,1402,13,13
1339,1402,13,13
36,211,13,13
339,1402,13,13
1402,372,13,13
254,1402,13,13
372,1402,13,13
770,1402,13,13
1402,1339,13,13
919,1317,13,13
1402,339,13,13
372,1402,13,13
1402,254,13,13
1402,372,13,13
1379,1402,13,13
1339,323,13,13
710,539,13,13
12,1379,13,13
1184,254,13,13
1402,372,13,13
12,1379,13,13
1339,1402,13,13
1410,6,13,13
1402,1379,13,13
372,1402,13,13
770,1402,13,13
1184,644,13,13
1379,12,13,13
1402,1339,13,13
1044,1402,13,13
1402,372,13,13
1379,1402,13,13
679,1281,13,13
372,1402,13,13
1400,1411,13,13
1402,1379,13,13
1281,356,13,13
1402,372,13,13
323,704,13,13
1379,1402,13,13
372,1402,13,13
770,1402,13,13
1184,254,13,13
871,306,13,13
1402,1379,13,13
254,1216,13,13
770,36,13,13
1339,589,13,13
1402,372,13,13
1381,798,13,13
1410,6,13,13
356,1281,13,13
1379,1402,13,13
704,323,13,13
339,1402,13,13
1274,1281,13,13
594,1171,13,13
1381,783,13,13
1184,367,13,13
810,1402,13,13
1281,356,13,13
770,1402,13,13
544,546,13,13
1184,254,13,13
1339,1402,13,13
1402,1379,13,13
1402,339,13,13
1402,339,13,13
1409,128,13,13
1410,6,13,13
1402,1339,13,13
1402,498,13,13
1184,254,13,13
356,1281,13,13
1184,254,13,13
1379,598,13,13
367,1184,13,13
1184,254,13,13
12,1379,13,13
1184,254,13,13
128,612,13,13
1379,598,13,13
874,919,13,13
871,306,13,13
1184,367,13,13
1379,1402,13,13
12,569,13,13
1402,1379,13,13
1138,254,13,13
1379,1402,13,13
323,1339,13,13
1044,1402,13,13
1402,1379,13,13
1138,1283,13,13
143,1339,13,13
367,1184,13,13
810,1402,13,13
1274,1281,13,13
12,358,13,13
1383,1381,13,13
1281,356,13,13
1184,367,13,13
12,358,13,13
128,235,13,13
569,128,13,13
67,1402,13,13
1339,323,13,13
128,1409,13,13
372,1402,13,13
546,538,13,13
576,1339,13,13
12,1138,13,13
128,569,13,13
372,1402,13,13
372,1402,13,13
546,544,13,13
12,358,13,13
356,1281,13,13
810,1402,13,13
12,569,13,13
609,389,13,13
12,358,13,13
569,128,13,13
1184,367,13,13
350,358,13,13
1339,576,13,13
546,598,13,13
12,1118,13,13
418,1402,13,13
128,569,13,13
12,569,13,13
544,546,13,13
681,1402,13,13
67,697,13,13
576,1339,13,13
12,358,13,13
12,1118,13,13
569,128,13,13
1184,367,13,13
12,1118,13,13
1216,254,13,13
871,306,13,13
569,128,13,13
12,1138,13,13
1123,507,13,13
12,569,13,13
871,306,13,13
1339,576,13,13
372,1412,13,13
128,569,13,13
12,358,13,13
1274,1281,13,13
12,1118,13,13
1038,576,13,13
12,1138,13,13
350,358,13,13
950,323,13,13
507,1123,13,13
1280,725,13,13
569,128,13,13
392,353,13,13
1339,297,13,13
1280,1339,13,13
1036,792,13,13
598,1379,13,13
1281,539,13,13
1280,1287,13,13
1412,372,13,13
1295,1283,13,13
12,392,13,13
128,548,13,13
1339,1280,13,13
297,1339,13,13
63,814,13,13
354,398,13,13
12,1118,13,13
1280,1339,13,13
1339,297,13,13
12,569,13,13
354,398,13,13
372,1018,13,13
12,1118,13,13
372,1412,13,13
1339,1280,13,13
297,1339,13,13
576,1339,13,13
871,1412,13,13
993,994,13,13
372,1381,13,13
1339,297,13,13
1280,1339,13,13
12,1118,13,13
146,308,13,13
297,1339,13,13
1287,1280,13,13
1339,576,13,13
12,392,13,13
1280,1287,13,13
1339,1280,13,13
1339,297,13,13
12,1118,13,13
1018,372,13,13
1381,372,13,13
12,569,13,13
1274,1281,13,13
993,1402,13,13
640,576,13,13
1339,297,13,13
1381,372,13,13
576,1339,13,13
1381,128,13,13
12,392,13,13
546,544,13,13
576,640,13,13
372,1018,13,13
372,1381,13,13
372,1381,13,13
12,1118,13,13
503,128,13,13
503,272,13,13
792,1036,13,13
297,1339,13,13
1339,576,13,13
12,392,13,13
503,306,13,13
12,569,13,13
640,576,13,13
306,503,13,13
1381,372,13,13
1339,297,13,13
1381,372,13,13
503,306,13,13
576,1339,13,13
306,503,13,13
12,1118,13,13
306,503,13,13
503,306,13,13
12,1138,13,13
1036,792,13,13
12,392,13,13
12,569,13,13
12,1118,13,13
12,392,13,13
576,640,13,13
12,1118,13,13
792,1036,13,13
12,569,13,13
128,1381,13,13
323,1339,13,13
640,576,13,13
1328,306,13,13
372,1381,13,13
372,1381,13,13
582,598,13,13
12,1138,13,13
1383,1381,13,13
323,950,13,13
12,392,13,13
1381,128,13,13
859,1403,13,13
1274,1281,13,13
12,1118,13,13
760,542,13,13
1083,1402,13,13
372,592,13,13
810,1412,13,13
12,569,13,13
372,353,13,13
843,1237,13,13
1283,1138,13,13
12,1138,13,13
792,1036,13,13
12,1118,13,13
1354,372,13,13
12,392,13,13
592,372,13,13
12,569,13,13
1383,1381,13,13
128,1381,13,13
1381,128,13,13
1215,498,13,13
372,1354,13,13
372,592,13,13
598,582,13,13
1383,1381,13,13
12,1118,13,13
12,569,13,13
576,640,13,13
1381,1383,13,13
938,423,13,13
128,1354,13,13
792,1036,13,13
12,392,13,13
1215,498,13,13
12,1118,13,13
128,1381,13,13
12,569,13,13
592,372,13,13
392,306,13,13
12,1118,13,13
681,562,13,13
871,843,13,13
308,281,13,13
12,1118,13,13
12,392,13,13
12,1118,13,13
792,1036,13,13
582,598,13,13
12,569,13,13
1138,1283,13,13
12,1118,13,13
1383,1381,13,13
1383,1381,13,13
12,1118,13,13
1339,323,13,13
792,1036,13,13
372,592,13,13
12,1118,13,13
592,372,13,13
372,482,13,13
1215,498,13,13
12,1118,13,13
1373,408,13,13
128,1381,13,13
372,592,13,13
1281,1283,13,13
1274,1281,13,13
1383,392,13,13
883,72,13,13
297,1339,13,13
871,843,13,13
1373,592,13,13
1283,1138,13,13
871,843,13,13
1373,592,13,13
933,1214,13,13
600,470,13,13
372,592,13,13
372,482,13,13
600,105,13,13
1138,1283,13,13
372,482,13,13
1383,392,13,13
1283,1138,13,13
1033,576,13,13
1158,325,13,13
1158,325,13,13
1373,713,13,13
1280,1403,13,13
592,372,13,13
1402,372,13,13
1373,592,13,13
372,482,13,13
1402,418,13,13
1138,1283,13,13
1033,1381,13,13
1402,993,13,13
482,372,13,13
1402,1083,13,13
372,1402,13,13
1383,392,13,13
372,482,13,13
372,482,13,13
372,592,13,13
1033,1281,13,13
146,128,13,13
1373,592,13,13
1373,592,13,13
1383,392,13,13
1283,1138,13,13
1281,1033,13,13
1138,1283,13,13
713,325,13,13
1373,609,13,13
843,1237,13,13
1235,1402,13,13
713,548,13,13
1235,576,13,13
1413,1381,13,13
1235,843,13,13
1274,1281,13,13
1283,1138,13,13
713,271,13,13
1383,392,13,13
1235,843,13,13
639,994,13,13
1414,42,13,13
128,1415,13,13
639,1033,13,13
1138,1283,13,13
1379,598,13,13
639,498,13,13
315,994,13,13
1281,1274,13,13
792,356,13,13
1089,1412,13,13
1283,1138,13,13
1383,392,13,13
128,778,13,13
315,840,13,13
72,883,13,13
1083,1402,13,13
1138,1283,13,13
1383,392,13,13
1283,1138,13,13
599,1381,13,13
1138,1283,13,13
1283,1138,13,13
1383,392,13,13
1138,1283,13,13
1283,1138,13,13
1416,277,13,13
495,585,13,13
555,1292,13,13
495,1113,13,13
1138,1283,13,13
468,277,13,13
1023,1402,13,13
1023,1402,13,13
1283,1138,13,13
1381,1033,13,13
1381,128,13,13
495,950,13,13
1381,1383,13,13
1381,1413,13,13
1383,392,13,13
1381,599,13,13
1138,1283,13,13
146,128,13,13
1381,713,13,13
1416,1138,13,13
1381,1413,13,13
1383,1381,13,13
1138,1283,13,13
1381,1383,13,13
1383,392,13,13
1383,1381,13,13
392,1295,13,13
42,1414,13,13
1283,1138,13,13
495,1043,13,13
128,1381,13,13
1383,1381,13,13
1383,1381,13,13
42,135,13,13
942,605,13,13
1381,128,13,13
1138,1283,13,13
893,994,13,13
495,1043,13,13
495,498,13,13
893,590,13,13
1381,1138,13,13
128,1381,13,13
498,495,13,13
1381,1138,13,13
1381,128,13,13
1383,1381,13,13
1283,1138,13,13
1138,1381,13,13
1138,1381,13,13
1381,1383,13,13
128,1381,13,13
1381,1138,13,13
1381,128,13,13
599,1381,13,13
1138,1283,13,13
1383,1381,13,13
1416,1138,13,13
1138,1381,13,13
128,1381,13,13
422,6,13,13
495,498,13,13
1381,599,13,13
495,498,13,13
1281,1023,13,13
1381,1138,13,13
1383,1381,13,13
498,495,13,13
1138,1381,13,13
1381,1138,13,13
1381,495,13,13
1283,1138,13,13
1138,1381,13,13
128,1004,13,13
1381,1138,13,13
599,1381,13,13
1416,1138,13,13
498,495,13,13
1381,599,13,13
1138,1283,13,13
498,495,13,13
1138,1381,13,13
1383,1381,13,13
128,1381,13,13
1381,128,13,13
783,1381,13,13
1383,1381,13,13
1381,783,13,13
128,1381,13,13
783,1381,13,13
1381,128,13,13
1383,1381,13,13
1381,783,13,13
128,1381,13,13
1381,128,13,13
599,1381,13,13
1383,1381,13,13
128,1381,13,13
1381,599,13,13
1138,1381,13,13
1381,1138,13,13
1381,1138,13,13
1383,1381,13,13
1283,1138,13,13
1383,1381,13,13
1138,1381,13,13
1138,1381,13,13
783,1381,13,13
1381,1138,13,13
542,1069,13,13
1381,783,13,13
1138,1283,13,13
542,760,13,13
1138,1381,13,13
1383,1283,13,13
1317,1417,13,13
1383,1381,13,13
1283,1138,13,13
783,1381,13,13
1381,783,13,13
1056,1032,13,13
1381,1138,13,13
760,576,13,13
599,1381,13,13
1383,1283,13,13
599,1381,13,13
1138,1283,13,13
1381,599,13,13
783,1381,13,13
1417,1317,13,13
1381,599,13,13
1381,783,13,13
1138,1381,13,13
1381,1138,13,13
599,1381,13,13
599,1381,13,13
1138,1381,13,13
1283,1138,13,13
1138,1283,13,13
1381,599,13,13
1381,1138,13,13
1381,1383,13,13
1383,1381,13,13
783,1381,13,13
1383,1381,13,13
1381,783,13,13
1281,413,13,13
1283,1138,13,13
1381,843,13,13
1138,1381,13,13
1283,1383,13,13
783,1381,13,13
325,1402,13,13
1138,1283,13,13
1383,1381,13,13
325,1281,13,13
1416,1138,13,13
325,1158,13,13
783,1213,13,13
1383,1283,13,13
1416,1413,13,13
1381,1383,13,13
599,1381,13,13
479,413,13,13
479,413,13,13
1416,1138,13,13
1383,1381,13,13
1356,1281,13,13
1356,852,13,13
413,479,13,13
1138,1381,13,13
1381,1138,13,13
1381,1138,13,13
1356,711,13,13
413,479,13,13
479,413,13,13
479,413,13,13
1416,1138,13,13
413,479,13,13
1138,1381,13,13
1416,1291,13,13
479,413,13,13
1138,1381,13,13
413,479,13,13
1416,260,13,13
479,413,13,13
1381,1138,13,13
1381,1138,13,13
1295,392,13,13
1416,1138,13,13
413,479,13,13
1381,1138,13,13
479,413,13,13
1168,683,13,13
1283,1138,13,13
1416,713,13,13
413,479,13,13
479,413,13,13
1138,1381,13,13
1138,1381,13,13
1138,1381,13,13
1138,1283,13,13
1283,1138,13,13
1281,1356,13,13
1281,325,13,13
1281,413,13,13
1283,1402,13,13
350,1168,13,13
542,1292,13,13
1213,783,13,13
865,1402,13,13
1142,752,13,13
809,795,13,13
9,1317,13,13
9,1196,13,13
1113,128,13,13
1113,323,13,13
1113,933,13,13
713,325,13,13
1113,495,13,13
342,1417,13,13
342,783,13,13
342,843,13,13
342,1216,13,13
1272,1244,13,13
26,1176,13,13
254,1216,13,13
605,277,13,13
281,317,13,13
830,389,13,13
679,1281,13,13
67,1417,13,13
163,474,13,13
1403,859,13,13
1403,1280,13,13
509,616,13,13
830,389,13,13
1373,859,13,13
1236,1043,13,13
1236,615,13,13
1236,176,13,13
1236,392,13,13
1236,1287,13,13
725,1280,13,13
1373,1306,13,13
594,1289,13,13
576,1033,13,13
615,1026,13,13
409,1283,13,13
1374,699,13,13
699,1374,13,13
699,1374,13,13
1374,699,13,13
1234,1339,13,13
225,638,13,13
792,1036,13,13
189,36,13,13
225,1281,13,13
699,1374,13,13
189,712,13,13
249,964,13,13
3,555,13,13
711,1356,13,13
1373,697,13,13
1328,391,13,13
1373,753,13,13
859,1403,13,13
1373,707,13,13
859,413,13,13
1373,859,13,13
1402,372,13,13
1403,859,13,13
1373,1191,13,13
1402,1083,13,13
1402,1023,13,13
1373,859,13,13
1402,325,13,13
1402,1283,13,13
919,874,13,13
1402,865,13,13
859,1403,13,13
810,1402,13,13
431,859,13,13
114,770,13,13
1262,598,13,13
114,770,13,13
1403,859,13,13
810,1402,13,13
770,1402,13,13
859,1403,13,13
1113,323,13,13
1189,1407,13,13
1189,1402,13,13
1189,1291,13,13
950,495,13,13
1189,835,13,13
1236,615,13,13
431,859,13,13
871,1384,13,13
871,1384,13,13
871,1384,13,13
809,1262,13,13
1044,1402,13,13
1127,1083,13,13
1127,454,13,13
1127,1274,13,13
278,308,13,13
560,1072,13,13
712,189,13,13
712,640,13,13
1153,1103,13,13
1339,1234,13,13
1280,725,13,13
1018,413,13,13
1358,352,13,13
1274,1281,13,13
1018,711,13,13
621,105,13,13
389,609,13,13
952,439,13,13
389,830,13,13
389,830,13,13
598,1379,13,13
919,50,13,13
337,474,13,13
339,1000,13,13
1000,339,13,13
1402,1189,13,13
708,105,13,13
843,1268,13,13
50,919,13,13
1387,1313,13,13
431,859,13,13
101,176,13,13
634,341,13,13
105,621,13,13
105,708,13,13
101,198,13,13
821,752,13,13
42,1418,13,13
1179,596,13,13
1044,1402,13,13
683,479,13,13
1393,332,13,13
1044,1402,13,13
423,1402,13,13
483,398,13,13
9,1317,13,13
184,1026,13,13
483,821,13,13
9,1402,13,13
908,560,13,13
908,1354,13,13
431,617,13,13
1359,1335,13,13
114,770,13,13
594,1289,13,13
339,1402,13,13
9,1265,13,13
189,712,13,13
42,1402,13,13
1402,339,13,13
1402,42,13,13
189,712,13,13
1018,708,13,13
1402,687,13,13
1018,1402,13,13
1402,1018,13,13
1272,1402,13,13
1018,1402,13,13
317,605,13,13
189,1291,13,13
495,498,13,13
714,1376,13,13
317,538,13,13
495,1381,13,13
495,498,13,13
495,498,13,13
317,1171,13,13
1402,1272,13,13
189,1261,13,13
181,766,13,13
1402,1018,13,13
495,1113,13,13
1272,1402,13,13
181,495,13,13
495,950,13,13
1367,1138,13,13
339,475,13,13
479,683,13,13
495,181,13,13
339,598,13,13
339,495,13,13
569,372,13,13
176,101,13,13
950,495,13,13
398,354,13,13
398,483,13,13
1295,1117,13,13
9,1402,13,13
9,1196,13,13
1281,683,13,13
181,495,13,13
840,315,13,13
124,598,13,13
1127,296,13,13
1138,1367,13,13
124,1402,13,13
598,124,13,13
124,598,13,13
498,495,13,13
353,42,13,13
252,1402,13,13
386,422,13,13
124,97,13,13
146,26,13,13
415,1208,13,13
146,26,13,13
146,26,13,13
146,26,13,13
212,590,13,13
1176,26,13,13
415,997,13,13
598,124,13,13
26,1176,13,13
498,495,13,13
598,1262,13,13
425,1103,13,13
598,582,13,13
598,546,13,13
316,714,13,13
598,1033,13,13
928,542,13,13
598,1379,13,13
711,1018,13,13
598,644,13,13
1260,725,13,13
124,598,13,13
1402,124,13,13
838,626,13,13
439,952,13,13
26,386,13,13
481,1402,13,13
598,124,13,13
67,1417,13,13
1286,1359,13,13
1,1271,13,13
473,1189,13,13
1286,1342,13,13
1286,1343,13,13
609,389,13,13
97,124,13,13
36,189,13,13
1033,1281,13,13
32,799,13,13
1171,317,13,13
1033,639,13,13
124,598,13,13
810,1402,13,13
124,97,13,13
1189,1402,13,13
124,1402,13,13
1189,473,13,13
1033,1381,13,13
1033,576,13,13
576,1033,13,13
1176,26,13,13
1033,598,13,13
431,595,13,13
1292,555,13,13
1393,1364,13,13
1292,325,13,13
586,1402,13,13
1393,704,13,13
1033,576,13,13
97,124,13,13
474,163,13,13
546,598,13,13
749,1118,13,13
576,1033,13,13
431,595,13,13
431,859,13,13
352,503,13,13
1393,1365,13,13
1260,1006,13,13
1033,1377,13,13
1032,1056,13,13
557,128,13,13
1262,598,13,13
146,309,13,13
189,36,13,13
307,189,13,13
105,474,13,13
1262,644,13,13
277,605,13,13
146,739,13,13
758,741,13,13
172,840,13,13
105,474,13,13
679,1174,13,13
679,474,13,13
679,474,13,13
32,840,13,13
679,1281,13,13
679,1310,13,13
114,770,13,13
679,474,13,13
105,474,13,13
679,474,13,13
704,958,13,13
1187,1060,13,13
105,474,13,13
596,1179,13,13
1358,352,13,13
679,474,13,13
871,1358,13,13
1113,495,13,13
105,474,13,13
1402,124,13,13
1402,586,13,13
1066,1072,13,13
810,1402,13,13
1274,1358,13,13
352,1358,13,13
701,233,13,13
1103,425,13,13
679,474,13,13
810,1402,13,13
105,474,13,13
799,32,13,13
679,398,13,13
792,1036,13,13
36,189,13,13
792,1036,13,13
679,474,13,13
105,474,13,13
1183,42,13,13
835,261,13,13
105,711,13,13
835,1189,13,13
105,474,13,13
835,1063,13,13
679,474,13,13
1189,835,13,13
835,1189,13,13
32,799,13,13
1383,1283,13,13
32,1183,13,13
1419,356,13,13
1383,26,13,13
105,474,13,13
1420,356,13,13
105,474,13,13
1183,32,13,13
1420,468,13,13
32,1183,13,13
1236,339,13,13
26,1383,13,13
1420,191,13,13
1236,615,13,13
679,474,13,13
1236,1287,13,13
1377,1033,13,13
1183,32,13,13
1291,189,13,13
105,474,13,13
105,474,13,13
679,398,13,13
679,474,13,13
1383,26,13,13
1236,308,13,13
105,474,13,13
679,474,13,13
105,474,13,13
1118,749,13,13
679,398,13,13
679,398,13,13
659,254,13,13
679,398,13,13
1153,1103,13,13
474,1339,13,13
398,679,13,13
1236,969,13,13
474,679,13,13
105,711,13,13
679,398,13,13
105,474,13,13
679,474,13,13
398,679,13,13
679,398,13,13
105,711,13,13
809,1262,13,13
810,1420,13,13
3,32,13,13
356,1419,13,13
474,679,13,13
105,711,13,13
398,679,13,13
679,474,13,13
105,474,13,13
679,398,13,13
952,439,13,13
1189,835,13,13
356,1420,13,13
398,679,13,13
131,1379,13,13
1402,810,13,13
679,398,13,13
131,1284,13,13
105,711,13,13
1281,1033,13,13
683,824,13,13
1281,679,13,13
398,679,13,13
474,679,13,13
683,479,13,13
679,1281,13,13
679,474,13,13
105,711,13,13
679,398,13,13
1281,679,13,13
1236,969,13,13
840,172,13,13
342,1302,13,13
679,1281,13,13
1365,834,13,13
1281,683,13,13
479,683,13,13
105,474,13,13
474,679,13,13
840,352,13,13
398,679,13,13
1281,679,13,13
105,711,13,13
1383,1283,13,13
1365,1393,13,13
679,474,13,13
679,1281,13,13
679,398,13,13
1281,679,13,13
679,1281,13,13
474,679,13,13
1281,1374,13,13
105,474,13,13
824,683,13,13
706,128,13,13
189,36,13,13
1189,1217,13,13
1281,679,13,13
1189,1217,13,13
706,740,13,13
398,679,13,13
356,840,13,13
9,1402,13,13
1234,1339,13,13
254,659,13,13
626,838,13,13
679,474,13,13
679,1281,13,13
474,679,13,13
398,479,13,13
679,398,13,13
479,398,13,13
679,474,13,13
1281,679,13,13
105,474,13,13
679,1281,13,13
398,679,13,13
42,353,13,13
474,679,13,13
32,1183,13,13
1281,679,13,13
42,474,13,13
679,398,13,13
474,42,13,13
679,474,13,13
679,1281,13,13
105,474,13,13
1281,679,13,13
474,679,13,13
175,1421,13,13
679,1281,13,13
679,474,13,13
474,679,13,13
686,1168,13,13
105,474,13,13
679,474,13,13
538,317,13,13
1281,679,13,13
538,546,13,13
679,1281,13,13
474,679,13,13
254,1402,13,13
679,474,13,13
1026,184,13,13
1281,679,13,13
1358,352,13,13
1358,1274,13,13
1026,615,13,13
32,523,13,13
474,679,13,13
105,474,13,13
353,42,13,13
3,415,13,13
1281,1377,13,13
640,712,13,13
679,1281,13,13
679,474,13,13
495,950,13,13
538,317,13,13
1403,859,13,13
352,840,13,13
1168,686,13,13
679,398,13,13
538,42,13,13
398,679,13,13
474,679,13,13
679,398,13,13
495,181,13,13
398,679,13,13
710,1382,13,13
353,1365,13,13
679,398,13,13
495,498,13,13
495,498,13,13
523,32,13,13
1365,353,13,13
398,679,13,13
913,462,13,13
523,791,13,13
1365,1412,13,13
495,1113,13,13
1236,1237,13,13
913,548,13,13
913,484,13,13
679,398,13,13
913,950,13,13
114,770,13,13
398,679,13,13
874,919,13,13
913,41,13,13
1236,1237,13,13
32,523,13,13
1236,1237,13,13
1339,1234,13,13
1190,393,13,13
1367,1138,13,13
1190,615,13,13
1402,254,13,13
1236,1237,13,13
1367,495,13,13
495,1367,13,13
1290,1402,13,13
1236,1237,13,13
954,103,13,13
1236,1237,13,13
1236,912,13,13
498,495,13,13
498,495,13,13
1231,704,13,13
1089,1365,13,13
1236,1026,13,13
1236,1374,13,13
1367,495,13,13
1021,970,13,13
1038,576,13,13
1373,1306,13,13
1281,317,13,13
1113,323,13,13
1038,594,13,13
1281,1374,13,13
1281,679,13,13
1113,495,13,13
1422,1021,13,13
652,394,13,13
741,758,13,13
652,394,13,13
652,394,13,13
652,394,13,13
652,394,13,13
1281,1006,13,13
1235,1402,13,13
1072,1066,13,13
1281,1291,13,13
770,1021,13,13
1364,1393,13,13
1235,1393,13,13
261,835,13,13
1032,783,13,13
1281,62,13,13
12,711,13,13
124,97,13,13
124,1402,13,13
1310,679,13,13
12,711,13,13
12,1281,13,13
1113,783,13,13
1236,1006,13,13
823,615,13,13
823,498,13,13
12,711,13,13
799,32,13,13
12,1118,13,13
12,1118,13,13
32,799,13,13
12,1281,13,13
12,1118,13,13
12,834,13,13
342,239,13,13
12,1118,13,13
1328,1421,13,13
12,1118,13,13
835,261,13,13
12,1118,13,13
942,1118,13,13
1118,942,13,13
942,1422,13,13
12,1118,13,13
12,175,13,13
12,1118,13,13
12,1118,13,13
1402,1235,13,13
545,592,13,13
12,1118,13,13
498,823,13,13
1402,124,13,13
12,1118,13,13
942,42,13,13
1044,758,13,13
1393,1365,13,13
12,1402,13,13
12,1402,13,13
1393,1364,13,13
12,599,13,13
1281,1283,13,13
12,1281,13,13
12,1402,13,13
342,1097,13,13
12,1402,13,13
12,711,13,13
124,1402,13,13
1402,124,13,13
12,1402,13,13
1283,835,13,13
160,639,13,13
124,1402,13,13
1234,124,13,13
32,1211,13,13
392,1295,13,13
950,495,13,13
1117,1295,13,13
1117,856,13,13
725,1260,13,13
124,1234,13,13
12,1402,13,13
261,835,13,13
68,1402,13,13
1402,68,13,13
1236,392,13,13
1113,840,13,13
1236,481,13,13
1283,538,13,13
12,1402,13,13
1283,738,13,13
617,103,13,13
1236,481,13,13
823,498,13,13
342,239,13,13
783,1032,13,13
783,1113,13,13
12,1402,13,13
342,783,13,13
1113,783,13,13
1268,823,13,13
1214,933,13,13
1236,481,13,13
12,1402,13,13
823,1268,13,13
12,1214,13,13
1268,823,13,13
823,1268,13,13
68,1402,13,13
468,1420,13,13
12,1214,13,13
1260,725,13,13
594,1038,13,13
1032,783,13,13
725,1260,13,13
642,963,13,13
1113,823,13,13
1044,1402,13,13
783,1032,13,13
1032,783,13,13
9,1402,13,13
783,1032,13,13
9,1281,13,13
1032,783,13,13
1421,1328,13,13
12,1402,13,13
1421,175,13,13
725,353,13,13
114,770,13,13
615,1026,13,13
42,353,13,13
783,1032,13,13
878,1417,13,13
754,903,13,13
42,538,13,13
615,823,13,13
994,799,13,13
9,1420,13,13
823,615,13,13
9,1420,13,13
1113,823,13,13
1236,615,13,13
1328,1421,13,13
615,823,13,13
994,596,13,13
42,1005,13,13
12,1420,13,13
1236,615,13,13
1402,68,13,13
994,1402,13,13
12,1402,13,13
994,993,13,13
1236,615,13,13
1402,994,13,13
596,994,13,13
576,1393,13,13
68,1402,13,13
823,615,13,13
1066,1072,13,13
1236,615,13,13
1402,68,13,13
1402,642,13,13
68,1402,13,13
12,1402,13,13
615,823,13,13
1402,68,13,13
9,1402,13,13
32,1395,13,13
68,1402,13,13
1236,615,13,13
1113,823,13,13
483,821,13,13
1113,128,13,13
734,605,13,13
994,639,13,13
50,823,13,13
1032,783,13,13
128,557,13,13
415,997,13,13
483,398,13,13
994,315,13,13
176,1423,13,13
68,1402,13,13
1072,1066,13,13
1424,575,13,13
994,1402,13,13
1424,1167,13,13
830,389,13,13
1423,176,13,13
175,1421,13,13
1402,68,13,13
394,652,13,13
1402,68,13,13
9,1423,13,13
1402,994,13,13
68,1402,13,13
68,1402,13,13
176,1423,13,13
1402,68,13,13
1402,68,13,13
1005,42,13,13
783,1032,13,13
68,1402,13,13
146,1,13,13
128,302,13,13
840,1113,13,13
9,1423,13,13
1423,176,13,13
1066,1072,13,13
68,1402,13,13
176,1423,13,13
640,1402,13,13
1423,176,13,13
176,1423,13,13
642,1402,13,13
823,1113,13,13
1032,783,13,13
302,128,13,13
823,615,13,13
128,738,13,13
128,1113,13,13
783,1032,13,13
398,317,13,13
146,1,13,13
1032,783,13,13
128,32,13,13
128,236,13,13
32,128,13,13
783,1032,13,13
1032,783,13,13
823,1369,13,13
679,1281,13,13
679,1310,13,13
1404,740,13,13
128,32,13,13
9,1050,13,13
9,1423,13,13
1339,822,13,13
1413,1219,13,13
1335,1359,13,13
32,128,13,13
783,1032,13,13
919,874,13,13
1044,1402,13,13
822,1339,13,13
856,1117,13,13
9,1423,13,13
422,386,13,13
314,834,13,13
1032,783,13,13
1032,783,13,13
1387,1313,13,13
1339,822,13,13
9,1423,13,13
783,1032,13,13
1032,783,13,13
1219,1413,13,13
1190,615,13,13
191,1420,13,13
1387,1313,13,13
220,88,13,13
1105,1409,13,13
783,1032,13,13
1190,393,13,13
1032,783,13,13
309,1421,13,13
1413,1219,13,13
569,1335,13,13
1190,615,13,13
393,1190,13,13
1387,1313,13,13
1032,783,13,13
398,679,13,13
783,1032,13,13
1387,1313,13,13
1423,176,13,13
1402,642,13,13
1376,714,13,13
731,824,13,13
733,1376,13,13
1032,783,13,13
354,398,13,13
733,1260,13,13
733,1376,13,13
871,1313,13,13
835,261,13,13
9,1423,13,13
783,1032,13,13
871,1376,13,13
1032,783,13,13
176,1423,13,13
997,415,13,13
398,354,13,13
843,285,13,13
481,838,13,13
733,1376,13,13
783,1032,13,13
679,398,13,13
733,1302,13,13
1423,176,13,13
1425,997,13,13
176,1423,13,13
1153,475,13,13
398,679,13,13
733,938,13,13
1302,338,13,13
733,1302,13,13
1423,176,13,13
733,783,13,13
9,1423,13,13
176,1423,13,13
350,626,13,13
1190,393,13,13
733,502,13,13
1032,783,13,13
1423,176,13,13
176,1423,13,13
9,1423,13,13
1302,29,13,13
997,1425,13,13
350,626,13,13
225,1281,13,13
783,1032,13,13
1032,783,13,13
783,1032,13,13
1153,475,13,13
733,783,13,13
1423,176,13,13
176,1423,13,13
1413,997,13,13
425,1103,13,13
733,1302,13,13
307,189,13,13
425,1402,13,13
1425,997,13,13
997,1413,13,13
997,1425,13,13
997,1425,13,13
733,1426,13,13
9,1423,13,13
425,697,13,13
9,1332,13,13
1423,176,13,13
733,475,13,13
997,1413,13,13
176,1423,13,13
350,626,13,13
1236,1413,13,13
1423,176,13,13
1402,640,13,13
9,1423,13,13
1032,783,13,13
1402,68,13,13
1402,425,13,13
1236,176,13,13
1402,68,13,13
176,1423,13,13
1427,1424,13,13
1295,392,13,13
1427,575,13,13
1281,683,13,13
68,1402,13,13
1295,1117,13,13
783,1032,13,13
1236,176,13,13
1032,783,13,13
1413,997,13,13
871,68,13,13
67,1427,13,13
9,1281,13,13
1413,997,13,13
67,1427,13,13
9,1423,13,13
1423,1292,13,13
9,598,13,13
1236,1413,13,13
454,1127,13,13
1236,176,13,13
9,1423,13,13
783,1032,13,13
725,1260,13,13
1032,783,13,13
1236,176,13,13
1260,725,13,13
733,1302,13,13
1236,176,13,13
783,1032,13,13
1032,783,13,13
1236,176,13,13
1402,68,13,13
12,1281,13,13
9,1281,13,13
1236,176,13,13
12,1118,13,13
176,81,13,13
12,1281,13,13
68,1402,13,13
725,1260,13,13
9,1281,13,13
733,928,13,13
12,1281,13,13
783,1032,13,13
1236,176,13,13
81,176,13,13
1032,783,13,13
176,81,13,13
1281,1283,13,13
12,1118,13,13
733,928,13,13
1302,176,13,13
1281,1283,13,13
1260,725,13,13
481,1402,13,13
12,1281,13,13
1283,1281,13,13
1302,645,13,13
9,317,13,13
1260,1283,13,13
12,1118,13,13
176,1302,13,13
1291,1281,13,13
81,176,13,13
9,32,13,13
118,193,13,13
1283,1260,13,13
1032,783,13,13
9,1401,13,13
1281,1283,13,13
12,118,13,13
1281,1291,13,13
12,1281,13,13
1283,1281,13,13
12,1118,13,13
302,118,13,13
1281,1283,13,13
783,1032,13,13
1271,63,13,13
697,425,13,13
1032,783,13,13
176,81,13,13
783,1032,13,13
12,1281,13,13
42,1428,13,13
12,1118,13,13
1235,52,13,13
415,997,13,13
1236,769,13,13
105,831,13,13
997,415,13,13
1308,42,13,13
12,1281,13,13
738,128,13,13
12,1118,13,13
12,1118,13,13
42,1308,13,13
42,135,13,13
12,1118,13,13
1308,42,13,13
42,1308,13,13
871,68,13,13
1026,615,13,13
105,831,13,13
12,1118,13,13
1326,1426,13,13
12,1118,13,13
342,1302,13,13
1429,1281,13,13
12,1118,13,13
733,128,13,13
546,532,13,13
546,542,13,13
1236,544,13,13
1326,1268,13,13
12,1118,13,13
704,1423,13,13
645,1302,13,13
1375,740,13,13
1326,1268,13,13
1236,544,13,13
3,1110,13,13
733,128,13,13
835,1283,13,13
733,544,13,13
12,1118,13,13
835,1189,13,13
3,257,13,13
12,1118,13,13
1236,544,13,13
824,731,13,13
738,128,13,13
725,1260,13,13
1236,544,13,13
733,544,13,13
733,128,13,13
1260,725,13,13
733,128,13,13
733,128,13,13
1236,544,13,13
1395,32,13,13
923,544,13,13
1236,544,13,13
1395,994,13,13
824,774,13,13
706,128,13,13
544,923,13,13
733,475,13,13
733,128,13,13
12,1118,13,13
193,118,13,13
1395,704,13,13
1236,544,13,13
799,994,13,13
733,475,13,13
1236,544,13,13
353,645,13,13
1395,704,13,13
1004,128,13,13
1236,544,13,13
1219,1413,13,13
733,475,13,13
605,317,13,13
1236,544,13,13
353,725,13,13
9,598,13,13
725,1260,13,13
725,353,13,13
704,1395,13,13
1236,544,13,13
704,1395,13,13
120,118,13,13
1260,645,13,13
63,1271,13,13
1236,544,13,13
63,1110,13,13
645,1260,13,13
1236,544,13,13
903,1294,13,13
1260,725,13,13
645,353,13,13
1260,645,13,13
733,128,13,13
128,738,13,13
733,128,13,13
706,128,13,13
1373,1283,13,13
1236,706,13,13
1373,1295,13,13
706,1397,13,13
706,1397,13,13
1373,1283,13,13
532,546,13,13
128,706,13,13
733,128,13,13
706,128,13,13
1373,1295,13,13
128,706,13,13
725,1260,13,13
733,128,13,13
923,544,13,13
706,128,13,13
1295,1373,13,13
19,1430,13,13
733,475,13,13
542,546,13,13
733,475,13,13
681,617,13,13
1373,1295,13,13
9,598,13,13
142,1281,13,13
142,1281,13,13
733,128,13,13
706,1241,13,13
871,68,13,13
615,823,13,13
261,835,13,13
706,1241,13,13
544,923,13,13
1142,42,13,13
725,859,13,13
1113,840,13,13
1137,67,13,13
1117,1295,13,13
546,437,13,13
1283,1373,13,13
42,1142,13,13
19,1260,13,13
19,1260,13,13
19,1260,13,13
19,1260,13,13
1373,1283,13,13
615,1190,13,13
615,1190,13,13
19,711,13,13
1260,19,13,13
615,1026,13,13
19,711,13,13
19,1260,13,13
1113,128,13,13
1142,42,13,13
615,1241,13,13
1260,19,13,13
1113,823,13,13
19,1260,13,13
19,1260,13,13
525,19,13,13
792,131,13,13
1399,1335,13,13
1399,1359,13,13
615,1241,13,13
1255,1231,13,13
260,830,13,13
1241,277,13,13
366,1349,13,13
431,1117,13,13
1215,398,13,13
615,1241,13,13
1189,1417,13,13
1215,398,13,13
1241,1219,13,13
1110,63,13,13
1241,1219,13,13
249,1376,13,13
277,1241,13,13
67,1430,13,13
249,1430,13,13
615,1241,13,13
719,1420,13,13
1189,835,13,13
1241,277,13,13
249,1421,13,13
704,605,13,13
615,1241,13,13
1359,1399,13,13
1359,1335,13,13
431,1402,13,13
719,1036,13,13
719,1036,13,13
1091,876,13,13
753,1373,13,13
615,1241,13,13
1326,952,13,13
249,1260,13,13
366,346,13,13
431,1091,13,13
615,1241,13,13
605,704,13,13
483,821,13,13
342,1431,13,13
1373,753,13,13
1312,1091,13,13
1393,1427,13,13
734,605,13,13
1312,1091,13,13
605,734,13,13
1359,1399,13,13
181,495,13,13
681,617,13,13
635,1262,13,13
495,498,13,13
734,605,13,13
407,378,13,13
605,734,13,13
495,498,13,13
753,719,13,13
753,1373,13,13
1219,1241,13,13
719,753,13,13
734,605,13,13
1219,1241,13,13
1373,753,13,13
734,617,13,13
753,719,13,13
254,1402,13,13
753,1373,13,13
719,753,13,13
617,734,13,13
605,734,13,13
734,617,13,13
53,1432,13,13
753,719,13,13
734,605,13,13
80,823,13,13
605,734,13,13
605,734,13,13
1036,719,13,13
734,605,13,13
719,1036,13,13
1189,502,13,13
704,605,13,13
605,734,13,13
29,1302,13,13
617,734,13,13
605,704,13,13
615,1181,13,13
1036,719,13,13
1281,1429,13,13
1433,1072,13,13
128,1113,13,13
463,105,13,13
483,821,13,13
463,1185,13,13
128,706,13,13
725,1280,13,13
830,260,13,13
463,327,13,13
704,617,13,13
704,605,13,13
870,598,13,13
1373,753,13,13
1295,1373,13,13
463,469,13,13
605,704,13,13
1295,1117,13,13
101,243,13,13
495,1367,13,13
101,243,13,13
753,1373,13,13
1181,615,13,13
463,609,13,13
128,598,13,13
495,1113,13,13
1044,1402,13,13
1373,711,13,13
792,131,13,13
770,463,13,13
819,822,13,13
1283,1295,13,13
1283,987,13,13
1434,27,13,13
809,257,13,13
615,1181,13,13
792,131,13,13
1339,474,13,13
711,1373,13,13
1262,1417,13,13
792,131,13,13
792,131,13,13
1113,128,13,13
131,792,13,13
254,1039,13,13
254,1279,13,13
342,495,13,13
1434,1110,13,13
792,131,13,13
357,1169,13,13
249,44,13,13
357,1402,13,13
131,792,13,13
249,1402,13,13
598,128,13,13
598,870,13,13
357,152,13,13
1434,725,13,13
598,603,13,13
1338,642,13,13
53,1283,13,13
994,1395,13,13
249,725,13,13
249,725,13,13
835,261,13,13
1295,1283,13,13
1434,131,13,13
1338,479,13,13
870,598,13,13
346,366,13,13
994,799,13,13
1283,1295,13,13
835,1189,13,13
1295,1283,13,13
1434,725,13,13
1285,1273,13,13
1338,1189,13,13
986,725,13,13
792,131,13,13
986,725,13,13
1338,252,13,13
1283,1295,13,13
1338,193,13,13
986,124,13,13
598,794,13,13
1338,479,13,13
1435,667,13,13
598,1093,13,13
986,725,13,13
1113,495,13,13
131,792,13,13
667,1435,13,13
1434,725,13,13
1338,479,13,13
1268,1326,13,13
431,1117,13,13
986,725,13,13
822,1339,13,13
1093,598,13,13
128,172,13,13
1338,642,13,13
598,488,13,13
1338,479,13,13
667,1402,13,13
128,1004,13,13
1435,667,13,13
598,1093,13,13
128,1113,13,13
1338,479,13,13
1434,725,13,13
1338,642,13,13
598,645,13,13
1033,1377,13,13
261,835,13,13
605,254,13,13
431,605,13,13
1287,1083,13,13
1285,1021,13,13
598,1006,13,13
1268,823,13,13
1339,822,13,13
1435,1033,13,13
1033,1281,13,13
1113,128,13,13
1033,1435,13,13
822,1339,13,13
1338,9,13,13
1436,361,13,13
569,128,13,13
598,325,13,13
1434,498,13,13
341,1132,13,13
1377,1033,13,13
172,128,13,13
1033,1377,13,13
1365,1393,13,13
431,605,13,13
128,172,13,13
502,1189,13,13
1434,725,13,13
1338,479,13,13
1437,341,13,13
431,605,13,13
598,1377,13,13
1437,341,13,13
1338,642,13,13
431,605,13,13
1339,822,13,13
1437,341,13,13
1290,596,13,13
598,27,13,13
53,1283,13,13
598,1403,13,13
1338,642,13,13
1434,155,13,13
792,131,13,13
1338,642,13,13
1403,598,13,13
794,598,13,13
822,1339,13,13
598,475,13,13
598,794,13,13
598,502,13,13
1103,425,13,13
475,598,13,13
249,783,13,13
1285,598,13,13
431,605,13,13
704,1403,13,13
1437,341,13,13
161,679,13,13
1434,725,13,13
1338,341,13,13
799,994,13,13
243,100,13,13
1339,822,13,13
1138,1367,13,13
431,605,13,13
1211,254,13,13
1434,155,13,13
249,596,13,13
1211,32,13,13
1006,598,13,13
105,463,13,13
822,1339,13,13
27,598,13,13
1365,116,13,13
1339,822,13,13
474,1339,13,13
53,1438,13,13
431,605,13,13
431,605,13,13
1338,341,13,13
105,1406,13,13
249,1006,13,13
822,400,13,13
1290,596,13,13
1338,353,13,13
1438,502,13,13
1339,474,13,13
341,1338,13,13
1338,341,13,13
1339,822,13,13
105,1406,13,13
835,261,13,13
1138,124,13,13
1338,341,13,13
128,32,13,13
822,1339,13,13
128,1113,13,13
1281,1033,13,13
431,605,13,13
431,605,13,13
1354,128,13,13
105,1406,13,13
474,1339,13,13
249,1138,13,13
502,598,13,13
128,1354,13,13
105,1406,13,13
1339,822,13,13
502,1438,13,13
105,1406,13,13
1339,474,13,13
822,1339,13,13
249,1138,13,13
105,1406,13,13
1339,822,13,13
1438,502,13,13
1138,296,13,13
822,1339,13,13
1153,128,13,13
1292,1423,13,13
1236,1237,13,13
1338,341,13,13
1416,1413,13,13
1153,128,13,13
1416,1138,13,13
502,1438,13,13
128,502,13,13
1403,704,13,13
1338,341,13,13
1113,128,13,13
105,367,13,13
1138,995,13,13
105,1406,13,13
1184,644,13,13
871,68,13,13
1184,32,13,13
1339,822,13,13
1338,353,13,13
297,283,13,13
704,1403,13,13
1354,128,13,13
1383,1283,13,13
1184,711,13,13
1338,341,13,13
105,1406,13,13
1403,704,13,13
1416,1138,13,13
128,1113,13,13
128,1354,13,13
609,463,13,13
770,463,13,13
1236,479,13,13
101,190,13,13
502,128,13,13
498,649,13,13
254,1211,13,13
1184,1036,13,13
254,605,13,13
463,105,13,13
1402,68,13,13
1402,667,13,13
1236,479,13,13
1402,481,13,13
1338,341,13,13
463,609,13,13
1416,1138,13,13
1338,341,13,13
822,1339,13,13
605,254,13,13
871,1211,13,13
1153,128,13,13
1236,1237,13,13
105,463,13,13
1433,753,13,13
12,599,13,13
224,605,13,13
1290,605,13,13
770,463,13,13
12,1281,13,13
128,502,13,13
176,101,13,13
1236,479,13,13
254,605,13,13
101,190,13,13
105,1406,13,13
296,1138,13,13
1339,822,13,13
12,366,13,13
431,605,13,13
128,1354,13,13
1138,296,13,13
605,254,13,13
9,1338,13,13
753,1433,13,13
1113,128,13,13
822,1339,13,13
871,463,13,13
1236,1237,13,13
254,605,13,13
1153,128,13,13
1339,822,13,13
105,1406,13,13
296,1138,13,13
1433,753,13,13
249,596,13,13
101,176,13,13
1338,341,13,13
1236,296,13,13
507,1402,13,13
249,1138,13,13
753,1433,13,13
605,254,13,13
822,1339,13,13
1325,1340,13,13
194,271,13,13
706,1241,13,13
1338,341,13,13
161,679,13,13
1416,1138,13,13
1138,296,13,13
712,1398,13,13
105,1406,13,13
176,101,13,13
105,605,13,13
1339,822,13,13
1286,1231,13,13
1153,128,13,13
1398,712,13,13
1236,1237,13,13
706,128,13,13
105,605,13,13
1433,753,13,13
9,366,13,13
1325,983,13,13
1416,1138,13,13
105,1406,13,13
105,605,13,13
609,463,13,13
1184,711,13,13
1153,128,13,13
1359,1231,13,13
1339,296,13,13
753,1433,13,13
1236,296,13,13
1236,706,13,13
1402,254,13,13
822,1339,13,13
9,598,13,13
1236,914,13,13
1402,1044,13,13
1354,128,13,13
1402,357,13,13
1338,341,13,13
1398,712,13,13
1236,327,13,13
1402,249,13,13
296,1339,13,13
1184,711,13,13
1236,1237,13,13
1236,706,13,13
1033,1281,13,13
1339,822,13,13
1069,542,13,13
1153,128,13,13
296,194,13,13
679,161,13,13
1416,1138,13,13
1236,296,13,13
1236,1237,13,13
1236,706,13,13
1184,711,13,13
1339,296,13,13
105,1406,13,13
1433,753,13,13
822,1339,13,13
1236,296,13,13
249,1138,13,13
146,679,13,13
502,128,13,13
1236,1237,13,13
1101,128,13,13
296,1339,13,13
1339,822,13,13
194,296,13,13
1236,706,13,13
1338,341,13,13
753,1433,13,13
1236,296,13,13
712,1398,13,13
874,919,13,13
1416,1138,13,13
822,1339,13,13
1236,1237,13,13
1393,1365,13,13
341,1338,13,13
161,679,13,13
1236,706,13,13
249,1138,13,13
220,19,13,13
53,1118,13,13
1211,254,13,13
194,642,13,13
1339,296,13,13
1338,341,13,13
1231,1286,13,13
1184,711,13,13
194,1279,13,13
1231,1359,13,13
1113,1306,13,13
1138,341,13,13
1339,822,13,13
1236,1237,13,13
194,498,13,13
1236,706,13,13
1335,1117,13,13
983,1325,13,13
1416,502,13,13
1325,983,13,13
822,1339,13,13
681,1338,13,13
1433,753,13,13
194,356,13,13
983,1325,13,13
1236,706,13,13
341,1338,13,13
296,194,13,13
463,609,13,13
1335,1403,13,13
341,1138,13,13
1236,1237,13,13
1339,822,13,13
296,1339,13,13
1439,1354,13,13
753,1433,13,13
194,296,13,13
53,1138,13,13
1325,983,13,13
1416,1138,13,13
770,463,13,13
822,1339,13,13
341,1338,13,13
983,1325,13,13
128,502,13,13
1339,296,13,13
296,194,13,13
1339,822,13,13
1325,983,13,13
1044,1402,13,13
1183,1440,13,13
983,1325,13,13
1338,341,13,13
871,1211,13,13
1183,42,13,13
1138,341,13,13
871,463,13,13
532,536,13,13
254,1211,13,13
1433,753,13,13
1325,983,13,13
1211,1437,13,13
254,1402,13,13
822,1339,13,13
1339,474,13,13
1236,1237,13,13
322,1402,13,13
1236,1413,13,13
1339,822,13,13
983,1325,13,13
128,1354,13,13
322,1127,13,13
194,1362,13,13
1236,706,13,13
341,1138,13,13
706,840,13,13
1441,983,13,13
1413,1219,13,13
1338,341,13,13
983,1441,13,13
341,1338,13,13
1325,983,13,13
1416,1138,13,13
128,1113,13,13
1184,479,13,13
983,1325,13,13
334,1442,13,13
254,1211,13,13
128,706,13,13
1184,711,13,13
249,1138,13,13
1338,341,13,13
706,128,13,13
1441,983,13,13
1138,341,13,13
1184,479,13,13
983,1441,13,13
67,938,13,13
733,297,13,13
53,1138,13,13
1113,128,13,13
1416,475,13,13
1219,1413,13,13
1184,711,13,13
1117,1335,13,13
733,1402,13,13
1184,479,13,13
1033,1443,13,13
128,1113,13,13
1325,983,13,13
1211,325,13,13
318,1127,13,13
733,1338,13,13
704,712,13,13
1219,1413,13,13
983,1325,13,13
840,706,13,13
1138,249,13,13
733,1338,13,13
1113,128,13,13
1184,479,13,13
609,463,13,13
770,840,13,13
53,1138,13,13
1340,840,13,13
1241,840,13,13
733,840,13,13
1335,1117,13,13
1153,128,13,13
1241,840,13,13
317,538,13,13
1441,983,13,13
249,1138,13,13
706,840,13,13
733,903,13,13
317,398,13,13
479,1184,13,13
792,1413,13,13
1021,1285,13,13
605,317,13,13
983,1441,13,13
317,605,13,13
1117,1335,13,13
1441,840,13,13
679,161,13,13
733,1338,13,13
53,1138,13,13
1184,479,13,13
317,605,13,13
1138,249,13,13
325,1211,13,13
711,1184,13,13
479,1184,13,13
41,913,13,13
1021,1422,13,13
249,1138,13,13
605,317,13,13
53,1138,13,13
261,835,13,13
1379,118,13,13
1153,128,13,13
605,317,13,13
1416,1138,13,13
341,1338,13,13
840,1340,13,13
1138,249,13,13
1441,983,13,13
1443,1033,13,13
770,1021,13,13
249,1138,13,13
770,840,13,13
146,679,13,13
733,840,13,13
983,1441,13,13
341,1138,13,13
840,706,13,13
53,1138,13,13
840,1441,13,13
733,1306,13,13
1033,1443,13,13
1184,711,13,13
1184,479,13,13
1413,792,13,13
733,987,13,13
317,605,13,13
1338,341,13,13
1123,1325,13,13
1340,840,13,13
1441,983,13,13
1335,1117,13,13
128,1113,13,13
161,679,13,13
686,1168,13,13
1443,1033,13,13
983,1441,13,13
1138,341,13,13
605,317,13,13
679,161,13,13
1444,1445,13,13
1153,128,13,13
1402,254,13,13
840,1340,13,13
1402,322,13,13
770,840,13,13
1441,840,13,13
479,1184,13,13
1325,1123,13,13
770,1021,13,13
1413,1219,13,13
254,1402,13,13
792,1413,13,13
1184,479,13,13
733,1402,13,13
317,605,13,13
67,901,13,13
733,840,13,13
161,679,13,13
1441,983,13,13
1184,479,13,13
792,1446,13,13
983,1441,13,13
711,1184,13,13
569,249,13,13
679,161,13,13
871,1313,13,13
605,317,13,13
1184,711,13,13
1340,840,13,13
1153,128,13,13
1113,128,13,13
1228,306,13,13
1184,1044,13,13
1367,495,13,13
341,1138,13,13
483,821,13,13
1184,479,13,13
1184,479,13,13
1406,194,13,13
341,1338,13,13
1219,1413,13,13
642,1338,13,13
1168,686,13,13
161,679,13,13
194,1406,13,13
569,249,13,13
1185,463,13,13
1184,479,13,13
1211,325,13,13
681,1338,13,13
1406,194,13,13
835,261,13,13
733,297,13,13
128,1113,13,13
871,1313,13,13
1184,317,13,13
569,249,13,13
1338,341,13,13
679,161,13,13
983,1441,13,13
1184,479,13,13
1325,1123,13,13
639,160,13,13
741,542,13,13
1123,1325,13,13
1338,642,13,13
1442,334,13,13
838,481,13,13
1184,479,13,13
569,249,13,13
733,1142,13,13
741,542,13,13
194,1406,13,13
271,713,13,13
639,740,13,13
325,1211,13,13
1211,254,13,13
1184,479,13,13
569,128,13,13
341,1338,13,13
681,1338,13,13
1340,454,13,13
1211,325,13,13
503,352,13,13
1406,194,13,13
161,679,13,13
681,1338,13,13
569,249,13,13
146,679,13,13
271,194,13,13
1113,128,13,13
639,1438,13,13
1153,128,13,13
1184,479,13,13
1406,1313,13,13
871,1211,13,13
679,161,13,13
733,1142,13,13
294,580,13,13
1313,1406,13,13
871,1313,13,13
261,835,13,13
1338,341,13,13
1441,983,13,13
254,1211,13,13
642,1338,13,13
681,1338,13,13
454,1340,13,13
334,1442,13,13
569,249,13,13
733,1142,13,13
194,271,13,13
161,679,13,13
679,161,13,13
128,1113,13,13
1406,1313,13,13
1340,454,13,13
569,128,13,13
980,1255,13,13
161,679,13,13
569,249,13,13
161,679,13,13
1402,254,13,13
341,1338,13,13
980,639,13,13
254,1402,13,13
1313,1406,13,13
1184,1036,13,13
679,161,13,13
733,1402,13,13
1184,254,13,13
194,479,13,13
1184,479,13,13
1153,128,13,13
1313,1406,13,13
1441,840,13,13
1018,281,13,13
1406,1313,13,13
1033,1443,13,13
1113,128,13,13
161,679,13,13
204,482,13,13
1406,1313,13,13
204,42,13,13
679,161,13,13
454,1340,13,13
733,1402,13,13
1184,254,13,13
871,1313,13,13
1138,341,13,13
1184,479,13,13
733,1402,13,13
1313,1406,13,13
161,679,13,13
204,482,13,13
1286,1342,13,13
569,249,13,13
644,1402,13,13
1286,1342,13,13
1338,1447,13,13
1184,644,13,13
1441,983,13,13
1338,341,13,13
1286,1342,13,13
341,1138,13,13
1286,1342,13,13
1184,479,13,13
288,1440,13,13
679,161,13,13
1402,644,13,13
644,1402,13,13
733,297,13,13
711,317,13,13
1184,479,13,13
1313,1406,13,13
161,679,13,13
681,1338,13,13
1184,644,13,13
605,317,13,13
1340,454,13,13
1217,1189,13,13
341,1138,13,13
569,249,13,13
63,706,13,13
733,1142,13,13
1406,1313,13,13
1313,1406,13,13
1184,254,13,13
733,1142,13,13
1313,1406,13,13
792,1413,13,13
1184,644,13,13
481,97,13,13
1406,1313,13,13
1184,254,13,13
792,1413,13,13
1413,1219,13,13
1313,1406,13,13
204,482,13,13
711,644,13,13
204,794,13,13
1184,479,13,13
639,994,13,13
1406,1313,13,13
128,1113,13,13
204,482,13,13
1313,1406,13,13
454,1340,13,13
1184,644,13,13
871,1313,13,13
1184,254,13,13
681,1338,13,13
1313,507,13,13
481,838,13,13
1406,194,13,13
1036,1325,13,13
481,376,13,13
1113,128,13,13
1184,479,13,13
681,1338,13,13
1018,288,13,13
980,639,13,13
1184,605,13,13
783,249,13,13
1101,128,13,13
733,297,13,13
507,1313,13,13
297,733,13,13
1306,733,13,13
1406,1313,13,13
980,128,13,13
1184,605,13,13
871,1313,13,13
644,995,13,13
1340,454,13,13
1325,1036,13,13
1313,507,13,13
454,1340,13,13
605,1184,13,13
1406,316,13,13
389,609,13,13
285,843,13,13
1313,1406,13,13
1184,605,13,13
792,1446,13,13
1340,454,13,13
980,194,13,13
317,711,13,13
128,749,13,13
980,128,13,13
1406,1313,13,13
792,1446,13,13
288,1018,13,13
454,1340,13,13
1328,952,13,13
843,285,13,13
507,1313,13,13
605,1184,13,13
128,1113,13,13
1184,605,13,13
507,1313,13,13
749,128,13,13
871,1313,13,13
871,1313,13,13
1406,1313,13,13
1313,507,13,13
605,1184,13,13
1113,128,13,13
1438,502,13,13
1036,1325,13,13
1313,1406,13,13
296,1083,13,13
616,509,13,13
1184,605,13,13
495,950,13,13
980,128,13,13
821,1406,13,13
639,372,13,13
1438,639,13,13
714,316,13,13
1313,1406,13,13
372,639,13,13
792,1446,13,13
605,317,13,13
792,1413,13,13
507,1313,13,13
495,1113,13,13
1406,1313,13,13
980,639,13,13
871,1313,13,13
714,204,13,13
317,605,13,13
495,1367,13,13
1406,1313,13,13
1113,495,13,13
681,1338,13,13
1325,1036,13,13
1433,495,13,13
605,317,13,13
980,639,13,13
1153,128,13,13
1189,1217,13,13
1036,1325,13,13
1184,479,13,13
194,503,13,13
749,475,13,13
1406,616,13,13
980,128,13,13
1217,1189,13,13
317,605,13,13
1433,1072,13,13
1325,1036,13,13
372,843,13,13
538,317,13,13
821,1406,13,13
538,317,13,13
605,317,13,13
1189,835,13,13
1406,1213,13,13
843,372,13,13
1338,1189,13,13
1036,1325,13,13
605,317,13,13
1189,1217,13,13
479,1184,13,13
1325,1036,13,13
1184,479,13,13
792,1413,13,13
317,538,13,13
317,605,13,13
794,495,13,13
1442,334,13,13
821,1406,13,13
1036,1325,13,13
317,749,13,13
714,495,13,13
843,1237,13,13
639,1438,13,13
681,1042,13,13
1338,1189,13,13
984,1255,13,13
1184,479,13,13
1433,1444,13,13
980,639,13,13
639,372,13,13
984,1255,13,13
639,372,13,13
605,317,13,13
980,128,13,13
317,605,13,13
345,141,13,13
681,1338,13,13
950,495,13,13
1338,1189,13,13
479,1184,13,13
980,639,13,13
1184,479,13,13
605,317,13,13
1153,128,13,13
479,1184,13,13
714,639,13,13
1381,794,13,13
821,1406,13,13
792,1413,13,13
317,605,13,13
1425,997,13,13
1184,479,13,13
477,1,13,13
1,477,13,13
878,438,13,13
1,477,13,13
1189,502,13,13
1184,479,13,13
477,1,13,13
1237,843,13,13
1,42,13,13
317,1184,13,13
1,477,13,13
714,438,13,13
1338,878,13,13
252,1338,13,13
477,1271,13,13
843,1237,13,13
477,526,13,13
1184,317,13,13
479,1184,13,13
605,317,13,13
878,639,13,13
835,1189,13,13
878,1338,13,13
477,1,13,13
317,1184,13,13
1,477,13,13
305,306,13,13
317,605,13,13
438,714,13,13
1006,1448,13,13
305,521,13,13
438,878,13,13
714,438,13,13
392,1295,13,13
1,477,13,13
438,714,13,13
605,317,13,13
1184,317,13,13
1153,128,13,13
794,1381,13,13
317,605,13,13
1153,128,13,13
372,843,13,13
317,1184,13,13
372,639,13,13
392,261,13,13
605,317,13,13
1153,128,13,13
878,438,13,13
800,1072,13,13
800,740,13,13
993,449,13,13
438,878,13,13
194,1284,13,13
1153,128,13,13
1184,296,13,13
800,1072,13,13
983,1441,13,13
1284,194,13,13
1072,1066,13,13
605,1406,13,13
498,194,13,13
1335,1006,13,13
792,1413,13,13
498,823,13,13
498,495,13,13
800,1072,13,13
980,128,13,13
835,261,13,13
821,1406,13,13
62,1190,13,13
1006,1335,13,13
1184,296,13,13
800,1072,13,13
1406,605,13,13
605,1406,13,13
105,317,13,13
62,1373,13,13
793,783,13,13
1406,605,13,13
841,1446,13,13
714,277,13,13
821,1406,13,13
172,495,13,13
62,598,13,13
1415,128,13,13
1295,392,13,13
792,1006,13,13
1184,296,13,13
1006,792,13,13
993,315,13,13
993,893,13,13
792,1413,13,13
1281,1033,13,13
792,1006,13,13
1281,317,13,13
1153,128,13,13
1281,62,13,13
1006,792,13,13
841,1006,13,13
1006,841,13,13
792,1006,13,13
1153,128,13,13
105,1118,13,13
261,835,13,13
1006,792,13,13
792,1413,13,13
792,1006,13,13
639,878,13,13
128,980,13,13
841,1006,13,13
1006,792,13,13
372,569,13,13
1006,841,13,13
1153,128,13,13
835,261,13,13
639,372,13,13
681,1449,13,13
569,372,13,13
993,707,13,13
582,598,13,13
792,1006,13,13
236,128,13,13
993,513,13,13
1006,792,13,13
128,236,13,13
1267,128,13,13
993,864,13,13
792,1006,13,13
1153,128,13,13
1433,639,13,13
128,1267,13,13
372,569,13,13
792,1006,13,13
569,372,13,13
639,1433,13,13
1267,128,13,13
128,1267,13,13
639,714,13,13
1189,835,13,13
1101,128,13,13
372,569,13,13
841,1006,13,13
1189,835,13,13
603,598,13,13
236,1421,13,13
1444,1413,13,13
1006,841,13,13
639,980,13,13
546,1189,13,13
1433,639,13,13
1406,843,13,13
1413,1444,13,13
372,569,13,13
1189,546,13,13
1444,1413,13,13
1267,128,13,13
1413,1444,13,13
546,1189,13,13
835,1189,13,13
1413,1444,13,13
128,1267,13,13
1444,1413,13,13
1189,546,13,13
1444,1413,13,13
792,1006,13,13
1189,835,13,13
1267,128,13,13
1433,975,13,13
1413,1444,13,13
1444,1413,13,13
498,3,13,13
639,1033,13,13
1189,1072,13,13
306,305,13,13
306,1228,13,13
1101,128,13,13
835,1189,13,13
1267,128,13,13
835,1189,13,13
513,303,13,13
1189,1444,13,13
1189,835,13,13
642,1444,13,13
542,741,13,13
1189,835,13,13
1444,1189,13,13
1444,1189,13,13
639,1433,13,13
306,513,13,13
338,1302,13,13
639,878,13,13
1433,639,13,13
1189,1444,13,13
783,793,13,13
306,627,13,13
1444,1189,13,13
1189,1444,13,13
919,1006,13,13
1444,1189,13,13
1444,1189,13,13
1444,1189,13,13
781,1403,13,13
1189,1444,13,13
781,1279,13,13
12,599,13,13
498,1444,13,13
1413,1444,13,13
12,1338,13,13
793,783,13,13
9,1450,13,13
12,1433,13,13
314,342,13,13
9,1444,13,13
9,1451,13,13
314,834,13,13
9,1452,13,13
9,1451,13,13
9,1445,13,13
9,1453,13,13
488,598,13,13
12,1433,13,13
993,784,13,13
12,1433,13,13
1433,379,13,13
105,711,13,13
105,1118,13,13
1433,12,13,13
12,1433,13,13
12,1433,13,13
12,1433,13,13
1083,1287,13,13
12,1433,13,13
1413,549,13,13
242,1217,13,13
42,1183,13,13
1033,1281,13,13
1033,639,13,13
1454,1437,13,13
1369,823,13,13
1369,454,13,13
105,1083,13,13
536,532,13,13
576,1033,13,13
1302,338,13,13
615,1063,13,13
523,706,13,13
686,1168,13,13
114,770,14,14
712,704,14,14
352,503,14,14
1132,341,14,14
1132,1156,14,14
32,128,14,14
697,542,14,14
415,808,14,14
296,194,14,14
114,770,14,14
392,1295,14,14
1313,1406,14,14
74,561,14,14
871,1313,14,14
1313,507,14,14
1313,507,14,14
1272,697,14,14
821,1406,14,14
317,307,14,14
1183,42,14,14
871,495,14,14
470,1260,14,14
454,1369,14,14
741,542,14,14
952,1328,14,14
1328,952,14,14
952,1326,14,14
281,317,14,14
952,1328,14,14
398,317,14,14
128,32,14,14
431,605,14,14
303,513,14,14
431,1402,14,14
1328,952,14,14
952,1328,14,14
105,337,14,14
1328,952,14,14
337,105,14,14
483,821,14,14
809,1072,14,14
1072,809,14,14
821,483,14,14
809,1072,14,14
502,128,14,14
1062,42,14,14
502,1438,14,14
576,792,14,14
342,502,14,14
502,342,14,14
342,502,14,14
398,502,14,14
502,398,14,14
398,502,14,14
1177,561,14,14
332,908,14,14
332,919,14,14
809,1072,14,14
332,1393,14,14
800,740,14,14
809,1072,14,14
740,800,14,14
740,800,14,14
800,740,14,14
800,740,14,14
1373,62,14,14
204,714,14,14
1062,1453,14,14
1062,1451,14,14
1062,1455,14,14
1062,1444,14,14
576,254,14,14
367,105,14,14
598,342,14,14
105,337,14,14
224,1402,14,14
1402,224,14,14
105,367,14,14
224,1402,14,14
431,1402,14,14
249,1402,14,14
367,317,14,14
105,398,14,14
317,367,14,14
431,738,14,14
367,105,14,14
105,398,14,14
1365,1393,14,14
189,307,14,14
367,317,14,14
254,576,14,14
353,1062,14,14
704,712,14,14
105,367,14,14
63,1174,14,14
771,1406,14,14
706,840,14,14
317,367,14,14
1018,1217,14,14
706,63,14,14
706,523,14,14
1241,840,14,14
1434,725,14,14
367,105,14,14
1072,809,14,14
1434,1110,14,14
105,367,14,14
367,317,14,14
204,509,14,14
249,547,14,14
204,1239,14,14
547,249,14,14
1434,1379,14,14
249,523,14,14
523,706,14,14
523,249,14,14
1269,204,14,14
1434,881,14,14
706,523,14,14
261,835,14,14
317,367,14,14
1434,1174,14,14
1280,725,14,14
1269,635,14,14
1269,1452,14,14
1269,1402,14,14
1269,1456,14,14
1269,932,14,14
1434,865,14,14
1269,530,14,14
706,990,14,14
146,1,14,14
1269,371,14,14
843,372,14,14
1269,818,14,14
1269,764,14,14
1269,1223,14,14
1269,52,14,14
1434,547,14,14
1269,544,14,14
1269,987,14,14
1269,123,14,14
1269,1142,14,14
1269,626,14,14
1269,1092,14,14
843,1406,14,14
1269,1053,14,14
1269,1457,14,14
683,479,14,14
367,317,14,14
1269,1372,14,14
1269,1458,14,14
1269,1459,14,14
1269,1459,14,14
1269,887,14,14
1269,380,14,14
1269,1232,14,14
1189,238,14,14
1269,1316,14,14
1269,96,14,14
1269,457,14,14
1269,86,14,14
1269,166,14,14
1269,1460,14,14
1269,8,14,14
1269,101,14,14
1269,36,14,14
135,42,14,14
1179,596,14,14
706,740,14,14
770,1196,14,14
483,821,14,14
105,398,14,14
770,135,14,14
135,42,14,14
1338,252,14,14
770,683,14,14
1189,843,14,14
105,398,14,14
626,1269,14,14
1189,626,14,14
532,536,14,14
958,704,14,14
1415,1425,14,14
105,398,14,14
770,683,14,14
770,1021,14,14
770,1248,14,14
1269,626,14,14
1272,1403,14,14
586,1391,14,14
770,523,14,14
204,1269,14,14
770,204,14,14
105,398,14,14
1269,204,14,14
254,297,14,14
204,1269,14,14
1269,204,14,14
36,1269,14,14
36,189,14,14
204,1269,14,14
1269,36,14,14
105,398,14,14
105,1373,14,14
770,1103,14,14
1269,204,14,14
1382,710,14,14
105,398,14,14
800,706,14,14
938,733,14,14
465,398,14,14
1274,792,14,14
540,502,14,14
42,135,14,14
135,42,14,14
105,1373,14,14
42,135,14,14
135,42,14,14
105,1027,14,14
105,1027,14,14
105,1373,14,14
1189,473,14,14
1189,714,14,14
105,1338,14,14
105,1338,14,14
1174,63,14,14
1425,1415,14,14
576,254,14,14
249,523,14,14
576,254,14,14
297,254,14,14
57,596,14,14
105,1338,14,14
576,1189,14,14
105,1118,14,14
105,1118,14,14
342,598,14,14
105,1373,14,14
576,1189,14,14
536,532,14,14
105,1118,14,14
105,1118,14,14
615,1425,14,14
893,993,14,14
576,1189,14,14
576,1189,14,14
576,1189,14,14
1189,576,14,14
1189,576,14,14
346,204,14,14
1189,1280,14,14
1189,546,14,14
252,1338,14,14
1189,346,14,14
1280,1189,14,14
1189,1280,14,14
1283,1373,14,14
105,1402,14,14
1280,1189,14,14
1291,610,14,14
1189,1280,14,14
128,1267,14,14
105,52,14,14
821,483,14,14
128,706,14,14
128,502,14,14
1440,1183,14,14
1440,288,14,14
105,626,14,14
105,1372,14,14
713,1241,14,14
713,372,14,14
431,605,14,14
105,576,14,14
1280,1189,14,14
1189,437,14,14
1189,1280,14,14
105,576,14,14
1403,1335,14,14
1403,781,14,14
1403,1272,14,14
1181,296,14,14
576,1189,14,14
576,1189,14,14
576,105,14,14
1280,1189,14,14
704,958,14,14
105,454,14,14
1236,706,14,14
105,439,14,14
1033,576,14,14
105,576,14,14
67,1338,14,14
576,1033,14,14
1402,224,14,14
576,105,14,14
1089,1365,14,14
105,576,14,14
576,105,14,14
431,1402,14,14
1402,249,14,14
1402,1269,14,14
640,1402,14,14
1189,576,14,14
1089,765,14,14
105,576,14,14
576,105,14,14
576,105,14,14
1272,1403,14,14
1402,105,14,14
105,576,14,14
1189,1280,14,14
105,576,14,14
1402,640,14,14
1189,1280,14,14
1235,52,14,14
105,1402,14,14
640,784,14,14
36,985,14,14
323,42,14,14
1280,1189,14,14
431,1402,14,14
626,1189,14,14
626,1269,14,14
1189,626,14,14
1189,1280,14,14
105,626,14,14
626,1189,14,14
342,626,14,14
1189,626,14,14
1281,62,14,14
626,342,14,14
626,1189,14,14
1281,1033,14,14
1281,317,14,14
342,626,14,14
1189,626,14,14
1281,1373,14,14
1295,392,14,14
1223,1269,14,14
626,342,14,14
626,1189,14,14
342,626,14,14
871,1223,14,14
105,626,14,14
128,1153,14,14
358,847,14,14
1402,105,14,14
1402,431,14,14
1438,502,14,14
639,1438,14,14
105,1402,14,14
1189,626,14,14
431,1402,14,14
389,830,14,14
252,433,14,14
835,261,14,14
252,389,14,14
781,1461,14,14
431,617,14,14
542,697,14,14
639,1438,14,14
431,605,14,14
605,431,14,14
1271,477,14,14
532,536,14,14
398,465,14,14
1294,903,14,14
105,398,14,14
725,1280,14,14
1241,713,14,14
105,398,14,14
254,297,14,14
105,398,14,14
823,615,14,14
740,706,14,14
709,1391,14,14
823,1113,14,14
105,398,14,14
823,80,14,14
709,517,14,14
1045,1026,14,14
1438,277,14,14
105,1373,14,14
615,823,14,14
19,220,14,14
261,835,14,14
261,392,14,14
105,398,14,14
392,1295,14,14
392,261,14,14
823,1369,14,14
823,498,14,14
105,398,14,14
105,1373,14,14
105,398,14,14
1373,341,14,14
1423,341,14,14
105,871,14,14
105,398,14,14
1393,332,14,14
174,701,14,14
334,540,14,14
1438,97,14,14
346,1189,14,14
334,297,14,14
479,683,14,14
683,824,14,14
739,1136,14,14
683,479,14,14
1279,254,14,14
683,1281,14,14
1279,194,14,14
105,398,14,14
1279,781,14,14
993,893,14,14
479,683,14,14
105,626,14,14
1423,1033,14,14
199,295,14,14
701,174,14,14
261,392,14,14
105,1373,14,14
473,1189,14,14
576,1033,14,14
683,479,14,14
105,1338,14,14
283,297,14,14
1269,1402,14,14
283,1393,14,14
1269,1223,14,14
105,626,14,14
838,481,14,14
283,1338,14,14
576,254,14,14
288,1440,14,14
734,617,14,14
431,605,14,14
481,838,14,14
105,626,14,14
1281,683,14,14
871,306,14,14
1281,1283,14,14
683,1281,14,14
1215,105,14,14
871,306,14,14
1281,683,14,14
683,1281,14,14
342,1462,14,14
1406,843,14,14
343,350,14,14
1406,771,14,14
1281,683,14,14
1406,1313,14,14
1402,105,14,14
683,1281,14,14
1402,431,14,14
781,1279,14,14
1281,683,14,14
1402,1269,14,14
431,1402,14,14
105,1402,14,14
683,1281,14,14
69,733,14,14
306,871,14,14
69,1269,14,14
1281,683,14,14
174,701,14,14
1281,1463,14,14
146,1,14,14
332,1393,14,14
1060,1117,14,14
398,105,14,14
1142,1269,14,14
105,398,14,14
797,1343,14,14
871,306,14,14
337,105,14,14
546,1189,14,14
105,398,14,14
823,1163,14,14
1312,105,14,14
823,1163,14,14
797,698,14,14
105,337,14,14
823,482,14,14
1168,317,14,14
797,1464,14,14
823,1033,14,14
797,25,14,14
1215,431,14,14
823,542,14,14
105,1423,14,14
830,389,14,14
797,1465,14,14
797,621,14,14
797,1363,14,14
398,105,14,14
1215,431,14,14
797,849,14,14
1312,105,14,14
797,1207,14,14
517,709,14,14
797,556,14,14
105,398,14,14
517,714,14,14
797,804,14,14
1060,191,14,14
306,871,14,14
797,832,14,14
1060,1187,14,14
797,768,14,14
797,1121,14,14
797,1392,14,14
398,105,14,14
797,1466,14,14
3,498,14,14
797,304,14,14
797,1336,14,14
105,398,14,14
1312,105,14,14
3,257,14,14
871,306,14,14
507,1313,14,14
1272,983,14,14
983,1272,14,14
1189,473,14,14
1189,346,14,14
1189,546,14,14
398,105,14,14
1060,199,14,14
105,398,14,14
542,204,14,14
191,1060,14,14
1189,297,14,14
871,1060,14,14
1272,983,14,14
1060,191,14,14
1060,871,14,14
398,105,14,14
983,1272,14,14
346,1189,14,14
959,958,14,14
114,770,14,14
105,398,14,14
191,1060,14,14
871,306,14,14
1272,983,14,14
105,398,14,14
372,843,14,14
398,105,14,14
749,317,14,14
1189,346,14,14
1189,346,14,14
871,830,14,14
719,249,14,14
42,323,14,14
225,638,14,14
400,601,14,14
225,1281,14,14
639,1438,14,14
697,542,14,14
509,616,14,14
509,204,14,14
60,1463,14,14
792,1274,14,14
831,341,14,14
1033,1281,14,14
1033,1423,14,14
212,204,14,14
792,576,14,14
1113,823,14,14
536,532,14,14
932,1269,14,14
285,843,14,14
1295,392,14,14
309,1391,14,14
1434,1312,14,14
1215,431,14,14
1434,547,14,14
1434,1174,14,14
1215,431,14,14
1287,1039,14,14
495,1113,14,14
495,1433,14,14
495,794,14,14
495,714,14,14
495,498,14,14
1158,325,14,14
495,172,14,14
431,1215,14,14
1434,732,14,14
309,1391,14,14
1158,713,14,14
1093,598,14,14
249,719,14,14
249,1402,14,14
908,332,14,14
1434,1313,14,14
809,257,14,14
1375,1269,14,14
254,576,14,14
254,1279,14,14
495,3,14,14
1215,431,14,14
1375,740,14,14
1434,174,14,14
379,1433,14,14
431,1215,14,14
1434,1379,14,14
52,1269,14,14
52,105,14,14
52,1235,14,14
605,431,14,14
1434,174,14,14
605,337,14,14
1434,174,14,14
986,346,14,14
431,605,14,14
986,296,14,14
843,372,14,14
843,285,14,14
605,431,14,14
843,1406,14,14
1434,174,14,14
1434,174,14,14
431,605,14,14
1434,174,14,14
605,431,14,14
42,1183,14,14
52,1042,14,14
1434,174,14,14
389,830,14,14
1215,431,14,14
1215,431,14,14
431,605,14,14
431,1215,14,14
1434,174,14,14
621,105,14,14
1434,174,14,14
337,605,14,14
621,797,14,14
42,784,14,14
1434,174,14,14
605,431,14,14
1434,174,14,14
605,337,14,14
224,1246,14,14
1434,174,14,14
1463,1281,14,14
605,337,14,14
431,605,14,14
1434,174,14,14
1421,362,14,14
843,1195,14,14
1434,174,14,14
42,72,14,14
224,220,14,14
1434,174,14,14
605,431,14,14
1246,224,14,14
1434,174,14,14
189,802,14,14
532,536,14,14
1434,174,14,14
72,42,14,14
1434,174,14,14
639,993,14,14
224,72,14,14
824,683,14,14
986,991,14,14
42,72,14,14
72,42,14,14
42,72,14,14
986,254,14,14
711,257,14,14
639,994,14,14
1434,174,14,14
716,42,14,14
105,398,14,14
716,42,14,14
639,993,14,14
224,1246,14,14
105,52,14,14
1434,174,14,14
105,621,14,14
257,711,14,14
72,42,14,14
105,52,14,14
1434,174,14,14
50,1463,14,14
1463,50,14,14
711,257,14,14
993,639,14,14
1434,174,14,14
357,1253,14,14
377,332,14,14
1281,225,14,14
1434,174,14,14
1281,1033,14,14
986,357,14,14
1281,1463,14,14
174,1434,14,14
1463,308,14,14
337,605,14,14
257,711,14,14
174,1434,14,14
105,1402,14,14
1117,1060,14,14
711,257,14,14
1253,357,14,14
986,357,14,14
174,1434,14,14
257,711,14,14
357,1253,14,14
986,357,14,14
986,357,14,14
357,1253,14,14
986,357,14,14
986,357,14,14
986,357,14,14
357,1208,14,14
341,1373,14,14
377,592,14,14
341,1423,14,14
1402,431,14,14
1253,357,14,14
377,777,14,14
341,831,14,14
1402,105,14,14
1402,249,14,14
1402,105,14,14
1110,1434,14,14
105,1402,14,14
1402,105,14,14
105,1402,14,14
1402,105,14,14
103,617,14,14
105,1402,14,14
1446,841,14,14
224,72,14,14
105,1402,14,14
224,1402,14,14
1199,1021,14,14
1199,1021,14,14
536,532,14,14
1338,252,14,14
1338,67,14,14
1402,105,14,14
1402,105,14,14
1402,224,14,14
540,334,14,14
314,834,14,14
32,128,14,14
19,1435,14,14
19,1435,14,14
1338,105,14,14
1338,283,14,14
224,1402,14,14
1319,1402,14,14
27,1425,14,14
105,1402,14,14
32,1463,14,14
704,617,14,14
706,800,14,14
105,1402,14,14
1433,495,14,14
706,128,14,14
105,1338,14,14
1269,1142,14,14
706,1236,14,14
1423,341,14,14
706,740,14,14
1269,932,14,14
504,1167,14,14
1402,224,14,14
1423,1377,14,14
1136,739,14,14
1402,1319,14,14
1269,52,14,14
1402,105,14,14
224,8,14,14
864,993,14,14
704,1467,14,14
1425,27,14,14
704,1468,14,14
1013,398,14,14
224,1402,14,14
323,42,14,14
986,620,14,14
53,377,14,14
1433,379,14,14
1425,615,14,14
1013,398,14,14
497,1280,14,14
1013,398,14,14
993,864,14,14
105,1402,14,14
770,114,14,14
792,32,14,14
1375,357,14,14
128,706,14,14
711,257,14,14
497,1352,14,14
1312,1434,14,14
308,1463,14,14
257,711,14,14
1312,105,14,14
389,252,14,14
1463,308,14,14
1312,1313,14,14
389,482,14,14
1463,32,14,14
1463,32,14,14
809,257,14,14
711,257,14,14
128,32,14,14
27,1425,14,14
1138,966,14,14
1379,1434,14,14
706,128,14,14
1379,194,14,14
257,711,14,14
1184,60,14,14
1184,32,14,14
482,389,14,14
809,257,14,14
1312,105,14,14
128,706,14,14
711,257,14,14
105,1463,14,14
12,1338,14,14
809,257,14,14
257,711,14,14
9,1434,14,14
12,599,14,14
9,1434,14,14
711,257,14,14
809,257,14,14
1425,27,14,14
1312,105,14,14
32,792,14,14
1280,725,14,14
32,1463,14,14
32,128,14,14
1373,341,14,14
986,1425,14,14
792,32,14,14
60,1184,14,14
679,67,14,14
1463,60,14,14
1463,32,14,14
128,32,14,14
1425,986,14,14
1184,60,14,14
1217,242,14,14
938,67,14,14
1217,1018,14,14
871,1217,14,14
1438,639,14,14
60,1463,14,14
60,1184,14,14
1312,105,14,14
792,679,14,14
1184,60,14,14
1354,128,14,14
1037,547,14,14
679,792,14,14
547,1434,14,14
27,1425,14,14
128,32,14,14
128,1354,14,14
547,1037,14,14
1280,497,14,14
502,398,14,14
770,802,14,14
502,540,14,14
732,1434,14,14
725,1280,14,14
502,128,14,14
502,1438,14,14
1438,502,14,14
1393,283,14,14
60,1184,14,14
1018,1217,14,14
704,302,14,14
1154,800,14,14
1354,128,14,14
1402,224,14,14
1402,105,14,14
1440,43,14,14
105,1402,14,14
802,770,14,14
398,1013,14,14
43,1440,14,14
398,105,14,14
1113,495,14,14
770,802,14,14
809,67,14,14
809,257,14,14
802,770,14,14
781,42,14,14
1253,1461,14,14
105,398,14,14
835,261,14,14
847,358,14,14
398,105,14,14
105,398,14,14
12,1387,14,14
12,1118,14,14
398,105,14,14
220,224,14,14
12,634,14,14
12,282,14,14
12,634,14,14
463,871,14,14
105,398,14,14
3,495,14,14
12,1118,14,14
389,573,14,14
463,609,14,14
463,1185,14,14
1377,1423,14,14
1440,43,14,14
63,1174,14,14
63,1302,14,14
497,52,14,14
483,821,14,14
504,1406,14,14
821,483,14,14
1463,1469,14,14
483,821,14,14
12,1118,14,14
809,1354,14,14
12,1118,14,14
12,1118,14,14
12,343,14,14
498,1470,14,14
12,1118,14,14
821,483,14,14
1313,1434,14,14
573,389,14,14
1110,3,14,14
1313,1312,14,14
252,1338,14,14
67,938,14,14
252,389,14,14
704,958,14,14
1313,1387,14,14
389,573,14,14
389,252,14,14
67,1338,14,14
502,1438,14,14
615,1425,14,14
389,482,14,14
42,781,14,14
1190,62,14,14
314,103,14,14
42,323,14,14
314,103,14,14
1181,317,14,14
42,716,14,14
797,544,14,14
252,389,14,14
799,32,14,14
573,389,14,14
1190,615,14,14
615,1190,14,14
353,504,14,14
1438,502,14,14
1033,1281,14,14
42,950,14,14
1438,502,14,14
12,1118,14,14
576,792,14,14
353,504,14,14
460,546,14,14
576,254,14,14
460,546,14,14
1190,615,14,14
502,1438,14,14
1313,507,14,14
502,1438,14,14
1190,50,14,14
42,950,14,14
1113,437,14,14
389,573,14,14
1438,502,14,14
389,252,14,14
1113,353,14,14
1438,502,14,14
1190,1287,14,14
1328,840,14,14
1328,840,14,14
353,1113,14,14
42,950,14,14
341,1423,14,14
792,576,14,14
502,1438,14,14
317,1281,14,14
317,1168,14,14
317,749,14,14
12,569,14,14
277,497,14,14
252,389,14,14
12,1118,14,14
1113,353,14,14
317,1181,14,14
50,1190,14,14
497,277,14,14
1438,502,14,14
42,950,14,14
12,1118,14,14
1416,1138,14,14
497,1296,14,14
777,377,14,14
797,958,14,14
42,950,14,14
797,1471,14,14
261,835,14,14
12,1118,14,14
792,1472,14,14
1246,224,14,14
797,974,14,14
809,1354,14,14
797,1473,14,14
12,1118,14,14
42,950,14,14
809,67,14,14
298,598,14,14
1416,502,14,14
932,1269,14,14
1142,194,14,14
950,42,14,14
42,950,14,14
1416,502,14,14
797,277,14,14
679,88,14,14
1142,733,14,14
1,1271,14,14
797,638,14,14
1375,1269,14,14
536,884,14,14
706,128,14,14
1416,306,14,14
544,797,14,14
797,297,14,14
1246,547,14,14
638,797,14,14
1416,502,14,14
797,204,14,14
990,706,14,14
544,1269,14,14
797,128,14,14
1422,942,14,14
950,42,14,14
831,325,14,14
276,792,14,14
42,950,14,14
317,32,14,14
42,353,14,14
42,942,14,14
42,1,14,14
1422,1021,14,14
325,831,14,14
950,42,14,14
797,260,14,14
547,1246,14,14
797,638,14,14
1269,932,14,14
792,276,14,14
598,298,14,14
1269,544,14,14
507,1313,14,14
53,711,14,14
1375,1269,14,14
497,277,14,14
379,542,14,14
1269,797,14,14
871,463,14,14
871,463,14,14
1272,1181,14,14
302,704,14,14
53,615,14,14
778,128,14,14
1269,1375,14,14
128,797,14,14
317,319,14,14
297,254,14,14
297,334,14,14
297,283,14,14
985,983,14,14
797,1269,14,14
794,1294,14,14
325,1402,14,14
297,1189,14,14
297,797,14,14
778,306,14,14
1474,176,14,14
1375,1269,14,14
1474,1375,14,14
1246,547,14,14
800,1154,14,14
297,573,14,14
394,504,14,14
379,1034,14,14
1423,341,14,14
53,711,14,14
1138,1416,14,14
1269,1375,14,14
797,128,14,14
573,297,14,14
1042,681,14,14
1190,50,14,14
297,573,14,14
1042,52,14,14
128,797,14,14
711,53,14,14
128,502,14,14
53,711,14,14
317,626,14,14
797,297,14,14
711,53,14,14
1211,871,14,14
1211,254,14,14
297,797,14,14
983,985,14,14
53,54,14,14
53,1042,14,14
224,220,14,14
1113,987,14,14
544,1269,14,14
546,460,14,14
128,797,14,14
342,798,14,14
1184,60,14,14
389,1269,14,14
342,797,14,14
643,638,14,14
503,352,14,14
643,1365,14,14
762,52,14,14
626,1036,14,14
638,643,14,14
638,797,14,14
942,1422,14,14
1235,52,14,14
542,379,14,14
3,1110,14,14
598,298,14,14
1371,643,14,14
831,325,14,14
932,1269,14,14
1271,1,14,14
1434,298,14,14
1215,102,14,14
431,566,14,14
1113,353,14,14
128,797,14,14
1434,298,14,14
598,649,14,14
1215,102,14,14
160,639,14,14
484,913,14,14
598,649,14,14
128,797,14,14
1463,1383,14,14
1425,27,14,14
53,1349,14,14
1434,298,14,14
878,1050,14,14
864,993,14,14
204,797,14,14
598,649,14,14
204,212,14,14
932,1269,14,14
204,542,14,14
204,346,14,14
204,1269,14,14
102,1449,14,14
1449,102,14,14
342,797,14,14
1113,990,14,14
204,1269,14,14
1406,504,14,14
27,1425,14,14
932,1269,14,14
204,542,14,14
1185,676,14,14
204,1269,14,14
1383,54,14,14
204,1269,14,14
378,407,14,14
204,1269,14,14
792,1036,14,14
204,1381,14,14
932,1269,14,14
204,1269,14,14
1167,504,14,14
204,1269,14,14
204,1269,14,14
1365,643,14,14
536,749,14,14
639,160,14,14
204,1269,14,14
639,994,14,14
160,639,14,14
389,830,14,14
864,993,14,14
52,1269,14,14
52,497,14,14
341,1423,14,14
204,1269,14,14
749,52,14,14
1269,52,14,14
52,762,14,14
144,645,14,14
204,1269,14,14
52,749,14,14
1118,308,14,14
52,1269,14,14
749,52,14,14
561,1177,14,14
704,288,14,14
128,353,14,14
639,749,14,14
67,52,14,14
204,1269,14,14
128,639,14,14
67,52,14,14
261,835,14,14
799,1475,14,14
1383,749,14,14
1328,1476,14,14
128,353,14,14
204,1269,14,14
204,1269,14,14
1425,27,14,14
204,346,14,14
389,830,14,14
204,1269,14,14
346,1453,14,14
67,52,14,14
1476,1069,14,14
1476,1069,14,14
42,1477,14,14
454,1369,14,14
42,135,14,14
1476,1012,14,14
1476,1012,14,14
204,212,14,14
105,52,14,14
204,1269,14,14
1042,681,14,14
105,52,14,14
204,1269,14,14
105,52,14,14
1406,468,14,14
1042,52,14,14
204,1224,14,14
204,212,14,14
704,288,14,14
42,1477,14,14
204,1269,14,14
778,439,14,14
540,1349,14,14
1349,540,14,14
544,1269,14,14
540,1349,14,14
1269,544,14,14
105,1421,14,14
1235,52,14,14
544,1269,14,14
454,1326,14,14
454,778,14,14
105,794,14,14
1190,1287,14,14
1449,1421,14,14
714,97,14,14
536,778,14,14
204,1269,14,14
67,901,14,14
67,901,14,14
1367,1412,14,14
1412,1365,14,14
1412,1367,14,14
277,497,14,14
1463,50,14,14
350,343,14,14
152,993,14,14
1089,1412,14,14
198,101,14,14
993,152,14,14
198,1321,14,14
810,1412,14,14
932,1269,14,14
152,993,14,14
272,306,14,14
903,1294,14,14
272,632,14,14
810,1412,14,14
919,603,14,14
993,152,14,14
152,993,14,14
220,224,14,14
993,152,14,14
1340,1478,14,14
482,212,14,14
372,1412,14,14
152,993,14,14
372,1412,14,14
1402,497,14,14
993,152,14,14
204,482,14,14
1402,482,14,14
152,993,14,14
204,482,14,14
810,1412,14,14
482,101,14,14
482,8,14,14
993,152,14,14
454,1326,14,14
482,97,14,14
152,993,14,14
993,152,14,14
482,260,14,14
482,41,14,14
482,477,14,14
482,269,14,14
482,263,14,14
482,283,14,14
482,281,14,14
204,611,14,14
482,332,14,14
482,325,14,14
152,993,14,14
993,152,14,14
482,272,14,14
482,248,14,14
482,184,14,14
810,1412,14,14
204,611,14,14
792,912,14,14
152,993,14,14
704,288,14,14
993,152,14,14
204,611,14,14
152,993,14,14
993,152,14,14
1340,840,14,14
778,570,14,14
152,993,14,14
204,611,14,14
545,421,14,14
1118,632,14,14
1406,1421,14,14
993,152,14,14
152,993,14,14
421,545,14,14
254,482,14,14
1463,50,14,14
778,517,14,14
1463,50,14,14
249,1470,14,14
204,611,14,14
204,1415,14,14
1189,346,14,14
338,1302,14,14
250,544,14,14
12,599,14,14
306,272,14,14
263,1298,14,14
204,611,14,14
817,1472,14,14
263,377,14,14
128,1413,14,14
1472,817,14,14
831,1449,14,14
42,538,14,14
555,1449,14,14
495,1433,14,14
817,1472,14,14
1034,379,14,14
502,942,14,14
1472,817,14,14
42,1354,14,14
1402,993,14,14
817,1472,14,14
794,1401,14,14
105,1118,14,14
67,809,14,14
1113,990,14,14
1401,794,14,14
1479,523,14,14
1033,463,14,14
1033,463,14,14
792,1413,14,14
1480,638,14,14
778,315,14,14
323,482,14,14
495,649,14,14
323,1449,14,14
261,835,14,14
495,1367,14,14
315,994,14,14
495,172,14,14
495,1213,14,14
176,1474,14,14
323,88,14,14
315,993,14,14
1480,97,14,14
495,1433,14,14
315,778,14,14
423,315,14,14
1373,354,14,14
1401,794,14,14
993,315,14,14
1472,817,14,14
315,993,14,14
817,1472,14,14
993,315,14,14
315,993,14,14
993,315,14,14
315,993,14,14
993,315,14,14
298,323,14,14
298,323,14,14
298,323,14,14
298,323,14,14
389,640,14,14
298,323,14,14
1113,437,14,14
52,67,14,14
325,482,14,14
1187,1060,14,14
687,1004,14,14
308,263,14,14
1402,1479,14,14
984,318,14,14
1328,765,14,14
1328,391,14,14
1328,239,14,14
838,632,14,14
1089,882,14,14
1089,765,14,14
1089,1412,14,14
1089,1367,14,14
1089,1365,14,14
871,1412,14,14
777,514,14,14
1349,366,14,14
27,1425,14,14
831,325,14,14
1349,366,14,14
1127,318,14,14
1127,1383,14,14
1127,1137,14,14
598,88,14,14
1189,1187,14,14
454,1127,14,14
415,263,14,14
1189,482,14,14
1189,482,14,14
1189,482,14,14
1246,456,14,14
1409,1105,14,14
431,544,14,14
1313,507,14,14
431,544,14,14
1313,507,14,14
431,544,14,14
765,1328,14,14
431,544,14,14
398,465,14,14
431,544,14,14
638,1480,14,14
317,482,14,14
204,1269,14,14
431,544,14,14
431,544,14,14
431,544,14,14
431,544,14,14
342,638,14,14
389,1472,14,14
431,544,14,14
389,1438,14,14
389,830,14,14
431,544,14,14
431,544,14,14
342,1039,14,14
261,835,14,14
1269,1091,14,14
317,315,14,14
1269,1301,14,14
1269,316,14,14
1269,1039,14,14
1269,437,14,14
714,1400,14,14
297,482,14,14
1393,283,14,14
297,497,14,14
415,1433,14,14
1393,1365,14,14
1393,1427,14,14
654,224,14,14
475,1480,14,14
204,1415,14,14
654,224,14,14
1246,224,14,14
249,402,14,14
105,52,14,14
105,621,14,14
1236,706,14,14
1021,1199,14,14
1244,415,14,14
1244,131,14,14
1021,1422,14,14
249,1021,14,14
352,309,14,14
249,1217,14,14
1375,1269,14,14
1375,1474,14,14
1021,1449,14,14
627,993,14,14
627,1019,14,14
204,1269,14,14
1089,765,14,14
1365,1412,14,14
1365,1393,14,14
840,1241,14,14
309,352,14,14
1326,1142,14,14
1393,1365,14,14
1365,1393,14,14
1189,1481,14,14
447,224,14,14
1037,595,14,14
632,838,14,14
1274,792,14,14
1215,303,14,14
792,1036,14,14
1274,792,14,14
609,463,14,14
706,740,14,14
792,1274,14,14
1189,305,14,14
609,80,14,14
1241,840,14,14
257,142,14,14
212,289,14,14
212,263,14,14
1463,373,14,14
257,142,14,14
212,1289,14,14
257,142,14,14
1248,1323,14,14
532,765,14,14
532,882,14,14
800,1072,14,14
933,1214,14,14
1474,1375,14,14
463,609,14,14
598,1474,14,14
609,463,14,14
298,323,14,14
463,609,14,14
352,309,14,14
298,323,14,14
609,463,14,14
315,263,14,14
1387,357,14,14
1142,1287,14,14
1387,357,14,14
1328,627,14,14
1328,840,14,14
257,142,14,14
263,315,14,14
1387,357,14,14
1344,1312,14,14
1387,357,14,14
1383,1127,14,14
392,1295,14,14
504,353,14,14
1142,1227,14,14
105,621,14,14
353,504,14,14
1,312,14,14
1,312,14,14
257,298,14,14
1,312,14,14
1142,1320,14,14
298,257,14,14
1,312,14,14
1142,312,14,14
1127,1169,14,14
547,1127,14,14
1,312,14,14
358,847,14,14
1142,312,14,14
9,142,14,14
1214,933,14,14
547,1127,14,14
1183,991,14,14
176,1474,14,14
1183,824,14,14
544,511,14,14
67,1260,14,14
536,993,14,14
257,298,14,14
67,52,14,14
797,1142,14,14
1142,1368,14,14
1142,797,14,14
1364,1393,14,14
1158,1072,14,14
511,544,14,14
454,1269,14,14
454,1326,14,14
1169,1127,14,14
1183,1482,14,14
1340,1326,14,14
439,778,14,14
504,353,14,14
991,358,14,14
358,991,14,14
991,358,14,14
346,838,14,14
1127,1169,14,14
358,991,14,14
1421,1449,14,14
1244,131,14,14
250,263,14,14
1421,236,14,14
105,439,14,14
32,799,14,14
809,67,14,14
12,343,14,14
32,482,14,14
9,766,14,14
12,142,14,14
481,586,14,14
586,481,14,14
993,536,14,14
250,1453,14,14
250,1420,14,14
933,1214,14,14
1033,463,14,14
105,52,14,14
1402,1213,14,14
1118,632,14,14
1387,12,14,14
1461,1253,14,14
1280,1287,14,14
1214,933,14,14
871,260,14,14
831,325,14,14
199,1364,14,14
578,6,14,14
847,358,14,14
72,1039,14,14
252,766,14,14
542,352,14,14
864,993,14,14
864,990,14,14
1422,1021,14,14
357,1431,14,14
933,1214,14,14
220,482,14,14
811,58,14,14
42,1482,14,14
919,60,14,14
468,329,14,14
19,1483,14,14
1246,224,14,14
189,712,14,14
792,1036,14,14
770,97,14,14
536,993,14,14
792,142,14,14
843,575,14,14
843,575,14,14
843,575,14,14
358,847,14,14
298,257,14,14
6,578,14,14
6,753,14,14
1272,862,14,14
993,536,14,14
1423,325,14,14
358,1484,14,14
358,1484,14,14
325,1423,14,14
793,863,14,14
341,1423,14,14
249,282,14,14
32,799,14,14
1018,1335,14,14
864,993,14,14
6,1020,14,14
1246,224,14,14
758,741,14,14
249,1485,14,14
125,131,14,14
1468,575,14,14
1468,755,14,14
536,993,14,14
204,645,14,14
1173,1323,14,14
249,1359,14,14
1189,543,14,14
1302,338,14,14
1403,357,14,14
644,1420,14,14
644,1420,14,14
644,1420,14,14
765,532,14,14
1072,1158,14,14
1236,706,14,14
1236,1043,14,14
1486,135,14,14
1190,50,14,14
1089,765,14,14
1283,699,14,14
245,1283,14,14
245,1283,14,14
245,191,14,14
245,1049,14,14
245,1283,14,14
400,822,14,14
249,1487,14,14
400,776,14,14
400,396,14,14
1488,576,14,14
254,758,14,14
704,1487,14,14
1313,507,14,14
704,1478,14,14
1101,638,14,14
1340,58,14,14
1284,793,14,14
704,1489,14,14
701,782,14,14
1271,1,14,14
1344,1283,14,14
322,1056,14,14
94,516,14,14
317,1260,14,14
1018,755,14,14
1018,755,14,14
42,358,14,14
1018,1485,14,14
645,144,14,14
1018,1485,14,14
97,1480,14,14
1313,507,14,14
1018,1440,14,14
1189,1407,14,14
1189,835,14,14
1169,1127,14,14
85,322,14,14
994,378,14,14
994,632,14,14
792,1413,14,14
871,738,14,14
72,1253,14,14
871,452,14,14
1406,1184,14,14
787,1490,14,14
250,1184,14,14
1406,1184,14,14
1189,1282,14,14
323,421,14,14
871,364,14,14
1406,1487,14,14
1252,787,14,14
1252,787,14,14
1397,473,14,14
787,1252,14,14
80,609,14,14
1252,787,14,14
502,994,14,14
1236,706,14,14
502,998,14,14
1189,523,14,14
475,250,14,14
1189,523,14,14
792,1413,14,14
1158,1072,14,14
1321,198,14,14
421,1395,14,14
1284,578,14,14
871,250,14,14
85,1236,14,14
1105,1440,14,14
643,1365,14,14
643,1371,14,14
298,323,14,14
250,1056,14,14
538,48,14,14
847,358,14,14
871,1491,14,14
298,323,14,14
128,1381,14,14
261,835,14,14
1440,1105,14,14
72,1253,14,14
9,994,14,14
1021,1422,14,14
1103,1441,14,14
9,654,14,14
1339,1491,14,14
1018,1491,14,14
1072,1158,14,14
749,1383,14,14
1072,1158,14,14
1018,1491,14,14
1339,1491,14,14
1339,1491,14,14
1492,638,14,14
128,1381,14,14
254,758,14,14
375,912,14,14
1444,1168,14,14
341,6,14,14
1493,1474,14,14
809,1494,14,14
1493,1449,14,14
1493,1474,14,14
338,1302,14,14
1235,52,14,14
101,198,14,14
101,282,14,14
809,542,14,14
809,542,14,14
809,560,14,14
993,536,14,14
1244,1317,14,14
1207,797,14,14
1168,520,14,14
1402,993,14,14
497,1491,14,14
1038,781,14,14
32,799,14,14
536,1317,14,14
536,795,14,14
536,993,14,14
32,52,14,14
1393,1365,14,14
1393,1364,14,14
1393,1492,14,14
1393,1492,14,14
576,1488,14,14
1339,576,14,14
272,306,14,14
706,1236,14,14
272,1296,14,14
758,741,14,14
598,488,14,14
297,795,14,14
297,738,14,14
713,1476,14,14
132,30,14,14
713,1154,14,14
713,1449,14,14
358,847,14,14
142,1415,14,14
42,358,14,14
254,758,14,14
1440,1495,14,14
1158,1072,14,14
50,1496,14,14
172,1497,14,14
1158,1498,14,14
1291,252,14,14
1291,252,14,14
1072,1158,14,14
1072,370,14,14
389,830,14,14
389,1472,14,14
204,645,14,14
204,1227,14,14
204,542,14,14
509,1395,14,14
1487,844,14,14
704,1487,14,14
67,809,14,14
1413,509,14,14
509,1413,14,14
509,52,14,14
509,1413,14,14
681,52,14,14
1496,824,14,14
824,1496,14,14
52,681,14,14
509,364,14,14
1281,1253,14,14
1281,540,14,14
1235,52,14,14
809,1449,14,14
357,1136,14,14
1281,1253,14,14
520,1168,14,14
257,298,14,14
50,1496,14,14
509,1413,14,14
32,52,14,14
32,1497,14,14
204,1227,14,14
1281,1283,14,14
1281,1283,14,14
1281,1283,14,14
1281,1499,14,14
1142,1320,14,14
389,1472,14,14
1072,370,14,14
52,1283,14,14
766,252,14,14
1260,67,14,14
1496,824,14,14
1395,421,14,14
252,766,14,14
792,1036,14,14
67,1260,14,14
617,250,14,14
204,1500,14,14
620,1294,14,14
67,1497,14,14
67,1497,14,14
42,669,14,14
67,1501,14,14
1,1271,14,14
1189,319,14,14
249,357,14,14
711,642,14,14
277,1320,14,14
1,1271,14,14
638,1492,14,14
1062,353,14,14
1,3,14,14
502,285,14,14
1332,1437,14,14
1062,1470,14,14
810,1260,14,14
9,766,14,14
298,257,14,14
257,298,14,14
67,523,14,14
1320,1142,14,14
298,257,14,14
257,298,14,14
1062,357,14,14
357,1062,14,14
357,314,14,14
298,257,14,14
1062,1419,14,14
314,333,14,14
870,523,14,14
257,298,14,14
298,257,14,14
67,1496,14,14
1185,314,14,14
770,1491,14,14
1132,1425,14,14
67,1496,14,14
870,638,14,14
389,1472,14,14
1291,252,14,14
84,638,14,14
373,311,14,14
373,311,14,14
373,311,14,14
204,542,14,14
306,778,14,14
1449,439,14,14
831,934,14,14
792,1080,14,14
792,1080,14,14
545,1449,14,14
617,73,14,14
817,104,14,14
679,1176,14,14
617,681,14,14
536,884,14,14
617,272,14,14
1449,429,14,14
617,272,14,14
617,272,14,14
272,1449,14,14
1449,272,14,14
272,1449,14,14
817,104,14,14
1502,1503,14,14
1502,1269,14,14
421,1395,14,14
393,738,14,14
617,728,14,14
477,1,14,14
809,1449,14,14
477,1271,14,14
477,1,14,14
421,97,14,14
393,738,14,14
393,870,14,14
598,1290,14,14
393,394,14,14
393,738,14,14
1158,1072,14,14
393,738,14,14
393,191,14,14
393,738,14,14
536,1317,14,14
249,1504,14,14
681,52,14,14
1072,1158,14,14
191,1505,14,14
638,643,14,14
638,870,14,14
638,84,14,14
704,288,14,14
1487,132,14,14
1424,575,14,14
1424,1427,14,14
792,438,14,14
792,438,14,14
792,438,14,14
1487,132,14,14
843,1237,14,14
843,1424,14,14
843,1237,14,14
843,1237,14,14
1297,1072,14,14
843,1237,14,14
1072,1297,14,14
557,1036,14,14
1297,1072,14,14
843,1237,14,14
1349,1062,14,14
1281,1279,14,14
843,1237,14,14
357,52,14,14
843,1237,14,14
770,844,14,14
1313,507,14,14
198,101,14,14
843,1237,14,14
42,353,14,14
1402,224,14,14
42,1505,14,14
843,1195,14,14
843,1237,14,14
843,1237,14,14
843,1237,14,14
792,824,14,14
843,1237,14,14
792,557,14,14
557,792,14,14
704,288,14,14
843,557,14,14
42,669,14,14
254,272,14,14
454,1326,14,14
454,1269,14,14
843,557,14,14
52,681,14,14
679,418,14,14
52,357,14,14
36,1425,14,14
454,1269,14,14
843,557,14,14
843,557,14,14
389,1472,14,14
843,557,14,14
843,557,14,14
454,1269,14,14
1444,1062,14,14
1158,1072,14,14
1158,375,14,14
1158,375,14,14
50,1487,14,14
495,1213,14,14
495,1433,14,14
555,440,14,14
1072,1158,14,14
495,1367,14,14
495,172,14,14
1158,1072,14,14
1158,1072,14,14
1158,1072,14,14
1158,1072,14,14
1158,1072,14,14
1215,1317,14,14
1158,1072,14,14
1215,1317,14,14
701,1413,14,14
567,595,14,14
555,969,14,14
555,765,14,14
575,1031,14,14
817,1449,14,14
42,1506,14,14
1417,67,14,14
1417,1262,14,14
242,1217,14,14
1260,557,14,14
193,943,15,15
1393,1424,15,15
1507,638,15,15
398,405,15,15
1507,638,15,15
1268,1269,15,15
1062,1349,15,15
1356,1421,15,15
1321,1224,15,15
1356,135,15,15
1268,1142,15,15
536,1317,15,15
536,884,15,15
1224,1321,15,15
701,1413,15,15
864,482,15,15
864,1189,15,15
864,990,15,15
1415,142,15,15
1,477,15,15
1,477,15,15
337,1415,15,15
1415,142,15,15
1415,974,15,15
1217,242,15,15
1281,1356,15,15
337,1415,15,15
42,1415,15,15
681,52,15,15
609,1497,15,15
609,1497,15,15
609,1478,15,15
536,884,15,15
1136,357,15,15
679,516,15,15
725,1127,15,15
52,681,15,15
1449,817,15,15
725,1127,15,15
103,358,15,15
1402,422,15,15
1332,964,15,15
725,52,15,15
1490,787,15,15
376,481,15,15
817,943,15,15
1189,1417,15,15
1508,1021,15,15
1508,52,15,15
1508,1319,15,15
1508,1319,15,15
52,1508,15,15
1508,52,15,15
509,52,15,15
1508,1470,15,15
509,337,15,15
389,1472,15,15
52,1508,15,15
509,52,15,15
1508,52,15,15
509,893,15,15
964,1332,15,15
42,995,15,15
42,1509,15,15
725,52,15,15
725,1127,15,15
1236,706,15,15
1280,272,15,15
509,840,15,15
509,316,15,15
509,364,15,15
272,306,15,15
509,1026,15,15
337,509,15,15
509,337,15,15
509,337,15,15
704,1329,15,15
337,509,15,15
569,1313,15,15
509,337,15,15
711,1356,15,15
103,1329,15,15
52,509,15,15
1329,1271,15,15
52,1508,15,15
1329,477,15,15
103,58,15,15
711,1373,15,15
1280,272,15,15
1423,341,15,15
644,773,15,15
569,1313,15,15
810,233,15,15
362,928,15,15
362,1421,15,15
249,1509,15,15
1217,242,15,15
1281,540,15,15
893,509,15,15
1217,322,15,15
569,1510,15,15
342,1417,15,15
103,358,15,15
306,272,15,15
103,358,15,15
306,1449,15,15
713,1367,15,15
713,1441,15,15
1280,272,15,15
103,1217,15,15
713,271,15,15
713,1381,15,15
713,1373,15,15
713,1052,15,15
1489,1449,15,15
713,842,15,15
713,1283,15,15
713,1311,15,15
713,666,15,15
823,1032,15,15
713,1189,15,15
713,714,15,15
1260,557,15,15
713,781,15,15
713,716,15,15
713,87,15,15
1302,338,15,15
713,462,15,15
713,994,15,15
823,1032,15,15
713,1186,15,15
713,779,15,15
713,884,15,15
713,1165,15,15
1489,1449,15,15
191,1021,15,15
1058,1142,15,15
713,998,15,15
713,1042,15,15
713,749,15,15
1508,52,15,15
1101,1417,15,15
1406,319,15,15
103,1510,15,15
357,1417,15,15
823,1032,15,15
103,58,15,15
823,1032,15,15
103,893,15,15
1393,283,15,15
792,824,15,15
1036,557,15,15
823,1032,15,15
128,847,15,15
823,1032,15,15
52,1508,15,15
1508,52,15,15
128,1510,15,15
823,1032,15,15
823,1032,15,15
823,1032,15,15
1509,224,15,15
823,1032,15,15
823,959,15,15
823,1032,15,15
823,1032,15,15
792,1036,15,15
1332,964,15,15
1509,1401,15,15
823,1032,15,15
823,1032,15,15
1036,792,15,15
1113,1509,15,15
1401,1509,15,15
569,1510,15,15
1509,470,15,15
128,1510,15,15
1509,1401,15,15
470,1509,15,15
1509,470,15,15
1113,1509,15,15
9,1510,15,15
823,1032,15,15
823,285,15,15
823,1032,15,15
1401,1509,15,15
1401,794,15,15
823,1032,15,15
823,1032,15,15
69,1508,15,15
823,1032,15,15
823,1032,15,15
1509,1401,15,15
128,1262,15,15
366,346,15,15
823,1032,15,15
366,12,15,15
366,1349,15,15
606,1510,15,15
606,1503,15,15
1510,606,15,15
823,1032,15,15
606,1510,15,15
1510,606,15,15
1349,366,15,15
342,1497,15,15
606,1510,15,15
569,606,15,15
346,366,15,15
326,688,15,15
792,1036,15,15
1510,606,15,15
536,884,15,15
1508,52,15,15
823,1032,15,15
823,1032,15,15
1281,1414,15,15
823,1032,15,15
1185,1403,15,15
966,52,15,15
823,1032,15,15
823,1032,15,15
823,1032,15,15
823,1032,15,15
1507,212,15,15
1509,1511,15,15
701,326,15,15
823,1032,15,15
823,1032,15,15
42,1512,15,15
701,654,15,15
823,1032,15,15
1158,437,15,15
823,1032,15,15
536,884,15,15
823,1032,15,15
42,1062,15,15
1185,1329,15,15
569,1510,15,15
823,1032,15,15
823,1032,15,15
823,1032,15,15
326,701,15,15
823,1032,15,15
1031,575,15,15
557,1036,15,15
9,366,15,15
823,1032,15,15
964,1332,15,15
823,1032,15,15
9,1510,15,15
823,1032,15,15
569,1510,15,15
810,233,15,15
569,1510,15,15
536,884,15,15
569,1510,15,15
595,1037,15,15
595,567,15,15
52,966,15,15
1509,1356,15,15
204,1356,15,15
204,1227,15,15
1509,890,15,15
1509,890,15,15
1509,957,15,15
454,1043,15,15
389,830,15,15
389,950,15,15
950,389,15,15
1036,557,15,15
1036,792,15,15
1509,309,15,15
704,1217,15,15
687,1051,15,15
536,884,15,15
325,326,15,15
713,1441,15,15
326,325,15,15
713,884,15,15
713,781,15,15
713,462,15,15
128,1124,15,15
1260,557,15,15
1280,1403,15,15
713,1441,15,15
966,52,15,15
966,852,15,15
933,783,15,15
323,966,15,15
831,934,15,15
1248,367,15,15
1375,199,15,15
85,322,15,15
42,1062,15,15
606,1510,15,15
1375,1472,15,15
1182,1113,15,15
615,422,15,15
569,606,15,15
569,615,15,15
1346,1329,15,15
19,1505,15,15
1509,1179,15,15
1472,1375,15,15
1393,1180,15,15
1280,1403,15,15
1510,606,15,15
606,1510,15,15
852,966,15,15
569,606,15,15
1510,606,15,15
912,899,15,15
1260,725,15,15
1158,924,15,15
912,1513,15,15
1406,1224,15,15
1280,725,15,15
128,606,15,15
1280,725,15,15
128,1510,15,15
1260,725,15,15
697,1349,15,15
1280,725,15,15
128,1513,15,15
1406,928,15,15
1260,725,15,15
1400,714,15,15
783,933,15,15
1037,595,15,15
128,1513,15,15
758,1449,15,15
1260,725,15,15
1280,725,15,15
1280,1037,15,15
1280,725,15,15
128,1513,15,15
782,701,15,15
1260,725,15,15
1487,132,15,15
128,1513,15,15
547,1169,15,15
1513,716,15,15
128,1510,15,15
1375,1472,15,15
204,298,15,15
1285,1021,15,15
1489,209,15,15
1489,1449,15,15
1489,1021,15,15
314,1185,15,15
701,326,15,15
314,1449,15,15
1406,314,15,15
314,333,15,15
1406,314,15,15
557,1260,15,15
128,204,15,15
681,758,15,15
758,681,15,15
912,314,15,15
422,615,15,15
173,749,15,15
912,375,15,15
1406,173,15,15
405,1507,15,15
1406,173,15,15
276,1260,15,15
42,1507,15,15
368,1236,15,15
852,276,15,15
1375,1472,15,15
1514,847,15,15
276,852,15,15
1185,1403,15,15
615,422,15,15
852,276,15,15
276,852,15,15
852,276,15,15
321,1260,15,15
912,893,15,15
1280,725,15,15
163,1485,15,15
1281,725,15,15
1281,1499,15,15
841,90,15,15
42,852,15,15
422,615,15,15
90,841,15,15
42,852,15,15
852,1356,15,15
42,852,15,15
42,1215,15,15
317,319,15,15
1332,964,15,15
1375,1472,15,15
1375,1472,15,15
1402,1252,15,15
893,912,15,15
1375,199,15,15
50,1487,15,15
52,966,15,15
878,1417,15,15
1100,1215,15,15
792,1036,15,15
792,824,15,15
1215,1100,15,15
1100,1215,15,15
1075,708,15,15
1249,1218,15,15
1287,1244,15,15
1215,1100,15,15
1100,1215,15,15
377,1507,15,15
1215,1100,15,15
963,841,15,15
346,1419,15,15
963,841,15,15
1381,783,15,15
1425,1132,15,15
964,1332,15,15
800,1072,15,15
1072,1158,15,15
1072,1158,15,15
725,1260,15,15
1393,283,15,15
615,422,15,15
1313,507,15,15
1509,1514,15,15
1509,1515,15,15
393,1516,15,15
831,934,15,15
1339,1417,15,15
509,893,15,15
509,52,15,15
509,799,15,15
1255,980,15,15
1255,984,15,15
1255,462,15,15
1472,817,15,15
1472,594,15,15
1113,1517,15,15
1158,1072,15,15
1158,1072,15,15
1514,1518,15,15
1021,1285,15,15
1021,191,15,15
1021,1508,15,15
713,1441,15,15
398,405,15,15
713,370,15,15
713,87,15,15
713,276,15,15
713,1185,15,15
713,884,15,15
830,389,15,15
713,781,15,15
713,462,15,15
735,1168,15,15
276,713,15,15
713,1517,15,15
329,468,15,15
52,509,15,15
309,520,15,15
326,701,15,15
378,994,15,15
799,1475,15,15
276,735,15,15
639,1438,15,15
639,993,15,15
639,1433,15,15
520,309,15,15
509,52,15,15
509,799,15,15
212,1507,15,15
520,1017,15,15
884,713,15,15
1375,1472,15,15
32,1519,15,15
32,1505,15,15
47,1299,15,15
708,1075,15,15
1520,1513,15,15
783,1381,15,15
997,142,15,15
9,1285,15,15
469,463,15,15
1521,645,15,15
1142,47,15,15
9,1285,15,15
9,1285,15,15
509,799,15,15
283,615,15,15
1280,725,15,15
1043,1142,15,15
375,912,15,15
710,646,15,15
52,509,15,15
912,375,15,15
912,893,15,15
9,1521,15,15
9,295,15,15
9,295,15,15
1114,1424,15,15
701,326,15,15
884,375,15,15
509,52,15,15
1406,1268,15,15
1424,1114,15,15
375,884,15,15
1522,859,15,15
375,912,15,15
1523,1420,15,15
1523,1420,15,15
509,893,15,15
687,438,15,15
199,1375,15,15
1523,1518,15,15
209,1489,15,15
639,509,15,15
103,358,15,15
67,1496,15,15
67,1501,15,15
103,1217,15,15
598,542,15,15
199,1060,15,15
598,542,15,15
1339,199,15,15
1502,606,15,15
626,1523,15,15
652,1317,15,15
652,394,15,15
103,652,15,15
679,1176,15,15
97,726,15,15
379,542,15,15
884,375,15,15
871,1417,15,15
1487,50,15,15
103,652,15,15
103,652,15,15
713,1441,15,15
713,781,15,15
67,1445,15,15
713,1517,15,15
713,462,15,15
713,370,15,15
1522,1524,15,15
598,1517,15,15
1487,312,15,15
326,701,15,15
249,1525,15,15
1339,713,15,15
128,509,15,15
1522,8,15,15
128,847,15,15
42,72,15,15
1522,97,15,15
919,1449,15,15
42,72,15,15
1522,220,15,15
1393,283,15,15
42,72,15,15
1317,652,15,15
309,639,15,15
297,738,15,15
713,1165,15,15
42,72,15,15
309,212,15,15
42,1526,15,15
1520,1513,15,15
50,1487,15,15
370,1417,15,15
1026,509,15,15
1026,615,15,15
1026,1236,15,15
463,609,15,15
1441,713,15,15
463,469,15,15
1142,1043,15,15
249,402,15,15
1284,1317,15,15
191,1021,15,15
1255,462,15,15
609,463,15,15
1507,405,15,15
1507,212,15,15
249,402,15,15
1433,639,15,15
144,1527,15,15
615,1026,15,15
1489,209,15,15
942,377,15,15
864,990,15,15
277,1508,15,15
277,1381,15,15
277,797,15,15
594,1472,15,15
1173,654,15,15
635,725,15,15
635,725,15,15
1173,654,15,15
635,1433,15,15
704,1468,15,15
654,701,15,15
635,224,15,15
1284,285,15,15
993,639,15,15
249,713,15,15
442,1184,15,15
1521,645,15,15
392,321,15,15
1383,749,15,15
1383,1127,15,15
277,797,15,15
1528,713,15,15
1042,713,15,15
1042,52,15,15
1042,781,15,15
42,43,15,15
605,734,15,15
442,852,15,15
442,654,15,15
342,1497,15,15
852,442,15,15
615,1526,15,15
1037,1517,15,15
342,1497,15,15
394,1526,15,15
944,1518,15,15
615,713,15,15
605,734,15,15
1167,1424,15,15
32,1518,15,15
1517,1037,15,15
1518,944,15,15
32,460,15,15
792,1036,15,15
32,1518,15,15
32,773,15,15
605,734,15,15
605,734,15,15
605,734,15,15
42,394,15,15
605,734,15,15
605,734,15,15
1507,1117,15,15
605,734,15,15
1339,132,15,15
605,734,15,15
128,847,15,15
67,1496,15,15
67,1501,15,15
67,1507,15,15
1313,569,15,15
1190,50,15,15
823,285,15,15
322,1217,15,15
67,1507,15,15
878,1362,15,15
1180,1393,15,15
309,1497,15,15
42,1507,15,15
42,1507,15,15
1173,654,15,15
1217,322,15,15
42,964,15,15
128,847,15,15
128,847,15,15
878,713,15,15
706,1236,15,15
1038,781,15,15
1190,281,15,15
1038,1489,15,15
596,1179,15,15
285,1497,15,15
254,1190,15,15
42,1507,15,15
1313,569,15,15
42,1507,15,15
128,847,15,15
1173,654,15,15
1339,199,15,15
714,713,15,15
1313,569,15,15
714,1400,15,15
254,1190,15,15
725,635,15,15
1508,1021,15,15
254,1190,15,15
1508,1521,15,15
67,1496,15,15
498,708,15,15
810,233,15,15
1521,1508,15,15
1284,1317,15,15
1313,569,15,15
1508,1521,15,15
1339,276,15,15
398,354,15,15
1173,654,15,15
1521,1508,15,15
398,1526,15,15
598,1080,15,15
1313,569,15,15
1313,569,15,15
1502,1503,15,15
1173,654,15,15
128,847,15,15
1508,708,15,15
733,1313,15,15
1526,595,15,15
1508,1184,15,15
1503,1502,15,15
128,847,15,15
128,677,15,15
1026,615,15,15
1181,131,15,15
316,509,15,15
1184,442,15,15
447,1526,15,15
1184,1508,15,15
596,1187,15,15
704,1509,15,15
283,1393,15,15
283,1502,15,15
9,282,15,15
1502,1503,15,15
1489,209,15,15
1184,1472,15,15
283,1502,15,15
283,1502,15,15
1503,1502,15,15
1339,316,15,15
1502,1503,15,15
281,1190,15,15
283,1502,15,15
283,1502,15,15
194,998,15,15
283,1502,15,15
1502,606,15,15
352,908,15,15
781,713,15,15
194,980,15,15
783,1526,15,15
615,1026,15,15
753,6,15,15
194,353,15,15
194,1127,15,15
878,1362,15,15
194,560,15,15
194,1004,15,15
733,783,15,15
194,794,15,15
38,561,15,15
308,739,15,15
852,38,15,15
733,919,15,15
194,1178,15,15
1295,392,15,15
194,465,15,15
617,250,15,15
733,783,15,15
635,725,15,15
1289,212,15,15
617,250,15,15
733,783,15,15
617,250,15,15
1489,1289,15,15
573,61,15,15
1472,1184,15,15
87,713,15,15
1184,1472,15,15
145,586,15,15
1375,1529,15,15
893,68,15,15
842,713,15,15
377,942,15,15
1185,41,15,15
118,194,15,15
640,1468,15,15
640,1526,15,15
1117,1507,15,15
1530,1192,15,15
749,713,15,15
271,713,15,15
1236,706,15,15
271,899,15,15
749,474,15,15
778,517,15,15
502,778,15,15
1520,716,15,15
749,1383,15,15
749,173,15,15
1033,1496,15,15
706,1236,15,15
1033,1496,15,15
1421,1356,15,15
502,778,15,15
1472,1184,15,15
502,778,15,15
447,1526,15,15
1236,706,15,15
341,1423,15,15
1281,163,15,15
502,778,15,15
261,835,15,15
502,778,15,15
546,1362,15,15
1400,714,15,15
546,725,15,15
1338,838,15,15
1217,473,15,15
835,261,15,15
1508,1184,15,15
1338,373,15,15
1338,99,15,15
1338,1508,15,15
1338,67,15,15
733,783,15,15
1185,41,15,15
1423,341,15,15
1338,1508,15,15
1508,358,15,15
473,1217,15,15
706,740,15,15
605,431,15,15
341,1423,15,15
1338,1508,15,15
1338,1036,15,15
261,835,15,15
733,783,15,15
1176,679,15,15
1509,1440,15,15
679,1176,15,15
1423,341,15,15
442,1184,15,15
341,1423,15,15
41,277,15,15
1423,341,15,15
733,144,15,15
1165,713,15,15
1517,449,15,15
19,1430,15,15
19,1430,15,15
733,1423,15,15
871,988,15,15
475,1105,15,15
733,1423,15,15
1423,733,15,15
309,754,15,15
1021,191,15,15
733,1423,15,15
1021,1508,15,15
85,733,15,15
332,352,15,15
601,1517,15,15
733,893,15,15
85,733,15,15
1517,601,15,15
601,1517,15,15
942,377,15,15
716,713,15,15
893,733,15,15
912,1513,15,15
1178,194,15,15
706,1531,15,15
1178,1051,15,15
9,282,15,15
9,1501,15,15
835,261,15,15
919,733,15,15
1489,209,15,15
1440,1509,15,15
1449,1021,15,15
1132,1425,15,15
118,194,15,15
852,276,15,15
852,276,15,15
852,276,15,15
1113,1517,15,15
1379,194,15,15
1379,713,15,15
204,1227,15,15
985,983,15,15
1433,635,15,15
600,847,15,15
950,353,15,15
1101,713,15,15
1532,852,15,15
600,847,15,15
899,271,15,15
701,193,15,15
1507,1019,15,15
794,1401,15,15
42,919,15,15
42,394,15,15
191,1021,15,15
781,1528,15,15
1184,1508,15,15
1184,442,15,15
781,1515,15,15
1438,294,15,15
323,298,15,15
323,341,15,15
298,323,15,15
323,298,15,15
323,341,15,15
781,1365,15,15
1520,716,15,15
781,1426,15,15
781,1426,15,15
42,323,15,15
42,573,15,15
781,988,15,15
781,386,15,15
1356,1509,15,15
1356,852,15,15
146,312,15,15
1244,1275,15,15
42,72,15,15
42,72,15,15
42,69,15,15
105,1444,15,15
542,379,15,15
9,282,15,15
635,725,15,15
342,1406,15,15
342,1015,15,15
1224,1406,15,15
595,1526,15,15
582,626,15,15
114,770,15,15
1179,1509,15,15
483,821,15,15
1533,1489,15,15
1393,1180,15,15
1393,919,15,15
1393,283,15,15
509,1026,15,15
337,263,15,15
509,316,15,15
1189,713,15,15
1215,1083,15,15
1189,626,15,15
606,1502,15,15
1167,483,15,15
1507,1534,15,15
1502,606,15,15
1189,454,15,15
41,473,15,15
41,713,15,15
606,1502,15,15
42,1534,15,15
710,646,15,15
36,211,15,15
1523,1518,15,15
1523,626,15,15
1313,507,15,15
1313,733,15,15
1416,713,15,15
735,276,15,15
620,27,15,15
1509,1356,15,15
72,303,15,15
1281,1356,15,15
586,145,15,15
704,297,15,15
1489,1533,15,15
1101,375,15,15
1434,1535,15,15
1489,42,15,15
1026,615,15,15
1026,509,15,15
518,1488,15,15
1026,1517,15,15
831,1199,15,15
518,1536,15,15
1075,708,15,15
561,38,15,15
1532,852,15,15
768,797,15,15
1532,852,15,15
852,1356,15,15
1401,794,15,15
1235,1468,15,15
626,1189,15,15
626,1523,15,15
483,821,15,15
67,1489,15,15
12,366,15,15
30,132,15,15
245,194,15,15
1440,42,15,15
95,1385,15,15
1113,1517,15,15
635,1433,15,15
95,311,15,15
635,725,15,15
615,1026,15,15
1127,1015,15,15
676,394,15,15
635,725,15,15
966,852,15,15
605,431,15,15
725,635,15,15
233,193,15,15
635,725,15,15
329,1537,15,15
1365,643,15,15
1365,1393,15,15
67,1538,15,15
725,635,15,15
307,189,15,15
36,189,15,15
1402,95,15,15
454,1189,15,15
36,211,15,15
72,303,15,15
1136,376,15,15
1406,1224,15,15
1406,928,15,15
817,981,15,15
1036,792,15,15
1189,626,15,15
68,893,15,15
1189,454,15,15
504,1517,15,15
495,1213,15,15
495,1433,15,15
495,1367,15,15
495,172,15,15
495,1517,15,15
36,189,15,15
1113,1493,15,15
779,713,15,15
483,821,15,15
1328,239,15,15
617,1539,15,15
1224,1406,15,15
1539,938,15,15
283,1393,15,15
1285,1021,15,15
1211,1377,15,15
810,233,15,15
1377,1211,15,15
114,770,15,15
1211,1377,15,15
1393,1365,15,15
1393,283,15,15
357,1190,15,15
439,1449,15,15
357,1387,15,15
893,68,15,15
1539,1452,15,15
1364,282,15,15
1452,1539,15,15
735,1168,15,15
124,449,15,15
357,449,15,15
9,1285,15,15
620,1211,15,15
283,1393,15,15
620,27,15,15
908,352,15,15
1406,1224,15,15
1489,1289,15,15
282,1364,15,15
67,798,15,15
67,908,15,15
299,1175,15,15
1539,402,15,15
552,326,15,15
823,285,15,15
1463,402,15,15
1539,152,15,15
592,545,15,15
592,377,15,15
1539,152,15,15
1026,615,15,15
615,1026,15,15
706,1236,15,15
615,1026,15,15
376,824,15,15
823,1525,15,15
1440,1509,15,15
1359,1497,15,15
326,552,15,15
598,1538,15,15
1339,173,15,15
324,1537,15,15
1504,738,15,15
1354,42,15,15
1540,1440,15,15
372,1529,15,15
1540,1179,15,15
1183,376,15,15
1328,1178,15,15
1440,1540,15,15
114,770,15,15
103,1395,15,15
1339,1344,15,15
333,314,15,15
1437,1332,15,15
1437,1454,15,15
1323,938,15,15
1113,1541,15,15
1489,1289,15,15
483,821,15,15
938,1323,15,15
103,893,15,15
938,1323,15,15
883,326,15,15
1323,938,15,15
938,1323,15,15
1033,1281,15,15
1033,194,15,15
1542,42,15,15
193,233,15,15
1189,1282,15,15
1189,626,15,15
1542,1282,15,15
41,473,15,15
41,642,15,15
1136,376,15,15
41,1248,15,15
41,1542,15,15
41,1136,15,15
32,1015,15,15
32,1543,15,15
429,1449,15,15
103,429,15,15
103,1231,15,15
621,1544,15,15
103,462,15,15
1508,1184,15,15
1508,1021,15,15
1332,1437,15,15
704,1231,15,15
1393,283,15,15
704,1231,15,15
704,1231,15,15
193,63,15,15
1021,1285,15,15
704,1231,15,15
1540,1440,15,15
63,193,15,15
704,297,15,15
1332,390,15,15
1332,390,15,15
1332,390,15,15
1342,1335,15,15
1433,635,15,15
1507,1410,15,15
507,1313,15,15
376,1183,15,15
1545,1332,15,15
1332,806,15,15
63,923,15,15
447,124,15,15
1440,1540,15,15
1036,299,15,15
400,601,15,15
1522,220,15,15
1545,1332,15,15
1545,1332,15,15
220,1522,15,15
400,474,15,15
1540,1440,15,15
1542,1282,15,15
326,883,15,15
103,1231,15,15
635,1433,15,15
103,1431,15,15
193,63,15,15
421,1069,15,15
103,1518,15,15
1463,373,15,15
63,193,15,15
283,1393,15,15
674,282,15,15
1291,1335,15,15
787,1490,15,15
9,1510,15,15
643,1365,15,15
1426,339,15,15
787,1339,15,15
582,626,15,15
1255,1332,15,15
617,431,15,15
1468,1339,15,15
878,1540,15,15
1339,787,15,15
1339,1468,15,15
1479,658,15,15
810,1540,15,15
1393,283,15,15
878,1540,15,15
263,337,15,15
422,308,15,15
1543,282,15,15
878,1540,15,15
714,1540,15,15
1026,615,15,15
1534,42,15,15
830,1426,15,15
605,431,15,15
1,1440,15,15
1,1440,15,15
249,1504,15,15
249,1541,15,15
1546,32,15,15
810,1540,15,15
1158,713,15,15
615,1026,15,15
983,985,15,15
1468,1339,15,15
787,1339,15,15
1184,1508,15,15
103,1308,15,15
483,821,15,15
323,514,15,15
1546,1547,15,15
1244,615,15,15
1540,1548,15,15
658,1479,15,15
1244,338,15,15
704,297,15,15
994,1540,15,15
483,821,15,15
212,1507,15,15
1185,676,15,15
495,1433,15,15
1326,85,15,15
547,1246,15,15
1181,1545,15,15
1013,85,15,15
1013,85,15,15
1517,1026,15,15
1246,99,15,15
99,1246,15,15
1517,504,15,15
109,32,15,15
1246,99,15,15
85,1326,15,15
372,864,15,15
1083,85,15,15
1069,421,15,15
42,1534,15,15
509,1026,15,15
143,201,15,15
1246,547,15,15
85,1083,15,15
294,1549,15,15
1550,1547,15,15
1397,294,15,15
1285,1021,15,15
1521,1501,15,15
878,1489,15,15
878,1489,15,15
447,124,15,15
143,1339,15,15
1359,1342,15,15
1489,546,15,15
1489,546,15,15
1339,1546,15,15
1546,1339,15,15
878,1489,15,15
143,1339,15,15
1158,1377,15,15
212,1551,15,15
1546,1339,15,15
1552,1553,15,15
1551,212,15,15
1546,1554,15,15
1553,1552,15,15
1552,814,15,15
1552,1553,15,15
1553,1552,15,15
442,1184,15,15
1440,1517,15,15
339,1426,15,15
400,474,15,15
1517,1440,15,15
483,821,15,15
453,516,15,15
1142,1517,15,15
400,1555,15,15
400,1555,15,15
704,69,15,15
1520,504,15,15
1556,1557,15,15
483,821,15,15
42,754,15,15
1189,1282,15,15
871,409,15,15
400,1419,15,15
1189,454,15,15
42,1558,15,15
714,1493,15,15
1412,372,15,15
42,1559,15,15
1377,1158,15,15
1551,212,15,15
810,1412,15,15
810,1412,15,15
278,883,15,15
42,374,15,15
1517,1142,15,15
1189,475,15,15
792,372,15,15
502,1189,15,15
1416,400,15,15
1416,400,15,15
1412,810,15,15
400,1142,15,15
1416,85,15,15
810,1412,15,15
1101,1493,15,15
1509,1440,15,15
1189,1560,15,15
502,400,15,15
221,1561,15,15
1280,9,15,15
1562,1517,15,15
1561,221,15,15
502,1189,15,15
345,259,15,15
400,1416,15,15
221,1323,15,15
1415,42,15,15
502,400,15,15
1189,1520,15,15
1189,1520,15,15
221,1282,15,15
502,400,15,15
377,942,15,15
1493,714,15,15
502,400,15,15
72,303,15,15
42,1415,15,15
1520,928,15,15
502,400,15,15
502,400,15,15
1431,342,15,15
846,132,15,15
704,72,15,15
1539,1563,15,15
704,72,15,15
1539,1563,15,15
883,278,15,15
1431,768,15,15
48,1015,15,15
1545,1181,15,15
475,400,15,15
400,475,15,15
475,400,15,15
176,101,15,15
1489,546,15,15
1564,1565,15,15
1472,1375,15,15
1564,773,15,15
799,32,15,15
342,1431,15,15
400,475,15,15
1405,516,15,15
1405,1373,15,15
871,1412,16,16
132,846,16,16
342,809,16,16
114,770,16,16
1440,1509,16,16
1440,1075,16,16
1440,1075,16,16
1323,221,16,16
1509,1440,16,16
398,465,16,16
398,465,16,16
398,465,16,16
398,465,16,16
103,1431,16,16
1359,1342,16,16
1189,475,16,16
32,799,16,16
1189,626,16,16
799,32,16,16
103,1487,16,16
103,1487,16,16
103,1346,16,16
1440,1509,16,16
1189,626,16,16
32,109,16,16
1194,1014,16,16
1189,322,16,16
103,1362,16,16
1417,752,16,16
3,687,16,16
1434,174,16,16
1434,1344,16,16
103,1417,16,16
103,1362,16,16
103,1362,16,16
103,1362,16,16
103,1362,16,16
1373,1405,16,16
483,821,16,16
1566,547,16,16
103,1362,16,16
547,1566,16,16
103,1362,16,16
103,1362,16,16
103,1362,16,16
103,1362,16,16
257,42,16,16
103,700,16,16
967,72,16,16
103,1217,16,16
103,658,16,16
103,282,16,16
103,1487,16,16
1018,1567,16,16
257,809,16,16
1142,400,16,16
212,1551,16,16
42,257,16,16
735,1168,16,16
41,1554,16,16
465,398,16,16
212,1289,16,16
752,1417,16,16
103,1540,16,16
1253,768,16,16
735,810,16,16
103,1554,16,16
1362,539,16,16
9,1501,16,16
103,1568,16,16
752,1362,16,16
173,1339,16,16
103,220,16,16
924,1158,16,16
103,697,16,16
103,1554,16,16
470,621,16,16
1568,1569,16,16
1569,1568,16,16
1568,1569,16,16
1568,394,16,16
1539,1568,16,16
1339,173,16,16
843,285,16,16
342,1362,16,16
128,1510,16,16
321,392,16,16
1101,1493,16,16
1179,1540,16,16
1066,1497,16,16
1534,42,16,16
1362,342,16,16
843,885,16,16
1501,356,16,16
768,1431,16,16
1339,1308,16,16
687,438,16,16
582,626,16,16
1026,615,16,16
739,438,16,16
1026,509,16,16
578,1284,16,16
1339,1308,16,16
1285,1026,16,16
569,967,16,16
103,220,16,16
103,1554,16,16
392,321,16,16
1026,1285,16,16
1447,1570,16,16
128,1510,16,16
1364,282,16,16
1189,546,16,16
482,1489,16,16
483,821,16,16
483,1167,16,16
1313,507,16,16
1548,303,16,16
372,792,16,16
372,792,16,16
502,1285,16,16
318,1127,16,16
1361,1183,16,16
318,984,16,16
856,1,16,16
1489,482,16,16
1167,483,16,16
859,1403,16,16
859,1522,16,16
615,1026,16,16
967,1489,16,16
617,734,16,16
276,852,16,16
1387,615,16,16
1387,615,16,16
704,63,16,16
1272,768,16,16
1313,483,16,16
1215,793,16,16
1026,615,16,16
843,1195,16,16
1556,1571,16,16
103,1554,16,16
1075,1440,16,16
103,1468,16,16
1468,1235,16,16
1436,573,16,16
1436,573,16,16
1540,1179,16,16
1540,1548,16,16
1489,209,16,16
738,1504,16,16
103,1540,16,16
103,1468,16,16
143,201,16,16
356,1501,16,16
249,1561,16,16
846,132,16,16
103,1540,16,16
211,128,16,16
103,1540,16,16
309,1508,16,16
1429,1572,16,16
483,1167,16,16
483,1167,16,16
483,821,16,16
103,908,16,16
1365,1393,16,16
1013,697,16,16
1365,643,16,16
1510,128,16,16
1540,1548,16,16
1101,1493,16,16
103,277,16,16
233,193,16,16
734,617,16,16
735,810,16,16
1540,714,16,16
233,810,16,16
303,1548,16,16
303,72,16,16
103,864,16,16
573,1436,16,16
847,1566,16,16
1358,509,16,16
1403,859,16,16
103,1497,16,16
810,735,16,16
72,303,16,16
770,44,16,16
1397,294,16,16
810,233,16,16
1397,523,16,16
621,470,16,16
1158,924,16,16
44,770,16,16
155,233,16,16
928,1520,16,16
928,1406,16,16
32,983,16,16
9,1313,16,16
12,282,16,16
12,1313,16,16
824,376,16,16
1556,711,16,16
617,734,16,16
1556,711,16,16
617,250,16,16
1397,823,16,16
1556,711,16,16
801,1246,16,16
1572,1429,16,16
12,282,16,16
1556,711,16,16
1556,711,16,16
12,282,16,16
124,447,16,16
1397,823,16,16
1397,823,16,16
1190,394,16,16
394,1568,16,16
233,155,16,16
557,63,16,16
12,282,16,16
32,1081,16,16
1255,1332,16,16
1346,1314,16,16
12,282,16,16
12,282,16,16
557,792,16,16
509,1026,16,16
1507,212,16,16
1539,734,16,16
704,63,16,16
569,1313,16,16
114,770,16,16
114,103,16,16
1433,983,16,16
704,502,16,16
483,821,16,16
1401,928,16,16
518,1488,16,16
447,124,16,16
163,1208,16,16
792,557,16,16
792,372,16,16
704,204,16,16
32,1573,16,16
792,1036,16,16
254,1573,16,16
1539,204,16,16
1539,1573,16,16
1539,1573,16,16
1540,994,16,16
1573,1420,16,16
1573,788,16,16
679,1574,16,16
29,85,16,16
12,32,16,16
1540,29,16,16
1573,728,16,16
1546,1573,16,16
704,204,16,16
12,1297,16,16
1573,729,16,16
193,233,16,16
29,1540,16,16
12,32,16,16
1310,1575,16,16
704,822,16,16
704,822,16,16
12,32,16,16
1489,1533,16,16
3,32,16,16
9,1573,16,16
32,3,16,16
103,114,16,16
103,1540,16,16
1539,523,16,16
8,1522,16,16
735,518,16,16
1545,1557,16,16
1521,254,16,16
735,1575,16,16
735,810,16,16
1021,1285,16,16
1521,254,16,16
3,32,16,16
1521,254,16,16
569,29,16,16
569,29,16,16
9,1521,16,16
731,824,16,16
1509,1440,16,16
1434,174,16,16
12,8,16,16
598,1576,16,16
967,963,16,16
3,1577,16,16
701,326,16,16
128,1510,16,16
1568,394,16,16
967,963,16,16
859,1403,16,16
1255,67,16,16
1578,751,16,16
1440,1509,16,16
1255,1332,16,16
1578,1448,16,16
495,1043,16,16
250,475,16,16
495,1213,16,16
3,1577,16,16
518,735,16,16
3,1578,16,16
1178,1397,16,16
474,400,16,16
1,856,16,16
1579,701,16,16
1580,32,16,16
474,749,16,16
840,1397,16,16
3,1577,16,16
495,1433,16,16
495,1367,16,16
1313,507,16,16
1313,507,16,16
475,250,16,16
1190,1568,16,16
1577,3,16,16
538,1581,16,16
1313,1014,16,16
67,1313,16,16
1580,1190,16,16
967,963,16,16
12,1313,16,16
3,1577,16,16
12,8,16,16
1577,3,16,16
103,1231,16,16
393,1190,16,16
495,67,16,16
1568,1190,16,16
67,1313,16,16
103,495,16,16
67,1313,16,16
105,1573,16,16
871,1568,16,16
1580,1329,16,16
1043,495,16,16
1043,495,16,16
1580,1329,16,16
12,8,16,16
32,3,16,16
871,1568,16,16
704,1578,16,16
12,1387,16,16
1580,1329,16,16
42,1561,16,16
174,1434,16,16
67,1313,16,16
53,1508,16,16
233,193,16,16
103,1554,16,16
1554,103,16,16
1580,1329,16,16
103,1554,16,16
1580,1329,16,16
1312,308,16,16
105,1387,16,16
357,1568,16,16
1580,1329,16,16
1554,103,16,16
233,810,16,16
103,1554,16,16
357,1521,16,16
1313,42,16,16
1554,103,16,16
103,1554,16,16
1312,1013,16,16
357,967,16,16
1554,103,16,16
1580,1329,16,16
1540,29,16,16
1313,242,16,16
1036,792,16,16
103,1554,16,16
1554,103,16,16
19,1573,16,16
919,103,16,16
357,1582,16,16
1421,485,16,16
1580,1329,16,16
541,400,16,16
357,1304,16,16
1282,1542,16,16
103,919,16,16
617,734,16,16
617,250,16,16
871,1568,16,16
617,734,16,16
704,1580,16,16
1282,221,16,16
704,1231,16,16
617,734,16,16
523,1539,16,16
681,1118,16,16
483,1313,16,16
1118,681,16,16
9,1312,16,16
809,342,16,16
681,1118,16,16
1118,681,16,16
809,257,16,16
67,1231,16,16
704,617,16,16
250,617,16,16
67,1313,16,16
704,1580,16,16
708,949,16,16
1313,483,16,16
103,617,16,16
704,1580,16,16
704,1580,16,16
681,1118,16,16
708,865,16,16
788,1573,16,16
1118,681,16,16
708,812,16,16
1546,32,16,16
67,1313,16,16
103,44,16,16
63,557,16,16
67,1573,16,16
483,1313,16,16
1014,1313,16,16
1313,67,16,16
1343,1359,16,16
1313,1014,16,16
1556,711,16,16
1343,1342,16,16
569,250,16,16
67,1313,16,16
1342,1359,16,16
1343,1342,16,16
1342,1343,16,16
1286,1343,16,16
1343,1286,16,16
1342,1343,16,16
1343,1342,16,16
1546,32,16,16
1343,1342,16,16
810,735,16,16
1342,1343,16,16
1286,1343,16,16
967,90,16,16
1342,1343,16,16
1343,1342,16,16
1343,1286,16,16
1579,1313,16,16
1343,1342,16,16
681,1118,16,16
1286,1343,16,16
810,233,16,16
1343,1286,16,16
103,1343,16,16
1342,1343,16,16
1342,1343,16,16
1286,1343,16,16
90,967,16,16
1343,103,16,16
1556,85,16,16
1343,1286,16,16
1342,1343,16,16
1286,1343,16,16
1343,1342,16,16
1343,1286,16,16
1286,1343,16,16
967,90,16,16
1342,1343,16,16
470,621,16,16
1343,1286,16,16
1579,85,16,16
1286,1343,16,16
1556,85,16,16
1579,85,16,16
704,1580,16,16
704,1580,16,16
1579,85,16,16
640,1468,16,16
1437,1332,16,16
1583,297,16,16
67,32,16,16
1319,616,16,16
1579,615,16,16
1556,85,16,16
1489,155,16,16
483,821,16,16
1489,482,16,16
919,103,16,16
919,42,16,16
317,307,16,16
1556,85,16,16
1579,356,16,16
1500,1447,16,16
12,1286,16,16
1447,1500,16,16
376,824,16,16
1579,85,16,16
1489,155,16,16
1500,1447,16,16
103,919,16,16
317,307,16,16
1489,155,16,16
1038,1489,16,16
1433,495,16,16
615,1579,16,16
1556,85,16,16
317,307,16,16
1556,1281,16,16
1489,1038,16,16
1556,475,16,16
317,307,16,16
1556,1400,16,16
317,307,16,16
1556,475,16,16
620,27,16,16
1556,475,16,16
620,27,16,16
214,1573,16,16
1556,475,16,16
620,27,16,16
547,1246,16,16
1489,155,16,16
1575,735,16,16
1493,1113,16,16
1575,1310,16,16
1556,475,16,16
1393,1365,16,16
1493,1584,16,16
483,821,16,16
1556,598,16,16
621,470,16,16
681,1042,16,16
1584,1493,16,16
1493,1584,16,16
317,1534,16,16
598,475,16,16
9,788,16,16
658,103,16,16
475,598,16,16
103,1585,16,16
658,193,16,16
103,658,16,16
1416,400,16,16
53,308,16,16
878,1585,16,16
9,1313,16,16
9,1521,16,16
9,1510,16,16
9,1338,16,16
12,1286,16,16
605,734,16,16
598,475,16,16
1246,547,16,16
42,919,16,16
12,1297,16,16
42,72,16,16
9,740,16,16
9,498,16,16
9,1342,16,16
1545,1586,16,16
239,1328,16,16
53,9,16,16
1359,1342,16,16
12,1485,16,16
53,9,16,16
1189,1184,16,16
1546,32,16,16
1545,12,16,16
1545,12,16,16
1562,928,16,16
1189,502,16,16
1280,9,16,16
103,1585,16,16
1402,1447,16,16
1359,1343,16,16
598,1562,16,16
928,1562,16,16
928,1401,16,16
475,598,16,16
1297,12,16,16
72,42,16,16
42,72,16,16
1562,598,16,16
1562,928,16,16
103,109,16,16
193,658,16,16
1573,1173,16,16
1173,1573,16,16
1573,1173,16,16
1231,67,16,16
1556,1246,16,16
626,582,16,16
878,1585,16,16
821,483,16,16
1018,1585,16,16
1328,239,16,16
9,32,16,16
581,328,16,16
581,328,16,16
1101,1493,16,16
328,581,16,16
1173,1573,16,16
328,581,16,16
928,1562,16,16
1556,1246,16,16
1585,1018,16,16
1018,1585,16,16
482,1587,16,16
878,1587,16,16
546,1587,16,16
1556,1545,16,16
1562,928,16,16
1573,1173,16,16
1556,143,16,16
714,1587,16,16
1501,356,16,16
714,1493,16,16
1556,893,16,16
1520,928,16,16
704,63,16,16
714,1540,16,16
1556,1557,16,16
1520,928,16,16
1018,1585,16,16
176,101,16,16
1587,714,16,16
1518,1523,16,16
852,966,16,16
1518,103,16,16
1521,42,16,16
847,1521,16,16
1556,1545,16,16
1014,1313,16,16
1185,1587,16,16
847,1578,16,16
1510,128,16,16
1556,1545,16,16
356,1501,16,16
714,1587,16,16
928,1520,16,16
1185,1417,16,16
103,1518,16,16
482,204,16,16
482,389,16,16
1520,928,16,16
1489,482,16,16
735,518,16,16
605,1185,16,16
1489,681,16,16
1185,1444,16,16
1489,927,16,16
735,810,16,16
605,749,16,16
735,1575,16,16
1444,105,16,16
1444,105,16,16
219,1181,16,16
1043,1585,16,16
605,749,16,16
1489,878,16,16
1556,1400,16,16
1489,878,16,16
1556,1402,16,16
1489,878,16,16
878,1489,16,16
1546,67,16,16
1489,878,16,16
1587,714,16,16
1489,878,16,16
1556,1281,16,16
878,1489,16,16
9,1521,16,16
1556,1545,16,16
1489,878,16,16
1383,749,16,16
1185,1383,16,16
9,1521,16,16
9,1521,16,16
1588,502,16,16
878,1587,16,16
878,502,16,16
1556,1545,16,16
1588,1284,16,16
714,1587,16,16
41,541,16,16
1588,502,16,16
41,1580,16,16
41,1589,16,16
41,616,16,16
1556,1582,16,16
41,3,16,16
482,1489,16,16
1556,1231,16,16
9,679,16,16
878,1021,16,16
1556,144,16,16
1542,1282,16,16
298,518,16,16
913,484,16,16
1281,1556,16,16
913,847,16,16
144,1556,16,16
1556,1281,16,16
1383,1185,16,16
144,1556,16,16
1185,1383,16,16
1556,144,16,16
9,1185,16,16
9,679,16,16
1590,1489,16,16
144,1556,16,16
1326,58,16,16
372,1542,16,16
1006,1448,16,16
372,878,16,16
878,372,16,16
249,1573,16,16
871,1448,16,16
144,1556,16,16
871,1448,16,16
9,679,16,16
144,1556,16,16
871,260,16,16
425,765,16,16
297,1583,16,16
1564,598,16,16
144,1556,16,16
1545,1591,16,16
144,1556,16,16
1546,67,16,16
105,1444,16,16
144,1556,16,16
144,1556,16,16
620,27,16,16
704,63,16,16
781,3,16,16
1546,1592,16,16
560,323,16,16
762,1489,16,16
762,1505,16,16
762,1585,16,16
308,1312,16,16
762,1496,16,16
1189,8,16,16
762,992,16,16
762,1497,16,16
762,626,16,16
762,1593,16,16
1021,878,16,16
1594,1033,16,16
1180,1393,16,16
824,731,16,16
1402,1556,16,16
1587,714,16,16
1548,303,16,16
1280,560,16,16
342,1362,16,16
342,809,16,16
1013,1312,16,16
250,569,16,16
865,708,16,16
53,308,16,16
32,1546,16,16
560,1280,16,16
1255,1332,16,16
1575,735,16,16
1586,1545,16,16
1586,1556,16,16
1586,1595,16,16
980,710,16,16
569,250,16,16
626,762,16,16
735,1575,16,16
1272,768,16,16
53,308,16,16
470,621,16,16
32,1577,16,16
394,1582,16,16
1596,808,16,16
1393,1180,16,16
1365,1393,16,16
1585,1018,16,16
1585,1043,16,16
1018,1585,16,16
1585,762,16,16
44,103,16,16
582,626,16,16
701,1579,16,16
582,598,16,16
701,317,16,16
1253,50,16,16
103,44,16,16
822,704,16,16
294,1397,16,16
847,913,16,16
620,27,16,16
1072,800,16,16
1594,1377,16,16
29,1540,16,16
1072,1158,16,16
29,569,16,16
1072,878,16,16
103,1072,16,16
29,1587,16,16
639,103,16,16
639,19,16,16
620,27,16,16
1312,1013,16,16
1312,308,16,16
878,1072,16,16
1312,1344,16,16
639,103,16,16
350,1551,16,16
557,63,16,16
620,27,16,16
1393,1365,16,16
1013,1312,16,16
1031,1109,16,16
626,582,16,16
1158,1072,16,16
801,1246,16,16
801,249,16,16
620,27,16,16
1339,1546,16,16
494,389,16,16
1013,465,16,16
83,1244,16,16
1033,1594,16,16
1386,1580,16,16
1585,1033,16,16
1579,342,16,16
1579,701,16,16
389,482,16,16
389,494,16,16
1280,560,16,16
3,36,16,16
1415,42,16,16
3,781,16,16
704,958,16,16
958,959,16,16
958,704,16,16
9,1196,16,16
67,1546,16,16
3,72,16,16
465,1013,16,16
3,32,16,16
3,1440,16,16
3,36,16,16
1556,1586,16,16
1556,1402,16,16
1339,1344,16,16
3,36,16,16
204,482,16,16
204,704,16,16
204,1539,16,16
1497,762,16,16
1570,1447,16,16
1101,1493,16,16
765,425,16,16
482,389,16,16
482,204,16,16
1582,394,16,16
1551,350,16,16
1585,1582,16,16
1284,1588,16,16
1582,1585,16,16
95,1246,16,16
95,1393,16,16
95,1402,16,16
389,482,16,16
768,1272,16,16
95,1573,16,16
950,389,16,16
1502,238,16,16
908,103,16,16
768,1272,16,16
95,1118,16,16
317,701,16,16
3,36,16,16
41,610,16,16
41,616,16,16
41,1463,16,16
823,495,16,16
823,103,16,16
95,299,16,16
801,1246,16,16
41,1142,16,16
41,439,16,16
1489,482,16,16
41,1253,16,16
41,1339,16,16
41,1485,16,16
282,1364,16,16
95,1365,16,16
1189,322,16,16
1489,762,16,16
322,1217,16,16
323,560,16,16
282,1543,16,16
621,470,16,16
1397,294,16,16
621,1063,16,16
1436,573,16,16
1253,768,16,16
3,44,16,16
768,1253,16,16
1578,847,16,16
1375,1472,16,16
1578,337,16,16
700,337,16,16
249,44,16,16
561,95,16,16
495,823,16,16
1562,1436,16,16
470,621,16,16
1508,309,16,16
1562,823,16,16
617,250,16,16
1546,67,16,16
1546,1339,16,16
12,1297,16,16
1368,1142,16,16
1253,768,16,16
573,1436,16,16
12,101,16,16
1111,1582,16,16
309,1508,16,16
103,1169,16,16
1136,762,16,16
1169,728,16,16
768,1253,16,16
3,135,16,16
1031,831,16,16
257,42,16,16
509,1587,16,16
257,1597,16,16
1556,1281,16,16
1181,219,16,16
278,1039,16,16
615,329,16,16
621,470,16,16
1217,322,16,16
67,1217,16,16
58,1326,16,16
1039,278,16,16
482,389,16,16
1189,322,16,16
1314,252,16,16
1487,50,16,16
1072,1158,16,16
809,257,16,16
1227,326,16,16
1246,95,16,16
278,1039,16,16
1118,303,16,16
704,958,16,16
1489,482,16,16
1546,1436,16,16
27,1031,16,16
1158,1072,16,16
704,475,16,16
303,1118,16,16
482,194,16,16
32,1577,16,16
1387,105,16,16
919,42,16,16
751,822,16,16
1313,507,16,16
389,482,16,16
389,950,16,16
1447,1570,16,16
1489,546,16,16
103,919,16,16
1447,1402,16,16
1489,482,16,16
1489,1588,16,16
1489,482,16,16
322,1217,16,16
886,768,16,16
495,1043,16,16
447,124,16,16
1598,645,16,16
986,163,16,16
470,621,16,16
1598,984,16,16
1598,986,16,16
986,1265,16,16
679,986,16,16
1522,8,16,16
679,986,16,16
632,272,16,16
507,1313,16,16
474,1208,16,16
1598,632,16,16
1522,220,16,16
1522,1587,16,16
1598,560,16,16
1598,1329,16,16
1598,88,16,16
1598,32,16,16
1346,1314,16,16
1598,1599,16,16
1598,32,16,16
1598,32,16,16
1598,322,16,16
286,202,16,16
1598,32,16,16
1598,1542,16,16
1598,667,16,16
1582,1111,16,16
801,1246,16,16
582,626,16,16
1246,801,16,16
1598,155,16,16
1598,881,16,16
1598,735,16,16
1598,710,16,16
1598,475,16,16
350,1551,16,16
1598,919,16,16
1598,801,16,16
1598,710,16,16
1598,1344,16,16
768,1217,16,16
1598,341,16,16
1598,710,16,16
1598,667,16,16
1598,1187,16,16
710,610,16,16
1598,341,16,16
1598,667,16,16
1598,44,16,16
710,1489,16,16
1598,1262,16,16
1598,341,16,16
1598,332,16,16
1598,654,16,16
1598,777,16,16
1598,841,16,16
1598,1265,16,16
1598,1265,16,16
1598,654,16,16
1598,1039,16,16
1598,1265,16,16
1598,549,16,16
810,735,16,16
1598,549,16,16
967,549,16,16
1598,1265,16,16
1598,549,16,16
967,549,16,16
1598,549,16,16
1598,1265,16,16
967,549,16,16
569,29,16,16
1598,1265,16,16
704,475,16,16
1598,625,16,16
967,549,16,16
1598,1514,16,16
1598,967,16,16
1352,1580,16,16
823,549,16,16
967,549,16,16
42,919,16,16
1598,1252,16,16
1598,356,16,16
1598,341,16,16
610,710,16,16
1042,681,16,16
1598,356,16,16
1598,1136,16,16
1489,710,16,16
967,549,16,16
823,549,16,16
1598,1246,16,16
1489,482,16,16
29,569,16,16
103,919,16,16
1598,393,16,16
967,549,16,16
1598,1174,16,16
823,549,16,16
1496,762,16,16
1598,1487,16,16
549,967,16,16
1598,1174,16,16
1598,356,16,16
967,549,16,16
823,549,16,16
1598,345,16,16
1521,847,16,16
1598,1496,16,16
1598,1591,16,16
1578,751,16,16
1598,1107,16,16
1578,847,16,16
1598,1227,16,16
1598,1558,16,16
1598,1561,16,16
1598,1487,16,16
1585,1033,16,16
12,1297,16,16
1598,1168,16,16
1598,1487,16,16
852,1440,16,16
1598,1227,16,16
1440,1419,16,16
3,1440,16,16
32,1196,16,16
547,1246,16,16
357,1585,16,16
66,282,16,16
704,1585,16,16
1285,1021,16,16
1196,32,16,16
357,617,16,16
1231,67,16,16
1540,29,16,16
1056,212,16,16
1285,1600,16,16
536,372,16,16
1326,58,16,16
1601,617,16,16
1105,1154,16,16
822,751,16,16
639,19,16,16
32,1577,16,16
449,124,16,16
1285,97,16,16
366,1349,16,16
1520,449,16,16
1105,1440,16,16
1601,774,16,16
1440,1105,16,16
32,1577,16,16
483,821,16,16
1601,525,16,16
366,1349,16,16
1575,735,16,16
1105,1440,16,16
1440,1105,16,16
546,598,16,16
1520,1513,16,16
32,1577,16,16
810,735,16,16
1158,1072,16,16
679,1574,16,16
1580,1386,16,16
581,328,16,16
1580,95,16,16
12,8,16,16
1580,1352,16,16
1539,1039,16,16
581,1602,16,16
581,1602,16,16
1539,1582,16,16
1598,1344,16,16
1598,984,16,16
1585,714,16,16
1598,1344,16,16
1520,451,16,16
1520,451,16,16
1520,451,16,16
1598,1485,16,16
1598,598,16,16
1598,568,16,16
1142,1368,16,16
1598,1282,16,16
1598,85,16,16
1190,393,16,16
1598,1195,16,16
1598,1168,16,16
1585,1190,16,16
1190,1582,16,16
1598,1359,16,16
1598,1190,16,16
1585,1190,16,16
1585,1190,16,16
1282,1542,16,16
1598,398,16,16
1598,708,16,16
1598,1304,16,16
1520,460,16,16
1534,317,16,16
1598,1282,16,16
1601,1282,16,16
1598,85,16,16
1585,1043,16,16
1598,1195,16,16
1598,658,16,16
1598,337,16,16
1598,1282,16,16
1585,303,16,16
1601,1282,16,16
1601,1282,16,16
1598,254,16,16
1598,50,16,16
801,313,16,16
1313,507,16,16
1313,1014,16,16
1189,8,16,16
502,933,16,16
1598,254,16,16
1598,1176,16,16
1598,254,16,16
1598,1597,16,16
1601,1540,16,16
1601,1282,16,16
1362,342,16,16
303,1215,16,16
1598,299,16,16
843,1195,16,16
1601,1282,16,16
1598,299,16,16
1598,277,16,16
1489,482,16,16
1362,302,16,16
1489,1533,16,16
1598,327,16,16
1472,1375,16,16
1576,598,16,16
1598,398,16,16
1598,398,16,16
704,475,16,16
1313,1579,16,16
967,303,16,16
1520,513,16,16
1520,513,16,16
1598,1215,16,16
1598,398,16,16
1598,398,16,16
1215,303,16,16
1598,398,16,16
1598,1479,16,16
1598,398,16,16
1598,1472,16,16
1375,1472,16,16
1598,398,16,16
1598,1006,16,16
1598,398,16,16
1598,398,16,16
1598,398,16,16
1489,546,16,16
1598,398,16,16
1598,398,16,16
1013,299,16,16
1521,847,16,16
1158,1585,16,16
1013,1489,16,16
518,298,16,16
303,1215,16,16
1215,303,16,16
518,298,16,16
393,1190,16,16
1158,1594,16,16
67,430,16,16
1603,1517,16,16
303,1215,16,16
518,298,16,16
1603,1517,16,16
1489,546,16,16
518,298,16,16
1594,1158,16,16
1292,598,16,16
1362,252,16,16
1517,63,16,16
303,1215,16,16
1517,63,16,16
912,375,16,16
53,1349,16,16
53,646,16,16
621,470,16,16
1255,1332,16,16
1594,542,16,16
63,1604,16,16
810,233,16,16
1605,779,16,16
1339,543,16,16
63,912,16,16
912,63,16,16
1314,1346,16,16
1314,252,16,16
912,63,16,16
1562,1346,16,16
778,974,16,16
1517,63,16,16
68,323,16,16
1562,1068,16,16
1562,1068,16,16
495,1043,16,16
1556,1281,16,16
1556,1586,16,16
1556,283,16,16
1606,885,16,16
495,1043,16,16
495,1043,16,16
1562,1068,16,16
1562,1068,16,16
1562,1068,16,16
878,1189,16,16
762,1497,16,16
762,1496,16,16
919,303,16,16
919,870,16,16
1165,621,16,16
1165,938,16,16
1520,1036,16,16
375,912,16,16
1539,437,16,16
1033,1585,16,16
1033,1605,16,16
569,1313,16,16
1489,546,16,16
1489,546,16,16
793,1215,16,16
1539,1056,16,16
372,536,16,16
372,1540,16,16
1265,938,16,16
938,1265,16,16
542,1594,16,16
1539,1024,16,16
1281,1556,16,16
1497,762,16,16
1497,1594,16,16
1542,1282,16,16
32,1577,16,16
32,430,16,16
1579,1313,16,16
949,708,16,16
1585,762,16,16
470,621,16,16
36,189,16,16
950,389,16,16
1329,526,16,16
536,372,16,16
1362,252,16,16
1362,342,16,16
514,762,16,16
713,1379,16,16
713,716,16,16
713,714,16,16
1548,1063,16,16
1548,303,16,16
1596,1607,16,16
942,1417,16,16
303,919,16,16
303,1548,16,16
557,792,16,16
1578,847,16,16
871,1608,16,16
1575,735,16,16
337,700,16,16
322,1021,16,16
1253,768,16,16
518,1488,16,16
919,303,16,16
42,1440,16,16
53,1551,16,16
912,375,16,16
594,752,16,16
425,765,16,16
1440,42,16,16
1313,1579,16,16
615,329,16,16
8,1189,16,16
1313,569,16,16
1539,708,16,16
1362,1608,16,16
9,1558,16,16
1199,831,16,16
1539,708,16,16
1313,1579,16,16
163,986,16,16
994,1540,16,16
1539,1402,16,16
1539,1402,16,16
1594,542,16,16
1594,1497,16,16
1539,1402,16,16
1387,12,16,16
1540,994,16,16
1540,372,16,16
507,1313,16,16
768,1253,16,16
67,1313,16,16
3,1609,16,16
1313,569,16,16
1313,569,16,16
831,1199,16,16
1313,569,16,16
569,1313,16,16
1313,569,16,16
701,317,16,16
1387,67,16,16
41,1497,16,16
1313,507,16,16
372,1540,16,16
189,36,16,16
42,1582,16,16
393,942,16,16
1540,372,16,16
9,1313,16,16
257,1610,16,16
1577,32,16,16
1072,1158,16,16
1575,735,16,16
350,1551,16,16
1603,334,16,16
95,561,16,16
95,299,16,16
95,1118,16,16
1603,334,16,16
95,1246,16,16
334,1603,16,16
95,1393,16,16
1520,1036,16,16
95,1365,16,16
95,1580,16,16
95,712,16,16
95,1393,16,16
621,470,16,16
1562,598,16,16
1582,42,16,16
1158,1072,16,16
124,447,16,16
124,449,16,16
1562,932,16,16
942,393,16,16
1582,1526,16,16
95,1118,16,16
319,1075,16,16
421,1436,16,16
95,1251,16,16
1611,1612,16,16
95,1385,16,16
792,557,16,16
883,245,16,16
1393,1613,16,16
372,1540,16,16
810,233,16,16
1118,95,16,16
546,1005,16,16
1005,546,16,16
483,1313,16,16
1365,95,16,16
1365,1393,16,16
1614,1603,16,16
871,1608,16,16
710,610,16,16
283,1556,16,16
1576,578,16,16
42,1597,16,16
1,42,16,16
507,1313,16,16
1075,319,16,16
53,1615,16,16
768,621,16,16
768,621,16,16
42,1,16,16
1576,823,16,16
1497,1594,16,16
41,1497,16,16
1059,1603,16,16
1521,42,16,16
1521,42,16,16
42,1365,16,16
1059,548,16,16
1521,42,16,16
1521,42,16,16
1475,1608,16,16
1521,847,16,16
1608,1475,16,16
447,124,16,16
1539,8,16,16
1539,8,16,16
1521,1118,16,16
12,1118,16,16
1521,1118,16,16
12,1577,16,16
12,1577,16,16
1539,1068,16,16
1539,1068,16,16
1598,337,16,16
1598,1329,16,16
1598,322,16,16
1598,881,16,16
32,378,16,16
1598,777,16,16
1598,1174,16,16
1539,1068,16,16
1598,1176,16,16
1598,1344,16,16
1598,841,16,16
1539,1068,16,16
1598,1165,16,16
1598,1165,16,16
1594,1497,16,16
1598,1006,16,16
1539,1068,16,16
1539,8,16,16
1539,1068,16,16
1539,1068,16,16
1539,8,16,16
32,8,16,16
1598,893,16,16
1598,1281,16,16
1598,539,16,16
1598,214,16,16
12,1577,16,16
357,1603,16,16
342,1039,16,16
1539,1039,16,16
1539,1039,16,16
1282,1542,16,16
389,950,16,16
1065,538,16,16
53,87,16,16
1539,1299,16,16
1539,1299,16,16
950,389,16,16
353,298,16,16
249,44,16,16
249,801,16,16
1184,372,16,16
1539,69,16,16
1539,69,16,16
1539,69,16,16
1539,1184,16,16
1393,1365,16,16
751,822,16,16
1616,1539,16,16
342,1039,16,16
1562,1517,16,16
1539,958,16,16
1542,1282,16,16
1539,958,16,16
822,751,16,16
1539,958,16,16
1539,958,16,16
1539,1188,16,16
1253,85,16,16
821,483,16,16
1565,278,16,16
1565,1564,16,16
713,749,16,16
713,1165,16,16
713,1528,16,16
1313,483,16,16
1313,507,16,16
600,847,16,16
1539,899,16,16
67,1603,16,16
1255,1332,16,16
299,95,16,16
1539,154,16,16
1520,1036,16,16
1539,154,16,16
1539,154,16,16
1539,576,16,16
1313,67,16,16
704,958,16,16
67,1313,16,16
870,919,16,16
546,1255,16,16
1489,308,16,16
372,1184,16,16
1522,1184,16,16
1522,1565,16,16
276,852,16,16
1565,1252,16,16
303,919,16,16
303,919,16,16
1021,322,16,16
1539,437,16,16
1576,204,16,16
1539,1103,16,16
878,598,16,16
1588,517,16,16
1440,1183,16,16
1440,1419,16,16
204,1576,16,16
1252,1565,16,16
1556,283,16,16
1565,1472,16,16
1489,878,16,16
1472,1565,16,16
1565,1472,16,16
1577,1556,16,16
1565,933,16,16
1565,933,16,16
1556,1577,16,16
1283,1617,16,16
1565,933,16,16
933,1565,16,16
1189,8,16,16
1598,337,16,16
1577,1556,16,16
1472,1565,16,16
1598,893,16,16
1565,1472,16,16
1598,337,16,16
1539,1618,16,16
681,109,16,16
1603,357,16,16
1603,67,16,16
245,883,16,16
792,1036,16,16
298,353,16,16
272,632,16,16
792,1036,16,16
1565,1379,16,16
50,1616,16,16
713,546,16,16
713,1588,16,16
199,1582,16,16
163,1208,16,16
1616,50,16,16
1496,762,16,16
36,189,16,16
852,276,16,16
313,801,16,16
1616,1173,16,16
555,598,16,16
145,586,16,16
752,594,16,16
1539,1338,16,16
809,342,16,16
1539,1131,16,16
41,1497,16,16
1539,1131,16,16
308,1517,16,16
308,60,16,16
1517,308,16,16
1539,437,16,16
1539,437,16,16
1539,437,16,16
338,1244,16,16
321,392,17,17
523,228,17,17
1578,847,17,17
1578,847,17,17
1578,751,17,17
809,209,17,17
1314,1346,17,17
799,199,17,17
509,1026,17,17
9,1338,17,17
3,252,17,17
1021,1449,17,17
781,1550,17,17
582,1261,17,17
394,1190,17,17
801,313,17,17
283,1556,17,17
1539,1585,17,17
713,546,17,17
1539,8,17,17
1539,8,17,17
12,1577,17,17
95,1393,17,17
1292,242,17,17
1255,546,17,17
1272,1280,17,17
1539,1402,17,17
1280,1272,17,17
9,1280,17,17
203,475,17,17
1539,527,17,17
1036,1520,17,17
1036,792,17,17
1036,1123,17,17
1036,507,17,17
27,620,17,17
1619,1402,17,17
50,1616,17,17
1185,1173,17,17
483,821,17,17
297,557,17,17
1265,938,17,17
812,708,17,17
1616,50,17,17
389,950,17,17
1487,161,17,17
27,620,17,17
1619,175,17,17
1339,605,17,17
950,389,17,17
1352,1580,17,17
600,847,17,17
1601,605,17,17
1601,1282,17,17
799,199,17,17
1190,393,17,17
1539,1620,17,17
1539,1620,17,17
1190,62,17,17
1616,1173,17,17
1619,1511,17,17
1190,1349,17,17
1616,1601,17,17
1565,620,17,17
1539,1620,17,17
42,1621,17,17
1539,1620,17,17
821,483,17,17
1598,777,17,17
620,1565,17,17
1601,1616,17,17
1598,768,17,17
1601,1616,17,17
1598,337,17,17
483,821,17,17
1598,1227,17,17
1565,620,17,17
810,233,17,17
810,233,17,17
1582,199,17,17
357,1603,17,17
712,95,17,17
1539,1622,17,17
1014,1487,17,17
1616,1173,17,17
1539,997,17,17
393,1190,17,17
317,1184,17,17
395,447,17,17
1173,1616,17,17
1059,1603,17,17
1244,338,17,17
27,620,17,17
1623,525,17,17
620,1244,17,17
713,714,17,17
1244,620,17,17
713,912,17,17
733,964,17,17
103,1238,17,17
60,308,17,17
447,395,17,17
12,1577,17,17
199,1582,17,17
733,1118,17,17
733,1608,17,17
733,1608,17,17
733,1608,17,17
733,626,17,17
1158,1565,17,17
323,68,17,17
1489,878,17,17
198,101,17,17
1284,950,17,17
1624,733,17,17
967,733,17,17
1624,733,17,17
447,733,17,17
733,447,17,17
967,303,17,17
1169,733,17,17
447,733,17,17
1619,712,17,17
1365,42,17,17
1624,141,17,17
547,527,17,17
1624,224,17,17
1624,234,17,17
53,1551,17,17
409,563,17,17
53,1623,17,17
1184,317,17,17
103,658,17,17
1184,1550,17,17
103,409,17,17
298,573,17,17
967,303,17,17
341,793,17,17
189,36,17,17
220,1042,17,17
1539,1131,17,17
605,1339,17,17
605,1601,17,17
620,1565,17,17
605,297,17,17
525,1623,17,17
103,658,17,17
704,734,17,17
308,60,17,17
509,1050,17,17
509,1026,17,17
1601,605,17,17
605,1601,17,17
228,523,17,17
1601,605,17,17
605,1601,17,17
967,303,17,17
1039,1316,17,17
1487,1014,17,17
1601,220,17,17
220,234,17,17
1601,605,17,17
220,1601,17,17
1454,1437,17,17
967,303,17,17
1423,1158,17,17
1619,220,17,17
1601,220,17,17
234,220,17,17
967,303,17,17
27,620,17,17
967,303,17,17
487,598,17,17
950,1284,17,17
950,1284,17,17
27,234,17,17
366,67,17,17
366,1601,17,17
1585,1043,17,17
1578,847,17,17
1578,342,17,17
41,1585,17,17
502,933,17,17
639,19,17,17
1598,1585,17,17
686,1625,17,17
1598,726,17,17
67,277,17,17
103,1598,17,17
67,69,17,17
103,639,17,17
1626,1,17,17
768,1598,17,17
1582,199,17,17
27,1598,17,17
1043,1585,17,17
1436,421,17,17
781,1314,17,17
1539,1299,17,17
964,733,17,17
282,1627,17,17
1619,781,17,17
1619,781,17,17
1619,781,17,17
1619,781,17,17
1158,1423,17,17
41,1585,17,17
233,810,17,17
1158,1585,17,17
1158,1423,17,17
1575,735,17,17
1284,950,17,17
220,1601,17,17
220,234,17,17
536,733,17,17
1585,1043,17,17
234,220,17,17
103,409,17,17
1281,1598,17,17
389,950,17,17
967,1158,17,17
1527,144,17,17
67,318,17,17
67,318,17,17
600,1454,17,17
199,1582,17,17
1072,1158,17,17
1158,1072,17,17
1158,1072,17,17
1158,1072,17,17
1158,1072,17,17
1158,1072,17,17
1158,1072,17,17
352,840,17,17
547,712,17,17
547,712,17,17
547,712,17,17
967,1158,17,17
821,483,17,17
950,1284,17,17
950,389,17,17
176,1603,17,17
1196,155,17,17
626,733,17,17
1578,847,17,17
1578,342,17,17
1585,1043,17,17
155,1196,17,17
735,1575,17,17
1127,405,17,17
735,810,17,17
1509,352,17,17
725,1260,17,17
1582,199,17,17
105,585,17,17
352,1509,17,17
103,277,17,17
525,1623,17,17
103,899,17,17
103,1015,17,17
357,1359,17,17
19,639,17,17
1,1626,17,17
143,357,17,17
1359,357,17,17
3,60,17,17
1042,220,17,17
615,823,17,17
1619,297,17,17
1619,712,17,17
852,1611,17,17
852,1611,17,17
224,1624,17,17
852,1611,17,17
605,1601,17,17
1105,840,17,17
852,1611,17,17
704,734,17,17
1626,1,17,17
145,933,17,17
145,644,17,17
1625,686,17,17
1396,669,17,17
1,1626,17,17
1,312,17,17
1,1626,17,17
507,1036,17,17
1619,1100,17,17
103,908,17,17
103,758,17,17
1619,758,17,17
758,1619,17,17
704,734,17,17
1619,758,17,17
1624,224,17,17
1624,234,17,17
1043,1585,17,17
859,725,17,17
810,233,17,17
1539,1338,17,17
1624,1518,17,17
810,1624,17,17
1624,810,17,17
1009,463,17,17
1548,1598,17,17
509,893,17,17
1548,303,17,17
327,1598,17,17
224,1624,17,17
1313,507,17,17
342,1255,17,17
389,950,17,17
389,1576,17,17
1539,1628,17,17
1313,507,17,17
704,734,17,17
68,323,17,17
704,734,17,17
1522,1184,17,17
1522,1598,17,17
1624,224,17,17
224,1624,17,17
704,502,17,17
704,734,17,17
704,502,17,17
1362,342,17,17
713,733,17,17
1522,1616,17,17
713,912,17,17
1522,859,17,17
174,1231,17,17
810,1624,17,17
72,1316,17,17
176,1603,17,17
1624,810,17,17
809,342,17,17
704,1603,17,17
1522,175,17,17
103,874,17,17
103,437,17,17
704,734,17,17
1196,155,17,17
1196,155,17,17
704,734,17,17
1539,1196,17,17
342,1050,17,17
143,357,17,17
143,357,17,17
560,1629,17,17
233,810,17,17
342,389,17,17
1565,1379,17,17
810,1624,17,17
810,233,17,17
389,342,17,17
1546,1619,17,17
1619,1546,17,17
103,1419,17,17
1568,1042,17,17
1339,474,17,17
53,1585,17,17
1026,509,17,17
1314,781,17,17
547,32,17,17
27,620,17,17
475,203,17,17
1539,154,17,17
1339,605,17,17
1543,475,17,17
704,1565,17,17
1565,1379,17,17
704,734,17,17
950,389,17,17
704,734,17,17
475,1543,17,17
704,734,17,17
249,1629,17,17
103,1238,17,17
422,1299,17,17
103,1238,17,17
1231,1339,17,17
495,1630,17,17
249,1608,17,17
919,303,17,17
155,1196,17,17
800,1072,17,17
103,919,17,17
1339,323,17,17
1339,1069,17,17
1576,578,17,17
704,1231,17,17
249,1362,17,17
704,1231,17,17
474,1339,17,17
32,547,17,17
704,1231,17,17
704,1231,17,17
547,711,17,17
812,708,17,17
704,1231,17,17
1339,474,17,17
547,711,17,17
704,1231,17,17
620,233,17,17
704,1231,17,17
547,711,17,17
233,620,17,17
594,752,17,17
233,810,17,17
547,711,17,17
973,254,17,17
1594,219,17,17
219,1594,17,17
697,1631,17,17
547,711,17,17
679,919,17,17
547,711,17,17
1594,219,17,17
711,1623,17,17
620,967,17,17
1545,259,17,17
679,919,17,17
547,711,17,17
605,1339,17,17
679,919,17,17
605,1339,17,17
1539,1255,17,17
967,620,17,17
781,1314,17,17
620,967,17,17
967,620,17,17
354,1373,17,17
617,734,17,17
617,734,17,17
1624,810,17,17
474,1339,17,17
617,734,17,17
617,734,17,17
1282,1601,17,17
617,734,17,17
620,967,17,17
617,734,17,17
1616,1173,17,17
605,734,17,17
617,734,17,17
1407,1189,17,17
605,1246,17,17
725,859,17,17
1227,1238,17,17
1616,1601,17,17
1616,582,17,17
799,302,17,17
1619,712,17,17
1281,1033,17,17
1238,1227,17,17
1339,605,17,17
1339,474,17,17
1539,1632,17,17
1314,781,17,17
1578,342,17,17
799,302,17,17
463,609,17,17
538,1065,17,17
463,1009,17,17
1282,1542,17,17
1521,852,17,17
1575,735,17,17
249,302,17,17
1576,1248,17,17
749,1487,17,17
517,1588,17,17
495,933,17,17
495,1213,17,17
495,498,17,17
495,741,17,17
1542,1282,17,17
249,708,17,17
405,398,17,17
741,495,17,17
768,1304,17,17
193,233,17,17
1304,768,17,17
1539,1346,17,17
871,297,17,17
323,68,17,17
323,1339,17,17
1175,299,17,17
298,323,17,17
871,1603,17,17
298,323,17,17
298,323,17,17
1489,878,17,17
1158,27,17,17
1539,599,17,17
871,1603,17,17
1189,483,17,17
1189,1407,17,17
103,495,17,17
103,1603,17,17
600,1454,17,17
1105,840,17,17
193,63,17,17
323,950,17,17
103,1603,17,17
1507,42,17,17
103,462,17,17
1175,299,17,17
1396,1618,17,17
193,282,17,17
193,118,17,17
1576,1034,17,17
193,1633,17,17
193,63,17,17
1297,800,17,17
704,1603,17,17
1393,95,17,17
193,85,17,17
1413,800,17,17
392,321,17,17
967,193,17,17
1537,324,17,17
676,1206,17,17
1537,329,17,17
704,1603,17,17
1616,254,17,17
1539,1206,17,17
143,357,17,17
950,323,17,17
1539,1039,17,17
498,495,17,17
1616,582,17,17
1543,475,17,17
704,1603,17,17
298,573,17,17
1585,1043,17,17
172,1603,17,17
338,1244,17,17
1539,1039,17,17
1543,63,17,17
1543,475,17,17
507,1313,17,17
1603,172,17,17
1543,282,17,17
298,573,17,17
620,27,17,17
1616,582,17,17
298,573,17,17
298,573,17,17
768,1304,17,17
1616,940,17,17
1346,1314,17,17
398,405,17,17
1616,582,17,17
1039,1632,17,17
582,1616,17,17
643,1365,17,17
298,573,17,17
298,573,17,17
298,573,17,17
1616,940,17,17
1244,338,17,17
1184,1522,17,17
67,1565,17,17
687,1616,17,17
1304,768,17,17
234,1244,17,17
1244,234,17,17
1565,67,17,17
1565,174,17,17
555,1634,17,17
1378,1635,17,17
53,1585,17,17
1252,1616,17,17
1616,1252,17,17
1616,1252,17,17
713,878,17,17
1565,174,17,17
1252,1616,17,17
713,714,17,17
713,546,17,17
1252,1616,17,17
1565,174,17,17
1616,1252,17,17
1491,132,17,17
1189,502,17,17
1252,1616,17,17
1616,1252,17,17
1565,176,17,17
53,1636,17,17
53,1636,17,17
1383,1636,17,17
53,1636,17,17
1378,1635,17,17
53,1636,17,17
53,1636,17,17
984,1636,17,17
1539,1056,17,17
1539,1056,17,17
781,1314,17,17
201,1616,17,17
679,963,17,17
1565,228,17,17
103,72,17,17
1009,928,17,17
1009,752,17,17
1009,177,17,17
321,392,17,17
342,1578,17,17
42,1507,17,17
132,1491,17,17
509,1026,17,17
509,711,17,17
557,297,17,17
299,1175,17,17
299,1175,17,17
299,1175,17,17
523,228,17,17
1127,69,17,17
1,161,17,17
27,1158,17,17
27,620,17,17
1623,711,17,17
713,912,17,17
713,546,17,17
713,884,17,17
713,878,17,17
713,842,17,17
713,271,17,17
713,749,17,17
103,462,17,17
53,1623,17,17
840,1105,17,17
509,840,17,17
859,1522,17,17
1503,1502,17,17
809,1522,17,17
809,342,17,17
321,277,17,17
847,1578,17,17
713,509,17,17
523,615,17,17
1630,495,17,17
620,27,17,17
799,1608,17,17
219,1594,17,17
1539,753,17,17
793,863,17,17
1539,1299,17,17
346,1616,17,17
1365,643,17,17
1365,1393,17,17
1539,1299,17,17
1314,781,17,17
1253,1365,17,17
1539,1637,17,17
432,1587,17,17
1539,1637,17,17
1314,1346,17,17
1638,1633,17,17
1488,518,17,17
27,620,17,17
254,973,17,17
254,1616,17,17
523,615,17,17
605,431,17,17
389,830,17,17
1629,560,17,17
1539,1346,17,17
495,741,17,17
495,498,17,17
1434,174,17,17
392,321,17,17
821,483,17,17
1539,1169,17,17
1173,1616,17,17
1539,1346,17,17
1162,913,17,17
950,495,17,17
392,1315,17,17
161,1,17,17
1539,1039,17,17
161,1487,17,17
1539,1510,17,17
1539,1510,17,17
768,1253,17,17
741,495,17,17
1510,3,17,17
1227,1238,17,17
378,32,17,17
431,605,17,17
617,704,17,17
617,704,17,17
1594,219,17,17
605,431,17,17
431,605,17,17
704,617,17,17
617,704,17,17
704,617,17,17
617,704,17,17
523,193,17,17
523,870,17,17
523,67,17,17
1539,177,17,17
177,1009,17,17
1539,177,17,17
1539,177,17,17
1539,1338,17,17
143,582,17,17
1539,177,17,17
1539,1338,17,17
809,257,17,17
1539,177,17,17
1539,1338,17,17
1539,1338,17,17
1539,177,17,17
831,495,17,17
1539,177,17,17
871,183,17,17
297,557,17,17
871,297,17,17
297,871,17,17
704,617,17,17
1052,1136,17,17
1113,1553,17,17
103,495,17,17
687,757,17,17
103,605,17,17
176,1565,17,17
1539,1639,17,17
1539,299,17,17
1539,1639,17,17
1539,299,17,17
1539,1640,17,17
1539,1639,17,17
1539,1640,17,17
1539,1069,17,17
1539,1640,17,17
1539,1069,17,17
1546,1619,17,17
1253,768,17,17
1033,1281,17,17
1033,1281,17,17
249,302,17,17
233,193,17,17
1539,1021,17,17
1565,176,17,17
1539,1021,17,17
1539,1169,17,17
812,1616,17,17
812,708,17,17
1539,299,17,17
1539,1169,17,17
234,1248,17,17
32,219,17,17
1412,810,17,17
1539,1169,17,17
818,372,17,17
1539,818,17,17
818,1269,17,17
1539,36,17,17
1539,1169,17,17
1539,818,17,17
1539,1169,17,17
1539,1169,17,17
1539,1169,17,17
878,1637,17,17
1539,1169,17,17
32,1338,17,17
1539,601,17,17
321,392,17,17
810,1412,17,17
1539,601,17,17
768,1253,17,17
1113,339,17,17
768,1304,17,17
176,1565,17,17
1565,176,17,17
617,704,17,17
176,1565,17,17
1365,1253,17,17
1565,176,17,17
704,617,17,17
1387,67,17,17
1387,12,17,17
1072,800,17,17
176,1565,17,17
1387,67,17,17
809,257,17,17
1387,67,17,17
768,621,17,17
3,1510,17,17
768,621,17,17
768,621,17,17
1158,27,17,17
95,1118,17,17
704,447,17,17
1158,1072,17,17
1387,768,17,17
1539,1443,17,17
518,1488,17,17
95,1365,17,17
95,299,17,17
95,712,17,17
95,1393,17,17
711,1623,17,17
1043,1585,17,17
12,1493,17,17
12,1639,17,17
1304,768,17,17
95,525,17,17
1641,95,17,17
523,176,17,17
679,67,17,17
95,525,17,17
768,1304,17,17
95,592,17,17
1539,378,17,17
95,525,17,17
1539,710,17,17
1642,679,17,17
95,1510,17,17
95,525,17,17
1304,768,17,17
1510,3,17,17
95,525,17,17
103,1021,17,17
95,525,17,17
1281,1033,17,17
525,95,17,17
679,1642,17,17
1339,1299,17,17
1642,679,17,17
967,193,17,17
103,899,17,17
219,32,17,17
1564,1565,17,17
27,1158,17,17
42,964,17,17
103,1231,17,17
3,135,17,17
103,1643,17,17
1387,768,17,17
1601,1282,17,17
1644,1539,17,17
1315,392,17,17
1637,878,17,17
1254,1234,17,17
704,1231,17,17
32,219,17,17
103,1231,17,17
1282,1601,17,17
1238,1227,17,17
679,1642,17,17
967,193,17,17
1642,679,17,17
1642,32,17,17
219,32,17,17
822,1642,17,17
1642,822,17,17
1642,822,17,17
679,1642,17,17
314,333,17,17
812,708,17,17
12,1387,17,17
1562,1299,17,17
878,1637,17,17
967,193,17,17
193,967,17,17
193,967,17,17
1101,713,17,17
9,1387,17,17
32,219,17,17
1539,1069,17,17
1539,1255,17,17
32,1642,17,17
1539,1255,17,17
12,1387,17,17
1539,1342,17,17
32,1645,17,17
713,509,17,17
144,1500,17,17
219,32,17,17
249,708,17,17
249,1645,17,17
1231,704,17,17
1231,704,17,17
32,219,17,17
1434,174,17,17
219,32,17,17
1539,1646,17,17
546,713,17,17
1539,1647,17,17
1539,1647,17,17
423,1497,17,17
1539,1646,17,17
871,297,17,17
1539,1647,17,17
392,321,17,17
1042,615,17,17
73,1646,17,17
1630,389,17,17
704,1231,17,17
1646,73,17,17
878,1647,17,17
73,1646,17,17
392,1315,17,17
1299,1646,17,17
1299,1646,17,17
878,1647,17,17
1299,1646,17,17
752,598,17,17
1646,1299,17,17
1646,1299,17,17
1255,878,17,17
986,163,17,17
297,871,17,17
1646,1299,17,17
1539,1647,17,17
871,297,17,17
1644,1601,17,17
1539,1647,17,17
871,297,17,17
103,1646,17,17
878,1647,17,17
1539,1647,17,17
1539,1647,17,17
1539,1647,17,17
297,871,17,17
1539,1647,17,17
1255,878,17,17
1539,1647,17,17
103,1646,17,17
174,1434,17,17
1601,1646,17,17
103,1231,17,17
233,193,17,17
131,1255,17,17
569,1522,17,17
1270,832,17,17
1601,1616,17,17
176,523,17,17
620,27,17,17
1601,605,17,17
1601,220,17,17
357,143,17,17
193,233,17,17
357,1644,17,17
1521,828,17,17
523,176,17,17
321,392,17,17
1619,1648,17,17
193,233,17,17
176,523,17,17
193,1646,17,17
1644,357,17,17
1489,878,17,17
41,523,17,17
103,1231,17,17
1255,1113,17,17
27,620,17,17
41,176,17,17
41,523,17,17
233,193,17,17
620,27,17,17
1641,1539,17,17
191,1097,17,17
27,620,17,17
193,1646,17,17
1097,191,17,17
1097,1270,17,17
620,27,17,17
193,233,17,17
389,1630,17,17
233,193,17,17
1646,193,17,17
220,1601,17,17
871,297,17,17
193,1646,17,17
220,234,17,17
708,812,17,17
525,19,17,17
193,1130,17,17
1616,1601,17,17
1130,193,17,17
193,1130,17,17
1130,193,17,17
27,620,17,17
1539,1211,17,17
494,389,17,17
494,389,17,17
912,713,17,17
1624,1253,17,17
193,1130,17,17
847,1387,17,17
592,95,17,17
620,27,17,17
1641,970,17,17
9,1313,17,17
1130,34,17,17
970,128,17,17
1641,970,17,17
27,620,17,17
1158,27,17,17
1624,719,17,17
27,1158,17,17
1158,713,17,17
1624,1500,17,17
1042,615,17,17
1235,1468,17,17
1158,27,17,17
643,1365,17,17
1189,1489,17,17
1485,1403,17,17
1641,970,17,17
1286,1231,17,17
1641,341,17,17
810,233,17,17
1009,177,17,17
1113,1565,17,17
1314,1346,17,17
27,1158,17,17
970,1641,17,17
12,1493,17,17
378,1539,17,17
561,95,17,17
822,1642,17,17
1113,544,17,17
878,1489,17,17
12,1639,17,17
103,1231,17,17
1624,719,17,17
1158,27,17,17
620,27,17,17
1113,544,17,17
1543,592,17,17
128,970,17,17
1113,544,17,17
1113,544,17,17
27,1158,17,17
12,366,17,17
1113,544,17,17
9,32,17,17
9,32,17,17
1113,544,17,17
9,32,17,17
193,1646,17,17
1158,27,17,17
1113,544,17,17
1616,1252,17,17
843,871,17,17
843,1237,17,17
1252,1616,17,17
392,321,17,17
933,145,17,17
67,822,17,17
1616,1252,17,17
933,495,17,17
843,1553,17,17
143,357,17,17
1237,843,17,17
1113,544,17,17
777,1639,17,17
1619,839,17,17
1619,839,17,17
1619,839,17,17
1539,36,17,17
1539,1021,17,17
1539,1021,17,17
1426,339,17,17
1426,830,17,17
338,1244,17,17
1426,1066,17,17
67,1426,17,17
1539,1021,17,17
1343,281,17,17
1619,773,17,17
1522,809,17,17
1522,859,17,17
1522,1184,17,17
970,128,17,17
1189,1647,17,17
249,1629,17,17
1522,859,17,17
1522,1618,17,17
1113,128,17,17
1285,1565,17,17
128,970,17,17
1285,1641,17,17
482,1489,17,17
1565,1285,17,17
569,1522,17,17
1285,1565,17,17
1113,544,17,17
1113,128,17,17
1539,659,17,17
1113,1255,17,17
1542,540,17,17
1539,1649,17,17
544,1113,17,17
1565,1285,17,17
822,67,17,17
809,546,17,17
1285,1565,17,17
1113,544,17,17
298,573,17,17
298,573,17,17
298,573,17,17
234,220,17,17
1248,234,17,17
1647,1189,17,17
298,573,17,17
546,809,17,17
843,871,17,17
1539,1647,17,17
843,1237,17,17
1113,495,17,17
298,573,17,17
1113,437,17,17
878,713,17,17
621,768,17,17
177,1009,17,17
1,161,17,17
1617,1283,17,17
1367,1485,17,17
1113,135,17,17
135,42,17,17
135,1356,17,17
1617,370,17,17
27,1158,17,17
1326,713,17,17
3,1510,17,17
135,1486,17,17
3,135,17,17
1113,135,17,17
1489,878,17,17
1489,482,17,17
1113,135,17,17
1489,249,17,17
3,135,17,17
3,72,17,17
1539,204,17,17
1539,1573,17,17
1539,1573,17,17
1270,1097,17,17
3,135,17,17
1270,1097,17,17
1539,1573,17,17
3,135,17,17
3,135,17,17
3,135,17,17
1113,135,17,17
1568,1042,17,17
135,1113,17,17
1539,1573,17,17
1113,135,17,17
1539,1573,17,17
72,3,17,17
1545,1556,17,17
1280,48,17,17
1280,48,17,17
1346,1314,17,17
1280,48,17,17
1280,48,17,17
1280,48,17,17
1280,48,17,17
1280,48,17,17
135,1,17,17
1280,48,17,17
1280,48,17,17
1280,48,17,17
1280,48,17,17
103,30,17,17
1280,48,17,17
103,30,17,17
1619,593,17,17
30,103,17,17
1280,48,17,17
103,30,17,17
30,103,17,17
1576,389,17,17
1189,1647,17,17
766,252,17,17
1033,1281,17,17
438,687,17,17
438,687,17,17
438,1319,17,17
1136,1052,17,17
1440,438,17,17
1649,1539,17,17
735,1575,17,17
482,1489,17,17
191,738,17,17
1252,1616,18,18
1,135,18,18
592,1543,18,18
233,810,18,18
1184,1522,18,18
281,1343,18,18
1272,1130,18,18
337,1641,18,18
964,42,18,18
964,42,18,18
1488,518,18,18
1069,1539,18,18
1646,193,18,18
1638,1646,18,18
1234,1254,18,18
536,933,18,18
27,620,18,18
1580,1352,18,18
249,1489,18,18
449,1520,18,18
1580,95,18,18
34,1130,18,18
1638,1633,18,18
832,1270,18,18
1500,1624,18,18
1624,1500,18,18
1500,144,18,18
1313,1403,18,18
1042,615,18,18
1313,569,18,18
1042,1568,18,18
615,1042,18,18
1042,615,18,18
447,704,18,18
9,1642,18,18
9,1649,18,18
9,1650,18,18
9,1647,18,18
9,1646,18,18
9,1643,18,18
9,1644,18,18
9,1648,18,18
9,1640,18,18
9,1651,18,18
9,1652,18,18
9,1637,18,18
1052,1136,18,18
9,1641,18,18
9,1622,18,18
9,1618,18,18
9,1621,18,18
959,958,18,18
9,1313,18,18
9,1313,18,18
9,1313,18,18
779,840,18,18
1254,1234,18,18
9,1196,18,18
1624,725,18,18
9,901,18,18
9,617,18,18
144,1500,18,18
738,191,18,18
725,1624,18,18
50,758,18,18
518,1488,18,18
1280,1038,18,18
329,615,18,18
329,1537,18,18
1319,438,18,18
95,592,18,18
95,1580,18,18
1403,1485,18,18
474,615,18,18
1403,1313,18,18
1624,725,18,18
768,1304,18,18
605,1601,18,18
1365,643,18,18
1289,700,18,18
389,494,18,18
389,494,18,18
1637,9,18,18
1489,482,18,18
1387,12,18,18
1387,9,18,18
1387,12,18,18
1387,847,18,18
1387,67,18,18
617,9,18,18
536,933,18,18
191,738,18,18
431,727,18,18
1281,1033,18,18
1642,32,18,18
1653,1603,18,18
1642,9,18,18
1619,1629,18,18
1255,1653,18,18
249,1236,18,18
282,193,18,18
741,1255,18,18
1255,741,18,18
741,1255,18,18
9,1642,18,18
9,617,18,18
9,1637,18,18
9,1387,18,18
9,282,18,18
402,681,18,18
1158,27,18,18
220,234,18,18
220,234,18,18
1158,1072,18,18
1332,291,18,18
1332,291,18,18
1332,291,18,18
878,1489,18,18
1488,518,18,18
615,1042,18,18
615,474,18,18
1136,1052,18,18
1624,281,18,18
27,1158,18,18
1578,342,18,18
1578,847,18,18
700,1289,18,18
1118,95,18,18
644,145,18,18
1317,50,18,18
1038,1280,18,18
1616,1252,18,18
495,831,18,18
495,950,18,18
1616,812,18,18
1442,883,18,18
1616,1173,18,18
495,741,18,18
1616,346,18,18
495,933,18,18
495,1113,18,18
1616,1522,18,18
1304,768,18,18
128,1113,18,18
1580,95,18,18
1255,741,18,18
482,1489,18,18
1072,1158,18,18
234,220,18,18
50,1317,18,18
970,1641,18,18
12,1387,18,18
12,1387,18,18
1329,983,18,18
1642,9,18,18
620,27,18,18
1642,1171,18,18
32,1642,18,18
812,1616,18,18
1647,1539,18,18
812,708,18,18
1158,27,18,18
12,997,18,18
1413,800,18,18
1647,1189,18,18
1158,1072,18,18
1647,9,18,18
1158,27,18,18
12,997,18,18
357,1644,18,18
357,143,18,18
357,592,18,18
1252,1616,18,18
871,843,18,18
370,1617,18,18
9,1647,18,18
9,1642,18,18
1158,1217,18,18
1217,1158,18,18
1487,749,18,18
1487,161,18,18
1487,1598,18,18
1575,735,18,18
518,1488,18,18
569,1313,18,18
712,95,18,18
1520,449,18,18
1520,912,18,18
1173,1616,18,18
823,1576,18,18
823,615,18,18
1130,34,18,18
1130,1272,18,18
1130,193,18,18
1510,3,18,18
615,823,18,18
27,1158,18,18
1423,1158,18,18
1130,1526,18,18
1130,1526,18,18
1130,1526,18,18
617,9,18,18
1312,456,18,18
1189,1647,18,18
1619,175,18,18
615,1130,18,18
1616,1252,18,18
9,617,18,18
1313,9,18,18
1647,1189,18,18
1313,569,18,18
1647,9,18,18
1647,878,18,18
1647,1654,18,18
1647,1005,18,18
1619,1641,18,18
437,1113,18,18
1619,1641,18,18
758,1619,18,18
1543,592,18,18
3,44,18,18
3,36,18,18
1313,1403,18,18
540,1542,18,18
757,687,18,18
859,1522,18,18
234,1255,18,18
1042,615,18,18
234,815,18,18
615,1042,18,18
193,1646,18,18
843,871,18,18
1033,1281,18,18
1653,1255,18,18
1488,518,18,18
281,1624,18,18
1344,1598,18,18
128,1378,18,18
1545,259,18,18
1545,259,18,18
1316,1039,18,18
1434,174,18,18
361,1436,18,18
753,1539,18,18
415,1624,18,18
1644,520,18,18
520,1644,18,18
950,495,18,18
1648,281,18,18
1316,72,18,18
361,864,18,18
1644,812,18,18
1213,495,18,18
1,44,18,18
281,1648,18,18
1317,919,18,18
1624,281,18,18
1624,415,18,18
973,254,18,18
308,1641,18,18
281,1624,18,18
1601,220,18,18
249,299,18,18
1642,32,18,18
1601,1616,18,18
1234,1254,18,18
919,1317,18,18
9,1647,18,18
1255,234,18,18
1255,1653,18,18
1601,605,18,18
1021,1539,18,18
1042,615,18,18
174,1434,18,18
741,495,18,18
615,1042,18,18
1624,281,18,18
878,1647,18,18
688,326,18,18
1655,1641,18,18
1655,741,18,18
1655,1598,18,18
741,1655,18,18
254,973,18,18
617,9,18,18
1641,1619,18,18
249,1655,18,18
1641,308,18,18
617,254,18,18
1158,27,18,18
1158,1423,18,18
1629,1619,18,18
1158,1072,18,18
1629,249,18,18
1072,1158,18,18
1641,1655,18,18
249,1629,18,18
1603,1653,18,18
1655,249,18,18
1655,741,18,18
249,1655,18,18
1647,878,18,18
1647,9,18,18
1655,249,18,18
249,1655,18,18
1638,1410,18,18
281,332,18,18
1343,281,18,18
249,734,18,18
9,1647,18,18
9,617,18,18
617,9,18,18
9,617,18,18
281,1343,18,18
281,1624,18,18
1553,843,18,18
423,866,18,18
809,1406,18,18
1190,1285,18,18
708,812,18,18
12,1387,18,18
1406,809,18,18
27,620,18,18
1312,1656,18,18
297,557,18,18
27,1158,18,18
878,1647,18,18
725,1624,18,18
878,1255,18,18
220,234,18,18
518,1488,18,18
220,1601,18,18
1648,281,18,18
933,495,18,18
933,536,18,18
1588,713,18,18
234,220,18,18
1081,32,18,18
1556,1545,18,18
878,1426,18,18
1648,802,18,18
357,774,18,18
1648,90,18,18
357,1565,18,18
281,1648,18,18
357,1426,18,18
357,1362,18,18
357,1362,18,18
1648,281,18,18
1648,9,18,18
220,234,18,18
1648,1619,18,18
67,1657,18,18
281,1648,18,18
819,1642,18,18
357,1103,18,18
1624,281,18,18
357,1624,18,18
741,1655,18,18
1658,277,18,18
67,1644,18,18
1624,357,18,18
1648,281,18,18
281,1624,18,18
357,1624,18,18
1624,281,18,18
1624,357,18,18
281,1648,18,18
357,1624,18,18
281,1624,18,18
741,1255,18,18
281,317,18,18
1624,357,18,18
546,774,18,18
536,933,18,18
67,1637,18,18
883,1442,18,18
843,1553,18,18
674,1624,18,18
3,1,18,18
1362,357,18,18
1500,144,18,18
1642,819,18,18
1648,865,18,18
1648,865,18,18
1658,986,18,18
1648,963,18,18
1648,1627,18,18
1648,1627,18,18
1648,1627,18,18
1542,540,18,18
912,1520,18,18
1657,67,18,18
1648,1177,18,18
1648,1177,18,18
1648,1177,18,18
12,527,18,18
1657,1021,18,18
1657,1021,18,18
12,1255,18,18
1472,815,18,18
12,1406,18,18
12,1440,18,18
12,1520,18,18
1657,1641,18,18
19,1130,18,18
1406,12,18,18
1657,713,18,18
1520,912,18,18
145,644,18,18
145,933,18,18
1520,12,18,18
1641,1657,18,18
1520,598,18,18
711,547,18,18
1657,1641,18,18
1520,1659,18,18
1641,1657,18,18
392,1660,18,18
1648,1551,18,18
1648,1551,18,18
1657,1641,18,18
1042,1641,18,18
1551,1648,18,18
1255,878,18,18
1657,1641,18,18
1641,1657,18,18
1042,1255,18,18
1255,741,18,18
1255,12,18,18
1255,1042,18,18
1648,1551,18,18
1189,482,18,18
1522,859,18,18
482,1189,18,18
1189,482,18,18
1042,1255,18,18
1042,1641,18,18
1522,569,18,18
878,1255,18,18
878,1189,18,18
536,1551,18,18
569,1522,18,18
1522,569,18,18
1255,1042,18,18
1255,878,18,18
1252,1616,18,18
1522,1255,18,18
1255,1522,18,18
1189,878,18,18
1042,1255,18,18
1522,1255,18,18
569,1522,18,18
1042,615,18,18
1255,1042,18,18
1255,1522,18,18
1042,1255,18,18
1255,1042,18,18
1522,1255,18,18
1440,12,18,18
1255,1522,18,18
1522,569,18,18
300,1657,18,18
1042,1255,18,18
1522,1255,18,18
1648,1283,18,18
878,1255,18,18
1255,1522,18,18
1255,1042,18,18
1255,878,18,18
144,1500,18,18
620,27,18,18
1656,1312,18,18
569,1522,18,18
1648,174,18,18
1406,1603,18,18
1603,1406,18,18
1158,27,18,18
1406,843,18,18
174,1648,18,18
1406,1603,18,18
1522,569,18,18
569,1522,18,18
1648,644,18,18
1158,379,18,18
1522,569,18,18
1648,174,18,18
1648,174,18,18
1042,712,18,18
843,1406,18,18
569,1522,18,18
1616,1252,18,18
1406,843,18,18
174,1648,18,18
174,1648,18,18
1648,174,18,18
843,1406,18,18
1648,174,18,18
1406,843,18,18
547,711,18,18
1522,569,18,18
1648,644,18,18
174,1648,18,18
174,1648,18,18
1642,679,18,18
547,711,18,18
204,1539,18,18
1648,174,18,18
174,1648,18,18
1648,1042,18,18
1042,1244,18,18
1648,174,18,18
679,1642,18,18
298,1353,18,18
174,1648,18,18
1642,679,18,18
1648,174,18,18
1042,1648,18,18
1353,298,18,18
711,547,18,18
569,1522,18,18
1603,1406,18,18
547,711,18,18
174,1648,18,18
1648,1042,18,18
711,547,18,18
1406,1603,18,18
1648,174,18,18
547,711,18,18
711,547,18,18
174,1648,18,18
547,711,18,18
1648,174,18,18
174,1648,18,18
1648,174,18,18
711,547,18,18
1052,1136,18,18
547,711,18,18
679,1642,18,18
878,713,18,18
298,353,18,18
1642,679,18,18
810,1365,18,18
1642,679,18,18
1406,1185,18,18
1185,1406,18,18
1406,1185,18,18
1648,1052,18,18
1185,1406,18,18
1406,1185,18,18
1642,1297,18,18
1642,1297,18,18
1113,495,18,18
1406,1642,18,18
372,569,18,18
1113,437,18,18
569,372,18,18
548,1059,18,18
372,569,18,18
548,128,18,18
1642,1406,18,18
283,1343,18,18
1406,1642,18,18
1642,1406,18,18
1406,1642,18,18
569,372,18,18
372,569,18,18
1642,1406,18,18
1352,1580,18,18
1406,1642,18,18
1406,1642,18,18
1642,1406,18,18
1406,1642,18,18
1642,1406,18,18
1518,1624,18,18
1406,1642,18,18
1642,1406,18,18
1406,1642,18,18
1642,1406,18,18
1406,1642,18,18
1642,1406,18,18
1406,1642,18,18
1406,1603,18,18
1603,1406,18,18
1642,1406,18,18
1603,1406,18,18
1406,1603,18,18
1406,1642,18,18
1406,1603,18,18
1603,1406,18,18
1406,1603,18,18
1603,1406,18,18
1406,1603,18,18
1314,1346,18,18
1215,1472,18,18
1636,984,18,18
438,1319,18,18
933,536,18,18
1196,9,18,18
252,766,18,18
1281,1033,18,18
1313,9,18,18
1313,9,18,18
1313,507,18,18
1387,12,18,18
361,638,18,18
361,1641,18,18
621,686,18,18
1136,1052,18,18
617,9,18,18
557,297,18,18
615,1042,18,18
944,815,18,18
1661,713,18,18
1346,1314,18,18
1661,1026,18,18
27,1158,18,18
27,620,18,18
1185,1406,18,18
1434,174,18,18
734,249,18,18
617,777,18,18
1434,1312,18,18
1359,1343,18,18
1312,1656,18,18
1312,1434,18,18
1312,1434,18,18
1434,1312,18,18
1312,1434,18,18
1312,1434,18,18
1434,1312,18,18
1434,1312,18,18
1312,1434,18,18
1312,1434,18,18
1387,1312,18,18
1434,1312,18,18
1312,1387,18,18
1312,1434,18,18
1434,1312,18,18
1185,1142,18,18
1387,1312,18,18
1387,1312,18,18
1312,1387,18,18
1387,1312,18,18
812,1644,18,18
1312,1387,18,18
1312,1387,18,18
1387,1312,18,18
1142,1185,18,18
1387,1434,18,18
1387,1344,18,18
1434,1387,18,18
1312,1387,18,18
1387,1434,18,18
1185,1142,18,18
1387,1312,18,18
700,822,18,18
1434,1387,18,18
1434,1387,18,18
1312,1387,18,18
1387,1434,18,18
751,822,18,18
1312,1387,18,18
1387,1312,18,18
1312,1387,18,18
1387,1312,18,18
1387,1434,18,18
1387,1312,18,18
1434,1387,18,18
1434,1387,18,18
1387,1434,18,18
1387,1434,18,18
249,1244,18,18
536,933,18,18
523,1662,18,18
523,1662,18,18
523,1662,18,18
154,1539,18,18
843,1406,18,18
161,1,18,18
161,1487,18,18
1042,615,18,18
594,277,18,18
594,260,18,18
72,1316,18,18
211,36,18,18
751,1578,18,18
1657,300,18,18
32,518,18,18
1442,883,18,18
713,1526,18,18
1488,518,18,18
1663,1621,18,18
1663,1621,18,18
174,1434,18,18
32,1657,18,18
1657,713,18,18
615,1042,18,18
1657,523,18,18
1657,393,18,18
1101,713,18,18
1406,843,18,18
1,161,18,18
1,3,18,18
1189,1015,18,18
1189,1015,18,18
1189,595,18,18
713,1101,18,18
713,1661,18,18
713,878,18,18
713,912,18,18
595,1189,18,18
620,27,18,18
1624,725,18,18
312,1,18,18
504,372,18,18
389,1576,18,18
1489,372,18,18
714,713,18,18
1285,1190,18,18
1285,1190,18,18
339,713,18,18
1285,1190,18,18
912,713,18,18
1624,1093,18,18
212,1056,18,18
475,1543,18,18
822,700,18,18
372,504,18,18
822,751,18,18
372,1489,18,18
1314,1346,18,18
372,1624,18,18
101,282,18,18
963,1648,18,18
1648,963,18,18
12,1387,18,18
12,1440,18,18
431,605,18,18
431,617,18,18
12,1520,18,18
12,1406,18,18
1624,372,18,18
1346,1314,18,18
393,1657,18,18
1624,1349,18,18
101,176,18,18
749,1487,18,18
101,198,18,18
644,1648,18,18
644,1244,18,18
749,713,18,18
353,298,18,18
1624,367,18,18
367,1624,18,18
1624,367,18,18
1332,495,18,18
1101,713,18,18
1142,1185,18,18
1580,1545,18,18
1332,298,18,18
1580,1352,18,18
281,1312,18,18
281,254,18,18
1312,281,18,18
1387,12,18,18
281,1312,18,18
1113,1463,18,18
1113,1568,18,18
176,101,18,18
1312,1387,18,18
1568,1113,18,18
617,431,18,18
1642,679,18,18
1423,1158,18,18
431,617,18,18
617,431,18,18
431,617,18,18
1520,12,18,18
1339,504,18,18
617,431,18,18
95,1118,18,18
1378,128,18,18
95,1580,18,18
95,712,18,18
1440,12,18,18
1349,1624,18,18
155,1580,18,18
859,1522,18,18
973,254,18,18
919,95,18,18
686,621,18,18
1346,1314,18,18
1624,1349,18,18
1565,357,18,18
831,1270,18,18
831,1187,18,18
1118,95,18,18
1185,1142,18,18
970,617,18,18
1185,536,18,18
482,463,18,18
1185,1312,18,18
482,194,18,18
1312,1185,18,18
176,1565,18,18
1565,176,18,18
1185,1312,18,18
1312,1185,18,18
176,1565,18,18
679,1642,18,18
1158,1423,18,18
1158,27,18,18
1158,1072,18,18
1185,408,18,18
431,617,18,18
1565,176,18,18
1185,743,18,18
176,1565,18,18
1185,1372,18,18
1185,1402,18,18
1565,176,18,18
176,1565,18,18
1565,176,18,18
617,431,18,18
617,970,18,18
176,1565,18,18
12,1440,18,18
963,1648,18,18
34,1130,18,18
437,1113,18,18
495,950,18,18
495,1213,18,18
1365,810,18,18
73,617,18,18
810,1365,18,18
298,353,18,18
19,1664,18,18
1013,1365,18,18
298,1332,18,18
924,768,18,18
768,924,18,18
621,768,18,18
725,1624,18,18
768,924,18,18
768,621,18,18
621,768,18,18
878,713,18,18
495,741,18,18
495,933,18,18
495,1113,18,18
495,1332,18,18
1565,176,18,18
176,1565,18,18
1113,1568,18,18
1434,174,18,18
1565,176,18,18
1601,220,18,18
1113,437,18,18
174,1434,18,18
970,617,18,18
1113,495,18,18
617,970,18,18
1314,1346,18,18
617,73,18,18
1565,176,18,18
1032,783,18,18
1565,3,18,18
1029,962,18,18
1665,1049,18,18
1113,1603,18,18
1665,1113,18,18
1113,1665,18,18
1665,1113,18,18
220,1601,18,18
1113,1665,18,18
681,109,18,18
1032,783,18,18
1253,1013,18,18
1253,1034,18,18
1185,713,18,18
423,1603,18,18
1032,783,18,18
423,1426,18,18
423,1665,18,18
843,1406,18,18
1665,423,18,18
1032,783,18,18
1346,1314,18,18
1032,783,18,18
1406,843,18,18
1032,783,18,18
1231,963,18,18
1032,783,18,18
72,679,18,18
1032,783,18,18
423,1665,18,18
1032,783,18,18
1032,783,18,18
1632,1039,18,18
741,495,18,18
1032,783,18,18
254,973,18,18
1032,783,18,18
1,312,18,18
1280,1287,18,18
1665,423,18,18
1665,1113,18,18
1601,220,18,18
1032,783,18,18
337,297,18,18
970,617,18,18
1032,783,18,18
1601,220,18,18
509,1665,18,18
3,1565,18,18
3,1,18,18
3,1,18,18
3,1,18,18
3,1,18,18
3,1,18,18
3,1,18,18
3,1,18,18
3,1,18,18
3,1,18,18
3,1,18,18
3,1,18,18
3,1,18,18
3,1,18,18
3,1,18,18
3,1,18,18
3,1,18,18
3,1,18,18
3,1,18,18
3,1,18,18
3,1,18,18
3,1,18,18
3,1,18,18
3,1,18,18
3,1,18,18
3,1,18,18
3,1,18,18
3,1,18,18
3,1,18,18
1661,713,18,18
509,783,18,18
1032,783,18,18
1244,644,18,18
1244,249,18,18
783,509,18,18
644,1244,18,18
176,1565,18,18
3,1,18,18
3,1,18,18
1032,783,18,18
712,95,18,18
1601,1666,18,18
712,1042,18,18
1113,1665,18,18
509,783,18,18
1601,1636,18,18
783,1032,18,18
783,1032,18,18
509,1463,18,18
1158,1072,18,18
1382,710,18,18
1158,1255,18,18
864,361,18,18
1032,783,18,18
421,1436,18,18
421,300,18,18
783,1032,18,18
27,1158,18,18
1032,783,18,18
843,1406,18,18
783,1032,18,18
1032,783,18,18
783,1032,18,18
1032,783,18,18
1013,1253,18,18
1665,573,18,18
573,1665,18,18
878,1665,18,18
176,1665,18,18
1665,573,18,18
1665,878,18,18
1158,27,18,18
1665,176,18,18
1665,509,18,18
1253,1013,18,18
9,1313,18,18
393,573,18,18
1190,1285,18,18
482,1665,18,18
1287,1280,18,18
1158,1665,18,18
1488,518,18,18
1667,1231,18,18
1029,1021,18,18
1029,1665,18,18
783,1032,18,18
1667,53,18,18
1667,1312,18,18
1312,1667,18,18
1648,337,18,18
1648,719,18,18
1231,1667,18,18
27,620,18,18
361,864,18,18
1032,783,18,18
573,393,18,18
1231,1601,18,18
783,1032,18,18
573,1665,18,18
361,697,18,18
393,573,18,18
1601,1231,18,18
1013,1253,18,18
1231,1601,18,18
361,1069,18,18
1032,783,18,18
1601,1231,18,18
1665,573,18,18
1665,1029,18,18
1231,1601,18,18
1665,1158,18,18
783,1032,18,18
1665,482,18,18
361,1056,18,18
361,1587,18,18
361,311,18,18
1487,161,18,18
1487,749,18,18
361,463,18,18
609,523,18,18
710,1382,18,18
819,1642,18,18
1601,1231,18,18
573,1665,18,18
1158,1665,18,18
1032,783,18,18
1313,9,18,18
1231,1601,18,18
731,1173,18,18
573,393,18,18
768,1304,18,18
731,824,18,18
1029,1665,18,18
1029,1472,18,18
1601,1231,18,18
1189,1665,18,18
1665,573,18,18
1253,1013,18,18
1304,768,18,18
1665,1189,18,18
783,1032,18,18
1189,1665,18,18
573,1665,18,18
1231,1601,18,18
1270,831,18,18
12,1387,18,18
809,1406,18,18
12,1255,18,18
1665,1029,18,18
1665,1189,18,18
176,1665,18,18
1189,1665,18,18
1665,176,18,18
176,1665,18,18
1665,573,18,18
1173,731,18,18
1665,176,18,18
1667,1231,18,18
1013,1253,18,18
27,1158,18,18
1136,1052,18,18
573,1665,18,18
1231,1667,18,18
1667,1231,18,18
1667,523,18,18
1189,1665,18,18
308,1601,18,18
1621,1663,18,18
403,302,18,18
950,495,18,18
1665,1189,18,18
1665,573,18,18
1253,1013,18,18
482,1665,18,18
573,1665,18,18
1665,950,18,18
878,1665,18,18
1621,42,18,18
1665,878,18,18
1665,573,18,18
361,809,18,18
878,1665,18,18
1013,1253,18,18
1189,878,18,18
878,1189,18,18
1189,878,18,18
573,1665,18,18
878,1189,18,18
878,1665,18,18
308,1601,18,18
308,1312,18,18
1312,308,18,18
870,1312,18,18
1189,1665,18,18
1312,870,18,18
1665,573,18,18
1312,870,18,18
1576,1665,18,18
573,1665,18,18
870,1312,18,18
1312,870,18,18
1665,1576,18,18
233,810,18,18
233,193,18,18
870,1312,18,18
193,233,18,18
1312,870,18,18
1601,308,18,18
233,193,18,18
1665,573,18,18
1601,1231,18,18
595,1101,18,18
193,233,18,18
595,1101,18,18
1542,468,18,18
573,1665,18,18
1601,393,18,18
518,1488,18,18
1231,1601,18,18
1542,233,18,18
1189,975,18,18
1542,1383,18,18
1072,1158,18,18
1383,1542,18,18
713,1101,18,18
518,1488,18,18
1070,598,18,18
282,9,18,18
1601,1231,18,18
1542,1383,18,18
1231,1601,18,18
41,1665,18,18
1472,1029,18,18
403,569,18,18
53,1667,18,18
1488,518,18,18
1488,518,18,18
1647,878,18,18
973,254,18,18
719,1648,18,18
1647,9,18,18
1648,719,18,18
609,1665,18,18
719,1648,18,18
1648,719,18,18
719,1648,18,18
1648,719,18,18
523,609,18,18
523,1667,18,18
523,41,18,18
198,1647,18,18
609,523,18,18
523,609,18,18
1647,1608,18,18
1387,12,18,18
12,1387,18,18
518,1488,18,18
609,523,18,18
1648,719,18,18
1608,1647,18,18
1387,12,18,18
697,361,18,18
768,1304,18,18
12,1387,18,18
1647,242,18,18
523,609,18,18
609,523,18,18
1647,198,18,18
1255,1158,18,18
1255,12,18,18
1647,1608,18,18
523,609,18,18
1297,1642,18,18
1608,1647,18,18
9,1647,18,18
9,282,18,18
1647,1608,18,18
1252,1616,18,18
242,1647,18,18
1647,9,18,18
1647,242,18,18
1608,1647,18,18
609,1629,18,18
298,518,18,18
1647,1608,18,18
242,1647,18,18
1406,809,18,18
1647,242,18,18
810,233,18,18
1608,1647,18,18
1568,1113,18,18
1647,1608,18,18
1647,1608,18,18
242,1647,18,18
1667,53,18,18
1071,1130,18,18
1667,53,18,18
1332,617,18,18
1342,1255,18,18
1545,1580,18,18
1647,242,18,18
53,1667,18,18
1042,712,18,18
1113,1568,18,18
12,1255,18,18
1332,53,18,18
1647,1297,18,18
1255,1342,18,18
1255,12,18,18
1647,468,18,18
1297,1647,18,18
234,1255,18,18
1647,193,18,18
1647,1297,18,18
468,1647,18,18
12,1255,18,18
1642,1297,18,18
1565,176,18,18
1304,768,18,18
234,220,18,18
1647,468,18,18
1297,1647,18,18
1255,234,18,18
1647,1297,18,18
176,1565,18,18
1297,1642,18,18
53,1332,18,18
1647,821,18,18
831,1270,18,18
1565,176,18,18
176,1565,18,18
53,413,18,18
1297,1647,18,18
1647,1297,18,18
1565,176,18,18
1297,1647,18,18
413,53,18,18
53,413,18,18
12,9,18,18
1158,1072,18,18
1545,1312,18,18
1158,27,18,18
1312,1545,18,18
1332,639,18,18
1332,639,18,18
768,1304,18,18
161,1,18,18
413,53,18,18
1312,1545,18,18
161,1487,18,18
1545,1312,18,18
1312,1545,18,18
1545,1312,18,18
1312,1545,18,18
1304,768,18,18
1545,1312,18,18
1576,1545,18,18
1545,1576,18,18
1312,1545,18,18
768,163,18,18
1545,1576,18,18
1545,1312,18,18
1576,1665,18,18
975,1189,18,18
970,502,18,18
495,1113,18,18
1312,1545,18,18
1545,1312,18,18
1576,389,18,18
1545,1312,18,18
1312,1545,18,18
1312,1545,18,18
1365,810,18,18
1187,831,18,18
1545,1312,18,18
1667,53,18,18
1365,1013,18,18
1158,1255,18,18
163,768,18,18
1312,1545,18,18
249,1244,18,18
53,1667,18,18
1545,1312,18,18
821,1647,18,18
337,1648,18,18
249,44,18,18
1312,1545,18,18
1545,1312,18,18
1312,1545,18,18
1545,1312,18,18
1545,1312,18,18
1545,1312,18,18
249,1665,18,18
1285,975,18,18
249,1312,18,18
1312,1545,18,18
598,1070,18,18
768,163,18,18
1312,249,18,18
1545,1312,18,18
249,1312,18,18
1312,1545,18,18
1545,1312,18,18
1312,249,18,18
1312,1545,18,18
393,1601,18,18
612,128,18,18
1545,1312,18,18
1312,1545,18,18
502,970,18,18
372,1624,18,18
1667,53,18,18
1545,1312,18,18
1312,1545,18,18
249,1312,18,18
1545,1312,18,18
686,768,18,18
1312,1545,18,18
686,1270,18,18
975,1285,18,18
810,1365,18,18
831,1187,18,18
1665,41,18,18
1343,1359,18,18
442,1565,18,18
27,1158,18,18
1343,281,18,18
1343,283,18,18
1158,27,18,18
176,1665,18,18
1648,337,18,18
9,1647,18,18
9,1545,18,18
878,1647,18,18
180,182,18,18
1101,713,18,18
620,27,18,18
1253,1013,18,18
468,1647,18,18
1253,1343,18,18
1636,1601,18,18
249,967,18,18
1545,9,18,18
1029,1472,18,18
1340,1029,18,18
1029,1340,18,18
1340,1029,18,18
1326,1029,18,18
1585,1582,18,18
1029,1326,18,18
1326,1029,18,18
1313,9,18,18
1668,809,18,18
1608,1647,18,18
41,523,18,18
41,1665,18,18
41,1029,18,18
32,815,18,18
32,1665,18,18
1013,1365,18,18
1013,1253,18,18
67,1665,18,18
809,361,18,18
809,1406,18,18
809,1668,18,18
361,809,18,18
809,795,18,18
9,1545,18,18
9,1313,18,18
9,617,18,18
9,1313,18,18
9,1196,18,18
1253,1013,18,18
1,161,18,18
1,3,18,18
1561,249,18,18
281,1343,18,18
1669,1670,18,18
1561,42,18,18
1670,1669,18,18
1669,1670,18,18
249,1561,18,18
249,1561,18,18
1039,1316,18,18
53,1667,18,18
1624,372,18,18
615,1668,18,18
538,1671,18,18
1382,710,18,18
431,617,18,18
27,1158,18,18
1314,1346,18,18
27,620,18,18
1013,1253,18,18
53,1657,18,18
1253,1013,18,18
1667,53,18,18
1072,1158,18,18
1013,1253,18,18
1647,821,18,18
1647,878,18,18
1647,9,18,18
1647,1608,18,18
1255,1158,18,18
1387,12,18,18
1255,447,18,18
1387,1313,18,18
1387,1344,18,18
543,1189,18,18
318,67,18,18
1639,777,18,18
1344,1387,18,18
318,1285,18,18
1387,1344,18,18
1423,1158,18,18
1387,1313,18,18
504,1339,18,18
950,1665,18,18
1568,1113,18,18
710,1283,18,18
778,1029,18,18
1668,615,18,18
518,298,18,18
9,1647,18,18
615,1668,18,18
193,1647,18,18
509,1665,18,18
509,1026,18,18
1672,437,18,18
509,1255,18,18
768,686,18,18
1029,41,18,18
1029,778,18,18
1029,1489,18,18
1255,509,18,18
812,708,18,18
308,1601,18,18
1187,831,18,18
53,1667,18,18
72,42,18,18
1667,53,18,18
1667,53,18,18
1153,128,18,18
1657,53,18,18
161,1,18,18
53,1667,18,18
1070,598,18,18
53,1667,18,18
53,1657,18,18
42,72,18,18
1608,1647,18,18
1667,53,18,18
1657,53,18,18
53,1657,18,18
53,1667,18,18
361,1417,18,18
970,617,18,18
970,502,18,18
970,1641,18,18
1406,809,18,18
1013,1253,18,18
1,161,18,18
1158,1255,18,18
109,681,18,18
1158,1072,18,18
1158,1423,18,18
1158,1072,18,18
1072,1158,18,18
1072,1158,18,18
686,621,18,18
1158,1072,18,18
1158,1072,18,18
249,318,18,18
1436,421,18,18
249,1343,18,18
1158,1072,18,18
249,1648,18,18
1543,475,18,18
1285,318,18,18
249,1074,18,18
1487,1226,18,18
1253,1013,18,18
1487,161,18,18
1346,1314,18,18
1072,1158,18,18
1487,1673,18,18
1673,1487,18,18
1487,1673,18,18
1255,1158,18,18
482,1674,18,18
1255,1359,18,18
1189,620,18,18
1158,1072,18,18
1158,1255,18,18
1158,1255,18,18
809,1406,18,18
1675,582,18,18
1013,1253,18,18
447,1255,18,18
1031,42,18,18
711,644,18,18
644,711,18,18
1668,615,18,18
53,1667,18,18
711,644,18,18
1327,711,18,18
1488,518,18,18
101,176,18,18
1339,504,18,18
617,970,18,18
1641,970,18,18
617,1332,18,18
617,431,18,18
1667,53,18,18
617,970,18,18
711,1327,18,18
1641,970,18,18
617,644,18,18
1327,711,18,18
617,1667,18,18
1253,1013,18,18
708,812,18,18
768,1304,18,18
686,1676,18,18
495,741,18,18
282,66,18,18
1667,617,18,18
1231,1667,18,18
245,1283,18,18
1313,1387,18,18
1313,1387,18,18
1667,1231,18,18
644,617,18,18
353,298,18,18
1642,822,18,18
1313,9,18,18
353,194,18,18
161,1,18,18
161,1487,18,18
44,249,18,18
12,1387,18,18
1231,1667,18,18
12,1312,18,18
1,3,18,18
1,3,18,18
1313,9,18,18
509,1255,18,18
1136,781,18,18
1668,1379,18,18
1136,234,18,18
234,1136,18,18
617,1667,18,18
1343,1253,18,18
1343,281,18,18
1343,249,18,18
1302,338,18,18
1290,1677,18,18
1314,1346,18,18
57,1616,18,18
518,1488,18,18
1304,768,18,18
1545,9,18,18
1489,1029,18,18
1406,809,18,18
1668,454,18,18
621,686,18,18
1270,831,18,18
1270,686,18,18
518,1488,18,18
777,1639,18,18
644,1616,18,18
1130,34,18,18
1130,19,18,18
161,1673,18,18
1383,1542,18,18
393,263,18,18
393,1190,18,18
768,886,18,18
234,1616,18,18
1312,12,18,18
1542,1383,18,18
686,621,18,18
686,1270,18,18
1667,617,18,18
1270,686,18,18
12,1312,18,18
686,1270,18,18
234,1312,18,18
1312,12,18,18
234,1312,18,18
1312,234,18,18
12,1312,18,18
1312,12,18,18
34,1130,18,18
12,1312,18,18
234,1312,18,18
281,1343,18,18
1312,234,18,18
12,1312,18,18
1052,1648,18,18
1312,12,18,18
1312,12,18,18
12,1312,18,18
1052,1136,18,18
12,1312,18,18
1312,12,18,18
598,1474,18,18
12,1312,18,18
234,1312,18,18
1312,12,18,18
1312,234,18,18
12,1312,18,18
234,1312,18,18
1312,12,18,18
12,1312,18,18
1312,12,18,18
12,1312,18,18
1312,12,18,18
12,1312,18,18
1312,12,18,18
12,1312,18,18
1312,12,18,18
9,1313,18,18
12,1312,18,18
679,72,18,18
1379,1668,18,18
72,679,18,18
1312,12,18,18
234,1312,18,18
1312,234,18,18
342,544,18,18
12,1312,18,18
1526,1130,18,18
1312,12,18,18
523,1269,18,18
12,1312,18,18
234,1312,18,18
1312,12,18,18
12,1312,18,18
1312,234,18,18
1312,234,18,18
234,1312,18,18
1312,234,18,18
234,1312,18,18
582,1675,18,18
12,1312,18,18
281,708,18,18
1316,72,18,18
1312,12,18,18
12,1312,18,18
234,1312,18,18
679,72,18,18
1312,234,18,18
1312,12,18,18
234,1312,18,18
72,679,18,18
12,1312,18,18
1312,234,18,18
679,72,18,18
234,1312,18,18
1312,12,18,18
1312,234,18,18
12,1312,18,18
72,679,18,18
1312,12,18,18
781,1136,18,18
12,1312,18,18
12,1312,18,18
1312,12,18,18
12,1312,18,18
1332,617,18,18
1312,12,18,18
1312,12,18,18
12,1312,18,18
1312,12,18,18
12,1312,18,18
1312,12,18,18
12,1312,18,18
1312,12,18,18
12,1312,18,18
1312,12,18,18
1312,12,18,18
12,1312,18,18
1312,12,18,18
1644,812,18,18
1312,12,18,18
1644,67,18,18
809,1406,18,18
72,679,18,18
12,1312,18,18
809,1379,18,18
1343,281,18,18
357,1644,18,18
281,1343,18,18
357,1343,18,18
1648,249,18,18
1644,357,18,18
357,1616,18,18
357,1644,18,18
1602,59,18,18
1472,949,18,18
1648,1052,18,18
777,537,18,18
1644,357,18,18
357,1644,18,18
1586,1557,18,18
1248,768,18,18
338,1302,18,18
19,1130,18,18
1487,42,18,18
812,1644,18,18
19,1130,18,18
1602,1678,18,18
1679,1565,18,18
1623,711,18,18
1679,1565,18,18
1679,1565,18,18
1679,1565,18,18
1679,1565,18,18
1565,1679,18,18
249,44,18,18
1565,1679,18,18
249,1648,18,18
1679,1565,18,18
176,1565,18,18
1346,1314,18,18
1679,569,18,18
1676,686,18,18
1158,1072,18,18
686,1676,18,18
768,1248,18,18
1580,1545,18,18
32,1312,18,18
569,1679,18,18
1565,176,18,18
1312,32,18,18
176,1565,18,18
1644,812,18,18
1676,686,18,18
1580,1676,18,18
1676,1580,18,18
1565,176,18,18
176,1565,18,18
1676,1580,18,18
1565,1679,18,18
1565,176,18,18
1644,1623,18,18
1580,1577,18,18
1676,1580,18,18
1580,1676,18,18
1580,1676,18,18
1580,1676,18,18
1580,155,18,18
1679,569,18,18
1676,1580,18,18
1343,281,18,18
1314,1346,18,18
1676,1580,18,18
302,403,18,18
1343,357,18,18
1580,1676,18,18
1029,1489,18,18
1256,1680,18,18
1676,1580,18,18
1580,1676,18,18
1580,1676,18,18
1676,1580,18,18
569,1679,18,18
1679,1565,18,18
1676,1580,18,18
679,72,18,18
679,72,18,18
372,1343,18,18
1580,1676,18,18
1580,1676,18,18
1676,1580,18,18
800,1256,18,18
1676,1580,18,18
1565,1679,18,18
1343,372,18,18
1676,1580,18,18
1648,249,18,18
1580,1676,18,18
1676,1580,18,18
1256,800,18,18
621,686,18,18
1580,1676,18,18
1580,1676,18,18
1676,1580,18,18
1676,1580,18,18
1676,1580,18,18
1580,1522,18,18
431,617,18,18
1580,1676,18,18
249,1648,18,18
1676,1580,18,18
621,1526,18,18
249,1580,18,18
1580,1676,18,18
1580,249,18,18
621,1647,18,18
1676,1580,18,18
1072,1158,18,18
1158,1072,18,18
1580,1676,18,18
1072,1158,18,18
1545,1580,18,18
1647,9,18,18
1580,1545,18,18
1676,1580,18,18
1158,1072,18,18
1647,193,18,18
1647,1608,18,18
1580,1554,18,18
621,824,18,18
1647,621,18,18
9,1647,18,18
67,1072,18,18
1355,1033,18,18
1648,249,18,18
1072,1158,18,18
1580,1676,18,18
1158,1072,18,18
1355,1183,18,18
1647,9,18,18
1072,1158,18,18
1355,42,18,18
1158,1072,18,18
1072,1158,18,18
1676,1580,18,18
1158,1072,18,18
1580,1676,18,18
621,1647,18,18
621,768,18,18
1158,1072,18,18
1580,1586,18,18
1580,1283,18,18
1283,1580,18,18
1580,1283,18,18
1580,9,18,18
687,1681,18,18
372,1343,18,18
768,1616,18,18
372,713,18,18
1039,1316,18,18
1158,1072,18,18
1679,569,18,18
372,1493,18,18
372,1580,18,18
1580,518,18,18
1072,1158,18,18
1580,372,18,18
569,1679,18,18
1580,372,18,18
1283,1580,18,18
1580,1283,18,18
1679,1565,18,18
768,824,18,18
372,1580,18,18
1580,372,18,18
298,353,18,18
9,1580,18,18
372,1580,18,18
281,1343,18,18
1500,144,18,18
1580,372,18,18
1580,9,18,18
372,1580,18,18
1679,569,18,18
9,1580,18,18
1565,1679,18,18
249,1580,18,18
1580,9,18,18
1580,249,18,18
1565,176,18,18
9,1580,18,18
1580,9,18,18
9,1580,18,18
1580,9,18,18
1580,9,18,18
249,1580,18,18
9,1580,18,18
1580,1508,18,18
569,1679,18,18
1072,1158,18,18
1580,249,18,18
1554,1580,18,18
1231,234,18,18
176,1565,18,18
1580,9,18,18
249,1580,18,18
9,1580,18,18
1158,1072,18,18
1565,176,18,18
1580,1554,18,18
970,617,18,18
1580,249,18,18
1158,1072,18,18
1026,509,18,18
970,617,18,18
1580,9,18,18
176,1565,18,18
970,1641,18,18
249,1580,18,18
1072,1158,18,18
1379,809,18,18
1580,249,18,18
249,1580,18,18
1554,1580,18,18
1158,1072,18,18
831,1270,18,18
1580,249,18,18
1072,1158,18,18
1580,1554,18,18
1565,176,18,18
249,1580,18,18
1158,1072,18,18
1343,281,18,18
176,1565,18,18
1554,1580,18,18
1679,569,18,18
1158,1072,18,18
353,298,18,18
249,654,18,18
569,1679,18,18
1565,176,18,18
1679,1565,18,18
1554,1468,18,18
1554,1468,18,18
1554,1468,18,18
1565,1679,18,18
1565,176,18,18
176,1565,18,18
155,1580,18,18
1565,176,18,18
1406,1343,18,18
1679,569,18,18
176,1565,18,18
1343,1406,18,18
1406,1343,18,18
1565,176,18,18
569,1679,18,18
176,1565,18,18
298,353,18,18
1568,332,18,18
1343,1406,18,18
1406,1343,18,18
1406,1343,18,18
1679,569,18,18
1343,1406,18,18
1343,1406,18,18
1406,1343,18,18
1270,831,18,18
809,1379,18,18
372,482,18,18
482,372,18,18
193,1647,18,18
372,482,18,18
482,372,18,18
1379,809,18,18
809,1379,18,18
1675,582,18,18
1675,1075,18,18
1565,176,18,18
372,809,18,18
176,1565,18,18
372,482,18,18
516,1281,18,18
1565,176,18,18
176,1565,18,18
778,277,18,18
1565,176,18,18
176,1565,18,18
582,1675,18,18
809,372,18,18
1379,809,18,18
176,1565,18,18
1093,1624,18,18
1565,176,18,18
176,1565,18,18
1565,176,18,18
176,1565,18,18
1565,176,18,18
176,1565,18,18
1565,176,18,18
176,1565,18,18
1565,176,18,18
1255,509,18,18
620,27,18,18
620,654,18,18
144,1500,18,18
281,1343,18,18
281,1580,18,18
713,372,19,19
1313,1403,19,19
1313,9,19,19
32,1682,19,19
32,1683,19,19
32,1580,19,19
32,1642,19,19
176,1565,19,19
1608,1647,19,19
41,1029,19,19
1343,281,19,19
281,1343,19,19
1113,1343,19,19
536,193,19,19
1343,281,19,19
1343,1113,19,19
1281,516,19,19
1677,1585,19,19
1677,1290,19,19
1113,1343,19,19
1313,507,19,19
281,1343,19,19
1647,621,19,19
1647,193,19,19
1647,1608,19,19
1253,1343,19,19
322,1021,19,19
1676,1580,19,19
537,777,19,19
1667,1684,19,19
1624,1093,19,19
777,537,19,19
779,1308,19,19
1346,1314,19,19
1314,1346,19,19
1332,495,19,19
1253,1272,19,19
1443,547,19,19
667,1130,19,19
277,778,19,19
537,777,19,19
1562,1342,19,19
1673,161,19,19
1522,1580,19,19
1359,1255,19,19
337,317,19,19
1487,42,19,19
1308,779,19,19
1652,1514,19,19
615,616,19,19
1021,322,19,19
367,337,19,19
516,453,19,19
544,342,19,19
708,281,19,19
620,679,19,19
605,620,19,19
250,713,19,19
250,1665,19,19
679,620,19,19
474,1679,19,19
1608,1647,19,19
1608,799,19,19
1254,1234,19,19
799,1608,19,19
1608,799,19,19
1231,1667,19,19
799,1608,19,19
1608,799,19,19
1255,1359,19,19
1500,144,19,19
250,1255,19,19
250,1255,19,19
700,822,19,19
249,1021,19,19
620,679,19,19
679,620,19,19
621,1647,19,19
1255,1231,19,19
1231,1255,19,19
1255,1231,19,19
1253,1685,19,19
1253,1685,19,19
1383,1542,19,19
193,1647,19,19
1021,249,19,19
1545,1580,19,19
620,679,19,19
1545,1580,19,19
620,605,19,19
193,536,19,19
768,72,19,19
768,924,19,19
454,1668,19,19
32,1021,19,19
536,193,19,19
1021,32,19,19
392,72,19,19
1601,1383,19,19
1624,337,19,19
1343,1113,19,19
1383,1601,19,19
1343,281,19,19
1542,1383,19,19
1383,1542,19,19
1343,1253,19,19
1601,1383,19,19
1343,1406,19,19
322,1021,19,19
706,800,19,19
1383,1601,19,19
1601,1383,19,19
1383,1601,19,19
1601,1383,19,19
777,537,19,19
727,475,19,19
393,346,19,19
193,536,19,19
1601,862,19,19
193,1343,19,19
276,1343,19,19
1686,393,19,19
687,277,19,19
536,193,19,19
1343,193,19,19
193,1343,19,19
1343,276,19,19
1343,193,19,19
481,1648,19,19
193,1343,19,19
1343,193,19,19
172,840,19,19
172,495,19,19
1520,919,19,19
172,1603,19,19
1520,912,19,19
337,367,19,19
1520,1513,19,19
337,1624,19,19
1520,716,19,19
193,1343,19,19
884,713,19,19
799,1475,19,19
1314,1346,19,19
1522,537,19,19
1346,1314,19,19
728,1573,19,19
1189,1489,19,19
1189,128,19,19
878,1189,19,19
1189,878,19,19
1189,543,19,19
1189,1665,19,19
1189,1554,19,19
1447,1500,19,19
249,1021,19,19
933,1687,19,19
1514,919,19,19
1021,322,19,19
1021,249,19,19
128,1189,19,19
1688,1005,19,19
1688,389,19,19
1688,1189,19,19
1,3,19,19
1688,277,19,19
1253,272,19,19
1253,1688,19,19
1253,50,19,19
1676,1580,19,19
1253,1408,19,19
1029,41,19,19
1029,1237,19,19
276,1343,19,19
1686,220,19,19
1554,1189,19,19
462,1646,19,19
462,1638,19,19
1646,462,19,19
249,1021,19,19
713,884,19,19
1373,713,19,19
713,1326,19,19
713,1158,19,19
779,1308,19,19
249,547,19,19
1668,454,19,19
342,544,19,19
1586,1580,19,19
1189,128,19,19
1189,1688,19,19
1314,1346,19,19
1387,12,19,19
1387,1313,19,19
1387,1313,19,19
1474,598,19,19
1387,1313,19,19
1474,598,19,19
1189,1282,19,19
42,1161,19,19
1282,1189,19,19
42,1689,19,19
1158,713,19,19
42,1487,19,19
1638,462,19,19
1158,1423,19,19
606,1362,19,19
606,128,19,19
1408,1253,19,19
1648,481,19,19
1608,799,19,19
1196,9,19,19
41,1029,19,19
281,708,19,19
799,1608,19,19
1608,799,19,19
547,1443,19,19
1021,249,19,19
32,1689,19,19
1013,398,19,19
1365,810,19,19
42,1690,19,19
1690,42,19,19
1681,41,19,19
454,1668,19,19
1362,606,19,19
41,1681,19,19
42,1691,19,19
799,1608,19,19
1690,1344,19,19
1344,1690,19,19
1690,1344,19,19
919,1514,19,19
919,1520,19,19
474,1339,19,19
1344,1690,19,19
1344,1690,19,19
1690,1344,19,19
1316,1039,19,19
1253,1408,19,19
389,1688,19,19
234,1231,19,19
919,1598,19,19
234,53,19,19
812,1644,19,19
1190,393,19,19
713,1373,19,19
713,1158,19,19
713,41,19,19
257,135,19,19
1189,1282,19,19
1189,523,19,19
1657,300,19,19
9,1580,19,19
9,1313,19,19
191,1060,19,19
1402,1185,19,19
393,1190,19,19
1402,1619,19,19
1402,1539,19,19
1402,1539,19,19
1402,1681,19,19
249,1692,19,19
708,281,19,19
1029,41,19,19
176,1565,19,19
1272,1253,19,19
1403,1313,19,19
1253,1272,19,19
1272,1253,19,19
281,708,19,19
1248,131,19,19
199,63,19,19
199,63,19,19
1237,1029,19,19
1413,199,19,19
317,307,19,19
429,1568,19,19
1680,1256,19,19
474,520,19,19
859,547,19,19
949,1472,19,19
199,1255,19,19
547,859,19,19
1312,1344,19,19
871,592,19,19
41,1029,19,19
1326,713,19,19
1326,713,19,19
1029,1237,19,19
1029,41,19,19
1255,199,19,19
1189,429,19,19
249,194,19,19
249,621,19,19
468,1585,19,19
708,281,19,19
810,1365,19,19
41,1029,19,19
249,1255,19,19
1158,1072,19,19
1158,713,19,19
1158,542,19,19
52,1237,19,19
143,201,19,19
544,342,19,19
52,1185,19,19
1332,520,19,19
53,234,19,19
1313,1387,19,19
1313,1387,19,19
281,708,19,19
1313,1403,19,19
1313,9,19,19
1623,1644,19,19
1623,1644,19,19
1383,1636,19,19
1383,1636,19,19
1344,1312,19,19
621,249,19,19
1312,1344,19,19
1387,1313,19,19
1387,1313,19,19
41,919,19,19
474,400,19,19
1111,393,19,19
593,1619,19,19
1648,719,19,19
1313,1387,19,19
701,858,19,19
1313,1387,19,19
9,1313,19,19
1346,1314,19,19
1313,9,19,19
1029,41,19,19
9,1313,19,19
41,1029,19,19
199,1255,19,19
199,1413,19,19
199,1582,19,19
440,1384,19,19
440,1384,19,19
440,1384,19,19
440,1384,19,19
440,1384,19,19
620,701,19,19
768,1280,19,19
768,593,19,19
1373,713,19,19
161,1673,19,19
713,1326,19,19
713,1326,19,19
1373,621,19,19
713,1373,19,19
1644,1623,19,19
1373,713,19,19
249,621,19,19
1644,949,19,19
1648,949,19,19
249,1504,19,19
779,128,19,19
1555,400,19,19
779,744,19,19
1555,257,19,19
249,1648,19,19
1623,1644,19,19
393,1111,19,19
1540,376,19,19
1282,1189,19,19
1060,199,19,19
429,1189,19,19
1060,1187,19,19
1060,191,19,19
394,429,19,19
429,394,19,19
621,1373,19,19
1540,47,19,19
621,249,19,19
1647,1608,19,19
1647,621,19,19
277,687,19,19
277,1688,19,19
249,621,19,19
1647,193,19,19
621,1647,19,19
1189,1282,19,19
621,249,19,19
1189,429,19,19
1647,621,19,19
621,1647,19,19
84,1647,19,19
1647,621,19,19
1647,84,19,19
1647,84,19,19
1647,498,19,19
1280,768,19,19
878,1647,19,19
84,1647,19,19
1668,454,19,19
1190,393,19,19
249,621,19,19
1190,62,19,19
249,1540,19,19
1190,393,19,19
220,1686,19,19
768,1280,19,19
193,1647,19,19
84,451,19,19
84,451,19,19
84,451,19,19
84,1211,19,19
84,1211,19,19
361,638,19,19
393,1190,19,19
1072,1158,19,19
84,901,19,19
84,523,19,19
249,44,19,19
686,1676,19,19
686,621,19,19
242,429,19,19
495,1332,19,19
495,172,19,19
1520,919,19,19
1485,1367,19,19
621,1647,19,19
878,1426,19,19
474,242,19,19
454,1668,19,19
1403,1313,19,19
518,1580,19,19
1513,1520,19,19
242,474,19,19
1158,1072,19,19
1255,249,19,19
1565,176,19,19
249,1255,19,19
42,1255,19,19
1255,42,19,19
42,1255,19,19
919,1520,19,19
1255,42,19,19
1136,234,19,19
42,1255,19,19
1136,781,19,19
1136,1052,19,19
189,1641,19,19
1668,454,19,19
189,708,19,19
357,1426,19,19
1136,41,19,19
679,1281,19,19
429,1189,19,19
679,1281,19,19
429,242,19,19
1493,372,19,19
357,1554,19,19
1189,429,19,19
1281,679,19,19
1554,357,19,19
679,1281,19,19
429,1289,19,19
357,1554,19,19
1554,357,19,19
357,1554,19,19
357,135,19,19
357,429,19,19
1554,357,19,19
357,1554,19,19
281,1281,19,19
357,1554,19,19
1668,912,19,19
912,1668,19,19
1554,357,19,19
1554,357,19,19
357,1554,19,19
357,973,19,19
1554,357,19,19
706,1383,19,19
357,1554,19,19
357,1554,19,19
973,357,19,19
1554,357,19,19
1554,357,19,19
357,973,19,19
357,1554,19,19
176,1565,19,19
973,357,19,19
41,1136,19,19
357,1554,19,19
1554,357,19,19
1554,357,19,19
357,1546,19,19
357,1554,19,19
544,797,19,19
357,1015,19,19
1554,357,19,19
357,475,19,19
357,1554,19,19
1554,357,19,19
708,281,19,19
708,189,19,19
357,1554,19,19
357,708,19,19
1290,1677,19,19
1383,706,19,19
281,708,19,19
338,475,19,19
1554,357,19,19
1312,1013,19,19
257,1555,19,19
398,1013,19,19
234,1136,19,19
398,337,19,19
234,1312,19,19
1312,234,19,19
104,713,19,19
1540,249,19,19
1676,686,19,19
1540,372,19,19
234,1312,19,19
1540,714,19,19
686,1676,19,19
1312,234,19,19
1676,686,19,19
234,1312,19,19
1269,523,19,19
475,357,19,19
415,997,19,19
1657,1316,19,19
1316,1657,19,19
1657,1316,19,19
1657,1641,19,19
686,1676,19,19
41,1554,19,19
1676,686,19,19
799,1475,19,19
686,1676,19,19
128,1189,19,19
1013,1312,19,19
1676,686,19,19
128,779,19,19
1013,398,19,19
1540,440,19,19
1554,41,19,19
440,1540,19,19
1676,686,19,19
1676,686,19,19
1540,440,19,19
1546,193,19,19
949,1644,19,19
949,1648,19,19
1346,48,19,19
1280,768,19,19
1522,1616,19,19
781,1136,19,19
1185,52,19,19
415,841,19,19
1540,1283,19,19
321,392,19,19
1438,639,19,19
779,128,19,19
272,1253,19,19
1248,1676,19,19
41,1554,19,19
469,463,19,19
48,1346,19,19
48,1624,19,19
1624,48,19,19
48,1624,19,19
48,1248,19,19
1624,48,19,19
234,309,19,19
234,708,19,19
234,708,19,19
234,708,19,19
1029,41,19,19
1185,528,19,19
1227,1039,19,19
462,1638,19,19
462,713,19,19
797,544,19,19
542,1158,19,19
357,1363,19,19
1248,48,19,19
1136,41,19,19
249,1540,19,19
1136,234,19,19
1136,781,19,19
1608,1647,19,19
1434,1669,19,19
1434,174,19,19
144,1500,19,19
1434,1601,19,19
193,1546,19,19
768,1280,19,19
398,1013,19,19
1502,1693,19,19
249,1568,19,19
1231,1254,19,19
1039,1227,19,19
1039,1598,19,19
1408,1253,19,19
1231,1667,19,19
1039,1632,19,19
1039,342,19,19
337,398,19,19
1573,728,19,19
1013,398,19,19
768,801,19,19
367,1540,19,19
249,1130,19,19
1413,1668,19,19
1413,1668,19,19
523,1269,19,19
1413,800,19,19
53,1585,19,19
708,281,19,19
1346,48,19,19
1312,1013,19,19
1546,193,19,19
1253,272,19,19
1346,1314,19,19
1314,1346,19,19
1314,1346,19,19
883,278,19,19
1346,1314,19,19
161,162,19,19
1346,1314,19,19
781,1136,19,19
1601,1666,19,19
162,161,19,19
1669,1434,19,19
400,1555,19,19
41,1136,19,19
400,1681,19,19
41,1029,19,19
400,474,19,19
249,44,19,19
400,1255,19,19
3,36,19,19
3,44,19,19
1508,1580,19,19
454,1668,19,19
281,708,19,19
1644,949,19,19
400,601,19,19
1644,1304,19,19
1190,393,19,19
1304,1644,19,19
1644,1304,19,19
1304,1644,19,19
768,408,19,19
32,1692,19,19
768,1280,19,19
398,337,19,19
1255,400,19,19
398,1013,19,19
27,620,19,19
1255,1694,19,19
176,1565,19,19
1668,454,19,19
393,1190,19,19
278,883,19,19
249,1304,19,19
1304,249,19,19
249,1304,19,19
1304,249,19,19
249,1304,19,19
249,1304,19,19
1281,281,19,19
1281,679,19,19
249,96,19,19
41,1423,19,19
1516,393,19,19
281,1281,19,19
249,502,19,19
1644,1304,19,19
537,777,19,19
249,598,19,19
1520,1513,19,19
249,919,19,19
1520,919,19,19
53,1667,19,19
361,1026,19,19
474,400,19,19
1540,367,19,19
1283,1540,19,19
1540,249,19,19
1540,1283,19,19
249,1540,19,19
249,1181,19,19
1227,1039,19,19
1270,710,19,19
1540,249,19,19
537,1522,19,19
1623,711,19,19
309,234,19,19
1270,537,19,19
537,1270,19,19
537,1228,19,19
1540,50,19,19
711,1623,19,19
1667,53,19,19
1228,537,19,19
249,1540,19,19
1228,537,19,19
537,1228,19,19
537,1228,19,19
1540,249,19,19
249,1540,19,19
1585,1413,19,19
1540,249,19,19
1413,1585,19,19
919,249,19,19
1540,810,19,19
249,1540,19,19
1585,1568,19,19
234,1136,19,19
1568,249,19,19
801,768,19,19
1540,249,19,19
1568,1255,19,19
249,1568,19,19
679,1281,19,19
249,1540,19,19
1540,249,19,19
1568,249,19,19
1568,1585,19,19
1368,1585,19,19
1568,1585,19,19
249,1568,19,19
249,1540,19,19
1568,249,19,19
249,1568,19,19
249,1568,19,19
1332,495,19,19
1568,249,19,19
1585,1368,19,19
249,1568,19,19
53,1667,19,19
249,1402,19,19
50,1540,19,19
234,309,19,19
495,1332,19,19
1540,50,19,19
1540,1695,19,19
361,1402,19,19
361,1402,19,19
361,1402,19,19
361,1402,19,19
546,1644,19,19
1540,856,19,19
361,1056,19,19
361,1056,19,19
1540,518,19,19
361,1056,19,19
297,337,19,19
361,913,19,19
361,460,19,19
1270,537,19,19
249,474,19,19
1255,1568,19,19
361,788,19,19
1281,281,19,19
1281,679,19,19
361,311,19,19
361,773,19,19
1283,1540,19,19
1283,593,19,19
1568,1255,19,19
822,700,19,19
1540,1283,19,19
1644,546,19,19
1623,711,19,19
509,1255,19,19
44,249,19,19
44,3,19,19
249,44,19,19
544,797,19,19
518,1540,19,19
1667,53,19,19
281,1281,19,19
810,1540,19,19
1601,1231,19,19
1619,593,19,19
1231,1601,19,19
1013,1696,19,19
12,1387,19,19
12,1121,19,19
249,928,19,19
1121,142,19,19
42,950,19,19
1121,797,19,19
1601,1231,19,19
36,3,19,19
1601,1231,19,19
249,1619,19,19
1231,1601,19,19
1231,1601,19,19
249,734,19,19
1601,1690,19,19
1601,1690,19,19
1387,12,19,19
1,36,19,19
1387,1313,19,19
1,36,19,19
1255,1568,19,19
1255,509,19,19
1601,394,19,19
1281,281,19,19
1565,176,19,19
1619,1629,19,19
367,1540,19,19
1237,52,19,19
1237,1029,19,19
176,1565,19,19
53,1667,19,19
679,1281,19,19
1619,1402,19,19
1667,53,19,19
1619,249,19,19
193,144,19,19
474,249,19,19
474,1644,19,19
654,620,19,19
734,249,19,19
734,605,19,19
605,734,19,19
1423,41,19,19
454,1668,19,19
144,193,19,19
1667,734,19,19
1668,454,19,19
1667,605,19,19
1565,176,19,19
734,1667,19,19
1681,400,19,19
281,1281,19,19
1667,605,19,19
1667,734,19,19
176,1565,19,19
973,1697,19,19
193,144,19,19
734,1667,19,19
1667,734,19,19
734,1667,19,19
1667,734,19,19
1565,176,19,19
176,1565,19,19
1667,544,19,19
44,249,19,19
1335,1694,19,19
1565,176,19,19
176,1565,19,19
1690,1601,19,19
605,1667,19,19
708,281,19,19
546,1644,19,19
1690,1601,19,19
1359,1255,19,19
1359,1694,19,19
841,415,19,19
1285,1342,19,19
1667,605,19,19
605,1667,19,19
1667,605,19,19
1285,1217,19,19
281,708,19,19
1217,1285,19,19
1285,1217,19,19
617,1667,19,19
617,431,19,19
1667,617,19,19
302,1698,19,19
1079,1078,19,19
176,1565,19,19
617,1667,19,19
1624,1626,19,19
3,44,19,19
3,36,19,19
1285,176,19,19
1079,1078,19,19
176,1285,19,19
1285,544,19,19
1667,617,19,19
549,325,19,19
1285,176,19,19
176,1285,19,19
546,544,19,19
1565,176,19,19
249,1619,19,19
249,734,19,19
176,1565,19,19
249,44,19,19
1285,617,19,19
214,1598,19,19
1136,781,19,19
1136,41,19,19
617,1285,19,19
1136,234,19,19
617,1667,19,19
1285,617,19,19
415,841,19,19
1285,1565,19,19
617,1285,19,19
1285,389,19,19
1413,549,19,19
249,389,19,19
389,1285,19,19
389,249,19,19
1667,617,19,19
249,389,19,19
389,249,19,19
1667,447,19,19
249,447,19,19
389,361,19,19
249,389,19,19
1285,52,19,19
1285,389,19,19
1285,1365,19,19
298,518,19,19
1365,810,19,19
1365,1285,19,19
1326,713,19,19
1285,27,19,19
1313,1387,19,19
1285,1365,19,19
1520,716,19,19
1520,716,19,19
1285,1021,19,19
12,1387,19,19
1413,389,19,19
544,1285,19,19
27,1285,19,19
1285,1313,19,19
389,1413,19,19
1285,544,19,19
1255,1359,19,19
544,1285,19,19
1285,27,19,19
1285,544,19,19
1644,474,19,19
1313,1285,19,19
1285,3,19,19
3,1285,19,19
544,1285,19,19
3,1285,19,19
1285,3,19,19
3,1285,19,19
1343,276,19,19
41,1423,19,19
41,1136,19,19
1285,1313,19,19
1285,544,19,19
1285,3,19,19
544,1285,19,19
234,1255,19,19
502,249,19,19
1285,544,19,19
1644,546,19,19
544,1285,19,19
1313,1285,19,19
1285,544,19,19
1255,234,19,19
1285,1313,19,19
544,1285,19,19
3,1285,19,19
1413,544,19,19
1313,1285,19,19
544,1413,19,19
1285,3,19,19
27,1285,19,19
766,252,19,19
1540,367,19,19
1285,1313,19,19
234,1255,19,19
598,303,19,19
1285,27,19,19
161,162,19,19
1343,193,19,19
118,193,19,19
193,1343,19,19
193,118,19,19
118,193,19,19
1255,234,19,19
1285,544,19,19
1313,1285,19,19
1343,193,19,19
160,598,19,19
193,1343,19,19
1522,537,19,19
878,766,19,19
1285,1313,19,19
1522,1580,19,19
605,617,19,19
1285,1313,19,19
361,389,19,19
1313,1285,19,19
234,1255,19,19
1601,1690,19,19
303,598,19,19
342,1039,19,19
1285,1313,19,19
1234,1254,19,19
1285,1313,19,19
281,1,19,19
1285,1413,19,19
249,502,19,19
36,1,19,19
1313,1285,19,19
36,3,19,19
3,36,19,19
174,1434,19,19
1252,1616,19,19
338,63,19,19
1343,193,19,19
886,768,19,19
1598,214,19,19
1598,1039,19,19
272,1253,19,19
1598,919,19,19
1598,1655,19,19
1598,1344,19,19
1598,1487,19,19
1598,1522,19,19
1598,1548,19,19
1565,1285,19,19
1598,768,19,19
620,27,19,19
1413,544,19,19
1598,27,19,19
1598,632,19,19
1598,1582,19,19
1598,429,19,19
1285,1565,19,19
174,1434,19,19
544,1413,19,19
389,361,19,19
1487,42,19,19
1487,1598,19,19
1413,544,19,19
447,249,19,19
447,1667,19,19
1690,1601,19,19
552,1413,19,19
447,1285,19,19
1280,768,19,19
1227,1039,19,19
193,1343,19,19
711,1623,19,19
1343,193,19,19
1487,679,19,19
193,1343,19,19
400,1255,19,19
1343,193,19,19
1413,552,19,19
193,1343,19,19
1413,552,19,19
1343,193,19,19
1667,447,19,19
193,1343,19,19
1343,193,19,19
400,1681,19,19
400,474,19,19
1072,1158,19,19
193,1343,19,19
1676,686,19,19
400,502,19,19
400,502,19,19
400,536,19,19
400,1343,19,19
193,394,19,19
1343,193,19,19
1343,400,19,19
768,1598,19,19
1033,1281,19,19
1033,1355,19,19
1285,447,19,19
193,1343,19,19
1343,193,19,19
810,1365,19,19
552,1413,19,19
60,1130,19,19
1269,523,19,19
400,1343,19,19
507,1313,19,19
1343,400,19,19
48,1346,19,19
1413,552,19,19
552,1413,19,19
1413,552,19,19
1657,144,19,19
1657,1565,19,19
552,1413,19,19
1281,1283,19,19
1158,1072,19,19
1305,1103,19,19
1189,1015,19,19
1281,281,19,19
325,549,19,19
687,277,19,19
687,1440,19,19
474,1644,19,19
474,400,19,19
42,995,19,19
42,474,19,19
474,42,19,19
42,474,19,19
42,1622,19,19
474,42,19,19
797,544,19,19
708,281,20,20
1440,687,20,20
544,797,20,20
193,1343,20,20
966,52,20,20
281,1281,20,20
509,1255,20,20
509,1603,20,20
249,447,20,20
249,1426,20,20
1675,201,20,20
447,1667,20,20
447,249,20,20
1548,1598,20,20
1,281,20,20
1,36,20,20
1,36,20,20
1,36,20,20
797,544,20,20
1,36,20,20
1,36,20,20
1667,447,20,20
1426,249,20,20
1426,1699,20,20
239,1328,20,20
1623,711,20,20
1426,1066,20,20
1629,1619,20,20
1,36,20,20
1356,1509,20,20
710,1270,20,20
1281,281,20,20
1356,135,20,20
950,42,20,20
431,617,20,20
281,1281,20,20
281,708,20,20
494,389,20,20
708,281,20,20
249,447,20,20
249,1629,20,20
199,544,20,20
1629,249,20,20
249,1629,20,20
1629,249,20,20
1493,1113,20,20
249,1629,20,20
1629,249,20,20
447,249,20,20
249,1629,20,20
249,447,20,20
447,249,20,20
1629,249,20,20
679,1487,20,20
1387,12,20,20
1387,1313,20,20
711,1623,20,20
503,605,20,20
1270,710,20,20
1365,1285,20,20
277,687,20,20
27,1285,20,20
768,1280,20,20
1365,810,20,20
12,1387,20,20
27,620,20,20
1488,518,20,20
1644,474,20,20
1431,1676,20,20
1113,990,20,20
1647,878,20,20
990,1113,20,20
1647,193,20,20
1647,621,20,20
1647,1608,20,20
1647,9,20,20
1113,990,20,20
1694,1335,20,20
1694,1359,20,20
1647,1516,20,20
1694,1255,20,20
1647,32,20,20
389,494,20,20
193,1647,20,20
249,447,20,20
1647,193,20,20
1647,1113,20,20
1657,1647,20,20
990,1113,20,20
1657,1346,20,20
1540,193,20,20
544,797,20,20
1647,1440,20,20
593,1619,20,20
249,1647,20,20
1647,1657,20,20
1540,810,20,20
1647,249,20,20
193,1647,20,20
1540,810,20,20
1647,193,20,20
193,1540,20,20
593,1283,20,20
1540,193,20,20
1313,1387,20,20
249,1647,20,20
1440,1647,20,20
1565,1657,20,20
1113,1647,20,20
1647,249,20,20
1647,1113,20,20
1647,193,20,20
1113,1647,20,20
1540,1373,20,20
249,1647,20,20
447,249,20,20
1657,1565,20,20
281,708,20,20
193,1647,20,20
1255,234,20,20
1255,400,20,20
1255,509,20,20
1285,27,20,20
1285,1365,20,20
249,447,20,20
249,447,20,20
1647,1113,20,20
1647,249,20,20
1647,193,20,20
447,249,20,20
367,1540,20,20
1313,1403,20,20
617,431,20,20
1434,1669,20,20
1434,174,20,20
1434,174,20,20
249,1647,20,20
249,447,20,20
713,1326,20,20
713,462,20,20
447,249,20,20
52,1285,20,20
52,966,20,20
454,1668,20,20
249,447,20,20
1328,239,20,20
504,1339,20,20
621,1647,20,20
447,249,20,20
1598,400,20,20
1598,52,20,20
249,447,20,20
1598,357,20,20
708,281,20,20
447,249,20,20
1619,1629,20,20
1619,249,20,20
249,447,20,20
249,1619,20,20
1619,249,20,20
1619,249,20,20
800,1413,20,20
249,1619,20,20
249,1619,20,20
447,249,20,20
249,447,20,20
710,1270,20,20
447,249,20,20
281,708,20,20
249,447,20,20
447,249,20,20
249,447,20,20
686,1676,20,20
447,249,20,20
1619,802,20,20
1619,802,20,20
249,447,20,20
249,1359,20,20
447,249,20,20
249,1118,20,20
249,447,20,20
27,1285,20,20
393,1686,20,20
1468,1235,20,20
1468,1554,20,20
1113,1468,20,20
1113,815,20,20
1468,1113,20,20
36,3,20,20
36,1,20,20
768,1444,20,20
1113,1468,20,20
1280,768,20,20
708,281,20,20
174,1434,20,20
32,1647,20,20
1403,1313,20,20
281,708,20,20
615,598,20,20
357,1598,20,20
1285,52,20,20
1285,52,20,20
281,252,20,20
1285,27,20,20
9,1647,20,20
463,469,20,20
463,482,20,20
463,361,20,20
606,128,20,20
482,463,20,20
357,1624,20,20
1540,1168,20,20
357,809,20,20
809,357,20,20
357,809,20,20
357,1616,20,20
809,357,20,20
1623,711,20,20
357,809,20,20
357,1248,20,20
1616,812,20,20
357,53,20,20
357,1244,20,20
1616,1173,20,20
357,1217,20,20
1616,1601,20,20
1686,393,20,20
1168,1540,20,20
1281,281,20,20
1173,1616,20,20
1624,357,20,20
105,1648,20,20
281,1281,20,20
357,1624,20,20
1039,1227,20,20
1039,1598,20,20
1118,249,20,20
128,606,20,20
1616,1173,20,20
1616,768,20,20
1173,1616,20,20
1601,1616,20,20
1601,1616,20,20
1608,1647,20,20
1700,1362,20,20
1700,768,20,20
768,1616,20,20
768,1700,20,20
1700,768,20,20
768,1700,20,20
1700,768,20,20
53,357,20,20
307,317,20,20
361,389,20,20
361,463,20,20
973,1697,20,20
357,1701,20,20
209,1701,20,20
1185,607,20,20
300,1702,20,20
341,1056,20,20
341,1056,20,20
341,1056,20,20
546,1348,20,20
1183,1703,20,20
52,1701,20,20
337,1598,20,20
1704,1598,20,20
1328,239,20,20
783,1705,20,20
249,1598,20,20
400,1598,20,20
249,1706,20,20
9,1701,20,20
9,1706,20,20
9,1682,20,20
1543,1467,20,20
1551,1636,20,20
1520,449,20,20
840,1077,20,20
1393,1427,20,20
191,765,20,20
19,1645,20,20
19,1645,20,20
1468,1427,20,20
1468,1427,20,20
252,766,20,20
485,1421,21,21
309,1467,21,21
1343,1707,21,21
654,297,21,21
193,1412,21,21
1601,1412,21,21
234,1412,21,21
1601,1636,21,21
249,1708,21,21
249,1701,21,21
1142,1709,21,21
32,1710,21,21
810,1412,21,21
95,773,21,21
144,1557,21,21
799,1557,21,21
967,1557,21,21
1513,460,21,21
1513,460,21,21
799,733,21,21
3,1711,21,21
3,2,21,21
3,1501,21,21
3,754,21,21
536,733,22,22
1339,1296,22,22
124,802,22,22
1712,1466,22,22
959,958,22,22
1284,733,22,22
95,1385,22,22
95,1419,22,22
191,1421,22,22
1509,1566,22,22
1509,1566,22,22
1655,1598,22,22
1543,297,22,22
32,1655,22,22
1343,1071,22,22
1343,1071,22,22
95,707,22,22
95,607,22,22
878,1426,22,22
95,862,22,22
48,1655,22,22
1255,1071,23,23
225,1426,23,23
1713,1714,23,23
1713,1573,23,23
1406,1715,23,23
1332,311,23,23
32,311,23,23
621,824,23,23
644,311,23,23
1716,1308,23,23
147,1505,23,23
1716,69,23,23
361,311,23,23
809,1071,23,23
1717,192,23,23
249,1718,23,23
1717,1507,23,23
983,985,23,23
214,286,23,23
214,512,23,23
1716,1689,23,23
1716,1689,23,23
276,1683,23,23
124,1622,23,23
124,463,23,23
19,1715,23,23
32,1053,23,23
1013,1701,23,23
1489,1588,24,24
1500,144,24,24
1346,1314,24,24
429,1190,24,24
429,191,24,24
809,847,24,24
95,561,24,24
95,626,24,24
95,1118,24,24
361,1255,24,24
95,447,24,24
95,1578,24,24
1314,1346,24,24
1543,1715,24,24
1543,1715,24,24
1543,1719,24,24
561,95,24,24
1543,525,24,24
1543,502,24,24
1543,969,24,24
1408,1720,24,24
1543,852,24,24
1190,393,24,24
1431,431,24,24
1190,1111,24,24
1543,1280,24,24
1543,809,24,24
1543,1312,24,24
1543,1565,24,24
727,710,24,24
1190,393,24,24
1313,1285,24,24
538,361,24,24
191,429,24,24
1644,214,24,24
1644,124,24,24
312,1,24,24
847,809,24,24
393,1190,24,24
214,1644,24,24
969,1543,24,24
620,1644,24,24
32,1042,24,24
431,1431,24,24
1362,799,24,24
431,1295,24,24
799,1362,24,24
1295,431,24,24
1713,525,24,24
1713,525,24,24
1713,561,24,24
1713,1565,24,24
1713,1463,24,24
1463,1713,24,24
1713,1463,24,24
1463,1713,24,24
1713,1463,24,24
1463,1713,24,24
1713,1463,24,24
1463,308,24,24
342,1362,24,24
809,1543,24,24
1118,95,24,24
1713,809,24,24
1713,282,24,24
809,1713,24,24
1713,809,24,24
193,393,24,24
1713,70,24,24
70,1713,24,24
282,1713,24,24
1713,282,24,24
1,312,24,24
3,105,24,24
3,509,24,24
3,790,24,24
3,32,24,24
3,1154,24,24
3,1373,24,24
3,800,24,24
3,504,24,24
3,234,24,24
3,1288,24,24
3,155,24,24
3,824,24,24
3,1183,24,24
3,1208,24,24
3,611,24,24
3,778,24,24
3,641,24,24
1644,620,24,24
1644,214,24,24
1713,277,24,24
1713,282,24,24
1713,85,24,24
1713,1652,24,24
124,1644,24,24
447,95,24,24
634,852,24,24
1346,1314,24,24
1713,1346,24,24
67,1042,24,24
1346,1713,24,24
1346,1713,24,24
1111,1190,24,24
8,346,24,24
1393,1225,24,24
783,242,24,24
1285,1313,24,24
525,1713,24,24
277,1713,24,24
277,1688,24,24
639,1713,24,24
768,1280,24,24
1565,1543,24,24
1565,124,24,24
1565,1713,24,24
1231,1713,24,24
1231,1667,24,24
474,400,24,24
474,1339,24,24
474,249,24,24
242,783,24,24
783,242,24,24
1721,61,24,24
1688,1647,24,24
346,8,24,24
214,1644,24,24
1688,277,24,24
1522,1618,24,24
1522,537,24,24
1255,124,24,24
214,525,24,24
525,1543,24,24
525,214,24,24
214,525,24,24
525,214,24,24
214,525,24,24
1713,525,24,24
1713,1346,24,24
525,214,24,24
525,1713,24,24
214,525,24,24
1713,525,24,24
525,1713,24,24
1346,1713,24,24
1713,1346,24,24
1346,1713,24,24
525,214,24,24
1346,1314,24,24
1713,1346,24,24
1713,1346,24,24
537,1522,24,24
1644,214,24,24
1644,124,24,24
1346,1713,24,24
561,1713,24,24
711,642,24,24
1713,1231,24,24
1713,561,24,24
1713,378,24,24
1713,1346,24,24
1713,1231,24,24
1238,249,24,24
1554,1468,24,24
1713,1585,24,24
1585,1713,24,24
1627,1136,24,24
1713,1585,24,24
950,353,24,24
1713,1554,24,24
1554,1713,24,24
1713,1554,24,24
1554,1713,24,24
1713,1554,24,24
1713,652,24,24
1644,1329,24,24
1720,1408,24,24
1346,1713,24,24
249,474,24,24
727,822,24,24
1238,95,24,24
249,1238,24,24
642,711,24,24
1713,1346,24,24
1346,1713,24,24
1346,296,24,24
1713,1346,24,24
1346,1713,24,24
1713,1346,24,24
296,1346,24,24
1346,1713,24,24
353,950,24,24
353,1722,24,24
1346,296,24,24
1346,1713,24,24
1713,1346,24,24
1346,1688,24,24
1346,1713,24,24
1713,1346,24,24
1158,1072,24,24
1346,642,24,24
431,1295,24,24
431,1346,24,24
1688,1346,24,24
1346,431,24,24
1346,1688,24,24
1688,1346,24,24
8,346,24,24
652,1713,24,24
1346,1688,24,24
378,1713,24,24
1280,1543,24,24
1688,1346,24,24
1072,1158,24,24
1713,1072,24,24
950,353,24,24
1072,1713,24,24
1713,1072,24,24
1072,1713,24,24
1713,1072,24,24
1072,1713,24,24
1713,1072,24,24
1280,768,24,24
249,843,24,24
249,63,24,24
249,1136,24,24
249,1244,24,24
249,1565,24,24
652,598,24,24
482,454,24,24
263,308,24,24
809,847,24,24
1215,1713,24,24
711,642,24,24
711,547,24,24
547,711,24,24
711,547,24,24
547,711,24,24
711,547,24,24
547,711,24,24
711,547,24,24
1675,32,24,24
214,1644,24,24
454,482,24,24
1136,249,24,24
1543,1565,24,24
1543,1280,24,24
1543,525,24,24
277,1688,24,24
105,1281,24,24
1190,1723,24,24
1339,474,24,24
1314,1346,24,24
644,719,24,24
1713,1072,24,24
1713,525,24,24
1713,1624,24,24
67,32,24,24
1624,1713,24,24
525,1713,24,24
1713,1624,24,24
1713,525,24,24
1713,1215,24,24
525,1713,24,24
1713,525,24,24
525,1713,24,24
1713,525,24,24
525,1713,24,24
525,1713,24,24
32,67,24,24
32,1675,24,24
1060,249,24,24
63,249,24,24
1713,63,24,24
1346,1314,24,24
474,249,24,24
1713,1346,24,24
1713,1231,24,24
1713,638,24,24
1231,1713,24,24
1713,1231,24,24
1231,1713,24,24
1713,1231,24,24
1231,1713,24,24
1713,1231,24,24
1231,1713,24,24
1713,1231,24,24
312,1,24,24
1713,1231,24,24
1244,249,24,24
1717,784,24,24
1713,1724,24,24
1068,674,24,24
1543,1724,24,24
1667,1231,24,24
1717,353,24,24
1717,908,24,24
1647,1688,24,24
1624,1713,24,24
1713,1624,24,24
768,1280,24,24
1346,1713,24,24
1713,1346,24,24
1346,1713,24,24
1713,1346,24,24
1346,1713,24,24
1713,1346,24,24
1346,1713,24,24
1713,1346,24,24
1713,378,24,24
1346,1713,24,24
1713,1346,24,24
1713,1346,24,24
447,395,24,24
1285,27,24,24
561,1713,24,24
1543,1485,24,24
27,1285,24,24
124,1565,24,24
124,1255,24,24
1713,44,24,24
124,1644,24,24
44,1713,24,24
1713,44,24,24
44,1713,24,24
1713,44,24,24
1713,277,24,24
1624,1713,24,24
1642,822,24,24
1255,124,24,24
1713,1181,24,24
1713,1181,24,24
175,224,24,24
1231,1713,24,24
1231,1667,24,24
525,1543,24,24
431,1346,24,24
1688,1647,24,24
1667,1231,24,24
1688,277,24,24
1329,1644,24,24
1231,1667,24,24
85,1713,24,24
61,1721,24,24
249,1136,24,24
249,474,24,24
249,1244,24,24
557,152,24,24
249,1402,24,24
1644,1329,24,24
1346,431,24,24
1231,1605,24,24
799,302,24,24
1255,1231,24,24
674,1068,24,24
429,191,24,24
1713,379,24,24
1713,1554,24,24
1713,1554,24,24
598,652,24,24
1136,249,24,24
1713,757,24,24
27,652,24,24
1285,27,24,24
1713,598,24,24
474,249,24,24
1725,1072,24,24
1713,1346,24,24
1713,1387,24,24
1387,557,24,24
1387,95,24,24
1387,1285,24,24
1387,1535,24,24
1387,1285,24,24
1387,1713,24,24
1408,1720,24,24
353,1717,24,24
353,950,24,24
1408,1624,24,24
1343,1342,24,24
1712,1726,24,24
843,249,24,24
1712,1726,24,24
249,474,24,24
249,389,24,24
1713,282,24,24
1713,1648,24,24
1713,72,24,24
282,1713,24,24
1713,282,24,24
282,1713,24,24
1713,282,24,24
282,1713,24,24
1713,282,24,24
249,63,24,24
249,282,24,24
1713,282,24,24
1346,1314,24,24
282,1713,24,24
1713,282,24,24
282,1713,24,24
1346,393,24,24
1713,282,24,24
1255,42,24,24
317,311,24,24
314,644,24,24
27,1285,24,24
644,314,24,24
1079,282,24,24
1079,27,24,24
1253,644,24,24
1079,27,24,24
1130,214,24,24
1079,27,24,24
1253,673,24,24
1713,1130,24,24
312,644,24,24
124,1255,24,24
1579,42,24,24
27,1079,24,24
1158,1072,24,24
72,1713,24,24
431,1346,24,24
1255,124,24,24
1535,1387,24,24
1535,1339,24,24
1723,1190,24,24
1535,644,24,24
1606,843,24,24
1346,431,24,24
1725,898,24,24
1543,173,24,24
1647,1688,24,24
393,1346,24,24
1543,1712,24,24
1721,61,24,24
1346,393,24,24
1543,1627,24,24
27,620,24,24
1647,544,24,24
1647,1005,24,24
1647,193,24,24
1543,525,24,24
878,1647,24,24
1647,878,24,24
302,799,24,24
1688,1647,24,24
242,783,24,24
242,783,24,24
1727,995,24,24
1727,346,24,24
1280,768,24,24
1280,1543,24,24
783,242,24,24
544,1647,24,24
1727,1453,24,24
1717,353,24,24
1713,617,24,24
191,429,24,24
214,1130,24,24
42,1255,24,24
42,1579,24,24
199,1717,24,24
431,1346,25,25
950,353,25,25
1624,1408,25,25
525,1543,25,25
652,27,25,25
652,1317,25,25
620,27,25,25
620,1487,25,25
242,783,25,25
620,1568,25,25
525,652,25,25
652,525,25,25
644,312,25,25
8,32,25,25
474,249,25,25
282,1079,25,25
1647,1688,25,25
1647,544,25,25
1339,474,25,25
474,1339,25,25
1190,394,25,25
1339,474,25,25
1415,1142,25,25
799,302,25,25
644,626,25,25
644,626,25,25
644,1535,25,25
644,1253,25,25
644,1568,25,25
1190,644,25,25
652,1629,25,25
644,1190,25,25
27,620,25,25
27,652,25,25
652,27,25,25
27,652,25,25
652,27,25,25
27,652,25,25
652,27,25,25
27,652,25,25
652,27,25,25
27,652,25,25
652,27,25,25
245,615,25,25
27,652,25,25
233,193,25,25
1339,1491,25,25
95,447,25,25
1346,431,25,25
1238,249,25,25
95,1238,25,25
1238,95,25,25
312,644,25,25
95,1387,25,25
1362,342,25,25
95,1238,25,25
95,1648,25,25
1491,1339,25,25
95,561,25,25
250,809,25,25
95,1260,25,25
8,1238,25,25
95,713,25,25
95,1692,25,25
642,1346,25,25
1285,1387,25,25
1285,1387,25,25
1285,27,25,25
1339,1491,25,25
652,27,25,25
1342,1343,25,25
249,474,25,25
249,1238,25,25
1346,642,25,25
1042,67,25,25
443,341,25,25
1042,32,25,25
1346,1472,25,25
394,1190,25,25
1728,644,25,25
557,1387,25,25
557,152,25,25
95,1255,25,25
799,1475,25,25
95,621,25,25
621,95,25,25
431,1346,25,25
1487,620,25,25
1346,431,25,25
95,621,25,25
557,8,25,25
644,1728,25,25
557,1346,25,25
8,557,25,25
561,95,25,25
1346,557,25,25
557,525,25,25
557,8,25,25
783,242,25,25
557,1346,25,25
1346,557,25,25
1491,1339,25,25
557,1346,25,25
1346,557,25,25
1346,1314,25,25
32,8,25,25
557,1346,25,25
1346,557,25,25
32,1042,25,25
32,8,25,25
27,1285,25,25
1406,1362,25,25
8,32,25,25
525,557,25,25
525,557,25,25
160,429,25,25
160,1181,25,25
160,697,25,25
160,1729,25,25
1713,1231,25,25
1231,1713,25,25
1713,1231,25,25
1713,1074,25,25
1657,1730,25,25
1074,1713,25,25
1074,516,25,25
1231,1713,25,25
1285,27,25,25
1713,1231,25,25
1713,1074,25,25
1713,1585,25,25
1181,160,25,25
1181,1713,25,25
1231,1713,25,25
856,1176,25,25
1713,1231,25,25
809,250,25,25
1730,1657,25,25
329,1510,25,25
1343,1342,25,25
1688,277,25,25
142,144,25,25
144,1500,25,25
144,142,25,25
142,144,25,25
142,1575,25,25
144,142,25,25
142,1575,25,25
142,144,25,25
615,245,25,25
1346,308,25,25
142,144,25,25
144,142,25,25
1346,308,25,25
392,1699,25,25
142,144,25,25
142,1121,25,25
144,142,25,25
142,144,25,25
193,233,25,25
474,249,25,25
557,525,25,25
1713,495,25,25
652,27,25,25
495,741,25,25
495,1213,25,25
495,1713,25,25
495,1713,25,25
27,1285,25,25
1713,495,25,25
27,652,25,25
652,615,25,25
249,474,25,25
652,27,25,25
249,1731,25,25
249,1255,25,25
27,652,25,25
249,495,25,25
969,1401,25,25
1713,969,25,25
652,27,25,25
474,249,25,25
27,652,25,25
132,162,25,25
249,474,25,25
312,132,25,25
652,27,25,25
1079,27,25,25
1079,27,25,25
474,249,25,25
969,1713,25,25
1713,969,25,25
1072,1725,25,25
1713,1072,25,25
27,1079,25,25
27,652,25,25
1079,27,25,25
652,27,25,25
27,652,25,25
27,1079,25,25
652,27,25,25
878,1644,25,25
27,652,25,25
652,27,25,25
652,27,25,25
1079,27,25,25
27,652,25,25
1253,644,25,25
1408,1624,25,25
27,1079,25,25
1406,495,25,25
1079,27,25,25
652,27,25,25
249,474,25,25
1406,1190,25,25
474,249,25,25
27,1079,25,25
525,557,25,25
249,474,25,25
1401,969,25,25
27,652,25,25
843,1606,25,25
518,525,25,25
249,843,25,25
652,27,25,25
843,249,25,25
525,518,25,25
969,1401,25,25
557,525,25,25
557,1346,25,25
27,652,25,25
557,1565,25,25
145,1713,25,25
1475,799,25,25
1255,249,25,25
447,95,25,25
525,557,25,25
1713,1493,25,25
1317,652,25,25
557,525,25,25
525,557,25,25
799,1475,25,25
557,525,25,25
1332,537,25,25
242,823,25,25
1189,1068,25,25
1068,1189,25,25
1510,329,25,25
132,312,25,25
1727,1069,25,25
1727,644,25,25
1727,638,25,25
847,809,25,25
431,1346,25,25
1,312,25,25
1624,1408,25,25
456,1624,25,25
456,204,25,25
456,495,25,25
1624,456,25,25
1489,249,25,25
1489,249,25,25
1339,1489,25,25
1489,1339,25,25
1314,1346,25,25
997,415,25,25
997,142,25,25
1346,1314,25,25
1644,878,25,25
615,652,25,25
1130,1713,25,25
537,1332,25,25
329,1510,25,25
1285,27,25,25
176,969,25,25
27,1285,25,25
768,1280,25,25
63,1713,25,25
63,249,25,25
1543,1546,25,25
324,329,25,25
105,1727,25,25
162,132,25,25
1342,1343,25,25
249,1489,25,25
249,1489,25,25
878,1255,25,25
626,95,25,25
626,644,25,25
970,1255,25,25
429,191,25,25
429,160,25,25
710,1562,25,25
710,727,25,25
1255,878,25,25
1255,970,25,25
1713,1130,25,25
1667,1181,25,25
1713,708,25,25
1079,27,25,25
644,626,25,25
1113,1343,25,25
1127,713,25,25
1343,1113,25,25
1113,1343,25,25
1343,1113,25,25
176,898,25,25
176,523,25,25
1158,1072,25,25
1225,1393,25,25
1343,1342,25,25
27,1079,25,25
970,1255,25,25
1113,1343,25,25
1181,1667,25,25
193,1647,25,25
1562,710,25,25
1317,652,25,25
1713,44,25,25
1255,970,25,25
525,557,25,25
1713,525,25,25
525,44,25,25
970,1255,25,25
191,429,25,25
1727,105,25,25
483,189,25,25
9,282,25,25
9,1622,25,25
9,1343,25,25
9,1731,25,25
9,788,25,25
9,1313,25,25
1362,1406,25,25
711,642,25,25
1079,27,25,25
1343,9,25,25
741,495,25,25
1667,1181,25,25
429,191,25,25
1231,1667,25,25
1731,9,25,25
642,711,25,25
19,1130,25,25
1732,1556,25,25
245,1283,25,25
969,176,25,25
95,561,25,25
249,1280,25,25
1280,768,25,25
1280,249,25,25
249,1280,25,25
1280,249,25,25
1343,1113,25,25
249,1280,25,25
176,969,25,25
176,1585,25,25
249,1585,25,25
1647,193,25,25
1585,176,25,25
249,1343,25,25
1647,172,25,25
1585,249,25,25
176,1585,25,25
249,1585,25,25
1585,176,25,25
249,1021,25,25
176,1585,25,25
1585,176,25,25
1585,1582,25,25
176,1585,25,25
27,1079,25,25
1113,1343,25,25
249,1395,25,25
1113,1395,25,25
1395,249,25,25
1395,1113,25,25
1113,1395,25,25
249,1395,25,25
1395,1113,25,25
1395,249,25,25
249,1395,25,25
1395,249,25,25
249,1395,25,25
1282,1647,25,25
1113,1395,25,25
249,1353,25,25
1282,1647,25,25
249,1644,25,25
1644,249,25,25
525,1713,25,25
249,1644,25,25
1282,848,25,25
1036,792,25,25
1644,249,25,25
249,1644,25,25
1190,393,25,25
1644,249,25,25
249,1644,25,25
1644,249,25,25
249,1644,25,25
249,783,25,25
1255,970,25,25
95,447,25,25
1079,27,25,25
1644,249,25,25
249,1644,25,25
95,626,25,25
1644,249,25,25
1181,1667,25,25
1556,1732,25,25
1568,644,25,25
1493,1656,25,25
144,1500,25,25
1493,1713,25,25
1493,1113,25,25
249,1644,25,25
1644,249,25,25
249,1644,25,25
652,1317,25,25
1644,249,25,25
298,323,25,25
1018,1644,25,25
27,1079,25,25
1644,1018,25,25
257,42,25,25
1408,1624,25,25
249,1644,25,25
249,1644,25,25
1079,27,25,25
27,1079,25,25
1436,582,25,25
193,1647,25,25
990,1113,25,25
191,429,25,25
1072,1158,25,25
1072,878,25,25
1079,27,25,25
783,249,25,25
970,1255,25,25
970,1641,25,25
1118,1542,25,25
1624,1408,25,25
1624,725,25,25
1339,1255,25,25
1489,249,25,25
1489,249,25,25
1313,9,25,25
1313,507,25,25
1313,1403,25,25
1314,1346,25,25
27,1079,25,25
908,1717,25,25
199,1624,25,25
1346,1314,25,25
1272,1238,25,25
1624,199,25,25
1667,1181,25,25
710,1283,25,25
1113,710,25,25
1520,1181,25,25
1520,63,25,25
969,176,25,25
1190,394,25,25
1113,969,25,25
969,1113,25,25
1113,969,25,25
429,191,25,25
710,1113,25,25
1113,710,25,25
725,1624,25,25
1644,249,25,25
1624,725,25,25
1406,1362,25,25
1513,970,25,25
176,969,25,25
970,1513,25,25
1727,361,25,25
1727,1183,25,25
42,257,25,25
42,1255,25,25
42,1255,25,25
557,525,25,25
1255,42,25,25
495,1713,25,25
495,249,25,25
495,1406,25,25
495,456,25,25
1713,495,25,25
495,741,25,25
495,1713,25,25
1656,1493,25,25
1343,249,25,25
1343,1113,25,25
710,1113,25,25
63,1520,25,25
710,699,25,25
1113,1343,25,25
1113,710,25,25
1079,27,25,25
561,95,25,25
249,61,25,25
1387,557,25,25
1387,1285,25,25
1387,1285,25,25
1387,95,25,25
1343,1113,25,25
525,557,25,25
525,547,25,25
1113,1343,25,25
547,525,25,25
1111,1190,25,25
1713,525,25,25
1181,1667,25,25
249,1343,25,25
249,1489,25,25
1713,1181,25,25
525,547,25,25
525,1713,25,25
1713,525,25,25
547,525,25,25
525,1713,25,25
1713,525,25,25
525,547,25,25
525,1713,25,25
1190,1111,25,25
1295,431,25,25
394,1190,25,25
1667,1181,25,25
27,1079,25,25
1079,27,25,25
9,1731,25,25
9,1343,25,25
1290,1677,25,25
431,1295,25,25
1130,1713,25,25
1713,1130,25,25
711,642,25,25
249,1644,25,25
1713,1312,25,25
249,1136,25,25
249,819,25,25
249,843,25,25
1731,9,25,25
249,852,25,25
249,592,25,25
852,249,25,25
249,852,25,25
318,67,25,25
249,475,25,25
475,249,25,25
249,475,25,25
475,249,25,25
249,475,25,25
475,249,25,25
249,475,25,25
249,809,25,25
809,847,25,25
809,249,25,25
249,809,25,25
475,249,25,25
249,475,25,25
475,249,25,25
1713,1299,25,25
1713,1733,25,25
249,475,25,25
259,1732,25,25
582,1436,25,25
582,1343,25,25
249,152,25,25
1434,1679,25,25
1434,970,25,25
1713,1434,25,25
1713,536,25,25
1434,1713,25,25
1713,1434,25,25
249,394,25,25
969,176,25,25
1434,488,25,25
1434,1713,25,25
1713,969,25,25
1713,409,25,25
1317,652,25,25
27,1079,25,25
620,393,25,25
54,1128,25,25
1713,282,25,25
1548,95,25,25
557,708,25,25
1548,1713,25,25
1548,482,25,25
1500,144,25,25
1713,1548,25,25
1548,1713,25,25
1713,1548,25,25
1713,495,25,25
1395,1113,25,25
495,1713,25,25
1500,708,25,25
557,1387,25,25
1548,1713,25,25
1493,1656,25,25
1338,67,25,25
1713,1548,25,25
1713,1493,25,25
557,525,25,25
1713,697,25,25
1713,1554,25,25
1548,1713,25,25
1548,1713,25,25
1667,799,25,25
1339,1554,25,25
1667,799,25,25
447,95,25,25
1548,878,25,25
1667,1548,25,25
1667,1548,25,25
1667,447,25,25
1554,1339,25,25
1231,1667,25,25
1079,27,25,25
1713,1548,25,25
1554,1713,25,25
1548,1713,25,25
1546,1554,25,25
1713,1548,25,25
1554,1546,25,25
984,1231,25,25
878,1548,25,25
1113,1395,25,25
1656,1493,25,25
400,1280,25,25
1181,1713,25,25
1181,1667,25,25
372,353,25,25
32,1731,25,25
1329,1271,26,26
42,1255,26,26
42,1509,26,26
525,557,26,26
1231,984,26,26
1434,1562,26,26
1434,193,26,26
1434,81,26,26
1434,85,26,26
626,644,26,26
626,95,26,26
61,249,26,26
697,214,26,26
1342,1343,26,26
620,1181,26,26
482,1548,26,26
1436,582,26,26
652,1317,26,26
1667,1181,26,26
1548,1713,26,26
1548,878,26,26
329,324,26,26
1314,1346,26,26
1295,431,26,26
1562,1434,26,26
1713,1585,26,26
1713,1384,26,26
1384,440,26,26
1384,440,26,26
1540,1713,26,26
1713,1540,26,26
1713,1540,26,26
1190,394,26,26
1713,893,26,26
1713,1244,26,26
1713,538,26,26
1713,1026,26,26
699,710,26,26
85,1434,26,26
582,1436,26,26
1546,1554,26,26
1346,1314,26,26
547,525,26,26
1647,193,26,26
1647,1282,26,26
1647,1282,26,26
1734,346,26,26
1183,1727,26,26
799,1667,26,26
525,547,26,26
1713,1730,26,26
1713,1234,26,26
1713,1346,26,26
1280,400,26,26
1713,1280,26,26
1280,1713,26,26
1713,1280,26,26
1280,1713,26,26
1713,1548,26,26
547,525,26,26
547,1280,26,26
191,429,26,26
1280,547,26,26
1136,249,26,26
547,1280,26,26
249,1136,26,26
847,809,26,26
431,1295,26,26
1021,1449,26,26
725,1624,26,26
1280,547,26,26
1434,1562,26,26
1434,85,26,26
1667,799,26,26
547,1280,26,26
1472,1656,26,26
1472,1346,26,26
249,1565,26,26
249,523,26,26
249,61,26,26
249,525,26,26
525,547,26,26
525,249,26,26
1548,1713,26,26
249,525,26,26
1713,1548,26,26
525,249,26,26
1629,652,26,26
249,525,26,26
1713,1629,26,26
547,525,26,26
525,249,26,26
1713,525,26,26
525,547,26,26
525,1713,26,26
1713,525,26,26
525,249,26,26
525,1713,26,26
525,1713,26,26
1713,525,26,26
525,1713,26,26
1713,525,26,26
708,557,26,26
525,1713,26,26
547,525,26,26
249,525,26,26
708,1500,26,26
249,1280,26,26
1713,525,26,26
1713,249,26,26
249,1713,26,26
1713,708,26,26
1713,1530,26,26
1713,1103,26,26
1713,817,26,26
1393,1225,26,26
1713,1436,26,26
1436,582,26,26
1436,1713,26,26
1713,1436,26,26
1436,1713,26,26
1713,1436,26,26
710,1113,26,26
710,1373,26,26
1436,1713,26,26
167,303,26,26
1713,1117,26,26
1113,710,26,26
1436,1735,26,26
1436,1734,26,26
346,1734,26,26
1713,799,26,26
312,1728,26,26
799,1713,26,26
214,697,26,26
1113,1436,26,26
1713,561,26,26
1667,1231,26,26
1142,1415,26,26
561,1713,26,26
1667,30,26,26
1667,710,26,26
1713,561,26,26
1713,710,26,26
710,1713,26,26
1713,537,26,26
1667,983,26,26
1713,561,26,26
561,1713,26,26
1667,983,26,26
1713,561,26,26
1562,1434,26,26
1436,1113,26,26
1520,63,26,26
969,234,26,26
537,1713,26,26
1113,1436,26,26
561,1713,26,26
783,362,26,26
1436,1113,26,26
1113,1436,26,26
362,783,26,26
1436,1113,26,26
783,362,26,26
1667,167,26,26
1667,1436,26,26
1238,1272,26,26
1238,8,26,26
277,1688,26,26
1415,1142,26,26
1280,249,26,26
1280,547,26,26
63,1520,26,26
63,193,26,26
1346,1472,26,26
1343,9,26,26
1343,1113,26,26
1343,249,26,26
1343,582,26,26
1231,1667,26,26
1343,1342,26,26
1667,1231,26,26
1231,1667,26,26
1113,1343,26,26
1113,1436,26,26
447,1667,26,26
249,447,26,26
1667,447,26,26
1679,1434,26,26
1493,1656,26,26
1713,1493,26,26
1493,1713,26,26
1713,1493,26,26
482,454,26,26
1493,1713,26,26
1713,1493,26,26
1493,1713,26,26
393,1190,26,26
557,525,26,26
1346,1433,26,26
652,1629,26,26
1158,1072,26,26
557,708,26,26
1713,1546,26,26
809,847,26,26
303,167,26,26
242,783,26,26
242,787,26,26
1520,63,26,26
85,1434,26,26
525,557,26,26
1431,431,26,26
81,1434,26,26
1346,1314,26,26
843,249,26,26
249,983,26,26
1713,1387,26,26
1387,1713,26,26
1713,1387,26,26
249,843,26,26
1387,1713,26,26
1713,1387,26,26
431,1431,26,26
249,175,26,26
1548,1713,26,26
843,249,26,26
95,561,26,26
843,1237,26,26
249,843,26,26
249,44,26,26
1472,1346,26,26
1647,1297,26,26
1500,708,26,26
1713,1548,26,26
1730,1713,26,26
249,1730,26,26
249,809,26,26
809,249,26,26
249,809,26,26
1548,1713,26,26
193,63,26,26
847,809,26,26
44,249,26,26
394,1190,26,26
249,44,26,26
429,191,26,26
582,1343,26,26
582,1436,26,26
249,582,26,26
447,1667,26,26
768,1280,26,26
1713,1548,26,26
249,969,26,26
1713,249,26,26
1713,809,26,26
1713,1730,26,26
697,214,26,26
1713,697,26,26
697,1713,26,26
1713,697,26,26
1713,1118,26,26
249,1713,26,26
1713,36,26,26
697,1713,26,26
224,175,26,26
249,32,26,26
32,249,26,26
32,1488,26,26
32,697,26,26
847,969,26,26
32,312,26,26
249,32,26,26
32,249,26,26
32,1231,26,26
249,32,26,26
462,713,26,26
462,1713,26,26
32,249,26,26
249,32,26,26
32,249,26,26
249,32,26,26
1237,843,26,26
1509,42,26,26
1730,249,26,26
1730,1713,26,26
1713,1730,26,26
32,393,26,26
1346,1472,26,26
1647,482,26,26
1736,318,26,26
1736,109,26,26
249,1730,26,26
249,1629,26,26
1713,1629,26,26
249,1312,26,26
249,1111,26,26
1111,249,26,26
482,1647,26,26
249,1111,26,26
1111,249,26,26
249,1111,26,26
249,569,26,26
1667,447,26,26
249,598,26,26
1713,598,26,26
741,495,26,26
1713,1130,26,26
1713,975,26,26
975,1713,26,26
1713,975,26,26
1713,1346,26,26
975,1713,26,26
249,1546,26,26
249,1255,26,26
249,1624,26,26
249,1665,26,26
249,393,26,26
393,249,26,26
525,32,26,26
525,155,26,26
1190,394,26,26
843,249,26,26
843,1237,26,26
1730,249,26,26
1346,1713,26,26
1346,719,26,26
969,249,26,26
1725,969,26,26
969,847,26,26
969,1725,26,26
969,739,26,26
561,95,26,26
249,969,26,26
155,525,26,26
249,1542,26,26
249,1485,26,26
468,537,26,26
32,525,26,26
1725,969,26,26
249,1673,26,26
1713,969,26,26
249,378,26,26
1713,378,26,26
375,167,26,26
1231,32,26,26
557,843,26,26
1130,1713,26,26
1624,725,26,26
1624,249,26,26
447,1667,26,26
1713,1029,26,26
1118,1713,26,26
1713,1118,26,26
1118,1713,26,26
1733,1713,26,26
847,969,26,26
1713,1644,26,26
1280,768,26,26
809,249,26,26
809,847,26,26
809,1713,26,26
167,1409,26,26
1431,431,26,26
969,1725,26,26
249,212,26,26
212,249,26,26
212,303,26,26
525,32,26,26
249,212,26,26
525,155,26,26
430,536,26,26
430,194,26,26
430,277,26,26
430,638,26,26
430,69,26,26
430,297,26,26
430,72,26,26
430,323,26,26
430,475,26,26
430,27,26,26
430,44,26,26
430,144,26,26
430,8,26,26
430,175,26,26
430,97,26,26
430,260,26,26
430,220,26,26
249,1395,26,26
249,997,26,26
1713,536,26,26
1713,809,26,26
1713,1737,26,26
1314,1346,26,26
1346,1314,26,26
615,245,26,26
1644,1713,26,26
1713,1644,26,26
1181,620,26,26
1158,1072,26,26
431,1431,26,26
431,396,26,26
1540,48,26,26
1540,781,26,26
9,1343,26,26
9,1731,26,26
1540,518,26,26
1488,32,26,26
809,1713,26,26
242,1178,26,26
245,615,26,26
1713,809,26,26
1713,474,26,26
1540,1738,26,26
32,1488,26,26
32,474,26,26
1548,1713,26,26
1713,1548,26,26
72,430,26,26
1647,482,26,26
1647,714,26,26
1644,1713,26,26
1713,1644,26,26
1713,1647,26,26
1647,1713,26,26
1738,1540,26,26
1713,1647,26,26
1343,1113,26,26
1343,582,26,26
1343,9,26,26
1644,1713,26,26
1713,1644,26,26
1644,1713,26,26
1181,620,26,26
175,224,26,26
620,1181,26,26
191,429,26,26
191,952,26,26
209,1699,26,26
394,1190,26,26
1713,61,26,26
620,1644,26,26
1434,81,26,26
1434,85,26,26
1434,1679,26,26
620,27,26,26
1434,1312,26,26
1434,1562,26,26
1434,1312,26,26
1540,1738,26,26
1181,620,26,26
1509,1624,26,26
620,1181,26,26
342,523,26,26
708,1713,26,26
708,557,26,26
708,1500,26,26
1713,1739,26,26
1667,1231,26,26
233,193,26,26
443,32,26,26
443,1409,26,26
443,42,26,26
1142,1415,26,26
199,1739,26,26
97,726,26,26
1562,1434,26,26
1739,1713,26,26
1739,199,26,26
63,193,26,26
63,1520,26,26
415,997,26,26
204,456,26,26
32,443,26,26
9,1343,26,26
809,1713,26,26
1406,495,26,26
959,699,26,26
1713,809,26,26
1042,32,26,26
1472,1346,26,26
843,557,26,26
620,1487,26,26
858,701,26,26
1520,63,26,26
283,69,26,26
878,783,26,26
48,1540,26,26
1485,249,26,26
249,1485,26,26
1346,1472,26,26
540,1142,26,26
1,312,26,26
719,1346,26,26
1575,142,27,27
249,502,27,27
249,1344,27,27
1509,1680,27,27
249,809,27,27
809,1713,27,27
809,249,27,27
249,809,27,27
809,249,27,27
249,809,27,27
809,249,27,27
249,809,27,27
249,1244,27,27
1244,249,27,27
249,561,27,27
561,249,27,27
163,986,27,27
249,561,27,27
249,394,27,27
9,1338,27,27
249,1231,27,27
708,281,27,27
474,249,27,27
482,1647,27,27
249,474,27,27
249,708,27,27
474,249,27,27
249,474,27,27
415,997,27,27
95,1387,27,27
214,697,27,27
1540,1379,27,27
1344,249,27,27
249,474,27,27
249,1302,27,27
67,1338,27,27
249,1739,27,27
409,1713,27,27
1713,409,27,27
220,430,27,27
474,249,27,27
474,1158,27,27
1181,620,27,27
160,429,27,27
160,1181,27,27
1021,1069,27,27
1732,259,27,27
1346,719,27,27
249,61,27,27
1540,48,27,27
1540,47,27,27
342,523,27,27
1472,1346,27,27
249,97,27,27
27,430,27,27
394,249,27,27
249,394,27,27
1713,809,27,27
308,1346,27,27
27,620,27,27
1158,474,27,27
312,194,27,27
1713,525,27,27
525,1713,27,27
1343,9,27,27
1713,525,27,27
525,1713,27,27
525,1713,27,27
1713,525,27,27
525,1713,27,27
1713,525,27,27
1713,525,27,27
1190,394,27,27
1190,393,27,27
1190,1111,27,27
697,214,27,27
67,697,27,27
48,1540,27,27
1240,809,27,27
474,1158,27,27
389,249,27,27
1739,249,27,27
249,1739,27,27
1548,1713,27,27
1740,504,27,27
249,1136,27,27
1647,1713,27,27
1647,482,27,27
1181,249,27,27
1387,95,27,27
1387,1713,27,27
1713,1548,27,27
1713,1647,27,27
1346,1472,27,27
1713,1346,27,27
1408,1624,27,27
1026,1713,27,27
1026,1716,27,27
1346,1713,27,27
1713,1346,27,27
1713,1026,27,27
214,697,27,27
1295,431,27,27
1713,599,27,27
768,1280,27,27
249,678,27,27
1713,1733,27,27
482,1647,27,27
52,1698,27,27
249,865,27,27
249,52,27,27
474,32,27,27
474,1713,27,27
249,44,27,27
249,1142,27,27
1142,249,27,27
249,1142,27,27
1231,1738,27,27
1231,984,27,27
1231,249,27,27
1255,1342,27,27
1142,540,27,27
1142,249,27,27
1285,1190,27,27
249,1142,27,27
249,1280,27,27
1285,1644,27,27
1285,1387,27,27
1280,768,27,27
1280,249,27,27
1644,1285,27,27
1285,27,27,27
1644,620,27,27
557,708,27,27
1142,249,27,27
1285,1644,27,27
249,1142,27,27
1644,1285,27,27
557,843,27,27
1738,1231,27,27
1727,143,27,27
843,557,27,27
557,1280,27,27
843,1237,27,27
1644,1285,27,27
557,843,27,27
1285,1644,27,27
1285,1644,27,27
494,389,27,27
1285,437,27,27
708,557,27,27
1285,708,27,27
1282,1647,27,27
708,1285,27,27
1285,708,27,27
557,1644,27,27
557,708,27,27
494,389,27,27
32,474,27,27
9,1343,27,27
984,1231,27,27
1472,1346,27,27
843,557,27,27
249,42,27,27
377,95,27,27
1026,1713,27,27
193,233,27,27
193,1434,27,27
193,393,27,27
557,843,27,27
249,518,27,27
1713,1652,27,27
1158,474,27,27
598,652,27,27
843,557,27,27
1673,249,27,27
1346,1472,27,27
1713,1280,27,27
95,1387,27,27
1713,1585,27,27
1280,1713,27,27
1585,1713,27,27
1713,1585,27,27
1585,1568,27,27
1585,1713,27,27
1713,1585,27,27
1713,462,27,27
1585,1713,27,27
1713,1585,27,27
1713,1665,27,27
95,447,27,27
726,97,27,27
189,483,27,27
1717,1739,27,27
540,1142,27,27
95,626,27,27
163,1026,27,27
95,561,27,27
95,1161,27,27
95,960,27,27
95,1673,27,27
719,1346,27,27
95,719,27,27
27,1285,27,27
1395,249,27,27
495,741,27,27
495,1406,27,27
620,1181,27,27
620,27,27,27
1346,719,27,27
708,557,27,27
36,1713,27,27
1713,36,27,27
27,620,27,27
1342,1343,27,27
1713,708,27,27
1059,713,27,27
1142,540,27,27
281,708,27,27
1231,984,27,27
617,1713,27,27
1713,617,27,27
1713,617,27,27
617,1713,27,27
1713,617,27,27
984,1231,27,27
1728,312,27,27
1713,561,27,27
1728,312,27,27
561,95,27,27
561,249,27,27
561,1713,27,27
63,1520,27,27
1540,48,27,27
1540,1520,27,27
1285,27,27,27
1285,1313,27,27
1509,1285,27,27
1285,1509,27,27
1688,277,27,27
1688,1647,27,27
1136,249,27,27
48,1540,27,27
95,561,27,27
249,1395,27,27
249,1136,27,27
1158,1072,27,27
1713,143,27,27
143,1727,27,27
143,1713,27,27
809,1240,27,27
1231,984,27,27
1540,48,27,27
1713,143,27,27
1181,620,27,27
518,249,27,27
124,1255,27,27
652,598,27,27
652,598,27,27
1313,1285,27,27
557,708,27,27
1346,346,27,27
1415,1142,27,27
143,1713,27,27
1488,32,27,27
1727,143,27,27
249,1488,27,27
249,725,27,27
474,32,27,27
474,1158,27,27
1624,1509,27,27
1488,249,27,27
249,1488,27,27
1624,1408,27,27
249,1488,27,27
1029,1713,27,27
1513,1737,27,27
1513,1737,27,27
1237,843,27,27
1737,219,27,27
1737,219,27,27
1513,1737,27,27
1737,277,27,27
1737,1127,27,27
1737,1255,27,27
144,430,27,27
1127,1251,27,27
1737,1255,27,27
32,1488,27,27
1737,1408,27,27
1737,1513,27,27
1343,9,27,27
1737,1157,27,27
1737,415,27,27
1737,415,27,27
1343,1342,27,27
1343,1342,27,27
249,1343,27,27
1737,220,27,27
1667,799,27,27
1667,144,27,27
799,1667,27,27
1343,249,27,27
561,95,27,27
713,884,27,27
713,727,27,27
1255,124,27,27
713,1059,27,27
1255,1737,27,27
249,1343,27,27
249,394,27,27
1408,1737,27,27
1408,1624,27,27
1395,341,27,27
1136,249,27,27
249,1136,27,27
415,1737,27,27
1142,1415,27,27
1713,143,27,27
1406,495,27,27
1472,1346,27,27
1346,1472,27,27
447,95,27,27
714,1647,27,27
878,537,27,27
249,868,27,27
1009,1585,27,27
1713,1029,27,27
537,468,27,27
537,878,27,27
1009,27,27,27
1713,1026,27,27
495,1406,27,27
595,191,27,27
1346,518,27,27
878,537,27,27
1009,1346,27,27
708,281,27,27
1009,537,27,27
249,708,27,27
1346,1009,27,27
249,1731,27,27
191,595,27,27
1332,1545,27,27
81,1434,27,27
557,843,27,27
1562,809,27,27
809,1562,27,27
1562,809,27,27
788,9,27,27
788,67,27,27
1713,788,27,27
1713,938,27,27
843,557,27,27
1240,809,27,27
1632,1039,27,27
809,1562,27,27
809,1240,27,27
27,1009,27,27
809,847,27,27
792,1036,27,27
27,1285,27,27
281,708,27,27
518,1346,27,27
211,525,27,27
525,211,27,27
211,525,27,27
525,211,27,27
525,211,27,27
812,378,27,27
812,378,27,27
620,1181,27,27
1190,1285,27,27
48,1540,27,27
518,1339,27,27
1415,1142,27,27
1346,518,27,27
518,1346,27,27
518,249,27,27
429,191,27,27
429,160,27,27
67,788,27,27
1342,1255,27,27
582,861,27,27
1255,1342,27,27
1342,1255,27,27
1255,1342,27,27
1059,713,27,27
1731,9,27,27
1572,1712,27,27
1488,249,27,27
1488,32,27,27
1488,518,27,27
1285,1190,27,27
1285,27,27,27
1713,27,27,27
27,1713,27,27
1713,27,27,27
27,1713,27,27
1713,27,27,27
27,1713,27,27
1069,1727,27,27
1069,1717,27,27
1713,1342,27,27
1255,1231,27,27
1406,495,27,27
8,430,27,27
1346,518,27,27
1343,249,27,27
1545,1332,27,27
1509,1285,27,27
1509,1624,27,27
249,1343,27,27
518,1488,27,27
518,1346,27,27
1624,1509,27,27
191,429,27,27
1713,1282,27,27
1282,1713,27,27
1282,1713,27,27
1713,1282,27,27
1282,1713,27,27
847,809,27,27
1343,249,27,27
32,1488,27,27
1713,1282,27,27
1282,1713,27,27
1713,1282,27,27
1737,415,27,27
1282,1713,27,27
1737,1513,27,27
1737,710,27,27
172,639,27,27
1713,1282,27,27
1282,1713,27,27
1713,1282,27,27
52,249,27,27
1240,809,27,27
1231,1255,27,27
725,249,27,27
557,843,27,27
809,1240,27,27
809,847,27,27
1346,518,27,27
67,1665,27,27
398,1013,27,27
536,1713,27,27
536,430,27,27
708,281,27,27
708,249,27,27
201,143,27,27
719,1346,27,27
1346,719,27,27
984,1231,27,27
532,536,27,27
1667,1579,27,27
1667,1346,27,27
1737,1494,27,27
1737,1639,27,27
1727,1069,27,27
415,1737,27,27
346,1346,27,27
249,725,27,27
1346,1667,27,27
1346,346,27,27
1013,398,27,27
1280,1287,27,27
1287,1280,27,27
1036,792,27,27
281,708,27,27
249,1136,27,27
398,447,27,27
429,191,27,27
1231,984,27,27
1500,1346,27,27
1713,437,27,27
518,1346,27,27
249,843,27,27
843,557,27,27
1255,1231,27,27
843,249,27,27
249,843,27,27
843,249,27,27
12,1312,27,27
249,843,27,27
447,398,27,27
557,843,27,27
843,557,27,27
557,843,27,27
843,557,27,27
557,843,27,27
621,95,27,27
984,1231,27,27
984,1231,27,27
1562,1434,27,27
1181,620,27,27
843,557,27,27
1339,1491,27,27
620,1181,27,27
1339,1546,27,27
1346,1500,27,27
1346,518,27,27
518,1346,27,27
1136,249,28,28
394,1190,28,28
394,1190,28,28
1190,394,28,28
727,713,28,28
1190,394,28,28
1190,394,28,28
495,1406,28,28
394,1190,28,28
1312,12,28,28
394,1190,28,28
1178,242,28,28
27,1285,28,28
626,95,28,28
1741,783,28,28
1342,1713,28,28
1741,798,28,28
1741,815,28,28
211,44,28,28
1741,1049,28,28
1546,1339,28,28
1713,1313,28,28
1488,518,28,28
1488,32,28,28
1190,394,28,28
1339,1546,28,28
1540,48,28,28
1313,1713,28,28
768,1280,28,28
346,1346,28,28
1346,346,28,28
346,1346,28,28
398,447,28,28
1346,346,28,28
143,201,28,28
12,1312,28,28
822,727,28,28
12,67,28,28
155,525,28,28
346,1346,28,28
1346,346,28,28
346,1346,28,28
346,1346,28,28
1346,518,28,28
1346,346,28,28
1240,809,28,28
518,1488,28,28
1280,768,28,28
1231,984,28,28
1231,984,28,28
1312,12,28,28
32,1488,28,28
1713,36,28,28
201,143,28,28
85,1434,28,28
249,85,28,28
699,959,28,28
224,175,28,28
36,1713,28,28
809,1240,28,28
1713,1493,28,28
1493,1713,28,28
176,1493,28,28
1713,1493,28,28
557,843,28,28
1713,536,28,28
1713,1342,28,28
1493,176,28,28
1493,1713,28,28
1713,1313,28,28
176,1493,28,28
1493,176,28,28
176,1493,28,28
1713,36,28,28
1493,176,28,28
176,1493,28,28
1493,176,28,28
176,1493,28,28
1713,1742,28,28
1493,176,28,28
176,1493,28,28
924,768,28,28
924,768,28,28
1493,176,28,28
176,1493,28,28
1493,176,28,28
176,1493,28,28
1493,176,28,28
176,1493,28,28
1493,176,28,28
176,1493,28,28
547,1616,28,28
1346,367,28,28
1181,620,28,28
547,143,28,28
1713,1742,28,28
1713,1313,28,28
172,1647,28,28
1713,1743,28,28
1540,1744,28,28
1406,495,28,28
711,547,28,28
1644,557,28,28
249,1238,28,28
674,1742,28,28
1744,1540,28,28
851,312,28,28
249,1644,28,28
595,191,28,28
595,1526,28,28
12,1312,28,28
1540,1744,28,28
1540,1744,28,28
843,557,28,28
176,1745,28,28
1744,1540,28,28
1540,1744,28,28
1713,1493,28,28
1493,1474,28,28
1493,1713,28,28
1493,1113,28,28
1713,1493,28,28
1493,1713,28,28
1713,1493,28,28
1493,1713,28,28
557,843,28,28
557,843,28,28
1113,1493,28,28
843,557,28,28
1009,27,28,28
1746,1021,28,28
341,1395,28,28
708,281,28,28
674,1346,28,28
191,429,28,28
191,595,28,28
1240,809,28,28
727,822,28,28
1029,1713,28,28
783,1741,28,28
1644,249,28,28
557,843,28,28
249,1644,28,28
27,1009,28,28
1190,394,28,28
1313,1713,28,28
281,708,28,28
44,211,28,28
1730,1746,28,28
199,1346,28,28
1730,1034,28,28
1730,1042,28,28
1387,95,28,28
211,44,28,28
211,93,28,28
794,1118,28,28
794,277,28,28
1746,1029,28,28
1644,249,28,28
1314,1346,28,28
1713,1029,28,28
1713,1313,28,28
447,398,28,28
367,1346,28,28
1346,367,28,28
1434,193,28,28
1434,85,28,28
1434,81,28,28
1434,1562,28,28
1346,1314,28,28
1343,212,28,28
1713,605,28,28
605,1713,28,28
1713,605,28,28
312,851,28,28
1713,1346,28,28
1346,1713,28,28
1713,1346,28,28
1346,1713,28,28
1713,1346,28,28
1346,1713,28,28
592,249,28,28
592,871,28,28
176,1747,28,28
176,475,28,28
475,176,28,28
176,475,28,28
475,176,28,28
1713,1346,28,28
249,1644,28,28
249,1489,28,28
1346,1713,28,28
1713,1346,28,28
878,438,28,28
1748,384,28,28
878,1489,28,28
67,1748,28,28
398,447,28,28
1472,1346,28,28
1118,794,28,28
1312,12,28,28
1346,1713,28,28
1312,12,28,28
1713,1346,28,28
1313,1713,28,28
429,191,28,28
429,1680,28,28
1749,1734,28,28
1749,1727,28,28
1727,1749,28,28
1749,346,28,28
1727,353,28,28
1667,537,28,28
1749,995,28,28
1727,471,28,28
1667,8,28,28
1644,249,28,28
537,1009,28,28
249,1644,28,28
1669,1665,28,28
1395,341,28,28
537,1667,28,28
12,1312,28,28
12,1312,28,28
739,969,28,28
1647,1713,28,28
1647,482,28,28
1647,1282,28,28
1647,1688,28,28
249,447,28,28
447,398,28,28
1647,714,28,28
1713,1647,28,28
1667,843,28,28
447,249,28,28
249,1742,28,28
843,1667,28,28
19,1742,28,28
193,1742,28,28
1339,1624,28,28
346,1749,28,28
1749,346,28,28
1749,346,28,28
1713,175,28,28
843,193,28,28
557,1644,28,28
984,1231,28,28
1669,454,28,28
1513,1520,28,28
1669,437,28,28
1520,1540,28,28
1520,63,28,28
1520,1513,28,28
1742,211,28,28
1520,1513,28,28
1669,1521,28,28
1520,912,28,28
1513,1520,28,28
1520,1513,28,28
1513,1520,28,28
1520,1513,28,28
1513,1520,28,28
1513,1520,28,28
1513,1520,28,28
1520,1513,28,28
1520,1513,28,28
1669,204,28,28
1513,1520,28,28
1669,979,28,28
1520,1513,28,28
1513,1520,28,28
1488,518,28,28
1029,1746,28,28
1520,1513,28,28
1669,784,28,28
1513,1520,28,28
1520,1513,28,28
1513,1520,28,28
1513,1520,28,28
1669,1056,28,28
1520,1513,28,28
1669,561,28,28
1727,97,28,28
1669,460,28,28
1669,391,28,28
1669,1423,28,28
191,429,28,28
851,312,28,28
342,971,28,28
1026,1713,28,28
1312,12,28,28
1312,12,28,28
1312,12,28,28
1440,288,28,28
1624,1339,28,28
561,1669,28,28
1669,561,28,28
367,1346,28,28
95,561,28,28
95,447,28,28
95,621,28,28
95,626,28,28
95,1387,28,28
768,924,28,28
1190,1285,28,28
768,1280,28,28
346,1644,28,28
193,843,28,28
1540,1520,28,28
1540,1669,28,28
822,727,28,28
822,1642,28,28
822,1339,28,28
595,191,28,28
211,1742,28,28
211,93,28,28
1713,135,28,28
1332,1069,28,28
1713,1346,28,28
1346,367,28,28
1644,249,28,28
1644,557,28,28
1644,346,28,28
398,447,28,28
1741,783,28,28
233,193,28,28
233,1738,28,28
233,1013,28,28
1713,233,28,28
32,72,28,28
233,1713,28,28
233,810,28,28
1713,233,28,28
1738,233,28,28
233,1738,28,28
1332,1545,28,28
233,1713,28,28
1713,233,28,28
93,211,28,28
93,36,28,28
1346,1472,28,28
233,1713,28,28
1738,233,28,28
233,1738,28,28
1738,233,28,28
233,1738,28,28
1738,233,28,28
561,1669,28,28
233,1738,28,28
1671,438,28,28
1738,233,28,28
211,93,28,28
233,1738,28,28
1713,233,28,28
561,95,28,28
233,1713,28,28
1713,561,28,28
1713,233,28,28
1738,233,28,28
431,561,28,28
431,85,28,28
431,1644,28,28
1644,431,28,28
233,1738,28,28
233,1713,28,28
361,1436,28,28
1713,233,28,28
561,1713,28,28
561,431,28,28
1713,561,28,28
1136,233,28,28
1742,211,28,28
233,1136,28,28
36,93,28,28
1669,1540,28,28
1669,561,28,28
341,1395,28,28
783,1741,28,28
1387,95,28,28
1472,1346,28,28
1346,1472,28,28
1423,1669,28,28
431,1644,28,28
431,561,28,28
1748,67,28,28
1406,1748,28,28
1013,233,28,28
1748,1406,28,28
1748,1406,28,28
1667,620,28,28
843,193,28,28
1406,1748,28,28
1748,1406,28,28
1406,1748,28,28
1406,1744,28,28
1285,27,28,28
1285,8,28,28
1285,1565,28,28
1545,1332,28,28
1713,1585,28,28
447,95,28,28
447,398,28,28
447,398,28,28
1741,783,28,28
1724,1713,28,28
1724,1543,28,28
398,447,28,28
1744,1406,28,28
1713,1724,28,28
1647,1713,28,28
1647,1669,28,28
1669,1647,28,28
1669,1423,28,28
1543,1712,28,28
1543,1739,28,28
1472,1346,28,28
1713,1647,28,28
1346,1472,28,28
8,1285,28,28
518,1488,29,29
1136,233,29,29
12,1312,29,29
12,1312,29,29
1198,1746,29,29
367,1346,29,29
211,1742,29,29
1644,431,29,29
1346,367,29,29
1724,1713,29,29
1312,12,29,29
12,1312,29,29
1312,12,29,29
12,1312,29,29
12,1312,29,29
1312,12,29,29
1312,12,29,29
1338,9,29,29
1338,67,29,29
1338,341,29,29
1742,211,29,29
1713,1724,29,29
1713,1313,29,29
1338,1042,29,29
346,1644,29,29
1231,984,29,29
288,1440,29,29
1713,1742,29,29
1644,346,29,29
233,1676,29,29
233,1676,29,29
233,1676,29,29
233,1136,29,29
42,249,29,29
1285,8,29,29
1712,1572,29,29
1713,1563,29,29
1132,1285,29,29
234,969,29,29
1285,1132,29,29
1132,1285,29,29
1285,1132,29,29
1487,620,29,29
1132,1285,29,29
1487,1520,29,29
1285,1132,29,29
1724,1713,29,29
1132,1285,29,29
708,281,29,29
1285,1132,29,29
32,1132,29,29
32,1072,29,29
1136,233,29,29
969,234,29,29
1282,1647,29,29
969,847,29,29
969,739,29,29
346,1644,29,29
749,474,29,29
557,1644,29,29
474,749,29,29
431,1644,29,29
1339,474,29,29
431,1624,29,29
601,400,29,29
1489,249,29,29
9,1343,29,29
1489,878,29,29
9,788,29,29
9,1338,29,29
674,1338,29,29
674,168,29,29
378,812,29,29
1624,431,29,29
878,1489,29,29
1423,1669,29,29
561,1713,29,29
1750,1338,29,29
561,431,29,29
447,398,29,29
1132,9,29,29
1734,1436,29,29
454,1669,29,29
212,1343,29,29
644,1749,29,29
1741,277,29,29
1280,768,29,29
211,36,29,29
1741,297,29,29
341,1338,29,29
1741,1282,29,29
1741,475,29,29
1741,475,29,29
1741,475,29,29
1741,475,29,29
36,211,29,29
431,1624,29,29
8,1285,29,29
1741,1497,29,29
1741,899,29,29
431,561,29,29
1487,974,29,29
1436,1734,29,29
1669,454,29,29
1669,1423,29,29
189,44,29,29
1741,537,29,29
1669,974,29,29
1579,1667,29,29
1741,783,29,29
1741,783,29,29
431,1579,29,29
822,727,29,29
727,822,29,29
822,727,29,29
644,8,29,29
504,1740,29,29
3,176,29,29
3,199,29,29
3,374,29,29
3,252,29,29
3,242,29,29
3,475,29,29
3,652,29,29
3,288,29,29
1713,3,29,29
3,172,29,29
3,1190,29,29
3,640,29,29
3,26,29,29
3,1103,29,29
3,1167,29,29
3,72,29,29
3,32,29,29
3,68,29,29
3,1371,29,29
3,498,29,29
3,790,29,29
3,1154,29,29
3,1662,29,29
3,881,29,29
3,840,29,29
3,302,29,29
3,2,29,29
3,62,29,29
3,1185,29,29
3,1185,29,29
3,308,29,29
3,846,29,29
3,1110,29,29
3,32,29,29
3,865,29,29
3,697,29,29
3,740,29,29
3,1237,29,29
3,1340,29,29
3,1340,29,29
3,408,29,29
3,26,29,29
3,700,29,29
3,700,29,29
3,249,29,29
3,1117,29,29
3,1620,29,29
3,1344,29,29
3,810,29,29
3,1231,29,29
3,782,29,29
3,1315,29,29
3,800,29,29
3,1751,29,29
3,1440,29,29
3,1281,29,29
3,224,29,29
3,569,29,29
3,645,29,29
3,249,29,29
3,687,29,29
3,482,29,29
3,752,29,29
3,1270,29,29
3,1127,29,29
3,1237,29,29
3,1352,29,29
3,731,29,29
3,1335,29,29
3,2,29,29
3,2,29,29
3,681,29,29
3,1415,29,29
3,545,29,29
3,26,29,29
3,1349,29,29
3,823,29,29
3,823,29,29
3,243,29,29
3,477,29,29
3,794,29,29
3,1189,29,29
3,394,29,29
3,569,29,29
3,711,29,29
3,1412,29,29
3,933,29,29
3,42,29,29
3,173,29,29
3,1317,29,29
3,1713,29,29
1713,3,29,29
3,1713,29,29
1713,3,29,29
3,1713,29,29
1314,1346,29,29
1713,1344,29,29
1644,431,29,29
1644,346,29,29
847,969,29,29
1624,431,29,29
27,1285,29,29
1190,394,29,29
32,3,29,29
67,1338,29,29
969,847,29,29
1359,1343,29,29
8,644,29,29
1540,1669,29,29
495,1406,29,29
431,1644,29,29
431,1624,29,29
1579,431,29,29
1667,1579,29,29
1624,431,29,29
127,1072,29,29
127,233,29,29
95,561,29,29
127,1724,29,29
398,447,29,29
127,1050,29,29
127,809,29,29
127,1021,29,29
127,1338,29,29
127,1312,29,29
127,1198,29,29
127,495,29,29
319,317,29,29
12,1312,29,29
9,1132,29,29
95,319,29,29
1312,12,29,29
1312,127,29,29
127,1312,29,29
319,95,29,29
85,1434,29,29
211,36,29,29
211,1742,29,29
95,319,29,29
1406,495,29,29
1655,1641,29,29
36,211,29,29
1655,1397,29,29
12,1312,29,29
1542,249,29,29
1344,1713,29,29
9,1752,29,29
1749,644,29,29
644,8,29,29
1127,1203,29,29
1647,1669,29,29
1647,1713,29,29
1647,1282,29,29
1647,1132,29,29
1647,724,29,29
1667,969,29,29
8,644,29,29
1282,1647,29,29
969,172,29,29
969,1667,29,29
1132,1647,29,29
172,969,29,29
431,1579,29,29
431,1624,29,29
431,1132,29,29
969,172,29,29
1132,431,29,29
431,1132,29,29
1713,1072,29,29
809,127,29,29
724,1647,29,29
95,1749,29,29
1434,85,29,29
1677,1290,29,29
1312,12,29,29
1203,1127,29,29
431,1111,29,29
1579,1667,29,29
1579,431,29,29
431,1579,29,29
1579,431,29,29
431,1579,29,29
1713,1178,29,29
281,708,29,29
172,969,29,29
127,809,29,29
1669,1540,29,29
1669,1647,29,29
1423,1669,29,29
95,175,29,29
1343,1359,29,29
1343,9,29,29
19,353,29,29
1647,1132,29,29
1647,1282,29,29
1647,724,29,29
1647,1669,29,29
1752,9,29,29
724,1647,29,29
429,191,29,29
1669,1423,29,29
1669,1647,29,29
1669,1655,29,29
1669,429,29,29
1647,724,29,29
1647,1669,29,29
1647,1269,29,29
1423,1669,29,29
708,281,29,29
124,1255,29,29
1472,1489,29,29
1009,27,29,29
1009,1346,29,29
201,143,29,29
1255,124,29,29
9,1343,29,29
9,97,29,29
3,32,29,29
1644,431,29,29
1543,1103,29,29
1543,525,29,29
1543,1724,29,29
1624,431,29,29
1543,969,29,29
124,1255,29,29
1255,124,29,29
431,1644,29,29
431,1624,29,29
175,95,29,29
447,398,29,29
1669,1647,29,29
1669,1423,29,29
27,1009,29,29
454,1669,29,29
1488,518,29,29
143,201,29,29
143,547,29,29
518,1488,29,29
518,1488,29,29
400,1681,29,29
400,8,29,29
400,1169,29,29
1169,400,29,29
1467,309,29,29
1520,1540,29,29
1520,1487,29,29
281,708,29,29
713,1059,29,29
201,143,29,29
12,1312,29,29
1158,1497,29,29
1332,1752,29,29
1655,1669,29,29
1655,48,29,29
1655,32,29,29
189,1742,29,29
189,1749,29,29
189,1749,29,29
189,44,29,29
27,1009,29,29
1423,1669,29,29
652,1130,29,29
309,1467,29,29
1312,12,29,29
12,1312,29,29
1543,1467,29,29
1285,1387,29,29
12,282,29,29
495,127,29,29
495,1406,29,29
1406,495,29,29
724,1647,29,29
1317,3,29,29
768,1280,29,29
1642,822,29,29
1285,27,29,29
1487,1520,29,29
93,36,29,29
32,3,29,29
1724,127,29,29
249,1724,29,29
1724,249,29,29
249,1724,29,29
1488,518,29,29
1488,518,29,29
1489,1472,29,29
127,495,29,29
127,1724,29,29
1724,127,29,29
1724,249,29,29
127,1724,29,29
1079,27,29,29
1079,27,29,29
1079,27,29,29
27,1079,29,29
398,447,29,29
1280,768,29,29
346,1644,29,29
644,8,29,29
447,398,29,29
318,1736,29,29
143,201,29,29
8,644,29,29
323,298,29,29
1647,1669,29,29
1713,1647,29,29
1647,724,29,29
1647,1713,29,29
1669,454,29,29
1669,1655,29,29
1713,1647,29,29
429,1669,29,29
1669,429,29,29
1397,1655,29,29
323,68,29,29
1669,1423,29,29
620,874,29,29
644,8,29,29
1669,1647,29,29
959,699,29,29
8,644,29,29
1198,127,29,29
1113,1493,29,29
783,1741,29,29
201,143,29,29
3,32,29,29
3,1317,29,29
1497,1158,29,29
1713,3,29,29
1713,1497,29,29
3,1713,29,29
1312,12,30,30
1675,32,30,30
1675,67,30,30
277,1741,30,30
1332,27,30,30
27,1332,30,30
27,1285,30,30
211,1742,30,30
1423,1669,30,30
12,1312,30,30
699,959,30,30
143,201,30,30
1742,211,30,30
495,1406,30,30
1713,495,30,30
495,127,30,30
495,1713,30,30
1713,495,30,30
495,1713,30,30
1387,1285,30,30
1079,27,30,30
1059,713,30,30
27,1079,30,30
1190,1488,30,30
1669,1423,30,30
319,95,30,30
617,431,30,30
617,1667,30,30
1285,27,30,30
1290,1677,30,30
1285,1387,30,30
1312,12,30,30
1312,1313,30,30
1313,1312,30,30
1313,1312,30,30
1312,1313,30,30
1313,1312,30,30
1313,1713,30,30
443,32,30,30
176,1436,30,30
431,617,30,30
12,1312,30,30
1312,12,30,30
1158,1497,30,30
1158,1497,30,30
1285,1312,30,30
233,1136,30,30
1535,1753,30,30
1312,1313,30,30
201,143,30,30
724,1647,30,30
1667,617,30,30
1667,969,30,30
32,3,30,30
32,1675,30,30
32,1731,30,30
1493,1113,30,30
1647,724,30,30
1647,1669,30,30
1713,1647,30,30
1647,1713,30,30
1713,1647,30,30
1647,1713,30,30
1713,1647,30,30
1647,1713,30,30
1713,1647,30,30
1647,1713,30,30
1713,1647,30,30
1713,1313,30,30
1647,1713,30,30
644,8,30,30
1436,176,30,30
1669,1647,30,30
1343,9,30,30
1042,1338,30,30
1042,1730,30,30
1406,495,30,30
1713,1647,30,30
1178,1713,30,30
193,118,30,30
249,582,30,30
1231,1667,30,30
1647,1669,30,30
1647,1713,30,30
249,974,30,30
1741,783,30,30
1741,277,30,30
431,1231,30,30
249,437,30,30
42,344,30,30
878,1647,30,30
41,1745,30,30
41,1652,30,30
67,1675,30,30
1730,1042,30,30
788,9,30,30
48,1655,30,30
1009,27,30,30
42,1744,30,30
1540,48,30,30
582,249,30,30
1497,1158,30,30
1497,1158,30,30
3,32,30,30
1748,1406,30,30
3,312,30,30
1136,233,30,30
27,1285,30,30
27,1009,30,30
1744,42,30,30
1423,1669,30,30
1406,1748,30,30
1669,1647,30,30
1669,1423,30,30
1231,431,30,30
95,1387,30,30
95,175,30,30
95,319,30,30
9,788,30,30
312,3,30,30
9,1343,30,30
175,95,30,30
12,1312,30,30
1624,431,30,30
1042,1730,30,30
969,1667,30,30
431,1231,30,30
431,1624,30,30
1730,1042,30,30
233,1136,30,30
233,127,30,30
1624,431,30,30
495,1406,30,30
431,1624,30,30
1312,12,30,30
1624,431,30,30
1748,1406,30,30
1406,495,30,30
1406,1748,30,30
1343,9,30,30
27,620,30,30
1474,1493,30,30
1285,27,30,30
525,1543,30,30
431,1624,30,30
1748,1406,30,30
483,189,30,30
1406,1748,30,30
1748,1406,30,30
1644,346,30,30
1406,1748,30,30
724,1647,30,30
1009,27,30,30
1647,878,30,30
1647,1669,30,30
1647,724,30,30
1423,1669,30,30
620,27,30,30
27,620,30,30
1520,1487,30,30
1493,1474,30,30
1669,1423,30,30
620,27,30,30
1253,644,30,30
1158,1497,30,30
1158,1497,30,30
1675,67,30,30
1644,431,30,30
874,620,30,30
874,620,30,30
561,431,30,30
620,874,30,30
561,95,30,30
1395,1113,30,30
36,211,30,30
211,36,30,30
431,1644,30,30
431,561,30,30
1423,1669,30,30
874,620,30,30
620,874,30,30
1669,1423,30,30
812,378,30,30
874,620,30,30
27,1285,30,30
27,1009,30,30
95,561,30,30
319,95,30,30
95,175,30,30
95,319,30,30
1127,1203,30,30
1543,1724,30,30
697,214,30,30
1136,233,30,30
440,1384,30,30
997,415,30,30
1423,1669,30,30
495,1406,30,30
214,697,30,30
1669,1423,30,30
233,1136,30,30
233,193,30,30
415,997,30,30
193,233,30,30
191,429,30,30
233,193,30,30
724,1647,30,30
1497,1158,31,31
85,1434,31,31
561,431,31,31
561,95,31,31
1423,1669,31,31
431,561,31,31
95,561,31,31
697,214,31,31
1488,1190,31,31
1669,1423,31,31
1746,1730,31,31
1434,85,31,31
1158,1497,31,31
3,312,31,31
67,3,31,31
249,67,31,31
1190,1488,31,31
1644,1754,31,31
1647,878,31,31
1647,724,31,31
144,12,31,31
144,9,31,31
847,561,31,31
561,431,31,31
561,95,31,31
561,847,31,31
561,1713,31,31
673,1253,31,31
1755,642,31,31
1406,495,31,31
1713,561,31,31
1724,1543,31,31
1409,443,31,31
1409,167,31,31
878,1647,31,31
189,483,31,31
483,189,31,31
1667,654,31,31
1346,1314,31,31
495,1406,31,31
1655,48,31,31
1655,719,31,31
474,1285,31,31
1285,474,31,31
1285,1312,31,31
474,1285,31,31
1285,474,31,31
621,924,31,31
621,1647,31,31
621,924,31,31
474,1285,31,31
1748,1406,31,31
1748,799,31,31
429,191,31,31
847,561,31,31
431,561,31,31
431,1316,31,31
1316,431,31,31
1072,1158,31,31
431,1316,31,31
1632,1039,31,31
3,144,31,31
1756,1655,31,31
1312,12,31,31
1713,1585,31,31
561,1713,31,31
561,847,31,31
561,431,31,31
749,474,31,31
431,561,31,31
1543,1724,31,31
191,429,31,31
312,3,31,31
1740,504,31,31
788,9,31,31
12,144,31,31
12,1312,31,31
249,495,31,31
308,1655,31,31
1436,1757,31,31
561,431,31,31
431,561,31,31
1626,1624,31,31
431,1731,31,31
1731,32,31,31
144,3,31,31
144,12,31,31
12,144,31,31
144,12,31,31
12,144,31,31
144,1758,31,31
144,12,31,31
12,144,31,31
144,12,31,31
12,144,31,31
144,12,31,31
719,1655,31,31
12,144,31,31
144,12,31,31
12,144,31,31
144,12,31,31
1713,788,31,31
12,144,31,31
144,12,31,31
12,144,31,31
12,1255,31,31
346,1749,31,31
1624,1626,31,31
308,254,31,31
1312,12,31,31
9,788,31,31
9,144,31,31
9,1343,31,31
429,191,31,31
144,9,31,31
1741,277,31,31
1741,391,31,31
1741,784,31,31
1741,277,31,31
1741,1380,31,31
1741,1497,31,31
1741,1282,31,31
1741,475,31,31
1741,773,31,31
1741,1391,31,31
1741,588,31,31
1741,1673,31,31
118,193,31,31
249,144,31,31
468,1748,31,31
1647,878,31,31
1647,621,31,31
1676,233,31,31
1676,233,31,31
525,211,31,31
95,561,31,31
727,561,31,31
1533,1489,31,31
1749,346,31,31
1673,1741,31,31
970,1748,31,31
3,312,31,31
3,1728,31,31
3,1738,31,31
3,27,31,31
3,249,31,31
3,970,31,31
1467,309,32,32
1655,719,32,32
1285,27,32,32
9,144,32,32
9,1655,32,32
9,1467,32,32
9,1731,32,32
9,1489,32,32
9,97,32,32
9,8,32,32
9,1255,32,32
9,1308,32,32
1308,9,32,32
9,1308,32,32
9,1759,32,32
9,1760,32,32
9,1749,32,32
1308,9,32,32
1308,9,32,32
9,1742,32,32
9,1308,32,32
9,1719,32,32
9,1753,32,32
1308,9,32,32
8,9,32,32
9,1308,32,32
9,8,32,32
1308,9,32,32
9,1308,32,32
191,429,32,32
8,9,32,32
9,8,32,32
9,1308,32,32
1308,9,32,32
8,9,32,32
621,1647,32,32
1655,9,32,32
1285,1731,32,32
1285,8,32,32
8,1285,32,32
1741,1673,32,32
1741,277,32,32
1255,12,32,32
1255,9,32,32
1313,1713,32,32
810,233,32,32
27,1285,32,32
810,1338,32,32
308,674,32,32
1346,1314,32,32
1758,144,32,32
1731,9,32,32
193,118,32,32
193,118,32,32
312,3,32,32
474,749,32,32
1754,1644,32,32
144,1758,32,32
175,95,32,32
346,1655,32,32
175,95,32,32
494,389,32,32
1343,9,32,32
995,27,32,32
1644,1754,32,32
995,1749,32,32
447,395,32,32
995,318,32,32
995,318,32,32
1113,1493,32,32
1644,995,32,32
249,447,32,32
144,1761,32,32
1113,1395,32,32
995,1644,32,32
1644,995,32,32
995,1644,32,32
1644,995,32,32
995,1644,32,32
1644,995,32,32
995,1644,32,32
1644,995,32,32
1497,1158,32,32
995,1644,32,32
249,1497,32,32
995,1644,32,32
1644,995,32,32
27,995,32,32
1644,995,32,32
995,1644,32,32
995,1644,32,32
995,27,32,32
1754,1644,32,32
1253,673,32,32
810,175,32,32
1762,1281,32,32
1758,144,32,32
67,318,32,32
67,713,32,32
67,97,32,32
67,97,32,32
67,97,32,32
1346,1678,32,32
1678,1346,32,32
1678,475,32,32
3,312,32,32
1756,713,32,32
1756,1644,32,32
1756,1375,32,32
518,1346,32,32
768,1280,32,32
1467,9,32,32
1121,142,32,32
12,1255,32,32
12,1312,32,32
12,1313,32,32
12,1387,32,32
1346,1678,32,32
312,1,32,32
1493,1113,32,32
1280,768,32,32
1281,1762,32,32
431,1497,32,32
308,1762,32,32
1127,1665,32,32
1127,997,32,32
1568,1585,32,32
175,810,32,32
509,1026,32,32
1644,1756,32,32
823,242,32,32
249,44,32,32
810,175,32,32
44,249,32,32
249,44,32,32
44,249,32,32
175,810,32,32
9,1467,32,32
9,1343,32,32
9,1731,32,32
9,1255,32,32
9,1655,32,32
9,1308,32,32
1762,308,32,32
1762,1281,32,32
1281,1762,32,32
810,175,32,32
175,810,32,32
67,1346,32,32
67,1239,32,32
308,1762,32,32
1343,9,32,32
1343,3,32,32
1343,12,32,32
1343,12,32,32
9,1343,32,32
9,1387,32,32
9,1265,32,32
9,1763,32,32
9,1763,32,32
9,1763,32,32
9,1763,32,32
9,1763,32,32
9,724,32,32
561,431,32,32
561,95,32,32
561,727,32,32
12,143,32,32
12,1343,32,32
12,9,32,32
9,12,32,32
9,12,32,32
143,12,32,32
429,191,32,32
12,143,32,32
12,1763,32,32
1763,12,32,32
12,1763,32,32
12,1313,32,32
1313,12,32,32
12,1313,32,32
1313,12,32,32
1395,1113,32,32
1395,1746,32,32
12,1313,32,32
1313,12,32,32
12,1313,32,32
1313,12,32,32
12,1313,32,32
1313,12,32,32
12,1313,32,32
1313,12,32,32
12,1313,32,32
1313,12,32,32
1313,12,32,32
12,1313,32,32
12,547,32,32
1313,12,32,32
1647,621,32,32
12,1313,32,32
1255,9,32,32
12,1313,32,32
1313,12,32,32
1009,27,32,32
161,1255,32,32
483,1408,32,32
1762,308,32,32
1762,1281,32,32
810,175,32,32
843,1237,32,32
1346,1314,32,32
810,175,32,32
9,1255,32,32
1493,1113,32,32
9,847,32,32
27,1009,32,32
144,1758,32,32
431,561,32,32
615,1764,32,32
1673,161,32,32
1758,144,32,32
143,12,32,32
67,1034,32,32
1158,1072,32,32
1158,1497,32,32
72,1765,32,32
1253,1157,32,32
1678,779,32,32
582,27,32,32
3,1343,32,32
242,823,32,32
255,1,32,32
1,255,32,32
1281,1762,32,32
1762,1281,32,32
1255,1673,32,32
1255,1673,32,32
1308,9,32,32
1255,161,32,32
495,249,32,32
9,1308,32,32
175,810,32,32
27,582,32,32
191,429,32,32
1265,9,32,32
1716,1308,32,32
1756,1644,32,32
443,1409,32,32
9,1265,32,32
582,1678,32,32
1763,12,32,32
1265,9,32,32
810,175,32,32
1644,1756,32,32
1644,1754,32,32
1308,1716,32,32
1308,9,32,32
1127,1350,32,32
1127,547,32,32
1285,27,32,32
652,52,32,32
12,1763,32,32
144,1758,32,32
1359,1343,32,32
547,1127,32,32
1754,1644,32,32
12,1313,32,32
12,143,32,32
12,8,32,32
1343,9,32,32
1343,1359,32,32
1343,12,32,32
1343,3,32,32
1343,12,32,32
1312,12,32,32
12,1312,32,32
1713,1312,32,32
12,1343,32,32
1758,144,32,32
1312,12,32,32
12,1312,32,32
617,431,32,32
1678,711,32,32
1678,711,32,32
431,617,32,32
1667,1280,32,32
1748,468,32,32
1748,970,32,32
9,1343,32,32
1343,12,32,32
9,1308,32,32
1343,9,32,32
799,1748,32,32
1281,1762,32,32
19,1181,32,32
19,8,32,32
8,19,32,32
429,191,32,32
429,242,32,32
1741,475,32,32
1280,1667,32,32
674,1280,32,32
194,9,32,32
1678,328,32,32
1391,1741,32,32
242,429,32,32
27,1285,32,32
3,1,32,32
1312,12,33,33
1644,1754,33,33
1698,1644,33,33
1756,1644,33,33
1756,69,33,33
1756,69,33,33
1756,69,33,33
1756,1312,33,33
1756,1403,33,33
1762,308,33,33
175,810,33,33
1313,12,33,33
582,27,33,33
27,582,33,33
308,1762,33,33
582,27,33,33
810,175,33,33
1359,1343,33,33
1342,1359,33,33
1359,1342,33,33
1403,1756,33,33
1756,1403,33,33
1253,812,33,33
1545,809,33,33
1644,1698,33,33
1644,1756,33,33
1308,9,33,33
312,1,33,33
194,199,33,33
194,295,33,33
809,1545,33,33
1127,1260,33,33
429,242,33,33
1127,547,33,33
1127,1034,33,33
1127,142,33,33
1312,1756,33,33
1762,308,33,33
144,1758,33,33
48,1540,33,33
52,652,33,33
9,194,33,33
9,1343,33,33
9,1308,33,33
1346,9,33,33
1343,9,33,33
1343,1359,33,33
242,429,33,33
1754,1644,33,33
1713,1308,33,33
1713,233,33,33
233,1713,33,33
1713,233,33,33
233,1713,33,33
1713,233,33,33
233,1713,33,33
233,1676,33,33
1713,233,33,33
233,1713,33,33
1713,233,33,33
799,1475,33,33
175,810,33,33
1758,144,33,33
843,1237,33,33
1644,1754,33,33
970,1748,33,33
277,252,33,33
1280,1738,33,33
624,595,33,33
1716,1308,33,33
1716,1308,33,33
191,429,33,33
1493,1113,33,33
9,1343,33,33
9,1346,33,33
144,1758,33,33
1113,1493,33,33
1346,9,33,33
1493,1113,33,33
1509,1669,33,33
318,995,33,33
561,431,33,33
561,95,33,33
727,1280,33,33
810,175,33,33
431,561,33,33
1762,308,33,33
1253,1744,33,33
1285,27,33,33
1,312,33,33
1738,1280,33,33
1669,1509,33,33
3,32,33,33
1,1655,33,33
1343,9,33,33
1758,144,33,33
1698,1644,33,33
309,1467,33,33
1280,727,33,33
175,810,33,33
429,191,33,33
308,1762,33,33
1253,984,33,33
1253,549,33,33
1644,1698,33,33
1310,561,33,33
727,1280,33,33
1253,1765,33,33
1026,509,33,33
1741,1391,33,33
1713,809,33,33
9,1346,33,33
9,1343,33,33
1749,1063,33,33
595,1101,33,33
595,1101,33,33
1762,308,33,33
1346,9,33,33
1,312,33,33
3,1,33,33
1,3,33,33
1,3,33,33
1744,1253,33,33
3,1,33,33
1,3,33,33
3,1,33,33
809,1713,33,33
1655,1,33,33
12,1313,33,33
12,1312,33,33
12,1343,33,33
1313,12,33,33
856,1117,33,33
312,1,33,33
1,312,33,33
9,1346,33,33
9,1255,33,33
1346,9,33,33
9,1346,33,33
193,1362,33,33
1308,1713,33,33
1308,1716,33,33
12,1313,33,33
810,175,33,33
175,810,33,33
1312,12,33,33
1647,233,33,33
1647,749,33,33
1713,809,33,33
644,143,33,33
768,774,33,33
1253,1744,33,33
1281,1762,33,33
12,1312,33,33
711,1678,33,33
1313,12,33,33
1676,233,33,33
1748,970,33,33
1748,172,33,33
32,3,33,33
389,494,33,33
42,1329,33,33
1329,42,33,33
42,1329,33,33
42,1731,33,33
1748,1440,33,33
144,1758,33,33
1748,1075,33,33
1075,1748,33,33
143,644,33,33
1343,12,33,33
1748,1075,33,33
1343,9,33,33
970,1748,33,33
970,1641,33,33
970,774,33,33
970,298,33,33
1314,1346,33,33
1023,1766,33,33
271,277,33,33
271,638,33,33
271,713,33,33
443,42,33,33
298,970,33,33
995,318,33,33
1765,1253,33,33
995,318,33,33
1765,72,33,33
1181,19,33,33
9,1343,33,33
9,67,33,33
191,429,33,33
1255,42,33,33
1765,1253,33,33
1762,1281,33,33
1280,727,33,33
1713,1195,33,33
1624,48,33,33
48,1624,33,33
1742,211,33,33
67,9,33,33
67,1767,33,33
67,1768,33,33
67,1769,33,33
67,1760,33,33
67,1749,33,33
1042,1338,33,33
970,710,33,33
1253,1765,33,33
3,32,33,33
3,32,33,33
1346,1314,33,33
1312,12,33,33
1677,1290,34,34
1756,1644,34,34
1756,1312,34,34
1403,1756,34,34
1748,970,34,34
1281,1762,34,34
27,582,34,34
27,1285,34,34
1042,67,34,34
1042,1730,34,34
561,431,34,34
1624,48,34,34
561,1310,34,34
1713,561,34,34
167,1758,34,34
1765,1253,34,34
431,561,34,34
211,1742,34,34
1762,1281,34,34
1762,308,34,34
1762,308,34,34
1742,211,34,34
312,1,34,34
1509,1744,34,34
1,312,34,34
1281,1762,34,34
105,713,34,34
105,1624,34,34
105,42,34,34
105,1644,34,34
308,1762,34,34
1624,105,34,34
1644,105,34,34
1644,1756,34,34
12,1312,34,34
12,1343,34,34
12,1312,34,34
1756,1644,34,34
1756,8,34,34
1644,1756,34,34
1756,1644,34,34
1130,652,34,34
67,710,34,34
8,1756,34,34
1756,8,34,34
810,175,34,34
8,1756,34,34
105,1644,34,34
105,1624,34,34
494,389,34,34
233,1647,34,34
233,1676,34,34
1624,105,34,34
1343,12,34,34
1676,233,34,34
12,1343,34,34
1343,12,34,34
1343,9,34,34
12,1343,34,34
582,27,34,34
1343,12,34,34
12,1343,34,34
1343,12,34,34
1310,561,34,34
1285,27,34,34
1644,1756,34,34
1644,105,34,34
1285,1312,34,34
12,1343,34,34
12,1313,34,34
12,1644,34,34
12,27,34,34
1313,1285,34,34
1644,12,34,34
12,1644,34,34
1644,12,34,34
12,1644,34,34
727,1280,34,34
1644,12,34,34
1440,1748,34,34
1343,12,34,34
1312,12,34,34
1312,1756,34,34
1312,12,34,34
1034,1624,34,34
44,1669,34,34
12,1644,34,34
12,1312,34,34
12,1343,34,34
27,12,34,34
12,27,34,34
12,67,34,34
1624,1034,34,34
1624,48,34,34
1762,1281,34,34
1758,144,34,34
9,1343,34,34
1678,1118,34,34
1644,12,34,34
172,1748,34,34
32,3,34,34
1343,12,34,34
1343,9,34,34
9,1343,34,34
32,1042,34,34
1238,32,34,34
1343,9,34,34
32,1238,34,34
9,1343,34,34
32,9,34,34
9,32,34,34
9,32,34,34
1238,32,34,34
1343,9,34,34
9,1343,34,34
1343,9,34,34
1343,9,34,34
9,1343,34,34
9,1343,34,34
9,1343,34,34
1343,9,34,34
1343,9,34,34
9,1343,34,34
9,1343,34,34
1343,9,34,34
9,1343,34,34
9,1343,34,34
9,1118,34,34
144,1758,34,34
95,561,34,34
1280,727,34,34
95,175,34,34
1762,308,34,34
67,1770,34,34
48,1624,34,34
189,358,34,34
189,443,34,34
189,1749,34,34
105,1644,34,34
105,1624,34,34
3,32,34,34
105,1624,34,34
105,1624,34,34
105,474,34,34
189,708,34,34
189,44,34,34
1756,8,34,34
1756,1403,34,34
1756,1644,34,34
1756,1312,34,34
27,12,34,34
27,1285,34,34
1624,48,34,34
1624,105,34,34
1686,27,34,34
27,1686,34,34
1686,27,34,34
27,1686,34,34
1312,1756,34,34
1312,12,34,34
105,1624,34,34
67,394,34,34
67,394,34,34
105,1027,34,34
105,1518,34,34
1644,105,34,34
1644,1756,34,34
1686,1644,34,34
105,1644,34,34
1644,1686,34,34
1686,1644,34,34
1644,105,34,34
1644,1686,34,34
1686,1644,34,34
105,1644,34,34
1644,1686,34,34
1644,105,34,34
105,1644,34,34
1644,1758,34,34
105,474,34,34
1644,105,34,34
105,1655,34,34
105,1644,34,34
105,1641,34,34
1644,105,34,34
105,1644,34,34
105,1118,34,34
105,44,34,34
105,474,34,34
1644,105,34,34
105,1485,34,34
105,1644,34,34
105,9,34,34
1644,105,34,34
1281,1762,34,34
44,105,34,34
1281,1771,34,34
1676,233,34,34
105,44,34,34
105,1644,34,34
95,1452,34,34
1756,1644,34,34
12,1312,34,34
12,27,34,34
1669,44,34,34
27,12,34,34
429,191,34,34
191,429,34,34
1713,1195,34,34
1624,105,34,34
308,1762,34,34
1771,1281,34,34
1118,9,34,34
1118,1678,34,34
1118,105,34,34
1285,1313,34,34
1285,1190,34,34
1467,309,34,34
277,271,34,34
9,1118,34,34
9,8,34,34
1118,9,34,34
474,105,34,34
1281,1771,34,34
1644,105,34,34
1644,1756,34,34
12,27,34,34
1312,1313,34,34
97,9,34,34
749,1647,34,34
673,1253,34,34
1762,308,34,34
1762,245,34,34
673,1253,34,34
1565,27,34,34
8,9,34,34
1713,617,34,34
105,1624,34,34
105,1118,34,34
105,474,34,34
105,1644,34,34
617,1713,34,34
1713,617,34,34
175,810,34,34
1118,105,34,34
1395,1772,34,34
1667,105,34,34
1772,1395,34,34
1667,1118,34,34
32,9,34,34
1713,1585,34,34
67,1042,34,34
1713,525,34,34
32,9,34,34
32,9,34,34
32,12,34,34
525,1713,34,34
1313,1312,34,34
1253,673,34,34
809,1713,34,34
809,642,34,34
1647,749,34,34
1667,942,34,34
474,105,34,34
67,256,34,34
67,474,34,34
1686,256,34,34
1624,105,34,34
1034,1313,34,34
1731,9,34,34
1731,42,34,34
474,67,34,34
1624,48,34,34
984,1208,34,34
1059,713,34,34
67,1344,34,34
429,191,34,34
810,175,34,34
1313,1034,34,34
67,1675,34,34
674,1253,34,34
1713,1493,34,34
191,429,34,34
44,1669,34,34
189,144,34,34
1773,679,34,34
1545,809,34,34
1344,67,34,34
1312,1313,34,34
27,12,34,34
1312,1344,34,34
1756,1644,34,34
1489,1533,34,34
1756,286,34,34
1756,286,34,34
1756,286,34,34
1756,286,34,34
1756,1130,34,34
1756,1130,34,34
1756,1130,34,34
1756,1130,34,34
1756,525,34,34
1756,525,34,34
1395,1772,34,34
9,32,34,34
9,1731,34,34
63,127,34,34
1,312,34,34
9,97,34,34
9,8,34,34
9,1118,34,34
1118,1667,34,34
1118,9,34,34
1344,1312,34,34
1758,144,34,34
1758,1644,34,34
1644,1758,34,34
1644,1756,34,34
429,191,34,34
430,72,34,34
430,144,34,34
430,8,34,34
9,1118,34,34
1118,9,34,34
1118,9,34,34
1756,1644,34,34
1127,319,34,34
561,431,34,34
1716,1308,34,34
1716,1308,34,34
191,429,34,34
679,1773,34,34
561,1310,34,34
1237,843,34,34
1686,1395,34,34
561,95,34,34
561,1713,34,34
697,642,34,34
175,95,34,34
697,1774,34,34
1493,1713,34,34
1312,1344,34,34
1387,9,34,34
1387,12,34,34
1387,95,34,34
431,561,34,34
9,1387,34,34
1034,1313,34,34
1308,1716,34,34
1624,48,34,34
1758,1644,34,34
1772,1395,34,34
175,810,34,34
1238,1472,34,34
749,1647,34,34
1253,674,34,34
561,431,34,34
1644,1758,34,34
1773,679,34,34
710,970,34,34
710,67,34,34
1686,710,34,34
710,1686,34,34
1253,1773,34,34
1686,710,34,34
674,1253,34,34
1762,431,34,34
620,27,34,34
431,561,34,34
431,1762,34,34
1472,1238,34,34
1253,674,34,34
843,1237,34,34
19,8,34,34
19,1181,34,34
674,1253,34,34
852,1775,34,34
1195,1713,34,34
48,1624,34,34
642,809,34,34
642,697,34,34
809,1545,34,34
970,1748,34,34
970,710,34,34
429,191,34,34
67,710,34,34
67,1776,34,34
67,1775,34,34
67,1777,34,34
67,1777,34,34
67,1770,34,34
9,1313,34,34
9,1313,34,34
9,1313,34,34
9,1313,34,34
9,1313,34,34
67,9,34,34
8,9,34,34
1778,234,34,34
1,1779,34,34
1403,1756,34,34
1762,431,35,35
1231,1168,35,35
32,1731,35,35
191,429,35,35
32,443,35,35
32,377,35,35
1756,1403,35,35
1748,970,35,35
1748,172,35,35
1395,1772,35,35
27,620,35,35
1395,1686,35,35
394,1190,35,35
1624,48,35,35
1052,697,35,35
1190,1285,35,35
1190,394,35,35
1052,1238,35,35
652,1130,35,35
95,1387,35,35
95,44,35,35
1281,32,35,35
561,431,35,35
1168,1231,35,35
9,8,35,35
431,1762,35,35
431,561,35,35
9,32,35,35
1285,1190,35,35
525,1756,35,35
44,95,35,35
1756,525,35,35
525,1756,35,35
429,191,35,35
1491,132,35,35
312,1,35,35
1756,525,35,35
1772,1395,35,35
1,312,35,35
1,312,35,35
1313,9,35,35
1313,9,35,35
1313,9,35,35
1313,9,35,35
1313,9,35,35
543,1513,35,35
1231,1168,35,35
1756,474,35,35
697,1052,35,35
697,642,35,35
1758,1644,35,35
474,1756,35,35
525,1756,35,35
1403,1756,35,35
1624,1052,35,35
1647,749,35,35
995,318,35,35
32,1281,35,35
32,9,35,35
105,1624,35,35
1644,1758,35,35
105,1118,35,35
172,1748,35,35
105,1624,35,35
1168,105,35,35
105,1168,35,35
1624,105,35,35
105,1624,35,35
105,1039,35,35
1624,105,35,35
105,1624,35,35
105,1255,35,35
1255,105,35,35
105,1255,35,35
1624,105,35,35
105,1624,35,35
1395,1772,35,35
1772,1395,35,35
1181,19,35,35
1624,105,35,35
105,1624,35,35
1713,593,35,35
621,593,35,35
593,621,35,35
1624,105,35,35
105,1624,35,35
19,1181,35,35
19,1313,35,35
105,19,35,35
1686,1026,35,35
1026,1686,35,35
19,1313,35,35
1686,1026,35,35
19,1026,35,35
1313,19,35,35
1026,1686,35,35
1686,1026,35,35
19,1313,35,35
19,1313,35,35
1026,1686,35,35
1026,1686,35,35
1686,1026,35,35
1118,308,35,35
1026,1686,35,35
1686,1026,35,35
1780,1255,35,35
8,9,35,35
105,557,35,35
105,557,35,35
27,1686,35,35
191,429,35,35
1773,1253,35,35
1253,1773,35,35
1741,593,35,35
42,1255,35,35
42,105,35,35
1756,1403,35,35
1312,1313,35,35
1756,1312,35,35
1312,1756,35,35
1756,474,35,35
1756,1312,35,35
1468,1554,35,35
1686,27,35,35
561,431,35,35
394,1190,35,35
431,561,35,35
9,8,35,35
44,36,35,35
27,1686,35,35
36,44,35,35
1313,19,35,35
1313,9,35,35
1313,1312,35,35
19,1313,35,35
309,1467,35,35
1395,1772,35,35
105,42,35,35
1190,1285,35,35
12,1387,35,35
12,27,35,35
12,1644,35,35
12,1343,35,35
12,1313,35,35
12,1312,35,35
1312,12,35,35
1313,12,35,35
1127,1771,35,35
1313,19,35,35
739,969,35,35
12,1313,35,35
12,1312,35,35
1772,1395,35,35
9,1313,35,35
1052,697,35,35
1052,697,35,35
1338,341,35,35
1052,1338,35,35
1338,9,35,35
1338,1052,35,35
1052,1338,35,35
1338,1052,35,35
1338,1052,35,35
1052,1338,35,35
1052,1338,35,35
1338,1052,35,35
1052,1338,35,35
1285,1190,35,35
1338,1052,35,35
19,1313,35,35
1624,1285,35,35
1190,1285,35,35
1338,341,35,35
1624,1052,35,35
308,1118,35,35
1748,172,35,35
1748,1362,35,35
1313,19,35,35
1313,9,35,35
1118,308,35,35
1313,1624,35,35
1624,1313,35,35
1181,19,35,35
516,1445,35,35
516,1445,35,35
516,1445,35,35
1313,1624,35,35
557,105,35,35
19,1181,35,35
19,1313,35,35
398,27,35,35
1545,809,35,35
342,843,35,35
172,1748,35,35
1313,19,35,35
1771,1127,35,35
1775,67,35,35
1775,852,35,35
105,557,35,35
1713,1775,35,35
1775,1713,35,35
674,1338,35,35
431,483,35,35
19,1313,35,35
431,1585,35,35
431,1771,35,35
431,727,35,35
1238,1052,35,35
1713,1775,35,35
843,342,35,35
652,1728,35,35
1748,172,35,35
561,431,35,35
1052,1624,35,35
1052,1238,35,35
431,561,35,35
431,1039,35,35
1771,431,35,35
1312,12,35,35
27,398,35,35
431,1771,35,35
1127,1771,35,35
1127,1203,35,35
172,1748,35,35
1395,1772,35,35
407,372,35,35
429,191,35,35
12,1312,35,35
344,42,35,35
1362,193,35,35
1362,1748,35,35
308,1118,35,35
1771,1127,35,35
652,862,35,35
1343,12,35,35
1312,12,35,35
1127,36,35,35
1772,1395,35,35
1686,27,35,35
1314,1346,35,35
1758,1644,35,35
1758,167,35,35
105,852,35,35
9,1338,35,35
9,1313,35,35
9,32,35,35
12,1343,35,35
12,1312,35,35
1686,475,35,35
557,302,35,35
302,557,35,35
557,302,35,35
1313,9,35,35
302,557,35,35
621,593,35,35
557,302,35,35
1343,12,35,35
431,495,35,35
431,394,35,35
557,302,35,35
302,557,35,35
398,27,35,35
302,557,35,35
1472,27,35,35
1118,308,35,35
36,1127,35,35
191,429,35,35
105,639,35,35
105,639,35,35
1349,1183,36,36
561,431,36,36
1585,3,36,36
3,1585,36,36
431,561,36,36
32,9,36,36
1127,36,36,36
1312,12,36,36
768,593,36,36
768,1280,36,36
431,969,36,36
969,431,36,36
431,969,36,36
969,431,36,36
969,431,36,36
431,969,36,36
431,1312,36,36
271,277,36,36
1624,1313,36,36
1624,1052,36,36
1716,1308,36,36
1285,1624,36,36
1285,1021,36,36
1181,19,36,36
1009,27,36,36
1009,27,36,36
1312,431,36,36
1052,1624,36,36
1624,1285,36,36
1624,1052,36,36
431,1312,36,36
1285,1624,36,36
1312,431,36,36
431,1312,36,36
1773,1253,36,36
1624,1285,36,36
19,1181,36,36
1280,768,36,36
1253,1773,36,36
198,809,36,36
431,1255,36,36
9,1313,36,36
1285,1624,36,36
32,938,36,36
32,67,36,36
1313,9,36,36
1624,1285,36,36
642,711,36,36
67,1304,36,36
1533,594,36,36
1686,358,36,36
711,642,36,36
358,1686,36,36
1686,358,36,36
431,358,36,36
1686,1624,36,36
358,1686,36,36
358,431,36,36
1686,358,36,36
1758,474,36,36
431,358,36,36
642,711,36,36
358,1686,36,36
358,431,36,36
711,642,36,36
431,358,36,36
474,1758,36,36
19,447,36,36
1052,1624,36,36
812,1253,36,36
1021,1285,36,36
557,302,36,36
377,32,36,36
302,557,36,36
809,198,36,36
1346,1314,36,36
271,27,36,36
271,1644,36,36
1675,67,36,36
1312,431,36,36
1644,12,36,36
27,1686,36,36
27,398,36,36
27,1472,36,36
27,1009,36,36
561,431,36,36
27,271,36,36
431,1312,36,36
431,561,36,36
1161,257,36,36
1314,1346,36,36
1312,431,36,36
431,1312,36,36
1716,1775,36,36
67,1775,36,36
198,809,36,36
9,1313,36,36
431,1190,36,36
1190,431,36,36
431,1190,36,36
1190,431,36,36
431,1190,36,36
809,198,36,36
1775,1716,36,36
1775,67,36,36
12,1644,36,36
12,1312,36,36
12,1343,36,36
42,1255,36,36
95,561,36,36
95,175,36,36
95,44,36,36
768,1280,36,36
1255,431,36,36
431,1255,36,36
51,1775,36,36
233,1676,36,36
233,193,36,36
1312,12,36,36
1312,431,36,36
1775,51,36,36
1313,9,36,36
1313,1034,36,36
1285,1021,36,36
95,868,36,36
105,1312,36,36
431,1312,36,36
674,1724,36,36
193,233,36,36
44,1406,36,36
1406,44,36,36
175,95,36,36
1313,1312,36,36
1624,1686,36,36
296,1565,36,36
1565,296,36,36
51,1775,36,36
1343,12,36,36
766,1513,36,36
44,95,36,36
1624,1781,36,36
516,1724,36,36
674,70,36,36
19,1313,36,36
620,1487,36,36
1562,1565,36,36
1034,1313,36,36
1280,768,36,36
1775,51,36,36
1332,1342,36,36
105,474,36,36
474,105,36,36
105,474,36,36
639,105,36,36
105,639,36,36
639,105,36,36
105,639,36,36
639,105,36,36
1440,1782,36,36
483,431,36,36
3,687,36,36
3,2,36,36
3,234,36,36
3,928,36,36
3,754,36,36
3,1461,36,36
105,639,36,36
1675,32,36,36
1551,1636,36,36
1190,1285,36,36
1021,1285,36,36
1127,1350,36,36
431,483,36,36
1313,1034,36,36
1517,1562,36,36
198,809,36,36
342,975,36,36
1467,309,36,36
1342,1332,36,36
1676,233,36,36
856,1398,36,36
1562,1517,36,36
1282,1741,36,36
1332,1342,36,36
234,1778,36,36
1332,1545,36,36
1332,1313,36,36
1342,1332,36,36
32,1675,36,36
32,377,36,36
32,1781,36,36
32,1565,36,36
1474,1493,36,36
1474,598,36,36
1647,749,36,36
483,431,36,36
1313,1332,36,36
1313,19,36,36
1255,431,36,36
639,105,36,36
105,639,36,36
19,1313,36,36
105,494,36,36
51,1775,36,36
494,105,36,36
494,429,36,36
1002,273,36,36
1731,9,36,36
105,494,36,36
105,358,36,36
260,430,36,36
1493,1474,36,36
12,1312,36,36
1312,12,36,36
12,1312,36,36
1312,12,36,36
12,1312,36,36
1312,12,36,36
1332,1313,36,36
1332,1342,36,36
561,431,36,36
1741,1282,36,36
1748,172,36,36
431,561,36,36
431,1255,36,36
431,483,36,36
494,105,36,36
429,494,36,36
1783,260,36,36
144,1758,36,36
1783,52,36,36
1783,144,36,36
144,1783,36,36
105,494,36,36
144,1783,36,36
561,95,36,36
1783,144,36,36
1313,1332,36,36
144,1472,36,36
561,431,36,36
1781,32,36,36
431,561,36,36
1313,1312,36,36
1713,561,36,36
144,1783,36,36
561,431,36,36
431,561,36,36
144,142,36,36
561,1713,36,36
617,1713,36,36
1713,617,36,36
1724,516,36,36
1783,212,36,36
1724,674,36,36
1332,1313,36,36
868,95,36,36
1332,1781,36,36
1332,1781,36,36
1781,1332,36,36
1332,1781,36,36
1781,1332,36,36
1332,1781,36,36
1255,431,36,36
1781,1332,36,36
32,1781,36,36
1781,32,36,36
1332,1781,36,36
674,1724,36,36
1781,1332,36,36
1332,1781,36,36
1332,1781,36,36
431,1255,36,36
938,32,36,36
1781,1332,36,36
1332,1781,36,36
1332,1436,36,36
1781,1332,36,36
1332,1781,36,36
1781,1332,36,36
1332,1781,36,36
398,27,36,36
1472,144,36,36
1675,32,36,36
393,193,36,36
1440,494,36,36
1346,1314,36,36
42,1440,36,36
42,72,36,36
72,42,36,36
1440,42,36,36
1545,1332,36,36
1713,617,36,36
483,431,36,36
249,483,36,36
1312,1313,37,37
1756,483,37,37
27,398,37,37
1332,1545,37,37
398,27,37,37
1758,144,37,37
494,429,37,37
494,1440,37,37
398,1738,37,37
105,639,37,37
1183,1349,37,37
431,483,37,37
105,308,37,37
358,105,37,37
483,1756,37,37
483,249,37,37
483,431,37,37
431,483,37,37
431,1748,37,37
1748,431,37,37
1748,431,37,37
1748,1472,37,37
1748,830,37,37
1472,1748,37,37
1748,1472,37,37
1748,1472,37,37
105,358,37,37
358,105,37,37
1713,1585,37,37
1585,1713,37,37
1713,1585,37,37
1585,1713,37,37
1713,1585,37,37
483,431,37,37
1313,1332,37,37
642,36,37,37
1783,1585,37,37
1346,1783,37,37
3,1784,37,37
1783,1346,37,37
105,1585,37,37
1313,19,37,37
1346,1783,37,37
1013,398,37,37
1034,1313,37,37
172,1748,37,37
398,1013,37,37
1487,132,37,37
105,1487,37,37
1487,620,37,37
1487,105,37,37
105,398,37,37
105,1487,37,37
1783,1346,37,37
431,483,37,37
431,1748,37,37
1783,1346,37,37
398,105,37,37
1346,1783,37,37
1238,1052,37,37
1434,1313,37,37
1783,1346,37,37
1346,1783,37,37
36,642,37,37
483,431,37,37
27,398,37,37
3,1748,37,37
42,72,37,37
431,483,37,37
483,431,37,37
353,1772,37,37
1052,1238,37,37
431,483,37,37
431,353,37,37
431,429,37,37
431,773,37,37
249,483,37,37
483,431,37,37
483,249,37,37
9,1731,37,37
9,1313,37,37
9,1313,37,37
1,312,37,37
1756,483,37,37
1748,431,37,37
1517,1562,37,37
1517,1562,37,37
1313,1434,37,37
431,483,37,37
431,1748,37,37
431,727,37,37
1783,1346,37,37
1373,710,37,37
132,1487,37,37
27,652,37,37
19,1313,37,37
483,431,37,37
398,27,37,37
483,1756,37,37
308,105,37,37
308,1762,37,37
312,1,37,37
431,483,37,37
483,431,37,37
642,36,37,37
105,308,37,37
105,398,37,37
32,938,37,37
1785,67,37,37
32,1675,37,37
319,1127,37,37
1434,1313,37,37
652,27,37,37
1332,1313,37,37
8,32,37,37
12,1312,37,37
1783,1724,37,37
27,652,37,37
27,398,37,37
1772,353,37,37
1285,32,37,37
8,32,37,37
398,27,37,37
652,27,37,37
271,27,37,37
1748,431,37,37
1785,32,37,37
1724,1783,37,37
1042,67,37,37
32,8,37,37
32,1285,37,37
32,8,37,37
32,1785,37,37
1756,483,37,37
483,1756,37,37
431,1748,37,37
768,1280,37,37
710,1373,37,37
132,1487,37,37
809,198,37,37
1585,1783,37,37
557,302,37,37
1762,308,37,37
1647,494,37,37
639,105,37,37
384,1748,37,37
1280,768,37,37
105,639,37,37
72,42,37,37
1750,1338,37,37
899,101,37,37
1756,483,37,37
1312,12,37,37
27,652,37,37
27,398,37,37
27,271,37,37
483,1756,37,37
1312,1313,37,37
1786,1624,37,37
1786,1344,37,37
1786,1231,37,37
398,27,37,37
652,27,37,37
810,175,37,37
494,1647,37,37
1313,1312,37,37
1313,9,37,37
1313,1332,37,37
1313,19,37,37
70,674,37,37
1748,384,37,37
749,1647,37,37
9,1313,37,37
1312,1313,37,37
975,342,37,37
144,1758,37,37
144,1472,37,37
144,12,37,37
969,1416,37,37
969,1756,37,37
1756,969,37,37
969,1756,37,37
1756,483,37,37
1756,969,37,37
969,1756,37,37
1756,969,37,37
969,1756,37,37
1756,969,37,37
1,312,37,37
12,1312,37,37
1312,12,37,37
12,1312,37,37
1312,12,37,37
12,1312,37,37
1312,12,37,37
1487,132,37,37
1487,132,37,37
809,198,37,37
1545,1332,37,37
1545,1754,37,37
1545,1754,37,37
1545,1754,37,37
1545,1754,37,37
1772,1395,38,38
95,1246,38,38
768,1280,38,38
1758,144,38,38
12,1312,38,38
1332,1313,38,38
1313,1312,38,38
1395,1772,38,38
1313,1332,38,38
1313,9,38,38
1332,1313,38,38
1313,1332,38,38
1772,1395,38,38
474,1786,38,38
144,1758,38,38
19,1313,38,38
19,1645,38,38
19,1645,38,38
1312,1313,38,38
1312,12,38,38
468,1585,38,38
1168,632,38,38
595,1101,38,38
12,1312,38,38
12,144,38,38
429,431,38,38
1312,12,38,38
1246,95,38,38
271,27,38,38
1783,1246,38,38
585,495,38,38
175,810,38,38
12,1312,38,38
1280,768,38,38
233,1676,38,38
438,319,38,38
189,1749,38,38
1,312,38,38
1,3,38,38
810,175,38,38
1169,547,38,38
997,1127,38,38
997,1425,38,38
431,429,38,38
1231,1750,38,38
652,105,38,38
1127,997,38,38
1127,319,38,38
36,44,38,38
1472,144,38,38
495,585,38,38
1215,194,38,38
1731,9,38,38
620,1487,38,38
249,503,38,38
443,32,38,38
67,1781,38,38
175,810,38,38
1585,468,38,38
27,398,38,38
1487,620,38,38
27,652,38,38
27,271,38,38
398,27,38,38
1344,1786,38,38
1647,494,38,38
1786,1344,38,38
1786,474,38,38
429,494,38,38
429,191,38,38
429,431,38,38
503,249,38,38
1644,140,38,38
1644,271,38,38
1644,12,38,38
431,429,38,38
9,1731,38,38
9,1313,38,38
1675,32,38,38
847,1675,38,38
27,398,38,38
95,175,38,38
95,44,38,38
398,27,38,38
398,27,38,38
95,561,38,38
1342,942,38,38
95,868,38,38
95,1246,38,38
342,975,38,38
1349,1183,38,38
1246,95,38,38
652,27,38,38
105,652,38,38
105,1624,38,38
105,1781,38,38
1624,105,38,38
1624,474,38,38
27,398,38,38
1127,1585,38,38
431,1395,38,38
810,175,38,38
105,1624,38,38
1624,105,38,38
105,1624,38,38
652,105,38,38
494,1647,38,38
494,429,38,38
942,1342,38,38
652,105,38,38
27,652,38,38
1342,942,38,38
398,27,38,38
561,95,38,38
291,1787,38,38
291,1787,38,38
191,429,38,38
1788,1771,38,38
1771,1788,38,38
1788,1771,38,38
1771,1788,38,38
1771,719,38,38
1758,144,38,38
674,1789,38,38
97,871,38,38
398,1013,38,38
1312,12,38,38
719,1771,38,38
429,191,38,38
1781,67,38,38
1781,105,38,38
652,27,38,38
1771,719,38,38
1013,398,38,38
398,1013,38,38
191,429,38,38
12,1312,38,38
975,342,38,38
398,1397,38,38
942,1342,38,38
1013,398,38,38
398,1013,38,38
1013,398,38,38
1013,398,38,38
398,1013,38,38
398,1013,38,38
1562,898,38,38
1013,398,38,38
557,1338,38,38
1338,557,38,38
1,1790,38,38
249,503,38,38
1101,595,38,38
1675,847,38,38
1675,847,38,38
1675,1,38,38
1,1675,38,38
1,3,38,38
1675,1,38,38
1,1675,38,38
1675,1,38,38
1676,233,39,39
1312,12,39,39
474,1786,39,39
1543,70,39,39
1543,109,39,39
105,1781,39,39
105,652,39,39
1543,1768,39,39
105,1771,39,39
1395,431,39,39
431,1395,39,39
847,1675,39,39
1786,474,39,39
1342,942,39,39
1786,474,39,39
942,1342,39,39
652,105,39,39
27,398,39,39
27,652,39,39
105,652,39,39
1397,502,39,39
1585,1127,39,39
319,438,39,39
319,1127,39,39
474,1786,39,39
474,1786,39,39
1771,105,39,39
1771,105,39,39
503,249,39,39
1059,713,39,39
398,27,39,39
969,1756,39,39
1756,969,39,39
1771,1285,39,39
1686,27,39,39
1724,1786,39,39
32,1791,39,39
1786,1724,39,39
1786,1255,39,39
1255,1786,39,39
1786,1603,39,39
1786,1491,39,39
1786,1344,39,39
1786,1280,39,39
1280,1786,39,39
1,1675,39,39
140,1644,39,39
189,1749,39,39
969,1756,39,39
1675,1,39,39
1675,847,39,39
105,1675,39,39
1168,1624,39,39
1675,105,39,39
175,810,39,39
1644,140,39,39
27,1686,39,39
105,1675,39,39
1491,1786,39,39
1756,969,39,39
1756,1603,39,39
1756,1130,39,39
105,97,39,39
1724,1786,39,39
105,1724,39,39
1724,105,39,39
1724,1791,39,39
713,1059,39,39
847,1675,39,39
1624,1168,39,39
1059,713,39,39
1127,1603,39,39
1127,1724,39,39
1724,1127,39,39
1127,840,39,39
1724,1127,39,39
1127,1724,39,39
1724,1127,39,39
431,1724,39,39
1724,431,39,39
105,1724,39,39
1285,1771,39,39
105,1724,39,39
431,1724,39,39
768,1280,39,39
1436,1332,39,39
639,105,39,39
652,27,39,39
1285,1190,39,39
1626,1,39,39
1313,9,39,39
1313,9,39,39
713,1059,39,39
810,175,39,39
105,639,39,39
105,398,39,39
494,1436,39,39
1724,431,39,39
398,105,39,39
1724,105,39,39
1509,199,39,39
1509,193,39,39
1792,1285,39,39
1792,1168,39,39
1168,1792,39,39
1792,72,39,39
172,1748,39,39
1792,1168,39,39
1792,520,39,39
1792,1399,39,39
1792,1310,39,39
1792,278,39,39
1792,1583,39,39
1436,494,39,39
1771,1285,39,39
1346,1433,39,39
1792,474,39,39
1280,768,39,39
431,1724,39,39
175,810,39,39
1285,1792,39,39
1285,1771,39,39
9,1313,39,39
9,1313,39,39
1,1626,39,39
1314,1346,39,39
72,1792,39,39
12,1312,39,39
1168,1792,39,39
12,997,39,39
12,9,39,39
12,1343,39,39
1,3,39,39
1031,1739,39,39
1031,707,39,39
1031,831,39,39
1344,1786,39,39
1792,1285,39,39
1792,72,39,39
1792,1168,39,39
1792,1373,39,39
249,503,39,39
1,3,39,39
1,3,39,39
1,3,39,39
1,3,39,39
1,3,39,39
199,1509,39,39
1748,172,39,39
1793,1474,39,39
1543,1215,39,39
1786,1344,39,39
1543,639,39,39
1312,12,39,39
105,1724,39,39
105,398,39,39
105,1792,39,39
105,1756,39,39
1059,713,39,39
1059,713,39,39
474,1792,39,39
1792,474,39,39
27,398,39,39
27,652,39,39
1756,105,39,39
398,105,39,39
398,27,39,39
1127,1794,39,39
1346,1314,39,39
105,398,39,39
105,1756,39,39
27,398,39,39
1756,105,39,39
1756,105,39,39
1756,105,39,39
312,132,39,39
749,1788,39,39
303,1724,39,39
211,1,39,39
211,93,39,39
1285,1792,39,39
398,27,39,39
398,105,39,39
398,697,39,39
1771,1285,39,39
93,211,39,39
1343,12,39,39
1756,1346,39,39
831,1031,39,39
1031,831,39,39
1031,651,39,39
132,312,39,39
1792,1285,39,39
1792,620,39,39
1346,1756,39,39
1021,1449,39,39
286,1756,39,39
856,50,39,39
1724,303,39,39
1724,105,39,39
1724,431,39,39
1297,1771,39,39
1786,1344,39,39
1792,1042,39,39
1792,341,39,39
140,1644,39,39
1,211,39,39
1771,1297,39,39
1,312,39,39
431,1724,39,39
72,1792,39,39
1,1626,39,39
1626,1,39,39
1,1626,39,39
1,1626,39,39
1626,1,39,39
1626,1,39,39
1626,1,39,39
1,1626,39,39
1,1626,39,39
1,1626,39,39
1,1626,39,39
1,3,39,39
1756,1346,40,40
1756,286,40,40
1756,1644,40,40
27,398,40,40
1792,221,40,40
1297,1771,40,40
1543,483,40,40
652,27,40,40
652,105,40,40
1346,1756,40,40
1786,1308,40,40
1543,893,40,40
1543,335,40,40
1543,256,40,40
1543,588,40,40
1543,1214,40,40
1543,1029,40,40
1543,1376,40,40
1543,375,40,40
1543,595,40,40
1543,1255,40,40
1543,561,40,40
1543,874,40,40
1543,840,40,40
105,652,40,40
105,1724,40,40
105,398,40,40
1543,657,40,40
105,1756,40,40
1543,600,40,40
132,1491,40,40
1543,190,40,40
105,713,40,40
105,1543,40,40
1543,1260,40,40
1543,697,40,40
1543,105,40,40
1543,1046,40,40
1543,852,40,40
1756,1346,40,40
1543,523,40,40
1543,1385,40,40
1543,302,40,40
1543,443,40,40
1543,1675,40,40
1543,553,40,40
1543,943,40,40
312,132,40,40
312,1,40,40
3,1793,40,40
1,3,40,40
1,3,40,40
1,3,40,40
1,312,40,40
132,312,40,40
1543,318,40,40
768,1280,40,40
1434,1344,40,40
483,1543,40,40
398,105,40,40
398,27,40,40
398,27,40,40
286,1756,40,40
1255,1543,40,40
494,1436,40,40
583,821,40,40
697,1543,40,40
1756,286,40,40
1647,714,40,40
1756,1436,40,40
1491,132,40,40
1285,1792,40,40
1310,1792,40,40
249,1489,40,40
101,193,40,40
342,588,40,40
342,588,40,40
342,588,40,40
342,588,40,40
342,588,40,40
312,132,40,40
105,1543,40,40
105,398,40,40
318,1543,40,40
318,1285,40,40
1285,318,40,40
398,105,40,40
1724,105,40,40
1724,431,40,40
431,1724,40,40
620,1792,40,40
193,101,40,40
1436,494,40,40
1436,1756,40,40
847,818,40,40
818,847,40,40
398,1136,40,40
443,1543,40,40
847,818,40,40
818,847,40,40
898,1562,40,40
1756,1436,40,40
1756,105,40,40
32,818,40,40
1485,1756,40,40
1436,1756,40,40
1562,898,40,40
874,1543,40,40
1542,818,40,40
852,1543,40,40
105,1756,40,40
105,1724,40,40
105,398,40,40
809,912,40,40
847,818,40,40
398,105,40,40
144,1472,40,40
144,1758,40,40
1786,1255,40,40
3,1795,40,40
1750,1231,40,40
1472,144,40,40
818,1542,40,40
818,32,40,40
818,847,40,40
547,1169,40,40
898,1562,40,40
847,818,40,40
1724,105,40,40
1724,431,40,40
504,1740,40,40
1167,713,40,40
1750,1338,40,40
1750,1246,40,40
1280,768,40,40
1416,969,40,40
431,1724,40,40
32,818,40,40
494,1436,40,40
1562,898,40,40
652,1565,40,40
1724,431,40,40
1168,1750,40,40
105,1724,40,40
1750,1168,40,40
105,398,40,40
1168,1750,40,40
1750,1168,40,40
1542,818,40,40
144,1472,40,40
144,42,40,40
1168,1750,40,40
1183,1349,40,40
1472,144,40,40
105,1349,40,40
95,1796,40,40
95,561,40,40
1786,1585,40,40
1796,95,40,40
95,1796,40,40
105,140,40,40
1786,1344,40,40
67,1796,40,40
302,1543,40,40
1797,1798,40,40
1,3,40,40
1,44,40,40
1,36,40,40
1,3,40,40
341,1792,40,40
1,3,40,40
713,105,41,41
713,1167,41,41
713,1756,41,41
713,1059,41,41
1750,393,41,41
1167,713,41,41
431,1724,41,41
884,713,41,41
561,1543,41,41
342,561,41,41
561,95,41,41
561,342,41,41
561,1310,41,41
561,727,41,41
1127,818,41,41
67,1675,41,41
105,713,41,41
105,398,41,41
1436,494,41,41
997,1127,41,41
997,12,41,41
67,1781,41,41
398,105,41,41
1246,1750,41,41
1543,483,41,41
105,398,41,41
1543,697,41,41
1543,318,41,41
27,652,41,41
1543,443,41,41
1543,852,41,41
1543,561,41,41
1543,1395,41,41
1543,1553,41,41
1342,1081,41,41
697,1543,41,41
1543,1282,41,41
1543,697,41,41
1543,952,41,41
1543,974,41,41
1543,735,41,41
1543,39,41,41
1698,605,41,41
283,277,41,41
1543,1565,41,41
1543,697,41,41
1543,798,41,41
1543,835,41,41
1741,784,41,41
1543,617,41,41
1741,840,41,41
1059,713,41,41
1741,277,41,41
1741,1029,41,41
1741,1029,41,41
1741,391,41,41
1741,975,41,41
1741,59,41,41
1741,626,41,41
1741,523,41,41
1059,713,41,41
1750,1799,41,41
1799,8,41,41
969,1416,41,41
1543,1788,41,41
1799,1750,41,41
494,1436,41,41
342,561,41,41
1792,1285,41,41
1344,1434,41,41
1344,1786,41,41
1792,1310,41,41
1792,620,41,41
768,1280,41,41
1792,341,41,41
44,1800,41,41
1724,431,41,41
1724,105,41,41
95,1788,41,41
95,1789,41,41
561,1543,41,41
431,1724,41,41
561,342,41,41
1416,969,41,41
105,1724,41,41
652,27,41,41
1436,494,41,41
727,561,41,41
969,1756,41,41
342,561,41,41
1724,105,41,41
1724,431,41,41
140,557,41,41
557,140,41,41
818,1127,41,41
818,1542,41,41
818,32,41,41
818,847,41,41
140,557,41,41
483,1543,41,41
557,140,41,41
140,557,41,41
140,1281,41,41
1281,140,41,41
140,1281,41,41
140,1781,41,41
144,1472,41,41
140,557,41,41
1281,140,41,41
557,140,41,41
140,557,41,41
140,1281,41,41
557,140,41,41
1543,561,41,41
105,1724,41,41
341,1792,41,41
1543,483,41,41
1796,67,41,41
1543,1255,41,41
67,1796,41,41
1281,140,41,41
67,657,41,41
657,67,41,41
67,657,41,41
1796,67,41,41
657,67,41,41
67,657,41,41
67,1796,41,41
1231,1750,41,41
1786,1546,41,41
318,1543,41,41
1280,768,41,41
8,1799,41,41
221,1792,41,41
847,818,41,41
821,583,41,41
755,697,41,41
105,27,41,41
105,72,41,41
105,995,41,41
105,353,41,41
483,1543,41,41
1675,105,41,41
1675,847,41,41
1675,1543,41,41
1675,67,41,41
1,312,41,41
1675,32,41,41
1756,1485,41,41
1756,1436,41,41
1756,105,41,41
1756,969,41,41
1756,713,41,41
1127,818,41,41
1127,1796,41,41
1796,95,41,41
1796,1127,41,41
1543,318,41,41
27,105,41,41
1543,1675,41,41
1675,1543,41,41
1543,483,41,41
561,727,41,41
415,997,41,41
561,342,41,41
1750,1796,41,41
1750,561,41,41
561,1543,41,41
561,1750,41,41
342,561,41,41
431,1724,41,41
1,312,41,41
312,1,41,41
1169,547,41,41
1434,1344,41,41
847,1675,41,41
713,1167,41,41
1750,561,41,41
713,1756,41,41
727,561,41,41
713,1059,41,41
105,1756,41,41
105,1675,41,41
1167,713,41,41
1626,312,41,41
318,1543,41,41
27,620,41,41
286,1756,41,41
995,105,41,41
105,995,41,41
1059,713,41,41
105,1783,41,41
1792,341,41,41
1792,221,41,41
1756,713,41,41
1783,393,41,41
1756,286,41,41
1724,431,41,41
1724,105,41,41
561,342,41,41
1781,140,41,41
561,727,41,41
561,1750,41,41
1713,561,41,41
561,431,41,41
1713,561,41,41
175,95,41,41
561,1713,41,41
561,557,41,41
1713,561,41,41
557,561,41,41
818,1127,41,41
1285,1792,41,41
105,1724,41,41
1190,1285,41,41
1190,1111,41,41
1792,1285,41,41
847,1255,41,41
1255,847,41,41
431,561,41,41
1796,221,41,41
431,1796,41,41
431,561,41,41
342,561,41,41
342,1585,41,41
1750,561,41,41
342,843,41,41
843,342,41,41
342,843,41,41
342,843,41,41
1756,1255,41,41
1434,847,41,41
749,1724,41,41
1724,749,41,41
1724,105,41,41
561,1713,41,41
561,557,41,41
561,431,41,41
561,431,41,41
561,342,41,41
727,561,41,41
830,1748,41,41
561,1750,41,41
847,1434,41,41
431,561,41,41
620,27,41,41
1750,561,41,41
27,620,41,41
557,302,41,41
557,561,41,41
1255,1756,41,41
1756,1255,41,41
1756,483,41,41
1542,818,41,41
1,3,41,41
1543,1796,41,41
847,152,41,41
821,483,41,41
1675,847,41,41
847,843,41,41
843,847,41,41
1,652,41,41
483,821,41,41
483,1756,41,41
1,3,41,41
32,1675,41,41
1756,483,41,41
1750,561,41,41
1127,818,41,41
652,1,41,41
1052,1796,41,41
1543,1675,41,41
342,561,41,41
1543,561,41,41
1543,318,41,41
95,175,41,41
95,561,41,41
105,1724,41,41
847,843,41,41
12,997,41,41
1059,713,41,41
1724,105,41,41
105,1724,41,41
312,1626,41,41
1,652,41,41
105,1308,41,41
1724,105,41,41
503,1316,41,41
713,1059,41,41
1255,1756,41,41
1756,1255,41,41
1756,503,41,41
520,1792,41,41
361,1749,41,41
1285,1190,41,41
167,1758,41,41
1543,1343,41,41
1543,1582,41,41
1543,1312,41,41
561,727,41,41
561,431,41,41
1624,1543,41,41
1716,1624,41,41
1624,1716,41,41
561,1750,41,41
561,1750,41,41
561,557,41,41
1801,1802,41,41
561,1750,41,41
1801,1800,41,41
561,342,41,41
561,1543,41,41
557,561,41,41
561,95,41,41
561,557,41,41
431,561,41,41
431,561,41,41
843,847,41,41
342,561,41,41
1434,847,41,41
1312,1543,41,41
1312,1543,41,41
1485,1756,41,41
19,1803,41,41
19,1246,41,41
1246,19,41,41
19,1246,41,41
19,1246,41,41
561,557,41,41
561,431,41,41
1246,19,41,41
557,561,41,41
1542,1246,41,41
1246,1542,41,41
1246,1542,41,41
1542,1246,41,41
1542,1246,41,41
1246,1542,41,41
1542,1246,41,41
1246,1542,41,41
1542,44,41,41
1542,1246,41,41
1246,1542,41,41
1542,1246,41,41
1542,1750,41,41
1750,1542,41,41
1246,1542,41,41
1542,1246,41,41
1542,1246,41,41
1246,1542,41,41
1542,1246,41,41
1246,1542,41,41
1542,1246,41,41
1246,1542,41,41
1542,1246,41,41
1332,1624,41,41
1246,1542,41,41
1783,1246,41,41
1542,1246,41,41
105,1724,41,41
1246,1542,41,41
431,561,41,41
1786,1517,41,41
1517,1786,41,41
1796,431,41,41
1796,1052,41,41
1343,1543,41,41
431,1796,41,41
1343,1517,41,41
1786,1517,41,41
1626,312,41,41
847,1434,41,41
847,843,41,41
847,1675,41,41
1771,1340,41,41
1,3,41,41
1796,67,41,41
1675,847,41,41
1675,32,41,41
1675,1543,41,41
1,3,41,41
1762,1281,41,41
105,1675,41,41
1675,105,41,41
1255,1756,42,42
415,1343,42,42
1756,1485,42,42
1543,1312,42,42
1543,1312,42,42
1543,1624,42,42
1543,561,42,42
1312,1543,42,42
95,1796,42,42
95,1246,42,42
1246,95,42,42
1316,503,42,42
1804,1543,42,42
1543,1804,42,42
1804,1543,42,42
105,1675,42,42
1543,1675,42,42
847,8,42,42
1543,1312,42,42
312,1626,42,42
1624,1332,42,42
1624,1543,42,42
1308,105,42,42
1308,1716,42,42
1543,1316,42,42
1312,1543,42,42
1730,1783,42,42
1789,95,42,42
1542,1246,42,42
1246,1542,42,42
1543,1312,42,42
1542,1246,42,42
1434,847,42,42
1543,1624,42,42
1246,1542,42,42
1624,1543,42,42
821,483,42,42
27,1285,42,42
483,821,42,42
1796,1750,42,42
105,1308,42,42
125,1796,42,42
1713,1246,42,42
125,131,42,42
1783,1730,42,42
843,847,42,42
1246,1713,42,42
561,557,42,42
561,431,42,42
561,1543,42,42
431,561,42,42
561,431,42,42
821,483,42,42
1343,415,42,42
1312,1543,42,42
44,1542,42,42
1796,1343,42,42
431,561,42,42
1686,1796,42,42
1796,1686,42,42
27,1686,42,42
1686,27,42,42
1686,1796,42,42
1796,1686,42,42
1713,868,42,42
1756,144,42,42
1542,44,42,42
144,1756,42,42
1542,1246,42,42
1756,144,42,42
415,1343,42,42
1756,212,42,42
95,1789,42,42
634,1796,42,42
1796,634,42,42
193,1805,42,42
193,1565,42,42
131,125,42,42
1796,95,42,42
634,1796,42,42
1332,1624,42,42
847,1434,42,42
1624,1332,42,42
557,561,42,42
1786,1280,42,42
1332,1585,42,42
27,1686,42,42
145,810,42,42
341,1338,42,42
1308,105,42,42
1,312,42,42
1,3,42,42
1626,312,42,42
1081,1342,42,42
1756,1255,42,42
1543,1624,42,42
1543,561,42,42
1543,1312,42,42
1804,1543,42,42
1804,1543,42,42
1804,1543,42,42
1246,1542,42,42
1624,1543,42,42
1332,1246,42,42
561,1543,42,42
1,312,42,42
681,1792,42,42
681,1789,42,42
1312,1543,42,42
456,143,42,42
727,561,42,42
1312,1543,42,42
1246,1332,42,42
749,1724,42,42
1280,1786,42,42
95,1246,42,42
95,561,42,42
1111,1190,42,42
95,1796,42,42
1603,1127,42,42
312,1626,42,42
1052,1796,42,42
1246,95,42,42
1543,1312,42,42
1543,1624,42,42
1543,561,42,42
36,1,42,42
224,621,42,42
105,1308,42,42
1624,1543,42,42
1332,1246,42,42
1332,713,42,42
1796,1052,42,42
224,1796,42,42
1312,1543,42,42
1724,749,42,42
494,1436,42,42
1246,1332,42,42
503,1756,42,42
503,1316,42,42
503,1316,42,42
621,224,42,42
1750,538,42,42
67,1796,42,42
1542,583,42,42
1509,847,42,42
1332,1246,42,42
1285,27,42,42
95,1246,42,42
95,1246,42,42
1127,1603,42,42
1246,95,42,42
224,770,42,42
224,770,42,42
224,621,42,42
1756,503,42,42
1565,193,42,42
868,95,42,42
95,868,42,42
868,95,42,42
95,868,42,42
868,95,42,42
95,868,42,42
868,95,42,42
95,868,42,42
868,95,42,42
95,868,42,42
868,95,42,42
95,868,42,42
868,95,42,42
1332,1246,42,42
538,615,42,42
1246,1332,42,42
615,538,42,42
105,1789,42,42
1042,1792,42,42
1624,1042,42,42
1624,398,42,42
1624,95,42,42
749,1724,42,42
12,1312,42,42
503,1756,42,42
398,1624,42,42
1312,12,42,42
1624,398,42,42
1783,1624,42,42
1624,1783,42,42
1783,1624,42,42
1783,1624,42,42
1624,1783,42,42
1624,1783,42,42
1783,1624,42,42
1624,1783,42,42
1783,1624,42,42
1542,1246,42,42
1724,749,42,42
1796,224,42,42
193,1565,42,42
1343,1796,42,42
1343,415,42,42
1756,503,42,42
1246,1542,42,42
1624,1756,42,42
621,224,42,42
1517,1786,42,42
1517,1343,42,42
175,95,42,42
1796,125,42,42
12,1312,42,42
12,1343,42,42
12,143,42,42
415,997,42,42
1716,1796,42,42
125,1796,42,42
503,1756,42,42
1542,1246,43,43
415,1343,43,43
561,1543,43,43
561,727,43,43
561,95,43,43
810,145,43,43
810,175,43,43
1285,393,43,43
1343,12,43,43
1343,415,43,43
1343,1517,43,43
95,1624,43,43
1756,1624,43,43
1624,95,43,43
1624,1756,43,43
1756,503,43,43
1756,1624,43,43
503,1756,43,43
393,1285,43,43
1285,393,43,43
175,810,43,43
415,1343,43,43
105,615,43,43
1781,1783,43,43
19,1246,43,43
1373,1792,43,43
105,1373,43,43
105,175,43,43
1343,415,43,43
105,1781,43,43
105,783,43,43
1312,12,43,43
1781,105,43,43
105,1781,43,43
105,1624,43,43
1624,105,43,43
415,1343,43,43
105,1624,43,43
1781,105,43,43
1624,105,43,43
105,1781,43,43
105,1624,43,43
1796,95,43,43
1796,1716,43,43
105,32,43,43
32,105,43,43
105,32,43,43
32,1675,43,43
32,1789,43,43
32,125,43,43
1783,1781,43,43
1781,1783,43,43
1783,1781,43,43
1781,1783,43,43
1783,1781,43,43
1781,1783,43,43
615,105,43,43
1783,1781,43,43
1781,1783,43,43
1783,1781,43,43
105,615,43,43
1781,1783,43,43
1783,1781,43,43
1781,1783,43,43
1783,1781,43,43
1781,1783,43,43
1783,1781,43,43
1781,1783,43,43
1783,1781,43,43
1781,1783,43,43
1398,856,43,43
1783,1781,43,43
1781,1783,43,43
1783,1781,43,43
32,1255,43,43
32,105,43,43
105,32,43,43
1585,1332,43,43
1585,1280,43,43
105,1585,43,43
1585,105,43,43
105,1585,43,43
105,44,43,43
1343,415,43,43
1543,1312,43,43
1312,1543,43,43
1543,561,43,43
1312,1543,43,43
1543,1312,43,43
1312,1543,43,43
1543,1312,43,43
1543,1312,43,43
1312,1543,43,43
1312,1543,43,43
1543,1312,43,43
1543,1312,43,43
1312,1543,43,43
95,1246,43,43
1312,1543,43,43
1543,1312,43,43
1312,1543,43,43
1312,1543,43,43
1543,1312,43,43
1312,1543,43,43
1543,1312,43,43
1312,1543,43,43
1543,1312,43,43
1312,1543,43,43
95,1796,43,43
1543,1312,43,43
1312,1543,43,43
1543,1312,43,43
1312,1543,43,43
1543,1312,43,43
175,105,43,43
615,105,43,43
1253,492,43,43
105,175,43,43
105,615,43,43
105,1730,43,43
415,1343,43,43
415,1781,43,43
1688,277,43,43
393,1285,43,43
19,1624,43,43
19,1046,43,43
1624,19,43,43
19,1624,43,43
19,1624,43,43
19,1806,43,43
19,1806,43,43
1624,19,43,43
19,1624,43,43
95,1624,43,43
19,1645,43,43
19,1645,43,43
19,434,43,43
615,105,43,43
19,1624,43,43
19,443,43,43
19,443,43,43
19,443,43,43
105,615,43,43
1749,361,43,43
19,1749,43,43
967,308,43,43
1332,1585,43,43
1546,1786,43,43
1546,1554,43,43
1280,1585,43,43
1675,32,43,43
1675,1543,43,43
27,1285,43,43
1543,1675,43,43
523,585,43,43
1624,19,43,43
1624,95,43,43
713,696,43,43
713,1059,43,43
639,105,43,43
1791,574,43,43
1783,523,43,43
1059,713,43,43
1436,518,43,43
1807,3,43,43
32,105,43,43
1474,1493,43,43
1474,1793,43,43
1474,1375,43,43
32,1675,43,43
1756,503,43,43
105,32,43,43
105,639,43,43
1807,3,43,43
32,105,43,43
95,1624,43,43
1624,95,43,43
32,1807,43,43
1624,697,43,43
1807,32,43,43
1624,105,43,43
1543,639,43,43
1543,1808,43,43
503,1756,43,43
561,1543,43,43
105,1624,43,43
105,32,43,43
1713,503,43,43
105,367,43,43
770,1021,43,43
770,311,43,43
105,595,43,43
770,595,43,43
1285,393,43,43
1756,503,43,43
1285,27,43,43
503,1756,43,43
503,1713,43,43
1624,105,43,43
1756,503,43,43
105,1624,43,43
1343,415,43,43
415,1343,43,43
1343,415,43,43
1624,105,43,43
415,1343,43,43
105,1624,43,43
415,1343,43,43
1624,105,43,43
105,1624,43,43
1624,105,43,43
1624,105,43,43
1436,144,43,43
105,1624,43,43
105,1132,43,43
1132,105,43,43
105,1132,43,43
1624,105,43,43
856,1398,43,43
105,1624,43,43
1132,105,43,43
1624,105,43,43
144,1436,43,43
105,1132,43,43
105,1624,43,43
105,1771,43,43
1545,1332,43,43
1332,1545,43,43
1686,831,43,43
1686,1132,43,43
831,1686,43,43
1686,831,43,43
831,1686,43,43
1487,1626,43,43
1686,831,43,43
831,1686,43,43
1398,856,43,43
1686,831,43,43
105,1027,43,43
1686,783,43,43
393,1285,43,43
831,1686,43,43
831,1686,43,43
32,105,43,43
32,1807,43,43
32,1749,43,43
32,1809,43,43
32,105,43,43
105,32,43,43
308,967,43,43
1543,561,43,43
19,1624,43,43
503,1756,43,43
105,697,43,43
1624,19,43,43
967,308,43,43
105,180,43,43
105,1168,43,43
180,105,43,43
105,180,43,43
180,105,43,43
105,180,43,43
1756,503,43,43
302,557,43,43
27,1285,43,43
586,396,43,43
713,1059,43,43
3,1807,43,43
1,36,43,43
1543,1618,43,43
503,1756,43,43
400,710,43,43
1756,503,43,43
503,1756,43,43
1562,503,43,43
1756,503,43,43
810,175,43,43
727,561,43,43
105,1624,43,43
1624,105,43,43
1686,697,43,43
1686,27,43,43
27,1686,43,43
1624,1810,43,43
1373,105,43,43
503,1756,43,43
503,1562,43,43
1756,503,43,43
1289,639,43,43
768,1280,43,43
503,1756,43,43
1280,768,43,43
1756,503,43,43
1717,1026,43,43
583,1542,43,43
1792,1644,43,43
105,1373,43,43
105,1624,43,43
674,569,43,43
1493,1474,43,43
1285,1600,43,43
1332,1545,43,43
1603,1127,43,43
431,983,43,43
342,1603,43,43
260,1783,43,43
1132,1686,43,43
357,525,43,43
1756,245,43,43
502,1397,43,43
856,1398,43,43
1343,415,43,43
1343,415,43,43
1582,1543,43,43
415,1343,43,43
1582,1585,43,43
19,1624,43,43
1730,105,43,43
105,1730,43,43
1783,1730,43,43
1730,1783,43,43
1783,1730,43,43
1730,1783,43,43
1783,1730,43,43
1730,1783,43,43
1783,1730,43,43
605,1698,43,43
1783,221,43,43
1756,1485,43,43
1543,1582,43,43
710,400,43,43
710,245,43,43
503,1756,43,43
1562,503,43,43
1793,1474,43,43
42,1280,43,43
1713,3,43,43
180,3,43,43
67,180,43,43
180,67,43,43
3,1713,43,43
67,180,43,43
180,3,43,43
3,180,43,43
1713,3,43,43
180,67,43,43
67,180,43,43
180,67,43,43
67,180,43,43
180,67,43,43
67,180,43,43
180,67,43,43
180,67,43,43
67,180,43,43
105,1132,43,43
3,180,43,43
1756,503,44,44
503,1756,44,44
1756,503,44,44
1397,502,44,44
9,1190,44,44
1585,1582,44,44
713,1059,44,44
63,494,44,44
12,1312,44,44
12,1343,44,44
95,1624,44,44
95,175,44,44
95,561,44,44
95,1190,44,44
95,1322,44,44
1312,12,44,44
1811,525,44,44
1543,1312,44,44
503,1756,44,44
67,697,44,44
105,1624,44,44
105,561,44,44
1624,105,44,44
561,95,44,44
105,1624,44,44
1624,105,44,44
525,1811,44,44
525,1811,44,44
525,357,44,44
1811,525,44,44
105,1624,44,44
1624,105,44,44
1343,415,44,44
1756,503,44,44
105,1624,44,44
415,1343,44,44
1624,105,44,44
105,1624,44,44
1624,105,44,44
105,1624,44,44
1624,105,44,44
105,1624,44,44
1624,105,44,44
105,1624,44,44
1624,105,44,44
105,1624,44,44
1624,105,44,44
1132,105,44,44
105,1132,44,44
105,1624,44,44
1132,105,44,44
1624,105,44,44
105,1132,44,44
105,1624,44,44
1624,456,44,44
1624,105,44,44
456,1624,44,44
1624,456,44,44
105,1624,44,44
1624,105,44,44
456,1624,44,44
456,1624,44,44
1624,456,44,44
105,1624,44,44
1624,456,44,44
456,1624,44,44
456,1624,44,44
1624,105,44,44
1624,456,44,44
1624,456,44,44
105,1624,44,44
1624,105,44,44
456,1132,44,44
456,1624,44,44
105,1624,44,44
1624,456,44,44
1624,105,44,44
456,1624,44,44
456,1624,44,44
1624,456,44,44
105,1624,44,44
1624,105,44,44
105,1624,44,44
1624,105,44,44
105,1624,44,44
1624,105,44,44
105,1624,44,44
561,1543,44,44
1280,42,44,44
561,105,44,44
105,561,44,44
561,727,44,44
561,105,44,44
1812,1813,44,44
1029,1741,44,44
105,561,44,44
525,1811,44,44
1802,1801,44,44
1762,1281,44,44
538,224,44,44
224,538,44,44
1190,9,44,44
1783,538,44,44
224,538,44,44
969,1669,44,44
1669,969,44,44
1281,1762,44,44
967,27,44,44
538,224,44,44
538,1783,44,44
538,224,44,44
503,1756,44,44
1741,1796,44,44
1472,847,44,44
1756,503,44,44
27,967,44,44
1543,561,44,44
143,12,44,44
1042,1624,44,44
503,1756,44,44
224,538,44,44
357,525,44,44
357,525,44,44
1756,503,44,44
1624,1042,44,44
1624,1340,44,44
713,1059,44,44
538,224,44,44
12,1312,44,44
224,538,44,44
1312,12,44,44
1312,1543,44,44
538,224,44,44
224,538,44,44
1543,1312,44,44
538,224,44,44
224,538,44,44
272,674,44,44
1280,1287,44,44
1585,1669,44,44
503,1756,44,44
1669,1585,44,44
1811,1814,44,44
244,142,44,44
1624,1811,44,44
1814,1811,44,44
1756,503,44,44
1811,1624,44,44
1624,1811,44,44
175,810,44,44
1474,1793,44,44
1474,1375,44,44
503,1756,44,44
1756,503,44,44
245,710,44,44
1756,1624,44,44
1624,1756,44,44
1624,105,44,44
1756,1624,44,44
105,1624,44,44
1624,1756,44,44
1624,105,44,44
105,1624,44,44
1756,1624,44,44
1624,105,44,44
585,523,44,44
969,1669,44,44
105,1624,44,44
1624,1756,44,44
1624,105,44,44
396,586,44,44
1624,224,44,44
105,1624,44,44
696,713,44,44
561,1543,44,44
561,105,44,44
357,1796,44,44
1488,298,44,44
1343,415,44,44
1343,12,44,44
1796,67,44,44
105,561,44,44
1669,969,44,44
1312,1543,44,44
561,105,44,44
105,561,44,44
1582,1543,44,44
105,874,44,44
1762,1281,44,44
1585,1669,44,44
494,63,44,44
1585,1349,44,44
415,1343,44,44
1026,1717,44,44
423,1026,44,44
1026,423,44,44
1338,1815,44,44
1669,1585,44,44
105,1771,44,44
105,474,44,44
1186,1816,44,44
1167,396,44,44
1167,809,44,44
1543,1582,44,44
1543,1312,44,44
1543,561,44,44
1543,1624,44,44
713,696,44,44
1312,1543,44,44
518,1436,44,44
1624,1543,44,44
1811,525,44,44
298,1488,44,44
1786,1344,44,44
1436,518,44,44
969,1669,44,44
503,1756,44,44
1543,1312,44,44
1543,1624,44,44
1756,503,44,44
63,494,44,44
525,1811,44,44
1625,105,44,44
1488,298,44,44
847,1488,44,44
503,1756,44,44
1362,1608,44,44
1756,503,44,44
1603,342,44,44
1312,1543,44,44
342,1603,44,44
456,1313,44,44
503,1756,44,44
696,713,44,44
1312,1344,44,44
105,1625,44,44
525,357,44,44
105,1731,44,44
1756,503,44,44
1756,1624,44,44
1346,1314,44,44
1313,456,44,44
503,1756,44,44
415,1467,44,44
1669,969,44,44
1756,503,44,44
12,1343,44,44
12,1312,44,44
12,143,44,44
1344,1312,44,44
1344,1786,44,44
1167,1050,44,44
503,1756,44,44
847,1280,45,45
1756,503,45,45
1543,1312,45,45
494,63,45,45
1312,1344,45,45
1312,1543,45,45
1312,1344,45,45
1316,1543,45,45
1316,503,45,45
518,1436,45,45
523,32,45,45
523,182,45,45
523,1635,45,45
523,141,45,45
523,1332,45,45
523,1149,45,45
523,1817,45,45
523,629,45,45
523,36,45,45
523,875,45,45
523,612,45,45
523,89,45,45
523,1806,45,45
523,64,45,45
523,1114,45,45
523,899,45,45
523,1818,45,45
523,591,45,45
523,15,45,45
523,1380,45,45
523,1182,45,45
523,1819,45,45
523,1820,45,45
523,70,45,45
523,44,45,45
523,920,45,45
523,111,45,45
523,172,45,45
523,137,45,45
523,418,45,45
523,1821,45,45
523,298,45,45
523,1822,45,45
523,708,45,45
523,1823,45,45
523,799,45,45
523,1137,45,45
523,846,45,45
523,1541,45,45
523,1566,45,45
523,1041,45,45
523,1394,45,45
523,328,45,45
523,334,45,45
523,812,45,45
523,118,45,45
523,1824,45,45
523,1825,45,45
523,122,45,45
523,1592,45,45
523,1826,45,45
523,1827,45,45
523,1343,45,45
523,1022,45,45
523,1814,45,45
1032,523,45,45
1624,1756,45,45
1814,175,45,45
1814,8,45,45
1814,523,45,45
12,1808,45,45
1310,561,45,45
105,1789,45,45
357,525,45,45
1310,1792,45,45
396,1472,45,45
525,357,45,45
1344,1312,45,45
431,561,45,45
1472,396,45,45
1608,1362,45,45
143,12,45,45
1436,518,45,45
1312,1387,45,45
12,143,45,45
1641,1619,45,45
1362,1608,45,45
95,626,45,45
105,1771,45,45
105,367,45,45
1808,12,45,45
1808,95,45,45
12,1808,45,45
95,1808,45,45
1789,681,45,45
1789,1472,45,45
1472,1789,45,45
1771,105,45,45
1789,1472,45,45
105,1771,45,45
1608,1362,45,45
1472,1789,45,45
1771,105,45,45
105,1771,45,45
1771,105,45,45
105,1771,45,45
1771,105,45,45
105,1789,45,45
105,1771,45,45
1789,105,45,45
105,1789,45,45
1771,1789,45,45
1771,105,45,45
1686,1789,45,45
105,1771,45,45
1789,1686,45,45
1789,1771,45,45
1789,105,45,45
105,1789,45,45
1771,1789,45,45
1789,1771,45,45
1789,105,45,45
1771,1789,45,45
105,1789,45,45
1789,105,45,45
105,1789,45,45
1789,105,45,45
105,1789,45,45
1789,105,45,45
105,1789,45,45
503,1756,45,45
1686,27,45,45
847,152,45,45
152,847,45,45
152,847,45,45
847,152,45,45
152,847,45,45
1792,1310,45,45
1280,847,45,45
1669,1641,45,45
1786,1280,45,45
393,193,45,45
1675,32,45,45
1675,1543,45,45
1783,1675,45,45
1675,1783,45,45
1783,1675,45,45
95,1403,45,45
1052,1796,45,45
547,1246,45,45
1052,1789,45,45
809,1167,45,45
1332,523,45,45
1808,12,45,45
1808,95,45,45
1246,547,45,45
1280,1786,45,45
1783,1183,45,45
193,393,45,45
1387,1312,45,45
561,431,45,45
561,1310,45,45
561,105,45,45
105,561,45,45
561,1543,45,45
561,105,45,45
12,1808,45,45
175,1814,45,45
1312,1387,45,45
1648,719,45,45
1167,809,45,45
1808,12,45,45
1167,809,45,45
32,523,45,45
32,1675,45,45
12,1808,45,45
12,32,45,45
12,398,45,45
431,561,45,45
1543,52,45,45
1310,561,45,45
63,494,45,45
1741,783,45,45
523,32,45,45
523,1332,45,45
620,27,45,45
809,1167,45,45
582,27,45,45
1,1626,45,45
1675,32,45,45
1675,1783,45,45
27,620,45,45
1808,12,45,45
1488,847,45,45
1167,809,45,45
398,12,45,45
398,12,45,45
1485,1756,45,45
547,1246,45,45
1543,1675,45,45
620,27,45,45
847,1488,45,45
1543,561,45,45
27,620,45,45
809,1167,45,45
809,1167,45,45
1756,503,45,45
1756,1485,45,45
1624,456,45,45
105,561,45,45
768,1280,45,45
1167,809,45,45
494,63,45,45
1814,175,45,45
32,1403,45,45
105,1395,45,45
1540,48,45,45
1540,249,45,45
12,398,45,45
12,868,45,45
12,1808,45,45
12,1246,45,45
1280,768,45,45
620,27,45,45
27,620,45,45
105,697,45,45
105,697,45,45
1132,341,45,45
398,12,45,45
105,1624,45,45
1624,105,45,45
105,1624,45,45
1624,105,45,45
105,1624,45,45
1624,105,45,45
105,1624,45,45
1624,105,45,45
1713,561,45,45
105,1624,45,45
1756,1629,45,45
1624,105,45,45
175,1814,45,45
105,1624,45,45
1624,105,45,45
105,1624,45,45
1624,105,45,45
105,1624,45,45
1624,105,45,45
105,1624,45,45
1624,105,45,45
105,1624,45,45
868,12,45,45
1624,105,45,45
12,868,45,45
12,868,45,45
868,12,45,45
12,398,45,45
868,12,45,45
12,868,45,45
398,12,45,45
105,1624,45,45
12,868,45,45
868,12,45,45
12,868,45,45
868,12,45,45
1624,105,45,45
12,868,45,45
12,398,45,45
868,12,45,45
1624,398,45,45
105,1624,45,45
1624,105,45,45
12,868,45,45
105,1624,45,45
868,12,45,45
12,868,45,45
868,12,45,45
12,868,45,45
1624,105,45,45
398,12,45,45
105,1624,45,45
868,12,45,45
1624,105,45,45
12,1624,45,45
1624,12,45,45
398,1624,45,45
12,868,45,45
12,1624,45,45
1624,398,45,45
1624,12,45,45
12,1624,45,45
1624,12,45,45
12,1624,45,45
12,868,45,45
1624,12,45,45
868,12,45,45
868,12,45,45
398,1624,45,45
105,1624,45,45
1624,105,45,45
1624,398,45,45
398,1624,45,45
398,1624,45,45
1624,398,45,45
1624,398,45,45
398,1624,45,45
1624,398,45,45
398,1624,45,45
1624,398,45,45
398,1624,45,45
1624,398,45,45
398,1624,45,45
1624,398,45,45
398,1624,45,45
1624,398,45,45
398,1624,45,45
1624,398,45,45
398,1624,45,45
398,1624,45,45
398,1624,45,45
105,1624,45,45
1624,398,45,45
1624,398,45,45
1624,105,45,45
105,1624,45,45
398,1624,45,45
1624,105,45,45
1488,847,45,45
105,1624,45,45
32,12,45,45
12,32,45,45
1545,1332,45,45
1545,1556,45,45
1783,204,45,45
1217,1344,45,45
783,1741,45,45
105,1743,45,45
847,1021,45,45
221,1783,45,45
221,1796,45,45
105,415,45,45
415,105,45,45
105,415,45,45
105,927,45,45
1314,1346,46,46
32,12,46,46
561,1713,46,46
561,105,46,46
561,1543,46,46
713,696,46,46
561,431,46,46
561,1310,46,46
1789,1052,46,46
1789,36,46,46
1789,456,46,46
1624,456,46,46
456,1789,46,46
431,561,46,46
1167,454,46,46
105,561,46,46
1362,1608,46,46
681,1789,46,46
810,175,46,46
334,523,46,46
1344,1217,46,46
41,1828,46,46
41,1807,46,46
41,176,46,46
41,176,46,46
41,176,46,46
41,176,46,46
41,176,46,46
41,176,46,46
1713,495,46,46
12,32,46,46
456,1542,46,46
1246,547,46,46
1783,1246,46,46
32,1829,46,46
1713,617,46,46
175,810,46,46
1608,1362,46,46
51,1436,46,46
970,1641,46,46
1698,605,46,46
1542,456,46,46
1310,561,46,46
12,868,46,46
1042,1624,46,46
63,494,46,46
456,1542,46,46
456,415,46,46
1585,1788,46,46
1542,456,46,46
1183,1783,46,46
1798,1797,46,46
503,1756,46,46
298,970,46,46
456,1542,46,46
429,1167,46,46
1543,561,46,46
1167,429,46,46
868,12,46,46
1756,503,46,46
1556,1545,46,46
1237,843,46,46
1542,456,46,46
415,1676,46,46
456,1542,46,46
518,1830,46,46
1624,1042,46,46
193,393,46,46
1246,547,46,46
547,1246,46,46
983,431,46,46
249,1540,46,46
1542,456,46,46
494,63,46,46
431,983,46,46
456,1542,46,46
1436,51,46,46
95,1808,46,46
582,1436,46,46
1624,456,46,46
456,1624,46,46
1624,456,46,46
1624,456,46,46
1624,1398,46,46
1398,1624,46,46
1398,1624,46,46
1624,1398,46,46
1624,1398,46,46
1398,1624,46,46
1624,1398,46,46
1398,1624,46,46
1543,405,46,46
1624,1398,46,46
1398,1624,46,46
1624,1398,46,46
1624,719,46,46
1127,1749,46,46
51,1775,46,46
1624,1398,46,46
843,1237,46,46
1542,456,46,46
456,1542,46,46
456,1097,46,46
1246,547,46,46
1783,405,46,46
429,1167,46,46
415,1343,46,46
1624,456,46,46
63,494,46,46
673,1127,46,46
51,1436,46,46
1346,1314,46,46
1592,523,46,46
494,63,46,46
673,415,46,46
415,673,46,46
673,415,46,46
415,673,46,46
673,415,46,46
1815,1338,46,46
1641,970,46,46
201,143,46,46
95,1624,46,46
980,1603,46,46
523,334,46,46
547,1246,46,46
1127,105,46,46
1127,32,46,46
561,1310,46,46
561,431,46,46
561,1543,46,46
1042,1624,46,46
1784,3,46,46
1624,95,46,46
1624,1042,46,46
105,1127,46,46
32,1127,46,46
431,561,46,46
431,1831,46,46
1831,431,46,46
431,1831,46,46
145,810,46,46
673,32,46,46
509,1026,46,46
1784,3,46,46
1784,3,46,46
1167,429,46,46
1167,809,46,46
810,145,46,46
1807,41,46,46
1807,289,46,46
1807,32,46,46
1314,1346,46,46
1624,1626,46,46
1624,1704,46,46
1624,12,46,46
1704,1624,46,46
1624,1704,46,46
809,1167,46,46
1626,1624,46,46
1026,509,46,46
1624,1626,46,46
1783,673,46,46
1783,1624,46,46
1624,1783,46,46
1624,456,46,46
1246,547,46,46
32,673,46,46
32,1807,46,46
1807,32,46,46
12,1831,46,46
617,1543,46,46
868,12,46,46
617,1713,46,46
1050,1049,46,46
617,431,46,46
1050,1454,46,46
1783,1231,46,46
1485,1756,46,46
673,32,46,46
673,1783,46,46
503,1756,46,46
1784,3,46,46
431,617,46,46
1375,1756,46,46
1375,1474,46,46
1375,1474,46,46
719,1624,46,46
1756,503,46,46
12,868,46,46
1762,1281,46,46
1217,1344,46,46
1585,393,46,46
1285,1000,46,46
32,673,47,47
32,1831,47,47
1543,617,47,47
1543,561,47,47
1543,1831,47,47
95,1624,47,47
95,1796,47,47
673,32,47,47
503,1756,47,47
1436,582,47,47
1436,51,47,47
1624,719,47,47
1624,95,47,47
95,1624,47,47
67,32,47,47
308,415,47,47
308,967,47,47
1624,95,47,47
1603,980,47,47
1756,503,47,47
582,1436,47,47
51,1217,47,47
1546,32,47,47
1624,479,47,47
32,1546,47,47
32,67,47,47
1436,582,47,47
95,1624,47,47
277,1688,47,47
1624,95,47,47
1332,1730,47,47
1545,1332,47,47
63,494,47,47
51,1436,47,47
1436,51,47,47
51,1436,47,47
95,1624,47,47
12,1312,47,47
3,36,47,47
3,44,47,47
1784,3,47,47
1784,3,47,47
1784,3,47,47
1546,32,47,47
799,523,47,47
1,3,47,47
1784,3,47,47
32,1546,47,47
443,1543,47,47
1312,12,47,47
398,673,47,47
1042,1624,47,47
398,1397,47,47
398,1397,47,47
1127,32,47,47
1127,105,47,47
1127,456,47,47
582,1436,47,47
1397,398,47,47
398,1397,47,47
456,1127,47,47
768,1280,47,47
1280,1403,47,47
1403,95,47,47
1403,1280,47,47
1231,1783,47,47
1784,3,47,47
1784,3,47,47
1783,1231,47,47
1436,51,47,47
1436,582,47,47
1741,1832,47,47
398,1013,47,47
105,1127,47,47
1280,1403,47,47
1624,95,47,47
1624,1042,47,47
67,783,47,47
617,431,47,47
617,1713,47,47
1535,1434,47,47
1713,617,47,47
431,617,47,47
1127,105,47,47
1543,443,47,47
1565,67,47,47
983,431,47,47
189,44,47,47
143,201,47,47
1397,398,47,47
1315,1724,47,47
503,1756,47,47
334,523,47,47
1434,1535,47,47
1343,415,47,47
673,1403,47,47
398,1397,47,47
95,1624,47,47
398,697,47,47
1676,415,47,47
398,1644,47,47
398,1676,47,47
398,1676,47,47
1676,398,47,47
398,1676,47,47
1676,398,47,47
1724,1315,47,47
1783,1724,47,47
1724,1783,47,47
1546,1786,47,47
1624,95,47,47
398,1624,47,47
1231,1783,47,47
1796,95,47,47
1587,673,47,47
673,1587,47,47
1403,673,47,47
1756,503,48,48
1786,1280,48,48
809,308,48,48
1644,398,48,48
1644,456,48,48
456,1644,48,48
431,1587,48,48
456,1644,48,48
1644,456,48,48
1644,456,48,48
398,1644,48,48
1783,1231,48,48
357,1403,48,48
1644,398,48,48
1231,1783,48,48
249,1026,48,48
398,1644,48,48
398,1644,48,48
1783,1231,48,48
1190,394,48,48
1624,398,48,48
1315,1724,48,48
398,1624,48,48
1013,398,48,48
1403,357,48,48
32,1127,48,48
1783,697,48,48
204,1783,48,48
423,447,48,48
429,1167,48,48
9,1644,48,48
1026,249,48,48
1253,1168,48,48
1167,429,48,48
503,1756,48,48
415,1343,48,48
456,1132,48,48
456,1132,48,48
1624,456,48,48
357,1403,48,48
456,1132,48,48
1168,1253,48,48
105,1127,48,48
1624,105,48,48
198,1565,48,48
970,1641,48,48
1280,1786,48,48
105,1624,48,48
67,1809,48,48
1562,1517,48,48
1517,1562,48,48
1231,1783,48,48
289,1807,48,48
970,1565,48,48
557,302,48,48
617,1713,48,48
617,431,48,48
1403,357,48,48
3,32,48,48
357,1403,48,48
431,617,48,48
95,1624,48,48
95,1796,48,48
95,561,48,48
1644,9,48,48
1644,398,48,48
1624,95,48,48
1756,1375,48,48
1783,1231,48,48
67,1403,48,48
1756,503,48,48
36,1789,48,48
503,1756,48,48
398,1644,48,48
697,1783,48,48
1403,67,48,48
1127,1227,48,48
12,1312,48,48
1831,32,48,48
12,1624,48,48
1624,12,48,48
1831,1543,48,48
32,3,48,48
12,1624,48,48
1831,12,48,48
398,1644,48,48
1756,503,48,48
1624,12,48,48
183,1676,48,48
105,1831,48,48
1724,1315,48,48
1312,12,48,48
105,1624,48,48
1624,105,48,48
95,1624,48,48
1624,95,48,48
95,1624,48,48
1831,105,48,48
1808,95,48,48
1624,95,48,48
1783,697,48,48
1713,617,48,48
1831,1752,48,48
105,1831,48,48
105,1624,48,48
1831,105,48,48
105,1831,48,48
357,1403,48,48
456,1132,48,48
67,1675,48,48
398,1781,48,48
1781,398,48,48
447,423,48,48
398,1781,48,48
1079,27,48,48
398,1781,48,48
1079,27,48,48
398,447,48,48
398,90,48,48
1517,710,48,48
983,1079,48,48
1231,1783,48,48
1079,983,48,48
710,1517,48,48
27,1079,48,48
1543,1831,48,48
1789,456,48,48
1789,681,48,48
1789,36,48,48
847,1132,48,48
1644,398,48,48
1132,456,48,48
1132,847,48,48
697,642,48,48
67,1831,48,48
67,1403,48,48
1403,357,48,48
1403,67,48,48
67,1403,48,48
642,697,48,48
1403,67,48,48
1079,27,48,48
398,1644,48,48
398,1644,48,48
1644,398,48,48
398,1644,48,48
1752,1831,48,48
1097,456,48,48
1781,398,48,48
1624,1781,48,48
605,1698,48,48
1624,520,48,48
1676,183,48,48
1676,183,48,48
36,1789,48,48
983,1079,48,48
983,985,48,48
1783,1231,48,48
1783,1831,48,48
1406,260,48,48
1831,1783,48,48
697,642,48,48
1231,1783,48,48
1248,131,48,48
1783,1831,48,48
1783,1231,48,48
1789,36,48,48
1789,32,48,48
1789,44,48,48
847,1132,48,48
398,1781,48,48
642,697,48,48
32,1789,48,48
67,32,48,48
51,1436,48,48
1517,710,48,48
1,312,48,48
1,132,48,48
1675,67,48,48
1756,1675,48,48
697,642,49,49
1079,983,49,49
32,67,49,49
1756,1624,49,49
1624,1756,49,49
1756,1624,49,49
1831,1783,49,49
1789,32,49,49
1231,1783,49,49
561,95,49,49
1783,1831,49,49
561,1543,49,49
1543,561,49,49
1624,1756,49,49
1756,1624,49,49
1624,1756,49,49
1756,1624,49,49
1624,1756,49,49
1756,1624,49,49
398,1624,49,49
1624,398,49,49
398,1624,49,49
132,1,49,49
1624,398,49,49
398,1624,49,49
1756,1624,49,49
1624,398,49,49
1624,1756,49,49
1756,1624,49,49
1624,1756,49,49
1756,1624,49,49
1624,1756,49,49
398,1624,49,49
1624,398,49,49
398,1624,49,49
32,1789,49,49
1624,398,49,49
1624,1398,49,49
398,1624,49,49
561,1750,49,49
1543,1312,49,49
1,132,49,49
1562,1517,49,49
1807,289,49,49
1474,1375,49,49
1644,1758,49,49
617,1713,49,49
1675,1756,49,49
342,27,49,49
1756,1675,49,49
27,342,49,49
132,1,49,49
312,1,49,49
557,561,49,49
1624,557,49,49
983,1079,49,49
1127,1573,49,49
342,561,49,49
1758,1644,49,49
847,1488,49,49
1,312,49,49
561,557,49,49
561,342,49,49
1756,1833,49,49
843,1834,49,49
843,1835,49,49
1675,1756,49,49
810,1792,49,49
1042,1624,49,49
1042,1675,49,49
697,492,49,49
1132,847,49,49
42,1724,49,49
42,27,49,49
1644,1758,49,49
1644,398,49,49
1644,1758,49,49
67,1403,49,49
398,1644,49,49
1434,1312,49,49
710,1517,49,49
1675,1042,49,49
847,1132,49,49
456,1132,49,49
809,1167,49,49
1359,1343,49,49
620,27,49,49
1713,617,49,49
393,1585,49,49
1836,1291,49,49
1836,1321,49,49
1836,1393,49,49
1836,375,49,49
1836,143,49,49
1836,697,49,49
1836,398,49,49
1836,1340,49,49
1836,699,49,49
398,1836,49,49
398,1836,49,49
1629,1756,49,49
1836,398,49,49
398,1836,49,49
1836,398,49,49
95,1403,49,49
398,1836,49,49
1836,398,49,49
398,1836,49,49
95,1808,49,49
95,1624,49,49
1624,95,49,49
95,1624,49,49
1624,95,49,49
95,1624,49,49
1836,398,49,49
1836,1249,49,49
95,561,49,49
95,1452,49,49
681,1837,49,49
557,1624,49,49
145,810,49,49
1332,1737,49,49
557,561,49,49
1281,1762,49,49
1332,1312,49,49
1624,557,49,49
1312,1434,49,49
1312,1332,49,49
503,1756,49,49
699,1836,49,49
398,1836,49,49
1758,1644,49,49
1758,1644,49,49
1758,1644,49,49
260,1406,49,49
67,1675,49,49
617,1713,49,49
770,639,49,49
770,617,49,49
617,770,49,49
1167,809,49,49
1750,561,49,49
1675,67,49,49
1132,847,49,49
1132,456,50,50
1,1626,50,50
1,312,50,50
1626,1,50,50
1756,503,50,50
1756,1675,50,50
1756,1629,50,50
312,1,50,50
1626,312,50,50
312,1626,50,50
1626,312,50,50
557,1624,50,50
312,1626,50,50
1626,312,50,50
312,1626,50,50
1626,312,50,50
312,1626,50,50
1624,557,50,50
193,1565,50,50
557,1624,50,50
1624,557,50,50
1624,557,50,50
557,1624,50,50
1626,312,50,50
67,1675,50,50
1624,341,50,50
341,1624,50,50
394,1190,50,50
1624,341,50,50
810,175,50,50
1624,1052,50,50
1624,810,50,50
1052,1624,50,50
1624,1052,50,50
1624,755,50,50
146,3,50,50
1781,755,50,50
1675,67,50,50
1675,1756,50,50
1675,67,50,50
1624,105,50,50
3,146,50,50
3,146,50,50
1,312,50,50
1644,1758,50,50
697,808,50,50
1624,1811,50,50
1624,95,50,50
1756,1781,50,50
95,1624,50,50
1756,1675,50,50
561,1750,50,50
561,557,50,50
1282,1543,50,50
561,95,50,50
431,561,50,50
1,1626,50,50
1,132,50,50
697,95,50,50
1783,710,50,50
27,42,50,50
27,620,50,50
1724,42,50,50
1811,1624,50,50
1624,1811,50,50
1800,44,50,50
1332,1312,50,50
1836,536,50,50
1800,1801,50,50
1657,1624,50,50
1543,975,50,50
1624,1657,50,50
1624,725,50,50
1781,1756,50,50
429,1720,50,50
429,1700,50,50
429,372,50,50
146,3,50,50
44,1,50,50
1,44,50,50
44,1,50,50
1,44,50,50
44,1,50,50
1406,843,50,50
621,830,50,50
621,1647,50,50
32,1838,50,50
1836,398,50,50
843,1406,50,50
398,1836,50,50
1792,1052,50,50
1,44,50,50
1434,1312,50,50
105,1624,50,50
3,1649,50,50
847,1132,50,50
1750,561,50,50
536,1836,50,50
1756,429,50,50
1127,1340,50,50
52,1543,50,50
1641,970,50,50
1237,843,50,50
1038,132,50,50
1052,1792,50,50
1756,1781,50,50
557,561,50,50
1543,1282,50,50
1543,52,50,50
1543,109,50,50
1675,1543,50,50
1771,1127,50,50
1312,1434,50,50
27,652,50,50
9,1644,50,50
9,1190,50,50
9,1255,50,50
9,1255,50,50
9,1255,50,50
9,1255,50,50
9,1308,50,50
9,1839,50,50
9,1839,50,50
561,557,50,50
561,1750,50,50
398,1624,50,50
1624,398,50,50
561,431,50,50
1543,1675,50,50
1750,561,50,50
1543,1637,50,50
557,561,50,50
398,1624,50,50
503,1756,50,50
652,27,50,50
27,652,50,50
1644,9,50,50
42,27,50,50
1700,429,50,50
1052,635,50,50
1052,420,50,50
1750,561,50,50
697,1517,50,50
652,27,50,50
1756,503,50,50
1791,1724,50,50
1791,32,50,50
1839,9,50,50
620,27,50,50
1839,681,50,50
1079,983,50,50
1624,398,50,50
398,1624,50,50
1624,398,50,50
398,1624,50,50
1700,1839,50,50
1839,1700,50,50
1700,1839,50,50
1839,1700,50,50
1700,1839,50,50
1839,1700,50,50
1700,1839,50,50
503,1756,50,50
398,1624,50,50
1624,398,50,50
1624,398,50,50
398,1624,50,50
1624,398,50,50
398,1624,50,50
398,1624,50,50
1624,398,50,50
1624,398,50,50
398,1624,50,50
398,1624,50,50
1624,398,50,50
1624,398,50,50
1839,1700,50,50
398,1624,50,50
1624,398,50,50
1406,843,50,50
398,1624,50,50
398,1624,50,50
1624,346,50,50
1624,398,50,50
398,1624,50,50
1624,398,50,50
1624,1052,50,50
1624,1700,50,50
398,1624,50,50
1624,398,50,50
1700,1624,50,50
1624,1700,50,50
398,1624,50,50
1619,1644,50,50
1700,1624,50,50
398,1624,50,50
1644,1619,50,50
1724,1791,50,50
429,1700,50,50
1700,429,50,50
475,341,50,50
1312,1,50,50
1535,303,50,50
1403,95,50,50
1535,1434,50,50
1756,503,50,50
1,1312,50,50
1657,1624,50,50
1756,1565,50,50
1783,536,50,50
681,1839,50,50
1657,536,50,50
681,1839,50,50
1789,32,50,50
1543,1839,50,50
1434,1312,50,50
1789,1052,50,50
1565,1756,50,50
975,1543,50,50
1624,1700,50,50
1624,398,50,50
1624,398,50,50
1624,1657,50,50
95,697,50,50
1781,1756,50,50
95,1649,50,50
843,1237,50,50
1227,1127,50,50
431,561,50,50
1756,1565,50,50
1756,1781,50,50
561,557,50,50
398,1624,50,50
27,652,50,50
27,620,50,50
1781,1756,50,50
398,1781,50,50
1781,398,50,50
652,27,50,50
1756,1781,50,50
652,1565,50,50
398,1781,50,50
1543,975,50,50
1312,1434,50,50
1312,1,50,50
652,1372,50,50
652,1208,50,50
1639,1737,50,50
1474,1375,50,50
1839,681,50,50
557,561,50,50
1624,398,50,50
810,1624,50,50
536,1783,50,50
536,1657,50,50
140,557,50,50
809,1167,50,50
303,1535,50,50
27,42,50,50
1167,809,50,50
697,95,50,50
95,1839,50,50
95,697,50,50
95,561,50,50
561,557,50,50
561,95,50,50
1629,1756,50,50
1291,1836,50,50
27,652,50,50
1291,1836,50,50
1783,244,50,50
1756,1629,50,50
1781,1756,50,50
1781,398,50,50
1282,1543,50,50
503,1756,50,50
469,1781,50,50
469,503,50,50
469,1181,50,50
469,175,50,50
1783,1649,50,50
1565,492,50,50
1756,1781,50,50
1756,503,50,50
1624,810,50,50
1624,1075,50,50
398,1624,50,50
398,1781,50,50
1118,1737,50,50
1052,1789,50,50
1517,697,50,50
710,1783,50,50
681,1839,50,50
697,95,50,50
697,1517,50,50
95,1840,50,50
95,697,50,50
32,1789,50,50
697,95,50,50
429,1700,50,50
503,1756,50,50
503,469,50,50
447,398,50,50
1836,1291,50,50
398,447,50,50
398,1836,50,50
1158,1072,50,50
1836,398,50,50
1434,1312,50,50
809,1167,50,50
1756,1624,50,50
1127,1227,51,51
1167,809,51,51
1237,843,51,51
398,1836,51,51
1237,398,51,51
843,1237,51,51
843,1406,51,51
843,1237,51,51
1781,469,51,51
1781,1756,51,51
1781,398,51,51
652,27,51,51
1543,1282,51,51
812,523,51,51
1434,1312,51,51
1308,9,51,51
1434,1535,51,51
1624,1756,51,51
1624,1168,51,51
1168,1624,51,51
1624,1168,51,51
1619,143,51,51
1624,1168,51,51
1168,1624,51,51
1624,1168,51,51
1624,1052,51,51
1624,805,51,51
1624,1168,51,51
1168,1624,51,51
1168,1624,51,51
1624,1168,51,51
1624,1168,51,51
1756,1624,51,51
1168,1624,51,51
1624,1756,51,51
1624,1168,51,51
1756,1781,51,51
1756,1624,51,51
1168,1624,51,51
1624,1168,51,51
1624,1756,51,51
1756,503,51,51
1756,1624,51,51
1312,1434,51,51
1312,1434,51,51
509,1026,51,51
1839,681,51,51
1839,95,51,51
1839,1397,51,51
509,1839,51,51
1839,509,51,51
681,1839,51,51
509,1839,51,51
509,316,51,51
1624,1626,51,51
983,1079,51,51
1624,1168,51,51
1168,1624,51,51
1624,1168,51,51
1168,1624,51,51
1624,1168,51,51
1168,1624,51,51
1624,1168,51,51
1168,1624,51,51
1168,1624,51,51
1624,1168,51,51
1624,95,51,51
1168,1624,51,51
1624,1168,51,51
1624,1052,51,51
1168,1624,51,51
1624,1168,51,51
1624,474,51,51
474,1624,51,51
1168,1624,51,51
1624,1168,51,51
474,105,51,51
1168,1624,51,51
1624,474,51,51
1624,1168,51,51
1168,1624,51,51
809,1167,51,51
1624,1168,51,51
105,474,51,51
1168,1624,51,51
1624,1168,51,51
1168,1624,51,51
398,1781,51,51
398,1237,51,51
1168,1624,51,51
1811,1624,51,51
1624,1168,51,51
1624,1811,51,51
1624,1168,51,51
1624,812,51,51
9,1644,51,51
9,1839,51,51
1488,847,51,51
1601,1402,51,51
1811,525,51,51
1601,1338,51,51
1601,1279,51,51
525,1811,51,51
1644,9,51,51
1601,114,51,51
1601,318,51,51
1781,398,51,51
1781,1756,51,51
12,1831,51,51
398,1781,51,51
12,1624,51,51
9,1644,51,51
12,1644,51,51
9,1308,51,51
12,974,51,51
1601,1781,51,51
1601,1505,51,51
1781,1601,51,51
1781,398,51,51
1601,1781,51,51
398,1781,51,51
1601,1675,51,51
1434,1312,51,51
1601,553,51,51
1836,1839,51,51
469,1217,51,51
469,1781,51,51
469,503,51,51
469,525,51,51
341,475,51,51
1720,429,51,51
1565,652,51,51
1644,9,51,51
1644,12,51,51
1624,12,51,51
1406,1649,51,51
970,1641,51,51
1831,12,51,51
1781,1601,51,51
1781,398,51,51
1781,469,51,51
398,1781,51,51
652,1565,51,51
27,652,51,51
652,27,51,51
1781,398,51,51
1000,1285,51,51
1624,456,51,51
456,1624,51,51
1308,9,51,51
652,585,51,51
398,1781,51,51
143,1619,51,51
1255,9,51,51
492,1565,51,51
1452,95,51,51
95,1452,51,51
95,1839,51,51
1452,95,51,51
95,1403,51,51
1452,346,51,51
95,1452,51,51
492,1565,51,51
1452,95,51,51
95,1452,51,51
1624,456,51,51
1540,1700,51,51
1540,1725,51,51
1314,1346,51,51
456,105,51,51
503,1756,51,51
503,469,51,51
1756,503,51,51
1181,469,51,51
1756,1781,51,51
1181,469,51,51
1181,9,51,51
1781,398,51,51
1781,1756,51,51
1756,1781,51,51
1624,1349,51,51
525,469,51,51
525,1811,51,51
1624,492,51,51
1624,652,51,51
652,1624,51,51
1624,652,51,51
398,1781,51,51
1811,525,51,51
1217,1841,51,51
1811,1624,51,51
1624,1811,51,51
1624,398,51,51
398,1624,51,51
1781,1756,51,51
1781,398,51,51
95,697,51,51
398,1781,51,51
398,1624,51,51
398,1624,51,51
105,456,51,51
105,1831,51,51
1675,1601,51,51
821,483,51,51
1601,1675,51,51
1237,673,51,51
1413,454,51,51
1413,969,51,51
1413,969,51,51
1282,1543,51,51
1565,652,51,51
1231,1783,51,51
483,821,51,51
1756,1781,51,51
1132,847,51,51
27,652,51,51
1624,398,51,51
1624,1175,51,51
1781,398,51,51
1781,1756,51,51
312,1,51,51
312,1,51,51
1756,1781,51,51
1543,1282,51,51
394,1190,51,51
1282,1543,51,51
557,561,51,51
557,140,51,51
1543,1312,51,51
697,95,51,51
652,1565,51,51
652,27,51,51
1397,1839,51,51
710,1283,51,51
1167,1540,51,51
1624,544,51,51
1624,1168,51,51
1624,557,51,51
1168,1624,51,51
1839,1836,51,51
1624,1168,51,51
1839,509,51,51
1168,1624,51,51
1839,95,51,51
1839,1397,51,51
1168,1624,51,51
1783,1231,51,51
1540,1543,51,51
1624,1168,51,51
1624,1168,51,51
1624,1168,51,51
1168,1624,51,51
1624,1168,51,51
1168,1624,51,51
1624,1168,51,51
1168,1624,51,51
1168,1624,51,51
1168,1624,51,51
1624,1168,51,51
1624,1168,51,51
1168,1624,51,51
1624,1168,51,51
1168,1624,51,51
1624,1168,51,51
1168,1624,51,51
1624,1168,51,51
1168,1624,51,51
1624,1168,51,51
1168,1624,51,51
1624,1168,51,51
1168,1624,51,51
1624,1168,51,51
1168,1624,51,51
1052,1624,51,51
1624,1168,51,51
1624,1052,51,51
1052,1624,51,51
1624,1052,51,51
1168,1624,51,51
1624,1168,51,51
1168,1624,51,51
1624,1168,51,51
1168,1624,51,51
1624,1168,51,51
1168,1624,51,51
1624,1168,51,51
1168,1624,51,51
95,1839,51,51
95,697,51,51
1624,1168,51,51
95,1842,51,51
95,1837,51,51
95,924,51,51
95,1767,51,51
1543,1540,51,51
1624,155,51,51
1175,1624,51,51
211,1,51,51
211,93,51,51
211,673,51,51
1,312,51,51
1,312,51,51
1,211,51,51
1,312,51,51
697,95,51,51
1629,346,51,51
398,1291,51,51
1291,398,51,51
398,1291,51,51
1291,398,51,51
398,1291,51,51
1291,398,51,51
1312,1543,51,51
398,1291,51,51
1291,398,51,51
398,1291,51,51
1291,398,51,51
398,1291,51,51
1291,398,51,51
97,1748,51,51
318,1601,51,51
1338,1601,51,51
1540,1167,51,51
1540,1543,51,51
585,652,51,51
312,1,52,52
1713,495,52,52
1285,1000,52,52
1285,27,52,52
1836,1026,52,52
1727,143,52,52
1730,828,52,52
1783,1626,52,52
1540,1836,52,52
346,1629,52,52
95,1843,52,52
652,585,52,52
585,652,52,52
652,585,52,52
1844,1839,52,52
1844,1845,52,52
1844,1843,52,52
821,483,52,52
1624,1175,52,52
1167,1540,52,52
1167,1540,52,52
503,1756,52,52
244,1783,52,52
143,1727,52,52
95,561,52,52
557,1624,52,52
1727,143,52,52
51,1436,52,52
1626,1783,52,52
44,1846,52,52
1624,557,52,52
398,1730,52,52
398,1730,52,52
1624,398,52,52
398,1624,52,52
1624,398,52,52
398,1730,52,52
398,1624,52,52
398,1624,52,52
1624,398,52,52
1624,398,52,52
1624,281,52,52
1624,1758,52,52
398,1624,52,52
1624,398,52,52
398,1624,52,52
1624,398,52,52
561,95,52,52
1624,1349,52,52
1624,398,52,52
398,1624,52,52
398,1624,52,52
1624,398,52,52
398,1624,52,52
1624,398,52,52
398,1624,52,52
398,1624,52,52
1624,398,52,52
1624,398,52,52
398,1624,52,52
1624,398,52,52
398,1624,52,52
1624,398,52,52
398,1624,52,52
1624,398,52,52
398,1624,52,52
1624,398,52,52
398,1624,52,52
1624,398,52,52
398,1624,52,52
1624,398,52,52
398,1624,52,52
1624,398,52,52
398,1624,52,52
1624,398,52,52
398,1624,52,52
1624,398,52,52
398,1624,52,52
398,1624,52,52
1624,398,52,52
398,1624,52,52
1624,398,52,52
398,1624,52,52
398,1624,52,52
1624,398,52,52
1624,398,52,52
398,1624,52,52
1624,398,52,52
1624,271,52,52
398,1624,52,52
1624,398,52,52
398,1624,52,52
1403,95,52,52
1543,1847,52,52
1543,1848,52,52
1758,1624,52,52
492,145,52,52
95,1849,52,52
44,1850,52,52
44,1851,52,52
143,1727,52,52
155,1624,52,52
1624,155,52,52
1730,398,52,52
1730,398,52,52
1730,398,52,52
398,1730,52,52
398,1730,52,52
398,1730,52,52
1540,1167,52,52
1848,1543,52,52
1852,44,52,52
475,341,52,52
323,298,52,52
1167,1847,52,52
1167,1848,52,52
1167,97,52,52
1167,1853,52,52
1543,1848,52,52
1543,1540,52,52
27,652,52,52
175,810,52,52
1756,503,52,52
509,1839,52,52
509,1026,52,52
1758,1845,52,52
1543,710,52,52
520,1624,52,52
810,175,52,52
1852,1344,52,52
1601,1246,52,52
44,1852,52,52
1026,509,52,52
492,710,52,52
1854,224,52,52
1624,520,52,52
1624,1362,52,52
1220,27,52,52
1624,1601,52,52
1391,1741,52,52
1601,784,52,52
755,1624,52,52
1624,755,52,52
755,1624,52,52
1,3,52,52
1,3,52,52
710,492,52,52
710,1281,52,52
27,1220,53,53
1291,1836,53,53
557,1624,53,53
1750,561,53,53
1167,1280,53,53
224,1854,53,53
224,1644,53,53
1724,1237,53,53
1624,755,53,53
1624,557,53,53
1344,1852,53,53
211,1,53,53
1362,1624,53,53
1362,1624,53,53
561,1750,53,53
1750,561,53,53
1644,224,53,53
1647,621,53,53
281,1624,53,53
1281,710,53,53
1543,1855,53,53
224,1644,53,53
367,105,53,53
367,317,53,53
1343,1796,53,53
97,1167,53,53
492,1181,53,53
1,211,53,53
652,27,53,53
1624,1362,53,53
1624,1362,53,53
1624,281,53,53
561,1750,53,53
492,1565,53,53
492,1644,53,53
1246,1601,53,53
492,1021,53,53
492,61,53,53
1644,492,53,53
1644,224,53,53
492,1644,53,53
1644,492,53,53
1852,1344,53,53
697,1472,53,53
1472,697,53,53
1601,711,53,53
710,1281,53,53
224,1644,53,53
1657,36,53,53
1657,36,53,53
1657,1624,53,53
1624,1657,53,53
1624,1657,53,53
1657,366,53,53
1657,1675,53,53
1657,1731,53,53
1220,27,53,53
1848,1543,53,53
1344,1852,53,53
105,367,53,53
1543,1848,53,53
509,1026,53,53
1362,1624,53,53
1,1626,53,53
1644,224,53,53
224,1644,53,53
1626,1,53,53
1644,224,53,53
1237,1724,53,53
32,1856,53,53
32,1857,53,53
1624,1362,53,53
1852,1781,53,53
1724,1237,53,53
1852,1724,53,53
1601,1118,53,53
1601,1858,53,53
1601,1768,53,53
42,1724,53,53
1181,492,53,53
224,1644,53,53
1724,42,53,53
1724,1852,53,53
1601,143,53,53
1781,1852,53,53
1781,1657,53,53
792,1190,53,53
443,520,53,53
492,747,53,53
523,812,53,53
523,334,53,53
652,1130,53,53
95,1859,53,53
1859,95,53,53
95,1859,53,53
1859,95,53,53
95,1859,53,53
1859,95,53,53
95,1859,53,53
1601,1859,53,53
1859,95,53,53
1859,1601,53,53
1624,95,53,53
95,1859,53,53
95,1624,53,53
1624,95,53,53
1859,95,53,53
1,1626,53,53
95,1859,53,53
1859,95,53,53
95,1859,53,53
1859,95,53,53
95,1859,53,53
1859,95,53,53
143,1601,53,53
843,1167,53,53
1860,494,53,53
1543,1861,53,53
697,1472,53,53
1052,1859,53,53
12,1831,53,53
12,1644,53,53
199,959,53,53
1852,1781,53,53
1052,1624,53,53
1781,1852,53,53
1859,1052,53,53
1624,1052,53,53
1624,1862,53,53
1852,697,53,53
145,492,53,53
1644,224,53,53
1852,1781,53,53
492,145,53,53
1624,398,53,53
398,1624,53,53
1624,398,53,53
398,1624,53,53
398,1624,53,53
9,1181,53,53
1034,697,53,53
9,1308,53,53
95,697,53,53
9,1644,53,53
9,1255,53,53
95,1403,53,53
697,95,53,53
697,95,53,53
95,561,53,53
95,697,53,53
95,697,53,53
697,95,53,53
95,697,53,53
1601,1859,53,53
95,697,53,53
1624,398,53,53
1624,234,53,53
398,1624,53,53
334,523,53,53
1781,1657,53,53
1052,1859,53,53
719,1641,53,53
1624,1781,53,53
1796,1343,53,53
1181,9,53,53
342,1848,53,53
1601,973,53,53
1472,697,53,53
1836,1540,53,53
398,828,53,53
1836,1863,53,53
9,1181,53,53
1,312,53,53
1859,1601,53,53
1859,1052,53,53
1860,993,53,53
503,1756,53,53
1601,1859,53,53
1601,143,53,53
1601,1246,53,53
1601,1781,53,53
1848,342,53,53
1848,1543,53,53
342,1848,53,53
1859,1601,54,54
143,1601,54,54
1601,143,54,54
1781,1601,54,54
1308,9,54,54
1237,1167,54,54
9,1308,54,54
586,396,54,54
1644,9,54,54
1624,105,54,54
1624,1168,54,54
1624,398,54,54
1168,1624,54,54
1624,95,54,54
1624,1168,54,54
1624,1168,54,54
1168,1624,54,54
1624,1168,54,54
1168,1624,54,54
1624,1168,54,54
1168,1624,54,54
398,1624,54,54
1624,1168,54,54
1624,398,54,54
1168,1624,54,54
398,1624,54,54
1624,1168,54,54
1624,398,54,54
1624,1727,54,54
1168,1624,54,54
1624,1168,54,54
1168,1624,54,54
1624,1862,54,54
1624,1168,54,54
1727,1624,54,54
1168,1624,54,54
1624,1727,54,54
1624,1168,54,54
1168,1624,54,54
1624,1168,54,54
1727,1624,54,54
1624,1626,54,54
1624,1727,54,54
1727,143,54,54
1727,1624,54,54
1727,1624,54,54
1168,1624,54,54
1624,1864,54,54
1624,1727,54,54
1624,1727,54,54
1624,1168,54,54
1168,1624,54,54
1624,1864,54,54
1624,1168,54,54
1168,1624,54,54
1624,1285,54,54
1624,1168,54,54
1168,1624,54,54
1624,1168,54,54
1168,1624,54,54
1624,1168,54,54
1168,1624,54,54
1601,701,54,54
1624,1168,54,54
1624,1052,54,54
1052,1859,54,54
1052,1624,54,54
1624,1052,54,54
1168,1624,54,54
1624,1168,54,54
1052,1624,54,54
1168,1624,54,54
1624,1052,54,54
1624,1168,54,54
1052,1624,54,54
1168,1624,54,54
1626,1624,54,54
1624,1052,54,54
1624,1168,54,54
1624,1626,54,54
1168,1624,54,54
1624,1168,54,54
1168,1624,54,54
1624,1168,54,54
1168,1624,54,54
1624,1168,54,54
1168,1624,54,54
1624,1168,54,54
1168,1624,54,54
1624,1168,54,54
1168,1624,54,54
1624,1168,54,54
1168,1624,54,54
1543,1848,54,54
1543,1865,54,54
1624,1168,54,54
1168,1624,54,54
1675,1657,54,54
1624,1168,54,54
1168,1624,54,54
1624,1168,54,54
1168,1624,54,54
1624,1168,54,54
1168,1624,54,54
1624,1168,54,54
1168,1624,54,54
1624,1168,54,54
1168,1624,54,54
1624,1168,54,54
1168,1624,54,54
1624,1168,54,54
1168,1624,54,54
1624,1168,54,54
1756,503,54,54
1168,1624,54,54
1624,1168,54,54
1624,1866,54,54
1168,1624,54,54
1624,1168,54,54
1866,1624,54,54
1168,1624,54,54
1624,1866,54,54
1866,1624,54,54
1624,1168,54,54
1624,1866,54,54
1168,1624,54,54
1624,1168,54,54
1866,1624,54,54
1168,1624,54,54
1624,1866,54,54
1624,1168,54,54
1866,1624,54,54
1866,1624,54,54
1168,1624,54,54
1624,1866,54,54
1624,1866,54,54
1624,1168,54,54
1866,1624,54,54
1168,1624,54,54
1866,1624,54,54
1624,1866,54,54
1624,1168,54,54
1624,1866,54,54
1866,1624,54,54
1168,1624,54,54
1624,1866,54,54
1624,1168,54,54
1866,1624,54,54
520,443,54,54
1866,1624,54,54
1624,1866,54,54
1624,1866,54,54
1624,520,54,54
1866,1624,54,54
1624,1866,54,54
1866,1624,54,54
1866,1624,54,54
1624,1866,54,54
1624,1866,54,54
1866,1624,54,54
1866,1624,54,54
1624,1866,54,54
1866,1624,54,54
1624,1866,54,54
1624,1866,54,54
1866,1624,54,54
1866,1624,54,54
1624,1866,54,54
1624,1866,54,54
1866,1624,54,54
1624,1866,54,54
1866,1624,54,54
1624,1866,54,54
1866,1624,54,54
1866,1624,54,54
1168,1624,54,54
1624,1168,54,54
1168,1624,54,54
1624,1168,54,54
1168,1624,54,54
1168,1624,54,54
1624,1168,54,54
32,1675,54,54
143,1727,54,54
143,1601,54,54
1862,1624,54,54
1624,1862,54,54
1231,1783,54,54
509,1097,54,54
509,1839,54,54
1181,9,54,54
398,1624,54,54
1811,1624,54,54
1783,1231,54,54
843,1237,54,54
1859,1052,54,54
1280,1167,54,54
1624,398,54,54
1624,1811,54,54
969,1867,54,54
479,1540,54,54
479,1546,54,54
1546,479,54,54
95,1624,54,54
9,1181,54,54
1052,1859,54,54
1724,785,54,54
1724,1836,54,54
1624,95,54,54
1601,143,54,54
398,1624,54,54
719,1868,54,54
447,398,54,54
398,447,54,54
1869,1862,54,54
1862,1869,54,54
1859,1052,54,54
1,36,54,54
1624,1866,54,54
36,1,54,54
1,36,54,54
36,1,54,54
9,1644,54,54
1543,256,54,54
1783,645,54,54
1868,719,54,54
1675,32,54,54
1675,32,54,54
1868,719,54,54
1868,1338,54,54
1619,1343,54,54
1750,561,54,54
1543,1870,54,54
1,312,54,54
1836,1724,54,54
32,1675,54,54
536,927,54,54
312,1,54,54
711,1601,54,54
711,1868,54,54
557,1624,54,54
1724,1836,54,54
1308,9,54,54
1246,1601,54,54
95,1624,54,54
1118,1601,54,54
1624,95,54,54
398,1624,54,54
9,1308,54,54
9,708,54,54
9,899,54,54
1624,398,54,54
9,1380,54,54
1624,810,54,54
1624,1862,54,54
1624,1781,54,54
398,1624,54,54
1624,398,54,54
398,1624,54,54
1624,398,54,54
1781,1624,54,54
398,1624,54,54
1624,1781,54,54
1624,1601,54,54
398,1624,54,54
1781,1624,54,54
1624,398,54,54
1624,1781,54,54
1781,1624,54,54
1624,1781,54,54
1675,32,54,54
1624,1781,54,54
1624,1772,54,54
1344,1312,54,54
1624,810,54,54
810,1624,54,54
810,1624,54,54
1624,810,54,54
1624,810,54,54
810,1624,54,54
1624,645,54,54
810,1624,54,54
1624,810,54,54
810,1624,54,54
810,1624,54,54
1624,810,54,54
1624,810,54,54
1624,1868,54,54
810,1624,54,54
1868,1624,54,54
1387,1312,54,54
1868,711,54,54
810,1624,54,54
1624,810,54,54
1624,1868,54,54
810,1624,54,54
1624,810,54,54
1624,810,54,54
1868,1624,54,54
1624,1868,54,54
1624,1871,54,54
810,1624,54,54
1871,1624,54,54
1624,810,54,54
1868,1624,54,54
1624,1871,54,54
1624,1868,54,54
1871,1624,54,54
1624,1871,54,54
1871,1624,54,54
1624,1871,54,54
1871,1624,54,54
1624,1871,54,54
1868,1624,54,54
810,1624,54,54
1624,1868,54,54
1624,810,54,54
810,1624,54,54
1624,810,54,54
1868,1624,54,54
810,1624,54,54
1624,1868,54,54
1624,810,54,54
1868,1624,54,54
1624,1868,54,54
810,1624,54,54
1624,810,54,54
1868,1624,54,54
1624,1868,54,54
810,1624,54,54
1868,1624,54,54
1624,810,54,54
1624,1868,54,54
810,1624,54,54
1624,810,54,54
1624,1868,54,54
1868,1624,54,54
810,1624,54,54
1624,1868,54,54
1624,810,54,54
810,1624,54,54
561,1750,54,54
1868,1624,54,54
1624,810,54,54
398,1624,54,54
398,1624,54,54
1624,1868,54,54
1624,398,54,54
1624,1868,54,54
1624,810,54,54
398,1624,54,54
810,1624,54,54
1872,810,54,54
1872,810,54,54
1872,1868,54,54
1836,1724,54,54
1868,1872,54,54
9,1781,54,54
620,27,54,54
494,1860,54,54
443,520,54,54
1190,792,54,54
1190,9,54,54
899,9,54,54
1750,561,54,54
821,483,54,54
821,583,54,54
821,483,54,54
105,1624,54,54
105,1127,54,54
27,620,54,54
9,899,55,55
9,1190,55,55
1312,1387,55,55
1312,1344,55,55
561,1750,55,55
1052,711,55,55
1052,701,55,55
1,312,55,55
768,1280,55,55
145,492,55,55
620,27,55,55
1344,1312,55,55
1601,711,55,55
1601,711,55,55
1,312,55,55
1601,1118,55,55
1181,9,55,55
492,1181,55,55
492,1181,55,55
1601,1872,55,55
9,1181,55,55
1750,561,55,55
1868,1052,55,55
1624,810,55,55
1624,1868,55,55
1781,9,55,55
1781,1624,55,55
1624,1781,55,55
1624,1052,55,55
1624,1052,55,55
312,1,55,55
1724,1836,55,55
1624,1601,55,55
1624,1727,55,55
785,1724,55,55
1280,768,55,55
1624,234,55,55
1868,1624,55,55
1346,1868,55,55
492,463,55,55
1190,9,55,55
1190,394,55,55
1724,785,55,55
652,1644,55,55
652,69,55,55
9,1781,55,55
9,1190,55,55
1860,494,55,55
1860,1873,55,55
1644,652,55,55
1312,1344,55,55
27,620,55,55
768,1280,55,55
32,673,55,55
32,1167,55,55
1624,1868,55,55
1601,1624,55,55
431,561,55,55
620,27,55,55
1624,1601,55,55
1868,1346,55,55
1237,1236,55,55
1237,843,55,55
1852,1865,55,55
673,32,55,55
1874,451,55,55
32,673,55,55
1,312,55,55
1836,1724,55,55
193,393,55,55
1601,1875,55,55
697,1319,55,55
393,193,55,55
1491,847,55,55
652,1644,55,55
674,1865,55,55
1624,95,55,55
847,1491,55,55
1346,1868,55,55
1190,9,55,55
843,1237,55,55
843,1237,55,55
697,492,55,55
830,621,55,55
1781,9,55,55
234,1624,55,55
1644,652,55,55
1624,234,55,55
234,1624,55,55
234,1624,55,55
847,1872,55,55
652,278,55,55
9,1781,55,55
9,1190,55,55
1167,32,55,55
1167,809,55,55
1167,1540,55,55
1167,429,55,55
1181,9,55,55
1181,492,55,55
1713,561,55,55
1624,234,55,55
1624,234,55,55
1543,536,55,55
1750,561,55,55
1075,1624,55,55
785,1724,55,55
1724,1836,55,55
1724,785,55,55
1624,1075,55,55
697,1866,55,55
652,69,55,55
1332,1565,55,55
1332,1796,55,55
1781,9,55,55
621,830,55,55
1308,9,55,55
1565,1332,55,55
785,1724,55,55
1836,1724,55,55
1713,1565,55,55
808,697,55,55
1565,1713,55,55
1346,1713,55,55
9,1781,55,55
9,1308,55,55
1773,673,55,55
1866,1402,55,55
1866,1768,55,55
1713,1346,55,55
673,1773,55,55
536,1543,56,56
1624,1678,56,56
1543,536,56,56
1864,1624,56,56
1772,1624,56,56
1864,1624,56,56
1864,1624,56,56
1346,1713,56,56
697,808,56,56
1713,617,56,56
1781,9,56,56
969,1669,56,56
1724,1836,56,56
1624,1772,56,56
1624,1864,56,56
1624,1864,56,56
1624,1864,56,56
1624,1168,56,56
1624,9,56,56
1,312,56,56
1669,969,56,56
1543,1724,56,56
1543,969,56,56
557,1624,56,56
1491,847,56,56
1624,557,56,56
536,1543,56,56
1865,674,56,56
1865,1852,56,56
9,1624,56,56
12,1312,56,56
1864,1624,56,56
234,642,56,56
1280,768,56,56
1624,9,56,56
1624,1864,56,56
1836,1724,56,56
1343,1619,56,56
1312,12,56,56
674,1865,56,56
1866,1847,56,56
1866,773,56,56
540,615,56,56
1168,1624,56,56
1406,194,56,56
1865,674,56,56
1543,886,56,56
1543,536,56,56
652,1565,56,56
557,1624,56,56
9,1624,56,56
9,1781,56,56
1644,9,56,56
674,1865,56,56
1338,1868,56,56
316,509,56,56
509,316,56,56
1190,9,56,56
1624,1168,56,56
1624,557,56,56
1624,9,56,56
1168,1624,56,56
1624,1168,56,56
27,620,56,56
1852,1865,56,56
768,1280,56,56
12,1312,56,56
1876,1865,56,56
1624,557,56,56
561,1750,56,56
557,1624,56,56
1624,557,56,56
1624,557,56,56
557,1624,56,56
1624,557,56,56
557,1624,56,56
561,431,56,56
561,1713,56,56
561,95,56,56
1285,1624,56,56
536,1543,56,56
423,1565,56,56
1565,652,56,56
642,234,56,56
711,1601,56,56
431,561,56,56
1543,536,56,56
847,1781,56,56
9,1624,56,56
95,1865,56,56
9,1190,56,56
539,710,56,56
1781,9,56,56
1781,847,56,56
1624,9,56,56
1724,1836,56,56
1362,1624,56,56
1624,1362,56,56
1565,652,56,56
847,1781,56,56
809,1167,56,56
652,1565,56,56
1,312,56,56
1601,1796,56,56
1870,1543,56,56
1783,1344,56,56
652,27,56,56
674,1877,56,56
1678,1565,56,56
601,1862,56,56
583,821,56,56
1175,1246,56,56
821,583,57,57
536,1543,57,57
1713,536,57,57
1167,809,57,57
312,1,57,57
620,27,57,57
1783,697,57,57
1,312,57,57
1862,601,57,57
1781,847,57,57
1713,561,57,57
1713,617,57,57
1713,233,57,57
233,1713,57,57
1713,233,57,57
561,1713,57,57
1713,561,57,57
1280,768,57,57
1864,697,57,57
1543,1870,57,57
93,1624,57,57
1624,93,57,57
172,523,57,57
1713,1117,57,57
1601,1875,57,57
27,652,57,57
697,1864,57,57
27,620,57,57
1117,1713,57,57
1876,868,57,57
1876,27,57,57
1876,1117,57,57
1362,1624,57,57
312,1,57,57
620,27,57,57
1864,697,57,57
1878,1864,57,57
1878,1865,57,57
1624,1362,57,57
1836,1724,57,57
1700,429,57,57
1700,1540,57,57
27,1876,57,57
27,620,57,57
1730,1878,57,57
536,1713,57,57
620,27,57,57
1878,1730,57,57
652,1565,57,57
27,620,57,57
1724,1836,57,57
1,312,57,57
1624,1866,57,57
1624,1727,57,57
1781,1624,57,57
1624,1781,57,57
1781,1624,57,57
1730,1878,57,57
1781,1624,57,57
1624,1781,57,57
1624,1781,57,57
1781,1624,57,57
1713,536,57,57
868,1876,57,57
342,1362,57,57
1836,1362,57,57
1836,1724,57,57
1864,1878,57,57
1750,561,57,57
9,1624,57,57
1876,868,57,57
1876,27,57,57
1624,9,57,57
27,1876,57,57
312,1,57,57
1601,711,57,57
1565,652,57,57
1338,1601,57,57
1724,1836,57,57
1344,1783,57,57
9,1624,57,57
1773,1282,57,57
1362,342,57,57
1362,1836,57,57
536,1713,57,57
697,645,57,57
868,1876,57,57
1624,9,57,57
1836,1362,57,57
1836,1724,57,57
1836,536,57,57
1724,1836,57,57
536,1836,57,57
809,1167,57,57
1168,1624,57,57
1168,1624,57,57
1852,697,57,57
1836,1724,57,57
1836,536,57,57
1362,1836,57,57
1836,1362,57,57
342,1362,57,57
1158,1072,57,57
42,323,57,57
697,1852,57,57
768,1280,57,57
1713,536,57,57
1713,987,57,57
1543,1879,57,57
1724,1836,57,57
1876,868,57,57
1866,868,57,57
868,1876,57,57
868,1866,57,57
1866,868,57,57
868,1866,57,57
1866,868,57,57
868,1866,57,57
1866,868,57,57
1866,868,57,57
1876,1880,57,57
1876,868,57,57
193,393,57,57
1866,44,57,57
44,1866,57,57
1866,44,57,57
1866,44,57,57
44,1866,57,57
1866,44,57,57
44,1866,57,57
1866,44,57,57
1876,983,57,57
1876,1565,57,57
44,1866,57,57
1866,44,57,57
1601,1338,57,57
1624,1168,57,57
1624,1168,57,57
1836,1362,57,57
536,1713,57,57
536,1836,57,57
868,1876,57,57
393,193,57,57
447,1866,57,57
1866,447,57,57
1836,536,57,57
447,1866,57,57
1866,447,57,57
1852,697,57,57
447,1866,57,57
1866,447,57,57
447,1866,57,57
1866,447,57,57
447,1866,57,57
1866,447,57,57
447,1866,57,57
1866,447,57,57
447,1866,57,57
1866,447,57,57
447,1866,57,57
1866,447,57,57
447,1866,57,57
1866,447,57,57
447,1866,57,57
1866,447,57,57
447,1866,57,57
1866,447,57,57
447,1866,57,57
1866,447,57,57
447,1866,57,57
1866,447,57,57
447,1866,57,57
1866,447,57,57
447,1866,57,57
1866,447,57,57
447,1866,57,57
1866,447,57,57
447,1866,57,57
1866,447,57,57
447,1866,57,57
1866,447,57,57
447,1866,57,57
1866,447,57,57
1,312,57,57
536,1836,58,58
469,1181,58,58
652,1565,58,58
1181,469,58,58
342,561,58,58
1565,652,58,58
1836,536,58,58
1546,1875,58,58
1876,868,58,58
312,1,58,58
868,1876,58,58
1282,1773,58,58
1866,1644,58,58
1878,1362,58,58
1362,1836,58,58
1773,1282,58,58
1362,1878,58,58
1878,1362,58,58
224,1644,58,58
1881,1750,58,58
1676,1881,58,58
1881,1676,58,58
536,1836,58,58
1713,536,58,58
1881,1052,58,58
983,1079,58,58
1079,983,58,58
1881,1642,58,58
1079,983,58,58
983,1079,58,58
1642,1881,58,58
983,1079,58,58
1079,983,58,58
1079,1881,58,58
1079,983,58,58
983,1079,58,58
1881,1079,58,58
1079,1881,58,58
1079,983,58,58
1881,1079,58,58
1750,1881,58,58
1881,1750,58,58
1079,1881,58,58
983,1079,58,58
1750,1881,58,58
1079,983,58,58
1881,1079,58,58
1881,1750,58,58
1079,1881,58,58
983,1079,58,58
1881,1079,58,58
1079,983,58,58
1079,1881,58,58
983,1079,58,58
1881,1079,58,58
1750,1881,58,58
1079,983,58,58
1079,1881,58,58
983,1079,58,58
1079,983,58,58
983,1079,58,58
1750,1881,58,58
1079,983,58,58
1881,1750,58,58
983,1079,58,58
1079,983,58,58
983,1079,58,58
1079,983,58,58
1741,463,58,58
983,1079,58,58
1079,983,58,58
983,1079,58,58
1079,983,58,58
1741,1792,58,58
1741,475,58,58
1741,773,58,58
1741,1847,58,58
1280,768,58,58
536,1713,58,58
302,557,58,58
1,312,58,58
1676,1881,58,58
1644,1866,58,58
1052,1881,58,58
561,342,58,58
561,1750,58,58
1750,561,58,58
1836,1362,58,58
1362,1836,58,58
557,302,58,58
557,561,58,58
1,132,58,58
1866,1644,58,58
1282,1773,58,58
1881,1052,58,58
1052,1881,58,58
1836,1362,58,58
1474,1793,58,58
1474,1375,58,58
652,1565,58,58
652,1565,58,58
1881,1052,58,58
342,561,58,58
1052,1881,58,58
993,1860,58,58
19,1882,58,58
19,1882,58,58
19,1882,58,58
1644,224,58,58
1375,1756,58,58
1375,1474,58,58
1713,697,58,58
697,1713,58,58
561,1750,58,58
561,557,58,58
561,342,58,58
561,105,58,58
1319,697,58,58
1168,1883,58,58
615,540,58,58
557,561,58,58
105,561,59,59
1488,1724,59,59
1488,1884,59,59
1488,1885,59,59
1488,1886,59,59
1488,1887,59,59
1488,1877,59,59
1488,1875,59,59
1488,1888,59,59
1488,1865,59,59
1488,1870,59,59
1488,1889,59,59
492,686,59,59
492,536,59,59
697,1319,59,59
1,312,59,59
312,1,59,59
536,492,59,59
1,312,59,59
561,557,59,59
431,561,59,59
475,1741,59,59
1332,1395,59,59
1332,1395,59,59
1332,1178,59,59
492,536,59,59
768,1280,59,59
536,492,59,59
1624,1878,59,59
1724,1488,59,59
1291,1836,59,59
1487,1890,59,59
342,561,59,59
1052,1002,59,59
1236,1237,59,59
1280,768,59,59
561,342,59,59
1878,1624,59,59
429,1700,59,59
492,429,59,59
1836,1291,59,59
418,1565,59,59
418,928,59,59
1,312,59,59
32,1878,59,59
32,1034,59,59
9,1624,59,59
9,1644,59,59
1624,1878,59,59
1624,9,59,59
1052,1865,59,59
1878,32,59,59
1878,1624,59,59
1543,1395,59,59
146,1,59,59
1181,131,59,59
1,146,59,59
32,1878,59,59
1624,1878,59,59
1395,1543,59,59
1395,1332,59,59
312,1,59,59
1079,27,59,59
1079,1865,59,59
1079,674,59,59
1878,32,59,59
1878,1624,59,59
674,1079,59,59
1079,674,59,59
674,1079,59,59
1079,868,59,59
1079,674,59,59
1681,1771,59,59
1681,1771,59,59
1681,1771,59,59
1079,1644,59,59
233,810,59,59
342,561,59,59
456,1132,60,60
1792,1285,60,60
27,1079,60,60
1624,1878,60,60
32,1878,60,60
1888,1488,60,60
810,233,60,60
1644,1079,60,60
1771,1681,60,60
1878,1624,60,60
1878,32,60,60
1237,1236,60,60
1237,843,60,60
93,525,60,60
1,312,60,60
429,492,60,60
189,712,60,60
233,810,60,60
828,398,60,60
1624,1878,60,60
1601,1891,60,60
312,1,60,60
1878,1624,60,60
810,233,60,60
1540,479,60,60
1540,1167,60,60
1,312,60,60
1892,1280,60,60
312,1,60,60
1,312,60,60
1557,673,60,60
1624,1557,60,60
1557,1624,60,60
1557,1624,60,60
673,1557,60,60
1624,1557,60,60
1167,1540,60,60
768,1280,60,60
843,1237,60,60
1893,1840,60,60
1893,868,60,60
423,132,60,60
131,1181,60,60
686,492,60,60
868,1079,60,60
868,1893,60,60
1543,1395,60,60
193,773,60,60
312,1,60,60
1783,1792,60,60
398,828,60,60
828,398,60,60
146,1,60,60
469,1181,60,60
1079,868,60,60
469,1629,60,60
469,1629,60,60
469,1629,60,60
492,686,60,60
492,1629,60,60
1079,1344,60,60
1079,1344,60,60
1079,1313,60,60
1079,1644,60,60
1644,1079,60,60
1079,1644,60,60
1644,1079,60,60
1079,1644,60,60
1079,1644,60,60
1773,1282,60,60
1748,97,60,60
1178,1332,60,60
1236,1237,60,60
1,312,60,60
1,146,60,60
686,492,60,60
1629,469,60,60
1543,513,60,60
1344,1079,60,60
696,713,60,60
561,342,60,60
561,105,60,60
1543,1487,60,60
1543,69,60,60
868,1079,60,60
617,1713,60,60
1878,617,60,60
342,561,60,60
105,561,60,60
886,1543,61,61
1713,617,61,61
557,561,61,61
1865,95,61,61
431,561,61,61
1548,1868,61,61
1488,1888,61,61
1487,1543,61,61
1181,469,61,61
1181,131,61,61
1875,1546,61,61
536,927,61,61
1808,1876,61,61
1280,1892,61,61
1280,768,61,61
686,492,61,61
1002,1052,61,61
1888,1488,61,61
1713,144,61,61
3,176,61,61
3,242,61,61
3,249,61,61
3,338,61,61
3,83,61,61
3,333,61,61
3,9,61,61
3,249,61,61
3,285,61,61
3,281,61,61
3,26,61,61
3,281,61,61
3,741,61,61
3,372,61,61
3,545,61,61
3,800,61,61
3,615,61,61
3,800,61,61
3,800,61,61
3,372,61,61
3,1196,61,61
3,740,61,61
3,582,61,61
3,249,61,61
3,1180,61,61
3,1189,61,61
3,346,61,61
3,2,61,61
3,2,61,61
3,1042,61,61
3,1187,61,61
3,249,61,61
3,640,61,61
3,752,61,61
3,824,61,61
3,41,61,61
3,1262,61,61
3,1419,61,61
3,41,61,61
3,1463,61,61
3,482,61,61
3,768,61,61
3,610,61,61
3,893,61,61
3,283,61,61
3,701,61,61
1488,1888,61,61
1013,1889,61,61
1013,1894,61,61
582,1882,61,61
1888,1488,61,61
431,561,61,61
1064,168,61,61
1064,447,61,61
1064,1375,61,61
561,342,61,61
561,105,61,61
561,557,61,61
561,431,61,61
1313,1079,61,61
447,1064,61,61
1013,1346,61,61
1892,1280,61,61
72,1765,61,61
105,561,61,61
1013,773,62,62
431,561,62,62
144,1713,62,62
768,1280,62,62
1644,9,62,62
1168,697,62,62
1079,1644,62,62
1673,844,62,62
1280,768,62,62
1079,1624,62,62
1644,1079,62,62
1079,1644,62,62
1644,1079,62,62
768,686,62,62
1895,1021,62,62
1520,1879,62,62
1879,1520,62,62
1879,1543,62,62
1624,1079,62,62
342,561,62,62
1,312,62,62
1079,1624,62,62
1079,1644,62,62
1624,1079,62,62
686,768,62,62
1079,1624,62,62
1644,1079,62,62
1079,1644,62,62
1765,72,62,62
1878,1346,62,62
1878,1021,62,62
492,967,62,62
1700,429,62,62
843,969,62,62
843,1237,62,62
67,697,62,62
1644,1079,62,62
1079,1644,62,62
1644,1079,62,62
1079,1644,62,62
1079,1644,62,62
768,686,62,62
1624,1079,62,62
557,561,62,62
1079,1624,62,62
1716,1308,62,62
561,557,62,62
561,431,62,62
561,95,62,62
1079,868,62,62
1557,1808,62,62
1557,868,62,62
1543,1487,62,62
1543,1879,62,62
431,561,62,62
342,969,62,62
1416,969,62,62
9,1644,62,62
540,615,62,62
1814,175,62,62
1644,1079,63,63
1876,1808,63,63
1,312,63,63
561,431,63,63
431,561,63,63
1896,221,63,63
868,1557,63,63
868,1079,63,63
1808,1876,63,63
1013,1894,63,63
187,131,63,63
1013,1291,63,63
1291,1013,63,63
1897,187,63,63
187,1897,63,63
1557,1291,63,63
1557,868,63,63
868,1557,63,63
1557,868,63,63
868,1557,63,63
1557,868,63,63
868,1557,63,63
868,1557,63,63
1557,1755,63,63
312,1,63,63
1,312,63,63
843,1237,63,63
1,32,63,63
3,1626,63,63
1876,1808,63,63
1520,1879,63,63
95,561,63,63
95,1796,63,63
1079,1616,63,63
1079,1644,63,63
32,1,63,63
312,1,63,63
1,312,63,63
818,620,63,63
768,1280,63,63
93,1616,63,63
1713,61,63,63
211,415,63,63
211,1546,63,63
1546,211,63,63
211,1546,63,63
1546,211,63,63
211,1546,63,63
312,1,63,63
1,312,63,63
1118,1543,63,63
1562,1879,63,63
1280,768,63,63
1783,1280,64,64
312,1,64,64
1783,617,64,64
415,211,64,64
42,1,64,64
1,312,64,64
1,42,64,64
1808,1876,64,64
711,642,64,64
561,95,64,64
561,431,64,64
561,557,64,64
561,105,64,64
105,561,64,64
642,711,64,64
172,1724,64,64
1280,1783,64,64
1312,1344,64,64
1344,1312,64,64
1312,1344,64,64
1344,1312,64,64
711,642,64,64
1724,172,64,64
1724,172,64,64
1543,561,64,64
927,536,64,64
1876,1808,64,64
1543,1118,64,64
561,1543,64,64
431,561,64,64
1868,1548,64,64
711,1898,64,64
1898,711,64,64
620,818,64,64
1543,561,64,64
393,193,64,64
818,620,64,64
1899,987,64,64
969,342,64,64
969,1416,64,64
1899,1372,64,64
1899,713,64,64
1899,1792,64,64
1899,306,64,64
1899,1215,64,64
1899,447,64,64
1899,204,64,64
1899,1781,64,64
1899,784,64,64
1899,144,64,64
1899,1497,64,64
1899,314,64,64
1899,61,64,64
1899,8,64,64
1416,969,64,64
1899,1217,64,64
1899,561,64,64
1899,657,64,64
1899,1436,64,64
1899,1284,64,64
1899,391,64,64
1899,1417,64,64
1899,311,64,64
1899,1847,64,64
1899,1097,64,64
1899,277,64,64
1878,1624,64,64
1878,1624,64,64
