source,target,time_stamps/seconds,time_window
1,2,0,0
1,3,0,0
1,4,0,0
1,5,0,0
1,6,0,0
1,7,0,0
1,8,0,0
1,9,0,0
1,10,0,0
1,11,0,0
1,12,0,0
1,13,0,0
1,14,0,0
1,15,0,0
1,16,0,0
1,17,0,0
18,19,0,0
18,19,0,0
20,3,0,0
20,21,0,0
20,22,0,0
20,23,0,0
24,25,0,0
26,27,0,0
28,29,0,0
1,7,0,0
29,30,0,0
29,28,0,0
11,31,0,0
11,32,0,0
11,25,0,0
11,33,0,0
31,11,0,0
33,11,0,0
1,7,0,0
34,21,0,0
35,3,0,0
36,37,0,0
36,37,0,0
25,11,0,0
25,24,0,0
23,21,0,0
36,38,0,0
39,21,0,0
13,3,0,0
13,40,0,0
13,8,0,0
13,35,0,0
13,41,0,0
13,4,0,0
42,43,0,0
42,43,0,0
42,43,0,0
42,43,0,0
42,44,0,0
26,45,0,0
46,21,0,0
42,3,0,0
16,1,0,0
16,1,0,0
47,48,0,0
16,8,0,0
47,48,0,0
16,8,0,0
49,42,0,0
26,21,0,0
49,21,0,0
26,32,0,0
29,22,0,0
3,8,0,0
3,13,0,0
3,50,0,0
3,35,0,0
3,51,0,0
3,52,0,0
3,18,0,0
3,53,0,0
3,20,0,0
50,3,0,0
46,1,0,0
54,17,0,0
54,17,0,0
3,50,0,0
1,46,0,0
55,56,0,0
55,50,0,0
8,3,0,0
13,3,0,0
27,42,0,0
19,57,0,0
42,27,0,0
19,58,0,0
19,50,0,0
55,23,0,0
19,21,0,0
19,23,0,0
59,2,0,0
34,24,0,0
39,27,0,0
55,21,0,0
24,34,0,0
55,42,0,0
35,3,0,0
60,23,0,0
59,2,0,0
13,3,0,0
18,3,0,0
61,33,0,0
61,23,0,0
62,42,0,0
62,63,0,0
62,64,0,0
13,3,0,0
13,35,0,0
13,4,0,0
65,50,0,0
65,23,0,0
58,21,0,0
3,66,0,0
3,67,0,0
3,8,0,0
3,35,0,0
3,68,0,0
3,69,0,0
3,17,0,0
70,21,0,0
25,24,0,0
10,7,0,0
5,71,0,0
5,72,0,0
5,73,0,0
5,74,0,0
5,11,0,0
32,11,0,0
10,21,0,0
24,25,0,0
4,13,0,0
4,3,0,0
51,3,0,0
66,27,0,0
15,27,0,0
7,10,0,0
7,1,0,0
50,75,0,0
13,15,0,0
13,40,0,0
75,50,0,0
75,50,0,0
62,15,0,0
62,3,0,0
62,20,0,0
62,8,0,0
62,33,0,0
62,35,0,0
11,5,0,0
66,3,0,0
62,3,0,0
62,15,0,0
62,20,0,0
62,8,0,0
62,33,0,0
62,35,0,0
15,62,0,0
15,62,0,0
62,3,0,0
62,15,0,0
62,20,0,0
62,8,0,0
62,33,0,0
62,35,0,0
15,62,0,0
8,62,0,0
8,62,0,0
8,62,0,0
62,3,0,0
62,15,0,0
62,20,0,0
62,8,0,0
62,33,0,0
62,35,0,0
3,62,0,0
3,62,0,0
35,62,0,0
35,62,0,0
62,3,0,0
62,20,0,0
62,8,0,0
62,33,0,0
62,35,0,0
62,15,0,0
15,62,0,0
8,62,0,0
35,62,0,0
3,62,0,0
35,62,0,0
3,62,0,0
4,16,0,0
15,61,0,0
15,12,0,0
30,32,0,0
1,46,0,0
15,62,0,0
76,19,0,0
3,62,0,0
61,15,0,0
6,7,0,0
6,1,0,0
6,7,0,0
6,1,0,0
74,5,0,0
67,3,0,0
77,27,0,0
78,23,0,0
27,77,0,0
79,43,0,0
79,43,0,0
68,48,0,0
79,43,0,0
79,43,0,0
79,80,0,0
32,15,0,0
15,32,0,0
33,62,0,0
33,62,0,0
33,62,0,0
33,62,0,0
3,81,0,0
3,50,0,0
3,27,0,0
50,47,0,0
20,62,0,0
20,62,0,0
20,62,0,0
20,62,0,0
68,27,0,0
47,50,0,0
52,3,0,0
27,3,0,0
35,3,0,0
80,38,0,0
35,62,0,0
38,80,0,0
50,68,0,0
8,3,0,0
68,50,0,0
8,62,0,0
82,21,0,0
29,22,0,0
26,25,0,0
17,3,0,0
26,24,0,0
13,3,0,0
13,8,0,0
13,35,0,0
13,40,0,0
13,4,0,0
17,56,0,0
17,15,0,0
17,54,0,0
73,5,0,0
8,13,0,0
14,77,0,0
54,17,0,0
56,17,0,0
68,74,0,0
35,13,0,0
68,48,0,0
68,3,0,0
1,73,0,0
68,74,0,0
73,1,0,0
11,83,0,0
73,1,0,0
84,85,0,0
84,42,0,0
53,3,0,0
69,86,0,0
86,69,0,0
84,42,0,0
33,62,0,0
68,85,0,0
84,42,0,0
33,15,0,0
33,61,0,0
33,15,0,0
61,33,0,0
12,15,0,0
42,62,0,0
31,21,0,0
24,62,0,0
24,51,0,0
24,3,0,0
24,8,0,0
1,73,0,0
76,84,0,0
51,24,0,0
74,1,0,0
1,74,0,0
64,67,0,0
76,50,0,0
86,57,0,0
3,24,0,0
4,13,0,0
50,76,0,0
76,50,0,0
69,86,0,0
3,13,0,0
46,1,0,0
73,5,0,0
5,73,0,0
26,45,0,0
77,27,0,0
76,19,0,0
54,56,0,0
21,86,0,0
8,24,0,0
32,87,0,0
32,7,0,0
86,21,0,0
42,33,0,0
77,27,0,0
77,14,0,0
21,56,0,0
21,84,0,0
21,88,0,0
21,76,0,0
21,89,0,0
21,68,0,0
21,86,0,0
21,90,0,0
21,47,0,0
21,85,0,0
21,69,0,0
21,48,0,0
76,19,0,0
84,21,0,0
86,21,0,0
89,21,0,0
48,21,0,0
67,64,0,0
12,31,0,0
12,25,0,0
47,21,0,0
76,19,0,0
68,21,0,0
76,21,0,0
77,14,0,0
21,56,0,0
21,69,0,0
21,88,0,0
21,76,0,0
21,86,0,0
21,90,0,0
21,84,0,0
21,89,0,0
76,21,0,0
31,12,0,0
86,21,0,0
89,21,0,0
84,21,0,0
14,77,0,0
77,14,0,0
45,63,0,0
72,5,0,0
72,15,0,0
72,5,0,0
72,71,0,0
77,26,0,0
77,15,0,0
77,39,0,0
77,38,0,0
77,66,0,0
77,24,0,0
77,3,0,0
27,77,0,0
27,69,0,0
59,69,0,0
1,2,0,0
2,1,0,0
35,62,0,0
35,3,0,0
35,20,0,0
27,80,0,0
80,27,0,0
38,34,0,0
63,44,0,0
38,34,0,0
62,38,0,0
62,20,0,0
62,27,0,0
62,59,0,0
62,39,0,0
62,69,0,0
62,72,0,0
62,9,0,0
62,64,0,0
62,15,0,0
62,26,0,0
62,3,0,0
62,68,0,0
62,91,0,0
62,80,0,0
62,79,0,0
59,62,0,0
19,86,0,0
86,19,0,0
33,15,0,0
77,27,0,0
80,62,0,0
1,74,0,0
45,43,0,0
3,35,0,0
3,62,0,0
80,62,0,0
9,62,0,0
69,84,0,0
25,12,0,0
68,62,0,0
79,62,0,0
15,33,0,0
29,63,0,0
18,3,0,0
18,3,0,0
69,76,0,0
76,50,0,0
75,50,0,0
50,76,0,0
10,7,0,0
76,50,0,0
29,42,0,0
74,1,0,0
7,10,0,0
19,66,0,0
19,18,0,0
19,7,0,0
19,90,0,0
19,1,0,0
19,38,0,0
19,67,0,0
19,9,0,0
19,17,0,0
19,91,0,0
74,9,0,0
74,92,0,0
74,14,0,0
74,65,0,0
74,72,0,0
7,19,0,0
1,19,0,0
65,74,0,0
76,19,0,0
76,93,0,0
13,1,0,0
1,13,0,0
14,74,0,0
1,13,0,0
17,1,0,0
4,48,0,0
1,17,0,0
73,72,0,0
22,94,0,0
9,74,0,0
3,85,0,0
9,17,0,0
9,19,0,0
85,3,0,0
15,33,0,0
88,21,0,0
15,33,0,0
88,21,0,0
15,62,0,0
15,17,0,0
18,19,0,0
48,4,0,0
48,4,0,0
27,62,0,0
69,84,0,0
72,73,0,0
72,62,0,0
72,74,0,0
9,66,0,0
9,67,0,0
13,1,0,0
13,1,0,0
4,48,0,0
1,13,0,0
33,5,0,0
69,95,0,0
61,96,0,0
85,21,0,0
13,65,0,0
4,65,0,0
65,13,0,0
42,29,0,0
12,15,0,0
15,12,0,0
42,22,0,0
88,15,0,0
88,61,0,0
88,96,0,0
88,12,0,0
50,75,0,0
65,13,0,0
15,32,0,0
32,15,0,0
13,65,0,0
26,45,0,0
26,62,0,0
88,61,0,0
88,96,0,0
88,12,0,0
88,15,0,0
32,30,0,0
75,50,0,0
32,30,0,0
67,9,0,0
67,9,0,0
67,66,0,0
67,19,0,0
13,65,0,0
33,15,0,0
33,46,0,0
33,58,0,0
33,22,0,0
33,42,0,0
33,93,0,0
83,63,0,0
83,63,0,0
65,13,0,0
83,63,0,0
83,11,0,0
32,30,0,0
32,97,0,0
70,75,0,0
20,62,0,0
63,22,0,0
15,33,0,0
86,19,0,0
86,40,0,0
42,64,0,0
42,63,0,0
42,22,0,0
42,43,0,0
63,42,0,0
45,62,0,0
22,98,0,0
75,70,0,0
63,62,0,0
63,45,0,0
56,54,0,0
63,37,0,0
63,29,0,0
63,83,0,0
63,83,0,0
63,83,0,0
33,42,0,0
66,19,0,0
66,9,0,0
98,22,0,0
86,19,0,0
32,7,0,0
59,72,0,0
74,4,0,0
46,1,0,0
4,74,0,0
1,46,0,0
32,30,0,0
33,15,0,0
37,63,0,0
37,63,0,0
90,18,0,0
1,46,0,0
90,21,0,0
90,21,0,0
69,76,0,0
90,19,0,0
85,68,0,0
69,84,0,0
68,85,0,0
76,69,0,0
69,84,0,0
76,84,0,0
99,18,0,0
99,21,0,0
99,93,0,0
38,67,0,0
1,5,0,0
1,6,0,0
1,7,0,0
1,2,0,0
1,3,0,0
1,8,0,0
1,9,0,0
1,10,0,0
1,11,0,0
1,12,0,0
1,13,0,0
1,14,0,0
1,15,0,0
1,4,0,0
1,16,0,0
1,17,0,0
18,90,0,0
96,15,0,0
96,61,0,0
96,12,0,0
33,42,0,0
63,37,0,0
17,19,0,0
42,33,0,0
100,98,0,0
100,42,0,0
100,21,0,0
61,96,0,0
39,62,0,0
15,96,0,0
33,42,0,0
17,9,0,0
3,13,0,0
3,66,0,0
3,67,0,0
3,8,0,0
3,35,0,0
3,4,0,0
3,68,0,0
3,69,0,0
3,85,0,0
3,17,0,0
66,3,0,0
35,3,0,0
54,15,0,0
54,10,0,0
13,3,0,0
83,63,0,0
29,7,0,0
7,29,0,0
92,74,0,0
7,29,0,0
17,3,0,0
15,66,0,0
66,15,0,0
46,1,0,0
29,7,0,0
8,3,0,0
67,3,0,0
83,15,0,0
83,5,0,0
67,38,0,0
17,15,0,0
17,56,0,0
17,54,0,0
38,36,0,0
10,54,0,0
54,17,0,0
42,7,0,0
56,17,0,0
56,88,0,0
56,21,0,0
56,21,0,0
68,3,0,0
7,42,0,0
63,83,0,0
32,87,0,0
27,81,0,0
27,101,0,0
27,93,0,0
27,102,0,0
101,27,0,0
43,42,0,0
93,27,0,0
13,3,0,0
72,15,0,0
42,33,0,0
3,66,0,0
42,27,0,0
68,64,0,0
42,7,0,0
33,15,0,0
87,32,0,0
15,33,0,0
84,85,0,0
15,54,0,0
15,17,0,0
15,83,0,0
56,54,0,0
27,81,0,0
54,56,0,0
87,74,0,0
7,22,0,0
87,74,0,0
87,74,0,0
42,27,0,0
29,23,0,0
23,29,0,0
29,42,0,0
91,19,0,0
91,62,0,0
91,80,0,0
15,7,0,0
15,1,0,0
26,32,0,0
1,15,0,0
7,15,0,0
69,64,0,0
66,3,0,0
48,56,0,0
91,23,0,0
91,50,0,0
12,96,0,0
56,48,0,0
91,63,0,0
69,64,0,0
91,64,0,0
76,53,0,0
103,52,0,0
74,104,0,0
69,76,0,0
103,83,0,0
15,56,0,0
4,3,0,0
52,103,0,0
48,53,0,0
42,29,0,0
88,56,0,0
24,25,0,0
24,32,0,0
32,24,0,0
54,33,0,0
25,24,0,0
33,54,0,0
76,50,0,0
52,103,0,0
103,52,0,0
93,19,0,0
56,15,0,0
70,53,0,0
86,68,0,0
86,90,0,0
86,53,0,0
76,69,0,0
4,81,0,0
4,3,0,0
4,13,0,0
4,35,0,0
4,27,0,0
4,93,0,0
4,101,0,0
93,4,0,0
101,4,0,0
12,72,0,0
12,15,0,0
13,4,0,0
56,81,0,0
56,15,0,0
56,54,0,0
54,56,0,0
72,12,0,0
33,83,0,0
56,81,0,0
56,15,0,0
56,54,0,0
72,73,0,0
72,74,0,0
33,5,0,0
54,15,0,0
54,56,0,0
33,61,0,0
4,3,0,0
4,35,0,0
4,81,0,0
4,93,0,0
4,101,0,0
4,27,0,0
101,4,0,0
93,4,0,0
61,33,0,0
7,80,0,0
3,4,0,0
59,69,0,0
59,86,0,0
59,84,0,0
59,76,0,0
59,88,0,0
59,67,0,0
59,94,0,0
59,68,0,0
59,56,0,0
59,85,0,0
59,89,0,0
59,48,0,0
59,47,0,0
59,2,0,0
3,4,0,0
4,18,0,0
27,4,0,0
80,64,0,0
27,4,0,0
75,50,0,0
69,76,0,0
75,50,0,0
54,56,0,0
56,54,0,0
64,80,0,0
84,69,0,0
83,33,0,0
35,4,0,0
83,33,0,0
38,32,0,0
35,4,0,0
83,103,0,0
56,61,0,0
56,96,0,0
56,15,0,0
70,53,0,0
52,103,0,0
52,105,0,0
61,56,0,0
22,94,0,0
105,52,0,0
48,47,0,0
48,47,0,0
4,106,0,0
103,52,0,0
48,47,0,0
18,4,0,0
86,19,0,0
94,22,0,0
96,56,0,0
103,105,0,0
105,103,0,0
3,13,0,0
13,3,0,0
19,18,0,0
19,18,0,0
94,22,0,0
74,1,0,0
84,42,0,0
94,22,0,0
18,19,0,0
18,107,0,0
18,108,0,0
18,55,0,0
18,99,0,0
18,109,0,0
18,110,0,0
18,111,0,0
18,57,0,0
51,3,0,0
51,35,0,0
51,8,0,0
59,68,0,0
59,56,0,0
59,84,0,0
59,88,0,0
59,47,0,0
59,94,0,0
59,69,0,0
59,85,0,0
59,86,0,0
59,89,0,0
59,48,0,0
59,76,0,0
59,2,0,0
1,74,0,0
3,51,0,0
45,63,0,0
19,18,0,0
25,26,0,0
81,56,0,0
81,56,0,0
81,4,0,0
81,4,0,0
15,56,0,0
22,94,0,0
47,48,0,0
75,50,0,0
15,12,0,0
15,72,0,0
1,74,0,0
83,103,0,0
88,18,0,0
84,76,0,0
63,45,0,0
85,3,0,0
55,18,0,0
38,13,0,0
38,15,0,0
38,39,0,0
103,83,0,0
66,59,0,0
85,48,0,0
59,66,0,0
53,31,0,0
48,85,0,0
72,15,0,0
4,86,0,0
4,35,0,0
69,86,0,0
64,66,0,0
64,67,0,0
35,4,0,0
69,76,0,0
73,72,0,0
86,4,0,0
13,35,0,0
50,76,0,0
76,50,0,0
13,4,0,0
1,85,0,0
84,86,0,0
84,76,0,0
84,69,0,0
84,89,0,0
84,88,0,0
86,19,0,0
48,47,0,0
76,50,0,0
75,1,0,0
1,75,0,0
76,69,0,0
85,1,0,0
50,76,0,0
76,50,0,0
1,75,0,0
20,35,0,0
75,1,0,0
47,48,0,0
42,112,0,0
112,42,0,0
13,17,0,0
72,73,0,0
18,1,0,0
18,7,0,0
18,47,0,0
8,51,0,0
1,18,0,0
27,3,0,0
27,15,0,0
27,66,0,0
27,26,0,0
27,13,0,0
27,39,0,0
27,62,0,0
3,27,0,0
26,27,0,0
53,70,0,0
1,18,0,0
53,76,0,0
53,48,0,0
47,18,0,0
7,18,0,0
54,15,0,0
54,61,0,0
53,70,0,0
15,56,0,0
3,77,0,0
3,8,0,0
3,66,0,0
66,3,0,0
4,13,0,0
3,8,0,0
3,18,0,0
3,13,0,0
3,50,0,0
3,53,0,0
3,35,0,0
3,51,0,0
3,52,0,0
68,85,0,0
52,3,0,0
8,3,0,0
26,25,0,0
8,3,0,0
50,47,0,0
26,45,0,0
83,30,0,0
56,15,0,0
30,83,0,0
68,85,0,0
61,54,0,0
69,84,0,0
50,75,0,0
47,50,0,0
104,18,0,0
104,109,0,0
104,57,0,0
39,27,0,0
15,56,0,0
15,56,0,0
15,54,0,0
75,50,0,0
68,85,0,0
50,75,0,0
74,1,0,0
53,3,0,0
94,22,0,0
59,94,0,0
59,67,0,0
21,86,0,0
86,21,0,0
68,85,0,0
59,67,0,0
59,94,0,0
50,75,0,0
38,37,0,0
68,85,0,0
38,37,0,0
38,22,0,0
68,85,0,0
112,77,0,0
69,86,0,0
69,76,0,0
59,67,0,0
59,94,0,0
86,40,0,0
86,75,0,0
86,49,0,0
86,27,0,0
86,93,0,0
86,101,0,0
84,69,0,0
1,13,0,0
1,4,0,0
1,5,0,0
1,6,0,0
1,7,0,0
1,2,0,0
1,3,0,0
1,8,0,0
1,9,0,0
1,10,0,0
1,11,0,0
1,12,0,0
1,14,0,0
1,15,0,0
1,16,0,0
1,17,0,0
1,6,0,0
1,7,0,0
1,2,0,0
1,10,0,0
1,11,0,0
1,12,0,0
1,13,0,0
1,4,0,0
1,16,0,0
1,38,0,0
18,1,0,0
18,104,0,0
18,3,0,0
13,27,0,0
13,3,0,0
13,35,0,0
13,17,0,0
13,3,0,0
13,4,0,0
13,17,0,0
13,17,0,0
35,3,0,0
96,15,0,0
96,61,0,0
96,12,0,0
33,34,0,0
27,64,0,0
61,96,0,0
75,50,0,0
75,50,0,0
34,33,0,0
94,2,0,0
113,21,0,0
64,27,0,0
15,96,0,0
64,27,0,0
3,66,0,0
3,67,0,0
3,8,0,0
3,35,0,0
3,13,0,0
3,4,0,0
3,68,0,0
3,85,0,0
3,69,0,0
3,17,0,0
13,3,0,0
4,3,0,0
52,3,0,0
8,3,0,0
3,52,0,0
64,42,0,0
3,52,0,0
3,62,0,0
3,20,0,0
94,9,0,0
94,92,0,0
94,65,0,0
94,14,0,0
52,3,0,0
4,53,0,0
35,3,0,0
7,22,0,0
67,3,0,0
72,67,0,0
12,96,0,0
100,7,0,0
35,13,0,0
66,3,0,0
50,13,0,0
50,54,0,0
50,15,0,0
32,112,0,0
53,4,0,0
50,76,0,0
42,64,0,0
76,50,0,0
76,50,0,0
56,68,0,0
68,3,0,0
68,56,0,0
68,56,0,0
15,50,0,0
13,50,0,0
103,114,0,0
15,5,0,0
15,83,0,0
15,61,0,0
54,50,0,0
27,64,0,0
112,9,0,0
54,50,0,0
54,15,0,0
43,79,0,0
17,15,0,0
17,54,0,0
17,56,0,0
17,3,0,0
54,17,0,0
56,17,0,0
56,88,0,0
104,18,0,0
104,109,0,0
104,57,0,0
88,56,0,0
42,63,0,0
80,31,0,0
80,67,0,0
80,66,0,0
66,80,0,0
31,80,0,0
9,112,0,0
51,3,0,0
7,1,0,0
67,80,0,0
1,7,0,0
84,19,0,0
77,112,0,0
67,115,0,0
1,38,0,0
2,68,0,0
2,94,0,0
2,69,0,0
2,56,0,0
2,85,0,0
2,86,0,0
2,84,0,0
2,89,0,0
2,48,0,0
2,76,0,0
2,88,0,0
2,47,0,0
2,32,0,0
2,59,0,0
32,2,0,0
84,2,0,0
89,2,0,0
59,2,0,0
88,89,0,0
88,69,0,0
48,2,0,0
88,2,0,0
56,2,0,0
42,64,0,0
42,62,0,0
47,2,0,0
1,7,0,0
38,22,0,0
76,2,0,0
3,66,0,0
82,50,0,0
48,4,0,0
37,38,0,0
54,15,0,0
47,68,0,0
38,66,0,0
66,64,0,0
50,82,0,0
64,42,0,0
68,47,0,0
67,115,0,0
26,45,0,0
86,2,0,0
66,38,0,0
7,1,0,0
18,104,0,0
64,66,0,0
72,67,0,0
92,65,0,0
92,9,0,0
92,116,0,0
37,38,0,0
64,9,0,0
9,64,0,0
80,79,0,0
80,18,0,0
80,9,0,0
80,63,0,0
80,42,0,0
80,104,0,0
80,45,0,0
80,72,0,0
80,69,0,0
80,68,0,0
80,91,0,0
80,62,0,0
80,27,0,0
104,80,0,0
4,48,0,0
4,35,0,0
42,22,0,0
27,80,0,0
42,80,0,0
76,53,0,0
76,9,0,0
68,2,0,0
9,80,0,0
68,80,0,0
66,3,0,0
9,14,0,0
7,30,0,0
7,22,0,0
7,31,0,0
7,38,0,0
7,55,0,0
7,15,0,0
7,3,0,0
7,51,0,0
7,29,0,0
7,63,0,0
7,90,0,0
7,35,0,0
7,115,0,0
7,70,0,0
7,1,0,0
7,27,0,0
7,43,0,0
7,59,0,0
7,44,0,0
7,81,0,0
7,32,0,0
7,58,0,0
7,57,0,0
7,83,0,0
7,72,0,0
7,42,0,0
7,8,0,0
7,24,0,0
7,14,0,0
7,100,0,0
7,13,0,0
7,20,0,0
7,33,0,0
7,34,0,0
7,4,0,0
7,45,0,0
7,68,0,0
7,6,0,0
7,117,0,0
7,74,0,0
7,105,0,0
7,67,0,0
24,7,0,0
68,7,0,0
59,7,0,0
1,7,0,0
3,7,0,0
105,7,0,0
115,7,0,0
58,7,0,0
82,50,0,0
18,80,0,0
6,7,0,0
45,7,0,0
6,8,0,0
6,8,0,0
109,104,0,0
79,80,0,0
27,7,0,0
29,7,0,0
90,7,0,0
109,104,0,0
109,18,0,0
55,7,0,0
109,82,0,0
4,7,0,0
63,7,0,0
63,80,0,0
81,56,0,0
81,15,0,0
33,83,0,0
30,7,0,0
13,7,0,0
42,7,0,0
56,81,0,0
109,18,0,0
33,7,0,0
35,7,0,0
15,9,0,0
9,15,0,0
35,4,0,0
68,53,0,0
15,81,0,0
70,7,0,0
65,59,0,0
4,1,0,0
4,7,0,0
65,59,0,0
18,3,0,0
18,51,0,0
50,76,0,0
76,50,0,0
64,66,0,0
30,33,0,0
30,15,0,0
30,54,0,0
30,3,0,0
30,8,0,0
30,17,0,0
8,7,0,0
30,3,0,0
30,17,0,0
30,20,0,0
30,35,0,0
8,30,0,0
74,7,0,0
30,33,0,0
30,15,0,0
30,54,0,0
30,5,0,0
43,7,0,0
30,39,0,0
30,35,0,0
64,66,0,0
30,7,0,0
30,32,0,0
32,30,0,0
24,27,0,0
7,30,0,0
61,15,0,0
54,30,0,0
54,30,0,0
41,81,0,0
38,32,0,0
32,26,0,0
38,37,0,0
27,81,0,0
27,32,0,0
27,47,0,0
27,15,0,0
27,24,0,0
27,26,0,0
27,38,0,0
27,64,0,0
27,42,0,0
27,117,0,0
27,3,0,0
27,72,0,0
27,68,0,0
27,69,0,0
27,56,0,0
27,39,0,0
27,83,0,0
27,80,0,0
27,62,0,0
27,67,0,0
27,66,0,0
24,27,0,0
3,27,0,0
84,27,0,0
68,62,0,0
94,83,0,0
94,26,0,0
94,59,0,0
94,30,0,0
64,27,0,0
33,30,0,0
68,27,0,0
53,76,0,0
42,27,0,0
64,42,0,0
94,2,0,0
3,8,0,0
3,52,0,0
3,18,0,0
3,53,0,0
3,50,0,0
3,35,0,0
3,51,0,0
3,13,0,0
3,20,0,0
3,83,0,0
72,80,0,0
42,64,0,0
52,3,0,0
53,68,0,0
53,3,0,0
32,27,0,0
38,63,0,0
38,22,0,0
3,30,0,0
56,27,0,0
3,30,0,0
3,18,0,0
8,3,0,0
83,63,0,0
83,7,0,0
15,56,0,0
59,9,0,0
59,14,0,0
59,67,0,0
56,15,0,0
15,7,0,0
47,68,0,0
33,15,0,0
33,61,0,0
33,118,0,0
33,5,0,0
33,117,0,0
13,3,0,0
15,17,0,0
15,54,0,0
61,33,0,0
3,77,0,0
3,66,0,0
3,18,0,0
3,51,0,0
67,59,0,0
67,7,0,0
67,27,0,0
38,37,0,0
38,36,0,0
38,1,0,0
83,63,0,0
18,3,0,0
18,3,0,0
8,1,0,0
8,7,0,0
1,8,0,0
35,30,0,0
39,27,0,0
39,30,0,0
7,8,0,0
27,66,0,0
27,3,0,0
27,56,0,0
27,39,0,0
27,38,0,0
27,80,0,0
27,64,0,0
27,67,0,0
27,15,0,0
27,72,0,0
27,68,0,0
27,69,0,0
27,90,0,0
27,62,0,0
27,24,0,0
27,26,0,0
27,83,0,0
27,25,0,0
27,31,0,0
27,42,0,0
27,9,0,0
39,29,0,0
80,27,0,0
27,24,0,0
3,27,0,0
66,80,0,0
66,80,0,0
35,30,0,0
47,27,0,0
66,80,0,0
66,80,0,0
56,27,0,0
66,27,0,0
64,42,0,0
66,27,0,0
66,64,0,0
39,27,0,0
20,7,0,0
25,27,0,0
3,35,0,0
3,20,0,0
3,50,0,0
3,8,0,0
3,51,0,0
3,52,0,0
3,18,0,0
3,13,0,0
3,53,0,0
20,13,0,0
20,3,0,0
52,3,0,0
20,3,0,0
3,20,0,0
38,37,0,0
38,36,0,0
68,53,0,0
68,27,0,0
68,47,0,0
54,15,0,0
39,27,0,0
35,1,0,0
35,7,0,0
35,3,0,0
42,27,0,0
63,83,0,0
63,83,0,0
1,35,0,0
35,51,0,0
66,67,0,0
66,3,0,0
42,79,0,0
42,87,0,0
42,112,0,0
42,22,0,0
42,98,0,0
42,37,0,0
42,63,0,0
27,39,0,0
42,43,0,0
42,64,0,0
7,35,0,0
100,7,0,0
68,53,0,0
22,42,0,0
112,42,0,0
38,37,0,0
53,3,0,0
3,35,0,0
37,38,0,0
9,67,0,0
9,66,0,0
67,27,0,0
67,9,0,0
37,42,0,0
48,53,0,0
88,61,0,0
88,96,0,0
88,12,0,0
88,15,0,0
42,64,0,0
59,67,0,0
47,50,0,0
9,27,0,0
66,9,0,0
35,1,0,0
35,7,0,0
35,3,0,0
38,62,0,0
3,35,0,0
1,35,0,0
90,27,0,0
50,47,0,0
87,42,0,0
13,20,0,0
38,37,0,0
13,3,0,0
15,54,0,0
90,64,0,0
85,2,0,0
10,7,0,0
15,54,0,0
15,54,0,0
15,33,0,0
31,27,0,0
64,90,0,0
7,10,0,0
47,50,0,0
81,41,0,0
31,7,0,0
51,7,0,0
51,18,0,0
54,15,0,0
85,3,0,0
7,10,0,0
51,3,0,0
51,3,0,0
51,3,0,0
27,90,0,0
26,27,0,0
53,68,0,0
53,48,0,0
26,27,0,0
26,24,0,0
26,32,0,0
81,88,0,0
81,27,0,0
24,27,0,0
37,38,0,0
10,7,0,0
26,32,0,0
53,84,0,0
38,30,0,0
27,81,0,0
23,45,0,0
45,23,0,0
88,81,0,0
38,37,0,0
13,17,0,0
37,38,0,0
29,39,0,0
38,37,0,0
17,30,0,0
17,30,0,0
8,3,0,0
38,37,0,0
18,3,0,0
70,75,0,0
54,29,0,0
54,56,0,0
54,27,0,0
54,15,0,0
54,61,0,0
54,96,0,0
54,119,0,0
54,120,0,0
54,88,0,0
54,39,0,0
61,54,0,0
29,54,0,0
20,3,0,0
20,62,0,0
76,19,0,0
15,30,0,0
15,30,0,0
84,86,0,0
96,54,0,0
39,54,0,0
69,62,0,0
88,54,0,0
56,54,0,0
68,7,0,0
68,85,0,0
59,9,0,0
59,14,0,0
27,54,0,0
79,43,0,0
33,30,0,0
72,9,0,0
72,92,0,0
72,14,0,0
72,65,0,0
76,13,0,0
83,27,0,0
83,3,0,0
83,27,0,0
59,9,0,0
59,14,0,0
64,80,0,0
72,71,0,0
72,74,0,0
72,73,0,0
92,65,0,0
3,83,0,0
43,42,0,0
15,7,0,0
15,1,0,0
67,66,0,0
1,15,0,0
80,27,0,0
67,66,0,0
67,80,0,0
42,87,0,0
42,43,0,0
42,37,0,0
7,15,0,0
34,7,0,0
42,112,0,0
42,22,0,0
22,42,0,0
42,22,0,0
15,27,0,0
15,27,0,0
62,27,0,0
15,27,0,0
84,19,0,0
69,76,0,0
69,84,0,0
45,80,0,0
38,1,0,0
7,35,0,0
83,3,0,0
38,72,0,0
38,7,0,0
38,36,0,0
38,69,0,0
38,68,0,0
38,56,0,0
15,54,0,0
38,9,0,0
15,54,0,0
15,66,0,0
9,66,0,0
9,67,0,0
67,9,0,0
9,14,0,0
9,65,0,0
9,92,0,0
65,9,0,0
66,9,0,0
9,67,0,0
9,66,0,0
67,9,0,0
66,15,0,0
84,53,0,0
84,40,0,0
66,9,0,0
22,2,0,0
85,68,0,0
13,76,0,0
13,4,0,0
40,13,0,0
40,84,0,0
18,55,0,0
18,107,0,0
18,108,0,0
18,110,0,0
18,57,0,0
18,109,0,0
18,99,0,0
18,111,0,0
18,19,0,0
13,40,0,0
4,13,0,0
35,3,0,0
35,3,0,0
96,15,0,0
96,61,0,0
96,12,0,0
27,62,0,0
87,42,0,0
87,42,0,0
13,40,0,0
61,96,0,0
33,5,0,0
33,15,0,0
33,12,0,0
33,61,0,0
33,117,0,0
33,118,0,0
61,33,0,0
55,18,0,0
92,9,0,0
72,27,0,0
72,27,0,0
1,10,0,0
1,7,0,0
7,1,0,0
1,10,0,0
1,7,0,0
1,10,0,0
1,7,0,0
33,117,0,0
63,22,0,0
63,42,0,0
63,98,0,0
3,66,0,0
3,8,0,0
3,35,0,0
3,13,0,0
3,4,0,0
3,67,0,0
3,68,0,0
3,69,0,0
3,17,0,0
98,63,0,0
13,3,0,0
17,3,0,0
2,22,0,0
12,33,0,0
7,1,0,0
7,1,0,0
35,3,0,0
10,1,0,0
10,1,0,0
10,1,0,0
15,96,0,0
15,33,0,0
14,7,0,0
7,14,0,0
14,32,0,0
32,14,0,0
42,63,0,0
120,54,0,0
50,27,0,0
50,3,0,0
24,45,0,0
45,24,0,0
53,84,0,0
7,68,0,0
45,63,0,0
12,96,0,0
66,3,0,0
15,12,0,0
15,61,0,0
12,15,0,0
4,3,0,0
61,15,0,0
3,50,0,0
33,83,0,0
101,93,0,0
93,101,0,0
17,15,0,0
17,56,0,0
17,54,0,0
15,17,0,0
56,17,0,0
56,88,0,0
68,85,0,0
76,13,0,0
76,13,0,0
88,56,0,0
54,17,0,0
63,45,0,0
1,10,0,0
1,7,0,0
7,1,0,0
10,1,0,0
35,81,0,0
8,3,0,0
13,70,0,0
69,84,0,0
59,69,0,0
59,84,0,0
59,89,0,0
59,76,0,0
59,47,0,0
59,94,0,0
59,68,0,0
59,56,0,0
59,85,0,0
59,86,0,0
59,48,0,0
59,88,0,0
59,2,0,0
68,53,0,0
69,86,0,0
69,68,0,0
69,84,0,0
69,76,0,0
69,72,0,0
80,18,0,0
18,80,0,0
20,13,0,0
13,20,0,0
84,40,0,0
68,7,0,0
54,15,0,0
56,94,0,0
79,42,0,0
84,53,0,0
3,81,0,0
20,3,0,0
43,42,0,0
20,3,0,0
20,30,0,0
69,84,0,0
38,1,0,0
20,28,0,0
32,7,0,0
76,53,0,0
70,13,0,0
15,54,0,0
83,18,0,0
70,4,0,0
18,83,0,0
22,7,0,0
7,22,0,0
27,50,0,0
38,1,0,0
83,15,0,0
20,35,0,0
94,9,0,0
94,92,0,0
94,65,0,0
94,14,0,0
80,18,0,0
21,76,0,0
18,80,0,0
76,21,0,0
53,84,0,0
1,38,0,0
53,76,0,0
92,65,0,0
65,9,0,0
90,27,0,0
9,65,0,0
4,70,0,0
9,38,0,0
38,36,0,0
19,57,0,0
19,57,0,0
19,57,0,0
19,57,0,0
90,64,0,0
94,56,0,0
94,92,0,0
94,65,0,0
94,14,0,0
94,9,0,0
36,9,0,0
36,38,0,0
75,50,0,0
59,67,0,0
68,3,0,0
32,87,0,0
68,7,0,0
9,36,0,0
31,25,0,0
80,72,0,0
80,69,0,0
80,59,0,0
80,66,0,0
50,48,0,0
66,80,0,0
64,80,0,0
64,80,0,0
24,26,0,0
24,83,0,0
24,15,0,0
24,66,0,0
42,79,0,0
48,50,0,0
42,43,0,0
59,80,0,0
26,24,0,0
31,25,0,0
13,121,0,0
36,38,0,0
3,13,0,0
3,50,0,0
3,53,0,0
3,51,0,0
3,52,0,0
3,8,0,0
3,35,0,0
3,20,0,0
4,13,0,0
4,69,0,0
52,3,0,0
13,4,0,0
50,27,0,0
13,3,0,0
121,106,0,0
86,4,0,0
86,70,0,0
4,13,0,0
4,86,0,0
4,69,0,0
4,35,0,0
2,94,0,0
86,4,0,0
94,2,0,0
13,4,0,0
53,3,0,0
35,3,0,0
8,3,0,0
38,1,0,0
38,1,0,0
18,80,0,0
59,80,0,0
59,66,0,0
59,67,0,0
80,18,0,0
21,88,0,0
88,21,0,0
72,80,0,0
45,63,0,0
42,27,0,0
15,24,0,0
88,15,0,0
15,88,0,0
88,15,0,0
18,115,0,0
18,19,0,0
115,18,0,0
1,7,0,0
19,18,0,0
7,1,0,0
84,53,0,0
76,50,0,0
6,106,0,0
53,84,0,0
25,31,0,0
31,25,0,0
50,76,0,0
76,50,0,0
92,65,0,0
92,9,0,0
92,116,0,0
92,65,0,0
92,9,0,0
92,116,0,0
92,65,0,0
92,9,0,0
92,116,0,0
7,68,0,0
38,72,0,0
38,9,0,0
38,56,0,0
38,68,0,0
38,69,0,0
68,7,0,0
115,67,0,0
88,81,0,0
88,27,0,0
54,12,0,0
12,54,0,0
72,80,0,0
27,50,0,0
69,84,0,0
92,65,0,0
92,9,0,0
92,116,0,0
92,65,0,0
92,9,0,0
92,116,0,0
70,48,0,0
70,68,0,0
48,70,0,0
35,4,0,0
64,113,0,0
64,23,0,0
23,64,0,0
35,3,0,0
70,53,0,0
59,95,0,0
3,35,0,0
18,69,0,0
70,104,0,0
70,95,0,0
70,87,0,0
70,112,0,0
70,13,0,0
70,82,0,0
70,49,0,0
112,70,0,0
87,70,0,0
13,70,0,0
70,40,0,0
70,38,0,0
70,36,0,0
38,70,0,0
104,70,0,0
3,35,0,0
3,51,0,0
3,8,0,0
27,80,0,0
59,72,0,0
59,67,0,0
18,37,0,0
18,27,0,0
18,38,0,0
18,1,0,0
38,18,0,0
37,18,0,0
37,18,0,0
1,18,0,0
18,55,0,0
18,19,0,0
18,37,0,0
35,3,0,0
19,18,0,0
13,17,0,0
82,70,0,0
35,20,0,0
20,3,0,0
79,65,0,0
79,92,0,0
80,90,0,0
13,3,0,0
72,15,0,0
15,88,0,0
88,15,0,0
3,13,0,0
8,3,0,0
95,70,0,0
3,50,0,0
49,70,0,0
59,80,0,0
59,66,0,0
59,67,0,0
68,7,0,0
50,3,0,0
50,53,0,0
50,75,0,0
3,50,0,0
38,37,0,0
76,53,0,0
63,45,0,0
86,50,0,0
3,13,0,0
90,80,0,0
90,68,0,0
90,85,0,0
55,18,0,0
75,50,0,0
92,9,0,0
92,65,0,0
92,116,0,0
15,88,0,0
27,18,0,0
83,24,0,0
104,18,0,0
104,109,0,0
104,57,0,0
104,18,0,0
104,109,0,0
104,57,0,0
38,37,0,0
68,90,0,0
88,15,0,0
68,50,0,0
17,13,0,0
50,68,0,0
68,85,0,0
68,50,0,0
85,90,0,0
85,18,0,0
86,59,0,0
86,69,0,0
86,94,0,0
69,76,0,0
84,80,0,0
84,69,0,0
69,86,0,0
69,80,0,0
69,68,0,0
108,18,0,0
108,18,0,0
84,69,0,0
108,18,0,0
108,18,0,0
111,70,0,0
38,1,0,0
68,70,0,0
68,67,0,0
68,66,0,0
68,3,0,0
68,72,0,0
68,15,0,0
68,9,0,0
68,65,0,0
68,92,0,0
68,69,0,0
68,56,0,0
77,22,1,1
3,13,1,1
18,85,1,1
13,3,1,1
18,104,1,1
18,55,1,1
18,104,1,1
18,55,1,1
13,65,1,1
13,3,1,1
13,8,1,1
13,40,1,1
96,15,1,1
96,61,1,1
96,12,1,1
121,13,1,1
4,65,1,1
3,13,1,1
3,13,1,1
3,4,1,1
3,8,1,1
3,35,1,1
8,13,1,1
35,3,1,1
8,3,1,1
13,3,1,1
109,104,1,1
110,18,1,1
110,18,1,1
109,104,1,1
61,96,1,1
14,31,1,1
4,3,1,1
15,72,1,1
15,96,1,1
4,13,1,1
13,4,1,1
55,18,1,1
72,15,1,1
55,18,1,1
50,86,1,1
86,50,1,1
3,67,1,1
3,8,1,1
3,4,1,1
3,68,1,1
3,69,1,1
3,17,1,1
3,66,1,1
3,35,1,1
3,13,1,1
3,85,1,1
4,3,1,1
8,3,1,1
27,18,1,1
13,3,1,1
18,27,1,1
19,57,1,1
19,93,1,1
113,64,1,1
17,3,1,1
66,3,1,1
83,63,1,1
22,2,1,1
12,96,1,1
2,22,1,1
66,24,1,1
31,14,1,1
31,14,1,1
31,63,1,1
31,42,1,1
12,72,1,1
12,15,1,1
54,15,1,1
15,54,1,1
72,12,1,1
53,50,1,1
13,3,1,1
15,12,1,1
53,70,1,1
72,15,1,1
72,12,1,1
72,71,1,1
72,73,1,1
72,5,1,1
72,117,1,1
72,74,1,1
93,84,1,1
68,3,1,1
72,73,1,1
72,74,1,1
72,12,1,1
72,71,1,1
72,73,1,1
72,5,1,1
72,117,1,1
72,74,1,1
72,15,1,1
17,15,1,1
17,56,1,1
17,54,1,1
56,17,1,1
62,15,1,1
62,3,1,1
62,39,1,1
62,113,1,1
54,17,1,1
59,69,1,1
59,56,1,1
59,86,1,1
59,68,1,1
59,85,1,1
59,84,1,1
59,89,1,1
59,48,1,1
59,76,1,1
59,88,1,1
59,47,1,1
59,67,1,1
59,94,1,1
59,2,1,1
86,59,1,1
113,62,1,1
56,88,1,1
63,83,1,1
63,31,1,1
25,9,1,1
61,15,1,1
67,66,1,1
67,9,1,1
35,3,1,1
59,88,1,1
59,47,1,1
59,68,1,1
59,69,1,1
59,56,1,1
59,85,1,1
59,86,1,1
59,84,1,1
59,89,1,1
59,48,1,1
59,76,1,1
59,94,1,1
59,2,1,1
88,56,1,1
25,26,1,1
84,93,1,1
20,13,1,1
81,35,1,1
35,81,1,1
8,62,1,1
26,25,1,1
35,81,1,1
42,31,1,1
84,94,1,1
84,69,1,1
84,59,1,1
81,35,1,1
81,41,1,1
39,62,1,1
76,50,1,1
39,29,1,1
39,120,1,1
39,119,1,1
39,28,1,1
39,122,1,1
8,51,1,1
8,1,1,1
8,7,1,1
68,48,1,1
68,47,1,1
68,85,1,1
1,8,1,1
14,31,1,1
72,115,1,1
13,20,1,1
81,88,1,1
81,27,1,1
109,18,1,1
9,66,1,1
9,67,1,1
88,81,1,1
92,65,1,1
65,13,1,1
1,37,1,1
1,36,1,1
74,31,1,1
31,74,1,1
31,74,1,1
36,1,1,1
3,62,1,1
7,8,1,1
37,1,1,1
29,39,1,1
3,51,1,1
3,18,1,1
3,8,1,1
3,35,1,1
3,52,1,1
3,50,1,1
3,83,1,1
3,20,1,1
52,3,1,1
66,9,1,1
1,7,1,1
7,1,1,1
29,50,1,1
18,3,1,1
27,81,1,1
27,77,1,1
19,57,1,1
18,3,1,1
18,3,1,1
3,18,1,1
58,33,1,1
58,106,1,1
58,83,1,1
58,54,1,1
58,117,1,1
58,29,1,1
58,23,1,1
58,46,1,1
58,4,1,1
3,18,1,1
69,84,1,1
15,17,1,1
13,121,1,1
54,58,1,1
56,88,1,1
29,58,1,1
15,62,1,1
15,61,1,1
74,31,1,1
33,21,1,1
121,13,1,1
50,76,1,1
50,29,1,1
94,14,1,1
94,92,1,1
94,65,1,1
94,9,1,1
67,3,1,1
88,56,1,1
67,80,1,1
67,9,1,1
67,3,1,1
56,88,1,1
59,2,1,1
59,94,1,1
46,58,1,1
76,50,1,1
106,58,1,1
28,39,1,1
76,69,1,1
70,48,1,1
70,68,1,1
34,24,1,1
33,58,1,1
24,34,1,1
88,56,1,1
42,63,1,1
67,115,1,1
29,50,1,1
83,67,1,1
83,3,1,1
83,58,1,1
29,50,1,1
50,29,1,1
29,50,1,1
4,58,1,1
69,84,1,1
35,3,1,1
20,8,1,1
20,3,1,1
30,25,1,1
25,30,1,1
30,45,1,1
92,65,1,1
92,9,1,1
92,116,1,1
84,69,1,1
42,9,1,1
42,14,1,1
8,3,1,1
8,20,1,1
4,106,1,1
85,3,1,1
32,52,1,1
32,105,1,1
8,51,1,1
52,32,1,1
27,18,1,1
51,3,1,1
48,70,1,1
18,27,1,1
51,3,1,1
8,3,1,1
3,8,1,1
51,8,1,1
51,3,1,1
27,84,1,1
84,27,1,1
51,8,1,1
27,84,1,1
27,81,1,1
27,84,1,1
27,81,1,1
84,27,1,1
84,27,1,1
81,27,1,1
81,27,1,1
115,67,1,1
15,88,1,1
15,56,1,1
56,15,1,1
88,15,1,1
68,47,1,1
68,47,1,1
68,70,1,1
9,67,1,1
9,66,1,1
53,76,1,1
27,66,1,1
68,47,1,1
45,30,1,1
122,39,1,1
47,68,1,1
68,47,1,1
48,68,1,1
9,3,1,1
9,13,1,1
43,42,1,1
43,42,1,1
43,45,1,1
43,79,1,1
76,123,1,1
43,79,1,1
68,48,1,1
45,43,1,1
56,15,1,1
69,59,1,1
3,9,1,1
93,84,1,1
67,83,1,1
18,107,1,1
18,108,1,1
18,109,1,1
18,110,1,1
18,99,1,1
18,111,1,1
18,55,1,1
18,57,1,1
67,9,1,1
123,76,1,1
84,93,1,1
67,115,1,1
1,59,1,1
1,94,1,1
19,76,1,1
79,43,1,1
94,86,1,1
94,84,1,1
94,48,1,1
94,76,1,1
94,59,1,1
94,79,1,1
94,68,1,1
94,69,1,1
94,56,1,1
94,85,1,1
94,89,1,1
94,88,1,1
94,47,1,1
94,2,1,1
86,94,1,1
55,18,1,1
94,1,1,1
94,68,1,1
94,69,1,1
94,56,1,1
94,85,1,1
94,89,1,1
94,76,1,1
94,88,1,1
94,47,1,1
94,59,1,1
94,86,1,1
94,84,1,1
94,48,1,1
42,43,1,1
42,43,1,1
3,13,1,1
3,9,1,1
45,24,1,1
9,3,1,1
24,45,1,1
68,85,1,1
24,45,1,1
45,24,1,1
90,80,1,1
45,70,1,1
45,1,1,1
45,87,1,1
45,18,1,1
45,56,1,1
45,69,1,1
45,42,1,1
45,36,1,1
45,103,1,1
45,106,1,1
45,46,1,1
45,35,1,1
45,107,1,1
45,24,1,1
45,88,1,1
45,115,1,1
45,97,1,1
45,27,1,1
45,119,1,1
45,123,1,1
45,43,1,1
45,47,1,1
45,61,1,1
45,93,1,1
45,30,1,1
45,25,1,1
45,85,1,1
45,53,1,1
45,44,1,1
45,124,1,1
45,22,1,1
45,59,1,1
45,125,1,1
45,102,1,1
45,82,1,1
45,52,1,1
45,81,1,1
45,98,1,1
45,50,1,1
45,39,1,1
45,32,1,1
45,58,1,1
45,57,1,1
45,75,1,1
45,126,1,1
45,83,1,1
45,127,1,1
45,71,1,1
45,96,1,1
45,72,1,1
45,37,1,1
45,9,1,1
45,92,1,1
45,8,1,1
45,128,1,1
45,108,1,1
45,95,1,1
45,84,1,1
45,110,1,1
45,49,1,1
45,41,1,1
45,64,1,1
45,77,1,1
45,14,1,1
45,31,1,1
45,118,1,1
45,129,1,1
45,73,1,1
45,100,1,1
45,130,1,1
45,109,1,1
45,76,1,1
45,63,1,1
45,54,1,1
45,80,1,1
45,116,1,1
45,38,1,1
45,13,1,1
45,28,1,1
45,99,1,1
45,55,1,1
45,12,1,1
45,15,1,1
45,20,1,1
45,26,1,1
45,33,1,1
45,7,1,1
45,131,1,1
45,34,1,1
45,3,1,1
45,62,1,1
45,94,1,1
45,104,1,1
45,89,1,1
45,5,1,1
45,17,1,1
45,4,1,1
45,51,1,1
45,11,1,1
45,132,1,1
45,66,1,1
45,29,1,1
45,78,1,1
45,48,1,1
45,133,1,1
45,111,1,1
45,68,1,1
45,79,1,1
45,16,1,1
45,2,1,1
45,120,1,1
45,40,1,1
45,65,1,1
45,134,1,1
45,86,1,1
45,67,1,1
45,60,1,1
45,6,1,1
45,121,1,1
45,91,1,1
45,117,1,1
45,74,1,1
45,112,1,1
45,21,1,1
45,135,1,1
45,23,1,1
45,10,1,1
45,136,1,1
45,19,1,1
45,90,1,1
45,113,1,1
45,114,1,1
45,105,1,1
45,101,1,1
45,122,1,1
45,93,1,1
45,27,1,1
45,85,1,1
45,37,1,1
45,36,1,1
45,101,1,1
45,68,1,1
86,45,1,1
38,45,1,1
45,38,1,1
45,1,1,1
45,37,1,1
19,18,1,1
112,45,1,1
3,45,1,1
85,45,1,1
1,45,1,1
76,45,1,1
19,45,1,1
93,45,1,1
104,45,1,1
12,45,1,1
53,45,1,1
48,45,1,1
7,45,1,1
88,45,1,1
84,45,1,1
30,45,1,1
1,112,1,1
53,70,1,1
53,4,1,1
21,45,1,1
76,19,1,1
54,45,1,1
28,45,1,1
24,45,1,1
113,45,1,1
32,45,1,1
31,45,1,1
123,45,1,1
68,45,1,1
98,45,1,1
74,45,1,1
113,18,1,1
65,45,1,1
61,45,1,1
59,45,1,1
59,1,1,1
52,45,1,1
8,45,1,1
95,45,1,1
3,13,1,1
3,9,1,1
69,76,1,1
9,45,1,1
9,3,1,1
9,25,1,1
81,45,1,1
47,45,1,1
76,123,1,1
76,123,1,1
83,45,1,1
69,76,1,1
92,65,1,1
92,9,1,1
92,116,1,1
92,65,1,1
92,9,1,1
92,116,1,1
92,65,1,1
92,9,1,1
92,116,1,1
92,65,1,1
92,9,1,1
92,116,1,1
85,90,1,1
69,76,1,1
112,1,1,1
84,86,1,1
86,84,1,1
84,86,1,1
84,86,1,1
84,86,1,1
38,80,1,1
67,45,1,1
137,97,1,1
138,47,1,1
139,57,1,1
137,97,1,1
140,122,1,1
137,97,1,1
141,104,1,1
142,86,1,1
140,122,1,1
143,80,1,1
144,38,1,1
141,104,1,1
142,86,1,1
137,97,1,1
145,68,1,1
146,59,1,1
147,146,1,1
146,59,1,1
148,84,1,1
141,104,1,1
142,86,1,1
139,57,1,1
138,47,1,1
144,38,1,1
140,122,1,1
139,57,1,1
143,80,1,1
138,47,1,1
145,68,1,1
146,59,1,1
147,146,1,1
146,59,1,1
148,84,1,1
77,27,1,1
25,45,1,1
6,45,1,1
20,45,1,1
13,9,1,1
13,3,1,1
13,3,1,1
13,45,1,1
16,45,1,1
57,7,1,1
57,18,1,1
4,45,1,1
57,104,1,1
57,104,1,1
57,18,1,1
57,19,1,1
57,19,1,1
57,18,1,1
57,45,1,1
101,45,1,1
57,19,1,1
51,24,1,1
87,45,1,1
96,15,1,1
96,61,1,1
96,12,1,1
99,45,1,1
99,18,1,1
27,45,1,1
99,18,1,1
99,18,1,1
27,81,1,1
27,53,1,1
27,3,1,1
27,35,1,1
2,45,1,1
29,45,1,1
61,96,1,1
42,45,1,1
44,7,1,1
105,32,1,1
105,45,1,1
50,3,1,1
50,8,1,1
50,53,1,1
33,45,1,1
3,27,1,1
34,45,1,1
71,5,1,1
15,61,1,1
15,96,1,1
61,15,1,1
71,57,1,1
15,61,1,1
71,45,1,1
35,27,1,1
75,45,1,1
61,15,1,1
53,50,1,1
53,27,1,1
3,50,1,1
26,45,1,1
60,45,1,1
44,45,1,1
49,45,1,1
39,45,1,1
103,45,1,1
17,45,1,1
23,45,1,1
23,58,1,1
63,45,1,1
46,45,1,1
82,45,1,1
55,45,1,1
96,45,1,1
79,45,1,1
122,45,1,1
121,45,1,1
70,45,1,1
63,64,1,1
64,63,1,1
32,25,1,1
13,9,1,1
13,72,1,1
13,3,1,1
3,13,1,1
32,25,1,1
73,45,1,1
42,27,1,1
10,45,1,1
42,27,1,1
3,66,1,1
3,67,1,1
3,8,1,1
3,35,1,1
3,13,1,1
3,4,1,1
3,68,1,1
3,85,1,1
3,69,1,1
3,17,1,1
13,3,1,1
4,3,1,1
17,3,1,1
56,45,1,1
66,3,1,1
66,45,1,1
13,3,1,1
66,9,1,1
66,27,1,1
58,29,1,1
58,33,1,1
58,95,1,1
58,106,1,1
58,83,1,1
58,23,1,1
58,46,1,1
58,43,1,1
8,3,1,1
23,58,1,1
58,54,1,1
8,50,1,1
58,45,1,1
66,27,1,1
59,104,1,1
59,95,1,1
104,60,1,1
104,26,1,1
104,32,1,1
33,58,1,1
95,58,1,1
67,3,1,1
42,64,1,1
27,42,1,1
32,104,1,1
39,62,1,1
14,32,1,1
32,14,1,1
32,25,1,1
27,42,1,1
54,58,1,1
9,13,1,1
26,104,1,1
42,27,1,1
26,45,1,1
15,66,1,1
42,27,1,1
70,53,1,1
76,53,1,1
70,48,1,1
70,68,1,1
80,84,1,1
71,72,1,1
71,5,1,1
71,15,1,1
71,73,1,1
66,15,1,1
17,56,1,1
17,15,1,1
17,54,1,1
27,42,1,1
56,17,1,1
71,42,1,1
25,32,1,1
56,88,1,1
71,21,1,1
5,30,1,1
9,13,1,1
5,33,1,1
5,33,1,1
13,9,1,1
13,9,1,1
68,3,1,1
5,15,1,1
5,33,1,1
5,83,1,1
5,33,1,1
60,104,1,1
5,45,1,1
88,56,1,1
13,9,1,1
54,17,1,1
88,89,1,1
68,70,1,1
61,54,1,1
54,61,1,1
29,58,1,1
46,37,1,1
46,36,1,1
68,48,1,1
68,70,1,1
54,61,1,1
53,35,1,1
53,3,1,1
84,80,1,1
53,70,1,1
54,15,1,1
83,58,1,1
61,54,1,1
35,3,1,1
35,45,1,1
86,84,1,1
77,15,1,1
83,23,1,1
23,83,1,1
95,87,1,1
121,106,1,1
87,95,1,1
69,84,1,1
64,42,1,1
64,80,1,1
64,63,1,1
64,43,1,1
42,64,1,1
118,33,1,1
90,85,1,1
63,64,1,1
117,24,1,1
117,26,1,1
57,104,1,1
41,45,1,1
57,104,1,1
41,81,1,1
2,6,1,1
48,70,1,1
90,45,1,1
69,76,1,1
45,86,1,1
6,2,1,1
45,64,1,1
45,117,1,1
45,11,1,1
45,27,1,1
45,115,1,1
45,62,1,1
45,68,1,1
45,53,1,1
15,17,1,1
15,54,1,1
53,45,1,1
41,81,1,1
68,47,1,1
68,45,1,1
14,77,1,1
83,33,1,1
83,23,1,1
7,10,1,1
86,45,1,1
72,13,1,1
92,65,1,1
92,9,1,1
92,116,1,1
9,67,1,1
9,66,1,1
3,13,1,1
23,83,1,1
33,83,1,1
81,41,1,1
50,41,1,1
50,52,1,1
13,3,1,1
27,45,1,1
52,50,1,1
27,45,1,1
77,14,1,1
50,13,1,1
13,50,1,1
70,1,1,1
77,14,1,1
95,87,1,1
26,117,1,1
87,95,1,1
8,20,1,1
50,13,1,1
77,45,1,1
118,45,1,1
118,33,1,1
21,84,1,1
84,21,1,1
59,95,1,1
6,106,1,1
32,104,1,1
66,67,1,1
90,47,1,1
47,90,1,1
84,69,1,1
51,45,1,1
62,45,1,1
13,50,1,1
69,53,1,1
24,117,1,1
4,106,1,1
25,30,1,1
88,27,1,1
88,81,1,1
13,3,1,1
13,8,1,1
13,50,1,1
13,40,1,1
21,84,1,1
53,3,1,1
53,50,1,1
53,35,1,1
53,52,1,1
81,88,1,1
81,27,1,1
84,21,1,1
9,67,1,1
9,66,1,1
84,69,1,1
88,81,1,1
88,81,1,1
27,81,1,1
53,69,1,1
15,62,1,1
48,47,1,1
62,15,1,1
47,48,1,1
45,62,1,1
86,40,1,1
86,93,1,1
86,101,1,1
86,27,1,1
45,63,1,1
45,63,1,1
69,86,1,1
20,8,1,1
20,62,1,1
20,3,1,1
69,86,1,1
85,48,1,1
85,3,1,1
47,55,1,1
84,86,1,1
47,50,1,1
80,64,1,1
30,25,1,1
25,26,1,1
26,25,1,1
55,47,1,1
50,47,1,1
47,50,1,1
84,50,1,1
3,20,1,1
64,67,1,1
67,64,1,1
50,84,1,1
84,50,1,1
25,45,1,1
45,25,1,1
67,9,1,1
63,45,1,1
67,66,1,1
63,45,1,1
67,9,1,1
64,9,1,1
64,67,1,1
24,60,1,1
67,64,1,1
3,50,1,1
3,13,1,1
3,66,1,1
3,128,1,1
3,35,1,1
3,52,1,1
3,53,1,1
3,51,1,1
52,3,1,1
66,9,1,1
66,3,1,1
72,67,1,1
66,9,1,1
53,13,1,1
53,3,1,1
31,24,1,1
60,24,1,1
89,45,1,1
60,104,1,1
13,3,1,1
45,27,1,1
70,48,1,1
70,68,1,1
104,60,1,1
34,103,1,1
80,27,1,1
34,103,1,1
103,34,1,1
103,34,1,1
48,70,1,1
21,56,1,1
56,21,1,1
9,32,1,1
32,9,1,1
83,63,1,1
83,63,1,1
83,63,1,1
37,72,1,1
72,37,1,1
72,15,1,1
83,63,1,1
86,40,1,1
71,31,1,1
72,71,1,1
46,58,1,1
68,70,1,1
72,59,1,1
69,84,1,1
59,67,1,1
81,35,1,1
72,59,1,1
83,15,1,1
69,84,1,1
48,85,1,1
59,67,1,1
72,67,1,1
59,72,1,1
59,67,1,1
59,68,1,1
59,85,1,1
59,86,1,1
59,84,1,1
59,89,1,1
59,48,1,1
59,76,1,1
59,47,1,1
59,69,1,1
59,56,1,1
59,88,1,1
59,67,1,1
9,64,1,1
84,93,1,1
84,101,1,1
84,27,1,1
1,70,1,1
1,70,1,1
1,8,1,1
1,5,1,1
1,6,1,1
1,7,1,1
1,2,1,1
1,3,1,1
1,9,1,1
1,10,1,1
1,11,1,1
1,12,1,1
1,13,1,1
1,14,1,1
1,15,1,1
1,4,1,1
1,16,1,1
1,17,1,1
96,15,1,1
96,61,1,1
96,12,1,1
101,84,1,1
35,81,1,1
35,3,1,1
100,45,1,1
13,3,1,1
13,50,1,1
13,53,1,1
83,87,1,1
87,83,1,1
61,96,1,1
2,94,1,1
3,13,1,1
94,45,1,1
15,83,1,1
94,92,1,1
94,65,1,1
94,14,1,1
94,9,1,1
15,96,1,1
27,3,1,1
27,15,1,1
27,39,1,1
27,26,1,1
27,66,1,1
27,13,1,1
27,62,1,1
13,27,1,1
15,27,1,1
13,8,1,1
13,35,1,1
26,27,1,1
63,83,1,1
63,83,1,1
63,83,1,1
63,83,1,1
53,13,1,1
39,27,1,1
35,13,1,1
106,58,1,1
3,13,1,1
3,66,1,1
3,67,1,1
3,72,1,1
3,8,1,1
3,35,1,1
3,4,1,1
3,68,1,1
3,69,1,1
3,17,1,1
106,45,1,1
3,27,1,1
35,3,1,1
17,3,1,1
3,8,1,1
3,35,1,1
3,4,1,1
3,51,1,1
3,52,1,1
3,50,1,1
3,53,1,1
3,18,1,1
35,3,1,1
13,3,1,1
52,3,1,1
94,2,1,1
53,50,1,1
18,3,1,1
65,94,1,1
8,13,1,1
8,3,1,1
8,3,1,1
12,96,1,1
53,3,1,1
66,3,1,1
72,3,1,1
3,20,1,1
4,3,1,1
9,67,1,1
9,66,1,1
4,3,1,1
43,45,1,1
43,64,1,1
12,96,1,1
84,101,1,1
66,9,1,1
84,81,1,1
67,9,1,1
67,3,1,1
59,89,1,1
59,76,1,1
59,68,1,1
59,69,1,1
59,56,1,1
59,85,1,1
59,86,1,1
59,84,1,1
59,48,1,1
59,88,1,1
59,47,1,1
59,94,1,1
59,2,1,1
32,104,1,1
32,66,1,1
104,60,1,1
30,36,1,1
30,37,1,1
26,45,1,1
45,63,1,1
17,56,1,1
17,15,1,1
17,54,1,1
15,17,1,1
54,17,1,1
76,50,1,1
92,45,1,1
92,65,1,1
47,50,1,1
92,65,1,1
68,3,1,1
71,72,1,1
71,73,1,1
71,74,1,1
115,45,1,1
56,72,1,1
56,17,1,1
115,67,1,1
115,45,1,1
72,56,1,1
70,50,1,1
70,53,1,1
67,115,1,1
66,77,1,1
84,50,1,1
97,14,1,1
47,68,1,1
56,94,1,1
47,68,1,1
47,50,1,1
53,70,1,1
60,104,1,1
26,45,1,1
72,117,1,1
63,45,1,1
59,95,1,1
77,66,1,1
50,84,1,1
32,9,1,1
8,83,1,1
43,58,1,1
42,22,1,1
52,103,1,1
60,104,1,1
103,52,1,1
43,42,1,1
43,64,1,1
43,21,1,1
43,6,1,1
43,81,1,1
21,43,1,1
43,29,1,1
43,6,1,1
43,21,1,1
43,81,1,1
43,95,1,1
43,58,1,1
29,43,1,1
104,60,1,1
21,43,1,1
90,27,1,1
76,89,1,1
95,43,1,1
26,87,1,1
68,47,1,1
68,47,1,1
84,50,1,1
94,56,1,1
70,50,1,1
21,75,1,1
21,7,1,1
21,10,1,1
21,88,1,1
21,89,1,1
6,43,1,1
7,21,1,1
1,2,1,1
13,41,1,1
13,40,1,1
89,21,1,1
2,1,1,1
13,16,1,1
70,50,1,1
92,65,1,1
92,9,1,1
92,116,1,1
42,22,1,1
89,88,1,1
89,48,1,1
89,75,1,1
89,56,1,1
15,83,1,1
56,89,1,1
48,89,1,1
16,13,1,1
83,15,1,1
56,88,1,1
42,22,1,1
68,13,1,1
32,27,1,1
42,43,1,1
27,90,1,1
44,38,1,1
44,1,1,1
38,44,1,1
10,21,1,1
1,44,1,1
90,84,1,1
90,69,1,1
84,90,1,1
88,56,1,1
83,8,1,1
88,89,1,1
15,62,1,1
88,21,1,1
77,66,1,1
84,69,1,1
35,83,1,1
70,95,1,1
70,104,1,1
70,14,1,1
70,87,1,1
70,112,1,1
95,70,1,1
72,14,1,1
72,67,1,1
72,68,1,1
72,9,1,1
72,92,1,1
72,65,1,1
72,69,1,1
87,70,1,1
70,32,1,1
70,27,1,1
70,30,1,1
70,47,1,1
70,31,1,1
70,73,1,1
70,62,1,1
70,74,1,1
70,105,1,1
31,70,1,1
32,70,1,1
70,42,1,1
70,63,1,1
9,67,1,1
70,36,1,1
70,38,1,1
9,67,1,1
9,66,1,1
104,70,1,1
27,87,1,1
27,70,1,1
81,43,1,1
14,70,1,1
112,70,1,1
67,9,1,1
67,9,1,1
112,29,1,1
121,106,1,1
53,3,1,1
81,43,1,1
29,112,1,1
13,68,1,1
29,112,1,1
68,13,1,1
66,9,1,1
17,9,1,1
72,56,1,1
47,70,1,1
74,70,1,1
47,48,1,1
50,3,1,1
3,50,1,1
27,62,1,1
50,53,1,1
53,50,1,1
3,13,1,1
3,8,1,1
13,3,1,1
87,27,1,1
30,70,1,1
38,1,1,1
112,29,1,1
64,67,1,1
63,70,1,1
105,70,1,1
92,65,1,1
92,9,1,1
92,116,1,1
73,70,1,1
3,51,1,1
3,8,1,1
3,35,1,1
42,70,1,1
6,43,1,1
68,85,1,1
9,67,1,1
9,66,1,1
9,17,1,1
6,36,1,1
6,37,1,1
8,3,1,1
8,3,1,1
77,66,1,1
14,80,1,1
14,68,1,1
14,64,1,1
14,59,1,1
14,90,1,1
14,69,1,1
14,9,1,1
74,27,1,1
64,14,1,1
68,59,1,1
68,94,1,1
68,14,1,1
45,30,1,1
14,59,1,1
30,45,1,1
90,14,1,1
48,47,1,1
42,18,1,1
76,27,1,1
67,9,1,1
9,14,1,1
35,3,1,1
80,115,1,1
50,3,1,1
50,13,1,1
50,8,1,1
50,53,1,1
50,52,1,1
50,66,1,1
50,26,1,1
3,50,1,1
53,50,1,1
52,50,1,1
115,80,1,1
13,50,1,1
62,71,1,1
71,62,1,1
69,84,1,1
27,76,1,1
76,27,1,1
66,9,1,1
20,3,1,1
66,50,1,1
45,77,1,1
62,27,1,1
69,13,1,1
69,4,1,1
92,65,1,1
33,5,1,1
18,42,1,1
92,74,1,1
76,13,1,1
13,15,1,1
80,67,1,1
30,26,1,1
30,25,1,1
15,13,1,1
15,61,1,1
15,12,1,1
26,50,1,1
84,27,1,1
10,43,1,1
93,88,1,1
12,15,1,1
26,45,1,1
26,30,1,1
88,93,1,1
26,45,1,1
84,27,1,1
9,67,1,1
9,66,1,1
7,1,1,1
61,15,1,1
67,9,1,1
76,27,1,1
8,50,1,1
76,50,1,1
84,69,1,1
83,35,1,1
1,7,1,1
7,1,1,1
71,72,1,1
50,70,1,1
67,80,1,1
59,67,1,1
47,50,1,1
76,50,1,1
15,62,1,1
69,27,1,1
59,9,1,1
59,14,1,1
77,45,2,2
25,30,2,2
27,74,2,2
96,15,2,2
96,61,2,2
96,12,2,2
61,96,2,2
70,50,2,2
62,15,2,2
50,3,2,2
50,53,2,2
3,50,2,2
3,13,2,2
15,62,2,2
62,15,2,2
15,96,2,2
70,48,2,2
70,68,2,2
13,3,2,2
20,35,2,2
72,62,2,2
3,66,2,2
3,35,2,2
3,13,2,2
3,4,2,2
3,67,2,2
3,8,2,2
3,68,2,2
3,69,2,2
3,17,2,2
35,20,2,2
13,3,2,2
48,70,2,2
13,35,2,2
13,4,2,2
4,3,2,2
12,96,2,2
32,27,2,2
66,3,2,2
66,9,2,2
53,50,2,2
44,80,2,2
67,3,2,2
17,3,2,2
8,3,2,2
35,62,2,2
32,24,2,2
32,26,2,2
35,3,2,2
24,32,2,2
4,13,2,2
14,77,2,2
7,43,2,2
83,37,2,2
83,36,2,2
75,50,2,2
17,56,2,2
17,15,2,2
17,54,2,2
56,17,2,2
56,88,2,2
88,56,2,2
54,117,2,2
35,62,2,2
50,75,2,2
54,17,2,2
30,25,2,2
15,17,2,2
76,40,2,2
25,30,2,2
119,45,2,2
119,54,2,2
119,39,2,2
14,97,2,2
14,97,2,2
14,97,2,2
14,97,2,2
97,14,2,2
77,14,2,2
31,26,2,2
40,41,2,2
27,32,2,2
117,58,2,2
58,117,2,2
12,15,2,2
15,12,2,2
75,50,2,2
68,70,2,2
22,6,2,2
68,3,2,2
77,14,2,2
80,27,2,2
93,6,2,2
51,3,2,2
56,88,2,2
76,40,2,2
1,90,2,2
123,79,2,2
103,105,2,2
103,37,2,2
103,36,2,2
103,52,2,2
105,103,2,2
52,103,2,2
37,43,2,2
37,25,2,2
37,50,2,2
37,83,2,2
37,72,2,2
37,103,2,2
37,106,2,2
37,46,2,2
37,35,2,2
37,107,2,2
37,115,2,2
37,70,2,2
37,97,2,2
37,1,2,2
37,87,2,2
37,84,2,2
37,76,2,2
37,27,2,2
37,119,2,2
37,123,2,2
37,47,2,2
37,61,2,2
37,93,2,2
37,30,2,2
37,85,2,2
37,53,2,2
37,44,2,2
37,124,2,2
37,22,2,2
37,59,2,2
37,125,2,2
37,102,2,2
37,52,2,2
37,81,2,2
37,98,2,2
37,18,2,2
37,38,2,2
37,56,2,2
37,39,2,2
37,32,2,2
37,58,2,2
37,57,2,2
37,69,2,2
37,75,2,2
37,126,2,2
37,127,2,2
37,71,2,2
37,96,2,2
37,42,2,2
37,36,2,2
37,9,2,2
37,92,2,2
37,8,2,2
37,128,2,2
37,108,2,2
37,24,2,2
37,95,2,2
37,110,2,2
37,49,2,2
37,41,2,2
37,64,2,2
37,77,2,2
37,14,2,2
37,31,2,2
37,118,2,2
37,129,2,2
37,73,2,2
37,100,2,2
37,130,2,2
37,109,2,2
37,88,2,2
37,65,2,2
37,86,2,2
37,116,2,2
37,13,2,2
37,28,2,2
37,99,2,2
37,55,2,2
37,12,2,2
37,15,2,2
37,20,2,2
37,26,2,2
37,33,2,2
37,7,2,2
37,131,2,2
37,34,2,2
37,82,2,2
37,3,2,2
37,62,2,2
37,104,2,2
37,89,2,2
37,5,2,2
37,105,2,2
37,17,2,2
37,4,2,2
37,51,2,2
37,11,2,2
37,132,2,2
37,66,2,2
37,29,2,2
37,78,2,2
37,48,2,2
37,133,2,2
37,111,2,2
37,45,2,2
37,68,2,2
37,79,2,2
37,16,2,2
37,63,2,2
37,2,2,2
37,120,2,2
37,54,2,2
37,40,2,2
37,134,2,2
37,67,2,2
37,60,2,2
37,6,2,2
37,121,2,2
37,91,2,2
37,117,2,2
37,74,2,2
37,80,2,2
37,112,2,2
37,21,2,2
37,135,2,2
37,23,2,2
37,10,2,2
37,136,2,2
37,19,2,2
37,90,2,2
37,113,2,2
37,114,2,2
37,101,2,2
37,122,2,2
37,94,2,2
38,37,2,2
113,37,2,2
67,59,2,2
24,37,2,2
21,37,2,2
101,37,2,2
32,37,2,2
93,37,2,2
3,37,2,2
67,37,2,2
2,37,2,2
52,37,2,2
76,37,2,2
1,37,2,2
26,37,2,2
23,37,2,2
25,37,2,2
12,37,2,2
44,37,2,2
50,76,2,2
30,37,2,2
105,37,2,2
76,50,2,2
19,37,2,2
95,37,2,2
54,37,2,2
9,37,2,2
103,37,2,2
61,37,2,2
76,50,2,2
87,37,2,2
56,37,2,2
57,37,2,2
86,37,2,2
29,37,2,2
48,37,2,2
88,37,2,2
68,37,2,2
89,37,2,2
7,37,2,2
59,37,2,2
123,37,2,2
42,37,2,2
18,37,2,2
112,37,2,2
88,56,2,2
73,37,2,2
53,37,2,2
28,37,2,2
75,37,2,2
21,72,2,2
26,32,2,2
50,40,2,2
50,13,2,2
50,76,2,2
76,50,2,2
74,37,2,2
71,73,2,2
47,37,2,2
79,123,2,2
50,76,2,2
76,50,2,2
79,37,2,2
76,50,2,2
50,76,2,2
76,50,2,2
76,50,2,2
14,77,2,2
14,37,2,2
31,37,2,2
6,93,2,2
6,37,2,2
92,65,2,2
92,9,2,2
92,116,2,2
55,37,2,2
70,37,2,2
83,37,2,2
50,47,2,2
15,37,2,2
96,37,2,2
20,37,2,2
90,1,2,2
65,37,2,2
90,37,2,2
47,50,2,2
64,80,2,2
92,37,2,2
43,37,2,2
76,53,2,2
98,37,2,2
77,14,2,2
34,37,2,2
63,37,2,2
10,37,2,2
106,37,2,2
115,37,2,2
77,66,2,2
50,76,2,2
16,37,2,2
49,37,2,2
76,50,2,2
82,37,2,2
47,68,2,2
59,2,2,2
57,86,2,2
92,65,2,2
92,9,2,2
92,116,2,2
35,37,2,2
86,57,2,2
6,106,2,2
6,22,2,2
88,89,2,2
92,65,2,2
4,37,2,2
59,67,2,2
59,72,2,2
47,48,2,2
35,13,2,2
47,50,2,2
4,106,2,2
51,3,2,2
51,3,2,2
51,37,2,2
3,77,2,2
45,37,2,2
45,36,2,2
62,98,2,2
66,37,2,2
13,50,2,2
13,37,2,2
8,37,2,2
26,87,2,2
72,37,2,2
72,21,2,2
76,69,2,2
68,47,2,2
86,57,2,2
86,35,2,2
86,93,2,2
86,101,2,2
86,27,2,2
59,67,2,2
58,37,2,2
13,3,2,2
13,66,2,2
45,37,2,2
78,37,2,2
84,69,2,2
78,45,2,2
84,69,2,2
84,69,2,2
72,59,2,2
72,80,2,2
86,53,2,2
72,7,2,2
84,69,2,2
85,37,2,2
75,21,2,2
84,69,2,2
41,50,2,2
21,76,2,2
41,13,2,2
41,40,2,2
85,48,2,2
41,37,2,2
76,21,2,2
76,27,2,2
94,14,2,2
94,9,2,2
94,65,2,2
94,92,2,2
14,31,2,2
2,6,2,2
25,103,2,2
50,47,2,2
48,85,2,2
48,68,2,2
76,13,2,2
68,48,2,2
77,3,2,2
31,14,2,2
77,37,2,2
21,47,2,2
21,85,2,2
21,56,2,2
21,69,2,2
21,84,2,2
21,76,2,2
21,48,2,2
21,68,2,2
21,86,2,2
21,88,2,2
21,89,2,2
21,90,2,2
86,21,2,2
48,21,2,2
88,21,2,2
76,21,2,2
56,21,2,2
59,67,2,2
77,81,2,2
77,3,2,2
68,21,2,2
27,80,2,2
27,37,2,2
33,37,2,2
85,21,2,2
47,50,2,2
47,21,2,2
53,68,2,2
124,37,2,2
77,66,2,2
21,72,2,2
6,2,2,2
72,21,2,2
72,80,2,2
72,59,2,2
68,48,2,2
24,66,2,2
24,3,2,2
24,51,2,2
24,26,2,2
24,60,2,2
53,68,2,2
86,53,2,2
69,76,2,2
3,24,2,2
37,66,2,2
66,37,2,2
59,9,2,2
2,6,2,2
89,21,2,2
84,69,2,2
121,37,2,2
50,47,2,2
45,112,2,2
112,45,2,2
75,89,2,2
71,74,2,2
66,9,2,2
112,29,2,2
27,25,2,2
27,25,2,2
27,25,2,2
105,103,2,2
29,112,2,2
6,2,2,2
45,112,2,2
112,45,2,2
25,27,2,2
17,37,2,2
25,66,2,2
25,27,2,2
25,66,2,2
25,27,2,2
25,66,2,2
103,105,2,2
9,66,2,2
92,9,2,2
92,65,2,2
92,116,2,2
92,65,2,2
92,9,2,2
92,116,2,2
94,37,2,2
92,65,2,2
92,9,2,2
92,116,2,2
92,65,2,2
92,9,2,2
92,116,2,2
47,50,2,2
94,65,2,2
94,92,2,2
94,9,2,2
94,14,2,2
26,24,2,2
70,53,2,2
88,15,2,2
88,56,2,2
25,31,2,2
25,31,2,2
62,98,2,2
25,31,2,2
62,98,2,2
70,53,2,2
31,25,2,2
31,25,2,2
31,25,2,2
62,98,2,2
62,22,2,2
62,22,2,2
9,67,2,2
9,66,2,2
66,67,2,2
66,25,2,2
66,25,2,2
66,25,2,2
67,9,2,2
90,64,2,2
90,21,2,2
2,59,2,2
67,66,2,2
45,26,2,2
22,38,2,2
38,22,2,2
76,84,2,2
59,2,2,2
47,68,2,2
86,102,2,2
86,4,2,2
86,70,2,2
86,19,2,2
84,76,2,2
76,69,2,2
68,47,2,2
72,80,2,2
66,67,2,2
67,66,2,2
72,64,2,2
80,67,2,2
67,80,2,2
32,9,2,2
80,66,2,2
80,67,2,2
67,80,2,2
90,1,2,2
66,67,2,2
9,67,2,2
9,66,2,2
67,66,2,2
67,9,2,2
69,76,2,2
90,18,2,2
40,61,2,2
96,15,2,2
96,61,2,2
96,12,2,2
26,45,2,2
100,37,2,2
61,40,2,2
61,96,2,2
71,37,2,2
18,90,2,2
70,75,2,2
33,61,2,2
33,118,2,2
33,15,2,2
33,5,2,2
33,117,2,2
94,65,2,2
94,14,2,2
94,92,2,2
94,9,2,2
61,33,2,2
60,37,2,2
39,37,2,2
98,62,2,2
60,24,2,2
98,22,2,2
98,62,2,2
98,22,2,2
98,62,2,2
98,22,2,2
98,62,2,2
98,22,2,2
29,22,2,2
3,66,2,2
3,13,2,2
3,4,2,2
3,85,2,2
3,17,2,2
3,67,2,2
3,8,2,2
3,35,2,2
3,68,2,2
3,69,2,2
29,46,2,2
29,23,2,2
29,34,2,2
13,3,2,2
23,29,2,2
15,96,2,2
15,33,2,2
29,23,2,2
35,3,2,2
4,3,2,2
51,24,2,2
26,87,2,2
50,51,2,2
50,3,2,2
50,35,2,2
50,8,2,2
50,53,2,2
50,18,2,2
3,50,2,2
35,50,2,2
75,70,2,2
8,3,2,2
8,50,2,2
13,3,2,2
27,3,2,2
27,53,2,2
27,81,2,2
3,27,2,2
46,29,2,2
3,35,2,2
23,29,2,2
86,19,2,2
35,3,2,2
67,3,2,2
66,3,2,2
66,9,2,2
34,29,2,2
51,50,2,2
53,27,2,2
88,89,2,2
53,3,2,2
53,50,2,2
13,17,2,2
17,3,2,2
17,56,2,2
17,15,2,2
17,54,2,2
56,17,2,2
56,88,2,2
88,56,2,2
54,17,2,2
43,42,2,2
76,19,2,2
59,9,2,2
42,43,2,2
53,86,2,2
53,86,2,2
53,70,2,2
53,70,2,2
67,66,2,2
74,72,2,2
18,50,2,2
68,3,2,2
64,63,2,2
66,27,2,2
66,9,2,2
9,66,2,2
63,64,2,2
15,17,2,2
119,37,2,2
38,36,2,2
38,37,2,2
13,3,2,2
87,37,2,2
87,36,2,2
63,74,2,2
86,94,2,2
66,9,2,2
27,66,2,2
93,70,2,2
94,2,2,2
94,86,2,2
74,71,2,2
74,63,2,2
9,66,2,2
70,93,2,2
70,93,2,2
66,9,2,2
9,66,2,2
93,70,2,2
40,50,2,2
45,26,2,2
26,45,2,2
66,9,2,2
61,96,2,2
87,37,2,2
87,36,2,2
66,80,2,2
14,97,2,2
97,14,2,2
96,61,2,2
72,74,2,2
13,4,2,2
121,106,2,2
56,48,2,2
31,25,2,2
44,81,2,2
44,27,2,2
57,86,2,2
81,44,2,2
50,76,2,2
76,50,2,2
71,72,2,2
71,74,2,2
71,73,2,2
96,61,2,2
61,96,2,2
86,57,2,2
66,24,2,2
32,66,2,2
66,32,2,2
8,13,2,2
13,8,2,2
54,15,2,2
15,33,2,2
15,54,2,2
86,18,2,2
26,66,2,2
117,33,2,2
15,61,2,2
15,12,2,2
61,15,2,2
54,15,2,2
54,56,2,2
15,54,2,2
33,117,2,2
33,15,2,2
56,54,2,2
77,3,2,2
18,86,2,2
18,57,2,2
18,13,2,2
18,35,2,2
86,18,2,2
4,13,2,2
57,18,2,2
51,24,2,2
112,9,2,2
9,112,2,2
76,70,2,2
1,90,2,2
59,67,2,2
59,72,2,2
59,2,2,2
76,27,2,2
90,67,2,2
70,49,2,2
70,82,2,2
70,40,2,2
94,65,2,2
94,14,2,2
94,92,2,2
94,9,2,2
70,4,2,2
86,19,2,2
65,94,2,2
4,70,2,2
4,93,2,2
4,101,2,2
4,27,2,2
101,4,2,2
93,4,2,2
64,66,2,2
82,70,2,2
27,4,2,2
6,106,2,2
21,86,2,2
94,85,2,2
94,86,2,2
94,68,2,2
94,69,2,2
94,56,2,2
94,84,2,2
94,89,2,2
94,48,2,2
94,76,2,2
94,88,2,2
94,47,2,2
94,59,2,2
94,2,2,2
94,123,2,2
94,79,2,2
94,95,2,2
94,104,2,2
94,112,2,2
94,44,2,2
14,97,2,2
94,86,2,2
94,69,2,2
97,14,2,2
117,54,2,2
54,117,2,2
84,85,2,2
84,68,2,2
27,76,2,2
27,44,2,2
76,27,2,2
66,64,2,2
76,27,2,2
32,26,2,2
49,70,2,2
24,51,2,2
24,51,2,2
32,66,2,2
76,50,2,2
71,72,2,2
86,21,2,2
9,67,2,2
9,66,2,2
77,15,2,2
85,3,2,2
115,67,2,2
115,90,2,2
77,39,2,2
56,94,2,2
94,56,2,2
26,24,2,2
26,45,2,2
94,56,2,2
72,64,2,2
26,32,2,2
50,76,2,2
54,15,2,2
76,50,2,2
92,65,2,2
92,9,2,2
92,116,2,2
92,65,2,2
92,9,2,2
92,116,2,2
92,65,2,2
92,9,2,2
92,116,2,2
92,65,2,2
92,9,2,2
92,116,2,2
45,63,2,2
3,50,2,2
3,66,2,2
3,26,2,2
3,77,2,2
3,53,2,2
3,8,2,2
3,13,2,2
3,52,2,2
3,51,2,2
3,35,2,2
3,20,2,2
77,3,2,2
80,66,2,2
80,9,2,2
66,9,2,2
66,3,2,2
66,9,2,2
9,80,2,2
76,50,2,2
9,66,2,2
52,3,2,2
1,38,2,2
63,45,2,2
50,18,2,2
58,43,2,2
18,50,2,2
67,66,2,2
84,69,2,2
67,59,2,2
21,49,2,2
80,64,2,2
43,79,2,2
64,63,2,2
43,79,2,2
64,80,2,2
50,76,2,2
76,50,2,2
86,19,2,2
93,86,2,2
9,66,2,2
9,67,2,2
69,86,2,2
86,93,2,2
72,69,2,2
94,65,2,2
94,9,2,2
94,14,2,2
94,92,2,2
42,22,2,2
42,98,2,2
19,57,2,2
9,32,2,2
57,19,2,2
56,69,2,2
66,32,2,2
66,9,2,2
66,80,2,2
74,4,2,2
4,74,2,2
79,44,2,2
44,79,2,2
26,3,2,2
27,76,2,2
26,24,2,2
76,27,2,2
76,27,2,2
26,45,2,2
76,27,2,2
26,30,2,2
26,45,2,2
110,18,2,2
80,14,2,2
86,53,2,2
53,3,2,2
53,86,2,2
38,56,2,2
38,9,2,2
38,1,2,2
38,72,2,2
38,69,2,2
38,68,2,2
122,37,2,2
69,84,2,2
79,43,2,2
79,43,2,2
79,43,2,2
8,3,2,2
50,47,2,2
38,36,2,2
50,3,2,2
3,50,2,2
92,65,2,2
98,42,2,2
15,54,2,2
92,65,2,2
92,9,2,2
92,116,2,2
92,65,2,2
92,9,2,2
92,116,2,2
92,65,2,2
92,9,2,2
92,116,2,2
47,50,2,2
69,68,2,2
59,44,2,2
90,85,2,2
90,68,2,2
90,115,2,2
15,88,2,2
68,67,2,2
68,66,2,2
68,15,2,2
68,69,2,2
68,72,2,2
68,3,2,2
68,9,2,2
68,65,2,2
68,92,2,2
68,56,2,2
10,7,2,2
68,90,2,2
7,10,2,2
85,90,2,2
80,64,2,2
9,67,2,2
9,66,2,2
59,67,2,2
59,72,2,2
10,7,2,2
7,10,2,2
7,1,2,2
69,76,2,2
69,38,2,2
69,68,2,2
18,86,2,2
18,84,2,2
18,76,2,2
13,18,2,2
13,3,2,2
20,3,2,2
13,65,2,2
13,3,2,2
13,8,2,2
13,40,2,2
96,15,2,2
96,61,2,2
96,12,2,2
35,3,2,2
35,18,2,2
27,69,2,2
4,65,2,2
61,96,2,2
14,65,2,2
14,92,2,2
14,65,2,2
14,92,2,2
8,13,2,2
50,13,2,2
50,3,2,2
50,53,2,2
1,7,2,2
13,50,2,2
3,50,2,2
1,38,2,2
1,44,2,2
3,13,2,2
3,4,2,2
3,8,2,2
3,35,2,2
3,13,2,2
13,3,2,2
8,3,2,2
35,3,2,2
15,96,2,2
19,57,2,2
57,19,2,2
1,7,2,2
50,3,2,2
50,13,2,2
50,53,2,2
3,50,2,2
13,50,2,2
87,27,2,2
44,1,2,2
63,64,2,2
87,27,2,2
49,21,2,2
61,33,2,2
48,13,2,2
15,96,2,2
15,12,2,2
13,48,2,2
38,1,2,2
13,48,2,2
87,27,2,2
4,3,2,2
87,27,2,2
3,13,2,2
3,4,2,2
3,68,2,2
3,66,2,2
3,67,2,2
3,8,2,2
3,35,2,2
3,85,2,2
3,69,2,2
3,17,2,2
4,3,2,2
48,13,2,2
35,3,2,2
88,15,2,2
13,3,2,2
8,3,2,2
7,1,2,2
7,1,2,2
66,3,2,2
66,9,2,2
88,15,2,2
88,56,2,2
1,7,2,2
1,7,2,2
7,1,2,2
88,56,2,2
88,15,2,2
17,3,2,2
1,69,2,2
1,68,2,2
1,38,2,2
84,69,2,2
101,86,2,2
53,50,2,2
53,50,2,2
48,56,2,2
38,1,2,2
33,61,2,2
54,56,2,2
54,15,2,2
96,15,2,2
17,56,2,2
17,15,2,2
17,54,2,2
86,101,2,2
54,17,2,2
42,63,2,2
86,101,2,2
26,30,2,2
33,61,2,2
50,40,2,2
65,14,2,2
65,14,2,2
65,13,2,2
47,68,2,2
94,14,2,2
94,65,2,2
94,92,2,2
94,9,2,2
65,95,2,2
38,1,2,2
68,1,2,2
39,36,2,2
32,25,2,2
36,39,2,2
95,65,2,2
32,27,2,2
36,38,2,2
68,3,2,2
15,17,2,2
15,17,2,2
56,17,2,2
15,72,2,2
56,54,2,2
15,54,2,2
72,15,2,2
27,32,2,2
38,1,2,2
38,36,2,2
38,37,2,2
1,10,2,2
1,7,2,2
7,1,2,2
72,71,2,2
72,73,2,2
72,12,2,2
72,15,2,2
72,5,2,2
72,117,2,2
72,74,2,2
86,84,2,2
75,50,2,2
76,4,2,2
76,70,2,2
86,27,2,2
86,27,2,2
86,93,2,2
86,101,2,2
70,53,2,2
104,37,2,2
25,26,2,2
59,69,2,2
65,95,2,2
9,14,2,2
74,4,2,2
4,74,2,2
75,50,2,2
21,84,2,2
18,3,2,2
3,18,2,2
84,21,2,2
40,49,2,2
40,82,2,2
86,19,2,2
25,26,2,2
27,86,2,2
86,27,2,2
15,62,2,2
92,65,2,2
92,9,2,2
92,116,2,2
92,65,2,2
92,9,2,2
92,116,2,2
59,68,2,2
59,69,2,2
59,86,2,2
59,76,2,2
59,56,2,2
59,85,2,2
59,84,2,2
59,89,2,2
59,48,2,2
59,88,2,2
59,47,2,2
59,94,2,2
59,2,2,2
50,27,2,2
50,3,2,2
95,65,2,2
27,50,2,2
10,1,2,2
59,94,2,2
59,68,2,2
59,56,2,2
59,85,2,2
59,86,2,2
59,84,2,2
59,89,2,2
59,48,2,2
59,76,2,2
59,88,2,2
59,47,2,2
59,2,2,2
59,95,2,2
59,69,2,2
59,123,2,2
59,79,2,2
59,104,2,2
59,112,2,2
59,44,2,2
84,50,2,2
35,3,2,2
68,48,2,2
86,27,2,2
86,27,2,2
86,93,2,2
86,101,2,2
62,15,2,2
27,50,2,2
3,50,2,2
53,70,2,2
3,35,2,2
53,70,2,2
53,4,2,2
72,71,2,2
74,1,2,2
1,74,2,2
14,9,2,2
69,84,2,2
69,86,2,2
69,68,2,2
27,86,2,2
86,117,2,2
77,39,2,2
43,42,2,2
43,45,2,2
43,79,2,2
75,50,2,2
86,84,2,2
34,24,2,2
9,14,2,2
86,27,2,2
9,1,2,2
1,9,2,2
86,69,2,2
38,9,2,2
38,69,2,2
38,68,2,2
38,56,2,2
38,72,2,2
72,38,2,2
94,9,2,2
94,65,2,2
94,14,2,2
94,92,2,2
95,59,2,2
63,42,2,2
79,43,2,2
26,25,2,2
75,50,2,2
9,66,2,2
6,106,2,2
44,59,2,2
40,50,2,2
48,56,2,2
9,14,2,2
9,65,2,2
9,92,2,2
56,48,2,2
59,69,2,2
24,34,2,2
124,40,2,2
26,25,2,2
124,93,2,2
124,50,2,2
124,45,2,2
66,9,2,2
9,66,2,2
65,9,2,2
9,14,2,2
9,65,2,2
9,17,2,2
9,59,2,2
65,9,2,2
9,3,2,2
9,72,2,2
9,15,2,2
9,5,2,2
72,9,2,2
56,48,2,2
15,9,2,2
48,56,2,2
59,9,2,2
3,9,2,2
3,13,2,2
42,43,2,2
66,9,2,2
25,32,2,2
32,25,2,2
43,7,2,2
7,43,2,2
15,54,2,2
54,15,2,2
54,15,2,2
74,4,2,2
92,65,2,2
92,9,2,2
92,116,2,2
15,54,2,2
27,67,2,2
27,66,2,2
88,89,2,2
38,39,2,2
15,12,2,2
15,61,2,2
9,67,2,2
9,66,2,2
69,86,2,2
90,36,2,2
90,37,2,2
32,31,2,2
50,40,2,2
50,70,2,2
50,49,2,2
70,50,2,2
94,59,2,2
94,2,2,2
90,80,2,2
4,74,2,2
94,65,2,2
94,14,2,2
94,92,2,2
94,9,2,2
32,25,2,2
50,84,2,2
25,32,2,2
84,50,2,2
25,24,2,2
24,25,2,2
90,115,2,2
115,90,2,2
32,26,2,2
61,15,2,2
1,74,2,2
32,66,2,2
32,26,2,2
26,32,2,2
50,84,2,2
50,75,2,2
84,50,2,2
26,32,2,2
31,32,2,2
66,27,2,2
59,44,2,2
75,50,2,2
75,50,2,2
31,24,2,2
31,24,2,2
31,25,2,2
59,69,2,2
90,80,2,2
74,1,2,2
43,7,2,2
7,43,2,2
45,43,2,2
17,9,2,2
50,75,2,2
43,7,2,2
76,84,2,2
7,43,2,2
59,69,2,2
86,68,2,2
86,56,2,2
92,65,2,2
92,9,2,2
92,116,2,2
140,122,2,2
67,9,2,2
67,9,2,2
67,66,2,2
67,27,2,2
67,3,2,2
67,9,2,2
67,9,2,2
67,90,2,2
67,66,2,2
67,80,2,2
67,9,2,2
143,80,2,2
147,146,2,2
146,59,2,2
148,84,2,2
139,57,2,2
139,57,2,2
13,3,3,3
50,75,3,3
96,15,3,3
96,61,3,3
96,12,3,3
107,18,3,3
107,45,3,3
107,18,3,3
107,18,3,3
107,37,3,3
75,50,3,3
75,50,3,3
50,3,3,3
50,51,3,3
50,35,3,3
50,8,3,3
50,18,3,3
50,53,3,3
3,50,3,3
18,50,3,3
5,9,3,3
5,33,3,3
53,50,3,3
5,37,3,3
5,33,3,3
15,96,3,3
75,86,3,3
8,50,3,3
29,42,3,3
29,58,3,3
29,43,3,3
29,119,3,3
58,29,3,3
61,96,3,3
42,29,3,3
3,8,3,3
3,66,3,3
3,67,3,3
3,35,3,3
3,13,3,3
3,4,3,3
3,68,3,3
3,85,3,3
3,69,3,3
3,17,3,3
42,29,3,3
53,70,3,3
53,4,3,3
39,29,3,3
39,29,3,3
17,3,3,3
13,3,3,3
35,3,3,3
35,50,3,3
29,42,3,3
29,39,3,3
2,33,3,3
2,59,3,3
2,94,3,3
2,22,3,3
2,83,3,3
13,41,3,3
59,2,3,3
83,2,3,3
29,39,3,3
33,42,3,3
33,2,3,3
33,58,3,3
4,3,3,3
58,33,3,3
8,3,3,3
71,5,3,3
71,15,3,3
43,42,3,3
43,29,3,3
19,18,3,3
39,26,3,3
39,3,3,3
39,66,3,3
3,39,3,3
67,3,3,3
3,51,3,3
3,35,3,3
3,53,3,3
51,3,3,3
51,3,3,3
12,96,3,3
12,15,3,3
12,15,3,3
12,96,3,3
12,15,3,3
12,96,3,3
51,24,3,3
35,3,3,3
51,50,3,3
22,98,3,3
22,42,3,3
22,95,3,3
50,101,3,3
98,22,3,3
71,5,3,3
101,50,3,3
76,27,3,3
80,84,3,3
7,103,3,3
26,39,3,3
42,43,3,3
80,84,3,3
42,22,3,3
45,26,3,3
42,43,3,3
42,29,3,3
42,63,3,3
42,33,3,3
26,45,3,3
95,22,3,3
64,80,3,3
64,80,3,3
66,3,3,3
42,63,3,3
17,56,3,3
17,15,3,3
17,54,3,3
66,27,3,3
88,76,3,3
88,69,3,3
63,42,3,3
29,42,3,3
53,3,3,3
36,38,3,3
53,40,3,3
56,17,3,3
56,88,3,3
88,56,3,3
88,15,3,3
69,59,3,3
68,3,3,3
56,96,3,3
56,61,3,3
56,15,3,3
66,39,3,3
84,50,3,3
42,5,3,3
86,75,3,3
84,80,3,3
84,80,3,3
1,9,3,3
42,5,3,3
26,32,3,3
26,32,3,3
1,38,3,3
26,45,3,3
38,1,3,3
3,66,3,3
9,1,3,3
9,14,3,3
14,9,3,3
42,5,3,3
84,90,3,3
42,33,3,3
42,15,3,3
86,75,3,3
13,77,3,3
13,8,3,3
13,35,3,3
66,9,3,3
59,67,3,3
59,72,3,3
72,59,3,3
80,70,3,3
70,80,3,3
77,13,3,3
113,39,3,3
113,15,3,3
113,3,3,3
3,113,3,3
77,5,3,3
39,113,3,3
84,69,3,3
76,69,3,3
3,35,3,3
3,50,3,3
3,20,3,3
3,8,3,3
3,53,3,3
3,51,3,3
3,18,3,3
77,14,3,3
83,66,3,3
51,3,3,3
42,63,3,3
42,15,3,3
42,33,3,3
76,53,3,3
68,63,3,3
53,3,3,3
18,3,3,3
33,42,3,3
20,38,3,3
86,57,3,3
76,27,3,3
33,15,3,3
33,63,3,3
84,27,3,3
53,27,3,3
53,3,3,3
53,35,3,3
53,76,3,3
53,50,3,3
81,56,3,3
56,81,3,3
5,42,3,3
5,42,3,3
94,65,3,3
94,14,3,3
94,92,3,3
94,9,3,3
66,83,3,3
5,42,3,3
66,3,3,3
94,2,3,3
33,15,3,3
94,71,3,3
94,95,3,3
94,112,3,3
94,10,3,3
94,23,3,3
94,29,3,3
94,73,3,3
94,20,3,3
71,15,3,3
121,106,3,3
80,14,3,3
80,9,3,3
80,67,3,3
80,66,3,3
5,15,3,3
92,9,3,3
88,69,3,3
88,18,3,3
14,77,3,3
5,15,3,3
14,9,3,3
88,57,3,3
13,15,3,3
13,40,3,3
14,1,3,3
77,14,3,3
30,29,3,3
30,47,3,3
77,14,3,3
38,36,3,3
15,12,3,3
15,61,3,3
12,15,3,3
74,4,3,3
8,3,3,3
1,14,3,3
4,74,3,3
9,14,3,3
9,80,3,3
65,95,3,3
95,65,3,3
74,1,3,3
65,95,3,3
85,3,3,3
95,65,3,3
1,74,3,3
70,53,3,3
1,74,3,3
4,106,3,3
49,50,3,3
85,48,3,3
5,54,3,3
9,71,3,3
59,44,3,3
85,3,3,3
85,48,3,3
18,57,3,3
26,45,3,3
13,86,3,3
13,48,3,3
13,40,3,3
13,3,3,3
13,15,3,3
13,69,3,3
13,68,3,3
13,47,3,3
3,13,3,3
86,13,3,3
32,66,3,3
61,15,3,3
88,15,3,3
29,30,3,3
87,37,3,3
87,36,3,3
85,68,3,3
71,9,3,3
48,13,3,3
48,68,3,3
5,77,3,3
1,14,3,3
1,9,3,3
15,88,3,3
15,56,3,3
14,1,3,3
59,63,3,3
54,17,3,3
48,85,3,3
48,85,3,3
54,5,3,3
48,53,3,3
68,85,3,3
88,15,3,3
15,42,3,3
71,15,3,3
6,106,3,3
32,83,3,3
20,3,3,3
65,95,3,3
68,13,3,3
66,9,3,3
113,35,3,3
66,32,3,3
53,48,3,3
74,1,3,3
9,1,3,3
9,66,3,3
68,48,3,3
95,65,3,3
3,50,3,3
61,56,3,3
92,65,3,3
92,9,3,3
92,116,3,3
15,13,3,3
15,61,3,3
69,86,3,3
61,15,3,3
15,13,3,3
61,12,3,3
12,61,3,3
15,33,3,3
15,17,3,3
15,5,3,3
15,5,3,3
15,113,3,3
37,38,3,3
9,67,3,3
9,66,3,3
38,37,3,3
83,32,3,3
67,80,3,3
67,9,3,3
50,75,3,3
66,9,3,3
70,56,3,3
75,50,3,3
70,75,3,3
70,21,3,3
70,89,3,3
75,70,3,3
89,70,3,3
21,70,3,3
76,50,3,3
35,113,3,3
59,72,3,3
35,3,3,3
50,76,3,3
76,50,3,3
15,71,3,3
50,3,3,3
66,80,3,3
9,67,3,3
9,66,3,3
3,50,3,3
67,9,3,3
64,42,3,3
42,64,3,3
13,40,3,3
13,15,3,3
94,65,3,3
94,14,3,3
94,92,3,3
94,9,3,3
64,38,3,3
15,13,3,3
43,10,3,3
15,61,3,3
75,50,3,3
38,1,3,3
61,15,3,3
61,15,3,3
38,64,3,3
66,9,3,3
15,61,3,3
123,86,3,3
123,79,3,3
86,69,3,3
86,123,3,3
79,123,3,3
119,29,3,3
46,37,3,3
86,13,3,3
86,40,3,3
86,69,3,3
86,50,3,3
12,72,3,3
12,71,3,3
12,15,3,3
72,12,3,3
15,12,3,3
96,56,3,3
38,36,3,3
76,13,3,3
76,75,3,3
64,42,3,3
10,21,3,3
10,7,3,3
81,43,3,3
81,43,3,3
13,41,3,3
13,40,3,3
53,70,3,3
92,9,3,3
92,65,3,3
92,116,3,3
59,67,3,3
85,18,3,3
38,67,3,3
68,85,3,3
90,64,3,3
95,44,3,3
1,3,3,3
1,13,3,3
1,5,3,3
1,6,3,3
1,7,3,3
1,2,3,3
1,8,3,3
1,9,3,3
1,10,3,3
1,11,3,3
1,12,3,3
1,14,3,3
1,15,3,3
1,4,3,3
1,16,3,3
1,17,3,3
57,18,3,3
11,45,3,3
11,45,3,3
11,37,3,3
101,50,3,3
18,85,3,3
96,15,3,3
96,61,3,3
96,12,3,3
42,64,3,3
42,33,3,3
42,63,3,3
42,22,3,3
11,45,3,3
7,10,3,3
101,93,3,3
42,63,3,3
42,33,3,3
42,22,3,3
93,101,3,3
15,96,3,3
42,33,3,3
42,63,3,3
42,22,3,3
13,35,3,3
13,4,3,3
13,17,3,3
13,3,3,3
64,90,3,3
10,59,3,3
59,10,3,3
59,10,3,3
71,15,3,3
12,96,3,3
3,66,3,3
3,67,3,3
3,8,3,3
3,35,3,3
3,13,3,3
3,4,3,3
3,68,3,3
3,85,3,3
3,69,3,3
3,17,3,3
77,5,3,3
42,64,3,3
42,38,3,3
64,67,3,3
17,3,3,3
7,59,3,3
59,7,3,3
59,7,3,3
13,3,3,3
83,63,3,3
12,15,3,3
57,18,3,3
83,15,3,3
50,101,3,3
101,50,3,3
101,50,3,3
83,63,3,3
8,3,3,3
75,20,3,3
70,20,3,3
88,69,3,3
70,20,3,3
4,3,3,3
38,42,3,3
38,64,3,3
67,3,3,3
18,57,3,3
35,3,3,3
64,22,3,3
9,67,3,3
15,12,3,3
17,15,3,3
17,56,3,3
17,54,3,3
67,9,3,3
15,17,3,3
15,56,3,3
56,17,3,3
15,83,3,3
56,15,3,3
68,3,3,3
68,48,3,3
88,61,3,3
88,96,3,3
88,12,3,3
88,15,3,3
88,61,3,3
88,96,3,3
88,12,3,3
88,15,3,3
21,86,3,3
75,50,3,3
88,61,3,3
88,96,3,3
88,12,3,3
88,15,3,3
86,21,3,3
84,50,3,3
63,83,3,3
63,83,3,3
59,68,3,3
59,69,3,3
59,56,3,3
59,86,3,3
59,88,3,3
59,85,3,3
59,84,3,3
59,89,3,3
59,48,3,3
59,76,3,3
59,47,3,3
59,94,3,3
59,2,3,3
86,50,3,3
69,86,3,3
7,43,3,3
7,43,3,3
7,43,3,3
69,50,3,3
7,43,3,3
74,4,3,3
21,90,3,3
69,86,3,3
90,21,3,3
66,3,3,3
22,64,3,3
84,66,3,3
84,27,3,3
84,81,3,3
84,44,3,3
84,69,3,3
54,17,3,3
54,81,3,3
54,15,3,3
54,15,3,3
54,81,3,3
94,9,3,3
94,65,3,3
94,14,3,3
94,92,3,3
76,86,3,3
43,42,3,3
4,74,3,3
43,7,3,3
43,95,3,3
43,10,3,3
43,81,3,3
43,6,3,3
43,81,3,3
43,81,3,3
7,43,3,3
84,81,3,3
84,66,3,3
84,27,3,3
84,44,3,3
84,69,3,3
44,84,3,3
69,84,3,3
81,84,3,3
66,84,3,3
84,66,3,3
84,27,3,3
84,44,3,3
84,69,3,3
84,81,3,3
88,96,3,3
88,12,3,3
88,15,3,3
88,61,3,3
13,4,3,3
15,54,3,3
95,43,3,3
15,54,3,3
95,123,3,3
95,79,3,3
42,44,3,3
56,55,3,3
123,95,3,3
64,22,3,3
64,67,3,3
79,95,3,3
20,63,3,3
20,70,3,3
20,70,3,3
20,75,3,3
63,20,3,3
63,33,3,3
63,29,3,3
77,14,3,3
77,66,3,3
94,65,3,3
77,14,3,3
88,61,3,3
88,96,3,3
88,12,3,3
88,15,3,3
33,15,3,3
29,63,3,3
33,63,3,3
6,43,3,3
69,86,3,3
10,43,3,3
56,15,3,3
15,56,3,3
84,66,3,3
84,81,3,3
4,48,3,3
4,70,3,3
48,4,3,3
48,4,3,3
38,37,3,3
55,56,3,3
15,56,3,3
6,106,3,3
56,15,3,3
85,3,3,3
33,15,3,3
15,33,3,3
59,94,3,3
76,50,3,3
4,48,3,3
50,38,3,3
50,1,3,3
38,1,3,3
1,50,3,3
38,36,3,3
4,70,3,3
4,81,3,3
4,93,3,3
4,101,3,3
4,27,3,3
101,4,3,3
93,4,3,3
70,4,3,3
70,4,3,3
38,36,3,3
38,1,3,3
4,106,3,3
67,64,3,3
13,35,3,3
50,69,3,3
50,3,3,3
3,35,3,3
3,41,3,3
3,18,3,3
3,51,3,3
3,52,3,3
3,8,3,3
52,3,3,3
86,40,3,3
35,3,3,3
3,35,3,3
3,51,3,3
3,52,3,3
3,18,3,3
3,41,3,3
3,8,3,3
3,50,3,3
52,3,3,3
35,3,3,3
12,72,3,3
12,71,3,3
12,73,3,3
18,3,3,3
69,50,3,3
18,3,3,3
2,59,3,3
81,54,3,3
81,54,3,3
18,3,3,3
81,4,3,3
3,18,3,3
38,36,3,3
92,65,3,3
92,9,3,3
92,116,3,3
59,2,3,3
59,2,3,3
92,65,3,3
92,9,3,3
92,116,3,3
33,15,3,3
50,70,3,3
50,40,3,3
50,13,3,3
63,20,3,3
86,69,3,3
86,84,3,3
86,76,3,3
63,29,3,3
13,50,3,3
70,50,3,3
68,85,3,3
38,37,3,3
3,62,3,3
3,35,3,3
3,8,3,3
3,113,3,3
3,51,3,3
3,52,3,3
3,18,3,3
3,41,3,3
3,20,3,3
38,36,3,3
52,3,3,3
35,3,3,3
69,68,3,3
69,59,3,3
76,75,3,3
59,2,3,3
59,94,3,3
50,76,3,3
50,69,3,3
59,69,3,3
84,69,3,3
84,80,3,3
84,7,3,3
84,44,3,3
76,50,3,3
68,85,3,3
73,12,3,3
86,69,3,3
2,33,3,3
2,83,3,3
20,3,3,3
86,53,3,3
50,52,3,3
52,50,3,3
54,56,3,3
56,54,3,3
75,50,3,3
68,85,3,3
84,86,3,3
29,83,3,3
94,95,3,3
94,79,3,3
94,20,3,3
94,58,3,3
94,29,3,3
94,112,3,3
63,64,3,3
84,69,3,3
68,85,3,3
58,54,3,3
58,33,3,3
58,29,3,3
58,23,3,3
58,106,3,3
58,83,3,3
58,4,3,3
23,58,3,3
65,44,3,3
50,75,3,3
75,50,3,3
106,58,3,3
38,36,3,3
38,37,3,3
79,104,3,3
69,86,3,3
69,13,3,3
69,27,3,3
69,3,3,3
79,123,3,3
86,50,3,3
104,79,3,3
123,79,3,3
86,69,3,3
36,38,3,3
29,58,3,3
3,13,3,3
3,8,3,3
3,41,3,3
8,3,3,3
50,41,3,3
50,86,3,3
8,3,3,3
68,85,3,3
8,3,3,3
8,3,3,3
86,40,3,3
86,75,3,3
50,75,3,3
86,50,3,3
45,11,3,3
50,75,3,3
59,9,3,3
59,14,3,3
38,22,3,3
38,63,3,3
99,37,3,3
48,99,3,3
48,85,3,3
85,48,3,3
99,48,3,3
9,67,3,3
9,66,3,3
13,3,3,3
96,15,3,3
96,61,3,3
96,12,3,3
18,3,3,3
35,20,3,3
26,45,3,3
54,58,3,3
33,83,3,3
83,33,3,3
20,35,3,3
13,50,3,3
29,23,3,3
29,46,3,3
29,34,3,3
23,29,3,3
34,29,3,3
33,58,3,3
33,2,3,3
23,46,3,3
23,34,3,3
23,29,3,3
44,65,3,3
75,50,3,3
75,50,3,3
61,96,3,3
44,9,3,3
31,25,3,3
57,88,3,3
34,23,3,3
29,23,3,3
71,12,3,3
71,12,3,3
1,38,3,3
113,3,3,3
113,3,3,3
71,15,3,3
3,13,3,3
3,68,3,3
3,66,3,3
3,67,3,3
3,8,3,3
3,35,3,3
3,4,3,3
3,85,3,3
3,69,3,3
3,17,3,3
3,113,3,3
66,3,3,3
83,2,3,3
66,9,3,3
15,96,3,3
94,59,3,3
94,69,3,3
83,29,3,3
83,58,3,3
12,96,3,3
35,3,3,3
13,3,3,3
3,35,3,3
3,52,3,3
3,18,3,3
3,50,3,3
3,53,3,3
3,13,3,3
3,66,3,3
3,8,3,3
3,51,3,3
3,41,3,3
3,20,3,3
3,4,3,3
35,3,3,3
29,22,3,3
94,109,3,3
94,89,3,3
29,80,3,3
13,3,3,3
29,23,3,3
29,42,3,3
29,81,3,3
29,30,3,3
40,86,3,3
23,29,3,3
26,66,3,3
20,3,3,3
4,58,3,3
46,29,3,3
52,3,3,3
8,3,3,3
18,3,3,3
8,3,3,3
17,3,3,3
47,48,3,3
4,3,3,3
4,3,3,3
56,71,3,3
71,56,3,3
30,29,3,3
38,1,3,3
46,23,3,3
38,1,3,3
71,5,3,3
18,55,3,3
18,107,3,3
18,108,3,3
18,110,3,3
18,57,3,3
18,109,3,3
18,99,3,3
18,111,3,3
18,19,3,3
80,29,3,3
5,71,3,3
59,67,3,3
47,30,3,3
47,13,3,3
94,14,3,3
94,9,3,3
94,65,3,3
94,92,3,3
88,57,3,3
83,9,3,3
83,38,3,3
83,79,3,3
68,3,3,3
71,5,3,3
10,7,3,3
38,36,3,3
7,10,3,3
67,3,3,3
76,27,3,3
67,66,3,3
14,90,3,3
67,9,3,3
17,15,3,3
17,56,3,3
17,54,3,3
88,57,3,3
79,83,3,3
38,36,3,3
56,17,3,3
79,44,3,3
56,88,3,3
50,86,3,3
50,69,3,3
50,13,3,3
50,40,3,3
50,41,3,3
83,24,3,3
83,26,3,3
44,79,3,3
88,15,3,3
88,56,3,3
47,68,3,3
24,83,3,3
57,18,3,3
20,8,3,3
55,18,3,3
69,76,3,3
76,69,3,3
69,50,3,3
8,20,3,3
15,88,3,3
88,15,3,3
86,50,3,3
26,83,3,3
71,5,3,3
71,56,3,3
45,37,3,3
41,50,3,3
41,3,3,3
41,50,3,3
41,3,3,3
84,50,3,3
1,50,3,3
1,38,3,3
21,86,3,3
86,50,3,3
86,69,3,3
86,40,3,3
86,41,3,3
86,13,3,3
86,40,3,3
86,21,3,3
7,1,3,3
52,103,3,3
50,1,3,3
50,38,3,3
42,29,3,3
42,29,3,3
64,9,3,3
13,50,3,3
32,15,3,3
32,83,3,3
32,26,3,3
80,115,3,3
115,80,3,3
15,32,3,3
29,42,3,3
50,76,3,3
76,50,3,3
26,32,3,3
54,17,3,3
103,52,3,3
121,106,3,3
50,84,3,3
92,65,3,3
92,9,3,3
92,116,3,3
84,50,3,3
92,65,3,3
92,9,3,3
92,116,3,3
15,17,3,3
74,4,3,3
76,85,3,3
63,98,3,3
48,68,3,3
68,48,3,3
76,50,3,3
75,50,3,3
69,53,3,3
68,85,3,3
75,50,3,3
13,3,3,3
3,13,3,3
13,3,3,3
94,9,3,3
94,65,3,3
94,92,3,3
98,63,3,3
3,69,3,3
3,13,3,3
76,53,3,3
69,3,3,3
66,77,3,3
76,69,3,3
76,69,3,3
45,38,3,3
76,69,3,3
69,3,3,3
1,50,3,3
76,69,3,3
53,3,3,3
3,69,3,3
69,3,3,3
51,3,3,3
7,104,3,3
51,3,3,3
69,27,3,3
69,76,3,3
51,3,3,3
51,3,3,3
75,50,3,3
1,7,3,3
83,32,3,3
7,1,3,3
77,66,3,3
1,38,3,3
85,3,3,3
6,106,3,3
92,14,3,3
90,14,3,3
14,65,3,3
65,14,3,3
13,69,3,3
13,68,3,3
15,113,3,3
113,15,3,3
32,37,3,3
4,74,3,3
14,84,3,3
84,14,3,3
84,14,3,3
50,76,3,3
76,50,3,3
14,84,3,3
84,14,3,3
50,76,3,3
32,26,3,3
26,32,3,3
56,15,3,3
56,61,3,3
56,96,3,3
61,56,3,3
18,20,3,3
4,106,3,3
53,35,3,3
38,36,3,3
38,37,3,3
53,71,3,3
94,65,3,3
94,14,3,3
94,92,3,3
94,9,3,3
96,56,3,3
28,8,3,3
37,45,3,3
37,36,3,3
37,36,3,3
37,38,3,3
36,45,3,3
45,36,3,3
38,37,3,3
117,14,3,3
42,64,3,3
14,117,3,3
53,70,3,3
18,55,3,3
18,107,3,3
18,108,3,3
18,57,3,3
18,110,3,3
18,109,3,3
18,111,3,3
18,99,3,3
18,19,3,3
59,67,3,3
32,26,3,3
66,67,3,3
66,3,3,3
53,76,3,3
53,50,3,3
66,3,3,3
53,86,3,3
3,66,3,3
50,75,3,3
22,38,3,3
75,50,3,3
55,18,3,3
47,50,3,3
64,66,3,3
99,18,3,3
50,52,3,3
52,50,3,3
67,66,3,3
59,67,3,3
47,40,3,3
47,13,3,3
47,75,3,3
75,47,3,3
50,52,3,3
68,13,3,3
52,50,3,3
52,103,3,3
53,70,3,3
67,66,3,3
19,18,3,3
19,18,3,3
15,56,3,3
8,28,3,3
32,66,3,3
1,38,3,3
50,75,3,3
92,65,3,3
92,9,3,3
92,116,3,3
47,50,3,3
92,65,3,3
92,9,3,3
92,116,3,3
38,36,3,3
38,37,3,3
38,1,3,3
38,37,3,3
38,36,3,3
38,149,3,3
38,149,3,3
38,37,3,3
38,36,3,3
59,67,3,3
59,72,3,3
76,50,3,3
86,19,3,3
86,19,3,3
50,75,3,3
86,69,3,3
47,48,3,3
108,45,3,3
108,18,3,3
108,18,3,3
108,18,3,3
57,79,3,3
57,18,3,3
20,18,3,3
13,47,3,3
107,18,3,3
40,47,3,3
40,13,3,3
40,75,3,3
96,15,3,3
96,61,3,3
96,12,3,3
13,40,3,3
35,53,3,3
57,18,3,3
94,65,3,3
94,14,3,3
94,92,3,3
94,9,3,3
75,50,3,3
95,22,3,3
95,98,3,3
95,94,3,3
27,69,3,3
27,81,3,3
61,96,3,3
15,96,3,3
18,57,3,3
27,66,3,3
27,62,3,3
27,39,3,3
27,13,3,3
27,15,3,3
27,3,3,3
27,26,3,3
13,27,3,3
3,27,3,3
3,18,3,3
3,13,3,3
3,8,3,3
3,35,3,3
3,51,3,3
3,52,3,3
3,50,3,3
3,53,3,3
3,4,3,3
38,22,3,3
38,36,3,3
13,3,3,3
39,29,3,3
9,65,3,3
9,92,3,3
92,9,3,3
9,44,3,3
39,27,3,3
9,83,3,3
65,94,3,3
12,96,3,3
3,13,3,3
3,66,3,3
3,67,3,3
3,8,3,3
3,35,3,3
3,4,3,3
3,68,3,3
3,85,3,3
3,69,3,3
3,17,3,3
13,3,3,3
17,3,3,3
13,15,3,3
13,3,3,3
3,13,3,3
9,64,3,3
115,67,3,3
15,27,3,3
15,13,3,3
10,7,3,3
10,21,3,3
10,87,3,3
10,75,3,3
10,94,3,3
7,10,3,3
10,2,3,3
35,3,3,3
10,45,3,3
10,14,3,3
2,10,3,3
45,10,3,3
8,3,3,3
8,3,3,3
29,39,3,3
14,10,3,3
103,52,3,3
75,50,3,3
9,14,3,3
9,65,3,3
9,17,3,3
9,92,3,3
52,3,3,3
65,9,3,3
35,3,3,3
14,9,3,3
92,9,3,3
26,27,3,3
65,9,3,3
94,65,3,3
9,66,3,3
94,95,3,3
17,9,3,3
65,92,3,3
94,10,3,3
4,3,3,3
4,3,3,3
66,3,3,3
66,9,3,3
38,36,3,3
3,66,3,3
66,3,3,3
38,59,3,3
38,18,3,3
38,103,3,3
38,84,3,3
38,64,3,3
38,77,3,3
38,106,3,3
38,46,3,3
38,35,3,3
38,107,3,3
38,115,3,3
38,70,3,3
38,97,3,3
38,87,3,3
38,27,3,3
38,119,3,3
38,123,3,3
38,43,3,3
38,47,3,3
38,76,3,3
38,13,3,3
38,15,3,3
38,131,3,3
38,3,3,3
38,61,3,3
38,93,3,3
38,30,3,3
38,25,3,3
38,85,3,3
38,53,3,3
38,44,3,3
38,124,3,3
38,22,3,3
38,102,3,3
38,52,3,3
38,81,3,3
38,98,3,3
38,56,3,3
38,50,3,3
38,39,3,3
38,32,3,3
38,58,3,3
38,57,3,3
38,69,3,3
38,66,3,3
38,48,3,3
38,68,3,3
38,2,3,3
38,75,3,3
38,126,3,3
38,83,3,3
38,127,3,3
38,71,3,3
38,96,3,3
38,42,3,3
38,36,3,3
38,37,3,3
38,9,3,3
38,92,3,3
38,8,3,3
38,128,3,3
38,108,3,3
38,24,3,3
38,95,3,3
38,110,3,3
38,49,3,3
38,41,3,3
38,14,3,3
38,67,3,3
38,10,3,3
38,31,3,3
38,118,3,3
38,129,3,3
38,73,3,3
38,100,3,3
38,130,3,3
38,109,3,3
38,88,3,3
38,116,3,3
38,28,3,3
38,99,3,3
38,55,3,3
38,12,3,3
38,20,3,3
38,26,3,3
38,33,3,3
38,7,3,3
38,34,3,3
38,82,3,3
38,62,3,3
38,104,3,3
38,149,3,3
38,89,3,3
38,5,3,3
38,17,3,3
38,4,3,3
38,51,3,3
38,11,3,3
38,132,3,3
38,29,3,3
38,78,3,3
38,133,3,3
38,111,3,3
38,45,3,3
38,79,3,3
38,16,3,3
38,63,3,3
38,120,3,3
38,54,3,3
38,40,3,3
38,65,3,3
38,134,3,3
38,86,3,3
38,60,3,3
38,6,3,3
38,121,3,3
38,91,3,3
38,117,3,3
38,74,3,3
38,80,3,3
38,112,3,3
38,21,3,3
38,135,3,3
38,23,3,3
38,136,3,3
38,19,3,3
38,90,3,3
38,113,3,3
38,114,3,3
38,105,3,3
38,101,3,3
38,122,3,3
38,94,3,3
47,40,3,3
68,3,3,3
45,63,3,3
42,22,3,3
45,60,3,3
9,72,3,3
9,42,3,3
9,68,3,3
9,69,3,3
9,56,3,3
9,90,3,3
9,71,3,3
9,77,3,3
9,32,3,3
9,64,3,3
9,67,3,3
9,66,3,3
36,38,3,3
36,37,3,3
56,9,3,3
18,3,3,3
68,9,3,3
42,9,3,3
17,15,3,3
17,56,3,3
17,54,3,3
56,17,3,3
56,88,3,3
88,56,3,3
8,3,3,3
14,13,3,3
13,14,3,3
3,8,3,3
43,42,3,3
13,14,3,3
14,13,3,3
13,14,3,3
14,13,3,3
66,9,3,3
9,117,3,3
3,113,3,3
3,62,3,3
3,8,3,3
113,3,3,3
51,3,3,3
113,3,3,3
8,3,3,3
59,9,3,3
59,14,3,3
59,67,3,3
3,113,3,3
75,40,3,3
75,10,3,3
98,95,3,3
32,9,3,3
75,70,3,3
75,10,3,3
9,15,3,3
15,9,3,3
64,9,3,3
15,17,3,3
50,27,3,3
50,3,3,3
84,56,3,3
50,3,3,3
81,56,3,3
81,15,3,3
81,27,3,3
56,81,3,3
27,50,3,3
70,1,3,3
70,75,3,3
17,15,3,3
1,70,3,3
27,81,3,3
1,70,3,3
67,66,3,3
67,3,3,3
14,13,3,3
67,115,3,3
1,9,3,3
67,9,3,3
70,1,3,3
13,14,3,3
9,1,3,3
69,14,3,3
76,27,3,3
76,90,3,3
74,4,3,3
90,9,3,3
54,17,3,3
54,15,3,3
54,17,3,3
92,65,3,3
92,9,3,3
92,116,3,3
77,9,3,3
4,74,3,3
20,63,3,3
20,3,3,3
45,10,3,3
45,7,3,3
45,21,3,3
62,63,3,3
21,45,3,3
42,64,3,3
32,77,3,3
10,75,3,3
10,45,3,3
42,64,3,3
17,54,3,3
42,43,3,3
77,32,3,3
10,104,3,3
21,75,3,3
75,21,3,3
64,66,3,3
10,21,3,3
10,112,3,3
10,1,3,3
10,87,3,3
10,27,3,3
10,123,3,3
10,22,3,3
10,42,3,3
10,73,3,3
10,5,3,3
10,79,3,3
10,68,3,3
10,63,3,3
10,2,3,3
10,65,3,3
10,94,3,3
10,105,3,3
65,10,3,3
21,10,3,3
7,45,3,3
68,10,3,3
1,10,3,3
27,10,3,3
2,10,3,3
112,10,3,3
15,17,3,3
104,10,3,3
123,10,3,3
17,15,3,3
21,88,3,3
32,14,3,3
32,9,3,3
42,10,3,3
42,64,3,3
88,21,3,3
63,10,3,3
87,10,3,3
24,51,3,3
87,10,3,3
68,14,3,3
14,112,3,3
71,9,3,3
112,14,3,3
77,26,3,3
1,9,3,3
76,81,3,3
57,88,3,3
26,24,3,3
65,112,3,3
112,65,3,3
64,42,3,3
88,57,3,3
79,10,3,3
92,65,3,3
92,9,3,3
92,116,3,3
92,65,3,3
92,9,3,3
92,116,3,3
9,71,3,3
9,1,3,3
71,9,3,3
85,48,3,3
73,10,3,3
85,3,3,3
4,106,3,3
32,26,3,3
48,85,3,3
48,47,3,3
48,47,3,3
21,88,3,3
88,21,3,3
15,81,3,3
17,9,3,3
15,17,3,3
15,54,3,3
94,9,3,3
94,65,3,3
94,14,3,3
94,92,3,3
94,10,3,3
110,18,3,3
105,10,3,3
14,80,3,3
1,38,3,3
1,9,3,3
77,32,3,3
121,106,3,3
32,26,3,3
65,92,3,3
53,50,3,3
60,45,3,3
53,35,3,3
53,3,3,3
56,69,3,3
84,53,3,3
75,88,3,3
3,20,3,3
3,50,3,3
3,50,3,3
53,50,3,3
75,88,3,3
76,50,3,3
5,10,3,3
39,29,3,3
69,94,3,3
69,59,3,3
27,81,3,3
27,102,3,3
27,101,3,3
27,93,3,3
29,39,3,3
69,84,3,3
69,86,3,3
69,76,3,3
69,89,3,3
101,27,3,3
69,86,3,3
50,76,3,3
103,105,3,3
76,50,3,3
39,113,3,3
39,62,3,3
15,9,3,3
103,105,3,3
68,85,3,3
76,13,3,3
105,103,3,3
105,103,3,3
83,66,3,3
113,39,3,3
24,45,3,3
84,13,3,3
84,75,3,3
92,65,3,3
92,9,3,3
92,116,3,3
45,24,3,3
92,65,3,3
92,9,3,3
92,116,3,3
88,75,3,3
88,75,3,3
85,48,3,3
59,67,3,3
59,72,3,3
19,57,3,3
68,69,3,3
45,77,3,3
3,8,3,3
3,41,3,3
3,66,3,3
3,20,3,3
3,35,3,3
59,67,3,3
59,72,3,3
86,50,3,3
8,3,3,3
32,14,3,3
32,26,3,3
50,86,3,3
86,50,3,3
66,83,3,3
66,83,3,3
59,67,3,3
59,72,3,3
66,3,3,3
9,17,3,3
9,1,3,3
9,15,3,3
3,50,3,3
50,35,3,3
50,8,3,3
50,18,3,3
50,51,3,3
50,53,3,3
69,86,3,3
86,53,3,3
47,81,3,3
47,27,3,3
69,67,3,3
69,9,3,3
69,3,3,3
69,15,3,3
69,68,3,3
69,56,3,3
69,65,3,3
68,69,3,3
15,71,3,3
80,68,3,3
57,19,3,3
13,40,3,3
13,40,3,3
101,27,3,3
35,50,3,3
13,65,3,3
13,3,3,3
13,8,3,3
13,40,3,3
35,3,3,3
27,101,3,3
27,47,3,3
96,15,3,3
96,61,3,3
96,12,3,3
31,25,3,3
61,96,3,3
83,66,3,3
4,65,3,3
8,13,3,3
8,50,3,3
94,59,3,3
94,69,3,3
94,79,3,3
94,123,3,3
71,15,3,3
13,3,3,3
27,81,3,3
27,93,3,3
27,101,3,3
27,102,3,3
3,13,3,3
3,4,3,3
3,8,3,3
3,35,3,3
3,13,3,3
13,3,3,3
4,3,3,3
27,81,3,3
27,101,3,3
27,93,3,3
27,102,3,3
101,27,3,3
101,27,3,3
42,43,3,3
27,81,3,3
27,101,3,3
101,27,3,3
18,50,3,3
27,84,3,3
112,44,3,3
15,96,3,3
13,74,3,3
13,73,3,3
13,72,3,3
72,13,3,3
35,3,3,3
13,3,3,3
13,40,3,3
4,3,3,3
8,3,3,3
12,96,3,3
12,15,3,3
3,66,3,3
3,67,3,3
3,8,3,3
3,35,3,3
3,13,3,3
3,4,3,3
3,68,3,3
3,69,3,3
3,85,3,3
3,17,3,3
3,4,3,3
8,3,3,3
3,13,3,3
13,3,3,3
17,3,3,3
12,71,3,3
12,72,3,3
12,73,3,3
12,15,3,3
13,3,3,3
15,12,3,3
71,15,3,3
71,73,3,3
71,5,3,3
66,3,3,3
15,12,3,3
15,12,3,3
12,15,3,3
22,38,3,3
33,42,3,3
38,22,3,3
67,3,3,3
71,12,3,3
59,14,3,3
66,26,3,3
74,13,3,3
73,13,3,3
88,57,3,3
88,93,3,3
4,71,3,3
4,3,3,3
71,4,3,3
59,44,3,3
73,12,3,3
68,3,3,3
68,80,3,3
44,112,3,3
26,66,3,3
26,45,3,3
44,42,3,3
42,33,3,3
71,15,3,3
71,12,3,3
71,5,3,3
44,42,3,3
115,67,3,3
76,53,3,3
17,56,3,3
17,15,3,3
17,54,3,3
59,44,3,3
6,106,3,3
45,24,3,3
76,13,3,3
76,75,3,3
86,50,3,3
54,17,3,3
94,65,3,3
94,14,3,3
94,92,3,3
94,9,3,3
65,13,3,3
81,47,3,3
47,81,3,3
75,50,3,3
50,86,3,3
48,53,3,3
48,85,3,3
65,94,3,3
76,50,3,3
21,10,3,3
21,10,3,3
43,42,3,3
27,62,3,3
56,17,3,3
56,88,3,3
35,3,3,3
50,76,3,3
56,15,3,3
76,50,3,3
88,56,3,3
24,45,3,3
21,75,3,3
24,26,3,3
86,50,3,3
42,44,3,3
68,48,3,3
44,42,3,3
75,21,3,3
90,68,3,3
68,90,3,3
94,65,3,3
68,69,3,3
68,69,3,3
26,24,3,3
90,69,3,3
86,27,3,3
26,80,3,3
26,24,3,3
105,103,3,3
4,117,3,3
21,84,3,3
104,9,3,3
104,26,3,3
104,30,3,3
84,21,3,3
103,105,3,3
9,104,3,3
84,69,3,3
77,45,3,3
77,45,3,3
27,47,3,3
27,81,3,3
47,27,3,3
26,104,3,3
30,104,3,3
77,66,3,3
74,4,3,3
77,26,3,3
77,24,3,3
43,81,3,3
6,7,3,3
6,1,3,3
77,26,3,3
77,9,3,3
77,14,3,3
77,66,3,3
77,24,3,3
77,32,3,3
68,47,3,3
50,75,3,3
4,74,3,3
34,24,3,3
90,56,3,3
56,90,3,3
24,34,3,3
47,81,3,3
47,27,3,3
4,106,3,3
81,47,3,3
76,13,3,3
84,53,3,3
75,50,3,3
84,53,3,3
84,50,3,3
69,63,3,3
117,71,3,3
76,53,3,3
66,67,3,3
71,117,3,3
41,3,3,3
65,59,3,3
66,67,3,3
9,66,3,3
9,67,3,3
66,9,3,3
50,84,3,3
50,75,3,3
41,3,3,3
84,50,3,3
76,13,3,3
41,3,3,3
69,13,3,3
69,68,3,3
71,9,3,3
71,72,3,3
72,71,3,3
67,9,3,3
85,3,3,3
15,17,3,3
67,66,3,3
84,50,3,3
92,65,3,3
92,9,3,3
92,116,3,3
92,65,3,3
92,9,3,3
92,116,3,3
15,56,3,3
92,65,3,3
92,9,3,3
92,116,3,3
67,66,3,3
42,9,3,3
42,14,3,3
47,18,3,3
47,55,3,3
90,56,3,3
56,90,3,3
50,47,3,3
71,5,3,3
53,50,3,3
59,9,3,3
59,14,3,3
53,84,3,3
7,44,3,3
76,50,3,3
59,67,3,3
66,67,3,3
53,86,3,3
50,76,3,3
76,50,3,3
53,76,3,3
53,48,3,3
67,66,3,3
53,50,3,3
53,84,3,3
53,76,3,3
45,63,3,3
75,50,3,3
84,50,3,3
50,84,3,3
84,50,3,3
55,47,3,3
47,50,3,3
15,117,3,3
74,4,3,3
81,27,3,3
85,48,3,3
48,85,3,3
5,56,3,3
27,81,3,3
27,47,3,3
59,65,3,3
56,5,3,3
56,90,3,3
86,53,3,3
90,56,3,3
50,3,3,3
39,50,3,3
39,3,3,3
18,47,3,3
9,66,3,3
9,67,3,3
50,8,3,3
50,3,3,3
50,3,3,3
50,35,3,3
35,50,3,3
47,48,3,3
48,47,3,3
56,90,3,3
48,85,3,3
7,80,3,3
85,48,3,3
8,50,3,3
90,56,3,3
86,50,3,3
67,9,3,3
67,9,3,3
67,66,3,3
67,115,3,3
83,63,3,3
68,90,3,3
4,74,3,3
66,9,3,3
3,50,3,3
50,3,3,3
50,27,3,3
3,39,3,3
92,65,3,3
92,9,3,3
92,116,3,3
92,65,3,3
92,9,3,3
92,116,3,3
84,69,3,3
2,94,3,3
94,2,3,3
3,50,3,3
3,50,3,3
3,50,3,3
50,86,3,3
86,50,3,3
92,65,3,3
92,9,3,3
92,116,3,3
92,65,3,3
92,9,3,3
92,116,3,3
92,65,3,3
92,9,3,3
92,116,3,3
92,65,3,3
92,9,3,3
92,116,3,3
54,15,3,3
117,9,3,3
15,54,3,3
90,9,3,3
84,19,3,3
25,31,4,4
25,31,4,4
25,31,4,4
13,76,4,4
20,3,4,4
31,25,4,4
96,15,4,4
96,12,4,4
96,61,4,4
25,27,4,4
25,26,4,4
13,14,4,4
14,13,4,4
27,25,4,4
27,50,4,4
25,27,4,4
25,26,4,4
14,13,4,4
27,25,4,4
13,14,4,4
13,14,4,4
14,13,4,4
26,25,4,4
61,96,4,4
94,65,4,4
94,14,4,4
94,92,4,4
94,9,4,4
13,3,4,4
13,35,4,4
13,4,4,4
13,17,4,4
13,14,4,4
14,13,4,4
14,13,4,4
13,14,4,4
13,40,4,4
71,15,4,4
71,72,4,4
71,5,4,4
63,45,4,4
66,27,4,4
63,83,4,4
3,66,4,4
3,13,4,4
3,4,4,4
3,85,4,4
3,67,4,4
3,8,4,4
3,35,4,4
3,68,4,4
3,69,4,4
3,17,4,4
13,3,4,4
39,113,4,4
39,62,4,4
113,39,4,4
113,39,4,4
13,3,4,4
4,53,4,4
39,113,4,4
17,3,4,4
4,13,4,4
4,3,4,4
8,3,4,4
13,4,4,4
13,14,4,4
63,45,4,4
63,20,4,4
65,94,4,4
63,62,4,4
13,4,4,4
35,3,4,4
4,13,4,4
94,65,4,4
15,96,4,4
148,84,4,4
146,59,4,4
147,146,4,4
146,59,4,4
145,68,4,4
144,38,4,4
67,3,4,4
66,3,4,4
32,27,4,4
32,25,4,4
32,31,4,4
17,56,4,4
17,15,4,4
17,54,4,4
15,17,4,4
68,3,4,4
76,88,4,4
56,17,4,4
68,47,4,4
15,66,4,4
3,66,4,4
38,36,4,4
66,15,4,4
66,3,4,4
68,13,4,4
76,75,4,4
76,13,4,4
62,3,4,4
76,13,4,4
56,88,4,4
3,62,4,4
88,56,4,4
44,112,4,4
13,68,4,4
32,24,4,4
32,26,4,4
68,13,4,4
24,32,4,4
56,15,4,4
56,54,4,4
71,72,4,4
44,80,4,4
54,56,4,4
21,10,4,4
32,24,4,4
32,26,4,4
9,59,4,4
51,24,4,4
51,50,4,4
59,9,4,4
103,105,4,4
103,24,4,4
18,3,4,4
32,24,4,4
32,26,4,4
32,66,4,4
58,106,4,4
58,33,4,4
58,54,4,4
58,73,4,4
58,29,4,4
58,95,4,4
58,118,4,4
58,83,4,4
106,58,4,4
47,68,4,4
141,104,4,4
106,58,4,4
106,6,4,4
106,130,4,4
106,4,4,4
142,86,4,4
58,106,4,4
22,37,4,4
22,36,4,4
22,149,4,4
68,47,4,4
68,47,4,4
29,58,4,4
149,22,4,4
112,24,4,4
24,112,4,4
75,47,4,4
4,106,4,4
54,58,4,4
50,86,4,4
54,17,4,4
105,103,4,4
6,106,4,4
24,45,4,4
65,64,4,4
65,9,4,4
64,65,4,4
95,58,4,4
95,58,4,4
95,42,4,4
95,20,4,4
95,104,4,4
95,79,4,4
95,94,4,4
95,87,4,4
95,123,4,4
95,43,4,4
95,93,4,4
95,22,4,4
95,98,4,4
95,89,4,4
47,75,4,4
69,86,4,4
89,95,4,4
123,95,4,4
142,86,4,4
89,95,4,4
89,88,4,4
89,69,4,4
89,75,4,4
89,84,4,4
89,56,4,4
89,76,4,4
84,89,4,4
56,89,4,4
76,89,4,4
98,95,4,4
83,58,4,4
69,76,4,4
75,89,4,4
88,89,4,4
73,58,4,4
24,103,4,4
145,68,4,4
10,21,4,4
146,59,4,4
147,146,4,4
146,59,4,4
10,21,4,4
98,95,4,4
98,33,4,4
98,63,4,4
98,46,4,4
98,115,4,4
98,93,4,4
98,45,4,4
98,6,4,4
86,50,4,4
69,84,4,4
101,84,4,4
47,68,4,4
38,37,4,4
38,149,4,4
38,36,4,4
143,80,4,4
68,47,4,4
9,65,4,4
9,117,4,4
90,84,4,4
84,90,4,4
144,38,4,4
79,95,4,4
143,80,4,4
45,98,4,4
3,18,4,4
84,101,4,4
45,24,4,4
140,122,4,4
56,5,4,4
56,71,4,4
146,59,4,4
148,84,4,4
147,146,4,4
146,59,4,4
3,35,4,4
3,18,4,4
3,13,4,4
3,8,4,4
3,51,4,4
3,52,4,4
3,50,4,4
3,20,4,4
94,95,4,4
52,3,4,4
94,20,4,4
94,58,4,4
94,29,4,4
94,18,4,4
94,56,4,4
94,112,4,4
94,6,4,4
94,2,4,4
94,98,4,4
94,95,4,4
94,133,4,4
94,10,4,4
77,66,4,4
13,3,4,4
15,56,4,4
15,54,4,4
104,123,4,4
29,94,4,4
29,22,4,4
29,56,4,4
29,75,4,4
29,58,4,4
29,52,4,4
29,100,4,4
47,68,4,4
104,95,4,4
20,3,4,4
20,95,4,4
68,47,4,4
52,29,4,4
29,42,4,4
20,3,4,4
20,149,4,4
20,37,4,4
20,36,4,4
29,80,4,4
6,98,4,4
39,66,4,4
69,76,4,4
6,22,4,4
6,98,4,4
6,20,4,4
6,106,4,4
6,43,4,4
6,94,4,4
6,101,4,4
6,10,4,4
6,40,4,4
6,7,4,4
94,29,4,4
94,6,4,4
98,6,4,4
101,6,4,4
84,101,4,4
20,6,4,4
68,48,4,4
80,29,4,4
26,32,4,4
95,98,4,4
95,89,4,4
149,20,4,4
101,82,4,4
101,19,4,4
101,93,4,4
101,57,4,4
101,50,4,4
101,109,4,4
95,65,4,4
95,65,4,4
45,24,4,4
90,38,4,4
57,101,4,4
18,3,4,4
57,101,4,4
75,76,4,4
75,19,4,4
47,68,4,4
143,80,4,4
101,57,4,4
38,63,4,4
74,4,4,4
46,98,4,4
10,6,4,4
4,74,4,4
3,83,4,4
19,75,4,4
3,20,4,4
32,15,4,4
15,32,4,4
59,67,4,4
87,95,4,4
82,101,4,4
15,32,4,4
15,3,4,4
3,15,4,4
69,68,4,4
32,15,4,4
6,106,4,4
38,90,4,4
71,56,4,4
71,56,4,4
82,49,4,4
82,40,4,4
82,86,4,4
82,21,4,4
82,101,4,4
71,73,4,4
86,82,4,4
101,82,4,4
17,3,4,4
150,36,4,4
3,51,4,4
3,17,4,4
42,29,4,4
42,95,4,4
64,67,4,4
64,66,4,4
80,115,4,4
68,47,4,4
27,86,4,4
69,84,4,4
24,45,4,4
86,27,4,4
14,13,4,4
4,106,4,4
84,75,4,4
84,13,4,4
84,50,4,4
49,82,4,4
3,51,4,4
3,50,4,4
3,13,4,4
3,8,4,4
3,35,4,4
3,52,4,4
3,18,4,4
3,53,4,4
3,20,4,4
32,26,4,4
84,50,4,4
24,112,4,4
13,40,4,4
13,14,4,4
45,24,4,4
45,26,4,4
45,9,4,4
112,24,4,4
13,14,4,4
13,3,4,4
26,45,4,4
14,13,4,4
14,13,4,4
13,14,4,4
26,32,4,4
71,72,4,4
14,13,4,4
10,6,4,4
13,14,4,4
13,14,4,4
115,80,4,4
117,9,4,4
14,13,4,4
9,45,4,4
14,13,4,4
9,117,4,4
13,14,4,4
24,45,4,4
29,63,4,4
20,3,4,4
45,24,4,4
24,45,4,4
54,15,4,4
115,98,4,4
115,67,4,4
115,90,4,4
52,50,4,4
52,3,4,4
54,1,4,4
54,15,4,4
1,54,4,4
76,19,4,4
85,3,4,4
58,29,4,4
63,29,4,4
106,6,4,4
24,112,4,4
112,24,4,4
6,10,4,4
53,3,4,4
53,4,4,4
59,67,4,4
63,98,4,4
8,3,4,4
8,3,4,4
71,73,4,4
56,88,4,4
138,47,4,4
139,57,4,4
95,104,4,4
95,104,4,4
104,95,4,4
88,56,4,4
88,89,4,4
56,29,4,4
104,95,4,4
69,68,4,4
69,86,4,4
69,89,4,4
13,14,4,4
83,3,4,4
14,13,4,4
1,54,4,4
1,15,4,4
1,56,4,4
14,13,4,4
18,3,4,4
56,1,4,4
13,35,4,4
13,4,4,4
13,14,4,4
54,1,4,4
18,64,4,4
54,1,4,4
53,86,4,4
48,47,4,4
145,68,4,4
146,59,4,4
148,84,4,4
147,146,4,4
146,59,4,4
28,20,4,4
32,26,4,4
13,35,4,4
13,4,4,4
28,83,4,4
28,54,4,4
28,27,4,4
54,28,4,4
32,27,4,4
15,66,4,4
77,39,4,4
50,84,4,4
15,1,4,4
15,54,4,4
84,50,4,4
35,3,4,4
35,13,4,4
35,13,4,4
4,13,4,4
1,54,4,4
54,56,4,4
54,15,4,4
56,54,4,4
4,13,4,4
54,56,4,4
56,54,4,4
50,76,4,4
86,75,4,4
86,69,4,4
86,84,4,4
86,68,4,4
20,28,4,4
20,35,4,4
20,18,4,4
20,8,4,4
20,53,4,4
20,50,4,4
53,20,4,4
89,88,4,4
88,89,4,4
47,48,4,4
81,47,4,4
21,86,4,4
86,21,4,4
75,48,4,4
76,50,4,4
47,81,4,4
76,69,4,4
81,47,4,4
81,43,4,4
51,3,4,4
67,115,4,4
51,3,4,4
75,29,4,4
80,64,4,4
51,3,4,4
59,72,4,4
64,80,4,4
75,29,4,4
75,70,4,4
75,89,4,4
75,88,4,4
75,21,4,4
70,75,4,4
47,81,4,4
90,115,4,4
29,75,4,4
47,48,4,4
47,85,4,4
47,68,4,4
75,70,4,4
70,75,4,4
75,21,4,4
48,47,4,4
85,47,4,4
89,75,4,4
48,75,4,4
8,20,4,4
76,75,4,4
76,13,4,4
80,14,4,4
81,47,4,4
47,81,4,4
68,47,4,4
22,38,4,4
21,75,4,4
86,75,4,4
86,40,4,4
86,27,4,4
86,93,4,4
86,101,4,4
47,50,4,4
38,36,4,4
38,37,4,4
69,1,4,4
5,56,4,4
50,47,4,4
47,50,4,4
47,50,4,4
50,47,4,4
68,48,4,4
68,47,4,4
86,75,4,4
86,40,4,4
86,27,4,4
86,93,4,4
86,101,4,4
59,68,4,4
59,69,4,4
59,56,4,4
59,64,4,4
47,50,4,4
38,36,4,4
38,37,4,4
38,1,4,4
15,54,4,4
38,22,4,4
15,80,4,4
90,14,4,4
38,63,4,4
85,47,4,4
92,65,4,4
92,9,4,4
92,116,4,4
1,3,4,4
1,8,4,4
1,14,4,4
1,15,4,4
1,4,4,4
1,5,4,4
1,6,4,4
1,7,4,4
1,2,4,4
1,9,4,4
1,10,4,4
1,11,4,4
1,12,4,4
1,13,4,4
1,16,4,4
1,17,4,4
18,20,4,4
18,108,4,4
18,109,4,4
18,107,4,4
18,99,4,4
40,86,4,4
35,20,4,4
35,3,4,4
96,15,4,4
96,61,4,4
96,12,4,4
99,18,4,4
99,18,4,4
31,25,4,4
33,98,4,4
33,58,4,4
61,96,4,4
100,29,4,4
100,115,4,4
100,43,4,4
100,56,4,4
13,17,4,4
13,3,4,4
13,35,4,4
13,4,4,4
100,84,4,4
100,69,4,4
100,42,4,4
100,64,4,4
100,63,4,4
94,14,4,4
94,9,4,4
94,65,4,4
94,92,4,4
19,101,4,4
71,34,4,4
27,32,4,4
27,28,4,4
3,35,4,4
3,8,4,4
3,51,4,4
3,50,4,4
3,52,4,4
3,13,4,4
3,18,4,4
3,20,4,4
35,3,4,4
8,3,4,4
112,44,4,4
115,100,4,4
71,5,4,4
71,56,4,4
15,96,4,4
20,3,4,4
13,3,4,4
59,67,4,4
59,72,4,4
52,3,4,4
112,44,4,4
14,13,4,4
13,14,4,4
13,14,4,4
14,13,4,4
72,71,4,4
72,73,4,4
51,3,4,4
18,3,4,4
15,9,4,4
7,6,4,4
15,33,4,4
49,43,4,4
12,96,4,4
38,22,4,4
12,96,4,4
56,5,4,4
56,100,4,4
65,94,4,4
66,15,4,4
3,66,4,4
3,4,4,4
3,67,4,4
3,8,4,4
3,35,4,4
3,13,4,4
3,68,4,4
3,69,4,4
3,85,4,4
3,17,4,4
66,3,4,4
8,3,4,4
13,3,4,4
33,15,4,4
67,3,4,4
88,75,4,4
35,3,4,4
17,3,4,4
14,45,4,4
45,14,4,4
14,9,4,4
94,65,4,4
101,84,4,4
26,23,4,4
56,5,4,4
45,14,4,4
66,39,4,4
55,47,4,4
55,18,4,4
9,90,4,4
17,56,4,4
17,15,4,4
17,54,4,4
56,17,4,4
54,17,4,4
76,19,4,4
56,88,4,4
88,56,4,4
9,14,4,4
14,45,4,4
63,100,4,4
47,55,4,4
7,14,4,4
9,15,4,4
43,49,4,4
68,48,4,4
68,3,4,4
59,68,4,4
59,69,4,4
59,84,4,4
59,48,4,4
59,76,4,4
59,88,4,4
59,47,4,4
59,56,4,4
59,85,4,4
59,86,4,4
59,89,4,4
59,94,4,4
59,2,4,4
112,80,4,4
80,112,4,4
4,3,4,4
15,17,4,4
112,44,4,4
84,101,4,4
76,53,4,4
86,40,4,4
42,100,4,4
10,7,4,4
10,21,4,4
7,10,4,4
21,10,4,4
38,36,4,4
112,64,4,4
112,27,4,4
76,19,4,4
38,22,4,4
112,39,4,4
12,15,4,4
5,56,4,4
27,112,4,4
5,56,4,4
112,13,4,4
15,12,4,4
89,1,4,4
1,89,4,4
112,77,4,4
1,89,4,4
5,56,4,4
86,84,4,4
86,76,4,4
86,69,4,4
6,106,4,4
56,5,4,4
86,69,4,4
86,84,4,4
86,68,4,4
86,76,4,4
103,105,4,4
11,5,4,4
89,1,4,4
42,63,4,4
42,63,4,4
80,15,4,4
112,15,4,4
39,112,4,4
84,100,4,4
39,77,4,4
83,28,4,4
68,81,4,4
83,61,4,4
2,22,4,4
118,33,4,4
118,37,4,4
118,58,4,4
61,83,4,4
61,96,4,4
84,101,4,4
94,2,4,4
112,3,4,4
77,39,4,4
94,65,4,4
94,14,4,4
94,9,4,4
54,31,4,4
54,15,4,4
3,112,4,4
44,112,4,4
15,54,4,4
15,112,4,4
27,26,4,4
3,51,4,4
3,20,4,4
3,35,4,4
3,8,4,4
92,65,4,4
92,9,4,4
92,116,4,4
22,37,4,4
22,36,4,4
22,149,4,4
8,3,4,4
44,112,4,4
149,22,4,4
96,61,4,4
15,112,4,4
44,112,4,4
13,112,4,4
112,15,4,4
76,75,4,4
26,27,4,4
29,88,4,4
29,56,4,4
29,77,4,4
88,29,4,4
26,60,4,4
121,106,4,4
20,3,4,4
54,15,4,4
65,94,4,4
94,65,4,4
15,54,4,4
112,5,4,4
56,29,4,4
112,62,4,4
103,105,4,4
105,103,4,4
105,103,4,4
77,29,4,4
63,64,4,4
63,42,4,4
76,13,4,4
76,75,4,4
112,26,4,4
77,39,4,4
77,112,4,4
9,67,4,4
9,66,4,4
92,9,4,4
92,65,4,4
92,116,4,4
18,51,4,4
4,106,4,4
54,15,4,4
15,54,4,4
112,24,4,4
18,80,4,4
18,55,4,4
24,112,4,4
43,100,4,4
27,66,4,4
27,3,4,4
27,15,4,4
27,62,4,4
27,31,4,4
27,25,4,4
27,26,4,4
15,27,4,4
27,66,4,4
27,3,4,4
27,15,4,4
27,62,4,4
27,31,4,4
27,25,4,4
27,26,4,4
15,27,4,4
27,66,4,4
27,3,4,4
27,15,4,4
27,62,4,4
27,31,4,4
27,25,4,4
27,26,4,4
3,27,4,4
31,27,4,4
31,27,4,4
3,27,4,4
3,27,4,4
15,27,4,4
74,9,4,4
74,92,4,4
74,65,4,4
74,72,4,4
66,27,4,4
66,27,4,4
26,27,4,4
94,65,4,4
80,26,4,4
80,18,4,4
74,72,4,4
26,27,4,4
80,18,4,4
112,9,4,4
22,38,4,4
47,90,4,4
47,68,4,4
68,47,4,4
80,59,4,4
5,11,4,4
65,94,4,4
3,4,4,4
3,50,4,4
3,8,4,4
3,35,4,4
3,51,4,4
3,52,4,4
3,18,4,4
3,13,4,4
3,53,4,4
3,20,4,4
5,112,4,4
18,83,4,4
18,57,4,4
32,103,4,4
32,52,4,4
18,80,4,4
59,80,4,4
57,18,4,4
56,18,4,4
56,5,4,4
56,55,4,4
32,103,4,4
32,52,4,4
32,52,4,4
32,103,4,4
5,56,4,4
112,59,4,4
18,56,4,4
59,67,4,4
59,72,4,4
18,107,4,4
18,108,4,4
18,110,4,4
18,99,4,4
18,109,4,4
59,112,4,4
77,112,4,4
4,3,4,4
26,80,4,4
15,61,4,4
15,83,4,4
61,15,4,4
80,64,4,4
26,66,4,4
26,27,4,4
53,3,4,4
50,3,4,4
3,35,4,4
3,50,4,4
62,27,4,4
105,103,4,4
4,74,4,4
4,35,4,4
4,3,4,4
4,13,4,4
103,105,4,4
85,3,4,4
8,3,4,4
69,76,4,4
35,3,4,4
90,47,4,4
26,112,4,4
52,3,4,4
13,3,4,4
20,3,4,4
35,3,4,4
18,3,4,4
76,50,4,4
50,76,4,4
76,50,4,4
65,74,4,4
55,56,4,4
103,105,4,4
103,52,4,4
103,24,4,4
103,26,4,4
105,103,4,4
24,103,4,4
52,103,4,4
31,27,4,4
32,66,4,4
66,9,4,4
66,27,4,4
26,103,4,4
47,50,4,4
86,69,4,4
94,65,4,4
26,45,4,4
13,35,4,4
13,41,4,4
13,40,4,4
13,4,4,4
92,65,4,4
92,9,4,4
92,116,4,4
30,29,4,4
30,47,4,4
31,54,4,4
54,15,4,4
51,3,4,4
31,54,4,4
47,30,4,4
50,47,4,4
112,18,4,4
65,94,4,4
67,9,4,4
13,14,4,4
14,13,4,4
14,13,4,4
84,50,4,4
15,54,4,4
29,30,4,4
50,84,4,4
47,50,4,4
84,50,4,4
52,3,4,4
3,52,4,4
53,94,4,4
69,72,4,4
43,42,4,4
43,42,4,4
43,45,4,4
43,79,4,4
43,79,4,4
64,80,4,4
43,81,4,4
68,81,4,4
68,50,4,4
68,47,4,4
3,35,4,4
3,53,4,4
45,43,4,4
47,68,4,4
43,6,4,4
42,43,4,4
43,95,4,4
42,43,4,4
3,52,4,4
104,117,4,4
66,9,4,4
66,67,4,4
107,18,4,4
107,18,4,4
83,18,4,4
86,53,4,4
83,26,4,4
103,105,4,4
83,15,4,4
105,103,4,4
112,59,4,4
59,14,4,4
59,9,4,4
52,3,4,4
59,112,4,4
92,9,4,4
92,65,4,4
92,116,4,4
92,65,4,4
92,9,4,4
92,116,4,4
7,43,4,4
52,3,4,4
79,43,4,4
66,67,4,4
12,15,4,4
9,66,4,4
15,12,4,4
9,67,4,4
9,66,4,4
66,9,4,4
67,66,4,4
67,66,4,4
67,9,4,4
84,59,4,4
84,123,4,4
84,69,4,4
84,94,4,4
66,67,4,4
9,67,4,4
9,66,4,4
66,9,4,4
38,22,4,4
76,69,4,4
54,15,4,4
76,89,4,4
54,15,4,4
68,85,4,4
68,47,4,4
68,48,4,4
68,69,4,4
76,69,4,4
68,85,4,4
76,84,4,4
76,84,4,4
76,84,4,4
76,84,4,4
76,84,4,4
76,75,4,4
54,15,4,4
86,50,4,4
18,112,4,4
13,14,4,4
13,17,4,4
96,15,4,4
96,61,4,4
96,12,4,4
31,25,4,4
35,3,4,4
35,3,4,4
61,96,4,4
26,83,4,4
17,13,4,4
26,45,4,4
15,96,4,4
15,54,4,4
15,54,4,4
11,5,4,4
15,54,4,4
62,112,4,4
92,74,4,4
50,52,4,4
9,112,4,4
123,79,4,4
71,5,4,4
54,15,4,4
54,15,4,4
35,62,4,4
35,3,4,4
35,53,4,4
62,35,4,4
5,11,4,4
71,72,4,4
71,5,4,4
71,15,4,4
79,123,4,4
12,96,4,4
15,54,4,4
59,47,4,4
67,9,4,4
67,44,4,4
67,9,4,4
67,66,4,4
15,54,4,4
3,35,4,4
50,52,4,4
9,14,4,4
9,65,4,4
9,17,4,4
48,68,4,4
17,9,4,4
14,9,4,4
3,67,4,4
3,35,4,4
3,13,4,4
3,17,4,4
3,66,4,4
3,8,4,4
3,4,4,4
3,68,4,4
3,69,4,4
3,85,4,4
35,3,4,4
17,3,4,4
52,50,4,4
52,50,4,4
52,50,4,4
13,3,4,4
14,97,4,4
65,9,4,4
43,79,4,4
38,36,4,4
63,64,4,4
17,15,4,4
17,56,4,4
17,54,4,4
68,48,4,4
68,3,4,4
56,17,4,4
56,88,4,4
88,56,4,4
15,17,4,4
8,3,4,4
4,3,4,4
54,27,4,4
54,15,4,4
54,17,4,4
68,85,4,4
79,43,4,4
66,3,4,4
9,14,4,4
9,17,4,4
9,65,4,4
9,92,4,4
54,15,4,4
54,27,4,4
15,54,4,4
15,54,4,4
54,27,4,4
54,15,4,4
26,24,4,4
26,45,4,4
92,9,4,4
92,65,4,4
65,9,4,4
15,54,4,4
27,54,4,4
27,54,4,4
27,54,4,4
33,5,4,4
36,38,4,4
33,5,4,4
97,14,4,4
94,14,4,4
94,65,4,4
94,9,4,4
65,94,4,4
5,33,4,4
5,33,4,4
36,38,4,4
65,94,4,4
83,66,4,4
9,94,4,4
112,38,4,4
38,36,4,4
88,15,4,4
24,112,4,4
94,65,4,4
38,36,4,4
147,146,4,4
146,59,4,4
3,50,4,4
84,69,4,4
77,9,4,4
24,26,4,4
24,15,4,4
24,83,4,4
15,24,4,4
112,90,4,4
71,73,4,4
24,26,4,4
24,83,4,4
24,15,4,4
84,76,4,4
76,84,4,4
21,72,4,4
90,112,4,4
112,24,4,4
112,62,4,4
15,24,4,4
80,69,4,4
84,68,4,4
84,85,4,4
84,76,4,4
84,86,4,4
69,86,4,4
7,117,4,4
7,18,4,4
47,13,4,4
66,83,4,4
26,45,4,4
66,83,4,4
56,68,4,4
68,56,4,4
26,24,4,4
26,24,4,4
121,106,4,4
13,47,4,4
86,50,4,4
71,72,4,4
71,72,4,4
18,7,4,4
50,13,4,4
71,72,4,4
71,72,4,4
59,69,4,4
2,59,4,4
71,72,4,4
13,112,4,4
92,65,4,4
92,9,4,4
92,116,4,4
13,50,4,4
92,65,4,4
92,9,4,4
92,116,4,4
59,2,4,4
71,72,4,4
112,69,4,4
68,56,4,4
35,20,4,4
35,3,4,4
71,72,4,4
86,69,4,4
86,84,4,4
105,103,4,4
105,52,4,4
103,105,4,4
112,68,4,4
71,72,4,4
52,105,4,4
71,72,4,4
53,3,4,4
20,35,4,4
13,47,4,4
13,50,4,4
53,35,4,4
47,13,4,4
13,20,4,4
69,68,4,4
77,9,4,4
84,101,4,4
84,93,4,4
59,47,4,4
6,106,4,4
68,112,4,4
17,9,4,4
59,14,4,4
68,21,4,4
42,44,4,4
44,42,4,4
85,3,4,4
32,26,4,4
45,63,4,4
101,84,4,4
84,101,4,4
84,101,4,4
13,15,4,4
13,40,4,4
101,84,4,4
84,101,4,4
84,101,4,4
112,44,4,4
20,6,4,4
59,44,4,4
21,90,4,4
149,36,4,4
4,106,4,4
63,45,4,4
35,20,4,4
82,75,4,4
82,70,4,4
44,112,4,4
33,15,4,4
84,69,4,4
149,38,4,4
26,32,4,4
4,69,4,4
4,76,4,4
76,4,4,4
38,149,4,4
38,36,4,4
50,52,4,4
4,84,4,4
15,13,4,4
84,4,4,4
84,4,4,4
3,35,4,4
15,61,4,4
15,12,4,4
4,84,4,4
84,4,4,4
52,50,4,4
45,26,4,4
63,57,4,4
26,45,4,4
84,4,4,4
6,20,4,4
84,76,4,4
12,15,4,4
50,86,4,4
86,50,4,4
52,50,4,4
15,33,4,4
14,13,4,4
90,21,4,4
67,3,4,4
62,27,4,4
51,18,4,4
50,86,4,4
86,50,4,4
13,14,4,4
13,14,4,4
86,50,4,4
66,9,4,4
14,13,4,4
14,13,4,4
13,14,4,4
13,14,4,4
14,13,4,4
14,13,4,4
13,14,4,4
50,86,4,4
75,82,4,4
75,82,4,4
75,63,4,4
75,19,4,4
75,105,4,4
86,50,4,4
105,75,4,4
19,75,4,4
86,19,4,4
92,65,4,4
50,47,4,4
88,57,4,4
88,19,4,4
88,93,4,4
105,103,4,4
105,88,4,4
105,31,4,4
31,105,4,4
88,105,4,4
103,105,4,4
57,101,4,4
47,50,4,4
36,38,4,4
101,57,4,4
56,88,4,4
56,15,4,4
56,96,4,4
56,61,4,4
88,56,4,4
53,86,4,4
51,3,4,4
84,76,4,4
43,7,4,4
70,82,4,4
50,34,4,4
50,41,4,4
27,62,4,4
27,50,4,4
9,65,4,4
9,92,4,4
9,17,4,4
65,9,4,4
59,69,4,4
92,9,4,4
47,27,4,4
47,81,4,4
81,47,4,4
71,84,4,4
22,38,4,4
70,53,4,4
94,65,4,4
65,94,4,4
59,72,4,4
59,67,4,4
106,117,4,4
106,73,4,4
68,56,4,4
96,56,4,4
84,18,4,4
84,19,4,4
84,57,4,4
84,71,4,4
9,66,4,4
45,26,4,4
34,50,4,4
22,1,4,4
72,69,4,4
26,45,4,4
80,84,4,4
84,80,4,4
1,22,4,4
26,25,4,4
9,67,4,4
9,66,4,4
92,65,4,4
92,9,4,4
92,116,4,4
43,42,4,4
54,15,4,4
54,61,4,4
64,91,4,4
64,67,4,4
95,22,4,4
95,58,4,4
95,104,4,4
95,123,4,4
95,43,4,4
95,93,4,4
95,98,4,4
95,73,4,4
95,20,4,4
95,79,4,4
95,65,4,4
95,94,4,4
123,95,4,4
68,69,4,4
139,57,4,4
79,43,4,4
79,95,4,4
42,43,4,4
15,54,4,4
90,72,4,4
90,69,4,4
104,95,4,4
65,95,4,4
15,56,4,4
98,95,4,4
1,22,4,4
81,50,4,4
92,38,4,4
65,9,4,4
27,47,4,4
15,88,4,4
84,76,4,4
27,112,4,4
83,66,4,4
85,47,4,4
47,85,4,4
86,69,4,4
69,86,4,4
38,1,4,4
69,59,4,4
59,123,4,4
69,76,4,4
76,69,4,4
85,48,4,4
38,36,4,4
145,68,5,5
38,22,5,5
20,95,5,5
20,13,5,5
20,35,5,5
73,95,5,5
22,1,5,5
13,14,5,5
14,13,5,5
14,13,5,5
1,22,5,5
13,14,5,5
13,14,5,5
14,13,5,5
112,27,5,5
22,38,5,5
58,95,5,5
112,27,5,5
112,13,5,5
81,43,5,5
81,47,5,5
31,25,5,5
83,24,5,5
83,24,5,5
103,105,5,5
54,15,5,5
105,103,5,5
17,9,5,5
15,54,5,5
3,67,5,5
3,4,5,5
3,69,5,5
3,17,5,5
3,66,5,5
3,8,5,5
3,35,5,5
3,13,5,5
3,68,5,5
3,85,5,5
35,3,5,5
17,3,5,5
8,3,5,5
13,3,5,5
63,75,5,5
79,44,5,5
112,13,5,5
13,112,5,5
13,112,5,5
66,9,5,5
66,3,5,5
9,65,5,5
64,63,5,5
92,9,5,5
94,95,5,5
112,32,5,5
112,13,5,5
96,12,5,5
96,15,5,5
96,61,5,5
13,7,5,5
13,1,5,5
13,35,5,5
61,54,5,5
21,75,5,5
21,43,5,5
21,7,5,5
21,82,5,5
21,10,5,5
21,82,5,5
67,3,5,5
32,112,5,5
59,67,5,5
17,9,5,5
9,17,5,5
67,9,5,5
7,21,5,5
70,53,5,5
47,81,5,5
115,90,5,5
76,53,5,5
76,4,5,5
115,66,5,5
115,67,5,5
88,15,5,5
75,50,5,5
4,3,5,5
61,96,5,5
76,84,5,5
17,15,5,5
17,56,5,5
17,54,5,5
66,115,5,5
15,17,5,5
56,17,5,5
56,88,5,5
88,15,5,5
15,96,5,5
86,50,5,5
88,56,5,5
44,38,5,5
86,19,5,5
83,26,5,5
79,44,5,5
68,3,5,5
59,95,5,5
59,94,5,5
59,104,5,5
95,44,5,5
26,66,5,5
84,76,5,5
59,2,5,5
88,15,5,5
71,26,5,5
94,65,5,5
94,9,5,5
69,76,5,5
69,68,5,5
69,86,5,5
26,31,5,5
26,83,5,5
26,83,5,5
31,71,5,5
38,67,5,5
57,88,5,5
70,53,5,5
31,30,5,5
88,57,5,5
30,31,5,5
57,88,5,5
65,94,5,5
95,44,5,5
76,50,5,5
50,76,5,5
76,50,5,5
88,5,5,5
54,17,5,5
45,63,5,5
67,115,5,5
9,42,5,5
9,94,5,5
76,50,5,5
50,76,5,5
76,50,5,5
63,45,5,5
42,9,5,5
42,63,5,5
5,15,5,5
15,5,5,5
44,95,5,5
44,95,5,5
35,13,5,5
90,115,5,5
5,88,5,5
5,56,5,5
88,5,5,5
56,5,5,5
92,9,5,5
92,65,5,5
92,116,5,5
13,35,5,5
47,68,5,5
15,88,5,5
50,3,5,5
3,50,5,5
3,50,5,5
68,47,5,5
88,15,5,5
50,3,5,5
3,50,5,5
97,14,5,5
2,59,5,5
75,50,5,5
30,45,5,5
59,2,5,5
68,66,5,5
45,30,5,5
59,2,5,5
68,48,5,5
4,106,5,5
50,81,5,5
50,27,5,5
50,3,5,5
3,50,5,5
14,9,5,5
9,14,5,5
68,48,5,5
68,85,5,5
14,13,5,5
75,50,5,5
69,56,5,5
13,14,5,5
13,14,5,5
69,86,5,5
69,59,5,5
83,113,5,5
54,58,5,5
58,54,5,5
113,83,5,5
45,80,5,5
45,66,5,5
45,26,5,5
113,83,5,5
7,51,5,5
83,26,5,5
83,113,5,5
38,36,5,5
38,37,5,5
69,76,5,5
92,65,5,5
92,9,5,5
92,116,5,5
92,65,5,5
92,9,5,5
92,116,5,5
92,65,5,5
92,9,5,5
92,116,5,5
61,15,5,5
61,56,5,5
71,31,5,5
59,67,5,5
59,72,5,5
86,50,5,5
66,45,5,5
85,3,5,5
38,72,5,5
59,94,5,5
59,2,5,5
26,83,5,5
38,36,5,5
26,45,5,5
82,21,5,5
82,75,5,5
30,104,5,5
30,26,5,5
47,68,5,5
26,30,5,5
56,68,5,5
56,69,5,5
50,86,5,5
21,86,5,5
84,50,5,5
121,106,5,5
27,112,5,5
27,50,5,5
56,68,5,5
56,69,5,5
68,47,5,5
75,50,5,5
86,50,5,5
47,48,5,5
6,106,5,5
9,67,5,5
9,66,5,5
47,68,5,5
68,47,5,5
70,53,5,5
80,64,5,5
80,45,5,5
50,3,5,5
3,50,5,5
92,65,5,5
92,9,5,5
92,116,5,5
92,65,5,5
92,9,5,5
92,116,5,5
53,76,5,5
92,65,5,5
92,9,5,5
92,116,5,5
92,65,5,5
92,9,5,5
92,116,5,5
92,65,5,5
92,9,5,5
92,116,5,5
53,70,5,5
53,70,5,5
53,70,5,5
53,70,5,5
63,42,5,5
69,68,5,5
53,70,5,5
53,4,5,5
106,117,5,5
106,73,5,5
50,75,5,5
38,37,5,5
38,36,5,5
68,47,5,5
53,70,5,5
53,4,5,5
64,63,5,5
50,75,5,5
54,15,5,5
54,61,5,5
96,15,5,5
96,61,5,5
96,12,5,5
75,50,5,5
12,96,5,5
15,54,5,5
69,38,5,5
69,68,5,5
69,56,5,5
15,96,5,5
68,56,5,5
68,56,5,5
53,70,5,5
53,4,5,5
74,4,5,5
67,9,5,5
69,84,5,5
67,9,5,5
67,66,5,5
75,50,5,5
27,66,5,5
27,3,5,5
27,15,5,5
27,62,5,5
27,26,5,5
27,13,5,5
27,39,5,5
86,69,5,5
86,75,5,5
86,84,5,5
50,75,5,5
75,70,5,5
75,21,5,5
75,10,5,5
75,50,5,5
69,86,5,5
70,75,5,5
61,96,5,5
66,9,5,5
86,21,5,5
70,53,5,5
15,27,5,5
12,96,5,5
12,15,5,5
50,75,5,5
68,67,5,5
68,56,5,5
68,86,5,5
68,66,5,5
68,72,5,5
68,3,5,5
68,9,5,5
68,65,5,5
68,15,5,5
68,69,5,5
15,12,5,5
50,53,5,5
9,67,5,5
9,74,5,5
38,36,5,5
69,86,5,5
84,69,5,5
84,76,5,5
84,86,5,5
92,9,5,5
92,65,5,5
92,116,5,5
92,65,5,5
92,9,5,5
92,116,5,5
13,27,5,5
20,51,5,5
20,94,5,5
20,22,5,5
20,98,5,5
20,18,5,5
20,35,5,5
20,8,5,5
20,4,5,5
20,13,5,5
20,42,5,5
20,63,5,5
20,6,5,5
13,65,5,5
13,3,5,5
13,8,5,5
13,40,5,5
13,20,5,5
6,20,5,5
6,16,5,5
6,46,5,5
6,87,5,5
6,43,5,5
6,124,5,5
6,22,5,5
6,98,5,5
6,50,5,5
6,42,5,5
6,128,5,5
6,49,5,5
6,31,5,5
6,130,5,5
6,4,5,5
6,78,5,5
6,40,5,5
4,6,5,5
4,20,5,5
4,74,5,5
96,15,5,5
96,61,5,5
96,12,5,5
13,41,5,5
31,6,5,5
4,65,5,5
11,5,5,5
124,6,5,5
16,6,5,5
61,96,5,5
42,6,5,5
61,54,5,5
42,63,5,5
42,20,5,5
8,13,5,5
8,20,5,5
5,11,5,5
26,45,5,5
3,13,5,5
3,4,5,5
3,13,5,5
3,8,5,5
3,35,5,5
21,75,5,5
13,3,5,5
62,27,5,5
3,27,5,5
8,3,5,5
4,3,5,5
21,43,5,5
21,7,5,5
21,10,5,5
7,21,5,5
53,50,5,5
13,35,5,5
13,4,5,5
39,27,5,5
53,70,5,5
94,20,5,5
94,20,5,5
94,21,5,5
94,58,5,5
94,2,5,5
94,95,5,5
94,112,5,5
94,29,5,5
15,96,5,5
58,94,5,5
21,94,5,5
39,77,5,5
112,94,5,5
12,96,5,5
48,85,5,5
53,70,5,5
112,36,5,5
112,46,5,5
112,119,5,5
112,47,5,5
112,125,5,5
112,18,5,5
112,58,5,5
112,57,5,5
112,71,5,5
112,42,5,5
57,112,5,5
26,27,5,5
5,71,5,5
5,72,5,5
5,73,5,5
5,74,5,5
5,11,5,5
98,20,5,5
21,46,5,5
21,70,5,5
21,75,5,5
21,7,5,5
21,43,5,5
21,56,5,5
21,84,5,5
21,88,5,5
21,82,5,5
21,45,5,5
21,10,5,5
75,21,5,5
7,21,5,5
45,21,5,5
58,112,5,5
57,43,5,5
57,98,5,5
57,56,5,5
57,107,5,5
57,102,5,5
57,108,5,5
57,110,5,5
57,109,5,5
57,99,5,5
57,55,5,5
57,104,5,5
57,89,5,5
57,29,5,5
57,111,5,5
57,101,5,5
101,57,5,5
98,57,5,5
98,109,5,5
98,89,5,5
98,45,5,5
98,46,5,5
98,115,5,5
98,70,5,5
98,87,5,5
98,43,5,5
98,58,5,5
98,95,5,5
98,130,5,5
98,33,5,5
98,82,5,5
98,151,5,5
45,98,5,5
98,6,5,5
98,57,5,5
58,98,5,5
112,72,5,5
33,98,5,5
45,26,5,5
75,86,5,5
75,19,5,5
75,50,5,5
26,45,5,5
54,27,5,5
19,75,5,5
101,50,5,5
101,19,5,5
101,46,5,5
101,93,5,5
101,124,5,5
101,49,5,5
101,130,5,5
101,109,5,5
101,82,5,5
72,71,5,5
11,5,5,5
57,88,5,5
19,101,5,5
89,98,5,5
36,149,5,5
36,37,5,5
3,66,5,5
3,13,5,5
3,67,5,5
3,8,5,5
3,35,5,5
3,4,5,5
3,68,5,5
3,69,5,5
3,85,5,5
3,17,5,5
69,3,5,5
13,3,5,5
56,57,5,5
95,98,5,5
36,149,5,5
36,37,5,5
50,52,5,5
89,70,5,5
89,47,5,5
89,56,5,5
89,2,5,5
89,93,5,5
89,32,5,5
89,82,5,5
89,29,5,5
89,21,5,5
89,10,5,5
89,88,5,5
89,57,5,5
95,70,5,5
95,93,5,5
95,2,5,5
95,123,5,5
95,43,5,5
95,44,5,5
95,22,5,5
95,59,5,5
95,58,5,5
95,92,5,5
95,14,5,5
95,7,5,5
95,104,5,5
95,79,5,5
95,65,5,5
95,6,5,5
95,112,5,5
95,94,5,5
58,95,5,5
59,95,5,5
112,95,5,5
94,65,5,5
70,89,5,5
29,89,5,5
70,95,5,5
70,98,5,5
70,21,5,5
63,20,5,5
29,57,5,5
29,94,5,5
70,75,5,5
70,56,5,5
46,101,5,5
63,42,5,5
65,13,5,5
46,107,5,5
46,115,5,5
46,70,5,5
46,1,5,5
46,47,5,5
46,30,5,5
46,53,5,5
46,98,5,5
46,18,5,5
46,56,5,5
46,50,5,5
46,57,5,5
46,75,5,5
46,71,5,5
46,42,5,5
46,103,5,5
46,8,5,5
46,95,5,5
46,84,5,5
46,31,5,5
46,35,5,5
46,97,5,5
46,87,5,5
46,27,5,5
46,119,5,5
46,123,5,5
46,43,5,5
46,61,5,5
46,109,5,5
46,93,5,5
46,25,5,5
46,85,5,5
46,44,5,5
46,124,5,5
46,22,5,5
46,59,5,5
46,125,5,5
46,102,5,5
46,52,5,5
46,81,5,5
46,39,5,5
46,32,5,5
46,58,5,5
46,69,5,5
46,126,5,5
46,83,5,5
46,127,5,5
46,96,5,5
46,72,5,5
46,36,5,5
46,37,5,5
46,9,5,5
46,92,5,5
46,128,5,5
46,108,5,5
46,24,5,5
46,106,5,5
46,110,5,5
46,49,5,5
46,41,5,5
46,64,5,5
46,77,5,5
46,14,5,5
46,118,5,5
46,129,5,5
46,73,5,5
46,100,5,5
46,130,5,5
46,101,5,5
46,27,5,5
46,93,5,5
129,46,5,5
69,46,5,5
2,94,5,5
31,46,5,5
18,46,5,5
30,46,5,5
59,46,5,5
58,46,5,5
1,46,5,5
24,46,5,5
3,35,5,5
3,51,5,5
3,52,5,5
3,50,5,5
3,8,5,5
3,13,5,5
3,18,5,5
3,53,5,5
3,4,5,5
2,46,5,5
2,70,5,5
2,87,5,5
2,123,5,5
2,43,5,5
2,93,5,5
2,22,5,5
2,98,5,5
2,20,5,5
2,33,5,5
2,7,5,5
2,151,5,5
2,29,5,5
18,20,5,5
12,15,5,5
2,95,5,5
44,95,5,5
2,89,5,5
18,112,5,5
55,57,5,5
8,46,5,5
8,3,5,5
44,46,5,5
123,95,5,5
98,2,5,5
88,57,5,5
1,38,5,5
18,3,5,5
57,98,5,5
57,46,5,5
8,3,5,5
71,46,5,5
103,46,5,5
123,2,5,5
56,46,5,5
56,70,5,5
66,3,5,5
5,15,5,5
5,66,5,5
13,3,5,5
73,5,5,5
123,46,5,5
70,2,5,5
15,12,5,5
73,46,5,5
70,46,5,5
52,50,5,5
65,94,5,5
17,56,5,5
17,15,5,5
17,54,5,5
15,17,5,5
52,50,5,5
70,56,5,5
70,75,5,5
70,82,5,5
70,111,5,5
70,93,5,5
70,109,5,5
70,88,5,5
52,3,5,5
83,46,5,5
65,94,5,5
75,46,5,5
56,70,5,5
75,70,5,5
15,5,5,5
12,73,5,5
12,15,5,5
12,72,5,5
12,71,5,5
75,70,5,5
73,12,5,5
13,14,5,5
54,17,5,5
65,95,5,5
15,12,5,5
47,46,5,5
14,13,5,5
14,13,5,5
13,14,5,5
47,89,5,5
47,112,5,5
86,75,5,5
88,70,5,5
88,89,5,5
27,54,5,5
88,21,5,5
72,71,5,5
72,15,5,5
72,12,5,5
72,73,5,5
72,5,5,5
72,117,5,5
72,74,5,5
42,46,5,5
95,46,5,5
42,112,5,5
27,54,5,5
27,46,5,5
54,27,5,5
54,27,5,5
48,55,5,5
82,89,5,5
82,70,5,5
82,13,5,5
82,40,5,5
94,65,5,5
96,46,5,5
82,101,5,5
82,93,5,5
39,46,5,5
94,14,5,5
94,9,5,5
101,82,5,5
33,2,5,5
82,57,5,5
82,86,5,5
82,48,5,5
82,151,5,5
82,89,5,5
82,110,5,5
82,108,5,5
82,18,5,5
82,98,5,5
98,82,5,5
89,82,5,5
48,82,5,5
29,2,5,5
39,112,5,5
39,29,5,5
6,95,5,5
18,82,5,5
48,58,5,5
48,56,5,5
48,94,5,5
48,90,5,5
48,21,5,5
48,86,5,5
48,45,5,5
48,78,5,5
48,89,5,5
48,85,5,5
21,48,5,5
106,46,5,5
45,48,5,5
29,39,5,5
70,53,5,5
51,3,5,5
84,46,5,5
51,20,5,5
27,54,5,5
66,5,5,5
4,13,5,5
84,21,5,5
4,3,5,5
4,3,5,5
89,48,5,5
55,48,5,5
9,94,5,5
9,46,5,5
56,48,5,5
9,72,5,5
61,46,5,5
26,45,5,5
53,46,5,5
53,70,5,5
44,42,5,5
72,71,5,5
53,3,5,5
67,9,5,5
68,3,5,5
67,59,5,5
42,44,5,5
65,9,5,5
42,44,5,5
42,64,5,5
50,52,5,5
44,42,5,5
27,63,5,5
52,50,5,5
42,112,5,5
124,46,5,5
50,84,5,5
72,117,5,5
86,75,5,5
84,50,5,5
72,15,5,5
72,5,5,5
63,27,5,5
45,26,5,5
72,38,5,5
77,46,5,5
77,39,5,5
75,19,5,5
19,75,5,5
7,95,5,5
9,65,5,5
77,66,5,5
77,9,5,5
121,106,5,5
13,82,5,5
7,1,5,5
7,43,5,5
7,81,5,5
7,13,5,5
7,113,5,5
7,94,5,5
7,27,5,5
7,123,5,5
7,93,5,5
7,30,5,5
7,85,5,5
7,22,5,5
7,18,5,5
7,75,5,5
7,84,5,5
7,49,5,5
7,31,5,5
7,100,5,5
7,11,5,5
7,29,5,5
7,45,5,5
7,117,5,5
7,21,5,5
7,10,5,5
7,19,5,5
7,105,5,5
7,2,5,5
45,7,5,5
84,7,5,5
1,7,5,5
30,7,5,5
19,7,5,5
45,80,5,5
45,26,5,5
31,7,5,5
41,46,5,5
149,36,5,5
149,36,5,5
41,50,5,5
26,45,5,5
75,7,5,5
13,7,5,5
26,80,5,5
26,45,5,5
18,7,5,5
38,36,5,5
50,86,5,5
21,7,5,5
59,67,5,5
59,72,5,5
9,67,5,5
9,66,5,5
21,86,5,5
13,40,5,5
75,86,5,5
75,105,5,5
75,19,5,5
21,86,5,5
19,75,5,5
86,19,5,5
123,7,5,5
94,65,5,5
65,94,5,5
95,30,5,5
13,14,5,5
14,13,5,5
14,13,5,5
13,14,5,5
13,14,5,5
14,13,5,5
14,13,5,5
30,95,5,5
13,14,5,5
66,9,5,5
13,14,5,5
14,13,5,5
14,13,5,5
13,14,5,5
13,14,5,5
14,13,5,5
14,13,5,5
115,46,5,5
13,14,5,5
13,14,5,5
14,13,5,5
26,45,5,5
115,90,5,5
115,70,5,5
115,43,5,5
115,22,5,5
115,105,5,5
115,98,5,5
90,48,5,5
59,67,5,5
59,94,5,5
42,44,5,5
11,7,5,5
90,42,5,5
90,94,5,5
90,115,5,5
90,70,5,5
90,87,5,5
90,43,5,5
90,93,5,5
90,22,5,5
90,75,5,5
90,95,5,5
90,14,5,5
90,88,5,5
90,29,5,5
119,46,5,5
14,90,5,5
98,46,5,5
86,75,5,5
119,112,5,5
90,115,5,5
115,90,5,5
95,90,5,5
85,7,5,5
44,42,5,5
42,90,5,5
85,48,5,5
85,46,5,5
85,3,5,5
54,15,5,5
15,54,5,5
24,83,5,5
48,47,5,5
54,15,5,5
48,47,5,5
15,54,5,5
54,15,5,5
54,117,5,5
58,48,5,5
15,54,5,5
47,48,5,5
112,39,5,5
112,42,5,5
92,65,5,5
92,9,5,5
92,116,5,5
92,65,5,5
92,9,5,5
92,116,5,5
29,7,5,5
29,90,5,5
29,23,5,5
23,29,5,5
77,3,5,5
77,15,5,5
86,50,5,5
6,106,5,5
68,47,5,5
113,7,5,5
19,86,5,5
86,19,5,5
68,64,5,5
59,67,5,5
65,94,5,5
3,50,5,5
3,13,5,5
67,3,5,5
105,115,5,5
67,9,5,5
67,9,5,5
67,66,5,5
7,83,5,5
105,7,5,5
105,75,5,5
48,68,5,5
94,65,5,5
14,13,5,5
83,24,5,5
13,14,5,5
13,14,5,5
13,3,5,5
14,13,5,5
14,13,5,5
47,85,5,5
83,24,5,5
13,14,5,5
13,14,5,5
20,94,5,5
20,2,5,5
14,13,5,5
20,94,5,5
75,90,5,5
3,66,5,5
3,51,5,5
50,13,5,5
50,3,5,5
50,77,5,5
3,50,5,5
67,66,5,5
13,50,5,5
6,106,5,5
106,117,5,5
106,73,5,5
9,67,5,5
9,66,5,5
4,106,5,5
9,67,5,5
9,66,5,5
51,3,5,5
50,13,5,5
13,50,5,5
103,105,5,5
105,103,5,5
12,15,5,5
54,15,5,5
54,61,5,5
15,54,5,5
15,12,5,5
86,21,5,5
94,20,5,5
27,7,5,5
2,33,5,5
2,83,5,5
68,48,5,5
68,69,5,5
68,56,5,5
69,68,5,5
34,24,5,5
83,38,5,5
83,26,5,5
83,2,5,5
26,83,5,5
66,26,5,5
38,1,5,5
24,34,5,5
26,66,5,5
24,83,5,5
26,45,5,5
56,17,5,5
1,83,5,5
1,38,5,5
1,33,5,5
61,54,5,5
24,26,5,5
24,83,5,5
24,15,5,5
24,66,5,5
96,61,5,5
17,3,5,5
66,3,5,5
71,5,5,5
27,38,5,5
61,96,5,5
15,24,5,5
38,36,5,5
19,76,5,5
51,3,5,5
53,40,5,5
47,68,5,5
47,90,5,5
68,47,5,5
53,70,5,5
3,51,5,5
3,8,5,5
3,20,5,5
3,112,5,5
3,51,5,5
3,35,5,5
53,50,5,5
66,77,5,5
12,15,5,5
90,47,5,5
115,67,5,5
115,44,5,5
61,15,5,5
86,69,5,5
69,86,5,5
86,21,5,5
52,46,5,5
38,46,5,5
38,107,5,5
38,27,5,5
38,47,5,5
38,85,5,5
38,59,5,5
38,52,5,5
38,18,5,5
38,71,5,5
38,106,5,5
38,35,5,5
38,115,5,5
38,70,5,5
38,87,5,5
38,119,5,5
38,123,5,5
38,43,5,5
38,61,5,5
38,93,5,5
38,30,5,5
38,25,5,5
38,15,5,5
38,53,5,5
38,44,5,5
38,124,5,5
38,22,5,5
38,102,5,5
38,81,5,5
38,98,5,5
38,56,5,5
38,50,5,5
38,39,5,5
38,32,5,5
38,58,5,5
38,57,5,5
38,69,5,5
38,75,5,5
38,126,5,5
38,83,5,5
38,96,5,5
38,42,5,5
38,89,5,5
38,68,5,5
38,36,5,5
38,37,5,5
38,9,5,5
38,103,5,5
38,8,5,5
38,128,5,5
38,108,5,5
38,24,5,5
38,95,5,5
38,84,5,5
38,110,5,5
38,49,5,5
38,41,5,5
38,64,5,5
38,77,5,5
38,14,5,5
38,31,5,5
38,118,5,5
38,129,5,5
38,73,5,5
38,136,5,5
38,90,5,5
38,100,5,5
38,130,5,5
38,109,5,5
38,88,5,5
38,76,5,5
38,116,5,5
38,13,5,5
38,28,5,5
38,99,5,5
38,55,5,5
38,12,5,5
38,20,5,5
38,26,5,5
38,33,5,5
38,7,5,5
38,131,5,5
38,34,5,5
38,82,5,5
38,3,5,5
38,62,5,5
38,1,5,5
38,104,5,5
38,149,5,5
38,5,5,5
38,17,5,5
38,4,5,5
38,51,5,5
38,11,5,5
38,151,5,5
38,132,5,5
38,66,5,5
38,29,5,5
38,78,5,5
38,48,5,5
38,133,5,5
38,111,5,5
38,45,5,5
38,79,5,5
38,16,5,5
38,63,5,5
38,2,5,5
38,120,5,5
38,54,5,5
38,40,5,5
38,65,5,5
38,86,5,5
38,67,5,5
38,60,5,5
38,6,5,5
38,121,5,5
38,91,5,5
38,117,5,5
38,74,5,5
38,80,5,5
38,112,5,5
38,21,5,5
38,23,5,5
38,10,5,5
38,19,5,5
38,113,5,5
38,114,5,5
38,105,5,5
38,101,5,5
38,122,5,5
38,94,5,5
38,125,5,5
38,72,5,5
68,38,5,5
69,38,5,5
81,27,5,5
67,115,5,5
90,68,5,5
90,69,5,5
90,59,5,5
69,90,5,5
68,90,5,5
59,90,5,5
27,81,5,5
86,82,5,5
86,48,5,5
59,69,5,5
69,59,5,5
84,53,5,5
27,47,5,5
77,66,5,5
27,81,5,5
27,3,5,5
27,50,5,5
27,15,5,5
27,54,5,5
38,90,5,5
1,3,5,5
1,9,5,5
1,5,5,5
1,6,5,5
1,7,5,5
1,2,5,5
1,8,5,5
1,10,5,5
1,11,5,5
1,12,5,5
1,13,5,5
1,14,5,5
1,15,5,5
1,4,5,5
1,16,5,5
1,17,5,5
1,38,5,5
25,31,5,5
25,31,5,5
20,3,5,5
87,90,5,5
87,2,5,5
87,46,5,5
87,98,5,5
87,6,5,5
16,110,5,5
96,15,5,5
96,61,5,5
96,12,5,5
13,3,5,5
13,8,5,5
13,65,5,5
13,40,5,5
33,1,5,5
33,2,5,5
16,8,5,5
16,8,5,5
54,27,5,5
100,7,5,5
3,13,5,5
10,21,5,5
8,13,5,5
10,21,5,5
8,3,5,5
29,23,5,5
23,29,5,5
10,21,5,5
23,29,5,5
29,23,5,5
10,75,5,5
61,96,5,5
79,95,5,5
31,37,5,5
112,3,5,5
11,5,5,5
44,115,5,5
29,23,5,5
74,5,5,5
23,29,5,5
93,46,5,5
23,29,5,5
93,27,5,5
93,27,5,5
93,27,5,5
29,23,5,5
13,14,5,5
12,96,5,5
14,13,5,5
28,29,5,5
14,13,5,5
13,14,5,5
83,1,5,5
70,115,5,5
70,90,5,5
13,14,5,5
83,24,5,5
53,84,5,5
14,13,5,5
14,13,5,5
13,14,5,5
15,27,5,5
15,61,5,5
15,96,5,5
66,24,5,5
31,25,5,5
25,31,5,5
5,11,5,5
66,27,5,5
15,12,5,5
15,33,5,5
15,33,5,5
29,28,5,5
15,72,5,5
6,8,5,5
6,8,5,5
78,48,5,5
11,31,5,5
11,25,5,5
11,33,5,5
31,11,5,5
26,24,5,5
25,11,5,5
3,66,5,5
3,13,5,5
3,67,5,5
3,8,5,5
3,35,5,5
3,4,5,5
3,68,5,5
3,85,5,5
3,69,5,5
3,17,5,5
68,3,5,5
13,3,5,5
66,3,5,5
33,11,5,5
10,7,5,5
10,89,5,5
17,3,5,5
32,46,5,5
32,89,5,5
65,13,5,5
13,1,5,5
8,3,5,5
1,13,5,5
33,15,5,5
14,13,5,5
13,14,5,5
13,14,5,5
14,13,5,5
33,15,5,5
4,3,5,5
14,13,5,5
13,14,5,5
13,14,5,5
14,13,5,5
14,13,5,5
13,14,5,5
88,90,5,5
71,5,5,5
71,15,5,5
71,72,5,5
62,3,5,5
62,15,5,5
3,62,5,5
12,15,5,5
13,4,5,5
67,3,5,5
15,62,5,5
15,12,5,5
98,63,5,5
104,30,5,5
15,113,5,5
15,66,5,5
80,45,5,5
113,15,5,5
107,57,5,5
110,82,5,5
110,18,5,5
110,57,5,5
110,107,5,5
110,42,5,5
110,18,5,5
110,109,5,5
110,109,5,5
110,18,5,5
110,18,5,5
110,18,5,5
110,63,5,5
110,57,5,5
57,84,5,5
110,18,5,5
107,46,5,5
13,4,5,5
13,3,5,5
13,35,5,5
47,27,5,5
64,80,5,5
64,42,5,5
64,63,5,5
83,30,5,5
43,90,5,5
43,115,5,5
43,7,5,5
43,2,5,5
43,46,5,5
43,95,5,5
93,27,5,5
43,98,5,5
15,113,5,5
43,57,5,5
43,21,5,5
43,6,5,5
113,15,5,5
43,64,5,5
43,42,5,5
43,42,5,5
43,45,5,5
43,79,5,5
24,26,5,5
43,79,5,5
1,38,5,5
26,24,5,5
45,43,5,5
42,43,5,5
42,43,5,5
42,64,5,5
35,3,5,5
27,93,5,5
66,15,5,5
32,8,5,5
32,51,5,5
44,59,5,5
59,44,5,5
93,98,5,5
69,3,5,5
35,3,5,5
35,13,5,5
17,15,5,5
17,56,5,5
17,54,5,5
93,95,5,5
93,95,5,5
56,17,5,5
56,88,5,5
35,3,5,5
93,95,5,5
35,20,5,5
35,3,5,5
35,3,5,5
35,46,5,5
93,90,5,5
93,101,5,5
93,82,5,5
93,7,5,5
93,89,5,5
93,2,5,5
93,101,5,5
93,70,5,5
65,13,5,5
79,43,5,5
65,4,5,5
13,65,5,5
54,17,5,5
13,65,5,5
65,13,5,5
4,65,5,5
8,32,5,5
88,56,5,5
4,65,5,5
65,4,5,5
73,58,5,5
58,73,5,5
63,64,5,5
43,42,5,5
43,64,5,5
43,29,5,5
43,95,5,5
43,7,5,5
43,81,5,5
63,98,5,5
84,53,5,5
69,84,5,5
76,19,5,5
64,43,5,5
47,27,5,5
29,43,5,5
9,66,5,5
9,67,5,5
57,1,5,5
95,43,5,5
1,57,5,5
84,57,5,5
59,72,5,5
64,43,5,5
42,43,5,5
46,1,5,5
1,46,5,5
42,63,5,5
5,15,5,5
56,87,5,5
71,12,5,5
71,5,5,5
90,84,5,5
84,90,5,5
15,17,5,5
15,5,5,5
71,72,5,5
3,32,5,5
3,51,5,5
73,72,5,5
86,53,5,5
74,9,5,5
74,92,5,5
74,14,5,5
74,65,5,5
74,72,5,5
65,74,5,5
84,53,5,5
3,85,5,5
3,66,5,5
3,67,5,5
3,17,5,5
3,68,5,5
83,15,5,5
83,5,5,5
15,83,5,5
6,13,5,5
6,41,5,5
6,8,5,5
6,40,5,5
149,36,5,5
80,64,5,5
66,3,5,5
21,72,5,5
74,65,5,5
74,9,5,5
74,92,5,5
74,14,5,5
74,72,5,5
6,106,5,5
23,26,5,5
51,3,5,5
9,74,5,5
26,23,5,5
9,17,5,5
51,3,5,5
51,32,5,5
88,61,5,5
88,96,5,5
88,12,5,5
88,15,5,5
5,83,5,5
9,74,5,5
51,3,5,5
4,106,5,5
27,47,5,5
65,74,5,5
21,88,5,5
53,86,5,5
26,27,5,5
3,51,5,5
88,21,5,5
32,3,5,5
88,61,5,5
88,96,5,5
88,12,5,5
88,15,5,5
43,13,5,5
58,1,5,5
3,50,5,5
3,35,5,5
3,18,5,5
3,13,5,5
3,8,5,5
3,51,5,5
3,53,5,5
3,20,5,5
3,4,5,5
88,61,5,5
88,96,5,5
88,12,5,5
88,15,5,5
72,73,5,5
72,71,5,5
72,74,5,5
20,3,5,5
51,3,5,5
53,3,5,5
18,3,5,5
3,8,5,5
3,4,5,5
3,18,5,5
3,51,5,5
3,53,5,5
3,20,5,5
3,50,5,5
3,35,5,5
3,52,5,5
3,13,5,5
18,3,5,5
47,69,5,5
4,1,5,5
4,3,5,5
4,3,5,5
7,43,5,5
69,76,5,5
3,66,5,5
66,3,5,5
67,3,5,5
26,32,5,5
26,25,5,5
59,72,5,5
26,66,5,5
13,3,5,5
69,64,5,5
13,3,5,5
104,57,5,5
16,1,5,5
16,1,5,5
104,95,5,5
53,3,5,5
14,13,5,5
53,4,5,5
13,14,5,5
1,58,5,5
8,3,5,5
77,26,5,5
77,38,5,5
77,42,5,5
33,5,5,5
33,5,5,5
85,3,5,5
79,44,5,5
85,3,5,5
79,44,5,5
123,44,5,5
20,3,5,5
87,56,5,5
56,96,5,5
56,61,5,5
56,15,5,5
84,57,5,5
15,56,5,5
59,80,5,5
42,77,5,5
77,42,5,5
61,56,5,5
17,9,5,5
77,66,5,5
17,1,5,5
1,17,5,5
63,42,5,5
90,66,5,5
35,3,5,5
35,3,5,5
71,72,5,5
9,85,5,5
63,33,5,5
85,9,5,5
63,20,5,5
63,29,5,5
63,27,5,5
90,38,5,5
9,67,5,5
9,66,5,5
13,14,5,5
66,9,5,5
90,76,5,5
14,13,5,5
84,69,5,5
14,13,5,5
51,3,5,5
84,69,5,5
44,59,5,5
84,69,5,5
13,14,5,5
76,90,5,5
13,14,5,5
14,13,5,5
14,13,5,5
13,14,5,5
96,56,5,5
48,55,5,5
80,115,5,5
112,32,5,5
115,80,5,5
32,112,5,5
26,77,5,5
5,15,5,5
95,42,5,5
95,94,5,5
95,123,5,5
95,43,5,5
95,93,5,5
95,22,5,5
95,98,5,5
95,58,5,5
95,104,5,5
95,79,5,5
95,123,5,5
95,43,5,5
95,93,5,5
95,22,5,5
95,98,5,5
95,58,5,5
95,42,5,5
95,104,5,5
95,79,5,5
95,94,5,5
93,95,5,5
95,123,5,5
95,104,5,5
95,79,5,5
58,95,5,5
94,95,5,5
123,95,5,5
93,95,5,5
93,101,5,5
93,101,5,5
42,95,5,5
51,24,5,5
55,48,5,5
94,59,5,5
94,29,5,5
94,20,5,5
94,2,5,5
94,18,5,5
94,56,5,5
94,57,5,5
94,95,5,5
24,51,5,5
58,95,5,5
104,7,5,5
94,20,5,5
94,2,5,5
94,59,5,5
94,29,5,5
94,58,5,5
94,18,5,5
94,56,5,5
94,57,5,5
29,94,5,5
42,95,5,5
29,94,5,5
58,54,5,5
58,54,5,5
58,94,5,5
59,94,5,5
42,29,5,5
42,63,5,5
4,65,5,5
4,13,5,5
4,3,5,5
123,95,5,5
27,54,5,5
79,95,5,5
123,95,5,5
86,84,5,5
43,27,5,5
59,94,5,5
54,27,5,5
54,15,5,5
54,27,5,5
54,58,5,5
54,58,5,5
27,43,5,5
76,69,5,5
104,95,5,5
29,42,5,5
2,94,5,5
104,95,5,5
99,18,5,5
27,43,5,5
71,15,5,5
71,72,5,5
71,5,5,5
80,26,5,5
80,45,5,5
45,80,5,5
104,95,5,5
2,94,5,5
3,68,5,5
3,69,5,5
3,66,5,5
3,67,5,5
3,8,5,5
3,35,5,5
3,13,5,5
3,4,5,5
3,85,5,5
3,17,5,5
27,54,5,5
85,3,5,5
66,3,5,5
59,94,5,5
71,112,5,5
67,3,5,5
1,38,5,5
27,25,5,5
27,32,5,5
27,3,5,5
27,31,5,5
27,50,5,5
27,54,5,5
27,26,5,5
27,62,5,5
27,15,5,5
99,57,5,5
69,76,5,5
32,27,5,5
3,27,5,5
67,9,5,5
67,9,5,5
67,66,5,5
54,27,5,5
54,27,5,5
17,3,5,5
3,8,5,5
3,35,5,5
3,51,5,5
3,50,5,5
3,20,5,5
69,64,5,5
8,3,5,5
8,3,5,5
80,67,5,5
80,66,5,5
67,80,5,5
80,67,5,5
38,22,5,5
67,80,5,5
66,80,5,5
77,66,5,5
77,9,5,5
27,54,5,5
27,67,5,5
27,66,5,5
27,3,5,5
27,15,5,5
27,64,5,5
27,72,5,5
27,69,5,5
27,68,5,5
27,26,5,5
27,24,5,5
27,56,5,5
27,38,5,5
27,62,5,5
27,81,5,5
27,42,5,5
27,50,5,5
27,54,5,5
27,25,5,5
27,31,5,5
68,27,5,5
27,42,5,5
27,54,6,6
68,47,6,6
69,76,6,6
1,8,6,6
1,5,6,6
1,6,6,6
1,7,6,6
1,2,6,6
1,3,6,6
1,9,6,6
1,10,6,6
1,11,6,6
1,12,6,6
1,13,6,6
1,14,6,6
1,15,6,6
1,4,6,6
1,16,6,6
1,17,6,6
57,94,6,6
13,3,6,6
57,94,6,6
4,3,6,6
31,27,6,6
101,93,6,6
31,27,6,6
96,15,6,6
96,61,6,6
96,12,6,6
13,3,6,6
54,27,6,6
54,27,6,6
26,80,6,6
35,3,6,6
26,45,6,6
26,27,6,6
35,3,6,6
31,25,6,6
26,27,6,6
54,27,6,6
26,25,6,6
42,27,6,6
24,27,6,6
42,27,6,6
101,93,6,6
14,13,6,6
13,14,6,6
13,14,6,6
27,54,6,6
14,13,6,6
14,13,6,6
13,14,6,6
13,14,6,6
14,13,6,6
16,13,6,6
62,27,6,6
61,96,6,6
3,13,6,6
34,23,6,6
79,95,6,6
23,34,6,6
54,27,6,6
15,96,6,6
79,95,6,6
7,1,6,6
100,7,6,6
79,43,6,6
1,7,6,6
18,94,6,6
27,54,6,6
64,27,6,6
94,65,6,6
94,14,6,6
94,9,6,6
17,3,6,6
12,96,6,6
18,94,6,6
81,47,6,6
38,36,6,6
3,18,6,6
3,8,6,6
3,35,6,6
3,50,6,6
3,51,6,6
3,52,6,6
3,13,6,6
3,4,6,6
3,53,6,6
3,20,6,6
8,3,6,6
20,3,6,6
23,50,6,6
50,23,6,6
65,94,6,6
65,94,6,6
29,63,6,6
23,50,6,6
29,22,6,6
13,3,6,6
3,13,6,6
3,85,6,6
3,66,6,6
3,67,6,6
3,8,6,6
3,35,6,6
3,4,6,6
3,68,6,6
3,69,6,6
3,17,6,6
35,3,6,6
4,3,6,6
13,3,6,6
4,3,6,6
63,29,6,6
94,65,6,6
63,42,6,6
35,3,6,6
50,3,6,6
50,27,6,6
75,86,6,6
66,3,6,6
32,15,6,6
15,27,6,6
51,3,6,6
17,3,6,6
15,27,6,6
30,83,6,6
18,3,6,6
30,83,6,6
27,50,6,6
13,50,6,6
13,3,6,6
13,35,6,6
13,4,6,6
13,53,6,6
67,3,6,6
19,67,6,6
19,18,6,6
19,7,6,6
19,66,6,6
19,9,6,6
19,17,6,6
19,38,6,6
19,1,6,6
19,91,6,6
19,90,6,6
13,43,6,6
17,19,6,6
8,3,6,6
7,19,6,6
17,56,6,6
17,15,6,6
17,54,6,6
56,48,6,6
67,27,6,6
56,17,6,6
56,88,6,6
48,56,6,6
3,50,6,6
47,81,6,6
3,67,6,6
3,66,6,6
3,9,6,6
3,17,6,6
3,68,6,6
18,19,6,6
1,19,6,6
56,94,6,6
56,94,6,6
66,3,6,6
47,53,6,6
98,95,6,6
13,7,6,6
13,43,6,6
88,56,6,6
71,72,6,6
71,73,6,6
98,95,6,6
38,1,6,6
47,50,6,6
31,14,6,6
83,30,6,6
20,63,6,6
35,50,6,6
35,3,6,6
77,32,6,6
13,47,6,6
78,6,6,6
47,13,6,6
76,69,6,6
63,20,6,6
50,3,6,6
56,27,6,6
72,71,6,6
81,56,6,6
50,3,6,6
3,50,6,6
3,50,6,6
23,1,6,6
23,104,6,6
56,81,6,6
1,23,6,6
50,3,6,6
50,35,6,6
50,8,6,6
50,18,6,6
50,51,6,6
50,13,6,6
50,53,6,6
50,20,6,6
104,23,6,6
9,19,6,6
86,75,6,6
14,31,6,6
15,32,6,6
14,31,6,6
15,17,6,6
15,5,6,6
43,27,6,6
9,94,6,6
15,5,6,6
59,86,6,6
59,84,6,6
59,48,6,6
59,94,6,6
59,68,6,6
59,69,6,6
59,56,6,6
59,85,6,6
59,89,6,6
59,76,6,6
59,88,6,6
59,47,6,6
59,2,6,6
68,59,6,6
47,68,6,6
68,47,6,6
9,3,6,6
83,30,6,6
33,63,6,6
32,26,6,6
32,66,6,6
66,32,6,6
30,83,6,6
115,84,6,6
115,68,6,6
68,115,6,6
84,115,6,6
74,1,6,6
1,74,6,6
30,83,6,6
20,50,6,6
54,17,6,6
63,33,6,6
26,32,6,6
20,63,6,6
63,20,6,6
31,14,6,6
36,38,6,6
3,35,6,6
3,50,6,6
86,13,6,6
86,40,6,6
86,75,6,6
86,40,6,6
86,19,6,6
101,46,6,6
44,84,6,6
84,44,6,6
47,18,6,6
47,81,6,6
47,27,6,6
27,47,6,6
84,80,6,6
90,72,6,6
90,19,6,6
101,57,6,6
101,19,6,6
101,82,6,6
101,6,6,6
101,122,6,6
13,50,6,6
81,47,6,6
18,47,6,6
13,86,6,6
13,40,6,6
86,13,6,6
18,55,6,6
71,74,6,6
57,101,6,6
55,18,6,6
6,106,6,6
72,85,6,6
72,67,6,6
69,27,6,6
18,50,6,6
38,36,6,6
72,15,6,6
72,71,6,6
69,84,6,6
8,50,6,6
121,106,6,6
63,33,6,6
55,18,6,6
55,47,6,6
20,3,6,6
14,13,6,6
20,94,6,6
20,94,6,6
82,101,6,6
13,14,6,6
13,14,6,6
82,40,6,6
33,63,6,6
14,13,6,6
14,13,6,6
13,14,6,6
13,14,6,6
14,13,6,6
6,7,6,6
6,1,6,6
82,86,6,6
82,6,6,6
82,70,6,6
82,75,6,6
82,21,6,6
82,89,6,6
21,82,6,6
40,53,6,6
89,82,6,6
6,7,6,6
6,1,6,6
82,109,6,6
84,53,6,6
75,50,6,6
75,82,6,6
38,36,6,6
87,10,6,6
86,82,6,6
21,10,6,6
21,46,6,6
21,7,6,6
7,21,6,6
17,3,6,6
18,107,6,6
18,111,6,6
18,19,6,6
18,3,6,6
18,55,6,6
18,108,6,6
18,110,6,6
18,109,6,6
18,99,6,6
18,57,6,6
47,55,6,6
46,21,6,6
57,18,6,6
55,18,6,6
31,87,6,6
87,31,6,6
4,106,6,6
18,55,6,6
63,87,6,6
63,7,6,6
63,10,6,6
41,8,6,6
51,50,6,6
51,3,6,6
56,15,6,6
56,61,6,6
56,96,6,6
8,41,6,6
15,56,6,6
85,3,6,6
86,88,6,6
3,18,6,6
66,19,6,6
86,69,6,6
6,101,6,6
70,82,6,6
63,33,6,6
63,29,6,6
63,20,6,6
6,82,6,6
96,56,6,6
59,90,6,6
61,56,6,6
91,80,6,6
10,21,6,6
91,44,6,6
91,45,6,6
91,37,6,6
22,91,6,6
27,112,6,6
58,95,6,6
112,27,6,6
43,13,6,6
63,64,6,6
30,104,6,6
30,26,6,6
63,64,6,6
63,42,6,6
104,30,6,6
90,84,6,6
84,90,6,6
22,7,6,6
84,90,6,6
7,22,6,6
15,54,6,6
50,75,6,6
74,104,6,6
69,76,6,6
75,50,6,6
83,30,6,6
5,15,6,6
77,66,6,6
32,26,6,6
32,30,6,6
86,53,6,6
47,48,6,6
76,50,6,6
48,47,6,6
77,26,6,6
81,47,6,6
47,81,6,6
26,30,6,6
87,27,6,6
26,83,6,6
87,27,6,6
7,38,6,6
38,36,6,6
27,54,6,6
27,15,6,6
83,63,6,6
83,18,6,6
54,27,6,6
15,32,6,6
32,15,6,6
50,52,6,6
15,27,6,6
63,83,6,6
9,85,6,6
9,67,6,6
9,66,6,6
91,64,6,6
69,86,6,6
84,44,6,6
50,20,6,6
50,35,6,6
50,8,6,6
50,18,6,6
50,52,6,6
50,13,6,6
50,51,6,6
50,3,6,6
3,50,6,6
38,77,6,6
27,3,6,6
27,50,6,6
3,27,6,6
66,27,6,6
122,101,6,6
66,90,6,6
8,50,6,6
50,3,6,6
3,50,6,6
7,14,6,6
50,3,6,6
3,50,6,6
32,30,6,6
91,22,6,6
38,26,6,6
27,15,6,6
47,68,6,6
76,123,6,6
69,86,6,6
69,84,6,6
69,68,6,6
68,69,6,6
67,3,6,6
67,19,6,6
80,85,6,6
85,80,6,6
80,84,6,6
84,80,6,6
80,64,6,6
86,50,6,6
77,38,6,6
85,48,6,6
90,59,6,6
38,1,6,6
38,36,6,6
38,36,6,6
108,82,6,6
108,18,6,6
108,18,6,6
108,18,6,6
1,3,6,6
1,5,6,6
1,6,6,6
1,7,6,6
1,2,6,6
1,8,6,6
1,9,6,6
1,10,6,6
1,11,6,6
1,12,6,6
1,13,6,6
1,14,6,6
1,15,6,6
1,4,6,6
1,16,6,6
1,17,6,6
1,6,6,6
1,7,6,6
1,2,6,6
1,10,6,6
1,11,6,6
1,12,6,6
1,13,6,6
1,4,6,6
1,16,6,6
1,38,6,6
68,48,6,6
25,31,6,6
25,27,6,6
13,43,6,6
13,50,6,6
25,31,6,6
25,27,6,6
31,25,6,6
35,50,6,6
35,50,6,6
96,15,6,6
96,61,6,6
96,12,6,6
13,3,6,6
13,77,6,6
13,50,6,6
107,18,6,6
13,40,6,6
13,4,6,6
13,17,6,6
13,3,6,6
13,35,6,6
1,38,6,6
1,36,6,6
1,37,6,6
13,14,6,6
14,13,6,6
14,13,6,6
18,50,6,6
61,96,6,6
18,83,6,6
20,50,6,6
15,27,6,6
15,96,6,6
13,14,6,6
13,14,6,6
14,13,6,6
14,13,6,6
14,13,6,6
35,7,6,6
35,1,6,6
35,3,6,6
1,35,6,6
54,15,6,6
13,14,6,6
13,14,6,6
51,50,6,6
13,14,6,6
59,90,6,6
3,35,6,6
14,13,6,6
14,13,6,6
72,71,6,6
13,14,6,6
13,14,6,6
51,8,6,6
51,35,6,6
51,3,6,6
59,80,6,6
3,35,6,6
3,66,6,6
3,67,6,6
3,8,6,6
3,13,6,6
3,4,6,6
3,68,6,6
3,85,6,6
3,69,6,6
3,17,6,6
3,51,6,6
70,53,6,6
42,3,6,6
42,27,6,6
42,64,6,6
42,39,6,6
42,29,6,6
42,20,6,6
42,15,6,6
42,33,6,6
42,113,6,6
42,23,6,6
8,3,6,6
13,3,6,6
27,42,6,6
23,42,6,6
3,42,6,6
27,101,6,6
3,8,6,6
3,13,6,6
3,20,6,6
3,35,6,6
3,51,6,6
3,41,6,6
3,52,6,6
3,18,6,6
13,3,6,6
20,3,6,6
20,42,6,6
18,3,6,6
18,19,6,6
18,55,6,6
18,107,6,6
18,108,6,6
18,110,6,6
18,57,6,6
18,99,6,6
18,111,6,6
18,109,6,6
57,18,6,6
19,18,6,6
66,3,6,6
8,3,6,6
101,27,6,6
8,51,6,6
55,18,6,6
25,27,6,6
25,26,6,6
32,26,6,6
32,7,6,6
32,10,6,6
27,25,6,6
88,89,6,6
50,3,6,6
29,42,6,6
3,50,6,6
29,120,6,6
29,119,6,6
29,28,6,6
29,122,6,6
123,76,6,6
26,25,6,6
113,42,6,6
32,26,6,6
76,57,6,6
32,66,6,6
76,123,6,6
32,27,6,6
4,3,6,6
17,56,6,6
17,15,6,6
17,54,6,6
54,17,6,6
44,63,6,6
65,59,6,6
12,96,6,6
72,15,6,6
72,5,6,6
93,13,6,6
15,7,6,6
15,1,6,6
15,33,6,6
12,25,6,6
12,31,6,6
15,42,6,6
15,17,6,6
69,84,6,6
69,86,6,6
69,68,6,6
1,15,6,6
15,54,6,6
67,3,6,6
56,17,6,6
93,48,6,6
33,42,6,6
33,15,6,6
56,88,6,6
59,2,6,6
33,117,6,6
88,56,6,6
48,93,6,6
5,15,6,6
5,54,6,6
5,11,6,6
54,5,6,6
15,5,6,6
15,9,6,6
15,66,6,6
72,9,6,6
72,14,6,6
72,65,6,6
15,5,6,6
32,30,6,6
84,80,6,6
84,44,6,6
44,84,6,6
84,44,6,6
4,106,6,6
28,29,6,6
31,12,6,6
48,47,6,6
76,50,6,6
77,13,6,6
77,3,6,6
77,50,6,6
15,27,6,6
76,50,6,6
27,15,6,6
52,50,6,6
52,50,6,6
52,50,6,6
110,18,6,6
50,3,6,6
52,3,6,6
52,3,6,6
52,3,6,6
3,50,6,6
5,15,6,6
11,5,6,6
50,3,6,6
13,93,6,6
35,3,6,6
3,50,6,6
35,51,6,6
47,48,6,6
35,4,6,6
35,3,6,6
36,32,6,6
36,38,6,6
2,22,6,6
2,33,6,6
2,58,6,6
2,94,6,6
32,36,6,6
71,31,6,6
71,26,6,6
32,87,6,6
32,7,6,6
58,2,6,6
4,35,6,6
4,3,6,6
4,13,6,6
25,12,6,6
90,64,6,6
25,32,6,6
32,25,6,6
81,47,6,6
47,81,6,6
50,76,6,6
76,50,6,6
50,76,6,6
84,69,6,6
76,50,6,6
94,2,6,6
50,86,6,6
94,95,6,6
94,22,6,6
94,133,6,6
94,112,6,6
94,20,6,6
94,58,6,6
94,56,6,6
94,93,6,6
94,98,6,6
94,18,6,6
94,106,6,6
94,29,6,6
94,21,6,6
38,112,6,6
32,83,6,6
33,2,6,6
31,25,6,6
58,94,6,6
20,94,6,6
33,42,6,6
33,98,6,6
33,56,6,6
33,106,6,6
33,104,6,6
25,31,6,6
13,8,6,6
13,3,6,6
13,35,6,6
13,40,6,6
13,4,6,6
13,6,6,6
13,41,6,6
13,16,6,6
56,33,6,6
104,33,6,6
29,94,6,6
66,15,6,6
67,38,6,6
95,94,6,6
38,36,6,6
95,79,6,6
95,94,6,6
95,123,6,6
84,57,6,6
26,83,6,6
106,33,6,6
26,24,6,6
123,95,6,6
106,58,6,6
106,130,6,6
93,94,6,6
106,94,6,6
98,33,6,6
93,6,6,6
93,101,6,6
93,19,6,6
93,109,6,6
106,6,6,6
106,4,6,6
106,29,6,6
101,93,6,6
29,28,6,6
69,59,6,6
69,94,6,6
69,67,6,6
9,15,6,6
101,82,6,6
101,57,6,6
98,95,6,6
98,20,6,6
98,89,6,6
98,151,6,6
95,98,6,6
89,98,6,6
57,101,6,6
66,77,6,6
57,101,6,6
101,57,6,6
57,107,6,6
25,31,6,6
121,106,6,6
38,36,6,6
82,101,6,6
31,25,6,6
47,50,6,6
4,35,6,6
82,70,6,6
82,75,6,6
82,21,6,6
82,86,6,6
82,89,6,6
82,98,6,6
82,56,6,6
82,19,6,6
82,101,6,6
82,109,6,6
69,76,6,6
54,15,6,6
54,29,6,6
54,39,6,6
54,120,6,6
101,82,6,6
98,82,6,6
98,94,6,6
89,82,6,6
38,1,6,6
56,82,6,6
25,31,6,6
59,2,6,6
31,25,6,6
15,72,6,6
20,98,6,6
120,54,6,6
75,82,6,6
38,36,6,6
77,66,6,6
6,106,6,6
76,69,6,6
70,82,6,6
75,89,6,6
75,88,6,6
75,105,6,6
88,75,6,6
89,75,6,6
54,15,6,6
76,69,6,6
50,35,6,6
50,3,6,6
3,50,6,6
75,50,6,6
75,86,6,6
105,75,6,6
11,5,6,6
79,95,6,6
35,50,6,6
21,82,6,6
25,31,6,6
40,16,6,6
40,41,6,6
54,15,6,6
15,54,6,6
15,54,6,6
59,9,6,6
59,14,6,6
59,67,6,6
85,3,6,6
122,29,6,6
42,33,6,6
86,50,6,6
35,50,6,6
35,3,6,6
3,35,6,6
42,29,6,6
42,63,6,6
42,43,6,6
79,57,6,6
57,84,6,6
86,75,6,6
25,31,6,6
56,94,6,6
15,54,6,6
105,103,6,6
105,50,6,6
105,3,6,6
105,49,6,6
105,53,6,6
32,83,6,6
32,51,6,6
31,25,6,6
103,105,6,6
72,27,6,6
72,71,6,6
12,72,6,6
12,74,6,6
54,15,6,6
54,29,6,6
54,39,6,6
54,120,6,6
85,48,6,6
33,117,6,6
33,83,6,6
33,118,6,6
33,61,6,6
48,85,6,6
5,11,6,6
86,69,6,6
86,84,6,6
86,75,6,6
86,82,6,6
15,54,6,6
32,87,6,6
63,42,6,6
22,7,6,6
120,54,6,6
3,105,6,6
50,27,6,6
29,42,6,6
29,54,6,6
28,29,6,6
29,54,6,6
112,44,6,6
59,67,6,6
59,72,6,6
50,105,6,6
112,94,6,6
105,50,6,6
16,40,6,6
44,63,6,6
101,56,6,6
48,56,6,6
48,68,6,6
68,48,6,6
43,42,6,6
43,42,6,6
75,70,6,6
54,15,6,6
54,61,6,6
42,43,6,6
71,72,6,6
44,112,6,6
83,32,6,6
83,33,6,6
86,13,6,6
86,18,6,6
61,54,6,6
23,51,6,6
74,12,6,6
69,56,6,6
72,112,6,6
48,56,6,6
51,23,6,6
27,50,6,6
51,32,6,6
51,3,6,6
72,69,6,6
15,54,6,6
90,69,6,6
18,94,6,6
70,75,6,6
15,12,6,6
12,15,6,6
83,33,6,6
6,93,6,6
90,64,6,6
54,15,6,6
4,48,6,6
4,70,6,6
48,4,6,6
15,54,6,6
54,74,6,6
71,72,6,6
15,54,6,6
54,15,6,6
33,15,6,6
50,75,6,6
50,86,6,6
54,117,6,6
74,54,6,6
81,53,6,6
54,15,6,6
15,54,6,6
15,33,6,6
15,54,6,6
54,15,6,6
70,4,6,6
74,54,6,6
80,64,6,6
80,59,6,6
54,74,6,6
59,80,6,6
48,85,6,6
86,50,6,6
72,71,6,6
72,73,6,6
72,74,6,6
31,25,6,6
86,50,6,6
74,4,6,6
19,82,6,6
71,72,6,6
19,93,6,6
32,26,6,6
32,66,6,6
50,75,6,6
84,76,6,6
84,76,6,6
84,76,6,6
84,76,6,6
84,76,6,6
61,33,6,6
84,76,6,6
84,86,6,6
9,67,6,6
9,66,6,6
90,59,6,6
84,18,6,6
84,71,6,6
84,19,6,6
84,57,6,6
68,48,6,6
25,46,6,6
25,31,6,6
25,27,6,6
25,27,6,6
87,32,6,6
11,5,6,6
96,15,6,6
96,61,6,6
96,12,6,6
4,74,6,6
33,83,6,6
46,98,6,6
46,2,6,6
46,6,6,6
46,112,6,6
46,21,6,6
33,34,6,6
70,50,6,6
61,96,6,6
34,33,6,6
39,54,6,6
70,50,6,6
39,42,6,6
19,101,6,6
19,18,6,6
75,50,6,6
75,50,6,6
2,94,6,6
94,2,6,6
94,9,6,6
94,14,6,6
94,59,6,6
94,2,6,6
94,123,6,6
94,95,6,6
94,44,6,6
44,94,6,6
63,43,6,6
27,62,6,6
59,90,6,6
15,96,6,6
94,65,6,6
94,9,6,6
39,54,6,6
5,11,6,6
59,94,6,6
12,96,6,6
3,66,6,6
3,67,6,6
3,13,6,6
3,4,6,6
3,8,6,6
3,35,6,6
3,68,6,6
3,85,6,6
3,69,6,6
3,17,6,6
17,3,6,6
13,3,6,6
44,38,6,6
13,20,6,6
38,36,6,6
9,94,6,6
95,94,6,6
59,80,6,6
66,3,6,6
8,3,6,6
32,26,6,6
115,67,6,6
2,94,6,6
26,45,6,6
64,66,6,6
64,67,6,6
54,27,6,6
27,54,6,6
33,61,6,6
33,117,6,6
61,33,6,6
112,104,6,6
58,33,6,6
58,2,6,6
58,83,6,6
58,94,6,6
58,29,6,6
58,118,6,6
58,23,6,6
58,54,6,6
58,106,6,6
104,112,6,6
23,58,6,6
54,58,6,6
2,58,6,6
29,58,6,6
20,13,6,6
13,20,6,6
80,59,6,6
32,26,6,6
32,66,6,6
56,15,6,6
54,15,6,6
59,80,6,6
18,86,6,6
18,13,6,6
18,1,6,6
18,6,6,6
18,81,6,6
18,79,6,6
15,56,6,6
23,58,6,6
23,86,6,6
23,103,6,6
23,83,6,6
23,33,6,6
23,29,6,6
23,112,6,6
23,94,6,6
23,105,6,6
23,46,6,6
1,18,6,6
14,94,6,6
54,43,6,6
4,3,6,6
112,23,6,6
105,23,6,6
33,23,6,6
32,66,6,6
33,58,6,6
15,54,6,6
13,18,6,6
20,13,6,6
94,58,6,6
98,63,6,6
103,23,6,6
94,20,6,6
94,29,6,6
94,23,6,6
94,22,6,6
94,98,6,6
94,18,6,6
94,58,6,6
94,95,6,6
94,2,6,6
94,56,6,6
94,23,6,6
15,54,6,6
15,27,6,6
98,94,6,6
54,15,6,6
17,56,6,6
17,15,6,6
17,54,6,6
18,94,6,6
13,20,6,6
15,17,6,6
83,58,6,6
54,17,6,6
50,70,6,6
83,23,6,6
22,58,6,6
22,95,6,6
22,20,6,6
22,2,6,6
22,98,6,6
22,42,6,6
22,33,6,6
22,7,6,6
22,29,6,6
22,94,6,6
50,53,6,6
57,84,6,6
7,22,6,6
33,22,6,6
58,22,6,6
58,23,6,6
58,94,6,6
2,22,6,6
98,22,6,6
98,42,6,6
98,33,6,6
98,7,6,6
98,93,6,6
98,95,6,6
98,20,6,6
98,34,6,6
98,89,6,6
98,151,6,6
98,45,6,6
98,6,6,6
98,22,6,6
27,15,6,6
7,98,6,6
93,98,6,6
6,98,6,6
84,57,6,6
84,57,6,6
59,2,6,6
59,94,6,6
2,94,6,6
83,58,6,6
83,32,6,6
83,34,6,6
83,33,6,6
83,5,6,6
83,29,6,6
83,54,6,6
83,117,6,6
83,112,6,6
83,23,6,6
45,98,6,6
93,98,6,6
11,5,6,6
23,83,6,6
58,83,6,6
54,83,6,6
81,18,6,6
93,57,6,6
93,19,6,6
93,101,6,6
54,117,6,6
101,93,6,6
112,83,6,6
20,98,6,6
29,23,6,6
29,94,6,6
29,22,6,6
29,83,6,6
101,93,6,6
101,57,6,6
101,130,6,6
101,109,6,6
101,82,6,6
101,6,6,6
101,19,6,6
93,101,6,6
14,13,6,6
57,93,6,6
56,17,6,6
106,58,6,6
56,88,6,6
65,94,6,6
14,13,6,6
95,98,6,6
57,101,6,6
88,56,6,6
23,94,6,6
65,94,6,6
70,50,6,6
106,2,6,6
106,130,6,6
106,73,6,6
106,33,6,6
106,4,6,6
7,35,6,6
7,15,6,6
7,32,6,6
7,22,6,6
32,83,6,6
67,115,6,6
67,3,6,6
67,9,6,6
67,9,6,6
67,66,6,6
13,14,6,6
50,75,6,6
84,57,6,6
13,14,6,6
121,106,6,6
13,20,6,6
14,13,6,6
79,18,6,6
83,63,6,6
33,15,6,6
83,63,6,6
33,83,6,6
33,98,6,6
13,15,6,6
13,40,6,6
15,13,6,6
119,29,6,6
101,57,6,6
57,101,6,6
75,50,6,6
57,84,6,6
27,39,6,6
84,57,6,6
76,50,6,6
82,101,6,6
42,71,6,6
42,71,6,6
42,71,6,6
42,71,6,6
42,71,6,6
42,71,6,6
9,94,6,6
76,50,6,6
112,21,6,6
42,98,6,6
86,18,6,6
9,67,6,6
9,66,6,6
82,86,6,6
82,21,6,6
82,98,6,6
82,75,6,6
82,70,6,6
82,56,6,6
82,89,6,6
82,42,6,6
82,63,6,6
82,109,6,6
82,19,6,6
82,101,6,6
82,93,6,6
50,76,6,6
42,82,6,6
5,11,6,6
21,82,6,6
101,82,6,6
66,9,6,6
93,82,6,6
42,22,6,6
76,50,6,6
86,82,6,6
98,82,6,6
5,83,6,6
56,82,6,6
67,9,6,6
21,112,6,6
86,23,6,6
20,13,6,6
5,74,6,6
5,88,6,6
5,83,6,6
5,11,6,6
5,71,6,6
5,73,6,6
5,56,6,6
5,33,6,6
5,4,6,6
88,5,6,6
94,65,6,6
4,5,6,6
56,5,6,6
76,50,6,6
76,53,6,6
64,80,6,6
64,67,6,6
32,26,6,6
32,66,6,6
71,5,6,6
70,82,6,6
11,5,6,6
50,76,6,6
6,101,6,6
43,54,6,6
67,9,6,6
76,50,6,6
6,18,6,6
43,63,6,6
76,50,6,6
54,43,6,6
64,42,6,6
64,63,6,6
59,67,6,6
59,9,6,6
42,64,6,6
74,5,6,6
39,27,6,6
43,54,6,6
39,29,6,6
29,39,6,6
1,38,6,6
46,23,6,6
50,76,6,6
33,5,6,6
75,82,6,6
50,76,6,6
76,50,6,6
76,50,6,6
38,1,6,6
88,69,6,6
63,83,6,6
63,83,6,6
21,84,6,6
84,21,6,6
76,50,6,6
63,82,6,6
63,64,6,6
69,76,6,6
50,76,6,6
20,18,6,6
76,50,6,6
76,50,6,6
18,20,6,6
6,106,6,6
24,7,6,6
24,26,6,6
24,87,6,6
24,32,6,6
24,34,6,6
24,23,6,6
24,45,6,6
24,25,6,6
23,24,6,6
95,94,6,6
9,94,6,6
77,66,6,6
7,24,6,6
7,10,6,6
32,24,6,6
50,76,6,6
76,50,6,6
95,22,6,6
113,3,6,6
113,26,6,6
113,27,6,6
83,5,6,6
3,113,6,6
45,24,6,6
56,94,6,6
106,71,6,6
106,117,6,6
59,67,6,6
54,15,6,6
56,48,6,6
15,54,6,6
27,26,6,6
27,66,6,6
27,3,6,6
27,15,6,6
27,13,6,6
27,39,6,6
27,62,6,6
33,15,6,6
33,83,6,6
26,32,6,6
27,113,6,6
13,27,6,6
3,27,6,6
15,27,6,6
69,84,6,6
69,86,6,6
69,76,6,6
84,50,6,6
3,8,6,6
3,35,6,6
3,50,6,6
3,18,6,6
3,4,6,6
3,13,6,6
3,51,6,6
3,53,6,6
3,52,6,6
96,61,6,6
13,3,6,6
15,113,6,6
15,66,6,6
68,48,6,6
25,24,6,6
26,24,6,6
27,3,6,6
27,64,6,6
27,69,6,6
27,26,6,6
27,24,6,6
27,68,6,6
27,62,6,6
27,15,6,6
27,72,6,6
27,56,6,6
27,38,6,6
24,27,6,6
26,113,6,6
26,27,6,6
56,27,6,6
18,3,6,6
84,50,6,6
15,27,6,6
71,9,6,6
38,1,6,6
38,36,6,6
54,117,6,6
4,3,6,6
112,123,6,6
9,66,6,6
9,67,6,6
61,96,6,6
3,27,6,6
123,94,6,6
3,52,6,6
3,18,6,6
3,8,6,6
3,35,6,6
3,51,6,6
3,13,6,6
3,20,6,6
3,50,6,6
85,3,6,6
123,112,6,6
13,3,6,6
26,103,6,6
26,31,6,6
26,60,6,6
26,105,6,6
26,30,6,6
26,25,6,6
26,24,6,6
26,45,6,6
26,32,6,6
18,3,6,6
26,27,6,6
90,50,6,6
112,123,6,6
56,1,6,6
123,112,6,6
54,74,6,6
1,56,6,6
101,93,6,6
6,43,6,6
6,101,6,6
6,22,6,6
6,98,6,6
6,50,6,6
6,106,6,6
6,20,6,6
6,40,6,6
90,80,6,6
93,101,6,6
18,55,6,6
74,54,6,6
58,29,6,6
58,46,6,6
58,43,6,6
58,95,6,6
58,104,6,6
58,2,6,6
58,4,6,6
2,58,6,6
80,43,6,6
15,27,6,6
29,58,6,6
48,50,6,6
4,106,6,6
4,58,6,6
27,15,6,6
2,94,6,6
2,22,6,6
2,98,6,6
48,56,6,6
1,38,6,6
64,27,6,6
50,3,6,6
3,50,6,6
55,18,6,6
98,2,6,6
15,33,6,6
83,15,6,6
15,83,6,6
6,106,6,6
95,58,6,6
87,24,6,6
3,50,6,6
3,13,6,6
3,8,6,6
69,59,6,6
95,22,6,6
95,42,6,6
95,87,6,6
95,123,6,6
95,93,6,6
95,44,6,6
95,98,6,6
95,7,6,6
95,79,6,6
95,65,6,6
95,112,6,6
95,10,6,6
95,94,6,6
93,95,6,6
48,69,6,6
112,95,6,6
93,101,6,6
101,93,6,6
33,15,6,6
86,84,6,6
65,95,6,6
46,58,6,6
98,95,6,6
34,98,6,6
34,83,6,6
43,80,6,6
34,24,6,6
59,9,6,6
8,3,6,6
101,57,6,6
101,82,6,6
101,6,6,6
101,19,6,6
57,101,6,6
82,101,6,6
8,3,6,6
8,3,6,6
43,81,6,6
43,95,6,6
20,94,6,6
20,22,6,6
14,44,6,6
44,14,6,6
43,6,6,6
43,21,6,6
43,29,6,6
43,80,6,6
43,81,6,6
20,3,6,6
43,81,6,6
3,20,6,6
82,13,6,6
82,40,6,6
14,44,6,6
44,14,6,6
44,95,6,6
10,95,6,6
43,95,6,6
43,58,6,6
43,29,6,6
43,21,6,6
43,42,6,6
43,6,6,6
43,64,6,6
21,43,6,6
43,95,6,6
82,21,6,6
82,86,6,6
82,89,6,6
82,19,6,6
82,70,6,6
82,75,6,6
82,56,6,6
82,109,6,6
58,43,6,6
86,82,6,6
65,90,6,6
56,82,6,6
18,3,6,6
56,47,6,6
10,7,6,6
47,56,6,6
3,18,6,6
47,56,6,6
3,50,6,6
29,43,6,6
56,47,6,6
43,81,6,6
13,3,6,6
29,43,6,6
13,82,6,6
81,27,6,6
81,47,6,6
70,82,6,6
2,94,6,6
47,81,6,6
50,18,6,6
50,3,6,6
94,9,6,6
94,2,6,6
56,69,6,6
95,43,6,6
47,48,6,6
47,85,6,6
90,65,6,6
50,84,6,6
56,15,6,6
84,50,6,6
1,38,6,6
48,47,6,6
15,56,6,6
15,61,6,6
15,12,6,6
12,15,6,6
85,47,6,6
76,13,6,6
76,75,6,6
61,15,6,6
3,50,6,6
79,95,6,6
3,50,6,6
3,18,6,6
88,90,6,6
74,4,6,6
26,60,6,6
113,15,6,6
123,95,6,6
113,15,6,6
15,113,6,6
50,84,6,6
38,36,6,6
84,50,6,6
15,77,6,6
104,58,6,6
75,82,6,6
38,36,6,6
38,7,6,6
33,15,6,6
66,32,6,6
113,62,6,6
113,60,6,6
66,15,6,6
66,9,6,6
66,9,6,6
39,27,6,6
39,27,6,6
94,95,6,6
38,7,6,6
7,95,6,6
47,50,6,6
8,50,6,6
66,59,6,6
59,66,6,6
47,68,6,6
69,9,6,6
69,68,6,6
69,48,6,6
69,67,6,6
69,72,6,6
69,15,6,6
69,3,6,6
69,56,6,6
69,65,6,6
9,67,6,6
9,65,6,6
80,66,6,6
76,69,6,6
84,50,6,6
38,1,6,6
59,44,6,6
69,67,6,6
69,9,6,6
69,56,6,6
69,68,6,6
69,48,6,6
99,18,6,6
99,18,6,6
99,18,6,6
99,18,6,6
90,88,6,6
77,15,6,6
13,40,6,6
6,101,6,6
20,3,6,6
6,43,6,6
6,43,6,6
87,95,6,6
18,3,6,6
18,50,6,6
27,39,6,6
27,81,6,6
13,65,6,6
13,3,6,6
13,8,6,6
13,40,6,6
96,15,6,6
96,61,6,6
96,12,6,6
4,74,6,6
27,81,6,6
27,93,6,6
27,101,6,6
27,102,6,6
101,27,6,6
52,3,6,6
52,3,6,6
27,39,6,6
18,3,6,6
18,84,6,6
18,81,6,6
18,84,6,6
18,81,6,6
18,3,6,6
42,43,6,6
8,13,6,6
42,95,6,6
48,94,6,6
93,27,6,6
39,27,6,6
3,13,6,6
3,35,6,6
3,8,6,6
3,4,6,6
13,14,6,6
3,13,6,6
18,31,6,6
3,18,6,6
31,18,6,6
13,3,6,6
14,13,6,6
3,13,6,6
3,4,6,6
3,53,6,6
3,50,6,6
3,35,6,6
3,69,6,6
3,66,6,6
3,67,6,6
13,3,6,6
81,27,6,6
3,18,6,6
15,96,6,6
19,101,6,6
3,35,6,6
3,13,6,6
3,53,6,6
3,69,6,6
3,66,6,6
3,67,6,6
3,50,6,6
19,101,6,6
19,82,6,6
19,82,6,6
19,93,6,6
107,57,6,6
107,18,6,6
13,3,6,6
72,71,6,6
72,73,6,6
94,48,6,6
8,3,6,6
4,65,6,6
12,96,6,6
12,72,6,6
12,71,6,6
12,15,6,6
12,73,6,6
15,12,6,6
4,3,6,6
4,3,6,6
66,80,6,6
89,98,6,6
66,3,6,6
89,82,6,6
89,82,6,6
66,3,6,6
39,81,6,6
50,84,6,6
3,68,6,6
3,85,6,6
3,66,6,6
3,67,6,6
3,8,6,6
3,35,6,6
3,13,6,6
3,4,6,6
3,69,6,6
3,17,6,6
13,3,6,6
67,3,6,6
5,72,6,6
5,71,6,6
5,73,6,6
5,74,6,6
5,11,6,6
50,48,6,6
72,74,6,6
8,3,6,6
60,113,6,6
67,9,6,6
54,5,6,6
11,5,6,6
5,54,6,6
5,11,6,6
11,5,6,6
67,9,6,6
66,3,6,6
67,3,6,6
67,3,6,6
17,3,6,6
11,5,6,6
5,11,6,6
42,7,6,6
72,15,6,6
72,12,6,6
72,71,6,6
72,73,6,6
72,5,6,6
72,117,6,6
72,74,6,6
88,90,6,6
65,13,6,6
75,50,6,6
29,7,6,6
7,29,6,6
48,50,6,6
17,56,6,6
17,15,6,6
17,54,6,6
56,17,6,6
65,9,6,6
54,17,6,6
88,90,6,6
21,72,6,6
74,5,6,6
94,86,6,6
94,89,6,6
94,68,6,6
94,69,6,6
94,56,6,6
94,85,6,6
94,84,6,6
94,48,6,6
94,76,6,6
94,88,6,6
94,47,6,6
94,59,6,6
94,2,6,6
68,94,6,6
59,94,6,6
2,94,6,6
59,68,6,6
59,69,6,6
59,56,6,6
59,85,6,6
59,86,6,6
59,84,6,6
59,89,6,6
59,48,6,6
59,76,6,6
59,88,6,6
59,47,6,6
59,94,6,6
59,2,6,6
47,94,6,6
75,50,6,6
4,3,6,6
36,38,6,6
38,36,6,6
84,18,6,6
84,18,6,6
84,50,6,6
21,89,6,6
21,47,6,6
21,69,6,6
21,84,6,6
21,76,6,6
21,48,6,6
21,68,6,6
21,90,6,6
68,21,6,6
84,21,6,6
54,117,6,6
47,21,6,6
36,38,6,6
38,36,6,6
66,77,6,6
21,47,6,6
47,50,6,6
36,38,6,6
47,21,6,6
81,56,6,6
87,34,6,6
72,9,6,6
72,14,6,6
72,71,6,6
72,65,6,6
21,43,6,6
48,21,6,6
36,38,6,6
56,94,6,6
44,42,6,6
9,67,6,6
9,66,6,6
63,98,6,6
90,21,6,6
84,57,6,6
15,17,6,6
94,9,6,6
94,65,6,6
65,94,6,6
9,94,6,6
38,24,6,6
3,4,6,6
3,13,6,6
3,8,6,6
3,35,6,6
3,51,6,6
3,20,6,6
7,22,6,6
48,94,6,6
8,3,6,6
84,94,6,6
8,3,6,6
76,94,6,6
88,55,6,6
88,89,6,6
14,13,6,6
88,94,6,6
13,14,6,6
13,14,6,6
76,21,6,6
94,65,6,6
13,3,6,6
14,13,6,6
13,40,6,6
13,40,6,6
42,44,6,6
89,21,6,6
4,3,6,6
50,75,6,6
104,117,6,6
65,94,6,6
44,59,6,6
94,65,6,6
76,81,6,6
65,94,6,6
9,85,6,6
9,67,6,6
9,66,6,6
38,67,6,6
65,94,6,6
76,50,6,6
51,3,6,6
21,75,6,6
21,7,6,6
21,10,6,6
39,77,6,6
3,84,6,6
3,69,6,6
84,3,6,6
84,3,6,6
6,106,6,6
75,21,6,6
30,7,6,6
30,32,6,6
75,50,6,6
30,15,6,6
30,54,6,6
30,33,6,6
4,13,6,6
30,3,6,6
30,8,6,6
30,17,6,6
30,3,6,6
30,17,6,6
30,20,6,6
30,35,6,6
30,33,6,6
30,15,6,6
30,54,6,6
30,5,6,6
30,39,6,6
30,35,6,6
15,30,6,6
89,94,6,6
77,39,6,6
77,66,6,6
76,19,6,6
4,13,6,6
15,30,6,6
17,30,6,6
17,30,6,6
50,47,6,6
50,47,6,6
47,50,6,6
47,50,6,6
50,76,6,6
44,42,6,6
76,50,6,6
4,13,6,6
94,65,6,6
121,106,6,6
56,81,6,6
20,3,6,6
20,30,6,6
47,50,6,6
67,9,6,6
8,30,6,6
77,66,6,6
50,47,6,6
47,50,6,6
76,4,6,6
8,1,6,6
3,30,6,6
3,30,6,6
13,4,6,6
24,45,6,6
13,4,6,6
13,4,6,6
45,24,6,6
105,103,6,6
105,26,6,6
105,24,6,6
105,52,6,6
103,105,6,6
51,3,6,6
24,105,6,6
51,3,6,6
52,105,6,6
7,30,6,6
52,3,6,6
10,21,6,6
32,30,6,6
26,105,6,6
10,21,6,6
77,14,6,6
15,1,6,6
15,7,6,6
1,15,6,6
4,76,6,6
56,48,6,6
32,66,6,6
14,77,6,6
7,15,6,6
39,30,6,6
39,29,6,6
32,45,6,6
50,3,6,6
45,32,6,6
106,71,6,6
106,117,6,6
76,4,6,6
3,52,6,6
77,14,6,6
77,14,6,6
43,27,6,6
3,50,6,6
21,10,6,6
50,3,6,6
3,50,6,6
27,43,6,6
90,56,6,6
56,90,6,6
4,106,6,6
1,8,6,6
56,59,6,6
59,56,6,6
10,7,6,6
76,17,6,6
85,94,6,6
27,43,6,6
85,3,6,6
7,10,6,6
47,48,6,6
48,47,6,6
84,53,6,6
1,10,6,6
1,7,6,6
69,86,6,6
5,30,6,6
7,1,6,6
17,76,6,6
76,17,6,6
43,27,6,6
86,94,6,6
84,86,6,6
54,30,6,6
54,30,6,6
10,1,6,6
29,39,6,6
56,27,6,6
27,56,6,6
59,65,6,6
103,52,6,6
52,103,6,6
1,10,6,6
1,7,6,6
7,1,6,6
75,53,6,6
75,50,6,6
59,44,6,6
117,54,6,6
54,117,6,6
54,117,6,6
54,117,6,6
54,15,6,6
7,21,6,6
15,54,6,6
24,30,6,6
30,24,6,6
30,32,6,6
30,7,6,6
7,30,6,6
32,30,6,6
1,38,6,6
1,36,6,6
38,36,6,6
66,32,6,6
66,9,6,6
86,50,6,6
32,66,6,6
66,32,6,6
38,36,6,6
32,66,6,6
32,45,6,6
45,32,6,6
76,75,6,6
76,13,6,6
63,38,6,6
50,86,6,6
69,94,6,6
48,47,6,6
86,50,6,6
10,1,6,6
36,38,6,6
54,117,6,6
30,7,6,6
7,30,6,6
86,84,6,6
84,57,6,6
15,54,6,6
69,76,6,6
69,84,6,6
54,15,6,6
86,84,6,6
44,91,6,6
15,54,7,7
13,40,7,7
96,15,7,7
96,61,7,7
96,12,7,7
96,15,7,7
96,61,7,7
96,12,7,7
54,117,7,7
29,23,7,7
33,30,7,7
33,30,7,7
35,30,7,7
73,12,7,7
73,5,7,7
35,30,7,7
53,75,7,7
53,3,7,7
53,47,7,7
73,5,7,7
53,50,7,7
53,40,7,7
53,84,7,7
53,70,7,7
23,29,7,7
53,105,7,7
53,81,7,7
34,24,7,7
24,34,7,7
20,18,7,7
75,86,7,7
86,75,7,7
53,50,7,7
53,3,7,7
53,3,7,7
54,117,7,7
98,93,7,7
53,3,7,7
53,84,7,7
35,1,7,7
35,7,7,7
35,3,7,7
1,35,7,7
35,3,7,7
35,3,7,7
35,3,7,7
13,14,7,7
35,3,7,7
35,3,7,7
14,13,7,7
35,3,7,7
35,3,7,7
35,3,7,7
14,13,7,7
1,10,7,7
1,7,7,7
13,14,7,7
18,20,7,7
21,75,7,7
15,96,7,7
15,96,7,7
18,111,7,7
10,1,7,7
3,35,7,7
73,1,7,7
104,117,7,7
104,90,7,7
1,73,7,7
3,67,7,7
3,13,7,7
3,66,7,7
3,8,7,7
3,35,7,7
3,4,7,7
3,68,7,7
3,85,7,7
3,69,7,7
3,17,7,7
32,26,7,7
33,5,7,7
17,3,7,7
8,3,7,7
13,3,7,7
54,5,7,7
33,15,7,7
5,54,7,7
53,50,7,7
53,75,7,7
53,70,7,7
22,7,7,7
68,3,7,7
67,3,7,7
35,3,7,7
15,33,7,7
75,21,7,7
4,3,7,7
7,10,7,7
15,9,7,7
9,15,7,7
10,7,7,7
29,39,7,7
39,29,7,7
17,56,7,7
17,15,7,7
17,54,7,7
56,17,7,7
56,88,7,7
88,56,7,7
36,38,7,7
32,26,7,7
1,9,7,7
1,3,7,7
1,65,7,7
1,90,7,7
1,69,7,7
1,14,7,7
1,15,7,7
1,5,7,7
1,17,7,7
1,11,7,7
1,68,7,7
38,36,7,7
14,1,7,7
68,1,7,7
76,75,7,7
76,13,7,7
13,17,7,7
68,69,7,7
5,1,7,7
3,1,7,7
56,96,7,7
56,61,7,7
56,15,7,7
15,56,7,7
4,48,7,7
71,5,7,7
71,15,7,7
48,4,7,7
48,4,7,7
48,56,7,7
4,48,7,7
4,101,7,7
4,93,7,7
71,72,7,7
93,4,7,7
38,7,7,7
13,14,7,7
96,56,7,7
54,96,7,7
101,4,7,7
96,54,7,7
11,1,7,7
103,30,7,7
30,103,7,7
14,59,7,7
59,14,7,7
4,48,7,7
4,70,7,7
4,68,7,7
76,123,7,7
76,123,7,7
7,38,7,7
84,19,7,7
12,96,7,7
12,96,7,7
90,1,7,7
68,4,7,7
15,1,7,7
70,4,7,7
111,18,7,7
15,17,7,7
9,68,7,7
9,56,7,7
9,67,7,7
9,66,7,7
9,1,7,7
68,9,7,7
56,9,7,7
12,72,7,7
12,74,7,7
12,15,7,7
84,19,7,7
32,15,7,7
32,83,7,7
32,66,7,7
74,12,7,7
65,1,7,7
7,22,7,7
54,117,7,7
7,1,7,7
7,35,7,7
70,53,7,7
70,53,7,7
70,50,7,7
88,61,7,7
88,96,7,7
88,12,7,7
88,15,7,7
45,26,7,7
45,24,7,7
26,45,7,7
24,45,7,7
38,7,7,7
76,50,7,7
74,72,7,7
15,12,7,7
123,76,7,7
76,123,7,7
6,106,7,7
123,76,7,7
76,123,7,7
76,123,7,7
123,76,7,7
93,33,7,7
4,106,7,7
22,64,7,7
22,42,7,7
76,19,7,7
76,123,7,7
93,46,7,7
30,45,7,7
101,86,7,7
86,101,7,7
45,30,7,7
54,117,7,7
69,76,7,7
71,72,7,7
71,73,7,7
33,93,7,7
22,68,7,7
33,93,7,7
48,4,7,7
68,22,7,7
76,69,7,7
93,33,7,7
37,38,7,7
69,76,7,7
69,76,7,7
69,76,7,7
69,76,7,7
76,69,7,7
14,59,7,7
45,26,7,7
45,24,7,7
26,45,7,7
46,93,7,7
48,4,7,7
70,53,7,7
70,50,7,7
46,93,7,7
74,4,7,7
93,46,7,7
76,19,7,7
14,59,7,7
4,48,7,7
45,26,7,7
45,24,7,7
38,26,7,7
66,3,7,7
26,149,7,7
26,23,7,7
26,45,7,7
84,19,7,7
53,70,7,7
53,70,7,7
4,70,7,7
4,81,7,7
4,48,7,7
4,101,7,7
4,93,7,7
4,68,7,7
48,4,7,7
101,4,7,7
93,4,7,7
14,44,7,7
4,74,7,7
73,1,7,7
68,4,7,7
1,73,7,7
66,9,7,7
84,89,7,7
21,84,7,7
84,21,7,7
85,48,7,7
85,3,7,7
67,9,7,7
53,70,7,7
53,70,7,7
70,4,7,7
24,45,7,7
24,45,7,7
45,9,7,7
9,45,7,7
21,69,7,7
149,26,7,7
149,38,7,7
26,149,7,7
53,70,7,7
53,50,7,7
18,69,7,7
94,65,7,7
94,9,7,7
25,32,7,7
32,25,7,7
90,104,7,7
3,51,7,7
3,35,7,7
35,3,7,7
64,66,7,7
64,9,7,7
68,9,7,7
64,63,7,7
9,64,7,7
64,63,7,7
65,94,7,7
9,15,7,7
9,17,7,7
9,94,7,7
54,17,7,7
50,76,7,7
76,50,7,7
17,9,7,7
68,112,7,7
21,82,7,7
70,53,7,7
70,50,7,7
50,70,7,7
21,10,7,7
21,7,7,7
7,21,7,7
70,50,7,7
21,89,7,7
10,21,7,7
70,50,7,7
4,48,7,7
4,35,7,7
4,86,7,7
4,3,7,7
4,13,7,7
86,4,7,7
4,69,7,7
38,68,7,7
38,15,7,7
38,13,7,7
38,69,7,7
38,1,7,7
32,15,7,7
1,38,7,7
32,3,7,7
15,32,7,7
38,1,7,7
51,3,7,7
3,4,7,7
3,32,7,7
3,51,7,7
3,35,7,7
3,8,7,7
32,9,7,7
32,66,7,7
32,26,7,7
51,3,7,7
15,9,7,7
8,3,7,7
15,5,7,7
15,5,7,7
9,17,7,7
9,15,7,7
56,15,7,7
48,4,7,7
9,67,7,7
9,66,7,7
67,9,7,7
84,50,7,7
84,50,7,7
69,76,7,7
107,57,7,7
1,7,7,7
1,4,7,7
1,5,7,7
1,6,7,7
1,2,7,7
1,3,7,7
1,8,7,7
1,9,7,7
1,10,7,7
1,11,7,7
1,12,7,7
1,13,7,7
1,14,7,7
1,15,7,7
1,16,7,7
1,17,7,7
1,38,7,7
57,107,7,7
13,4,7,7
6,40,7,7
6,40,7,7
96,12,7,7
96,15,7,7
96,61,7,7
35,3,7,7
35,4,7,7
59,14,7,7
15,56,7,7
15,96,7,7
15,9,7,7
59,14,7,7
42,63,7,7
42,63,7,7
3,66,7,7
3,17,7,7
3,67,7,7
3,8,7,7
3,35,7,7
3,13,7,7
3,4,7,7
3,68,7,7
3,85,7,7
3,69,7,7
59,9,7,7
59,14,7,7
42,63,7,7
35,3,7,7
42,29,7,7
42,20,7,7
42,33,7,7
13,3,7,7
42,44,7,7
44,42,7,7
103,14,7,7
14,44,7,7
38,36,7,7
44,14,7,7
14,103,7,7
95,87,7,7
95,123,7,7
95,93,7,7
95,22,7,7
95,98,7,7
95,104,7,7
95,79,7,7
124,121,7,7
87,95,7,7
33,15,7,7
12,96,7,7
95,87,7,7
95,123,7,7
95,93,7,7
95,22,7,7
95,98,7,7
95,104,7,7
95,79,7,7
93,95,7,7
93,95,7,7
87,95,7,7
87,27,7,7
4,3,7,7
87,115,7,7
93,101,7,7
101,93,7,7
98,95,7,7
93,101,7,7
101,82,7,7
101,6,7,7
101,93,7,7
13,3,7,7
13,17,7,7
13,35,7,7
13,4,7,7
88,15,7,7
104,95,7,7
5,15,7,7
83,30,7,7
83,9,7,7
83,112,7,7
68,3,7,7
104,95,7,7
79,95,7,7
123,95,7,7
123,95,7,7
9,83,7,7
5,15,7,7
47,48,7,7
59,67,7,7
33,5,7,7
33,117,7,7
94,65,7,7
65,94,7,7
5,33,7,7
30,83,7,7
65,94,7,7
6,101,7,7
82,101,7,7
8,3,7,7
17,56,7,7
17,15,7,7
17,54,7,7
15,17,7,7
38,7,7,7
56,17,7,7
56,88,7,7
82,56,7,7
82,21,7,7
82,86,7,7
82,89,7,7
86,82,7,7
89,82,7,7
56,82,7,7
38,36,7,7
38,37,7,7
14,22,7,7
14,64,7,7
65,9,7,7
5,15,7,7
5,15,7,7
15,5,7,7
50,70,7,7
69,76,7,7
88,56,7,7
76,69,7,7
15,5,7,7
1,7,7,7
14,59,7,7
7,1,7,7
70,50,7,7
59,14,7,7
71,72,7,7
71,5,7,7
71,15,7,7
54,17,7,7
47,68,7,7
68,47,7,7
66,3,7,7
66,9,7,7
66,64,7,7
10,7,7,7
10,75,7,7
10,21,7,7
21,10,7,7
59,86,7,7
59,84,7,7
59,48,7,7
59,76,7,7
59,88,7,7
59,47,7,7
59,68,7,7
59,69,7,7
59,56,7,7
59,85,7,7
59,89,7,7
59,94,7,7
59,2,7,7
86,59,7,7
88,18,7,7
42,63,7,7
42,63,7,7
45,32,7,7
71,73,7,7
32,45,7,7
45,86,7,7
86,45,7,7
45,69,7,7
45,64,7,7
27,44,7,7
44,27,7,7
45,27,7,7
27,45,7,7
45,68,7,7
27,45,7,7
45,53,7,7
45,27,7,7
59,2,7,7
11,5,7,7
68,45,7,7
69,45,7,7
64,45,7,7
9,65,7,7
94,65,7,7
69,72,7,7
9,67,7,7
9,44,7,7
9,42,7,7
9,65,7,7
9,14,7,7
9,59,7,7
15,9,7,7
15,56,7,7
2,94,7,7
94,2,7,7
65,9,7,7
84,47,7,7
84,48,7,7
84,89,7,7
84,88,7,7
84,68,7,7
7,14,7,7
75,10,7,7
9,15,7,7
44,9,7,7
56,48,7,7
56,15,7,7
76,19,7,7
75,70,7,7
75,82,7,7
75,86,7,7
80,9,7,7
80,14,7,7
65,9,7,7
47,18,7,7
9,80,7,7
14,80,7,7
14,9,7,7
14,80,7,7
74,4,7,7
70,75,7,7
14,7,7,7
94,95,7,7
3,66,7,7
14,7,7,7
17,9,7,7
7,14,7,7
82,75,7,7
68,47,7,7
14,9,7,7
9,67,7,7
9,69,7,7
9,56,7,7
9,65,7,7
56,9,7,7
69,9,7,7
56,88,7,7
82,13,7,7
82,40,7,7
13,3,7,7
13,82,7,7
3,13,7,7
88,56,7,7
88,56,7,7
44,80,7,7
40,16,7,7
44,59,7,7
41,40,7,7
41,3,7,7
95,94,7,7
121,106,7,7
64,90,7,7
44,22,7,7
52,103,7,7
43,42,7,7
43,6,7,7
43,29,7,7
43,95,7,7
43,87,7,7
43,21,7,7
43,58,7,7
21,43,7,7
87,43,7,7
13,3,7,7
76,50,7,7
6,106,7,7
9,14,7,7
7,10,7,7
4,106,7,7
58,43,7,7
65,79,7,7
65,44,7,7
65,95,7,7
44,65,7,7
103,52,7,7
33,83,7,7
4,74,7,7
69,76,7,7
5,11,7,7
94,95,7,7
42,43,7,7
76,50,7,7
21,10,7,7
21,75,7,7
21,88,7,7
21,7,7,7
21,89,7,7
89,21,7,7
44,65,7,7
88,21,7,7
7,21,7,7
50,76,7,7
6,43,7,7
7,22,7,7
76,50,7,7
95,43,7,7
95,65,7,7
95,94,7,7
95,65,7,7
65,44,7,7
65,44,7,7
44,65,7,7
44,104,7,7
65,95,7,7
65,95,7,7
42,9,7,7
16,40,7,7
95,65,7,7
22,14,7,7
75,50,7,7
104,44,7,7
44,104,7,7
50,76,7,7
76,50,7,7
44,38,7,7
84,50,7,7
3,13,7,7
59,44,7,7
50,76,7,7
84,86,7,7
86,84,7,7
59,9,7,7
3,8,7,7
76,50,7,7
3,20,7,7
38,36,7,7
80,14,7,7
80,85,7,7
80,90,7,7
42,64,7,7
42,14,7,7
42,9,7,7
80,44,7,7
79,65,7,7
80,67,7,7
79,65,7,7
65,79,7,7
44,80,7,7
56,81,7,7
56,15,7,7
44,80,7,7
15,56,7,7
94,95,7,7
15,9,7,7
69,50,7,7
3,13,7,7
3,50,7,7
3,35,7,7
3,8,7,7
3,4,7,7
38,9,7,7
9,15,7,7
81,56,7,7
69,84,7,7
50,69,7,7
13,3,7,7
10,21,7,7
10,87,7,7
10,43,7,7
21,75,7,7
21,10,7,7
21,7,7,7
66,77,7,7
59,65,7,7
20,3,7,7
43,79,7,7
50,52,7,7
69,50,7,7
43,42,7,7
42,43,7,7
52,50,7,7
77,66,7,7
77,66,7,7
87,10,7,7
17,9,7,7
84,50,7,7
9,17,7,7
52,50,7,7
35,3,7,7
8,3,7,7
8,3,7,7
50,84,7,7
84,50,7,7
50,84,7,7
84,50,7,7
84,19,7,7
4,3,7,7
75,21,7,7
20,3,7,7
75,70,7,7
70,75,7,7
38,36,7,7
3,20,7,7
77,66,7,7
75,86,7,7
75,82,7,7
13,17,7,7
17,13,7,7
50,52,7,7
50,84,7,7
84,50,7,7
52,50,7,7
1,38,7,7
94,65,7,7
42,43,7,7
47,48,7,7
43,42,7,7
77,66,7,7
48,47,7,7
43,42,7,7
43,45,7,7
43,79,7,7
45,43,7,7
47,13,7,7
82,75,7,7
50,75,7,7
65,94,7,7
50,75,7,7
42,43,7,7
82,101,7,7
82,93,7,7
82,109,7,7
82,19,7,7
82,21,7,7
93,82,7,7
90,68,7,7
68,90,7,7
68,47,7,7
85,48,7,7
85,80,7,7
85,3,7,7
80,69,7,7
80,64,7,7
69,80,7,7
69,80,7,7
80,44,7,7
84,53,7,7
80,44,7,7
80,69,7,7
69,80,7,7
80,69,7,7
7,29,7,7
69,80,7,7
90,151,7,7
69,56,7,7
80,69,7,7
67,80,7,7
67,9,7,7
67,9,7,7
67,3,7,7
90,80,7,7
84,57,7,7
84,19,7,7
59,14,7,7
59,9,7,7
13,47,7,7
13,47,7,7
101,82,7,7
96,15,7,7
96,61,7,7
96,12,7,7
94,9,7,7
94,65,7,7
11,5,7,7
29,7,7,7
29,43,7,7
5,11,7,7
75,50,7,7
75,50,7,7
13,14,7,7
14,13,7,7
11,5,7,7
14,13,7,7
44,80,7,7
14,13,7,7
13,14,7,7
13,14,7,7
13,14,7,7
14,13,7,7
14,13,7,7
13,14,7,7
81,43,7,7
81,29,7,7
56,88,7,7
13,17,7,7
12,96,7,7
14,71,7,7
17,3,7,7
77,66,7,7
75,50,7,7
17,13,7,7
3,66,7,7
3,13,7,7
3,4,7,7
3,17,7,7
3,67,7,7
3,8,7,7
3,35,7,7
3,68,7,7
3,85,7,7
3,69,7,7
17,3,7,7
66,3,7,7
14,22,7,7
13,3,7,7
5,11,7,7
17,1,7,7
13,3,7,7
65,94,7,7
65,94,7,7
9,94,7,7
79,43,7,7
79,43,7,7
79,95,7,7
67,3,7,7
35,3,7,7
4,3,7,7
47,13,7,7
88,56,7,7
9,67,7,7
9,66,7,7
29,81,7,7
21,47,7,7
14,95,7,7
75,50,7,7
68,3,7,7
47,21,7,7
47,50,7,7
75,50,7,7
81,27,7,7
13,35,7,7
13,4,7,7
77,3,7,7
77,51,7,7
77,15,7,7
77,24,7,7
77,66,7,7
77,26,7,7
11,5,7,7
54,58,7,7
54,83,7,7
58,54,7,7
69,84,7,7
88,15,7,7
94,65,7,7
24,77,7,7
98,95,7,7
8,3,7,7
6,106,7,7
69,68,7,7
69,84,7,7
69,76,7,7
69,89,7,7
17,56,7,7
17,54,7,7
17,15,7,7
71,15,7,7
71,72,7,7
71,5,7,7
71,73,7,7
56,17,7,7
104,44,7,7
54,17,7,7
95,14,7,7
68,47,7,7
26,77,7,7
18,69,7,7
21,82,7,7
21,82,7,7
75,50,7,7
3,77,7,7
14,95,7,7
50,70,7,7
50,53,7,7
69,18,7,7
76,40,7,7
70,50,7,7
95,14,7,7
95,14,7,7
14,95,7,7
27,81,7,7
95,14,7,7
18,69,7,7
18,79,7,7
14,95,7,7
76,19,7,7
80,59,7,7
18,79,7,7
59,80,7,7
44,22,7,7
90,64,7,7
84,86,7,7
69,38,7,7
69,18,7,7
79,18,7,7
67,9,7,7
81,27,7,7
27,81,7,7
77,24,7,7
77,3,7,7
57,84,7,7
84,57,7,7
24,60,7,7
83,54,7,7
94,65,7,7
94,9,7,7
65,94,7,7
77,66,7,7
5,11,7,7
52,103,7,7
103,52,7,7
76,19,7,7
83,62,7,7
83,15,7,7
48,50,7,7
15,96,7,7
48,56,7,7
10,43,7,7
15,83,7,7
74,4,7,7
4,106,7,7
54,10,7,7
54,15,7,7
50,75,7,7
54,15,7,7
54,61,7,7
52,50,7,7
44,36,7,7
75,50,7,7
66,77,7,7
77,14,7,7
77,66,7,7
14,77,7,7
4,74,7,7
15,88,7,7
77,15,7,7
77,3,7,7
77,51,7,7
77,26,7,7
77,24,7,7
77,9,7,7
77,66,7,7
77,14,7,7
60,24,7,7
20,3,7,7
36,44,7,7
75,50,7,7
3,20,7,7
88,15,7,7
15,17,7,7
15,54,7,7
15,54,7,7
65,94,7,7
65,79,7,7
65,95,7,7
65,104,7,7
68,47,7,7
77,66,7,7
66,9,7,7
50,75,7,7
76,13,7,7
95,65,7,7
75,50,7,7
32,59,7,7
44,95,7,7
95,44,7,7
50,75,7,7
14,44,7,7
9,14,7,7
9,65,7,7
85,3,7,7
9,14,7,7
36,38,7,7
9,94,7,7
65,9,7,7
14,9,7,7
9,80,7,7
80,9,7,7
44,14,7,7
69,18,7,7
69,79,7,7
69,72,7,7
21,88,7,7
88,21,7,7
151,90,7,7
9,67,7,7
79,18,7,7
75,50,7,7
79,44,7,7
79,44,7,7
44,79,7,7
44,79,7,7
76,19,7,7
79,65,7,7
38,66,7,7
38,77,7,7
38,24,7,7
59,67,7,7
9,48,7,7
9,86,7,7
9,84,7,7
9,76,7,7
86,9,7,7
79,123,7,7
84,9,7,7
50,48,7,7
123,79,7,7
48,50,7,7
76,18,7,7
76,19,7,7
75,50,7,7
59,2,7,7
47,68,7,7
76,9,7,7
68,47,7,7
70,50,7,7
38,1,7,7
76,13,7,7
1,38,7,7
50,75,7,7
13,76,7,7
13,75,7,7
59,2,7,7
59,94,7,7
66,26,7,7
66,24,7,7
80,66,7,7
75,13,7,7
20,111,7,7
70,50,7,7
76,13,7,7
75,50,7,7
18,111,7,7
18,107,7,7
18,108,7,7
18,99,7,7
18,110,7,7
18,109,7,7
18,57,7,7
48,9,7,7
47,68,7,7
68,47,7,7
111,20,7,7
57,18,7,7
29,15,7,7
50,75,7,7
67,9,7,7
38,69,7,7
38,1,7,7
38,18,7,7
9,67,7,7
9,66,7,7
24,66,7,7
84,69,7,7
84,69,7,7
18,91,7,7
18,44,7,7
44,18,7,7
18,91,7,7
18,44,7,7
90,36,7,7
51,24,7,7
38,36,7,7
67,9,7,7
38,36,7,7
69,56,7,7
50,84,7,7
84,50,7,7
47,55,7,7
38,36,7,7
84,19,7,7
84,57,7,7
66,80,7,7
80,151,7,7
80,59,7,7
80,104,7,7
80,45,7,7
80,69,7,7
80,85,7,7
80,68,7,7
80,72,7,7
80,94,7,7
80,79,7,7
85,80,7,7
68,80,7,7
10,54,7,7
107,18,7,7
110,18,7,7
110,18,7,7
38,36,7,7
94,80,7,7
96,15,7,7
96,61,7,7
96,12,7,7
94,65,7,7
94,9,7,7
13,14,7,7
24,25,7,7
24,26,7,7
26,24,7,7
25,24,7,7
55,47,7,7
14,13,7,7
14,13,7,7
13,14,7,7
71,14,7,7
13,14,7,7
14,13,7,7
14,13,7,7
13,14,7,7
13,14,7,7
14,13,7,7
105,103,7,7
94,84,7,7
94,76,7,7
94,69,7,7
69,94,7,7
79,80,7,7
15,96,7,7
103,105,7,7
15,88,7,7
15,29,7,7
59,80,7,7
59,32,7,7
12,96,7,7
3,66,7,7
3,67,7,7
3,8,7,7
3,35,7,7
3,13,7,7
3,4,7,7
3,68,7,7
3,69,7,7
3,17,7,7
69,3,7,7
3,84,7,7
9,94,7,7
65,94,7,7
65,94,7,7
35,3,7,7
17,3,7,7
8,3,7,7
66,3,7,7
2,94,7,7
2,33,7,7
2,83,7,7
2,22,7,7
66,9,7,7
88,15,7,7
4,3,7,7
52,103,7,7
121,106,7,7
103,52,7,7
94,65,7,7
94,2,7,7
94,56,7,7
94,29,7,7
94,20,7,7
94,95,7,7
94,123,7,7
94,10,7,7
94,98,7,7
94,18,7,7
94,58,7,7
29,94,7,7
58,94,7,7
54,88,7,7
54,15,7,7
123,94,7,7
17,3,7,7
17,56,7,7
17,15,7,7
17,54,7,7
15,17,7,7
56,17,7,7
54,17,7,7
82,101,7,7
82,98,7,7
82,21,7,7
54,88,7,7
56,88,7,7
33,2,7,7
33,58,7,7
14,44,7,7
58,33,7,7
88,54,7,7
23,29,7,7
23,58,7,7
23,45,7,7
23,94,7,7
23,86,7,7
23,48,7,7
86,23,7,7
29,23,7,7
53,50,7,7
58,23,7,7
53,70,7,7
53,45,7,7
45,23,7,7
53,84,7,7
48,23,7,7
95,94,7,7
10,94,7,7
10,7,7,7
10,21,7,7
5,15,7,7
5,117,7,7
7,10,7,7
15,5,7,7
15,54,7,7
20,94,7,7
59,84,7,7
59,47,7,7
59,94,7,7
59,68,7,7
59,69,7,7
59,56,7,7
59,85,7,7
59,86,7,7
59,89,7,7
59,48,7,7
59,76,7,7
59,88,7,7
59,2,7,7
69,59,7,7
71,15,7,7
71,72,7,7
71,5,7,7
71,73,7,7
98,94,7,7
84,3,7,7
84,94,7,7
117,15,7,7
21,10,7,7
88,54,7,7
15,117,7,7
88,54,7,7
117,15,7,7
15,117,7,7
117,15,7,7
18,94,7,7
44,14,7,7
15,117,7,7
117,15,7,7
15,117,7,7
88,54,7,7
44,14,7,7
58,29,7,7
58,83,7,7
58,2,7,7
58,46,7,7
58,43,7,7
58,33,7,7
58,94,7,7
58,73,7,7
2,58,7,7
89,88,7,7
29,58,7,7
89,88,7,7
56,94,7,7
89,88,7,7
14,44,7,7
104,44,7,7
33,58,7,7
43,42,7,7
32,26,7,7
42,43,7,7
32,24,7,7
32,26,7,7
73,58,7,7
26,45,7,7
44,18,7,7
11,5,7,7
70,1,7,7
24,26,7,7
24,66,7,7
88,15,7,7
88,61,7,7
88,96,7,7
88,12,7,7
26,24,7,7
15,26,7,7
15,66,7,7
32,117,7,7
32,23,7,7
32,27,7,7
32,83,7,7
26,15,7,7
26,24,7,7
23,32,7,7
23,32,7,7
32,23,7,7
32,23,7,7
23,32,7,7
40,82,7,7
76,94,7,7
46,58,7,7
77,66,7,7
5,11,7,7
32,59,7,7
77,66,7,7
70,53,7,7
75,50,7,7
84,19,7,7
84,57,7,7
23,51,7,7
51,23,7,7
80,59,7,7
59,14,7,7
59,80,7,7
27,32,7,7
29,58,7,7
29,23,7,7
29,83,7,7
29,94,7,7
23,29,7,7
29,42,7,7
23,29,7,7
58,29,7,7
59,67,7,7
44,14,7,7
47,55,7,7
47,18,7,7
4,106,7,7
105,103,7,7
105,52,7,7
103,105,7,7
52,105,7,7
55,47,7,7
18,47,7,7
24,66,7,7
24,26,7,7
106,117,7,7
106,73,7,7
85,48,7,7
66,77,7,7
18,57,7,7
77,66,7,7
57,18,7,7
66,24,7,7
30,25,7,7
30,26,7,7
15,77,7,7
151,80,7,7
29,23,7,7
14,44,7,7
77,15,7,7
77,15,7,7
9,85,7,7
84,19,7,7
3,51,7,7
3,8,7,7
3,35,7,7
19,75,7,7
48,56,7,7
80,14,7,7
56,48,7,7
14,80,7,7
43,10,7,7
43,58,7,7
8,3,7,7
25,30,7,7
75,19,7,7
35,3,7,7
51,3,7,7
77,66,7,7
77,15,7,7
77,26,7,7
77,24,7,7
81,56,7,7
81,15,7,7
56,81,7,7
69,84,7,7
15,81,7,7
26,24,7,7
70,53,7,7
26,30,7,7
53,70,7,7
56,15,7,7
56,69,7,7
56,67,7,7
56,9,7,7
56,72,7,7
56,3,7,7
56,68,7,7
56,88,7,7
56,65,7,7
69,56,7,7
3,56,7,7
9,56,7,7
3,56,7,7
14,59,7,7
15,56,7,7
3,13,7,7
3,4,7,7
3,8,7,7
3,35,7,7
115,67,7,7
59,14,7,7
56,3,7,7
35,3,7,7
4,3,7,7
9,66,7,7
9,85,7,7
9,67,7,7
66,26,7,7
66,32,7,7
66,24,7,7
32,66,7,7
88,56,7,7
65,56,7,7
115,67,7,7
84,53,7,7
47,13,7,7
8,3,7,7
29,30,7,7
29,4,7,7
29,102,7,7
29,31,7,7
30,29,7,7
29,100,7,7
53,70,7,7
53,84,7,7
45,80,7,7
84,69,7,7
84,86,7,7
84,76,7,7
84,88,7,7
69,84,7,7
59,44,7,7
47,13,7,7
12,15,7,7
12,72,7,7
12,71,7,7
12,73,7,7
9,67,7,7
9,66,7,7
66,9,7,7
84,50,7,7
7,10,7,7
14,44,7,7
13,47,8,8
13,40,8,8
13,47,8,8
13,47,8,8
13,3,8,8
13,3,8,8
13,65,8,8
13,3,8,8
13,8,8,8
13,40,8,8
4,29,8,8
31,29,8,8
96,15,8,8
96,61,8,8
96,12,8,8
26,66,8,8
26,66,8,8
8,13,8,8
100,29,8,8
42,29,8,8
44,14,8,8
19,82,8,8
3,13,8,8
71,12,8,8
71,5,8,8
4,65,8,8
73,12,8,8
14,9,8,8
81,27,8,8
81,47,8,8
14,32,8,8
15,96,8,8
71,12,8,8
15,12,8,8
3,66,8,8
3,67,8,8
3,13,8,8
3,85,8,8
3,69,8,8
3,8,8,8
3,35,8,8
3,4,8,8
3,68,8,8
3,84,8,8
3,17,8,8
35,3,8,8
13,3,8,8
17,3,8,8
5,72,8,8
5,71,8,8
5,73,8,8
5,74,8,8
5,11,8,8
8,3,8,8
4,106,8,8
4,3,8,8
11,5,8,8
66,3,8,8
14,77,8,8
44,104,8,8
68,56,8,8
13,14,8,8
14,13,8,8
4,13,8,8
4,86,8,8
4,69,8,8
4,84,8,8
4,35,8,8
14,13,8,8
13,4,8,8
13,14,8,8
13,14,8,8
14,13,8,8
14,13,8,8
13,14,8,8
13,14,8,8
14,13,8,8
67,3,8,8
13,14,8,8
67,9,8,8
1,38,8,8
1,70,8,8
14,13,8,8
14,13,8,8
69,68,8,8
1,38,8,8
67,115,8,8
67,56,8,8
13,14,8,8
13,14,8,8
67,115,8,8
7,10,8,8
47,81,8,8
47,13,8,8
72,117,8,8
72,12,8,8
72,71,8,8
72,73,8,8
72,15,8,8
72,5,8,8
72,74,8,8
14,13,8,8
35,4,8,8
68,3,8,8
80,67,8,8
76,69,8,8
12,96,8,8
10,7,8,8
22,95,8,8
22,42,8,8
22,98,8,8
38,1,8,8
1,70,8,8
98,22,8,8
17,56,8,8
17,15,8,8
17,54,8,8
73,5,8,8
32,14,8,8
1,38,8,8
14,32,8,8
70,1,8,8
32,14,8,8
80,14,8,8
14,80,8,8
38,44,8,8
70,1,8,8
65,95,8,8
65,13,8,8
52,23,8,8
95,22,8,8
95,65,8,8
66,3,8,8
66,15,8,8
23,52,8,8
44,38,8,8
74,5,8,8
76,69,8,8
1,70,8,8
71,72,8,8
71,15,8,8
71,73,8,8
71,5,8,8
38,44,8,8
84,3,8,8
84,4,8,8
50,70,8,8
65,95,8,8
20,63,8,8
63,20,8,8
42,22,8,8
32,14,8,8
32,24,8,8
32,9,8,8
32,26,8,8
65,47,8,8
63,62,8,8
95,65,8,8
47,65,8,8
70,50,8,8
4,70,8,8
121,106,8,8
81,56,8,8
81,15,8,8
89,75,8,8
89,56,8,8
89,88,8,8
89,69,8,8
89,84,8,8
84,89,8,8
77,14,8,8
77,14,8,8
63,3,8,8
75,89,8,8
70,4,8,8
3,63,8,8
70,4,8,8
76,69,8,8
67,66,8,8
3,52,8,8
3,63,8,8
52,3,8,8
77,14,8,8
14,77,8,8
15,81,8,8
76,13,8,8
76,75,8,8
4,70,8,8
15,17,8,8
32,26,8,8
11,5,8,8
84,69,8,8
50,52,8,8
50,48,8,8
50,70,8,8
52,50,8,8
70,50,8,8
48,50,8,8
52,50,8,8
4,53,8,8
15,5,8,8
5,15,8,8
26,32,8,8
76,53,8,8
84,4,8,8
84,86,8,8
84,69,8,8
84,13,8,8
84,35,8,8
4,106,8,8
5,11,8,8
26,38,8,8
38,1,8,8
50,48,8,8
26,32,8,8
43,15,8,8
63,3,8,8
53,4,8,8
69,21,8,8
69,68,8,8
69,89,8,8
88,15,8,8
88,61,8,8
88,96,8,8
88,12,8,8
15,43,8,8
53,76,8,8
53,50,8,8
9,66,8,8
66,9,8,8
14,13,8,8
42,22,8,8
13,14,8,8
13,14,8,8
14,13,8,8
66,67,8,8
14,13,8,8
13,14,8,8
42,22,8,8
13,14,8,8
26,32,8,8
14,13,8,8
43,42,8,8
3,13,8,8
3,8,8,8
3,18,8,8
3,52,8,8
3,35,8,8
3,20,8,8
13,3,8,8
52,3,8,8
2,22,8,8
2,59,8,8
2,42,8,8
2,83,8,8
2,33,8,8
2,95,8,8
2,58,8,8
2,94,8,8
43,42,8,8
43,45,8,8
43,79,8,8
43,79,8,8
14,13,8,8
59,2,8,8
13,14,8,8
13,14,8,8
14,13,8,8
45,43,8,8
44,84,8,8
44,76,8,8
44,67,8,8
44,89,8,8
44,88,8,8
44,86,8,8
44,69,8,8
44,91,8,8
86,44,8,8
14,13,8,8
103,52,8,8
103,26,8,8
103,105,8,8
79,43,8,8
105,103,8,8
52,103,8,8
85,3,8,8
95,2,8,8
84,76,8,8
77,14,8,8
53,84,8,8
74,117,8,8
74,5,8,8
32,66,8,8
32,26,8,8
13,14,8,8
13,14,8,8
44,38,8,8
14,13,8,8
14,13,8,8
71,32,8,8
8,3,8,8
77,66,8,8
20,3,8,8
89,84,8,8
89,69,8,8
84,89,8,8
6,106,8,8
18,3,8,8
13,14,8,8
13,14,8,8
24,7,8,8
44,14,8,8
7,24,8,8
14,44,8,8
15,117,8,8
66,9,8,8
66,77,8,8
48,85,8,8
14,77,8,8
14,13,8,8
77,14,8,8
14,13,8,8
13,14,8,8
13,14,8,8
106,117,8,8
106,73,8,8
48,85,8,8
14,13,8,8
48,85,8,8
77,14,8,8
14,13,8,8
13,14,8,8
13,14,8,8
14,13,8,8
71,32,8,8
71,12,8,8
48,50,8,8
77,66,8,8
115,67,8,8
22,44,8,8
115,67,8,8
115,64,8,8
67,80,8,8
8,3,8,8
3,8,8,8
42,43,8,8
58,2,8,8
1,38,8,8
3,8,8,8
42,43,8,8
58,23,8,8
58,33,8,8
58,83,8,8
58,29,8,8
58,95,8,8
95,58,8,8
23,58,8,8
42,2,8,8
23,34,8,8
23,39,8,8
23,46,8,8
23,94,8,8
23,45,8,8
23,86,8,8
23,80,8,8
23,112,8,8
23,21,8,8
23,151,8,8
23,32,8,8
23,18,8,8
23,56,8,8
23,50,8,8
39,23,8,8
20,3,8,8
3,20,8,8
42,9,8,8
42,14,8,8
32,23,8,8
84,50,8,8
21,23,8,8
35,3,8,8
77,17,8,8
47,68,8,8
21,43,8,8
21,75,8,8
21,7,8,8
21,89,8,8
21,10,8,8
7,21,8,8
21,94,8,8
89,21,8,8
80,66,8,8
22,6,8,8
10,21,8,8
29,58,8,8
33,2,8,8
33,58,8,8
75,21,8,8
45,23,8,8
77,66,8,8
14,31,8,8
31,14,8,8
31,25,8,8
38,44,8,8
38,104,8,8
25,31,8,8
66,80,8,8
68,47,8,8
66,67,8,8
18,3,8,8
3,18,8,8
18,23,8,8
34,24,8,8
34,23,8,8
24,34,8,8
46,23,8,8
76,50,8,8
50,76,8,8
26,103,8,8
8,3,8,8
69,76,8,8
76,50,8,8
53,70,8,8
5,74,8,8
67,115,8,8
67,64,8,8
67,115,8,8
15,43,8,8
47,65,8,8
50,70,8,8
53,70,8,8
104,80,8,8
69,84,8,8
104,65,8,8
15,12,8,8
50,52,8,8
12,15,8,8
43,15,8,8
69,84,8,8
9,67,8,8
9,66,8,8
67,9,8,8
69,68,8,8
69,84,8,8
66,9,8,8
66,67,8,8
84,86,8,8
84,86,8,8
84,86,8,8
84,86,8,8
84,86,8,8
84,86,8,8
84,86,8,8
84,86,8,8
84,86,8,8
67,66,8,8
6,22,8,8
96,15,8,8
96,61,8,8
96,12,8,8
101,93,8,8
101,57,8,8
101,82,8,8
101,6,8,8
101,19,8,8
70,50,8,8
75,50,8,8
14,13,8,8
93,101,8,8
13,14,8,8
13,14,8,8
14,13,8,8
14,13,8,8
13,14,8,8
39,29,8,8
39,23,8,8
62,63,8,8
27,81,8,8
61,54,8,8
42,67,8,8
42,66,8,8
101,93,8,8
93,101,8,8
112,83,8,8
50,84,8,8
50,84,8,8
82,101,8,8
82,56,8,8
82,75,8,8
82,70,8,8
82,86,8,8
82,89,8,8
82,151,8,8
82,109,8,8
117,115,8,8
45,112,8,8
3,66,8,8
3,67,8,8
3,35,8,8
3,68,8,8
3,69,8,8
3,8,8,8
3,13,8,8
3,4,8,8
3,85,8,8
3,17,8,8
66,42,8,8
66,3,8,8
89,82,8,8
56,89,8,8
89,94,8,8
89,82,8,8
89,88,8,8
89,2,8,8
89,48,8,8
89,19,8,8
89,21,8,8
89,95,8,8
48,89,8,8
3,66,8,8
17,3,8,8
56,117,8,8
56,27,8,8
56,15,8,8
56,5,8,8
56,23,8,8
151,23,8,8
57,101,8,8
57,101,8,8
56,17,8,8
56,81,8,8
101,57,8,8
52,50,8,8
112,45,8,8
61,96,8,8
151,82,8,8
70,82,8,8
75,82,8,8
66,27,8,8
52,3,8,8
52,20,8,8
83,58,8,8
83,2,8,8
44,112,8,8
56,81,8,8
3,52,8,8
83,29,8,8
4,3,8,8
13,3,8,8
83,32,8,8
52,3,8,8
52,20,8,8
3,52,8,8
95,89,8,8
83,58,8,8
83,2,8,8
3,42,8,8
3,52,8,8
52,3,8,8
95,42,8,8
95,123,8,8
95,43,8,8
95,93,8,8
95,22,8,8
95,58,8,8
95,98,8,8
95,89,8,8
95,79,8,8
89,95,8,8
15,96,8,8
93,95,8,8
58,95,8,8
50,76,8,8
36,117,8,8
79,95,8,8
58,95,8,8
58,33,8,8
58,29,8,8
58,106,8,8
29,58,8,8
15,56,8,8
42,112,8,8
35,3,8,8
20,3,8,8
3,20,8,8
68,3,8,8
5,56,8,8
50,70,8,8
8,3,8,8
95,58,8,8
17,56,8,8
17,15,8,8
17,54,8,8
56,17,8,8
15,17,8,8
18,38,8,8
18,57,8,8
18,3,8,8
18,96,8,8
18,69,8,8
18,68,8,8
18,44,8,8
33,58,8,8
70,50,8,8
68,18,8,8
57,18,8,8
76,50,8,8
3,18,8,8
18,27,8,8
20,52,8,8
20,52,8,8
45,117,8,8
117,15,8,8
59,67,8,8
59,94,8,8
66,67,8,8
96,18,8,8
66,3,8,8
3,66,8,8
3,64,8,8
3,20,8,8
15,117,8,8
66,3,8,8
69,18,8,8
20,3,8,8
38,1,8,8
68,18,8,8
59,67,8,8
59,94,8,8
36,38,8,8
25,32,8,8
42,3,8,8
42,3,8,8
42,95,8,8
75,50,8,8
42,95,8,8
42,63,8,8
42,22,8,8
42,98,8,8
42,43,8,8
42,33,8,8
42,7,8,8
42,29,8,8
3,42,8,8
7,42,8,8
1,38,8,8
44,14,8,8
50,75,8,8
95,42,8,8
106,58,8,8
14,44,8,8
38,18,8,8
82,89,8,8
50,40,8,8
50,70,8,8
76,50,8,8
71,72,8,8
71,15,8,8
71,73,8,8
71,5,8,8
75,50,8,8
44,18,8,8
50,76,8,8
67,66,8,8
44,18,8,8
112,44,8,8
18,38,8,8
18,44,8,8
67,3,8,8
44,112,8,8
67,42,8,8
86,75,8,8
84,50,8,8
86,75,8,8
84,86,8,8
84,50,8,8
33,42,8,8
29,42,8,8
76,50,8,8
86,75,8,8
29,42,8,8
23,34,8,8
123,95,8,8
84,86,8,8
86,9,8,8
33,83,8,8
33,42,8,8
33,106,8,8
33,58,8,8
33,46,8,8
33,43,8,8
33,93,8,8
33,98,8,8
63,42,8,8
69,84,8,8
58,33,8,8
93,33,8,8
106,33,8,8
84,69,8,8
38,36,8,8
121,106,8,8
34,23,8,8
80,9,8,8
80,67,8,8
80,66,8,8
80,14,8,8
42,33,8,8
83,33,8,8
50,70,8,8
42,29,8,8
32,25,8,8
32,51,8,8
32,66,8,8
32,24,8,8
32,3,8,8
32,15,8,8
32,5,8,8
32,83,8,8
32,26,8,8
43,33,8,8
86,84,8,8
86,82,8,8
84,86,8,8
86,82,8,8
50,40,8,8
50,48,8,8
50,52,8,8
86,4,8,8
86,45,8,8
52,50,8,8
86,23,8,8
86,101,8,8
70,50,8,8
70,50,8,8
86,101,8,8
48,50,8,8
9,80,8,8
86,69,8,8
86,84,8,8
38,67,8,8
14,80,8,8
2,89,8,8
2,33,8,8
2,83,8,8
2,22,8,8
2,59,8,8
2,95,8,8
2,58,8,8
2,94,8,8
86,69,8,8
86,84,8,8
86,89,8,8
86,48,8,8
86,56,8,8
86,75,8,8
86,76,8,8
86,88,8,8
86,85,8,8
86,68,8,8
86,82,8,8
86,70,8,8
86,40,8,8
86,49,8,8
2,33,8,8
2,83,8,8
2,59,8,8
2,22,8,8
2,95,8,8
2,58,8,8
2,94,8,8
59,2,8,8
58,2,8,8
11,5,8,8
59,2,8,8
58,2,8,8
25,9,8,8
36,38,8,8
33,2,8,8
5,11,8,8
75,10,8,8
75,21,8,8
32,27,8,8
22,42,8,8
22,98,8,8
21,69,8,8
42,22,8,8
2,6,8,8
22,42,8,8
22,98,8,8
67,80,8,8
42,22,8,8
6,2,8,8
48,53,8,8
53,48,8,8
6,101,8,8
84,4,8,8
84,13,8,8
84,70,8,8
6,70,8,8
6,87,8,8
6,101,8,8
6,22,8,8
6,98,8,8
6,95,8,8
6,20,8,8
6,106,8,8
68,44,8,8
101,6,8,8
88,56,8,8
95,6,8,8
95,2,8,8
95,2,8,8
84,50,8,8
27,18,8,8
27,32,8,8
27,56,8,8
4,84,8,8
4,13,8,8
4,70,8,8
84,4,8,8
70,4,8,8
70,6,8,8
69,76,8,8
106,6,8,8
38,36,8,8
64,80,8,8
64,42,8,8
64,63,8,8
64,43,8,8
64,22,8,8
3,35,8,8
3,18,8,8
3,8,8,8
18,81,8,8
18,84,8,8
18,19,8,8
18,13,8,8
84,18,8,8
19,18,8,8
18,3,8,8
50,75,8,8
15,64,8,8
15,66,8,8
63,64,8,8
1,38,8,8
8,3,8,8
64,15,8,8
84,86,8,8
81,18,8,8
6,106,8,8
43,64,8,8
80,64,8,8
86,50,8,8
94,2,8,8
13,18,8,8
115,38,8,8
13,4,8,8
59,56,8,8
59,84,8,8
59,48,8,8
59,76,8,8
59,2,8,8
59,68,8,8
59,69,8,8
59,85,8,8
59,86,8,8
59,89,8,8
59,88,8,8
59,47,8,8
59,94,8,8
94,2,8,8
94,23,8,8
76,50,8,8
75,50,8,8
44,104,8,8
56,5,8,8
27,83,8,8
50,82,8,8
83,2,8,8
83,2,8,8
86,84,8,8
86,76,8,8
86,69,8,8
50,84,8,8
84,50,8,8
84,50,8,8
112,44,8,8
45,151,8,8
13,106,8,8
13,4,8,8
59,72,8,8
5,56,8,8
47,55,8,8
14,32,8,8
32,14,8,8
83,27,8,8
27,69,8,8
66,42,8,8
20,6,8,8
55,47,8,8
86,53,8,8
42,66,8,8
66,80,8,8
3,8,8,8
3,51,8,8
3,35,8,8
3,66,8,8
88,105,8,8
42,64,8,8
51,3,8,8
63,64,8,8
85,3,8,8
33,2,8,8
53,86,8,8
105,103,8,8
103,105,8,8
86,53,8,8
35,3,8,8
35,3,8,8
69,86,8,8
66,9,8,8
66,67,8,8
66,80,8,8
66,15,8,8
42,66,8,8
9,66,8,8
66,42,8,8
9,14,8,8
80,64,8,8
14,9,8,8
71,8,8,8
66,42,8,8
66,3,8,8
13,15,8,8
13,40,8,8
67,66,8,8
59,2,8,8
69,76,8,8
71,8,8,8
13,8,8,8
13,35,8,8
42,66,8,8
42,66,8,8
86,75,8,8
86,117,8,8
59,2,8,8
83,63,8,8
46,33,8,8
8,3,8,8
8,13,8,8
29,39,8,8
38,36,8,8
1,38,8,8
85,18,8,8
39,29,8,8
82,50,8,8
112,44,8,8
88,89,8,8
53,52,8,8
44,112,8,8
64,70,8,8
64,67,8,8
64,100,8,8
64,35,8,8
64,60,8,8
39,22,8,8
64,63,8,8
64,42,8,8
30,112,8,8
112,30,8,8
22,43,8,8
22,58,8,8
22,42,8,8
22,33,8,8
22,29,8,8
22,63,8,8
22,93,8,8
22,98,8,8
22,95,8,8
22,20,8,8
22,7,8,8
22,45,8,8
22,2,8,8
22,6,8,8
22,94,8,8
58,22,8,8
42,22,8,8
2,22,8,8
7,22,8,8
38,36,8,8
58,33,8,8
58,95,8,8
58,83,8,8
58,29,8,8
58,23,8,8
58,54,8,8
151,45,8,8
23,58,8,8
63,83,8,8
23,58,8,8
58,23,8,8
95,58,8,8
42,64,8,8
98,22,8,8
68,90,8,8
42,60,8,8
42,20,8,8
42,35,8,8
93,22,8,8
83,24,8,8
83,30,8,8
83,58,8,8
112,83,8,8
112,30,8,8
112,9,8,8
9,112,8,8
83,112,8,8
24,83,8,8
93,101,8,8
66,42,8,8
63,64,8,8
63,22,8,8
117,56,8,8
117,15,8,8
22,39,8,8
56,117,8,8
47,68,8,8
38,37,8,8
38,36,8,8
30,83,8,8
98,33,8,8
32,24,8,8
32,9,8,8
98,33,8,8
98,93,8,8
98,58,8,8
98,42,8,8
98,95,8,8
98,20,8,8
98,34,8,8
98,82,8,8
98,89,8,8
29,22,8,8
93,98,8,8
38,68,8,8
39,22,8,8
29,58,8,8
29,42,8,8
29,22,8,8
22,42,8,8
22,95,8,8
22,2,8,8
95,22,8,8
95,98,8,8
95,22,8,8
83,33,8,8
83,58,8,8
83,5,8,8
83,32,8,8
83,29,8,8
83,23,8,8
83,112,8,8
83,54,8,8
68,38,8,8
89,98,8,8
38,68,8,8
47,48,8,8
47,18,8,8
82,98,8,8
84,86,8,8
84,50,8,8
86,4,8,8
86,23,8,8
1,13,8,8
1,5,8,8
1,6,8,8
1,7,8,8
1,2,8,8
1,3,8,8
1,8,8,8
1,9,8,8
1,10,8,8
1,11,8,8
1,12,8,8
1,65,8,8
1,14,8,8
1,15,8,8
1,4,8,8
1,16,8,8
1,17,8,8
6,22,8,8
6,124,8,8
6,95,8,8
6,20,8,8
6,40,8,8
6,70,8,8
6,87,8,8
6,93,8,8
6,50,8,8
6,31,8,8
6,101,8,8
20,6,8,8
20,22,8,8
20,13,8,8
20,98,8,8
20,95,8,8
20,42,8,8
20,35,8,8
20,4,8,8
20,29,8,8
20,94,8,8
20,98,8,8
20,22,8,8
18,85,8,8
18,47,8,8
124,6,8,8
31,6,8,8
96,15,8,8
96,61,8,8
96,12,8,8
33,22,8,8
33,58,8,8
33,98,8,8
13,20,8,8
33,83,8,8
33,98,8,8
33,22,8,8
33,2,8,8
42,22,8,8
35,20,8,8
42,98,8,8
29,20,8,8
29,83,8,8
35,13,8,8
70,6,8,8
95,20,8,8
23,83,8,8
42,29,8,8
95,6,8,8
42,20,8,8
19,101,8,8
58,98,8,8
58,83,8,8
19,89,8,8
93,6,8,8
34,98,8,8
5,83,8,8
57,86,8,8
5,83,8,8
5,33,8,8
5,56,8,8
5,11,8,8
5,71,8,8
5,73,8,8
5,54,8,8
5,74,8,8
74,5,8,8
101,93,8,8
101,93,8,8
98,22,8,8
93,101,8,8
61,96,8,8
73,5,8,8
94,84,8,8
94,69,8,8
94,20,8,8
112,83,8,8
38,44,8,8
15,96,8,8
15,13,8,8
15,117,8,8
29,23,8,8
23,29,8,8
23,29,8,8
29,23,8,8
22,42,8,8
101,6,8,8
3,66,8,8
3,67,8,8
3,8,8,8
3,35,8,8
3,13,8,8
3,4,8,8
3,68,8,8
3,85,8,8
3,69,8,8
3,17,8,8
13,3,8,8
35,3,8,8
66,3,8,8
45,22,8,8
38,64,8,8
56,5,8,8
59,72,8,8
17,3,8,8
45,60,8,8
9,25,8,8
112,9,8,8
33,5,8,8
12,96,8,8
12,96,8,8
32,83,8,8
30,112,8,8
2,22,8,8
2,33,8,8
98,22,8,8
98,42,8,8
98,95,8,8
98,20,8,8
62,3,8,8
98,33,8,8
17,15,8,8
17,56,8,8
17,54,8,8
3,62,8,8
15,17,8,8
98,6,8,8
94,65,8,8
94,14,8,8
94,9,8,8
67,3,8,8
65,94,8,8
56,17,8,8
14,94,8,8
56,88,8,8
71,5,8,8
18,56,8,8
18,13,8,8
18,81,8,8
68,3,8,8
9,94,8,8
8,3,8,8
65,94,8,8
13,18,8,8
27,66,8,8
27,3,8,8
27,13,8,8
27,15,8,8
27,26,8,8
27,39,8,8
27,62,8,8
13,27,8,8
3,27,8,8
24,113,8,8
39,27,8,8
113,24,8,8
3,13,8,8
3,18,8,8
3,8,8,8
3,35,8,8
3,51,8,8
3,52,8,8
3,50,8,8
3,53,8,8
3,4,8,8
35,3,8,8
13,3,8,8
8,3,8,8
88,56,8,8
88,56,8,8
58,83,8,8
51,3,8,8
68,48,8,8
94,65,8,8
42,39,8,8
56,18,8,8
42,39,8,8
81,27,8,8
84,94,8,8
95,44,8,8
103,105,8,8
90,69,8,8
86,57,8,8
66,77,8,8
56,5,8,8
56,117,8,8
56,27,8,8
56,15,8,8
26,25,8,8
44,80,8,8
44,9,8,8
44,95,8,8
9,44,8,8
56,81,8,8
11,5,8,8
56,81,8,8
81,56,8,8
81,56,8,8
59,68,8,8
59,85,8,8
59,86,8,8
59,84,8,8
59,48,8,8
59,76,8,8
59,47,8,8
59,69,8,8
59,56,8,8
59,89,8,8
59,88,8,8
59,94,8,8
59,2,8,8
9,44,8,8
74,5,8,8
74,117,8,8
71,15,8,8
26,27,8,8
14,13,8,8
71,15,8,8
5,56,8,8
25,30,8,8
5,74,8,8
30,25,8,8
44,9,8,8
15,27,8,8
15,56,8,8
86,57,8,8
69,68,8,8
27,56,8,8
27,81,8,8
71,72,8,8
83,5,8,8
83,58,8,8
76,69,8,8
86,69,8,8
86,76,8,8
86,84,8,8
86,117,8,8
86,75,8,8
77,66,8,8
117,58,8,8
58,117,8,8
105,103,8,8
13,14,8,8
13,14,8,8
14,13,8,8
14,13,8,8
13,14,8,8
76,19,8,8
50,84,8,8
84,50,8,8
39,42,8,8
6,106,8,8
18,3,8,8
90,77,8,8
50,3,8,8
72,69,8,8
3,50,8,8
76,69,8,8
27,15,8,8
27,69,8,8
27,90,8,8
27,26,8,8
27,64,8,8
27,67,8,8
27,3,8,8
27,39,8,8
27,72,8,8
27,56,8,8
27,68,8,8
27,62,8,8
27,80,8,8
27,38,8,8
27,47,8,8
27,66,8,8
3,27,8,8
77,90,8,8
15,27,8,8
83,26,8,8
3,50,8,8
3,13,8,8
3,20,8,8
3,53,8,8
3,8,8,8
3,35,8,8
3,51,8,8
3,41,8,8
3,18,8,8
3,52,8,8
3,4,8,8
13,3,8,8
90,68,8,8
90,69,8,8
56,27,8,8
3,27,8,8
3,62,8,8
3,128,8,8
3,51,8,8
3,50,8,8
3,113,8,8
3,26,8,8
3,35,8,8
3,66,8,8
3,20,8,8
15,54,8,8
113,3,8,8
51,3,8,8
7,44,8,8
90,27,8,8
20,3,8,8
50,84,8,8
84,50,8,8
16,13,8,8
38,27,8,8
18,3,8,8
68,90,8,8
42,63,8,8
42,29,8,8
42,151,8,8
42,22,8,8
42,98,8,8
42,43,8,8
42,33,8,8
72,71,8,8
72,74,8,8
72,73,8,8
69,76,8,8
21,86,8,8
86,21,8,8
98,42,8,8
29,42,8,8
77,90,8,8
45,24,8,8
24,45,8,8
98,58,8,8
98,42,8,8
98,82,8,8
98,89,8,8
98,94,8,8
98,93,8,8
98,95,8,8
98,20,8,8
47,27,8,8
47,27,8,8
27,38,8,8
27,47,8,8
27,3,8,8
84,50,8,8
76,69,8,8
95,98,8,8
24,45,8,8
26,3,8,8
45,24,8,8
50,84,8,8
26,24,8,8
26,25,8,8
84,50,8,8
45,112,8,8
85,3,8,8
13,16,8,8
8,3,8,8
13,106,8,8
13,4,8,8
112,45,8,8
77,66,8,8
76,53,8,8
1,38,8,8
75,50,8,8
38,27,8,8
71,72,8,8
71,15,8,8
71,73,8,8
71,5,8,8
93,98,8,8
93,101,8,8
33,42,8,8
90,68,8,8
90,69,8,8
101,93,8,8
68,27,8,8
60,45,8,8
112,45,8,8
82,98,8,8
50,70,8,8
20,98,8,8
70,50,8,8
94,98,8,8
42,98,8,8
94,98,8,8
94,29,8,8
94,56,8,8
94,20,8,8
94,58,8,8
94,18,8,8
94,100,8,8
94,104,8,8
94,151,8,8
94,133,8,8
94,79,8,8
94,2,8,8
89,98,8,8
75,50,8,8
2,94,8,8
75,50,8,8
39,27,8,8
29,94,8,8
79,94,8,8
76,50,8,8
18,38,8,8
18,3,8,8
80,44,8,8
48,55,8,8
15,71,8,8
15,72,8,8
15,12,8,8
38,44,8,8
12,15,8,8
48,19,8,8
19,48,8,8
50,76,8,8
76,50,8,8
20,3,8,8
18,99,8,8
20,94,8,8
43,10,8,8
3,18,8,8
18,94,8,8
63,42,8,8
14,13,8,8
45,112,8,8
45,80,8,8
68,90,8,8
56,69,8,8
13,14,8,8
13,14,8,8
68,47,8,8
14,13,8,8
14,13,8,8
13,14,8,8
13,14,8,8
68,69,8,8
14,13,8,8
44,42,8,8
44,22,8,8
26,83,8,8
99,18,8,8
47,18,8,8
47,13,8,8
47,27,8,8
47,81,8,8
26,27,8,8
68,44,8,8
27,47,8,8
86,81,8,8
86,50,8,8
86,69,8,8
99,18,8,8
59,67,8,8
86,50,8,8
86,69,8,8
86,81,8,8
86,81,8,8
86,69,8,8
86,50,8,8
59,67,8,8
88,15,8,8
59,67,8,8
59,67,8,8
59,67,8,8
50,86,8,8
50,69,8,8
50,81,8,8
83,30,8,8
30,83,8,8
48,81,8,8
48,27,8,8
86,50,8,8
56,94,8,8
85,68,8,8
59,67,8,8
42,44,8,8
27,48,8,8
42,22,8,8
85,68,8,8
84,50,8,8
50,76,8,8
98,94,8,8
104,94,8,8
50,93,8,8
50,101,8,8
50,27,8,8
104,59,8,8
104,57,8,8
104,70,8,8
104,14,8,8
104,73,8,8
104,33,8,8
30,7,8,8
59,104,8,8
93,50,8,8
7,30,8,8
50,86,8,8
86,50,8,8
69,86,8,8
69,68,8,8
69,47,8,8
69,72,8,8
69,74,8,8
69,73,8,8
69,15,8,8
69,84,8,8
69,76,8,8
69,64,8,8
69,56,8,8
50,86,8,8
67,27,8,8
80,45,8,8
47,69,8,8
90,69,8,8
80,45,8,8
68,85,8,8
68,85,8,8
90,77,9,9
77,90,9,9
57,104,9,9
13,47,9,9
13,40,9,9
101,50,9,9
4,20,9,9
4,3,9,9
4,3,9,9
4,3,9,9
96,15,9,9
96,61,9,9
96,12,9,9
33,104,9,9
100,94,9,9
13,40,9,9
13,14,9,9
27,50,9,9
14,13,9,9
55,48,9,9
61,96,9,9
14,13,9,9
14,104,9,9
13,14,9,9
73,104,9,9
35,3,9,9
35,3,9,9
8,13,9,9
44,68,9,9
13,8,9,9
70,104,9,9
70,75,9,9
70,56,9,9
70,89,9,9
70,82,9,9
14,90,9,9
75,70,9,9
82,70,9,9
64,38,9,9
64,27,9,9
94,69,9,9
94,9,9,9
94,65,9,9
94,14,9,9
60,45,9,9
14,94,9,9
45,60,9,9
42,39,9,9
42,64,9,9
45,80,9,9
13,77,9,9
13,8,9,9
13,35,9,9
59,69,9,9
38,27,9,9
75,50,9,9
12,96,9,9
15,96,9,9
112,23,9,9
56,88,9,9
56,70,9,9
26,23,9,9
15,88,9,9
88,56,9,9
88,15,9,9
3,66,9,9
3,67,9,9
3,8,9,9
3,35,9,9
3,13,9,9
3,4,9,9
3,68,9,9
3,85,9,9
3,69,9,9
3,17,9,9
35,3,9,9
151,42,9,9
13,3,9,9
151,94,9,9
17,3,9,9
47,50,9,9
103,83,9,9
8,3,9,9
69,84,9,9
94,65,9,9
94,9,9,9
65,94,9,9
32,80,9,9
32,26,9,9
32,66,9,9
17,56,9,9
17,15,9,9
17,54,9,9
56,17,9,9
56,88,9,9
89,70,9,9
26,32,9,9
83,103,9,9
88,56,9,9
50,51,9,9
76,13,9,9
76,50,9,9
4,3,9,9
68,44,9,9
51,50,9,9
68,3,9,9
7,44,9,9
45,24,9,9
13,76,9,9
76,13,9,9
24,45,9,9
45,24,9,9
24,45,9,9
26,25,9,9
26,30,9,9
24,26,9,9
26,24,9,9
14,59,9,9
68,44,9,9
42,94,9,9
47,55,9,9
25,30,9,9
15,17,9,9
90,14,9,9
73,15,9,9
73,72,9,9
73,5,9,9
86,50,9,9
5,73,9,9
53,3,9,9
53,3,9,9
15,73,9,9
76,19,9,9
76,93,9,9
76,101,9,9
55,47,9,9
14,13,9,9
13,14,9,9
13,14,9,9
14,13,9,9
14,13,9,9
29,94,9,9
112,30,9,9
14,13,9,9
76,50,9,9
9,94,9,9
9,94,9,9
43,79,9,9
56,15,9,9
56,61,9,9
56,96,9,9
9,112,9,9
61,56,9,9
79,43,9,9
30,25,9,9
30,112,9,9
88,15,9,9
13,14,9,9
13,14,9,9
13,14,9,9
96,56,9,9
47,13,9,9
47,93,9,9
47,101,9,9
47,27,9,9
53,86,9,9
93,47,9,9
13,47,9,9
13,41,9,9
13,40,9,9
53,48,9,9
14,13,9,9
22,29,9,9
22,42,9,9
22,63,9,9
22,2,9,9
22,94,9,9
14,13,9,9
2,22,9,9
13,14,9,9
101,47,9,9
50,76,9,9
76,50,9,9
76,50,9,9
94,42,9,9
94,29,9,9
94,22,9,9
94,20,9,9
94,58,9,9
94,56,9,9
94,95,9,9
94,123,9,9
94,112,9,9
29,22,9,9
50,47,9,9
13,15,9,9
13,40,9,9
47,50,9,9
42,22,9,9
50,76,9,9
57,88,9,9
128,45,9,9
58,94,9,9
76,50,9,9
88,57,9,9
128,3,9,9
26,30,9,9
26,25,9,9
23,58,9,9
23,94,9,9
23,103,9,9
23,45,9,9
23,29,9,9
23,83,9,9
23,10,9,9
45,23,9,9
58,83,9,9
58,73,9,9
58,106,9,9
58,33,9,9
58,23,9,9
103,23,9,9
88,57,9,9
58,94,9,9
128,3,9,9
20,94,9,9
59,14,9,9
11,5,9,9
76,13,9,9
13,70,9,9
13,82,9,9
13,40,9,9
50,75,9,9
128,37,9,9
91,18,9,9
91,18,9,9
70,13,9,9
123,94,9,9
43,7,9,9
7,43,9,9
106,58,9,9
63,22,9,9
75,50,9,9
76,18,9,9
65,94,9,9
4,69,9,9
4,86,9,9
4,35,9,9
4,13,9,9
10,23,9,9
29,23,9,9
90,69,9,9
73,58,9,9
65,9,9,9
86,4,9,9
45,24,9,9
27,47,9,9
4,106,9,9
59,2,9,9
6,106,9,9
68,48,9,9
5,11,9,9
45,60,9,9
50,75,9,9
35,4,9,9
58,29,9,9
58,23,9,9
58,83,9,9
58,33,9,9
58,94,9,9
58,2,9,9
58,54,9,9
58,106,9,9
58,95,9,9
29,58,9,9
58,98,9,9
2,58,9,9
23,58,9,9
29,42,9,9
33,58,9,9
69,84,9,9
83,23,9,9
106,58,9,9
14,59,9,9
83,5,9,9
83,33,9,9
83,54,9,9
83,32,9,9
32,83,9,9
83,58,9,9
83,58,9,9
56,94,9,9
83,5,9,9
83,32,9,9
5,83,9,9
56,69,9,9
32,83,9,9
90,14,9,9
63,64,9,9
13,4,9,9
50,75,9,9
47,68,9,9
14,13,9,9
75,50,9,9
75,50,9,9
5,11,9,9
5,71,9,9
5,73,9,9
5,74,9,9
5,83,9,9
82,13,9,9
7,14,9,9
5,11,9,9
5,71,9,9
5,73,9,9
56,29,9,9
13,14,9,9
29,56,9,9
95,94,9,9
95,58,9,9
13,14,9,9
90,56,9,9
29,23,9,9
23,29,9,9
7,43,9,9
24,45,9,9
23,45,9,9
14,13,9,9
7,103,9,9
95,123,9,9
95,43,9,9
95,93,9,9
95,22,9,9
95,98,9,9
95,42,9,9
95,104,9,9
95,79,9,9
95,65,9,9
74,5,9,9
93,95,9,9
45,23,9,9
76,81,9,9
76,27,9,9
123,95,9,9
65,95,9,9
65,95,9,9
21,86,9,9
121,106,9,9
95,65,9,9
79,95,9,9
64,42,9,9
86,21,9,9
65,79,9,9
65,95,9,9
22,29,9,9
85,3,9,9
88,1,9,9
65,95,9,9
65,79,9,9
95,65,9,9
95,65,9,9
95,58,9,9
95,22,9,9
95,98,9,9
95,22,9,9
95,98,9,9
95,58,9,9
58,95,9,9
42,29,9,9
13,40,9,9
13,61,9,9
29,22,9,9
93,101,9,9
42,64,9,9
101,93,9,9
80,67,9,9
42,95,9,9
61,13,9,9
95,93,9,9
95,93,9,9
93,95,9,9
101,6,9,9
101,57,9,9
101,82,9,9
101,19,9,9
33,83,9,9
57,101,9,9
56,90,9,9
66,45,9,9
66,26,9,9
76,19,9,9
66,3,9,9
45,66,9,9
66,32,9,9
56,88,9,9
33,58,9,9
58,95,9,9
6,101,9,9
88,69,9,9
69,88,9,9
73,5,9,9
26,66,9,9
79,65,9,9
104,95,9,9
43,42,9,9
90,77,9,9
45,24,9,9
45,26,9,9
88,56,9,9
26,45,9,9
73,5,9,9
88,56,9,9
9,65,9,9
24,45,9,9
1,38,9,9
86,79,9,9
51,3,9,9
67,80,9,9
98,95,9,9
82,101,9,9
67,3,9,9
44,7,9,9
7,44,9,9
82,40,9,9
82,75,9,9
82,70,9,9
14,77,9,9
56,69,9,9
42,43,9,9
44,86,9,9
44,84,9,9
44,88,9,9
44,76,9,9
44,69,9,9
86,50,9,9
84,44,9,9
86,44,9,9
88,44,9,9
79,65,9,9
76,44,9,9
88,89,9,9
42,44,9,9
76,44,9,9
86,50,9,9
50,86,9,9
70,82,9,9
86,50,9,9
69,44,9,9
44,76,9,9
69,44,9,9
76,44,9,9
75,82,9,9
76,81,9,9
76,53,9,9
83,30,9,9
86,4,9,9
50,86,9,9
86,57,9,9
86,50,9,9
84,89,9,9
93,95,9,9
45,38,9,9
45,27,9,9
45,59,9,9
45,18,9,9
45,39,9,9
45,69,9,9
45,9,9,9
45,8,9,9
45,24,9,9
45,64,9,9
45,15,9,9
45,26,9,9
45,3,9,9
45,5,9,9
45,51,9,9
45,68,9,9
45,117,9,9
45,80,9,9
45,72,9,9
59,14,9,9
5,45,9,9
51,45,9,9
24,45,9,9
94,58,9,9
59,45,9,9
9,45,9,9
3,45,9,9
8,45,9,9
30,83,9,9
69,45,9,9
68,45,9,9
45,1,9,9
45,52,9,9
45,56,9,9
45,50,9,9
45,84,9,9
45,88,9,9
45,62,9,9
45,76,9,9
45,48,9,9
45,86,9,9
45,90,9,9
45,35,9,9
45,107,9,9
45,115,9,9
45,30,9,9
45,25,9,9
45,85,9,9
45,61,9,9
45,53,9,9
45,32,9,9
45,83,9,9
45,36,9,9
45,37,9,9
45,103,9,9
45,128,9,9
45,108,9,9
45,41,9,9
45,14,9,9
45,31,9,9
45,118,9,9
45,73,9,9
45,100,9,9
45,13,9,9
45,55,9,9
45,34,9,9
45,11,9,9
45,120,9,9
45,40,9,9
45,60,9,9
45,23,9,9
45,113,9,9
45,105,9,9
45,94,9,9
32,45,9,9
61,45,9,9
84,45,9,9
1,45,9,9
86,45,9,9
36,45,9,9
30,45,9,9
85,45,9,9
76,45,9,9
64,45,9,9
83,45,9,9
27,45,9,9
7,44,9,9
48,45,9,9
113,45,9,9
45,64,9,9
38,45,9,9
59,67,9,9
85,45,9,9
48,45,9,9
85,45,9,9
77,90,9,9
76,69,9,9
67,66,9,9
69,68,9,9
12,72,9,9
12,71,9,9
12,15,9,9
12,73,9,9
90,77,9,9
77,14,9,9
77,90,9,9
90,68,9,9
68,90,9,9
59,45,9,9
108,45,9,9
108,18,9,9
108,18,9,9
86,13,9,9
86,75,9,9
68,67,9,9
68,66,9,9
68,72,9,9
68,9,9,9
68,3,9,9
68,15,9,9
68,56,9,9
68,69,9,9
108,45,9,9
108,18,9,9
108,45,9,9
84,50,9,9
90,45,9,9
25,45,9,9
13,45,9,9
11,5,9,9
11,5,9,9
11,45,9,9
31,45,9,9
39,45,9,9
96,15,9,9
96,61,9,9
96,12,9,9
13,65,9,9
13,3,9,9
13,8,9,9
13,40,9,9
107,45,9,9
4,13,9,9
4,86,9,9
13,4,9,9
40,45,9,9
94,45,9,9
94,86,9,9
94,69,9,9
94,59,9,9
8,13,9,9
83,45,9,9
18,45,9,9
57,86,9,9
1,38,9,9
44,7,9,9
25,45,9,9
3,4,9,9
3,13,9,9
3,8,9,9
3,35,9,9
3,13,9,9
44,69,9,9
73,45,9,9
112,94,9,9
4,65,9,9
93,101,9,9
101,93,9,9
8,3,9,9
1,45,9,9
34,45,9,9
73,12,9,9
13,3,9,9
14,13,9,9
73,45,9,9
13,14,9,9
13,14,9,9
61,96,9,9
120,45,9,9
71,5,9,9
73,71,9,9
14,13,9,9
14,13,9,9
4,3,9,9
100,45,9,9
105,45,9,9
13,14,9,9
23,45,9,9
103,45,9,9
31,45,9,9
14,45,9,9
55,45,9,9
45,1,9,9
95,22,9,9
95,58,9,9
95,79,9,9
95,123,9,9
95,43,9,9
95,93,9,9
95,59,9,9
95,98,9,9
95,73,9,9
95,20,9,9
95,65,9,9
95,94,9,9
45,25,9,9
45,85,9,9
45,85,9,9
57,88,9,9
120,45,9,9
98,95,9,9
103,45,9,9
93,95,9,9
45,83,9,9
53,45,9,9
45,31,9,9
45,73,9,9
45,48,9,9
14,13,9,9
13,14,9,9
13,14,9,9
26,25,9,9
98,95,9,9
45,120,9,9
45,40,9,9
98,95,9,9
14,13,9,9
14,13,9,9
71,73,9,9
13,14,9,9
13,14,9,9
71,12,9,9
26,25,9,9
14,13,9,9
93,101,9,9
100,45,9,9
123,95,9,9
50,84,9,9
101,93,9,9
45,35,9,9
45,83,9,9
45,100,9,9
56,45,9,9
59,94,9,9
59,95,9,9
3,66,9,9
3,67,9,9
3,8,9,9
3,35,9,9
3,13,9,9
3,4,9,9
3,68,9,9
3,85,9,9
3,69,9,9
3,17,9,9
15,13,9,9
15,61,9,9
15,12,9,9
61,15,9,9
23,45,9,9
13,3,9,9
15,12,9,9
17,3,9,9
4,3,9,9
59,95,9,9
20,95,9,9
45,23,9,9
15,45,9,9
83,45,9,9
94,95,9,9
14,45,9,9
14,45,9,9
18,47,9,9
18,55,9,9
65,95,9,9
26,45,9,9
94,2,9,9
5,72,9,9
5,71,9,9
5,73,9,9
5,74,9,9
5,11,9,9
26,45,9,9
65,13,9,9
2,94,9,9
15,88,9,9
15,96,9,9
12,15,9,9
56,45,9,9
45,56,9,9
15,56,9,9
12,96,9,9
11,5,9,9
115,45,9,9
3,45,9,9
45,3,9,9
77,5,9,9
45,51,9,9
74,5,9,9
77,45,9,9
9,59,9,9
8,3,9,9
51,45,9,9
51,45,9,9
77,14,9,9
32,39,9,9
55,18,9,9
5,45,9,9
45,5,9,9
80,45,9,9
51,20,9,9
72,117,9,9
72,71,9,9
72,73,9,9
72,12,9,9
72,15,9,9
72,5,9,9
72,74,9,9
45,51,9,9
72,74,9,9
52,3,9,9
52,3,9,9
24,45,9,9
20,51,9,9
88,57,9,9
68,3,9,9
88,15,9,9
45,24,9,9
88,45,9,9
11,45,9,9
45,11,9,9
59,9,9,9
76,47,9,9
56,45,9,9
60,45,9,9
59,67,9,9
59,94,9,9
86,57,9,9
86,4,9,9
45,14,9,9
94,45,9,9
45,14,9,9
52,45,9,9
118,45,9,9
17,56,9,9
17,15,9,9
17,54,9,9
52,45,9,9
67,115,9,9
73,5,9,9
45,94,9,9
14,77,9,9
60,45,9,9
104,73,9,9
104,74,9,9
118,33,9,9
118,46,9,9
50,45,9,9
73,95,9,9
118,58,9,9
121,106,9,9
89,88,9,9
89,75,9,9
24,45,9,9
45,50,9,9
60,45,9,9
88,89,9,9
88,89,9,9
128,45,9,9
88,89,9,9
94,65,9,9
94,9,9,9
86,4,9,9
86,94,9,9
26,45,9,9
128,45,9,9
45,128,9,9
39,32,9,9
48,47,9,9
45,24,9,9
45,60,9,9
45,56,9,9
45,52,9,9
84,50,9,9
51,45,9,9
75,89,9,9
45,51,9,9
86,45,9,9
53,45,9,9
9,94,9,9
56,17,9,9
56,88,9,9
76,50,9,9
50,76,9,9
32,45,9,9
76,50,9,9
76,50,9,9
44,112,9,9
50,76,9,9
112,44,9,9
76,50,9,9
149,38,9,9
65,94,9,9
77,14,9,9
88,45,9,9
88,56,9,9
3,67,9,9
3,68,9,9
3,66,9,9
3,8,9,9
3,35,9,9
3,13,9,9
3,4,9,9
3,85,9,9
3,69,9,9
3,17,9,9
13,3,9,9
45,32,9,9
59,95,9,9
113,45,9,9
48,45,9,9
68,3,9,9
69,45,9,9
36,45,9,9
68,45,9,9
117,45,9,9
105,103,9,9
45,117,9,9
103,105,9,9
84,76,9,9
105,103,9,9
103,105,9,9
71,72,9,9
71,15,9,9
71,73,9,9
71,5,9,9
45,36,9,9
113,45,9,9
52,103,9,9
4,3,9,9
18,45,9,9
62,45,9,9
45,62,9,9
56,61,9,9
56,96,9,9
56,15,9,9
103,52,9,9
45,24,9,9
45,18,9,9
45,48,9,9
24,45,9,9
76,45,9,9
105,45,9,9
53,76,9,9
94,65,9,9
33,11,9,9
71,72,9,9
71,15,9,9
71,73,9,9
71,5,9,9
45,113,9,9
45,113,9,9
47,68,9,9
39,45,9,9
6,106,9,9
45,105,9,9
45,39,9,9
59,95,9,9
61,56,9,9
65,94,9,9
55,45,9,9
45,77,9,9
45,55,9,9
76,45,9,9
84,86,9,9
70,53,9,9
84,53,9,9
96,56,9,9
69,77,9,9
20,45,9,9
20,3,9,9
45,20,9,9
37,45,9,9
77,45,9,9
20,3,9,9
68,77,9,9
3,20,9,9
3,20,9,9
3,20,9,9
3,64,9,9
3,66,9,9
3,8,9,9
27,45,9,9
9,67,9,9
9,66,9,9
107,45,9,9
65,95,9,9
4,106,9,9
45,107,9,9
95,65,9,9
103,45,9,9
45,103,9,9
20,3,9,9
58,95,9,9
118,45,9,9
9,45,9,9
30,45,9,9
45,9,9,9
8,3,9,9
8,3,9,9
15,56,9,9
27,63,9,9
71,95,9,9
15,17,9,9
71,95,9,9
71,95,9,9
70,53,9,9
45,118,9,9
50,48,9,9
8,45,9,9
45,8,9,9
13,14,9,9
14,13,9,9
14,13,9,9
13,14,9,9
76,13,9,9
75,50,9,9
81,50,9,9
90,45,9,9
71,73,9,9
45,90,9,9
70,53,9,9
105,46,9,9
46,105,9,9
84,45,9,9
76,53,9,9
53,70,9,9
85,3,9,9
85,3,9,9
63,27,9,9
14,32,9,9
48,50,9,9
53,70,9,9
53,4,9,9
53,70,9,9
53,70,9,9
26,25,9,9
61,45,9,9
45,61,9,9
77,68,9,9
34,83,9,9
25,26,9,9
18,76,9,9
18,107,9,9
18,108,9,9
18,99,9,9
18,109,9,9
18,110,9,9
18,57,9,9
18,19,9,9
18,93,9,9
18,101,9,9
101,18,9,9
93,18,9,9
57,18,9,9
67,9,9,9
67,3,9,9
67,3,9,9
76,18,9,9
59,83,9,9
77,69,9,9
45,37,9,9
45,30,9,9
90,77,9,9
71,74,9,9
69,77,9,9
20,45,9,9
20,3,9,9
45,20,9,9
45,27,9,9
120,45,9,9
68,47,9,9
68,48,9,9
77,69,9,9
77,90,9,9
59,2,9,9
77,90,9,9
77,66,9,9
77,67,9,9
3,20,9,9
34,45,9,9
36,38,9,9
45,34,9,9
63,42,9,9
63,22,9,9
63,98,9,9
77,13,9,9
95,59,9,9
45,80,9,9
98,63,9,9
32,14,9,9
76,69,9,9
83,45,9,9
83,34,9,9
38,36,9,9
36,38,9,9
38,36,9,9
38,37,9,9
44,112,9,9
112,44,9,9
48,50,9,9
45,83,9,9
99,18,9,9
50,41,9,9
50,78,9,9
50,93,9,9
50,101,9,9
50,27,9,9
93,50,9,9
15,83,9,9
83,15,9,9
96,61,9,9
59,38,9,9
27,50,9,9
61,96,9,9
84,53,9,9
1,90,9,9
1,9,9,9
1,68,9,9
1,69,9,9
1,14,9,9
1,15,9,9
1,3,9,9
1,5,9,9
1,17,9,9
1,11,9,9
1,65,9,9
79,95,9,9
3,1,9,9
65,1,9,9
84,4,9,9
84,13,9,9
17,3,9,9
17,1,9,9
90,77,9,9
81,76,9,9
81,53,9,9
9,1,9,9
77,90,9,9
69,77,9,9
68,1,9,9
53,81,9,9
76,81,9,9
67,115,9,9
90,1,9,9
77,66,9,9
77,67,9,9
77,90,9,9
77,68,9,9
77,69,9,9
90,77,9,9
77,90,9,9
77,66,9,9
77,67,9,9
90,77,9,9
108,18,9,9
77,90,9,9
108,111,9,9
108,111,9,9
111,18,9,9
77,67,9,9
77,66,9,9
77,68,9,9
77,69,9,9
77,90,9,9
111,112,9,9
111,18,9,9
111,18,9,9
111,18,9,9
111,18,9,9
111,18,9,9
111,109,9,9
111,42,9,9
111,107,9,9
111,82,9,9
111,75,9,9
111,82,9,9
111,82,9,9
111,70,9,9
111,82,9,9
111,82,9,9
111,82,9,9
111,63,9,9
111,18,9,9
111,18,9,9
111,21,9,9
111,23,9,9
111,50,9,9
111,18,9,9
111,18,9,9
111,93,9,9
111,18,9,9
111,37,9,9
111,18,9,9
111,45,9,9
111,57,9,9
111,70,9,9
111,18,9,9
111,18,9,9
111,18,9,9
111,18,9,9
108,111,9,9
108,111,9,9
108,111,9,9
111,99,9,9
99,111,9,9
99,111,9,9
111,108,9,9
15,45,9,9
96,15,9,9
96,61,9,9
96,12,9,9
107,18,9,9
42,63,9,9
61,96,9,9
93,111,9,9
1,38,9,9
1,38,9,9
13,14,9,9
14,13,9,9
14,13,9,9
13,14,9,9
1,104,9,9
1,95,9,9
1,7,9,9
1,10,9,9
1,87,9,9
1,79,9,9
1,112,9,9
1,44,9,9
1,123,9,9
7,1,9,9
1,14,9,9
1,9,9,9
1,17,9,9
1,65,9,9
4,84,9,9
112,1,9,9
14,1,9,9
14,13,9,9
1,38,9,9
1,36,9,9
1,37,9,9
71,63,9,9
3,66,9,9
3,85,9,9
3,67,9,9
3,8,9,9
3,35,9,9
3,13,9,9
3,4,9,9
3,68,9,9
3,69,9,9
3,17,9,9
45,80,9,9
15,96,9,9
104,1,9,9
8,3,9,9
13,3,9,9
13,17,9,9
13,35,9,9
13,4,9,9
5,1,9,9
13,14,9,9
13,3,9,9
9,1,9,9
65,1,9,9
12,96,9,9
66,3,9,9
93,84,9,9
4,3,9,9
79,1,9,9
95,1,9,9
44,1,9,9
67,3,9,9
14,13,9,9
13,14,9,9
13,14,9,9
14,13,9,9
80,45,9,9
80,45,9,9
71,5,9,9
75,50,9,9
68,3,9,9
17,1,9,9
17,3,9,9
17,56,9,9
17,15,9,9
17,54,9,9
43,42,9,9
43,45,9,9
43,79,9,9
75,50,9,9
43,79,9,9
75,50,9,9
75,50,9,9
3,20,9,9
20,3,9,9
86,40,9,9
67,115,9,9
75,50,9,9
50,75,9,9
45,43,9,9
77,69,9,9
77,68,9,9
75,50,9,9
24,112,9,9
24,45,9,9
50,75,9,9
50,75,9,9
56,17,9,9
45,24,9,9
56,88,9,9
50,75,9,9
86,50,9,9
86,69,9,9
86,81,9,9
42,43,9,9
86,81,9,9
86,50,9,9
86,69,9,9
112,24,9,9
44,91,9,9
91,44,9,9
15,83,9,9
50,86,9,9
50,81,9,9
50,69,9,9
86,50,9,9
83,15,9,9
79,43,9,9
115,45,9,9
45,115,9,9
88,61,9,9
88,96,9,9
88,12,9,9
88,15,9,9
115,80,9,9
80,115,9,9
67,80,9,9
56,61,9,9
56,96,9,9
56,15,9,9
59,56,9,9
59,84,9,9
59,48,9,9
59,76,9,9
59,47,9,9
59,68,9,9
59,69,9,9
59,85,9,9
59,86,9,9
59,89,9,9
59,88,9,9
59,94,9,9
59,2,9,9
96,56,9,9
84,93,9,9
84,93,9,9
61,56,9,9
88,89,9,9
71,72,9,9
71,15,9,9
71,73,9,9
71,5,9,9
70,4,9,9
41,50,9,9
41,13,9,9
41,3,9,9
86,19,9,9
41,45,9,9
84,47,9,9
84,68,9,9
84,48,9,9
84,85,9,9
4,70,9,9
86,117,9,9
86,32,9,9
71,48,9,9
84,4,9,9
112,9,9,9
117,15,9,9
93,41,9,9
84,53,9,9
36,149,9,9
93,41,9,9
149,36,9,9
90,18,9,9
59,149,9,9
53,84,9,9
77,66,9,9
84,53,9,9
71,15,9,9
9,67,9,9
9,66,9,9
9,65,9,9
67,9,9,9
76,50,9,9
66,9,9,9
19,76,9,9
65,9,9,9
24,60,9,9
79,43,9,9
19,18,9,9
18,90,9,9
14,117,9,9
123,1,9,9
14,45,9,9
60,24,9,9
77,66,9,9
94,65,9,9
94,9,9,9
71,63,9,9
20,3,9,9
3,20,9,9
15,56,9,9
72,115,9,9
15,17,9,9
9,94,9,9
15,117,9,9
3,20,9,9
20,3,9,9
84,53,9,9
15,117,9,9
24,66,9,9
24,3,9,9
24,8,9,9
24,51,9,9
24,26,9,9
24,60,9,9
65,94,9,9
6,106,9,9
50,76,9,9
20,3,9,9
68,86,9,9
3,24,9,9
76,81,9,9
44,112,9,9
3,20,9,9
76,50,9,9
8,24,9,9
24,60,9,9
66,27,9,9
59,67,9,9
60,24,9,9
60,24,9,9
117,81,9,9
117,15,9,9
117,56,9,9
15,117,9,9
20,3,9,9
117,14,9,9
77,67,9,9
77,90,9,9
77,66,9,9
77,69,9,9
77,68,9,9
56,117,9,9
79,43,9,9
45,14,9,9
77,45,9,9
56,117,9,9
90,38,9,9
71,5,9,9
71,5,9,9
71,15,9,9
53,84,9,9
84,53,9,9
6,106,9,9
77,3,9,9
67,66,9,9
67,9,9,9
1,43,9,9
1,103,9,9
1,84,9,9
1,106,9,9
1,46,9,9
1,35,9,9
1,107,9,9
1,115,9,9
1,70,9,9
1,87,9,9
1,27,9,9
1,119,9,9
1,123,9,9
1,77,9,9
1,47,9,9
1,61,9,9
1,93,9,9
1,30,9,9
1,25,9,9
1,85,9,9
1,53,9,9
1,124,9,9
1,22,9,9
1,59,9,9
1,125,9,9
1,102,9,9
1,52,9,9
1,81,9,9
1,98,9,9
1,18,9,9
1,56,9,9
1,50,9,9
1,39,9,9
1,15,9,9
1,26,9,9
1,3,9,9
1,66,9,9
1,32,9,9
1,58,9,9
1,57,9,9
1,69,9,9
1,75,9,9
1,126,9,9
1,83,9,9
1,71,9,9
1,96,9,9
1,72,9,9
1,42,9,9
1,8,9,9
1,128,9,9
1,108,9,9
1,24,9,9
1,110,9,9
1,49,9,9
1,41,9,9
1,64,9,9
1,67,9,9
1,6,9,9
1,21,9,9
1,90,9,9
1,31,9,9
1,118,9,9
1,129,9,9
1,73,9,9
1,100,9,9
1,130,9,9
1,109,9,9
1,88,9,9
1,76,9,9
1,116,9,9
1,13,9,9
1,28,9,9
1,99,9,9
1,55,9,9
1,12,9,9
1,20,9,9
1,33,9,9
1,34,9,9
1,82,9,9
1,62,9,9
1,149,9,9
1,89,9,9
1,5,9,9
1,4,9,9
1,51,9,9
1,11,9,9
1,151,9,9
1,29,9,9
1,78,9,9
1,48,9,9
1,133,9,9
1,111,9,9
1,45,9,9
1,68,9,9
1,16,9,9
1,63,9,9
1,2,9,9
1,120,9,9
1,54,9,9
1,40,9,9
1,86,9,9
1,60,9,9
1,121,9,9
1,91,9,9
1,117,9,9
1,74,9,9
1,80,9,9
1,23,9,9
1,136,9,9
1,19,9,9
1,113,9,9
1,105,9,9
1,101,9,9
1,122,9,9
1,94,9,9
1,93,9,9
1,27,9,9
1,85,9,9
1,101,9,9
1,68,9,9
129,1,9,9
45,1,9,9
12,1,9,9
84,1,9,9
66,1,9,9
77,1,9,9
23,1,9,9
56,1,9,9
59,1,9,9
86,1,9,9
149,1,9,9
71,1,9,9
30,1,9,9
115,1,9,9
105,1,9,9
89,1,9,9
106,1,9,9
2,1,9,9
15,1,9,9
88,1,9,9
77,14,9,9
43,1,9,9
88,56,9,9
47,1,9,9
73,1,9,9
103,1,9,9
80,14,9,9
80,1,9,9
42,1,9,9
58,1,9,9
59,14,9,9
59,9,9,9
6,1,9,9
86,19,9,9
75,1,9,9
121,106,9,9
151,1,9,9
31,1,9,9
53,1,9,9
90,1,9,9
20,1,9,9
46,1,9,9
3,20,9,9
45,66,9,9
45,26,9,9
55,1,9,9
76,1,9,9
57,1,9,9
3,1,9,9
83,15,9,9
83,1,9,9
16,1,9,9
34,1,9,9
15,117,9,9
70,1,9,9
15,83,9,9
21,86,9,9
26,24,9,9
86,21,9,9
3,13,9,9
3,8,9,9
13,1,9,9
13,3,9,9
26,80,9,9
14,77,9,9
26,25,9,9
26,1,9,9
96,1,9,9
14,80,9,9
26,45,9,9
77,14,9,9
77,14,9,9
74,1,9,9
4,86,9,9
4,13,9,9
66,91,9,9
66,32,9,9
66,44,9,9
4,1,9,9
51,1,9,9
98,1,9,9
3,66,9,9
3,67,9,9
3,35,9,9
3,20,9,9
66,3,9,9
20,3,9,9
44,66,9,9
66,45,9,9
104,18,9,9
104,57,9,9
13,4,9,9
8,1,9,9
8,3,9,9
68,1,9,9
91,1,9,9
18,104,9,9
43,42,9,9
26,25,9,9
57,104,9,9
85,3,9,9
85,1,9,9
18,1,9,9
91,66,9,9
32,66,9,9
53,84,9,9
32,1,9,9
45,24,9,9
45,14,9,9
28,1,9,9
84,53,9,9
14,45,9,9
42,43,9,9
24,45,9,9
24,1,9,9
3,8,9,9
3,13,9,9
3,77,9,9
3,35,9,9
13,3,9,9
8,3,9,9
33,1,9,9
115,67,9,9
26,83,9,9
67,115,9,9
67,3,9,9
4,106,9,9
67,1,9,9
59,80,9,9
25,26,9,9
26,25,9,9
27,1,9,9
44,91,9,9
76,40,9,9
26,32,9,9
86,4,9,9
26,25,9,9
32,26,9,9
26,32,9,9
1,38,9,9
13,17,9,9
117,56,9,9
56,117,9,9
61,1,9,9
81,50,9,9
115,72,9,9
124,1,9,9
122,1,9,9
50,76,9,9
50,81,9,9
69,76,9,9
40,76,9,9
82,1,9,9
76,40,9,9
18,109,9,9
18,99,9,9
18,108,9,9
18,107,9,9
18,110,9,9
18,57,9,9
18,19,9,9
18,55,9,9
86,4,9,9
76,40,9,9
76,50,9,9
40,76,9,9
18,99,9,9
18,108,9,9
18,107,9,9
18,19,9,9
18,57,9,9
18,55,9,9
7,1,9,9
55,18,9,9
76,40,9,9
85,68,9,9
50,76,9,9
50,81,9,9
26,60,9,9
50,76,9,9
50,81,9,9
68,85,9,9
19,18,9,9
76,50,9,9
81,50,9,9
81,50,9,9
76,50,9,9
5,1,9,9
75,50,9,9
5,77,9,9
94,1,9,9
34,24,9,9
115,84,9,9
54,15,9,9
115,84,9,9
84,115,9,9
84,115,9,9
55,18,9,9
85,90,9,9
50,75,9,9
83,63,9,9
81,27,9,9
75,50,9,9
27,81,9,9
50,75,9,9
48,1,9,9
93,1,9,9
90,85,9,9
84,115,9,9
115,84,9,9
84,115,9,9
50,75,9,9
84,57,9,9
47,13,9,9
76,27,9,9
76,81,9,9
99,18,9,9
99,18,9,9
99,1,9,9
27,69,9,9
67,115,9,9
38,80,9,9
77,5,9,9
77,3,9,9
11,33,10,10
11,1,10,10
11,1,10,10
25,1,10,10
13,47,10,10
101,1,10,10
101,50,10,10
100,1,10,10
96,15,10,10
96,61,10,10
96,12,10,10
54,17,10,10
54,17,10,10
54,17,10,10
54,17,10,10
54,17,10,10
54,17,10,10
54,1,10,10
29,1,10,10
113,1,10,10
29,23,10,10
42,14,10,10
24,34,10,10
14,42,10,10
61,96,10,10
35,45,10,10
35,3,10,10
4,35,10,10
4,102,10,10
4,13,10,10
13,4,10,10
35,45,10,10
17,13,10,10
35,3,10,10
35,3,10,10
35,1,10,10
35,3,10,10
35,3,10,10
35,4,10,10
121,1,10,10
35,3,10,10
75,50,10,10
75,50,10,10
19,101,10,10
20,3,10,10
45,26,10,10
45,66,10,10
70,53,10,10
123,1,10,10
70,53,10,10
44,38,10,10
3,20,10,10
63,83,10,10
63,1,10,10
63,64,10,10
63,42,10,10
15,96,10,10
42,63,10,10
26,45,10,10
83,63,10,10
3,68,10,10
3,66,10,10
3,67,10,10
3,8,10,10
3,35,10,10
3,13,10,10
3,4,10,10
3,85,10,10
3,69,10,10
3,17,10,10
13,3,10,10
13,35,10,10
13,4,10,10
13,35,10,10
13,4,10,10
66,3,10,10
66,45,10,10
61,56,10,10
6,18,10,10
23,29,10,10
64,63,10,10
57,18,10,10
57,18,10,10
64,42,10,10
65,76,10,10
66,3,10,10
66,3,10,10
76,65,10,10
8,3,10,10
76,65,10,10
66,24,10,10
59,14,10,10
59,65,10,10
59,9,10,10
65,76,10,10
76,65,10,10
17,56,10,10
17,15,10,10
17,54,10,10
54,17,10,10
67,3,10,10
66,3,10,10
56,17,10,10
56,88,10,10
50,76,10,10
33,63,10,10
15,33,10,10
15,17,10,10
88,56,10,10
24,15,10,10
24,3,10,10
24,51,10,10
24,8,10,10
24,18,10,10
24,83,10,10
24,117,10,10
24,5,10,10
24,39,10,10
24,60,10,10
24,32,10,10
24,25,10,10
24,103,10,10
24,105,10,10
24,66,10,10
24,26,10,10
51,24,10,10
13,3,10,10
13,35,10,10
13,4,10,10
5,24,10,10
32,24,10,10
14,1,10,10
1,14,10,10
44,79,10,10
63,83,10,10
15,24,10,10
8,24,10,10
3,24,10,10
51,24,10,10
3,35,10,10
4,3,10,10
4,13,10,10
3,66,10,10
39,24,10,10
4,13,10,10
14,7,10,10
7,14,10,10
9,66,10,10
9,67,10,10
70,53,10,10
44,79,10,10
33,63,10,10
66,9,10,10
25,24,10,10
67,9,10,10
68,3,10,10
103,24,10,10
47,69,10,10
71,73,10,10
71,72,10,10
71,15,10,10
71,5,10,10
33,15,10,10
18,24,10,10
59,68,10,10
59,84,10,10
59,89,10,10
59,47,10,10
59,69,10,10
59,56,10,10
59,85,10,10
59,86,10,10
59,48,10,10
59,76,10,10
59,88,10,10
59,94,10,10
59,2,10,10
86,117,10,10
86,69,10,10
86,84,10,10
86,76,10,10
9,67,10,10
9,66,10,10
86,117,10,10
86,69,10,10
86,84,10,10
86,76,10,10
13,14,10,10
42,64,10,10
39,1,10,10
56,85,10,10
86,117,10,10
86,57,10,10
33,63,10,10
67,9,10,10
14,13,10,10
14,13,10,10
13,14,10,10
13,14,10,10
14,13,10,10
29,63,10,10
14,13,10,10
26,24,10,10
13,14,10,10
13,14,10,10
14,13,10,10
14,13,10,10
59,38,10,10
66,9,10,10
21,86,10,10
86,21,10,10
33,15,10,10
38,59,10,10
75,50,10,10
28,20,10,10
28,83,10,10
28,54,10,10
41,1,10,10
65,64,10,10
20,28,10,10
41,93,10,10
64,65,10,10
13,14,10,10
20,35,10,10
20,18,10,10
20,52,10,10
20,8,10,10
13,14,10,10
13,40,10,10
13,82,10,10
14,13,10,10
59,90,10,10
52,20,10,10
35,13,10,10
6,106,10,10
60,1,10,10
118,1,10,10
60,24,10,10
83,24,10,10
4,106,10,10
13,74,10,10
13,73,10,10
13,72,10,10
54,28,10,10
57,84,10,10
35,3,10,10
121,106,10,10
13,40,10,10
84,57,10,10
84,57,10,10
50,75,10,10
35,13,10,10
22,42,10,10
65,59,10,10
95,94,10,10
75,50,10,10
75,50,10,10
66,24,10,10
35,20,10,10
8,20,10,10
35,3,10,10
65,9,10,10
72,9,10,10
72,14,10,10
72,65,10,10
72,71,10,10
72,73,10,10
9,65,10,10
112,27,10,10
42,22,10,10
90,59,10,10
82,13,10,10
59,90,10,10
65,72,10,10
77,14,10,10
72,65,10,10
5,15,10,10
59,90,10,10
66,3,10,10
18,20,10,10
14,77,10,10
27,112,10,10
77,14,10,10
50,75,10,10
19,86,10,10
18,107,10,10
75,50,10,10
53,70,10,10
75,50,10,10
13,14,10,10
14,13,10,10
14,13,10,10
69,86,10,10
67,9,10,10
77,66,10,10
69,68,10,10
53,70,10,10
53,4,10,10
80,151,10,10
4,53,10,10
151,80,10,10
74,13,10,10
69,76,10,10
70,53,10,10
70,53,10,10
69,86,10,10
69,76,10,10
69,84,10,10
76,81,10,10
76,53,10,10
38,67,10,10
67,68,10,10
67,59,10,10
67,85,10,10
68,47,10,10
106,117,10,10
106,73,10,10
119,1,10,10
85,56,10,10
50,75,10,10
50,49,10,10
50,82,10,10
85,48,10,10
85,3,10,10
56,81,10,10
48,85,10,10
84,56,10,10
149,38,10,10
56,84,10,10
84,56,10,10
38,149,10,10
117,58,10,10
84,56,10,10
75,50,10,10
20,3,10,10
47,68,10,10
149,38,10,10
58,117,10,10
68,47,10,10
50,86,10,10
86,50,10,10
90,68,10,10
90,69,10,10
68,90,10,10
54,83,10,10
83,28,10,10
76,50,10,10
83,61,10,10
3,20,10,10
61,83,10,10
68,59,10,10
42,22,10,10
21,86,10,10
86,21,10,10
90,68,10,10
90,59,10,10
21,86,10,10
83,54,10,10
68,90,10,10
86,21,10,10
82,50,10,10
86,19,10,10
19,18,10,10
86,59,10,10
86,94,10,10
86,79,10,10
77,66,10,10
77,66,10,10
77,17,10,10
86,90,10,10
66,67,10,10
81,56,10,10
67,66,10,10
66,67,10,10
67,66,10,10
59,90,10,10
64,63,10,10
86,13,10,10
86,40,10,10
39,15,10,10
110,18,10,10
86,69,10,10
53,70,10,10
76,50,10,10
38,149,10,10
22,7,10,10
149,38,10,10
7,22,10,10
27,66,10,10
52,1,10,10
94,95,10,10
38,36,10,10
53,70,10,10
53,70,10,10
53,70,10,10
53,76,10,10
53,81,10,10
76,53,10,10
69,59,10,10
9,65,10,10
65,9,10,10
76,50,10,10
69,88,10,10
69,88,10,10
15,56,10,10
12,96,10,10
59,9,10,10
15,39,10,10
59,9,10,10
9,67,10,10
9,66,10,10
1,5,10,10
1,6,10,10
1,7,10,10
1,2,10,10
1,3,10,10
1,8,10,10
1,9,10,10
1,10,10,10
1,11,10,10
1,12,10,10
1,65,10,10
1,13,10,10
1,14,10,10
1,15,10,10
1,4,10,10
1,16,10,10
1,17,10,10
13,14,10,10
13,4,10,10
13,17,10,10
13,3,10,10
13,35,10,10
96,15,10,10
96,61,10,10
96,12,10,10
4,53,10,10
15,5,10,10
15,96,10,10
15,56,10,10
73,13,10,10
15,56,10,10
105,24,10,10
105,103,10,10
11,5,10,10
15,56,10,10
5,11,10,10
50,76,10,10
63,64,10,10
56,15,10,10
56,15,10,10
56,15,10,10
56,15,10,10
94,9,10,10
94,65,10,10
94,59,10,10
94,2,10,10
94,14,10,10
94,9,10,10
94,59,10,10
94,2,10,10
14,94,10,10
3,17,10,10
3,66,10,10
3,67,10,10
3,8,10,10
3,35,10,10
3,13,10,10
3,4,10,10
3,68,10,10
3,85,10,10
3,69,10,10
17,3,10,10
13,3,10,10
70,53,10,10
2,94,10,10
66,9,10,10
66,3,10,10
63,29,10,10
42,64,10,10
9,94,10,10
9,94,10,10
8,3,10,10
59,94,10,10
59,94,10,10
14,94,10,10
14,9,10,10
14,59,10,10
14,2,10,10
9,14,10,10
2,14,10,10
94,14,10,10
12,96,10,10
20,63,10,10
65,94,10,10
2,94,10,10
60,45,10,10
65,94,10,10
66,27,10,10
71,5,10,10
71,72,10,10
67,3,10,10
67,9,10,10
15,117,10,10
15,56,10,10
15,81,10,10
4,3,10,10
56,15,10,10
45,60,10,10
63,20,10,10
18,107,10,10
18,108,10,10
18,99,10,10
18,110,10,10
18,109,10,10
18,57,10,10
18,19,10,10
18,55,10,10
14,13,10,10
80,64,10,10
50,76,10,10
76,50,10,10
76,50,10,10
13,14,10,10
17,56,10,10
17,15,10,10
17,54,10,10
13,14,10,10
56,17,10,10
80,66,10,10
56,88,10,10
66,80,10,10
15,17,10,10
14,13,10,10
14,13,10,10
13,14,10,10
9,59,10,10
13,14,10,10
94,65,10,10
59,9,10,10
94,59,10,10
94,2,10,10
50,76,10,10
68,3,10,10
2,94,10,10
94,65,10,10
94,9,10,10
14,13,10,10
76,50,10,10
65,94,10,10
59,94,10,10
20,3,10,10
3,20,10,10
9,94,10,10
3,66,10,10
3,67,10,10
64,42,10,10
42,64,10,10
57,18,10,10
54,17,10,10
59,68,10,10
59,69,10,10
59,84,10,10
59,76,10,10
59,47,10,10
59,56,10,10
59,85,10,10
59,86,10,10
59,89,10,10
59,48,10,10
59,88,10,10
59,94,10,10
59,2,10,10
69,59,10,10
88,56,10,10
115,45,10,10
54,15,10,10
15,54,10,10
115,45,10,10
66,3,10,10
67,3,10,10
50,48,10,10
95,94,10,10
38,67,10,10
48,50,10,10
32,26,10,10
43,95,10,10
43,81,10,10
43,29,10,10
43,64,10,10
43,42,10,10
43,6,10,10
43,21,10,10
43,95,10,10
29,43,10,10
38,36,10,10
81,43,10,10
81,43,10,10
43,81,10,10
43,6,10,10
43,29,10,10
43,27,10,10
71,5,10,10
71,72,10,10
71,15,10,10
71,73,10,10
69,86,10,10
27,43,10,10
42,43,10,10
38,36,10,10
27,3,10,10
27,13,10,10
27,66,10,10
27,15,10,10
27,62,10,10
27,26,10,10
27,39,10,10
15,27,10,10
27,43,10,10
43,81,10,10
86,76,10,10
86,75,10,10
86,117,10,10
86,69,10,10
86,84,10,10
69,86,10,10
43,27,10,10
86,117,10,10
3,27,10,10
3,8,10,10
3,35,10,10
3,51,10,10
3,13,10,10
3,4,10,10
3,52,10,10
3,18,10,10
3,50,10,10
3,53,10,10
52,3,10,10
6,43,10,10
66,26,10,10
103,105,10,10
8,3,10,10
13,27,10,10
13,3,10,10
84,19,10,10
35,3,10,10
88,5,10,10
13,14,10,10
35,3,10,10
53,3,10,10
53,4,10,10
4,3,10,10
29,43,10,10
14,13,10,10
14,13,10,10
47,50,10,10
13,14,10,10
13,14,10,10
14,13,10,10
14,13,10,10
103,105,10,10
26,83,10,10
76,50,10,10
26,24,10,10
26,66,10,10
77,66,10,10
38,24,10,10
13,14,10,10
26,60,10,10
26,32,10,10
26,113,10,10
14,13,10,10
50,93,10,10
50,101,10,10
50,27,10,10
101,50,10,10
18,3,10,10
13,14,10,10
13,14,10,10
2,59,10,10
93,50,10,10
14,13,10,10
14,13,10,10
9,67,10,10
9,66,10,10
103,24,10,10
57,82,10,10
83,26,10,10
13,14,10,10
13,14,10,10
14,13,10,10
63,64,10,10
26,45,10,10
14,13,10,10
26,83,10,10
86,27,10,10
86,69,10,10
26,45,10,10
13,14,10,10
4,86,10,10
86,4,10,10
13,14,10,10
14,13,10,10
14,13,10,10
86,4,10,10
64,63,10,10
32,66,10,10
32,26,10,10
13,14,10,10
76,13,10,10
76,75,10,10
56,88,10,10
6,106,10,10
39,27,10,10
1,38,10,10
88,56,10,10
13,14,10,10
14,13,10,10
66,77,10,10
66,9,10,10
5,56,10,10
5,88,10,10
14,13,10,10
32,26,10,10
13,14,10,10
56,5,10,10
32,26,10,10
13,14,10,10
77,66,10,10
27,50,10,10
66,32,10,10
14,13,10,10
14,13,10,10
13,14,10,10
13,14,10,10
40,50,10,10
14,13,10,10
14,13,10,10
24,103,10,10
13,14,10,10
72,14,10,10
72,71,10,10
72,73,10,10
72,9,10,10
72,65,10,10
13,14,10,10
14,13,10,10
85,3,10,10
86,84,10,10
17,3,10,10
26,27,10,10
3,17,10,10
3,20,10,10
56,47,10,10
20,3,10,10
66,67,10,10
66,77,10,10
73,1,10,10
1,73,10,10
84,19,10,10
24,45,10,10
77,66,10,10
24,45,10,10
1,73,10,10
9,66,10,10
9,67,10,10
88,5,10,10
66,9,10,10
3,18,10,10
3,53,10,10
3,66,10,10
3,8,10,10
3,35,10,10
3,51,10,10
3,52,10,10
3,50,10,10
3,13,10,10
3,20,10,10
52,3,10,10
66,3,10,10
67,9,10,10
67,66,10,10
67,9,10,10
76,57,10,10
47,56,10,10
35,3,10,10
94,95,10,10
20,3,10,10
76,84,10,10
45,24,10,10
121,106,10,10
45,24,10,10
9,67,10,10
9,66,10,10
80,64,10,10
73,1,10,10
33,15,10,10
99,18,10,10
3,66,10,10
76,75,10,10
76,13,10,10
3,13,10,10
3,50,10,10
3,18,10,10
3,8,10,10
3,35,10,10
3,51,10,10
3,52,10,10
3,20,10,10
3,51,10,10
3,53,10,10
3,35,10,10
52,3,10,10
53,3,10,10
53,3,10,10
20,3,10,10
75,50,10,10
59,2,10,10
35,3,10,10
59,67,10,10
8,3,10,10
15,33,10,10
15,33,10,10
59,94,10,10
59,95,10,10
8,3,10,10
84,86,10,10
84,59,10,10
6,43,10,10
94,9,10,10
94,65,10,10
65,94,10,10
9,94,10,10
26,3,10,10
26,51,10,10
50,70,10,10
35,3,10,10
26,45,10,10
117,14,10,10
18,3,10,10
14,117,10,10
13,3,10,10
13,3,10,10
59,80,10,10
67,9,10,10
66,3,10,10
66,9,10,10
54,29,10,10
54,15,10,10
54,39,10,10
51,3,10,10
51,3,10,10
51,3,10,10
51,3,10,10
33,15,10,10
86,19,10,10
29,54,10,10
63,64,10,10
55,18,10,10
63,64,10,10
63,42,10,10
18,3,10,10
4,53,10,10
75,50,10,10
56,15,10,10
56,5,10,10
42,63,10,10
15,56,10,10
71,38,10,10
5,56,10,10
15,56,10,10
48,47,10,10
47,48,10,10
15,54,10,10
53,4,10,10
69,88,10,10
84,40,10,10
84,82,10,10
84,101,10,10
77,9,10,10
107,18,10,10
107,1,10,10
107,18,10,10
4,53,10,10
96,15,10,10
96,61,10,10
96,12,10,10
20,63,10,10
20,64,10,10
20,3,10,10
26,15,10,10
26,24,10,10
26,83,10,10
70,50,10,10
61,96,10,10
3,20,10,10
39,54,10,10
13,14,10,10
14,13,10,10
14,13,10,10
29,54,10,10
54,29,10,10
13,18,10,10
13,14,10,10
13,14,10,10
13,14,10,10
3,13,10,10
3,68,10,10
3,66,10,10
3,67,10,10
3,8,10,10
3,35,10,10
3,4,10,10
3,85,10,10
3,69,10,10
3,17,10,10
69,3,10,10
3,84,10,10
3,35,10,10
33,15,10,10
15,96,10,10
33,5,10,10
13,3,10,10
5,33,10,10
13,1,10,10
13,7,10,10
13,35,10,10
1,13,10,10
14,13,10,10
14,13,10,10
14,13,10,10
66,3,10,10
8,3,10,10
26,32,10,10
72,71,10,10
17,3,10,10
13,14,10,10
13,14,10,10
14,9,10,10
14,13,10,10
14,13,10,10
75,50,10,10
13,14,10,10
26,32,10,10
70,53,10,10
94,9,10,10
94,65,10,10
12,96,10,10
9,14,10,10
35,3,10,10
14,9,10,10
9,14,10,10
15,33,10,10
53,70,10,10
56,5,10,10
56,15,10,10
19,1,10,10
35,13,10,10
35,3,10,10
67,3,10,10
66,67,10,10
17,15,10,10
17,56,10,10
17,54,10,10
56,17,10,10
56,88,10,10
50,52,10,10
76,50,10,10
52,50,10,10
53,86,10,10
103,105,10,10
105,103,10,10
86,53,10,10
43,79,10,10
68,3,10,10
88,56,10,10
86,56,10,10
86,84,10,10
86,69,10,10
9,94,10,10
59,67,10,10
4,3,10,10
54,17,10,10
79,43,10,10
117,58,10,10
112,44,10,10
15,33,10,10
58,117,10,10
44,112,10,10
117,58,10,10
58,117,10,10
9,65,10,10
33,15,10,10
15,17,10,10
65,94,10,10
81,39,10,10
5,56,10,10
70,50,10,10
50,76,10,10
50,75,10,10
50,49,10,10
50,82,10,10
84,3,10,10
76,50,10,10
75,50,10,10
59,94,10,10
59,2,10,10
71,72,10,10
71,15,10,10
71,73,10,10
71,5,10,10
63,20,10,10
59,94,10,10
59,2,10,10
117,86,10,10
56,55,10,10
56,18,10,10
56,5,10,10
20,3,10,10
3,20,10,10
18,56,10,10
18,107,10,10
18,108,10,10
18,99,10,10
18,110,10,10
5,56,10,10
47,19,10,10
47,55,10,10
47,19,10,10
47,55,10,10
19,47,10,10
19,47,10,10
68,47,10,10
67,66,10,10
88,68,10,10
88,69,10,10
69,88,10,10
65,9,10,10
65,9,10,10
9,65,10,10
86,117,10,10
86,53,10,10
86,40,10,10
86,93,10,10
86,101,10,10
86,27,10,10
40,93,10,10
40,101,10,10
40,27,10,10
93,40,10,10
101,40,10,10
94,65,10,10
104,44,10,10
86,56,10,10
86,84,10,10
86,68,10,10
86,48,10,10
86,88,10,10
86,75,10,10
84,86,10,10
71,151,10,10
103,52,10,10
103,105,10,10
105,103,10,10
9,14,10,10
14,9,10,10
82,50,10,10
50,48,10,10
88,69,10,10
65,94,10,10
13,58,10,10
48,50,10,10
69,76,10,10
52,103,10,10
14,13,10,10
13,14,10,10
4,106,10,10
13,14,10,10
14,13,10,10
14,13,10,10
13,14,10,10
13,14,10,10
14,13,10,10
14,13,10,10
84,82,10,10
13,14,10,10
75,21,10,10
75,10,10,10
75,7,10,10
95,94,10,10
45,29,10,10
84,53,10,10
57,84,10,10
84,57,10,10
20,3,10,10
3,20,10,10
58,13,10,10
106,117,10,10
106,73,10,10
86,117,10,10
9,56,10,10
9,67,10,10
9,68,10,10
9,69,10,10
9,64,10,10
69,9,10,10
56,9,10,10
68,9,10,10
80,67,10,10
80,66,10,10
80,64,10,10
14,13,10,10
44,104,10,10
13,14,10,10
13,14,10,10
14,13,10,10
14,13,10,10
6,106,10,10
13,14,10,10
13,14,10,10
14,13,10,10
85,3,10,10
67,9,10,10
14,13,10,10
117,58,10,10
14,69,10,10
14,68,10,10
14,56,10,10
14,15,10,10
14,5,10,10
14,50,10,10
14,53,10,10
14,9,10,10
14,1,10,10
69,14,10,10
53,14,10,10
58,117,10,10
1,14,10,10
9,14,10,10
117,32,10,10
32,117,10,10
68,14,10,10
117,32,10,10
32,117,10,10
73,1,10,10
68,48,10,10
68,85,10,10
68,47,10,10
1,73,10,10
14,13,10,10
15,14,10,10
15,54,10,10
54,15,10,10
65,74,10,10
84,50,10,10
84,18,10,10
84,57,10,10
15,5,10,10
15,117,10,10
15,83,10,10
50,75,10,10
5,14,10,10
121,106,10,10
5,11,10,10
68,69,10,10
69,68,10,10
5,15,10,10
75,50,10,10
29,45,10,10
50,84,10,10
50,18,10,10
50,57,10,10
84,50,10,10
42,22,10,10
57,50,10,10
72,14,10,10
72,65,10,10
72,9,10,10
84,50,10,10
84,57,10,10
84,18,10,10
23,51,10,10
18,50,10,10
67,80,10,10
74,65,10,10
9,67,10,10
67,9,10,10
22,98,10,10
9,67,10,10
9,66,10,10
47,18,10,10
98,22,10,10
64,80,10,10
39,81,10,10
64,9,10,10
67,9,10,10
67,9,10,10
67,66,10,10
13,14,10,10
13,14,10,10
13,14,10,10
51,23,10,10
14,13,10,10
56,14,10,10
55,56,10,10
55,47,10,10
13,72,10,10
13,74,10,10
50,86,10,10
50,49,10,10
50,75,10,10
50,82,10,10
86,50,10,10
53,84,10,10
84,53,10,10
74,13,10,10
53,70,10,10
70,53,10,10
75,50,10,10
45,26,10,10
45,24,10,10
1,38,10,10
86,57,10,10
82,50,10,10
50,70,10,10
48,53,10,10
66,80,10,10
83,15,10,10
66,67,10,10
48,47,10,10
47,48,10,10
76,19,10,10
67,66,10,10
66,9,10,10
50,47,10,10
50,47,10,10
50,17,10,10
47,50,10,10
47,50,10,10
47,50,10,10
77,66,10,10
77,9,10,10
77,17,10,10
80,64,10,10
55,47,10,10
11,5,10,10
96,15,10,10
96,61,10,10
96,12,10,10
18,47,10,10
94,95,10,10
17,50,10,10
1,38,10,10
1,38,10,10
1,38,10,10
70,50,10,10
34,83,10,10
13,14,10,10
61,96,10,10
50,52,10,10
14,13,10,10
14,13,10,10
13,14,10,10
57,76,10,10
13,14,10,10
14,13,10,10
52,50,10,10
52,50,10,10
52,103,10,10
19,76,10,10
50,47,10,10
3,84,10,10
3,66,10,10
3,67,10,10
3,8,10,10
3,35,10,10
3,13,10,10
3,4,10,10
3,68,10,10
3,85,10,10
3,69,10,10
3,17,10,10
66,3,10,10
13,3,10,10
103,52,10,10
83,34,10,10
64,80,10,10
14,13,10,10
13,14,10,10
13,14,10,10
14,13,10,10
14,13,10,10
13,14,10,10
35,3,10,10
13,14,10,10
12,96,10,10
8,3,10,10
14,13,10,10
9,14,10,10
17,3,10,10
14,9,10,10
4,3,10,10
67,3,10,10
54,61,10,10
61,54,10,10
38,24,10,10
56,15,10,10
75,50,10,10
13,4,10,10
43,42,10,10
101,88,10,10
47,50,10,10
88,89,10,10
88,75,10,10
88,101,10,10
29,23,10,10
4,13,10,10
88,2,10,10
80,64,10,10
35,62,10,10
64,80,10,10
64,80,10,10
13,4,10,10
68,3,10,10
15,56,10,10
15,96,10,10
68,48,10,10
12,72,10,10
12,74,10,10
80,64,10,10
13,117,10,10
86,53,10,10
42,43,10,10
76,50,10,10
52,103,10,10
53,48,10,10
23,29,10,10
50,76,10,10
44,95,10,10
44,65,10,10
44,9,10,10
103,52,10,10
76,50,10,10
75,50,10,10
38,68,10,10
38,56,10,10
38,69,10,10
74,12,10,10
56,38,10,10
68,38,10,10
64,80,10,10
84,3,10,10
26,45,10,10
50,75,10,10
84,56,10,10
84,86,10,10
84,69,10,10
50,52,10,10
52,50,10,10
72,73,10,10
72,9,10,10
72,14,10,10
72,65,10,10
72,71,10,10
17,56,10,10
17,15,10,10
17,54,10,10
9,44,10,10
44,9,10,10
99,18,10,10
71,72,10,10
71,15,10,10
71,73,10,10
71,5,10,10
33,54,10,10
6,106,10,10
83,63,10,10
86,19,10,10
56,17,10,10
56,88,10,10
88,56,10,10
76,57,10,10
76,57,10,10
57,86,10,10
86,57,10,10
57,18,10,10
18,57,10,10
47,48,10,10
15,17,10,10
20,3,10,10
75,50,10,10
3,20,10,10
75,70,10,10
75,19,10,10
15,56,10,10
84,86,10,10
56,15,10,10
77,32,10,10
54,17,10,10
54,33,10,10
65,95,10,10
50,75,10,10
75,50,10,10
62,35,10,10
48,47,10,10
74,72,10,10
65,44,10,10
44,65,10,10
68,69,10,10
65,112,10,10
112,65,10,10
74,65,10,10
74,9,10,10
74,72,10,10
112,65,10,10
69,84,10,10
59,32,10,10
7,75,10,10
7,13,10,10
77,9,10,10
77,17,10,10
70,75,10,10
94,65,10,10
65,112,10,10
65,74,10,10
65,94,10,10
105,103,10,10
95,65,10,10
17,50,10,10
88,5,10,10
35,20,10,10
21,86,10,10
4,58,10,10
69,86,10,10
50,47,10,10
86,21,10,10
42,22,10,10
58,4,10,10
70,53,10,10
20,35,10,10
73,1,10,10
1,73,10,10
69,86,10,10
5,88,10,10
5,56,10,10
63,83,10,10
75,82,10,10
26,51,10,10
68,18,10,10
68,55,10,10
56,5,10,10
68,85,10,10
85,3,10,10
103,105,10,10
19,18,10,10
88,5,10,10
95,30,10,10
13,14,10,10
14,13,10,10
14,13,10,10
13,14,10,10
13,14,10,10
23,77,10,10
77,23,10,10
121,106,10,10
14,13,10,10
14,13,10,10
13,14,10,10
13,14,10,10
15,88,10,10
77,23,10,10
14,13,10,10
23,51,10,10
63,7,10,10
63,10,10,10
82,75,10,10
88,15,10,10
63,7,10,10
63,10,10,10
50,3,10,10
7,63,10,10
82,13,10,10
82,40,10,10
82,19,10,10
82,109,10,10
82,101,10,10
82,93,10,10
101,82,10,10
93,82,10,10
47,50,10,10
56,69,10,10
18,55,10,10
101,57,10,10
101,6,10,10
12,15,10,10
68,85,10,10
15,12,10,10
3,50,10,10
40,82,10,10
30,95,10,10
65,94,10,10
65,9,10,10
56,55,10,10
56,18,10,10
94,65,10,10
82,40,10,10
94,65,10,10
94,95,10,10
35,30,10,10
3,35,10,10
3,50,10,10
3,8,10,10
3,13,10,10
65,94,10,10
86,40,10,10
86,75,10,10
86,82,10,10
57,84,10,10
84,57,10,10
33,5,10,10
13,82,10,10
13,3,10,10
18,13,10,10
18,84,10,10
18,7,10,10
18,58,10,10
18,4,10,10
18,81,10,10
18,56,10,10
84,18,10,10
57,86,10,10
86,57,10,10
51,23,10,10
58,18,10,10
69,56,10,10
18,56,10,10
84,18,10,10
57,86,10,10
7,18,10,10
18,7,10,10
56,18,10,10
86,57,10,10
7,18,10,10
65,94,10,10
65,95,10,10
13,18,10,10
86,57,10,10
53,70,10,10
53,70,10,10
76,86,10,10
8,3,10,10
18,108,10,10
53,70,10,10
18,57,10,10
4,18,10,10
70,53,10,10
70,53,10,10
75,50,10,10
15,32,10,10
8,3,10,10
50,75,10,10
38,56,10,10
38,9,10,10
38,72,10,10
38,69,10,10
38,68,10,10
38,1,10,10
75,50,10,10
30,35,10,10
76,75,10,10
3,8,10,10
3,35,10,10
3,51,10,10
8,3,10,10
3,8,10,10
51,3,10,10
5,33,10,10
69,68,10,10
94,65,10,10
94,59,10,10
94,2,10,10
94,95,10,10
59,94,10,10
15,33,10,10
2,94,10,10
53,48,10,10
48,53,10,10
15,33,10,10
32,15,10,10
9,65,10,10
9,65,10,10
9,74,10,10
86,75,10,10
86,40,10,10
86,82,10,10
12,72,10,10
12,71,10,10
12,73,10,10
12,15,10,10
86,69,10,10
72,74,10,10
90,69,10,10
90,68,10,10
65,9,10,10
85,107,10,10
80,64,10,10
80,67,10,10
80,66,10,10
55,18,10,10
55,56,10,10
107,85,10,10
107,55,10,10
55,107,10,10
69,3,10,10
69,67,10,10
69,9,10,10
69,72,10,10
69,15,10,10
69,56,10,10
69,68,10,10
69,65,10,10
68,90,10,10
57,101,10,10
57,18,10,10
6,101,10,10
13,65,10,10
13,3,10,10
13,8,10,10
13,40,10,10
96,15,10,10
96,61,10,10
96,12,10,10
11,5,10,10
35,3,10,10
33,15,10,10
33,15,10,10
99,107,10,10
99,85,10,10
35,3,10,10
42,68,10,10
42,69,10,10
95,94,10,10
95,94,10,10
95,65,10,10
1,38,10,10
61,96,10,10
5,11,10,10
3,13,10,10
3,13,10,10
3,4,10,10
3,8,10,10
3,35,10,10
13,3,10,10
15,12,10,10
94,65,10,10
94,9,10,10
75,70,10,10
15,96,10,10
64,80,10,10
35,3,10,10
35,3,10,10
3,67,10,10
3,66,10,10
3,72,10,10
3,8,10,10
3,41,10,10
3,35,10,10
3,13,10,10
3,4,10,10
3,68,10,10
3,85,10,10
3,69,10,10
3,17,10,10
3,35,10,10
14,13,10,10
65,94,10,10
65,94,10,10
117,58,10,10
58,117,10,10
70,75,10,10
38,36,10,10
13,14,10,10
5,72,10,10
5,71,10,10
5,73,10,10
5,74,10,10
5,11,10,10
13,14,10,10
13,3,10,10
14,13,10,10
13,14,10,10
14,13,10,10
72,74,10,10
74,5,10,10
14,13,10,10
107,99,10,10
80,18,10,10
35,3,10,10
13,14,10,10
17,3,10,10
4,3,10,10
48,1,10,10
48,68,10,10
1,48,10,10
4,3,10,10
30,29,10,10
30,47,10,10
35,85,10,10
29,30,10,10
47,30,10,10
68,42,10,10
68,3,10,10
11,5,10,10
94,65,10,10
32,15,10,10
73,5,10,10
73,12,10,10
17,15,10,10
17,56,10,10
17,54,10,10
56,17,10,10
56,88,10,10
75,50,10,10
41,3,10,10
29,30,10,10
34,83,10,10
41,50,10,10
41,23,10,10
41,93,10,10
29,23,10,10
29,83,10,10
41,8,10,10
29,81,10,10
23,29,10,10
65,13,10,10
29,80,10,10
9,94,10,10
58,106,10,10
23,29,10,10
80,29,10,10
68,48,10,10
29,23,10,10
75,70,10,10
75,89,10,10
75,88,10,10
30,29,10,10
43,117,10,10
89,75,10,10
47,68,10,10
88,56,10,10
88,75,10,10
76,53,10,10
15,17,10,10
75,88,10,10
70,75,10,10
38,36,10,10
43,44,10,10
44,43,10,10
50,20,10,10
50,3,10,10
68,47,10,10
88,15,10,10
50,3,10,10
50,20,10,10
18,80,10,10
3,50,10,10
3,50,10,10
50,20,10,10
50,3,10,10
76,57,10,10
71,15,10,10
71,72,10,10
71,73,10,10
71,5,10,10
3,50,10,10
15,88,10,10
50,20,10,10
50,3,10,10
117,15,10,10
3,50,10,10
88,75,10,10
53,76,10,10
15,117,10,10
18,47,10,10
18,57,10,10
20,50,10,10
20,50,10,10
20,50,10,10
59,69,10,10
59,76,10,10
59,88,10,10
59,47,10,10
59,68,10,10
59,56,10,10
59,85,10,10
59,86,10,10
59,84,10,10
59,89,10,10
59,48,10,10
59,94,10,10
59,2,10,10
84,59,10,10
20,50,10,10
88,15,10,10
106,58,10,10
47,18,10,10
9,44,10,10
44,9,10,10
22,7,10,10
81,27,10,10
81,56,10,10
81,15,10,10
56,81,10,10
7,22,10,10
108,18,10,10
108,18,10,10
108,18,10,10
108,18,10,10
108,18,10,10
108,1,10,10
108,111,10,10
56,96,10,10
81,56,10,10
83,29,10,10
68,69,10,10
68,47,10,10
68,48,10,10
68,85,10,10
14,13,10,10
83,5,10,10
83,32,10,10
83,54,10,10
20,3,10,10
3,20,10,10
83,33,10,10
83,34,10,10
76,53,10,10
32,83,10,10
59,69,10,10
59,56,10,10
59,64,10,10
59,68,10,10
121,106,10,10
14,13,10,10
93,101,10,10
93,101,10,10
93,101,10,10
15,81,10,10
34,83,10,10
101,93,10,10
101,93,10,10
54,15,10,10
54,17,10,10
54,83,10,10
101,93,10,10
13,14,10,10
13,14,10,10
13,14,10,10
14,13,10,10
54,83,10,10
15,54,10,10
27,81,10,10
13,14,10,10
93,95,10,10
93,95,10,10
14,13,10,10
93,95,10,10
96,56,10,10
57,18,10,10
14,13,10,10
93,82,10,10
93,82,10,10
93,82,10,10
13,14,10,10
13,14,10,10
14,13,10,10
14,13,10,10
13,14,10,10
33,83,10,10
73,1,10,10
83,54,10,10
1,73,10,10
83,34,10,10
47,52,10,10
52,47,10,10
33,2,10,10
2,33,10,10
52,23,10,10
82,93,10,10
82,75,10,10
82,40,10,10
69,76,10,10
95,93,10,10
56,81,10,10
11,5,10,10
23,52,10,10
84,50,10,10
85,35,10,10
85,3,10,10
85,99,10,10
84,57,10,10
9,66,10,10
9,67,10,10
5,83,10,10
5,11,10,10
63,64,10,10
50,84,10,10
84,50,10,10
63,42,10,10
50,3,10,10
50,20,10,10
3,50,10,10
82,93,10,10
76,50,10,10
82,93,10,10
57,63,10,10
20,50,10,10
82,13,10,10
82,40,10,10
69,84,10,10
13,82,10,10
13,17,10,10
13,14,10,10
14,13,10,10
68,48,10,10
68,47,10,10
6,106,10,10
117,33,10,10
50,76,10,10
33,117,10,10
76,50,10,10
66,3,10,10
18,55,10,10
36,38,10,10
67,9,10,10
67,9,10,10
67,66,10,10
66,9,10,10
66,80,10,10
67,3,10,10
69,84,10,10
67,80,10,10
86,69,10,10
84,69,10,10
75,82,10,10
55,18,10,10
86,53,10,10
77,17,10,10
14,13,10,10
94,65,10,10
13,14,10,10
13,14,10,10
12,96,10,10
14,13,10,10
12,15,10,10
14,13,10,10
15,12,10,10
13,14,10,10
13,14,10,10
14,13,10,10
14,13,10,10
13,14,10,10
13,14,10,10
14,13,10,10
18,1,10,10
18,13,10,10
18,81,10,10
18,84,10,10
13,18,10,10
106,58,10,10
75,1,10,10
1,18,10,10
84,18,10,10
36,38,10,10
96,61,10,10
96,12,10,10
50,75,10,10
47,48,10,10
47,86,10,10
47,68,10,10
47,85,10,10
12,96,10,10
75,50,10,10
68,47,10,10
38,36,10,10
26,32,10,10
69,84,10,10
69,86,10,10
69,76,10,10
69,89,10,10
48,47,10,10
76,69,10,10
12,15,10,10
15,12,10,10
58,18,10,10
58,7,10,10
61,96,10,10
15,12,10,10
15,72,10,10
15,71,10,10
12,15,10,10
7,58,10,10
75,50,10,10
85,47,10,10
34,24,10,10
61,15,10,10
15,61,10,10
83,45,10,10
68,47,10,10
45,83,10,10
83,45,10,10
53,86,10,10
86,53,10,10
45,83,10,10
86,47,10,10
95,93,10,10
95,93,10,10
1,75,10,10
1,75,10,10
65,94,10,10
12,15,10,10
15,12,10,10
76,69,10,10
84,69,10,10
84,1,10,10
84,18,10,10
84,13,10,10
84,81,10,10
84,79,10,10
84,89,10,10
84,79,10,10
84,69,10,10
139,26,10,10
139,57,10,10
77,66,11,11
84,13,11,11
77,66,11,11
13,84,11,11
84,13,11,11
96,15,11,11
96,61,11,11
96,12,11,11
94,48,11,11
94,56,11,11
94,70,11,11
16,8,11,11
16,8,11,11
8,41,11,11
24,45,11,11
8,13,11,11
8,3,11,11
8,3,11,11
24,34,11,11
13,14,11,11
14,13,11,11
14,13,11,11
13,14,11,11
28,29,11,11
49,7,11,11
13,14,11,11
14,13,11,11
1,10,11,11
1,14,11,11
1,13,11,11
1,7,11,11
1,3,11,11
1,2,11,11
1,9,11,11
1,8,11,11
1,12,11,11
1,15,11,11
1,5,11,11
1,17,11,11
1,4,11,11
1,11,11,11
1,16,11,11
1,65,11,11
1,6,11,11
49,50,11,11
14,1,11,11
49,50,11,11
49,50,11,11
61,96,11,11
13,1,11,11
49,1,11,11
121,8,11,11
121,13,11,11
49,46,11,11
75,1,11,11
49,105,11,11
78,1,11,11
49,101,11,11
1,84,11,11
84,1,11,11
78,50,11,11
70,94,11,11
63,57,11,11
70,94,11,11
19,75,11,11
19,82,11,11
4,1,11,11
31,14,11,11
3,1,11,11
15,1,11,11
15,96,11,11
2,1,11,11
14,31,11,11
14,31,11,11
31,14,11,11
31,42,11,11
31,63,11,11
6,1,11,11
8,1,11,11
66,27,11,11
29,28,11,11
3,66,11,11
3,8,11,11
3,13,11,11
3,67,11,11
3,35,11,11
3,4,11,11
3,68,11,11
3,85,11,11
3,69,11,11
3,84,11,11
3,17,11,11
84,3,11,11
42,31,11,11
66,3,11,11
56,94,11,11
9,1,11,11
13,3,11,11
7,1,11,11
94,70,11,11
10,1,11,11
94,84,11,11
84,94,11,11
16,1,11,11
52,8,11,11
8,3,11,11
17,3,11,11
8,52,11,11
66,67,11,11
66,9,11,11
5,1,11,11
94,65,11,11
94,9,11,11
12,1,11,11
1,12,11,11
29,63,11,11
12,1,11,11
12,96,11,11
29,23,11,11
29,30,11,11
4,3,11,11
29,28,11,11
23,29,11,11
9,66,11,11
42,64,11,11
42,63,11,11
76,19,11,11
76,57,11,11
42,112,11,11
30,29,11,11
112,42,11,11
56,61,11,11
56,96,11,11
56,15,11,11
15,56,11,11
96,56,11,11
9,94,11,11
30,47,11,11
68,3,11,11
61,56,11,11
72,36,11,11
6,106,11,11
32,67,11,11
32,9,11,11
67,32,11,11
32,5,11,11
67,3,11,11
67,66,11,11
5,32,11,11
28,29,11,11
4,106,11,11
82,40,11,11
80,64,11,11
14,13,11,11
17,15,11,11
17,56,11,11
17,54,11,11
9,32,11,11
6,8,11,11
6,8,11,11
4,3,11,11
4,13,11,11
4,35,11,11
32,83,11,11
73,72,11,11
73,15,11,11
73,5,11,11
73,71,11,11
5,73,11,11
13,14,11,11
13,14,11,11
14,13,11,11
14,13,11,11
13,14,11,11
13,14,11,11
43,42,11,11
43,42,11,11
43,79,11,11
43,45,11,11
43,79,11,11
80,67,11,11
14,13,11,11
14,13,11,11
13,14,11,11
63,29,11,11
83,94,11,11
59,86,11,11
59,94,11,11
59,68,11,11
59,69,11,11
59,56,11,11
59,85,11,11
59,84,11,11
59,89,11,11
59,48,11,11
59,76,11,11
59,88,11,11
59,47,11,11
59,2,11,11
76,59,11,11
84,59,11,11
45,43,11,11
67,80,11,11
71,73,11,11
56,17,11,11
56,88,11,11
13,14,11,11
63,31,11,11
75,50,11,11
64,80,11,11
14,13,11,11
14,13,11,11
13,14,11,11
13,14,11,11
14,13,11,11
14,13,11,11
79,43,11,11
13,14,11,11
14,13,11,11
13,14,11,11
13,14,11,11
13,14,11,11
14,13,11,11
10,75,11,11
10,1,11,11
10,75,11,11
14,13,11,11
10,63,11,11
14,13,11,11
13,14,11,11
13,14,11,11
14,13,11,11
14,13,11,11
4,65,11,11
13,14,11,11
13,14,11,11
14,13,11,11
14,13,11,11
13,14,11,11
9,66,11,11
9,67,11,11
13,14,11,11
66,9,11,11
14,13,11,11
42,43,11,11
42,43,11,11
14,13,11,11
13,14,11,11
14,9,11,11
14,65,11,11
13,14,11,11
9,14,11,11
14,13,11,11
71,72,11,11
71,15,11,11
71,73,11,11
71,5,11,11
94,83,11,11
101,57,11,11
101,82,11,11
101,6,11,11
101,19,11,11
57,101,11,11
65,94,11,11
65,14,11,11
65,1,11,11
50,48,11,11
83,63,11,11
9,85,11,11
9,66,11,11
9,67,11,11
67,9,11,11
1,38,11,11
82,101,11,11
82,13,11,11
82,40,11,11
56,15,11,11
56,54,11,11
65,95,11,11
95,65,11,11
6,101,11,11
50,75,11,11
13,82,11,11
54,17,11,11
54,56,11,11
13,3,11,11
75,50,11,11
75,50,11,11
63,83,11,11
121,106,11,11
13,65,11,11
13,3,11,11
13,8,11,11
13,40,11,11
3,13,11,11
8,13,11,11
44,66,11,11
95,104,11,11
95,79,11,11
95,123,11,11
95,22,11,11
95,98,11,11
85,3,11,11
42,64,11,11
32,8,11,11
17,1,11,11
1,17,11,11
8,32,11,11
76,81,11,11
76,27,11,11
32,8,11,11
79,95,11,11
94,59,11,11
94,2,11,11
94,83,11,11
2,94,11,11
84,1,11,11
86,40,11,11
86,19,11,11
86,27,11,11
86,93,11,11
86,101,11,11
80,67,11,11
80,64,11,11
50,75,11,11
15,56,11,11
40,41,11,11
40,16,11,11
84,13,11,11
98,95,11,11
84,3,11,11
15,73,11,11
15,17,11,11
84,94,11,11
64,80,11,11
75,50,11,11
9,66,11,11
9,67,11,11
88,15,11,11
88,61,11,11
88,96,11,11
88,12,11,11
66,9,11,11
88,15,11,11
88,61,11,11
88,96,11,11
88,12,11,11
16,40,11,11
123,95,11,11
24,60,11,11
65,13,11,11
56,68,11,11
44,14,11,11
14,44,11,11
59,94,11,11
60,24,11,11
77,3,11,11
77,66,11,11
77,115,11,11
77,90,11,11
77,80,11,11
89,75,11,11
89,88,11,11
77,67,11,11
77,26,11,11
77,24,11,11
77,39,11,11
77,27,11,11
77,81,11,11
77,62,11,11
77,5,11,11
77,8,11,11
77,9,11,11
14,13,11,11
13,14,11,11
13,14,11,11
14,13,11,11
14,13,11,11
13,14,11,11
94,83,11,11
13,14,11,11
14,13,11,11
14,13,11,11
13,14,11,11
13,14,11,11
14,13,11,11
14,13,11,11
13,14,11,11
77,66,11,11
77,9,11,11
13,14,11,11
14,13,11,11
67,9,11,11
67,9,11,11
67,66,11,11
67,80,11,11
23,51,11,11
51,23,11,11
90,80,11,11
80,90,11,11
63,83,11,11
68,56,11,11
71,72,11,11
84,86,11,11
68,56,11,11
75,89,11,11
48,50,11,11
75,70,11,11
48,85,11,11
85,48,11,11
138,47,11,11
104,95,11,11
83,94,11,11
83,94,11,11
83,63,11,11
38,36,11,11
27,76,11,11
76,27,11,11
36,38,11,11
54,15,11,11
15,54,11,11
19,76,11,11
76,19,11,11
76,27,11,11
47,30,11,11
11,1,11,11
96,15,11,11
96,61,11,11
96,12,11,11
11,31,11,11
11,32,11,11
11,25,11,11
11,33,11,11
31,11,11,11
25,11,11,11
94,83,11,11
26,15,11,11
26,83,11,11
26,24,11,11
33,11,11,11
18,58,11,11
83,94,11,11
61,96,11,11
1,38,11,11
48,94,11,11
73,1,11,11
1,73,11,11
70,75,11,11
14,13,11,11
79,43,11,11
14,13,11,11
42,33,11,11
71,12,11,11
71,15,11,11
13,14,11,11
71,5,11,11
13,14,11,11
13,14,11,11
14,13,11,11
71,72,11,11
3,66,11,11
3,13,11,11
3,68,11,11
3,85,11,11
3,67,11,11
3,8,11,11
3,35,11,11
3,4,11,11
3,69,11,11
3,17,11,11
13,3,11,11
23,1,11,11
23,104,11,11
17,3,11,11
1,23,11,11
4,3,11,11
70,50,11,11
59,2,11,11
72,73,11,11
56,17,11,11
56,17,11,11
8,3,11,11
66,3,11,11
29,42,11,11
15,96,11,11
104,23,11,11
70,48,11,11
70,68,11,11
80,64,11,11
80,66,11,11
48,70,11,11
17,56,11,11
17,15,11,11
17,54,11,11
42,29,11,11
42,29,11,11
15,17,11,11
1,10,11,11
1,13,11,11
1,15,11,11
1,17,11,11
1,9,11,11
1,8,11,11
1,14,11,11
1,12,11,11
1,7,11,11
1,3,11,11
1,5,11,11
1,4,11,11
1,11,11,11
1,16,11,11
1,2,11,11
1,65,11,11
1,6,11,11
12,1,11,11
56,17,11,11
29,42,11,11
56,88,11,11
15,1,11,11
14,1,11,11
7,1,11,11
68,70,11,11
4,1,11,11
9,1,11,11
68,3,11,11
29,58,11,11
20,7,11,11
7,20,11,11
13,1,11,11
2,1,11,11
58,29,11,11
70,31,11,11
47,48,11,11
31,70,11,11
15,54,11,11
48,47,11,11
3,1,11,11
16,1,11,11
11,1,11,11
38,36,11,11
54,17,11,11
54,15,11,11
59,67,11,11
88,56,11,11
88,56,11,11
13,3,11,11
13,35,11,11
13,4,11,11
13,53,11,11
13,50,11,11
66,80,11,11
36,38,11,11
5,1,11,11
88,54,11,11
80,26,11,11
80,60,11,11
80,66,11,11
149,36,11,11
10,1,11,11
66,80,11,11
54,15,11,11
54,88,11,11
76,69,11,11
63,29,11,11
63,42,11,11
63,20,11,11
63,33,11,11
63,27,11,11
67,3,11,11
32,15,11,11
60,80,11,11
67,26,11,11
67,66,11,11
65,1,11,11
14,13,11,11
86,75,11,11
86,48,11,11
86,56,11,11
86,69,11,11
86,84,11,11
86,76,11,11
86,88,11,11
86,117,11,11
86,68,11,11
98,22,11,11
63,42,11,11
63,20,11,11
63,33,11,11
63,29,11,11
63,27,11,11
66,27,11,11
86,69,11,11
86,88,11,11
86,84,11,11
86,76,11,11
86,68,11,11
86,48,11,11
86,75,11,11
86,117,11,11
74,9,11,11
74,14,11,11
74,65,11,11
74,72,11,11
14,74,11,11
15,32,11,11
15,54,11,11
71,72,11,11
71,15,11,11
71,73,11,11
71,5,11,11
88,15,11,11
88,61,11,11
88,96,11,11
88,12,11,11
88,61,11,11
88,96,11,11
88,12,11,11
88,15,11,11
59,85,11,11
59,88,11,11
59,94,11,11
59,68,11,11
59,69,11,11
59,56,11,11
59,86,11,11
59,84,11,11
59,89,11,11
59,48,11,11
59,76,11,11
59,47,11,11
59,2,11,11
84,86,11,11
14,13,11,11
3,66,11,11
3,67,11,11
3,9,11,11
3,17,11,11
9,74,11,11
9,17,11,11
9,3,11,11
65,74,11,11
13,14,11,11
8,1,11,11
13,14,11,11
13,14,11,11
4,53,11,11
14,13,11,11
45,26,11,11
18,7,11,11
41,40,11,11
100,7,11,11
12,15,11,11
84,94,11,11
84,67,11,11
84,79,11,11
88,69,11,11
66,77,11,11
13,14,11,11
14,13,11,11
14,13,11,11
13,14,11,11
88,54,11,11
13,14,11,11
14,13,11,11
14,13,11,11
13,14,11,11
33,34,11,11
19,86,11,11
86,19,11,11
14,13,11,11
34,33,11,11
13,14,11,11
13,14,11,11
14,13,11,11
14,13,11,11
13,14,11,11
13,14,11,11
14,13,11,11
13,14,11,11
14,13,11,11
13,14,11,11
14,13,11,11
14,13,11,11
14,13,11,11
74,4,11,11
13,14,11,11
4,74,11,11
13,14,11,11
13,14,11,11
14,13,11,11
4,74,11,11
86,56,11,11
86,75,11,11
86,84,11,11
86,48,11,11
74,4,11,11
7,100,11,11
88,18,11,11
88,89,11,11
65,64,11,11
84,69,11,11
64,65,11,11
84,57,11,11
68,53,11,11
115,59,11,11
115,68,11,11
115,90,11,11
115,31,11,11
115,72,11,11
115,9,11,11
115,44,11,11
115,38,11,11
115,69,11,11
115,80,11,11
115,64,11,11
115,15,11,11
115,3,11,11
115,39,11,11
115,26,11,11
115,62,11,11
115,56,11,11
115,83,11,11
115,18,11,11
115,113,11,11
115,23,11,11
115,50,11,11
44,115,11,11
56,115,11,11
31,115,11,11
38,1,11,11
89,88,11,11
89,75,11,11
23,115,11,11
68,115,11,11
1,38,11,11
3,115,11,11
75,89,11,11
59,68,11,11
59,56,11,11
59,69,11,11
59,64,11,11
59,67,11,11
68,69,11,11
68,64,11,11
77,66,11,11
26,80,11,11
90,115,11,11
75,70,11,11
75,82,11,11
59,115,11,11
26,45,11,11
26,45,11,11
26,115,11,11
42,44,11,11
3,35,11,11
3,4,11,11
3,50,11,11
3,18,11,11
3,8,11,11
3,13,11,11
3,51,11,11
3,53,11,11
3,52,11,11
3,20,11,11
52,3,11,11
64,115,11,11
69,115,11,11
16,40,11,11
51,3,11,11
69,59,11,11
12,96,11,11
12,15,11,11
19,67,11,11
19,38,11,11
19,66,11,11
19,9,11,11
19,17,11,11
19,18,11,11
19,7,11,11
19,91,11,11
19,1,11,11
72,15,11,11
72,5,11,11
7,19,11,11
1,19,11,11
20,3,11,11
16,40,11,11
13,40,11,11
4,3,11,11
13,3,11,11
53,3,11,11
13,14,11,11
73,72,11,11
9,66,11,11
9,67,11,11
9,115,11,11
14,13,11,11
9,19,11,11
14,13,11,11
73,74,11,11
13,14,11,11
13,14,11,11
14,13,11,11
40,106,11,11
40,6,11,11
14,13,11,11
13,14,11,11
69,59,11,11
13,14,11,11
18,115,11,11
13,40,11,11
18,3,11,11
14,13,11,11
50,3,11,11
50,8,11,11
50,51,11,11
90,112,11,11
18,19,11,11
14,13,11,11
112,90,11,11
48,47,11,11
48,47,11,11
48,47,11,11
47,48,11,11
65,64,11,11
15,115,11,11
32,8,11,11
13,14,11,11
47,48,11,11
47,48,11,11
15,12,11,11
13,14,11,11
82,75,11,11
13,17,11,11
14,13,11,11
4,106,11,11
7,18,11,11
14,13,11,11
74,73,11,11
13,14,11,11
69,76,11,11
13,14,11,11
14,13,11,11
72,12,11,11
72,15,11,11
72,71,11,11
113,115,11,11
39,115,11,11
74,104,11,11
39,29,11,11
85,3,11,11
15,12,11,11
48,50,11,11
29,39,11,11
52,3,11,11
70,75,11,11
50,41,11,11
50,93,11,11
50,101,11,11
50,27,11,11
84,50,11,11
101,50,11,11
93,50,11,11
64,65,11,11
51,50,11,11
66,19,11,11
80,67,11,11
80,66,11,11
3,50,11,11
9,67,11,11
9,66,11,11
3,52,11,11
7,22,11,11
7,22,11,11
8,3,11,11
50,84,11,11
84,50,11,11
84,50,11,11
68,56,11,11
68,69,11,11
8,50,11,11
86,84,11,11
7,22,11,11
40,6,11,11
40,106,11,11
17,9,11,11
33,15,11,11
15,33,11,11
69,64,11,11
47,55,11,11
33,15,11,11
54,15,11,11
59,9,11,11
59,65,11,11
66,9,11,11
15,56,11,11
56,15,11,11
15,54,11,11
54,10,11,11
65,59,11,11
55,47,11,11
77,17,11,11
20,22,11,11
20,7,11,11
77,66,11,11
83,115,11,11
64,68,11,11
63,64,11,11
68,64,11,11
13,47,11,11
64,63,11,11
83,15,11,11
83,5,11,11
67,3,11,11
67,80,11,11
5,83,11,11
105,103,11,11
103,105,11,11
15,83,11,11
15,83,11,11
15,33,11,11
65,59,11,11
9,44,11,11
9,104,11,11
9,74,11,11
9,72,11,11
9,1,11,11
84,68,11,11
27,66,11,11
68,48,11,11
27,50,11,11
84,13,11,11
84,47,11,11
1,9,11,11
27,77,11,11
63,64,11,11
47,48,11,11
1,38,11,11
33,22,11,11
67,9,11,11
67,9,11,11
48,47,11,11
67,19,11,11
84,13,11,11
10,54,11,11
88,89,11,11
88,89,11,11
84,53,11,11
39,27,11,11
27,39,11,11
68,64,11,11
74,9,11,11
17,19,11,11
17,3,11,11
65,22,11,11
65,98,11,11
14,7,11,11
22,65,11,11
66,80,11,11
83,15,11,11
66,3,11,11
66,9,11,11
69,68,11,11
69,86,11,11
69,84,11,11
45,66,11,11
66,45,11,11
53,84,11,11
53,4,11,11
84,53,11,11
104,9,11,11
65,22,11,11
65,22,11,11
72,9,11,11
72,14,11,11
72,65,11,11
68,67,11,11
68,66,11,11
65,59,11,11
84,90,11,11
69,86,11,11
69,84,11,11
69,76,11,11
104,1,11,11
1,104,11,11
1,5,11,11
1,6,11,11
1,7,11,11
1,2,11,11
1,3,11,11
1,8,11,11
1,9,11,11
1,10,11,11
1,11,11,11
1,12,11,11
1,65,11,11
1,13,11,11
1,14,11,11
1,15,11,11
1,4,11,11
1,16,11,11
1,17,11,11
1,6,11,11
1,7,11,11
1,2,11,11
1,10,11,11
1,11,11,11
1,12,11,11
1,13,11,11
1,4,11,11
1,16,11,11
1,38,11,11
13,84,11,11
16,1,11,11
16,1,11,11
96,15,11,11
96,61,11,11
96,12,11,11
94,65,11,11
94,9,11,11
13,17,11,11
13,3,11,11
13,35,11,11
13,4,11,11
144,38,11,11
33,15,11,11
94,68,11,11
94,69,11,11
94,56,11,11
94,47,11,11
94,84,11,11
94,85,11,11
94,59,11,11
94,2,11,11
42,14,11,11
152,26,11,11
2,94,11,11
2,94,11,11
2,33,11,11
2,59,11,11
2,22,11,11
2,83,11,11
2,95,11,11
83,2,11,11
14,42,11,11
14,42,11,11
33,2,11,11
33,22,11,11
94,2,11,11
95,2,11,11
62,31,11,11
61,96,11,11
3,64,11,11
3,42,11,11
3,20,11,11
3,66,11,11
27,77,11,11
44,9,11,11
34,39,11,11
33,22,11,11
31,62,11,11
39,34,11,11
15,96,11,11
7,20,11,11
42,14,11,11
42,3,11,11
42,3,11,11
7,14,11,11
3,42,11,11
22,42,11,11
22,20,11,11
22,29,11,11
22,63,11,11
27,66,11,11
27,15,11,11
27,13,11,11
27,39,11,11
27,26,11,11
27,3,11,11
27,62,11,11
42,22,11,11
100,84,11,11
63,22,11,11
74,18,11,11
12,96,11,11
3,66,11,11
3,67,11,11
3,8,11,11
3,35,11,11
3,13,11,11
3,4,11,11
3,68,11,11
3,85,11,11
3,69,11,11
3,17,11,11
3,27,11,11
13,27,11,11
15,27,11,11
13,3,11,11
8,3,11,11
67,3,11,11
3,8,11,11
3,35,11,11
3,52,11,11
3,18,11,11
3,50,11,11
3,13,11,11
3,4,11,11
3,51,11,11
3,53,11,11
59,94,11,11
59,2,11,11
52,3,11,11
67,68,11,11
67,66,11,11
59,9,11,11
59,14,11,11
59,67,11,11
42,43,11,11
13,3,11,11
66,3,11,11
53,3,11,11
13,14,11,11
14,13,11,11
66,3,11,11
56,94,11,11
29,39,11,11
9,94,11,11
29,22,11,11
14,13,11,11
13,14,11,11
18,74,11,11
4,1,11,11
4,7,11,11
4,35,11,11
32,66,11,11
4,3,11,11
4,3,11,11
56,55,11,11
18,3,11,11
32,44,11,11
32,8,11,11
33,22,11,11
20,22,11,11
83,15,11,11
20,22,11,11
20,3,11,11
20,7,11,11
20,45,11,11
7,20,11,11
45,20,11,11
80,66,11,11
80,26,11,11
20,3,11,11
3,20,11,11
47,50,11,11
47,94,11,11
68,94,11,11
17,3,11,11
68,3,11,11
17,56,11,11
17,15,11,11
17,54,11,11
44,32,11,11
26,80,11,11
66,80,11,11
54,17,11,11
31,37,11,11
8,32,11,11
8,3,11,11
31,36,11,11
15,83,11,11
26,45,11,11
26,45,11,11
59,68,11,11
59,56,11,11
59,84,11,11
59,76,11,11
59,47,11,11
59,69,11,11
59,85,11,11
59,86,11,11
59,89,11,11
59,48,11,11
59,88,11,11
59,94,11,11
59,2,11,11
15,17,11,11
32,44,11,11
71,72,11,11
32,11,11,11
32,3,11,11
32,26,11,11
32,24,11,11
26,32,11,11
11,5,11,11
3,32,11,11
39,29,11,11
32,15,11,11
50,47,11,11
3,8,11,11
20,3,11,11
20,7,11,11
20,45,11,11
20,22,11,11
29,7,11,11
3,20,11,11
45,20,11,11
64,67,11,11
33,15,11,11
12,31,11,11
12,25,11,11
16,13,11,11
8,3,11,11
68,47,11,11
68,48,11,11
24,32,11,11
47,50,11,11
55,56,11,11
56,17,11,11
56,88,11,11
84,13,11,11
84,94,11,11
76,53,11,11
69,56,11,11
7,29,11,11
84,100,11,11
15,66,11,11
15,9,11,11
66,15,11,11
88,56,11,11
15,33,11,11
9,15,11,11
56,15,11,11
33,15,11,11
15,56,11,11
25,12,11,11
64,67,11,11
32,44,11,11
38,36,11,11
6,13,11,11
6,8,11,11
6,41,11,11
71,5,11,11
115,67,11,11
145,68,11,11
142,86,11,11
148,84,11,11
141,104,11,11
31,12,11,11
67,115,11,11
5,11,11,11
67,66,11,11
51,3,11,11
66,26,11,11
72,67,11,11
44,32,11,11
33,22,11,11
15,5,11,11
44,95,11,11
33,15,11,11
33,1,11,11
33,7,11,11
32,44,11,11
5,15,11,11
7,20,11,11
94,65,11,11
84,53,11,11
50,52,11,11
52,50,11,11
53,68,11,11
71,72,11,11
52,103,11,11
98,65,11,11
38,18,11,11
48,68,11,11
140,122,11,11
141,104,11,11
68,53,11,11
142,86,11,11
13,3,11,11
13,8,11,11
13,4,11,11
13,35,11,11
13,40,11,11
13,41,11,11
13,6,11,11
13,16,11,11
13,121,11,11
3,8,11,11
3,51,11,11
3,66,11,11
51,3,11,11
5,56,11,11
5,88,11,11
56,5,11,11
53,76,11,11
88,5,11,11
76,53,11,11
53,84,11,11
84,53,11,11
44,32,11,11
26,66,11,11
36,38,11,11
44,32,11,11
68,48,11,11
103,52,11,11
115,67,11,11
69,86,11,11
45,63,11,11
84,86,11,11
65,94,11,11
64,9,11,11
144,38,11,11
65,94,11,11
66,3,11,11
60,66,11,11
66,60,11,11
52,50,11,11
95,44,11,11
69,84,11,11
69,86,11,11
69,76,11,11
69,84,11,11
44,112,11,11
67,66,11,11
67,26,11,11
67,115,11,11
115,67,11,11
63,45,11,11
43,42,11,11
8,3,11,11
43,79,11,11
25,31,11,11
74,4,11,11
4,74,11,11
6,106,11,11
57,19,11,11
84,53,11,11
24,66,11,11
24,15,11,11
24,83,11,11
24,77,11,11
24,26,11,11
85,3,11,11
85,94,11,11
20,83,11,11
20,35,11,11
20,18,11,11
20,52,11,11
20,8,11,11
20,51,11,11
52,20,11,11
4,106,11,11
32,30,11,11
79,43,11,11
53,84,11,11
84,53,11,11
84,53,11,11
105,103,11,11
103,105,11,11
134,1,11,11
144,38,11,11
77,24,11,11
142,86,11,11
141,104,11,11
150,36,11,11
94,86,11,11
94,69,11,11
86,94,11,11
32,25,11,11
25,32,11,11
70,48,11,11
70,68,11,11
48,70,11,11
76,50,11,11
134,1,11,11
32,9,11,11
71,5,11,11
71,72,11,11
71,15,11,11
71,73,11,11
29,94,11,11
84,69,11,11
29,22,11,11
63,64,11,11
69,86,11,11
76,50,11,11
67,115,11,11
64,63,11,11
15,32,11,11
15,24,11,11
68,70,11,11
1,38,11,11
58,29,11,11
58,83,11,11
58,106,11,11
58,95,11,11
58,23,11,11
58,33,11,11
150,36,11,11
13,14,11,11
66,24,11,11
26,45,11,11
26,24,11,11
50,47,11,11
29,58,11,11
13,121,11,11
14,13,11,11
94,29,11,11
94,29,11,11
94,65,11,11
14,13,11,11
43,42,11,11
13,14,11,11
47,50,11,11
18,20,11,11
3,8,11,11
3,13,11,11
3,50,11,11
3,35,11,11
13,3,11,11
15,32,11,11
32,15,11,11
23,58,11,11
50,76,11,11
8,20,11,11
8,3,11,11
23,58,11,11
76,50,11,11
141,104,11,11
58,23,11,11
39,27,11,11
142,86,11,11
33,58,11,11
9,67,11,11
9,66,11,11
67,9,11,11
7,22,11,11
50,76,11,11
32,7,11,11
66,9,11,11
140,122,11,11
76,50,11,11
31,25,11,11
2,94,11,11
2,22,11,11
2,33,11,11
2,83,11,11
2,95,11,11
2,59,11,11
84,53,11,11
44,67,11,11
67,44,11,11
47,68,11,11
53,84,11,11
84,53,11,11
51,20,11,11
32,42,11,11
42,32,11,11
115,67,11,11
106,58,11,11
42,43,11,11
95,2,11,11
95,58,11,11
77,67,11,11
77,66,11,11
77,9,11,11
77,17,11,11
67,115,11,11
32,7,11,11
59,2,11,11
106,133,11,11
106,130,11,11
106,4,11,11
95,43,11,11
95,22,11,11
95,59,11,11
95,2,11,11
95,65,11,11
95,93,11,11
95,44,11,11
95,98,11,11
95,58,11,11
95,104,11,11
95,79,11,11
95,10,11,11
95,94,11,11
93,95,11,11
2,95,11,11
98,95,11,11
59,95,11,11
33,2,11,11
22,33,11,11
33,22,11,11
2,33,11,11
2,83,11,11
58,95,11,11
70,53,11,11
39,34,11,11
58,29,11,11
58,43,11,11
58,83,11,11
58,33,11,11
58,106,11,11
33,58,11,11
22,42,11,11
42,22,11,11
42,64,11,11
42,63,11,11
22,7,11,11
34,39,11,11
7,22,11,11
32,7,11,11
104,95,11,11
58,54,11,11
84,86,11,11
54,58,11,11
63,42,11,11
80,67,11,11
80,64,11,11
10,95,11,11
67,80,11,11
64,80,11,11
9,66,11,11
9,67,11,11
67,9,11,11
32,30,11,11
65,94,11,11
66,9,11,11
15,72,11,11
15,5,11,11
15,12,11,11
12,15,11,11
72,71,11,11
72,73,11,11
83,20,11,11
65,95,11,11
83,24,11,11
83,58,11,11
83,2,11,11
83,2,11,11
83,58,11,11
68,47,11,11
32,30,11,11
9,77,11,11
9,17,11,11
15,72,11,11
68,100,11,11
77,9,12,12
15,33,12,12
15,3,12,12
15,33,12,12
15,54,12,12
4,106,12,12
96,15,12,12
96,61,12,12
96,12,12,12
94,65,12,12
94,9,12,12
94,95,12,12
94,2,12,12
33,2,12,12
29,94,12,12
29,58,12,12
44,95,12,12
17,9,12,12
58,118,12,12
61,96,12,12
26,32,12,12
5,15,12,12
3,51,12,12
3,8,12,12
3,35,12,12
51,3,12,12
29,119,12,12
29,42,12,12
79,95,12,12
56,5,12,12
56,15,12,12
3,66,12,12
3,67,12,12
3,8,12,12
3,35,12,12
3,13,12,12
3,4,12,12
3,68,12,12
3,85,12,12
3,17,12,12
66,3,12,12
9,94,12,12
33,22,12,12
9,32,12,12
72,71,12,12
72,73,12,12
83,33,12,12
12,96,12,12
13,3,12,12
121,13,12,12
32,66,12,12
22,7,12,12
42,29,12,12
32,112,12,12
7,22,12,12
4,3,12,12
80,90,12,12
80,66,12,12
3,26,12,12
3,66,12,12
3,52,12,12
52,3,12,12
42,64,12,12
42,63,12,12
42,43,12,12
42,22,12,12
29,22,12,12
88,89,12,12
88,69,12,12
69,88,12,12
11,5,12,12
32,44,12,12
14,13,12,12
47,48,12,12
32,15,12,12
32,3,12,12
32,5,12,12
32,83,12,12
48,47,12,12
3,32,12,12
13,14,12,12
13,14,12,12
32,26,12,12
32,24,12,12
14,13,12,12
14,13,12,12
13,14,12,12
13,14,12,12
63,42,12,12
14,13,12,12
5,32,12,12
5,56,12,12
29,42,12,12
29,94,12,12
29,22,12,12
33,83,12,12
32,44,12,12
32,15,12,12
32,83,12,12
94,29,12,12
44,112,12,12
66,3,12,12
42,29,12,12
14,13,12,12
68,81,12,12
68,53,12,12
5,56,12,12
5,11,12,12
13,14,12,12
13,14,12,12
15,72,12,12
14,13,12,12
14,13,12,12
13,14,12,12
13,14,12,12
4,75,12,12
68,3,12,12
14,13,12,12
14,13,12,12
56,5,12,12
13,14,12,12
75,4,12,12
13,14,12,12
14,13,12,12
24,32,12,12
14,13,12,12
13,14,12,12
13,14,12,12
14,13,12,12
14,13,12,12
120,73,12,12
68,38,12,12
38,68,12,12
32,24,12,12
86,84,12,12
13,14,12,12
106,58,12,12
84,86,12,12
26,3,12,12
4,106,12,12
68,47,12,12
68,48,12,12
83,32,12,12
26,32,12,12
14,13,12,12
44,112,12,12
14,13,12,12
21,86,12,12
86,21,12,12
151,104,12,12
151,7,12,12
45,25,12,12
25,45,12,12
15,17,12,12
112,44,12,12
67,3,12,12
32,104,12,12
32,66,12,12
32,66,12,12
32,66,12,12
32,66,12,12
71,72,12,12
71,73,12,12
71,15,12,12
71,5,12,12
44,32,12,12
54,58,12,12
54,5,12,12
54,83,12,12
13,14,12,12
13,14,12,12
90,80,12,12
76,123,12,12
44,67,12,12
44,66,12,12
44,91,12,12
44,112,12,12
5,54,12,12
14,13,12,12
13,14,12,12
13,14,12,12
14,13,12,12
14,13,12,12
21,86,12,12
13,14,12,12
86,21,12,12
13,14,12,12
14,13,12,12
14,13,12,12
13,14,12,12
15,54,12,12
17,15,12,12
17,54,12,12
17,56,12,12
56,17,12,12
47,18,12,12
47,55,12,12
47,27,12,12
47,81,12,12
54,17,12,12
15,54,12,12
44,38,12,12
58,54,12,12
54,15,12,12
54,56,12,12
77,9,12,12
77,17,12,12
6,106,12,12
54,56,12,12
54,15,12,12
95,44,12,12
95,112,12,12
56,54,12,12
56,54,12,12
15,56,12,12
112,95,12,12
54,56,12,12
54,15,12,12
66,32,12,12
68,48,12,12
118,58,12,12
13,17,12,12
55,47,12,12
94,65,12,12
94,9,12,12
85,3,12,12
44,95,12,12
29,39,12,12
39,24,12,12
39,24,12,12
39,24,12,12
39,24,12,12
39,24,12,12
24,39,12,12
39,29,12,12
66,80,12,12
121,106,12,12
77,9,12,12
77,67,12,12
77,66,12,12
77,17,12,12
50,3,12,12
65,94,12,12
3,50,12,12
56,54,12,12
107,18,12,12
107,18,12,12
65,94,12,12
30,7,12,12
30,32,12,12
7,30,12,12
30,15,12,12
30,54,12,12
30,33,12,12
30,3,12,12
30,8,12,12
30,17,12,12
3,30,12,12
30,3,12,12
30,17,12,12
30,20,12,12
30,35,12,12
30,4,12,12
3,30,12,12
30,33,12,12
30,15,12,12
30,54,12,12
30,5,12,12
30,39,12,12
30,35,12,12
30,4,12,12
68,13,12,12
27,47,12,12
33,30,12,12
54,30,12,12
54,30,12,12
13,3,12,12
84,86,12,12
68,84,12,12
68,84,12,12
32,30,12,12
20,30,12,12
3,66,12,12
3,13,12,12
3,53,12,12
80,59,12,12
3,13,12,12
3,8,12,12
3,35,12,12
53,3,12,12
39,30,12,12
59,80,12,12
13,3,12,12
13,3,12,12
68,69,12,12
69,68,12,12
14,13,12,12
13,14,12,12
13,14,12,12
39,29,12,12
14,13,12,12
14,13,12,12
13,14,12,12
13,14,12,12
27,81,12,12
27,102,12,12
27,101,12,12
27,93,12,12
101,27,12,12
117,58,12,12
58,117,12,12
93,27,12,12
53,68,12,12
43,42,12,12
56,15,12,12
66,3,12,12
68,53,12,12
53,70,12,12
53,70,12,12
53,4,12,12
3,4,12,12
3,8,12,12
3,13,12,12
70,53,12,12
84,69,12,12
69,84,12,12
13,3,12,12
13,3,12,12
3,13,12,12
43,81,12,12
68,84,12,12
25,20,12,12
29,39,12,12
3,13,12,12
3,8,12,12
20,25,12,12
84,69,12,12
13,3,12,12
20,25,12,12
50,86,12,12
29,42,12,12
25,20,12,12
86,50,12,12
25,26,12,12
29,22,12,12
29,58,12,12
26,25,12,12
29,94,12,12
58,29,12,12
29,23,12,12
29,30,12,12
86,50,12,12
42,29,12,12
26,80,12,12
68,86,12,12
68,56,12,12
22,7,12,12
7,22,12,12
50,86,12,12
17,30,12,12
17,30,12,12
86,50,12,12
30,29,12,12
86,50,12,12
56,68,12,12
68,56,12,12
50,86,12,12
86,50,12,12
90,84,12,12
84,90,12,12
59,72,12,12
84,53,12,12
123,79,12,12
76,19,12,12
76,93,12,12
53,3,12,12
3,53,12,12
104,32,12,12
104,32,12,12
68,3,12,12
68,72,12,12
68,69,12,12
68,67,12,12
68,66,12,12
68,9,12,12
68,15,12,12
68,65,12,12
68,56,12,12
68,86,12,12
68,47,12,12
68,48,12,12
83,54,12,12
84,56,12,12
3,13,12,12
3,4,12,12
3,8,12,12
3,35,12,12
93,76,12,12
14,13,12,12
83,58,12,12
83,54,12,12
83,29,12,12
83,5,12,12
83,33,12,12
83,2,12,12
80,9,12,12
80,26,12,12
80,68,12,12
80,32,12,12
80,69,12,12
69,80,12,12
54,83,12,12
5,30,12,12
32,104,12,12
32,80,12,12
5,83,12,12
68,85,12,12
68,69,12,12
68,84,12,12
68,90,12,12
68,48,12,12
68,47,12,12
68,86,12,12
68,80,12,12
86,13,12,12
9,14,12,12
76,93,12,12
9,94,12,12
72,67,12,12
32,44,12,12
76,27,12,12
76,50,12,12
76,69,12,12
69,76,12,12
80,64,12,12
69,76,12,12
13,3,12,12
94,29,12,12
13,65,12,12
13,3,12,12
13,8,12,12
13,40,12,12
96,15,12,12
96,61,12,12
96,12,12,12
31,6,12,12
31,63,12,12
31,42,12,12
31,58,12,12
31,22,12,12
31,70,12,12
31,75,12,12
31,33,12,12
31,29,12,12
31,57,12,12
33,83,12,12
29,31,12,12
33,31,12,12
29,31,12,12
29,83,12,12
6,31,12,12
33,58,12,12
33,83,12,12
14,9,12,12
75,31,12,12
100,68,12,12
4,65,12,12
58,31,12,12
100,84,12,12
33,30,12,12
42,31,12,12
31,29,12,12
58,83,12,12
8,30,12,12
8,13,12,12
8,3,12,12
75,86,12,12
75,19,12,12
75,88,12,12
75,89,12,12
8,3,12,12
8,3,12,12
8,3,12,12
42,31,12,12
42,31,12,12
8,3,12,12
8,3,12,12
42,43,12,12
42,64,12,12
58,33,12,12
19,57,12,12
31,42,12,12
42,22,12,12
42,94,12,12
42,2,12,12
42,98,12,12
42,29,12,12
42,95,12,12
61,96,12,12
70,31,12,12
2,42,12,12
2,83,12,12
55,18,12,12
55,47,12,12
95,42,12,12
31,42,12,12
63,31,12,12
26,80,12,12
4,8,12,12
4,3,12,12
15,54,12,12
15,56,12,12
8,4,12,12
63,151,12,12
82,49,12,12
15,96,12,12
4,3,12,12
56,5,12,12
4,3,12,12
34,23,12,12
23,34,12,12
23,29,12,12
50,76,12,12
50,27,12,12
29,42,12,12
23,29,12,12
56,84,12,12
29,23,12,12
29,22,12,12
4,3,12,12
4,8,12,12
4,13,12,12
12,96,12,12
9,80,12,12
4,30,12,12
4,30,12,12
5,56,12,12
12,71,12,12
12,72,12,12
12,73,12,12
12,15,12,12
15,12,12,12
65,13,12,12
123,95,12,12
123,79,12,12
5,74,12,12
5,72,12,12
5,71,12,12
5,73,12,12
5,11,12,12
49,82,12,12
79,123,12,12
83,33,12,12
13,72,12,12
47,55,12,12
70,68,12,12
70,48,12,12
74,5,12,12
82,49,12,12
15,30,12,12
82,49,12,12
59,69,12,12
69,59,12,12
15,7,12,12
15,1,12,12
76,50,12,12
1,15,12,12
15,32,12,12
76,123,12,12
51,35,12,12
51,8,12,12
51,3,12,12
82,49,12,12
8,51,12,12
76,50,12,12
70,56,12,12
50,76,12,12
31,112,12,12
7,15,12,12
76,59,12,12
76,50,12,12
17,56,12,12
17,15,12,12
17,54,12,12
68,100,12,12
68,70,12,12
72,15,12,12
72,71,12,12
72,73,12,12
72,12,12,12
72,5,12,12
72,117,12,12
72,74,12,12
56,17,12,12
43,42,12,12
54,17,12,12
56,88,12,12
15,17,12,12
76,50,12,12
89,75,12,12
88,56,12,12
88,75,12,12
112,31,12,12
38,80,12,12
47,27,12,12
47,81,12,12
38,90,12,12
84,56,12,12
84,100,12,12
59,76,12,12
4,1,12,12
4,7,12,12
4,35,12,12
76,59,12,12
76,27,12,12
11,5,12,12
95,123,12,12
76,90,12,12
95,22,12,12
95,98,12,12
76,53,12,12
115,84,12,12
98,95,12,12
94,42,12,12
84,115,12,12
4,106,12,12
33,83,12,12
151,63,12,12
95,104,12,12
104,95,12,12
72,15,12,12
56,70,12,12
11,5,12,12
86,75,12,12
49,82,12,12
49,82,12,12
49,82,12,12
68,34,12,12
26,27,12,12
4,53,12,12
121,106,12,12
84,53,12,12
94,14,12,12
94,65,12,12
94,9,12,12
14,94,12,12
68,70,12,12
53,84,12,12
74,4,12,12
84,53,12,12
53,76,12,12
76,53,12,12
72,74,12,12
70,50,12,12
65,94,12,12
33,2,12,12
38,64,12,12
2,33,12,12
84,69,12,12
59,69,12,12
4,74,12,12
14,13,12,12
5,11,12,12
13,14,12,12
112,44,12,12
13,14,12,12
14,13,12,12
6,106,12,12
6,31,12,12
6,31,12,12
6,31,12,12
34,68,12,12
42,63,12,12
33,61,12,12
33,5,12,12
61,33,12,12
44,112,12,12
68,34,12,12
44,67,12,12
44,80,12,12
54,117,12,12
14,13,12,12
81,43,12,12
44,65,12,12
13,14,12,12
13,14,12,12
90,117,12,12
14,13,12,12
65,44,12,12
65,44,12,12
44,65,12,12
44,65,12,12
13,14,12,12
14,13,12,12
65,44,12,12
86,19,12,12
73,12,12,12
73,5,12,12
67,44,12,12
65,44,12,12
38,1,12,12
44,112,12,12
9,94,12,12
47,50,12,12
4,48,12,12
4,68,12,12
4,13,12,12
13,4,12,12
117,54,12,12
5,33,12,12
54,117,12,12
54,117,12,12
68,4,12,12
76,69,12,12
59,44,12,12
44,14,12,12
54,73,12,12
54,15,12,12
68,34,12,12
14,44,12,12
13,14,12,12
38,36,12,12
14,13,12,12
14,13,12,12
13,14,12,12
9,112,12,12
112,9,12,12
44,14,12,12
81,43,12,12
44,65,12,12
13,14,12,12
14,13,12,12
14,13,12,12
13,14,12,12
13,14,12,12
14,13,12,12
8,1,12,12
8,7,12,12
7,8,12,12
66,67,12,12
1,8,12,12
7,8,12,12
73,54,12,12
7,4,12,12
7,32,12,12
7,33,12,12
8,7,12,12
44,112,12,12
8,1,12,12
8,7,12,12
1,8,12,12
7,8,12,12
31,95,12,12
31,87,12,12
31,104,12,12
50,70,12,12
50,40,12,12
68,48,12,12
67,66,12,12
34,24,12,12
24,34,12,12
95,44,12,12
95,80,12,12
95,31,12,12
104,31,12,12
54,15,12,12
108,46,12,12
108,57,12,12
108,37,12,12
108,50,12,12
108,18,12,12
86,84,12,12
108,99,12,12
108,18,12,12
108,99,12,12
108,99,12,12
90,76,12,12
69,76,12,12
77,9,12,12
38,1,12,12
108,99,12,12
108,99,12,12
108,99,12,12
108,99,12,12
108,99,12,12
3,4,12,12
142,86,12,12
67,66,12,12
150,36,12,12
144,38,12,12
138,47,12,12
144,38,12,12
152,26,12,12
134,1,12,12
145,68,12,12
153,53,12,12
148,84,12,12
145,68,12,12
134,1,12,12
18,108,12,12
138,47,12,12
96,15,12,12
96,61,12,12
96,12,12,12
35,30,12,12
4,7,12,12
94,14,12,12
94,9,12,12
94,65,12,12
33,7,12,12
4,7,12,12
4,35,12,12
4,1,12,12
35,51,12,12
35,3,12,12
35,3,12,12
35,20,12,12
19,75,12,12
70,50,12,12
35,3,12,12
33,7,12,12
35,30,12,12
35,3,12,12
14,94,12,12
35,3,12,12
48,4,12,12
35,3,12,12
35,3,12,12
35,3,12,12
98,42,12,12
4,35,12,12
4,3,12,12
4,20,12,12
4,40,12,12
4,29,12,12
4,58,12,12
4,13,12,12
4,53,12,12
4,84,12,12
4,76,12,12
4,106,12,12
13,4,12,12
71,5,12,12
20,4,12,12
3,4,12,12
4,48,12,12
27,76,12,12
106,4,12,12
27,50,12,12
27,47,12,12
27,69,12,12
27,76,12,12
69,27,12,12
3,66,12,12
3,67,12,12
3,68,12,12
3,69,12,12
3,85,12,12
3,8,12,12
3,35,12,12
3,13,12,12
3,4,12,12
3,17,12,12
69,3,12,12
13,3,12,12
35,4,12,12
35,3,12,12
35,3,12,12
7,33,12,12
53,4,12,12
35,3,12,12
32,7,12,12
58,4,12,12
50,76,12,12
32,7,12,12
33,7,12,12
34,83,12,12
14,13,12,12
13,14,12,12
13,14,12,12
29,4,12,12
27,76,12,12
29,42,12,12
14,13,12,12
14,13,12,12
15,54,12,12
15,54,12,12
29,58,12,12
15,96,12,12
63,42,12,12
29,43,12,12
42,29,12,12
42,29,12,12
66,3,12,12
29,42,12,12
13,14,12,12
66,27,12,12
13,14,12,12
14,13,12,12
58,29,12,12
58,29,12,12
13,14,12,12
89,88,12,12
13,84,12,12
4,3,12,12
13,3,12,12
13,4,12,12
13,35,12,12
11,5,12,12
9,94,12,12
17,3,12,12
29,58,12,12
13,17,12,12
80,69,12,12
80,84,12,12
29,4,12,12
29,30,12,12
80,26,12,12
80,32,12,12
30,29,12,12
2,33,12,12
2,22,12,12
2,94,12,12
2,95,12,12
2,98,12,12
2,58,12,12
2,106,12,12
98,2,12,12
58,2,12,12
32,80,12,12
22,42,12,12
76,27,12,12
76,27,12,12
76,27,12,12
67,3,12,12
43,29,12,12
68,3,12,12
8,3,12,12
17,56,12,12
17,15,12,12
17,54,12,12
15,17,12,12
5,11,12,12
76,123,12,12
42,22,12,12
43,42,12,12
43,42,12,12
43,45,12,12
43,79,12,12
43,79,12,12
31,25,12,12
45,43,12,12
25,31,12,12
52,103,12,12
32,8,12,12
59,68,12,12
59,85,12,12
59,84,12,12
59,76,12,12
59,69,12,12
59,56,12,12
59,86,12,12
59,89,12,12
59,48,12,12
59,88,12,12
59,47,12,12
59,94,12,12
59,2,12,12
84,59,12,12
83,34,12,12
34,83,12,12
83,34,12,12
71,12,12,12
83,63,12,12
47,48,12,12
32,8,12,12
95,2,12,12
63,83,12,12
48,47,12,12
106,2,12,12
56,17,12,12
56,88,12,12
24,25,12,12
47,68,12,12
25,24,12,12
4,29,12,12
33,2,12,12
56,55,12,12
56,15,12,12
56,5,12,12
123,76,12,12
123,79,12,12
76,123,12,12
5,56,12,12
68,47,12,12
17,1,12,12
1,17,12,12
17,1,12,12
56,15,12,12
1,17,12,12
79,43,12,12
79,123,12,12
30,45,12,12
55,56,12,12
34,39,12,12
71,15,12,12
71,72,12,12
71,73,12,12
71,5,12,12
80,44,12,12
44,80,12,12
9,67,12,12
83,30,12,12
45,30,12,12
83,63,12,12
30,83,12,12
63,83,12,12
19,76,12,12
76,19,12,12
26,80,12,12
26,45,12,12
67,9,12,12
26,45,12,12
88,89,12,12
30,47,12,12
30,29,12,12
42,43,12,12
15,56,12,12
42,43,12,12
15,56,12,12
29,30,12,12
48,4,12,12
90,64,12,12
48,47,12,12
56,88,12,12
112,9,12,12
48,47,12,12
112,9,12,12
47,48,12,12
47,30,12,12
54,15,12,12
54,17,12,12
69,76,12,12
76,69,12,12
88,56,12,12
88,56,12,12
76,27,12,12
76,69,12,12
84,69,12,12
84,76,12,12
76,84,12,12
45,37,12,12
45,108,12,12
45,86,12,12
86,45,12,12
45,69,12,12
69,45,12,12
45,64,12,12
45,50,12,12
45,53,12,12
64,45,12,12
53,45,12,12
69,53,12,12
12,96,12,12
15,54,12,12
100,80,12,12
50,45,12,12
9,44,12,12
45,50,12,12
94,2,12,12
94,20,12,12
94,112,12,12
13,3,12,12
2,42,12,12
6,106,12,12
44,9,12,12
42,2,12,12
112,94,12,12
39,34,12,12
20,94,12,12
66,15,12,12
59,80,12,12
86,53,12,12
86,50,12,12
104,7,12,12
4,106,12,12
50,86,12,12
103,52,12,12
50,70,12,12
50,6,12,12
85,3,12,12
80,90,12,12
53,86,12,12
53,69,12,12
69,53,12,12
80,43,12,12
44,67,12,12
70,50,12,12
70,50,12,12
9,44,12,12
44,9,12,12
119,29,12,12
1,18,12,12
6,50,12,12
90,80,12,12
77,9,12,12
77,17,12,12
18,1,12,12
45,21,12,12
15,66,12,12
47,48,12,12
94,14,12,12
94,9,12,12
94,65,12,12
86,50,12,12
14,94,12,12
86,50,12,12
50,86,12,12
50,56,12,12
86,69,12,12
69,86,12,12
56,50,12,12
86,50,12,12
50,56,12,12
76,81,12,12
86,53,12,12
69,53,12,12
44,68,12,12
56,50,12,12
74,4,12,12
68,44,12,12
68,85,12,12
9,94,12,12
76,123,12,12
69,86,12,12
69,76,12,12
69,84,12,12
84,69,12,12
43,80,12,12
76,19,12,12
50,86,12,12
39,81,12,12
3,66,12,12
80,64,12,12
4,74,12,12
3,51,12,12
3,20,12,12
3,8,12,12
3,35,12,12
3,13,12,12
3,4,12,12
3,52,12,12
3,18,12,12
3,50,12,12
3,53,12,12
52,3,12,12
4,3,12,12
51,3,12,12
8,3,12,12
64,80,12,12
39,3,12,12
39,51,12,12
51,39,12,12
3,39,12,12
32,80,12,12
56,50,12,12
80,32,12,12
30,29,12,12
53,3,12,12
84,69,12,12
69,68,12,12
86,50,12,12
86,50,12,12
84,69,12,12
84,69,12,12
69,84,12,12
27,76,13,13
76,27,13,13
1,5,13,13
1,6,13,13
1,7,13,13
1,2,13,13
1,3,13,13
1,8,13,13
1,9,13,13
1,10,13,13
1,11,13,13
1,12,13,13
1,65,13,13
1,13,13,13
1,14,13,13
1,15,13,13
1,4,13,13
1,16,13,13
1,17,13,13
18,3,13,13
13,3,13,13
20,3,13,13
13,4,13,13
96,15,13,13
96,61,13,13
96,12,13,13
4,13,13,13
35,3,13,13
29,30,13,13
61,96,13,13
1,38,13,13
38,1,13,13
112,10,13,13
112,79,13,13
112,95,13,13
112,7,13,13
112,123,13,13
7,112,13,13
79,112,13,13
50,86,13,13
50,86,13,13
39,34,13,13
50,86,13,13
34,39,13,13
79,43,13,13
3,69,13,13
3,17,13,13
3,66,13,13
3,67,13,13
3,8,13,13
3,35,13,13
3,13,13,13
3,4,13,13
3,68,13,13
3,85,13,13
34,73,13,13
13,3,13,13
66,3,13,13
15,96,13,13
95,112,13,13
123,112,13,13
112,79,13,13
35,3,13,13
39,73,13,13
79,112,13,13
10,112,13,13
73,39,13,13
46,70,13,13
46,30,13,13
46,56,13,13
46,50,13,13
46,39,13,13
46,107,13,13
46,115,13,13
46,1,13,13
46,87,13,13
46,27,13,13
46,119,13,13
46,123,13,13
46,43,13,13
46,47,13,13
46,61,13,13
46,93,13,13
46,25,13,13
46,85,13,13
46,53,13,13
46,44,13,13
46,124,13,13
46,22,13,13
46,59,13,13
46,125,13,13
46,102,13,13
46,52,13,13
46,81,13,13
46,98,13,13
46,18,13,13
46,32,13,13
46,58,13,13
46,57,13,13
46,69,13,13
46,75,13,13
46,126,13,13
46,83,13,13
69,46,13,13
52,46,13,13
8,3,13,13
32,46,13,13
56,46,13,13
58,46,13,13
44,46,13,13
61,46,13,13
93,46,13,13
64,42,13,13
64,63,13,13
64,80,13,13
93,101,13,13
63,64,13,13
101,93,13,13
42,64,13,13
101,57,13,13
101,99,13,13
101,55,13,13
101,82,13,13
101,4,13,13
101,16,13,13
101,6,13,13
101,19,13,13
101,122,13,13
123,46,13,13
75,46,13,13
19,101,13,13
19,101,13,13
1,46,13,13
39,46,13,13
13,3,13,13
13,4,13,13
13,17,13,13
13,35,13,13
42,29,13,13
42,43,13,13
42,22,13,13
42,98,13,13
42,95,13,13
32,25,13,13
124,46,13,13
70,46,13,13
55,101,13,13
50,46,13,13
50,70,13,13
50,30,13,13
50,25,13,13
50,85,13,13
50,124,13,13
50,22,13,13
50,98,13,13
50,32,13,13
50,126,13,13
50,107,13,13
50,115,13,13
50,1,13,13
50,87,13,13
50,27,13,13
50,119,13,13
50,123,13,13
50,43,13,13
50,47,13,13
50,61,13,13
50,93,13,13
50,53,13,13
50,44,13,13
50,59,13,13
50,125,13,13
50,102,13,13
50,52,13,13
50,81,13,13
50,18,13,13
50,56,13,13
50,39,13,13
50,58,13,13
50,57,13,13
50,69,13,13
50,75,13,13
50,83,13,13
69,50,13,13
1,50,13,13
58,50,13,13
93,50,13,13
61,50,13,13
32,50,13,13
70,50,13,13
39,50,13,13
30,46,13,13
123,50,13,13
30,50,13,13
25,50,13,13
29,42,13,13
26,3,13,13
26,51,13,13
80,64,13,13
67,3,13,13
44,50,13,13
47,50,13,13
47,46,13,13
59,46,13,13
59,50,13,13
122,101,13,13
17,56,13,13
17,15,13,13
17,54,13,13
15,17,13,13
56,17,13,13
56,88,13,13
88,56,13,13
25,26,13,13
26,25,13,13
95,42,13,13
95,58,13,13
95,123,13,13
95,93,13,13
95,44,13,13
95,73,13,13
95,104,13,13
95,79,13,13
95,112,13,13
95,94,13,13
95,2,13,13
54,17,13,13
25,26,13,13
58,95,13,13
112,95,13,13
93,95,13,13
44,32,13,13
104,95,13,13
44,95,13,13
123,95,13,13
6,101,13,13
68,3,13,13
6,43,13,13
6,42,13,13
6,95,13,13
6,35,13,13
6,87,13,13
6,93,13,13
6,124,13,13
6,22,13,13
6,98,13,13
6,50,13,13
6,57,13,13
6,20,13,13
6,16,13,13
6,40,13,13
93,6,13,13
93,101,13,13
101,93,13,13
42,6,13,13
2,95,13,13
16,6,13,13
76,75,13,13
79,95,13,13
4,101,13,13
73,34,13,13
4,3,13,13
73,95,13,13
18,46,13,13
124,6,13,13
82,101,13,13
16,101,13,13
18,50,13,13
66,3,13,13
43,6,13,13
43,50,13,13
43,46,13,13
38,64,13,13
43,42,13,13
83,46,13,13
83,50,13,13
64,38,13,13
38,64,13,13
43,58,13,13
43,21,13,13
43,81,13,13
43,6,13,13
43,81,13,13
69,3,13,13
59,69,13,13
59,84,13,13
59,48,13,13
59,76,13,13
59,68,13,13
59,56,13,13
59,85,13,13
59,86,13,13
59,89,13,13
59,88,13,13
59,47,13,13
59,94,13,13
59,2,13,13
47,59,13,13
68,59,13,13
76,59,13,13
58,43,13,13
21,43,13,13
43,42,13,13
43,95,13,13
43,58,13,13
43,29,13,13
43,6,13,13
43,21,13,13
43,81,13,13
29,43,13,13
43,58,13,13
21,43,13,13
58,43,13,13
38,1,13,13
43,81,13,13
43,27,13,13
43,95,13,13
86,50,13,13
86,50,13,13
95,43,13,13
43,21,13,13
30,7,13,13
30,10,13,13
95,6,13,13
43,95,13,13
7,30,13,13
43,42,13,13
43,81,13,13
53,50,13,13
53,46,13,13
86,84,13,13
95,70,13,13
95,56,13,13
95,14,13,13
95,7,13,13
95,104,13,13
95,4,13,13
95,2,13,13
95,115,13,13
95,123,13,13
95,44,13,13
95,31,13,13
95,48,13,13
95,79,13,13
95,65,13,13
31,95,13,13
2,95,13,13
7,95,13,13
104,95,13,13
14,95,13,13
43,42,13,13
84,80,13,13
43,22,13,13
43,58,13,13
48,95,13,13
56,95,13,13
20,6,13,13
26,3,13,13
86,50,13,13
26,51,13,13
2,43,13,13
2,83,13,13
2,70,13,13
2,87,13,13
2,119,13,13
2,123,13,13
2,93,13,13
2,85,13,13
2,44,13,13
2,22,13,13
2,59,13,13
2,98,13,13
2,18,13,13
2,56,13,13
2,58,13,13
2,57,13,13
2,75,13,13
2,71,13,13
44,95,13,13
44,2,13,13
58,2,13,13
59,2,13,13
93,2,13,13
43,2,13,13
20,53,13,13
20,52,13,13
20,18,13,13
20,50,13,13
20,42,13,13
20,2,13,13
20,102,13,13
20,81,13,13
20,128,13,13
20,4,13,13
20,29,13,13
20,63,13,13
20,112,13,13
20,94,13,13
53,20,13,13
123,95,13,13
123,2,13,13
52,20,13,13
14,25,13,13
90,85,13,13
90,68,13,13
68,90,13,13
75,2,13,13
14,32,13,13
6,43,13,13
6,43,13,13
79,95,13,13
31,14,13,13
71,5,13,13
14,31,13,13
26,25,13,13
2,20,13,13
121,106,13,13
29,20,13,13
84,123,13,13
84,79,13,13
24,66,13,13
24,26,13,13
24,32,13,13
115,95,13,13
112,20,13,13
42,43,13,13
10,30,13,13
115,67,13,13
115,50,13,13
42,20,13,13
79,123,13,13
25,14,13,13
115,46,13,13
70,2,13,13
70,95,13,13
35,6,13,13
6,1,13,13
6,7,13,13
6,7,13,13
6,1,13,13
115,58,13,13
115,75,13,13
115,87,13,13
115,27,13,13
115,123,13,13
115,43,13,13
115,93,13,13
115,85,13,13
115,22,13,13
115,98,13,13
115,42,13,13
115,95,13,13
115,84,13,13
71,72,13,13
71,15,13,13
71,73,13,13
71,5,13,13
84,115,13,13
35,4,13,13
35,136,13,13
43,115,13,13
93,115,13,13
71,2,13,13
83,2,13,13
17,3,13,13
25,14,13,13
84,115,13,13
14,25,13,13
123,115,13,13
63,20,13,13
95,115,13,13
22,95,13,13
22,20,13,13
22,33,13,13
22,70,13,13
22,43,13,13
22,93,13,13
22,98,13,13
22,58,13,13
22,42,13,13
22,29,13,13
22,45,13,13
45,22,13,13
93,22,13,13
29,22,13,13
115,84,13,13
84,115,13,13
83,66,13,13
40,49,13,13
18,20,13,13
18,2,13,13
4,95,13,13
4,20,13,13
4,35,13,13
95,22,13,13
69,84,13,13
90,115,13,13
33,22,13,13
18,107,13,13
18,108,13,13
18,55,13,13
18,110,13,13
18,109,13,13
18,99,13,13
18,57,13,13
18,19,13,13
115,90,13,13
12,96,13,13
80,44,13,13
75,115,13,13
70,22,13,13
42,115,13,13
80,64,13,13
80,90,13,13
42,22,13,13
64,90,13,13
79,123,13,13
79,22,13,13
79,95,13,13
79,104,13,13
79,65,13,13
79,112,13,13
112,79,13,13
55,18,13,13
19,18,13,13
32,14,13,13
104,79,13,13
123,79,13,13
64,80,13,13
90,80,13,13
6,106,13,13
76,69,13,13
44,80,13,13
18,55,13,13
18,19,13,13
76,81,13,13
108,18,13,13
108,45,13,13
108,18,13,13
108,18,13,13
19,18,13,13
108,18,13,13
83,26,13,13
95,79,13,13
9,67,13,13
9,66,13,13
48,4,13,13
108,18,13,13
108,18,13,13
4,16,13,13
4,48,13,13
39,29,13,13
74,4,13,13
104,18,13,13
104,57,13,13
29,39,13,13
26,24,13,13
26,66,13,13
66,24,13,13
26,77,13,13
26,83,13,13
69,59,13,13
4,74,13,13
66,83,13,13
75,50,13,13
105,103,13,13
66,9,13,13
55,18,13,13
94,95,13,13
1,38,13,13
103,105,13,13
7,32,13,13
99,108,13,13
85,115,13,13
108,99,13,13
108,18,13,13
32,24,13,13
32,7,13,13
32,7,13,13
4,106,13,13
108,18,13,13
99,18,13,13
43,22,13,13
85,90,13,13
85,2,13,13
48,85,13,13
99,101,13,13
85,18,13,13
85,50,13,13
85,46,13,13
85,3,13,13
103,52,13,13
18,85,13,13
59,67,13,13
85,48,13,13
7,32,13,13
20,22,13,13
80,66,13,13
80,67,13,13
80,72,13,13
94,20,13,13
64,26,13,13
64,66,13,13
3,66,13,13
3,77,13,13
94,18,13,13
94,56,13,13
94,95,13,13
94,109,13,13
94,20,13,13
94,104,13,13
94,10,13,13
94,46,13,13
94,107,13,13
94,87,13,13
94,123,13,13
94,93,13,13
94,22,13,13
94,98,13,13
94,58,13,13
94,118,13,13
94,73,13,13
94,100,13,13
94,55,13,13
94,33,13,13
94,89,13,13
94,106,13,13
94,29,13,13
94,133,13,13
94,79,13,13
94,2,13,13
94,65,13,13
94,6,13,13
94,112,13,13
94,21,13,13
94,23,13,13
94,19,13,13
93,94,13,13
112,94,13,13
2,94,13,13
104,94,13,13
29,94,13,13
18,94,13,13
94,20,13,13
94,29,13,13
94,18,13,13
94,22,13,13
94,56,13,13
33,94,13,13
56,94,13,13
64,38,13,13
64,22,13,13
29,94,13,13
80,44,13,13
80,14,13,13
56,94,13,13
44,80,13,13
16,4,13,13
20,94,13,13
123,94,13,13
18,94,13,13
77,3,13,13
14,80,13,13
20,94,13,13
79,94,13,13
10,94,13,13
55,94,13,13
54,88,13,13
54,61,13,13
54,15,13,13
48,47,13,13
47,48,13,13
59,94,13,13
61,54,13,13
26,64,13,13
67,80,13,13
73,94,13,13
67,9,13,13
48,47,13,13
48,50,13,13
26,45,13,13
80,115,13,13
106,94,13,13
44,1,13,13
44,112,13,13
15,66,13,13
77,66,13,13
77,9,13,13
77,17,13,13
66,15,13,13
66,80,13,13
66,3,13,13
77,66,13,13
106,13,13,13
106,5,13,13
106,71,13,13
106,130,13,13
106,4,13,13
106,11,13,13
106,16,13,13
106,40,13,13
106,121,13,13
106,6,13,13
106,74,13,13
5,106,13,13
15,54,13,13
9,67,13,13
9,66,13,13
115,80,13,13
5,32,13,13
5,54,13,13
5,83,13,13
5,11,13,13
5,88,13,13
5,56,13,13
5,30,13,13
5,52,13,13
5,18,13,13
5,39,13,13
5,69,13,13
5,36,13,13
5,31,13,13
5,109,13,13
5,29,13,13
30,5,13,13
13,106,13,13
52,5,13,13
56,5,13,13
54,5,13,13
4,106,13,13
18,81,13,13
18,1,13,13
1,18,13,13
54,5,13,13
54,83,13,13
54,58,13,13
54,56,13,13
42,63,13,13
56,54,13,13
29,5,13,13
18,5,13,13
6,106,13,13
6,94,13,13
50,52,13,13
80,67,13,13
80,66,13,13
31,5,13,13
5,54,13,13
52,50,13,13
45,24,13,13
24,45,13,13
88,5,13,13
88,54,13,13
89,94,13,13
21,94,13,13
45,31,13,13
45,34,13,13
89,21,13,13
89,76,13,13
89,130,13,13
89,88,13,13
89,75,13,13
89,10,13,13
89,95,13,13
89,84,13,13
89,69,13,13
76,89,13,13
52,50,13,13
31,45,13,13
76,89,13,13
52,103,13,13
75,90,13,13
90,80,13,13
66,9,13,13
72,67,13,13
52,3,13,13
88,61,13,13
88,96,13,13
88,12,13,13
88,15,13,13
21,89,13,13
83,5,13,13
74,106,13,13
83,54,13,13
39,5,13,13
80,90,13,13
84,89,13,13
77,66,13,13
77,9,13,13
77,17,13,13
50,47,13,13
47,50,13,13
34,45,13,13
88,57,13,13
88,93,13,13
93,19,13,13
93,18,13,13
19,93,13,13
21,45,13,13
85,48,13,13
83,30,13,13
51,50,13,13
10,89,13,13
10,22,13,13
10,109,13,13
10,89,13,13
10,29,13,13
10,65,13,13
10,21,13,13
10,46,13,13
10,107,13,13
10,87,13,13
10,123,13,13
10,93,13,13
10,98,13,13
10,18,13,13
10,56,13,13
10,58,13,13
10,95,13,13
10,118,13,13
10,73,13,13
10,100,13,13
10,55,13,13
10,20,13,13
10,33,13,13
10,104,13,13
10,106,13,13
10,133,13,13
10,79,13,13
10,2,13,13
10,6,13,13
10,112,13,13
10,23,13,13
10,19,13,13
104,10,13,13
93,10,13,13
112,10,13,13
21,10,13,13
46,94,13,13
46,10,13,13
56,10,13,13
2,10,13,13
123,10,13,13
32,5,13,13
30,83,13,13
48,47,13,13
19,57,13,13
48,85,13,13
29,10,13,13
48,47,13,13
48,50,13,13
84,86,13,13
50,103,13,13
90,75,13,13
90,80,13,13
76,69,13,13
89,10,13,13
86,50,13,13
52,50,13,13
80,72,13,13
115,67,13,13
68,85,13,13
68,90,13,13
68,47,13,13
47,50,13,13
47,48,13,13
47,48,13,13
47,48,13,13
47,48,13,13
80,66,13,13
47,81,13,13
47,27,13,13
47,68,13,13
68,47,13,13
68,81,13,13
68,53,13,13
68,47,13,13
69,68,13,13
68,69,13,13
85,68,13,13
68,85,13,13
68,85,13,13
68,67,13,13
84,86,13,13
84,69,13,13
67,115,13,13
67,9,13,13
67,9,13,13
67,66,13,13
67,115,13,13
67,80,13,13
115,67,13,13
67,115,13,13
3,52,13,13
69,76,13,13
6,10,13,13
57,31,13,13
57,19,13,13
96,15,13,13
96,61,13,13
96,12,13,13
18,10,13,13
18,93,13,13
18,57,13,13
18,104,13,13
42,64,13,13
100,10,13,13
33,10,13,13
55,10,13,13
61,96,13,13
121,106,13,13
58,115,13,13
58,22,13,13
95,10,13,13
95,89,13,13
95,94,13,13
120,29,13,13
106,10,13,13
15,96,13,13
73,10,13,13
72,67,13,13
75,50,13,13
66,80,13,13
66,80,13,13
66,64,13,13
103,50,13,13
3,67,13,13
3,8,13,13
3,85,13,13
3,66,13,13
3,35,13,13
3,13,13,13
3,4,13,13
3,68,13,13
3,69,13,13
3,17,13,13
68,3,13,13
3,47,13,13
17,3,13,13
13,3,13,13
12,96,13,13
20,10,13,13
65,10,13,13
2,59,13,13
64,42,13,13
58,94,13,13
58,54,13,13
103,50,13,13
59,2,13,13
67,3,13,13
8,3,13,13
58,83,13,13
58,54,13,13
58,73,13,13
58,71,13,13
58,46,13,13
58,29,13,13
54,58,13,13
76,69,13,13
47,3,13,13
17,56,13,13
17,15,13,13
17,54,13,13
58,95,13,13
58,2,13,13
58,94,13,13
15,17,13,13
75,89,13,13
2,58,13,13
56,17,13,13
56,88,13,13
4,3,13,13
54,17,13,13
88,56,13,13
57,88,13,13
73,58,13,13
46,58,13,13
43,59,13,13
43,80,13,13
43,79,13,13
10,43,13,13
69,86,13,13
29,58,13,13
95,58,13,13
59,43,13,13
29,120,13,13
71,58,13,13
83,58,13,13
76,69,13,13
88,57,13,13
47,50,13,13
94,65,13,13
94,14,13,13
94,9,13,13
94,58,13,13
94,112,13,13
94,22,13,13
94,98,13,13
94,18,13,13
94,56,13,13
94,80,13,13
14,94,13,13
112,94,13,13
121,106,13,13
56,94,13,13
65,94,13,13
9,94,13,13
86,69,13,13
52,103,13,13
103,52,13,13
81,35,13,13
76,53,13,13
50,47,13,13
84,115,13,13
84,90,13,13
47,50,13,13
84,86,13,13
84,69,13,13
35,81,13,13
84,50,13,13
3,77,13,13
84,76,13,13
76,69,13,13
9,77,13,13
76,13,13,13
50,84,13,13
84,50,13,13
43,10,13,13
119,2,13,13
119,46,13,13
71,72,13,13
71,15,13,13
71,73,13,13
71,5,13,13
18,94,13,13
119,50,13,13
44,80,13,13
44,9,13,13
71,5,13,13
21,88,13,13
88,89,13,13
47,50,13,13
88,21,13,13
76,59,13,13
90,115,13,13
81,43,13,13
83,63,13,13
69,76,13,13
44,59,13,13
47,50,13,13
77,26,13,13
45,77,13,13
69,76,13,13
43,81,13,13
32,8,13,13
32,8,13,13
69,86,13,13
43,42,13,13
50,81,13,13
32,26,13,13
32,26,13,13
50,81,13,13
35,8,13,13
32,8,13,13
32,26,13,13
63,83,13,13
32,8,13,13
84,69,13,13
44,53,13,13
69,9,13,13
42,43,13,13
85,3,13,13
35,3,13,13
9,77,13,13
6,106,13,13
112,44,13,13
4,106,13,13
76,81,13,13
69,76,13,13
57,104,13,13
75,50,13,13
53,44,13,13
57,18,13,13
57,18,13,13
44,112,13,13
8,35,13,13
77,9,13,13
8,32,13,13
8,32,13,13
65,94,13,13
65,94,13,13
8,32,13,13
53,76,13,13
39,34,13,13
39,73,13,13
13,85,13,13
26,32,13,13
26,32,13,13
26,32,13,13
77,66,13,13
77,9,13,13
74,4,13,13
76,69,13,13
4,74,13,13
71,56,13,13
85,90,13,13
34,39,13,13
76,90,13,13
86,19,13,13
86,57,13,13
29,30,13,13
77,45,13,13
85,47,13,13
73,39,13,13
57,86,13,13
5,56,13,13
56,5,13,13
60,77,13,13
76,53,13,13
72,71,13,13
72,73,13,13
86,50,13,13
72,71,13,13
72,73,13,13
6,1,13,13
30,29,13,13
86,19,13,13
29,80,13,13
69,84,13,13
1,36,13,13
36,1,13,13
47,85,13,13
115,67,13,13
115,59,13,13
115,90,13,13
90,85,13,13
59,115,13,13
60,77,13,13
77,60,13,13
77,66,13,13
9,77,13,13
59,14,13,13
50,86,13,13
59,90,13,13
93,95,13,13
93,101,13,13
95,93,13,13
95,59,13,13
95,79,13,13
95,2,13,13
95,123,13,13
95,43,13,13
95,44,13,13
95,22,13,13
95,58,13,13
95,73,13,13
95,104,13,13
95,65,13,13
95,94,13,13
95,112,13,13
112,95,13,13
71,106,13,13
59,95,13,13
76,69,13,13
90,59,13,13
86,50,13,13
59,90,13,13
50,86,13,13
86,50,13,13
66,3,13,13
50,86,13,13
86,50,13,13
67,115,13,13
50,86,13,13
86,50,13,13
84,76,13,13
84,76,13,13
67,80,13,13
50,86,13,13
84,53,13,13
77,9,13,13
110,50,13,13
110,18,13,13
110,23,13,13
110,93,13,13
1,38,13,13
25,46,13,13
94,95,13,13
11,106,13,13
11,5,13,13
96,15,13,13
96,61,13,13
96,12,13,13
94,14,13,13
94,65,13,13
94,9,13,13
61,96,13,13
58,95,13,13
22,42,13,13
44,95,13,13
42,22,13,13
73,95,13,13
73,133,13,13
73,71,13,13
19,10,13,13
19,94,13,13
50,103,13,13
15,96,13,13
42,9,13,13
42,14,13,13
123,95,13,13
12,96,13,13
2,95,13,13
101,93,13,13
59,69,13,13
59,76,13,13
65,94,13,13
3,68,13,13
3,69,13,13
3,66,13,13
3,67,13,13
3,8,13,13
3,41,13,13
3,35,13,13
3,13,13,13
3,40,13,13
3,85,13,13
3,17,13,13
65,94,13,13
65,95,13,13
66,3,13,13
50,47,13,13
50,48,13,13
32,83,13,13
80,84,13,13
80,84,13,13
80,29,13,13
103,50,13,13
88,89,13,13
88,18,13,13
71,73,13,13
71,5,13,13
17,3,13,13
86,50,13,13
44,84,13,13
44,56,13,13
44,88,13,13
44,76,13,13
44,86,13,13
44,89,13,13
44,69,13,13
67,59,13,13
67,72,13,13
67,3,13,13
89,44,13,13
76,81,13,13
88,44,13,13
32,51,13,13
32,51,13,13
103,50,13,13
32,66,13,13
32,66,13,13
56,44,13,13
32,66,13,13
86,44,13,13
17,56,13,13
17,15,13,13
17,54,13,13
94,65,13,13
56,17,13,13
15,17,13,13
56,88,13,13
103,105,13,13
88,56,13,13
50,103,13,13
103,50,13,13
47,50,13,13
105,103,13,13
9,66,13,13
9,77,13,13
76,13,13,13
9,94,13,13
66,9,13,13
47,48,13,13
68,3,13,13
47,68,13,13
47,68,13,13
121,106,13,13
48,50,13,13
77,9,13,13
68,47,13,13
50,93,13,13
50,101,13,13
50,27,13,13
101,50,13,13
93,50,13,13
76,44,13,13
77,60,13,13
50,75,13,13
50,49,13,13
84,44,13,13
84,80,13,13
60,77,13,13
54,17,13,13
77,60,13,13
84,80,13,13
21,86,13,13
86,21,13,13
77,60,13,13
77,66,13,13
50,47,13,13
50,48,13,13
47,50,13,13
71,73,13,13
50,47,13,13
50,48,13,13
65,95,13,13
47,50,13,13
83,63,13,13
42,64,13,13
42,63,13,13
42,43,13,13
42,29,13,13
42,22,13,13
42,95,13,13
63,42,13,13
90,18,13,13
95,65,13,13
1,38,13,13
64,42,13,13
63,42,13,13
77,66,13,13
48,47,13,13
71,15,13,13
71,72,13,13
71,73,13,13
71,5,13,13
47,48,13,13
88,57,13,13
88,93,13,13
48,50,13,13
48,50,13,13
22,98,13,13
22,20,13,13
22,33,13,13
22,7,13,13
22,29,13,13
22,45,13,13
22,2,13,13
22,94,13,13
7,22,13,13
95,42,13,13
2,22,13,13
86,19,13,13
86,57,13,13
63,83,13,13
63,42,13,13
90,68,13,13
90,85,13,13
15,56,13,13
56,15,13,13
64,63,13,13
64,66,13,13
53,84,13,13
57,88,13,13
84,53,13,13
50,75,13,13
18,90,13,13
63,64,13,13
88,57,13,13
45,22,13,13
76,40,13,13
20,22,13,13
76,53,13,13
76,81,13,13
29,22,13,13
29,42,13,13
20,42,13,13
20,29,13,13
20,43,13,13
20,22,13,13
20,94,13,13
20,6,13,13
20,95,13,13
65,95,13,13
43,42,13,13
43,95,13,13
43,64,13,13
43,6,13,13
43,21,13,13
43,29,13,13
43,58,13,13
43,20,13,13
58,43,13,13
21,43,13,13
70,50,13,13
21,84,13,13
69,84,13,13
69,66,13,13
69,3,13,13
95,43,13,13
95,20,13,13
95,65,13,13
43,42,13,13
84,21,13,13
43,95,13,13
43,29,13,13
43,21,13,13
43,6,13,13
43,81,13,13
43,42,13,13
18,85,13,13
18,4,13,13
18,107,13,13
18,3,13,13
68,90,13,13
69,59,13,13
80,64,13,13
81,66,13,13
81,26,13,13
81,3,13,13
81,15,13,13
81,39,13,13
81,13,13,13
81,62,13,13
81,27,13,13
66,64,13,13
3,13,13,13
3,18,13,13
3,13,13,13
3,81,13,13
4,18,13,13
74,4,13,13
57,86,13,13
86,57,13,13
80,18,13,13
80,31,13,13
80,67,13,13
80,66,13,13
3,8,13,13
3,35,13,13
3,13,13,13
3,4,13,13
3,51,13,13
3,52,13,13
3,18,13,13
3,50,13,13
3,53,13,13
68,47,13,13
52,3,13,13
53,3,13,13
31,80,13,13
18,80,13,13
40,76,13,13
67,80,13,13
42,43,13,13
65,4,13,13
65,13,13,13
18,3,13,13
29,20,13,13
29,43,13,13
3,51,13,13
29,43,13,13
59,32,13,13
21,86,13,13
48,47,13,13
80,67,13,13
29,120,13,13
6,43,13,13
59,65,13,13
42,64,13,13
48,47,13,13
86,21,13,13
9,77,13,13
9,66,13,13
42,43,13,13
33,22,13,13
64,80,13,13
42,20,13,13
47,48,13,13
69,76,13,13
50,70,13,13
67,80,13,13
67,80,13,13
81,76,13,13
76,81,13,13
49,50,13,13
85,18,13,13
85,90,13,13
85,3,13,13
15,81,13,13
77,9,13,13
76,40,13,13
21,47,13,13
21,56,13,13
21,76,13,13
21,48,13,13
21,86,13,13
21,85,13,13
21,69,13,13
21,84,13,13
21,88,13,13
21,89,13,13
21,68,13,13
21,90,13,13
86,21,13,13
84,21,13,13
85,21,13,13
84,94,13,13
48,21,13,13
89,21,13,13
65,59,13,13
86,53,13,13
47,21,13,13
4,106,13,13
4,65,13,13
4,3,13,13
69,76,13,13
4,74,13,13
84,53,13,13
80,67,13,13
80,66,13,13
39,81,13,13
94,20,13,13
90,48,13,13
90,21,13,13
81,39,13,13
94,20,13,13
94,58,13,13
94,29,13,13
94,2,13,13
94,56,13,13
94,106,13,13
94,151,13,13
94,43,13,13
94,93,13,13
94,22,13,13
51,3,13,13
2,94,13,13
93,94,13,13
77,9,13,13
77,17,13,13
77,66,13,13
56,94,13,13
40,50,13,13
93,101,13,13
39,81,13,13
101,93,13,13
24,23,13,13
24,32,13,13
46,50,13,13
6,106,13,13
6,20,13,13
24,23,13,13
24,32,13,13
6,43,13,13
77,66,13,13
77,9,13,13
3,51,13,13
3,35,13,13
3,8,13,13
3,13,13,13
3,4,13,13
88,21,13,13
101,57,13,13
101,6,13,13
101,82,13,13
101,19,13,13
3,8,13,13
3,35,13,13
3,51,13,13
3,50,13,13
3,13,13,13
3,4,13,13
3,18,13,13
42,80,13,13
86,53,13,13
58,94,13,13
4,3,13,13
4,3,13,13
82,101,13,13
69,67,13,13
56,21,13,13
84,70,13,13
68,21,13,13
43,94,13,13
66,9,13,13
66,80,13,13
29,94,13,13
66,80,13,13
82,40,13,13
82,86,13,13
82,56,13,13
82,49,13,13
82,21,13,13
82,89,13,13
56,82,13,13
74,72,13,13
32,24,13,13
32,24,13,13
9,67,13,13
9,66,13,13
6,101,13,13
26,60,13,13
6,101,13,13
6,93,13,13
93,6,13,13
101,6,13,13
49,82,13,13
21,82,13,13
49,50,13,13
66,32,13,13
66,32,13,13
77,9,13,13
77,66,13,13
77,17,13,13
66,9,13,13
66,32,13,13
57,101,13,13
69,56,13,13
80,72,13,13
80,42,13,13
19,76,13,13
3,13,13,13
3,8,13,13
3,35,13,13
3,50,13,13
3,18,13,13
19,101,13,13
15,5,13,13
5,15,13,13
56,69,13,13
67,80,13,13
18,3,13,13
32,3,13,13
67,9,13,13
67,9,13,13
67,66,13,13
67,66,13,13
18,3,13,13
66,67,13,13
47,55,13,13
50,49,13,13
50,70,13,13
84,30,13,13
48,50,13,13
86,82,13,13
53,86,13,13
79,95,13,13
53,86,13,13
86,53,13,13
53,84,13,13
21,47,13,13
30,84,13,13
76,50,13,13
47,21,13,13
84,30,13,13
47,50,13,13
47,68,13,13
47,81,13,13
47,27,13,13
84,53,13,13
89,82,13,13
68,47,13,13
32,80,13,13
106,94,13,13
51,3,13,13
50,47,13,13
50,81,13,13
50,68,13,13
50,27,13,13
47,50,13,13
68,50,13,13
47,81,13,13
47,27,13,13
47,68,13,13
47,50,13,13
67,66,13,13
69,68,13,13
86,53,13,13
80,67,13,13
76,50,13,13
86,50,13,13
67,80,13,13
76,69,13,13
68,69,13,13
68,67,13,13
68,66,13,13
68,9,13,13
68,72,13,13
68,15,13,13
68,65,13,13
68,3,13,13
68,56,13,13
68,48,13,13
68,47,13,13
86,69,13,13
69,86,13,13
84,4,13,13
86,53,13,13
68,67,13,13
107,18,13,13
107,18,13,13
107,18,13,13
13,81,13,13
13,65,13,13
13,3,13,13
13,3,13,13
13,3,13,13
13,3,13,13
13,3,13,13
13,3,13,13
13,3,13,13
96,15,13,13
96,61,13,13
96,12,13,13
13,17,13,13
13,3,13,13
13,8,13,13
13,40,13,13
104,95,13,13
11,5,13,13
55,47,13,13
49,50,13,13
5,11,13,13
14,13,13,13
17,13,13,13
14,94,13,13
10,14,13,13
10,94,13,13
10,95,13,13
10,7,13,13
10,29,13,13
10,45,13,13
10,112,13,13
10,21,13,13
61,96,13,13
13,14,13,13
3,13,13,13
10,93,13,13
13,14,13,13
93,10,13,13
14,13,13,13
4,17,13,13
3,13,13,13
3,4,13,13
3,8,13,13
3,35,13,13
93,10,13,13
13,3,13,13
95,10,13,13
29,10,13,13
13,3,13,13
4,3,13,13
22,42,13,13
45,10,13,13
26,81,13,13
4,84,13,13
5,72,13,13
5,74,13,13
5,71,13,13
5,73,13,13
5,11,13,13
53,3,13,13
15,96,13,13
10,93,13,13
72,3,13,13
7,10,13,13
3,66,13,13
3,67,13,13
3,8,13,13
3,35,13,13
3,13,13,13
3,4,13,13
3,68,13,13
3,85,13,13
3,69,13,13
3,17,13,13
69,3,13,13
3,53,13,13
4,3,13,13
11,5,13,13
3,53,13,13
13,3,13,13
53,3,13,13
48,90,13,13
50,76,13,13
76,50,13,13
12,72,13,13
12,71,13,13
12,73,13,13
12,15,13,13
12,96,13,13
74,5,13,13
12,72,13,13
12,15,13,13
15,12,13,13
15,12,13,13
53,3,13,13
3,53,13,13
13,8,13,13
13,35,13,13
68,3,13,13
72,71,13,13
72,73,13,13
72,12,13,13
72,15,13,13
72,5,13,13
72,117,13,13
72,74,13,13
112,10,13,13
3,66,13,13
73,5,13,13
67,3,13,13
86,49,13,13
86,40,13,13
86,75,13,13
86,93,13,13
86,101,13,13
86,27,13,13
73,12,13,13
48,81,13,13
48,18,13,13
66,3,13,13
66,3,13,13
68,13,13,13
68,3,13,13
17,3,13,13
17,15,13,13
17,54,13,13
17,56,13,13
18,48,13,13
47,81,13,13
54,17,13,13
21,86,13,13
50,49,13,13
50,70,13,13
121,106,13,13
49,50,13,13
81,50,13,13
40,86,13,13
84,4,13,13
45,112,13,13
112,45,13,13
66,77,13,13
14,59,13,13
86,21,13,13
86,40,13,13
13,17,13,13
56,17,13,13
56,88,13,13
72,74,13,13
77,66,13,13
48,47,13,13
47,48,13,13
67,68,13,13
67,85,13,13
14,65,13,13
77,9,13,13
43,42,13,13
43,45,13,13
43,79,13,13
43,79,13,13
3,53,13,13
53,3,13,13
67,68,13,13
57,86,13,13
45,43,13,13
32,26,13,13
32,66,13,13
32,3,13,13
32,24,13,13
32,51,13,13
42,43,13,13
1,19,13,13
28,20,13,13
11,5,13,13
14,13,13,13
28,83,13,13
28,54,13,13
19,1,13,13
5,11,13,13
77,9,13,13
13,14,13,13
13,14,13,13
13,40,13,13
14,13,13,13
50,76,13,13
50,3,13,13
14,13,13,13
13,14,13,13
13,14,13,13
59,67,13,13
14,13,13,13
14,13,13,13
4,48,13,13
77,9,13,13
77,66,13,13
15,17,13,13
48,4,13,13
67,66,13,13
13,14,13,13
54,28,13,13
56,15,13,13
15,56,13,13
71,15,13,13
71,72,13,13
71,73,13,13
71,5,13,13
6,106,13,13
59,72,13,13
59,67,13,13
59,94,13,13
59,2,13,13
3,50,13,13
22,6,13,13
85,3,13,13
6,22,13,13
4,106,13,13
88,56,13,13
43,64,13,13
84,57,13,13
3,66,13,13
57,84,13,13
66,3,13,13
85,68,13,13
84,57,13,13
77,66,13,13
50,3,13,13
83,28,13,13
3,50,13,13
21,57,13,13
57,21,13,13
3,66,13,13
106,117,13,13
106,73,13,13
42,22,13,13
84,69,13,13
69,84,13,13
57,88,13,13
88,57,13,13
123,44,13,13
66,3,13,13
66,77,13,13
77,66,13,13
17,13,13,13
50,70,13,13
50,84,13,13
66,67,13,13
50,49,13,13
49,50,13,13
84,50,13,13
84,49,13,13
18,55,13,13
18,107,13,13
18,108,13,13
85,67,13,13
85,68,13,13
77,66,13,13
77,69,13,13
69,77,13,13
34,24,13,13
24,34,13,13
51,3,13,13
55,18,13,13
51,3,13,13
51,32,13,13
3,128,13,13
3,8,13,13
68,85,13,13
68,85,13,13
47,48,13,13
67,66,13,13
67,85,13,13
66,67,13,13
66,67,13,13
67,66,13,13
67,66,13,13
68,48,13,13
68,47,13,13
68,48,13,13
47,50,13,13
50,47,13,13
47,68,13,13
47,50,13,13
47,68,13,13
68,47,13,13
68,47,13,13
84,101,13,13
84,93,13,13
69,76,13,13
76,69,13,13
77,66,13,13
80,84,13,13
80,69,13,13
69,80,13,13
67,80,13,13
4,3,14,14
4,74,14,14
57,18,14,14
57,79,14,14
16,98,14,14
16,23,14,14
20,28,14,14
20,35,14,14
20,18,14,14
20,52,14,14
20,8,14,14
20,94,14,14
96,15,14,14
96,61,14,14
96,12,14,14
101,84,14,14
18,20,14,14
18,107,14,14
18,57,14,14
42,63,14,14
42,29,14,14
42,43,14,14
42,22,14,14
42,64,14,14
42,2,14,14
42,95,14,14
23,24,14,14
23,10,14,14
8,13,14,14
8,13,14,14
29,42,14,14
23,94,14,14
8,20,14,14
8,3,14,14
8,3,14,14
8,3,14,14
8,3,14,14
8,3,14,14
8,3,14,14
8,3,14,14
8,3,14,14
61,96,14,14
95,42,14,14
70,50,14,14
70,50,14,14
70,50,14,14
70,50,14,14
3,67,14,14
3,66,14,14
3,8,14,14
3,35,14,14
3,13,14,14
3,4,14,14
3,68,14,14
3,69,14,14
3,17,14,14
67,3,14,14
13,3,14,14
21,75,14,14
40,50,14,14
52,20,14,14
64,43,14,14
21,75,14,14
44,112,14,14
94,14,14,14
94,65,14,14
94,9,14,14
8,3,14,14
21,7,14,14
21,10,14,14
112,44,14,14
14,94,14,14
4,3,14,14
81,47,14,14
21,10,14,14
2,42,14,14
15,96,14,14
14,90,14,14
66,3,14,14
66,67,14,14
66,81,14,14
50,40,14,14
50,49,14,14
58,117,14,14
83,58,14,14
83,29,14,14
58,83,14,14
79,43,14,14
79,43,14,14
79,43,14,14
47,81,14,14
65,94,14,14
14,15,14,14
14,56,14,14
14,54,14,14
56,14,14,14
56,88,14,14
15,14,14,14
88,56,14,14
65,94,14,14
50,52,14,14
52,50,14,14
65,14,14,14
52,50,14,14
32,8,14,14
29,83,14,14
57,2,14,14
57,6,14,14
57,50,14,14
57,101,14,14
57,46,14,14
39,81,14,14
50,86,14,14
39,81,14,14
151,94,14,14
32,8,14,14
32,26,14,14
80,64,14,14
94,65,14,14
69,86,14,14
7,21,14,14
8,32,14,14
8,32,14,14
49,50,14,14
29,56,14,14
68,3,14,14
56,29,14,14
115,67,14,14
50,86,14,14
50,52,14,14
52,50,14,14
14,59,14,14
9,94,14,14
68,47,14,14
71,5,14,14
76,50,14,14
63,42,14,14
76,50,14,14
64,80,14,14
86,50,14,14
86,50,14,14
86,50,14,14
69,76,14,14
50,76,14,14
83,15,14,14
83,61,14,14
94,10,14,14
61,83,14,14
76,50,14,14
68,47,14,14
76,50,14,14
50,93,14,14
50,101,14,14
50,27,14,14
47,50,14,14
86,40,14,14
86,19,14,14
86,93,14,14
86,101,14,14
86,27,14,14
69,50,14,14
69,17,14,14
69,66,14,14
10,21,14,14
90,14,14,14
58,10,14,14
23,51,14,14
14,65,14,14
65,14,14,14
86,53,14,14
86,53,14,14
71,15,14,14
71,72,14,14
71,73,14,14
71,5,14,14
23,77,14,14
90,72,14,14
59,76,14,14
59,69,14,14
50,76,14,14
50,69,14,14
50,66,14,14
50,3,14,14
90,86,14,14
3,50,14,14
84,101,14,14
66,50,14,14
86,90,14,14
70,47,14,14
70,68,14,14
76,69,14,14
68,70,14,14
76,69,14,14
59,94,14,14
59,2,14,14
50,69,14,14
68,70,14,14
69,50,14,14
69,50,14,14
76,69,14,14
56,15,14,14
32,80,14,14
65,14,14,14
52,50,14,14
15,56,14,14
71,72,14,14
14,65,14,14
62,3,14,14
69,76,14,14
69,66,14,14
3,62,14,14
50,49,14,14
54,14,14,14
3,20,14,14
20,3,14,14
47,70,14,14
49,50,14,14
50,52,14,14
52,50,14,14
53,86,14,14
56,94,14,14
86,53,14,14
94,56,14,14
83,24,14,14
53,86,14,14
76,50,14,14
86,53,14,14
59,56,14,14
59,86,14,14
59,84,14,14
59,88,14,14
59,47,14,14
59,94,14,14
59,2,14,14
59,68,14,14
59,69,14,14
59,85,14,14
59,89,14,14
59,48,14,14
59,76,14,14
2,6,14,14
50,76,14,14
86,69,14,14
86,84,14,14
86,117,14,14
19,18,14,14
19,1,14,14
1,19,14,14
76,69,14,14
18,19,14,14
84,69,14,14
59,56,14,14
76,50,14,14
68,81,14,14
76,50,14,14
1,38,14,14
1,38,14,14
50,70,14,14
85,48,14,14
70,50,14,14
48,85,14,14
15,83,14,14
50,17,14,14
50,69,14,14
15,61,14,14
61,15,14,14
84,151,14,14
84,101,14,14
7,14,14,14
24,83,14,14
4,106,14,14
47,48,14,14
72,80,14,14
85,42,14,14
86,40,14,14
26,32,14,14
69,76,14,14
12,96,14,14
40,41,14,14
121,106,14,14
42,85,14,14
69,50,14,14
69,17,14,14
69,66,14,14
69,86,14,14
69,76,14,14
80,18,14,14
67,66,14,14
69,76,14,14
67,59,14,14
69,84,14,14
69,76,14,14
69,86,14,14
67,66,14,14
71,74,14,14
67,115,14,14
18,80,14,14
18,38,14,14
18,80,14,14
32,117,14,14
21,86,14,14
86,21,14,14
71,12,14,14
29,120,14,14
29,23,14,14
29,30,14,14
29,42,14,14
23,29,14,14
29,39,14,14
80,18,14,14
6,2,14,14
83,63,14,14
69,76,14,14
56,66,14,14
56,15,14,14
12,15,14,14
15,56,14,14
15,12,14,14
50,49,14,14
38,1,14,14
30,29,14,14
42,29,14,14
63,83,14,14
49,50,14,14
80,9,14,14
80,44,14,14
94,9,14,14
94,65,14,14
94,14,14,14
67,80,14,14
101,50,14,14
69,84,14,14
47,50,14,14
47,68,14,14
47,81,14,14
70,48,14,14
70,68,14,14
48,70,14,14
48,47,14,14
68,47,14,14
68,70,14,14
65,94,14,14
39,29,14,14
76,50,14,14
68,90,14,14
69,84,14,14
69,76,14,14
1,38,14,14
69,76,14,14
67,66,14,14
67,80,14,14
67,9,14,14
67,59,14,14
38,80,14,14
38,18,14,14
38,1,14,14
80,67,14,14
69,86,14,14
59,14,14,14
7,103,14,14
69,84,14,14
38,1,14,14
37,38,14,14
48,85,14,14
85,48,14,14
93,50,14,14
67,80,14,14
66,56,14,14
86,84,14,14
86,117,14,14
86,75,14,14
67,59,14,14
84,86,14,14
68,47,14,14
68,48,14,14
90,85,14,14
85,90,14,14
85,18,14,14
108,18,14,14
50,49,14,14
77,66,14,14
77,69,14,14
69,77,14,14
94,65,14,14
94,14,14,14
94,9,14,14
107,18,14,14
107,18,14,14
96,15,14,14
96,61,14,14
96,12,14,14
31,25,14,14
70,48,14,14
1,13,14,14
1,15,14,14
1,65,14,14
1,10,14,14
1,9,14,14
1,8,14,14
1,14,14,14
1,12,14,14
1,7,14,14
1,3,14,14
1,5,14,14
1,17,14,14
1,4,14,14
1,11,14,14
1,16,14,14
1,2,14,14
1,6,14,14
5,1,14,14
14,1,14,14
49,50,14,14
8,1,14,14
13,1,14,14
44,80,14,14
4,1,14,14
61,96,14,14
48,70,14,14
17,3,14,14
3,1,14,14
50,49,14,14
79,10,14,14
49,50,14,14
19,86,14,14
77,23,14,14
23,51,14,14
15,1,14,14
15,96,14,14
14,80,14,14
14,9,14,14
17,50,14,14
7,1,14,14
3,13,14,14
3,85,14,14
3,69,14,14
3,17,14,14
3,66,14,14
3,67,14,14
3,8,14,14
3,35,14,14
3,4,14,14
3,68,14,14
69,3,14,14
10,1,14,14
13,3,14,14
3,86,14,14
3,84,14,14
8,3,14,14
9,14,14,14
9,1,14,14
9,94,14,14
6,1,14,14
4,3,14,14
50,17,14,14
9,94,14,14
9,80,14,14
71,5,14,14
66,3,14,14
57,76,14,14
65,1,14,14
65,94,14,14
56,15,14,14
65,94,14,14
12,1,14,14
12,96,14,14
17,86,14,14
17,50,14,14
83,45,14,14
2,1,14,14
17,1,14,14
17,3,14,14
17,50,14,14
45,83,14,14
47,50,14,14
17,13,14,14
13,17,14,14
53,17,14,14
140,122,14,14
67,66,14,14
57,84,14,14
17,53,14,14
72,90,14,14
59,67,14,14
50,52,14,14
52,50,14,14
3,20,14,14
20,3,14,14
68,3,14,14
81,27,14,14
94,65,14,14
15,56,14,14
57,86,14,14
68,48,14,14
68,85,14,14
80,14,14,14
17,56,14,14
17,15,14,14
17,54,14,14
59,68,14,14
59,56,14,14
59,2,14,14
59,69,14,14
59,85,14,14
59,86,14,14
59,84,14,14
59,89,14,14
59,48,14,14
59,76,14,14
59,88,14,14
59,47,14,14
59,94,14,14
69,59,14,14
15,17,14,14
103,50,14,14
54,17,14,14
83,94,14,14
76,66,14,14
76,69,14,14
76,50,14,14
69,76,14,14
76,57,14,14
70,53,14,14
86,57,14,14
86,3,14,14
71,72,14,14
71,15,14,14
71,73,14,14
71,5,14,14
86,19,14,14
59,86,14,14
59,84,14,14
59,88,14,14
59,2,14,14
59,68,14,14
59,69,14,14
59,56,14,14
59,85,14,14
59,89,14,14
59,48,14,14
59,76,14,14
59,47,14,14
59,94,14,14
16,1,14,14
84,57,14,14
86,17,14,14
56,17,14,14
56,88,14,14
88,56,14,14
86,40,14,14
86,19,14,14
69,76,14,14
76,69,14,14
86,149,14,14
90,84,14,14
84,90,14,14
69,76,14,14
86,50,14,14
84,3,14,14
66,86,14,14
86,66,14,14
65,79,14,14
65,95,14,14
65,44,14,14
65,112,14,14
65,94,14,14
65,123,14,14
151,21,14,14
151,22,14,14
151,42,14,14
151,93,14,14
151,23,14,14
151,58,14,14
151,98,14,14
151,50,14,14
15,56,14,14
112,65,14,14
17,38,14,14
98,22,14,14
56,15,14,14
44,65,14,14
17,38,14,14
69,66,14,14
151,98,14,14
151,98,14,14
151,98,14,14
50,3,14,14
151,2,14,14
151,82,14,14
79,65,14,14
77,26,14,14
77,66,14,14
77,15,14,14
77,83,14,14
77,24,14,14
3,50,14,14
50,86,14,14
95,65,14,14
3,66,14,14
3,15,14,14
3,13,14,14
66,3,14,14
13,3,14,14
76,69,14,14
149,86,14,14
41,3,14,14
41,40,14,14
41,50,14,14
69,76,14,14
121,106,14,14
76,69,14,14
76,50,14,14
84,86,14,14
69,76,14,14
50,76,14,14
67,3,14,14
86,19,14,14
86,50,14,14
86,149,14,14
76,13,14,14
86,149,14,14
76,50,14,14
76,66,14,14
85,3,14,14
85,48,14,14
59,2,14,14
1,38,14,14
94,65,14,14
86,117,14,14
86,149,14,14
15,3,14,14
70,84,14,14
70,68,14,14
84,70,14,14
38,91,14,14
38,44,14,14
5,77,14,14
51,23,14,14
94,83,14,14
51,23,14,14
77,5,14,14
77,5,14,14
24,112,14,14
24,45,14,14
112,24,14,14
6,106,14,14
18,41,14,14
115,86,14,14
59,67,14,14
4,106,14,14
14,13,14,14
106,4,14,14
13,14,14,14
8,42,14,14
56,15,14,14
13,14,14,14
77,66,14,14
13,76,14,14
76,13,14,14
86,115,14,14
15,56,14,14
14,13,14,14
52,103,14,14
14,13,14,14
13,14,14,14
13,14,14,14
14,13,14,14
14,13,14,14
13,14,14,14
13,14,14,14
14,13,14,14
14,13,14,14
2,95,14,14
18,57,14,14
18,19,14,14
95,2,14,14
19,18,14,14
18,85,14,14
86,19,14,14
19,86,14,14
80,36,14,14
45,24,14,14
13,14,14,14
57,18,14,14
21,69,14,14
69,21,14,14
36,80,14,14
14,13,14,14
68,90,14,14
68,70,14,14
44,80,14,14
17,86,14,14
50,66,14,14
50,76,14,14
50,69,14,14
50,3,14,14
69,50,14,14
76,50,14,14
103,52,14,14
84,76,14,14
76,84,14,14
9,67,14,14
9,66,14,14
68,48,14,14
70,50,14,14
39,66,14,14
48,68,14,14
3,8,14,14
3,13,14,14
13,3,14,14
13,14,14,14
13,14,14,14
14,13,14,14
14,13,14,14
14,13,14,14
3,13,14,14
3,8,14,14
13,14,14,14
13,14,14,14
13,14,14,14
13,3,14,14
14,13,14,14
3,50,14,14
14,13,14,14
13,14,14,14
3,50,14,14
3,4,14,14
3,20,14,14
3,52,14,14
13,14,14,14
14,13,14,14
52,3,14,14
69,76,14,14
69,59,14,14
76,69,14,14
86,17,14,14
8,3,14,14
50,70,14,14
67,9,14,14
38,1,14,14
38,36,14,14
38,149,14,14
38,37,14,14
52,103,14,14
42,8,14,14
47,50,14,14
1,38,14,14
59,67,14,14
67,86,14,14
67,69,14,14
67,66,14,14
69,67,14,14
84,69,14,14
84,90,14,14
69,84,14,14
84,40,14,14
70,50,14,14
103,52,14,14
59,67,14,14
84,57,14,14
59,2,14,14
53,70,14,14
32,66,14,14
32,26,14,14
53,70,14,14
53,4,14,14
1,3,14,14
1,68,14,14
1,65,14,14
1,90,14,14
1,69,14,14
1,9,14,14
1,14,14,14
1,15,14,14
1,5,14,14
1,17,14,14
1,11,14,14
69,1,14,14
65,1,14,14
9,1,14,14
68,1,14,14
86,50,14,14
84,80,14,14
85,47,14,14
47,85,14,14
68,85,14,14
90,1,14,14
90,67,14,14
90,66,14,14
77,66,14,14
11,1,14,14
11,1,14,14
20,3,14,14
20,35,14,14
20,51,14,14
20,94,14,14
20,95,14,14
94,20,14,14
96,15,14,14
96,61,14,14
96,12,14,14
26,100,14,14
4,53,14,14
35,3,14,14
35,3,14,14
35,20,14,14
35,3,14,14
35,20,14,14
14,1,14,14
35,3,14,14
35,3,14,14
35,3,14,14
95,20,14,14
35,3,14,14
35,3,14,14
35,13,14,14
61,96,14,14
5,1,14,14
95,22,14,14
95,104,14,14
95,79,14,14
95,65,14,14
95,2,14,14
95,123,14,14
95,43,14,14
95,93,14,14
95,59,14,14
95,58,14,14
95,94,14,14
70,53,14,14
104,95,14,14
4,3,14,14
94,65,14,14
94,14,14,14
94,9,14,14
17,1,14,14
14,94,14,14
18,108,14,14
18,109,14,14
18,55,14,14
18,107,14,14
18,110,14,14
18,99,14,14
50,3,14,14
55,18,14,14
79,95,14,14
18,85,14,14
4,16,14,14
93,95,14,14
3,50,14,14
123,95,14,14
110,18,14,14
58,95,14,14
3,66,14,14
3,67,14,14
3,8,14,14
3,35,14,14
3,13,14,14
3,4,14,14
3,68,14,14
3,69,14,14
3,17,14,14
66,3,14,14
15,96,14,14
15,1,14,14
66,50,14,14
13,3,14,14
66,39,14,14
32,8,14,14
4,3,14,14
8,3,14,14
8,32,14,14
66,9,14,14
59,95,14,14
70,53,14,14
66,26,14,14
66,45,14,14
45,66,14,14
65,94,14,14
65,94,14,14
94,65,14,14
66,77,14,14
9,94,14,14
12,96,14,14
2,95,14,14
65,95,14,14
65,9,14,14
65,14,14,14
65,17,14,14
16,4,14,14
14,65,14,14
76,13,14,14
76,19,14,14
88,15,14,14
88,5,14,14
70,53,14,14
80,67,14,14
80,66,14,14
26,66,14,14
72,67,14,14
42,63,14,14
26,32,14,14
53,70,14,14
53,70,14,14
17,3,14,14
17,65,14,14
88,15,14,14
1,38,14,14
59,67,14,14
76,50,14,14
15,88,14,14
38,1,14,14
88,15,14,14
67,3,14,14
67,90,14,14
67,80,14,14
1,38,14,14
44,38,14,14
80,38,14,14
67,115,14,14
40,82,14,14
40,13,14,14
40,49,14,14
59,2,14,14
59,94,14,14
5,88,14,14
5,56,14,14
56,5,14,14
88,15,14,14
14,13,14,14
44,86,14,14
44,69,14,14
69,44,14,14
13,14,14,14
13,14,14,14
14,13,14,14
54,43,14,14
14,13,14,14
13,14,14,14
13,14,14,14
14,13,14,14
14,13,14,14
13,14,14,14
13,14,14,14
14,13,14,14
14,13,14,14
13,14,14,14
35,3,14,14
53,3,14,14
53,17,14,14
53,13,14,14
88,61,14,14
88,96,14,14
88,12,14,14
88,15,14,14
94,65,14,14
94,14,14,14
94,9,14,14
88,54,14,14
14,94,14,14
88,5,14,14
11,5,14,14
65,94,14,14
65,94,14,14
88,54,14,14
76,19,14,14
88,54,14,14
64,80,14,14
3,53,14,14
17,53,14,14
95,93,14,14
93,95,14,14
93,95,14,14
95,93,14,14
101,6,14,14
101,19,14,14
101,93,14,14
85,18,14,14
9,94,14,14
93,101,14,14
85,47,14,14
59,56,14,14
47,85,14,14
23,33,14,14
23,58,14,14
23,29,14,14
23,83,14,14
23,81,14,14
23,39,14,14
23,45,14,14
23,94,14,14
23,48,14,14
23,22,14,14
31,18,14,14
31,18,14,14
13,53,14,14
45,23,14,14
31,18,14,14
29,23,14,14
4,106,14,14
6,101,14,14
66,90,14,14
94,65,14,14
94,23,14,14
14,13,14,14
17,68,14,14
44,80,14,14
98,22,14,14
86,44,14,14
66,90,14,14
39,23,14,14
80,44,14,14
98,94,14,14
6,106,14,14
98,10,14,14
58,23,14,14
13,14,14,14
6,106,14,14
13,14,14,14
76,75,14,14
83,23,14,14
77,9,14,14
77,66,14,14
76,66,14,14
76,50,14,14
76,69,14,14
76,69,14,14
76,66,14,14
76,50,14,14
50,76,14,14
76,66,14,14
76,3,14,14
76,69,14,14
76,50,14,14
84,13,14,14
66,76,14,14
53,70,14,14
115,84,14,14
70,53,14,14
14,13,14,14
38,36,14,14
84,115,14,14
14,13,14,14
84,115,14,14
47,48,14,14
84,115,14,14
50,76,14,14
50,66,14,14
50,3,14,14
50,69,14,14
50,39,14,14
13,14,14,14
56,66,14,14
13,14,14,14
3,50,14,14
14,13,14,14
53,70,14,14
53,4,14,14
98,94,14,14
14,13,14,14
13,14,14,14
76,50,14,14
98,22,14,14
98,6,14,14
98,50,14,14
36,38,14,14
98,42,14,14
13,14,14,14
14,13,14,14
66,56,14,14
66,80,14,14
66,50,14,14
98,46,14,14
98,2,14,14
98,115,14,14
70,53,14,14
83,24,14,14
24,83,14,14
54,15,14,14
86,44,14,14
66,32,14,14
77,66,14,14
35,3,14,14
81,66,14,14
81,3,14,14
81,13,14,14
81,15,14,14
81,39,14,14
81,26,14,14
81,62,14,14
81,27,14,14
5,11,14,14
14,13,14,14
38,37,14,14
13,81,14,14
13,14,14,14
3,81,14,14
80,64,14,14
13,14,14,14
14,13,14,14
88,15,14,14
14,13,14,14
77,17,14,14
77,66,14,14
77,9,14,14
103,52,14,14
15,81,14,14
3,52,14,14
3,8,14,14
3,35,14,14
3,13,14,14
3,51,14,14
3,4,14,14
3,50,14,14
3,53,14,14
13,14,14,14
4,53,14,14
52,3,14,14
4,3,14,14
13,14,14,14
35,3,14,14
13,3,14,14
14,13,14,14
52,103,14,14
14,13,14,14
77,66,14,14
77,9,14,14
13,14,14,14
39,81,14,14
13,14,14,14
39,50,14,14
86,50,14,14
17,13,14,14
50,86,14,14
13,17,14,14
14,67,14,14
14,13,14,14
13,3,14,14
86,50,14,14
14,13,14,14
15,54,14,14
3,13,14,14
9,67,14,14
9,66,14,14
59,80,14,14
13,14,14,14
13,14,14,14
64,80,14,14
14,13,14,14
14,13,14,14
13,14,14,14
8,3,14,14
66,64,14,14
66,81,14,14
66,9,14,14
33,83,14,14
64,66,14,14
29,34,14,14
18,31,14,14
18,31,14,14
18,31,14,14
81,23,14,14
33,23,14,14
29,23,14,14
23,29,14,14
29,42,14,14
29,58,14,14
29,83,14,14
54,15,14,14
23,29,14,14
71,5,14,14
29,23,14,14
42,29,14,14
83,29,14,14
26,81,14,14
56,71,14,14
67,9,14,14
67,14,14,14
90,80,14,14
50,49,14,14
99,18,14,14
23,26,14,14
24,83,14,14
71,56,14,14
71,5,14,14
54,5,14,14
88,15,14,14
76,81,14,14
76,53,14,14
39,81,14,14
53,70,14,14
56,66,14,14
66,56,14,14
47,68,14,14
9,67,14,14
9,66,14,14
85,90,14,14
9,65,14,14
85,81,14,14
15,54,14,14
86,50,14,14
86,40,14,14
69,86,14,14
80,84,14,14
84,80,14,14
84,88,14,14
84,56,14,14
86,84,14,14
84,57,14,14
85,18,14,14
80,67,14,14
80,66,14,14
90,85,14,14
90,9,14,14
90,66,14,14
68,47,14,14
25,31,14,14
40,86,14,14
96,15,14,14
96,61,14,14
96,12,14,14
26,23,14,14
18,85,14,14
4,3,14,14
5,54,14,14
3,4,14,14
58,29,14,14
61,96,14,14
13,14,14,14
14,13,14,14
14,13,14,14
13,14,14,14
13,14,14,14
14,13,14,14
14,13,14,14
13,14,14,14
13,14,14,14
14,13,14,14
14,13,14,14
13,14,14,14
20,52,14,14
70,53,14,14
75,50,14,14
75,50,14,14
3,17,14,14
3,66,14,14
3,67,14,14
3,8,14,14
3,35,14,14
3,13,14,14
3,4,14,14
3,68,14,14
3,69,14,14
3,85,14,14
52,20,14,14
15,96,14,14
13,3,14,14
34,29,14,14
33,15,14,14
11,1,14,14
1,11,14,14
12,96,14,14
71,5,14,14
9,90,14,14
9,14,14,14
14,9,14,14
35,3,14,14
4,3,14,14
75,50,14,14
59,95,14,14
59,2,14,14
94,38,14,14
94,59,14,14
94,2,14,14
94,22,14,14
93,23,14,14
80,38,14,14
38,80,14,14
66,80,14,14
66,9,14,14
2,94,14,14
59,94,14,14
66,3,14,14
17,3,14,14
94,65,14,14
94,14,14,14
94,9,14,14
49,50,14,14
14,94,14,14
65,94,14,14
65,94,14,14
49,75,14,14
17,56,14,14
17,15,14,14
17,54,14,14
56,17,14,14
56,88,14,14
86,40,14,14
88,56,14,14
9,80,14,14
9,67,14,14
9,66,14,14
9,94,14,14
53,3,14,14
15,88,14,14
15,33,14,14
15,33,14,14
33,15,14,14
15,17,14,14
88,15,14,14
38,36,14,14
23,93,14,14
53,3,14,14
23,93,14,14
76,50,14,14
19,57,14,14
75,49,14,14
80,9,14,14
66,9,14,14
94,65,14,14
3,53,14,14
88,15,14,14
50,86,14,14
15,88,14,14
88,15,14,14
9,67,14,14
9,66,14,14
8,3,14,14
66,9,14,14
8,13,14,14
13,8,14,14
93,23,14,14
93,23,14,14
23,93,14,14
23,93,14,14
93,23,14,14
57,84,14,14
50,15,14,14
80,66,14,14
80,67,14,14
15,50,14,14
59,56,14,14
29,23,14,14
29,120,14,14
29,42,14,14
29,28,14,14
29,30,14,14
29,58,14,14
28,29,14,14
13,77,14,14
13,3,14,14
13,8,14,14
13,35,14,14
23,29,14,14
30,29,14,14
54,17,14,14
42,29,14,14
86,50,14,14
66,80,14,14
47,36,14,14
29,23,14,14
58,29,14,14
23,29,14,14
36,47,14,14
52,103,14,14
71,72,14,14
71,5,14,14
71,15,14,14
71,73,14,14
84,57,14,14
11,5,14,14
23,29,14,14
103,52,14,14
29,42,14,14
29,23,14,14
50,52,14,14
52,50,14,14
9,66,14,14
9,67,14,14
59,68,14,14
59,56,14,14
59,84,14,14
59,48,14,14
59,76,14,14
59,88,14,14
59,47,14,14
59,69,14,14
59,85,14,14
59,86,14,14
59,89,14,14
59,94,14,14
59,2,14,14
51,3,14,14
51,20,14,14
47,81,14,14
57,84,14,14
84,57,14,14
84,57,14,14
77,13,14,14
38,7,14,14
59,67,14,14
15,50,14,14
15,39,14,14
90,84,14,14
84,90,14,14
66,9,14,14
84,69,14,14
56,47,14,14
90,76,14,14
69,76,14,14
67,9,14,14
50,76,14,14
50,3,14,14
50,66,14,14
67,80,14,14
76,50,14,14
84,86,14,14
14,7,14,14
76,89,14,14
14,13,14,14
50,75,14,14
21,86,14,14
76,50,14,14
42,29,14,14
3,50,14,14
67,9,14,14
67,9,14,14
67,9,14,14
50,76,14,14
50,3,14,14
76,50,14,14
50,3,14,14
86,21,14,14
42,29,14,14
42,63,14,14
3,50,14,14
3,50,14,14
76,50,14,14
76,3,14,14
121,106,14,14
63,42,14,14
69,76,14,14
13,14,14,14
13,14,14,14
14,13,14,14
14,13,14,14
39,15,14,14
26,66,14,14
29,42,14,14
13,14,14,14
70,53,14,14
47,56,14,14
50,76,14,14
15,88,14,14
69,76,14,14
45,66,14,14
75,50,14,14
88,15,14,14
76,50,14,14
76,50,14,14
66,50,14,14
6,106,14,14
66,45,14,14
75,50,14,14
50,76,14,14
50,66,14,14
50,3,14,14
77,66,14,14
76,50,14,14
59,80,14,14
3,50,14,14
50,75,14,14
9,80,14,14
9,67,14,14
9,66,14,14
80,9,14,14
14,77,14,14
56,86,14,14
77,14,14,14
77,14,14,14
106,117,14,14
106,73,14,14
86,56,14,14
54,15,14,14
75,50,14,14
15,54,14,14
53,70,14,14
53,4,14,14
15,54,14,14
50,76,14,14
50,75,14,14
76,50,14,14
53,70,14,14
54,15,14,14
54,15,14,14
4,106,14,14
76,69,14,14
4,53,14,14
15,54,14,14
85,3,14,14
75,50,14,14
70,53,14,14
75,49,14,14
86,50,14,14
67,80,14,14
68,48,14,14
67,80,14,14
67,66,14,14
67,9,14,14
67,3,14,14
59,80,14,14
53,70,14,14
14,13,14,14
6,106,14,14
50,86,14,14
86,50,14,14
13,14,14,14
13,14,14,14
14,13,14,14
47,36,14,14
14,13,14,14
13,14,14,14
13,14,14,14
14,13,14,14
14,13,14,14
49,75,14,14
13,14,14,14
13,14,14,14
36,47,14,14
14,13,14,14
14,13,14,14
13,14,14,14
13,14,14,14
14,13,14,14
70,53,14,14
56,15,14,14
66,80,14,14
80,66,14,14
85,47,14,14
50,47,14,14
47,85,14,14
47,50,14,14
69,76,14,14
15,56,14,14
86,67,14,14
86,66,14,14
86,3,14,14
86,9,14,14
86,72,14,14
86,15,14,14
86,65,14,14
86,56,14,14
86,69,14,14
86,68,14,14
69,86,14,14
47,36,14,14
54,15,14,14
3,13,14,14
3,4,14,14
3,8,14,14
3,35,14,14
54,15,14,14
15,54,14,14
15,54,14,14
54,15,14,14
50,47,14,14
29,39,14,14
66,50,14,14
15,54,14,14
66,9,14,14
112,32,14,14
47,50,14,14
80,67,14,14
80,66,14,14
80,18,14,14
80,31,14,14
8,3,14,14
66,80,14,14
50,47,14,14
83,30,14,14
30,83,14,14
47,38,14,14
47,50,14,14
12,72,14,14
12,71,14,14
12,73,14,14
12,15,14,14
47,48,14,14
76,90,14,14
5,11,14,14
13,3,15,15
35,3,15,15
4,3,15,15
31,80,15,15
13,65,15,15
13,17,15,15
13,3,15,15
13,8,15,15
13,40,15,15
18,80,15,15
96,15,15,15
96,61,15,15
96,12,15,15
73,12,15,15
8,13,15,15
8,3,15,15
17,13,15,15
3,13,15,15
39,29,15,15
5,71,15,15
5,72,15,15
5,73,15,15
5,74,15,15
5,11,15,15
3,50,15,15
61,96,15,15
74,5,15,15
11,5,15,15
14,44,15,15
11,5,15,15
5,11,15,15
14,80,15,15
15,12,15,15
44,14,15,15
15,96,15,15
72,12,15,15
72,15,15,15
72,71,15,15
72,73,15,15
72,5,15,15
72,117,15,15
72,74,15,15
3,66,15,15
3,67,15,15
3,8,15,15
3,35,15,15
3,13,15,15
3,4,15,15
3,68,15,15
3,85,15,15
3,69,15,15
3,17,15,15
3,20,15,15
17,3,15,15
20,3,15,15
4,3,15,15
13,3,15,15
12,96,15,15
45,151,15,15
4,65,15,15
65,13,15,15
73,5,15,15
88,15,15,15
101,6,15,15
101,93,15,15
101,57,15,15
101,82,15,15
101,19,15,15
19,101,15,15
88,56,15,15
57,101,15,15
67,3,15,15
57,101,15,15
29,23,15,15
29,42,15,15
101,57,15,15
29,120,15,15
29,28,15,15
57,18,15,15
29,30,15,15
67,80,15,15
29,22,15,15
70,50,15,15
57,20,15,15
57,89,15,15
57,29,15,15
57,6,15,15
57,10,15,15
57,107,15,15
57,98,15,15
57,104,15,15
57,112,15,15
57,94,15,15
112,57,15,15
29,57,15,15
20,57,15,15
83,1,15,15
89,57,15,15
98,57,15,15
23,29,15,15
1,83,15,15
44,14,15,15
59,94,15,15
14,59,15,15
14,44,15,15
29,85,15,15
29,56,15,15
29,83,15,15
29,48,15,15
29,23,15,15
29,94,15,15
29,115,15,15
29,119,15,15
29,22,15,15
29,52,15,15
29,81,15,15
29,98,15,15
29,39,15,15
29,58,15,15
29,75,15,15
29,24,15,15
29,77,15,15
29,88,15,15
29,28,15,15
29,33,15,15
29,7,15,15
29,3,15,15
29,45,15,15
29,80,15,15
29,21,15,15
29,10,15,15
29,90,15,15
29,93,15,15
29,2,15,15
24,29,15,15
56,29,15,15
23,29,15,15
58,29,15,15
17,56,15,15
17,15,15,15
17,54,15,15
52,29,15,15
98,115,15,15
98,93,15,15
98,22,15,15
98,58,15,15
98,42,15,15
98,20,15,15
98,33,15,15
98,7,15,15
98,45,15,15
98,2,15,15
98,94,15,15
98,123,15,15
98,43,15,15
98,57,15,15
98,95,15,15
98,82,15,15
98,151,15,15
56,17,15,15
56,88,15,15
88,29,15,15
123,98,15,15
82,101,15,15
8,3,15,15
82,98,15,15
88,56,15,15
33,98,15,15
47,36,15,15
36,47,15,15
58,98,15,15
58,98,15,15
83,29,15,15
58,29,15,15
58,106,15,15
58,43,15,15
30,29,15,15
7,98,15,15
94,29,15,15
20,98,15,15
94,57,15,15
18,57,15,15
35,3,15,15
18,57,15,15
57,18,15,15
42,98,15,15
106,58,15,15
21,29,15,15
35,70,15,15
35,47,15,15
35,102,15,15
35,81,15,15
35,98,15,15
35,58,15,15
35,69,15,15
35,42,15,15
35,36,15,15
35,9,15,15
35,103,15,15
35,84,15,15
35,14,15,15
35,46,15,15
35,107,15,15
35,115,15,15
35,1,15,15
35,87,15,15
35,27,15,15
35,119,15,15
35,123,15,15
35,129,15,15
35,76,15,15
35,43,15,15
35,61,15,15
35,93,15,15
35,30,15,15
35,25,15,15
35,85,15,15
35,53,15,15
35,44,15,15
35,124,15,15
35,22,15,15
35,59,15,15
35,125,15,15
35,52,15,15
35,18,15,15
35,56,15,15
35,50,15,15
35,39,15,15
35,32,15,15
35,26,15,15
35,3,15,15
35,106,15,15
35,57,15,15
35,75,15,15
35,126,15,15
35,83,15,15
35,71,15,15
35,96,15,15
35,72,15,15
35,37,15,15
35,8,15,15
35,128,15,15
35,108,15,15
35,24,15,15
35,95,15,15
35,110,15,15
35,49,15,15
35,41,15,15
35,64,15,15
35,77,15,15
35,31,15,15
35,48,15,15
35,68,15,15
35,2,15,15
35,86,15,15
35,67,15,15
35,80,15,15
35,21,15,15
35,118,15,15
35,73,15,15
35,100,15,15
35,130,15,15
35,109,15,15
35,88,15,15
35,116,15,15
35,38,15,15
35,13,15,15
35,28,15,15
35,99,15,15
35,55,15,15
35,12,15,15
35,15,15,15
35,20,15,15
35,33,15,15
35,7,15,15
35,34,15,15
35,82,15,15
35,62,15,15
35,104,15,15
35,149,15,15
35,89,15,15
35,5,15,15
35,17,15,15
35,4,15,15
35,51,15,15
35,11,15,15
35,151,15,15
35,66,15,15
35,29,15,15
35,78,15,15
35,133,15,15
35,45,15,15
35,79,15,15
35,16,15,15
35,63,15,15
35,120,15,15
35,54,15,15
35,40,15,15
35,65,15,15
35,60,15,15
35,6,15,15
35,121,15,15
35,91,15,15
35,117,15,15
35,74,15,15
35,112,15,15
35,23,15,15
35,10,15,15
35,136,15,15
35,19,15,15
35,90,15,15
35,113,15,15
35,105,15,15
35,101,15,15
35,122,15,15
35,94,15,15
35,93,15,15
35,27,15,15
35,68,15,15
35,85,15,15
35,101,15,15
35,38,15,15
35,1,15,15
35,37,15,15
129,35,15,15
69,35,15,15
23,35,15,15
7,35,15,15
101,35,15,15
89,35,15,15
44,35,15,15
54,17,15,15
53,35,15,15
59,94,15,15
14,35,15,15
47,35,15,15
61,35,15,15
54,35,15,15
21,47,15,15
21,35,15,15
47,21,15,15
112,35,15,15
123,35,15,15
88,15,15,15
103,35,15,15
88,35,15,15
57,35,15,15
52,35,15,15
1,35,15,15
105,35,15,15
19,35,15,15
106,130,15,15
106,33,15,15
106,133,15,15
106,6,15,15
106,94,15,15
106,29,15,15
106,58,15,15
106,2,15,15
76,35,15,15
98,29,15,15
65,35,15,15
8,35,15,15
98,35,15,15
45,35,15,15
59,35,15,15
58,35,15,15
98,58,15,15
95,35,15,15
93,101,15,15
12,35,15,15
33,29,15,15
33,35,15,15
93,35,15,15
4,35,15,15
17,35,15,15
56,35,15,15
42,35,15,15
30,35,15,15
13,35,15,15
42,29,15,15
93,35,15,15
42,22,15,15
42,98,15,15
42,43,15,15
42,95,15,15
45,98,15,15
9,35,15,15
32,35,15,15
93,98,15,15
14,13,15,15
47,48,15,15
93,29,15,15
13,14,15,15
29,58,15,15
29,35,15,15
13,14,15,15
84,35,15,15
1,35,15,15
86,35,15,15
81,29,15,15
71,35,15,15
14,13,15,15
71,15,15,15
71,72,15,15
71,73,15,15
71,5,15,15
14,13,15,15
24,35,15,15
13,69,15,15
13,68,15,15
69,13,15,15
74,35,15,15
13,14,15,15
3,35,15,15
13,14,15,15
14,13,15,15
3,29,15,15
14,13,15,15
21,47,15,15
31,35,15,15
119,35,15,15
47,21,15,15
119,29,15,15
21,47,15,15
47,21,15,15
20,35,15,15
79,35,15,15
82,35,15,15
84,149,15,15
122,35,15,15
55,35,15,15
32,8,15,15
1,13,15,15
70,35,15,15
14,44,15,15
44,14,15,15
8,32,15,15
82,49,15,15
82,109,15,15
82,19,15,15
82,101,15,15
82,93,15,15
82,98,15,15
101,82,15,15
106,35,15,15
93,82,15,15
38,35,15,15
84,50,15,15
44,14,15,15
14,44,15,15
51,35,15,15
124,35,15,15
35,1,15,15
45,29,15,15
82,56,15,15
82,70,15,15
82,86,15,15
82,21,15,15
82,89,15,15
86,82,15,15
89,82,15,15
35,30,15,15
56,82,15,15
21,82,15,15
30,35,15,15
16,35,15,15
70,82,15,15
95,42,15,15
96,35,15,15
70,87,15,15
70,112,15,15
70,82,15,15
70,75,15,15
70,63,15,15
112,70,15,15
73,35,15,15
39,35,15,15
32,44,15,15
32,26,15,15
39,29,15,15
95,44,15,15
95,112,15,15
95,123,15,15
95,93,15,15
95,58,15,15
95,20,15,15
95,104,15,15
95,79,15,15
95,59,15,15
95,65,15,15
95,94,15,15
65,95,15,15
59,14,15,15
93,95,15,15
44,32,15,15
95,98,15,15
45,30,15,15
44,38,15,15
44,95,15,15
82,70,15,15
151,35,15,15
14,59,15,15
59,95,15,15
123,95,15,15
151,98,15,15
151,45,15,15
149,35,15,15
72,13,15,15
72,15,15,15
35,93,15,15
34,35,15,15
25,35,15,15
59,14,15,15
5,35,15,15
49,82,15,15
11,35,15,15
29,39,15,15
14,44,15,15
44,14,15,15
15,88,15,15
88,15,15,15
30,45,15,15
104,35,15,15
44,14,15,15
14,44,15,15
98,82,15,15
19,82,15,15
98,42,15,15
19,101,15,15
94,14,15,15
94,65,15,15
94,9,15,15
14,94,15,15
94,35,15,15
79,95,15,15
94,95,15,15
58,95,15,15
22,70,15,15
22,58,15,15
22,42,15,15
22,95,15,15
22,45,15,15
22,43,15,15
22,93,15,15
22,98,15,15
22,20,15,15
22,33,15,15
22,7,15,15
22,29,15,15
22,63,15,15
22,2,15,15
22,6,15,15
45,22,15,15
7,22,15,15
98,22,15,15
90,29,15,15
83,35,15,15
93,22,15,15
15,88,15,15
15,35,15,15
88,15,15,15
39,29,15,15
95,22,15,15
90,115,15,15
22,20,15,15
20,22,15,15
39,35,15,15
20,22,15,15
90,35,15,15
15,17,15,15
20,22,15,15
20,95,15,15
22,95,15,15
95,22,15,15
47,53,15,15
47,48,15,15
4,106,15,15
95,22,15,15
22,98,15,15
69,76,15,15
95,22,15,15
73,9,15,15
73,14,15,15
73,65,15,15
98,22,15,15
104,95,15,15
104,57,15,15
88,86,15,15
85,35,15,15
85,29,15,15
20,3,15,15
85,3,15,15
57,98,15,15
14,73,15,15
76,69,15,15
104,95,15,15
104,79,15,15
3,20,15,15
13,1,15,15
104,95,15,15
69,76,15,15
58,22,15,15
65,94,15,15
65,73,15,15
46,35,15,15
13,14,15,15
84,69,15,15
23,24,15,15
42,22,15,15
13,14,15,15
24,23,15,15
29,22,15,15
14,13,15,15
14,13,15,15
42,43,15,15
42,29,15,15
42,63,15,15
42,151,15,15
95,104,15,15
95,104,15,15
121,106,15,15
29,42,15,15
95,22,15,15
95,98,15,15
13,14,15,15
13,14,15,15
14,13,15,15
53,47,15,15
14,13,15,15
98,95,15,15
13,14,15,15
13,14,15,15
38,44,15,15
14,13,15,15
14,13,15,15
44,14,15,15
70,22,15,15
13,14,15,15
13,14,15,15
14,13,15,15
76,50,15,15
79,104,15,15
44,112,15,15
18,35,15,15
14,44,15,15
44,14,15,15
50,76,15,15
76,50,15,15
106,117,15,15
106,73,15,15
9,73,15,15
9,94,15,15
18,35,15,15
14,13,15,15
13,16,15,15
13,14,15,15
13,14,15,15
14,13,15,15
67,35,15,15
14,13,15,15
13,14,15,15
56,5,15,15
16,13,15,15
121,35,15,15
115,98,15,15
115,29,15,15
115,35,15,15
115,90,15,15
77,66,15,15
60,35,15,15
35,18,15,15
35,39,15,15
25,26,15,15
86,19,15,15
76,81,15,15
76,53,15,15
77,14,15,15
14,77,15,15
50,49,15,15
14,13,15,15
94,14,15,15
94,65,15,15
94,9,15,15
13,14,15,15
34,24,15,15
13,14,15,15
65,94,15,15
24,34,15,15
49,50,15,15
59,14,15,15
65,94,15,15
53,76,15,15
76,53,15,15
50,47,15,15
47,50,15,15
49,35,15,15
9,94,15,15
17,3,15,15
3,17,15,15
5,56,15,15
73,39,15,15
50,70,15,15
3,8,15,15
3,35,15,15
3,51,15,15
3,52,15,15
3,50,15,15
3,13,15,15
3,53,15,15
3,18,15,15
3,20,15,15
3,66,15,15
52,3,15,15
8,3,15,15
54,15,15,15
53,3,15,15
54,15,15,15
7,29,15,15
50,84,15,15
54,15,15,15
84,50,15,15
84,50,15,15
76,50,15,15
76,75,15,15
84,13,15,15
84,70,15,15
84,4,15,15
80,29,15,15
13,3,15,15
6,101,15,15
6,35,15,15
6,22,15,15
20,3,15,15
96,15,15,15
96,61,15,15
96,12,15,15
4,84,15,15
13,4,15,15
13,3,15,15
13,35,15,15
33,22,15,15
113,35,15,15
100,35,15,15
83,63,15,15
31,14,15,15
39,73,15,15
70,50,15,15
14,31,15,15
63,83,15,15
63,42,15,15
75,35,15,15
75,70,15,15
75,29,15,15
48,23,15,15
68,48,15,15
61,96,15,15
21,43,15,15
48,85,15,15
21,43,15,15
21,10,15,15
14,31,15,15
15,96,15,15
15,54,15,15
15,54,15,15
104,90,15,15
15,54,15,15
48,53,15,15
14,59,15,15
28,29,15,15
15,54,15,15
63,35,15,15
63,70,15,15
63,22,15,15
71,5,15,15
64,18,15,15
64,42,15,15
3,66,15,15
3,67,15,15
3,8,15,15
3,4,15,15
3,68,15,15
3,85,15,15
3,13,15,15
3,69,15,15
3,17,15,15
4,3,15,15
66,3,15,15
53,48,15,15
11,5,15,15
4,84,15,15
39,73,15,15
12,96,15,15
101,93,15,15
42,64,15,15
63,64,15,15
63,42,15,15
63,22,15,15
63,98,15,15
42,63,15,15
93,101,15,15
26,45,15,15
26,32,15,15
26,35,15,15
73,39,15,15
53,48,15,15
29,23,15,15
26,25,15,15
26,3,15,15
26,15,15,15
2,29,15,15
2,98,15,15
2,35,15,15
66,3,15,15
2,22,15,15
8,3,15,15
67,3,15,15
48,53,15,15
115,67,15,15
115,72,15,15
72,115,15,15
117,14,15,15
54,15,15,15
54,15,15,15
15,54,15,15
17,3,15,15
17,56,15,15
17,54,15,15
17,15,15,15
54,17,15,15
15,17,15,15
56,17,15,15
56,88,15,15
5,11,15,15
88,56,15,15
66,35,15,15
14,117,15,15
66,3,15,15
15,26,15,15
13,3,15,15
31,14,15,15
51,3,15,15
13,14,15,15
14,13,15,15
14,13,15,15
13,14,15,15
95,43,15,15
95,2,15,15
95,123,15,15
95,93,15,15
95,22,15,15
95,98,15,15
95,58,15,15
95,42,15,15
95,73,15,15
95,20,15,15
95,104,15,15
95,79,15,15
95,65,15,15
95,94,15,15
95,59,15,15
13,14,15,15
43,95,15,15
93,95,15,15
2,95,15,15
14,13,15,15
58,95,15,15
123,95,15,15
31,14,15,15
14,13,15,15
14,31,15,15
13,14,15,15
23,29,15,15
13,14,15,15
14,13,15,15
73,95,15,15
23,46,15,15
43,58,15,15
43,29,15,15
43,21,15,15
43,81,15,15
58,43,15,15
104,95,15,15
43,54,15,15
71,73,15,15
71,72,15,15
71,15,15,15
71,5,15,15
72,71,15,15
86,26,15,15
86,45,15,15
28,35,15,15
28,29,15,15
98,95,15,15
46,23,15,15
98,63,15,15
105,103,15,15
20,95,15,15
84,68,15,15
103,105,15,15
71,5,15,15
65,95,15,15
84,4,15,15
84,4,15,15
29,43,15,15
29,4,15,15
76,69,15,15
13,14,15,15
14,13,15,15
14,13,15,15
13,14,15,15
13,14,15,15
14,13,15,15
90,69,15,15
69,90,15,15
4,29,15,15
29,119,15,15
29,42,15,15
79,95,15,15
42,95,15,15
54,15,15,15
54,61,15,15
42,29,15,15
61,54,15,15
48,47,15,15
48,47,15,15
48,47,15,15
48,47,15,15
90,104,15,15
14,13,15,15
90,104,15,15
71,72,15,15
13,14,15,15
3,13,15,15
3,8,15,15
3,35,15,15
3,51,15,15
13,3,15,15
84,86,15,15
84,76,15,15
84,48,15,15
84,4,15,15
76,59,15,15
86,75,15,15
86,40,15,15
86,27,15,15
86,93,15,15
86,101,15,15
15,54,15,15
26,15,15,15
15,54,15,15
54,15,15,15
94,65,15,15
94,95,15,15
51,3,15,15
14,7,15,15
8,3,15,15
14,45,15,15
7,14,15,15
45,14,15,15
14,13,15,15
13,14,15,15
13,14,15,15
14,13,15,15
86,53,15,15
45,14,15,15
84,70,15,15
14,13,15,15
14,45,15,15
7,14,15,15
13,14,15,15
121,106,15,15
104,90,15,15
1,38,15,15
14,117,15,15
13,14,15,15
14,13,15,15
14,13,15,15
13,14,15,15
13,14,15,15
14,13,15,15
14,13,15,15
85,3,15,15
13,14,15,15
48,47,15,15
47,48,15,15
151,42,15,15
70,50,15,15
70,13,15,15
7,22,15,15
67,115,15,15
27,50,15,15
27,81,15,15
15,54,15,15
27,35,15,15
54,15,15,15
76,59,15,15
85,67,15,15
13,70,15,15
70,53,15,15
86,19,15,15
3,66,15,15
54,56,15,15
54,15,15,15
56,54,15,15
20,3,15,15
3,20,15,15
9,67,15,15
9,66,15,15
96,61,15,15
61,96,15,15
101,93,15,15
93,101,15,15
15,27,15,15
43,42,15,15
43,42,15,15
43,45,15,15
43,79,15,15
43,79,15,15
15,54,15,15
43,42,15,15
67,85,15,15
67,9,15,15
67,9,15,15
67,66,15,15
43,35,15,15
101,57,15,15
101,82,15,15
101,6,15,15
101,19,15,15
43,95,15,15
66,9,15,15
66,3,15,15
45,43,15,15
38,1,15,15
43,42,15,15
79,43,15,15
43,22,15,15
42,43,15,15
42,43,15,15
42,43,15,15
18,71,15,15
43,58,15,15
43,98,15,15
36,18,15,15
18,36,15,15
67,66,15,15
67,9,15,15
93,95,15,15
93,82,15,15
93,22,15,15
82,93,15,15
86,19,15,15
95,93,15,15
82,101,15,15
48,85,15,15
38,36,15,15
85,48,15,15
86,19,15,15
76,59,15,15
1,4,15,15
1,5,15,15
1,6,15,15
1,7,15,15
1,2,15,15
1,3,15,15
1,8,15,15
1,9,15,15
1,10,15,15
1,11,15,15
1,12,15,15
1,65,15,15
1,13,15,15
1,14,15,15
1,15,15,15
1,16,15,15
1,17,15,15
1,38,15,15
6,101,15,15
57,101,15,15
96,15,15,15
96,61,15,15
96,12,15,15
18,3,15,15
22,95,15,15
22,2,15,15
22,98,15,15
22,42,15,15
22,29,15,15
4,53,15,15
40,16,15,15
98,22,15,15
103,105,15,15
79,43,15,15
15,96,15,15
3,13,15,15
3,4,15,15
3,66,15,15
3,67,15,15
3,8,15,15
3,35,15,15
3,68,15,15
3,85,15,15
3,69,15,15
3,17,15,15
103,105,15,15
59,94,15,15
4,3,15,15
59,95,15,15
13,3,15,15
53,4,15,15
4,3,15,15
4,13,15,15
4,84,15,15
4,53,15,15
4,58,15,15
4,29,15,15
58,4,15,15
13,3,15,15
13,4,15,15
13,17,15,15
13,35,15,15
13,4,15,15
29,4,15,15
81,39,15,15
29,4,15,15
29,22,15,15
4,29,15,15
81,50,15,15
8,3,15,15
3,4,15,15
42,22,15,15
2,22,15,15
4,29,15,15
12,96,15,15
42,63,15,15
42,64,15,15
42,43,15,15
61,96,15,15
66,3,15,15
29,4,15,15
26,45,15,15
2,63,15,15
71,18,15,15
17,3,15,15
75,1,15,15
38,1,15,15
26,86,15,15
115,64,15,15
31,24,15,15
14,13,15,15
17,56,15,15
17,15,15,15
17,54,15,15
47,79,15,15
79,47,15,15
54,17,15,15
56,17,15,15
56,88,15,15
13,14,15,15
88,56,15,15
47,50,15,15
47,81,15,15
24,31,15,15
13,14,15,15
14,13,15,15
14,13,15,15
71,18,15,15
13,14,15,15
13,14,15,15
14,13,15,15
71,73,15,15
94,14,15,15
94,65,15,15
94,9,15,15
65,94,15,15
14,13,15,15
14,94,15,15
13,14,15,15
65,94,15,15
39,81,15,15
121,106,15,15
94,65,15,15
53,70,15,15
53,4,15,15
68,47,15,15
27,15,15,15
80,84,15,15
59,68,15,15
59,69,15,15
59,56,15,15
59,84,15,15
59,88,15,15
59,85,15,15
59,86,15,15
59,89,15,15
59,48,15,15
59,76,15,15
59,47,15,15
59,94,15,15
59,2,15,15
43,42,15,15
59,76,15,15
16,40,15,15
64,115,15,15
31,14,15,15
14,31,15,15
14,31,15,15
68,3,15,15
68,3,15,15
15,17,15,15
67,3,15,15
76,19,15,15
38,1,15,15
71,72,15,15
71,15,15,15
71,73,15,15
71,5,15,15
84,80,15,15
84,86,15,15
84,4,15,15
64,63,15,15
64,42,15,15
71,18,15,15
64,42,15,15
42,64,15,15
80,18,15,15
80,31,15,15
80,67,15,15
80,66,15,15
1,38,15,15
101,99,15,15
101,99,15,15
56,96,15,15
91,35,15,15
105,103,15,15
105,103,15,15
63,42,15,15
84,70,15,15
84,4,15,15
20,13,15,15
31,80,15,15
13,20,15,15
74,4,15,15
76,53,15,15
105,103,15,15
105,52,15,15
27,47,15,15
12,15,15,15
1,75,15,15
52,103,15,15
13,20,15,15
52,105,15,15
96,56,15,15
63,64,15,15
53,3,15,15
53,17,15,15
53,50,15,15
64,69,15,15
64,68,15,15
3,53,15,15
20,13,15,15
90,64,15,15
75,53,15,15
17,53,15,15
103,52,15,15
103,105,15,15
38,42,15,15
53,75,15,15
14,13,15,15
80,18,15,15
95,22,15,15
18,80,15,15
4,48,15,15
4,70,15,15
4,53,15,15
4,13,15,15
4,74,15,15
48,4,15,15
85,3,15,15
48,4,15,15
70,4,15,15
35,3,15,15
35,3,15,15
35,3,15,15
80,44,15,15
80,9,15,15
80,32,15,15
80,26,15,15
26,80,15,15
17,53,15,15
17,50,15,15
1,38,15,15
4,106,15,15
4,48,15,15
53,17,15,15
50,48,15,15
50,68,15,15
50,3,15,15
68,50,15,15
53,4,15,15
86,50,15,15
41,18,15,15
76,19,15,15
41,35,15,15
21,47,15,15
3,50,15,15
47,81,15,15
47,27,15,15
47,68,15,15
76,19,15,15
76,57,15,15
57,76,15,15
76,57,15,15
48,50,15,15
22,7,15,15
40,82,15,15
7,22,15,15
4,48,15,15
4,53,15,15
4,70,15,15
4,13,15,15
48,4,15,15
15,12,15,15
53,4,15,15
70,4,15,15
48,4,15,15
4,48,15,15
22,7,15,15
4,70,15,15
4,53,15,15
4,13,15,15
4,93,15,15
4,101,15,15
4,27,15,15
66,80,15,15
48,53,15,15
70,4,15,15
93,4,15,15
7,22,15,15
14,13,15,15
53,86,15,15
69,86,15,15
69,76,15,15
69,68,15,15
69,84,15,15
18,80,15,15
53,4,15,15
53,48,15,15
66,15,15,15
66,5,15,15
15,66,15,15
86,53,15,15
94,65,15,15
94,14,15,15
94,9,15,15
63,64,15,15
65,94,15,15
65,94,15,15
101,4,15,15
13,14,15,15
5,66,15,15
13,14,15,15
13,14,15,15
14,13,15,15
13,4,15,15
13,4,15,15
14,13,15,15
13,4,15,15
13,14,15,15
13,14,15,15
14,13,15,15
15,5,15,15
22,7,15,15
7,22,15,15
84,13,15,15
94,65,15,15
85,68,15,15
84,13,15,15
43,21,15,15
43,21,15,15
68,85,15,15
43,42,15,15
43,6,15,15
43,64,15,15
43,81,15,15
43,95,15,15
105,103,15,15
103,105,15,15
43,29,15,15
43,6,15,15
43,21,15,15
43,81,15,15
21,43,15,15
44,80,15,15
29,43,15,15
5,15,15,15
31,14,15,15
68,56,15,15
56,15,15,15
56,61,15,15
56,96,15,15
15,56,15,15
68,47,15,15
71,8,15,15
64,43,15,15
69,64,15,15
69,68,15,15
23,24,15,15
24,23,15,15
64,67,15,15
64,66,15,15
96,56,15,15
53,48,15,15
59,2,15,15
47,81,15,15
27,47,15,15
27,4,15,15
29,23,15,15
23,29,15,15
50,70,15,15
47,40,15,15
90,69,15,15
69,90,15,15
81,43,15,15
61,56,15,15
76,75,15,15
83,63,15,15
59,67,15,15
53,70,15,15
50,52,15,15
67,66,15,15
67,80,15,15
68,48,15,15
50,52,15,15
69,68,15,15
59,94,15,15
68,85,15,15
68,85,15,15
68,69,15,15
85,68,15,15
68,85,15,15
76,69,15,15
84,69,15,15
107,35,15,15
107,57,15,15
107,57,16,16
107,10,16,16
107,94,16,16
107,50,16,16
107,46,16,16
57,107,16,16
6,43,16,16
6,43,16,16
99,35,16,16
99,101,16,16
6,101,16,16
6,93,16,16
6,106,16,16
6,20,16,16
99,101,16,16
96,15,16,16
96,61,16,16
96,12,16,16
40,53,16,16
13,74,16,16
13,73,16,16
13,72,16,16
13,40,16,16
72,13,16,16
13,71,16,16
26,86,16,16
48,53,16,16
70,53,16,16
70,50,16,16
73,13,16,16
63,83,16,16
42,43,16,16
42,22,16,16
42,63,16,16
42,29,16,16
74,13,16,16
50,49,16,16
50,47,16,16
29,42,16,16
61,96,16,16
72,13,16,16
63,42,16,16
15,96,16,16
32,80,16,16
52,50,16,16
49,50,16,16
3,67,16,16
3,13,16,16
3,68,16,16
3,17,16,16
3,66,16,16
3,8,16,16
3,40,16,16
3,4,16,16
3,85,16,16
3,69,16,16
13,3,16,16
52,50,16,16
4,3,16,16
50,49,16,16
66,3,16,16
50,75,16,16
75,50,16,16
49,50,16,16
9,94,16,16
9,80,16,16
8,3,16,16
29,39,16,16
12,96,16,16
17,3,16,16
50,75,16,16
9,94,16,16
75,50,16,16
47,50,16,16
17,56,16,16
17,15,16,16
17,54,16,16
54,17,16,16
15,17,16,16
68,3,16,16
50,47,16,16
9,80,16,16
67,3,16,16
47,50,16,16
80,9,16,16
56,15,16,16
15,56,16,16
70,1,16,16
1,70,16,16
76,19,16,16
76,57,16,16
56,17,16,16
56,88,16,16
33,15,16,16
9,80,16,16
64,80,16,16
88,56,16,16
86,81,16,16
70,84,16,16
70,69,16,16
59,67,16,16
59,72,16,16
72,59,16,16
59,94,16,16
59,2,16,16
75,49,16,16
42,7,16,16
80,64,16,16
15,56,16,16
80,9,16,16
56,15,16,16
69,70,16,16
7,22,16,16
47,27,16,16
76,69,16,16
73,9,16,16
73,14,16,16
73,65,16,16
84,70,16,16
50,40,16,16
121,106,16,16
112,63,16,16
43,79,16,16
49,75,16,16
39,29,16,16
15,33,16,16
15,33,16,16
79,43,16,16
86,69,16,16
83,63,16,16
76,69,16,16
86,69,16,16
33,15,16,16
44,112,16,16
81,86,16,16
112,44,16,16
63,83,16,16
50,75,16,16
50,49,16,16
86,81,16,16
65,73,16,16
75,50,16,16
59,89,16,16
59,68,16,16
59,69,16,16
59,56,16,16
59,85,16,16
59,86,16,16
59,84,16,16
59,48,16,16
59,76,16,16
59,88,16,16
59,47,16,16
59,94,16,16
59,2,16,16
86,69,16,16
11,5,16,16
86,69,16,16
68,48,16,16
68,50,16,16
68,17,16,16
50,17,16,16
50,68,16,16
50,53,16,16
17,50,16,16
68,50,16,16
119,29,16,16
17,50,16,16
50,70,16,16
50,49,16,16
50,68,16,16
50,48,16,16
50,53,16,16
68,50,16,16
48,50,16,16
53,50,16,16
53,50,16,16
49,50,16,16
32,67,16,16
76,50,16,16
40,13,16,16
50,76,16,16
48,68,16,16
85,3,16,16
76,50,16,16
70,50,16,16
39,81,16,16
39,50,16,16
11,5,16,16
9,80,16,16
80,9,16,16
53,84,16,16
3,20,16,16
3,20,16,16
84,53,16,16
68,48,16,16
20,3,16,16
20,3,16,16
106,117,16,16
106,73,16,16
21,86,16,16
3,20,16,16
20,3,16,16
84,53,16,16
84,4,16,16
86,21,16,16
4,106,16,16
43,42,16,16
81,39,16,16
21,70,16,16
70,21,16,16
42,43,16,16
70,53,16,16
70,53,16,16
70,53,16,16
70,53,16,16
69,68,16,16
9,73,16,16
47,84,16,16
84,47,16,16
84,69,16,16
53,70,16,16
53,40,16,16
3,35,16,16
3,13,16,16
3,20,16,16
20,3,16,16
13,3,16,16
115,67,16,16
67,115,16,16
50,15,16,16
50,54,16,16
50,40,16,16
76,69,16,16
84,47,16,16
54,50,16,16
68,69,16,16
13,53,16,16
68,47,16,16
49,50,16,16
53,70,16,16
53,4,16,16
86,69,16,16
68,85,16,16
5,11,16,16
5,11,16,16
4,53,16,16
81,39,16,16
3,20,16,16
47,13,16,16
47,40,16,16
20,3,16,16
13,47,16,16
56,15,16,16
56,66,16,16
88,15,16,16
65,94,16,16
53,13,16,16
76,53,16,16
50,3,16,16
53,76,16,16
53,50,16,16
86,75,16,16
86,49,16,16
76,53,16,16
3,8,16,16
39,81,16,16
15,56,16,16
3,50,16,16
76,49,16,16
8,3,16,16
50,53,16,16
43,42,16,16
81,39,16,16
43,42,16,16
53,50,16,16
12,15,16,16
15,50,16,16
15,40,16,16
15,50,16,16
15,54,16,16
15,12,16,16
54,15,16,16
53,13,16,16
53,70,16,16
53,50,16,16
53,3,16,16
3,53,16,16
47,84,16,16
84,47,16,16
69,76,16,16
68,59,16,16
76,53,16,16
84,4,16,16
85,68,16,16
115,67,16,16
115,67,16,16
68,85,16,16
84,4,16,16
84,47,16,16
84,4,16,16
76,69,16,16
66,56,16,16
67,115,16,16
67,115,16,16
67,32,16,16
13,53,16,16
13,40,16,16
40,124,16,16
94,65,16,16
124,40,16,16
4,84,16,16
4,84,16,16
96,15,16,16
96,61,16,16
96,12,16,16
94,14,16,16
94,9,16,16
94,65,16,16
70,53,16,16
70,53,16,16
14,94,16,16
14,94,16,16
14,13,16,16
13,14,16,16
13,14,16,16
15,96,16,16
14,13,16,16
53,76,16,16
94,14,16,16
14,13,16,16
61,96,16,16
112,95,16,16
104,95,16,16
104,79,16,16
16,1,16,16
1,16,16,16
13,81,16,16
13,14,16,16
31,18,16,16
50,52,16,16
59,94,16,16
3,66,16,16
3,68,16,16
3,67,16,16
3,8,16,16
3,13,16,16
3,4,16,16
3,85,16,16
3,69,16,16
3,17,16,16
17,3,16,16
12,96,16,16
13,3,16,16
95,104,16,16
52,50,16,16
67,3,16,16
4,3,16,16
13,14,16,16
29,80,16,16
14,13,16,16
79,104,16,16
13,14,16,16
13,14,16,16
14,13,16,16
14,13,16,16
13,14,16,16
13,14,16,16
14,13,16,16
59,2,16,16
8,3,16,16
54,15,16,16
13,50,16,16
80,29,16,16
15,54,16,16
18,31,16,16
80,29,16,16
66,3,16,16
29,80,16,16
9,94,16,16
50,75,16,16
33,15,16,16
17,15,16,16
17,56,16,16
17,54,16,16
54,17,16,16
15,17,16,16
15,33,16,16
15,33,16,16
56,17,16,16
56,88,16,16
33,15,16,16
59,68,16,16
32,83,16,16
88,56,16,16
32,83,16,16
75,50,16,16
83,32,16,16
83,32,16,16
76,53,16,16
4,3,16,16
4,13,16,16
4,20,16,16
4,68,16,16
4,69,16,16
4,18,16,16
76,50,16,16
50,75,16,16
13,4,16,16
44,80,16,16
84,4,16,16
84,4,16,16
14,94,16,16
50,75,16,16
94,14,16,16
88,15,16,16
76,50,16,16
40,53,16,16
13,74,16,16
3,4,16,16
50,52,16,16
52,50,16,16
86,19,16,16
44,38,16,16
32,44,16,16
32,26,16,16
44,32,16,16
44,38,16,16
32,24,16,16
32,26,16,16
74,13,16,16
15,88,16,16
15,56,16,16
71,15,16,16
71,72,16,16
71,73,16,16
71,5,16,16
84,69,16,16
44,68,16,16
56,15,16,16
84,69,16,16
33,15,16,16
33,61,16,16
84,69,16,16
88,15,16,16
75,50,16,16
75,50,16,16
94,65,16,16
94,9,16,16
94,14,16,16
69,67,16,16
69,66,16,16
14,94,16,16
47,50,16,16
76,84,16,16
50,47,16,16
86,117,16,16
15,33,16,16
47,50,16,16
14,94,16,16
76,69,16,16
86,69,16,16
38,1,16,16
1,38,16,16
53,40,16,16
77,66,16,16
59,76,16,16
50,76,16,16
76,50,16,16
85,47,16,16
47,85,16,16
77,9,16,16
59,2,16,16
85,3,16,16
15,56,16,16
56,15,16,16
50,15,16,16
50,66,16,16
50,3,16,16
50,76,16,16
73,1,16,16
1,73,16,16
69,68,16,16
69,86,16,16
69,84,16,16
66,50,16,16
73,38,16,16
76,50,16,16
15,50,16,16
38,149,16,16
20,4,16,16
3,50,16,16
66,50,16,16
66,3,16,16
40,50,16,16
40,15,16,16
40,61,16,16
115,67,16,16
22,2,16,16
22,95,16,16
115,67,16,16
18,4,16,16
2,22,16,16
80,115,16,16
115,80,16,16
86,88,16,16
76,69,16,16
94,14,16,16
21,86,16,16
86,21,16,16
74,72,16,16
72,74,16,16
69,50,16,16
69,66,16,16
69,86,16,16
69,3,16,16
69,56,16,16
95,22,16,16
50,76,16,16
50,3,16,16
3,66,16,16
67,69,16,16
67,9,16,16
67,66,16,16
76,50,16,16
56,69,16,16
76,69,16,16
67,115,16,16
3,50,16,16
4,106,16,16
76,53,16,16
69,76,16,16
3,18,16,16
3,69,16,16
3,66,16,16
3,50,16,16
3,8,16,16
3,52,16,16
52,3,16,16
93,95,16,16
18,3,16,16
8,3,16,16
18,107,16,16
95,93,16,16
118,35,16,16
80,115,16,16
63,49,16,16
115,80,16,16
118,10,16,16
26,86,16,16
56,15,16,16
15,56,16,16
118,94,16,16
83,30,16,16
53,50,16,16
21,43,16,16
21,1,16,16
84,101,16,16
50,76,16,16
50,76,16,16
69,67,16,16
76,50,16,16
47,36,16,16
76,50,16,16
30,83,16,16
69,3,16,16
69,56,16,16
69,47,16,16
69,67,16,16
69,9,16,16
69,72,16,16
69,15,16,16
69,68,16,16
72,69,16,16
66,3,16,16
86,75,16,16
86,40,16,16
12,72,16,16
12,15,16,16
12,71,16,16
12,73,16,16
72,12,16,16
15,12,16,16
66,15,16,16
66,3,16,16
66,26,16,16
66,5,16,16
66,67,16,16
59,68,16,16
59,69,16,16
59,56,16,16
59,64,16,16
90,76,16,16
90,69,16,16
90,84,16,16
67,66,16,16
69,76,16,16
76,69,16,16
69,84,16,16
86,50,16,16
84,69,16,16
110,18,16,16
110,37,16,16
110,45,16,16
110,35,16,16
107,18,16,16
6,57,16,16
57,79,16,16
57,18,16,16
13,40,16,16
13,65,16,16
13,3,16,16
13,8,16,16
26,66,16,16
96,15,16,16
96,61,16,16
96,12,16,16
11,5,16,16
5,11,16,16
5,66,16,16
8,13,16,16
71,5,16,16
61,96,16,16
73,12,16,16
71,12,16,16
3,13,16,16
3,66,16,16
4,65,16,16
15,96,16,16
104,95,16,16
104,112,16,16
104,74,16,16
104,79,16,16
104,44,16,16
104,123,16,16
104,7,16,16
104,151,16,16
104,9,16,16
3,13,16,16
3,8,16,16
3,40,16,16
3,4,16,16
3,35,16,16
7,104,16,16
13,3,16,16
112,104,16,16
8,3,16,16
26,32,16,16
5,72,16,16
5,71,16,16
5,73,16,16
5,74,16,16
5,11,16,16
72,5,16,16
4,3,16,16
123,104,16,16
71,72,16,16
71,15,16,16
71,73,16,16
71,5,16,16
50,52,16,16
50,75,16,16
44,104,16,16
75,50,16,16
45,26,16,16
45,24,16,16
79,104,16,16
95,104,16,16
3,68,16,16
3,66,16,16
3,67,16,16
3,8,16,16
3,13,16,16
3,4,16,16
3,69,16,16
3,85,16,16
3,17,16,16
3,35,16,16
21,47,16,16
8,3,16,16
47,21,16,16
24,45,16,16
66,3,16,16
17,3,16,16
103,105,16,16
13,3,16,16
12,96,16,16
14,13,16,16
13,40,16,16
13,14,16,16
65,13,16,16
13,14,16,16
14,13,16,16
52,50,16,16
14,13,16,16
13,14,16,16
13,14,16,16
14,13,16,16
14,13,16,16
63,57,16,16
65,94,16,16
13,14,16,16
26,45,16,16
65,94,16,16
13,14,16,16
14,13,16,16
56,96,16,16
42,63,16,16
11,5,16,16
50,17,16,16
50,3,16,16
67,3,16,16
67,115,16,16
17,50,16,16
73,5,16,16
52,103,16,16
70,53,16,16
96,56,16,16
19,84,16,16
17,50,16,16
17,56,16,16
17,15,16,16
17,54,16,16
59,68,16,16
59,56,16,16
59,86,16,16
59,89,16,16
59,76,16,16
59,47,16,16
59,2,16,16
59,69,16,16
59,85,16,16
59,84,16,16
59,48,16,16
59,88,16,16
59,94,16,16
103,52,16,16
54,17,16,16
86,84,16,16
86,75,16,16
86,117,16,16
86,69,16,16
4,3,16,16
54,117,16,16
66,67,16,16
28,60,16,16
68,67,16,16
68,85,16,16
60,28,16,16
84,19,16,16
69,84,16,16
86,50,16,16
9,104,16,16
81,39,16,16
81,50,16,16
81,3,16,16
81,47,16,16
81,27,16,16
50,52,16,16
52,50,16,16
65,64,16,16
52,50,16,16
47,81,16,16
47,68,16,16
74,5,16,16
74,104,16,16
25,26,16,16
26,25,16,16
56,17,16,16
56,88,16,16
76,50,16,16
76,59,16,16
67,66,16,16
59,94,16,16
88,69,16,16
88,56,16,16
74,9,16,16
74,65,16,16
74,72,16,16
121,106,16,16
69,76,16,16
39,81,16,16
9,74,16,16
44,14,16,16
44,14,16,16
9,65,16,16
9,94,16,16
151,104,16,16
33,42,16,16
151,80,16,16
14,13,16,16
3,81,16,16
18,57,16,16
7,50,16,16
3,50,16,16
65,74,16,16
65,9,16,16
23,29,16,16
6,106,16,16
29,23,16,16
15,17,16,16
71,72,16,16
71,15,16,16
71,73,16,16
71,5,16,16
36,38,16,16
33,42,16,16
94,65,16,16
94,14,16,16
94,9,16,16
14,94,16,16
95,58,16,16
13,14,16,16
76,69,16,16
58,95,16,16
13,14,16,16
14,13,16,16
71,13,16,16
14,13,16,16
71,72,16,16
71,12,16,16
71,5,16,16
13,14,16,16
13,14,16,16
14,13,16,16
14,13,16,16
13,14,16,16
13,14,16,16
14,13,16,16
14,13,16,16
13,14,16,16
13,14,16,16
14,13,16,16
28,29,16,16
29,28,16,16
29,23,16,16
65,94,16,16
65,94,16,16
14,94,16,16
14,9,16,16
14,13,16,16
13,14,16,16
13,14,16,16
14,13,16,16
76,69,16,16
94,65,16,16
94,14,16,16
14,13,16,16
23,29,16,16
13,14,16,16
94,2,16,16
94,59,16,16
2,94,16,16
29,23,16,16
23,29,16,16
59,94,16,16
42,22,16,16
28,29,16,16
29,28,16,16
50,3,16,16
95,30,16,16
50,86,16,16
32,66,16,16
32,112,16,16
86,50,16,16
76,70,16,16
52,103,16,16
50,86,16,16
86,50,16,16
4,106,16,16
32,26,16,16
32,3,16,16
32,15,16,16
32,5,16,16
32,8,16,16
32,83,16,16
32,51,16,16
32,9,16,16
32,67,16,16
30,95,16,16
47,53,16,16
106,117,16,16
106,73,16,16
75,50,16,16
62,27,16,16
62,81,16,16
53,48,16,16
53,47,16,16
53,47,16,16
50,69,16,16
50,86,16,16
50,3,16,16
50,52,16,16
6,106,16,16
86,50,16,16
52,50,16,16
81,27,16,16
53,47,16,16
53,70,16,16
47,53,16,16
50,76,16,16
47,53,16,16
76,50,16,16
69,56,16,16
103,52,16,16
85,3,16,16
53,70,16,16
99,18,16,16
99,107,16,16
99,3,16,16
53,70,16,16
53,4,16,16
57,19,16,16
81,62,16,16
19,57,16,16
65,94,16,16
32,66,16,16
106,71,16,16
50,75,16,16
70,53,16,16
39,32,16,16
70,53,16,16
40,13,16,16
13,40,16,16
90,69,16,16
43,79,16,16
43,42,16,16
43,45,16,16
43,79,16,16
32,39,16,16
32,24,16,16
50,86,16,16
3,99,16,16
75,50,16,16
86,50,16,16
3,50,16,16
67,32,16,16
4,53,16,16
32,50,16,16
32,8,16,16
86,50,16,16
3,50,16,16
112,94,16,16
112,94,16,16
26,45,16,16
45,43,16,16
8,32,16,16
59,68,16,16
15,39,16,16
15,5,16,16
15,117,16,16
15,83,16,16
15,66,16,16
83,26,16,16
83,15,16,16
83,66,16,16
22,7,16,16
79,43,16,16
7,22,16,16
15,83,16,16
69,76,16,16
26,83,16,16
81,43,16,16
81,43,16,16
42,43,16,16
81,43,16,16
38,36,16,16
39,15,16,16
39,29,16,16
39,120,16,16
90,69,16,16
43,42,16,16
15,36,16,16
43,81,16,16
29,39,16,16
43,81,16,16
43,81,16,16
42,43,16,16
84,19,16,16
84,57,16,16
36,15,16,16
5,15,16,16
9,67,16,16
9,66,16,16
9,32,16,16
9,14,16,16
66,9,16,16
9,94,16,16
66,15,16,16
66,83,16,16
15,66,16,16
67,9,16,16
67,9,16,16
67,66,16,16
76,69,16,16
69,76,16,16
68,47,16,16
68,48,16,16
27,66,16,16
27,26,16,16
27,81,16,16
27,13,16,16
27,62,16,16
27,39,16,16
27,15,16,16
27,40,16,16
27,8,16,16
27,5,16,16
27,3,16,16
18,99,17,17
94,65,17,17
94,112,17,17
96,15,17,17
96,61,17,17
96,12,17,17
101,57,17,17
101,82,17,17
101,19,17,17
61,96,17,17
15,96,17,17
10,21,17,17
10,35,17,17
10,29,17,17
10,57,17,17
63,64,17,17
32,66,17,17
32,9,17,17
15,56,17,17
105,103,17,17
3,66,17,17
3,67,17,17
3,13,17,17
3,4,17,17
3,35,17,17
3,8,17,17
3,68,17,17
3,85,17,17
3,69,17,17
3,17,17,17
17,3,17,17
13,3,17,17
13,40,17,17
3,13,17,17
3,40,17,17
3,20,17,17
3,8,17,17
3,4,17,17
3,51,17,17
3,18,17,17
3,52,17,17
3,50,17,17
3,53,17,17
3,35,17,17
71,5,17,17
13,3,17,17
8,3,17,17
71,106,17,17
8,3,17,17
53,3,17,17
56,15,17,17
105,103,17,17
18,3,17,17
66,15,17,17
66,3,17,17
103,105,17,17
52,3,17,17
82,101,17,17
81,3,17,17
81,26,17,17
81,13,17,17
81,62,17,17
81,39,17,17
81,15,17,17
81,40,17,17
81,8,17,17
81,5,17,17
81,66,17,17
81,27,17,17
66,81,17,17
15,81,17,17
13,81,17,17
4,3,17,17
4,3,17,17
29,23,17,17
23,29,17,17
29,42,17,17
67,3,17,17
47,50,17,17
67,9,17,17
67,66,17,17
20,3,17,17
39,81,17,17
14,9,17,17
5,81,17,17
9,14,17,17
3,81,17,17
117,15,17,17
1,38,17,17
1,73,17,17
1,16,17,17
1,70,17,17
3,13,17,17
3,8,17,17
3,52,17,17
3,51,17,17
3,18,17,17
3,50,17,17
3,53,17,17
3,4,17,17
3,40,17,17
3,20,17,17
52,3,17,17
48,53,17,17
13,3,17,17
83,15,17,17
17,15,17,17
17,56,17,17
17,54,17,17
68,3,17,17
54,17,17,17
26,81,17,17
16,1,17,17
70,53,17,17
1,16,17,17
48,68,17,17
4,3,17,17
68,48,17,17
20,3,17,17
64,63,17,17
8,3,17,17
8,81,17,17
51,3,17,17
40,124,17,17
40,121,17,17
51,3,17,17
18,3,17,17
40,121,17,17
40,121,17,17
64,66,17,17
81,39,17,17
59,2,17,17
64,80,17,17
53,3,17,17
53,70,17,17
14,13,17,17
6,106,17,17
36,38,17,17
101,47,17,17
6,106,17,17
59,48,17,17
59,76,17,17
59,47,17,17
59,68,17,17
59,69,17,17
59,56,17,17
59,85,17,17
59,86,17,17
59,84,17,17
59,89,17,17
59,88,17,17
59,94,17,17
59,2,17,17
47,101,17,17
86,69,17,17
86,84,17,17
86,76,17,17
86,117,17,17
86,75,17,17
11,5,17,17
84,19,17,17
84,57,17,17
84,94,17,17
71,72,17,17
71,15,17,17
71,73,17,17
71,5,17,17
39,81,17,17
104,95,17,17
104,79,17,17
104,112,17,17
104,123,17,17
112,104,17,17
95,104,17,17
123,104,17,17
47,68,17,17
56,17,17,17
26,24,17,17
26,24,17,17
47,18,17,17
26,24,17,17
71,72,17,17
59,72,17,17
59,67,17,17
26,24,17,17
79,104,17,17
66,64,17,17
18,47,17,17
18,7,17,17
13,14,17,17
77,3,17,17
13,14,17,17
14,13,17,17
14,13,17,17
13,14,17,17
13,14,17,17
14,13,17,17
84,14,17,17
3,8,17,17
3,13,17,17
3,20,17,17
13,3,17,17
45,24,17,17
45,26,17,17
13,14,17,17
104,26,17,17
104,30,17,17
14,84,17,17
84,14,17,17
14,13,17,17
81,13,17,17
14,13,17,17
8,3,17,17
13,81,17,17
13,14,17,17
13,14,17,17
14,13,17,17
84,14,17,17
14,13,17,17
13,14,17,17
26,104,17,17
26,45,17,17
68,64,17,17
4,106,17,17
14,13,17,17
24,45,17,17
15,17,17,17
12,96,17,17
12,15,17,17
13,14,17,17
13,14,17,17
15,12,17,17
103,105,17,17
14,13,17,17
13,14,17,17
14,13,17,17
105,103,17,17
14,13,17,17
13,14,17,17
13,14,17,17
14,13,17,17
70,68,17,17
70,48,17,17
68,70,17,17
20,3,17,17
48,70,17,17
30,104,17,17
85,3,17,17
47,48,17,17
18,69,17,17
14,13,17,17
69,18,17,17
68,44,17,17
81,47,17,17
81,50,17,17
68,85,17,17
9,64,17,17
9,72,17,17
9,66,17,17
9,83,17,17
9,59,17,17
9,67,17,17
59,9,17,17
47,81,17,17
15,66,17,17
15,117,17,17
68,85,17,17
64,9,17,17
59,94,17,17
66,15,17,17
84,50,17,17
37,36,17,17
13,14,17,17
13,14,17,17
86,75,17,17
86,40,17,17
86,93,17,17
86,101,17,17
86,27,17,17
14,13,17,17
14,13,17,17
13,14,17,17
75,70,17,17
70,75,17,17
13,14,17,17
14,13,17,17
14,13,17,17
14,13,17,17
13,14,17,17
13,14,17,17
13,14,17,17
14,13,17,17
13,14,17,17
14,13,17,17
14,13,17,17
101,50,17,17
13,14,17,17
13,14,17,17
14,13,17,17
14,13,17,17
13,14,17,17
13,14,17,17
14,13,17,17
13,14,17,17
5,11,17,17
81,13,17,17
81,15,17,17
81,5,17,17
81,26,17,17
81,62,17,17
81,39,17,17
81,40,17,17
81,8,17,17
81,3,17,17
13,81,17,17
5,81,17,17
14,13,17,17
14,13,17,17
15,81,17,17
66,9,17,17
3,81,17,17
13,14,17,17
13,14,17,17
94,14,17,17
94,9,17,17
94,65,17,17
14,13,17,17
65,94,17,17
14,13,17,17
13,14,17,17
13,14,17,17
18,3,17,17
18,57,17,17
18,9,17,17
18,69,17,17
65,94,17,17
14,13,17,17
3,18,17,17
14,13,17,17
76,69,17,17
13,14,17,17
37,36,17,17
83,9,17,17
39,81,17,17
68,85,17,17
57,19,17,17
26,81,17,17
26,24,17,17
57,19,17,17
26,24,17,17
88,61,17,17
88,96,17,17
88,12,17,17
88,15,17,17
48,53,17,17
48,68,17,17
48,17,17,17
53,48,17,17
67,9,17,17
56,71,17,17
48,85,17,17
68,48,17,17
85,48,17,17
99,18,17,17
99,107,17,17
8,81,17,17
62,81,17,17
57,101,17,17
15,5,17,17
81,66,17,17
57,19,17,17
86,19,17,17
53,48,17,17
59,2,17,17
48,47,17,17
9,18,17,17
17,48,17,17
9,17,17,17
17,9,17,17
9,94,17,17
115,67,17,17
47,48,17,17
15,83,17,17
67,115,17,17
47,50,17,17
47,17,17,17
9,112,17,17
69,76,17,17
47,40,17,17
47,13,17,17
47,27,17,17
47,93,17,17
47,101,17,17
30,26,17,17
57,19,17,17
57,19,17,17
57,18,17,17
1,5,17,17
1,6,17,17
1,7,17,17
1,2,17,17
1,3,17,17
1,8,17,17
1,9,17,17
1,10,17,17
1,11,17,17
1,12,17,17
1,65,17,17
1,13,17,17
1,14,17,17
1,15,17,17
1,4,17,17
1,16,17,17
1,17,17,17
27,39,17,17
27,81,17,17
13,47,17,17
94,65,17,17
101,47,17,17
96,15,17,17
96,61,17,17
96,12,17,17
11,5,17,17
33,15,17,17
94,14,17,17
94,65,17,17
94,9,17,17
33,5,17,17
35,3,17,17
35,3,17,17
35,3,17,17
35,3,17,17
37,31,17,17
61,96,17,17
17,47,17,17
35,3,17,17
93,47,17,17
19,101,17,17
19,101,17,17
19,57,17,17
19,57,17,17
79,112,17,17
112,79,17,17
66,81,17,17
94,68,17,17
94,2,17,17
94,48,17,17
94,47,17,17
94,59,17,17
59,94,17,17
15,33,17,17
56,89,17,17
56,21,17,17
3,67,17,17
3,40,17,17
3,69,17,17
3,66,17,17
3,8,17,17
3,13,17,17
3,4,17,17
3,68,17,17
3,85,17,17
3,17,17,17
17,3,17,17
66,3,17,17
15,33,17,17
65,94,17,17
65,94,17,17
2,94,17,17
50,84,17,17
50,101,17,17
101,50,17,17
12,96,17,17
4,3,17,17
47,94,17,17
8,3,17,17
47,40,17,17
47,93,17,17
47,101,17,17
47,27,17,17
101,47,17,17
93,47,17,17
9,94,17,17
25,9,17,17
9,25,17,17
50,47,17,17
50,47,17,17
47,50,17,17
47,50,17,17
124,50,17,17
15,33,17,17
15,96,17,17
50,84,17,17
48,47,17,17
48,53,17,17
30,25,17,17
25,30,17,17
48,94,17,17
68,48,17,17
68,94,17,17
17,56,17,17
17,15,17,17
17,54,17,17
68,3,17,17
33,15,17,17
15,17,17,17
33,15,17,17
40,121,17,17
56,17,17,17
56,88,17,17
88,56,17,17
68,50,17,17
68,48,17,17
68,53,17,17
68,17,17,17
68,3,17,17
5,33,17,17
5,15,17,17
5,15,17,17
15,5,17,17
94,65,17,17
6,106,17,17
48,81,17,17
48,50,17,17
35,62,17,17
35,3,17,17
35,13,17,17
62,35,17,17
69,86,17,17
81,48,17,17
3,35,17,17
84,19,17,17
84,57,17,17
86,53,17,17
13,35,17,17
13,3,17,17
26,45,17,17
50,81,17,17
50,48,17,17
83,15,17,17
59,86,17,17
59,47,17,17
59,68,17,17
59,69,17,17
59,56,17,17
59,85,17,17
59,84,17,17
59,89,17,17
59,48,17,17
59,76,17,17
59,88,17,17
59,94,17,17
59,2,17,17
50,32,17,17
8,3,17,17
3,8,17,17
72,9,17,17
72,14,17,17
72,65,17,17
72,71,17,17
72,73,17,17
84,50,17,17
47,50,17,17
3,17,17,17
3,77,17,17
47,68,17,17
68,13,17,17
68,69,17,17
68,47,17,17
16,4,17,17
4,16,17,17
69,86,17,17
17,3,17,17
69,94,17,17
84,50,17,17
84,101,17,17
84,50,17,17
105,103,17,17
103,105,17,17
86,19,17,17
68,94,17,17
68,59,17,17
15,83,17,17
12,15,17,17
15,12,17,17
105,103,17,17
103,105,17,17
6,106,17,17
13,72,17,17
69,56,17,17
56,88,17,17
115,72,17,17
38,37,17,17
62,3,17,17
62,18,17,17
62,20,17,17
37,38,17,17
6,106,17,17
59,38,17,17
76,53,17,17
82,49,17,17
82,75,17,17
82,56,17,17
82,21,17,17
82,89,17,17
88,56,17,17
89,82,17,17
56,82,17,17
21,82,17,17
94,2,17,17
47,84,17,17
38,1,17,17
84,47,17,17
1,38,17,17
71,56,17,17
2,94,17,17
26,45,17,17
75,82,17,17
71,72,17,17
71,15,17,17
71,5,17,17
71,73,17,17
5,11,17,17
4,20,17,17
72,59,17,17
71,56,17,17
76,69,17,17
68,64,17,17
84,19,17,17
53,76,17,17
76,53,17,17
49,82,17,17
81,43,17,17
14,59,17,17
84,50,17,17
35,53,17,17
1,36,17,17
53,35,17,17
86,69,17,17
86,84,17,17
112,50,17,17
85,3,17,17
69,84,17,17
20,4,17,17
53,86,17,17
69,64,17,17
3,62,17,17
35,20,17,17
106,117,17,17
106,73,17,17
68,1,17,17
53,70,17,17
53,4,17,17
84,47,17,17
50,112,17,17
112,50,17,17
112,50,17,17
70,53,17,17
86,76,17,17
86,117,17,17
86,69,17,17
86,84,17,17
86,75,17,17
9,67,17,17
9,66,17,17
67,9,17,17
59,1,17,17
20,62,17,17
20,35,17,17
67,3,17,17
20,18,17,17
86,53,17,17
4,53,17,17
85,68,17,17
38,149,17,17
38,1,17,17
38,37,17,17
38,36,17,17
75,50,17,17
115,67,17,17
77,66,17,17
77,9,17,17
17,9,17,17
17,3,17,17
66,9,17,17
68,85,17,17
3,17,17,17
13,16,17,17
9,67,17,17
9,66,17,17
9,17,17,17
3,66,17,17
3,77,17,17
67,9,17,17
67,115,17,17
40,76,17,17
69,76,17,17
66,3,17,17
66,9,17,17
69,59,17,17
3,20,17,17
85,68,17,17
68,85,17,17
112,32,17,17
20,3,17,17
19,86,17,17
105,103,17,17
103,105,17,17
50,86,17,17
69,76,17,17
29,23,17,17
23,29,17,17
50,70,17,17
59,69,17,17
86,50,17,17
38,65,17,17
65,38,17,17
90,80,17,17
86,69,17,17
70,50,17,17
43,81,17,17
76,19,17,17
56,15,17,17
50,75,17,17
56,77,17,17
75,50,17,17
79,57,17,17
79,57,17,17
67,94,17,17
67,80,17,17
47,50,17,17
64,67,17,17
64,9,17,17
64,66,17,17
9,64,17,17
67,64,17,17
47,68,17,17
69,86,17,17
69,76,17,17
69,84,17,17
39,50,17,17
39,81,17,17
15,56,17,17
76,40,17,17
59,67,17,17
59,72,17,17
69,86,17,17
68,85,17,17
68,47,17,17
69,86,17,17
32,50,17,17
15,66,17,17
69,86,17,17
76,69,17,17
69,50,17,17
69,86,17,17
69,18,17,17
69,3,17,17
50,17,17,17
50,47,17,17
50,69,17,17
50,18,17,17
50,3,17,17
50,86,17,17
86,50,17,17
84,27,17,17
86,69,17,17
84,27,17,17
44,68,17,17
68,85,17,17
85,68,17,17
68,85,17,17
18,62,17,17
18,20,17,17
18,50,17,17
16,13,17,17
96,15,17,17
96,61,17,17
96,12,17,17
29,42,17,17
23,83,17,17
61,96,17,17
14,17,17,17
3,50,17,17
14,17,17,17
3,77,17,17
17,14,17,17
4,3,17,17
4,35,17,17
4,13,17,17
4,53,17,17
35,4,17,17
48,50,17,17
53,4,17,17
15,62,17,17
15,96,17,17
3,4,17,17
14,13,17,17
66,64,17,17
66,15,17,17
18,3,17,17
18,69,17,17
18,50,17,17
18,86,17,17
18,107,17,17
3,68,17,17
3,85,17,17
3,69,17,17
3,17,17,17
3,66,17,17
3,67,17,17
3,8,17,17
3,13,17,17
3,4,17,17
3,40,17,17
3,35,17,17
66,3,17,17
3,18,17,17
83,15,17,17
12,96,17,17
83,23,17,17
17,14,17,17
48,47,17,17
35,3,17,17
47,50,17,17
15,83,17,17
8,3,17,17
4,3,17,17
72,56,17,17
8,62,17,17
3,66,17,17
66,3,17,17
15,66,17,17
62,8,17,17
66,15,17,17
68,3,17,17
77,56,17,17
77,15,17,17
42,29,17,17
67,3,17,17
42,29,17,17
17,50,17,17
17,18,17,17
17,69,17,17
47,48,17,17
17,3,17,17
15,62,17,17
62,15,17,17
56,66,17,17
47,68,17,17
68,47,17,17
33,22,17,17
32,66,17,17
18,17,17,17
13,14,17,17
72,9,17,17
45,22,17,17
13,14,17,17
13,4,17,17
13,3,17,17
14,13,17,17
14,13,17,17
20,22,17,17
13,14,17,17
13,14,17,17
14,13,17,17
21,18,17,17
21,57,17,17
59,69,17,17
59,56,17,17
59,86,17,17
59,48,17,17
59,47,17,17
59,68,17,17
59,85,17,17
59,84,17,17
59,89,17,17
59,76,17,17
59,88,17,17
59,94,17,17
59,2,17,17
42,112,17,17
47,48,17,17
69,86,17,17
17,56,17,17
17,15,17,17
17,54,17,17
50,69,17,17
50,86,17,17
50,3,17,17
50,66,17,17
50,18,17,17
50,52,17,17
52,50,17,17
56,17,17,17
56,88,17,17
59,67,17,17
59,72,17,17
69,50,17,17
66,56,17,17
66,50,17,17
112,42,17,17
18,50,17,17
18,21,17,17
112,32,17,17
69,84,17,17
69,86,17,17
69,76,17,17
69,89,17,17
86,18,17,17
86,50,17,17
88,56,17,17
17,50,17,17
32,66,17,17
59,69,17,17
47,1,17,17
47,22,17,17
47,59,17,17
47,50,17,17
47,69,17,17
47,75,17,17
47,83,17,17
47,96,17,17
47,42,17,17
47,103,17,17
47,49,17,17
47,14,17,17
47,73,17,17
47,46,17,17
47,35,17,17
47,107,17,17
47,115,17,17
47,70,17,17
47,87,17,17
47,27,17,17
47,119,17,17
47,123,17,17
47,43,17,17
47,61,17,17
47,88,17,17
47,38,17,17
47,33,17,17
47,82,17,17
47,104,17,17
47,149,17,17
47,93,17,17
47,30,17,17
47,25,17,17
47,85,17,17
47,53,17,17
47,44,17,17
47,124,17,17
47,125,17,17
47,102,17,17
47,52,17,17
47,81,17,17
47,98,17,17
47,18,17,17
47,56,17,17
47,39,17,17
47,32,17,17
47,58,17,17
47,57,17,17
47,126,17,17
47,71,17,17
47,45,17,17
47,86,17,17
47,72,17,17
47,36,17,17
47,37,17,17
47,9,17,17
47,8,17,17
47,128,17,17
47,108,17,17
47,24,17,17
47,95,17,17
47,84,17,17
47,110,17,17
47,41,17,17
47,64,17,17
47,77,17,17
47,31,17,17
47,118,17,17
47,129,17,17
47,100,17,17
47,130,17,17
47,112,17,17
47,21,17,17
47,23,17,17
47,109,17,17
47,76,17,17
47,116,17,17
47,13,17,17
47,28,17,17
47,99,17,17
47,55,17,17
47,12,17,17
47,15,17,17
47,20,17,17
47,26,17,17
47,7,17,17
47,34,17,17
47,3,17,17
47,62,17,17
47,89,17,17
47,5,17,17
47,17,17,17
47,106,17,17
47,4,17,17
47,51,17,17
47,11,17,17
47,151,17,17
47,66,17,17
47,29,17,17
47,78,17,17
47,48,17,17
47,133,17,17
47,68,17,17
47,79,17,17
47,16,17,17
47,63,17,17
47,2,17,17
47,120,17,17
47,54,17,17
47,40,17,17
47,65,17,17
47,67,17,17
47,60,17,17
47,6,17,17
47,121,17,17
47,91,17,17
47,117,17,17
47,74,17,17
47,80,17,17
47,10,17,17
47,136,17,17
47,19,17,17
47,90,17,17
47,113,17,17
47,105,17,17
47,101,17,17
47,122,17,17
47,94,17,17
129,47,17,17
71,72,17,17
71,15,17,17
71,5,17,17
71,73,17,17
83,23,17,17
83,24,17,17
83,26,17,17
67,115,17,17
17,50,17,17
23,83,17,17
24,83,17,17
71,74,17,17
23,83,17,17
15,17,17,17
50,47,17,17
103,105,17,17
6,106,17,17
83,23,17,17
74,59,17,17
105,103,17,17
76,69,17,17
59,74,17,17
76,40,17,17
47,50,17,17
35,13,17,17
11,5,17,17
5,11,17,17
6,106,17,17
33,15,17,17
6,13,17,17
6,8,17,17
6,40,17,17
22,33,17,17
33,22,17,17
2,59,17,17
59,2,17,17
59,76,17,17
84,69,17,17
76,50,17,17
112,77,17,17
76,69,17,17
50,93,17,17
50,101,17,17
50,27,17,17
4,84,17,17
4,53,17,17
4,35,17,17
4,13,17,17
4,3,17,17
14,67,17,17
14,66,17,17
14,9,17,17
84,4,17,17
48,47,17,17
85,3,17,17
101,50,17,17
93,50,17,17
65,94,17,17
95,30,17,17
21,10,17,17
86,19,17,17
30,95,17,17
88,54,17,17
73,1,17,17
1,73,17,17
72,73,17,17
72,9,17,17
72,14,17,17
72,65,17,17
72,71,17,17
88,12,17,17
53,4,17,17
12,15,17,17
15,12,17,17
50,47,17,17
47,50,17,17
33,15,17,17
3,4,17,17
3,50,17,17
4,13,17,17
4,35,17,17
4,3,17,17
12,88,17,17
69,76,17,17
3,4,17,17
95,123,17,17
95,93,17,17
95,22,17,17
95,98,17,17
95,58,17,17
95,104,17,17
95,79,17,17
95,65,17,17
3,84,17,17
3,4,17,17
3,35,17,17
3,13,17,17
84,3,17,17
123,95,17,17
4,3,17,17
13,3,17,17
50,52,17,17
29,42,17,17
29,22,17,17
29,52,17,17
29,98,17,17
29,95,17,17
29,81,17,17
29,8,17,17
29,49,17,17
29,31,17,17
93,95,17,17
13,4,17,17
13,4,17,17
104,95,17,17
52,29,17,17
88,12,17,17
88,12,17,17
8,29,17,17
49,29,17,17
14,13,17,17
14,13,17,17
13,14,17,17
13,14,17,17
13,14,17,17
13,14,17,17
14,13,17,17
14,13,17,17
14,13,17,17
13,14,17,17
13,14,17,17
14,13,17,17
29,23,17,17
14,13,17,17
13,14,17,17
69,18,17,17
23,29,17,17
4,106,17,17
42,29,17,17
3,8,17,17
3,13,17,17
85,18,17,17
70,53,17,17
96,61,17,17
76,19,17,17
61,96,17,17
88,61,17,17
88,96,17,17
88,12,17,17
88,15,17,17
18,69,17,17
18,85,17,17
30,104,17,17
30,83,17,17
95,29,17,17
79,95,17,17
8,3,17,17
52,50,17,17
65,95,17,17
52,50,17,17
77,112,17,17
13,3,17,17
75,29,17,17
94,65,17,17
104,30,17,17
29,75,17,17
57,21,17,17
9,14,17,17
67,14,17,17
67,14,17,17
67,9,17,17
67,66,17,17
86,50,17,17
40,93,17,17
40,101,17,17
40,27,17,17
93,40,17,17
101,40,17,17
59,2,17,17
94,14,17,17
94,9,17,17
14,94,17,17
29,42,17,17
53,3,17,17
53,50,17,17
50,86,17,17
113,8,17,17
8,113,17,17
86,50,17,17
98,29,17,17
14,94,17,17
38,37,17,17
98,95,17,17
21,88,17,17
88,21,17,17
39,81,17,17
88,15,17,17
81,39,17,17
18,55,17,17
43,42,17,17
18,55,17,17
90,80,17,17
3,53,17,17
53,68,17,17
53,17,17,17
84,86,17,17
47,81,17,17
68,53,17,17
18,81,17,17
18,85,17,17
66,14,17,17
85,18,17,17
84,86,17,17
84,69,17,17
55,18,17,17
104,30,17,17
104,26,17,17
17,53,17,17
81,47,17,17
42,43,17,17
42,29,17,17
83,30,17,17
34,24,17,17
76,69,17,17
30,104,17,17
18,55,17,17
84,69,17,17
55,18,17,17
24,34,17,17
47,81,17,17
94,14,17,17
58,95,17,17
56,77,17,17
74,47,17,17
30,104,17,17
30,83,17,17
9,94,17,17
59,44,17,17
59,80,17,17
47,74,17,17
75,47,17,17
75,85,17,17
75,56,17,17
75,84,17,17
75,76,17,17
75,82,17,17
75,4,17,17
75,68,17,17
75,86,17,17
75,10,17,17
75,70,17,17
75,88,17,17
75,93,17,17
75,18,17,17
75,50,17,17
75,13,17,17
75,7,17,17
75,89,17,17
75,29,17,17
75,48,17,17
75,21,17,17
75,69,17,17
75,40,17,17
75,23,17,17
75,105,17,17
75,19,17,17
10,75,17,17
93,75,17,17
89,75,17,17
84,75,17,17
47,75,17,17
86,75,17,17
83,30,17,17
69,84,17,17
48,75,17,17
76,75,17,17
85,75,17,17
21,75,17,17
76,86,17,17
12,15,17,17
50,47,17,17
69,84,17,17
47,50,17,17
69,84,17,17
68,75,17,17
84,50,17,17
69,84,17,17
86,50,17,17
86,88,17,17
84,69,17,17
84,69,17,17
69,72,17,17
86,75,17,17
69,59,17,17
86,117,17,17
27,40,17,17
27,84,17,17
27,50,17,17
27,47,17,17
27,84,17,17
27,63,17,17
1,4,17,17
1,5,17,17
1,6,17,17
1,7,17,17
1,2,17,17
1,3,17,17
1,8,17,17
1,9,17,17
1,10,17,17
1,11,17,17
1,12,17,17
1,65,17,17
1,13,17,17
1,14,17,17
1,15,17,17
1,16,17,17
1,17,17,17
1,38,17,17
13,75,17,17
4,75,17,17
94,14,17,17
94,9,17,17
94,59,17,17
94,2,17,17
94,95,17,17
13,4,17,17
13,17,17,17
13,3,17,17
13,8,17,17
13,40,17,17
107,99,17,17
13,65,17,17
13,3,17,17
13,8,17,17
13,40,17,17
107,18,17,17
96,15,17,17
96,61,17,17
96,12,17,17
11,31,17,17
11,25,17,17
11,32,17,17
11,33,17,17
25,11,17,17
33,11,17,17
13,3,17,17
13,40,17,17
13,4,17,17
29,75,17,17
14,94,17,17
8,13,17,17
95,94,17,17
23,75,17,17
16,8,17,17
11,5,17,17
16,8,17,17
16,13,17,17
16,1,17,17
61,96,17,17
16,1,17,17
70,75,17,17
105,75,17,17
104,30,17,17
5,11,17,17
19,75,17,17
70,1,17,17
70,87,17,17
70,47,17,17
70,85,17,17
70,75,17,17
70,76,17,17
70,38,17,17
70,4,17,17
70,151,17,17
70,29,17,17
70,93,17,17
70,53,17,17
70,22,17,17
70,98,17,17
70,56,17,17
70,69,17,17
70,42,17,17
70,36,17,17
70,37,17,17
70,95,17,17
70,84,17,17
70,88,17,17
70,89,17,17
70,82,17,17
70,68,17,17
70,86,17,17
70,21,17,17
68,70,17,17
69,70,17,17
13,3,17,17
13,4,17,17
13,53,17,17
13,50,17,17
13,40,17,17
24,3,17,17
24,8,17,17
24,26,17,17
24,66,17,17
24,51,17,17
1,70,17,17
94,14,17,17
94,9,17,17
3,24,17,17
14,94,17,17
3,13,17,17
51,24,17,17
8,24,17,17
13,40,17,17
50,3,17,17
50,53,17,17
50,3,17,17
50,53,17,17
12,96,17,17
50,3,17,17
50,53,17,17
3,50,17,17
4,70,17,17
3,50,17,17
3,8,17,17
3,13,17,17
3,50,17,17
50,86,17,17
15,96,17,17
15,12,17,17
17,53,17,17
38,36,17,17
32,11,17,17
56,70,17,17
56,75,17,17
26,24,17,17
26,104,17,17
42,70,17,17
95,70,17,17
26,83,17,17
75,70,17,17
29,70,17,17
59,94,17,17
21,70,17,17
29,63,17,17
8,3,17,17
47,70,17,17
63,29,17,17
72,15,17,17
72,5,17,17
72,71,17,17
72,73,17,17
63,27,17,17
37,70,17,17
3,67,17,17
3,4,17,17
3,40,17,17
3,66,17,17
3,8,17,17
3,13,17,17
3,68,17,17
3,85,17,17
3,69,17,17
3,17,17,17
69,3,17,17
68,3,17,17
4,3,17,17
82,70,17,17
41,8,17,17
82,75,17,17
33,63,17,17
88,70,17,17
17,3,17,17
88,75,17,17
7,18,17,17
3,66,17,17
13,3,17,17
3,66,17,17
3,67,17,17
3,9,17,17
3,17,17,17
13,3,17,17
26,45,17,17
13,14,17,17
88,15,17,17
14,13,17,17
14,13,17,17
7,29,17,17
13,14,17,17
7,75,17,17
32,104,17,17
13,14,17,17
29,7,17,17
14,13,17,17
37,36,17,17
81,13,17,17
4,65,17,17
13,81,17,17
17,3,17,17
59,9,17,17
17,56,17,17
17,15,17,17
17,54,17,17
2,94,17,17
56,17,17,17
56,88,17,17
88,56,17,17
53,17,17,17
53,70,17,17
53,70,17,17
53,50,17,17
53,50,17,17
53,50,17,17
53,48,17,17
53,68,17,17
68,53,17,17
8,41,17,17
8,3,17,17
13,3,17,17
86,70,17,17
86,50,17,17
74,17,17,17
74,9,17,17
74,14,17,17
74,65,17,17
74,72,17,17
38,37,17,17
48,53,17,17
3,13,17,17
3,4,17,17
3,8,17,17
59,80,17,17
71,72,17,17
9,74,17,17
9,94,17,17
9,94,17,17
9,3,17,17
13,3,17,17
9,59,17,17
59,9,17,17
4,3,17,17
53,4,17,17
53,70,17,17
13,40,17,17
15,5,17,17
15,17,17,17
84,27,17,17
76,50,17,17
13,40,17,17
84,27,17,17
84,27,17,17
84,70,17,17
89,70,17,17
71,72,17,17
71,15,17,17
71,73,17,17
71,5,17,17
15,5,17,17
15,72,17,17
5,15,17,17
5,15,17,17
16,1,17,17
17,74,17,17
16,1,17,17
89,75,17,17
14,94,17,17
17,1,17,17
1,17,17,17
5,74,17,17
5,15,17,17
5,72,17,17
5,71,17,17
5,73,17,17
74,5,17,17
75,89,17,17
94,14,17,17
8,3,17,17
6,8,17,17
15,5,17,17
6,8,17,17
47,40,17,17
40,75,17,17
80,90,17,17
104,70,17,17
104,22,17,17
22,104,17,17
56,96,17,17
50,76,17,17
76,50,17,17
4,13,17,17
4,84,17,17
4,18,17,17
4,55,17,17
4,53,17,17
4,34,17,17
4,3,17,17
13,4,17,17
75,40,17,17
84,4,17,17
72,50,17,17
22,21,17,17
22,10,17,17
22,70,17,17
22,93,17,17
22,98,17,17
22,42,17,17
22,95,17,17
22,20,17,17
22,33,17,17
22,7,17,17
22,104,17,17
22,151,17,17
22,29,17,17
22,45,17,17
22,63,17,17
22,2,17,17
22,6,17,17
22,105,17,17
22,94,17,17
3,4,17,17
2,22,17,17
7,22,17,17
32,66,17,17
21,22,17,17
98,22,17,17
76,13,17,17
101,47,17,17
81,47,17,17
81,13,17,17
81,3,17,17
81,68,17,17
68,81,17,17
3,81,17,17
29,22,17,17
98,70,17,17
29,42,17,17
47,81,17,17
47,101,17,17
50,3,17,17
101,48,17,17
33,22,17,17
105,26,17,17
105,103,17,17
105,52,17,17
3,50,17,17
70,53,17,17
105,22,17,17
94,22,17,17
53,4,17,17
4,84,17,17
4,70,17,17
4,53,17,17
4,13,17,17
4,34,17,17
4,3,17,17
4,55,17,17
4,18,17,17
84,4,17,17
70,4,17,17
70,104,17,17
104,22,17,17
53,4,17,17
70,104,17,17
70,22,17,17
104,22,17,17
94,9,17,17
94,14,17,17
13,81,17,17
84,69,17,17
84,86,17,17
84,76,17,17
84,89,17,17
69,84,17,17
98,70,17,17
98,104,17,17
98,89,17,17
98,46,17,17
98,115,17,17
98,123,17,17
98,43,17,17
98,93,17,17
98,22,17,17
98,58,17,17
98,42,17,17
98,95,17,17
98,73,17,17
98,20,17,17
98,33,17,17
98,7,17,17
98,34,17,17
98,151,17,17
98,29,17,17
98,79,17,17
98,63,17,17
98,2,17,17
98,6,17,17
98,74,17,17
98,112,17,17
98,21,17,17
98,23,17,17
98,90,17,17
98,94,17,17
23,98,17,17
4,53,17,17
112,98,17,17
47,48,17,17
7,98,17,17
70,98,17,17
104,98,17,17
2,98,17,17
52,105,17,17
13,4,17,17
42,98,17,17
58,98,17,17
52,3,17,17
50,3,17,17
50,96,17,17
20,63,17,17
20,98,17,17
20,22,17,17
105,3,17,17
3,105,17,17
14,94,17,17
9,94,17,17
13,76,17,17
13,40,17,17
86,69,17,17
86,66,17,17
69,86,17,17
76,13,17,17
73,5,17,17
3,13,17,17
3,52,17,17
3,35,17,17
73,98,17,17
3,50,17,17
13,3,17,17
21,98,17,17
45,22,17,17
52,3,17,17
123,98,17,17
26,105,17,17
3,47,17,17
3,81,17,17
50,47,17,17
6,98,17,17
6,22,17,17
3,52,17,17
3,4,17,17
73,72,17,17
52,103,17,17
47,50,17,17
63,22,17,17
47,3,17,17
34,4,17,17
89,98,17,17
84,3,17,17
84,4,17,17
84,13,17,17
84,35,17,17
34,4,17,17
34,98,17,17
79,98,17,17
45,67,17,17
45,26,17,17
14,94,17,17
4,93,17,17
4,101,17,17
4,27,17,17
101,4,17,17
10,22,17,17
55,4,17,17
63,3,17,17
3,63,17,17
74,98,17,17
50,75,17,17
71,5,17,17
63,20,17,17
20,63,17,17
29,98,17,17
3,63,17,17
3,52,17,17
52,3,17,17
67,45,17,17
63,20,17,17
63,3,17,17
33,98,17,17
42,22,17,17
112,63,17,17
42,29,17,17
104,70,17,17
95,98,17,17
95,22,17,17
32,15,17,17
75,50,17,17
95,98,17,17
95,22,17,17
14,67,17,17
14,66,17,17
14,9,17,17
71,72,17,17
96,50,17,17
84,89,17,17
29,23,17,17
29,94,17,17
23,29,17,17
29,30,17,17
29,4,17,17
29,48,17,17
29,45,17,17
45,29,17,17
21,10,17,17
21,7,17,17
29,80,17,17
7,21,17,17
4,29,17,17
30,29,17,17
29,58,17,17
29,36,17,17
29,119,17,17
29,43,17,17
29,93,17,17
29,52,17,17
29,57,17,17
29,83,17,17
58,29,17,17
52,29,17,17
96,56,17,17
6,106,17,17
50,75,17,17
10,21,17,17
59,9,17,17
88,12,17,17
75,50,17,17
59,2,17,17
9,14,17,17
85,3,17,17
12,88,17,17
85,70,17,17
48,101,17,17
88,12,17,17
13,14,17,17
14,13,17,17
13,14,17,17
14,13,17,17
14,13,17,17
13,14,17,17
70,93,17,17
14,13,17,17
13,14,17,17
13,14,17,17
14,13,17,17
83,63,17,17
83,29,17,17
80,115,17,17
1,38,17,17
59,2,17,17
115,80,17,17
20,3,17,17
43,42,17,17
43,45,17,17
43,79,17,17
43,79,17,17
3,20,17,17
63,83,17,17
77,112,17,17
45,43,17,17
38,1,17,17
63,22,17,17
3,51,17,17
3,8,17,17
32,30,17,17
63,98,17,17
71,5,17,17
51,3,17,17
72,9,17,17
72,14,17,17
72,65,17,17
19,68,17,17
19,69,17,17
19,76,17,17
19,86,17,17
19,48,17,17
19,84,17,17
19,89,17,17
19,85,17,17
69,19,17,17
68,19,17,17
76,19,17,17
43,42,17,17
48,19,17,17
48,47,17,17
89,19,17,17
85,19,17,17
84,19,17,17
83,29,17,17
79,43,17,17
38,80,17,17
115,98,17,17
67,14,17,17
67,14,17,17
67,66,17,17
67,9,17,17
67,3,17,17
67,3,17,17
1,38,17,17
14,13,17,17
32,30,17,17
38,1,17,17
76,69,17,17
69,76,17,17
13,14,17,17
13,14,17,17
8,3,17,17
14,13,17,17
14,13,17,17
32,30,17,17
4,106,17,17
76,13,17,17
75,50,17,17
115,67,17,17
51,35,17,17
51,8,17,17
51,3,17,17
3,51,17,17
26,66,17,17
88,61,17,17
88,96,17,17
88,12,17,17
24,81,17,17
115,67,17,17
88,75,17,17
88,89,17,17
88,70,17,17
70,50,17,17
88,21,17,17
21,10,17,17
13,14,17,17
13,14,17,17
14,13,17,17
32,7,17,17
10,21,17,17
10,7,17,17
50,75,17,17
38,65,17,17
38,14,17,17
94,29,17,17
42,43,17,17
42,43,17,17
94,14,17,17
94,98,17,17
74,9,17,17
74,14,17,17
74,65,17,17
74,72,17,17
42,115,17,17
42,70,17,17
42,31,17,17
42,45,17,17
42,10,17,17
42,94,17,17
42,43,17,17
42,63,17,17
42,27,17,17
42,93,17,17
42,22,17,17
42,44,17,17
42,59,17,17
42,98,17,17
42,18,17,17
42,58,17,17
42,95,17,17
42,14,17,17
42,20,17,17
42,7,17,17
42,33,17,17
42,104,17,17
42,151,17,17
42,2,17,17
42,91,17,17
42,80,17,17
42,21,17,17
42,112,17,17
42,90,17,17
42,113,17,17
32,7,17,17
32,104,17,17
8,51,17,17
104,7,17,17
24,8,17,17
32,104,17,17
32,7,17,17
7,32,17,17
47,7,17,17
7,47,17,17
42,29,17,17
42,33,17,17
42,15,17,17
42,20,17,17
42,3,17,17
42,39,17,17
3,42,17,17
104,32,17,17
29,42,17,17
61,15,17,17
3,20,17,17
3,8,17,17
3,13,17,17
29,42,17,17
71,74,17,17
55,4,17,17
39,42,17,17
8,24,17,17
8,3,17,17
7,19,17,17
7,10,17,17
38,9,17,17
74,5,17,17
76,13,17,17
48,29,17,17
76,84,17,17
86,23,17,17
86,19,17,17
86,69,17,17
86,48,17,17
86,56,17,17
86,68,17,17
86,47,17,17
86,40,17,17
86,75,17,17
86,70,17,17
86,88,17,17
86,89,17,17
86,18,17,17
86,84,17,17
86,85,17,17
86,13,17,17
86,49,17,17
86,82,17,17
86,76,17,17
86,19,17,17
86,57,17,17
86,93,17,17
86,101,17,17
86,27,17,17
68,86,17,17
86,50,17,17
86,53,17,17
86,149,17,17
86,90,17,17
50,86,17,17
86,50,17,17
59,42,17,17
57,29,17,17
1,5,17,17
1,6,17,17
1,7,17,17
1,2,17,17
1,3,17,17
1,8,17,17
1,9,17,17
1,10,17,17
1,11,17,17
1,12,17,17
1,65,17,17
1,13,17,17
1,14,17,17
1,15,17,17
1,4,17,17
1,16,17,17
1,17,17,17
1,38,17,17
13,3,17,17
13,40,17,17
13,65,17,17
13,17,17,17
13,3,17,17
13,8,17,17
96,15,17,17
96,61,17,17
96,12,17,17
33,42,17,17
4,65,17,17
4,17,17,17
33,42,17,17
94,56,17,17
94,69,17,17
94,86,17,17
94,76,17,17
94,84,17,17
86,94,17,17
69,94,17,17
94,14,17,17
94,65,17,17
94,9,17,17
8,13,17,17
71,73,17,17
46,98,17,17
19,7,17,17
42,33,17,17
42,80,17,17
42,29,17,17
42,80,17,17
100,7,17,17
20,3,17,17
20,42,17,17
5,74,17,17
71,72,17,17
71,5,17,17
71,15,17,17
71,73,17,17
103,52,17,17
17,13,17,17
103,105,17,17
17,4,17,17
20,13,17,17
20,42,17,17
20,8,17,17
42,20,17,17
42,80,17,17
13,20,17,17
8,20,17,17
4,13,17,17
13,4,17,17
13,8,17,17
13,40,17,17
13,3,17,17
32,23,17,17
23,32,17,17
23,8,17,17
23,2,17,17
23,46,17,17
23,70,17,17
23,87,17,17
23,43,17,17
23,47,17,17
23,93,17,17
23,30,17,17
23,85,17,17
23,52,17,17
23,81,17,17
23,18,17,17
23,56,17,17
23,39,17,17
23,75,17,17
23,42,17,17
23,36,17,17
23,103,17,17
23,128,17,17
23,31,17,17
23,118,17,17
23,73,17,17
23,130,17,17
23,109,17,17
23,13,17,17
23,28,17,17
23,15,17,17
23,20,17,17
23,26,17,17
23,7,17,17
23,34,17,17
23,149,17,17
23,5,17,17
23,51,17,17
23,4,17,17
23,68,17,17
23,63,17,17
23,10,17,17
23,113,17,17
68,23,17,17
23,32,17,17
32,23,17,17
13,23,17,17
46,23,17,17
113,23,17,17
46,23,17,17
51,23,17,17
8,23,17,17
52,23,17,17
46,29,17,17
39,23,17,17
2,23,17,17
46,58,17,17
46,98,17,17
42,23,17,17
5,71,17,17
5,72,17,17
5,73,17,17
5,74,17,17
5,11,17,17
47,48,17,17
11,5,17,17
11,5,17,17
50,70,17,17
94,2,17,17
2,94,17,17
98,46,17,17
10,23,17,17
25,32,17,17
98,95,17,17
74,104,17,17
56,23,17,17
56,94,17,17
40,70,17,17
40,50,17,17
113,46,17,17
113,115,17,17
113,70,17,17
113,47,17,17
113,30,17,17
113,25,17,17
113,98,17,17
113,56,17,17
113,50,17,17
113,32,17,17
113,58,17,17
113,95,17,17
113,77,17,17
113,35,17,17
113,107,17,17
113,1,17,17
113,87,17,17
113,27,17,17
113,119,17,17
113,123,17,17
113,43,17,17
113,61,17,17
113,93,17,17
113,85,17,17
113,53,17,17
113,44,17,17
113,124,17,17
113,22,17,17
113,59,17,17
113,125,17,17
113,102,17,17
113,52,17,17
113,81,17,17
113,18,17,17
113,39,17,17
113,57,17,17
113,69,17,17
113,75,17,17
113,126,17,17
113,83,17,17
113,15,17,17
113,3,17,17
113,104,17,17
113,71,17,17
113,96,17,17
113,72,17,17
113,42,17,17
113,36,17,17
113,37,17,17
113,9,17,17
113,103,17,17
113,8,17,17
113,128,17,17
113,108,17,17
113,24,17,17
113,84,17,17
113,110,17,17
113,49,17,17
113,41,17,17
113,64,17,17
113,14,17,17
113,31,17,17
113,40,17,17
113,118,17,17
113,129,17,17
113,73,17,17
113,100,17,17
113,130,17,17
113,109,17,17
113,88,17,17
113,76,17,17
113,116,17,17
113,38,17,17
113,13,17,17
113,28,17,17
113,99,17,17
113,55,17,17
113,12,17,17
113,74,17,17
113,23,17,17
113,10,17,17
113,20,17,17
113,26,17,17
113,33,17,17
113,7,17,17
113,34,17,17
113,82,17,17
113,62,17,17
113,149,17,17
113,89,17,17
113,5,17,17
113,17,17,17
113,106,17,17
113,4,17,17
113,51,17,17
113,11,17,17
113,151,17,17
113,66,17,17
113,29,17,17
113,78,17,17
113,48,17,17
113,133,17,17
113,45,17,17
113,68,17,17
113,79,17,17
113,16,17,17
113,63,17,17
113,2,17,17
113,120,17,17
113,54,17,17
113,65,17,17
113,86,17,17
113,67,17,17
113,60,17,17
113,6,17,17
113,121,17,17
113,91,17,17
113,117,17,17
113,80,17,17
113,112,17,17
113,21,17,17
113,136,17,17
113,19,17,17
113,90,17,17
113,105,17,17
113,101,17,17
113,122,17,17
113,94,17,17
113,93,17,17
113,27,17,17
113,85,17,17
113,101,17,17
113,68,17,17
86,113,17,17
68,113,17,17
113,38,17,17
113,1,17,17
113,37,17,17
69,113,17,17
59,113,17,17
32,25,17,17
74,5,17,17
47,23,17,17
30,23,17,17
50,84,17,17
115,67,17,17
63,23,17,17
23,46,17,17
72,15,17,17
72,71,17,17
72,73,17,17
72,12,17,17
72,5,17,17
72,117,17,17
72,74,17,17
23,46,17,17
74,9,17,17
26,23,17,17
15,12,17,17
84,50,17,17
19,1,17,17
84,94,17,17
37,38,17,17
37,36,17,17
46,23,17,17
128,35,17,17
84,69,17,17
47,81,17,17
47,27,17,17
73,23,17,17
128,20,17,17
73,5,17,17
128,3,17,17
71,5,17,17
1,19,17,17
71,72,17,17
32,30,17,17
119,29,17,17
128,23,17,17
17,56,17,17
17,15,17,17
17,54,17,17
20,23,17,17
56,17,17,17
56,72,17,17
47,40,17,17
40,75,17,17
67,115,17,17
67,115,17,17
67,115,17,17
4,23,17,17
80,42,17,17
81,39,17,17
71,73,17,17
39,81,17,17
81,39,17,17
81,39,17,17
39,120,17,17
39,81,17,17
84,50,17,17
39,81,17,17
4,70,17,17
4,84,17,17
4,55,17,17
4,18,17,17
4,34,17,17
84,4,17,17
149,23,17,17
84,13,17,17
33,34,17,17
80,64,17,17
50,40,17,17
50,70,17,17
50,49,17,17
32,26,17,17
81,27,17,17
81,66,17,17
81,13,17,17
81,62,17,17
81,39,17,17
81,15,17,17
81,40,17,17
81,8,17,17
81,5,17,17
81,3,17,17
81,24,17,17
13,81,17,17
81,47,17,17
24,81,17,17
39,81,17,17
84,50,17,17
55,4,17,17
24,26,17,17
71,74,17,17
84,19,17,17
50,8,17,17
8,81,17,17
8,50,17,17
83,9,17,17
47,48,17,17
33,83,17,17
19,1,17,17
6,106,17,17
6,106,17,17
1,19,17,17
19,9,17,17
19,67,17,17
19,66,17,17
19,17,17,17
19,18,17,17
19,7,17,17
19,1,17,17
19,38,17,17
19,91,17,17
19,90,17,17
1,19,17,17
120,39,17,17
26,24,17,17
96,121,17,17
67,19,17,17
4,13,17,17
4,35,17,17
4,3,17,17
10,123,17,17
123,10,17,17
149,36,17,17
8,80,17,17
8,3,17,17
80,8,17,17
17,19,17,17
50,47,17,17
47,50,17,17
13,8,17,17
50,84,17,17
84,50,17,17
50,84,17,17
50,84,17,17
84,50,17,17
47,48,17,17
84,50,17,17
103,23,17,17
30,29,17,17
30,47,17,17
47,30,17,17
5,11,17,17
5,81,17,17
5,23,17,17
84,69,17,17
1,38,18,18
1,9,18,18
1,13,18,18
1,5,18,18
1,6,18,18
1,7,18,18
1,2,18,18
1,3,18,18
1,8,18,18
1,10,18,18
1,11,18,18
1,12,18,18
1,65,18,18
1,14,18,18
1,15,18,18
1,4,18,18
1,16,18,18
1,17,18,18
1,6,18,18
1,7,18,18
1,2,18,18
1,10,18,18
1,11,18,18
1,12,18,18
1,13,18,18
1,4,18,18
1,16,18,18
141,104,18,18
141,104,18,18
6,7,18,18
6,1,18,18
6,7,18,18
6,1,18,18
31,23,18,18
31,11,18,18
31,29,18,18
54,17,18,18
54,17,18,18
54,17,18,18
54,17,18,18
13,66,18,18
13,3,18,18
13,8,18,18
13,40,18,18
11,5,18,18
16,1,18,18
49,50,18,18
29,46,18,18
29,30,18,18
8,13,18,18
27,4,18,18
27,81,18,18
27,47,18,18
63,3,18,18
1,16,18,18
1,16,18,18
70,50,18,18
70,4,18,18
34,23,18,18
70,40,18,18
103,23,18,18
70,50,18,18
70,23,18,18
103,52,18,18
103,105,18,18
103,105,18,18
34,4,18,18
28,23,18,18
34,33,18,18
13,17,18,18
13,4,18,18
13,3,18,18
12,31,18,18
12,25,18,18
12,96,18,18
121,96,18,18
31,12,18,18
12,72,18,18
12,71,18,18
12,73,18,18
75,50,18,18
75,23,18,18
73,12,18,18
71,34,18,18
26,42,18,18
66,3,18,18
66,3,18,18
38,37,18,18
38,36,18,18
58,46,18,18
66,3,18,18
16,1,18,18
66,13,18,18
54,10,18,18
54,15,18,18
66,14,18,18
66,19,18,18
66,81,18,18
66,32,18,18
5,11,18,18
66,24,18,18
10,54,18,18
42,63,18,18
1,16,18,18
29,83,18,18
7,23,18,18
7,19,18,18
20,7,18,18
20,3,18,18
20,22,18,18
7,20,18,18
18,4,18,18
63,42,18,18
28,29,18,18
18,57,18,18
18,4,18,18
18,57,18,18
29,28,18,18
37,38,18,18
16,1,18,18
33,22,18,18
33,15,18,18
75,40,18,18
36,37,18,18
38,37,18,18
37,36,18,18
32,66,18,18
37,38,18,18
38,37,18,18
38,1,18,18
32,83,18,18
32,117,18,18
32,5,18,18
32,86,18,18
32,47,18,18
32,27,18,18
47,32,18,18
86,32,18,18
32,30,18,18
32,52,18,18
52,32,18,18
71,5,18,18
79,43,18,18
50,84,18,18
50,75,18,18
71,72,18,18
71,15,18,18
71,73,18,18
71,5,18,18
26,45,18,18
86,32,18,18
63,42,18,18
86,69,18,18
86,84,18,18
86,117,18,18
84,50,18,18
86,94,18,18
84,69,18,18
69,84,18,18
86,84,18,18
86,69,18,18
67,66,18,18
86,69,18,18
86,84,18,18
67,66,18,18
30,32,18,18
75,50,18,18
67,66,18,18
68,48,18,18
27,32,18,18
68,48,18,18
27,84,18,18
84,27,18,18
84,27,18,18
25,12,18,18
3,63,18,18
18,75,18,18
5,32,18,18
6,106,18,18
66,67,18,18
40,6,18,18
40,16,18,18
40,121,18,18
6,106,18,18
33,22,18,18
57,18,18,18
57,18,18,18
84,50,18,18
20,22,18,18
20,3,18,18
32,66,18,18
32,83,18,18
32,3,18,18
32,15,18,18
32,5,18,18
32,8,18,18
32,26,18,18
29,7,18,18
7,29,18,18
5,32,18,18
67,66,18,18
8,32,18,18
84,69,18,18
32,83,18,18
6,40,18,18
50,84,18,18
84,50,18,18
38,67,18,18
72,15,18,18
72,71,18,18
72,73,18,18
72,12,18,18
72,5,18,18
72,117,18,18
72,74,18,18
66,77,18,18
77,66,18,18
29,115,18,18
29,85,18,18
29,75,18,18
29,80,18,18
29,90,18,18
29,119,18,18
29,22,18,18
29,52,18,18
29,81,18,18
29,98,18,18
29,56,18,18
29,39,18,18
29,58,18,18
29,83,18,18
29,24,18,18
29,77,18,18
29,88,18,18
29,28,18,18
29,33,18,18
29,7,18,18
29,3,18,18
29,48,18,18
29,45,18,18
29,21,18,18
29,23,18,18
29,10,18,18
29,94,18,18
29,93,18,18
29,2,18,18
52,29,18,18
58,29,18,18
23,29,18,18
85,23,18,18
7,29,18,18
45,29,18,18
24,29,18,18
93,29,18,18
56,29,18,18
98,29,18,18
33,29,18,18
88,29,18,18
86,69,18,18
74,13,18,18
13,74,18,18
13,74,18,18
71,72,18,18
77,66,18,18
77,29,18,18
75,29,18,18
84,69,18,18
81,27,18,18
27,81,18,18
85,29,18,18
77,29,18,18
26,32,18,18
66,90,18,18
66,26,18,18
66,45,18,18
21,29,18,18
84,40,18,18
28,29,18,18
84,50,18,18
84,75,18,18
90,66,18,18
26,66,18,18
40,84,18,18
84,40,18,18
117,58,18,18
58,117,18,18
84,40,18,18
94,29,18,18
40,84,18,18
84,40,18,18
84,40,18,18
84,69,18,18
84,50,18,18
84,86,18,18
74,13,18,18
10,29,18,18
69,84,18,18
83,32,18,18
45,66,18,18
83,32,18,18
70,53,18,18
70,13,18,18
13,70,18,18
38,1,18,18
1,38,18,18
83,32,18,18
26,45,18,18
2,29,18,18
50,75,18,18
119,29,18,18
83,29,18,18
53,70,18,18
45,66,18,18
103,105,18,18
66,45,18,18
2,94,18,18
38,37,18,18
94,2,18,18
2,94,18,18
38,1,18,18
94,2,18,18
38,36,18,18
1,38,18,18
53,70,18,18
53,4,18,18
53,13,18,18
39,29,18,18
115,29,18,18
38,14,18,18
30,7,18,18
30,32,18,18
30,25,18,18
37,38,18,18
30,15,18,18
30,54,18,18
30,33,18,18
75,50,18,18
30,3,18,18
30,8,18,18
30,17,18,18
30,3,18,18
30,17,18,18
30,20,18,18
30,4,18,18
7,30,18,18
30,33,18,18
30,15,18,18
30,54,18,18
30,5,18,18
30,39,18,18
30,4,18,18
8,77,18,18
8,30,18,18
93,70,18,18
93,70,18,18
93,22,18,18
93,98,18,18
93,29,18,18
93,23,18,18
17,30,18,18
17,30,18,18
8,1,18,18
32,30,18,18
90,98,18,18
86,69,18,18
90,29,18,18
90,47,18,18
47,90,18,18
1,4,18,18
1,5,18,18
1,6,18,18
1,7,18,18
1,2,18,18
1,3,18,18
1,8,18,18
1,9,18,18
1,10,18,18
1,11,18,18
1,12,18,18
1,65,18,18
1,13,18,18
1,14,18,18
1,15,18,18
1,16,18,18
1,17,18,18
1,8,18,18
25,30,18,18
20,30,18,18
13,53,18,18
54,30,18,18
54,30,18,18
121,40,18,18
33,30,18,18
33,30,18,18
25,26,18,18
26,25,18,18
13,66,18,18
13,3,18,18
13,8,18,18
13,35,18,18
13,40,18,18
39,30,18,18
39,29,18,18
8,13,18,18
93,4,18,18
13,14,18,18
13,14,18,18
61,96,18,18
14,13,18,18
14,13,18,18
5,30,18,18
40,15,18,18
40,61,18,18
40,121,18,18
61,40,18,18
74,13,18,18
74,4,18,18
48,29,18,18
14,13,18,18
14,13,18,18
15,81,18,18
15,96,18,18
15,54,18,18
15,40,18,18
13,14,18,18
94,14,18,18
94,65,18,18
9,74,18,18
13,3,18,18
13,14,18,18
13,14,18,18
14,13,18,18
9,14,18,18
9,65,18,18
9,17,18,18
14,13,18,18
13,74,18,18
17,9,18,18
14,9,18,18
13,74,18,18
13,14,18,18
9,94,18,18
9,74,18,18
29,39,18,18
9,19,18,18
65,94,18,18
65,9,18,18
9,83,18,18
65,94,18,18
65,94,18,18
65,13,18,18
65,74,18,18
65,74,18,18
65,13,18,18
66,13,18,18
94,65,18,18
74,59,18,18
59,74,18,18
33,7,18,18
26,66,18,18
26,15,18,18
26,3,18,18
15,56,18,18
17,56,18,18
17,15,18,18
17,54,18,18
54,17,18,18
56,17,18,18
56,88,18,18
56,15,18,18
70,53,18,18
38,37,18,18
101,86,18,18
86,101,18,18
74,13,18,18
6,106,18,18
86,37,18,18
86,37,18,18
83,33,18,18
5,83,18,18
5,15,18,18
6,106,18,18
42,80,18,18
15,5,18,18
83,5,18,18
33,83,18,18
37,86,18,18
86,37,18,18
86,19,18,18
86,57,18,18
86,18,18,18
33,1,18,18
33,7,18,18
33,83,18,18
33,15,18,18
121,40,18,18
76,81,18,18
88,61,18,18
88,96,18,18
88,12,18,18
88,15,18,18
59,67,18,18
88,56,18,18
66,59,18,18
20,7,18,18
7,20,18,18
54,27,18,18
54,15,18,18
27,54,18,18
91,19,18,18
35,4,18,18
35,3,18,18
35,3,18,18
35,4,18,18
35,13,18,18
71,72,18,18
71,15,18,18
71,73,18,18
71,5,18,18
21,86,18,18
86,21,18,18
15,9,18,18
15,66,18,18
15,5,18,18
59,56,18,18
59,84,18,18
59,68,18,18
59,69,18,18
59,85,18,18
59,86,18,18
59,89,18,18
59,48,18,18
59,76,18,18
59,88,18,18
59,47,18,18
59,94,18,18
59,2,18,18
47,59,18,18
9,15,18,18
15,17,18,18
15,54,18,18
15,32,18,18
11,5,18,18
27,54,18,18
76,19,18,18
76,57,18,18
90,19,18,18
5,15,18,18
90,48,18,18
48,90,18,18
5,11,18,18
15,88,18,18
88,15,18,18
66,15,18,18
30,45,18,18
66,45,18,18
45,66,18,18
16,13,18,18
76,94,18,18
70,1,18,18
70,84,18,18
84,70,18,18
1,70,18,18
5,54,18,18
15,32,18,18
77,8,18,18
80,66,18,18
77,66,18,18
45,30,18,18
77,8,18,18
75,50,18,18
76,40,18,18
76,70,18,18
76,86,18,18
84,27,18,18
86,50,18,18
68,85,18,18
88,15,18,18
68,85,18,18
38,37,18,18
23,24,18,18
76,53,18,18
115,90,18,18
76,70,18,18
15,32,18,18
65,59,18,18
65,9,18,18
56,15,18,18
56,39,18,18
56,5,18,18
9,65,18,18
15,56,18,18
5,56,18,18
77,15,18,18
77,7,18,18
77,66,18,18
66,80,18,18
15,5,18,18
15,83,18,18
15,54,18,18
10,88,18,18
10,89,18,18
10,75,18,18
86,50,18,18
86,52,18,18
32,15,18,18
15,30,18,18
15,30,18,18
72,59,18,18
89,10,18,18
34,18,18,18
39,56,18,18
15,54,18,18
75,10,18,18
39,120,18,18
39,119,18,18
38,90,18,18
13,16,18,18
54,27,18,18
54,27,18,18
54,5,18,18
54,15,18,18
54,15,18,18
30,1,18,18
1,30,18,18
14,7,18,18
13,7,18,18
13,1,18,18
7,13,18,18
50,86,18,18
86,50,18,18
27,54,18,18
26,32,18,18
26,45,18,18
7,14,18,18
27,3,18,18
27,26,18,18
27,50,18,18
27,32,18,18
27,15,18,18
27,54,18,18
27,25,18,18
85,68,18,18
54,27,18,18
27,84,18,18
84,27,18,18
59,2,18,18
66,77,18,18
68,85,18,18
50,75,18,18
15,27,18,18
25,27,18,18
18,34,18,18
75,50,18,18
13,106,18,18
18,34,18,18
25,31,18,18
31,25,18,18
34,18,18,18
94,14,18,18
94,65,18,18
90,115,18,18
88,10,18,18
50,75,18,18
90,68,18,18
90,69,18,18
75,50,18,18
75,50,18,18
69,86,18,18
69,76,18,18
69,84,18,18
74,13,18,18
69,90,18,18
65,94,18,18
105,23,18,18
23,105,18,18
74,59,18,18
36,37,18,18
59,74,18,18
50,75,18,18
1,13,18,18
37,36,18,18
75,50,18,18
75,50,18,18
80,67,18,18
80,66,18,18
32,9,18,18
32,66,18,18
84,50,18,18
84,75,18,18
32,27,18,18
15,1,18,18
15,7,18,18
1,15,18,18
83,15,18,18
68,90,18,18
7,15,18,18
48,85,18,18
80,59,18,18
85,48,18,18
38,37,18,18
59,80,18,18
59,67,18,18
59,9,18,18
59,14,18,18
48,47,18,18
48,47,18,18
48,47,18,18
37,38,18,18
66,80,18,18
90,68,18,18
69,86,18,18
5,15,18,18
68,90,18,18
9,67,18,18
9,66,18,18
54,5,18,18
76,69,18,18
9,66,18,18
9,67,18,18
85,68,18,18
68,85,18,18
84,50,18,18
84,50,18,18
5,54,18,18
77,66,19,19
13,74,19,19
35,13,19,19
35,30,19,19
14,13,19,19
13,3,19,19
13,35,19,19
13,14,19,19
13,14,19,19
14,13,19,19
3,13,19,19
23,29,19,19
3,8,19,19
3,13,19,19
3,17,19,19
3,66,19,19
3,67,19,19
3,40,19,19
3,4,19,19
3,68,19,19
3,85,19,19
3,69,19,19
79,43,19,19
81,50,19,19
38,37,19,19
149,38,19,19
3,53,19,19
3,51,19,19
3,52,19,19
3,50,19,19
3,35,19,19
35,3,19,19
17,3,19,19
3,63,19,19
3,51,19,19
59,2,19,19
66,3,19,19
66,9,19,19
66,9,19,19
29,23,19,19
29,42,19,19
8,3,19,19
29,81,19,19
29,43,19,19
66,3,19,19
29,120,19,19
29,28,19,19
3,66,19,19
75,93,19,19
75,101,19,19
75,27,19,19
27,75,19,19
93,75,19,19
3,8,19,19
3,13,19,19
3,51,19,19
3,18,19,19
3,50,19,19
101,75,19,19
42,29,19,19
32,66,19,19
64,80,19,19
32,26,19,19
66,32,19,19
48,68,19,19
16,13,19,19
51,3,19,19
29,22,19,19
30,35,19,19
53,3,19,19
32,95,19,19
43,42,19,19
30,35,19,19
30,13,19,19
51,20,19,19
35,30,19,19
51,3,19,19
43,64,19,19
30,13,19,19
30,35,19,19
14,42,19,19
51,3,19,19
35,30,19,19
32,15,19,19
35,51,19,19
43,23,19,19
68,3,19,19
15,7,19,19
15,1,19,19
43,29,19,19
1,15,19,19
43,98,19,19
17,15,19,19
17,56,19,19
17,54,19,19
68,48,19,19
35,13,19,19
35,3,19,19
56,17,19,19
56,88,19,19
20,51,19,19
88,56,19,19
14,65,19,19
13,35,19,19
13,35,19,19
13,30,19,19
13,30,19,19
13,3,19,19
13,3,19,19
8,3,19,19
13,16,19,19
13,1,19,19
13,7,19,19
18,3,19,19
83,32,19,19
32,83,19,19
13,106,19,19
15,17,19,19
95,32,19,19
18,55,19,19
18,107,19,19
18,108,19,19
18,57,19,19
18,99,19,19
18,109,19,19
18,110,19,19
18,19,19,19
64,43,19,19
54,17,19,19
45,32,19,19
45,69,19,19
69,45,19,19
32,45,19,19
45,64,19,19
55,18,19,19
45,117,19,19
45,27,19,19
24,26,19,19
24,25,19,19
24,32,19,19
24,30,19,19
45,50,19,19
32,24,19,19
45,115,19,19
45,68,19,19
45,53,19,19
119,39,19,19
19,18,19,19
68,48,19,19
68,47,19,19
47,68,19,19
68,45,19,19
64,45,19,19
69,84,19,19
63,3,19,19
42,14,19,19
50,17,19,19
50,48,19,19
13,14,19,19
50,45,19,19
45,50,19,19
40,124,19,19
86,3,19,19
86,69,19,19
86,40,19,19
86,66,19,19
86,50,19,19
14,42,19,19
14,13,19,19
42,14,19,19
14,13,19,19
7,22,19,19
14,13,19,19
13,14,19,19
53,45,19,19
13,14,19,19
13,14,19,19
14,13,19,19
13,14,19,19
86,19,19,19
48,50,19,19
14,13,19,19
53,45,19,19
14,13,19,19
50,86,19,19
50,3,19,19
86,50,19,19
7,22,19,19
68,53,19,19
68,48,19,19
7,15,19,19
53,68,19,19
65,14,19,19
13,14,19,19
68,53,19,19
76,69,19,19
75,50,19,19
13,14,19,19
57,18,19,19
14,13,19,19
50,15,19,19
14,13,19,19
13,14,19,19
13,14,19,19
14,13,19,19
14,13,19,19
13,14,19,19
13,14,19,19
14,13,19,19
3,50,19,19
3,8,19,19
27,45,19,19
69,68,19,19
3,35,19,19
59,67,19,19
71,15,19,19
71,72,19,19
71,73,19,19
71,5,19,19
15,50,19,19
86,117,19,19
86,69,19,19
86,75,19,19
86,84,19,19
86,76,19,19
86,68,19,19
86,48,19,19
30,24,19,19
117,58,19,19
86,117,19,19
58,117,19,19
17,50,19,19
84,86,19,19
69,56,19,19
70,48,19,19
70,68,19,19
68,70,19,19
48,70,19,19
42,43,19,19
68,70,19,19
68,48,19,19
32,95,19,19
94,65,19,19
94,14,19,19
94,9,19,19
14,94,19,19
65,94,19,19
95,32,19,19
8,3,19,19
9,94,19,19
38,30,19,19
106,117,19,19
106,73,19,19
56,88,19,19
65,94,19,19
76,50,19,19
32,66,19,19
88,56,19,19
66,32,19,19
94,65,19,19
76,53,19,19
50,76,19,19
6,106,19,19
76,50,19,19
15,66,19,19
48,50,19,19
32,9,19,19
88,15,19,19
50,48,19,19
31,62,19,19
62,31,19,19
32,66,19,19
32,26,19,19
45,53,19,19
65,9,19,19
9,65,19,19
84,53,19,19
59,1,19,19
85,3,19,19
46,29,19,19
46,23,19,19
23,46,19,19
29,46,19,19
85,68,19,19
50,75,19,19
75,50,19,19
48,68,19,19
25,24,19,19
48,68,19,19
68,48,19,19
54,15,19,19
1,38,19,19
36,37,19,19
37,36,19,19
86,77,19,19
19,86,19,19
50,49,19,19
76,69,19,19
24,66,19,19
24,51,19,19
24,26,19,19
24,3,19,19
24,8,19,19
84,19,19,19
14,65,19,19
54,15,19,19
50,52,19,19
50,40,19,19
69,76,19,19
8,24,19,19
1,20,19,19
1,22,19,19
1,90,19,19
84,19,19,19
6,106,19,19
49,50,19,19
75,21,19,19
21,75,19,19
68,85,19,19
69,3,19,19
69,18,19,19
18,19,19,19
75,21,19,19
21,75,19,19
27,66,19,19
48,50,19,19
59,44,19,19
14,13,19,19
68,48,19,19
68,47,19,19
23,29,19,19
66,15,19,19
29,23,19,19
29,23,19,19
23,29,19,19
23,29,19,19
77,86,19,19
29,23,19,19
68,47,19,19
15,54,19,19
15,54,19,19
1,45,19,19
32,8,19,19
32,8,19,19
45,1,19,19
77,66,19,19
15,54,19,19
54,15,19,19
94,65,19,19
94,14,19,19
94,9,19,19
65,94,19,19
20,1,19,19
76,69,19,19
45,1,19,19
3,24,19,19
18,31,19,19
1,45,19,19
31,18,19,19
20,1,19,19
53,76,19,19
76,53,19,19
76,53,19,19
53,84,19,19
53,76,19,19
76,53,19,19
56,48,19,19
3,52,19,19
3,40,19,19
3,8,19,19
3,50,19,19
3,18,19,19
48,56,19,19
86,19,19,19
75,50,19,19
38,7,19,19
1,20,19,19
66,32,19,19
66,24,19,19
68,56,19,19
68,69,19,19
15,5,19,19
15,54,19,19
15,117,19,19
15,83,19,19
54,15,19,19
54,17,19,19
54,15,19,19
8,32,19,19
8,32,19,19
8,3,19,19
104,74,19,19
56,69,19,19
15,54,19,19
17,54,19,19
86,69,19,19
5,15,19,19
5,54,19,19
54,5,19,19
83,15,19,19
32,83,19,19
32,83,19,19
76,69,19,19
69,68,19,19
81,43,19,19
83,32,19,19
83,32,19,19
9,94,19,19
59,67,19,19
68,47,19,19
68,48,19,19
65,14,19,19
90,1,19,19
80,90,19,19
80,68,19,19
90,80,19,19
68,67,19,19
68,56,19,19
68,66,19,19
68,3,19,19
68,72,19,19
68,15,19,19
68,9,19,19
68,65,19,19
68,69,19,19
68,80,19,19
84,38,19,19
67,66,19,19
13,14,19,19
13,65,19,19
13,17,19,19
13,3,19,19
13,4,19,19
96,15,19,19
96,12,19,19
96,61,19,19
26,25,19,19
13,65,19,19
13,17,19,19
13,3,19,19
13,8,19,19
13,40,19,19
52,50,19,19
52,3,19,19
52,3,19,19
8,13,19,19
33,54,19,19
61,96,19,19
1,13,19,19
54,15,19,19
14,13,19,19
13,1,19,19
19,18,19,19
3,13,19,19
3,40,19,19
3,4,19,19
3,8,19,19
3,13,19,19
28,29,19,19
13,4,19,19
13,1,19,19
13,14,19,19
13,14,19,19
13,3,19,19
14,13,19,19
14,13,19,19
5,72,19,19
5,71,19,19
5,73,19,19
5,74,19,19
5,11,19,19
18,50,19,19
73,5,19,19
8,3,19,19
74,104,19,19
74,5,19,19
50,27,19,19
17,13,19,19
27,50,19,19
15,54,19,19
13,14,19,19
12,96,19,19
75,76,19,19
12,15,19,19
12,72,19,19
12,71,19,19
12,73,19,19
15,12,19,19
15,96,19,19
3,66,19,19
3,67,19,19
3,72,19,19
3,8,19,19
3,13,19,19
3,40,19,19
3,4,19,19
3,68,19,19
3,69,19,19
3,85,19,19
3,17,19,19
59,67,19,19
59,80,19,19
50,27,19,19
50,3,19,19
38,36,19,19
38,37,19,19
8,3,19,19
65,13,19,19
51,24,19,19
72,71,19,19
72,117,19,19
72,73,19,19
72,12,19,19
72,15,19,19
72,5,19,19
72,74,19,19
17,3,19,19
54,5,19,19
59,37,19,19
32,22,19,19
38,84,19,19
18,3,19,19
88,15,19,19
32,26,19,19
17,48,19,19
17,50,19,19
75,84,19,19
16,13,19,19
76,75,19,19
21,88,19,19
50,52,19,19
52,50,19,19
48,17,19,19
68,48,19,19
45,42,19,19
68,3,19,19
66,26,19,19
66,32,19,19
50,52,19,19
68,48,19,19
52,50,19,19
66,27,19,19
37,59,19,19
14,13,19,19
88,21,19,19
66,45,19,19
66,27,19,19
45,66,19,19
42,45,19,19
66,3,19,19
6,106,19,19
21,88,19,19
88,21,19,19
115,67,19,19
115,67,19,19
115,84,19,19
115,45,19,19
17,15,19,19
17,56,19,19
17,54,19,19
56,17,19,19
8,7,19,19
8,104,19,19
56,88,19,19
7,8,19,19
115,69,19,19
69,115,19,19
84,115,19,19
84,75,19,19
94,65,19,19
94,14,19,19
94,9,19,19
76,19,19,19
76,57,19,19
65,94,19,19
14,94,19,19
9,94,19,19
84,75,19,19
84,38,19,19
69,86,19,19
69,84,19,19
69,68,19,19
69,76,19,19
59,37,19,19
59,69,19,19
13,3,19,19
73,12,19,19
75,88,19,19
75,21,19,19
75,70,19,19
75,89,19,19
89,75,19,19
59,37,19,19
38,84,19,19
21,75,19,19
50,75,19,19
5,54,19,19
75,50,19,19
13,14,19,19
13,16,19,19
24,66,19,19
86,50,19,19
32,66,19,19
27,66,19,19
59,68,19,19
59,56,19,19
27,66,19,19
56,15,19,19
32,66,19,19
27,50,19,19
71,15,19,19
71,72,19,19
71,73,19,19
71,5,19,19
76,75,19,19
38,1,19,19
70,75,19,19
3,50,19,19
88,75,19,19
66,24,19,19
86,117,19,19
86,32,19,19
86,40,19,19
50,75,19,19
72,69,19,19
75,50,19,19
88,15,19,19
75,50,19,19
21,84,19,19
54,17,19,19
84,21,19,19
59,48,19,19
11,5,19,19
88,75,19,19
88,89,19,19
43,42,19,19
43,79,19,19
43,45,19,19
43,79,19,19
43,64,19,19
42,33,19,19
14,32,19,19
42,43,19,19
15,88,19,19
88,21,19,19
75,70,19,19
1,9,19,19
1,38,19,19
45,43,19,19
44,68,19,19
70,75,19,19
29,42,19,19
84,50,19,19
59,80,19,19
21,10,19,19
13,14,19,19
14,13,19,19
14,13,19,19
13,14,19,19
13,14,19,19
14,13,19,19
9,1,19,19
9,14,19,19
14,9,19,19
88,15,19,19
13,106,19,19
64,43,19,19
14,38,19,19
14,9,19,19
54,5,19,19
70,13,19,19
70,53,19,19
13,70,19,19
15,56,19,19
15,56,19,19
15,17,19,19
56,15,19,19
15,54,19,19
84,19,19,19
84,57,19,19
19,84,19,19
10,21,19,19
1,68,19,19
15,117,19,19
68,48,19,19
68,85,19,19
68,47,19,19
68,44,19,19
68,85,19,19
68,1,19,19
104,23,19,19
104,8,19,19
40,84,19,19
88,56,19,19
57,84,19,19
10,84,19,19
84,40,19,19
84,40,19,19
9,66,19,19
9,14,19,19
66,9,19,19
13,40,19,19
40,41,19,19
40,93,19,19
40,101,19,19
40,27,19,19
77,17,19,19
93,40,19,19
101,40,19,19
23,104,19,19
104,23,19,19
104,23,19,19
10,7,19,19
84,10,19,19
7,10,19,19
42,29,19,19
84,10,19,19
23,104,19,19
84,57,19,19
32,7,19,19
84,48,19,19
14,13,19,19
6,106,19,19
104,23,19,19
6,106,19,19
9,66,19,19
66,9,19,19
76,57,19,19
76,19,19,19
76,40,19,19
76,75,19,19
23,86,19,19
86,23,19,19
54,15,19,19
85,68,19,19
85,3,19,19
85,48,19,19
40,76,19,19
40,75,19,19
76,40,19,19
13,14,19,19
86,23,19,19
23,86,19,19
54,15,19,19
86,23,19,19
49,50,19,19
76,53,19,19
76,50,19,19
26,66,19,19
26,24,19,19
26,32,19,19
26,24,19,19
26,32,19,19
112,44,19,19
75,40,19,19
36,38,19,19
36,37,19,19
37,36,19,19
28,29,19,19
15,54,19,19
29,28,19,19
50,70,19,19
29,28,19,19
38,14,19,19
43,81,19,19
43,42,19,19
38,37,19,19
70,50,19,19
66,77,19,19
66,9,19,19
9,66,19,19
66,9,19,19
66,77,19,19
66,27,19,19
32,14,19,19
32,66,19,19
77,66,19,19
9,66,19,19
66,32,19,19
77,17,19,19
77,66,19,19
36,37,19,19
32,77,19,19
37,36,19,19
71,5,19,19
42,43,19,19
28,29,19,19
86,84,19,19
86,19,19,19
32,77,19,19
54,15,19,19
54,5,19,19
15,54,19,19
34,24,19,19
24,34,19,19
77,66,19,19
48,68,19,19
66,9,19,19
37,1,19,19
84,69,19,19
50,75,19,19
48,68,19,19
86,84,19,19
86,50,19,19
86,84,19,19
90,14,19,19
68,48,19,19
68,48,19,19
50,76,19,19
32,66,19,19
76,50,19,19
50,86,19,19
50,84,19,19
84,50,19,19
9,66,19,19
86,50,19,19
86,84,19,19
38,14,19,19
38,9,19,19
50,84,19,19
50,86,19,19
84,50,19,19
86,50,19,19
68,48,19,19
27,40,19,19
69,76,19,19
86,84,19,19
50,84,19,19
84,50,19,19
5,54,19,19
50,84,19,19
50,84,19,19
5,54,19,19
84,50,19,19
69,86,19,19
84,19,19,19
84,57,19,19
86,84,19,19
86,84,19,19
86,84,19,19
84,50,19,19
84,50,19,19
84,50,19,19
86,84,19,19
86,76,19,19
84,53,19,19
76,69,19,19
86,84,19,19
69,76,19,19
76,69,19,19
86,84,19,19
85,68,19,19
4,30,19,19
4,30,19,19
4,74,19,19
4,53,19,19
4,3,19,19
4,3,19,19
4,3,19,19
96,15,19,19
96,61,19,19
96,12,19,19
26,27,19,19
63,3,19,19
21,10,19,19
61,96,19,19
3,63,19,19
3,63,19,19
3,50,19,19
33,42,19,19
75,50,19,19
15,96,19,19
63,3,19,19
50,84,19,19
50,84,19,19
3,8,19,19
3,68,19,19
3,66,19,19
3,67,19,19
3,13,19,19
3,40,19,19
3,4,19,19
3,85,19,19
3,69,19,19
3,17,19,19
69,3,19,19
17,3,19,19
12,96,19,19
66,3,19,19
66,32,19,19
71,12,19,19
71,12,19,19
47,68,19,19
88,15,19,19
47,90,19,19
47,32,19,19
4,3,19,19
13,3,19,19
15,54,19,19
63,43,19,19
13,40,19,19
13,121,19,19
10,21,19,19
75,50,19,19
39,15,19,19
39,5,19,19
101,76,19,19
15,39,19,19
88,57,19,19
88,93,19,19
15,54,19,19
8,3,19,19
5,39,19,19
88,15,19,19
15,88,19,19
17,15,19,19
17,56,19,19
17,54,19,19
15,17,19,19
56,17,19,19
56,88,19,19
68,3,19,19
88,15,19,19
40,15,19,19
40,61,19,19
40,121,19,19
61,40,19,19
15,40,19,19
88,61,19,19
88,15,19,19
88,96,19,19
88,12,19,19
68,53,19,19
70,53,19,19
32,8,19,19
32,26,19,19
32,51,19,19
32,113,19,19
32,62,19,19
32,24,19,19
113,32,19,19
88,96,19,19
88,61,19,19
24,32,19,19
53,70,19,19
53,70,19,19
32,83,19,19
32,8,19,19
94,80,19,19
94,7,19,19
94,123,19,19
94,59,19,19
94,2,19,19
80,94,19,19
59,94,19,19
7,94,19,19
123,94,19,19
59,85,19,19
59,84,19,19
59,76,19,19
59,68,19,19
59,69,19,19
59,56,19,19
59,86,19,19
59,89,19,19
59,48,19,19
59,88,19,19
59,47,19,19
59,94,19,19
59,2,19,19
86,59,19,19
69,59,19,19
50,49,19,19
50,70,19,19
50,82,19,19
42,9,19,19
42,14,19,19
4,69,19,19
4,68,19,19
4,84,19,19
4,48,19,19
4,76,19,19
4,86,19,19
4,13,19,19
4,35,19,19
4,3,19,19
86,4,19,19
69,4,19,19
84,4,19,19
9,59,19,19
84,50,19,19
84,50,19,19
49,50,19,19
59,9,19,19
84,40,19,19
84,50,19,19
11,5,19,19
71,72,19,19
71,15,19,19
71,5,19,19
71,73,19,19
67,3,19,19
115,67,19,19
115,67,19,19
67,115,19,19
67,115,19,19
32,112,19,19
115,66,19,19
115,67,19,19
67,115,19,19
68,53,19,19
68,4,19,19
1,9,19,19
9,1,19,19
9,68,19,19
9,69,19,19
9,56,19,19
69,9,19,19
68,9,19,19
71,5,19,19
2,94,19,19
38,22,19,19
38,98,19,19
84,75,19,19
38,37,19,19
84,40,19,19
61,54,19,19
54,15,19,19
54,61,19,19
50,70,19,19
84,53,19,19
70,50,19,19
70,50,19,19
8,32,19,19
8,32,19,19
121,13,19,19
121,40,19,19
54,88,19,19
54,15,19,19
54,61,19,19
84,53,19,19
88,54,19,19
83,32,19,19
13,4,19,19
40,84,19,19
56,9,19,19
84,40,19,19
54,17,19,19
54,15,19,19
101,88,19,19
26,32,19,19
105,103,19,19
4,16,19,19
38,36,19,19
38,37,19,19
88,61,19,19
88,96,19,19
88,15,19,19
16,4,19,19
88,101,19,19
103,105,19,19
61,54,19,19
38,1,19,19
1,38,19,19
88,101,19,19
4,35,19,19
4,13,19,19
4,3,19,19
59,9,19,19
13,4,19,19
3,4,19,19
3,4,19,19
50,75,19,19
88,15,19,19
88,61,19,19
88,54,19,19
75,50,19,19
76,69,19,19
69,76,19,19
75,49,19,19
76,4,19,19
26,66,19,19
88,61,19,19
88,96,19,19
53,84,19,19
48,85,19,19
1,38,19,19
4,106,19,19
48,53,19,19
9,67,19,19
9,66,19,19
48,4,19,19
76,40,19,19
76,75,19,19
48,47,19,19
66,9,19,19
53,48,19,19
47,48,19,19
49,75,19,19
22,7,19,19
7,22,19,19
50,84,19,19
84,50,19,19
40,76,19,19
15,54,19,19
76,40,19,19
53,84,19,19
53,68,19,19
53,48,19,19
48,53,19,19
68,53,19,19
59,56,19,19
59,68,19,19
40,15,19,19
40,61,19,19
40,121,19,19
84,53,19,19
15,40,19,19
106,117,19,19
106,73,19,19
71,72,19,19
53,68,19,19
85,48,19,19
85,3,19,19
48,85,19,19
68,53,19,19
68,48,19,19
51,32,19,19
61,40,19,19
37,38,19,19
38,37,19,19
35,4,19,19
15,56,19,19
15,88,19,19
88,15,19,19
56,15,19,19
56,15,19,19
35,4,19,19
15,56,19,19
36,38,19,19
56,15,19,19
21,70,19,19
70,21,19,19
115,67,19,19
70,53,19,19
53,70,19,19
66,115,19,19
77,17,19,19
15,88,19,19
88,15,19,19
84,75,19,19
84,13,19,19
40,106,19,19
40,6,19,19
106,40,19,19
32,67,19,19
67,32,19,19
67,66,19,19
32,67,19,19
67,32,19,19
84,40,19,19
67,66,19,19
67,115,19,19
67,9,19,19
40,84,19,19
13,40,19,19
48,68,19,19
84,40,19,19
75,50,19,19
13,17,19,19
17,13,19,19
68,48,19,19
48,93,19,19
48,101,19,19
48,27,19,19
93,48,19,19
88,56,19,19
37,36,19,19
59,94,19,19
36,37,19,19
59,2,19,19
39,5,19,19
39,15,19,19
76,101,19,19
42,6,19,19
27,48,19,19
21,84,19,19
84,21,19,19
84,50,19,19
76,19,19,19
76,57,19,19
67,3,19,19
84,69,19,19
69,84,19,19
59,56,19,19
68,85,19,19
76,19,19,19
76,57,19,19
76,81,19,19
7,1,19,19
15,56,19,19
15,39,19,19
15,54,20,20
5,39,20,20
1,7,20,20
1,2,20,20
1,3,20,20
1,15,20,20
1,4,20,20
1,5,20,20
1,6,20,20
1,7,20,20
1,8,20,20
1,9,20,20
1,10,20,20
1,11,20,20
1,12,20,20
1,65,20,20
1,13,20,20
1,14,20,20
1,16,20,20
1,17,20,20
54,15,20,20
25,9,20,20
101,48,20,20
96,15,20,20
96,61,20,20
96,12,20,20
121,40,20,20
83,63,20,20
82,50,20,20
70,112,20,20
70,75,20,20
70,56,20,20
70,48,20,20
70,63,20,20
70,31,20,20
70,42,20,20
70,95,20,20
112,70,20,20
63,83,20,20
63,70,20,20
61,96,20,20
42,70,20,20
31,70,20,20
26,45,20,20
26,45,20,20
79,43,20,20
79,43,20,20
95,70,20,20
26,3,20,20
26,15,20,20
75,70,20,20
15,96,20,20
50,3,20,20
50,53,20,20
1,7,20,20
7,22,20,20
7,1,20,20
12,96,20,20
3,50,20,20
3,8,20,20
3,66,20,20
3,67,20,20
3,13,20,20
3,40,20,20
3,4,20,20
3,68,20,20
3,69,20,20
3,85,20,20
3,17,20,20
3,35,20,20
48,47,20,20
8,3,20,20
13,3,20,20
47,48,20,20
70,21,20,20
21,70,20,20
4,3,20,20
70,48,20,20
70,68,20,20
75,84,20,20
56,70,20,20
48,70,20,20
14,90,20,20
32,39,20,20
32,8,20,20
75,84,20,20
14,13,20,20
35,3,20,20
8,32,20,20
13,14,20,20
88,15,20,20
17,3,20,20
17,15,20,20
17,56,20,20
17,54,20,20
13,14,20,20
14,13,20,20
14,13,20,20
13,14,20,20
44,86,20,20
44,69,20,20
44,67,20,20
44,76,20,20
44,84,20,20
44,89,20,20
44,91,20,20
69,44,20,20
86,44,20,20
88,76,20,20
53,50,20,20
67,44,20,20
15,17,20,20
7,45,20,20
56,17,20,20
56,88,20,20
15,88,20,20
75,50,20,20
68,70,20,20
66,3,20,20
68,3,20,20
56,15,20,20
27,66,20,20
27,3,20,20
27,15,20,20
27,39,20,20
27,62,20,20
27,8,20,20
27,40,20,20
27,13,20,20
27,26,20,20
27,5,20,20
89,44,20,20
88,15,20,20
67,3,20,20
13,27,20,20
68,47,20,20
67,80,20,20
67,91,20,20
67,44,20,20
76,88,20,20
76,57,20,20
76,19,20,20
115,67,20,20
38,37,20,20
56,15,20,20
15,56,20,20
15,56,20,20
47,84,20,20
32,18,20,20
32,26,20,20
32,24,20,20
32,8,20,20
32,3,20,20
32,15,20,20
32,83,20,20
32,51,20,20
32,117,20,20
39,27,20,20
48,47,20,20
1,59,20,20
88,56,20,20
151,80,20,20
56,15,20,20
71,72,20,20
71,15,20,20
71,73,20,20
71,5,20,20
88,81,20,20
68,48,20,20
39,32,20,20
3,27,20,20
3,51,20,20
3,35,20,20
3,52,20,20
3,50,20,20
3,53,20,20
3,4,20,20
14,9,20,20
14,17,20,20
9,14,20,20
52,3,20,20
56,59,20,20
17,14,20,20
14,62,20,20
14,113,20,20
79,59,20,20
8,27,20,20
62,14,20,20
56,68,20,20
90,14,20,20
90,14,20,20
59,1,20,20
59,56,20,20
4,3,20,20
14,90,20,20
38,1,20,20
38,1,20,20
50,84,20,20
50,84,20,20
112,63,20,20
21,70,20,20
70,21,20,20
70,53,20,20
38,1,20,20
84,47,20,20
47,27,20,20
38,1,20,20
21,47,20,20
74,4,20,20
47,21,20,20
38,1,20,20
14,7,20,20
7,14,20,20
65,94,20,20
65,79,20,20
65,95,20,20
59,94,20,20
59,95,20,20
59,2,20,20
68,56,20,20
67,59,20,20
67,115,20,20
75,88,20,20
75,21,20,20
75,29,20,20
70,53,20,20
21,75,20,20
59,67,20,20
21,10,20,20
45,80,20,20
45,26,20,20
45,66,20,20
21,10,20,20
66,45,20,20
88,75,20,20
2,6,20,20
76,50,20,20
80,45,20,20
15,56,20,20
15,88,20,20
66,26,20,20
66,45,20,20
50,76,20,20
45,66,20,20
29,75,20,20
15,56,20,20
76,50,20,20
38,1,20,20
38,1,20,20
88,15,20,20
15,88,20,20
15,56,20,20
62,27,20,20
88,15,20,20
38,1,20,20
38,1,20,20
56,15,20,20
38,1,20,20
56,15,20,20
1,37,20,20
50,75,20,20
27,47,20,20
27,47,20,20
15,56,20,20
38,1,20,20
38,1,20,20
115,18,20,20
56,15,20,20
115,67,20,20
38,1,20,20
115,66,20,20
47,27,20,20
4,106,20,20
105,103,20,20
18,115,20,20
103,105,20,20
15,27,20,20
53,3,20,20
38,1,20,20
74,59,20,20
84,4,20,20
37,1,20,20
50,75,20,20
75,50,20,20
37,1,20,20
66,115,20,20
75,50,20,20
70,75,20,20
65,9,20,20
70,56,20,20
43,63,20,20
48,13,20,20
59,74,20,20
38,1,20,20
38,1,20,20
121,106,20,20
10,21,20,20
10,7,20,20
95,123,20,20
75,70,20,20
38,1,20,20
38,1,20,20
56,54,20,20
56,70,20,20
7,10,20,20
38,1,20,20
1,37,20,20
1,38,20,20
38,1,20,20
38,1,20,20
26,66,20,20
26,45,20,20
68,85,20,20
123,95,20,20
38,1,20,20
38,1,20,20
4,84,20,20
4,3,20,20
4,35,20,20
4,13,20,20
4,40,20,20
68,59,20,20
4,74,20,20
14,13,20,20
84,19,20,20
67,115,20,20
84,44,20,20
84,50,20,20
84,50,20,20
84,19,20,20
84,57,20,20
84,75,20,20
84,75,20,20
84,69,20,20
50,76,20,20
4,70,20,20
4,53,20,20
76,19,20,20
76,57,20,20
84,50,20,20
85,3,20,20
85,18,20,20
84,50,20,20
3,4,20,20
53,4,20,20
21,70,20,20
76,88,20,20
70,4,20,20
70,21,20,20
84,40,20,20
84,40,20,20
26,27,20,20
35,3,20,20
70,53,20,20
48,18,20,20
40,84,20,20
56,96,20,20
56,61,20,20
56,15,20,20
84,40,20,20
61,56,20,20
149,37,20,20
84,86,20,20
86,84,20,20
106,117,20,20
106,73,20,20
72,73,20,20
72,9,20,20
72,14,20,20
72,65,20,20
72,71,20,20
76,50,20,20
74,4,20,20
13,14,20,20
13,14,20,20
13,4,20,20
94,14,20,20
94,65,20,20
94,9,20,20
13,48,20,20
14,13,20,20
14,13,20,20
84,4,20,20
9,94,20,20
9,65,20,20
13,14,20,20
13,14,20,20
14,13,20,20
14,13,20,20
13,14,20,20
13,14,20,20
14,13,20,20
14,13,20,20
13,14,20,20
96,56,20,20
65,94,20,20
14,13,20,20
16,1,20,20
1,16,20,20
4,74,20,20
13,14,20,20
13,14,20,20
14,13,20,20
14,13,20,20
13,14,20,20
51,3,20,20
9,42,20,20
113,14,20,20
5,27,20,20
5,11,20,20
4,16,20,20
42,9,20,20
21,70,20,20
37,149,20,20
44,14,20,20
76,50,20,20
50,76,20,20
76,50,20,20
50,84,20,20
84,50,20,20
50,84,20,20
84,50,20,20
70,21,20,20
70,53,20,20
84,101,20,20
84,93,20,20
84,86,20,20
68,85,20,20
76,44,20,20
76,53,20,20
67,80,20,20
68,85,20,20
84,57,20,20
84,75,20,20
10,43,20,20
90,64,20,20
59,9,20,20
84,47,20,20
96,15,20,20
96,61,20,20
96,12,20,20
35,4,20,20
33,42,20,20
33,15,20,20
31,25,20,20
42,33,20,20
13,14,20,20
12,96,20,20
14,13,20,20
14,13,20,20
10,21,20,20
58,29,20,20
58,83,20,20
15,56,20,20
18,48,20,20
83,58,20,20
15,96,20,20
15,33,20,20
18,85,20,20
3,66,20,20
66,3,20,20
4,70,20,20
4,75,20,20
4,84,20,20
4,29,20,20
4,33,20,20
4,58,20,20
4,106,20,20
4,57,20,20
3,66,20,20
3,42,20,20
3,64,20,20
3,20,20,20
27,66,20,20
27,62,20,20
27,3,20,20
27,15,20,20
27,39,20,20
27,8,20,20
27,40,20,20
27,13,20,20
27,26,20,20
27,5,20,20
66,3,20,20
42,3,20,20
66,27,20,20
66,27,20,20
15,27,20,20
40,53,20,20
62,27,20,20
59,2,20,20
3,27,20,20
61,96,20,20
50,3,20,20
56,70,20,20
8,27,20,20
56,70,20,20
70,56,20,20
70,56,20,20
20,3,20,20
29,58,20,20
3,66,20,20
3,67,20,20
3,8,20,20
3,13,20,20
3,40,20,20
3,4,20,20
3,68,20,20
3,69,20,20
3,85,20,20
3,17,20,20
3,35,20,20
3,50,20,20
2,58,20,20
2,33,20,20
2,83,20,20
2,22,20,20
2,42,20,20
2,95,20,20
2,94,20,20
58,29,20,20
58,2,20,20
29,58,20,20
29,23,20,20
66,3,20,20
71,11,20,20
71,5,20,20
17,3,20,20
58,43,20,20
58,29,20,20
58,83,20,20
23,29,20,20
50,93,20,20
50,101,20,20
50,27,20,20
56,59,20,20
93,50,20,20
101,50,20,20
15,56,20,20
56,15,20,20
88,15,20,20
48,70,20,20
29,58,20,20
117,58,20,20
42,9,20,20
42,66,20,20
42,67,20,20
42,64,20,20
58,117,20,20
15,54,20,20
67,3,20,20
57,84,20,20
27,50,20,20
50,27,20,20
50,3,20,20
59,56,20,20
3,50,20,20
56,59,20,20
17,56,20,20
17,15,20,20
17,54,20,20
94,2,20,20
94,20,20,20
94,29,20,20
94,9,20,20
94,65,20,20
94,14,20,20
65,94,20,20
14,94,20,20
70,53,20,20
70,50,20,20
70,53,20,20
70,50,20,20
70,53,20,20
70,50,20,20
70,53,20,20
70,50,20,20
70,53,20,20
70,50,20,20
56,17,20,20
95,2,20,20
56,88,20,20
4,3,20,20
70,53,20,20
70,50,20,20
88,56,20,20
44,14,20,20
13,27,20,20
13,14,20,20
13,3,20,20
70,48,20,20
70,68,20,20
39,27,20,20
13,40,20,20
68,3,20,20
20,94,20,20
68,59,20,20
68,70,20,20
115,71,20,20
33,2,20,20
48,70,20,20
14,44,20,20
8,3,20,20
75,50,20,20
59,56,20,20
29,94,20,20
35,3,20,20
43,79,20,20
38,36,20,20
43,10,20,20
56,88,20,20
88,56,20,20
84,57,20,20
56,61,20,20
56,96,20,20
56,15,20,20
61,56,20,20
112,18,20,20
15,56,20,20
15,12,20,20
15,17,20,20
12,15,20,20
41,40,20,20
9,94,20,20
42,9,20,20
79,65,20,20
96,56,20,20
50,75,20,20
115,67,20,20
104,95,20,20
95,104,20,20
79,43,20,20
56,55,20,20
27,50,20,20
42,2,20,20
42,63,20,20
63,42,20,20
54,17,20,20
54,56,20,20
27,50,20,20
27,3,20,20
42,43,20,20
59,2,20,20
40,3,20,20
3,40,20,20
75,50,20,20
3,27,20,20
84,19,20,20
53,70,20,20
53,40,20,20
53,70,20,20
53,70,20,20
53,70,20,20
53,70,20,20
53,70,20,20
53,70,20,20
53,70,20,20
53,70,20,20
53,70,20,20
84,40,20,20
11,5,20,20
9,42,20,20
40,84,20,20
3,40,20,20
3,67,20,20
3,66,20,20
3,72,20,20
3,13,20,20
3,4,20,20
54,56,20,20
67,115,20,20
67,3,20,20
56,54,20,20
15,33,20,20
15,7,20,20
15,61,20,20
84,40,20,20
7,15,20,20
33,15,20,20
53,84,20,20
121,106,20,20
84,53,20,20
52,103,20,20
103,52,20,20
68,67,20,20
42,9,20,20
4,3,20,20
50,27,20,20
71,115,20,20
13,3,20,20
94,65,20,20
94,14,20,20
94,9,20,20
71,8,20,20
53,70,20,20
53,4,20,20
71,72,20,20
71,15,20,20
71,73,20,20
71,5,20,20
2,59,20,20
9,42,20,20
9,67,20,20
9,66,20,20
59,2,20,20
43,42,20,20
18,19,20,20
18,48,20,20
48,18,20,20
19,18,20,20
43,81,20,20
43,29,20,20
43,21,20,20
43,6,20,20
43,27,20,20
67,9,20,20
5,11,20,20
21,43,20,20
42,9,20,20
43,151,20,20
4,53,20,20
88,105,20,20
59,86,20,20
59,88,20,20
59,2,20,20
59,68,20,20
59,69,20,20
59,56,20,20
59,85,20,20
59,84,20,20
59,89,20,20
59,48,20,20
59,76,20,20
59,47,20,20
59,94,20,20
21,75,20,20
21,70,20,20
53,70,20,20
53,4,20,20
45,112,20,20
112,45,20,20
151,43,20,20
65,94,20,20
45,77,20,20
65,94,20,20
77,45,20,20
77,45,20,20
13,14,20,20
14,13,20,20
38,1,20,20
38,72,20,20
38,9,20,20
14,13,20,20
13,14,20,20
13,14,20,20
14,13,20,20
14,13,20,20
13,14,20,20
13,14,20,20
43,18,20,20
4,53,20,20
43,42,20,20
70,21,20,20
14,13,20,20
66,3,20,20
70,53,20,20
70,53,20,20
14,13,20,20
13,14,20,20
13,14,20,20
14,13,20,20
42,43,20,20
29,43,20,20
27,43,20,20
14,13,20,20
27,50,20,20
4,13,20,20
4,40,20,20
4,86,20,20
4,84,20,20
4,70,20,20
84,4,20,20
18,43,20,20
4,106,20,20
75,21,20,20
27,50,20,20
56,59,20,20
61,15,20,20
50,3,20,20
70,4,20,20
16,7,20,20
7,16,20,20
73,14,20,20
73,9,20,20
73,65,20,20
73,72,20,20
65,73,20,20
14,73,20,20
3,50,20,20
13,14,20,20
13,4,20,20
76,50,20,20
74,59,20,20
9,59,20,20
85,3,20,20
59,56,20,20
66,9,20,20
59,74,20,20
59,9,20,20
85,48,20,20
14,44,20,20
50,76,20,20
76,50,20,20
94,65,20,20
76,101,20,20
77,17,20,20
56,59,20,20
59,56,20,20
59,68,20,20
81,43,20,20
44,14,20,20
84,76,20,20
84,76,20,20
5,15,20,20
67,66,20,20
32,39,20,20
32,23,20,20
32,8,20,20
81,76,20,20
15,5,20,20
23,32,20,20
23,32,20,20
84,47,20,20
9,73,20,20
2,59,20,20
9,94,20,20
59,2,20,20
84,76,20,20
3,53,20,20
53,3,20,20
59,40,20,20
83,2,20,20
73,1,20,20
83,58,20,20
1,73,20,20
32,77,20,20
32,66,20,20
32,23,20,20
83,63,20,20
32,23,20,20
32,39,20,20
26,3,20,20
26,51,20,20
26,24,20,20
8,32,20,20
70,53,20,20
67,66,20,20
9,59,20,20
68,47,20,20
68,48,20,20
39,32,20,20
14,13,20,20
70,53,20,20
23,29,20,20
23,46,20,20
29,23,20,20
53,70,20,20
53,4,20,20
4,53,20,20
76,81,20,20
46,23,20,20
59,9,20,20
65,95,20,20
70,53,20,20
95,65,20,20
38,68,20,20
38,69,20,20
38,56,20,20
69,38,20,20
13,14,20,20
88,61,20,20
88,96,20,20
88,12,20,20
88,15,20,20
3,51,20,20
51,3,20,20
63,83,20,20
68,47,20,20
68,48,20,20
84,89,20,20
63,3,20,20
3,63,20,20
85,90,20,20
15,88,20,20
75,50,20,20
90,85,20,20
59,9,20,20
84,53,20,20
76,53,20,20
104,115,20,20
104,59,20,20
104,57,20,20
104,9,20,20
104,95,20,20
104,151,20,20
104,79,20,20
104,112,20,20
104,123,20,20
104,44,20,20
104,22,20,20
104,58,20,20
104,31,20,20
104,73,20,20
104,33,20,20
104,34,20,20
104,29,20,20
104,48,20,20
104,63,20,20
104,74,20,20
104,94,20,20
112,104,20,20
29,104,20,20
59,104,20,20
48,104,20,20
21,76,20,20
76,21,20,20
53,70,20,20
53,70,20,20
65,95,20,20
123,104,20,20
95,65,20,20
79,104,20,20
47,76,20,20
76,47,20,20
1,2,20,20
2,1,20,20
1,7,20,20
65,95,20,20
7,1,20,20
151,104,20,20
9,59,20,20
59,9,20,20
68,69,20,20
69,68,20,20
74,104,20,20
48,85,20,20
85,48,20,20
50,75,20,20
9,104,20,20
84,86,20,20
53,1,20,20
84,86,20,20
84,86,20,20
84,86,20,20
84,86,20,20
84,86,20,20
84,86,20,20
7,1,20,20
84,86,20,20
84,86,20,20
84,86,20,20
84,86,20,20
84,86,20,20
84,50,20,20
77,66,20,20
84,40,20,20
108,18,20,20
108,35,20,20
108,18,20,20
57,104,20,20
96,15,20,20
96,61,20,20
96,12,20,20
31,104,20,20
107,18,20,20
11,5,20,20
61,96,20,20
31,25,20,20
33,104,20,20
94,104,20,20
4,16,20,20
1,7,20,20
34,104,20,20
1,53,20,20
95,104,20,20
95,65,20,20
16,4,20,20
73,104,20,20
44,104,20,20
42,64,20,20
12,96,20,20
15,96,20,20
56,71,20,20
56,5,20,20
71,56,20,20
1,53,20,20
115,104,20,20
40,84,20,20
75,50,20,20
75,50,20,20
63,104,20,20
15,33,20,20
33,15,20,20
59,80,20,20
3,67,20,20
3,4,20,20
3,66,20,20
3,8,20,20
3,13,20,20
3,40,20,20
3,68,20,20
3,69,20,20
3,85,20,20
3,17,20,20
36,37,20,20
36,37,20,20
8,3,20,20
1,7,20,20
37,36,20,20
37,36,20,20
17,3,20,20
7,1,20,20
67,3,20,20
3,66,20,20
66,3,20,20
45,24,20,20
24,45,20,20
4,3,20,20
26,27,20,20
5,56,20,20
32,26,20,20
66,3,20,20
26,32,20,20
5,11,20,20
88,15,20,20
76,86,20,20
86,76,20,20
76,86,20,20
53,1,20,20
4,3,20,20
66,9,20,20
17,54,20,20
17,56,20,20
17,15,20,20
4,3,20,20
56,17,20,20
56,88,20,20
53,70,20,20
53,4,20,20
9,66,20,20
53,50,20,20
13,3,20,20
17,14,20,20
13,14,20,20
14,17,20,20
68,3,20,20
50,76,20,20
50,53,20,20
76,50,20,20
14,13,20,20
53,50,20,20
14,13,20,20
36,37,20,20
70,53,20,20
115,67,20,20
13,14,20,20
13,14,20,20
14,13,20,20
4,13,20,20
4,53,20,20
4,35,20,20
88,56,20,20
4,13,20,20
4,35,20,20
4,53,20,20
15,17,20,20
86,4,20,20
86,4,20,20
86,4,20,20
1,68,20,20
65,95,20,20
3,4,20,20
3,4,20,20
9,59,20,20
68,1,20,20
3,8,20,20
3,80,20,20
3,66,20,20
3,26,20,20
3,67,20,20
59,9,20,20
3,66,20,20
3,26,20,20
3,8,20,20
3,67,20,20
3,80,20,20
95,65,20,20
37,36,20,20
80,3,20,20
80,3,20,20
86,44,20,20
84,40,20,20
50,75,20,20
80,59,20,20
8,3,20,20
59,80,20,20
121,124,20,20
79,65,20,20
8,3,20,20
76,86,20,20
59,80,20,20
4,53,20,20
70,86,20,20
86,70,20,20
57,1,20,20
57,88,20,20
53,4,20,20
53,4,20,20
1,57,20,20
88,57,20,20
13,4,20,20
13,4,20,20
35,4,20,20
26,3,20,20
26,3,20,20
75,50,20,20
84,85,20,20
84,48,20,20
59,9,20,20
80,84,20,20
84,80,20,20
35,4,20,20
15,88,20,20
88,15,20,20
73,1,20,20
1,73,20,20
86,56,20,20
86,84,20,20
86,69,20,20
86,68,20,20
86,48,20,20
86,75,20,20
39,81,20,20
39,50,20,20
105,103,20,20
70,53,20,20
47,40,20,20
94,65,20,20
94,14,20,20
94,9,20,20
65,94,20,20
65,94,20,20
9,94,20,20
9,66,20,20
9,67,20,20
66,3,20,20
115,67,20,20
66,3,20,20
66,9,20,20
40,47,20,20
115,66,20,20
67,9,20,20
67,115,20,20
47,40,20,20
56,71,20,20
56,5,20,20
59,80,20,20
39,117,20,20
4,106,20,20
69,86,20,20
69,86,20,20
69,76,20,20
69,68,20,20
69,72,20,20
69,84,20,20
69,80,20,20
40,82,20,20
40,49,20,20
84,69,20,20
85,3,20,20
50,52,20,20
76,75,20,20
101,93,20,20
93,101,20,20
52,50,20,20
101,82,20,20
101,19,20,20
101,57,20,20
45,14,20,20
57,101,20,20
14,45,20,20
76,40,20,20
76,75,20,20
5,56,20,20
53,70,20,20
53,70,20,20
53,4,20,20
43,58,20,20
59,80,20,20
52,50,20,20
26,24,20,20
56,69,20,20
57,18,20,20
77,66,20,20
59,80,20,20
50,84,20,20
84,50,20,20
70,53,20,20
70,53,20,20
94,65,20,20
94,48,20,20
94,7,20,20
94,90,20,20
94,21,20,20
67,115,20,20
69,86,20,20
67,3,20,20
67,3,20,20
53,70,20,20
53,70,20,20
70,48,20,20
70,68,20,20
64,67,20,20
64,66,20,20
70,53,20,20
48,70,20,20
26,77,20,20
65,95,20,20
18,85,20,20
85,18,20,20
26,45,20,20
95,65,20,20
86,19,20,20
66,64,20,20
68,70,20,20
53,70,20,20
53,4,20,20
66,115,20,20
70,53,20,20
85,47,20,20
85,68,20,20
59,94,20,20
59,2,20,20
4,53,20,20
4,53,20,20
94,65,20,20
94,14,20,20
94,9,20,20
14,94,20,20
117,12,20,20
117,15,20,20
12,117,20,20
82,101,20,20
85,56,20,20
85,48,20,20
56,85,20,20
15,117,20,20
47,85,20,20
68,85,20,20
76,69,20,20
84,90,20,20
48,85,20,20
48,85,20,20
90,115,20,20
45,63,20,20
53,70,20,20
9,94,20,20
65,94,20,20
9,64,20,20
65,95,20,20
24,51,20,20
24,18,20,20
51,24,20,20
84,48,20,20
70,53,20,20
63,45,20,20
56,90,20,20
63,122,20,20
64,9,20,20
64,42,20,20
69,68,20,20
86,59,20,20
22,6,20,20
115,90,20,20
70,53,20,20
42,64,20,20
88,29,20,20
59,67,20,20
33,15,20,20
90,56,20,20
54,15,20,20
54,5,20,20
54,17,20,20
5,54,20,20
15,54,20,20
53,48,20,20
86,50,20,20
76,69,20,20
50,86,20,20
86,50,20,20
86,50,20,20
50,86,20,20
86,53,20,20
59,67,20,20
86,50,20,20
53,70,20,20
68,67,20,20
68,66,20,20
68,3,20,20
68,72,20,20
68,15,20,20
68,9,20,20
68,65,20,20
68,69,20,20
68,56,20,20
59,67,20,20
59,67,20,20
76,69,20,20
59,67,20,20
76,50,20,20
86,50,20,20
67,64,20,20
59,67,20,20
68,85,20,20
69,86,20,20
86,59,20,20
86,79,20,20
68,67,20,20
99,18,20,20
77,26,20,20
77,66,20,20
96,15,20,20
96,61,20,20
96,12,20,20
13,40,20,20
13,40,20,20
31,25,20,20
40,65,20,20
40,17,20,20
40,3,20,20
40,8,20,20
8,40,20,20
1,38,20,20
38,1,20,20
17,40,20,20
3,40,20,20
3,13,20,20
3,40,20,20
3,4,20,20
3,8,20,20
3,35,20,20
61,96,20,20
4,17,20,20
4,65,20,20
4,3,20,20
19,101,20,20
26,3,20,20
71,56,20,20
26,51,20,20
26,25,20,20
13,3,20,20
8,3,20,20
55,56,20,20
71,5,20,20
3,51,20,20
3,13,20,20
3,35,20,20
12,96,20,20
4,3,20,20
4,13,20,20
4,35,20,20
4,33,20,20
4,84,20,20
4,76,20,20
4,53,20,20
4,70,20,20
4,75,20,20
4,18,20,20
4,57,20,20
4,29,20,20
4,58,20,20
4,69,20,20
4,68,20,20
4,48,20,20
4,40,20,20
4,16,20,20
4,81,20,20
4,106,20,20
12,72,20,20
12,71,20,20
12,73,20,20
12,15,20,20
33,4,20,20
18,24,20,20
15,12,20,20
75,4,20,20
18,4,20,20
71,12,20,20
14,13,20,20
18,57,20,20
76,4,20,20
75,21,20,20
21,75,20,20
3,67,20,20
3,4,20,20
3,66,20,20
3,8,20,20
3,13,20,20
3,40,20,20
3,68,20,20
3,69,20,20
3,85,20,20
3,17,20,20
3,35,20,20
3,4,20,20
4,3,20,20
75,88,20,20
75,89,20,20
70,53,20,20
70,4,20,20
70,48,20,20
70,68,20,20
107,99,20,20
14,68,20,20
14,80,20,20
14,64,20,20
14,59,20,20
14,69,20,20
15,96,20,20
95,65,20,20
65,40,20,20
106,4,20,20
89,75,20,20
5,72,20,20
5,71,20,20
5,74,20,20
5,73,20,20
5,11,20,20
8,3,20,20
88,75,20,20
72,71,20,20
72,73,20,20
72,12,20,20
72,15,20,20
72,5,20,20
72,117,20,20
72,74,20,20
67,3,20,20
56,15,20,20
15,56,20,20
56,15,20,20
11,5,20,20
15,56,20,20
113,51,20,20
17,3,20,20
76,53,20,20
17,56,20,20
17,15,20,20
17,54,20,20
68,70,20,20
68,14,20,20
68,3,20,20
68,4,20,20
47,48,20,20
56,17,20,20
56,88,20,20
38,9,20,20
9,14,20,20
75,50,20,20
73,12,20,20
73,5,20,20
34,24,20,20
88,56,20,20
59,67,20,20
48,47,20,20
13,14,20,20
57,4,20,20
13,14,20,20
13,3,20,20
13,3,20,20
13,4,20,20
66,3,20,20
50,66,20,20
50,3,20,20
50,69,20,20
50,86,20,20
50,18,20,20
50,8,20,20
50,40,20,20
14,13,20,20
35,3,20,20
86,50,20,20
35,3,20,20
35,4,20,20
66,50,20,20
59,67,20,20
35,3,20,20
14,13,20,20
13,14,20,20
59,94,20,20
59,2,20,20
93,101,20,20
93,18,20,20
93,18,20,20
13,14,20,20
101,93,20,20
14,13,20,20
14,13,20,20
93,18,20,20
14,13,20,20
13,14,20,20
13,14,20,20
13,14,20,20
93,18,20,20
14,13,20,20
13,14,20,20
8,50,20,20
14,13,20,20
14,13,20,20
70,53,20,20
13,14,20,20
18,81,20,20
14,9,20,20
18,93,20,20
18,101,20,20
59,80,20,20
93,18,20,20
71,5,20,20
81,18,20,20
69,86,20,20
101,18,20,20
3,50,20,20
15,17,20,20
42,44,20,20
42,44,20,20
47,48,20,20
53,4,20,20
48,47,20,20
24,34,20,20
13,8,20,20
65,95,20,20
15,50,20,20
15,68,20,20
15,48,20,20
95,65,20,20
86,69,20,20
18,81,20,20
18,93,20,20
48,15,20,20
18,50,20,20
68,15,20,20
74,59,20,20
18,93,20,20
14,13,20,20
9,67,20,20
15,12,20,20
43,42,20,20
43,45,20,20
43,79,20,20
15,12,20,20
45,43,20,20
43,79,20,20
43,29,20,20
12,15,20,20
40,13,20,20
18,93,20,20
18,93,20,20
56,90,20,20
14,38,20,20
86,69,20,20
66,77,20,20
13,14,20,20
13,14,20,20
14,13,20,20
40,49,20,20
13,40,20,20
38,1,20,20
59,67,20,20
59,94,20,20
59,74,20,20
122,63,20,20
15,56,20,20
56,15,20,20
122,63,20,20
50,75,20,20
75,50,20,20
75,50,20,20
14,13,20,20
56,5,20,20
79,43,20,20
59,80,20,20
59,2,20,20
12,15,20,20
76,21,20,20
75,50,20,20
14,90,20,20
90,14,20,20
90,56,20,20
84,53,20,20
40,106,20,20
5,56,20,20
38,1,20,20
49,40,20,20
8,13,20,20
38,1,20,20
63,22,20,20
63,98,20,20
63,43,20,20
63,122,20,20
13,14,20,20
13,14,20,20
98,63,20,20
14,13,20,20
14,13,20,20
13,14,20,20
13,14,20,20
14,13,20,20
75,50,20,20
14,13,20,20
10,112,20,20
112,10,20,20
93,18,20,20
13,14,20,20
13,14,20,20
14,13,20,20
14,13,20,20
13,14,20,20
65,95,20,20
7,103,20,20
4,106,20,20
13,14,20,20
14,13,20,20
14,13,20,20
14,13,20,20
13,17,20,20
59,2,20,20
13,14,20,20
13,14,20,20
13,14,20,20
14,13,20,20
14,13,20,20
13,14,20,20
13,14,20,20
14,13,20,20
14,13,20,20
14,13,20,20
59,44,20,20
77,66,20,20
77,13,20,20
77,5,20,20
77,14,20,20
43,63,20,20
94,14,20,20
94,65,20,20
94,9,20,20
14,94,20,20
65,94,20,20
13,14,20,20
13,14,20,20
13,14,20,20
48,53,20,20
14,13,20,20
71,5,20,20
36,37,20,20
54,17,20,20
9,94,20,20
42,43,20,20
14,77,20,20
50,76,20,20
85,3,20,20
50,52,20,20
38,37,20,20
76,50,20,20
77,14,20,20
18,57,20,20
85,18,20,20
77,14,20,20
57,18,20,20
77,66,20,20
77,9,20,20
18,85,20,20
77,66,20,20
52,50,20,20
95,65,20,20
44,91,20,20
3,8,20,20
8,3,20,20
50,86,20,20
50,52,20,20
52,50,20,20
86,50,20,20
50,75,20,20
40,8,20,20
17,13,20,20
71,72,20,20
71,15,20,20
71,73,20,20
71,5,20,20
8,40,20,20
121,106,20,20
77,66,20,20
53,70,20,20
53,70,20,20
48,68,20,20
88,15,20,20
88,61,20,20
88,96,20,20
88,12,20,20
53,86,20,20
68,48,20,20
50,75,20,20
53,84,20,20
75,50,20,20
67,9,20,20
48,70,20,20
75,50,20,20
69,27,20,20
48,53,20,20
53,48,20,20
39,27,20,20
13,17,20,20
75,50,20,20
86,53,20,20
47,90,20,20
73,1,20,20
8,66,20,20
8,80,20,20
8,3,20,20
53,70,20,20
39,50,20,20
76,75,20,20
76,40,20,20
3,8,20,20
40,49,20,20
70,53,20,20
49,40,20,20
43,42,20,20
50,86,20,20
50,52,20,20
42,43,20,20
86,50,20,20
38,1,20,20
1,73,20,20
50,75,20,20
48,68,20,20
95,98,20,20
51,3,20,20
51,113,20,20
52,50,20,20
75,50,20,20
68,47,20,20
53,70,20,20
69,86,20,20
79,43,20,20
38,37,20,20
86,13,20,20
86,4,20,20
86,84,20,20
50,75,20,20
54,15,20,20
54,12,20,20
54,5,20,20
5,54,20,20
4,86,20,20
4,13,20,20
4,35,20,20
4,86,20,20
4,13,20,20
4,35,20,20
13,4,21,21
13,4,21,21
16,4,21,21
13,8,21,21
96,15,21,21
96,61,21,21
96,12,21,21
25,31,21,21
25,31,21,21
25,31,21,21
42,3,21,21
29,45,21,21
29,4,21,21
54,17,21,21
3,42,21,21
37,36,21,21
61,96,21,21
75,50,21,21
18,93,21,21
19,18,21,21
70,53,21,21
70,4,21,21
74,5,21,21
5,27,21,21
94,65,21,21
94,14,21,21
94,9,21,21
14,94,21,21
45,29,21,21
3,13,21,21
3,40,21,21
3,17,21,21
3,66,21,21
3,67,21,21
3,8,21,21
3,4,21,21
3,68,21,21
3,69,21,21
3,85,21,21
45,29,21,21
17,3,21,21
66,3,21,21
66,8,21,21
4,3,21,21
66,64,21,21
26,32,21,21
8,3,21,21
3,51,21,21
29,45,21,21
29,88,21,21
13,3,21,21
8,13,21,21
71,5,21,21
13,8,21,21
71,5,21,21
115,72,21,21
37,38,21,21
115,67,21,21
115,66,21,21
29,22,21,21
115,67,21,21
115,66,21,21
13,77,21,21
13,40,21,21
13,3,21,21
13,8,21,21
115,67,21,21
66,67,21,21
66,115,21,21
115,66,21,21
15,96,21,21
4,3,21,21
4,18,21,21
4,13,21,21
4,35,21,21
4,53,21,21
13,4,21,21
98,95,21,21
151,71,21,21
13,40,21,21
151,71,21,21
65,94,21,21
88,29,21,21
53,4,21,21
47,48,21,21
65,94,21,21
32,26,21,21
26,32,21,21
80,64,21,21
9,94,21,21
32,26,21,21
27,39,21,21
54,15,21,21
67,115,21,21
67,66,21,21
121,106,21,21
67,115,21,21
67,115,21,21
94,65,21,21
3,4,21,21
27,69,21,21
48,47,21,21
26,32,21,21
1,23,21,21
68,3,21,21
58,104,21,21
17,56,21,21
17,15,21,21
17,54,21,21
32,27,21,21
32,39,21,21
56,17,21,21
18,4,21,21
56,88,21,21
58,29,21,21
88,56,21,21
58,4,21,21
29,58,21,21
53,4,21,21
53,70,21,21
54,15,21,21
80,8,21,21
4,53,21,21
80,14,21,21
9,59,21,21
54,15,21,21
54,5,21,21
54,5,21,21
15,54,21,21
59,9,21,21
54,17,21,21
5,54,21,21
32,23,21,21
66,115,21,21
66,115,21,21
5,54,21,21
42,80,21,21
42,64,21,21
75,50,21,21
68,48,21,21
50,75,21,21
58,83,21,21
70,53,21,21
64,80,21,21
64,80,21,21
64,66,21,21
61,54,21,21
51,3,21,21
9,59,21,21
59,9,21,21
54,61,21,21
75,50,21,21
71,15,21,21
71,72,21,21
71,73,21,21
71,5,21,21
59,9,21,21
86,4,21,21
86,4,21,21
86,4,21,21
23,32,21,21
39,32,21,21
65,94,21,21
14,1,21,21
84,47,21,21
1,14,21,21
21,69,21,21
15,17,21,21
76,75,21,21
11,5,21,21
59,9,21,21
15,39,21,21
64,14,21,21
64,42,21,21
47,84,21,21
84,47,21,21
39,15,21,21
66,67,21,21
23,1,21,21
23,1,21,21
9,66,21,21
9,67,21,21
45,60,21,21
14,13,21,21
75,50,21,21
14,42,21,21
13,14,21,21
42,64,21,21
59,65,21,21
5,11,21,21
77,13,21,21
15,54,21,21
42,64,21,21
42,14,21,21
42,14,21,21
14,42,21,21
60,45,21,21
66,9,21,21
53,70,21,21
53,4,21,21
4,53,21,21
48,4,21,21
48,68,21,21
48,68,21,21
64,42,21,21
59,68,21,21
59,56,21,21
59,86,21,21
59,84,21,21
59,48,21,21
59,76,21,21
59,47,21,21
59,94,21,21
59,69,21,21
59,85,21,21
59,89,21,21
59,88,21,21
59,2,21,21
94,65,21,21
94,65,21,21
94,14,21,21
14,94,21,21
65,94,21,21
59,2,21,21
65,94,21,21
69,86,21,21
74,4,21,21
1,23,21,21
84,50,21,21
74,59,21,21
64,69,21,21
64,42,21,21
64,66,21,21
64,68,21,21
64,72,21,21
64,23,21,21
64,113,21,21
64,67,21,21
67,9,21,21
84,4,21,21
4,74,21,21
59,74,21,21
50,75,21,21
70,53,21,21
86,40,21,21
86,93,21,21
86,101,21,21
86,27,21,21
47,50,21,21
76,53,21,21
75,50,21,21
53,76,21,21
4,84,21,21
4,70,21,21
4,93,21,21
4,101,21,21
4,27,21,21
76,53,21,21
101,4,21,21
93,4,21,21
76,53,21,21
84,4,21,21
53,76,21,21
27,32,21,21
76,53,21,21
27,4,21,21
68,59,21,21
68,2,21,21
68,94,21,21
70,4,21,21
85,3,21,21
67,66,21,21
40,41,21,21
40,16,21,21
94,65,21,21
77,15,21,21
77,3,21,21
94,65,21,21
94,59,21,21
94,2,21,21
2,94,21,21
59,94,21,21
70,48,21,21
70,68,21,21
3,50,21,21
68,70,21,21
76,89,21,21
48,70,21,21
76,69,21,21
76,69,21,21
40,106,21,21
65,94,21,21
76,75,21,21
22,42,21,21
66,67,21,21
5,77,21,21
27,90,21,21
64,14,21,21
77,5,21,21
77,5,21,21
14,64,21,21
77,14,21,21
16,40,21,21
32,45,21,21
7,42,21,21
81,27,21,21
54,1,21,21
54,15,21,21
56,88,21,21
15,54,21,21
1,54,21,21
54,15,21,21
62,15,21,21
62,3,21,21
62,27,21,21
62,66,21,21
3,62,21,21
67,18,21,21
67,66,21,21
67,31,21,21
67,66,21,21
7,42,21,21
67,3,21,21
3,40,21,21
3,8,21,21
3,13,21,21
3,35,21,21
3,4,21,21
3,51,21,21
3,52,21,21
3,50,21,21
3,53,21,21
3,20,21,21
66,62,21,21
66,67,21,21
52,3,21,21
53,3,21,21
18,85,21,21
18,67,21,21
85,18,21,21
14,77,21,21
9,67,21,21
9,66,21,21
53,70,21,21
27,62,21,21
13,3,21,21
27,81,21,21
77,14,21,21
80,115,21,21
50,77,21,21
50,3,21,21
115,80,21,21
3,42,21,21
3,53,21,21
3,50,21,21
18,86,21,21
18,19,21,21
18,40,21,21
53,3,21,21
19,18,21,21
20,3,21,21
8,3,21,21
67,9,21,21
67,9,21,21
67,66,21,21
31,67,21,21
18,47,21,21
18,13,21,21
18,40,21,21
18,81,21,21
52,50,21,21
54,15,21,21
42,3,21,21
42,3,21,21
3,42,21,21
4,3,21,21
13,18,21,21
7,44,21,21
50,86,21,21
86,50,21,21
75,40,21,21
50,47,21,21
86,50,21,21
70,53,21,21
47,50,21,21
50,86,21,21
86,50,21,21
65,94,21,21
15,77,21,21
53,70,21,21
53,4,21,21
15,62,21,21
15,54,21,21
70,53,21,21
86,18,21,21
15,54,21,21
76,40,21,21
76,75,21,21
90,80,21,21
66,9,21,21
29,45,21,21
70,53,21,21
45,29,21,21
53,70,21,21
88,56,21,21
90,27,21,21
59,94,21,21
9,66,21,21
9,67,21,21
47,18,21,21
47,81,21,21
54,88,21,21
54,56,21,21
54,15,21,21
54,61,21,21
75,50,21,21
56,54,21,21
29,23,21,21
23,29,21,21
88,54,21,21
15,54,21,21
86,57,21,21
66,9,21,21
66,9,21,21
29,5,21,21
86,19,21,21
5,29,21,21
53,70,21,21
53,76,21,21
83,58,21,21
76,53,21,21
76,40,21,21
1,38,21,21
48,85,21,21
85,48,21,21
9,66,21,21
86,93,21,21
86,101,21,21
86,27,21,21
54,15,21,21
54,61,21,21
54,96,21,21
54,88,21,21
54,29,21,21
54,119,21,21
54,120,21,21
54,56,21,21
54,39,21,21
1,5,21,21
1,6,21,21
1,7,21,21
1,2,21,21
1,3,21,21
1,8,21,21
1,9,21,21
1,10,21,21
1,11,21,21
1,12,21,21
1,65,21,21
1,13,21,21
1,14,21,21
1,15,21,21
1,4,21,21
1,16,21,21
1,17,21,21
138,47,21,21
139,57,21,21
143,80,21,21
134,1,21,21
140,122,21,21
143,80,21,21
150,36,21,21
138,47,21,21
139,57,21,21
141,104,21,21
142,86,21,21
150,36,21,21
140,122,21,21
134,1,21,21
144,38,21,21
140,122,21,21
145,68,21,21
148,84,21,21
138,47,21,21
139,57,21,21
150,36,21,21
57,86,21,21
40,76,21,21
145,68,21,21
148,84,21,21
40,75,21,21
4,53,21,21
4,53,21,21
4,70,21,21
96,15,21,21
96,61,21,21
96,12,21,21
101,86,21,21
141,104,21,21
144,38,21,21
142,86,21,21
29,54,21,21
94,65,21,21
14,13,21,21
33,15,21,21
39,54,21,21
37,38,21,21
12,96,21,21
12,96,21,21
12,54,21,21
75,40,21,21
75,76,21,21
70,4,21,21
70,53,21,21
61,96,21,21
3,67,21,21
3,8,21,21
3,68,21,21
3,17,21,21
3,66,21,21
3,13,21,21
3,40,21,21
3,4,21,21
3,69,21,21
3,85,21,21
8,3,21,21
56,54,21,21
40,49,21,21
40,82,21,21
144,38,21,21
139,57,21,21
138,47,21,21
17,3,21,21
96,54,21,21
50,101,21,21
101,50,21,21
75,93,21,21
18,19,21,21
18,55,21,21
18,108,21,21
18,107,21,21
18,57,21,21
18,99,21,21
19,18,21,21
57,18,21,21
66,3,21,21
15,96,21,21
15,33,21,21
15,33,21,21
15,54,21,21
18,3,21,21
75,50,21,21
143,80,21,21
55,18,21,21
93,75,21,21
13,3,21,21
35,3,21,21
88,54,21,21
65,94,21,21
50,75,21,21
13,14,21,21
35,4,21,21
53,4,21,21
35,4,21,21
35,4,21,21
50,86,21,21
50,69,21,21
13,14,21,21
14,13,21,21
54,15,21,21
14,13,21,21
4,3,21,21
3,18,21,21
94,65,21,21
17,15,21,21
17,56,21,21
17,54,21,21
13,14,21,21
15,17,21,21
54,17,21,21
3,13,21,21
3,35,21,21
3,53,21,21
56,17,21,21
94,65,21,21
94,14,21,21
94,9,21,21
50,75,21,21
56,88,21,21
13,14,21,21
54,58,21,21
58,54,21,21
33,15,21,21
75,50,21,21
13,3,21,21
75,50,21,21
15,27,21,21
15,54,21,21
35,3,21,21
14,13,21,21
53,3,21,21
14,94,21,21
58,54,21,21
67,3,21,21
54,58,21,21
67,9,21,21
58,54,21,21
69,9,21,21
69,84,21,21
69,86,21,21
69,76,21,21
65,94,21,21
68,3,21,21
77,15,21,21
77,15,21,21
9,94,21,21
77,50,21,21
77,50,21,21
77,3,21,21
11,5,21,21
5,11,21,21
54,29,21,21
54,39,21,21
54,15,21,21
54,5,21,21
27,15,21,21
5,54,21,21
29,54,21,21
88,56,21,21
59,69,21,21
59,56,21,21
59,86,21,21
59,84,21,21
59,88,21,21
59,68,21,21
59,85,21,21
59,89,21,21
59,48,21,21
59,76,21,21
59,47,21,21
59,94,21,21
59,2,21,21
86,50,21,21
27,66,21,21
27,62,21,21
27,26,21,21
27,13,21,21
27,3,21,21
27,15,21,21
27,5,21,21
27,40,21,21
27,8,21,21
27,39,21,21
86,57,21,21
5,27,21,21
112,94,21,21
86,101,21,21
39,27,21,21
62,27,21,21
142,86,21,21
141,104,21,21
84,50,21,21
143,80,21,21
71,15,21,21
71,72,21,21
71,73,21,21
71,5,21,21
140,122,21,21
14,13,21,21
39,54,21,21
143,80,21,21
3,27,21,21
39,120,21,21
39,119,21,21
26,27,21,21
65,95,21,21
3,13,21,21
3,51,21,21
3,52,21,21
3,50,21,21
3,4,21,21
3,35,21,21
3,8,21,21
3,18,21,21
3,53,21,21
3,40,21,21
139,57,21,21
8,27,21,21
8,3,21,21
13,27,21,21
13,3,21,21
13,14,21,21
13,14,21,21
14,13,21,21
51,3,21,21
14,13,21,21
51,3,21,21
13,14,21,21
52,3,21,21
13,14,21,21
14,13,21,21
14,13,21,21
13,14,21,21
13,14,21,21
14,13,21,21
14,13,21,21
13,14,21,21
14,13,21,21
13,14,21,21
13,14,21,21
13,14,21,21
14,13,21,21
14,13,21,21
14,13,21,21
13,14,21,21
4,3,21,21
74,59,21,21
15,54,21,21
141,104,21,21
142,86,21,21
50,84,21,21
84,50,21,21
134,1,21,21
15,27,21,21
74,4,21,21
4,74,21,21
35,3,21,21
50,77,21,21
3,53,21,21
140,122,21,21
84,70,21,21
84,57,21,21
53,3,21,21
53,3,21,21
76,40,21,21
76,40,21,21
76,75,21,21
76,75,21,21
150,36,21,21
77,50,21,21
77,66,21,21
76,50,21,21
40,76,21,21
76,40,21,21
57,84,21,21
71,73,21,21
76,50,21,21
15,83,21,21
41,40,21,21
21,47,21,21
3,69,21,21
83,15,21,21
76,123,21,21
59,74,21,21
65,44,21,21
14,117,21,21
138,47,21,21
139,57,21,21
4,106,21,21
144,38,21,21
38,37,21,21
76,40,21,21
50,76,21,21
14,31,21,21
31,14,21,21
44,65,21,21
40,76,21,21
37,38,21,21
50,76,21,21
76,50,21,21
76,40,21,21
76,40,21,21
76,50,21,21
47,21,21,21
84,48,21,21
84,57,21,21
84,57,21,21
86,90,21,21
69,86,21,21
21,88,21,21
88,21,21,21
134,1,21,21
140,122,21,21
145,68,21,21
148,84,21,21
42,32,21,21
120,39,21,21
144,38,21,21
84,64,21,21
14,13,21,21
64,22,21,21
64,66,21,21
64,15,21,21
64,3,21,21
64,67,21,21
38,37,21,21
7,44,21,21
32,24,21,21
32,66,21,21
32,26,21,21
32,83,21,21
32,9,21,21
42,69,21,21
42,84,21,21
42,86,21,21
42,47,21,21
42,15,21,21
42,76,21,21
42,68,21,21
42,74,21,21
42,73,21,21
42,72,21,21
42,68,21,21
42,69,21,21
42,72,21,21
42,15,21,21
84,64,21,21
44,7,21,21
7,44,21,21
13,14,21,21
13,14,21,21
14,13,21,21
14,13,21,21
13,14,21,21
75,50,21,21
13,14,21,21
14,13,21,21
14,13,21,21
3,64,21,21
37,38,21,21
85,3,21,21
14,13,21,21
13,14,21,21
13,14,21,21
13,14,21,21
13,14,21,21
14,13,21,21
14,13,21,21
14,13,21,21
13,14,21,21
13,14,21,21
150,36,21,21
154,68,21,21
155,136,21,21
156,84,21,21
143,80,21,21
143,80,21,21
143,80,21,21
157,80,21,21
158,64,21,21
145,68,21,21
145,68,21,21
145,68,21,21
148,84,21,21
148,84,21,21
148,84,21,21
14,13,21,21
138,47,21,21
138,47,21,21
138,47,21,21
139,57,21,21
14,13,21,21
121,106,21,21
13,14,21,21
61,54,21,21
84,4,21,21
84,13,21,21
84,69,21,21
84,35,21,21
84,40,21,21
84,3,21,21
21,76,21,21
76,21,21,21
59,67,21,21
66,26,21,21
66,45,21,21
45,66,21,21
80,68,21,21
80,85,21,21
141,104,21,21
85,80,21,21
142,86,21,21
68,80,21,21
26,66,21,21
138,47,21,21
139,57,21,21
59,67,21,21
59,69,21,21
76,69,21,21
140,122,21,21
144,38,21,21
141,104,21,21
142,86,21,21
142,86,21,21
142,86,21,21
48,53,21,21
53,48,21,21
64,84,21,21
84,64,21,21
18,3,21,21
44,9,21,21
44,1,21,21
1,44,21,21
62,3,21,21
62,15,21,21
15,62,21,21
48,68,21,21
48,53,21,21
9,44,21,21
67,80,21,21
76,89,21,21
56,76,21,21
67,64,21,21
76,56,21,21
15,64,21,21
68,48,21,21
54,96,21,21
4,70,21,21
4,53,21,21
14,13,21,21
142,86,21,21
141,104,21,21
69,76,21,21
76,56,21,21
140,122,21,21
13,14,21,21
13,14,21,21
14,13,21,21
134,1,21,21
47,54,21,21
81,27,21,21
53,4,21,21
53,48,21,21
150,36,21,21
27,81,21,21
59,69,21,21
3,62,21,21
90,68,21,21
70,4,21,21
1,90,21,21
1,69,21,21
1,3,21,21
1,68,21,21
1,9,21,21
1,14,21,21
1,15,21,21
1,5,21,21
1,17,21,21
1,11,21,21
1,65,21,21
65,1,21,21
3,13,21,21
3,8,21,21
3,35,21,21
3,18,21,21
3,52,21,21
3,51,21,21
3,20,21,21
69,3,21,21
69,50,21,21
69,86,21,21
69,40,21,21
69,66,21,21
52,3,21,21
86,40,21,21
86,75,21,21
86,93,21,21
86,101,21,21
86,27,21,21
3,1,21,21
5,1,21,21
39,29,21,21
56,76,21,21
76,56,21,21
68,90,21,21
69,3,21,21
69,80,21,21
9,1,21,21
68,1,21,21
80,69,21,21
3,80,21,21
3,69,21,21
3,26,21,21
3,8,21,21
3,50,21,21
3,40,21,21
3,66,21,21
69,80,21,21
73,42,21,21
69,84,21,21
140,122,21,21
145,68,21,21
148,84,21,21
80,69,21,21
69,80,21,21
86,81,21,21
21,76,21,21
66,3,21,21
76,21,21,21
54,32,21,21
54,5,21,21
66,64,21,21
8,3,21,21
8,3,21,21
29,39,21,21
80,69,21,21
1,38,21,21
61,54,21,21
90,1,21,21
71,5,21,21
141,104,21,21
142,86,21,21
134,1,21,21
59,2,21,21
69,76,21,21
69,76,21,21
69,84,21,21
69,76,21,21
69,80,21,21
69,72,21,21
69,86,21,21
69,68,21,21
143,80,21,21
134,1,21,21
80,69,21,21
47,42,21,21
143,80,21,21
68,85,21,21
86,50,21,21
59,68,21,21
59,69,21,21
59,56,21,21
59,64,21,21
76,69,21,21
59,69,21,21
150,36,21,21
68,85,21,21
69,64,21,21
138,47,21,21
139,57,21,21
134,1,21,21
145,68,21,21
148,84,21,21
90,14,21,21
5,54,21,21
140,122,21,21
134,1,21,21
84,50,21,21
110,46,21,21
142,86,21,21
11,1,21,21
13,3,21,21
96,15,21,21
96,61,21,21
96,12,21,21
42,47,21,21
42,47,21,21
42,73,21,21
17,1,21,21
61,96,21,21
11,5,21,21
94,65,21,21
94,14,21,21
94,9,21,21
14,90,21,21
63,3,21,21
3,63,21,21
5,11,21,21
3,63,21,21
3,53,21,21
26,3,21,21
53,3,21,21
12,96,21,21
15,1,21,21
15,96,21,21
96,54,21,21
71,58,21,21
32,54,21,21
52,103,21,21
4,70,21,21
3,40,21,21
3,69,21,21
3,66,21,21
3,67,21,21
3,8,21,21
3,13,21,21
3,4,21,21
3,68,21,21
3,85,21,21
3,17,21,21
26,45,21,21
47,42,21,21
103,52,21,21
17,3,21,21
47,42,21,21
35,3,21,21
13,3,21,21
38,37,21,21
8,3,21,21
44,112,21,21
27,26,21,21
71,5,21,21
4,3,21,21
20,3,21,21
88,15,21,21
63,3,21,21
53,68,21,21
63,42,21,21
15,88,21,21
88,15,21,21
24,45,21,21
45,24,21,21
65,94,21,21
65,94,21,21
17,56,21,21
17,15,21,21
17,54,21,21
15,17,21,21
56,17,21,21
56,88,21,21
68,53,21,21
54,17,21,21
88,56,21,21
68,3,21,21
94,65,21,21
67,3,21,21
4,53,21,21
26,27,21,21
53,4,21,21
70,4,21,21
4,70,21,21
75,50,21,21
76,89,21,21
24,26,21,21
24,83,21,21
47,68,21,21
50,75,21,21
38,56,21,21
68,47,21,21
26,24,21,21
71,15,21,21
71,5,21,21
71,72,21,21
71,73,21,21
75,50,21,21
88,54,21,21
88,15,21,21
84,80,21,21
84,7,21,21
84,80,21,21
38,37,21,21
40,15,21,21
40,61,21,21
59,44,21,21
25,26,21,21
21,76,21,21
76,21,21,21
76,69,21,21
47,68,21,21
115,68,21,21
115,67,21,21
115,69,21,21
15,40,21,21
69,76,21,21
84,53,21,21
61,40,21,21
45,26,21,21
45,24,21,21
24,45,21,21
50,75,21,21
75,50,21,21
74,42,21,21
68,3,21,21
68,50,21,21
68,66,21,21
68,53,21,21
68,17,21,21
68,9,21,21
68,67,21,21
68,69,21,21
68,115,21,21
50,84,21,21
68,47,21,21
84,50,21,21
84,50,21,21
68,48,21,21
84,50,21,21
50,84,21,21
84,50,21,21
42,47,21,21
70,53,21,21
69,76,21,21
50,84,21,21
69,84,21,21
84,50,21,21
42,74,21,21
42,74,21,21
76,69,21,21
74,42,21,21
12,71,21,21
12,72,21,21
117,71,21,21
117,15,21,21
38,72,21,21
50,70,21,21
15,117,21,21
29,54,21,21
67,115,21,21
69,86,21,21
69,84,21,21
69,68,21,21
86,40,21,21
86,70,21,21
86,93,21,21
86,101,21,21
86,27,21,21
26,25,21,21
26,45,21,21
32,25,21,21
32,26,21,21
28,27,21,21
28,102,21,21
13,17,21,21
13,3,21,21
13,35,21,21
13,4,21,21
13,40,21,21
70,50,21,21
28,83,21,21
28,54,21,21
25,26,21,21
25,27,21,21
84,53,21,21
13,14,21,21
14,42,21,21
14,13,21,21
152,26,21,21
28,20,21,21
14,13,21,21
86,50,21,21
40,70,21,21
13,14,21,21
53,84,21,21
53,70,21,21
84,53,21,21
42,14,21,21
20,28,21,21
4,106,21,21
42,14,21,21
75,50,21,21
54,29,21,21
54,28,21,21
75,50,21,21
20,8,21,21
20,13,21,21
20,53,21,21
20,52,21,21
52,20,21,21
86,75,21,21
86,40,21,21
53,20,21,21
14,42,21,21
75,50,21,21
5,72,21,21
13,20,21,21
26,25,21,21
53,70,21,21
53,4,21,21
50,86,21,21
9,67,21,21
9,69,21,21
9,68,21,21
9,3,21,21
9,17,21,21
9,66,21,21
67,9,21,21
86,50,21,21
4,53,21,21
68,9,21,21
50,86,21,21
56,61,21,21
56,96,21,21
56,15,21,21
54,15,21,21
54,5,21,21
96,56,21,21
56,61,21,21
56,96,21,21
3,9,21,21
17,9,21,21
50,38,21,21
3,50,21,21
3,53,21,21
3,8,21,21
3,13,21,21
53,3,21,21
2,40,21,21
74,59,21,21
66,3,21,21
66,9,21,21
76,53,21,21
15,56,21,21
15,54,21,21
83,24,21,21
70,53,21,21
37,36,21,21
13,3,21,21
83,28,21,21
36,37,21,21
13,35,21,21
76,81,21,21
83,15,21,21
59,74,21,21
54,88,21,21
8,3,21,21
8,20,21,21
9,94,21,21
8,13,21,21
86,19,21,21
86,50,21,21
96,56,21,21
86,84,21,21
86,75,21,21
86,69,21,21
86,48,21,21
88,54,21,21
94,65,21,21
94,9,21,21
94,14,21,21
14,94,21,21
13,8,21,21
84,70,21,21
84,81,21,21
84,4,21,21
84,93,21,21
84,101,21,21
84,27,21,21
121,106,21,21
115,26,21,21
115,66,21,21
76,19,21,21
5,54,21,21
28,20,21,21
68,48,21,21
20,28,21,21
20,28,21,21
59,115,21,21
39,50,21,21
43,80,21,21
29,23,21,21
28,20,21,21
28,20,21,21
80,43,21,21
9,94,21,21
23,29,21,21
23,29,21,21
29,23,21,21
29,23,21,21
27,28,21,21
23,29,21,21
86,19,21,21
27,25,21,21
23,29,21,21
84,67,21,21
27,25,21,21
24,66,21,21
24,26,21,21
24,15,21,21
24,83,21,21
24,77,21,21
35,13,21,21
59,94,21,21
59,2,21,21
29,23,21,21
21,84,21,21
84,21,21,21
84,50,21,21
44,67,21,21
47,50,21,21
67,44,21,21
50,47,21,21
47,50,21,21
84,86,21,21
77,66,21,21
77,9,21,21
68,14,21,21
115,67,21,21
50,68,21,21
83,24,21,21
67,115,21,21
59,2,21,21
15,24,21,21
68,50,21,21
9,66,21,21
9,67,21,21
86,40,21,21
54,5,21,21
54,15,21,21
44,67,21,21
38,1,21,21
38,37,21,21
38,36,21,21
25,27,21,21
25,27,21,21
20,28,21,21
99,18,21,21
40,16,21,21
61,56,21,21
61,56,21,21
5,54,21,21
20,28,21,21
38,1,21,21
38,36,21,21
38,63,21,21
16,40,21,21
3,42,21,21
3,13,21,21
15,83,21,21
15,54,21,21
13,3,21,21
28,20,21,21
44,14,21,21
14,44,21,21
42,3,21,21
75,50,21,21
63,38,21,21
96,15,21,21
96,12,21,21
96,61,21,21
12,96,21,21
3,66,21,21
3,35,21,21
3,67,21,21
3,8,21,21
3,13,21,21
3,40,21,21
3,4,21,21
3,68,21,21
3,85,21,21
3,69,21,21
3,17,21,21
26,115,21,21
50,3,21,21
3,50,21,21
52,103,21,21
27,25,21,21
15,96,21,21
103,52,21,21
75,19,21,21
13,3,21,21
8,3,21,21
35,3,21,21
72,71,21,21
80,64,21,21
80,42,21,21
27,28,21,21
72,71,21,21
72,74,21,21
72,73,21,21
35,13,21,21
13,35,21,21
12,74,21,21
12,72,21,21
67,3,21,21
67,9,21,21
56,15,21,21
56,5,21,21
65,94,21,21
17,3,21,21
75,50,21,21
86,69,21,21
86,68,21,21
86,48,21,21
86,56,21,21
42,80,21,21
11,5,21,21
74,12,21,21
64,80,21,21
15,56,21,21
32,42,21,21
4,3,21,21
66,3,21,21
61,96,21,21
43,42,21,21
43,79,21,21
5,56,21,21
66,77,21,21
59,67,21,21
26,24,21,21
66,115,21,21
28,27,21,21
17,56,21,21
17,15,21,21
17,54,21,21
15,17,21,21
18,1,21,21
1,18,21,21
68,3,21,21
56,17,21,21
56,88,21,21
66,24,21,21
66,9,21,21
68,47,21,21
21,72,21,21
88,15,21,21
88,54,21,21
5,11,21,21
42,43,21,21
42,32,21,21
74,59,21,21
51,3,21,21
7,112,21,21
19,75,21,21
75,50,21,21
59,74,21,21
2,40,21,21
54,17,21,21
13,3,21,21
14,13,21,21
13,14,21,21
54,15,21,21
54,88,21,21
88,54,21,21
3,13,21,21
71,12,21,21
71,117,21,21
28,20,21,21
88,56,21,21
94,14,21,21
94,65,21,21
94,9,21,21
14,94,21,21
54,15,21,21
71,15,21,21
71,72,21,21
71,73,21,21
71,5,21,21
65,94,21,21
77,66,21,21
75,50,21,21
9,94,21,21
36,149,21,21
149,36,21,21
80,26,21,21
80,32,21,21
80,44,21,21
80,100,21,21
80,66,21,21
66,80,21,21
44,80,21,21
68,48,21,21
64,15,21,21
64,67,21,21
64,66,21,21
64,22,21,21
64,33,21,21
115,67,21,21
115,72,21,21
26,80,21,21
2,74,21,21
2,40,21,21
59,86,21,21
59,84,21,21
59,76,21,21
59,2,21,21
59,68,21,21
59,69,21,21
59,56,21,21
59,85,21,21
59,89,21,21
59,48,21,21
59,88,21,21
59,47,21,21
59,94,21,21
32,80,21,21
53,40,21,21
84,76,21,21
26,3,21,21
26,15,21,21
37,36,21,21
37,38,21,21
37,1,21,21
74,2,21,21
1,37,21,21
88,54,21,21
86,50,21,21
86,19,21,21
3,51,21,21
54,88,21,21
15,64,21,21
77,66,21,21
88,54,21,21
15,54,21,21
15,54,21,21
39,68,21,21
56,96,21,21
80,66,21,21
66,80,21,21
66,77,21,21
68,39,21,21
76,84,21,21
84,76,21,21
88,15,21,21
88,61,21,21
88,96,21,21
68,47,21,21
22,6,21,21
96,56,21,21
2,40,21,21
2,74,21,21
68,90,21,21
27,25,21,21
27,26,21,21
25,27,21,21
88,61,21,21
88,96,21,21
88,12,21,21
88,15,21,21
88,61,21,21
88,96,21,21
88,12,21,21
88,15,21,21
48,70,21,21
95,30,21,21
26,27,21,21
74,2,21,21
25,27,21,21
25,26,21,21
26,25,21,21
27,25,21,21
56,69,21,21
44,67,21,21
37,36,21,21
37,38,21,21
37,1,21,21
67,44,21,21
29,70,21,21
67,80,21,21
70,53,21,21
70,29,21,21
70,29,21,21
94,14,21,21
94,65,21,21
75,50,21,21
14,94,21,21
66,67,21,21
29,70,21,21
66,64,21,21
44,80,21,21
71,117,21,21
1,37,21,21
71,104,21,21
44,80,21,21
36,1,21,21
36,37,21,21
36,38,21,21
53,70,21,21
37,36,21,21
37,36,21,21
37,36,21,21
37,36,21,21
37,36,21,21
1,36,21,21
20,28,21,21
37,149,21,21
149,37,21,21
9,67,21,21
9,66,21,21
62,27,21,21
80,115,21,21
32,24,21,21
32,24,21,21
32,24,21,21
74,4,21,21
20,28,21,21
53,4,21,21
53,70,21,21
90,84,21,21
90,69,21,21
66,9,21,21
70,53,21,21
70,53,21,21
80,115,21,21
68,48,21,21
65,94,21,21
28,20,21,21
84,90,21,21
44,14,21,21
14,44,21,21
84,69,21,21
76,19,21,21
76,57,21,21
88,61,21,21
88,96,21,21
27,62,21,21
84,69,21,21
54,5,21,21
30,95,21,21
5,54,21,21
56,88,21,21
86,59,21,21
88,15,21,21
39,15,21,21
39,5,21,21
39,54,21,21
39,66,21,21
54,39,21,21
15,39,21,21
115,80,21,21
69,86,21,21
90,68,21,21
68,90,21,21
12,72,21,21
12,71,21,21
12,73,21,21
12,15,21,21
67,9,21,21
67,9,21,21
67,66,21,21
67,66,21,21
67,115,21,21
67,64,21,21
69,68,21,21
66,39,21,21
84,69,21,21
84,57,21,21
84,89,21,21
84,21,21,21
84,19,21,21
84,76,21,21
68,67,21,21
68,9,21,21
68,69,21,21
68,66,21,21
68,3,21,21
68,72,21,21
68,15,21,21
68,65,21,21
68,56,21,21
107,18,21,21
69,84,21,21
38,36,21,21
38,36,21,21
84,69,21,21
69,76,21,21
76,84,21,21
84,76,21,21
54,15,22,22
54,5,22,22
38,67,22,22
4,53,22,22
4,74,22,22
13,40,22,22
33,64,22,22
33,5,22,22
23,26,22,22
3,40,22,22
3,4,22,22
3,13,22,22
3,8,22,22
3,35,22,22
4,65,22,22
4,17,22,22
4,3,22,22
33,15,22,22
33,5,22,22
3,42,22,22
3,52,22,22
8,3,22,22
13,3,22,22
39,26,22,22
39,24,22,22
39,66,22,22
40,3,22,22
40,65,22,22
40,17,22,22
40,8,22,22
27,62,22,22
17,40,22,22
95,59,22,22
8,40,22,22
53,86,22,22
42,63,22,22
53,70,22,22
3,40,22,22
15,33,22,22
50,86,22,22
15,12,22,22
42,27,22,22
42,3,22,22
53,48,22,22
100,80,22,22
50,18,22,22
18,50,22,22
59,94,22,22
96,15,22,22
96,12,22,22
96,61,22,22
15,96,22,22
3,8,22,22
3,40,22,22
3,85,22,22
3,66,22,22
3,67,22,22
3,13,22,22
3,4,22,22
3,68,22,22
3,69,22,22
3,17,22,22
59,95,22,22
73,12,22,22
61,96,22,22
5,33,22,22
52,3,22,22
26,23,22,22
104,17,22,22
50,66,22,22
50,3,22,22
50,69,22,22
50,86,22,22
13,3,22,22
17,3,22,22
3,50,22,22
48,53,22,22
24,39,22,22
11,5,22,22
3,8,22,22
3,18,22,22
66,50,22,22
66,39,22,22
66,3,22,22
5,11,22,22
50,75,22,22
4,3,22,22
44,59,22,22
75,50,22,22
14,80,22,22
5,72,22,22
5,11,22,22
5,71,22,22
5,73,22,22
5,74,22,22
8,3,22,22
47,50,22,22
44,7,22,22
44,95,22,22
8,3,22,22
10,75,22,22
50,47,22,22
65,40,22,22
15,39,22,22
15,5,22,22
15,54,22,22
50,75,22,22
74,5,22,22
5,15,22,22
72,15,22,22
72,117,22,22
72,74,22,22
72,71,22,22
72,73,22,22
72,12,22,22
72,5,22,22
40,74,22,22
40,73,22,22
40,72,22,22
40,13,22,22
15,96,22,22
15,72,22,22
5,11,22,22
86,53,22,22
47,50,22,22
96,15,22,22
11,5,22,22
86,50,22,22
75,50,22,22
11,5,22,22
74,59,22,22
17,56,22,22
17,15,22,22
17,54,22,22
56,17,22,22
56,88,22,22
50,75,22,22
35,3,22,22
88,61,22,22
86,50,22,22
74,40,22,22
88,57,22,22
88,19,22,22
22,7,22,22
50,75,22,22
83,63,22,22
59,74,22,22
7,22,22,22
7,22,22,22
18,55,22,22
18,3,22,22
121,40,22,22
13,40,22,22
55,18,22,22
88,1,22,22
75,50,22,22
75,50,22,22
13,14,22,22
88,56,22,22
51,3,22,22
54,17,22,22
54,15,22,22
75,10,22,22
54,15,22,22
75,10,22,22
50,75,22,22
76,69,22,22
121,61,22,22
19,86,22,22
59,44,22,22
10,75,22,22
68,3,22,22
26,39,22,22
39,15,22,22
61,121,22,22
29,71,22,22
75,50,22,22
63,83,22,22
39,50,22,22
33,15,22,22
71,29,22,22
71,12,22,22
50,75,22,22
95,59,22,22
73,40,22,22
9,14,22,22
9,44,22,22
44,9,22,22
14,13,22,22
15,33,22,22
15,17,22,22
14,13,22,22
14,9,22,22
75,50,22,22
15,54,22,22
54,88,22,22
54,96,22,22
54,61,22,22
18,85,22,22
18,68,22,22
90,72,22,22
33,61,22,22
33,118,22,22
33,117,22,22
65,95,22,22
96,54,22,22
90,84,22,22
90,69,22,22
84,90,22,22
88,54,22,22
18,57,22,22
18,55,22,22
95,65,22,22
68,18,22,22
57,18,22,22
69,76,22,22
53,3,22,22
53,50,22,22
53,69,22,22
53,4,22,22
53,68,22,22
53,76,22,22
53,70,22,22
53,102,22,22
53,84,22,22
53,13,22,22
53,48,22,22
53,86,22,22
53,47,22,22
84,53,22,22
88,130,22,22
88,93,22,22
3,35,22,22
3,53,22,22
117,14,22,22
76,53,22,22
4,53,22,22
68,15,22,22
68,53,22,22
48,53,22,22
50,75,22,22
61,33,22,22
86,53,22,22
61,54,22,22
59,40,22,22
59,74,22,22
88,61,22,22
88,130,22,22
88,15,22,22
70,53,22,22
76,40,22,22
75,50,22,22
76,53,22,22
26,24,22,22
94,65,22,22
94,14,22,22
94,9,22,22
88,61,22,22
88,96,22,22
95,44,22,22
40,76,22,22
13,53,22,22
13,14,22,22
55,18,22,22
76,40,22,22
90,47,22,22
76,19,22,22
76,57,22,22
44,95,22,22
54,15,22,22
88,61,22,22
88,96,22,22
88,61,22,22
88,96,22,22
1,17,22,22
15,54,22,22
86,19,22,22
35,3,22,22
47,90,22,22
56,15,22,22
7,44,22,22
68,85,22,22
65,94,22,22
9,94,22,22
1,17,22,22
1,7,22,22
1,9,22,22
7,1,22,22
9,1,22,22
14,94,22,22
44,7,22,22
15,61,22,22
61,15,22,22
86,50,22,22
15,56,22,22
26,83,22,22
21,76,22,22
37,36,22,22
76,21,22,22
76,69,22,22
77,66,22,22
93,48,22,22
32,26,22,22
76,69,22,22
7,44,22,22
59,40,22,22
59,74,22,22
69,76,22,22
76,69,22,22
85,3,22,22
50,3,22,22
50,53,22,22
121,106,22,22
26,32,22,22
85,18,22,22
59,94,22,22
59,2,22,22
85,3,22,22
3,50,22,22
59,74,22,22
59,40,22,22
14,7,22,22
7,14,22,22
14,9,22,22
14,65,22,22
75,50,22,22
75,50,22,22
39,15,22,22
39,5,22,22
39,54,22,22
39,66,22,22
4,106,22,22
15,39,22,22
44,7,22,22
4,20,22,22
75,50,22,22
7,14,22,22
73,5,22,22
65,14,22,22
20,4,22,22
20,62,22,22
20,3,22,22
20,13,22,22
21,86,22,22
3,20,22,22
62,20,22,22
86,21,22,22
56,47,22,22
47,56,22,22
63,3,22,22
5,39,22,22
5,83,22,22
105,103,22,22
105,88,22,22
43,42,22,22
43,42,22,22
43,79,22,22
43,45,22,22
43,79,22,22
15,56,22,22
45,43,22,22
56,15,22,22
5,54,22,22
88,105,22,22
3,63,22,22
59,40,22,22
59,74,22,22
3,50,22,22
3,63,22,22
86,40,22,22
86,53,22,22
86,93,22,22
86,101,22,22
86,27,22,22
63,3,22,22
85,18,22,22
47,50,22,22
47,81,22,22
47,68,22,22
47,27,22,22
66,39,22,22
68,47,22,22
50,75,22,22
17,1,22,22
54,39,22,22
17,1,22,22
75,50,22,22
83,5,22,22
81,39,22,22
39,81,22,22
86,53,22,22
48,50,22,22
59,44,22,22
59,14,22,22
90,80,22,22
47,68,22,22
68,47,22,22
74,40,22,22
74,13,22,22
54,5,22,22
54,15,22,22
80,84,22,22
84,80,22,22
80,14,22,22
13,20,22,22
13,74,22,22
50,70,22,22
6,22,22,22
6,22,22,22
6,43,22,22
6,42,22,22
6,40,22,22
6,2,22,22
18,85,22,22
96,15,22,22
96,61,22,22
96,12,22,22
42,43,22,22
42,43,22,22
39,29,22,22
29,39,22,22
100,94,22,22
100,46,22,22
17,14,22,22
14,17,22,22
79,43,22,22
79,43,22,22
61,96,22,22
12,96,22,22
94,14,22,22
94,65,22,22
94,9,22,22
14,94,22,22
70,50,22,22
6,1,22,22
1,6,22,22
27,47,22,22
104,112,22,22
104,95,22,22
104,123,22,22
104,44,22,22
104,79,22,22
112,104,22,22
53,50,22,22
44,104,22,22
75,19,22,22
75,47,22,22
15,96,22,22
95,104,22,22
14,13,22,22
79,104,22,22
104,95,22,22
95,104,22,22
18,85,22,22
3,67,22,22
3,4,22,22
3,85,22,22
3,17,22,22
3,66,22,22
3,8,22,22
3,13,22,22
3,40,22,22
3,68,22,22
3,69,22,22
3,35,22,22
17,3,22,22
17,104,22,22
123,104,22,22
37,1,22,22
18,107,22,22
18,108,22,22
18,99,22,22
8,3,22,22
47,75,22,22
4,3,22,22
37,1,22,22
42,43,22,22
1,37,22,22
1,37,22,22
9,14,22,22
9,94,22,22
54,15,22,22
54,5,22,22
65,94,22,22
65,94,22,22
15,54,22,22
94,65,22,22
15,66,22,22
13,14,22,22
13,14,22,22
13,3,22,22
50,48,22,22
14,13,22,22
68,3,22,22
14,13,22,22
35,3,22,22
13,14,22,22
13,14,22,22
33,5,22,22
50,20,22,22
20,50,22,22
14,13,22,22
14,13,22,22
13,14,22,22
74,59,22,22
43,42,22,22
21,88,22,22
66,3,22,22
66,15,22,22
88,21,22,22
66,27,22,22
17,15,22,22
17,56,22,22
17,54,22,22
5,54,22,22
88,15,22,22
60,45,22,22
45,60,22,22
56,17,22,22
109,21,22,22
109,93,22,22
109,23,22,22
109,58,22,22
109,98,22,22
109,50,22,22
109,10,22,22
109,18,22,22
109,18,22,22
109,18,22,22
109,35,22,22
109,18,22,22
109,10,22,22
109,5,22,22
109,23,22,22
109,82,22,22
109,94,22,22
109,18,22,22
109,82,22,22
109,18,22,22
109,18,22,22
109,1,22,22
109,18,22,22
109,82,22,22
109,18,22,22
15,17,22,22
59,74,22,22
95,65,22,22
5,33,22,22
56,88,22,22
56,88,22,22
81,47,22,22
47,81,22,22
77,66,22,22
86,19,22,22
50,86,22,22
50,17,22,22
50,40,22,22
50,69,22,22
88,69,22,22
38,36,22,22
86,50,22,22
65,94,22,22
48,47,22,22
9,25,22,22
69,88,22,22
65,95,22,22
73,72,22,22
73,15,22,22
73,5,22,22
17,50,22,22
95,65,22,22
34,24,22,22
77,66,22,22
59,44,22,22
59,95,22,22
59,123,22,22
47,48,22,22
59,2,22,22
59,94,22,22
56,15,22,22
54,17,22,22
5,73,22,22
84,53,22,22
84,90,22,22
15,56,22,22
84,80,22,22
11,5,22,22
84,90,22,22
88,15,22,22
88,61,22,22
88,96,22,22
88,12,22,22
83,63,22,22
40,74,22,22
59,2,22,22
21,86,22,22
62,66,22,22
62,3,22,22
3,62,22,22
66,62,22,22
86,19,22,22
86,57,22,22
86,21,22,22
76,50,22,22
3,8,22,22
3,35,22,22
3,13,22,22
3,51,22,22
3,52,22,22
3,18,22,22
3,40,22,22
3,20,22,22
44,112,22,22
35,13,22,22
112,44,22,22
50,76,22,22
76,50,22,22
5,15,22,22
5,11,22,22
5,11,22,22
74,40,22,22
51,3,22,22
65,64,22,22
90,27,22,22
64,65,22,22
52,3,22,22
48,79,22,22
48,50,22,22
65,64,22,22
40,69,22,22
40,3,22,22
40,8,22,22
50,75,22,22
75,50,22,22
24,34,22,22
42,7,22,22
40,86,22,22
64,65,22,22
38,1,22,22
6,1,22,22
6,7,22,22
86,40,22,22
20,3,22,22
77,9,22,22
69,40,22,22
69,86,22,22
57,86,22,22
86,57,22,22
79,48,22,22
67,3,22,22
70,53,22,22
53,70,22,22
74,4,22,22
9,66,22,22
9,67,22,22
44,67,22,22
44,80,22,22
80,44,22,22
4,74,22,22
33,15,22,22
8,3,22,22
8,40,22,22
27,90,22,22
17,50,22,22
72,68,22,22
68,48,22,22
13,3,22,22
3,40,22,22
86,53,22,22
13,35,22,22
50,86,22,22
50,69,22,22
50,3,22,22
86,50,22,22
50,86,22,22
86,50,22,22
93,48,22,22
2,74,22,22
2,40,22,22
38,37,22,22
59,2,22,22
3,50,22,22
94,65,22,22
56,61,22,22
56,96,22,22
61,56,22,22
15,5,22,22
61,96,22,22
15,73,22,22
69,72,22,22
40,69,22,22
84,85,22,22
69,84,22,22
96,61,22,22
69,86,22,22
69,84,22,22
69,76,22,22
85,84,22,22
15,56,22,22
84,85,22,22
15,33,22,22
56,15,22,22
74,2,22,22
67,9,22,22
67,44,22,22
69,84,22,22
69,76,22,22
69,86,22,22
37,38,22,22
67,80,22,22
18,3,22,22
38,37,22,22
39,29,22,22
29,39,22,22
59,14,22,22
59,44,22,22
85,3,22,22
85,18,22,22
47,1,22,22
1,47,22,22
112,94,22,22
1,47,22,22
80,37,22,22
119,39,22,22
119,54,22,22
37,80,22,22
86,1,22,22
74,72,22,22
14,13,22,22
13,14,22,22
13,14,22,22
59,67,22,22
59,94,22,22
14,13,22,22
14,13,22,22
47,1,22,22
13,14,22,22
47,79,22,22
79,47,22,22
88,56,22,22
54,15,22,22
54,39,22,22
48,93,22,22
48,93,22,22
37,38,22,22
54,5,22,22
115,67,22,22
115,80,22,22
75,50,22,22
74,9,22,22
74,65,22,22
74,72,22,22
1,86,22,22
14,44,22,22
151,80,22,22
65,74,22,22
44,14,22,22
9,74,22,22
75,50,22,22
75,50,22,22
44,80,22,22
70,53,22,22
50,75,22,22
86,1,22,22
19,75,22,22
54,15,22,22
12,96,22,22
27,81,22,22
27,93,22,22
27,101,22,22
93,27,22,22
21,85,22,22
21,56,22,22
21,88,22,22
21,76,22,22
21,90,22,22
21,47,22,22
21,69,22,22
21,89,22,22
21,48,22,22
21,68,22,22
21,86,22,22
21,84,22,22
76,21,22,22
50,48,22,22
86,21,22,22
85,21,22,22
80,44,22,22
56,21,22,22
44,80,22,22
48,21,22,22
59,80,22,22
88,21,22,22
21,86,22,22
86,21,22,22
89,21,22,22
54,83,22,22
53,86,22,22
86,53,22,22
67,115,22,22
53,86,22,22
53,70,22,22
54,15,22,22
54,66,22,22
53,76,22,22
76,53,22,22
76,53,22,22
84,21,22,22
5,54,22,22
83,54,22,22
69,84,22,22
86,53,22,22
47,68,22,22
68,21,22,22
68,47,22,22
84,69,22,22
67,3,22,22
50,66,22,22
50,3,22,22
50,69,22,22
50,86,22,22
50,8,22,22
50,40,22,22
86,50,22,22
84,69,22,22
15,39,22,22
15,5,22,22
15,54,22,22
15,66,22,22
15,54,22,22
15,54,22,22
15,54,22,22
15,54,22,22
90,76,22,22
90,69,22,22
76,90,22,22
59,94,22,22
59,95,22,22
59,123,22,22
90,64,22,22
90,21,22,22
85,3,22,22
44,80,22,22
84,13,22,22
19,57,22,22
44,80,22,22
44,67,22,22
99,18,22,22
1,65,22,22
1,5,22,22
1,6,22,22
1,7,22,22
1,2,22,22
1,3,22,22
1,8,22,22
1,9,22,22
1,10,22,22
1,11,22,22
1,12,22,22
1,13,22,22
1,14,22,22
1,15,22,22
1,4,22,22
1,16,22,22
1,17,22,22
57,19,22,22
11,5,22,22
13,84,22,22
101,27,22,22
96,15,22,22
96,61,22,22
96,12,22,22
35,3,22,22
42,44,22,22
39,15,22,22
8,50,22,22
61,96,22,22
12,96,22,22
107,18,22,22
3,50,22,22
44,42,22,22
63,83,22,22
103,105,22,22
39,120,22,22
39,119,22,22
39,54,22,22
39,29,22,22
53,76,22,22
94,65,22,22
94,14,22,22
94,9,22,22
14,94,22,22
96,56,22,22
29,39,22,22
56,82,22,22
14,94,22,22
66,90,22,22
5,15,22,22
3,40,22,22
3,66,22,22
3,67,22,22
3,8,22,22
3,13,22,22
3,4,22,22
3,68,22,22
3,85,22,22
3,69,22,22
3,17,22,22
3,35,22,22
13,3,22,22
66,45,22,22
45,66,22,22
44,38,22,22
44,149,22,22
149,44,22,22
149,44,22,22
44,149,22,22
88,15,22,22
35,3,22,22
17,3,22,22
42,44,22,22
44,42,22,22
8,3,22,22
5,88,22,22
5,56,22,22
88,5,22,22
4,3,22,22
56,5,22,22
65,94,22,22
65,94,22,22
94,14,22,22
94,65,22,22
94,59,22,22
94,2,22,22
2,94,22,22
3,77,22,22
35,13,22,22
59,94,22,22
13,35,22,22
84,13,22,22
76,40,22,22
3,77,22,22
76,53,22,22
66,3,22,22
14,13,22,22
40,15,22,22
40,61,22,22
40,121,22,22
74,59,22,22
13,20,22,22
17,56,22,22
17,15,22,22
17,54,22,22
56,17,22,22
76,19,22,22
76,57,22,22
84,50,22,22
66,45,22,22
45,66,22,22
66,9,22,22
20,40,22,22
68,3,22,22
59,74,22,22
56,54,22,22
54,17,22,22
54,56,22,22
50,84,22,22
84,50,22,22
84,50,22,22
84,40,22,22
9,94,22,22
56,73,22,22
40,68,22,22
40,3,22,22
40,8,22,22
54,15,22,22
66,54,22,22
30,29,22,22
30,47,22,22
70,48,22,22
70,68,22,22
75,50,22,22
67,3,22,22
66,77,22,22
29,30,22,22
128,6,22,22
128,46,22,22
65,9,22,22
59,56,22,22
59,84,22,22
59,48,22,22
59,68,22,22
59,69,22,22
59,85,22,22
59,86,22,22
59,89,22,22
59,76,22,22
59,88,22,22
59,47,22,22
59,94,22,22
59,2,22,22
47,30,22,22
47,75,22,22
14,44,22,22
73,56,22,22
44,14,22,22
44,14,22,22
75,47,22,22
14,44,22,22
9,65,22,22
76,40,22,22
73,15,22,22
73,72,22,22
73,5,22,22
66,15,22,22
45,66,22,22
5,73,22,22
2,40,22,22
2,74,22,22
86,50,22,22
54,5,22,22
5,54,22,22
68,70,22,22
27,3,22,22
27,66,22,22
3,27,22,22
123,79,22,22
52,103,22,22
3,1,22,22
3,66,22,22
3,53,22,22
103,52,22,22
103,52,22,22
50,53,22,22
75,88,22,22
53,50,22,22
53,3,22,22
88,75,22,22
79,123,22,22
39,29,22,22
74,2,22,22
75,19,22,22
115,73,22,22
115,67,22,22
76,18,22,22
76,19,22,22
115,66,22,22
1,3,22,22
1,3,22,22
65,69,22,22
65,68,22,22
41,93,22,22
41,3,22,22
11,5,22,22
73,115,22,22
40,76,22,22
76,40,22,22
68,65,22,22
120,39,22,22
57,84,22,22
84,57,22,22
75,76,22,22
75,19,22,22
75,18,22,22
18,57,22,22
18,19,22,22
18,107,22,22
18,108,22,22
18,75,22,22
57,18,22,22
18,107,22,22
18,108,22,22
18,57,22,22
18,19,22,22
57,18,22,22
1,38,22,22
77,3,22,22
81,39,22,22
39,81,22,22
45,63,22,22
54,67,22,22
42,94,22,22
4,106,22,22
44,15,22,22
5,11,22,22
86,88,22,22
48,85,22,22
50,84,22,22
84,50,22,22
29,39,22,22
65,64,22,22
50,84,22,22
84,50,22,22
64,65,22,22
76,75,22,22
84,69,22,22
48,85,22,22
86,69,22,22
85,3,22,22
85,48,22,22
50,66,22,22
50,47,22,22
50,3,22,22
50,27,22,22
50,39,22,22
50,68,22,22
39,29,22,22
3,1,22,22
39,50,22,22
68,50,22,22
3,50,22,22
50,84,22,22
84,50,22,22
29,39,22,22
107,18,22,22
47,50,22,22
107,18,22,22
66,3,22,22
48,70,22,22
48,50,22,22
85,48,22,22
66,50,22,22
66,50,22,22
84,40,22,22
69,67,22,22
69,68,22,22
84,69,22,22
84,50,22,22
32,24,22,22
90,80,22,22
40,4,22,22
6,106,22,22
90,66,22,22
90,38,22,22
90,64,22,22
42,26,22,22
42,45,22,22
40,84,22,22
26,42,22,22
84,40,22,22
47,48,22,22
47,85,22,22
47,68,22,22
77,66,22,22
85,47,22,22
48,47,22,22
32,26,22,22
80,90,22,22
69,84,22,22
32,66,22,22
67,66,22,22
67,54,22,22
67,115,22,22
77,3,22,22
67,66,22,22
94,65,22,22
94,14,22,22
94,9,22,22
77,3,22,22
14,94,22,22
77,3,22,22
4,40,22,22
3,77,22,22
9,94,22,22
7,44,22,22
7,80,22,22
119,39,22,22
7,15,22,22
7,5,22,22
7,1,22,22
9,67,22,22
9,66,22,22
19,75,22,22
19,75,22,22
1,7,22,22
3,77,22,22
3,77,22,22
45,42,22,22
77,3,22,22
77,3,22,22
77,3,22,22
68,47,22,22
14,13,22,22
77,3,22,22
65,94,22,22
14,13,22,22
26,32,22,22
13,14,22,22
13,14,22,22
13,14,22,22
69,84,22,22
69,86,22,22
69,76,22,22
44,7,22,22
85,68,22,22
80,7,22,22
68,85,22,22
47,27,22,22
76,69,22,22
66,67,22,22
38,67,22,22
66,32,22,22
47,68,22,22
47,59,22,22
66,3,22,22
74,4,22,22
47,50,22,22
3,66,22,22
4,74,22,22
3,13,22,22
3,40,22,22
3,50,22,22
66,115,22,22
4,40,22,22
4,3,22,22
4,13,22,22
4,35,22,22
7,22,22,22
76,69,22,22
5,7,22,22
66,32,22,22
32,66,22,22
59,47,22,22
4,16,22,22
59,56,22,22
3,4,22,22
21,47,22,22
27,50,22,22
27,47,22,22
72,3,22,22
72,56,22,22
72,68,22,22
72,69,22,22
72,15,22,22
72,5,22,22
72,117,22,22
72,40,22,22
72,13,22,22
72,9,22,22
47,21,22,22
76,69,22,22
52,103,22,22
66,77,22,22
76,40,22,22
76,75,22,22
47,68,22,22
86,57,22,22
86,4,22,22
19,101,22,22
69,88,22,22
85,48,22,22
19,18,22,22
19,18,22,22
4,86,23,23
4,13,23,23
4,35,23,23
4,3,23,23
40,76,23,23
16,4,23,23
13,3,23,23
13,4,23,23
101,19,23,23
96,15,23,23
96,61,23,23
96,12,23,23
11,5,23,23
5,11,23,23
5,11,23,23
61,96,23,23
75,70,23,23
40,3,23,23
34,83,23,23
34,46,23,23
34,23,23,23
3,40,23,23
3,13,23,23
3,50,23,23
31,103,23,23
14,13,23,23
115,66,23,23
115,67,23,23
50,3,23,23
3,50,23,23
18,13,23,23
18,27,23,23
18,43,23,23
18,40,23,23
18,81,23,23
35,4,23,23
81,18,23,23
12,96,23,23
70,75,23,23
13,18,23,23
13,14,23,23
40,17,23,23
40,65,23,23
83,34,23,23
11,5,23,23
13,3,23,23
46,34,23,23
13,14,23,23
14,13,23,23
23,34,23,23
14,13,23,23
59,2,23,23
13,14,23,23
13,14,23,23
14,13,23,23
14,13,23,23
13,14,23,23
13,14,23,23
14,13,23,23
14,13,23,23
3,66,23,23
3,13,23,23
3,67,23,23
3,8,23,23
3,40,23,23
3,4,23,23
3,68,23,23
3,85,23,23
3,69,23,23
3,17,23,23
13,14,23,23
59,2,23,23
13,14,23,23
13,3,23,23
45,60,23,23
14,13,23,23
14,13,23,23
13,14,23,23
13,14,23,23
14,13,23,23
14,13,23,23
13,14,23,23
4,3,23,23
14,13,23,23
76,40,23,23
70,53,23,23
76,40,23,23
17,56,23,23
17,15,23,23
17,54,23,23
56,17,23,23
13,14,23,23
13,14,23,23
14,13,23,23
74,59,23,23
50,3,23,23
59,74,23,23
50,3,23,23
8,3,23,23
50,3,23,23
50,3,23,23
3,50,23,23
3,50,23,23
3,50,23,23
3,50,23,23
54,17,23,23
4,40,23,23
76,69,23,23
50,3,23,23
3,50,23,23
84,4,23,23
84,40,23,23
84,70,23,23
76,69,23,23
3,69,23,23
3,66,23,23
3,40,23,23
3,50,23,23
3,20,23,23
115,67,23,23
60,45,23,23
63,45,23,23
2,40,23,23
2,74,23,23
73,5,23,23
73,5,23,23
73,72,23,23
73,15,23,23
13,3,23,23
13,35,23,23
13,4,23,23
3,66,23,23
40,3,23,23
40,69,23,23
40,8,23,23
69,84,23,23
54,58,23,23
54,5,23,23
54,83,23,23
58,54,23,23
43,18,23,23
20,3,23,23
74,2,23,23
112,65,23,23
69,76,23,23
39,50,23,23
20,13,23,23
96,88,23,23
69,76,23,23
88,96,23,23
39,50,23,23
94,65,23,23
94,14,23,23
94,9,23,23
9,67,23,23
9,66,23,23
14,94,23,23
65,94,23,23
9,94,23,23
59,69,23,23
14,13,23,23
84,86,23,23
14,94,23,23
94,14,23,23
94,14,23,23
94,2,23,23
94,59,23,23
14,94,23,23
59,69,23,23
59,94,23,23
13,20,23,23
2,94,23,23
6,106,23,23
40,13,23,23
40,50,23,23
5,73,23,23
50,53,23,23
14,13,23,23
5,73,23,23
14,13,23,23
12,74,23,23
12,72,23,23
74,12,23,23
83,54,23,23
27,18,23,23
27,18,23,23
6,106,23,23
59,69,23,23
88,61,23,23
88,15,23,23
50,47,23,23
47,50,23,23
47,68,23,23
67,9,23,23
67,9,23,23
67,66,23,23
67,115,23,23
67,3,23,23
67,115,23,23
67,66,23,23
54,117,23,23
40,68,23,23
13,14,23,23
13,14,23,23
13,14,23,23
75,50,23,23
13,14,23,23
67,66,23,23
14,13,23,23
67,9,23,23
67,9,23,23
67,66,23,23
13,40,23,23
65,112,23,23
14,13,23,23
13,14,23,23
85,3,23,23
4,106,23,23
53,50,23,23
67,66,23,23
13,3,23,23
54,33,23,23
32,83,23,23
33,54,23,23
124,121,23,23
50,47,23,23
5,54,23,23
47,50,23,23
3,13,23,23
50,3,23,23
50,72,23,23
50,68,23,23
63,11,23,23
84,75,23,23
3,50,23,23
88,15,23,23
50,75,23,23
50,75,23,23
56,54,23,23
14,13,23,23
34,23,23,23
23,34,23,23
13,14,23,23
54,56,23,23
54,56,23,23
13,14,23,23
17,3,23,23
50,75,23,23
14,13,23,23
56,54,23,23
14,13,23,23
69,84,23,23
69,76,23,23
14,13,23,23
84,69,23,23
70,53,23,23
13,14,23,23
75,50,23,23
75,50,23,23
75,50,23,23
14,13,23,23
13,14,23,23
56,15,23,23
56,61,23,23
56,96,23,23
96,56,23,23
75,50,23,23
43,42,23,23
43,79,23,23
14,17,23,23
22,7,23,23
54,15,23,23
54,61,23,23
42,43,23,23
18,27,23,23
50,75,23,23
94,65,23,23
94,14,23,23
94,9,23,23
65,94,23,23
13,14,23,23
13,14,23,23
14,13,23,23
13,14,23,23
14,13,23,23
14,13,23,23
13,14,23,23
13,14,23,23
14,13,23,23
14,13,23,23
76,50,23,23
54,96,23,23
50,76,23,23
75,50,23,23
76,50,23,23
27,3,23,23
27,26,23,23
27,66,23,23
27,15,23,23
27,62,23,23
27,39,23,23
27,13,23,23
27,40,23,23
27,8,23,23
27,5,23,23
26,27,23,23
91,44,23,23
5,27,23,23
50,48,23,23
3,27,23,23
54,120,23,23
70,53,23,23
3,18,23,23
3,53,23,23
3,51,23,23
3,52,23,23
3,50,23,23
3,4,23,23
52,3,23,23
83,32,23,23
70,68,23,23
70,48,23,23
83,63,23,23
50,75,23,23
86,84,23,23
75,50,23,23
47,68,23,23
86,84,23,23
77,66,23,23
86,84,23,23
74,4,23,23
86,84,23,23
39,27,23,23
21,10,23,23
53,3,23,23
61,54,23,23
61,56,23,23
39,119,23,23
69,67,23,23
17,14,23,23
86,84,23,23
8,27,23,23
50,75,23,23
84,40,23,23
84,50,23,23
59,94,23,23
59,123,23,23
59,95,23,23
59,79,23,23
84,40,23,23
69,40,23,23
84,50,23,23
84,4,23,23
148,84,23,23
138,47,23,23
141,104,23,23
139,57,23,23
107,1,23,23
107,71,23,23
107,8,23,23
29,59,23,23
29,83,23,23
29,86,23,23
11,63,23,23
13,27,23,23
13,14,23,23
40,69,23,23
4,3,23,23
4,74,23,23
4,84,23,23
96,15,23,23
96,61,23,23
96,12,23,23
96,54,23,23
11,5,23,23
75,50,23,23
61,96,23,23
12,96,23,23
18,3,23,23
18,107,23,23
63,83,23,23
5,11,23,23
50,48,23,23
54,117,23,23
53,70,23,23
53,70,23,23
53,70,23,23
48,50,23,23
72,47,23,23
72,50,23,23
72,68,23,23
3,66,23,23
3,67,23,23
3,68,23,23
3,8,23,23
3,13,23,23
3,40,23,23
3,4,23,23
3,85,23,23
3,69,23,23
3,17,23,23
3,35,23,23
50,48,23,23
13,3,23,23
50,47,23,23
50,72,23,23
50,68,23,23
15,73,23,23
48,50,23,23
15,73,23,23
15,96,23,23
15,96,23,23
15,96,23,23
15,56,23,23
15,44,23,23
15,27,23,23
4,3,23,23
47,50,23,23
145,68,23,23
74,59,23,23
59,74,23,23
8,3,23,23
15,17,23,23
15,54,23,23
29,83,23,23
83,29,23,23
50,84,23,23
83,115,23,23
50,84,23,23
68,70,23,23
68,47,23,23
9,14,23,23
68,50,23,23
68,50,23,23
9,94,23,23
14,9,23,23
115,83,23,23
48,50,23,23
48,85,23,23
68,47,23,23
68,47,23,23
68,3,23,23
68,3,23,23
48,70,23,23
68,40,23,23
76,40,23,23
68,48,23,23
68,47,23,23
4,84,23,23
58,83,23,23
51,3,23,23
73,72,23,23
73,15,23,23
73,5,23,23
58,73,23,23
59,123,23,23
59,95,23,23
59,79,23,23
59,69,23,23
59,85,23,23
59,84,23,23
59,48,23,23
59,68,23,23
59,56,23,23
59,86,23,23
59,89,23,23
59,76,23,23
59,88,23,23
59,47,23,23
59,94,23,23
59,2,23,23
65,68,23,23
65,69,23,23
68,65,23,23
5,73,23,23
74,4,23,23
40,3,23,23
59,72,23,23
59,40,23,23
59,74,23,23
59,94,23,23
59,13,23,23
59,2,23,23
48,50,23,23
15,33,23,23
15,73,23,23
47,40,23,23
47,75,23,23
74,5,23,23
74,117,23,23
3,40,23,23
5,74,23,23
84,50,23,23
50,93,23,23
50,101,23,23
50,27,23,23
84,50,23,23
101,50,23,23
84,50,23,23
75,47,23,23
64,80,23,23
84,4,23,23
62,31,23,23
84,4,23,23
50,93,23,23
50,101,23,23
50,27,23,23
101,50,23,23
50,93,23,23
50,101,23,23
50,27,23,23
101,50,23,23
76,69,23,23
4,74,23,23
33,15,23,23
54,33,23,23
33,54,23,23
68,64,23,23
54,15,23,23
54,61,23,23
54,96,23,23
54,56,23,23
54,120,23,23
54,29,23,23
54,119,23,23
54,39,23,23
54,93,23,23
54,101,23,23
54,27,23,23
101,54,23,23
56,54,23,23
84,76,23,23
83,58,23,23
94,65,23,23
94,14,23,23
21,70,23,23
21,75,23,23
21,89,23,23
21,7,23,23
21,10,23,23
14,94,23,23
84,50,23,23
65,94,23,23
65,94,23,23
89,21,23,23
6,106,23,23
70,21,23,23
50,84,23,23
84,50,23,23
63,43,23,23
75,21,23,23
61,54,23,23
94,65,23,23
76,50,23,23
29,54,23,23
50,75,23,23
75,50,23,23
56,61,23,23
56,96,23,23
56,15,23,23
47,48,23,23
104,44,23,23
96,56,23,23
10,21,23,23
73,58,23,23
26,45,23,23
57,84,23,23
84,57,23,23
85,3,23,23
61,56,23,23
48,47,23,23
44,69,23,23
44,104,23,23
44,87,23,23
44,112,23,23
112,44,23,23
59,94,23,23
59,2,23,23
15,33,23,23
15,56,23,23
33,15,23,23
15,54,23,23
6,106,23,23
104,44,23,23
84,19,23,23
47,40,23,23
47,68,23,23
82,50,23,23
40,8,23,23
40,41,23,23
50,82,23,23
82,50,23,23
50,82,23,23
82,50,23,23
82,50,23,23
3,18,23,23
3,13,23,23
3,50,23,23
3,8,23,23
75,50,23,23
8,3,23,23
8,40,23,23
68,47,23,23
84,57,23,23
68,8,23,23
68,3,23,23
84,57,23,23
13,3,23,23
94,65,23,23
94,14,23,23
94,95,23,23
94,22,23,23
94,2,23,23
94,23,23,23
94,58,23,23
94,29,23,23
94,2,23,23
18,67,23,23
18,66,23,23
18,85,23,23
18,48,23,23
18,84,23,23
18,86,23,23
18,76,23,23
18,109,23,23
18,110,23,23
18,68,23,23
18,69,23,23
18,47,23,23
18,56,23,23
18,88,23,23
18,55,23,23
18,108,23,23
18,107,23,23
18,99,23,23
18,57,23,23
18,19,23,23
18,13,23,23
18,3,23,23
18,8,23,23
18,64,23,23
18,3,23,23
85,18,23,23
31,62,23,23
88,18,23,23
64,18,23,23
47,18,23,23
3,18,23,23
19,18,23,23
56,69,23,23
56,18,23,23
13,18,23,23
3,40,23,23
76,19,23,23
76,57,23,23
55,18,23,23
33,117,23,23
59,67,23,23
59,80,23,23
76,18,23,23
65,94,23,23
59,67,23,23
59,80,23,23
59,80,23,23
59,43,23,23
8,18,23,23
95,98,23,23
96,15,23,23
96,61,23,23
96,54,23,23
76,50,23,23
98,95,23,23
84,18,23,23
68,18,23,23
61,96,23,23
99,18,23,23
69,68,23,23
50,76,23,23
93,50,23,23
93,50,23,23
93,50,23,23
76,50,23,23
93,54,23,23
85,18,23,23
48,50,23,23
15,96,23,23
90,27,23,23
47,48,23,23
48,47,23,23
148,84,23,23
68,67,23,23
68,66,23,23
68,69,23,23
68,56,23,23
68,3,23,23
68,9,23,23
68,15,23,23
68,72,23,23
68,65,23,23
84,18,23,23
84,40,23,23
84,50,23,23
84,19,23,23
76,69,23,23
59,67,23,23
32,24,23,23
86,84,23,23
86,84,23,23
86,84,23,23
67,66,23,23
18,85,23,23
96,15,23,23
96,61,23,23
96,12,23,23
109,18,23,23
109,101,23,23
110,18,23,23
29,23,23,23
4,65,23,23
4,17,23,23
17,3,23,23
61,96,23,23
12,96,23,23
94,65,23,23
94,14,23,23
94,9,23,23
12,72,23,23
12,71,23,23
12,73,23,23
12,15,23,23
15,96,23,23
15,12,23,23
35,3,23,23
35,3,23,23
50,93,23,23
50,101,23,23
50,27,23,23
101,50,23,23
93,50,23,23
23,29,23,23
3,8,23,23
3,13,23,23
3,4,23,23
3,40,23,23
3,35,23,23
3,35,23,23
50,93,23,23
50,101,23,23
50,27,23,23
93,50,23,23
35,4,23,23
35,3,23,23
13,3,23,23
66,9,23,23
74,59,23,23
59,74,23,23
74,2,23,23
66,3,23,23
66,18,23,23
80,59,23,23
80,64,23,23
59,80,23,23
9,94,23,23
101,50,23,23
3,66,23,23
3,17,23,23
3,67,23,23
3,8,23,23
3,13,23,23
3,4,23,23
3,40,23,23
3,68,23,23
3,69,23,23
3,85,23,23
13,3,23,23
65,94,23,23
8,3,23,23
8,3,23,23
65,94,23,23
94,65,23,23
17,3,23,23
64,80,23,23
75,50,23,23
66,45,23,23
66,3,23,23
66,3,23,23
73,12,23,23
65,13,23,23
13,65,23,23
13,40,23,23
13,65,23,23
65,13,23,23
53,70,23,23
50,75,23,23
12,15,23,23
40,15,23,23
75,50,23,23
15,26,23,23
17,15,23,23
17,56,23,23
17,54,23,23
15,40,23,23
15,17,23,23
40,65,23,23
40,17,23,23
53,70,23,23
53,4,23,23
5,72,23,23
5,71,23,23
5,73,23,23
5,74,23,23
5,11,23,23
54,17,23,23
4,3,23,23
73,5,23,23
2,74,23,23
15,88,23,23
4,35,23,23
4,3,23,23
4,53,23,23
88,15,23,23
6,1,23,23
65,112,23,23
72,15,23,23
72,5,23,23
72,71,23,23
72,73,23,23
72,12,23,23
72,117,23,23
72,74,23,23
72,15,23,23
72,5,23,23
2,72,23,23
2,40,23,23
2,74,23,23
2,13,23,23
74,2,23,23
70,53,23,23
70,53,23,23
112,65,23,23
68,3,23,23
56,17,23,23
1,6,23,23
65,40,23,23
15,56,23,23
56,15,23,23
70,86,23,23
70,69,23,23
56,15,23,23
69,70,23,23
73,15,23,23
73,72,23,23
73,5,23,23
84,40,23,23
40,41,23,23
40,78,23,23
15,73,23,23
15,56,23,23
15,12,23,23
11,5,23,23
13,2,23,23
50,75,23,23
17,40,23,23
84,50,23,23
53,70,23,23
26,15,23,23
70,53,23,23
69,64,23,23
50,84,23,23
84,50,23,23
74,5,23,23
66,77,23,23
84,53,23,23
103,50,23,23
50,122,23,23
122,50,23,23
34,24,23,23
53,84,23,23
84,53,23,23
86,84,23,23
75,50,23,23
77,66,23,23
3,66,23,23
3,40,23,23
3,67,23,23
3,8,23,23
3,13,23,23
3,4,23,23
3,68,23,23
3,85,23,23
3,69,23,23
3,17,23,23
77,66,23,23
68,3,23,23
75,50,23,23
8,3,23,23
5,73,23,23
11,5,23,23
5,11,23,23
13,3,23,23
50,103,23,23
50,52,23,23
103,50,23,23
28,29,23,23
53,4,23,23
53,70,23,23
6,1,23,23
1,6,23,23
1,6,23,23
29,28,23,23
29,28,23,23
70,53,23,23
4,3,23,23
11,5,23,23
50,84,23,23
50,86,23,23
84,50,23,23
5,11,23,23
84,19,23,23
66,3,23,23
6,1,23,23
12,15,23,23
42,112,23,23
112,42,23,23
84,57,23,23
66,67,23,23
66,77,23,23
15,12,23,23
77,66,23,23
6,106,23,23
77,66,23,23
28,29,23,23
65,59,23,23
59,65,23,23
28,29,23,23
4,53,23,23
29,28,23,23
6,106,23,23
50,75,23,23
75,50,23,23
77,66,23,23
77,9,23,23
24,34,23,23
84,57,23,23
85,3,23,23
57,19,23,23
119,54,23,23
119,39,23,23
84,4,23,23
57,19,23,23
21,84,23,23
84,21,23,23
96,61,23,23
80,64,23,23
84,40,23,23
84,69,23,23
64,80,23,23
50,93,23,23
50,101,23,23
50,27,23,23
66,77,23,23
3,13,23,23
3,4,23,23
68,85,23,23
40,84,23,23
40,8,23,23
84,40,23,23
101,50,23,23
13,3,23,23
75,50,23,23
61,96,23,23
37,38,23,23
18,85,23,23
26,30,23,23
85,18,23,23
9,66,23,23
9,67,23,23
50,75,23,23
4,84,23,23
4,13,23,23
4,18,23,23
4,3,23,23
18,4,23,23
4,3,23,23
13,4,23,23
4,40,23,23
4,70,23,23
70,4,23,23
18,57,23,23
44,65,23,23
44,65,23,23
70,53,23,23
4,106,23,23
44,91,23,23
12,15,23,23
15,12,23,23
68,67,23,23
68,66,23,23
75,50,23,23
61,15,23,23
61,12,23,23
15,61,23,23
12,61,23,23
70,95,23,23
70,112,23,23
70,75,23,23
70,56,23,23
70,21,23,23
70,104,23,23
112,70,23,23
2,13,23,23
2,72,23,23
2,40,23,23
2,74,23,23
17,3,23,23
104,70,23,23
74,2,23,23
75,70,23,23
45,63,23,23
8,40,23,23
70,50,23,23
19,57,23,23
19,57,23,23
69,68,23,23
69,84,23,23
12,15,23,23
15,12,23,23
50,70,23,23
12,15,23,23
15,12,23,23
85,3,23,23
68,85,23,23
68,85,23,23
145,68,23,23
148,84,23,23
142,86,23,23
67,9,23,23
67,66,23,23
68,2,23,23
152,26,23,23
4,58,23,23
4,33,23,23
138,47,23,23
159,102,23,23
159,81,23,23
160,84,23,23
160,14,23,23
141,104,23,23
145,68,23,23
150,36,23,23
144,38,23,23
139,57,23,23
143,80,23,23
161,15,23,23
138,47,23,23
145,68,24,24
141,104,24,24
1,2,24,24
1,15,24,24
1,5,24,24
1,6,24,24
1,7,24,24
1,3,24,24
1,8,24,24
1,9,24,24
1,10,24,24
1,11,24,24
1,12,24,24
1,65,24,24
1,13,24,24
1,14,24,24
1,4,24,24
1,16,24,24
1,17,24,24
152,26,24,24
145,68,24,24
162,57,24,24
163,23,24,24
13,2,24,24
34,112,24,24
95,70,24,24
39,54,24,24
112,34,24,24
70,50,24,24
16,1,24,24
16,1,24,24
16,8,24,24
16,8,24,24
52,50,24,24
29,39,24,24
1,16,24,24
93,50,24,24
93,56,24,24
11,31,24,24
31,11,24,24
11,25,24,24
11,33,24,24
11,32,24,24
6,8,24,24
6,8,24,24
115,67,24,24
115,66,24,24
16,1,24,24
56,93,24,24
16,1,24,24
33,11,24,24
16,1,24,24
6,7,24,24
6,1,24,24
6,7,24,24
6,1,24,24
37,38,24,24
33,63,24,24
25,11,24,24
27,90,24,24
27,50,24,24
41,40,24,24
41,40,24,24
7,21,24,24
7,22,24,24
39,29,24,24
83,54,24,24
41,8,24,24
8,41,24,24
96,15,24,24
96,12,24,24
96,61,24,24
12,96,24,24
80,42,24,24
80,64,24,24
61,96,24,24
11,25,24,24
42,80,24,24
25,11,24,24
56,70,24,24
50,9,24,24
63,45,24,24
94,9,24,24
94,65,24,24
94,14,24,24
65,94,24,24
25,31,24,24
56,15,24,24
31,25,24,24
14,94,24,24
14,94,24,24
76,40,24,24
83,63,24,24
83,30,24,24
9,50,24,24
21,70,24,24
38,37,24,24
65,94,24,24
9,50,24,24
9,94,24,24
84,4,24,24
86,50,24,24
50,9,24,24
76,70,24,24
94,14,24,24
73,72,24,24
73,15,24,24
73,5,24,24
9,50,24,24
94,65,24,24
84,86,24,24
84,86,24,24
84,86,24,24
70,68,24,24
70,48,24,24
48,70,24,24
84,86,24,24
84,86,24,24
84,86,24,24
84,86,24,24
84,86,24,24
84,86,24,24
84,86,24,24
84,86,24,24
2,13,24,24
2,72,24,24
2,40,24,24
2,74,24,24
13,2,24,24
84,86,24,24
84,86,24,24
33,42,24,24
84,86,24,24
42,33,24,24
30,83,24,24
84,101,24,24
74,2,24,24
29,63,24,24
73,72,24,24
76,50,24,24
50,76,24,24
76,50,24,24
27,63,24,24
27,50,24,24
27,50,24,24
27,50,24,24
27,50,24,24
27,50,24,24
27,54,24,24
115,67,24,24
27,84,24,24
33,34,24,24
75,50,24,24
12,15,24,24
84,27,24,24
84,86,24,24
84,76,24,24
6,106,24,24
6,106,24,24
94,14,24,24
94,65,24,24
94,9,24,24
65,94,24,24
76,27,24,24
76,70,24,24
50,53,24,24
5,73,24,24
65,94,24,24
53,50,24,24
80,38,24,24
80,26,24,24
80,25,24,24
80,66,24,24
26,80,24,24
101,84,24,24
84,101,24,24
29,7,24,24
50,53,24,24
84,53,24,24
101,84,24,24
84,101,24,24
94,65,24,24
43,42,24,24
43,42,24,24
43,45,24,24
43,79,24,24
43,79,24,24
34,33,24,24
43,63,24,24
53,50,24,24
45,43,24,24
53,70,24,24
53,84,24,24
84,53,24,24
7,29,24,24
7,29,24,24
74,9,24,24
74,14,24,24
74,65,24,24
74,17,24,24
74,72,24,24
14,74,24,24
42,43,24,24
42,43,24,24
17,1,24,24
21,88,24,24
65,74,24,24
1,17,24,24
14,56,24,24
14,54,24,24
14,15,24,24
88,21,24,24
104,30,24,24
40,53,24,24
30,104,24,24
56,14,24,24
29,7,24,24
20,63,24,24
53,40,24,24
74,2,24,24
20,63,24,24
76,19,24,24
76,57,24,24
76,19,24,24
76,57,24,24
15,88,24,24
79,43,24,24
63,83,24,24
30,104,24,24
63,20,24,24
2,13,24,24
2,72,24,24
2,40,24,24
2,74,24,24
2,74,24,24
13,2,24,24
54,14,24,24
27,76,24,24
76,40,24,24
76,27,24,24
104,30,24,24
9,94,24,24
9,74,24,24
40,76,24,24
76,40,24,24
90,72,24,24
38,37,24,24
47,48,24,24
50,70,24,24
19,86,24,24
42,64,24,24
70,50,24,24
27,90,24,24
53,4,24,24
53,70,24,24
53,86,24,24
74,104,24,24
86,53,24,24
47,48,24,24
9,67,24,24
9,66,24,24
4,106,24,24
4,53,24,24
81,43,24,24
25,80,24,24
81,43,24,24
13,7,24,24
7,13,24,24
19,67,24,24
19,7,24,24
19,38,24,24
19,1,24,24
19,66,24,24
19,9,24,24
19,17,24,24
19,18,24,24
19,91,24,24
19,90,24,24
53,70,24,24
53,4,24,24
1,19,24,24
7,19,24,24
70,53,24,24
4,53,24,24
70,53,24,24
32,11,24,24
32,66,24,24
32,9,24,24
32,15,24,24
4,65,24,24
4,17,24,24
4,13,24,24
4,9,24,24
4,3,24,24
56,55,24,24
9,19,24,24
64,80,24,24
64,90,24,24
55,56,24,24
74,2,24,24
76,50,24,24
15,56,24,24
90,43,24,24
90,27,24,24
90,64,24,24
90,19,24,24
84,53,24,24
86,19,24,24
86,40,24,24
1,3,24,24
1,9,24,24
1,16,24,24
1,5,24,24
1,6,24,24
1,7,24,24
1,2,24,24
1,8,24,24
1,10,24,24
1,11,24,24
1,12,24,24
1,65,24,24
1,13,24,24
1,14,24,24
1,15,24,24
1,4,24,24
1,17,24,24
1,38,24,24
38,1,24,24
25,14,24,24
79,43,24,24
79,43,24,24
112,44,24,24
59,80,24,24
59,74,24,24
63,20,24,24
1,6,24,24
1,7,24,24
7,1,24,24
13,38,24,24
38,13,24,24
17,19,24,24
65,44,24,24
75,50,24,24
59,65,24,24
44,112,24,24
44,65,24,24
11,5,24,24
83,33,24,24
66,19,24,24
66,80,24,24
32,83,24,24
32,26,24,24
66,9,24,24
83,32,24,24
66,9,24,24
66,9,24,24
66,45,24,24
96,15,24,24
96,12,24,24
96,61,24,24
43,90,24,24
12,96,24,24
63,29,24,24
45,66,24,24
13,66,24,24
13,3,24,24
13,8,24,24
47,48,24,24
48,47,24,24
70,53,24,24
13,3,24,24
67,19,24,24
67,9,24,24
72,90,24,24
67,9,24,24
67,66,24,24
67,115,24,24
67,66,24,24
67,115,24,24
14,56,24,24
14,15,24,24
14,54,24,24
5,11,24,24
13,3,24,24
68,70,24,24
33,83,24,24
63,27,24,24
68,47,24,24
68,48,24,24
88,15,24,24
88,15,24,24
4,13,24,24
4,3,24,24
4,35,24,24
59,80,24,24
6,1,24,24
33,1,24,24
33,7,24,24
33,15,24,24
31,14,24,24
86,40,24,24
86,70,24,24
86,93,24,24
86,101,24,24
86,27,24,24
86,50,24,24
86,93,24,24
86,101,24,24
86,27,24,24
56,14,24,24
40,121,24,24
38,24,24,24
38,68,24,24
50,27,24,24
50,93,24,24
50,101,24,24
101,50,24,24
2,40,24,24
2,72,24,24
2,74,24,24
2,13,24,24
21,47,24,24
21,76,24,24
21,85,24,24
21,56,24,24
21,69,24,24
21,84,24,24
21,88,24,24
21,89,24,24
21,48,24,24
21,68,24,24
21,86,24,24
21,90,24,24
86,21,24,24
20,7,24,24
20,22,24,24
20,3,24,24
56,21,24,24
93,50,24,24
7,20,24,24
89,21,24,24
76,21,24,24
88,21,24,24
14,31,24,24
14,31,24,24
47,21,24,24
27,50,24,24
47,48,24,24
54,14,24,24
31,14,24,24
26,32,24,24
38,45,24,24
68,21,24,24
75,50,24,24
84,21,24,24
73,72,24,24
73,15,24,24
73,5,24,24
75,50,24,24
66,13,24,24
66,3,24,24
66,3,24,24
66,27,24,24
66,115,24,24
66,115,24,24
13,2,24,24
5,73,24,24
74,2,24,24
74,4,24,24
56,61,24,24
56,96,24,24
56,15,24,24
4,106,24,24
49,50,24,24
24,83,24,24
50,49,24,24
62,66,24,24
96,56,24,24
49,50,24,24
8,13,24,24
83,24,24,24
43,81,24,24
21,88,24,24
13,50,24,24
13,3,24,24
13,53,24,24
13,4,24,24
13,40,24,24
32,30,24,24
80,67,24,24
11,74,24,24
43,81,24,24
45,63,24,24
63,45,24,24
50,48,24,24
50,76,24,24
76,50,24,24
32,104,24,24
32,7,24,24
67,80,24,24
67,66,24,24
84,27,24,24
88,21,24,24
100,7,24,24
1,83,24,24
100,7,24,24
74,11,24,24
4,74,24,24
90,21,24,24
32,30,24,24
89,10,24,24
89,75,24,24
89,88,24,24
89,21,24,24
89,70,24,24
89,95,24,24
83,1,24,24
70,89,24,24
21,89,24,24
66,62,24,24
70,31,24,24
94,65,24,24
94,14,24,24
94,9,24,24
31,70,24,24
6,106,24,24
32,27,24,24
83,23,24,24
75,50,24,24
65,94,24,24
88,89,24,24
88,89,24,24
88,89,24,24
88,89,24,24
13,3,24,24
13,35,24,24
13,4,24,24
72,38,24,24
9,94,24,24
65,94,24,24
94,65,24,24
95,89,24,24
10,89,24,24
77,66,24,24
44,59,24,24
12,15,24,24
72,38,24,24
84,70,24,24
12,15,24,24
90,14,24,24
84,70,24,24
14,90,24,24
14,90,24,24
48,50,24,24
48,70,24,24
48,47,24,24
48,47,24,24
48,47,24,24
48,47,24,24
56,48,24,24
48,18,24,24
48,50,24,24
48,21,24,24
88,15,24,24
15,12,24,24
15,12,24,24
88,54,24,24
88,15,24,24
74,4,24,24
5,88,24,24
5,56,24,24
48,56,24,24
77,66,24,24
85,21,24,24
4,74,24,24
56,5,24,24
43,42,24,24
70,50,24,24
88,54,24,24
88,15,24,24
94,65,24,24
94,14,24,24
94,9,24,24
65,94,24,24
69,86,24,24
48,85,24,24
85,48,24,24
88,5,24,24
12,31,24,24
12,25,24,24
70,50,24,24
70,53,24,24
31,12,24,24
9,67,24,24
9,66,24,24
9,94,24,24
25,12,24,24
54,10,24,24
54,15,24,24
50,84,24,24
50,69,24,24
50,8,24,24
50,40,24,24
50,3,24,24
84,50,24,24
53,70,24,24
53,70,24,24
67,66,24,24
69,50,24,24
14,65,24,24
65,14,24,24
66,9,24,24
67,9,24,24
10,54,24,24
70,53,24,24
67,9,24,24
67,66,24,24
2,74,24,24
2,72,24,24
2,40,24,24
2,13,24,24
49,53,24,24
74,2,24,24
8,50,24,24
54,15,24,24
23,83,24,24
67,80,24,24
67,66,24,24
7,1,24,24
50,75,24,24
80,31,24,24
80,67,24,24
80,66,24,24
80,18,24,24
66,80,24,24
67,80,24,24
74,59,24,24
31,80,24,24
94,9,24,24
94,65,24,24
94,14,24,24
65,94,24,24
59,74,24,24
118,33,24,24
50,75,24,24
50,75,24,24
50,75,24,24
1,7,24,24
7,1,24,24
75,50,24,24
75,50,24,24
75,50,24,24
75,50,24,24
42,43,24,24
9,94,24,24
76,53,24,24
50,48,24,24
50,8,24,24
50,75,24,24
15,54,24,24
59,67,24,24
90,14,24,24
90,14,24,24
76,50,24,24
84,50,24,24
84,101,24,24
84,40,24,24
86,4,24,24
86,40,24,24
86,19,24,24
86,53,24,24
84,50,24,24
90,86,24,24
86,90,24,24
84,50,24,24
1,37,24,24
1,38,24,24
140,122,24,24
1,5,24,24
1,6,24,24
1,7,24,24
1,2,24,24
1,3,24,24
1,8,24,24
1,9,24,24
1,10,24,24
1,11,24,24
1,12,24,24
1,65,24,24
1,13,24,24
1,14,24,24
1,15,24,24
1,4,24,24
1,16,24,24
1,17,24,24
1,6,24,24
1,7,24,24
1,2,24,24
1,10,24,24
1,11,24,24
1,12,24,24
1,13,24,24
1,4,24,24
1,16,24,24
1,38,24,24
15,32,24,24
134,1,24,24
148,84,24,24
13,2,24,24
6,7,24,24
6,1,24,24
13,7,24,24
13,40,24,24
8,50,24,24
61,56,24,24
61,96,24,24
31,14,24,24
3,50,24,24
3,20,24,24
14,31,24,24
3,13,24,24
94,65,24,24
94,14,24,24
94,9,24,24
31,14,24,24
3,13,24,24
3,13,24,24
75,89,24,24
75,50,24,24
75,50,24,24
72,68,24,24
50,40,24,24
39,50,24,24
7,1,24,24
65,94,24,24
1,7,24,24
65,94,24,24
83,24,24,24
1,6,24,24
24,83,24,24
94,65,24,24
50,84,24,24
9,94,24,24
13,3,24,24
13,17,24,24
13,4,24,24
3,66,24,24
3,67,24,24
3,4,24,24
3,8,24,24
3,13,24,24
3,40,24,24
3,68,24,24
3,69,24,24
3,85,24,24
3,17,24,24
65,94,24,24
50,39,24,24
8,3,24,24
67,3,24,24
13,3,24,24
39,50,24,24
40,69,24,24
40,84,24,24
3,9,24,24
3,17,24,24
3,66,24,24
3,67,24,24
50,86,24,24
50,41,24,24
66,3,24,24
14,56,24,24
14,15,24,24
14,54,24,24
96,15,24,24
96,12,24,24
96,61,24,24
12,96,24,24
56,14,24,24
32,7,24,24
86,50,24,24
86,50,24,24
86,40,24,24
86,41,24,24
65,59,24,24
65,9,24,24
61,96,24,24
54,14,24,24
68,47,24,24
68,3,24,24
72,74,24,24
94,65,24,24
59,67,24,24
59,9,24,24
59,14,24,24
8,32,24,24
32,8,24,24
15,9,24,24
31,42,24,24
4,3,24,24
56,88,24,24
84,50,24,24
80,66,24,24
66,80,24,24
67,66,24,24
67,3,24,24
72,9,24,24
72,14,24,24
72,65,24,24
54,96,24,24
54,88,24,24
54,15,24,24
54,61,24,24
73,72,24,24
73,15,24,24
73,5,24,24
75,21,24,24
65,94,24,24
84,40,24,24
93,86,24,24
21,75,24,24
77,66,24,24
86,93,24,24
61,54,24,24
86,93,24,24
32,30,24,24
2,74,24,24
2,72,24,24
2,40,24,24
2,13,24,24
77,90,24,24
83,60,24,24
76,53,24,24
6,1,24,24
9,65,24,24
121,40,24,24
66,3,24,24
50,75,24,24
75,50,24,24
53,76,24,24
53,70,24,24
53,49,24,24
53,86,24,24
13,2,24,24
96,54,24,24
13,14,24,24
74,2,24,24
14,13,24,24
76,53,24,24
76,53,24,24
14,13,24,24
13,14,24,24
84,19,24,24
13,14,24,24
88,105,24,24
14,13,24,24
86,53,24,24
39,50,24,24
14,13,24,24
53,76,24,24
13,14,24,24
13,14,24,24
14,13,24,24
76,53,24,24
13,14,24,24
14,13,24,24
94,65,24,24
115,67,24,24
50,86,24,24
50,69,24,24
50,66,24,24
50,3,24,24
50,8,24,24
86,50,24,24
23,26,24,24
23,24,24,24
24,23,24,24
23,26,24,24
23,24,24,24
84,19,24,24
69,86,24,24
84,19,24,24
75,50,24,24
3,50,24,24
26,23,24,24
26,23,24,24
8,50,24,24
74,4,24,24
59,86,24,24
59,84,24,24
59,94,24,24
59,68,24,24
59,69,24,24
59,56,24,24
59,85,24,24
59,89,24,24
59,48,24,24
59,76,24,24
59,88,24,24
59,47,24,24
59,2,24,24
4,53,24,24
4,74,24,24
53,4,24,24
41,50,24,24
88,56,24,24
88,54,24,24
47,40,24,24
47,27,24,24
47,93,24,24
47,101,24,24
93,47,24,24
59,67,24,24
88,61,24,24
88,96,24,24
94,14,24,24
94,65,24,24
65,94,24,24
65,94,24,24
94,65,24,24
40,93,24,24
40,101,24,24
40,27,24,24
101,47,24,24
101,40,24,24
93,40,24,24
40,41,24,24
40,6,24,24
84,4,24,24
84,86,24,24
84,40,24,24
84,76,24,24
84,48,24,24
66,50,24,24
6,40,24,24
42,66,24,24
42,64,24,24
42,72,24,24
42,26,24,24
42,44,24,24
42,67,24,24
15,88,24,24
68,38,24,24
68,9,24,24
68,85,24,24
68,47,24,24
68,48,24,24
86,19,24,24
4,106,24,24
42,61,24,24
42,3,24,24
42,15,24,24
42,117,24,24
42,52,24,24
42,40,24,24
42,41,24,24
42,55,24,24
42,120,24,24
42,20,24,24
42,29,24,24
42,33,24,24
42,39,24,24
27,40,24,24
27,47,24,24
56,48,24,24
42,63,24,24
63,42,24,24
54,15,24,24
54,61,24,24
54,96,24,24
44,42,24,24
39,42,24,24
33,42,24,24
40,15,24,24
40,61,24,24
40,121,24,24
61,40,24,24
61,42,24,24
96,54,24,24
76,69,24,24
83,63,24,24
55,42,24,24
74,59,24,24
6,106,24,24
6,106,24,24
59,74,24,24
3,42,24,24
61,54,24,24
20,42,24,24
26,42,24,24
20,8,24,24
20,13,24,24
12,1,24,24
1,12,24,24
83,32,24,24
32,83,24,24
88,61,24,24
88,96,24,24
88,12,24,24
88,15,24,24
67,115,24,24
67,42,24,24
50,18,24,24
50,41,24,24
50,18,24,24
50,41,24,24
21,84,24,24
14,13,24,24
50,18,24,24
50,41,24,24
50,84,24,24
84,50,24,24
24,23,24,24
84,21,24,24
48,56,24,24
63,83,24,24
48,50,24,24
38,37,24,24
85,3,24,24
84,50,24,24
83,63,24,24
99,69,24,24
99,84,24,24
84,99,24,24
99,84,24,24
99,69,24,24
99,69,24,24
99,84,24,24
99,69,24,24
99,84,24,24
94,14,24,24
94,65,24,24
84,99,24,24
65,94,24,24
9,67,24,24
9,66,24,24
75,50,24,24
50,15,24,24
50,54,24,24
65,9,24,24
65,94,24,24
121,40,24,24
68,69,24,24
68,56,24,24
9,65,24,24
13,14,24,24
59,80,24,24
75,50,24,24
63,83,24,24
13,14,24,24
13,20,24,24
8,20,24,24
14,13,24,24
56,69,24,24
66,9,24,24
54,50,24,24
70,53,24,24
66,42,24,24
84,99,24,24
50,75,24,24
75,47,24,24
75,50,24,24
53,70,24,24
70,53,24,24
53,70,24,24
47,75,24,24
74,4,24,24
94,65,24,24
50,75,24,24
75,50,24,24
42,43,24,24
72,50,24,24
72,68,24,24
72,3,24,24
45,60,24,24
3,66,24,24
67,9,24,24
66,3,24,24
72,74,24,24
84,101,24,24
50,75,24,24
140,122,24,24
141,104,24,24
37,38,24,24
1,12,24,24
12,1,24,24
75,50,24,24
69,68,24,24
74,72,24,24
47,68,24,24
68,85,24,24
86,75,24,24
86,40,24,24
9,67,24,24
9,66,24,24
50,75,24,24
68,47,24,24
50,75,24,24
68,67,24,24
68,66,24,24
68,9,24,24
68,3,24,24
68,72,24,24
68,15,24,24
68,65,24,24
68,69,24,24
68,56,24,24
50,75,24,24
50,75,24,24
90,77,24,24
50,76,24,24
139,57,24,24
144,38,24,24
15,50,24,24
15,61,24,24
134,1,24,24
145,68,24,24
145,68,24,24
150,36,24,24
143,80,24,24
145,68,24,24
139,57,24,24
40,86,24,24
96,15,24,24
96,61,24,24
96,12,24,24
4,74,24,24
40,65,24,24
40,17,24,24
101,84,24,24
11,5,24,24
13,3,24,24
79,43,24,24
13,81,24,24
13,30,24,24
60,45,24,24
61,96,24,24
12,96,24,24
3,13,24,24
3,27,24,24
3,42,24,24
74,59,24,24
3,40,24,24
3,13,24,24
3,8,24,24
3,35,24,24
12,72,24,24
12,73,24,24
12,71,24,24
12,15,24,24
81,27,24,24
52,42,24,24
81,43,24,24
42,112,24,24
8,3,24,24
112,44,24,24
4,84,24,24
75,50,24,24
75,50,24,24
112,42,24,24
42,112,24,24
115,67,24,24
115,66,24,24
3,66,24,24
3,67,24,24
3,17,24,24
3,8,24,24
3,13,24,24
3,40,24,24
3,4,24,24
3,68,24,24
3,85,24,24
3,69,24,24
3,35,24,24
59,74,24,24
13,3,24,24
42,3,24,24
5,11,24,24
13,3,24,24
13,35,24,24
5,73,24,24
5,72,24,24
5,71,24,24
5,73,24,24
5,74,24,24
5,11,24,24
27,3,24,24
27,3,24,24
27,81,24,24
3,27,24,24
50,86,24,24
50,40,24,24
67,3,24,24
50,40,24,24
50,86,24,24
8,3,24,24
50,86,24,24
50,40,24,24
66,9,24,24
43,42,24,24
66,3,24,24
43,81,24,24
27,3,24,24
74,5,24,24
66,115,24,24
40,50,24,24
72,71,24,24
72,73,24,24
72,12,24,24
72,15,24,24
72,5,24,24
72,117,24,24
72,74,24,24
65,4,24,24
65,40,24,24
30,13,24,24
60,83,24,24
68,3,24,24
35,3,24,24
35,13,24,24
35,3,24,24
4,3,24,24
4,65,24,24
75,50,24,24
4,65,24,24
9,14,24,24
9,65,24,24
9,3,24,24
86,50,24,24
86,50,24,24
86,50,24,24
60,83,24,24
69,86,24,24
69,84,24,24
69,89,24,24
69,68,24,24
69,76,24,24
2,72,24,24
2,74,24,24
2,13,24,24
2,40,24,24
13,2,24,24
86,117,24,24
59,68,24,24
59,69,24,24
59,56,24,24
59,86,24,24
59,89,24,24
59,88,24,24
59,47,24,24
59,2,24,24
59,85,24,24
59,84,24,24
59,48,24,24
59,76,24,24
59,94,24,24
59,123,24,24
59,44,24,24
59,95,24,24
59,7,24,24
59,79,24,24
93,86,24,24
89,69,24,24
86,40,24,24
67,9,24,24
86,93,24,24
30,15,24,24
30,54,24,24
30,33,24,24
30,3,24,24
30,8,24,24
30,17,24,24
86,93,24,24
30,3,24,24
30,17,24,24
30,20,24,24
30,13,24,24
30,33,24,24
30,15,24,24
30,5,24,24
30,54,24,24
30,39,24,24
44,112,24,24
30,13,24,24
30,7,24,24
30,32,24,24
65,14,24,24
65,17,24,24
13,30,24,24
13,30,24,24
70,48,24,24
70,68,24,24
75,50,24,24
48,70,24,24
84,4,24,24
54,30,24,24
54,30,24,24
84,101,24,24
38,68,24,24
38,69,24,24
38,56,24,24
38,1,24,24
73,5,24,24
76,40,24,24
76,75,24,24
73,12,24,24
50,86,24,24
74,2,24,24
20,30,24,24
86,50,24,24
65,9,24,24
8,30,24,24
14,65,24,24
14,15,24,24
14,56,24,24
14,54,24,24
37,38,24,24
54,14,24,24
59,56,24,24
59,86,24,24
59,48,24,24
59,76,24,24
59,88,24,24
59,47,24,24
59,2,24,24
59,68,24,24
59,69,24,24
59,85,24,24
59,84,24,24
59,89,24,24
59,94,24,24
39,30,24,24
39,29,24,24
14,9,24,24
73,72,24,24
73,15,24,24
73,5,24,24
115,72,24,24
115,67,24,24
56,14,24,24
67,115,24,24
56,88,24,24
11,5,24,24
40,121,24,24
40,124,24,24
121,40,24,24
32,30,24,24
86,50,24,24
86,40,24,24
86,93,24,24
86,101,24,24
86,27,24,24
67,115,24,24
84,13,24,24
84,4,24,24
14,7,24,24
21,88,24,24
50,3,24,24
50,17,24,24
50,66,24,24
15,72,24,24
88,21,24,24
68,70,24,24
86,50,24,24
47,68,24,24
47,59,24,24
59,47,24,24
68,47,24,24
3,50,24,24
77,66,24,24
3,30,24,24
3,30,24,24
3,27,24,24
76,69,24,24
65,9,24,24
3,42,24,24
3,8,24,24
50,9,24,24
9,65,24,24
42,3,24,24
30,32,24,24
30,7,24,24
4,18,24,24
4,19,24,24
4,55,24,24
19,4,24,24
35,13,24,24
19,57,24,24
35,13,24,24
13,35,24,24
4,84,24,24
4,35,24,24
4,13,24,24
4,40,24,24
4,70,24,24
84,4,24,24
70,4,24,24
30,54,24,24
30,15,24,24
30,33,24,24
30,3,24,24
30,8,24,24
30,17,24,24
55,4,24,24
8,3,24,24
30,3,24,24
30,17,24,24
30,13,24,24
30,20,24,24
30,13,24,24
8,30,24,24
32,30,24,24
68,48,24,24
124,40,24,24
3,30,24,24
3,30,24,24
38,9,24,24
9,67,24,24
4,70,24,24
4,84,24,24
4,53,24,24
4,35,24,24
4,13,24,24
4,40,24,24
75,50,24,24
66,67,24,24
54,30,24,24
9,50,24,24
70,4,24,24
8,1,24,24
8,7,24,24
84,4,24,24
1,8,24,24
88,56,24,24
94,65,24,24
94,14,24,24
1,8,24,24
8,1,24,24
2,72,24,24
2,40,24,24
2,74,24,24
2,13,24,24
8,1,24,24
8,7,24,24
1,8,24,24
65,94,24,24
65,94,24,24
5,30,24,24
76,50,24,24
5,73,24,24
13,30,24,24
86,53,24,24
13,30,24,24
94,65,24,24
1,69,24,24
70,53,24,24
53,4,24,24
50,76,24,24
76,50,24,24
69,1,24,24
69,86,24,24
50,86,24,24
86,50,24,24
45,63,24,24
70,4,24,24
84,19,24,24
74,2,24,24
53,86,24,24
53,70,24,24
86,53,24,24
38,36,24,24
31,14,24,24
112,32,24,24
86,50,24,24
76,19,24,24
19,18,24,24
53,70,24,24
70,53,24,24
50,84,24,24
84,50,24,24
53,70,24,24
68,1,24,24
68,85,24,24
42,3,24,24
70,53,24,24
13,4,24,24
13,4,24,24
13,2,24,24
4,70,24,24
4,106,24,24
40,72,24,24
40,69,24,24
40,68,24,24
40,3,24,24
40,8,24,24
68,40,24,24
7,30,24,24
7,14,24,24
7,30,24,24
7,8,24,24
7,8,24,24
53,70,24,24
53,4,24,24
67,9,24,24
66,77,24,24
67,66,24,24
59,80,24,24
2,72,24,24
2,40,24,24
2,74,24,24
2,13,24,24
13,2,24,24
20,30,24,24
38,44,24,24
53,70,24,24
53,4,24,24
32,23,24,24
23,32,24,24
40,6,24,24
40,124,24,24
40,16,24,24
40,121,24,24
40,41,24,24
40,8,24,24
40,68,24,24
3,42,24,24
68,40,24,24
86,69,24,24
9,67,24,24
9,66,24,24
14,65,24,24
70,53,24,24
3,53,24,24
3,42,24,24
70,53,24,24
3,40,24,24
86,40,24,24
86,4,24,24
53,3,24,24
62,3,24,24
62,20,24,24
74,2,24,24
53,70,24,24
38,9,24,24
38,68,24,24
70,53,24,24
3,62,24,24
3,13,24,24
3,35,24,24
3,20,24,24
47,68,24,24
9,14,24,24
115,67,24,24
115,66,24,24
106,73,24,24
106,117,24,24
68,69,24,24
8,40,24,24
76,69,24,24
8,40,24,24
86,50,24,24
50,86,24,24
65,14,24,24
86,50,24,24
68,47,24,24
50,86,24,24
9,67,24,24
9,66,24,24
47,68,24,24
76,50,24,24
86,50,24,24
86,50,24,24
68,47,24,24
68,85,24,24
4,86,24,24
4,40,24,24
86,4,24,24
69,86,24,24
134,1,24,24
4,53,25,25
4,53,25,25
6,40,25,25
16,40,25,25
16,106,25,25
13,17,25,25
13,3,25,25
20,62,25,25
20,13,25,25
20,3,25,25
13,20,25,25
107,18,25,25
96,15,25,25
96,61,25,25
96,12,25,25
57,19,25,25
121,40,25,25
57,18,25,25
29,42,25,25
94,84,25,25
94,88,25,25
94,56,25,25
94,69,25,25
29,39,25,25
31,25,25,25
49,6,25,25
14,9,25,25
18,19,25,25
31,25,25,25
18,4,25,25
61,96,25,25
94,48,25,25
18,107,25,25
18,108,25,25
18,109,25,25
18,99,25,25
18,110,25,25
18,50,25,25
18,107,25,25
18,108,25,25
18,57,25,25
18,110,25,25
18,99,25,25
18,109,25,25
18,19,25,25
11,5,25,25
18,50,25,25
19,18,25,25
24,5,25,25
24,66,25,25
24,26,25,25
24,83,25,25
18,80,25,25
57,18,25,25
18,19,25,25
13,20,25,25
42,3,25,25
42,3,25,25
71,12,25,25
71,12,25,25
71,12,25,25
71,5,25,25
71,5,25,25
71,5,25,25
42,53,25,25
73,71,25,25
49,53,25,25
3,42,25,25
53,42,25,25
33,30,25,25
33,30,25,25
33,30,25,25
53,49,25,25
3,52,25,25
5,24,25,25
5,15,25,25
52,3,25,25
12,96,25,25
71,73,25,25
14,32,25,25
59,123,25,25
59,79,25,25
59,95,25,25
59,44,25,25
59,2,25,25
59,94,25,25
63,45,25,25
20,13,25,25
26,24,25,25
15,96,25,25
15,96,25,25
15,73,25,25
15,73,25,25
15,73,25,25
15,73,25,25
20,3,25,25
3,20,25,25
15,5,25,25
3,42,25,25
5,11,25,25
17,50,25,25
67,9,25,25
67,115,25,25
67,9,25,25
3,66,25,25
3,67,25,25
3,8,25,25
3,13,25,25
3,17,25,25
3,35,25,25
3,40,25,25
3,4,25,25
3,68,25,25
3,85,25,25
3,69,25,25
67,9,25,25
67,66,25,25
67,3,25,25
20,62,25,25
70,75,25,25
71,12,25,25
13,3,25,25
44,112,25,25
12,15,25,25
15,12,25,25
69,94,25,25
17,14,25,25
14,15,25,25
14,56,25,25
14,54,25,25
56,14,25,25
14,17,25,25
56,88,25,25
15,30,25,25
15,30,25,25
15,30,25,25
15,14,25,25
56,94,25,25
15,62,25,25
50,84,25,25
70,53,25,25
62,15,25,25
66,115,25,25
66,27,25,25
54,14,25,25
66,9,25,25
8,3,25,25
66,9,25,25
66,24,25,25
81,43,25,25
66,3,25,25
59,112,25,25
51,13,25,25
51,8,25,25
51,3,25,25
68,3,25,25
8,51,25,25
65,94,25,25
13,51,25,25
3,51,25,25
4,3,25,25
13,3,25,25
13,7,25,25
13,1,25,25
8,1,25,25
8,7,25,25
35,3,25,25
7,8,25,25
35,13,25,25
13,35,25,25
88,56,25,25
42,3,25,25
88,94,25,25
14,65,25,25
75,70,25,25
30,45,25,25
40,68,25,25
40,3,25,25
40,69,25,25
40,8,25,25
1,8,25,25
45,30,25,25
68,40,25,25
68,47,25,25
38,56,25,25
38,9,25,25
38,68,25,25
38,69,25,25
24,45,25,25
45,24,25,25
24,45,25,25
7,15,25,25
24,45,25,25
45,24,25,25
75,88,25,25
75,70,25,25
75,89,25,25
89,75,25,25
2,72,25,25
2,40,25,25
2,74,25,25
2,13,25,25
86,117,25,25
88,75,25,25
59,67,25,25
70,75,25,25
3,40,25,25
68,85,25,25
13,2,25,25
8,40,25,25
74,2,25,25
84,94,25,25
84,50,25,25
33,83,25,25
7,42,25,25
37,1,25,25
1,37,25,25
1,37,25,25
29,42,25,25
71,5,25,25
71,72,25,25
71,15,25,25
71,73,25,25
84,57,25,25
84,19,25,25
50,75,25,25
66,77,25,25
69,84,25,25
69,86,25,25
69,76,25,25
15,7,25,25
77,66,25,25
27,47,25,25
100,45,25,25
6,106,25,25
47,27,25,25
94,65,25,25
38,47,25,25
77,66,25,25
75,50,25,25
77,66,25,25
77,66,25,25
42,29,25,25
35,3,25,25
4,18,25,25
35,4,25,25
35,4,25,25
47,27,25,25
76,40,25,25
66,77,25,25
65,14,25,25
38,37,25,25
38,1,25,25
66,27,25,25
45,24,25,25
84,50,25,25
105,103,25,25
103,105,25,25
50,93,25,25
50,101,25,25
50,27,25,25
101,50,25,25
50,18,25,25
77,66,25,25
40,76,25,25
76,40,25,25
40,124,25,25
40,121,25,25
40,16,25,25
15,1,25,25
15,7,25,25
1,15,25,25
7,15,25,25
36,38,25,25
93,50,25,25
84,40,25,25
53,70,25,25
86,19,25,25
50,86,25,25
50,40,25,25
124,40,25,25
3,51,25,25
85,3,25,25
86,50,25,25
85,47,25,25
53,70,25,25
85,3,25,25
47,85,25,25
77,45,25,25
16,40,25,25
59,123,25,25
59,95,25,25
59,79,25,25
43,79,25,25
43,42,25,25
43,45,25,25
43,81,25,25
59,94,25,25
59,2,25,25
45,43,25,25
42,43,25,25
18,76,25,25
18,19,25,25
18,3,25,25
70,53,25,25
19,18,25,25
27,66,25,25
27,66,25,25
27,50,25,25
27,47,25,25
68,48,25,25
18,4,25,25
5,15,25,25
3,18,25,25
15,5,25,25
47,50,25,25
69,84,25,25
69,86,25,25
69,76,25,25
45,32,25,25
45,86,25,25
86,45,25,25
45,69,25,25
45,5,25,25
45,64,25,25
18,80,25,25
45,20,25,25
2,74,25,25
2,13,25,25
2,72,25,25
2,40,25,25
45,27,25,25
20,45,25,25
45,68,25,25
74,2,25,25
45,53,25,25
53,45,25,25
64,45,25,25
70,86,25,25
70,69,25,25
86,70,25,25
68,47,25,25
45,68,25,25
69,70,25,25
40,3,25,25
3,40,25,25
51,3,25,25
99,18,25,25
53,45,25,25
94,14,25,25
94,65,25,25
75,50,25,25
94,56,25,25
53,70,25,25
45,53,25,25
21,84,25,25
13,2,25,25
84,21,25,25
99,18,25,25
38,65,25,25
76,53,25,25
76,53,25,25
86,50,25,25
76,40,25,25
76,70,25,25
76,18,25,25
70,53,25,25
86,50,25,25
76,69,25,25
99,18,25,25
99,18,25,25
68,45,25,25
99,18,25,25
99,18,25,25
68,45,25,25
84,53,25,25
53,76,25,25
53,76,25,25
86,94,25,25
86,59,25,25
86,123,25,25
76,53,25,25
76,53,25,25
65,94,25,25
86,50,25,25
86,93,25,25
86,101,25,25
86,27,25,25
86,40,25,25
59,123,25,25
59,79,25,25
59,95,25,25
59,2,25,25
59,94,25,25
50,93,25,25
50,101,25,25
50,27,25,25
54,5,25,25
5,54,25,25
93,50,25,25
5,45,25,25
53,70,25,25
53,4,25,25
76,53,25,25
54,15,25,25
53,49,25,25
53,49,25,25
53,76,25,25
76,53,25,25
38,56,25,25
38,1,25,25
38,68,25,25
38,69,25,25
69,76,25,25
69,86,25,25
69,84,25,25
15,54,25,25
47,68,25,25
47,85,25,25
85,47,25,25
68,47,25,25
27,45,25,25
27,50,25,25
66,27,25,25
84,19,25,25
84,57,25,25
84,40,25,25
84,50,25,25
84,57,25,25
85,13,25,25
1,3,25,25
1,4,25,25
1,17,25,25
1,5,25,25
1,6,25,25
1,7,25,25
1,2,25,25
1,8,25,25
1,9,25,25
1,10,25,25
1,11,25,25
1,12,25,25
1,65,25,25
1,13,25,25
1,14,25,25
1,15,25,25
1,16,25,25
99,18,25,25
99,18,25,25
40,76,25,25
13,85,25,25
25,31,25,25
101,50,25,25
18,50,25,25
18,19,25,25
18,107,25,25
18,108,25,25
18,110,25,25
18,57,25,25
18,109,25,25
18,99,25,25
18,50,25,25
57,18,25,25
96,15,25,25
96,61,25,25
96,12,25,25
18,99,25,25
94,65,25,25
94,14,25,25
94,9,25,25
18,99,25,25
18,99,25,25
94,84,25,25
94,88,25,25
94,76,25,25
94,56,25,25
94,69,25,25
94,86,25,25
18,99,25,25
18,99,25,25
18,99,25,25
121,40,25,25
18,107,25,25
18,55,25,25
105,103,25,25
55,18,25,25
4,53,25,25
70,53,25,25
19,18,25,25
12,96,25,25
73,71,25,25
73,71,25,25
61,96,25,25
71,73,25,25
3,67,25,25
3,8,25,25
3,13,25,25
3,40,25,25
3,68,25,25
3,66,25,25
3,4,25,25
3,69,25,25
3,85,25,25
3,17,25,25
3,35,25,25
71,73,25,25
35,3,25,25
13,3,25,25
13,35,25,25
15,96,25,25
56,88,25,25
107,18,25,25
8,3,25,25
32,14,25,25
32,45,25,25
56,2,25,25
56,50,25,25
83,60,25,25
107,18,25,25
107,18,25,25
56,15,25,25
56,94,25,25
15,56,25,25
56,94,25,25
66,3,25,25
59,2,25,25
83,24,25,25
4,3,25,25
83,63,25,25
80,68,25,25
80,90,25,25
80,90,25,25
49,53,25,25
49,53,25,25
80,69,25,25
80,84,25,25
88,56,25,25
88,94,25,25
42,31,25,25
93,76,25,25
65,94,25,25
109,82,25,25
109,82,25,25
109,82,25,25
109,101,25,25
109,82,25,25
109,18,25,25
109,93,25,25
109,82,25,25
109,18,25,25
109,18,25,25
109,18,25,25
109,101,25,25
109,18,25,25
109,18,25,25
109,18,25,25
109,37,25,25
109,45,25,25
109,70,25,25
109,46,25,25
109,98,25,25
109,57,25,25
109,18,25,25
76,81,25,25
109,18,25,25
109,18,25,25
53,6,25,25
53,41,25,25
45,77,25,25
65,94,25,25
2,94,25,25
2,56,25,25
2,33,25,25
2,22,25,25
2,95,25,25
2,29,25,25
2,58,25,25
2,106,25,25
2,98,25,25
2,83,25,25
53,8,25,25
53,94,25,25
53,59,25,25
56,2,25,25
59,53,25,25
75,50,25,25
69,84,25,25
69,86,25,25
69,68,25,25
69,76,25,25
33,2,25,25
69,72,25,25
76,94,25,25
76,93,25,25
47,48,25,25
48,47,25,25
81,76,25,25
6,53,25,25
8,53,25,25
76,81,25,25
76,81,25,25
18,4,25,25
58,2,25,25
53,6,25,25
29,2,25,25
63,83,25,25
95,2,25,25
4,18,25,25
53,50,25,25
106,2,25,25
76,40,25,25
27,66,25,25
27,62,25,25
27,39,25,25
27,5,25,25
27,3,25,25
27,15,25,25
27,26,25,25
27,13,25,25
27,40,25,25
27,8,25,25
76,40,25,25
76,75,25,25
106,124,25,25
106,130,25,25
106,6,25,25
106,4,25,25
80,18,25,25
62,27,25,25
94,65,25,25
11,5,25,25
2,72,25,25
2,40,25,25
2,74,25,25
2,13,25,25
5,11,25,25
86,94,25,25
57,84,25,25
94,53,25,25
84,57,25,25
5,27,25,25
98,2,25,25
6,106,25,25
63,27,25,25
59,56,25,25
59,86,25,25
59,84,25,25
59,48,25,25
59,76,25,25
59,47,25,25
59,68,25,25
59,69,25,25
59,85,25,25
59,89,25,25
59,88,25,25
59,94,25,25
59,2,25,25
74,2,25,25
26,24,25,25
6,53,25,25
4,69,25,25
4,68,25,25
4,86,25,25
4,3,25,25
4,13,25,25
4,53,25,25
4,84,25,25
4,76,25,25
4,48,25,25
4,18,25,25
4,35,25,25
4,106,25,25
86,4,25,25
25,9,25,25
53,4,25,25
71,72,25,25
71,15,25,25
71,73,25,25
71,5,25,25
74,59,25,25
3,27,25,25
72,73,25,25
72,71,25,25
59,74,25,25
3,51,25,25
3,52,25,25
3,50,25,25
3,53,25,25
3,18,25,25
3,4,25,25
3,4,25,25
52,3,25,25
53,3,25,25
15,27,25,25
8,27,25,25
50,86,25,25
86,50,25,25
13,27,25,25
13,4,25,25
13,2,25,25
124,106,25,25
50,86,25,25
5,71,25,25
76,4,25,25
84,94,25,25
4,3,25,25
84,90,25,25
71,5,25,25
86,50,25,25
84,80,25,25
84,4,25,25
38,72,25,25
69,76,25,25
18,4,25,25
77,45,25,25
18,3,25,25
94,65,25,25
94,14,25,25
14,94,25,25
77,45,25,25
37,1,25,25
1,37,25,25
94,2,25,25
13,3,25,25
39,27,25,25
26,66,25,25
35,13,25,25
35,4,25,25
14,94,25,25
4,70,25,25
26,66,25,25
26,24,25,25
26,27,25,25
88,15,25,25
13,3,25,25
2,6,25,25
39,77,25,25
3,66,25,25
3,68,25,25
3,69,25,25
3,50,25,25
70,4,25,25
12,71,25,25
12,72,25,25
4,106,25,25
69,3,25,25
71,12,25,25
94,14,25,25
70,53,25,25
105,103,25,25
104,7,25,25
57,84,25,25
84,57,25,25
69,90,25,25
103,105,25,25
103,105,25,25
18,27,25,25
6,2,25,25
80,18,25,25
27,18,25,25
27,63,25,25
66,3,25,25
77,39,25,25
77,39,25,25
57,84,25,25
77,15,25,25
83,2,25,25
61,15,25,25
15,61,25,25
41,42,25,25
6,106,25,25
84,57,25,25
6,106,25,25
84,75,25,25
84,40,25,25
41,50,25,25
41,50,25,25
85,3,25,25
84,57,25,25
15,61,25,25
61,15,25,25
18,80,25,25
61,40,25,25
61,121,25,25
61,15,25,25
86,53,25,25
15,61,25,25
80,64,25,25
74,4,25,25
69,76,25,25
43,113,25,25
66,77,25,25
84,53,25,25
65,94,25,25
53,86,25,25
70,112,25,25
70,95,25,25
70,104,25,25
86,53,25,25
33,42,25,25
112,70,25,25
53,84,25,25
65,94,25,25
65,123,25,25
53,70,25,25
70,75,25,25
70,56,25,25
70,89,25,25
70,21,25,25
84,53,25,25
89,70,25,25
21,70,25,25
64,80,25,25
88,89,25,25
42,33,25,25
79,59,25,25
59,79,25,25
113,43,25,25
80,14,25,25
48,4,25,25
14,80,25,25
48,94,25,25
75,70,25,25
77,66,25,25
77,66,25,25
95,70,25,25
95,22,25,25
95,98,25,25
95,93,25,25
56,70,25,25
12,15,25,25
4,74,25,25
72,15,25,25
72,5,25,25
72,71,25,25
72,73,25,25
98,95,25,25
2,40,25,25
2,13,25,25
2,72,25,25
2,74,25,25
5,72,25,25
50,93,25,25
50,101,25,25
50,27,25,25
101,50,25,25
93,50,25,25
93,95,25,25
86,69,25,25
76,81,25,25
22,6,25,25
84,53,25,25
13,2,25,25
84,76,25,25
48,85,25,25
51,3,25,25
85,48,25,25
27,50,25,25
74,2,25,25
70,56,25,25
70,75,25,25
70,31,25,25
70,42,25,25
70,93,25,25
70,95,25,25
70,104,25,25
70,112,25,25
70,63,25,25
31,70,25,25
93,70,25,25
2,9,25,25
2,65,25,25
56,70,25,25
59,2,25,25
45,77,25,25
104,70,25,25
50,75,25,25
15,88,25,25
76,50,25,25
112,70,25,25
28,20,25,25
28,83,25,25
28,54,25,25
65,2,25,25
50,76,25,25
76,50,25,25
80,26,25,25
54,28,25,25
95,70,25,25
1,38,25,25
1,37,25,25
7,1,25,25
69,90,25,25
50,70,25,25
69,84,25,25
69,76,25,25
84,76,25,25
84,69,25,25
1,7,25,25
90,80,25,25
90,80,25,25
6,22,25,25
94,65,25,25
94,65,25,25
94,14,25,25
94,9,25,25
96,15,25,25
96,61,25,25
96,12,25,25
124,40,25,25
94,86,25,25
94,84,25,25
94,88,25,25
94,56,25,25
94,69,25,25
94,76,25,25
42,70,25,25
1,37,25,25
1,38,25,25
37,1,25,25
61,96,25,25
4,74,25,25
14,94,25,25
12,96,25,25
15,96,25,25
63,70,25,25
121,61,25,25
70,50,25,25
121,124,25,25
74,4,25,25
75,70,25,25
75,50,25,25
75,50,25,25
100,80,25,25
104,70,25,25
1,38,25,25
14,80,25,25
104,74,25,25
104,73,25,25
26,80,25,25
26,45,25,25
3,67,25,25
3,17,25,25
3,66,25,25
3,8,25,25
3,13,25,25
3,40,25,25
3,4,25,25
3,68,25,25
3,69,25,25
3,85,25,25
3,35,25,25
38,1,25,25
65,94,25,25
65,94,25,25
56,94,25,25
75,47,25,25
83,63,25,25
83,28,25,25
20,28,25,25
7,18,25,25
20,52,25,25
20,8,25,25
20,13,25,25
83,61,25,25
63,83,25,25
50,51,25,25
13,20,25,25
13,3,25,25
115,67,25,25
115,72,25,25
47,75,25,25
35,3,25,25
88,15,25,25
35,13,25,25
61,83,25,25
13,35,25,25
88,94,25,25
52,20,25,25
29,23,25,25
29,120,25,25
23,29,25,25
29,42,25,25
15,56,25,25
94,65,25,25
4,3,25,25
29,43,25,25
29,81,25,25
35,13,25,25
13,35,25,25
56,15,25,25
9,94,25,25
9,2,25,25
9,94,25,25
67,115,25,25
73,104,25,25
15,12,25,25
67,72,25,25
67,3,25,25
74,104,25,25
8,20,25,25
8,3,25,25
66,3,25,25
18,67,25,25
18,80,25,25
18,43,25,25
76,94,25,25
43,18,25,25
67,18,25,25
21,72,25,25
86,4,25,25
86,94,25,25
42,29,25,25
94,14,25,25
94,65,25,25
94,9,25,25
65,94,25,25
50,47,25,25
69,86,25,25
69,84,25,25
69,76,25,25
69,68,25,25
27,43,25,25
9,94,25,25
14,50,25,25
47,50,25,25
15,54,25,25
14,94,25,25
21,84,25,25
84,21,25,25
12,15,25,25
84,94,25,25
64,67,25,25
64,66,25,25
59,67,25,25
59,66,25,25
67,64,25,25
84,53,25,25
66,64,25,25
75,50,25,25
75,50,25,25
50,75,25,25
50,75,25,25
75,50,25,25
50,75,25,25
15,12,25,25
32,8,25,25
67,9,25,25
128,1,25,25
43,27,25,25
33,54,25,25
54,33,25,25
54,15,25,25
4,86,25,25
86,4,25,25
86,4,25,25
4,86,25,25
52,23,25,25
23,52,25,25
86,4,25,25
54,29,25,25
54,15,25,25
54,61,25,25
54,96,25,25
54,119,25,25
54,120,25,25
54,88,25,25
54,39,25,25
54,93,25,25
54,101,25,25
54,27,25,25
59,69,25,25
59,86,25,25
59,48,25,25
59,76,25,25
59,88,25,25
59,2,25,25
59,68,25,25
59,56,25,25
59,85,25,25
59,84,25,25
59,89,25,25
59,47,25,25
59,94,25,25
93,54,25,25
62,27,25,25
61,54,25,25
69,50,25,25
69,3,25,25
69,86,25,25
69,86,25,25
80,14,25,25
38,9,25,25
38,65,25,25
38,1,25,25
88,54,25,25
3,8,25,25
3,40,25,25
3,52,25,25
3,50,25,25
101,54,25,25
11,5,25,25
27,54,25,25
27,62,25,25
52,3,25,25
29,54,25,25
71,15,25,25
71,72,25,25
71,73,25,25
71,5,25,25
18,43,25,25
43,18,25,25
18,43,25,25
74,59,25,25
68,80,25,25
68,4,25,25
52,103,25,25
68,3,25,25
68,3,25,25
43,18,25,25
68,3,25,25
40,16,25,25
59,74,25,25
13,43,25,25
43,13,25,25
18,43,25,25
43,18,25,25
96,54,25,25
66,77,25,25
83,66,25,25
83,77,25,25
39,54,25,25
84,18,25,25
84,57,25,25
84,40,25,25
84,4,25,25
50,75,25,25
103,52,25,25
77,66,25,25
40,41,25,25
32,77,25,25
32,66,25,25
115,67,25,25
115,66,25,25
57,107,25,25
57,108,25,25
74,4,25,25
77,32,25,25
15,54,25,25
77,83,25,25
77,45,25,25
77,45,25,25
8,3,25,25
39,77,25,25
75,50,25,25
59,80,25,25
18,80,25,25
18,67,25,25
18,66,25,25
18,3,25,25
3,18,25,25
66,18,25,25
66,115,25,25
3,18,25,25
3,26,25,25
50,52,25,25
50,3,25,25
3,50,25,25
52,50,25,25
69,86,25,25
69,68,25,25
69,84,25,25
16,40,25,25
120,29,25,25
77,39,25,25
66,83,25,25
4,84,25,25
4,40,25,25
4,13,25,25
4,18,25,25
4,57,25,25
4,70,25,25
57,4,25,25
9,77,25,25
9,66,25,25
66,32,25,25
66,9,25,25
86,117,25,25
50,3,25,25
10,43,25,25
59,90,25,25
3,50,25,25
4,74,25,25
59,9,25,25
59,14,25,25
77,9,25,25
77,9,25,25
2,74,25,25
2,72,25,25
2,40,25,25
2,13,25,25
59,80,25,25
67,18,25,25
77,83,25,25
13,2,25,25
13,4,25,25
76,69,25,25
52,50,25,25
52,3,25,25
74,2,25,25
68,48,25,25
77,32,25,25
6,106,25,25
6,106,25,25
45,112,25,25
112,45,25,25
84,4,25,25
26,3,25,25
3,52,25,25
80,67,25,25
80,66,25,25
23,113,25,25
26,45,25,25
86,50,25,25
14,59,25,25
113,23,25,25
70,4,25,25
18,3,25,25
66,67,25,25
75,50,25,25
69,94,25,25
69,59,25,25
69,86,25,25
84,57,25,25
84,4,25,25
84,13,25,25
84,18,25,25
84,40,25,25
84,70,25,25
75,70,25,25
75,89,25,25
75,88,25,25
57,107,25,25
57,108,25,25
88,75,25,25
18,4,25,25
50,68,25,25
50,47,25,25
18,107,25,25
18,108,25,25
18,57,25,25
18,109,25,25
18,110,25,25
18,99,25,25
18,19,25,25
70,75,25,25
75,70,25,25
43,10,25,25
75,89,25,25
75,88,25,25
88,75,25,25
14,59,25,25
85,3,25,25
47,50,25,25
17,14,25,25
14,47,25,25
89,75,25,25
89,75,25,25
47,14,25,25
70,75,25,25
6,106,25,25
77,66,25,25
77,66,25,25
50,52,25,25
52,50,25,25
94,65,25,25
94,14,25,25
65,94,25,25
48,47,25,25
48,68,25,25
47,48,25,25
75,50,25,25
53,84,25,25
69,86,25,25
18,3,25,25
4,106,25,25
3,18,25,25
80,18,25,25
50,75,25,25
50,86,25,25
77,66,25,25
53,84,25,25
86,50,25,25
69,86,25,25
69,84,25,25
69,76,25,25
69,68,25,25
37,38,25,25
76,69,25,25
75,50,25,25
40,121,25,25
67,66,25,25
66,9,25,25
53,84,25,25
67,80,25,25
67,115,25,25
66,67,25,25
84,53,25,25
9,66,25,25
47,68,25,25
29,39,25,25
67,66,25,25
69,44,25,25
68,48,25,25
29,28,25,25
29,4,25,25
29,30,25,25
29,58,25,25
29,83,25,25
53,70,25,25
70,53,25,25
58,29,25,25
1,6,25,25
75,50,25,25
76,75,25,25
76,40,25,25
76,50,25,25
76,53,25,25
76,50,25,25
76,53,25,25
68,50,25,25
68,47,25,25
75,70,25,25
19,18,25,25
70,75,25,25
30,29,25,25
94,59,25,25
94,2,25,25
66,80,25,25
5,11,25,25
66,50,25,25
59,94,25,25
39,29,25,25
84,94,25,25
84,26,25,25
84,53,25,25
84,53,25,25
86,84,25,25
47,40,25,25
50,75,25,25
84,69,25,25
50,76,25,25
76,50,25,25
86,83,25,25
69,84,25,25
69,89,25,25
69,86,25,25
69,76,25,25
84,40,25,25
90,59,25,25
90,68,25,25
57,18,26,26
6,1,26,26
107,18,26,26
107,18,26,26
107,18,26,26
6,1,26,26
107,18,26,26
40,76,26,26
40,6,26,26
40,41,26,26
40,8,26,26
4,74,26,26
96,15,26,26
96,61,26,26
96,12,26,26
121,40,26,26
33,54,26,26
40,121,26,26
8,40,26,26
6,40,26,26
1,6,26,26
2,94,26,26
2,40,26,26
2,72,26,26
2,74,26,26
2,13,26,26
75,50,26,26
21,57,26,26
21,18,26,26
57,21,26,26
18,21,26,26
4,29,26,26
74,2,26,26
15,96,26,26
14,63,26,26
14,22,26,26
26,45,26,26
13,2,26,26
40,70,26,26
72,71,26,26
72,73,26,26
54,33,26,26
63,14,26,26
72,15,26,26
72,5,26,26
72,71,26,26
72,73,26,26
112,45,26,26
45,112,26,26
83,29,26,26
3,13,26,26
3,66,26,26
3,67,26,26
3,8,26,26
3,40,26,26
3,4,26,26
3,68,26,26
3,69,26,26
3,85,26,26
3,17,26,26
3,35,26,26
8,3,26,26
28,29,26,26
66,3,26,26
11,5,26,26
74,4,26,26
70,40,26,26
13,3,26,26
6,106,26,26
4,3,26,26
45,63,26,26
59,90,26,26
51,50,26,26
76,40,26,26
74,59,26,26
76,40,26,26
76,75,26,26
59,74,26,26
2,29,26,26
2,59,26,26
2,33,26,26
2,22,26,26
2,95,26,26
2,42,26,26
2,94,26,26
2,83,26,26
29,2,26,26
59,2,26,26
75,70,26,26
42,2,26,26
95,2,26,26
70,75,26,26
33,2,26,26
63,45,26,26
68,3,26,26
68,90,26,26
35,3,26,26
83,2,26,26
88,15,26,26
94,2,26,26
67,3,26,26
95,30,26,26
14,56,26,26
14,15,26,26
14,54,26,26
15,14,26,26
56,14,26,26
65,95,26,26
30,95,26,26
71,5,26,26
5,11,26,26
54,14,26,26
95,65,26,26
13,8,26,26
71,5,26,26
80,67,26,26
80,66,26,26
76,53,26,26
40,53,26,26
40,70,26,26
15,88,26,26
86,117,26,26
53,40,26,26
59,67,26,26
59,72,26,26
4,53,26,26
53,4,26,26
70,40,26,26
86,84,26,26
86,69,26,26
86,76,26,26
86,75,26,26
86,117,26,26
63,43,26,26
6,3,26,26
6,8,26,26
6,40,26,26
66,80,26,26
11,5,26,26
94,65,26,26
94,14,26,26
75,50,26,26
6,106,26,26
53,40,26,26
53,76,26,26
84,53,26,26
40,70,26,26
76,53,26,26
68,48,26,26
71,72,26,26
71,5,26,26
53,84,26,26
84,53,26,26
74,4,26,26
84,53,26,26
71,72,26,26
71,73,26,26
71,15,26,26
71,5,26,26
70,40,26,26
42,3,26,26
42,3,26,26
69,86,26,26
21,88,26,26
77,66,26,26
88,15,26,26
65,59,26,26
65,9,26,26
65,94,26,26
88,21,26,26
88,15,26,26
43,42,26,26
43,63,26,26
8,13,26,26
3,42,26,26
3,42,26,26
9,65,26,26
3,42,26,26
3,52,26,26
52,3,26,26
67,80,26,26
2,40,26,26
2,72,26,26
2,74,26,26
2,13,26,26
5,11,26,26
121,40,26,26
13,8,26,26
13,2,26,26
9,67,26,26
9,66,26,26
21,34,26,26
50,1,26,26
1,50,26,26
75,50,26,26
56,69,26,26
84,4,26,26
53,70,26,26
47,27,26,26
16,40,26,26
70,53,26,26
21,34,26,26
83,26,26,26
83,66,26,26
14,50,26,26
74,2,26,26
45,14,26,26
69,76,26,26
85,3,26,26
72,104,26,26
16,8,26,26
6,1,26,26
54,15,26,26
1,6,26,26
50,70,26,26
69,40,26,26
69,41,26,26
69,18,26,26
15,88,26,26
15,54,26,26
59,69,26,26
59,56,26,26
59,86,26,26
59,84,26,26
59,88,26,26
59,47,26,26
59,2,26,26
59,68,26,26
59,85,26,26
59,89,26,26
59,48,26,26
59,76,26,26
59,94,26,26
75,50,26,26
59,69,26,26
59,56,26,26
59,86,26,26
59,84,26,26
59,88,26,26
88,15,26,26
52,103,26,26
40,8,26,26
40,41,26,26
70,50,26,26
59,65,26,26
27,47,26,26
59,95,26,26
59,2,26,26
59,123,26,26
59,79,26,26
59,94,26,26
15,88,26,26
88,15,26,26
4,84,26,26
68,66,26,26
68,67,26,26
68,47,26,26
77,9,26,26
4,74,26,26
84,4,26,26
69,86,26,26
69,19,26,26
69,57,26,26
34,21,26,26
34,21,26,26
84,4,26,26
42,43,26,26
42,3,26,26
13,3,26,26
13,77,26,26
13,8,26,26
67,9,26,26
4,84,26,26
84,4,26,26
50,75,26,26
84,18,26,26
84,57,26,26
84,70,26,26
84,4,26,26
84,13,26,26
84,40,26,26
84,4,26,26
4,84,26,26
84,4,26,26
59,44,26,26
59,44,26,26
59,44,26,26
86,19,26,26
86,57,26,26
86,93,26,26
86,101,26,26
86,27,26,26
59,44,26,26
59,44,26,26
69,68,26,26
59,44,26,26
59,44,26,26
59,44,26,26
93,86,26,26
86,93,26,26
86,93,26,26
75,50,26,26
70,53,26,26
50,75,26,26
67,115,26,26
84,69,26,26
50,75,26,26
75,50,26,26
9,67,26,26
9,80,26,26
9,66,26,26
75,50,26,26
54,5,26,26
67,80,26,26
67,9,26,26
5,54,26,26
80,9,26,26
59,80,26,26
59,67,26,26
74,59,26,26
59,67,26,26
59,80,26,26
67,80,26,26
67,66,26,26
59,74,26,26
74,4,26,26
68,66,26,26
68,3,26,26
68,67,26,26
68,9,26,26
68,15,26,26
68,72,26,26
68,65,26,26
68,56,26,26
68,69,26,26
59,94,26,26
59,2,26,26
50,52,26,26
50,75,26,26
12,15,26,26
68,90,26,26
50,74,26,26
50,40,26,26
86,53,26,26
80,66,26,26
80,67,26,26
85,13,26,26
4,84,26,26
13,85,26,26
40,121,26,26
4,74,26,26
96,15,26,26
96,61,26,26
96,12,26,26
40,65,26,26
40,17,26,26
94,65,26,26
94,14,26,26
61,96,26,26
74,50,26,26
4,65,26,26
4,17,26,26
42,2,26,26
42,43,26,26
42,29,26,26
42,22,26,26
42,98,26,26
42,63,26,26
42,95,26,26
42,33,26,26
42,151,26,26
42,94,26,26
95,42,26,26
12,96,26,26
12,96,26,26
75,50,26,26
98,42,26,26
112,83,26,26
81,43,26,26
12,72,26,26
12,71,26,26
12,73,26,26
21,70,26,26
21,75,26,26
33,42,26,26
13,66,26,26
13,3,26,26
13,8,26,26
13,40,26,26
75,21,26,26
70,21,26,26
26,83,26,26
94,42,26,26
9,77,26,26
71,12,26,26
71,5,26,26
26,25,26,26
66,80,26,26
65,94,26,26
15,96,26,26
65,40,26,26
2,42,26,26
5,72,26,26
5,71,26,26
5,73,26,26
5,74,26,26
5,11,26,26
30,104,26,26
8,13,26,26
66,13,26,26
72,117,26,26
72,71,26,26
72,73,26,26
72,12,26,26
72,15,26,26
72,5,26,26
72,74,26,26
72,74,26,26
121,40,26,26
83,112,26,26
103,52,26,26
67,80,26,26
33,5,26,26
66,9,26,26
73,5,26,26
73,12,26,26
38,1,26,26
66,83,26,26
66,9,26,26
47,50,26,26
74,5,26,26
6,106,26,26
86,94,26,26
86,59,26,26
2,13,26,26
2,72,26,26
2,40,26,26
2,74,26,26
4,106,26,26
6,106,26,26
86,79,26,26
13,2,26,26
84,4,26,26
69,84,26,26
14,13,26,26
13,14,26,26
74,2,26,26
63,42,26,26
11,5,26,26
11,5,26,26
69,9,26,26
69,40,26,26
76,69,26,26
70,53,26,26
71,15,26,26
71,72,26,26
71,73,26,26
71,5,26,26
84,95,26,26
84,89,26,26
53,86,26,26
86,53,26,26
77,13,26,26
77,9,26,26
94,65,26,26
42,151,26,26
69,76,26,26
39,66,26,26
77,66,26,26
65,94,26,26
43,42,26,26
9,66,26,26
9,67,26,26
9,65,26,26
65,9,26,26
66,67,26,26
67,66,26,26
43,81,26,26
43,6,26,26
43,87,26,26
43,21,26,26
43,58,26,26
43,81,26,26
67,9,26,26
58,43,26,26
68,86,26,26
81,43,26,26
66,39,26,26
43,58,26,26
43,21,26,26
43,95,26,26
43,42,26,26
43,29,26,26
43,64,26,26
58,43,26,26
21,43,26,26
21,43,26,26
84,86,26,26
34,24,26,26
24,34,26,26
66,9,26,26
40,69,26,26
40,72,26,26
40,68,26,26
40,3,26,26
40,8,26,26
21,88,26,26
21,7,26,26
21,82,26,26
21,89,26,26
21,151,26,26
21,45,26,26
21,10,26,26
21,46,26,26
21,70,26,26
21,75,26,26
7,21,26,26
3,13,26,26
66,80,26,26
66,67,26,26
59,68,26,26
59,69,26,26
59,86,26,26
59,84,26,26
59,89,26,26
59,48,26,26
59,88,26,26
59,47,26,26
59,56,26,26
59,85,26,26
59,76,26,26
59,94,26,26
59,2,26,26
14,77,26,26
77,66,26,26
77,9,26,26
77,14,26,26
77,14,26,26
3,13,26,26
70,21,26,26
3,40,26,26
13,3,26,26
77,66,26,26
101,86,26,26
13,3,26,26
65,95,26,26
84,4,26,26
84,70,26,26
68,47,26,26
84,40,26,26
84,4,26,26
88,21,26,26
70,40,26,26
70,53,26,26
84,48,26,26
15,5,26,26
15,117,26,26
15,54,26,26
54,15,26,26
75,21,26,26
42,43,26,26
88,69,26,26
50,86,26,26
86,50,26,26
82,21,26,26
86,101,26,26
69,88,26,26
69,86,26,26
151,21,26,26
10,21,26,26
45,21,26,26
42,63,26,26
107,57,26,26
107,57,26,26
82,49,26,26
82,40,26,26
82,13,26,26
82,56,26,26
82,86,26,26
86,82,26,26
13,82,26,26
95,65,26,26
41,53,26,26
53,70,26,26
53,70,26,26
41,40,26,26
41,40,26,26
41,40,26,26
50,121,26,26
67,66,26,26
67,66,26,26
18,57,26,26
56,82,26,26
18,57,26,26
121,50,26,26
67,80,26,26
67,66,26,26
53,70,26,26
53,4,26,26
4,53,26,26
40,82,26,26
49,82,26,26
53,70,26,26
14,65,26,26
46,21,26,26
53,70,26,26
90,104,26,26
104,90,26,26
104,30,26,26
43,18,26,26
39,29,26,26
18,43,26,26
54,83,26,26
53,40,26,26
53,70,26,26
53,75,26,26
65,14,26,26
90,85,26,26
90,85,26,26
39,29,26,26
90,47,26,26
47,90,26,26
48,85,26,26
53,70,26,26
53,4,26,26
65,38,26,26
99,18,26,26
85,48,26,26
85,90,26,26
85,90,26,26
119,54,26,26
99,18,26,26
38,37,26,26
53,4,26,26
106,73,26,26
106,117,26,26
3,13,26,26
3,13,26,26
7,103,26,26
38,56,26,26
38,9,26,26
38,72,26,26
38,68,26,26
38,69,26,26
38,1,26,26
5,11,26,26
5,15,26,26
86,40,26,26
84,50,26,26
86,57,26,26
86,19,26,26
27,62,26,26
6,43,26,26
4,53,26,26
4,53,26,26
46,23,26,26
83,54,26,26
29,39,26,26
83,23,26,26
96,15,26,26
96,61,26,26
96,12,26,26
29,39,26,26
61,96,26,26
23,83,26,26
13,8,26,26
13,66,26,26
13,3,26,26
13,40,26,26
29,42,26,26
29,43,26,26
8,13,26,26
95,43,26,26
1,95,26,26
1,44,26,26
75,53,26,26
44,1,26,26
12,96,26,26
62,27,26,26
15,96,26,26
95,1,26,26
6,106,26,26
81,43,26,26
70,53,26,26
70,53,26,26
70,53,26,26
70,53,26,26
13,3,26,26
45,22,26,26
45,93,26,26
45,103,26,26
45,31,26,26
45,7,26,26
45,10,26,26
45,94,26,26
93,45,26,26
7,45,26,26
31,45,26,26
52,50,26,26
81,43,26,26
66,13,26,26
66,27,26,26
89,21,26,26
40,86,26,26
45,10,26,26
40,86,26,26
45,93,26,26
93,45,26,26
47,48,26,26
18,43,26,26
59,44,26,26
103,45,26,26
10,45,26,26
70,86,26,26
70,69,26,26
10,45,26,26
10,45,26,26
14,15,26,26
14,56,26,26
14,54,26,26
56,14,26,26
56,88,26,26
43,18,26,26
56,88,26,26
15,14,26,26
88,56,26,26
56,68,26,26
88,15,26,26
68,56,26,26
47,40,26,26
47,8,26,26
47,68,26,26
68,47,26,26
8,47,26,26
40,6,26,26
88,56,26,26
43,42,26,26
59,69,26,26
59,56,26,26
59,86,26,26
59,84,26,26
59,89,26,26
59,76,26,26
59,47,26,26
59,68,26,26
59,85,26,26
59,48,26,26
59,88,26,26
59,94,26,26
59,2,26,26
43,42,26,26
43,45,26,26
43,79,26,26
43,79,26,26
69,70,26,26
84,57,26,26
47,48,26,26
76,40,26,26
54,14,26,26
76,40,26,26
86,70,26,26
86,40,26,26
86,40,26,26
76,53,26,26
73,72,26,26
73,15,26,26
73,5,26,26
151,42,26,26
57,18,26,26
57,18,26,26
105,103,26,26
103,105,26,26
5,73,26,26
11,5,26,26
5,11,26,26
68,66,26,26
68,90,26,26
40,76,26,26
76,40,26,26
50,52,26,26
52,50,26,26
52,103,26,26
103,52,26,26
74,72,26,26
40,76,26,26
76,40,26,26
76,40,26,26
40,76,26,26
76,40,26,26
94,45,26,26
15,88,26,26
15,73,26,26
76,40,26,26
88,15,26,26
57,84,26,26
84,57,26,26
27,18,26,26
40,76,26,26
2,65,26,26
2,14,26,26
2,9,26,26
65,2,26,26
76,40,26,26
14,2,26,26
86,40,26,26
86,27,26,26
86,93,26,26
86,101,26,26
39,15,26,26
39,5,26,26
39,54,26,26
5,39,26,26
15,39,26,26
14,67,26,26
14,3,26,26
14,68,26,26
14,85,26,26
5,77,26,26
68,14,26,26
88,15,26,26
54,39,26,26
15,88,26,26
15,54,26,26
88,15,26,26
15,88,26,26
88,15,26,26
45,63,26,26
54,15,26,26
104,117,26,26
45,10,26,26
77,5,26,26
63,45,26,26
84,19,26,26
77,5,26,26
45,43,26,26
84,19,26,26
54,88,26,26
54,15,26,26
88,54,26,26
6,106,26,26
6,106,26,26
80,66,26,26
15,54,26,26
66,80,26,26
80,67,26,26
80,66,26,26
80,18,26,26
80,31,26,26
66,80,26,26
31,80,26,26
14,13,26,26
84,86,26,26
85,14,26,26
64,63,26,26
80,18,26,26
80,31,26,26
80,67,26,26
80,66,26,26
50,48,26,26
50,40,26,26
50,101,26,26
50,93,26,26
50,124,26,26
50,27,26,26
93,50,26,26
48,50,26,26
31,80,26,26
101,50,26,26
76,40,26,26
76,75,26,26
40,76,26,26
76,40,26,26
76,40,26,26
76,75,26,26
13,14,26,26
63,64,26,26
40,121,26,26
84,19,26,26
66,80,26,26
85,18,26,26
18,85,26,26
4,106,26,26
2,13,26,26
2,72,26,26
2,40,26,26
2,74,26,26
4,74,26,26
4,13,26,26
4,3,26,26
106,4,26,26
95,1,26,26
79,43,26,26
79,43,26,26
1,95,26,26
76,40,26,26
112,83,26,26
124,50,26,26
85,47,26,26
47,85,26,26
18,64,26,26
18,80,26,26
80,18,26,26
13,2,26,26
94,65,26,26
94,14,26,26
14,13,26,26
65,94,26,26
14,94,26,26
9,67,26,26
9,66,26,26
9,2,26,26
14,13,26,26
76,50,26,26
94,59,26,26
94,2,26,26
29,50,26,26
59,94,26,26
2,94,26,26
50,29,26,26
2,40,26,26
2,72,26,26
2,74,26,26
2,13,26,26
66,9,26,26
88,61,26,26
88,96,26,26
88,12,26,26
88,15,26,26
64,18,26,26
13,2,26,26
66,9,26,26
66,67,26,26
29,50,26,26
76,50,26,26
13,14,26,26
13,14,26,26
86,40,26,26
13,14,26,26
76,40,26,26
50,76,26,26
21,47,26,26
21,85,26,26
21,56,26,26
21,84,26,26
21,88,26,26
21,89,26,26
21,68,26,26
21,86,26,26
21,90,26,26
21,69,26,26
21,76,26,26
21,48,26,26
85,21,26,26
18,57,26,26
76,50,26,26
84,21,26,26
56,21,26,26
89,21,26,26
50,84,26,26
18,27,26,26
84,50,26,26
86,21,26,26
15,61,26,26
50,76,26,26
76,50,26,26
76,21,26,26
90,69,26,26
18,57,26,26
18,57,26,26
48,21,26,26
18,57,26,26
18,80,26,26
18,80,26,26
84,86,26,26
4,40,26,26
4,49,26,26
4,13,26,26
68,21,26,26
83,112,26,26
27,50,26,26
61,15,26,26
48,85,26,26
85,48,26,26
15,61,26,26
61,15,26,26
61,12,26,26
12,61,26,26
32,26,26,26
32,24,26,26
64,43,26,26
64,63,26,26
68,40,26,26
68,8,26,26
68,3,26,26
32,66,26,26
9,66,26,26
9,67,26,26
63,64,26,26
9,66,26,26
90,21,26,26
83,66,26,26
84,69,26,26
47,21,26,26
84,86,26,26
86,84,26,26
22,75,26,26
22,15,26,26
56,38,26,26
60,51,26,26
60,62,26,26
60,31,26,26
5,47,26,26
5,13,26,26
5,28,26,26
60,33,26,26
86,50,26,26
30,84,27,27
30,26,27,27
30,68,27,27
30,18,27,27
30,82,27,27
30,36,27,27
30,66,27,27
30,67,27,27
1,5,27,27
1,2,27,27
1,15,27,27
1,6,27,27
1,7,27,27
1,3,27,27
1,8,27,27
1,9,27,27
1,10,27,27
1,11,27,27
1,12,27,27
1,65,27,27
1,13,27,27
1,14,27,27
1,4,27,27
1,16,27,27
1,17,27,27
13,4,27,27
40,76,27,27
40,86,27,27
13,14,27,27
96,15,27,27
96,61,27,27
96,12,27,27
94,69,27,27
94,86,27,27
94,84,27,27
94,76,27,27
94,56,27,27
94,59,27,27
94,123,27,27
94,79,27,27
94,95,27,27
95,94,27,27
74,2,27,27
74,2,27,27
14,13,27,27
61,96,27,27
14,13,27,27
12,96,27,27
15,96,27,27
18,80,27,27
49,4,27,27
76,94,27,27
76,40,27,27
74,59,27,27
33,15,27,27
13,66,27,27
13,3,27,27
13,8,27,27
13,40,27,27
27,66,27,27
27,3,27,27
27,15,27,27
27,13,27,27
27,40,27,27
27,8,27,27
27,5,27,27
27,26,27,27
27,62,27,27
27,39,27,27
13,27,27,27
29,85,27,27
29,81,27,27
29,98,27,27
29,39,27,27
29,77,27,27
29,7,27,27
29,3,27,27
29,23,27,27
29,90,27,27
29,115,27,27
29,119,27,27
29,22,27,27
29,52,27,27
29,56,27,27
29,58,27,27
29,75,27,27
29,83,27,27
29,24,27,27
29,88,27,27
29,28,27,27
29,33,27,27
29,48,27,27
29,45,27,27
29,80,27,27
29,21,27,27
29,10,27,27
29,94,27,27
29,93,27,27
29,2,27,27
98,29,27,27
59,94,27,27
15,27,27,27
26,27,27,27
58,29,27,27
59,74,27,27
45,29,27,27
33,29,27,27
50,86,27,27
23,29,27,27
52,29,27,27
83,29,27,27
23,29,27,27
29,23,27,27
8,27,27,27
8,13,27,27
14,13,27,27
7,29,27,27
50,53,27,27
28,29,27,27
56,29,27,27
123,94,27,27
56,94,27,27
76,53,27,27
10,29,27,27
48,29,27,27
39,29,27,27
39,27,27,27
59,72,27,27
59,74,27,27
53,50,27,27
53,76,27,27
75,29,27,27
76,53,27,27
5,27,27,27
11,5,27,27
21,29,27,27
22,7,27,27
105,23,27,27
59,44,27,27
59,65,27,27
7,22,27,27
43,81,27,27
76,40,27,27
24,29,27,27
13,14,27,27
43,64,27,27
43,151,27,27
43,42,27,27
43,95,27,27
43,21,27,27
43,6,27,27
43,58,27,27
43,29,27,27
43,81,27,27
21,43,27,27
58,43,27,27
43,29,27,27
13,14,27,27
69,68,27,27
69,84,27,27
69,76,27,27
69,86,27,27
5,11,27,27
80,18,27,27
88,29,27,27
88,21,27,27
18,80,27,27
121,40,27,27
95,43,27,27
14,13,27,27
88,15,27,27
48,47,27,27
48,47,27,27
14,13,27,27
79,94,27,27
52,103,27,27
103,52,27,27
38,1,27,27
38,37,27,27
14,13,27,27
94,29,27,27
21,70,27,27
21,22,27,27
21,75,27,27
21,82,27,27
21,98,27,27
21,88,27,27
21,7,27,27
21,89,27,27
21,45,27,27
21,10,27,27
89,21,27,27
45,21,27,27
98,21,27,27
23,105,27,27
54,15,27,27
54,29,27,27
54,5,27,27
54,39,27,27
15,54,27,27
73,15,27,27
73,5,27,27
73,72,27,27
37,1,27,27
15,73,27,27
7,21,27,27
40,47,27,27
40,68,27,27
13,14,27,27
1,37,27,27
13,14,27,27
14,15,27,27
14,56,27,27
14,54,27,27
98,7,27,27
98,46,27,27
98,123,27,27
98,93,27,27
98,75,27,27
98,49,27,27
98,20,27,27
98,133,27,27
86,50,27,27
7,98,27,27
47,40,27,27
9,25,27,27
56,14,27,27
69,86,27,27
70,21,27,27
83,58,27,27
86,40,27,27
88,21,27,27
86,94,27,27
6,43,27,27
86,123,27,27
70,48,27,27
70,68,27,27
37,149,27,27
37,36,27,27
58,83,27,27
149,37,27,27
20,98,27,27
54,14,27,27
29,54,27,27
46,98,27,27
76,69,27,27
123,98,27,27
29,54,27,27
29,43,27,27
54,29,27,27
54,29,27,27
93,98,27,27
93,29,27,27
20,94,27,27
20,4,27,27
20,112,27,27
20,51,27,27
20,3,27,27
20,13,27,27
20,57,27,27
20,50,27,27
20,18,27,27
69,86,27,27
13,14,27,27
18,20,27,27
86,94,27,27
86,123,27,27
39,54,27,27
14,13,27,27
51,20,27,27
84,94,27,27
13,20,27,27
15,14,27,27
1,69,27,27
1,9,27,27
1,14,27,27
1,15,27,27
1,90,27,27
1,3,27,27
1,5,27,27
1,17,27,27
1,11,27,27
1,68,27,27
1,65,27,27
75,98,27,27
65,1,27,27
14,1,27,27
82,21,27,27
83,59,27,27
13,14,27,27
14,13,27,27
59,83,27,27
69,1,27,27
4,20,27,27
57,20,27,27
40,76,27,27
76,40,27,27
10,21,27,27
57,107,27,27
57,93,27,27
57,130,27,27
57,104,27,27
57,89,27,27
57,29,27,27
57,6,27,27
57,112,27,27
57,101,27,27
57,18,27,27
57,18,27,27
4,106,27,27
57,18,27,27
57,18,27,27
112,57,27,27
101,57,27,27
93,57,27,27
63,37,27,27
80,38,27,27
65,69,27,27
69,65,27,27
89,57,27,27
6,57,27,27
9,1,27,27
11,1,27,27
15,1,27,27
76,40,27,27
69,65,27,27
69,86,27,27
40,76,27,27
65,69,27,27
76,40,27,27
18,108,27,27
18,107,27,27
18,55,27,27
18,110,27,27
18,99,27,27
18,109,27,27
18,57,27,27
18,19,27,27
49,98,27,27
57,18,27,27
19,18,27,27
80,37,27,27
76,50,27,27
49,53,27,27
55,18,27,27
21,86,27,27
86,21,27,27
3,27,27,27
76,19,27,27
76,57,27,27
3,13,27,27
5,54,27,27
5,1,27,27
5,73,27,27
54,15,27,27
15,54,27,27
6,106,27,27
6,106,27,27
84,4,27,27
86,53,27,27
86,40,27,27
53,86,27,27
53,49,27,27
4,84,27,27
84,4,27,27
84,4,27,27
32,30,27,27
86,53,27,27
30,32,27,27
56,15,27,27
65,59,27,27
48,70,27,27
38,36,27,27
38,37,27,27
85,29,27,27
80,90,27,27
77,66,27,27
77,9,27,27
47,48,27,27
76,19,27,27
76,57,27,27
56,88,27,27
59,94,27,27
88,56,27,27
21,70,27,27
48,47,27,27
70,21,27,27
70,53,27,27
50,76,27,27
76,50,27,27
14,13,27,27
86,69,27,27
86,65,27,27
59,83,27,27
50,47,27,27
59,123,27,27
59,79,27,27
59,95,27,27
59,94,27,27
59,2,27,27
47,50,27,27
84,19,27,27
59,56,27,27
59,1,27,27
72,85,27,27
90,1,27,27
90,29,27,27
90,80,27,27
33,5,27,27
33,117,27,27
33,15,27,27
88,15,27,27
4,48,27,27
4,70,27,27
48,4,27,27
1,56,27,27
15,61,27,27
15,56,27,27
61,15,27,27
59,67,27,27
59,72,27,27
76,19,27,27
70,4,27,27
15,56,27,27
18,57,27,27
107,18,27,27
38,56,27,27
38,9,27,27
38,68,27,27
38,69,27,27
38,1,27,27
5,33,27,27
69,88,27,27
75,50,27,27
85,48,27,27
48,85,27,27
75,21,27,27
104,57,27,27
3,20,27,27
84,57,27,27
84,70,27,27
76,69,27,27
110,18,27,27
110,1,27,27
110,18,27,27
110,18,27,27
110,18,27,27
110,18,27,27
109,18,27,27
86,50,27,27
84,19,27,27
86,53,27,27
32,26,27,27
32,66,27,27
164,18,27,27
13,14,27,27
13,14,27,27
13,14,27,27
13,14,27,27
57,18,27,27
96,15,27,27
96,61,27,27
96,12,27,27
99,18,27,27
13,14,27,27
94,14,27,27
94,65,27,27
94,59,27,27
94,95,27,27
94,44,27,27
94,123,27,27
94,9,27,27
94,84,27,27
94,69,27,27
94,86,27,27
94,76,27,27
94,56,27,27
94,59,27,27
14,13,27,27
14,13,27,27
14,13,27,27
29,54,27,27
14,13,27,27
29,57,27,27
61,96,27,27
95,94,27,27
94,83,27,27
94,95,27,27
14,13,27,27
14,94,27,27
26,83,27,27
42,43,27,27
42,43,27,27
42,43,27,27
103,105,27,27
105,103,27,27
12,96,27,27
15,96,27,27
14,13,27,27
94,86,27,27
94,123,27,27
15,61,27,27
61,15,27,27
61,96,27,27
95,94,27,27
50,86,27,27
57,84,27,27
31,14,27,27
14,31,27,27
14,31,27,27
31,14,27,27
14,31,27,27
96,61,27,27
13,66,27,27
13,3,27,27
13,8,27,27
13,40,27,27
13,14,27,27
31,63,27,27
31,42,27,27
31,14,27,27
13,14,27,27
13,14,27,27
14,13,27,27
31,63,27,27
31,42,27,27
31,63,27,27
83,94,27,27
31,42,27,27
31,63,27,27
14,13,27,27
56,1,27,27
56,15,27,27
13,14,27,27
65,94,27,27
9,94,27,27
44,94,27,27
56,94,27,27
59,94,27,27
59,94,27,27
13,3,27,27
8,13,27,27
13,14,27,27
14,13,27,27
65,9,27,27
65,94,27,27
65,59,27,27
65,95,27,27
65,44,27,27
65,123,27,27
65,14,27,27
44,65,27,27
13,14,27,27
14,13,27,27
9,65,27,27
14,13,27,27
14,65,27,27
13,14,27,27
15,88,27,27
86,50,27,27
76,94,27,27
86,94,27,27
86,94,27,27
86,123,27,27
88,15,27,27
13,14,27,27
13,14,27,27
13,14,27,27
47,68,27,27
3,13,27,27
14,13,27,27
14,13,27,27
14,13,27,27
50,75,27,27
68,40,27,27
94,65,27,27
82,48,27,27
82,86,27,27
82,49,27,27
82,130,27,27
82,109,27,27
82,56,27,27
82,19,27,27
86,82,27,27
68,47,27,27
95,65,27,27
68,47,27,27
68,1,27,27
68,70,27,27
68,47,27,27
2,70,27,27
2,58,27,27
82,75,27,27
82,22,27,27
82,15,27,27
56,82,27,27
48,82,27,27
75,50,27,27
65,94,27,27
73,5,27,27
73,72,27,27
73,15,27,27
94,65,27,27
94,59,27,27
94,95,27,27
94,123,27,27
59,94,27,27
49,82,27,27
84,57,27,27
84,94,27,27
84,57,27,27
96,61,27,27
56,88,27,27
61,96,27,27
53,70,27,27
57,84,27,27
84,57,27,27
9,67,27,27
9,66,27,27
15,73,27,27
95,94,27,27
59,68,27,27
59,85,27,27
59,84,27,27
59,47,27,27
59,94,27,27
59,2,27,27
59,69,27,27
59,56,27,27
59,86,27,27
59,89,27,27
59,48,27,27
59,76,27,27
59,88,27,27
33,42,27,27
15,88,27,27
88,56,27,27
88,15,27,27
151,43,27,27
65,59,27,27
65,94,27,27
65,9,27,27
38,37,27,27
38,36,27,27
38,37,27,27
38,36,27,27
21,76,27,27
94,65,27,27
124,101,27,27
1,9,27,27
9,65,27,27
94,95,27,27
94,65,27,27
9,1,27,27
65,94,27,27
77,14,27,27
14,77,27,27
42,33,27,27
77,14,27,27
5,73,27,27
11,5,27,27
86,117,27,27
94,65,27,27
94,14,27,27
94,9,27,27
14,94,27,27
90,76,27,27
18,86,27,27
18,84,27,27
18,76,27,27
18,56,27,27
18,88,27,27
18,69,27,27
88,18,27,27
54,33,27,27
84,18,27,27
33,54,27,27
76,18,27,27
56,18,27,27
65,94,27,27
65,94,27,27
56,18,27,27
54,14,27,27
94,65,27,27
14,54,27,27
14,54,27,27
14,56,27,27
14,15,27,27
54,14,27,27
15,14,27,27
95,94,27,27
56,14,27,27
81,47,27,27
81,59,27,27
86,40,27,27
86,75,27,27
86,27,27,27
86,93,27,27
86,101,27,27
86,124,27,27
86,18,27,27
40,8,27,27
40,38,27,27
54,15,27,27
9,94,27,27
18,56,27,27
96,15,27,27
96,61,27,27
18,57,27,27
18,19,27,27
15,96,27,27
57,18,27,27
19,18,27,27
144,38,27,27
138,47,27,27
14,13,27,27
32,26,27,27
32,8,27,27
60,51,27,27
60,62,27,27
60,31,27,27
4,106,27,27
45,26,27,27
45,24,27,27
59,72,27,27
59,74,27,27
21,86,27,27
75,50,27,27
40,50,27,27
26,32,27,27
86,21,27,27
26,45,27,27
138,38,27,27
138,47,27,27
138,32,27,27
138,90,27,27
38,37,27,27
38,37,27,27
38,36,27,27
13,14,27,27
5,11,27,27
61,96,27,27
15,54,27,27
38,36,27,27
1,38,27,27
53,70,27,27
53,4,27,27
76,40,27,27
103,105,27,27
76,81,27,27
4,53,27,27
40,76,27,27
76,40,27,27
59,2,27,27
6,106,27,27
104,44,27,27
104,44,27,27
44,104,27,27
86,69,27,27
105,103,27,27
14,117,27,27
69,68,27,27
15,88,27,27
88,15,27,27
8,32,27,27
37,38,27,27
70,53,27,27
53,86,27,27
86,53,27,27
13,14,27,27
14,13,27,27
40,15,27,27
40,61,27,27
40,121,27,27
24,45,27,27
66,13,27,27
66,13,27,27
66,9,27,27
67,30,27,27
67,75,27,27
47,50,27,27
66,9,27,27
66,83,27,27
21,86,27,27
86,21,27,27
79,95,27,27
79,104,27,27
9,67,27,27
9,66,27,27
81,50,27,27
81,50,27,27
15,54,27,27
81,50,27,27
54,15,27,27
15,56,27,27
56,15,27,27
117,14,27,27
66,9,27,27
14,117,27,27
66,9,27,27
66,67,27,27
95,79,27,27
9,66,27,27
50,81,27,27
62,70,27,27
62,47,27,27
62,31,27,27
50,76,27,27
76,50,27,27
86,75,27,27
86,40,27,27
86,19,27,27
86,93,27,27
86,101,27,27
86,124,27,27
86,27,27,27
15,61,27,27
15,96,27,27
61,15,27,27
50,47,27,27
80,66,27,27
80,67,27,27
75,86,27,27
75,19,27,27
75,93,27,27
75,101,27,27
75,124,27,27
75,27,27,27
86,75,27,27
66,80,27,27
93,75,27,27
96,15,27,27
21,86,27,27
86,21,27,27
69,84,27,27
69,76,27,27
69,86,27,27
69,89,27,27
47,50,27,27
86,117,27,27
76,40,27,27
76,70,27,27
68,85,27,27
84,53,27,27
84,70,27,27
84,101,27,27
84,4,27,27
90,66,27,27
90,72,27,27
90,56,27,27
90,67,27,27
90,69,27,27
90,68,27,27
86,69,27,27
86,50,27,27
86,81,27,27
165,2,27,27
101,75,27,27
96,15,27,27
96,61,27,27
96,12,27,27
4,74,27,27
61,96,27,27
74,4,27,27
27,75,27,27
13,66,27,27
13,3,27,27
13,8,27,27
13,40,27,27
8,13,27,27
13,3,27,27
12,96,27,27
14,13,27,27
38,1,27,27
14,13,27,27
15,96,27,27
13,14,27,27
1,38,27,27
13,14,27,27
50,75,27,27
13,14,27,27
14,13,27,27
14,13,27,27
13,14,27,27
53,70,27,27
53,4,27,27
53,102,27,27
53,27,27,27
53,93,27,27
53,101,27,27
53,124,27,27
101,53,27,27
40,84,27,27
93,53,27,27
50,70,27,27
123,94,27,27
123,94,27,27
123,94,27,27
36,29,27,27
29,36,27,27
4,53,27,27
13,14,27,27
56,90,27,27
75,50,27,27
14,13,27,27
14,13,27,27
80,42,27,27
80,64,27,27
13,14,27,27
70,50,27,27
4,53,27,27
11,5,27,27
13,14,27,27
14,13,27,27
38,1,27,27
38,36,27,27
38,37,27,27
124,53,27,27
76,50,27,27
50,76,27,27
76,50,27,27
70,53,27,27
54,33,27,27
42,80,27,27
13,14,27,27
14,13,27,27
53,4,27,27
14,13,27,27
14,15,27,27
14,56,27,27
14,54,27,27
66,13,27,27
15,14,27,27
4,106,27,27
50,75,27,27
68,90,27,27
45,30,27,27
30,45,27,27
13,14,27,27
117,58,27,27
117,83,27,27
58,117,27,27
58,23,27,27
58,43,27,27
58,106,27,27
58,29,27,27
58,33,27,27
58,54,27,27
54,14,27,27
96,15,27,27
96,61,27,27
23,58,27,27
15,96,27,27
61,96,27,27
13,17,27,27
75,50,27,27
38,1,27,27
38,1,27,27
43,42,27,27
54,58,27,27
43,79,27,27
86,75,27,27
86,40,27,27
86,93,27,27
86,101,27,27
86,124,27,27
86,27,27,27
32,26,27,27
32,26,27,27
13,40,27,27
27,53,27,27
5,11,27,27
66,90,27,27
76,40,27,27
73,72,27,27
73,15,27,27
73,5,27,27
15,73,27,27
5,73,27,27
6,106,27,27
84,40,27,27
56,14,27,27
106,58,27,27
70,53,27,27
24,32,27,27
3,13,27,27
42,43,27,27
50,66,27,27
79,43,27,27
6,106,27,27
80,31,27,27
33,54,27,27
31,80,27,27
66,50,27,27
33,54,27,27
88,56,27,27
88,56,27,27
54,33,27,27
59,67,27,27
59,72,27,27
33,58,27,27
76,40,27,27
74,59,27,27
38,1,27,27
29,58,27,27
59,74,27,27
74,4,27,27
73,9,27,27
73,65,27,27
73,14,27,27
73,72,27,27
59,72,27,27
59,74,27,27
14,73,27,27
86,75,27,27
86,40,27,27
86,93,27,27
86,101,27,27
86,124,27,27
86,27,27,27
38,68,27,27
38,72,27,27
38,1,27,27
38,69,27,27
38,56,27,27
38,9,27,27
75,50,27,27
68,47,27,27
68,48,27,27
68,85,27,27
15,33,27,27
76,21,27,27
33,15,27,27
68,48,27,27
68,85,27,27
68,47,27,27
76,18,27,27
38,65,27,27
38,9,27,27
38,1,27,27
26,83,27,27
26,32,27,27
84,69,27,27
26,32,27,27
65,73,27,27
76,40,27,27
5,54,27,27
4,74,27,27
6,106,27,27
59,69,27,27
59,56,27,27
59,76,27,27
59,47,27,27
59,68,27,27
59,85,27,27
59,86,27,27
59,84,27,27
59,89,27,27
59,48,27,27
59,88,27,27
59,94,27,27
59,2,27,27
32,24,27,27
56,59,27,27
56,94,27,27
56,59,27,27
77,50,27,27
77,53,27,27
80,90,27,27
83,117,27,27
33,5,27,27
65,9,27,27
59,56,27,27
59,56,27,27
18,76,27,27
32,26,27,27
76,18,27,27
76,18,27,27
18,76,27,27
103,105,27,27
105,103,27,27
50,84,27,27
6,106,27,27
76,69,27,27
32,27,27,27
76,40,27,27
76,40,27,27
76,40,27,27
9,1,27,27
1,9,27,27
103,105,27,27
5,54,27,27
105,103,27,27
124,75,27,27
77,32,27,27
76,69,27,27
39,50,27,27
39,81,27,27
84,50,27,27
76,18,27,27
33,15,27,27
15,33,27,27
86,40,27,27
76,90,27,27
32,66,27,27
57,84,27,27
84,57,27,27
29,39,27,27
29,5,27,27
84,50,27,27
84,57,27,27
5,29,27,27
50,93,27,27
50,101,27,27
50,124,27,27
50,27,27,27
93,50,27,27
101,50,27,27
106,73,27,27
106,117,27,27
1,38,27,27
56,69,27,27
13,14,27,27
94,56,27,27
14,13,27,27
59,74,27,27
59,72,27,27
39,29,27,27
66,32,27,27
40,86,27,27
40,76,27,27
40,76,27,27
76,40,27,27
76,40,27,27
40,76,27,27
76,40,27,27
86,40,27,27
69,86,27,27
54,5,27,27
54,5,27,27
50,70,27,27
39,29,27,27
70,50,27,27
21,86,27,27
86,21,27,27
29,39,27,27
65,38,27,27
65,38,27,27
86,75,27,27
86,40,27,27
86,93,27,27
86,101,27,27
86,124,27,27
86,27,27,27
30,47,27,27
30,29,27,27
30,29,27,27
30,47,27,27
47,30,27,27
47,30,27,27
59,65,27,27
7,14,27,27
93,86,27,27
86,93,27,27
86,93,27,27
86,57,27,27
69,86,27,27
53,77,27,27
53,50,27,27
53,66,27,27
69,86,27,27
69,84,27,27
69,76,27,27
86,50,27,27
86,81,27,27
69,3,27,27
69,9,27,27
69,72,27,27
69,66,27,27
69,8,27,27
69,56,27,27
69,68,27,27
69,65,27,27
84,50,27,27
69,15,27,27
90,80,27,27
90,85,27,27
90,68,27,27
85,90,27,27
107,57,27,27
77,53,27,27
3,13,27,27
3,35,27,27
40,16,27,27
16,40,27,27
96,15,27,27
96,61,27,27
96,12,27,27
13,65,27,27
13,3,27,27
13,4,27,27
13,40,27,27
40,65,27,27
40,17,27,27
61,96,27,27
29,30,27,27
29,30,27,27
13,8,27,27
13,40,27,27
13,66,27,27
13,3,27,27
13,35,27,27
13,4,27,27
58,106,27,27
58,29,27,27
58,83,27,27
58,23,27,27
58,43,27,27
58,95,27,27
8,13,27,27
94,76,27,27
94,48,27,27
94,95,27,27
94,56,27,27
94,86,27,27
94,69,27,27
94,88,27,27
94,68,27,27
94,47,27,27
94,85,27,27
94,59,27,27
94,123,27,27
86,94,27,27
23,58,27,27
4,74,27,27
4,13,27,27
4,13,27,27
27,50,27,27
74,4,27,27
13,4,27,27
81,86,27,27
86,81,27,27
94,14,27,27
94,65,27,27
94,9,27,27
95,94,27,27
12,96,27,27
59,94,27,27
69,94,27,27
35,13,27,27
96,15,27,27
96,61,27,27
11,5,27,27
13,35,27,27
9,73,27,27
29,58,27,27
13,3,27,27
9,65,27,27
48,94,27,27
83,58,27,27
9,94,27,27
15,96,27,27
15,96,27,27
123,94,27,27
66,13,27,27
50,86,27,27
86,50,27,27
38,1,27,27
47,94,27,27
66,53,27,27
13,4,27,27
13,3,27,27
13,35,27,27
65,94,27,27
5,11,27,27
65,40,27,27
26,83,27,27
65,94,27,27
61,96,27,27
12,73,27,27
12,72,27,27
12,71,27,27
12,15,27,27
50,84,27,27
5,72,27,27
5,71,27,27
5,73,27,27
5,74,27,27
5,11,27,27
59,68,27,27
59,84,27,27
59,48,27,27
59,69,27,27
59,56,27,27
59,85,27,27
59,86,27,27
59,89,27,27
59,76,27,27
59,88,27,27
59,47,27,27
59,94,27,27
59,2,27,27
86,59,27,27
15,12,27,27
94,65,27,27
93,86,27,27
86,93,27,27
59,72,27,27
59,74,27,27
72,15,27,27
72,71,27,27
72,73,27,27
72,12,27,27
72,5,27,27
72,117,27,27
72,74,27,27
72,74,27,27
56,88,27,27
52,103,27,27
103,52,27,27
56,94,27,27
88,56,27,27
88,94,27,27
74,5,27,27
73,12,27,27
73,5,27,27
1,38,27,27
76,94,27,27
57,84,27,27
73,72,27,27
73,15,27,27
73,5,27,27
95,58,27,27
84,50,27,27
50,69,27,27
84,50,27,27
68,47,27,27
84,69,27,27
84,57,27,27
15,73,27,27
65,14,27,27
14,65,27,27
50,103,27,27
50,52,27,27
52,50,27,27
103,50,27,27
112,44,27,27
112,20,27,27
40,15,27,27
40,61,27,27
76,69,27,27
65,9,27,27
38,37,27,27
9,65,27,27
5,73,27,27
65,9,27,27
9,65,27,27
86,93,27,27
61,15,27,27
61,96,27,27
15,61,27,27
69,3,27,27
69,40,27,27
69,18,27,27
86,81,27,27
86,50,27,27
11,5,27,27
86,94,27,27
86,123,27,27
68,90,27,27
68,94,27,27
57,86,27,27
86,57,27,27
86,57,27,27
21,86,27,27
86,21,27,27
86,21,27,27
38,9,27,27
12,15,27,27
15,12,27,27
70,68,27,27
70,48,27,27
38,65,27,27
38,9,27,27
38,1,27,27
38,1,27,27
56,72,27,27
56,15,27,27
15,56,27,27
50,86,27,27
50,27,27,27
50,93,27,27
50,101,27,27
50,124,27,27
93,50,27,27
86,50,27,27
101,50,27,27
93,27,27,27
40,8,27,27
27,93,27,27
27,50,27,27
68,70,27,27
9,65,27,27
9,38,27,27
9,1,27,27
1,9,27,27
47,68,27,27
68,47,27,27
86,19,27,27
56,59,27,27
56,94,27,27
1,38,27,27
50,75,27,27
50,70,27,27
56,15,27,27
38,9,27,27
38,1,27,27
38,65,27,27
124,50,27,27
18,50,27,27
18,69,27,27
18,8,27,27
18,40,27,27
50,121,27,27
83,15,27,27
48,70,27,27
65,9,27,27
15,83,27,27
104,79,27,27
15,83,27,27
76,40,27,27
76,75,27,27
40,70,27,27
83,15,27,27
66,32,27,27
74,4,27,27
70,50,27,27
70,40,27,27
54,58,27,27
54,33,27,27
54,83,27,27
54,5,27,27
5,54,27,27
37,38,27,27
37,36,27,27
33,54,27,27
74,59,27,27
3,66,27,27
66,32,27,27
3,66,27,27
36,38,27,27
3,13,27,27
69,50,27,27
59,56,27,27
59,74,27,27
15,56,27,27
58,54,27,27
8,40,27,27
44,112,27,27
58,29,27,27
58,106,27,27
58,95,27,27
58,43,27,27
58,23,27,27
47,68,27,27
8,18,27,27
29,58,27,27
40,16,27,27
40,121,27,27
83,54,27,27
95,58,27,27
68,90,27,27
68,47,27,27
69,13,27,27
69,4,27,27
106,58,27,27
106,58,27,27
6,106,27,27
94,56,27,27
6,106,27,27
13,69,27,27
79,43,27,27
69,13,27,27
69,13,27,27
33,42,27,27
33,2,27,27
42,33,27,27
85,94,27,27
23,58,27,27
23,58,27,27
4,74,27,27
96,61,27,27
58,23,27,27
47,50,27,27
58,95,27,27
95,58,27,27
59,72,27,27
59,74,27,27
84,69,27,27
58,23,27,27
58,29,27,27
58,83,27,27
58,106,27,27
23,58,27,27
101,50,27,27
23,46,27,27
23,34,27,27
76,40,27,27
104,95,27,27
95,104,27,27
77,66,27,27
104,74,27,27
104,73,27,27
84,69,27,27
53,70,27,27
95,43,27,27
95,104,27,27
95,123,27,27
95,93,27,27
95,22,27,27
95,98,27,27
95,79,27,27
95,65,27,27
95,94,27,27
93,95,27,27
95,123,27,27
95,93,27,27
95,22,27,27
95,98,27,27
123,95,27,27
65,95,27,27
79,95,27,27
123,95,27,27
65,95,27,27
106,58,27,27
95,65,27,27
95,65,27,27
46,23,27,27
73,104,27,27
40,16,27,27
40,121,27,27
65,95,27,27
33,61,27,27
34,23,27,27
40,76,27,27
77,66,27,27
76,40,27,27
76,40,27,27
47,68,27,27
40,76,27,27
74,104,27,27
76,40,27,27
76,40,27,27
29,58,27,27
21,84,27,27
68,47,27,27
69,76,27,27
21,84,27,27
76,53,27,27
84,21,27,27
84,21,27,27
15,5,27,27
15,117,27,27
15,61,27,27
94,95,27,27
84,88,27,27
83,58,27,27
61,15,27,27
69,76,27,27
53,76,27,27
34,24,27,27
24,34,27,27
76,53,27,27
68,59,27,27
59,68,27,27
59,69,27,27
59,56,27,27
59,64,27,27
38,1,27,27
104,95,27,27
93,95,27,27
69,59,27,27
69,67,27,27
59,68,27,27
59,69,27,27
59,64,27,27
59,56,27,27
59,67,27,27
5,15,27,27
59,68,27,27
65,44,27,27
69,68,27,27
84,86,27,27
86,84,27,27
84,86,27,27
84,57,27,27
84,57,27,27
84,57,27,27
67,80,28,28
67,80,28,28
16,40,28,28
96,15,28,28
96,61,28,28
96,12,28,28
2,29,28,28
13,66,28,28
13,3,28,28
13,8,28,28
13,40,28,28
121,50,28,28
121,40,28,28
124,50,28,28
8,13,28,28
75,50,28,28
94,65,28,28
94,14,28,28
19,82,28,28
61,96,28,28
19,75,28,28
15,96,28,28
14,17,28,28
12,96,28,28
151,105,28,28
96,15,28,28
96,61,28,28
73,71,28,28
15,96,28,28
2,33,28,28
17,14,28,28
17,13,28,28
94,56,28,28
94,88,28,28
94,69,28,28
94,86,28,28
94,84,28,28
94,76,28,28
70,53,28,28
17,65,28,28
65,94,28,28
39,5,28,28
39,15,28,28
39,54,28,28
39,66,28,28
76,94,28,28
65,94,28,28
94,65,28,28
54,39,28,28
70,53,28,28
71,73,28,28
5,39,28,28
80,84,28,28
88,94,28,28
71,12,28,28
67,90,28,28
56,94,28,28
71,5,28,28
66,13,28,28
67,66,28,28
67,9,28,28
66,27,28,28
39,66,28,28
67,9,28,28
66,39,28,28
17,56,28,28
17,15,28,28
17,54,28,28
66,39,28,28
15,39,28,28
40,6,28,28
5,15,28,28
67,9,28,28
6,40,28,28
75,50,28,28
15,17,28,28
15,5,28,28
67,66,28,28
67,9,28,28
67,80,28,28
67,14,28,28
2,59,28,28
59,2,28,28
69,86,28,28
69,68,28,28
69,76,28,28
69,89,28,28
86,69,28,28
58,48,28,28
48,58,28,28
59,80,28,28
2,72,28,28
2,13,28,28
2,40,28,28
2,74,28,28
56,17,28,28
50,75,28,28
69,72,28,28
74,2,28,28
59,68,28,28
59,69,28,28
59,85,28,28
59,47,28,28
59,2,28,28
59,56,28,28
59,86,28,28
59,84,28,28
59,89,28,28
59,48,28,28
59,76,28,28
59,88,28,28
59,94,28,28
21,75,28,28
75,21,28,28
75,50,28,28
75,50,28,28
98,95,28,28
54,17,28,28
98,95,28,28
76,69,28,28
76,86,28,28
76,84,28,28
86,76,28,28
11,5,28,28
50,75,28,28
86,94,28,28
3,13,28,28
57,76,28,28
76,57,28,28
71,15,28,28
71,5,28,28
80,90,28,28
13,2,28,28
61,96,28,28
59,67,28,28
75,50,28,28
57,76,28,28
76,57,28,28
65,94,28,28
65,123,28,28
14,44,28,28
2,40,28,28
2,72,28,28
2,74,28,28
2,13,28,28
5,11,28,28
14,42,28,28
84,94,28,28
56,54,28,28
84,80,28,28
86,53,28,28
53,70,28,28
53,86,28,28
53,70,28,28
76,84,28,28
54,56,28,28
44,14,28,28
13,2,28,28
76,57,28,28
70,53,28,28
74,2,28,28
71,72,28,28
71,15,28,28
71,73,28,28
71,5,28,28
86,53,28,28
94,65,28,28
65,64,28,28
4,106,28,28
58,117,28,28
42,14,28,28
42,14,28,28
21,72,28,28
21,72,28,28
59,123,28,28
59,79,28,28
59,95,28,28
59,94,28,28
59,2,28,28
38,1,28,28
27,81,28,28
117,67,28,28
67,117,28,28
71,73,28,28
84,59,28,28
84,79,28,28
84,123,28,28
84,69,28,28
6,106,28,28
72,56,28,28
81,76,28,28
72,56,28,28
27,66,28,28
27,3,28,28
27,15,28,28
27,26,28,28
27,62,28,28
27,39,28,28
27,13,28,28
27,40,28,28
27,8,28,28
27,5,28,28
15,27,28,28
71,5,28,28
71,5,28,28
76,81,28,28
8,27,28,28
73,9,28,28
73,65,28,28
73,14,28,28
73,72,28,28
14,73,28,28
37,38,28,28
37,36,28,28
37,1,28,28
1,37,28,28
2,72,28,28
2,74,28,28
2,40,28,28
2,13,28,28
14,31,28,28
31,14,28,28
47,40,28,28
47,68,28,28
47,8,28,28
65,73,28,28
31,14,28,28
13,27,28,28
13,2,28,28
8,47,28,28
14,31,28,28
64,42,28,28
22,85,28,28
22,77,28,28
22,56,28,28
22,88,28,28
22,90,28,28
64,42,28,28
56,22,28,28
85,22,28,28
88,22,28,28
38,56,28,28
38,69,28,28
38,9,28,28
38,68,28,28
77,22,28,28
74,40,28,28
74,2,28,28
38,68,28,28
38,1,28,28
59,80,28,28
68,166,28,28
68,47,28,28
62,27,28,28
9,73,28,28
68,85,28,28
77,50,28,28
32,94,28,28
32,59,28,28
4,35,28,28
86,40,28,28
40,86,28,28
86,40,28,28
80,31,28,28
80,18,28,28
80,67,28,28
80,66,28,28
66,80,28,28
48,85,28,28
85,48,28,28
86,50,28,28
48,13,28,28
42,64,28,28
59,32,28,28
31,80,28,28
94,65,28,28
94,14,28,28
94,9,28,28
65,94,28,28
64,42,28,28
9,94,28,28
65,94,28,28
65,123,28,28
94,65,28,28
38,65,28,28
38,9,28,28
68,47,28,28
86,69,28,28
32,26,28,28
39,27,28,28
53,70,28,28
86,50,28,28
86,81,28,28
53,70,28,28
53,70,28,28
64,67,28,28
64,66,28,28
5,27,28,28
3,27,28,28
1,6,28,28
1,8,28,28
1,14,28,28
1,15,28,28
1,5,28,28
1,7,28,28
1,2,28,28
1,3,28,28
1,9,28,28
1,10,28,28
1,11,28,28
1,12,28,28
1,65,28,28
1,13,28,28
1,4,28,28
1,16,28,28
1,17,28,28
13,48,28,28
13,4,28,28
13,35,28,28
18,80,28,28
96,15,28,28
96,61,28,28
96,12,28,28
40,74,28,28
40,73,28,28
40,121,28,28
94,32,28,28
4,13,28,28
4,74,28,28
104,59,28,28
15,96,28,28
74,4,28,28
12,96,28,28
38,67,28,28
70,53,28,28
70,53,28,28
5,54,28,28
94,69,28,28
94,84,28,28
94,76,28,28
94,88,28,28
94,56,28,28
94,86,28,28
11,5,28,28
26,32,28,28
13,40,28,28
13,66,28,28
13,3,28,28
13,8,28,28
4,13,28,28
4,40,28,28
4,35,28,28
4,53,28,28
4,81,28,28
4,18,28,28
59,104,28,28
59,104,28,28
96,15,28,28
96,61,28,28
35,4,28,28
71,5,28,28
18,4,28,28
26,27,28,28
66,13,28,28
13,17,28,28
13,3,28,28
13,4,28,28
13,35,28,28
13,4,28,28
35,4,28,28
35,13,28,28
15,96,28,28
8,13,28,28
88,94,28,28
56,94,28,28
13,3,28,28
63,18,28,28
2,72,28,28
2,40,28,28
2,74,28,28
2,13,28,28
15,56,28,28
56,15,28,28
50,47,28,28
50,68,28,28
18,26,28,28
18,107,28,28
67,80,28,28
70,48,28,28
70,68,28,28
48,70,28,28
67,38,28,28
47,50,28,28
17,56,28,28
17,15,28,28
17,54,28,28
74,2,28,28
115,29,28,28
56,17,28,28
115,67,28,28
76,89,28,28
68,70,28,28
68,50,28,28
76,94,28,28
26,18,28,28
26,18,28,28
3,13,28,28
106,73,28,28
106,117,28,28
56,69,28,28
3,66,28,28
13,2,28,28
69,56,28,28
26,18,28,28
94,69,28,28
18,107,28,28
69,94,28,28
74,59,28,28
76,40,28,28
39,29,28,28
86,50,28,28
59,74,28,28
29,39,28,28
84,57,28,28
84,94,28,28
53,4,28,28
86,94,28,28
59,68,28,28
59,86,28,28
59,84,28,28
59,48,28,28
59,76,28,28
59,94,28,28
59,69,28,28
59,56,28,28
59,85,28,28
59,89,28,28
59,88,28,28
59,47,28,28
59,2,28,28
76,57,28,28
76,19,28,28
86,69,28,28
86,84,28,28
13,20,28,28
86,40,28,28
86,27,28,28
86,93,28,28
86,101,28,28
86,124,28,28
76,19,28,28
76,57,28,28
21,86,28,28
71,72,28,28
71,15,28,28
71,73,28,28
71,5,28,28
86,21,28,28
15,17,28,28
53,49,28,28
50,1,28,28
1,50,28,28
54,5,28,28
40,121,28,28
40,16,28,28
40,16,28,28
90,22,28,28
90,18,28,28
115,90,28,28
115,67,28,28
90,14,28,28
14,90,28,28
40,6,28,28
40,16,28,28
40,121,28,28
40,8,28,28
40,41,28,28
57,69,28,28
6,40,28,28
54,15,28,28
54,17,28,28
94,65,28,28
94,14,28,28
14,94,28,28
50,75,28,28
14,94,28,28
49,53,28,28
94,69,28,28
94,14,28,28
15,54,28,28
21,86,28,28
75,50,28,28
90,76,28,28
90,69,28,28
90,80,28,28
69,94,28,28
76,90,28,28
73,1,28,28
5,11,28,28
69,86,28,28
1,73,28,28
16,40,28,28
53,70,28,28
53,49,28,28
56,69,28,28
69,86,28,28
86,21,28,28
15,40,28,28
15,61,28,28
86,57,28,28
69,56,28,28
77,9,28,28
69,76,28,28
70,53,28,28
80,67,28,28
80,66,28,28
59,80,28,28
59,67,28,28
74,4,28,28
8,40,28,28
86,53,28,28
53,86,28,28
26,18,28,28
4,74,28,28
86,53,28,28
69,76,28,28
49,53,28,28
76,50,28,28
69,76,28,28
76,57,28,28
50,76,28,28
76,50,28,28
42,80,28,28
1,73,28,28
68,66,28,28
68,3,28,28
68,40,28,28
68,8,28,28
53,70,28,28
40,15,28,28
86,1,28,28
70,53,28,28
4,106,28,28
76,50,28,28
57,86,28,28
6,106,28,28
50,76,28,28
33,15,28,28
76,50,28,28
40,68,28,28
40,8,28,28
84,149,28,28
90,115,28,28
90,115,28,28
38,1,28,28
115,90,28,28
115,67,28,28
165,51,28,28
68,40,28,28
68,47,28,28
94,69,28,28
15,40,28,28
40,68,28,28
15,33,28,28
15,33,28,28
73,1,28,28
73,1,28,28
1,73,28,28
18,90,28,28
33,15,28,28
59,95,28,28
59,94,28,28
68,40,28,28
68,47,28,28
70,53,28,28
63,57,28,28
56,96,28,28
96,56,28,28
37,38,28,28
50,86,28,28
74,72,28,28
9,67,28,28
9,66,28,28
76,81,28,28
59,95,28,28
53,70,28,28
42,94,28,28
88,5,28,28
50,6,28,28
50,78,28,28
33,15,28,28
76,40,28,28
76,70,28,28
71,5,28,28
66,9,28,28
67,9,28,28
66,80,28,28
67,115,28,28
67,80,28,28
5,88,28,28
54,5,28,28
54,29,28,28
54,15,28,28
54,39,28,28
67,115,28,28
67,115,28,28
39,54,28,28
5,54,28,28
88,5,28,28
86,50,28,28
86,57,28,28
64,42,28,28
64,67,28,28
86,40,28,28
53,70,28,28
69,86,28,28
54,32,28,28
153,53,28,28
6,50,28,28
107,18,28,28
107,18,28,28
40,74,28,28
40,72,28,28
96,15,28,28
96,61,28,28
96,12,28,28
40,69,28,28
32,54,28,28
18,57,28,28
57,18,28,28
70,75,28,28
70,21,28,28
70,89,28,28
70,53,28,28
74,40,28,28
121,40,28,28
94,86,28,28
94,69,28,28
94,123,28,28
21,86,28,28
121,40,28,28
21,70,28,28
70,82,28,28
70,49,28,28
70,95,28,28
70,104,28,28
70,112,28,28
21,10,28,28
12,96,28,28
29,54,28,28
75,70,28,28
104,70,28,28
70,40,28,28
13,40,28,28
13,66,28,28
13,3,28,28
13,8,28,28
13,35,28,28
95,70,28,28
49,70,28,28
31,18,28,28
10,21,28,28
104,74,28,28
104,73,28,28
35,13,28,28
15,54,28,28
82,70,28,28
96,15,28,28
96,61,28,28
32,54,28,28
40,72,28,28
47,21,28,28
123,94,28,28
71,5,28,28
65,94,28,28
40,74,28,28
40,72,28,28
40,121,28,28
66,13,28,28
10,112,28,28
112,70,28,28
112,44,28,28
74,40,28,28
15,96,28,28
115,72,28,28
112,10,28,28
14,9,28,28
89,70,28,28
8,13,28,28
73,104,28,28
83,56,28,28
44,112,28,28
89,69,28,28
56,83,28,28
18,31,28,28
9,14,28,28
73,71,28,28
76,69,28,28
86,21,28,28
86,94,28,28
86,123,28,28
65,86,28,28
65,69,28,28
65,9,28,28
86,65,28,28
71,73,28,28
10,123,28,28
68,47,28,28
123,10,28,28
68,85,28,28
17,56,28,28
17,15,28,28
17,54,28,28
13,3,28,28
44,80,28,28
56,17,28,28
80,44,28,28
69,40,28,28
74,104,28,28
123,94,28,28
123,2,28,28
123,59,28,28
2,123,28,28
59,123,28,28
40,74,28,28
9,65,28,28
15,96,28,28
15,17,28,28
75,88,28,28
75,89,28,28
75,88,28,28
75,89,28,28
75,88,28,28
75,89,28,28
88,75,28,28
88,75,28,28
88,75,28,28
6,106,28,28
89,75,28,28
89,75,28,28
89,75,28,28
74,40,28,28
69,19,28,28
76,40,28,28
88,89,28,28
69,86,28,28
69,65,28,28
69,9,28,28
94,123,28,28
2,40,28,28
2,72,28,28
2,74,28,28
2,13,28,28
56,83,28,28
3,13,28,28
13,2,28,28
56,48,28,28
48,56,28,28
50,75,28,28
50,86,28,28
50,49,28,28
50,1,28,28
48,56,28,28
1,50,28,28
56,48,28,28
119,29,28,28
70,50,28,28
1,50,28,28
75,50,28,28
94,18,28,28
94,29,28,28
94,58,28,28
94,23,28,28
58,94,28,28
58,83,28,28
14,59,28,28
86,50,28,28
69,86,28,28
69,84,28,28
69,76,28,28
50,1,28,28
1,50,28,28
50,75,28,28
65,59,28,28
59,65,28,28
14,90,28,28
71,5,28,28
71,72,28,28
71,15,28,28
71,73,28,28
75,50,28,28
75,40,28,28
75,40,28,28
65,59,28,28
23,94,28,28
40,75,28,28
74,2,28,28
75,40,28,28
29,94,28,28
18,94,28,28
29,39,28,28
39,29,28,28
33,54,28,28
33,58,28,28
33,83,28,28
76,50,28,28
84,19,28,28
58,33,28,28
89,98,28,28
89,22,28,28
49,50,28,28
50,76,28,28
33,58,28,28
76,50,28,28
121,40,28,28
14,112,28,28
54,32,28,28
112,14,28,28
115,66,28,28
70,48,28,28
70,56,28,28
112,14,28,28
54,17,28,28
14,112,28,28
66,115,28,28
14,112,28,28
86,50,28,28
29,28,28,28
29,119,28,28
50,86,28,28
33,58,28,28
65,59,28,28
65,94,28,28
80,64,28,28
76,19,28,28
76,57,28,28
66,77,28,28
86,50,28,28
56,70,28,28
54,32,28,28
54,5,28,28
80,90,28,28
80,66,28,28
76,69,28,28
59,9,28,28
94,65,28,28
69,76,28,28
76,69,28,28
28,29,28,28
76,69,28,28
83,56,28,28
83,58,28,28
66,80,28,28
50,70,28,28
69,19,28,28
77,66,28,28
4,106,28,28
70,50,28,28
5,54,28,28
59,44,28,28
77,66,28,28
69,86,28,28
69,84,28,28
69,68,28,28
6,106,28,28
48,70,28,28
42,20,28,28
48,68,28,28
48,85,28,28
21,88,28,28
88,21,28,28
88,54,28,28
68,48,28,28
74,59,28,28
72,74,28,28
98,89,28,28
59,74,28,28
69,76,28,28
69,19,28,28
15,54,28,28
76,69,28,28
76,19,28,28
66,80,28,28
80,66,28,28
51,23,28,28
23,51,28,28
42,63,28,28
50,40,28,28
40,74,28,28
94,65,28,28
94,14,28,28
94,9,28,28
65,94,28,28
14,94,28,28
54,15,28,28
54,15,28,28
15,54,28,28
54,27,28,28
54,15,28,28
15,54,28,28
65,94,28,28
54,15,28,28
15,54,28,28
68,59,28,28
2,72,28,28
2,40,28,28
2,74,28,28
2,13,28,28
40,15,28,28
40,61,28,28
40,121,28,28
15,40,28,28
15,40,28,28
40,50,28,28
65,94,28,28
13,2,28,28
77,66,28,28
31,18,28,28
40,74,28,28
68,69,28,28
74,40,28,28
9,80,28,28
85,48,28,28
69,80,28,28
86,149,28,28
32,54,28,28
40,15,28,28
74,72,28,28
74,40,28,28
74,2,28,28
77,66,28,28
77,9,28,28
59,2,28,28
77,66,28,28
59,2,28,28
27,54,28,28
16,8,28,28
8,16,28,28
16,40,28,28
16,40,28,28
70,36,28,28
70,1,28,28
70,37,28,28
1,70,28,28
86,40,28,28
80,66,28,28
80,67,28,28
80,91,28,28
80,44,28,28
66,80,28,28
67,72,28,28
74,72,28,28
84,69,28,28
86,50,28,28
74,9,28,28
74,65,28,28
74,72,28,28
77,66,28,28
84,48,28,28
15,40,28,28
15,50,28,28
76,69,28,28
76,86,28,28
76,84,28,28
50,86,28,28
86,76,28,28
86,69,28,28
86,84,28,28
69,76,28,28
69,84,28,28
69,86,28,28
86,50,28,28
75,21,28,28
76,69,28,28
76,86,28,28
76,84,28,28
21,75,28,28
65,74,28,28
80,66,28,28
84,40,28,28
76,69,28,28
27,66,28,28
27,15,28,28
27,62,28,28
27,26,28,28
27,64,28,28
27,3,28,28
27,25,28,28
66,80,28,28
15,27,28,28
112,14,28,28
50,86,28,28
86,50,28,28
69,76,28,28
69,76,28,28
69,75,28,28
69,76,28,28
59,68,28,28
59,69,28,28
59,85,28,28
59,84,28,28
59,56,28,28
59,86,28,28
59,89,28,28
59,48,28,28
59,76,28,28
59,88,28,28
59,47,28,28
59,94,28,28
59,2,28,28
86,117,28,28
90,85,28,28
90,68,28,28
85,90,28,28
84,57,28,28
90,68,28,28
90,14,28,28
90,64,28,28
90,80,28,28
90,77,28,28
25,27,28,28
96,15,28,28
96,61,28,28
96,12,28,28
94,65,28,28
94,65,28,28
121,40,28,28
23,51,28,28
13,3,28,28
3,13,28,28
13,3,28,28
15,96,28,28
23,93,28,28
23,29,28,28
23,22,28,28
23,81,28,28
23,39,28,28
23,58,28,28
23,83,28,28
23,33,28,28
23,45,28,28
23,10,28,28
23,94,28,28
29,23,28,28
45,23,28,28
93,23,28,28
40,15,28,28
40,61,28,28
40,121,28,28
15,40,28,28
58,23,28,28
39,23,28,28
71,5,28,28
33,23,28,28
94,23,28,28
94,65,28,28
94,14,28,28
12,96,28,28
83,23,28,28
96,15,28,28
15,96,28,28
2,72,28,28
2,40,28,28
2,74,28,28
2,13,28,28
3,13,28,28
3,40,28,28
3,66,28,28
3,67,28,28
3,8,28,28
3,4,28,28
3,68,28,28
3,69,28,28
3,85,28,28
3,17,28,28
3,35,28,28
4,3,28,28
13,3,28,28
13,2,28,28
65,94,28,28
65,94,28,28
74,2,28,28
35,3,28,28
56,88,28,28
88,56,28,28
50,17,28,28
50,9,28,28
96,15,28,28
15,96,28,28
2,33,28,28
2,22,28,28
2,42,28,28
2,83,28,28
2,94,28,28
10,23,28,28
10,7,28,28
4,106,28,28
17,3,28,28
7,10,28,28
17,50,28,28
33,2,28,28
33,15,28,28
17,56,28,28
17,15,28,28
17,54,28,28
33,5,28,28
56,88,28,28
86,68,28,28
86,56,28,28
33,58,28,28
33,54,28,28
86,19,28,28
58,33,28,28
84,38,28,28
6,106,28,28
56,17,28,28
50,1,28,28
1,50,28,28
59,56,28,28
59,47,28,28
59,68,28,28
59,69,28,28
59,85,28,28
59,86,28,28
59,84,28,28
59,89,28,28
59,48,28,28
59,76,28,28
59,88,28,28
59,94,28,28
59,2,28,28
84,48,28,28
8,3,28,28
83,2,28,28
1,50,28,28
75,69,28,28
94,65,28,28
94,2,28,28
39,27,28,28
41,40,28,28
94,20,28,28
94,10,28,28
94,29,28,28
94,95,28,28
94,123,28,28
15,17,28,28
68,3,28,28
50,6,28,28
50,78,28,28
123,94,28,28
51,23,28,28
29,94,28,28
27,39,28,28
3,50,28,28
68,90,28,28
68,90,28,28
115,67,28,28
20,94,28,28
6,50,28,28
95,94,28,28
76,53,28,28
54,33,28,28
54,17,28,28
86,50,28,28
86,52,28,28
75,21,28,28
2,33,28,28
2,83,28,28
2,22,28,28
2,94,28,28
75,88,28,28
76,40,28,28
47,50,28,28
88,75,28,28
62,27,28,28
71,15,28,28
71,72,28,28
71,73,28,28
71,5,28,28
76,50,28,28
17,50,28,28
22,93,28,28
22,98,28,28
22,42,28,28
22,95,28,28
22,20,28,28
22,29,28,28
54,5,28,28
17,50,28,28
93,22,28,28
5,33,28,28
75,50,28,28
69,76,28,28
20,22,28,28
69,68,28,28
95,22,28,28
15,33,28,28
95,2,28,28
95,123,28,28
95,43,28,28
95,58,28,28
95,73,28,28
95,7,28,28
95,104,28,28
95,79,28,28
95,65,28,28
95,112,28,28
95,10,28,28
95,94,28,28
7,95,28,28
2,95,28,28
74,4,28,28
26,24,28,28
26,27,28,28
59,68,28,28
73,95,28,28
68,48,28,28
29,22,28,28
83,2,28,28
112,95,28,28
29,39,28,28
59,2,28,28
65,95,28,28
29,28,28,28
29,120,28,28
29,119,28,28
53,76,28,28
76,53,28,28
3,51,28,28
3,53,28,28
3,52,28,28
3,50,28,28
3,4,28,28
104,95,28,28
10,95,28,28
5,54,28,28
5,54,28,28
59,2,28,28
59,123,28,28
59,79,28,28
59,95,28,28
59,94,28,28
5,54,28,28
105,50,28,28
76,40,28,28
40,76,28,28
76,40,28,28
123,95,28,28
4,3,28,28
4,74,28,28
33,2,28,28
59,95,28,28
59,2,28,28
59,123,28,28
59,79,28,28
59,94,28,28
6,106,28,28
94,2,28,28
117,15,28,28
15,117,28,28
79,95,28,28
117,15,28,28
88,15,28,28
88,61,28,28
88,96,28,28
88,12,28,28
15,117,28,28
58,95,28,28
85,3,28,28
58,83,28,28
39,29,28,28
50,3,28,28
50,27,28,28
51,3,28,28
53,3,28,28
3,50,28,28
28,29,28,28
10,94,28,28
65,94,28,28
15,33,28,28
106,73,28,28
106,117,28,28
94,65,28,28
86,57,28,28
15,33,28,28
33,15,28,28
33,15,28,28
15,33,28,28
40,3,28,28
40,8,28,28
70,56,28,28
56,69,28,28
56,70,28,28
15,33,28,28
14,59,28,28
54,5,28,28
54,5,28,28
54,5,28,28
54,29,28,28
54,119,28,28
5,54,28,28
70,75,28,28
75,70,28,28
29,54,28,28
27,50,28,28
83,58,28,28
40,69,28,28
33,15,28,28
33,15,28,28
70,50,28,28
40,72,28,28
95,104,28,28
95,94,28,28
40,86,28,28
104,95,28,28
14,59,28,28
94,95,28,28
14,59,28,28
94,14,28,28
94,65,28,28
50,70,28,28
54,29,28,28
54,39,28,28
54,5,28,28
29,54,28,28
70,50,28,28
69,68,28,28
5,54,28,28
50,86,28,28
50,69,28,28
50,40,28,28
50,3,28,28
50,76,28,28
76,50,28,28
59,14,28,28
39,54,28,28
68,67,28,28
68,72,28,28
68,69,28,28
68,56,28,28
68,65,28,28
68,66,28,28
68,3,28,28
68,9,28,28
68,15,28,28
86,50,28,28
86,50,28,28
12,15,28,28
65,94,28,28
15,12,28,28
86,40,28,28
86,27,28,28
86,93,28,28
86,101,28,28
86,124,28,28
12,15,28,28
12,72,28,28
12,71,28,28
12,73,28,28
86,40,28,28
86,40,28,28
69,76,28,28
69,84,28,28
69,86,28,28
84,19,28,28
84,19,28,28
84,57,28,28
40,121,29,29
40,86,29,29
40,86,29,29
2,33,29,29
2,22,29,29
2,94,29,29
2,95,29,29
2,58,29,29
25,31,29,29
96,15,29,29
96,61,29,29
96,12,29,29
40,65,29,29
40,17,29,29
40,6,29,29
94,2,29,29
73,12,29,29
94,29,29,29
94,20,29,29
94,18,29,29
94,56,29,29
94,112,29,29
94,59,29,29
29,94,29,29
4,74,29,29
42,22,29,29
83,33,29,29
33,83,29,29
33,2,29,29
42,43,29,29
42,63,29,29
42,2,29,29
75,50,29,29
21,75,29,29
58,2,29,29
26,18,29,29
95,2,29,29
27,3,29,29
27,64,29,29
27,66,29,29
27,15,29,29
27,62,29,29
27,26,29,29
27,25,29,29
3,4,29,29
3,40,29,29
3,8,29,29
3,13,29,29
3,35,29,29
3,27,29,29
25,27,29,29
98,22,29,29
3,50,29,29
25,31,29,29
74,4,29,29
34,83,29,29
4,17,29,29
4,13,29,29
4,40,29,29
4,65,29,29
4,9,29,29
4,3,29,29
4,3,29,29
12,96,29,29
13,3,29,29
15,27,29,29
15,96,29,29
15,12,29,29
77,66,29,29
24,25,29,29
24,26,29,29
24,51,29,29
24,32,29,29
24,83,29,29
59,94,29,29
96,15,29,29
96,61,29,29
25,24,29,29
26,24,29,29
26,27,29,29
3,67,29,29
3,66,29,29
3,8,29,29
3,13,29,29
3,40,29,29
3,4,29,29
3,68,29,29
3,85,29,29
3,69,29,29
3,17,29,29
3,35,29,29
17,3,29,29
20,94,29,29
17,40,29,29
15,96,29,29
13,3,29,29
65,40,29,29
50,52,29,29
50,86,29,29
4,3,29,29
56,107,29,29
56,94,29,29
31,25,29,29
31,25,29,29
32,24,29,29
20,8,29,29
112,94,29,29
21,22,29,29
21,98,29,29
64,42,29,29
98,21,29,29
18,94,29,29
18,107,29,29
121,40,29,29
121,40,29,29
72,71,29,29
72,73,29,29
72,12,29,29
72,15,29,29
72,5,29,29
72,117,29,29
72,74,29,29
67,3,29,29
76,40,29,29
76,70,29,29
76,70,29,29
76,40,29,29
51,24,29,29
17,56,29,29
17,15,29,29
17,54,29,29
68,3,29,29
40,76,29,29
40,70,29,29
86,50,29,29
76,40,29,29
8,20,29,29
8,3,29,29
56,17,29,29
8,3,29,29
76,40,29,29
15,17,29,29
50,47,29,29
35,3,29,29
35,3,29,29
35,13,29,29
86,40,29,29
86,40,29,29
56,88,29,29
2,40,29,29
2,13,29,29
2,72,29,29
2,74,29,29
88,56,29,29
83,34,29,29
13,2,29,29
83,24,29,29
57,84,29,29
70,40,29,29
86,4,29,29
86,13,29,29
50,75,29,29
75,50,29,29
47,50,29,29
74,2,29,29
33,4,29,29
4,33,29,29
42,64,29,29
84,19,29,29
4,3,29,29
4,84,29,29
4,35,29,29
4,13,29,29
4,18,29,29
4,57,29,29
47,50,29,29
57,4,29,29
71,15,29,29
71,72,29,29
71,73,29,29
71,5,29,29
13,4,29,29
4,86,29,29
4,53,29,29
86,19,29,29
59,86,29,29
59,84,29,29
59,47,29,29
59,68,29,29
59,69,29,29
59,56,29,29
59,85,29,29
59,89,29,29
59,48,29,29
59,76,29,29
59,88,29,29
59,94,29,29
59,2,29,29
50,86,29,29
86,50,29,29
86,4,29,29
66,3,29,29
66,3,29,29
66,27,29,29
66,27,29,29
11,5,29,29
43,42,29,29
43,45,29,29
43,79,29,29
43,79,29,29
43,42,29,29
43,42,29,29
43,45,29,29
43,79,29,29
69,86,29,29
69,84,29,29
69,86,29,29
69,76,29,29
69,89,29,29
5,11,29,29
95,30,29,29
3,4,29,29
47,40,29,29
42,33,29,29
59,95,29,29
59,94,29,29
59,68,29,29
59,44,29,29
59,123,29,29
59,79,29,29
59,2,29,29
59,68,29,29
59,44,29,29
59,123,29,29
59,79,29,29
59,94,29,29
59,2,29,29
59,1,29,29
59,95,29,29
64,42,29,29
35,4,29,29
70,69,29,29
70,76,29,29
42,43,29,29
42,43,29,29
42,43,29,29
76,70,29,29
1,59,29,29
13,35,29,29
53,4,29,29
59,1,29,29
35,13,29,29
79,43,29,29
79,43,29,29
42,43,29,29
42,29,29,29
42,22,29,29
42,63,29,29
42,2,29,29
42,95,29,29
42,98,29,29
42,33,29,29
2,42,29,29
98,42,29,29
84,69,29,29
26,24,29,29
29,42,29,29
18,4,29,29
95,42,29,29
33,42,29,29
33,42,29,29
33,12,29,29
54,17,29,29
74,4,29,29
69,70,29,29
50,52,29,29
4,74,29,29
8,20,29,29
54,15,29,29
42,33,29,29
59,94,29,29
59,65,29,29
77,66,29,29
4,106,29,29
70,50,29,29
20,8,29,29
40,47,29,29
47,40,29,29
1,38,29,29
77,66,29,29
88,15,29,29
84,57,29,29
50,86,29,29
86,19,29,29
86,50,29,29
2,33,29,29
2,83,29,29
77,66,29,29
33,54,29,29
54,33,29,29
33,2,29,29
85,3,29,29
48,68,29,29
48,3,29,29
48,8,29,29
76,40,29,29
6,106,29,29
68,48,29,29
19,84,29,29
3,48,29,29
6,106,29,29
3,40,29,29
84,19,29,29
94,65,29,29
94,14,29,29
65,94,29,29
15,88,29,29
15,54,29,29
88,15,29,29
65,94,29,29
101,109,29,29
40,3,29,29
3,40,29,29
101,109,29,29
107,56,29,29
69,40,29,29
69,76,29,29
74,9,29,29
74,65,29,29
74,72,29,29
68,85,29,29
45,43,29,29
45,43,29,29
8,48,29,29
76,84,29,29
101,109,29,29
94,65,29,29
3,68,29,29
3,40,29,29
3,15,29,29
3,8,29,29
3,66,29,29
74,59,29,29
65,74,29,29
68,3,29,29
69,76,29,29
69,40,29,29
69,19,29,29
3,56,29,29
75,50,29,29
59,14,29,29
56,3,29,29
59,74,29,29
50,47,29,29
47,50,29,29
8,3,29,29
21,84,29,29
94,65,29,29
94,14,29,29
94,9,29,29
65,94,29,29
83,58,29,29
83,2,29,29
83,58,29,29
69,66,29,29
69,86,29,29
69,3,29,29
69,50,29,29
50,70,29,29
5,54,29,29
54,5,29,29
40,8,29,29
96,15,29,29
96,61,29,29
96,12,29,29
29,23,29,29
4,74,29,29
8,40,29,29
23,29,29,29
42,3,29,29
23,29,29,29
23,94,29,29
94,23,29,29
61,40,29,29
70,50,29,29
61,40,29,29
38,1,29,29
61,15,29,29
61,96,29,29
94,65,29,29
94,14,29,29
38,63,29,29
38,115,29,29
74,4,29,29
63,42,29,29
15,96,29,29
63,42,29,29
29,23,29,29
63,38,29,29
96,15,29,29
96,61,29,29
61,96,29,29
15,96,29,29
18,58,29,29
18,13,29,29
18,81,29,29
18,4,29,29
18,7,29,29
18,43,29,29
7,18,29,29
52,50,29,29
52,50,29,29
5,54,29,29
19,84,29,29
65,94,29,29
52,3,29,29
40,3,29,29
29,120,29,29
29,30,29,29
65,94,29,29
52,50,29,29
19,84,29,29
94,65,29,29
30,29,29,29
30,95,29,29
13,18,29,29
32,15,29,29
9,94,29,29
88,15,29,29
18,13,29,29
18,4,29,29
13,18,29,29
4,18,29,29
4,18,29,29
2,13,29,29
2,72,29,29
2,40,29,29
2,74,29,29
119,29,29,29
119,29,29,29
119,54,29,29
13,2,29,29
9,74,29,29
17,56,29,29
17,54,29,29
17,15,29,29
15,17,29,29
9,50,29,29
9,74,29,29
21,88,29,29
66,3,29,29
88,21,29,29
56,17,29,29
66,27,29,29
56,88,29,29
88,15,29,29
88,56,29,29
57,86,29,29
12,61,29,29
61,12,29,29
12,96,29,29
59,85,29,29
59,86,29,29
59,76,29,29
59,88,29,29
59,68,29,29
59,69,29,29
59,56,29,29
59,84,29,29
59,89,29,29
59,48,29,29
59,47,29,29
59,94,29,29
59,2,29,29
69,59,29,29
71,72,29,29
71,5,29,29
71,15,29,29
71,73,29,29
84,19,29,29
84,19,29,29
14,88,29,29
88,14,29,29
86,94,29,29
86,65,29,29
21,84,29,29
56,48,29,29
21,70,29,29
86,57,29,29
50,47,29,29
47,50,29,29
50,47,29,29
50,75,29,29
54,5,29,29
54,17,29,29
70,21,29,29
47,50,29,29
94,86,29,29
94,65,29,29
86,94,29,29
58,18,29,29
70,50,29,29
29,42,29,29
29,80,29,29
74,2,29,29
33,21,29,29
80,29,29,29
50,52,29,29
21,33,29,29
52,50,29,29
33,5,29,29
52,103,29,29
86,57,29,29
84,4,29,29
84,53,29,29
84,70,29,29
84,40,29,29
80,29,29,29
29,80,29,29
84,47,29,29
103,52,29,29
58,83,29,29
75,50,29,29
3,53,29,29
3,13,29,29
3,35,29,29
3,51,29,29
58,83,29,29
90,18,29,29
94,65,29,29
94,14,29,29
32,30,29,29
3,40,29,29
65,94,29,29
3,42,29,29
13,3,29,29
50,47,29,29
50,75,29,29
47,50,29,29
53,3,29,29
70,53,29,29
53,70,29,29
76,40,29,29
42,29,29,29
40,121,29,29
80,42,29,29
90,64,29,29
15,88,29,29
86,65,29,29
86,94,29,29
121,40,29,29
15,32,29,29
3,66,29,29
3,67,29,29
3,40,29,29
3,4,29,29
3,8,29,29
3,13,29,29
3,68,29,29
3,69,29,29
3,85,29,29
3,17,29,29
3,35,29,29
69,3,29,29
66,3,29,29
94,2,29,29
94,59,29,29
40,76,29,29
2,94,29,29
65,94,29,29
76,40,29,29
65,94,29,29
65,9,29,29
65,59,29,29
4,3,29,29
21,7,29,29
21,10,29,29
75,50,29,29
14,59,29,29
13,3,29,29
42,80,29,29
77,66,29,29
88,15,29,29
75,50,29,29
94,65,29,29
11,5,29,29
3,8,29,29
3,40,29,29
3,67,29,29
3,50,29,29
3,18,29,29
3,66,29,29
115,67,29,29
115,66,29,29
115,67,29,29
27,62,29,29
27,40,29,29
27,8,29,29
27,5,29,29
27,66,29,29
27,3,29,29
27,15,29,29
27,26,29,29
27,39,29,29
27,13,29,29
66,3,29,29
63,37,29,29
37,63,29,29
21,33,29,29
106,73,29,29
106,117,29,29
13,27,29,29
59,94,29,29
66,67,29,29
3,27,29,29
66,115,29,29
3,51,29,29
3,50,29,29
3,4,29,29
3,18,29,29
3,52,29,29
3,53,29,29
73,72,29,29
86,69,29,29
69,86,29,29
52,3,29,29
53,3,29,29
39,27,29,29
75,50,29,29
72,9,29,29
72,14,29,29
72,65,29,29
58,7,29,29
7,58,29,29
4,58,29,29
4,106,29,29
4,18,29,29
72,67,29,29
72,15,29,29
72,5,29,29
4,3,29,29
48,56,29,29
90,67,29,29
90,66,29,29
90,115,29,29
90,81,29,29
90,39,29,29
90,25,29,29
90,26,29,29
90,33,29,29
90,5,29,29
90,15,29,29
90,58,29,29
90,117,29,29
90,3,29,29
90,8,29,29
90,4,29,29
90,50,29,29
90,9,29,29
90,68,29,29
90,47,29,29
90,24,29,29
90,105,29,29
90,83,29,29
90,52,29,29
90,74,29,29
90,113,29,29
58,90,29,29
105,90,29,29
115,90,29,29
52,90,29,29
104,30,29,29
3,90,29,29
47,90,29,29
76,40,29,29
76,70,29,29
56,73,29,29
4,90,29,29
30,104,29,29
66,90,29,29
47,73,29,29
21,84,29,29
85,3,29,29
84,21,29,29
93,86,29,29
86,93,29,29
93,86,29,29
65,38,29,29
51,3,29,29
74,90,29,29
30,104,29,29
74,4,29,29
51,3,29,29
8,27,29,29
8,3,29,29
4,74,29,29
8,3,29,29
9,90,29,29
8,90,29,29
12,15,29,29
113,90,29,29
33,90,29,29
123,95,29,29
123,79,29,29
9,65,29,29
104,30,29,29
6,106,29,29
74,59,29,29
58,7,29,29
83,90,29,29
84,50,29,29
7,58,29,29
4,106,29,29
6,106,29,29
15,88,29,29
80,84,29,29
80,69,29,29
69,80,29,29
15,12,29,29
15,27,29,29
15,90,29,29
73,56,29,29
38,63,29,29
88,15,29,29
38,22,29,29
22,7,29,29
7,22,29,29
38,65,29,29
95,123,29,29
76,53,29,29
39,90,29,29
84,80,29,29
53,76,29,29
76,53,29,29
84,86,29,29
18,90,29,29
59,74,29,29
84,53,29,29
77,9,29,29
77,66,29,29
73,47,29,29
18,3,29,29
53,84,29,29
18,3,29,29
9,3,29,29
9,32,29,29
9,17,29,29
9,66,29,29
9,15,29,29
9,5,29,29
9,8,29,29
9,26,29,29
9,67,29,29
3,9,29,29
18,81,29,29
32,9,29,29
62,27,29,29
63,42,29,29
12,15,29,29
84,53,29,29
66,9,29,29
26,90,29,29
26,9,29,29
67,9,29,29
86,93,29,29
67,90,29,29
67,72,29,29
67,15,29,29
67,5,29,29
67,66,29,29
26,27,29,29
67,115,29,29
67,115,29,29
67,3,29,29
7,42,29,29
15,9,29,29
67,3,29,29
40,76,29,29
50,86,29,29
50,27,29,29
50,93,29,29
50,101,29,29
50,124,29,29
15,12,29,29
34,24,29,29
94,65,29,29
94,9,29,29
94,14,29,29
65,94,29,29
93,50,29,29
17,3,29,29
96,15,29,29
96,61,29,29
17,9,29,29
101,50,29,29
61,96,29,29
9,94,29,29
17,3,29,29
3,17,29,29
15,96,29,29
76,40,29,29
76,53,29,29
67,59,29,29
32,104,29,29
3,20,29,29
20,3,29,29
104,32,29,29
20,3,29,29
3,20,29,29
29,22,29,29
65,94,29,29
20,3,29,29
3,20,29,29
86,50,29,29
29,39,29,29
58,7,29,29
27,50,29,29
8,9,29,29
47,73,29,29
73,47,29,29
29,34,29,29
33,21,29,29
50,75,29,29
75,50,29,29
3,50,29,29
3,8,29,29
3,13,29,29
3,35,29,29
3,51,29,29
3,52,29,29
3,53,29,29
3,20,29,29
3,18,29,29
3,40,29,29
3,66,29,29
52,3,29,29
61,15,29,29
61,12,29,29
12,61,29,29
66,3,29,29
51,3,29,29
8,3,29,29
15,61,29,29
42,33,29,29
42,20,29,29
107,18,29,29
73,95,29,29
95,73,29,29
42,63,29,29
94,65,29,29
76,53,29,29
50,75,29,29
39,29,29,29
75,50,29,29
73,72,29,29
84,19,29,29
84,40,29,29
12,15,29,29
15,12,29,29
12,15,29,29
15,12,29,29
50,70,29,29
12,15,29,29
15,12,29,29
12,15,29,29
15,12,29,29
80,64,29,29
50,70,29,29
53,3,29,29
1,2,29,29
1,5,29,29
1,6,29,29
1,7,29,29
1,3,29,29
1,8,29,29
1,9,29,29
1,10,29,29
1,11,29,29
1,12,29,29
1,65,29,29
1,13,29,29
1,14,29,29
1,15,29,29
1,4,29,29
1,16,29,29
1,17,29,29
40,84,29,29
25,90,29,29
13,3,29,29
96,15,29,29
96,61,29,29
96,12,29,29
33,63,29,29
20,42,29,29
42,20,29,29
10,21,29,29
5,9,29,29
5,90,29,29
5,33,29,29
34,29,29,29
28,29,29,29
15,96,29,29
4,74,29,29
4,3,29,29
4,13,29,29
12,96,29,29
13,4,29,29
7,58,29,29
74,4,29,29
15,96,29,29
15,61,29,29
3,4,29,29
96,15,29,29
15,5,29,29
13,3,29,29
13,35,29,29
13,4,29,29
12,15,29,29
15,12,29,29
11,31,29,29
11,32,29,29
11,33,29,29
11,25,29,29
5,15,29,29
40,69,29,29
69,40,29,29
50,76,29,29
33,11,29,29
25,11,29,29
50,76,29,29
61,96,29,29
31,11,29,29
61,15,29,29
50,76,29,29
75,50,29,29
42,64,29,29
15,5,29,29
96,15,29,29
96,61,29,29
15,96,29,29
61,96,29,29
42,112,29,29
112,42,29,29
29,28,29,29
29,28,29,29
29,28,29,29
29,28,29,29
104,7,29,29
29,28,29,29
79,123,29,29
79,112,29,29
15,32,29,29
112,79,29,29
6,8,29,29
6,8,29,29
5,15,29,29
13,8,29,29
13,17,29,29
13,3,29,29
13,40,29,29
28,29,29,29
3,13,29,29
3,40,29,29
3,17,29,29
3,66,29,29
3,67,29,29
3,8,29,29
3,4,29,29
3,68,29,29
3,69,29,29
3,85,29,29
3,35,29,29
18,3,29,29
16,8,29,29
16,8,29,29
13,3,29,29
3,66,29,29
3,67,29,29
3,8,29,29
3,13,29,29
3,35,29,29
3,40,29,29
3,4,29,29
3,68,29,29
3,69,29,29
3,85,29,29
3,17,29,29
76,50,29,29
76,50,29,29
76,50,29,29
63,64,29,29
17,3,29,29
17,3,29,29
76,40,29,29
76,70,29,29
13,3,29,29
76,40,29,29
76,75,29,29
29,63,29,29
21,47,29,29
21,85,29,29
21,56,29,29
21,69,29,29
21,84,29,29
21,88,29,29
21,76,29,29
21,89,29,29
21,48,29,29
21,68,29,29
21,86,29,29
21,90,29,29
69,21,29,29
56,21,29,29
76,21,29,29
47,21,29,29
2,40,29,29
2,72,29,29
2,74,29,29
2,13,29,29
48,21,29,29
74,2,29,29
15,40,29,29
15,61,29,29
13,2,29,29
16,1,29,29
89,21,29,29
16,1,29,29
50,75,29,29
22,94,29,29
38,36,29,29
63,64,29,29
69,40,29,29
13,17,29,29
69,76,29,29
38,36,29,29
58,1,29,29
1,58,29,29
76,69,29,29
7,50,29,29
67,3,29,29
17,56,29,29
17,15,29,29
17,54,29,29
65,42,29,29
15,17,29,29
56,17,29,29
72,15,29,29
72,5,29,29
68,48,29,29
68,21,29,29
68,90,29,29
56,88,29,29
68,3,29,29
68,3,29,29
50,52,29,29
52,50,29,29
68,3,29,29
8,3,29,29
8,3,29,29
61,15,29,29
2,56,29,29
2,84,29,29
2,76,29,29
2,68,29,29
2,69,29,29
2,85,29,29
2,86,29,29
2,89,29,29
2,48,29,29
2,88,29,29
2,47,29,29
2,59,29,29
59,2,29,29
50,7,29,29
56,2,29,29
42,65,29,29
52,50,29,29
76,2,29,29
42,69,29,29
42,68,29,29
3,66,29,29
3,67,29,29
37,22,29,29
37,63,29,29
15,61,29,29
15,40,29,29
61,15,29,29
4,3,29,29
4,3,29,29
74,65,29,29
74,9,29,29
74,14,29,29
74,17,29,29
74,72,29,29
14,74,29,29
68,42,29,29
50,52,29,29
9,74,29,29
52,50,29,29
89,2,29,29
63,37,29,29
42,69,29,29
7,50,29,29
75,50,29,29
42,68,29,29
53,8,29,29
53,50,29,29
53,51,29,29
53,3,29,29
53,13,29,29
53,40,29,29
53,4,29,29
53,52,29,29
53,35,29,29
53,41,29,29
8,53,29,29
52,53,29,29
51,53,29,29
4,53,29,29
65,74,29,29
76,69,29,29
48,2,29,29
68,2,29,29
29,42,29,29
42,29,29,29
63,29,29,29
6,106,29,29
83,33,29,29
71,72,29,29
71,15,29,29
71,73,29,29
71,5,29,29
17,74,29,29
6,1,29,29
1,6,29,29
54,17,29,29
68,42,29,29
68,64,29,29
65,4,29,29
65,13,29,29
84,2,29,29
17,1,29,29
88,56,29,29
84,40,29,29
84,21,29,29
1,17,29,29
88,2,29,29
88,21,29,29
94,22,29,29
86,50,29,29
86,93,29,29
86,101,29,29
86,124,29,29
86,27,29,29
7,50,29,29
15,72,29,29
15,72,29,29
47,2,29,29
72,15,29,29
72,15,29,29
4,65,29,29
86,65,29,29
86,94,29,29
86,2,29,29
15,72,29,29
76,18,29,29
15,12,29,29
12,15,29,29
86,21,29,29
67,3,29,29
7,22,29,29
67,3,29,29
18,76,29,29
18,19,29,29
18,55,29,29
76,18,29,29
76,18,29,29
86,50,29,29
18,76,29,29
94,65,29,29
94,65,29,29
94,14,29,29
65,94,29,29
76,18,29,29
50,27,29,29
50,81,29,29
3,53,29,29
76,55,29,29
14,94,29,29
94,14,29,29
63,118,29,29
27,50,29,29
55,18,29,29
33,61,29,29
33,15,29,29
33,5,29,29
65,94,29,29
76,70,29,29
76,40,29,29
65,94,29,29
13,53,29,29
13,65,29,29
94,65,29,29
86,88,29,29
50,3,29,29
50,7,29,29
7,50,29,29
71,72,29,29
33,83,29,29
40,76,29,29
20,63,29,29
13,3,29,29
88,15,29,29
3,50,29,29
50,84,29,29
42,64,29,29
15,88,29,29
88,15,29,29
27,63,29,29
4,106,29,29
84,50,29,29
75,50,29,29
74,9,29,29
74,14,29,29
74,65,29,29
74,72,29,29
63,20,29,29
4,13,29,29
4,35,29,29
4,3,29,29
38,36,29,29
6,106,29,29
19,18,29,29
36,38,29,29
65,74,29,29
33,42,29,29
1,9,29,29
63,27,29,29
6,1,29,29
40,3,29,29
50,75,29,29
3,40,29,29
14,74,29,29
14,17,29,29
17,14,29,29
3,8,29,29
71,72,29,29
42,64,29,29
22,42,29,29
9,74,29,29
69,86,29,29
1,6,29,29
75,50,29,29
84,68,29,29
85,2,29,29
42,9,29,29
85,21,29,29
85,3,29,29
85,3,29,29
33,15,29,29
38,37,29,29
9,68,29,29
9,67,29,29
9,3,29,29
9,17,29,29
9,69,29,29
9,66,29,29
42,22,29,29
69,9,29,29
15,33,29,29
14,13,29,29
75,50,29,29
13,17,29,29
13,14,29,29
13,14,29,29
14,13,29,29
19,1,29,29
83,26,29,29
26,83,29,29
1,19,29,29
14,13,29,29
13,14,29,29
18,57,29,29
57,18,29,29
68,85,29,29
3,9,29,29
76,40,29,29
68,9,29,29
26,60,29,29
14,13,29,29
33,15,29,29
68,48,29,29
69,67,29,29
76,53,29,29
20,3,29,29
38,36,29,29
1,19,29,29
8,3,29,29
19,1,29,29
9,1,29,29
33,1,29,29
33,15,29,29
33,7,29,29
13,14,29,29
37,38,29,29
38,1,29,29
38,37,29,29
13,7,29,29
71,72,29,29
7,13,29,29
13,14,29,29
17,9,29,29
53,76,29,29
17,13,29,29
3,9,29,29
3,68,29,29
3,17,29,29
3,53,29,29
3,67,29,29
3,69,29,29
3,50,29,29
3,8,29,29
3,66,29,29
14,13,29,29
17,13,29,29
17,3,29,29
8,3,29,29
53,76,29,29
53,3,29,29
74,72,29,29
13,17,29,29
15,27,29,29
16,1,29,29
1,16,29,29
27,15,29,29
27,101,29,29
101,27,29,29
71,72,29,29
27,15,29,29
56,2,29,29
76,53,29,29
2,56,29,29
14,13,29,29
72,9,29,29
72,14,29,29
72,65,29,29
19,1,29,29
13,14,29,29
13,14,29,29
1,19,29,29
14,13,29,29
85,68,29,29
1,19,29,29
14,13,29,29
13,14,29,29
4,65,29,29
4,13,29,29
4,1,29,29
4,7,29,29
19,1,29,29
1,4,29,29
74,4,29,29
13,14,29,29
3,40,29,29
14,13,29,29
4,74,29,29
14,13,29,29
21,86,29,29
1,16,29,29
86,69,29,29
86,21,29,29
7,4,29,29
13,14,29,29
13,14,29,29
3,66,29,29
13,4,29,29
14,13,29,29
65,4,29,29
14,13,29,29
9,3,29,29
68,85,29,29
68,3,29,29
94,14,29,29
94,9,29,29
94,65,29,29
29,58,29,29
14,94,29,29
58,29,29,29
67,3,29,29
68,67,29,29
68,59,29,29
59,68,29,29
40,68,29,29
40,3,29,29
40,69,29,29
40,72,29,29
40,8,29,29
68,40,29,29
84,48,29,29
8,40,29,29
2,68,29,29
2,84,29,29
2,48,29,29
2,76,29,29
2,88,29,29
2,85,29,29
2,89,29,29
2,47,29,29
85,2,29,29
58,106,29,29
58,95,29,29
58,83,29,29
9,67,29,29
9,66,29,29
68,2,29,29
47,2,29,29
88,2,29,29
106,58,29,29
89,2,29,29
19,1,29,29
1,19,29,29
3,13,29,29
3,51,29,29
3,53,29,29
3,40,29,29
50,75,29,29
19,69,29,29
14,13,29,29
69,19,29,29
53,3,29,29
1,19,29,29
13,14,29,29
13,14,29,29
13,3,29,29
40,86,29,29
86,40,29,29
76,53,29,29
21,76,29,29
76,21,29,29
84,53,29,29
84,2,29,29
95,58,29,29
53,84,29,29
67,3,29,29
67,8,29,29
67,66,29,29
67,69,29,29
67,68,29,29
67,9,29,29
67,9,29,29
67,9,29,29
67,66,29,29
83,58,29,29
65,94,29,29
33,83,29,29
33,61,29,29
33,117,29,29
33,15,29,29
85,18,29,29
75,50,29,29
75,50,29,29
1,38,29,29
1,68,29,29
1,69,29,29
1,56,29,29
1,38,29,29
68,85,29,29
68,1,29,29
56,1,29,29
56,1,29,29
1,56,29,29
48,2,29,29
74,71,29,29
61,33,29,29
50,75,29,29
15,27,29,29
53,84,29,29
53,70,29,29
53,4,29,29
15,33,29,29
3,67,29,29
3,40,29,29
3,8,29,29
3,69,29,29
21,86,29,29
86,21,29,29
69,3,29,29
48,85,29,29
74,2,29,29
2,74,29,29
75,50,29,29
90,21,29,29
50,75,29,29
51,3,29,29
85,48,29,29
71,15,29,29
71,12,29,29
84,50,29,29
91,44,29,29
74,72,29,29
91,44,29,29
67,3,29,29
8,3,29,29
51,8,29,29
51,3,29,29
51,13,29,29
83,33,29,29
8,51,29,29
3,51,29,29
86,50,29,29
86,40,29,29
69,2,29,29
76,69,29,29
68,2,29,29
74,9,29,29
74,14,29,29
74,65,29,29
74,72,29,29
65,74,29,29
69,19,29,29
69,18,29,29
9,74,29,29
9,94,29,29
86,40,29,29
47,85,29,29
85,47,29,29
86,57,29,29
84,50,29,29
84,70,29,29
84,40,29,29
84,50,29,29
1,10,30,30
1,14,30,30
1,5,30,30
1,6,30,30
1,7,30,30
1,2,30,30
1,3,30,30
1,8,30,30
1,9,30,30
1,11,30,30
1,12,30,30
1,65,30,30
1,13,30,30
1,15,30,30
1,4,30,30
1,16,30,30
1,17,30,30
40,121,30,30
40,86,30,30
13,51,30,30
16,1,30,30
4,53,30,30
96,15,30,30
96,61,30,30
96,12,30,30
33,42,30,30
33,34,30,30
18,85,30,30
121,40,30,30
18,85,30,30
4,74,30,30
74,4,30,30
42,33,30,30
1,7,30,30
75,50,30,30
26,45,30,30
26,45,30,30
26,45,30,30
34,33,30,30
61,96,30,30
12,96,30,30
7,1,30,30
14,74,30,30
4,74,30,30
15,96,30,30
54,29,30,30
54,15,30,30
54,5,30,30
54,39,30,30
15,54,30,30
32,15,30,30
29,54,30,30
74,4,30,30
40,3,30,30
11,31,30,30
11,25,30,30
94,56,30,30
94,69,30,30
94,86,30,30
94,76,30,30
94,84,30,30
96,15,30,30
96,61,30,30
25,11,30,30
15,96,30,30
61,96,30,30
3,66,30,30
3,4,30,30
3,69,30,30
3,17,30,30
3,67,30,30
3,8,30,30
3,13,30,30
3,35,30,30
3,40,30,30
3,68,30,30
3,85,30,30
66,3,30,30
13,3,30,30
66,3,30,30
66,3,30,30
66,3,30,30
66,3,30,30
66,3,30,30
32,11,30,30
94,48,30,30
94,47,30,30
94,85,30,30
94,68,30,30
94,56,30,30
3,69,30,30
3,40,30,30
3,66,30,30
3,67,30,30
3,8,30,30
66,3,30,30
3,66,30,30
66,3,30,30
53,75,30,30
17,3,30,30
75,53,30,30
80,14,30,30
14,80,30,30
75,50,30,30
39,54,30,30
76,40,30,30
76,69,30,30
56,94,30,30
56,94,30,30
21,89,30,30
47,94,30,30
2,74,30,30
2,72,30,30
2,40,30,30
2,13,30,30
74,104,30,30
15,96,30,30
74,2,30,30
66,9,30,30
21,10,30,30
66,9,30,30
14,80,30,30
19,67,30,30
19,66,30,30
19,9,30,30
19,18,30,30
19,17,30,30
19,7,30,30
19,91,30,30
19,38,30,30
19,1,30,30
19,90,30,30
75,1,30,30
7,19,30,30
19,1,30,30
71,1,30,30
71,104,30,30
151,44,30,30
66,19,30,30
80,14,30,30
80,14,30,30
14,80,30,30
69,94,30,30
76,2,30,30
68,3,30,30
17,56,30,30
17,15,30,30
17,54,30,30
13,2,30,30
15,17,30,30
56,17,30,30
69,72,30,30
68,94,30,30
100,7,30,30
56,88,30,30
88,56,30,30
40,72,30,30
31,11,30,30
76,40,30,30
76,70,30,30
4,3,30,30
54,17,30,30
76,94,30,30
96,15,30,30
27,81,30,30
27,93,30,30
27,101,30,30
27,124,30,30
93,27,30,30
101,27,30,30
76,53,30,30
9,19,30,30
53,76,30,30
76,53,30,30
77,66,30,30
6,106,30,30
86,40,30,30
86,94,30,30
86,123,30,30
71,72,30,30
71,15,30,30
71,73,30,30
71,5,30,30
1,19,30,30
1,75,30,30
69,76,30,30
76,53,30,30
56,88,30,30
75,53,30,30
86,19,30,30
88,56,30,30
6,1,30,30
6,7,30,30
6,7,30,30
6,1,30,30
32,104,30,30
88,15,30,30
32,30,30,30
94,65,30,30
94,14,30,30
14,13,30,30
38,37,30,30
38,36,30,30
38,1,30,30
53,76,30,30
53,75,30,30
21,68,30,30
76,53,30,30
8,3,30,30
15,88,30,30
8,3,30,30
88,15,30,30
40,121,30,30
86,57,30,30
86,81,30,30
66,67,30,30
66,77,30,30
68,21,30,30
13,14,30,30
13,14,30,30
14,13,30,30
19,86,30,30
86,19,30,30
84,90,30,30
77,66,30,30
69,76,30,30
65,94,30,30
40,3,30,30
40,72,30,30
40,8,30,30
3,40,30,30
12,31,30,30
12,25,30,30
75,50,30,30
65,59,30,30
65,9,30,30
59,65,30,30
25,12,30,30
88,15,30,30
8,40,30,30
18,19,30,30
47,40,30,30
56,96,30,30
17,19,30,30
38,1,30,30
20,51,30,30
88,54,30,30
76,40,30,30
9,65,30,30
96,56,30,30
33,42,30,30
7,51,30,30
51,20,30,30
66,26,30,30
26,66,30,30
42,33,30,30
19,57,30,30
85,94,30,30
88,61,30,30
88,96,30,30
88,12,30,30
88,15,30,30
85,3,30,30
85,18,30,30
19,57,30,30
19,57,30,30
38,36,30,30
38,37,30,30
38,1,30,30
38,149,30,30
19,57,30,30
31,12,30,30
19,57,30,30
105,103,30,30
19,57,30,30
18,19,30,30
18,55,30,30
61,96,30,30
19,57,30,30
19,57,30,30
40,53,30,30
19,57,30,30
74,2,30,30
76,89,30,30
26,45,30,30
26,25,30,30
93,86,30,30
4,106,30,30
93,86,30,30
93,50,30,30
68,85,30,30
76,50,30,30
86,93,30,30
86,93,30,30
53,40,30,30
54,5,30,30
55,18,30,30
19,69,30,30
19,76,30,30
19,84,30,30
19,86,30,30
19,75,30,30
19,18,30,30
76,19,30,30
105,103,30,30
71,15,30,30
3,13,30,30
3,66,30,30
3,8,30,30
8,3,30,30
75,50,30,30
99,18,30,30
99,57,30,30
57,99,30,30
76,40,30,30
33,7,30,30
40,121,30,30
75,19,30,30
75,19,30,30
37,36,30,30
33,22,30,30
96,61,30,30
33,7,30,30
76,40,30,30
76,27,30,30
76,93,30,30
76,101,30,30
76,124,30,30
26,32,30,30
25,26,30,30
18,99,30,30
53,75,30,30
53,4,30,30
26,25,30,30
121,40,30,30
19,75,30,30
75,53,30,30
121,40,30,30
54,15,30,30
54,88,30,30
54,61,30,30
54,96,30,30
61,54,30,30
15,66,30,30
26,66,30,30
86,19,30,30
27,39,30,30
27,15,30,30
27,26,30,30
27,83,30,30
27,24,30,30
27,62,30,30
38,44,30,30
15,12,30,30
15,61,30,30
12,15,30,30
61,15,30,30
39,27,30,30
15,61,30,30
15,12,30,30
12,15,30,30
54,15,30,30
54,5,30,30
61,15,30,30
121,16,30,30
88,15,30,30
94,74,30,30
83,15,30,30
54,15,30,30
54,10,30,30
83,27,30,30
15,83,30,30
15,54,30,30
15,27,30,30
54,15,30,30
15,54,30,30
53,3,30,30
3,53,30,30
3,8,30,30
15,54,30,30
21,76,30,30
76,21,30,30
54,15,30,30
74,94,30,30
96,54,30,30
96,15,30,30
96,61,30,30
88,54,30,30
76,69,30,30
66,3,30,30
8,3,30,30
71,12,30,30
3,8,30,30
3,40,30,30
3,69,30,30
3,4,30,30
3,66,30,30
3,13,30,30
3,35,30,30
3,68,30,30
3,85,30,30
66,3,30,30
52,86,30,30
85,3,30,30
66,15,30,30
86,89,30,30
68,3,30,30
50,75,30,30
15,54,30,30
15,54,30,30
86,52,30,30
8,3,30,30
61,96,30,30
50,75,30,30
15,96,30,30
3,8,30,30
117,15,30,30
15,117,30,30
32,7,30,30
32,8,30,30
50,75,30,30
15,66,30,30
69,76,30,30
69,76,30,30
76,69,30,30
76,19,30,30
76,69,30,30
76,84,30,30
76,57,30,30
84,76,30,30
76,84,30,30
80,68,30,30
80,85,30,30
85,80,30,30
86,40,30,30
68,80,30,30
50,84,30,30
50,70,30,30
69,1,30,30
69,38,30,30
69,50,30,30
69,86,30,30
86,69,30,30
50,27,30,30
50,27,30,30
50,86,30,30
86,50,30,30
90,84,30,30
84,90,30,30
90,19,30,30
1,5,30,30
1,6,30,30
1,7,30,30
1,2,30,30
1,3,30,30
1,8,30,30
1,9,30,30
1,10,30,30
1,11,30,30
1,12,30,30
1,65,30,30
1,13,30,30
1,14,30,30
1,15,30,30
1,4,30,30
1,16,30,30
1,17,30,30
1,6,30,30
1,7,30,30
1,2,30,30
1,10,30,30
1,11,30,30
1,12,30,30
1,13,30,30
1,4,30,30
1,16,30,30
3,42,30,30
148,84,30,30
140,122,30,30
150,36,30,30
148,84,30,30
148,84,30,30
145,68,30,30
150,36,30,30
134,1,30,30
5,54,30,30
5,54,30,30
5,54,30,30
4,3,30,30
144,38,30,30
4,53,30,30
139,57,30,30
138,47,30,30
69,84,31,31
84,69,31,31
13,3,31,31
13,3,31,31
16,121,31,31
96,15,31,31
96,61,31,31
96,12,31,31
96,15,31,31
96,61,31,31
24,90,31,31
2,74,31,31
24,27,31,31
75,50,31,31
24,34,31,31
8,32,31,31
8,3,31,31
61,96,31,31
61,96,31,31
75,4,31,31
75,40,31,31
75,48,31,31
10,54,31,31
103,105,31,31
103,105,31,31
79,43,31,31
15,96,31,31
15,96,31,31
13,8,31,31
13,40,31,31
13,35,31,31
13,66,31,31
13,3,31,31
35,3,31,31
35,3,31,31
8,13,31,31
94,65,31,31
94,14,31,31
94,9,31,31
14,94,31,31
70,50,31,31
94,84,31,31
94,56,31,31
94,69,31,31
94,86,31,31
94,76,31,31
94,123,31,31
76,94,31,31
86,94,31,31
69,94,31,31
84,94,31,31
59,2,31,31
56,94,31,31
27,50,31,31
27,50,31,31
75,50,31,31
75,50,31,31
5,27,31,31
75,50,31,31
4,75,31,31
71,5,31,31
117,32,31,31
117,58,31,31
117,83,31,31
32,117,31,31
70,53,31,31
26,27,31,31
33,83,31,31
58,117,31,31
57,84,31,31
84,57,31,31
66,15,31,31
66,13,31,31
66,27,31,31
58,48,31,31
58,56,31,31
48,58,31,31
1,4,31,31
56,58,31,31
50,40,31,31
50,6,31,31
50,82,31,31
48,75,31,31
43,18,31,31
24,15,31,31
123,94,31,31
15,24,31,31
29,7,31,31
75,50,31,31
7,29,31,31
70,50,31,31
1,50,31,31
6,50,31,31
70,50,31,31
70,53,31,31
9,94,31,31
80,84,31,31
80,69,31,31
69,80,31,31
84,80,31,31
57,76,31,31
76,57,31,31
57,84,31,31
17,56,31,31
17,15,31,31
17,54,31,31
56,17,31,31
4,1,31,31
53,70,31,31
35,3,31,31
83,117,31,31
35,13,31,31
35,3,31,31
14,94,31,31
35,3,31,31
35,3,31,31
35,3,31,31
35,53,31,31
86,50,31,31
71,5,31,31
41,53,31,31
86,94,31,31
41,8,31,31
41,8,31,31
84,57,31,31
86,50,31,31
86,84,31,31
84,80,31,31
84,94,31,31
59,14,31,31
59,9,31,31
59,67,31,31
4,106,31,31
59,94,31,31
59,123,31,31
59,79,31,31
59,95,31,31
59,2,31,31
1,6,31,31
15,17,31,31
3,13,31,31
1,4,31,31
84,50,31,31
6,3,31,31
6,8,31,31
6,41,31,31
18,1,31,31
18,85,31,31
18,7,31,31
18,57,31,31
1,18,31,31
1,18,31,31
1,85,31,31
1,7,31,31
1,57,31,31
39,29,31,31
18,1,31,31
6,106,31,31
6,106,31,31
29,39,31,31
7,18,31,31
7,1,31,31
7,1,31,31
1,7,31,31
7,85,31,31
8,41,31,31
8,41,31,31
39,29,31,31
29,39,31,31
9,66,31,31
9,67,31,31
50,75,31,31
75,50,31,31
18,85,31,31
50,40,31,31
50,86,31,31
71,72,31,31
71,15,31,31
71,73,31,31
71,5,31,31
75,86,31,31
20,13,31,31
88,15,31,31
88,61,31,31
88,96,31,31
88,12,31,31
13,20,31,31
13,35,31,31
22,27,31,31
1,40,31,31
82,50,31,31
84,76,31,31
52,103,31,31
94,14,31,31
103,52,31,31
27,22,31,31
86,75,31,31
86,69,31,31
69,86,31,31
86,50,31,31
86,84,31,31
4,1,31,31
79,112,31,31
112,79,31,31
6,1,31,31
84,69,31,31
69,84,31,31
32,30,31,31
32,13,31,31
15,66,31,31
15,9,31,31
15,5,31,31
9,15,31,31
66,15,31,31
72,50,31,31
72,3,31,31
72,68,31,31
66,9,31,31
5,15,31,31
72,69,31,31
69,72,31,31
13,3,31,31
13,8,31,31
13,35,31,31
6,106,31,31
84,76,31,31
84,69,31,31
57,84,31,31
50,72,31,31
50,8,31,31
50,3,31,31
50,68,31,31
72,50,31,31
72,65,31,31
72,9,31,31
72,14,31,31
72,73,31,31
85,18,31,31
85,1,31,31
57,108,31,31
57,109,31,31
27,66,31,31
27,3,31,31
27,15,31,31
27,13,31,31
27,26,31,31
27,62,31,31
27,39,31,31
27,40,31,31
27,8,31,31
27,5,31,31
13,27,31,31
85,18,31,31
33,54,31,31
85,18,31,31
8,27,31,31
85,7,31,31
85,7,31,31
7,85,31,31
8,50,31,31
66,9,31,31
66,67,31,31
33,83,31,31
9,67,31,31
9,66,31,31
9,66,31,31
66,9,31,31
30,32,31,31
30,7,31,31
7,30,31,31
32,30,31,31
15,27,31,31
18,85,31,31
57,1,31,31
57,18,31,31
71,5,31,31
71,56,31,31
2,40,31,31
2,72,31,31
2,74,31,31
2,13,31,31
56,59,31,31
74,2,31,31
80,68,31,31
80,90,31,31
63,37,31,31
59,56,31,31
27,50,31,31
59,56,31,31
59,86,31,31
59,76,31,31
59,88,31,31
59,47,31,31
59,94,31,31
59,2,31,31
59,68,31,31
59,69,31,31
59,85,31,31
59,84,31,31
59,89,31,31
59,48,31,31
69,59,31,31
76,59,31,31
13,2,31,31
86,57,31,31
90,80,31,31
26,25,31,31
59,67,31,31
1,69,31,31
69,1,31,31
26,45,31,31
38,1,31,31
1,38,31,31
48,94,31,31
48,85,31,31
85,48,31,31
38,37,31,31
37,63,31,31
15,1,31,31
15,7,31,31
1,15,31,31
50,81,31,31
50,86,31,31
50,27,31,31
7,15,31,31
1,7,31,31
86,50,31,31
27,50,31,31
7,1,31,31
86,69,31,31
38,83,31,31
84,76,31,31
84,69,31,31
95,22,31,31
95,58,31,31
95,123,31,31
95,43,31,31
95,93,31,31
95,98,31,31
95,104,31,31
95,79,31,31
95,94,31,31
83,33,31,31
123,95,31,31
9,67,31,31
9,66,31,31
7,107,31,31
86,40,31,31
86,40,31,31
86,40,31,31
59,67,31,31
30,33,31,31
30,15,31,31
30,54,31,31
30,3,31,31
30,8,31,31
30,17,31,31
30,3,31,31
30,17,31,31
30,13,31,31
30,20,31,31
30,33,31,31
30,15,31,31
30,54,31,31
30,5,31,31
30,39,31,31
30,13,31,31
85,90,31,31
88,15,31,31
86,75,31,31
50,17,31,31
50,9,31,31
50,3,31,31
84,40,31,31
84,57,31,31
84,76,31,31
90,85,31,31
3,50,31,31
3,30,31,31
3,30,31,31
3,50,31,31
1,3,31,31
1,9,31,31
1,15,31,31
1,5,31,31
1,6,31,31
1,7,31,31
1,2,31,31
1,8,31,31
1,10,31,31
1,11,31,31
1,12,31,31
1,65,31,31
1,13,31,31
1,14,31,31
1,4,31,31
1,16,31,31
1,17,31,31
20,30,31,31
40,50,31,31
40,50,31,31
40,50,31,31
40,86,31,31
40,84,31,31
40,86,31,31
96,15,31,31
96,61,31,31
96,12,31,31
13,30,31,31
13,30,31,31
96,15,31,31
96,61,31,31
13,7,31,31
94,95,31,31
83,63,31,31
8,30,31,31
39,30,31,31
39,29,31,31
7,13,31,31
61,96,31,31
39,27,31,31
61,96,31,31
93,95,31,31
5,30,31,31
17,30,31,31
17,30,31,31
4,40,31,31
4,74,31,31
4,13,31,31
13,4,31,31
35,13,31,31
79,95,31,31
81,27,31,31
8,7,31,31
8,1,31,31
1,8,31,31
7,8,31,31
27,81,31,31
74,4,31,31
93,101,31,31
101,93,31,31
33,30,31,31
33,30,31,31
14,17,31,31
14,9,31,31
17,14,31,31
52,103,31,31
103,52,31,31
17,50,31,31
9,50,31,31
66,9,31,31
13,66,31,31
13,40,31,31
13,3,31,31
13,8,31,31
13,35,31,31
35,13,31,31
9,14,31,31
66,13,31,31
13,35,31,31
35,13,31,31
104,7,31,31
58,95,31,31
33,63,31,31
38,72,31,31
48,56,31,31
70,48,31,31
70,68,31,31
13,60,31,31
50,9,31,31
50,17,31,31
29,23,31,31
29,42,31,31
29,22,31,31
29,58,31,31
58,29,31,31
23,29,31,31
58,33,31,31
58,83,31,31
13,3,31,31
8,13,31,31
56,48,31,31
15,30,31,31
17,15,31,31
17,56,31,31
17,54,31,31
93,27,31,31
15,17,31,31
14,13,31,31
56,17,31,31
48,70,31,31
15,30,31,31
56,88,31,31
14,13,31,31
14,13,31,31
14,13,31,31
14,13,31,31
68,70,31,31
15,1,31,31
15,7,31,31
26,45,31,31
68,50,31,31
13,14,31,31
88,56,31,31
15,8,31,31
70,48,31,31
70,68,31,31
8,15,31,31
15,96,31,31
15,96,31,31
68,70,31,31
13,14,31,31
67,9,31,31
14,13,31,31
68,80,31,31
67,9,31,31
67,66,31,31
67,9,31,31
88,61,31,31
88,96,31,31
88,12,31,31
88,15,31,31
7,15,31,31
2,74,31,31
2,72,31,31
2,40,31,31
2,13,31,31
63,83,31,31
63,33,31,31
54,30,31,31
54,30,31,31
54,17,31,31
13,2,31,31
13,14,31,31
13,14,31,31
13,14,31,31
13,14,31,31
13,14,31,31
14,13,31,31
14,13,31,31
69,1,31,31
13,14,31,31
74,2,31,31
1,15,31,31
17,50,31,31
98,95,31,31
76,57,31,31
49,53,31,31
115,68,31,31
76,50,31,31
115,38,31,31
29,39,31,31
115,67,31,31
76,53,31,31
18,7,31,31
18,43,31,31
42,29,31,31
68,115,31,31
7,18,31,31
76,40,31,31
43,18,31,31
84,40,31,31
86,75,31,31
50,68,31,31
50,47,31,31
50,27,31,31
50,3,31,31
86,40,31,31
86,40,31,31
68,50,31,31
47,50,31,31
27,50,31,31
27,93,31,31
7,1,31,31
58,117,31,31
1,7,31,31
58,117,31,31
22,42,31,31
22,42,31,31
1,7,31,31
7,1,31,31
69,8,31,31
69,40,31,31
84,69,31,31
9,50,31,31
1,7,31,31
59,69,31,31
59,56,31,31
59,76,31,31
59,88,31,31
59,68,31,31
59,85,31,31
59,86,31,31
59,84,31,31
59,89,31,31
59,48,31,31
59,47,31,31
59,94,31,31
59,2,31,31
58,83,31,31
58,33,31,31
71,72,31,31
71,15,31,31
71,73,31,31
71,5,31,31
8,1,31,31
7,1,31,31
83,58,31,31
83,58,31,31
50,76,31,31
40,76,31,31
76,40,31,31
54,5,31,31
73,1,31,31
33,58,31,31
33,58,31,31
47,50,31,31
76,40,31,31
40,76,31,31
76,40,31,31
50,41,31,31
50,27,31,31
50,93,31,31
50,101,31,31
50,124,31,31
93,50,31,31
101,50,31,31
33,54,31,31
54,33,31,31
84,69,31,31
76,50,31,31
50,40,31,31
33,20,31,31
86,57,31,31
5,54,31,31
88,61,31,31
88,96,31,31
88,12,31,31
88,15,31,31
95,59,31,31
95,44,31,31
80,95,31,31
18,7,31,31
18,43,31,31
7,18,31,31
43,18,31,31
40,50,31,31
33,15,31,31
15,33,31,31
74,4,31,31
38,1,31,31
86,57,31,31
44,95,31,31
70,53,31,31
40,8,31,31
56,5,31,31
6,106,31,31
59,95,31,31
74,59,31,31
50,41,31,31
50,48,31,31
50,93,31,31
50,101,31,31
50,124,31,31
50,27,31,31
101,50,31,31
59,67,31,31
59,72,31,31
93,50,31,31
1,73,31,31
1,8,31,31
59,74,31,31
4,106,31,31
4,74,31,31
21,86,31,31
86,21,31,31
50,75,31,31
70,53,31,31
75,50,31,31
27,50,31,31
27,50,31,31
85,48,31,31
30,45,31,31
40,69,31,31
40,8,31,31
48,85,31,31
45,30,31,31
1,12,31,31
1,15,31,31
50,75,31,31
38,36,31,31
69,40,31,31
64,42,31,31
67,66,31,31
59,67,31,31
6,106,31,31
86,40,31,31
4,74,31,31
16,40,31,31
38,30,31,31
38,44,31,31
40,16,31,31
40,121,31,31
40,6,31,31
75,50,31,31
42,22,31,31
75,50,31,31
43,95,31,31
48,70,31,31
121,40,31,31
48,50,31,31
43,81,31,31
43,58,31,31
57,18,31,31
18,57,31,31
43,29,31,31
43,6,31,31
43,21,31,31
43,58,31,31
74,4,31,31
43,58,31,31
43,81,31,31
43,95,31,31
43,95,31,31
21,43,31,31
43,81,31,31
43,42,31,31
94,14,31,31
94,9,31,31
94,65,31,31
43,42,31,31
14,94,31,31
70,53,31,31
29,43,31,31
50,75,31,31
14,94,31,31
94,14,31,31
16,40,31,31
75,50,31,31
50,75,31,31
74,4,31,31
86,69,31,31
48,68,31,31
48,13,31,31
68,48,31,31
69,84,31,31
69,76,31,31
69,86,31,31
4,74,31,31
13,48,31,31
24,51,31,31
24,66,31,31
24,3,31,31
24,8,31,31
24,26,31,31
24,60,31,31
24,77,31,31
45,32,31,31
32,45,31,31
45,86,31,31
86,45,31,31
42,68,31,31
42,69,31,31
45,69,31,31
45,5,31,31
45,64,31,31
38,37,31,31
45,27,31,31
45,68,31,31
45,53,31,31
86,40,31,31
37,38,31,31
59,80,31,31
75,50,31,31
95,80,31,31
68,45,31,31
9,94,31,31
8,24,31,31
8,40,31,31
75,50,31,31
70,48,31,31
70,68,31,31
68,70,31,31
50,75,31,31
47,50,31,31
47,68,31,31
47,27,31,31
47,3,31,31
21,86,31,31
86,21,31,31
15,1,31,31
75,50,31,31
24,26,31,31
48,70,31,31
95,59,31,31
32,30,31,31
67,115,31,31
68,47,31,31
68,47,31,31
27,45,31,31
27,47,31,31
69,84,31,31
59,95,31,31
69,84,31,31
53,45,31,31
47,68,31,31
67,19,31,31
67,3,31,31
67,3,31,31
15,1,31,31
15,7,31,31
7,15,31,31
68,47,31,31
69,86,31,31
84,69,31,31
38,37,31,31
10,6,31,31
85,13,31,31
85,67,31,31
85,66,31,31
85,68,31,31
3,50,31,31
3,13,31,31
13,85,31,31
96,15,31,31
96,61,31,31
96,12,31,31
40,86,31,31
96,15,31,31
96,61,31,31
11,5,31,31
6,10,31,31
6,40,31,31
6,43,31,31
4,74,31,31
4,40,31,31
4,13,31,31
95,44,31,31
95,59,31,31
14,31,31,31
31,14,31,31
34,83,31,31
1,15,31,31
61,96,31,31
31,14,31,31
61,96,31,31
14,31,31,31
13,4,31,31
74,4,31,31
104,95,31,31
44,95,31,31
31,42,31,31
31,63,31,31
31,42,31,31
31,63,31,31
31,42,31,31
31,63,31,31
31,45,31,31
31,45,31,31
31,45,31,31
12,1,31,31
31,103,31,31
31,103,31,31
31,103,31,31
12,96,31,31
12,96,31,31
12,96,31,31
15,96,31,31
70,56,31,31
83,34,31,31
70,75,31,31
4,16,31,31
15,96,31,31
75,70,31,31
13,40,31,31
13,66,31,31
13,3,31,31
13,8,31,31
13,35,31,31
8,13,31,31
94,14,31,31
94,9,31,31
94,65,31,31
31,95,31,31
31,104,31,31
14,94,31,31
57,86,31,31
60,24,31,31
60,13,31,31
94,86,31,31
94,69,31,31
94,84,31,31
94,76,31,31
94,56,31,31
94,123,31,31
66,13,31,31
66,85,31,31
59,95,31,31
66,24,31,31
31,70,31,31
31,115,31,31
26,24,31,31
31,70,31,31
31,70,31,31
123,94,31,31
26,24,31,31
5,11,31,31
5,45,31,31
41,50,31,31
41,50,31,31
38,36,31,31
38,37,31,31
38,1,31,31
5,56,31,31
17,56,31,31
17,15,31,31
17,54,31,31
70,48,31,31
70,68,31,31
48,70,31,31
76,94,31,31
50,48,31,31
50,40,31,31
10,43,31,31
5,54,31,31
43,10,31,31
48,50,31,31
56,17,31,31
86,57,31,31
56,88,31,31
69,94,31,31
88,56,31,31
56,70,31,31
76,40,31,31
56,94,31,31
82,50,31,31
86,40,31,31
86,94,31,31
50,82,31,31
40,8,31,31
40,72,31,31
82,50,31,31
15,17,31,31
76,69,31,31
86,57,31,31
68,85,31,31
40,76,31,31
88,61,31,31
88,96,31,31
88,12,31,31
88,15,31,31
76,40,31,31
2,40,31,31
2,72,31,31
2,74,31,31
2,13,31,31
80,115,31,31
68,70,31,31
74,2,31,31
54,17,31,31
54,5,31,31
8,40,31,31
76,69,31,31
2,59,31,31
13,2,31,31
59,2,31,31
15,66,31,31
83,32,31,31
84,94,31,31
54,15,31,31
54,29,31,31
54,39,31,31
54,5,31,31
15,54,31,31
2,69,31,31
2,68,31,31
66,15,31,31
33,42,31,31
32,83,31,31
71,15,31,31
71,72,31,31
71,73,31,31
71,5,31,31
14,94,31,31
63,42,31,31
94,14,31,31
69,86,31,31
14,13,31,31
72,74,31,31
25,9,31,31
29,54,31,31
50,75,31,31
67,85,31,31
39,54,31,31
88,15,31,31
29,54,31,31
67,85,31,31
67,68,31,31
67,13,31,31
67,66,31,31
76,57,31,31
34,83,31,31
59,69,31,31
59,56,31,31
59,85,31,31
59,86,31,31
59,84,31,31
59,76,31,31
59,47,31,31
59,68,31,31
59,89,31,31
59,48,31,31
59,88,31,31
59,94,31,31
59,2,31,31
6,106,31,31
69,76,31,31
68,42,31,31
42,33,31,31
68,2,31,31
75,50,31,31
50,70,31,31
50,70,31,31
70,50,31,31
70,50,31,31
50,70,31,31
38,1,31,31
38,72,31,31
1,38,31,31
1,38,31,31
32,15,31,31
33,22,31,31
76,57,31,31
68,2,31,31
24,26,31,31
54,29,31,31
94,65,31,31
94,14,31,31
94,9,31,31
14,94,31,31
57,76,31,31
14,94,31,31
68,47,31,31
53,3,31,31
53,9,31,31
53,17,31,31
13,14,31,31
84,69,31,31
69,84,31,31
69,76,31,31
13,14,31,31
70,50,31,31
44,13,31,31
44,66,31,31
44,8,31,31
44,24,31,31
44,26,31,31
44,3,31,31
44,9,31,31
44,32,31,31
44,7,31,31
44,38,31,31
44,16,31,31
44,67,31,31
7,44,31,31
38,1,31,31
24,44,31,31
32,44,31,31
101,27,31,31
94,14,31,31
47,68,31,31
57,76,31,31
80,69,31,31
80,151,31,31
80,44,31,31
80,104,31,31
80,59,31,31
80,84,31,31
80,68,31,31
80,85,31,31
80,21,31,31
80,72,31,31
80,45,31,31
80,18,31,31
80,29,31,31
80,2,31,31
80,56,31,31
68,47,31,31
32,83,31,31
67,44,31,31
59,80,31,31
56,80,31,31
44,80,31,31
42,33,31,31
45,80,31,31
69,90,31,31
48,53,31,31
21,80,31,31
104,80,31,31
42,33,31,31
42,22,31,31
47,68,31,31
68,47,31,31
13,44,31,31
17,53,31,31
13,8,31,31
13,8,31,31
42,33,31,31
42,33,31,31
74,4,31,31
42,33,31,31
1,95,31,31
1,44,31,31
95,1,31,31
44,1,31,31
6,106,31,31
16,44,31,31
7,15,31,31
42,63,31,31
9,53,31,31
9,44,31,31
74,59,31,31
14,13,31,31
14,13,31,31
45,77,31,31
69,42,31,31
13,14,31,31
45,112,31,31
53,48,31,31
29,80,31,31
15,7,31,31
112,45,31,31
14,7,31,31
53,49,31,31
68,80,31,31
50,47,31,31
59,74,31,31
47,50,31,31
75,50,31,31
4,74,31,31
53,76,31,31
53,70,31,31
53,70,31,31
53,70,31,31
54,120,31,31
54,56,31,31
76,53,31,31
84,80,31,31
4,106,31,31
56,54,31,31
50,75,31,31
53,48,31,31
8,44,31,31
8,13,31,31
8,13,31,31
115,80,31,31
50,8,31,31
8,50,31,31
7,14,31,31
2,80,31,31
8,17,31,31
48,53,31,31
69,2,31,31
75,50,31,31
50,76,31,31
27,101,31,31
18,80,31,31
40,53,31,31
84,89,31,31
33,42,31,31
17,8,31,31
15,7,31,31
15,1,31,31
7,15,31,31
1,15,31,31
21,70,31,31
42,33,31,31
42,33,31,31
70,21,31,31
54,5,31,31
70,53,31,31
5,54,31,31
33,22,31,31
42,33,31,31
5,15,31,31
15,5,31,31
93,86,31,31
93,86,31,31
76,40,31,31
76,70,31,31
86,93,31,31
86,93,31,31
83,32,31,31
83,34,31,31
86,40,31,31
68,48,31,31
38,1,31,31
1,38,31,31
54,5,31,31
54,15,31,31
1,38,31,31
86,50,31,31
66,44,31,31
9,94,31,31
15,66,31,31
9,94,31,31
50,86,31,31
86,50,31,31
66,15,31,31
86,40,31,31
50,86,31,31
90,86,31,31
90,69,31,31
15,66,31,31
53,40,31,31
53,70,31,31
15,54,31,31
86,50,31,31
50,86,31,31
86,50,31,31
76,69,31,31
50,86,31,31
86,50,31,31
86,50,31,31
86,75,31,31
86,50,31,31
76,50,31,31
86,53,31,31
84,50,31,31
9,67,31,31
9,66,31,31
86,90,31,31
86,70,31,31
86,53,31,31
86,40,31,31
86,69,31,31
86,57,31,31
86,57,31,31
3,13,31,31
85,80,31,31
85,48,31,31
96,15,31,31
96,61,31,31
96,12,31,31
40,86,31,31
40,16,31,31
96,15,31,31
96,61,31,31
4,74,31,31
4,13,31,31
4,40,31,31
13,4,31,31
40,50,31,31
16,40,31,31
40,86,31,31
13,14,31,31
14,13,31,31
61,96,31,31
61,96,31,31
1,38,31,31
14,13,31,31
14,31,31,31
14,13,31,31
31,14,31,31
74,4,31,31
13,3,31,31
13,66,31,31
13,8,31,31
13,40,31,31
13,35,31,31
31,63,31,31
31,42,31,31
12,96,31,31
70,53,31,31
70,86,31,31
75,50,31,31
8,13,31,31
13,3,31,31
15,96,31,31
15,96,31,31
13,14,31,31
13,14,31,31
13,14,31,31
14,13,31,31
35,13,31,31
26,44,31,31
35,13,31,31
53,70,31,31
94,84,31,31
94,86,31,31
94,69,31,31
94,56,31,31
94,88,31,31
56,94,31,31
66,15,31,31
66,9,31,31
66,13,31,31
53,70,31,31
67,9,31,31
70,53,31,31
67,9,31,31
67,66,31,31
86,70,31,31
71,74,31,31
57,86,31,31
86,57,31,31
86,40,31,31
86,40,31,31
86,94,31,31
86,57,31,31
80,115,31,31
57,86,31,31
32,83,31,31
17,56,31,31
17,15,31,31
17,54,31,31
47,79,31,31
56,17,31,31
70,48,31,31
70,68,31,31
48,70,31,31
15,17,31,31
115,80,31,31
38,37,31,31
115,90,31,31
53,49,31,31
2,72,31,31
2,13,31,31
2,40,31,31
2,74,31,31
68,70,31,31
11,5,31,31
151,80,31,31
151,98,31,31
151,22,31,31
151,70,31,31
68,76,31,31
53,86,31,31
86,53,31,31
26,24,31,31
9,67,31,31
9,66,31,31
26,83,31,31
66,9,31,31
40,72,31,31
5,54,31,31
5,11,31,31
74,2,31,31
72,40,31,31
115,90,31,31
79,47,31,31
13,2,31,31
69,53,31,31
88,94,31,31
67,9,31,31
71,72,31,31
71,5,31,31
71,15,31,31
71,73,31,31
14,13,31,31
49,53,31,31
21,47,31,31
15,39,31,31
76,84,31,31
54,17,31,31
84,94,31,31
2,59,31,31
59,2,31,31
37,38,31,31
38,37,31,31
23,51,31,31
83,32,31,31
13,14,31,31
13,14,31,31
5,54,31,31
14,13,31,31
80,64,31,31
14,13,31,31
13,14,31,31
35,20,31,31
83,26,31,31
13,14,31,31
14,13,31,31
14,13,31,31
45,66,31,31
53,69,31,31
69,53,31,31
75,10,31,31
88,61,31,31
88,96,31,31
88,12,31,31
88,15,31,31
13,14,31,31
83,26,31,31
51,23,31,31
54,5,31,31
75,70,31,31
51,24,31,31
83,26,31,31
86,57,31,31
20,35,31,31
39,15,31,31
90,115,31,31
75,50,31,31
90,115,31,31
47,21,31,31
15,5,31,31
50,75,31,31
94,9,31,31
94,65,31,31
94,14,31,31
14,94,31,31
13,68,31,31
13,85,31,31
13,67,31,31
13,66,31,31
13,3,31,31
68,13,31,31
50,40,31,31
50,75,31,31
75,50,31,31
20,13,31,31
10,75,31,31
14,94,31,31
107,7,31,31
94,14,31,31
69,86,31,31
86,40,31,31
86,75,31,31
10,75,31,31
13,20,31,31
83,26,31,31
69,68,31,31
69,86,31,31
69,84,31,31
70,75,31,31
74,4,31,31
26,83,31,31
75,50,31,31
26,83,31,31
26,83,31,31
26,3,31,31
26,83,31,31
26,24,31,31
32,31,31,31
40,121,31,31
84,53,31,31
50,75,31,31
9,94,31,31
13,8,31,31
6,106,31,31
77,66,31,31
77,45,31,31
77,45,31,31
77,24,31,31
90,76,31,31
90,69,31,31
53,84,31,31
61,88,31,31
61,56,31,31
61,15,31,31
15,61,31,31
21,47,31,31
88,61,31,31
67,13,31,31
47,21,31,31
67,13,31,31
67,68,31,31
67,85,31,31
67,66,31,31
67,3,31,31
4,74,31,31
74,59,31,31
6,106,31,31
5,15,31,31
56,61,31,31
76,57,31,31
32,83,31,31
75,50,31,31
66,45,31,31
83,32,31,31
54,15,31,31
15,54,31,31
15,66,31,31
66,13,31,31
2,13,31,31
2,72,31,31
2,40,31,31
2,74,31,31
66,15,31,31
13,2,31,31
59,74,31,31
86,57,31,31
121,40,31,31
45,14,31,31
75,10,31,31
4,106,31,31
38,36,31,31
40,86,31,31
59,56,31,31
59,86,31,31
59,48,31,31
59,94,31,31
59,68,31,31
59,69,31,31
59,85,31,31
59,84,31,31
59,89,31,31
59,76,31,31
59,88,31,31
59,47,31,31
59,2,31,31
76,57,31,31
50,20,31,31
74,2,31,31
20,50,31,31
27,45,31,31
85,13,31,31
6,106,31,31
33,54,31,31
80,69,31,31
38,37,31,31
45,27,31,31
76,94,31,31
40,8,31,31
8,13,31,31
8,40,31,31
32,26,31,31
32,24,31,31
32,66,31,31
96,121,31,31
83,63,31,31
38,37,31,31
86,40,31,31
121,96,31,31
95,22,31,31
95,123,31,31
95,43,31,31
95,93,31,31
95,98,31,31
95,58,31,31
95,104,31,31
95,79,31,31
95,94,31,31
58,95,31,31
123,95,31,31
68,56,31,31
30,25,31,31
70,50,31,31
25,30,31,31
37,38,31,31
94,95,31,31
79,95,31,31
93,95,31,31
104,95,31,31
56,69,31,31
7,42,31,31
50,75,31,31
31,25,31,31
26,27,31,31
54,33,31,31
31,25,31,31
21,88,31,31
9,25,31,31
84,53,31,31
32,27,31,31
63,83,31,31
42,9,31,31
42,14,31,31
70,53,31,31
32,27,31,31
88,21,31,31
88,96,31,31
88,61,31,31
88,12,31,31
88,15,31,31
88,61,31,31
88,12,31,31
88,15,31,31
88,96,31,31
94,14,31,31
94,9,31,31
94,65,31,31
14,94,31,31
56,96,31,31
56,15,31,31
56,61,31,31
15,56,31,31
50,48,31,31
54,15,31,31
54,5,31,31
61,56,31,31
9,68,31,31
9,85,31,31
9,47,31,31
9,84,31,31
9,86,31,31
9,56,31,31
9,69,31,31
9,48,31,31
9,88,31,31
9,76,31,31
86,9,31,31
14,94,31,31
85,9,31,31
68,85,31,31
48,50,31,31
88,9,31,31
56,9,31,31
48,9,31,31
68,9,31,31
67,68,31,31
67,69,31,31
67,56,31,31
67,15,31,31
67,5,31,31
67,9,31,31
67,72,31,31
67,3,31,31
67,8,31,31
67,40,31,31
67,117,31,31
47,9,31,31
48,85,31,31
15,54,31,31
84,9,31,31
69,68,31,31
31,71,31,31
53,70,31,31
9,94,31,31
94,14,31,31
75,50,31,31
58,4,31,31
53,70,31,31
43,42,31,31
43,45,31,31
43,79,31,31
43,42,31,31
45,43,31,31
38,36,31,31
66,32,31,31
21,86,31,31
86,21,31,31
70,53,31,31
36,30,31,31
27,68,31,31
61,96,31,31
71,5,31,31
71,15,31,31
30,36,31,31
5,54,31,31
98,95,31,31
38,36,31,31
30,36,31,31
68,67,31,31
68,66,31,31
68,9,31,31
68,3,31,31
68,72,31,31
68,15,31,31
68,56,31,31
68,69,31,31
68,27,31,31
36,38,31,31
54,5,31,31
83,26,31,31
5,54,31,31
53,70,31,31
15,66,31,31
47,40,31,31
47,75,31,31
50,84,31,31
50,93,31,31
50,101,31,31
50,124,31,31
50,27,31,31
53,70,31,31
86,57,31,31
68,13,31,31
68,85,31,31
68,67,31,31
68,66,31,31
68,3,31,31
53,59,31,31
53,8,31,31
53,94,31,31
84,50,31,31
84,101,31,31
38,1,31,31
86,40,31,31
69,84,31,31
90,67,31,31
90,66,31,31
90,68,31,31
90,69,31,31
90,56,31,31
90,48,31,31
90,80,31,31
4,58,31,31
101,50,31,31
40,65,31,31
40,17,31,31
96,15,31,31
96,61,31,31
96,12,31,31
101,84,31,31
94,53,31,31
96,15,31,31
96,61,31,31
42,43,31,31
42,43,31,31
94,14,31,31
94,9,31,31
94,65,31,31
4,13,31,31
4,74,31,31
4,40,31,31
13,4,31,31
8,53,31,31
70,53,31,31
70,53,31,31
14,17,31,31
75,47,31,31
79,43,31,31
17,40,31,31
12,96,31,31
27,50,31,31
74,4,31,31
36,38,31,31
38,36,31,31
59,53,31,31
93,50,31,31
15,96,31,31
12,15,31,31
12,72,31,31
12,71,31,31
12,73,31,31
15,12,31,31
15,96,31,31
26,83,31,31
13,66,31,31
13,3,31,31
13,8,31,31
13,40,31,31
14,94,31,31
48,90,31,31
4,65,31,31
4,17,31,31
75,50,31,31
66,15,31,31
13,66,31,31
13,68,31,31
8,13,31,31
31,18,31,31
11,5,31,31
5,11,31,31
67,90,31,31
5,71,31,31
5,72,31,31
5,73,31,31
5,74,31,31
5,11,31,31
101,50,31,31
70,53,31,31
70,4,31,31
4,70,31,31
71,12,31,31
71,15,31,31
75,50,31,31
83,30,31,31
2,74,31,31
2,72,31,31
2,40,31,31
2,13,31,31
71,12,31,31
42,22,31,31
74,2,31,31
30,83,31,31
42,22,31,31
71,5,31,31
59,86,31,31
59,84,31,31
59,48,31,31
59,76,31,31
59,2,31,31
59,68,31,31
59,69,31,31
59,56,31,31
59,85,31,31
59,89,31,31
59,88,31,31
59,47,31,31
59,94,31,31
13,2,31,31
21,76,31,31
67,80,31,31
21,86,31,31
74,5,31,31
73,12,31,31
73,5,31,31
75,50,31,31
76,21,31,31
72,71,31,31
12,72,31,31
12,74,31,31
56,90,31,31
86,21,31,31
68,13,31,31
68,90,31,31
70,53,31,31
71,72,31,31
76,9,31,31
9,94,31,31
17,15,31,31
17,54,31,31
17,56,31,31
15,17,31,31
54,15,31,31
54,5,31,31
54,66,31,31
54,17,31,31
72,71,31,31
72,73,31,31
72,12,31,31
72,15,31,31
72,5,31,31
72,117,31,31
72,74,31,31
15,54,31,31
12,15,31,31
15,12,31,31
88,1,31,31
54,5,31,31
72,71,31,31
72,73,31,31
50,75,31,31
74,12,31,31
5,54,31,31
75,50,31,31
75,50,31,31
5,54,31,31
14,94,31,31
3,13,31,31
56,17,31,31
94,14,31,31
17,14,31,31
40,3,31,31
40,8,31,31
40,51,31,31
40,66,31,31
3,13,31,31
3,13,31,31
3,40,31,31
8,40,31,31
11,5,31,31
11,71,31,31
71,11,31,31
84,86,31,31
95,123,31,31
95,43,31,31
95,93,31,31
95,22,31,31
95,98,31,31
95,58,31,31
95,104,31,31
95,79,31,31
95,94,31,31
104,95,31,31
123,95,31,31
74,4,31,31
50,70,31,31
84,101,31,31
70,50,31,31
84,76,31,31
58,95,31,31
1,38,31,31
38,1,31,31
4,74,31,31
53,70,31,31
53,70,31,31
93,95,31,31
93,101,31,31
93,95,31,31
94,95,31,31
93,95,31,31
90,85,31,31
76,40,31,31
76,75,31,31
76,40,31,31
94,14,31,31
94,9,31,31
14,94,31,31
66,13,31,31
66,13,31,31
95,93,31,31
95,93,31,31
50,76,31,31
66,54,31,31
75,50,31,31
66,40,31,31
66,90,31,31
95,123,31,31
95,22,31,31
95,98,31,31
95,58,31,31
95,104,31,31
95,79,31,31
95,94,31,31
123,95,31,31
104,95,31,31
94,14,31,31
94,9,31,31
94,95,31,31
14,94,31,31
58,95,31,31
63,42,31,31
50,75,31,31
53,70,31,31
53,4,31,31
75,50,31,31
77,9,31,31
77,66,31,31
75,50,31,31
76,50,31,31
4,106,31,31
4,13,31,31
4,35,31,31
4,53,31,31
14,94,31,31
50,75,31,31
79,95,31,31
94,14,31,31
88,15,31,31
79,95,31,31
84,53,31,31
6,106,31,31
35,4,31,31
6,106,31,31
13,4,31,31
119,29,31,31
50,75,31,31
84,69,31,31
69,86,31,31
69,84,31,31
69,76,31,31
69,68,31,31
42,22,31,31
42,33,31,31
86,83,31,31
86,49,31,31
86,13,31,31
86,40,31,31
86,75,31,31
86,18,31,31
86,50,31,31
86,32,31,31
86,52,31,31
86,23,31,31
86,82,31,31
86,5,31,31
86,117,31,31
23,86,31,31
106,4,31,31
42,22,31,31
42,33,31,31
86,23,31,31
83,58,31,31
29,119,31,31
29,119,31,31
50,86,31,31
86,50,31,31
98,95,31,31
86,50,31,31
22,42,31,31
22,29,31,31
5,66,31,31
5,15,31,31
22,42,31,31
22,29,31,31
5,71,31,31
5,83,31,31
5,54,31,31
5,117,31,31
101,93,31,31
84,50,31,31
50,75,31,31
29,22,31,31
98,95,31,31
29,22,31,31
85,90,31,31
15,5,31,31
85,48,31,31
50,75,31,31
54,5,31,31
48,85,31,31
76,84,31,31
50,47,31,31
54,15,31,31
42,22,31,31
84,50,31,31
84,75,31,31
50,75,31,31
42,22,31,31
39,66,31,31
39,5,31,31
39,15,31,31
39,54,31,31
54,39,31,31
58,83,31,31
5,39,31,31
115,67,31,31
58,83,31,31
58,54,31,31
15,39,31,31
54,58,31,31
32,25,31,31
15,54,31,31
15,54,31,31
58,83,31,31
58,54,31,31
58,117,31,31
50,47,31,31
54,15,31,31
54,58,31,31
58,54,31,31
58,117,31,31
58,83,31,31
54,58,31,31
50,39,31,31
50,3,31,31
47,50,31,31
50,84,31,31
40,76,31,31
47,50,31,31
84,50,31,31
50,81,31,31
50,101,31,31
50,27,31,31
101,50,31,31
21,86,31,31
86,21,31,31
43,42,31,31
43,45,31,31
43,79,31,31
43,79,31,31
94,14,31,31
94,9,31,31
14,94,31,31
42,43,31,31
86,40,31,31
37,94,31,31
94,37,31,31
94,37,31,31
40,53,31,31
76,40,31,31
83,5,31,31
83,58,31,31
76,40,31,31
40,16,31,31
40,121,31,31
83,58,31,31
9,94,31,31
83,58,31,31
67,115,31,31
67,66,31,31
9,94,31,31
9,94,31,31
40,16,31,31
40,121,31,31
47,50,31,31
86,57,31,31
1,38,31,31
68,85,31,31
68,48,31,31
68,47,31,31
75,50,31,31
68,85,31,31
71,5,31,31
50,75,31,31
76,40,31,31
76,75,31,31
34,24,31,31
81,50,31,31
81,101,31,31
27,50,31,31
15,88,31,31
66,5,31,31
66,39,31,31
75,50,31,31
75,50,31,31
75,50,31,31
15,5,31,31
75,50,31,31
50,47,31,31
5,15,31,31
75,50,31,31
1,9,31,31
47,50,31,31
9,1,31,31
69,68,31,31
69,56,31,31
79,43,31,31
79,43,31,31
58,117,31,31
39,50,31,31
108,57,31,31
109,57,31,31
109,101,31,31
109,101,31,31
86,50,31,31
53,84,31,31
86,40,31,31
86,69,31,31
84,53,31,31
69,40,31,31
69,8,31,31
69,72,31,31
13,3,32,32
3,13,32,32
40,16,32,32
40,121,32,32
40,86,32,32
16,40,32,32
40,76,32,32
40,75,32,32
16,40,32,32
101,81,32,32
96,15,32,32
96,61,32,32
96,12,32,32
96,15,32,32
96,61,32,32
96,61,32,32
16,40,32,32
121,40,32,32
121,40,32,32
121,40,32,32
75,40,32,32
29,23,32,32
29,43,32,32
29,42,32,32
29,22,32,32
23,29,32,32
61,96,32,32
61,96,32,32
82,49,32,32
82,40,32,32
50,86,32,32
49,82,32,32
42,29,32,32
42,43,32,32
42,63,32,32
42,22,32,32
11,71,32,32
82,75,32,32
82,56,32,32
82,21,32,32
82,89,32,32
71,11,32,32
75,82,32,32
82,19,32,32
82,109,32,32
82,93,32,32
82,101,32,32
101,82,32,32
53,40,32,32
13,66,32,32
13,40,32,32
13,3,32,32
13,8,32,32
29,119,32,32
93,82,32,32
29,94,32,32
94,29,32,32
89,82,32,32
66,27,32,32
29,120,32,32
93,95,32,32
93,22,32,32
53,6,32,32
53,41,32,32
10,43,32,32
29,4,32,32
22,42,32,32
2,84,32,32
2,86,32,32
2,69,32,32
2,56,32,32
2,88,32,32
12,96,32,32
4,29,32,32
66,13,32,32
3,13,32,32
63,42,32,32
15,96,32,32
15,96,32,32
74,59,32,32
59,74,32,32
39,66,32,32
5,27,32,32
8,13,32,32
56,82,32,32
14,65,32,32
65,14,32,32
65,94,32,32
76,40,32,32
65,94,32,32
65,94,32,32
65,94,32,32
65,94,32,32
65,94,32,32
65,40,32,32
65,94,32,32
88,15,32,32
66,39,32,32
6,53,32,32
53,6,32,32
43,10,32,32
57,86,32,32
95,93,32,32
69,84,32,32
69,86,32,32
69,76,32,32
13,14,32,32
54,42,32,32
42,54,32,32
40,72,32,32
40,8,32,32
57,86,32,32
120,29,32,32
2,9,32,32
2,65,32,32
2,14,32,32
120,29,32,32
38,37,32,32
71,74,32,32
71,74,32,32
71,31,32,32
9,39,32,32
14,13,32,32
14,13,32,32
21,82,32,32
6,53,32,32
76,40,32,32
76,75,32,32
86,57,32,32
86,57,32,32
76,40,32,32
86,40,32,32
13,14,32,32
28,83,32,32
28,54,32,32
83,28,32,32
65,95,32,32
65,79,32,32
65,112,32,32
65,44,32,32
112,65,32,32
28,20,32,32
50,40,32,32
50,52,32,32
83,61,32,32
52,50,32,32
86,57,32,32
21,43,32,32
21,7,32,32
21,10,32,32
21,46,32,32
61,83,32,32
7,21,32,32
40,76,32,32
95,65,32,32
1,38,32,32
1,68,32,32
1,69,32,32
1,56,32,32
54,15,32,32
76,40,32,32
86,50,32,32
76,40,32,32
40,76,32,32
40,75,32,32
54,28,32,32
44,65,32,32
11,5,32,32
42,33,32,32
5,11,32,32
50,75,32,32
59,56,32,32
59,86,32,32
59,84,32,32
59,48,32,32
59,47,32,32
59,68,32,32
59,69,32,32
59,85,32,32
59,89,32,32
59,76,32,32
59,88,32,32
59,94,32,32
59,2,32,32
94,59,32,32
75,50,32,32
14,13,32,32
76,40,32,32
75,40,32,32
76,40,32,32
76,75,32,32
68,1,32,32
15,54,32,32
56,1,32,32
15,54,32,32
42,22,32,32
54,15,32,32
54,15,32,32
8,40,32,32
15,54,32,32
13,14,32,32
13,14,32,32
14,13,32,32
16,8,32,32
71,72,32,32
71,5,32,32
43,21,32,32
31,72,32,32
31,71,32,32
15,56,32,32
37,38,32,32
38,36,32,32
68,47,32,32
56,15,32,32
77,66,32,32
20,28,32,32
20,52,32,32
20,18,32,32
20,8,32,32
20,13,32,32
20,51,32,32
52,20,32,32
77,66,32,32
26,51,32,32
26,83,32,32
21,47,32,32
47,21,32,32
44,10,32,32
59,65,32,32
21,86,32,32
86,21,32,32
71,74,32,32
10,21,32,32
51,20,32,32
51,40,32,32
13,20,32,32
38,36,32,32
36,38,32,32
8,20,32,32
8,16,32,32
115,66,32,32
38,37,32,32
38,1,32,32
50,75,32,32
50,86,32,32
86,50,32,32
10,123,32,32
10,44,32,32
10,95,32,32
10,7,32,32
10,104,32,32
10,79,32,32
10,112,32,32
77,66,32,32
112,10,32,32
7,10,32,32
104,10,32,32
95,10,32,32
39,9,32,32
35,13,32,32
13,35,32,32
86,53,32,32
76,50,32,32
75,50,32,32
77,66,32,32
76,40,32,32
77,66,32,32
86,13,32,32
123,10,32,32
42,33,32,32
42,22,32,32
38,1,32,32
6,106,32,32
39,15,32,32
39,9,32,32
15,39,32,32
1,72,32,32
1,5,32,32
76,53,32,32
54,5,32,32
54,15,32,32
112,10,32,32
79,10,32,32
56,72,32,32
2,96,32,32
2,40,32,32
2,74,32,32
2,13,32,32
71,72,32,32
71,15,32,32
71,5,32,32
71,73,32,32
96,56,32,32
9,39,32,32
86,40,32,32
14,45,32,32
14,117,32,32
66,115,32,32
38,37,32,32
66,26,32,32
5,1,32,32
5,54,32,32
5,54,32,32
54,5,32,32
38,14,32,32
38,36,32,32
38,36,32,32
48,50,32,32
48,50,32,32
44,10,32,32
50,48,32,32
48,50,32,32
18,20,32,32
69,53,32,32
76,69,32,32
86,40,32,32
21,86,32,32
75,50,32,32
26,66,32,32
26,31,32,32
26,25,32,32
86,40,32,32
48,85,32,32
85,48,32,32
15,54,32,32
1,37,32,32
1,38,32,32
37,1,32,32
31,72,32,32
31,71,32,32
74,59,32,32
31,25,32,32
59,74,32,32
68,47,32,32
37,36,32,32
47,68,32,32
68,47,32,32
50,75,32,32
86,21,32,32
50,75,32,32
72,86,32,32
72,50,32,32
72,74,32,32
72,86,32,32
72,50,32,32
72,74,32,32
68,85,32,32
50,75,32,32
69,84,32,32
69,86,32,32
69,76,32,32
68,85,32,32
84,69,32,32
76,69,32,32
86,69,32,32
50,52,32,32
50,76,32,32
76,50,32,32
84,50,32,32
134,1,32,32
84,50,32,32
86,40,32,32
85,13,32,32
85,67,32,32
85,66,32,32
85,68,32,32
1,3,32,32
1,13,32,32
1,15,32,32
1,5,32,32
1,6,32,32
1,7,32,32
1,2,32,32
1,8,32,32
1,9,32,32
1,10,32,32
1,11,32,32
1,12,32,32
1,65,32,32
1,14,32,32
1,4,32,32
1,16,32,32
1,17,32,32
40,16,32,32
40,121,32,32
16,40,32,32
13,85,32,32
109,18,32,32
109,82,32,32
96,15,32,32
96,61,32,32
96,12,32,32
96,15,32,32
96,61,32,32
61,96,32,32
42,20,32,32
121,40,32,32
24,34,32,32
95,48,32,32
95,43,32,32
95,93,32,32
95,22,32,32
95,58,32,32
79,65,32,32
1,37,32,32
1,38,32,32
1,36,32,32
105,103,32,32
105,103,32,32
93,95,32,32
12,96,32,32
75,50,32,32
75,50,32,32
58,95,32,32
13,66,32,32
13,3,32,32
13,8,32,32
13,40,32,32
140,122,32,32
61,96,32,32
2,65,32,32
2,14,32,32
2,9,32,32
58,33,32,32
58,106,32,32
13,3,32,32
8,13,32,32
13,3,32,32
13,35,32,32
70,53,32,32
33,58,32,32
8,50,32,32
14,13,32,32
48,95,32,32
35,13,32,32
13,14,32,32
13,14,32,32
14,13,32,32
14,13,32,32
13,14,32,32
13,14,32,32
14,13,32,32
14,13,32,32
75,50,32,32
2,84,32,32
2,56,32,32
2,86,32,32
2,69,32,32
2,88,32,32
13,14,32,32
13,14,32,32
14,13,32,32
70,53,32,32
50,84,32,32
50,84,32,32
53,86,32,32
76,50,32,32
53,76,32,32
53,69,32,32
53,70,32,32
106,58,32,32
76,40,32,32
67,85,32,32
52,103,32,32
52,50,32,32
1,10,32,32
14,13,32,32
14,31,32,32
50,93,32,32
50,101,32,32
50,124,32,32
50,27,32,32
93,50,32,32
76,57,32,32
76,19,32,32
101,50,32,32
65,9,32,32
40,86,32,32
9,65,32,32
68,85,32,32
47,68,32,32
58,33,32,32
10,1,32,32
13,14,32,32
68,47,32,32
53,40,32,32
53,70,32,32
13,14,32,32
14,13,32,32
14,13,32,32
33,58,32,32
13,14,32,32
13,14,32,32
14,13,32,32
47,40,32,32
14,13,32,32
17,3,32,32
17,8,32,32
17,50,32,32
17,53,32,32
17,66,32,32
13,14,32,32
76,53,32,32
13,14,32,32
76,53,32,32
14,13,32,32
50,75,32,32
38,37,32,32
14,13,32,32
13,14,32,32
13,14,32,32
14,13,32,32
84,50,32,32
14,13,32,32
40,16,32,32
40,6,32,32
40,8,32,32
13,14,32,32
17,56,32,32
17,15,32,32
17,54,32,32
84,50,32,32
56,17,32,32
59,56,32,32
59,84,32,32
59,68,32,32
59,69,32,32
59,85,32,32
59,86,32,32
59,89,32,32
59,48,32,32
59,76,32,32
59,88,32,32
59,47,32,32
59,94,32,32
59,2,32,32
54,17,32,32
8,17,32,32
21,75,32,32
21,70,32,32
8,40,32,32
21,84,32,32
145,68,32,32
9,42,32,32
42,9,32,32
84,21,32,32
38,37,32,32
84,50,32,32
42,20,32,32
20,42,32,32
6,40,32,32
38,37,32,32
38,36,32,32
71,72,32,32
71,15,32,32
71,73,32,32
71,5,32,32
86,53,32,32
16,40,32,32
13,8,32,32
119,29,32,32
47,50,32,32
86,40,32,32
119,29,32,32
42,20,32,32
119,29,32,32
70,53,32,32
70,21,32,32
103,52,32,32
103,105,32,32
103,105,32,32
8,13,32,32
50,84,32,32
84,50,32,32
75,21,32,32
84,50,32,32
75,50,32,32
29,119,32,32
115,68,32,32
115,67,32,32
31,14,32,32
50,76,32,32
23,29,32,32
86,50,32,32
86,93,32,32
86,101,32,32
86,124,32,32
86,27,32,32
29,23,32,32
53,17,32,32
50,86,32,32
86,50,32,32
2,69,32,32
1,68,32,32
1,69,32,32
2,65,32,32
2,14,32,32
2,9,32,32
14,13,32,32
30,104,32,32
33,22,32,32
13,14,32,32
13,14,32,32
14,13,32,32
14,13,32,32
76,69,32,32
13,14,32,32
2,13,32,32
2,96,32,32
2,40,32,32
2,74,32,32
13,3,32,32
13,51,32,32
4,106,32,32
13,35,32,32
47,40,32,32
2,72,32,32
3,13,32,32
3,13,32,32
13,14,32,32
14,13,32,32
14,13,32,32
13,14,32,32
84,53,32,32
33,22,32,32
40,47,32,32
13,14,32,32
145,68,32,32
76,50,32,32
14,13,32,32
14,13,32,32
47,40,32,32
13,14,32,32
47,75,32,32
14,13,32,32
13,14,32,32
75,47,32,32
13,14,32,32
14,31,32,32
14,13,32,32
14,17,32,32
17,14,32,32
14,13,32,32
31,14,32,32
13,14,32,32
54,83,32,32
13,14,32,32
68,115,32,32
14,13,32,32
14,13,32,32
13,14,32,32
13,14,32,32
90,42,32,32
90,64,32,32
68,48,32,32
68,1,32,32
14,13,32,32
68,48,32,32
68,47,32,32
14,13,32,32
31,14,32,32
14,31,32,32
38,1,32,32
38,72,32,32
76,69,32,32
13,14,32,32
1,38,32,32
38,72,32,32
38,1,32,32
38,7,32,32
38,9,32,32
1,72,32,32
69,76,32,32
104,30,32,32
38,5,32,32
38,15,32,32
86,70,32,32
39,26,32,32
39,32,32,32
6,106,32,32
14,13,32,32
86,4,32,32
50,47,32,32
13,14,32,32
83,54,32,32
32,26,32,32
41,53,32,32
13,14,32,32
84,69,32,32
14,13,32,32
14,13,32,32
13,14,32,32
47,50,32,32
1,68,32,32
53,84,32,32
38,37,32,32
38,36,32,32
38,1,32,32
1,38,32,32
8,13,32,32
36,38,32,32
53,76,32,32
76,53,32,32
59,2,32,32
1,38,32,32
1,9,32,32
13,8,32,32
9,1,32,32
50,103,32,32
42,20,32,32
96,56,32,32
56,96,32,32
84,53,32,32
68,1,32,32
65,95,32,32
70,53,32,32
95,65,32,32
53,70,32,32
70,53,32,32
20,42,32,32
42,20,32,32
1,69,32,32
56,96,32,32
56,61,32,32
61,56,32,32
69,76,32,32
103,50,32,32
96,56,32,32
57,76,32,32
6,106,32,32
86,40,32,32
61,96,32,32
61,96,32,32
58,33,32,32
58,43,32,32
58,117,32,32
58,29,32,32
58,54,32,32
58,83,32,32
38,37,32,32
103,50,32,32
2,65,32,32
2,14,32,32
2,9,32,32
76,69,32,32
54,58,32,32
38,1,32,32
76,69,32,32
29,58,32,32
69,76,32,32
67,115,32,32
71,31,32,32
71,72,32,32
71,25,32,32
50,86,32,32
47,68,32,32
47,40,32,32
86,50,32,32
38,36,32,32
56,15,32,32
49,53,32,32
69,76,32,32
51,13,32,32
83,58,32,32
72,77,32,32
72,56,32,32
53,70,32,32
33,58,32,32
68,47,32,32
26,24,32,32
88,69,32,32
84,69,32,32
43,58,32,32
30,29,32,32
30,47,32,32
29,30,32,32
47,30,32,32
42,90,32,32
84,69,32,32
86,88,32,32
86,88,32,32
53,49,32,32
86,57,32,32
86,88,32,32
86,40,32,32
59,56,32,32
59,68,32,32
59,69,32,32
59,64,32,32
59,42,32,32
69,84,32,32
69,76,32,32
69,86,32,32
69,89,32,32
69,84,32,32
69,86,32,32
69,76,32,32
139,57,32,32
86,50,32,32
86,40,32,32
90,68,32,32
84,21,32,32
18,107,32,32
18,108,32,32
96,15,32,32
96,61,32,32
96,12,32,32
61,96,32,32
42,20,32,32
96,15,32,32
96,61,32,32
25,72,32,32
25,31,32,32
25,71,32,32
25,31,32,32
31,25,32,32
61,96,32,32
12,96,32,32
2,65,32,32
2,14,32,32
2,9,32,32
35,13,32,32
13,66,32,32
13,3,32,32
13,8,32,32
13,40,32,32
71,25,32,32
15,56,32,32
115,72,32,32
15,96,32,32
15,96,32,32
15,96,32,32
15,96,32,32
2,84,32,32
2,86,32,32
2,69,32,32
2,56,32,32
2,88,32,32
13,14,32,32
56,2,32,32
14,13,32,32
14,13,32,32
13,3,32,32
13,14,32,32
11,5,32,32
13,35,32,32
13,3,32,32
21,57,32,32
21,18,32,32
57,21,32,32
33,5,32,32
65,2,32,32
35,13,32,32
5,11,32,32
76,57,32,32
8,13,32,32
80,66,32,32
80,72,32,32
80,73,32,32
24,83,32,32
75,50,32,32
15,17,32,32
13,35,32,32
1,18,32,32
88,15,32,32
88,61,32,32
88,96,32,32
88,12,32,32
18,1,32,32
18,21,32,32
17,15,32,32
17,56,32,32
17,54,32,32
69,2,32,32
56,17,32,32
67,72,32,32
15,17,32,32
67,66,32,32
14,13,32,32
21,84,32,32
83,63,32,32
18,1,32,32
13,14,32,32
13,14,32,32
1,18,32,32
14,13,32,32
14,13,32,32
83,24,32,32
13,14,32,32
68,90,32,32
2,56,32,32
56,88,32,32
56,2,32,32
88,56,32,32
34,24,32,32
40,16,32,32
88,2,32,32
71,15,32,32
56,2,32,32
63,83,32,32
75,50,32,32
86,2,32,32
9,67,32,32
9,66,32,32
9,2,32,32
66,85,32,32
2,56,32,32
76,69,32,32
80,100,32,32
66,9,32,32
66,13,32,32
66,13,32,32
66,80,32,32
40,86,32,32
74,59,32,32
84,2,32,32
84,21,32,32
59,74,32,32
40,8,32,32
40,41,32,32
21,70,32,32
70,21,32,32
54,17,32,32
70,93,32,32
93,70,32,32
39,15,32,32
15,39,32,32
69,86,32,32
67,9,32,32
15,71,32,32
73,80,32,32
24,34,32,32
8,40,32,32
6,106,32,32
18,51,32,32
18,24,32,32
18,3,32,32
18,55,32,32
13,14,32,32
14,13,32,32
50,74,32,32
50,121,32,32
70,53,32,32
24,18,32,32
76,69,32,32
1,68,32,32
1,68,32,32
33,54,32,32
54,33,32,32
68,1,32,32
2,72,32,32
2,40,32,32
2,74,32,32
2,13,32,32
47,48,32,32
15,72,32,32
68,1,32,32
53,86,32,32
68,1,32,32
48,47,32,32
72,71,32,32
53,70,32,32
65,9,32,32
69,76,32,32
65,9,32,32
1,69,32,32
9,65,32,32
65,9,32,32
13,2,32,32
76,69,32,32
77,72,32,32
74,2,32,32
9,65,32,32
71,15,32,32
71,72,32,32
71,15,32,32
71,5,32,32
71,73,32,32
71,117,32,32
24,62,32,32
24,51,32,32
24,8,32,32
24,26,32,32
6,106,32,32
70,48,32,32
70,68,32,32
48,70,32,32
26,24,32,32
2,69,32,32
86,53,32,32
69,2,32,32
115,67,32,32
68,70,32,32
47,75,32,32
1,68,32,32
68,70,32,32
95,123,32,32
95,43,32,32
95,93,32,32
95,44,32,32
95,22,32,32
95,58,32,32
95,42,32,32
95,104,32,32
95,79,32,32
95,65,32,32
95,112,32,32
68,1,32,32
112,95,32,32
68,1,32,32
21,47,32,32
59,123,32,32
59,79,32,32
59,95,32,32
59,2,32,32
59,94,32,32
76,81,32,32
74,50,32,32
79,95,32,32
75,47,32,32
79,95,32,32
55,18,32,32
123,95,32,32
58,95,32,32
84,75,32,32
84,40,32,32
84,50,32,32
69,56,32,32
93,95,32,32
50,86,32,32
70,50,32,32
93,95,32,32
86,50,32,32
56,88,32,32
47,21,32,32
77,66,32,32
14,95,32,32
14,9,32,32
95,14,32,32
56,96,32,32
95,93,32,32
95,93,32,32
88,56,32,32
40,75,32,32
40,49,32,32
40,84,32,32
118,63,32,32
84,40,32,32
77,5,32,32
77,13,32,32
77,14,32,32
49,40,32,32
14,77,32,32
56,72,32,32
53,86,32,32
9,14,32,32
86,53,32,32
76,69,32,32
76,69,32,32
104,95,32,32
69,76,32,32
77,14,32,32
15,56,32,32
59,68,32,32
59,69,32,32
59,56,32,32
59,85,32,32
59,84,32,32
59,88,32,32
59,86,32,32
59,89,32,32
59,48,32,32
59,76,32,32
59,47,32,32
59,94,32,32
59,2,32,32
14,77,32,32
56,15,32,32
77,14,32,32
77,14,32,32
56,15,32,32
15,56,32,32
9,65,32,32
121,50,32,32
51,24,32,32
51,18,32,32
65,95,32,32
42,80,32,32
42,64,32,32
4,106,32,32
96,56,32,32
57,110,32,32
8,24,32,32
57,110,32,32
42,9,32,32
96,121,32,32
42,95,32,32
75,40,32,32
26,24,32,32
95,79,32,32
95,44,32,32
117,14,32,32
14,117,32,32
33,5,32,32
42,80,32,32
33,22,32,32
13,77,32,32
13,3,32,32
13,8,32,32
13,14,32,32
39,50,32,32
14,13,32,32
14,13,32,32
1,68,32,32
70,53,32,32
121,96,32,32
53,70,32,32
53,70,32,32
33,5,32,32
13,14,32,32
68,1,32,32
38,1,32,32
70,53,32,32
70,53,32,32
53,70,32,32
68,1,32,32
44,95,32,32
44,95,32,32
53,70,32,32
53,4,32,32
83,112,32,32
63,42,32,32
38,1,32,32
38,9,32,32
112,83,32,32
38,36,32,32
70,53,32,32
63,42,32,32
66,77,32,32
76,50,32,32
53,49,32,32
63,42,32,32
53,4,32,32
53,70,32,32
104,117,32,32
40,69,32,32
40,69,32,32
40,3,32,32
40,8,32,32
72,56,32,32
49,53,32,32
70,53,32,32
67,115,32,32
72,56,32,32
21,84,32,32
9,69,32,32
9,68,32,32
9,85,32,32
9,67,32,32
9,66,32,32
24,66,32,32
24,15,32,32
24,26,32,32
24,83,32,32
24,77,32,32
15,24,32,32
72,67,32,32
9,14,32,32
47,40,32,32
33,54,32,32
86,19,32,32
86,57,32,32
86,93,32,32
86,101,32,32
86,124,32,32
86,27,32,32
54,33,32,32
77,13,32,32
68,47,32,32
68,48,32,32
93,95,32,32
43,42,32,32
47,50,32,32
84,21,32,32
83,24,32,32
50,52,32,32
88,5,32,32
69,84,32,32
69,86,32,32
69,76,32,32
86,57,32,32
86,19,32,32
86,93,32,32
86,101,32,32
86,124,32,32
86,27,32,32
84,40,32,32
77,66,32,32
77,15,32,32
77,5,32,32
86,40,32,32
86,69,32,32
86,50,32,32
38,1,33,33
38,36,33,33
69,68,33,33
3,18,33,33
3,13,33,33
3,13,33,33
4,53,33,33
4,53,33,33
96,15,33,33
96,61,33,33
96,12,33,33
40,41,33,33
61,96,33,33
42,43,33,33
96,61,33,33
96,15,33,33
100,80,33,33
61,96,33,33
13,66,33,33
13,3,33,33
13,8,33,33
13,40,33,33
8,13,33,33
14,9,33,33
4,13,33,33
4,84,33,33
4,33,33,33
4,29,33,33
4,58,33,33
4,57,33,33
4,70,33,33
4,53,33,33
4,18,33,33
4,106,33,33
14,13,33,33
13,14,33,33
12,96,33,33
13,14,33,33
14,13,33,33
14,13,33,33
13,14,33,33
52,50,33,33
13,14,33,33
14,13,33,33
40,72,33,33
40,68,33,33
2,65,33,33
2,14,33,33
2,9,33,33
2,84,33,33
2,69,33,33
2,88,33,33
2,86,33,33
2,56,33,33
52,50,33,33
15,96,33,33
15,96,33,33
50,47,33,33
50,52,33,33
5,77,33,33
36,38,33,33
38,36,33,33
37,1,33,33
37,38,33,33
38,37,33,33
57,76,33,33
14,13,33,33
77,5,33,33
88,2,33,33
9,2,33,33
47,50,33,33
80,69,33,33
80,84,33,33
15,77,33,33
86,2,33,33
63,42,33,33
10,7,33,33
10,21,33,33
80,42,33,33
7,10,33,33
13,14,33,33
5,56,33,33
5,88,33,33
21,10,33,33
13,14,33,33
14,13,33,33
14,13,33,33
13,14,33,33
30,25,33,33
25,30,33,33
88,5,33,33
75,50,33,33
13,14,33,33
63,42,33,33
14,13,33,33
86,50,33,33
17,56,33,33
17,15,33,33
17,54,33,33
11,5,33,33
5,11,33,33
56,5,33,33
56,17,33,33
56,2,33,33
7,103,33,33
68,48,33,33
66,67,33,33
68,40,33,33
80,42,33,33
15,17,33,33
74,59,33,33
6,106,33,33
66,80,33,33
66,24,33,33
66,13,33,33
66,17,33,33
50,86,33,33
75,50,33,33
50,86,33,33
59,74,33,33
86,50,33,33
86,50,33,33
50,86,33,33
86,50,33,33
42,80,33,33
50,86,33,33
86,50,33,33
50,76,33,33
89,79,33,33
89,69,33,33
52,50,33,33
86,50,33,33
5,66,33,33
5,77,33,33
5,15,33,33
15,5,33,33
21,86,33,33
66,5,33,33
86,21,33,33
3,13,33,33
59,85,33,33
59,76,33,33
59,68,33,33
59,69,33,33
59,56,33,33
59,86,33,33
59,84,33,33
59,89,33,33
59,48,33,33
59,88,33,33
59,47,33,33
59,94,33,33
59,2,33,33
71,117,33,33
71,72,33,33
71,15,33,33
71,73,33,33
71,5,33,33
76,50,33,33
72,74,33,33
3,13,33,33
65,2,33,33
13,3,33,33
2,40,33,33
2,74,33,33
2,72,33,33
2,13,33,33
74,2,33,33
13,2,33,33
15,56,33,33
56,15,33,33
42,80,33,33
79,89,33,33
44,7,33,33
42,80,33,33
14,13,33,33
44,7,33,33
86,69,33,33
86,76,33,33
86,84,33,33
76,57,33,33
54,17,33,33
76,57,33,33
2,65,33,33
2,14,33,33
2,9,33,33
77,66,33,33
66,42,33,33
42,66,33,33
48,40,33,33
48,68,33,33
48,8,33,33
48,40,33,33
48,8,33,33
48,68,33,33
13,14,33,33
13,14,33,33
14,13,33,33
7,44,33,33
14,13,33,33
44,7,33,33
86,57,33,33
86,19,33,33
9,2,33,33
1,38,33,33
38,1,33,33
2,72,33,33
2,74,33,33
2,40,33,33
2,13,33,33
77,5,33,33
88,5,33,33
77,15,33,33
86,57,33,33
86,19,33,33
8,48,33,33
8,48,33,33
77,66,33,33
77,66,33,33
77,15,33,33
77,5,33,33
74,2,33,33
65,2,33,33
13,14,33,33
13,2,33,33
77,66,33,33
77,15,33,33
77,5,33,33
68,48,33,33
68,48,33,33
90,68,33,33
68,90,33,33
68,47,33,33
63,42,33,33
88,5,33,33
76,50,33,33
63,83,33,33
54,29,33,33
54,88,33,33
54,15,33,33
54,61,33,33
54,96,33,33
54,120,33,33
54,119,33,33
54,56,33,33
54,93,33,33
54,101,33,33
54,124,33,33
54,27,33,33
15,54,33,33
88,54,33,33
50,76,33,33
76,50,33,33
77,14,33,33
86,50,33,33
101,54,33,33
93,54,33,33
29,54,33,33
6,106,33,33
36,1,33,33
21,76,33,33
76,21,33,33
18,69,33,33
18,84,33,33
18,108,33,33
18,57,33,33
18,107,33,33
57,18,33,33
4,106,33,33
76,50,33,33
69,84,33,33
21,88,33,33
56,54,33,33
88,21,33,33
88,5,33,33
42,64,33,33
84,18,33,33
84,2,33,33
96,54,33,33
84,80,33,33
84,50,33,33
83,63,33,33
83,63,33,33
84,69,33,33
84,40,33,33
40,84,33,33
84,40,33,33
69,84,33,33
69,76,33,33
69,86,33,33
84,69,33,33
26,24,33,33
42,113,33,33
85,47,33,33
40,53,33,33
75,50,33,33
42,44,33,33
47,85,33,33
88,61,33,33
88,96,33,33
88,12,33,33
88,15,33,33
53,40,33,33
40,41,33,33
40,8,33,33
44,42,33,33
149,36,33,33
44,42,33,33
15,56,33,33
86,50,33,33
54,29,33,33
63,83,33,33
56,15,33,33
21,88,33,33
21,47,33,33
88,21,33,33
42,80,33,33
42,80,33,33
26,45,33,33
47,21,33,33
108,18,33,33
2,65,33,33
2,14,33,33
2,9,33,33
29,54,33,33
9,2,33,33
109,101,33,33
109,82,33,33
71,5,33,33
9,66,33,33
9,67,33,33
10,93,33,33
10,75,33,33
75,10,33,33
10,45,33,33
75,10,33,33
32,83,33,33
76,75,33,33
76,40,33,33
93,10,33,33
40,76,33,33
66,9,33,33
76,40,33,33
50,76,33,33
1,14,33,33
1,15,33,33
1,90,33,33
1,69,33,33
1,9,33,33
1,3,33,33
1,5,33,33
1,17,33,33
1,11,33,33
1,68,33,33
1,65,33,33
65,1,33,33
17,1,33,33
76,50,33,33
68,1,33,33
12,15,33,33
15,12,33,33
2,6,33,33
42,63,33,33
63,42,33,33
12,15,33,33
12,72,33,33
12,71,33,33
12,73,33,33
9,1,33,33
84,57,33,33
84,19,33,33
54,5,33,33
56,69,33,33
47,48,33,33
42,80,33,33
48,47,33,33
42,44,33,33
65,42,33,33
65,64,33,33
65,2,33,33
74,71,33,33
67,66,33,33
67,9,33,33
67,9,33,33
67,66,33,33
65,64,33,33
65,42,33,33
65,64,33,33
65,42,33,33
65,64,33,33
65,42,33,33
65,42,33,33
65,64,33,33
5,1,33,33
5,54,33,33
83,32,33,33
84,50,33,33
48,53,33,33
119,54,33,33
32,26,33,33
32,24,33,33
69,84,33,33
80,42,33,33
50,84,33,33
84,50,33,33
59,72,33,33
59,67,33,33
32,66,33,33
84,18,33,33
84,57,33,33
84,107,33,33
84,108,33,33
84,69,33,33
90,1,33,33
90,69,33,33
47,68,33,33
68,47,33,33
69,68,33,33
53,48,33,33
53,48,33,33
86,93,33,33
86,101,33,33
86,124,33,33
86,27,33,33
86,40,33,33
68,15,33,33
68,8,33,33
68,67,33,33
68,66,33,33
68,72,33,33
68,9,33,33
68,3,33,33
68,56,33,33
68,69,33,33
68,65,33,33
50,75,33,33
15,1,33,33
15,12,33,33
86,40,33,33
50,75,33,33
38,36,33,33
38,115,33,33
38,63,33,33
3,13,33,33
3,1,33,33
3,13,33,33
3,35,33,33
3,8,33,33
3,40,33,33
18,107,33,33
11,1,33,33
6,2,33,33
18,57,33,33
96,15,33,33
96,61,33,33
96,12,33,33
96,15,33,33
96,61,33,33
40,86,33,33
101,86,33,33
24,32,33,33
4,74,33,33
4,13,33,33
4,40,33,33
73,12,33,33
13,8,33,33
13,3,33,33
13,51,33,33
13,4,33,33
10,75,33,33
40,65,33,33
40,17,33,33
75,50,33,33
75,50,33,33
40,41,33,33
40,8,33,33
44,42,33,33
2,65,33,33
2,14,33,33
2,9,33,33
13,66,33,33
13,3,33,33
13,8,33,33
13,40,33,33
14,2,33,33
13,14,33,33
4,65,33,33
4,9,33,33
4,3,33,33
4,13,33,33
4,40,33,33
4,8,33,33
4,17,33,33
15,96,33,33
2,56,33,33
2,84,33,33
2,69,33,33
2,88,33,33
2,86,33,33
14,13,33,33
12,96,33,33
15,96,33,33
4,9,33,33
4,13,33,33
4,65,33,33
4,17,33,33
4,3,33,33
4,40,33,33
4,8,33,33
4,74,33,33
14,13,33,33
56,2,33,33
8,13,33,33
13,4,33,33
75,47,33,33
17,4,33,33
13,4,33,33
13,14,33,33
13,14,33,33
17,4,33,33
8,4,33,33
8,4,33,33
8,40,33,33
14,13,33,33
13,14,33,33
15,96,33,33
14,13,33,33
32,26,33,33
61,96,33,33
42,65,33,33
61,96,33,33
42,65,33,33
47,75,33,33
42,69,33,33
42,68,33,33
66,13,33,33
5,72,33,33
5,71,33,33
5,73,33,33
5,74,33,33
5,11,33,33
66,32,33,33
72,71,33,33
1,72,33,33
71,5,33,33
32,83,33,33
88,2,33,33
47,37,33,33
37,47,33,33
37,47,33,33
14,13,33,33
70,53,33,33
70,53,33,33
47,48,33,33
56,54,33,33
54,56,33,33
27,54,33,33
71,72,33,33
72,71,33,33
72,15,33,33
72,117,33,33
72,73,33,33
72,12,33,33
72,5,33,33
72,74,33,33
2,72,33,33
2,74,33,33
2,40,33,33
41,40,33,33
41,40,33,33
68,42,33,33
41,40,33,33
86,53,33,33
86,93,33,33
86,101,33,33
86,124,33,33
86,27,33,33
48,47,33,33
86,101,33,33
17,15,33,33
17,56,33,33
17,54,33,33
48,53,33,33
59,56,33,33
59,48,33,33
59,47,33,33
59,2,33,33
59,68,33,33
59,69,33,33
59,85,33,33
59,86,33,33
59,84,33,33
59,89,33,33
59,76,33,33
59,88,33,33
59,94,33,33
86,40,33,33
86,2,33,33
26,32,33,33
14,7,33,33
11,5,33,33
7,14,33,33
26,32,33,33
13,14,33,33
13,14,33,33
53,70,33,33
53,70,33,33
14,13,33,33
14,13,33,33
13,14,33,33
13,14,33,33
14,13,33,33
14,13,33,33
13,14,33,33
13,14,33,33
14,13,33,33
14,13,33,33
13,14,33,33
54,56,33,33
13,14,33,33
14,13,33,33
54,17,33,33
14,13,33,33
13,14,33,33
13,14,33,33
14,13,33,33
14,13,33,33
48,47,33,33
47,48,33,33
56,17,33,33
13,14,33,33
13,14,33,33
56,54,33,33
14,13,33,33
14,13,33,33
3,13,33,33
89,69,33,33
89,79,33,33
84,2,33,33
3,4,33,33
13,14,33,33
3,4,33,33
13,14,33,33
53,84,33,33
84,53,33,33
47,68,33,33
43,42,33,33
43,45,33,33
43,79,33,33
43,79,33,33
83,115,33,33
79,89,33,33
9,4,33,33
9,4,33,33
9,2,33,33
24,83,33,33
24,66,33,33
24,26,33,33
24,15,33,33
24,77,33,33
13,3,33,33
14,13,33,33
53,84,33,33
70,53,33,33
69,84,33,33
69,76,33,33
115,83,33,33
69,26,33,33
69,86,33,33
69,66,33,33
84,53,33,33
22,6,33,33
77,24,33,33
22,37,33,33
7,14,33,33
37,22,33,33
36,37,33,33
42,43,33,33
76,50,33,33
50,76,33,33
76,50,33,33
73,5,33,33
83,34,33,33
5,11,33,33
66,24,33,33
66,86,33,33
66,69,33,33
66,26,33,33
86,66,33,33
11,5,33,33
68,69,33,33
26,66,33,33
6,22,33,33
36,37,33,33
37,36,33,33
77,72,33,33
77,66,33,33
34,83,33,33
71,72,33,33
71,15,33,33
71,73,33,33
71,5,33,33
71,117,33,33
50,103,33,33
50,52,33,33
72,40,33,33
71,73,33,33
59,79,33,33
59,95,33,33
59,94,33,33
59,123,33,33
59,2,33,33
26,23,33,33
71,12,33,33
26,24,33,33
23,86,33,33
79,43,33,33
79,43,33,33
13,14,33,33
69,76,33,33
14,13,33,33
76,69,33,33
14,13,33,33
13,14,33,33
13,14,33,33
14,13,33,33
15,24,33,33
14,13,33,33
15,17,33,33
84,50,33,33
76,69,33,33
2,6,33,33
53,18,33,33
76,40,33,33
65,2,33,33
65,4,33,33
65,4,33,33
13,14,33,33
13,14,33,33
14,13,33,33
14,13,33,33
14,13,33,33
6,2,33,33
13,14,33,33
13,14,33,33
13,14,33,33
61,54,33,33
95,10,33,33
14,13,33,33
14,13,33,33
33,42,33,33
2,6,33,33
57,110,33,33
95,123,33,33
84,50,33,33
86,57,33,33
57,86,33,33
86,57,33,33
59,85,33,33
59,68,33,33
27,42,33,33
86,57,33,33
42,22,33,33
42,33,33,33
50,84,33,33
84,50,33,33
53,70,33,33
27,81,33,33
13,14,33,33
56,15,33,33
56,96,33,33
56,61,33,33
18,53,33,33
81,27,33,33
34,24,33,33
61,56,33,33
24,34,33,33
59,95,33,33
79,95,33,33
79,104,33,33
79,123,33,33
123,79,33,33
81,43,33,33
104,79,33,33
15,56,33,33
86,23,33,33
103,50,33,33
86,23,33,33
6,106,33,33
9,66,33,33
9,67,33,33
23,86,33,33
47,68,33,33
47,8,33,33
47,40,33,33
47,3,33,33
86,23,33,33
68,47,33,33
6,2,33,33
42,22,33,33
42,33,33,33
53,70,33,33
50,70,33,33
95,79,33,33
96,56,33,33
42,27,33,33
66,9,33,33
43,81,33,33
69,86,33,33
70,50,33,33
70,53,33,33
50,75,33,33
12,15,33,33
15,12,33,33
53,40,33,33
96,15,33,33
4,106,33,33
8,47,33,33
95,123,33,33
95,93,33,33
95,22,33,33
95,58,33,33
95,104,33,33
95,79,33,33
93,95,33,33
123,95,33,33
58,95,33,33
40,16,33,33
104,95,33,33
9,66,33,33
9,67,33,33
86,40,33,33
86,75,33,33
86,93,33,33
86,101,33,33
86,124,33,33
86,27,33,33
58,29,33,33
58,4,33,33
58,33,33,33
58,54,33,33
58,83,33,33
54,58,33,33
4,58,33,33
88,15,33,33
29,58,33,33
40,86,33,33
40,75,33,33
40,16,33,33
40,121,33,33
75,50,33,33
79,95,33,33
44,42,33,33
101,86,33,33
50,75,33,33
86,101,33,33
115,90,33,33
90,115,33,33
86,101,33,33
53,70,33,33
53,4,33,33
16,40,33,33
75,50,33,33
75,40,33,33
53,84,33,33
84,53,33,33
10,84,33,33
33,58,33,33
84,53,33,33
84,101,33,33
84,57,33,33
84,10,33,33
84,10,33,33
68,85,33,33
83,26,33,33
83,66,33,33
83,15,33,33
83,24,33,33
83,32,33,33
66,83,33,33
57,86,33,33
86,57,33,33
66,9,33,33
66,9,33,33
9,66,33,33
71,13,33,33
84,101,33,33
84,93,33,33
42,66,33,33
42,80,33,33
42,33,33,33
50,75,33,33
83,66,33,33
66,42,33,33
70,53,33,33
66,83,33,33
27,66,33,33
27,3,33,33
27,40,33,33
27,5,33,33
27,15,33,33
27,26,33,33
27,62,33,33
27,39,33,33
27,13,33,33
27,8,33,33
27,3,33,33
27,15,33,33
27,26,33,33
27,62,33,33
27,39,33,33
27,13,33,33
27,40,33,33
27,8,33,33
27,66,33,33
27,5,33,33
5,27,33,33
5,27,33,33
27,66,33,33
27,3,33,33
27,15,33,33
27,26,33,33
27,62,33,33
27,39,33,33
27,13,33,33
27,40,33,33
27,8,33,33
27,5,33,33
48,68,33,33
39,27,33,33
39,27,33,33
8,27,33,33
8,27,33,33
83,66,33,33
83,26,33,33
83,58,33,33
8,27,33,33
75,50,33,33
68,48,33,33
57,86,33,33
81,27,33,33
50,75,33,33
62,27,33,33
27,81,33,33
5,27,33,33
86,53,33,33
84,69,33,33
84,86,33,33
84,76,33,33
86,40,33,33
84,69,33,33
69,84,33,33
84,69,33,33
3,27,33,33
3,47,33,33
84,19,33,33
84,57,33,33
83,115,33,33
83,90,33,33
67,66,33,33
13,27,33,33
13,27,33,33
13,27,33,33
13,4,33,33
50,52,33,33
50,52,33,33
50,17,33,33
50,9,33,33
50,3,33,33
16,40,33,33
16,40,33,33
4,13,33,33
52,50,33,33
121,40,33,33
52,50,33,33
52,50,33,33
52,50,33,33
52,50,33,33
2,56,33,33
96,61,33,33
96,15,33,33
61,96,33,33
17,50,33,33
9,50,33,33
39,27,33,33
35,13,33,33
3,50,33,33
75,50,33,33
15,27,33,33
15,27,33,33
81,27,33,33
13,3,33,33
27,81,33,33
3,13,33,33
15,83,33,33
19,82,33,33
3,67,33,33
3,40,33,33
3,68,33,33
3,69,33,33
3,85,33,33
3,17,33,33
3,66,33,33
3,8,33,33
3,4,33,33
3,35,33,33
13,3,33,33
15,96,33,33
35,3,33,33
10,22,33,33
10,75,33,33
10,95,33,33
10,43,33,33
10,93,33,33
10,98,33,33
10,7,33,33
10,29,33,33
10,45,33,33
10,112,33,33
10,21,33,33
10,94,33,33
94,10,33,33
93,10,33,33
75,10,33,33
62,15,33,33
62,3,33,33
62,39,33,33
62,27,33,33
27,62,33,33
3,62,33,33
96,15,33,33
96,61,33,33
96,12,33,33
12,96,33,33
3,8,33,33
3,13,33,33
3,51,33,33
3,52,33,33
3,40,33,33
3,18,33,33
26,83,33,33
13,3,33,33
26,27,33,33
61,96,33,33
29,10,33,33
66,3,33,33
17,3,33,33
66,27,33,33
66,27,33,33
52,3,33,33
66,83,33,33
20,51,33,33
15,33,33,33
56,2,33,33
15,96,33,33
15,62,33,33
50,8,33,33
50,66,33,33
50,3,33,33
50,68,33,33
50,27,33,33
3,50,33,33
2,65,33,33
2,14,33,33
2,9,33,33
9,2,33,33
7,10,33,33
8,50,33,33
8,3,33,33
8,3,33,33
50,86,33,33
66,50,33,33
11,5,33,33
50,86,33,33
4,3,33,33
50,52,33,33
52,50,33,33
75,50,33,33
17,56,33,33
17,15,33,33
17,54,33,33
56,17,33,33
54,17,33,33
80,69,33,33
80,84,33,33
51,3,33,33
80,66,33,33
51,20,33,33
5,11,33,33
66,80,33,33
38,1,33,33
80,42,33,33
38,36,33,33
59,56,33,33
59,86,33,33
59,48,33,33
59,47,33,33
59,94,33,33
59,68,33,33
59,69,33,33
59,85,33,33
59,84,33,33
59,89,33,33
59,76,33,33
59,88,33,33
59,2,33,33
33,15,33,33
40,84,33,33
40,16,33,33
40,41,33,33
16,40,33,33
115,67,33,33
43,10,33,33
50,75,33,33
15,17,33,33
39,62,33,33
76,40,33,33
54,15,33,33
68,3,33,33
68,50,33,33
15,54,33,33
88,15,33,33
86,50,33,33
86,50,33,33
95,10,33,33
75,50,33,33
86,19,33,33
95,10,33,33
95,42,33,33
95,89,33,33
95,58,33,33
95,20,33,33
95,104,33,33
95,48,33,33
95,56,33,33
58,95,33,33
75,50,33,33
89,95,33,33
71,5,33,33
84,40,33,33
84,47,33,33
47,40,33,33
47,8,33,33
47,68,33,33
47,3,33,33
54,15,33,33
84,101,33,33
84,57,33,33
84,53,33,33
84,80,33,33
24,15,33,33
24,83,33,33
24,66,33,33
24,5,33,33
24,26,33,33
56,95,33,33
68,47,33,33
42,95,33,33
20,95,33,33
35,62,33,33
83,24,33,33
65,2,33,33
32,51,33,33
32,3,33,33
32,8,33,33
32,26,33,33
24,26,33,33
76,40,33,33
8,47,33,33
3,47,33,33
42,64,33,33
40,76,33,33
24,66,33,33
24,26,33,33
12,15,33,33
15,12,33,33
76,40,33,33
12,15,33,33
40,8,33,33
90,69,33,33
15,24,33,33
13,60,33,33
8,40,33,33
35,3,33,33
27,50,33,33
15,12,33,33
27,81,33,33
3,35,33,33
3,13,33,33
71,12,33,33
71,15,33,33
21,70,33,33
21,43,33,33
21,22,33,33
21,98,33,33
71,5,33,33
71,5,33,33
62,3,33,33
62,39,33,33
62,8,33,33
62,15,33,33
62,35,33,33
6,106,33,33
3,62,33,33
15,62,33,33
71,72,33,33
71,15,33,33
71,73,33,33
71,5,33,33
71,117,33,33
70,21,33,33
26,24,33,33
15,54,33,33
21,42,33,33
21,88,33,33
21,89,33,33
21,133,33,33
21,75,33,33
21,82,33,33
89,21,33,33
15,54,33,33
4,53,33,33
88,21,33,33
42,21,33,33
54,15,33,33
76,50,33,33
26,83,33,33
50,76,33,33
12,15,33,33
15,12,33,33
74,2,33,33
76,50,33,33
74,5,33,33
74,4,33,33
74,4,33,33
53,86,33,33
54,15,33,33
54,62,33,33
75,21,33,33
10,95,33,33
62,54,33,33
13,3,33,33
16,8,33,33
62,3,33,33
62,15,33,33
74,4,33,33
6,106,33,33
66,24,33,33
4,74,33,33
3,62,33,33
76,50,33,33
3,13,33,33
3,35,33,33
3,51,33,33
3,8,33,33
3,20,33,33
2,14,33,33
2,65,33,33
2,9,33,33
9,2,33,33
65,2,33,33
80,84,33,33
80,69,33,33
15,62,33,33
60,13,33,33
32,51,33,33
32,3,33,33
32,8,33,33
85,3,33,33
42,113,33,33
15,54,33,33
13,3,33,33
74,59,33,33
2,40,33,33
2,74,33,33
2,72,33,33
74,2,33,33
40,8,33,33
40,121,33,33
40,16,33,33
40,3,33,33
35,3,33,33
59,74,33,33
15,71,33,33
20,3,33,33
1,68,33,33
1,69,33,33
1,56,33,33
4,106,33,33
56,1,33,33
16,40,33,33
32,8,33,33
86,57,33,33
68,1,33,33
68,1,33,33
2,74,33,33
2,72,33,33
2,40,33,33
33,15,33,33
33,83,33,33
15,33,33,33
3,40,33,33
8,32,33,33
8,3,33,33
8,62,33,33
8,16,33,33
48,95,33,33
8,40,33,33
86,19,33,33
70,48,33,33
70,68,33,33
66,26,33,33
66,24,33,33
86,53,33,33
68,70,33,33
26,66,33,33
26,24,33,33
8,47,33,33
86,19,33,33
51,3,33,33
24,66,33,33
83,33,33,33
47,8,33,33
3,8,33,33
3,66,33,33
3,85,33,33
3,68,33,33
3,13,33,33
3,35,33,33
74,2,33,33
85,3,33,33
66,15,33,33
66,5,33,33
66,3,33,33
15,66,33,33
66,24,33,33
68,3,33,33
57,86,33,33
5,66,33,33
8,3,33,33
5,24,33,33
13,3,33,33
15,12,33,33
88,15,33,33
12,15,33,33
48,70,33,33
24,26,33,33
50,76,33,33
76,50,33,33
26,24,33,33
26,24,33,33
26,24,33,33
86,57,33,33
59,85,33,33
59,68,33,33
86,57,33,33
50,49,33,33
50,82,33,33
50,6,33,33
50,48,33,33
50,40,33,33
21,72,33,33
21,56,33,33
90,68,33,33
68,90,33,33
56,21,33,33
74,13,33,33
21,86,33,33
86,21,33,33
24,66,33,33
48,50,33,33
50,70,33,33
86,50,33,33
86,50,33,33
86,53,33,33
86,93,33,33
86,101,33,33
86,124,33,33
86,27,33,33
38,37,34,34
54,5,34,34
1,3,34,34
1,9,34,34
1,5,34,34
1,6,34,34
1,7,34,34
1,2,34,34
1,8,34,34
1,10,34,34
1,11,34,34
1,12,34,34
1,65,34,34
1,13,34,34
1,14,34,34
1,15,34,34
1,4,34,34
1,16,34,34
1,17,34,34
6,50,34,34
13,74,34,34
101,86,34,34
96,15,34,34
96,61,34,34
96,12,34,34
40,72,34,34
40,3,34,34
40,8,34,34
121,40,34,34
54,5,34,34
49,50,34,34
57,86,34,34
61,96,34,34
35,3,34,34
5,54,34,34
57,86,34,34
81,27,34,34
35,62,34,34
15,96,34,34
1,15,34,34
1,12,34,34
107,18,34,34
107,18,34,34
70,50,34,34
12,1,34,34
15,1,34,34
35,62,34,34
35,13,34,34
62,35,34,34
82,50,34,34
54,15,34,34
33,21,34,34
15,54,34,34
82,21,34,34
71,15,34,34
71,12,34,34
71,72,34,34
19,86,34,34
2,86,34,34
2,84,34,34
2,69,34,34
2,56,34,34
2,88,34,34
2,9,34,34
2,65,34,34
2,14,34,34
15,71,34,34
15,12,34,34
12,15,34,34
13,35,34,34
66,24,34,34
65,2,34,34
15,54,34,34
3,66,34,34
3,67,34,34
3,8,34,34
3,13,34,34
3,40,34,34
3,4,34,34
3,68,34,34
3,85,34,34
3,69,34,34
3,17,34,34
3,35,34,34
13,3,34,34
17,3,34,34
56,2,34,34
9,2,34,34
61,54,34,34
88,5,34,34
88,2,34,34
66,3,34,34
71,15,34,34
88,84,34,34
88,69,34,34
58,33,34,34
58,117,34,34
58,29,34,34
58,95,34,34
58,54,34,34
58,83,34,34
22,70,34,34
71,15,34,34
29,58,34,34
15,72,34,34
54,15,34,34
54,61,34,34
54,58,34,34
80,84,34,34
80,69,34,34
96,61,34,34
96,15,34,34
83,58,34,34
17,56,34,34
17,15,34,34
17,54,34,34
61,96,34,34
15,17,34,34
15,96,34,34
37,38,34,34
15,96,34,34
33,58,34,34
54,66,34,34
54,15,34,34
54,5,34,34
56,17,34,34
54,17,34,34
27,81,34,34
65,112,34,34
112,65,34,34
32,66,34,34
32,9,34,34
15,54,34,34
33,54,34,34
95,58,34,34
54,33,34,34
39,62,34,34
22,7,34,34
8,3,34,34
26,27,34,34
36,37,34,34
96,15,34,34
59,69,34,34
59,86,34,34
59,88,34,34
59,47,34,34
59,68,34,34
59,56,34,34
59,85,34,34
59,84,34,34
59,89,34,34
59,48,34,34
59,76,34,34
59,94,34,34
59,2,34,34
21,33,34,34
47,40,34,34
47,75,34,34
115,67,34,34
41,40,34,34
84,2,34,34
44,95,34,34
84,68,34,34
84,80,34,34
9,32,34,34
95,44,34,34
76,19,34,34
76,57,34,34
11,1,34,34
11,38,34,34
11,54,34,34
11,5,34,34
11,15,34,34
86,2,34,34
5,11,34,34
86,19,34,34
1,11,34,34
86,101,34,34
32,26,34,34
48,50,34,34
76,40,34,34
54,39,34,34
54,29,34,34
54,5,34,34
71,5,34,34
71,72,34,34
71,15,34,34
71,73,34,34
71,117,34,34
54,11,34,34
86,57,34,34
86,57,34,34
29,54,34,34
32,26,34,34
32,24,34,34
66,54,34,34
44,104,34,34
37,36,34,34
103,52,34,34
75,47,34,34
44,67,34,34
56,15,34,34
56,54,34,34
56,61,34,34
104,44,34,34
29,54,34,34
11,1,34,34
74,13,34,34
1,11,34,34
104,44,34,34
15,56,34,34
86,23,34,34
31,22,34,34
15,11,34,34
70,22,34,34
75,50,34,34
69,76,34,34
61,56,34,34
66,32,34,34
15,83,34,34
76,69,34,34
74,59,34,34
76,40,34,34
59,74,34,34
77,72,34,34
32,66,34,34
5,54,34,34
77,66,34,34
2,65,34,34
2,14,34,34
2,9,34,34
26,32,34,34
69,76,34,34
2,72,34,34
2,40,34,34
2,74,34,34
69,86,34,34
86,19,34,34
6,106,34,34
65,2,34,34
74,2,34,34
13,74,34,34
44,76,34,34
44,86,34,34
44,69,34,34
44,84,34,34
44,89,34,34
44,88,34,34
76,44,34,34
69,89,34,34
86,44,34,34
16,13,34,34
54,56,34,34
90,77,34,34
13,16,34,34
90,77,34,34
90,77,34,34
84,19,34,34
77,90,34,34
52,103,34,34
88,44,34,34
13,6,34,34
13,106,34,34
13,4,34,34
39,54,34,34
54,29,34,34
106,13,34,34
77,90,34,34
77,90,34,34
54,56,34,34
54,29,34,34
56,54,34,34
77,90,34,34
77,90,34,34
29,54,34,34
38,1,34,34
8,3,34,34
56,54,34,34
54,56,34,34
76,57,34,34
76,19,34,34
3,8,34,34
6,13,34,34
22,70,34,34
3,20,34,34
20,3,34,34
72,31,34,34
101,40,34,34
1,38,34,34
31,25,34,34
25,31,34,34
77,90,34,34
77,90,34,34
40,101,34,34
101,40,34,34
31,26,34,34
85,3,34,34
70,22,34,34
9,2,34,34
70,22,34,34
6,106,34,34
26,31,34,34
1,37,34,34
37,1,34,34
40,121,34,34
2,40,34,34
2,74,34,34
2,72,34,34
76,40,34,34
76,69,34,34
76,19,34,34
69,86,34,34
80,90,34,34
80,66,34,34
74,2,34,34
58,48,34,34
48,58,34,34
48,58,34,34
69,42,34,34
50,3,34,34
69,84,34,34
3,50,34,34
40,76,34,34
27,69,34,34
27,81,34,34
27,68,34,34
27,62,34,34
27,24,34,34
83,63,34,34
83,15,34,34
3,9,34,34
3,17,34,34
3,8,34,34
3,66,34,34
3,50,34,34
76,40,34,34
9,3,34,34
50,53,34,34
17,3,34,34
53,50,34,34
69,27,34,34
40,48,34,34
40,8,34,34
25,72,34,34
25,26,34,34
25,31,34,34
31,25,34,34
15,88,34,34
15,56,34,34
38,37,34,34
56,15,34,34
21,10,34,34
58,48,34,34
58,48,34,34
25,32,34,34
32,25,34,34
26,25,34,34
48,58,34,34
36,37,34,34
37,36,34,34
70,53,34,34
90,59,34,34
59,90,34,34
88,15,34,34
8,3,34,34
69,72,34,34
33,54,34,34
121,40,34,34
70,53,34,34
104,95,34,34
54,33,34,34
104,57,34,34
104,29,34,34
104,95,34,34
104,22,34,34
104,31,34,34
104,33,34,34
104,151,34,34
31,104,34,34
33,104,34,34
54,33,34,34
48,85,34,34
33,54,34,34
50,70,34,34
85,48,34,34
29,104,34,34
29,104,34,34
83,66,34,34
83,26,34,34
12,15,34,34
104,29,34,34
104,29,34,34
86,81,34,34
86,50,34,34
29,104,34,34
50,86,34,34
86,50,34,34
86,50,34,34
50,86,34,34
95,104,34,34
37,38,34,34
15,54,34,34
15,12,34,34
66,80,34,34
66,3,34,34
66,83,34,34
69,90,34,34
90,59,34,34
90,59,34,34
59,90,34,34
86,40,34,34
86,8,34,34
86,69,34,34
86,40,34,34
86,8,34,34
86,69,34,34
86,50,34,34
59,90,34,34
50,84,34,34
50,76,34,34
90,77,34,34
90,80,34,34
86,50,34,34
76,57,34,34
76,19,34,34
76,50,34,34
50,86,34,34
84,101,34,34
50,70,34,34
86,50,34,34
86,50,34,34
50,86,34,34
84,19,34,34
69,86,34,34
50,86,34,34
50,86,34,34
57,104,34,34
4,3,34,34
4,13,34,34
96,15,34,34
96,61,34,34
96,12,34,34
26,83,34,34
101,84,34,34
54,15,34,34
54,15,34,34
54,17,34,34
54,15,34,34
3,47,34,34
3,47,34,34
61,96,34,34
17,54,34,34
8,41,34,34
15,96,34,34
15,54,34,34
15,54,34,34
12,96,34,34
70,50,34,34
70,50,34,34
27,69,34,34
25,72,34,34
25,26,34,34
25,31,34,34
69,27,34,34
13,3,34,34
41,8,34,34
35,3,34,34
151,104,34,34
3,13,34,34
2,69,34,34
2,84,34,34
2,86,34,34
2,56,34,34
2,88,34,34
69,2,34,34
40,3,34,34
40,72,34,34
40,8,34,34
25,72,34,34
25,26,34,34
25,31,34,34
3,8,34,34
3,13,34,34
3,40,34,34
3,66,34,34
3,67,34,34
3,4,34,34
3,68,34,34
3,85,34,34
3,69,34,34
3,17,34,34
3,35,34,34
35,13,34,34
8,3,34,34
31,25,34,34
96,15,34,34
96,61,34,34
35,3,34,34
13,3,34,34
15,96,34,34
26,25,34,34
26,25,34,34
2,9,34,34
2,65,34,34
2,14,34,34
32,25,34,34
25,32,34,34
13,35,34,34
47,3,34,34
53,70,34,34
47,3,34,34
4,3,34,34
53,86,34,34
53,70,34,34
61,96,34,34
88,15,34,34
88,2,34,34
3,47,34,34
56,2,34,34
47,48,34,34
47,30,34,34
69,27,34,34
2,68,34,34
76,40,34,34
76,75,34,34
17,3,34,34
40,76,34,34
17,56,34,34
17,15,34,34
17,54,34,34
25,72,34,34
25,26,34,34
25,31,34,34
76,40,34,34
69,44,34,34
76,40,34,34
31,25,34,34
31,25,34,34
69,44,34,34
69,84,34,34
54,17,34,34
2,40,34,34
2,72,34,34
2,74,34,34
56,17,34,34
25,72,34,34
59,2,34,34
59,68,34,34
59,69,34,34
59,56,34,34
59,85,34,34
59,86,34,34
59,84,34,34
59,89,34,34
59,48,34,34
59,76,34,34
59,88,34,34
59,47,34,34
59,94,34,34
76,69,34,34
65,2,34,34
70,50,34,34
89,44,34,34
89,95,34,34
89,69,34,34
95,89,34,34
76,75,34,34
15,17,34,34
53,17,34,34
53,66,34,34
53,3,34,34
53,8,34,34
53,50,34,34
9,2,34,34
74,2,34,34
86,2,34,34
3,53,34,34
69,44,34,34
86,19,34,34
40,76,34,34
53,3,34,34
3,53,34,34
76,40,34,34
76,40,34,34
83,26,34,34
86,57,34,34
86,79,34,34
17,53,34,34
71,5,34,34
40,8,34,34
40,16,34,34
86,19,34,34
26,83,34,34
68,27,34,34
21,56,34,34
56,21,34,34
71,15,34,34
71,72,34,34
71,73,34,34
71,5,34,34
71,117,34,34
40,16,34,34
40,8,34,34
84,50,34,34
70,50,34,34
68,47,34,34
68,48,34,34
68,3,34,34
68,3,34,34
84,69,34,34
68,2,34,34
11,54,34,34
84,2,34,34
84,101,34,34
70,48,34,34
70,68,34,34
69,84,34,34
69,86,34,34
69,76,34,34
68,48,34,34
68,70,34,34
48,70,34,34
8,53,34,34
11,5,34,34
6,106,34,34
40,16,34,34
40,8,34,34
69,40,34,34
54,5,34,34
72,74,34,34
5,11,34,34
54,11,34,34
15,88,34,34
2,47,34,34
2,22,34,34
2,17,34,34
2,94,34,34
2,115,34,34
2,1,34,34
2,43,34,34
2,25,34,34
2,44,34,34
2,59,34,34
2,95,34,34
2,118,34,34
2,100,34,34
2,55,34,34
2,34,34,34
2,40,34,34
2,6,34,34
2,74,34,34
94,2,34,34
88,15,34,34
17,2,34,34
1,2,34,34
44,2,34,34
5,54,34,34
8,52,34,34
6,2,34,34
52,8,34,34
54,11,34,34
26,25,34,34
11,54,34,34
6,50,34,34
6,46,34,34
6,107,34,34
6,98,34,34
6,22,34,34
6,57,34,34
6,95,34,34
6,20,34,34
6,4,34,34
6,78,34,34
6,16,34,34
70,50,34,34
34,2,34,34
16,6,34,34
22,98,34,34
22,93,34,34
22,56,34,34
22,58,34,34
22,42,34,34
22,151,34,34
22,29,34,34
22,45,34,34
93,22,34,34
69,44,34,34
56,15,34,34
56,22,34,34
29,22,34,34
35,62,34,34
35,53,34,34
2,40,34,34
2,72,34,34
2,74,34,34
42,22,34,34
95,6,34,34
40,84,34,34
40,3,34,34
40,69,34,34
40,86,34,34
40,76,34,34
40,8,34,34
3,66,34,34
4,6,34,34
69,53,34,34
69,84,34,34
74,2,34,34
57,6,34,34
3,66,34,34
5,54,34,34
151,22,34,34
74,2,34,34
54,5,34,34
55,2,34,34
86,50,34,34
86,50,34,34
59,2,34,34
86,88,34,34
86,50,34,34
47,3,34,34
50,15,34,34
50,3,34,34
15,50,34,34
88,15,34,34
86,19,34,34
50,48,34,34
58,22,34,34
20,6,34,34
6,106,34,34
48,50,34,34
54,14,34,34
50,70,34,34
3,50,34,34
15,56,34,34
90,66,34,34
68,2,34,34
115,2,34,34
101,102,34,34
4,106,34,34
25,2,34,34
19,101,34,34
101,19,34,34
70,50,34,34
85,3,34,34
88,1,34,34
50,70,34,34
86,53,34,34
33,15,34,34
1,88,34,34
88,1,34,34
88,69,34,34
50,70,34,34
50,84,34,34
84,50,34,34
34,13,34,34
27,66,34,34
27,15,34,34
27,26,34,34
27,39,34,34
27,3,34,34
27,62,34,34
27,13,34,34
27,40,34,34
27,8,34,34
27,5,34,34
15,3,34,34
15,50,34,34
68,47,34,34
8,27,34,34
47,68,34,34
47,68,34,34
123,76,34,34
123,44,34,34
123,69,34,34
3,27,34,34
3,51,34,34
3,50,34,34
3,53,34,34
3,4,34,34
3,52,34,34
3,18,34,34
3,35,34,34
3,15,34,34
105,103,34,34
76,123,34,34
70,50,34,34
70,50,34,34
5,27,34,34
15,88,34,34
88,15,34,34
15,27,34,34
68,47,34,34
68,47,34,34
2,65,34,34
2,14,34,34
2,9,34,34
68,2,34,34
68,59,34,34
68,94,34,34
94,68,34,34
68,59,34,34
68,94,34,34
68,2,34,34
4,3,34,34
21,72,34,34
65,2,34,34
13,27,34,34
13,34,34,34
72,56,34,34
27,3,34,34
27,15,34,34
27,72,34,34
27,39,34,34
50,17,34,34
69,68,34,34
69,86,34,34
69,76,34,34
51,3,34,34
52,3,34,34
53,3,34,34
59,2,34,34
47,68,34,34
44,123,34,34
9,2,34,34
33,15,34,34
118,2,34,34
68,47,34,34
3,27,34,34
3,50,34,34
3,8,34,34
3,13,34,34
3,51,34,34
3,18,34,34
3,52,34,34
3,53,34,34
3,35,34,34
3,20,34,34
3,40,34,34
52,3,34,34
53,70,34,34
53,3,34,34
70,53,34,34
48,27,34,34
17,50,34,34
8,3,34,34
15,88,34,34
69,68,34,34
15,27,34,34
50,3,34,34
54,71,34,34
95,2,34,34
69,67,34,34
47,84,34,34
69,84,34,34
69,76,34,34
76,69,34,34
76,84,34,34
69,76,34,34
69,76,34,34
107,6,34,34
107,18,34,34
107,18,34,34
13,3,34,34
96,15,34,34
96,61,34,34
96,12,34,34
57,84,34,34
100,2,34,34
100,30,34,34
100,57,34,34
100,83,34,34
100,14,34,34
100,3,34,34
100,47,34,34
100,39,34,34
100,32,34,34
100,69,34,34
100,37,34,34
100,9,34,34
100,84,34,34
100,149,34,34
100,29,34,34
100,60,34,34
69,100,34,34
3,100,34,34
3,50,34,34
42,44,34,34
149,100,34,34
29,100,34,34
27,48,34,34
57,18,34,34
57,100,34,34
3,18,34,34
3,35,34,34
3,51,34,34
3,13,34,34
3,4,34,34
3,40,34,34
3,8,34,34
3,41,34,34
3,52,34,34
21,86,34,34
8,3,34,34
26,27,34,34
4,3,34,34
44,42,34,34
74,72,34,34
12,96,34,34
15,96,34,34
3,18,34,34
3,53,34,34
3,8,34,34
3,41,34,34
3,107,34,34
3,13,34,34
3,50,34,34
3,27,34,34
3,40,34,34
3,20,34,34
20,3,34,34
4,74,34,34
2,86,34,34
2,84,34,34
2,56,34,34
2,88,34,34
2,69,34,34
69,2,34,34
12,72,34,34
12,71,34,34
112,10,34,34
50,8,34,34
50,52,34,34
50,40,34,34
50,27,34,34
50,3,34,34
50,13,34,34
50,51,34,34
50,18,34,34
50,53,34,34
50,35,34,34
50,20,34,34
20,3,34,34
13,50,34,34
13,3,34,34
20,50,34,34
13,3,34,34
13,35,34,34
3,50,34,34
35,50,34,34
35,13,34,34
96,15,34,34
96,61,34,34
54,15,34,34
112,44,34,34
112,46,34,34
112,115,34,34
112,119,34,34
112,43,34,34
112,93,34,34
112,57,34,34
112,10,34,34
27,50,34,34
27,3,34,34
74,4,34,34
15,96,34,34
57,112,34,34
56,2,34,34
35,3,34,34
52,50,34,34
93,112,34,34
52,3,34,34
32,59,34,34
32,100,34,34
39,27,34,34
39,27,34,34
39,100,34,34
9,100,34,34
15,54,34,34
88,15,34,34
3,66,34,34
3,67,34,34
3,4,34,34
3,17,34,34
3,8,34,34
3,13,34,34
3,40,34,34
3,68,34,34
3,69,34,34
3,85,34,34
3,35,34,34
69,3,34,34
8,50,34,34
17,3,34,34
3,84,34,34
88,2,34,34
35,3,34,34
13,3,34,34
10,112,34,34
3,51,34,34
3,52,34,34
3,8,34,34
3,13,34,34
3,18,34,34
3,68,34,34
3,85,34,34
3,69,34,34
3,50,34,34
3,20,34,34
3,66,34,34
52,3,34,34
33,5,34,34
59,32,34,34
20,3,34,34
115,112,34,34
4,3,34,34
83,100,34,34
13,3,34,34
74,59,34,34
71,54,34,34
71,54,34,34
96,15,34,34
96,61,34,34
59,74,34,34
54,71,34,34
83,54,34,34
83,32,34,34
83,90,34,34
83,58,34,34
83,5,34,34
83,34,34,34
83,73,34,34
83,52,34,34
52,83,34,34
32,83,34,34
5,33,34,34
58,83,34,34
30,100,34,34
5,83,34,34
53,50,34,34
53,3,34,34
17,56,34,34
17,15,34,34
17,54,34,34
56,17,34,34
15,96,34,34
15,17,34,34
50,49,34,34
44,104,34,34
35,3,34,34
15,17,34,34
44,112,34,34
2,72,34,34
2,40,34,34
2,74,34,34
43,112,34,34
68,3,34,34
68,3,34,34
17,15,34,34
8,3,34,34
88,15,34,34
88,61,34,34
88,96,34,34
88,12,34,34
8,3,34,34
66,3,34,34
8,3,34,34
34,83,34,34
66,3,34,34
66,3,34,34
59,44,34,34
66,3,34,34
66,3,34,34
66,90,34,34
53,70,34,34
73,83,34,34
76,40,34,34
54,83,34,34
43,42,34,34
43,79,34,34
86,19,34,34
40,76,34,34
54,83,34,34
11,15,34,34
11,54,34,34
11,58,34,34
11,5,34,34
11,117,34,34
54,17,34,34
54,11,34,34
58,11,34,34
15,11,34,34
86,2,34,34
76,40,34,34
86,21,34,34
51,3,34,34
74,2,34,34
56,48,34,34
51,50,34,34
56,68,34,34
51,3,34,34
51,3,34,34
54,15,34,34
54,5,34,34
68,56,34,34
59,68,34,34
59,56,34,34
59,86,34,34
59,48,34,34
59,76,34,34
59,47,34,34
59,69,34,34
59,85,34,34
59,84,34,34
59,89,34,34
59,88,34,34
59,94,34,34
59,2,34,34
69,59,34,34
76,40,34,34
86,57,34,34
40,8,34,34
33,15,34,34
33,83,34,34
68,3,34,34
86,57,34,34
70,53,34,34
32,44,34,34
32,8,34,34
32,3,34,34
71,5,34,34
42,43,34,34
70,36,34,34
70,95,34,34
70,104,34,34
70,112,34,34
70,82,34,34
70,49,34,34
70,40,34,34
70,21,34,34
112,70,34,34
71,54,34,34
5,54,34,34
47,40,34,34
58,11,34,34
5,11,34,34
11,58,34,34
95,70,34,34
83,54,34,34
27,48,34,34
83,33,34,34
48,27,34,34
53,70,34,34
53,4,34,34
27,81,34,34
3,13,34,34
3,35,34,34
15,33,34,34
15,54,34,34
83,33,34,34
105,103,34,34
21,70,34,34
105,103,34,34
11,117,34,34
11,58,34,34
11,15,34,34
11,5,34,34
11,54,34,34
21,10,34,34
67,3,34,34
83,20,34,34
70,53,34,34
83,20,34,34
49,50,34,34
49,70,34,34
21,86,34,34
103,105,34,34
40,8,34,34
13,3,34,34
13,3,34,34
50,81,34,34
33,83,34,34
81,50,34,34
103,105,34,34
84,100,34,34
8,40,34,34
84,3,34,34
84,86,34,34
35,3,34,34
84,2,34,34
8,40,34,34
35,3,34,34
41,3,34,34
3,13,34,34
84,57,34,34
41,3,34,34
47,68,34,34
84,57,34,34
68,47,34,34
86,40,34,34
86,8,34,34
68,2,34,34
68,59,34,34
54,11,34,34
66,53,34,34
86,21,34,34
10,21,34,34
70,4,34,34
10,95,34,34
10,7,34,34
10,112,34,34
95,10,34,34
15,88,34,34
4,70,34,34
54,29,34,34
54,39,34,34
54,5,34,34
15,11,34,34
68,42,34,34
29,54,34,34
4,53,34,34
29,54,34,34
82,70,34,34
112,10,34,34
44,112,34,34
112,44,34,34
58,11,34,34
54,29,34,34
72,40,34,34
88,15,34,34
76,40,34,34
59,44,34,34
115,90,34,34
90,115,34,34
69,1,34,34
9,67,34,34
9,66,34,34
69,76,34,34
15,72,34,34
4,106,34,34
36,70,34,34
88,15,34,34
56,68,34,34
76,40,34,34
68,56,34,34
6,106,34,34
39,54,34,34
6,106,34,34
15,88,34,34
88,15,34,34
59,64,34,34
59,42,34,34
50,52,34,34
57,36,34,34
50,70,34,34
70,82,34,34
70,49,34,34
70,50,34,34
52,50,34,34
5,11,34,34
5,54,34,34
90,83,34,34
21,86,34,34
86,21,34,34
20,83,34,34
20,83,34,34
49,70,34,34
5,33,34,34
33,5,34,34
48,56,34,34
33,5,34,34
56,15,34,34
56,96,34,34
56,61,34,34
5,33,34,34
82,70,34,34
96,56,34,34
85,3,34,34
85,3,34,34
74,4,34,34
15,56,34,34
104,70,34,34
70,84,34,34
70,69,34,34
69,70,34,34
84,70,34,34
50,52,34,34
52,50,34,34
85,48,34,34
84,68,34,34
76,19,34,34
52,103,34,34
15,39,34,34
9,67,34,34
9,66,34,34
66,9,34,34
68,84,34,34
86,57,34,34
42,44,34,34
103,52,34,34
33,83,34,34
33,58,34,34
58,33,34,34
4,74,34,34
115,67,34,34
66,9,34,34
50,70,34,34
29,22,34,34
70,50,34,34
50,48,34,34
68,48,34,34
73,72,34,34
85,68,34,34
85,48,34,34
68,85,34,34
68,67,34,34
84,68,34,34
9,3,34,34
3,9,34,34
76,88,34,34
3,20,34,34
3,66,34,34
3,8,34,34
50,70,34,34
83,33,34,34
85,3,34,34
85,13,34,34
85,68,34,34
86,50,34,34
86,81,34,34
3,85,34,34
39,15,34,34
85,13,34,34
85,3,34,34
85,68,34,34
3,85,34,34
3,85,34,34
50,86,34,34
50,81,34,34
39,120,34,34
39,29,34,34
8,3,34,34
86,50,34,34
3,13,34,34
3,35,34,34
67,115,34,34
67,9,34,34
85,3,34,34
85,68,34,34
85,13,34,34
85,3,34,34
67,9,34,34
3,85,34,34
3,35,34,34
3,13,34,34
68,85,34,34
68,85,34,34
68,85,34,34
50,70,34,34
50,70,34,34
68,72,34,34
68,56,34,34
68,67,34,34
68,66,34,34
68,9,34,34
68,3,34,34
68,15,34,34
68,86,34,34
68,48,34,34
68,65,34,34
9,14,34,34
84,50,34,34
86,57,34,34
84,57,34,34
86,40,34,34
86,8,34,34
86,50,34,34
108,18,34,34
108,57,34,34
108,57,34,34
108,18,34,34
108,18,34,34
108,18,34,34
108,18,34,34
108,18,34,34
108,18,34,34
108,18,34,34
108,18,34,34
108,18,34,34
20,3,34,34
13,85,34,34
13,85,34,34
13,85,34,34
13,3,34,34
13,3,34,34
57,86,34,34
40,65,34,34
40,17,34,34
96,15,34,34
96,61,34,34
96,12,34,34
11,5,34,34
4,13,34,34
4,74,34,34
4,3,34,34
29,39,34,34
13,4,34,34
120,39,34,34
3,4,34,34
4,65,34,34
4,17,34,34
105,103,34,34
61,96,34,34
61,56,34,34
61,96,34,34
15,96,34,34
74,4,34,34
3,8,34,34
3,4,34,34
3,35,34,34
3,40,34,34
3,13,34,34
37,100,34,34
12,96,34,34
35,3,34,34
13,3,34,34
35,3,34,34
35,3,34,34
70,50,34,34
70,50,34,34
70,50,34,34
12,15,34,34
15,12,34,34
50,86,34,34
12,72,34,34
12,71,34,34
12,73,34,34
12,15,34,34
96,15,34,34
96,61,34,34
15,12,34,34
15,96,34,34
2,84,34,34
2,69,34,34
2,86,34,34
2,56,34,34
2,88,34,34
2,65,34,34
2,14,34,34
2,9,34,34
5,11,34,34
71,12,34,34
71,12,34,34
8,3,34,34
3,66,34,34
3,8,34,34
3,67,34,34
3,13,34,34
3,40,34,34
3,4,34,34
3,68,34,34
3,84,34,34
3,85,34,34
3,17,34,34
5,71,34,34
5,72,34,34
5,73,34,34
5,74,34,34
5,11,34,34
71,5,34,34
8,3,34,34
71,5,34,34
3,32,34,34
13,3,34,34
32,3,34,34
52,50,34,34
52,40,34,34
52,3,34,34
52,53,34,34
4,3,34,34
4,3,34,34
70,49,34,34
53,52,34,34
103,105,34,34
88,2,34,34
72,71,34,34
74,5,34,34
56,2,34,34
74,59,34,34
71,72,34,34
37,36,34,34
72,71,34,34
72,74,34,34
72,73,34,34
72,12,34,34
72,15,34,34
72,5,34,34
72,117,34,34
80,69,34,34
80,56,34,34
69,80,34,34
56,80,34,34
61,96,34,34
56,88,34,34
88,61,34,34
88,96,34,34
88,12,34,34
88,15,34,34
88,56,34,34
59,74,34,34
20,3,34,34
20,3,34,34
20,3,34,34
20,3,34,34
3,20,34,34
3,52,34,34
17,3,34,34
67,68,34,34
67,85,34,34
17,50,34,34
49,70,34,34
86,57,34,34
39,27,34,34
48,55,34,34
57,86,34,34
65,2,34,34
59,86,34,34
59,84,34,34
59,48,34,34
59,76,34,34
59,88,34,34
59,2,34,34
59,68,34,34
59,69,34,34
59,56,34,34
59,85,34,34
59,89,34,34
59,47,34,34
59,94,34,34
50,48,34,34
43,42,34,34
43,45,34,34
43,79,34,34
11,5,34,34
60,100,34,34
50,48,34,34
43,79,34,34
50,48,34,34
42,43,34,34
48,50,34,34
48,50,34,34
48,50,34,34
50,48,34,34
55,48,34,34
17,56,34,34
17,15,34,34
17,54,34,34
70,53,34,34
57,86,34,34
53,36,34,34
86,57,34,34
86,57,34,34
86,2,34,34
56,17,34,34
53,70,34,34
86,57,34,34
84,2,34,34
84,3,34,34
84,86,34,34
15,17,34,34
15,27,34,34
76,19,34,34
71,15,34,34
71,117,34,34
71,72,34,34
71,73,34,34
71,5,34,34
84,19,34,34
74,4,34,34
59,67,34,34
86,50,34,34
13,20,34,34
93,86,34,34
86,93,34,34
84,19,34,34
38,37,34,34
13,4,34,34
4,13,34,34
4,13,34,34
84,50,34,34
13,3,34,34
13,4,34,34
13,4,34,34
17,3,34,34
17,50,34,34
17,8,34,34
17,53,34,34
17,66,34,34
4,13,34,34
3,17,34,34
73,12,34,34
73,5,34,34
53,17,34,34
3,18,34,34
3,50,34,34
3,8,34,34
3,13,34,34
3,40,34,34
3,53,34,34
3,51,34,34
3,20,34,34
3,52,34,34
3,66,34,34
3,35,34,34
53,3,34,34
52,3,34,34
27,15,34,34
27,15,34,34
21,86,34,34
27,39,34,34
86,21,34,34
13,3,34,34
15,27,34,34
48,50,34,34
15,54,34,34
48,50,34,34
13,3,34,34
8,17,34,34
8,3,34,34
72,15,34,34
72,5,34,34
72,66,34,34
37,38,34,34
2,72,34,34
2,40,34,34
2,74,34,34
20,3,34,34
50,13,34,34
50,3,34,34
50,35,34,34
3,50,34,34
36,53,34,34
53,36,34,34
2,65,34,34
2,14,34,34
2,9,34,34
13,50,34,34
40,47,34,34
40,8,34,34
4,74,34,34
47,40,34,34
80,90,34,34
85,3,34,34
67,3,34,34
67,3,34,34
90,80,34,34
2,72,34,34
2,40,34,34
2,74,34,34
4,106,34,34
59,67,34,34
65,2,34,34
90,38,34,34
4,3,34,34
4,13,34,34
4,35,34,34
13,4,34,34
3,4,34,34
86,50,34,34
84,57,34,34
74,2,34,34
32,44,34,34
50,48,34,34
74,2,34,34
38,36,34,34
74,4,34,34
8,40,34,34
48,50,34,34
34,24,34,34
50,86,34,34
86,50,34,34
86,50,34,34
84,57,34,34
4,74,34,34
47,40,34,34
47,75,34,34
40,121,34,34
86,19,34,34
50,86,34,34
32,8,34,34
32,3,34,34
86,50,34,34
3,32,34,34
86,4,34,34
95,104,34,34
95,10,34,34
2,65,34,34
2,14,34,34
2,9,34,34
104,95,34,34
8,32,34,34
37,36,34,34
38,68,34,34
38,1,34,34
48,47,34,34
50,84,34,34
47,48,34,34
84,57,34,34
84,50,34,34
65,2,34,34
86,50,34,34
47,68,34,34
47,68,34,34
47,68,34,34
27,81,34,34
27,68,34,34
86,85,34,34
86,84,34,34
86,89,34,34
86,48,34,34
86,68,34,34
86,70,34,34
86,75,34,34
86,49,34,34
86,82,34,34
86,19,34,34
86,88,34,34
4,86,35,35
4,74,35,35
4,13,35,35
4,13,35,35
4,27,35,35
4,93,35,35
4,101,35,35
4,124,35,35
101,4,35,35
96,15,35,35
96,61,35,35
96,12,35,35
54,15,35,35
54,17,35,35
57,18,35,35
57,79,35,35
96,15,35,35
96,61,35,35
57,79,35,35
57,18,35,35
35,50,35,35
35,3,35,35
42,22,35,35
42,63,35,35
42,43,35,35
42,115,35,35
42,29,35,35
26,83,35,35
121,40,35,35
61,96,35,35
61,96,35,35
29,42,35,35
93,4,35,35
74,4,35,35
31,26,35,35
14,100,35,35
27,4,35,35
3,68,35,35
3,85,35,35
3,66,35,35
3,67,35,35
3,8,35,35
3,13,35,35
3,35,35,35
3,40,35,35
3,4,35,35
3,84,35,35
3,17,35,35
71,5,35,35
17,3,35,35
45,22,35,35
59,2,35,35
59,2,35,35
26,31,35,35
8,3,35,35
45,10,35,35
45,10,35,35
14,9,35,35
14,54,35,35
40,3,35,35
70,104,35,35
70,22,35,35
70,151,35,35
70,95,35,35
70,112,35,35
70,63,35,35
70,42,35,35
70,98,35,35
15,96,35,35
15,96,35,35
14,54,35,35
95,70,35,35
66,27,35,35
3,40,35,35
14,54,35,35
66,3,35,35
10,95,35,35
66,3,35,35
66,3,35,35
104,70,35,35
66,17,35,35
35,3,35,35
35,4,35,35
4,3,35,35
38,8,35,35
50,70,35,35
67,3,35,35
80,67,35,35
80,68,35,35
70,50,35,35
115,42,35,35
38,1,35,35
44,3,35,35
44,8,35,35
3,44,35,35
20,18,35,35
67,80,35,35
8,44,35,35
2,65,35,35
2,14,35,35
2,9,35,35
65,2,35,35
42,70,35,35
98,70,35,35
2,86,35,35
2,84,35,35
2,69,35,35
2,56,35,35
2,88,35,35
88,2,35,35
56,2,35,35
98,22,35,35
59,72,35,35
59,67,35,35
98,21,35,35
40,16,35,35
98,10,35,35
98,6,35,35
17,56,35,35
17,15,35,35
17,54,35,35
15,17,35,35
86,4,35,35
86,2,35,35
76,40,35,35
56,17,35,35
56,81,35,35
54,14,35,35
54,14,35,35
54,17,35,35
47,48,35,35
63,83,35,35
48,47,35,35
57,84,35,35
54,5,35,35
54,11,35,35
54,5,35,35
54,11,35,35
5,54,35,35
5,54,35,35
71,117,35,35
71,72,35,35
71,15,35,35
71,73,35,35
71,5,35,35
18,67,35,35
18,66,35,35
6,106,35,35
54,5,35,35
50,84,35,35
57,84,35,35
18,20,35,35
50,86,35,35
86,50,35,35
84,50,35,35
84,57,35,35
84,57,35,35
43,42,35,35
53,4,35,35
53,70,35,35
66,18,35,35
84,3,35,35
84,86,35,35
84,2,35,35
47,40,35,35
40,16,35,35
4,53,35,35
74,59,35,35
59,74,35,35
2,72,35,35
2,40,35,35
2,74,35,35
74,2,35,35
3,4,35,35
3,35,35,35
3,13,35,35
35,3,35,35
84,50,35,35
84,40,35,35
76,40,35,35
46,112,35,35
46,6,35,35
70,53,35,35
46,21,35,35
66,3,35,35
11,54,35,35
11,54,35,35
40,8,35,35
40,76,35,35
40,16,35,35
40,41,35,35
40,6,35,35
18,57,35,35
59,94,35,35
57,18,35,35
76,40,35,35
59,2,35,35
15,50,35,35
15,54,35,35
2,65,35,35
2,14,35,35
2,9,35,35
42,21,35,35
21,42,35,35
47,40,35,35
54,15,35,35
40,121,35,35
4,3,35,35
6,40,35,35
47,68,35,35
8,40,35,35
50,48,35,35
65,2,35,35
6,106,35,35
76,40,35,35
119,112,35,35
74,4,35,35
6,106,35,35
151,70,35,35
70,53,35,35
57,84,35,35
53,70,35,35
53,70,35,35
53,4,35,35
84,57,35,35
63,57,35,35
38,37,35,35
4,74,35,35
50,70,35,35
3,35,35,35
3,4,35,35
4,106,35,35
38,37,35,35
14,13,35,35
70,50,35,35
70,53,35,35
4,3,35,35
4,53,35,35
5,54,35,35
89,95,35,35
35,3,35,35
50,3,35,35
50,8,35,35
41,40,35,35
3,40,35,35
50,84,35,35
3,50,35,35
85,48,35,35
84,50,35,35
85,3,35,35
48,85,35,35
48,47,35,35
47,48,35,35
48,50,35,35
40,15,35,35
40,61,35,35
40,3,35,35
40,8,35,35
2,14,35,35
14,2,35,35
38,1,35,35
57,84,35,35
51,3,35,35
84,57,35,35
84,57,35,35
26,15,35,35
14,2,35,35
27,66,35,35
27,3,35,35
27,26,35,35
27,5,35,35
27,15,35,35
27,62,35,35
27,39,35,35
27,13,35,35
27,40,35,35
27,8,35,35
5,27,35,35
77,66,35,35
77,9,35,35
8,50,35,35
8,27,35,35
15,27,35,35
2,40,35,35
2,72,35,35
2,74,35,35
2,14,35,35
15,12,35,35
15,61,35,35
26,27,35,35
12,15,35,35
61,15,35,35
26,24,35,35
21,56,35,35
56,21,35,35
84,57,35,35
74,2,35,35
85,3,35,35
85,35,35,35
35,85,35,35
37,38,35,35
3,85,35,35
73,9,35,35
73,14,35,35
73,65,35,35
14,73,35,35
3,27,35,35
72,71,35,35
65,73,35,35
3,8,35,35
3,13,35,35
3,35,35,35
3,40,35,35
3,4,35,35
3,51,35,35
3,52,35,35
3,18,35,35
3,50,35,35
3,53,35,35
3,13,35,35
3,35,35,35
3,8,35,35
8,3,35,35
8,3,35,35
51,3,35,35
67,18,35,35
35,3,35,35
18,57,35,35
18,57,35,35
88,68,35,35
4,3,35,35
48,47,35,35
48,85,35,35
48,85,35,35
50,10,35,35
37,36,35,35
48,53,35,35
10,50,35,35
95,89,35,35
38,37,35,35
53,3,35,35
53,48,35,35
3,4,35,35
37,38,35,35
10,50,35,35
54,14,35,35
54,5,35,35
54,15,35,35
48,85,35,35
85,48,35,35
65,94,35,35
65,59,35,35
94,65,35,35
37,38,35,35
37,38,35,35
52,3,35,35
104,18,35,35
107,3,35,35
27,3,35,35
27,50,35,35
1,38,35,35
1,13,35,35
106,117,35,35
106,73,35,35
5,54,35,35
3,27,35,35
86,13,35,35
38,67,35,35
50,13,35,35
50,52,35,35
50,18,35,35
50,53,35,35
50,40,35,35
50,3,35,35
50,8,35,35
50,35,35,35
50,51,35,35
50,20,35,35
3,50,35,35
54,15,35,35
15,54,35,35
53,50,35,35
15,54,35,35
84,53,35,35
90,59,35,35
90,80,35,35
90,38,35,35
1,8,35,35
1,14,35,35
1,4,35,35
1,17,35,35
1,5,35,35
1,6,35,35
1,7,35,35
1,2,35,35
1,3,35,35
1,9,35,35
1,10,35,35
1,11,35,35
1,12,35,35
1,65,35,35
1,13,35,35
1,15,35,35
1,16,35,35
16,40,35,35
16,40,35,35
18,55,35,35
20,50,35,35
18,104,35,35
18,55,35,35
96,15,35,35
96,61,35,35
96,12,35,35
35,3,35,35
40,76,35,35
25,26,35,35
96,15,35,35
96,61,35,35
35,50,35,35
121,40,35,35
61,96,35,35
8,50,35,35
24,27,35,35
61,96,35,35
14,54,35,35
55,18,35,35
52,50,35,35
2,86,35,35
2,84,35,35
2,69,35,35
2,56,35,35
2,88,35,35
55,18,35,35
51,50,35,35
71,5,35,35
104,18,35,35
59,90,35,35
26,25,35,35
15,96,35,35
15,96,35,35
7,50,35,35
50,52,35,35
50,3,35,35
52,50,35,35
18,67,35,35
18,3,35,35
18,66,35,35
18,72,35,35
18,80,35,35
18,64,35,35
18,27,35,35
18,91,35,35
18,71,35,35
18,44,35,35
18,69,35,35
18,68,35,35
18,56,35,35
18,57,35,35
18,19,35,35
18,38,35,35
18,9,35,35
69,18,35,35
44,18,35,35
18,57,35,35
18,57,35,35
57,18,35,35
38,37,35,35
38,36,35,35
38,1,35,35
57,18,35,35
57,18,35,35
19,18,35,35
33,61,35,35
50,27,35,35
50,3,35,35
50,8,35,35
4,3,35,35
50,13,35,35
3,50,35,35
70,53,35,35
48,47,35,35
66,18,35,35
3,18,35,35
50,3,35,35
50,40,35,35
50,16,35,35
50,4,35,35
50,121,35,35
56,2,35,35
18,38,35,35
3,50,35,35
3,50,35,35
38,1,35,35
50,18,35,35
50,3,35,35
50,8,35,35
50,13,35,35
18,50,35,35
53,70,35,35
50,7,35,35
56,18,35,35
47,48,35,35
7,50,35,35
50,3,35,35
8,50,35,35
8,50,35,35
45,43,35,35
80,18,35,35
53,42,35,35
3,66,35,35
3,67,35,35
3,13,35,35
3,35,35,35
3,8,35,35
3,40,35,35
3,4,35,35
3,68,35,35
3,85,35,35
3,84,35,35
3,17,35,35
76,40,35,35
3,50,35,35
3,50,35,35
88,2,35,35
17,3,35,35
50,3,35,35
42,53,35,35
27,18,35,35
67,3,35,35
67,18,35,35
59,67,35,35
27,50,35,35
45,43,35,35
45,43,35,35
17,15,35,35
17,56,35,35
17,54,35,35
24,34,35,35
3,50,35,35
56,17,35,35
66,3,35,35
2,40,35,35
2,74,35,35
2,72,35,35
50,3,35,35
16,50,35,35
3,50,35,35
4,50,35,35
4,3,35,35
86,2,35,35
74,2,35,35
8,3,35,35
86,19,35,35
38,66,35,35
1,4,35,35
67,38,35,35
66,38,35,35
66,72,35,35
38,1,35,35
15,33,35,35
70,50,35,35
88,68,35,35
70,50,35,35
59,68,35,35
59,85,35,35
59,86,35,35
59,48,35,35
59,88,35,35
59,47,35,35
59,69,35,35
59,56,35,35
59,84,35,35
59,89,35,35
59,76,35,35
59,94,35,35
59,2,35,35
88,1,35,35
7,22,35,35
7,10,35,35
15,17,35,35
71,72,35,35
71,117,35,35
71,15,35,35
71,73,35,35
71,5,35,35
15,33,35,35
33,15,35,35
33,15,35,35
84,3,35,35
84,86,35,35
54,17,35,35
76,57,35,35
76,88,35,35
76,19,35,35
76,40,35,35
121,50,35,35
23,45,35,35
63,42,35,35
4,1,35,35
63,70,35,35
1,38,35,35
84,50,35,35
35,3,35,35
84,59,35,35
84,94,35,35
84,2,35,35
84,123,35,35
94,84,35,35
26,66,35,35
3,35,35,35
3,51,35,35
3,84,35,35
3,8,35,35
3,50,35,35
3,13,35,35
3,4,35,35
3,20,35,35
3,85,35,35
3,68,35,35
3,69,35,35
45,23,35,35
83,63,35,35
84,3,35,35
20,3,35,35
4,53,35,35
4,1,35,35
4,82,35,35
4,6,35,35
4,40,35,35
4,49,35,35
84,2,35,35
4,3,35,35
1,4,35,35
84,2,35,35
84,123,35,35
84,59,35,35
51,3,35,35
2,65,35,35
2,9,35,35
2,14,35,35
88,15,35,35
82,4,35,35
8,3,35,35
8,62,35,35
20,3,35,35
62,8,35,35
6,4,35,35
50,84,35,35
65,2,35,35
27,81,35,35
27,62,35,35
49,4,35,35
3,20,35,35
84,50,35,35
77,3,35,35
77,39,35,35
39,27,35,35
80,29,35,35
15,88,35,35
35,3,35,35
39,77,35,35
6,106,35,35
3,50,35,35
3,53,35,35
29,80,35,35
27,72,35,35
72,74,35,35
72,71,35,35
72,73,35,35
77,39,35,35
77,39,35,35
115,67,35,35
57,88,35,35
88,15,35,35
76,50,35,35
91,18,35,35
38,1,35,35
72,100,35,35
105,103,35,35
50,76,35,35
76,50,35,35
50,77,35,35
103,105,35,35
26,45,35,35
4,106,35,35
33,117,35,35
33,61,35,35
33,15,35,35
33,5,35,35
33,42,35,35
15,33,35,35
1,53,35,35
68,48,35,35
68,47,35,35
68,85,35,35
5,33,35,35
1,72,35,35
61,33,35,35
88,57,35,35
68,88,35,35
12,15,35,35
76,19,35,35
88,57,35,35
68,86,35,35
12,96,35,35
88,57,35,35
15,12,35,35
71,18,35,35
52,42,35,35
52,3,35,35
8,66,35,35
8,44,35,35
8,3,35,35
66,8,35,35
80,18,35,35
77,50,35,35
77,50,35,35
77,3,35,35
85,3,35,35
76,53,35,35
53,1,35,35
53,3,35,35
53,4,35,35
85,3,35,35
76,84,35,35
18,80,35,35
42,52,35,35
42,33,35,35
53,76,35,35
76,53,35,35
3,8,35,35
3,52,35,35
38,1,35,35
38,37,35,35
38,36,35,35
1,38,35,35
37,38,35,35
76,84,35,35
36,38,35,35
76,19,35,35
80,26,35,35
61,15,35,35
61,12,35,35
1,50,35,35
112,70,35,35
26,80,35,35
27,66,35,35
12,61,35,35
80,89,35,35
2,72,35,35
2,40,35,35
2,74,35,35
15,33,35,35
89,80,35,35
15,61,35,35
2,65,35,35
2,14,35,35
2,9,35,35
95,30,35,35
30,95,35,35
67,59,35,35
67,115,35,35
74,2,35,35
73,9,35,35
73,14,35,35
73,65,35,35
50,8,35,35
50,3,35,35
24,26,35,35
24,3,35,35
24,8,35,35
24,51,35,35
24,66,35,35
24,83,35,35
24,32,35,35
24,77,35,35
1,50,35,35
3,50,35,35
8,50,35,35
3,24,35,35
8,50,35,35
8,24,35,35
77,24,35,35
8,50,35,35
18,90,35,35
40,72,35,35
40,13,35,35
40,3,35,35
3,40,35,35
29,42,35,35
3,35,35,35
3,4,35,35
50,1,35,35
1,50,35,35
51,24,35,35
33,15,35,35
35,3,35,35
52,23,35,35
52,86,35,35
4,3,35,35
86,52,35,35
23,52,35,35
59,67,35,35
50,6,35,35
50,16,35,35
50,8,35,35
14,67,35,35
14,66,35,35
83,60,35,35
83,24,35,35
16,50,35,35
50,16,35,35
50,121,35,35
42,29,35,35
40,121,35,35
26,24,35,35
1,38,35,35
91,19,35,35
18,107,35,35
18,110,35,35
18,109,35,35
18,99,35,35
18,108,35,35
33,117,35,35
74,9,35,35
74,14,35,35
74,65,35,35
74,72,35,35
44,8,35,35
86,40,35,35
44,7,35,35
7,44,35,35
65,2,35,35
65,73,35,35
65,74,35,35
50,70,35,35
63,83,35,35
7,22,35,35
29,42,35,35
38,1,35,35
86,40,35,35
12,15,35,35
15,12,35,35
59,2,35,35
8,50,35,35
67,14,35,35
42,29,35,35
50,70,35,35
70,50,35,35
70,50,35,35
66,14,35,35
66,24,35,35
66,27,35,35
66,27,35,35
66,26,35,35
37,45,35,35
45,37,35,35
70,56,35,35
70,86,35,35
70,21,35,35
70,82,35,35
70,49,35,35
86,70,35,35
21,70,35,35
50,70,35,35
50,86,35,35
27,81,35,35
27,24,35,35
67,14,35,35
67,66,35,35
27,66,35,35
72,73,35,35
152,26,35,35
85,90,35,35
86,50,35,35
84,76,35,35
84,69,35,35
84,86,35,35
69,84,35,35
76,57,35,35
86,50,35,35
86,70,35,35
86,53,35,35
86,93,35,35
86,101,35,35
86,124,35,35
86,27,35,35
54,15,35,35
141,104,35,35
13,1,35,35
13,27,35,35
13,50,35,35
13,50,35,35
13,50,35,35
13,14,35,35
13,14,35,35
13,3,35,35
13,3,35,35
13,3,35,35
13,3,35,35
13,3,35,35
13,3,35,35
13,4,35,35
13,4,35,35
13,40,35,35
13,14,35,35
49,70,35,35
96,15,35,35
96,61,35,35
96,12,35,35
96,15,35,35
96,61,35,35
14,13,35,35
14,13,35,35
14,13,35,35
57,19,35,35
57,19,35,35
24,27,35,35
19,57,35,35
12,96,35,35
19,57,35,35
82,70,35,35
14,13,35,35
31,25,35,35
31,25,35,35
26,66,35,35
14,74,35,35
14,73,35,35
26,45,35,35
82,19,35,35
82,109,35,35
82,93,35,35
82,101,35,35
101,82,35,35
61,96,35,35
40,86,35,35
40,86,35,35
113,117,35,35
113,15,35,35
71,5,35,35
93,82,35,35
2,84,35,35
2,56,35,35
2,69,35,35
2,86,35,35
2,88,35,35
3,66,35,35
3,68,35,35
3,84,35,35
3,35,35,35
3,67,35,35
3,8,35,35
3,13,35,35
3,40,35,35
3,4,35,35
3,85,35,35
3,17,35,35
8,3,35,35
32,24,35,35
5,83,35,35
54,33,35,35
38,1,35,35
66,3,35,35
4,3,35,35
56,2,35,35
17,3,35,35
88,2,35,35
50,86,35,35
83,5,35,35
44,32,35,35
59,67,35,35
70,50,35,35
86,50,35,35
33,54,35,35
86,2,35,35
86,40,35,35
86,40,35,35
13,53,35,35
60,83,35,35
2,40,35,35
2,72,35,35
2,74,35,35
2,14,35,35
2,65,35,35
2,9,35,35
70,4,35,35
4,70,35,35
42,112,35,35
14,53,35,35
59,67,35,35
43,79,35,35
43,42,35,35
17,56,35,35
17,15,35,35
17,54,35,35
56,17,35,35
112,42,35,35
74,2,35,35
67,3,35,35
54,17,35,35
6,106,35,35
41,8,35,35
19,82,35,35
44,38,35,35
38,36,35,35
38,37,35,35
4,86,35,35
4,53,35,35
4,70,35,35
4,13,35,35
86,4,35,35
38,68,35,35
38,69,35,35
38,56,35,35
38,1,35,35
69,38,35,35
73,1,35,35
38,84,35,35
38,86,35,35
38,76,35,35
1,73,35,35
84,2,35,35
84,3,35,35
84,86,35,35
58,117,35,35
58,33,35,35
58,54,35,35
58,83,35,35
58,95,35,35
13,14,35,35
13,14,35,35
13,14,35,35
13,3,35,35
13,4,35,35
14,13,35,35
14,13,35,35
54,58,35,35
61,96,35,35
65,2,35,35
65,2,35,35
65,59,35,35
13,14,35,35
13,14,35,35
74,59,35,35
14,13,35,35
70,4,35,35
59,74,35,35
13,14,35,35
18,19,35,35
19,18,35,35
14,13,35,35
14,13,35,35
8,41,35,35
76,57,35,35
13,14,35,35
13,14,35,35
14,13,35,35
14,13,35,35
13,14,35,35
66,3,35,35
66,3,35,35
11,5,35,35
84,76,35,35
56,70,35,35
3,66,35,35
3,66,35,35
95,58,35,35
53,4,35,35
53,14,35,35
86,50,35,35
16,50,35,35
53,13,35,35
33,58,35,35
12,15,35,35
84,86,35,35
84,69,35,35
84,76,35,35
83,58,35,35
53,14,35,35
14,53,35,35
124,4,35,35
6,50,35,35
58,1,35,35
58,73,35,35
1,58,35,35
5,11,35,35
1,58,35,35
58,1,35,35
58,1,35,35
14,67,35,35
14,66,35,35
73,58,35,35
71,15,35,35
71,73,35,35
71,5,35,35
71,72,35,35
71,117,35,35
84,50,35,35
50,86,35,35
15,61,35,35
2,65,35,35
45,26,35,35
45,24,35,35
24,45,35,35
42,43,35,35
1,58,35,35
1,38,35,35
50,84,35,35
73,1,35,35
1,73,35,35
104,73,35,35
104,74,35,35
104,72,35,35
104,44,35,35
74,104,35,35
1,58,35,35
30,104,35,35
58,1,35,35
58,1,35,35
35,3,35,35
73,104,35,35
86,50,35,35
47,68,35,35
21,70,35,35
67,14,35,35
13,14,35,35
14,13,35,35
14,13,35,35
13,14,35,35
76,84,35,35
70,21,35,35
70,53,35,35
76,40,35,35
53,84,35,35
36,38,35,35
67,14,35,35
67,66,35,35
6,106,35,35
8,50,35,35
85,3,35,35
53,3,35,35
46,51,35,35
54,15,35,35
4,106,35,35
6,106,35,35
1,58,35,35
121,40,35,35
121,50,35,35
50,19,35,35
3,53,35,35
26,45,35,35
113,15,35,35
38,37,35,35
38,36,35,35
38,1,35,35
113,15,35,35
38,36,35,35
84,19,35,35
84,57,35,35
84,19,35,35
53,70,35,35
84,57,35,35
84,19,35,35
44,104,35,35
19,50,35,35
57,107,35,35
13,3,35,35
1,50,35,35
76,86,35,35
3,4,35,35
3,13,35,35
13,3,35,35
84,53,35,35
84,40,35,35
70,53,35,35
4,3,35,35
12,15,35,35
84,50,35,35
54,83,35,35
66,14,35,35
50,1,35,35
50,3,35,35
50,8,35,35
3,50,35,35
1,50,35,35
86,76,35,35
84,53,35,35
90,84,35,35
74,4,35,35
63,125,35,35
33,34,35,35
86,19,35,35
84,90,35,35
90,85,35,35
90,18,35,35
34,24,35,35
34,33,35,35
24,34,35,35
72,74,35,35
83,54,35,35
8,50,35,35
86,19,35,35
53,70,35,35
53,70,35,35
107,57,35,35
84,40,35,35
84,4,35,35
84,70,35,35
84,57,35,35
84,19,35,35
1,15,35,35
1,5,35,35
1,6,35,35
1,7,35,35
1,2,35,35
1,3,35,35
1,8,35,35
1,9,35,35
1,10,35,35
1,11,35,35
1,12,35,35
1,65,35,35
1,13,35,35
1,14,35,35
1,4,35,35
1,16,35,35
1,17,35,35
96,15,35,35
96,61,35,35
96,12,35,35
4,74,35,35
61,96,35,35
96,15,35,35
96,61,35,35
16,8,35,35
61,96,35,35
16,8,35,35
16,1,35,35
124,54,35,35
8,3,35,35
13,14,35,35
4,93,35,35
4,101,35,35
4,124,35,35
4,27,35,35
1,16,35,35
14,13,35,35
93,4,35,35
16,1,35,35
16,1,35,35
14,13,35,35
1,16,35,35
28,29,35,35
13,14,35,35
13,14,35,35
14,13,35,35
14,13,35,35
13,14,35,35
11,31,35,35
11,25,35,35
11,32,35,35
11,33,35,35
31,11,35,35
13,14,35,35
101,4,35,35
14,13,35,35
14,13,35,35
29,28,35,35
13,14,35,35
25,11,35,35
12,96,35,35
1,16,35,35
3,8,35,35
6,8,35,35
6,8,35,35
3,8,35,35
3,42,35,35
33,11,35,35
70,53,35,35
1,16,35,35
13,14,35,35
14,13,35,35
14,13,35,35
27,4,35,35
13,14,35,35
2,1,35,35
8,3,35,35
1,2,35,35
3,8,35,35
3,85,35,35
3,66,35,35
3,67,35,35
3,13,35,35
3,40,35,35
3,4,35,35
3,68,35,35
3,69,35,35
3,84,35,35
3,17,35,35
14,59,35,35
14,2,35,35
14,94,35,35
94,14,35,35
11,5,35,35
16,1,35,35
17,3,35,35
66,3,35,35
13,3,35,35
42,3,35,35
42,3,35,35
3,42,35,35
29,63,35,35
63,29,35,35
16,1,35,35
16,1,35,35
16,1,35,35
58,1,35,35
1,58,35,35
58,73,35,35
58,95,35,35
16,1,35,35
16,1,35,35
86,19,35,35
17,15,35,35
17,56,35,35
17,54,35,35
76,50,35,35
40,15,35,35
40,61,35,35
40,3,35,35
40,8,35,35
40,121,35,35
4,3,35,35
115,66,35,35
24,66,35,35
24,3,35,35
24,51,35,35
24,15,35,35
24,83,35,35
24,26,35,35
70,53,35,35
66,24,35,35
26,24,35,35
104,58,35,35
58,104,35,35
70,53,35,35
71,5,35,35
56,17,35,35
95,58,35,35
3,24,35,35
53,70,35,35
8,3,35,35
5,11,35,35
3,8,35,35
3,13,35,35
105,103,35,35
8,3,35,35
54,17,35,35
58,1,35,35
1,58,35,35
73,58,35,35
33,63,35,35
13,3,35,35
13,3,35,35
84,3,35,35
84,86,35,35
71,72,35,35
71,15,35,35
71,73,35,35
71,117,35,35
71,5,35,35
53,3,35,35
3,53,35,35
53,70,35,35
59,85,35,35
59,84,35,35
59,47,35,35
59,68,35,35
59,69,35,35
59,56,35,35
59,86,35,35
59,89,35,35
59,48,35,35
59,76,35,35
59,88,35,35
59,94,35,35
59,2,35,35
14,13,35,35
80,26,35,35
73,72,35,35
1,58,35,35
26,80,35,35
26,24,35,35
88,1,35,35
4,106,35,35
13,4,35,35
13,3,35,35
58,1,35,35
4,3,35,35
4,13,35,35
58,1,35,35
13,14,35,35
13,14,35,35
1,58,35,35
14,13,35,35
84,19,35,35
14,13,35,35
58,83,35,35
13,14,35,35
13,14,35,35
14,13,35,35
14,13,35,35
13,14,35,35
53,70,35,35
13,14,35,35
14,13,35,35
24,66,35,35
84,70,35,35
84,50,35,35
84,19,35,35
84,40,35,35
10,21,35,35
21,10,35,35
13,40,35,35
50,76,35,35
14,32,35,35
32,14,35,35
13,40,35,35
13,4,35,35
13,17,35,35
13,3,35,35
13,8,35,35
13,14,35,35
14,13,35,35
33,58,35,35
14,13,35,35
86,19,35,35
58,33,35,35
53,70,35,35
14,13,35,35
32,14,35,35
13,14,35,35
13,14,35,35
13,14,35,35
68,48,35,35
68,47,35,35
68,85,35,35
14,13,35,35
14,13,35,35
14,32,35,35
70,53,35,35
13,14,35,35
68,85,35,35
13,14,35,35
68,85,35,35
14,13,35,35
14,13,35,35
13,14,35,35
68,47,35,35
13,14,35,35
14,13,35,35
14,13,35,35
70,53,35,35
2,14,35,35
2,65,35,35
2,9,35,35
47,68,35,35
47,59,35,35
67,3,35,35
13,14,35,35
20,63,35,35
14,2,35,35
59,47,35,35
68,47,35,35
74,9,35,35
74,14,35,35
74,65,35,35
74,17,35,35
74,72,35,35
17,74,35,35
14,74,35,35
47,68,35,35
65,74,35,35
13,3,35,35
13,53,35,35
13,50,35,35
13,4,35,35
17,1,35,35
1,17,35,35
53,70,35,35
51,24,35,35
51,46,35,35
95,104,35,35
76,50,35,35
76,40,35,35
6,106,35,35
68,48,35,35
40,76,35,35
76,40,35,35
33,54,35,35
4,65,35,35
4,17,35,35
4,13,35,35
54,33,35,35
6,1,35,35
1,6,35,35
68,48,35,35
3,66,35,35
3,67,35,35
3,13,35,35
3,4,35,35
3,68,35,35
3,8,35,35
3,40,35,35
3,85,35,35
3,69,35,35
3,17,35,35
3,9,35,35
1,38,35,35
26,83,35,35
65,2,35,35
63,20,35,35
13,3,35,35
4,3,35,35
32,15,35,35
56,88,35,35
70,53,35,35
53,70,35,35
53,40,35,35
57,76,35,35
57,88,35,35
57,18,35,35
57,84,35,35
57,86,35,35
57,104,35,35
86,57,35,35
17,3,35,35
103,105,35,35
84,57,35,35
88,57,35,35
88,56,35,35
66,3,35,35
33,54,35,35
66,77,35,35
54,33,35,35
77,66,35,35
19,1,35,35
19,76,35,35
19,89,35,35
1,19,35,35
8,3,35,35
56,84,35,35
76,70,35,35
76,19,35,35
21,86,35,35
86,21,35,35
89,19,35,35
84,56,35,35
84,76,35,35
14,44,35,35
19,67,35,35
19,66,35,35
19,1,35,35
19,9,35,35
19,17,35,35
19,18,35,35
19,7,35,35
19,38,35,35
19,90,35,35
19,91,35,35
17,19,35,35
7,19,35,35
1,19,35,35
76,57,35,35
44,14,35,35
66,19,35,35
83,24,35,35
18,57,35,35
18,19,35,35
83,58,35,35
74,59,35,35
65,59,35,35
59,74,35,35
86,19,35,35
77,66,35,35
76,50,35,35
6,106,35,35
85,3,35,35
104,44,35,35
6,106,35,35
53,70,35,35
53,4,35,35
4,13,35,35
4,3,35,35
4,53,35,35
3,4,35,35
70,53,35,35
66,24,35,35
85,3,35,35
53,70,35,35
53,4,35,35
59,65,35,35
86,50,35,35
77,66,35,35
71,72,35,35
71,73,35,35
84,76,35,35
27,63,35,35
76,84,35,35
70,53,35,35
70,53,35,35
2,14,35,35
2,65,35,35
2,9,35,35
14,2,35,35
34,2,35,35
66,24,35,35
24,66,35,35
63,27,35,35
4,53,35,35
53,84,35,35
51,8,35,35
51,13,35,35
51,3,35,35
3,51,35,35
24,66,35,35
24,72,35,35
24,26,35,35
24,25,35,35
24,15,35,35
24,31,35,35
24,32,35,35
8,51,35,35
25,24,35,35
48,56,35,35
48,86,35,35
32,24,35,35
86,48,35,35
56,48,35,35
4,53,35,35
13,4,35,35
13,51,35,35
50,47,35,35
50,3,35,35
50,68,35,35
50,8,35,35
8,50,35,35
48,86,35,35
48,56,35,35
56,48,35,35
70,86,35,35
70,69,35,35
86,70,35,35
86,48,35,35
48,56,35,35
48,86,35,35
86,48,35,35
56,86,35,35
26,24,35,35
56,48,35,35
50,53,35,35
56,86,35,35
86,56,35,35
47,50,35,35
86,56,35,35
3,50,35,35
67,66,35,35
67,19,35,35
67,3,35,35
53,50,35,35
84,57,35,35
84,19,35,35
65,80,35,35
65,2,35,35
7,51,35,35
24,27,35,35
24,26,35,35
19,86,35,35
38,1,35,35
50,53,35,35
86,67,35,35
86,15,35,35
86,66,35,35
86,9,35,35
86,3,35,35
86,72,35,35
86,65,35,35
86,56,35,35
86,69,35,35
86,68,35,35
86,48,35,35
69,86,35,35
53,50,35,35
3,40,35,35
3,8,35,35
3,13,35,35
3,4,35,35
86,40,35,35
86,82,35,35
86,93,35,35
86,101,35,35
86,124,35,35
86,27,35,35
38,30,35,35
8,3,35,35
27,24,35,35
65,40,35,35
53,4,35,35
86,82,35,35
86,4,35,35
86,13,35,35
84,53,35,35
84,19,35,35
84,57,35,35
50,70,35,35
1,5,36,36
1,6,36,36
1,7,36,36
1,2,36,36
1,3,36,36
1,8,36,36
1,9,36,36
1,10,36,36
1,11,36,36
1,12,36,36
1,65,36,36
1,13,36,36
1,14,36,36
1,15,36,36
1,4,36,36
1,16,36,36
1,17,36,36
13,3,36,36
96,15,36,36
96,61,36,36
96,12,36,36
40,65,36,36
31,24,36,36
4,3,36,36
4,16,36,36
61,96,36,36
16,4,36,36
104,57,36,36
104,30,36,36
2,69,36,36
2,88,36,36
2,84,36,36
2,86,36,36
2,56,36,36
12,96,36,36
5,71,36,36
5,72,36,36
5,73,36,36
5,74,36,36
5,15,36,36
5,11,36,36
72,15,36,36
72,5,36,36
72,71,36,36
12,71,36,36
12,5,36,36
12,72,36,36
12,73,36,36
12,15,36,36
12,96,36,36
12,96,36,36
13,7,36,36
4,53,36,36
50,8,36,36
39,29,36,36
72,71,36,36
3,4,36,36
3,66,36,36
3,67,36,36
3,8,36,36
3,13,36,36
3,40,36,36
3,68,36,36
3,69,36,36
3,84,36,36
3,85,36,36
3,17,36,36
17,3,36,36
11,5,36,36
13,3,36,36
71,72,36,36
14,13,36,36
74,5,36,36
8,3,36,36
8,50,36,36
13,14,36,36
75,47,36,36
50,15,36,36
50,54,36,36
4,3,36,36
13,14,36,36
14,13,36,36
29,39,36,36
14,13,36,36
53,4,36,36
13,14,36,36
13,14,36,36
72,71,36,36
72,73,36,36
72,12,36,36
72,15,36,36
72,5,36,36
72,117,36,36
72,74,36,36
14,13,36,36
14,13,36,36
13,14,36,36
14,13,36,36
13,14,36,36
13,14,36,36
14,13,36,36
13,14,36,36
14,13,36,36
14,13,36,36
13,14,36,36
13,14,36,36
14,13,36,36
14,13,36,36
13,14,36,36
13,14,36,36
14,13,36,36
14,13,36,36
80,65,36,36
13,14,36,36
13,14,36,36
14,13,36,36
67,3,36,36
14,13,36,36
13,14,36,36
7,13,36,36
33,54,36,36
13,14,36,36
5,12,36,36
18,7,36,36
18,95,36,36
14,13,36,36
14,13,36,36
56,2,36,36
65,4,36,36
17,56,36,36
17,15,36,36
17,54,36,36
14,59,36,36
86,2,36,36
56,17,36,36
11,5,36,36
14,15,36,36
7,18,36,36
48,47,36,36
47,48,36,36
43,42,36,36
43,45,36,36
43,79,36,36
33,54,36,36
45,43,36,36
13,14,36,36
13,14,36,36
14,13,36,36
5,88,36,36
5,56,36,36
5,11,36,36
47,18,36,36
47,55,36,36
56,5,36,36
42,43,36,36
54,50,36,36
54,33,36,36
56,55,36,36
56,18,36,36
14,13,36,36
18,47,36,36
54,17,36,36
54,33,36,36
2,74,36,36
2,72,36,36
2,40,36,36
18,56,36,36
66,3,36,36
88,5,36,36
70,50,36,36
88,2,36,36
45,24,36,36
24,45,36,36
74,104,36,36
88,1,36,36
74,2,36,36
4,65,36,36
76,40,36,36
76,70,36,36
4,65,36,36
55,56,36,36
66,24,36,36
40,76,36,36
66,115,36,36
63,42,36,36
63,22,36,36
63,98,36,36
95,18,36,36
77,66,36,36
29,7,36,36
13,14,36,36
21,86,36,36
13,14,36,36
7,29,36,36
86,21,36,36
7,29,36,36
76,40,36,36
14,13,36,36
14,13,36,36
42,63,36,36
71,117,36,36
71,72,36,36
71,15,36,36
71,73,36,36
71,5,36,36
66,77,36,36
13,14,36,36
29,7,36,36
83,23,36,36
39,62,36,36
84,76,36,36
84,76,36,36
12,74,36,36
12,72,36,36
77,66,36,36
83,33,36,36
84,3,36,36
84,86,36,36
48,93,36,36
93,48,36,36
84,2,36,36
6,1,36,36
6,7,36,36
20,42,36,36
20,7,36,36
20,3,36,36
20,22,36,36
7,20,36,36
6,1,36,36
6,7,36,36
96,15,36,36
96,61,36,36
48,47,36,36
59,2,36,36
59,123,36,36
70,56,36,36
56,70,36,36
56,70,36,36
3,20,36,36
62,39,36,36
6,40,36,36
6,3,36,36
6,8,36,36
6,41,36,36
74,12,36,36
33,83,36,36
48,8,36,36
59,56,36,36
59,84,36,36
59,48,36,36
59,68,36,36
59,69,36,36
59,85,36,36
59,86,36,36
59,89,36,36
59,76,36,36
59,88,36,36
59,47,36,36
59,94,36,36
59,2,36,36
56,59,36,36
65,4,36,36
47,48,36,36
47,55,36,36
98,63,36,36
59,67,36,36
21,84,36,36
50,76,36,36
76,50,36,36
59,67,36,36
4,65,36,36
59,67,36,36
33,1,36,36
33,7,36,36
33,15,36,36
59,67,36,36
70,86,36,36
70,69,36,36
38,36,36,36
76,50,36,36
14,95,36,36
59,67,36,36
4,65,36,36
4,9,36,36
4,13,36,36
4,17,36,36
59,67,36,36
59,67,36,36
42,20,36,36
59,67,36,36
50,41,36,36
50,48,36,36
50,3,36,36
59,67,36,36
56,88,36,36
88,56,36,36
8,48,36,36
13,4,36,36
65,4,36,36
47,50,36,36
50,76,36,36
72,3,36,36
72,40,36,36
45,63,36,36
14,13,36,36
13,14,36,36
13,14,36,36
33,54,36,36
54,33,36,36
86,70,36,36
84,21,36,36
86,1,36,36
14,13,36,36
48,68,36,36
14,13,36,36
95,14,36,36
13,14,36,36
61,96,36,36
76,50,36,36
13,14,36,36
14,13,36,36
14,13,36,36
33,54,36,36
6,106,36,36
63,45,36,36
6,106,36,36
13,14,36,36
54,33,36,36
13,14,36,36
14,13,36,36
56,88,36,36
14,13,36,36
13,14,36,36
80,65,36,36
13,14,36,36
14,13,36,36
14,13,36,36
13,14,36,36
13,14,36,36
14,13,36,36
76,50,36,36
14,13,36,36
65,80,36,36
13,14,36,36
13,14,36,36
14,13,36,36
14,13,36,36
13,14,36,36
23,83,36,36
50,76,36,36
38,37,36,36
38,36,36,36
38,1,36,36
38,37,36,36
38,36,36,36
38,1,36,36
84,53,36,36
8,66,36,36
8,3,36,36
8,44,36,36
8,32,36,36
8,50,36,36
76,50,36,36
18,81,36,36
18,7,36,36
18,43,36,36
18,27,36,36
18,56,36,36
18,48,36,36
56,18,36,36
76,50,36,36
32,8,36,36
88,56,36,36
50,76,36,36
7,18,36,36
48,18,36,36
53,50,36,36
53,74,36,36
53,3,36,36
76,50,36,36
17,4,36,36
88,15,36,36
88,61,36,36
88,96,36,36
88,12,36,36
55,47,36,36
56,18,36,36
40,72,36,36
40,3,36,36
3,50,36,36
3,8,36,36
3,53,36,36
3,40,36,36
3,72,36,36
3,40,36,36
32,104,36,36
32,7,36,36
32,112,36,36
7,32,36,36
112,32,36,36
85,3,36,36
74,53,36,36
2,9,36,36
2,65,36,36
2,14,36,36
65,2,36,36
84,53,36,36
30,7,36,36
30,32,36,36
14,13,36,36
7,30,36,36
14,13,36,36
6,106,36,36
6,106,36,36
27,18,36,36
77,66,36,36
38,37,36,36
106,117,36,36
106,71,36,36
37,38,36,36
13,14,36,36
13,14,36,36
13,14,36,36
14,13,36,36
13,14,36,36
14,13,36,36
12,31,36,36
12,25,36,36
48,50,36,36
14,13,36,36
31,12,36,36
25,12,36,36
13,14,36,36
13,14,36,36
14,13,36,36
14,13,36,36
13,14,36,36
65,59,36,36
65,14,36,36
13,14,36,36
14,13,36,36
14,13,36,36
14,65,36,36
13,14,36,36
48,47,36,36
90,19,36,36
80,38,36,36
14,13,36,36
47,48,36,36
38,80,36,36
13,14,36,36
13,14,36,36
14,13,36,36
2,22,36,36
2,95,36,36
2,42,36,36
2,33,36,36
2,83,36,36
2,106,36,36
14,13,36,36
32,30,36,36
95,2,36,36
42,2,36,36
42,63,36,36
106,2,36,36
13,14,36,36
104,59,36,36
13,14,36,36
42,43,36,36
42,29,36,36
14,13,36,36
14,13,36,36
14,13,36,36
43,18,36,36
63,42,36,36
13,14,36,36
103,24,36,36
103,26,36,36
103,105,36,36
13,14,36,36
13,14,36,36
13,14,36,36
66,77,36,36
14,13,36,36
14,13,36,36
14,13,36,36
13,14,36,36
29,42,36,36
13,14,36,36
105,103,36,36
14,13,36,36
14,13,36,36
13,14,36,36
13,14,36,36
14,13,36,36
24,103,36,36
14,13,36,36
13,14,36,36
13,14,36,36
14,13,36,36
14,13,36,36
90,115,36,36
47,68,36,36
47,59,36,36
13,14,36,36
13,14,36,36
14,13,36,36
14,13,36,36
13,14,36,36
59,47,36,36
40,72,36,36
40,3,36,36
42,22,36,36
42,43,36,36
67,66,36,36
54,15,36,36
59,67,36,36
77,66,36,36
83,2,36,36
53,84,36,36
48,50,36,36
66,8,36,36
3,40,36,36
84,53,36,36
43,42,36,36
43,42,36,36
85,81,36,36
34,24,36,36
43,81,36,36
43,27,36,36
55,47,36,36
24,34,36,36
74,72,36,36
85,48,36,36
48,85,36,36
84,76,36,36
115,67,36,36
115,14,36,36
28,29,36,36
29,28,36,36
115,90,36,36
59,94,36,36
76,84,36,36
21,86,36,36
84,76,36,36
86,21,36,36
48,85,36,36
50,17,36,36
50,3,36,36
48,85,36,36
67,115,36,36
2,74,36,36
2,72,36,36
2,40,36,36
85,48,36,36
86,53,36,36
85,47,36,36
27,43,36,36
47,85,36,36
48,85,36,36
85,48,36,36
48,85,36,36
85,48,36,36
50,3,36,36
50,17,36,36
84,50,36,36
84,19,36,36
84,18,36,36
50,70,36,36
37,38,36,36
1,2,36,36
1,3,36,36
1,13,36,36
1,5,36,36
1,6,36,36
1,7,36,36
1,8,36,36
1,9,36,36
1,10,36,36
1,11,36,36
1,12,36,36
1,65,36,36
1,14,36,36
1,15,36,36
1,4,36,36
1,16,36,36
1,17,36,36
38,37,36,36
4,13,36,36
4,13,36,36
4,106,36,36
3,13,36,36
13,4,36,36
13,4,36,36
18,107,36,36
18,108,36,36
18,99,36,36
18,109,36,36
96,15,36,36
96,61,36,36
96,12,36,36
100,7,36,36
61,96,36,36
42,43,36,36
44,8,36,36
4,86,36,36
15,50,36,36
15,54,36,36
15,32,36,36
45,22,36,36
3,50,36,36
3,52,36,36
3,27,36,36
3,8,36,36
3,13,36,36
3,51,36,36
3,18,36,36
3,40,36,36
3,20,36,36
3,53,36,36
15,12,36,36
74,2,36,36
15,12,36,36
15,17,36,36
15,17,36,36
12,15,36,36
15,5,36,36
15,12,36,36
54,15,36,36
37,38,36,36
15,32,36,36
15,96,36,36
15,96,36,36
15,96,36,36
15,96,36,36
5,54,36,36
5,11,36,36
52,3,36,36
15,24,36,36
8,3,36,36
94,65,36,36
94,14,36,36
15,24,36,36
14,94,36,36
15,14,36,36
15,54,36,36
15,54,36,36
54,5,36,36
20,3,36,36
3,66,36,36
3,68,36,36
3,84,36,36
3,67,36,36
3,8,36,36
3,13,36,36
3,40,36,36
3,4,36,36
3,69,36,36
3,85,36,36
3,17,36,36
15,113,36,36
15,113,36,36
4,3,36,36
32,15,36,36
66,3,36,36
66,27,36,36
67,3,36,36
27,3,36,36
18,3,36,36
8,3,36,36
65,94,36,36
86,4,36,36
83,63,36,36
79,57,36,36
86,4,36,36
79,57,36,36
17,56,36,36
17,15,36,36
17,54,36,36
56,17,36,36
15,17,36,36
65,94,36,36
63,83,36,36
113,15,36,36
113,117,36,36
59,67,36,36
15,113,36,36
59,2,36,36
70,50,36,36
68,47,36,36
4,86,36,36
53,3,36,36
13,3,36,36
37,36,36,36
13,3,36,36
13,14,36,36
14,13,36,36
14,13,36,36
13,14,36,36
68,50,36,36
14,13,36,36
38,37,36,36
38,36,36,36
38,1,36,36
94,65,36,36
68,3,36,36
1,38,36,36
36,38,36,36
68,3,36,36
13,14,36,36
13,14,36,36
68,47,36,36
68,69,36,36
69,68,36,36
14,13,36,36
79,59,36,36
14,13,36,36
13,14,36,36
13,14,36,36
14,13,36,36
14,13,36,36
44,112,36,36
44,112,36,36
117,15,36,36
32,30,36,36
15,117,36,36
59,79,36,36
47,48,36,36
48,47,36,36
32,104,36,36
32,7,36,36
32,11,36,36
83,30,36,36
11,5,36,36
11,5,36,36
76,40,36,36
1,38,36,36
47,48,36,36
68,38,36,36
30,83,36,36
84,3,36,36
84,86,36,36
33,117,36,36
112,44,36,36
71,72,36,36
71,15,36,36
71,73,36,36
71,5,36,36
71,117,36,36
2,72,36,36
2,40,36,36
2,74,36,36
44,14,36,36
59,65,36,36
112,44,36,36
37,38,36,36
68,47,36,36
74,2,36,36
13,14,36,36
24,83,36,36
24,66,36,36
24,26,36,36
24,15,36,36
14,44,36,36
44,14,36,36
44,38,36,36
5,11,36,36
40,76,36,36
5,117,36,36
5,15,36,36
5,83,36,36
54,15,36,36
54,10,36,36
54,17,36,36
94,14,36,36
94,65,36,36
1,8,36,36
1,50,36,36
14,94,36,36
76,40,36,36
76,40,36,36
83,24,36,36
83,5,36,36
40,76,36,36
50,70,36,36
17,3,36,36
76,40,36,36
15,14,36,36
15,66,36,36
14,15,36,36
15,24,36,36
15,5,36,36
15,54,36,36
84,57,36,36
84,19,36,36
12,96,36,36
86,123,36,36
86,59,36,36
65,94,36,36
10,54,36,36
70,86,36,36
70,69,36,36
44,112,36,36
112,44,36,36
86,70,36,36
8,1,36,36
59,9,36,36
59,14,36,36
59,67,36,36
37,38,36,36
38,37,36,36
70,50,36,36
54,15,36,36
33,2,36,36
16,13,36,36
13,16,36,36
66,15,36,36
66,24,36,36
6,106,36,36
15,54,36,36
77,66,36,36
47,40,36,36
47,75,36,36
77,66,36,36
47,68,36,36
47,59,36,36
59,47,36,36
51,3,36,36
75,47,36,36
13,106,36,36
13,4,36,36
72,27,36,36
40,47,36,36
40,75,36,36
43,95,36,36
15,72,36,36
43,95,36,36
75,49,36,36
75,40,36,36
47,40,36,36
47,40,36,36
21,86,36,36
43,42,36,36
43,29,36,36
47,48,36,36
47,68,36,36
43,80,36,36
43,95,36,36
43,58,36,36
43,6,36,36
43,21,36,36
43,81,36,36
43,42,36,36
43,42,36,36
21,43,36,36
43,42,36,36
43,2,36,36
43,21,36,36
43,95,36,36
95,43,36,36
43,95,36,36
21,86,36,36
32,30,36,36
75,50,36,36
68,47,36,36
68,47,36,36
86,21,36,36
86,21,36,36
85,3,36,36
6,43,36,36
42,43,36,36
42,43,36,36
25,24,36,36
25,26,36,36
24,25,36,36
72,74,36,36
49,75,36,36
79,43,36,36
79,43,36,36
79,43,36,36
79,43,36,36
79,43,36,36
59,56,36,36
59,86,36,36
59,48,36,36
59,94,36,36
59,68,36,36
59,69,36,36
59,85,36,36
59,84,36,36
59,89,36,36
59,76,36,36
59,88,36,36
59,47,36,36
59,2,36,36
48,59,36,36
76,69,36,36
69,76,36,36
107,18,36,36
76,69,36,36
96,121,36,36
121,96,36,36
67,18,36,36
70,53,36,36
80,43,36,36
84,13,36,36
14,67,36,36
67,68,36,36
67,14,36,36
18,107,36,36
18,19,36,36
18,108,36,36
18,55,36,36
18,57,36,36
18,99,36,36
18,109,36,36
88,89,36,36
15,3,36,36
15,40,36,36
15,61,36,36
15,12,36,36
19,18,36,36
12,15,36,36
61,15,36,36
19,86,36,36
17,50,36,36
17,50,36,36
86,19,36,36
15,61,36,36
15,96,36,36
68,47,36,36
14,66,36,36
85,27,36,36
85,3,36,36
44,112,36,36
112,44,36,36
55,18,36,36
3,15,36,36
3,85,36,36
61,15,36,36
106,117,36,36
106,71,36,36
71,72,36,36
66,14,36,36
50,48,36,36
48,50,36,36
50,41,36,36
50,93,36,36
50,101,36,36
50,124,36,36
50,27,36,36
85,13,36,36
14,67,36,36
14,9,36,36
53,70,36,36
86,4,36,36
84,53,36,36
1,5,36,36
1,6,36,36
1,7,36,36
1,2,36,36
1,3,36,36
1,8,36,36
1,9,36,36
1,10,36,36
1,11,36,36
1,12,36,36
1,65,36,36
1,13,36,36
1,14,36,36
1,15,36,36
1,4,36,36
1,16,36,36
1,17,36,36
1,6,36,36
1,7,36,36
1,2,36,36
1,10,36,36
1,11,36,36
1,12,36,36
1,13,36,36
1,4,36,36
1,16,36,36
18,3,36,36
13,85,36,36
107,18,36,36
96,15,36,36
96,61,36,36
96,12,36,36
96,15,36,36
101,50,36,36
96,15,36,36
96,61,36,36
61,96,36,36
61,96,36,36
27,85,36,36
27,50,36,36
3,18,36,36
93,50,36,36
3,66,36,36
104,32,36,36
14,115,36,36
19,86,36,36
71,12,36,36
63,43,36,36
12,96,36,36
94,65,36,36
94,14,36,36
14,94,36,36
3,13,36,36
3,66,36,36
3,67,36,36
3,8,36,36
3,40,36,36
3,4,36,36
3,68,36,36
3,85,36,36
3,69,36,36
3,17,36,36
17,3,36,36
13,3,36,36
15,96,36,36
15,96,36,36
68,3,36,36
14,13,36,36
8,3,36,36
13,14,36,36
13,14,36,36
14,13,36,36
12,15,36,36
50,48,36,36
67,3,36,36
67,14,36,36
21,88,36,36
18,84,36,36
18,50,36,36
15,12,36,36
13,30,36,36
112,36,36,36
54,39,36,36
88,21,36,36
43,63,36,36
17,54,36,36
17,56,36,36
17,15,36,36
15,17,36,36
30,13,36,36
50,75,36,36
54,15,36,36
75,50,36,36
15,54,36,36
47,68,36,36
47,48,36,36
16,40,36,36
65,94,36,36
65,94,36,36
94,65,36,36
16,8,36,36
68,47,36,36
12,15,36,36
15,12,36,36
39,54,36,36
84,18,36,36
2,72,36,36
2,40,36,36
2,74,36,36
86,19,36,36
59,68,36,36
59,86,36,36
59,84,36,36
59,48,36,36
59,76,36,36
59,47,36,36
59,69,36,36
59,56,36,36
59,85,36,36
59,89,36,36
59,88,36,36
59,94,36,36
59,2,36,36
54,17,36,36
27,39,36,36
27,66,36,36
27,3,36,36
27,15,36,36
27,26,36,36
27,62,36,36
27,13,36,36
27,40,36,36
27,8,36,36
27,5,36,36
76,69,36,36
76,69,36,36
74,2,36,36
62,27,36,36
5,27,36,36
74,59,36,36
33,83,36,36
45,77,36,36
59,74,36,36
3,27,36,36
3,18,36,36
3,20,36,36
3,51,36,36
3,52,36,36
3,50,36,36
3,53,36,36
3,4,36,36
18,90,36,36
117,5,36,36
117,15,36,36
117,83,36,36
148,84,36,36
30,15,36,36
30,33,36,36
30,54,36,36
15,27,36,36
15,30,36,36
30,3,36,36
30,8,36,36
30,17,36,36
30,3,36,36
30,17,36,36
30,13,36,36
30,20,36,36
13,27,36,36
13,30,36,36
30,15,36,36
30,5,36,36
30,54,36,36
30,33,36,36
30,39,36,36
53,3,36,36
30,13,36,36
15,30,36,36
52,3,36,36
3,30,36,36
3,30,36,36
15,117,36,36
13,30,36,36
5,30,36,36
5,117,36,36
47,68,36,36
13,7,36,36
15,7,36,36
15,1,36,36
11,5,36,36
1,15,36,36
74,13,36,36
17,50,36,36
17,3,36,36
17,8,36,36
17,66,36,36
5,83,36,36
7,15,36,36
13,40,36,36
13,74,36,36
18,3,36,36
18,20,36,36
30,83,36,36
93,86,36,36
8,17,36,36
8,27,36,36
8,30,36,36
5,117,36,36
5,15,36,36
5,83,36,36
5,54,36,36
15,5,36,36
8,1,36,36
8,7,36,36
20,30,36,36
20,18,36,36
1,8,36,36
7,8,36,36
33,30,36,36
33,30,36,36
7,13,36,36
117,5,36,36
117,15,36,36
117,83,36,36
117,54,36,36
15,117,36,36
6,106,36,36
5,117,36,36
6,106,36,36
5,117,36,36
68,47,36,36
2,72,36,36
2,40,36,36
2,74,36,36
39,27,36,36
39,30,36,36
71,72,36,36
16,13,36,36
42,22,36,36
42,63,36,36
42,63,36,36
42,22,36,36
105,103,36,36
59,44,36,36
59,123,36,36
13,16,36,36
50,86,36,36
50,8,36,36
13,106,36,36
13,4,36,36
14,13,36,36
13,14,36,36
74,2,36,36
13,14,36,36
14,13,36,36
86,40,36,36
14,13,36,36
20,3,36,36
14,36,36,36
76,19,36,36
13,14,36,36
3,18,36,36
3,17,36,36
75,50,36,36
15,39,36,36
54,30,36,36
54,30,36,36
54,5,36,36
54,117,36,36
85,68,36,36
86,93,36,36
85,3,36,36
86,50,36,36
68,85,36,36
20,3,36,36
124,50,36,36
124,4,36,36
90,18,36,36
90,18,36,36
68,67,36,36
83,33,36,36
83,117,36,36
83,5,36,36
83,30,36,36
3,20,36,36
83,5,36,36
83,117,36,36
33,83,36,36
20,3,36,36
39,15,36,36
21,86,36,36
86,21,36,36
39,120,36,36
17,30,36,36
17,30,36,36
71,54,36,36
84,3,36,36
84,40,36,36
84,8,36,36
3,20,36,36
105,103,36,36
8,41,36,36
8,50,36,36
61,96,36,36
41,8,36,36
41,50,36,36
99,18,36,36
18,90,36,36
99,18,36,36
99,18,36,36
99,18,36,36
18,38,36,36
18,99,36,36
38,18,36,36
38,37,36,36
86,53,36,36
3,53,36,36
53,3,36,36
68,1,36,36
68,38,36,36
89,95,36,36
89,69,36,36
69,89,36,36
43,79,36,36
105,103,36,36
53,86,36,36
86,53,36,36
53,84,36,36
50,47,36,36
7,32,36,36
47,50,36,36
84,19,36,36
84,53,36,36
84,53,36,36
47,50,36,36
54,71,36,36
39,15,36,36
7,8,36,36
53,86,36,36
86,50,36,36
86,53,36,36
91,19,36,36
8,7,36,36
8,1,36,36
8,7,36,36
7,8,36,36
1,8,36,36
50,86,36,36
86,50,36,36
68,47,36,36
71,54,36,36
95,89,36,36
67,72,36,36
15,39,36,36
74,18,36,36
74,53,36,36
53,74,36,36
53,84,36,36
68,85,36,36
84,53,36,36
59,80,36,36
86,53,36,36
86,53,36,36
86,53,36,36
86,53,36,36
86,40,36,36
86,8,36,36
86,81,36,36
86,50,36,36
86,3,36,36
86,69,36,36
18,3,37,37
40,86,37,37
96,61,37,37
96,61,37,37
96,15,37,37
96,12,37,37
96,15,37,37
96,61,37,37
4,3,37,37
4,3,37,37
61,96,37,37
61,96,37,37
13,14,37,37
13,8,37,37
79,43,37,37
14,13,37,37
40,15,37,37
42,18,37,37
14,13,37,37
13,14,37,37
13,14,37,37
14,13,37,37
120,39,37,37
14,13,37,37
15,96,37,37
15,96,37,37
50,86,37,37
15,40,37,37
13,14,37,37
103,105,37,37
103,105,37,37
12,96,37,37
14,84,37,37
8,13,37,37
103,105,37,37
94,65,37,37
94,14,37,37
40,3,37,37
40,8,37,37
3,40,37,37
18,42,37,37
3,13,37,37
8,40,37,37
3,66,37,37
3,67,37,37
3,8,37,37
3,13,37,37
3,40,37,37
3,4,37,37
3,68,37,37
3,69,37,37
3,85,37,37
3,17,37,37
8,3,37,37
94,68,37,37
94,85,37,37
94,84,37,37
94,69,37,37
94,47,37,37
94,48,37,37
94,76,37,37
94,88,37,37
94,56,37,37
94,86,37,37
56,94,37,37
48,94,37,37
69,94,37,37
38,1,37,37
38,37,37,37
38,36,37,37
32,7,37,37
13,8,37,37
13,3,37,37
13,3,37,37
32,7,37,37
33,15,37,37
65,94,37,37
65,94,37,37
66,3,37,37
15,33,37,37
88,94,37,37
66,3,37,37
66,3,37,37
47,94,37,37
72,15,37,37
47,53,37,37
59,94,37,37
59,2,37,37
67,3,37,37
15,72,37,37
2,72,37,37
2,40,37,37
2,74,37,37
50,8,37,37
68,3,37,37
68,94,37,37
86,50,37,37
88,68,37,37
8,50,37,37
66,17,37,37
86,40,37,37
86,94,37,37
17,3,37,37
17,56,37,37
17,15,37,37
17,54,37,37
15,17,37,37
32,86,37,37
72,86,37,37
53,3,37,37
53,3,37,37
66,24,37,37
53,3,37,37
72,9,37,37
72,14,37,37
72,65,37,37
4,3,37,37
24,66,37,37
2,68,37,37
3,66,37,37
74,2,37,37
76,94,37,37
50,3,37,37
50,27,37,37
94,65,37,37
3,50,37,37
54,17,37,37
21,86,37,37
86,21,37,37
67,66,37,37
47,50,37,37
86,32,37,37
86,32,37,37
33,21,37,37
47,27,37,37
47,68,37,37
47,81,37,37
86,123,37,37
32,24,37,37
21,33,37,37
84,94,37,37
66,3,37,37
24,32,37,37
21,33,37,37
84,14,37,37
32,24,37,37
4,106,37,37
84,14,37,37
15,33,37,37
53,40,37,37
53,84,37,37
53,3,37,37
13,14,37,37
14,84,37,37
14,13,37,37
14,13,37,37
13,14,37,37
68,2,37,37
68,47,37,37
13,14,37,37
14,13,37,37
14,13,37,37
13,14,37,37
14,13,37,37
27,47,37,37
84,14,37,37
3,53,37,37
68,72,37,37
84,53,37,37
71,72,37,37
71,15,37,37
71,73,37,37
71,5,37,37
71,117,37,37
27,50,37,37
47,48,37,37
70,76,37,37
70,69,37,37
74,104,37,37
76,70,37,37
47,48,37,37
94,65,37,37
94,14,37,37
65,94,37,37
14,94,37,37
77,45,37,37
77,45,37,37
104,74,37,37
68,2,37,37
59,2,37,37
65,94,37,37
77,3,37,37
1,6,37,37
94,65,37,37
33,15,37,37
33,21,37,37
33,21,37,37
90,86,37,37
76,19,37,37
86,90,37,37
6,1,37,37
47,75,37,37
47,40,37,37
13,14,37,37
13,14,37,37
84,94,37,37
14,13,37,37
14,13,37,37
50,40,37,37
50,66,37,37
50,8,37,37
50,47,37,37
50,68,37,37
50,3,37,37
68,50,37,37
47,50,37,37
76,53,37,37
75,47,37,37
84,53,37,37
84,53,37,37
74,104,37,37
71,15,37,37
71,72,37,37
4,13,37,37
13,14,37,37
53,86,37,37
86,53,37,37
53,84,37,37
53,76,37,37
151,80,37,37
65,80,37,37
42,18,37,37
76,53,37,37
13,17,37,37
76,53,37,37
13,14,37,37
74,59,37,37
14,13,37,37
14,13,37,37
13,14,37,37
13,14,37,37
14,13,37,37
14,13,37,37
13,14,37,37
13,14,37,37
17,13,37,37
14,13,37,37
14,13,37,37
13,14,37,37
13,14,37,37
14,13,37,37
94,59,37,37
94,84,37,37
84,94,37,37
84,53,37,37
53,76,37,37
14,13,37,37
3,50,37,37
84,53,37,37
76,53,37,37
76,53,37,37
53,76,37,37
53,84,37,37
13,14,37,37
76,53,37,37
13,14,37,37
66,50,37,37
14,13,37,37
59,67,37,37
14,13,37,37
84,53,37,37
13,14,37,37
13,14,37,37
14,13,37,37
8,50,37,37
14,13,37,37
13,14,37,37
13,14,37,37
14,13,37,37
59,94,37,37
59,74,37,37
14,13,37,37
13,14,37,37
6,106,37,37
14,13,37,37
83,66,37,37
13,14,37,37
13,14,37,37
14,13,37,37
14,13,37,37
66,83,37,37
14,13,37,37
33,151,37,37
13,14,37,37
13,14,37,37
13,14,37,37
14,13,37,37
13,14,37,37
14,13,37,37
3,77,37,37
14,13,37,37
13,14,37,37
13,14,37,37
14,13,37,37
3,77,37,37
151,33,37,37
14,13,37,37
13,14,37,37
13,14,37,37
14,13,37,37
77,3,37,37
77,3,37,37
77,3,37,37
21,33,37,37
53,70,37,37
53,4,37,37
6,106,37,37
13,77,37,37
13,3,37,37
13,8,37,37
40,8,37,37
40,16,37,37
40,41,37,37
40,121,37,37
85,94,37,37
85,3,37,37
2,6,37,37
59,67,37,37
2,72,37,37
2,40,37,37
2,74,37,37
6,106,37,37
70,53,37,37
6,2,37,37
103,105,37,37
105,103,37,37
88,68,37,37
74,2,37,37
70,86,37,37
86,70,37,37
67,59,37,37
86,4,37,37
86,13,37,37
90,76,37,37
94,14,37,37
94,65,37,37
14,94,37,37
72,50,37,37
14,13,37,37
13,14,37,37
88,68,37,37
68,88,37,37
13,14,37,37
14,13,37,37
1,38,37,37
1,36,37,37
1,37,37,37
15,40,37,37
15,61,37,37
18,23,37,37
18,7,37,37
18,3,37,37
18,96,37,37
18,53,37,37
18,74,37,37
3,18,37,37
74,18,37,37
7,18,37,37
74,72,37,37
86,50,37,37
37,1,37,37
65,94,37,37
76,40,37,37
85,90,37,37
74,104,37,37
104,74,37,37
63,83,37,37
76,53,37,37
50,86,37,37
86,50,37,37
61,15,37,37
51,3,37,37
76,90,37,37
1,85,37,37
85,1,37,37
85,1,37,37
1,85,37,37
50,86,37,37
50,3,37,37
86,50,37,37
27,77,37,37
76,19,37,37
72,50,37,37
72,68,37,37
90,85,37,37
68,67,37,37
68,85,37,37
47,68,37,37
68,85,37,37
68,47,37,37
68,1,37,37
38,37,37,37
77,66,37,37
77,27,37,37
77,13,37,37
37,38,37,37
40,76,37,37
96,15,37,37
96,61,37,37
96,12,37,37
96,15,37,37
96,61,37,37
101,93,37,37
101,57,37,37
101,130,37,37
101,109,37,37
101,82,37,37
101,6,37,37
101,19,37,37
54,71,37,37
6,101,37,37
61,96,37,37
83,63,37,37
75,50,37,37
27,42,37,37
93,101,37,37
15,96,37,37
15,96,37,37
94,65,37,37
94,14,37,37
19,101,37,37
1,4,37,37
1,2,37,37
1,16,37,37
1,13,37,37
1,12,37,37
1,7,37,37
1,11,37,37
1,6,37,37
1,10,37,37
82,101,37,37
6,1,37,37
7,1,37,37
11,1,37,37
82,40,37,37
3,66,37,37
3,40,37,37
3,68,37,37
3,17,37,37
3,67,37,37
3,8,37,37
3,13,37,37
3,4,37,37
3,69,37,37
3,85,37,37
13,1,37,37
13,3,37,37
10,1,37,37
20,3,37,37
1,13,37,37
3,20,37,37
40,53,37,37
94,88,37,37
94,48,37,37
94,68,37,37
94,86,37,37
94,56,37,37
94,76,37,37
94,69,37,37
94,84,37,37
94,85,37,37
94,47,37,37
88,94,37,37
38,37,37,37
47,94,37,37
3,42,37,37
3,64,37,37
3,44,37,37
3,20,37,37
3,66,37,37
3,8,37,37
65,94,37,37
65,94,37,37
16,1,37,37
67,3,37,37
42,3,37,37
8,3,37,37
42,63,37,37
42,22,37,37
4,3,37,37
42,27,37,37
8,3,37,37
4,1,37,37
37,38,37,37
4,53,37,37
63,42,37,37
67,68,37,37
67,59,37,37
80,84,37,37
80,65,37,37
2,1,37,37
59,2,37,37
59,94,37,37
80,65,37,37
13,1,37,37
24,32,37,37
13,1,37,37
32,24,37,37
94,65,37,37
17,3,37,37
32,39,37,37
37,38,37,37
37,36,37,37
66,3,37,37
32,39,37,37
53,18,37,37
1,13,37,37
66,3,37,37
76,81,37,37
76,40,37,37
76,94,37,37
1,4,37,37
1,16,37,37
3,17,37,37
3,9,37,37
17,3,37,37
86,19,37,37
86,94,37,37
4,1,37,37
24,32,37,37
24,25,37,37
24,26,37,37
24,66,37,37
24,3,37,37
24,51,37,37
24,8,37,37
24,103,37,37
24,15,37,37
24,83,37,37
24,117,37,37
24,39,37,37
24,18,37,37
24,105,37,37
24,30,37,37
68,94,37,37
68,3,37,37
105,24,37,37
75,50,37,37
75,50,37,37
39,32,37,37
20,3,37,37
70,76,37,37
70,86,37,37
86,70,37,37
39,32,37,37
39,24,37,37
17,56,37,37
17,15,37,37
17,54,37,37
15,17,37,37
94,72,37,37
94,40,37,37
94,74,37,37
16,1,37,37
15,24,37,37
59,94,37,37
59,2,37,37
3,24,37,37
74,94,37,37
70,75,37,37
3,13,37,37
115,66,37,37
76,53,37,37
13,3,37,37
13,3,37,37
37,36,37,37
74,59,37,37
8,24,37,37
53,40,37,37
53,76,37,37
30,24,37,37
83,24,37,37
51,24,37,37
138,47,37,37
140,122,37,37
1,50,37,37
27,3,37,37
27,13,37,37
27,81,37,37
27,69,37,37
27,18,37,37
27,66,37,37
27,39,37,37
69,27,37,37
71,54,37,37
71,72,37,37
71,15,37,37
71,73,37,37
71,5,37,37
71,117,37,37
76,53,37,37
50,1,37,37
39,32,37,37
39,32,37,37
1,50,37,37
76,53,37,37
13,27,37,37
65,80,37,37
39,32,37,37
65,80,37,37
75,70,37,37
3,27,37,37
3,50,37,37
3,53,37,37
53,3,37,37
10,7,37,37
7,10,37,37
3,13,37,37
53,76,37,37
18,72,37,37
18,104,37,37
104,18,37,37
18,27,37,37
54,17,37,37
84,94,37,37
84,80,37,37
32,24,37,37
72,3,37,37
32,24,37,37
32,24,37,37
76,53,37,37
76,53,37,37
18,24,37,37
54,15,37,37
40,3,37,37
40,72,37,37
3,40,37,37
84,50,37,37
66,27,37,37
66,115,37,37
24,32,37,37
24,32,37,37
50,84,37,37
66,24,37,37
59,72,37,37
59,67,37,37
105,103,37,37
39,27,37,37
24,66,37,37
24,3,37,37
24,83,37,37
24,8,37,37
24,15,37,37
24,26,37,37
24,32,37,37
3,24,37,37
47,68,37,37
76,40,37,37
86,88,37,37
83,24,37,37
76,70,37,37
68,47,37,37
76,68,37,37
68,76,37,37
47,50,37,37
47,40,37,37
76,70,37,37
76,68,37,37
32,24,37,37
75,50,37,37
39,27,37,37
84,50,37,37
143,80,37,37
140,122,37,37
27,39,37,37
27,39,37,37
47,48,37,37
15,24,37,37
96,12,37,37
96,18,37,37
76,40,37,37
76,53,37,37
54,15,37,37
90,84,37,37
90,69,37,37
69,90,37,37
86,59,37,37
59,74,37,37
50,75,37,37
3,51,37,37
94,65,37,37
94,14,37,37
39,27,37,37
8,24,37,37
4,106,37,37
50,75,37,37
6,1,37,37
1,6,37,37
77,66,37,37
6,106,37,37
40,49,37,37
84,90,37,37
103,105,37,37
75,50,37,37
75,50,37,37
103,24,37,37
65,94,37,37
65,94,37,37
94,74,37,37
94,72,37,37
94,40,37,37
94,65,37,37
66,24,37,37
25,24,37,37
45,112,37,37
71,72,37,37
66,67,37,37
112,45,37,37
150,36,37,37
47,50,37,37
77,66,37,37
68,86,37,37
68,88,37,37
68,86,37,37
59,67,37,37
6,1,37,37
1,6,37,37
1,6,37,37
86,53,37,37
6,1,37,37
59,123,37,37
59,79,37,37
59,95,37,37
77,27,37,37
1,6,37,37
66,67,37,37
19,79,37,37
65,94,37,37
6,106,37,37
21,84,37,37
70,1,37,37
84,50,37,37
79,19,37,37
38,1,37,37
38,37,37,37
74,94,37,37
85,94,37,37
53,4,37,37
53,70,37,37
53,18,37,37
53,3,37,37
85,3,37,37
15,54,37,37
84,76,37,37
15,54,37,37
4,53,37,37
20,63,37,37
76,40,37,37
4,53,37,37
18,53,37,37
96,121,37,37
40,76,37,37
76,40,37,37
94,65,37,37
6,1,37,37
77,32,37,37
68,85,37,37
3,53,37,37
3,72,37,37
72,74,37,37
86,68,37,37
42,63,37,37
72,104,37,37
19,79,37,37
42,14,37,37
42,9,37,37
19,86,37,37
42,63,37,37
2,40,37,37
2,72,37,37
2,74,37,37
42,63,37,37
42,63,37,37
42,63,37,37
42,63,37,37
94,65,37,37
94,14,37,37
6,106,37,37
74,2,37,37
24,25,37,37
88,68,37,37
63,20,37,37
70,53,37,37
25,24,37,37
54,15,37,37
24,32,37,37
75,50,37,37
53,3,37,37
53,50,37,37
89,79,37,37
89,84,37,37
76,19,37,37
53,4,37,37
79,19,37,37
59,68,37,37
59,69,37,37
59,56,37,37
59,85,37,37
59,86,37,37
59,84,37,37
59,89,37,37
59,48,37,37
59,76,37,37
59,2,37,37
59,88,37,37
59,47,37,37
59,94,37,37
53,76,37,37
76,53,37,37
6,1,37,37
19,76,37,37
53,86,37,37
76,19,37,37
3,53,37,37
3,50,37,37
42,6,37,37
24,25,37,37
47,48,37,37
25,24,37,37
53,3,37,37
84,89,37,37
71,38,37,37
141,104,37,37
138,47,37,37
3,66,37,37
3,77,37,37
3,53,37,37
3,50,37,37
148,84,37,37
53,3,37,37
15,54,37,37
66,3,37,37
32,24,37,37
86,53,37,37
86,40,37,37
47,40,37,37
47,75,37,37
42,63,37,37
32,83,37,37
50,86,37,37
59,67,37,37
86,50,37,37
24,3,37,37
24,8,37,37
24,66,37,37
24,26,37,37
3,24,37,37
3,51,37,37
68,67,37,37
68,66,37,37
68,3,37,37
68,86,37,37
68,69,37,37
68,72,37,37
68,9,37,37
68,15,37,37
68,14,37,37
68,65,37,37
68,56,37,37
68,88,37,37
56,68,37,37
3,8,37,37
3,13,37,37
3,40,37,37
3,4,37,37
22,6,37,37
67,66,37,37
67,66,37,37
8,24,37,37
8,3,37,37
80,67,37,37
74,4,37,37
67,80,37,37
83,32,37,37
50,84,37,37
84,50,37,37
50,75,37,37
59,67,37,37
68,1,37,37
84,94,37,37
84,59,37,37
59,67,37,37
145,68,37,37
138,47,37,37
148,84,37,37
148,84,37,37
139,57,37,37
150,36,37,37
140,122,37,37
148,84,37,37
143,80,37,37
150,36,37,37
6,42,37,37
6,22,37,37
13,3,37,37
96,15,37,37
96,61,37,37
96,12,37,37
4,3,37,37
4,74,37,37
96,15,37,37
96,61,37,37
25,9,37,37
61,96,37,37
61,96,37,37
121,96,37,37
141,104,37,37
143,80,37,37
148,84,37,37
1,6,37,37
1,70,37,37
13,14,37,37
15,96,37,37
15,96,37,37
14,13,37,37
75,47,37,37
75,50,37,37
75,70,37,37
14,13,37,37
49,65,37,37
13,14,37,37
13,14,37,37
14,13,37,37
3,17,37,37
3,66,37,37
3,67,37,37
3,128,37,37
3,13,37,37
3,40,37,37
3,4,37,37
3,68,37,37
3,69,37,37
3,85,37,37
4,9,37,37
4,65,37,37
4,17,37,37
4,3,37,37
4,74,37,37
4,73,37,37
4,71,37,37
4,13,37,37
4,3,37,37
49,1,37,37
17,3,37,37
14,13,37,37
94,65,37,37
94,14,37,37
6,1,37,37
49,50,37,37
49,17,37,37
1,6,37,37
50,49,37,37
49,50,37,37
49,50,37,37
14,31,37,37
94,76,37,37
94,84,37,37
94,68,37,37
94,69,37,37
94,56,37,37
94,88,37,37
94,85,37,37
94,47,37,37
94,48,37,37
94,86,37,37
50,70,37,37
31,14,37,37
76,94,37,37
47,94,37,37
32,83,37,37
15,72,37,37
15,71,37,37
15,73,37,37
50,47,37,37
50,48,37,37
31,42,37,37
31,63,37,37
47,50,37,37
22,72,37,37
70,75,37,37
70,50,37,37
67,3,37,37
31,25,37,37
50,49,37,37
1,7,37,37
67,42,37,37
65,94,37,37
12,96,37,37
71,15,37,37
68,3,37,37
65,94,37,37
7,15,37,37
7,1,37,37
15,7,37,37
68,94,37,37
49,50,37,37
65,94,37,37
94,72,37,37
94,40,37,37
94,74,37,37
94,65,37,37
50,75,37,37
13,14,37,37
13,14,37,37
13,3,37,37
14,13,37,37
88,94,37,37
17,15,37,37
17,54,37,37
17,56,37,37
71,5,37,37
14,13,37,37
13,14,37,37
13,14,37,37
14,13,37,37
14,13,37,37
31,45,37,37
30,45,37,37
45,30,37,37
43,42,37,37
43,42,37,37
43,45,37,37
43,79,37,37
1,6,37,37
43,79,37,37
54,17,37,37
50,75,37,37
13,14,37,37
47,48,37,37
13,14,37,37
14,13,37,37
14,13,37,37
13,14,37,37
13,14,37,37
14,13,37,37
25,31,37,37
86,19,37,37
86,19,37,37
86,40,37,37
86,94,37,37
12,1,37,37
31,103,37,37
75,50,37,37
103,31,37,37
31,103,37,37
75,50,37,37
31,103,37,37
103,31,37,37
74,94,37,37
1,49,37,37
79,43,37,37
79,43,37,37
79,89,37,37
30,25,37,37
25,30,37,37
6,1,37,37
42,43,37,37
42,43,37,37
15,17,37,37
84,94,37,37
8,62,37,37
117,5,37,37
117,54,37,37
54,117,37,37
86,50,37,37
52,103,37,37
54,15,37,37
15,54,37,37
6,1,37,37
1,6,37,37
74,59,37,37
59,69,37,37
59,86,37,37
59,84,37,37
59,76,37,37
59,47,37,37
59,68,37,37
59,56,37,37
59,85,37,37
59,89,37,37
59,48,37,37
59,88,37,37
59,94,37,37
59,2,37,37
62,8,37,37
1,6,37,37
59,74,37,37
15,7,37,37
49,1,37,37
49,1,37,37
67,66,37,37
1,49,37,37
20,63,37,37
74,4,37,37
63,20,37,37
24,66,37,37
6,1,37,37
94,65,37,37
94,14,37,37
7,15,37,37
65,94,37,37
76,50,37,37
72,67,37,37
50,76,37,37
65,94,37,37
76,50,37,37
83,32,37,37
76,50,37,37
32,83,37,37
4,74,37,37
80,67,37,37
40,16,37,37
40,8,37,37
94,65,37,37
103,52,37,37
32,83,37,37
65,9,37,37
86,13,37,37
86,4,37,37
49,50,37,37
84,79,37,37
84,59,37,37
84,69,37,37
84,123,37,37
83,32,37,37
84,50,37,37
67,80,37,37
14,13,37,37
83,24,37,37
32,24,37,37
83,63,37,37
24,83,37,37
24,32,37,37
75,50,37,37
42,67,37,37
42,91,37,37
42,63,37,37
33,63,37,37
94,72,37,37
94,40,37,37
94,74,37,37
12,15,37,37
40,16,37,37
40,8,37,37
50,86,37,37
86,50,37,37
13,14,37,37
13,14,37,37
14,13,37,37
80,18,37,37
80,31,37,37
80,67,37,37
31,80,37,37
69,18,37,37
16,40,37,37
18,80,37,37
75,50,37,37
53,84,37,37
53,4,37,37
32,25,37,37
6,106,37,37
63,83,37,37
63,33,37,37
63,42,37,37
13,3,37,37
3,13,37,37
32,83,37,37
94,80,37,37
32,24,37,37
74,94,37,37
32,24,37,37
4,53,37,37
8,40,37,37
8,40,37,37
69,90,37,37
4,70,37,37
7,14,37,37
76,89,37,37
80,94,37,37
76,84,37,37
76,19,37,37
76,57,37,37
67,80,37,37
84,53,37,37
67,42,37,37
85,13,37,37
85,3,37,37
24,32,37,37
24,32,37,37
14,7,37,37
84,53,37,37
14,7,37,37
96,121,37,37
85,94,37,37
85,3,37,37
4,106,37,37
32,24,37,37
94,72,37,37
94,40,37,37
94,74,37,37
40,121,37,37
76,84,37,37
45,43,37,37
24,32,37,37
94,65,37,37
94,14,37,37
65,94,37,37
45,32,37,37
32,45,37,37
45,86,37,37
13,85,37,37
86,45,37,37
45,76,37,37
3,85,37,37
45,27,37,37
45,115,37,37
88,15,37,37
7,14,37,37
45,68,37,37
45,53,37,37
76,45,37,37
7,14,37,37
14,7,37,37
27,45,37,37
76,123,37,37
27,45,37,37
13,4,37,37
93,86,37,37
4,13,37,37
74,94,37,37
115,45,37,37
68,45,37,37
86,93,37,37
84,57,37,37
86,93,37,37
50,76,37,37
76,50,37,37
39,15,37,37
83,26,37,37
50,86,37,37
123,79,37,37
86,50,37,37
14,7,37,37
70,4,37,37
74,72,37,37
76,84,37,37
50,75,37,37
75,50,37,37
37,1,37,37
37,19,37,37
19,37,37,37
1,37,37,37
19,1,37,37
19,37,37,37
7,14,37,37
15,39,37,37
15,12,37,37
50,47,37,37
47,50,37,37
37,19,37,37
1,19,37,37
1,19,37,37
1,37,37,37
59,94,37,37
76,84,37,37
43,42,37,37
76,84,37,37
76,84,37,37
76,84,37,37
76,84,37,37
76,84,37,37
50,49,37,37
76,84,37,37
76,84,37,37
76,84,37,37
53,45,37,37
59,84,37,37
59,69,37,37
59,86,37,37
59,76,37,37
53,84,37,37
42,43,37,37
84,53,37,37
34,24,37,37
24,34,37,37
24,26,37,37
86,59,37,37
86,59,37,37
84,53,37,37
79,123,37,37
59,86,37,37
45,27,37,37
53,84,37,37
84,53,37,37
84,76,37,37
76,84,37,37
84,76,37,37
86,76,37,37
76,86,37,37
84,57,37,37
4,74,37,37
6,1,38,38
40,3,38,38
40,8,38,38
96,15,38,38
96,61,38,38
96,12,38,38
96,15,38,38
96,61,38,38
1,6,38,38
3,40,38,38
3,40,38,38
1,6,38,38
73,5,38,38
73,15,38,38
19,57,38,38
19,79,38,38
73,12,38,38
38,1,38,38
1,38,38,38
74,4,38,38
15,96,38,38
15,96,38,38
8,40,38,38
49,50,38,38
94,65,38,38
94,14,38,38
57,19,38,38
57,18,38,38
18,57,38,38
79,19,38,38
94,56,38,38
94,69,38,38
94,76,38,38
94,47,38,38
94,68,38,38
94,84,38,38
94,88,38,38
94,86,38,38
94,48,38,38
94,85,38,38
76,94,38,38
6,1,38,38
3,8,38,38
3,68,38,38
3,69,38,38
3,85,38,38
3,66,38,38
3,67,38,38
3,40,38,38
3,4,38,38
3,17,38,38
3,13,38,38
4,3,38,38
66,3,38,38
65,94,38,38
65,94,38,38
66,3,38,38
84,94,38,38
66,72,38,38
66,27,38,38
47,94,38,38
56,17,38,38
84,57,38,38
56,94,38,38
66,24,38,38
56,94,38,38
56,94,38,38
56,94,38,38
40,49,38,38
48,94,38,38
48,94,38,38
48,94,38,38
48,94,38,38
4,40,38,38
49,40,38,38
8,3,38,38
17,3,38,38
40,3,38,38
40,8,38,38
40,68,38,38
40,72,38,38
40,69,38,38
17,56,38,38
17,15,38,38
17,54,38,38
24,112,38,38
8,40,38,38
40,4,38,38
112,24,38,38
4,40,38,38
84,18,38,38
84,19,38,38
84,57,38,38
88,94,38,38
68,40,38,38
56,17,38,38
15,17,38,38
68,94,38,38
3,40,38,38
59,65,38,38
3,66,38,38
3,67,38,38
94,65,38,38
86,94,38,38
84,68,38,38
84,48,38,38
88,56,38,38
84,68,38,38
84,48,38,38
84,56,38,38
84,86,38,38
84,85,38,38
84,47,38,38
84,88,38,38
84,89,38,38
84,40,38,38
84,75,38,38
84,70,38,38
84,49,38,38
84,82,38,38
84,21,38,38
84,69,38,38
84,76,38,38
88,56,38,38
84,80,38,38
121,96,38,38
121,40,38,38
94,40,38,38
94,72,38,38
94,74,38,38
88,15,38,38
40,53,38,38
57,84,38,38
84,57,38,38
84,57,38,38
74,94,38,38
45,112,38,38
112,45,38,38
84,57,38,38
54,15,38,38
68,3,38,38
53,40,38,38
19,79,38,38
80,115,38,38
115,80,38,38
59,68,38,38
59,56,38,38
59,84,38,38
59,2,38,38
59,69,38,38
59,85,38,38
59,86,38,38
59,89,38,38
59,48,38,38
59,76,38,38
59,88,38,38
59,47,38,38
59,94,38,38
76,59,38,38
51,3,38,38
84,19,38,38
86,40,38,38
86,75,38,38
86,93,38,38
86,101,38,38
86,124,38,38
86,27,38,38
90,69,38,38
54,17,38,38
74,59,38,38
88,56,38,38
15,88,38,38
71,15,38,38
71,72,38,38
71,73,38,38
71,5,38,38
71,117,38,38
15,54,38,38
15,54,38,38
54,15,38,38
88,15,38,38
88,15,38,38
88,54,38,38
65,59,38,38
40,75,38,38
40,86,38,38
86,40,38,38
77,3,38,38
72,74,38,38
77,3,38,38
69,86,38,38
69,81,38,38
59,74,38,38
77,27,38,38
50,17,38,38
50,3,38,38
54,88,38,38
15,88,38,38
88,15,38,38
74,4,38,38
4,74,38,38
88,54,38,38
17,50,38,38
84,59,38,38
66,3,38,38
3,50,38,38
84,59,38,38
4,106,38,38
21,84,38,38
84,21,38,38
86,40,38,38
40,75,38,38
75,40,38,38
75,40,38,38
85,3,38,38
85,94,38,38
27,77,38,38
84,57,38,38
48,50,38,38
48,50,38,38
48,50,38,38
1,37,38,38
37,1,38,38
75,50,38,38
40,8,38,38
40,3,38,38
8,40,38,38
84,50,38,38
6,106,38,38
57,84,38,38
84,57,38,38
6,106,38,38
40,121,38,38
88,61,38,38
88,96,38,38
88,12,38,38
88,15,38,38
3,40,38,38
51,3,38,38
3,68,38,38
3,85,38,38
3,69,38,38
3,66,38,38
85,3,38,38
68,3,38,38
84,50,38,38
15,54,38,38
27,15,38,38
27,54,38,38
96,121,38,38
15,5,38,38
15,27,38,38
70,50,38,38
57,79,38,38
37,1,38,38
1,37,38,38
42,112,38,38
66,24,38,38
66,3,38,38
3,39,38,38
42,67,38,38
79,57,38,38
18,86,38,38
18,69,38,38
86,18,38,38
57,18,38,38
86,18,38,38
86,69,38,38
18,57,38,38
18,19,38,38
19,18,38,38
57,18,38,38
39,3,38,38
54,15,38,38
69,88,38,38
50,52,38,38
50,86,38,38
17,3,38,38
17,50,38,38
17,8,38,38
17,66,38,38
54,27,38,38
3,17,38,38
52,50,38,38
86,69,38,38
52,103,38,38
103,52,38,38
84,86,38,38
84,59,38,38
50,75,38,38
84,76,38,38
14,65,38,38
14,17,38,38
17,14,38,38
86,50,38,38
14,65,38,38
14,17,38,38
65,14,38,38
75,50,38,38
65,14,38,38
17,14,38,38
121,96,38,38
103,50,38,38
42,95,38,38
84,86,38,38
84,86,38,38
50,75,38,38
50,51,38,38
75,50,38,38
48,47,38,38
48,47,38,38
48,47,38,38
69,86,38,38
68,48,38,38
50,70,38,38
90,84,38,38
84,90,38,38
90,84,38,38
84,90,38,38
48,47,38,38
48,47,38,38
48,47,38,38
48,47,38,38
48,47,38,38
48,47,38,38
48,85,38,38
42,63,38,38
42,63,38,38
85,48,38,38
12,96,38,38
42,63,38,38
42,63,38,38
42,63,38,38
10,43,38,38
12,96,38,38
12,96,38,38
86,53,38,38
57,101,38,38
4,74,38,38
4,65,38,38
4,3,38,38
96,15,38,38
96,61,38,38
96,12,38,38
96,15,38,38
96,61,38,38
8,17,38,38
1,8,38,38
1,15,38,38
1,17,38,38
1,4,38,38
1,10,38,38
1,9,38,38
1,14,38,38
1,13,38,38
1,12,38,38
1,7,38,38
1,3,38,38
1,5,38,38
1,11,38,38
1,16,38,38
1,2,38,38
1,40,38,38
1,65,38,38
1,6,38,38
8,1,38,38
17,1,38,38
16,1,38,38
4,1,38,38
3,4,38,38
3,1,38,38
15,1,38,38
15,96,38,38
12,1,38,38
12,96,38,38
15,96,38,38
74,4,38,38
70,50,38,38
94,48,38,38
94,47,38,38
94,69,38,38
94,68,38,38
94,56,38,38
94,76,38,38
94,88,38,38
94,86,38,38
94,85,38,38
94,84,38,38
7,1,38,38
93,86,38,38
50,15,38,38
15,50,38,38
15,27,38,38
15,54,38,38
70,86,38,38
70,69,38,38
11,1,38,38
6,1,38,38
65,1,38,38
65,4,38,38
112,24,38,38
69,84,38,38
69,89,38,38
69,86,38,38
69,72,38,38
69,70,38,38
27,15,38,38
9,1,38,38
9,65,38,38
42,9,38,38
9,3,38,38
3,66,38,38
3,67,38,38
3,4,38,38
3,68,38,38
3,8,38,38
3,40,38,38
3,69,38,38
3,85,38,38
3,17,38,38
3,13,38,38
17,3,38,38
9,67,38,38
89,69,38,38
9,14,38,38
9,2,38,38
9,4,38,38
9,2,38,38
9,19,38,38
9,3,38,38
9,74,38,38
9,2,38,38
9,2,38,38
9,74,38,38
9,73,38,38
9,2,38,38
9,2,38,38
9,18,38,38
17,56,38,38
17,15,38,38
17,54,38,38
12,56,38,38
56,17,38,38
9,73,38,38
9,2,38,38
56,12,38,38
9,2,38,38
9,2,38,38
9,2,38,38
9,2,38,38
68,94,38,38
56,94,38,38
4,3,38,38
43,10,38,38
18,86,38,38
18,66,38,38
18,3,38,38
18,69,38,38
18,84,38,38
18,76,38,38
18,56,38,38
18,88,38,38
18,57,38,38
18,19,38,38
18,72,38,38
76,18,38,38
57,86,38,38
57,18,38,38
57,69,38,38
19,18,38,38
72,18,38,38
56,18,38,38
68,3,38,38
14,90,38,38
14,68,38,38
14,59,38,38
14,42,38,38
14,63,38,38
54,15,38,38
24,112,38,38
54,17,38,38
68,14,38,38
57,18,38,38
63,14,38,38
88,18,38,38
88,94,38,38
94,72,38,38
94,40,38,38
94,74,38,38
86,93,38,38
56,88,38,38
115,66,38,38
63,14,38,38
53,3,38,38
42,14,38,38
88,56,38,38
8,3,38,38
42,14,38,38
53,3,38,38
15,17,38,38
14,42,38,38
63,42,38,38
56,15,38,38
56,96,38,38
69,18,38,38
86,18,38,38
86,57,38,38
3,18,38,38
3,53,38,38
53,3,38,38
86,94,38,38
3,72,38,38
3,66,38,38
3,53,38,38
75,50,38,38
3,53,38,38
3,72,38,38
3,66,38,38
53,3,38,38
15,56,38,38
3,53,38,38
3,66,38,38
3,77,38,38
37,38,38,38
15,56,38,38
37,36,38,38
74,94,38,38
84,18,38,38
56,15,38,38
66,3,38,38
66,3,38,38
84,94,38,38
66,3,38,38
66,3,38,38
66,115,38,38
103,105,38,38
69,84,38,38
105,103,38,38
84,4,38,38
84,53,38,38
54,15,38,38
15,54,38,38
84,50,38,38
66,18,38,38
15,12,38,38
12,15,38,38
71,15,38,38
71,72,38,38
71,73,38,38
71,5,38,38
71,117,38,38
9,66,38,38
9,66,38,38
54,12,38,38
12,54,38,38
48,40,38,38
74,59,38,38
59,44,38,38
59,79,38,38
59,74,38,38
57,86,38,38
57,18,38,38
57,69,38,38
86,57,38,38
15,56,38,38
86,84,38,38
56,15,38,38
56,15,38,38
90,14,38,38
15,56,38,38
40,48,38,38
15,56,38,38
48,40,38,38
56,15,38,38
23,18,38,38
40,69,38,38
66,9,38,38
66,9,38,38
121,40,38,38
66,9,38,38
69,40,38,38
23,51,38,38
9,66,38,38
84,86,38,38
77,3,38,38
77,3,38,38
80,59,38,38
84,19,38,38
84,57,38,38
96,56,38,38
4,106,38,38
54,15,38,38
74,4,38,38
15,54,38,38
15,54,38,38
59,80,38,38
54,15,38,38
42,95,38,38
40,16,38,38
40,121,38,38
15,56,38,38
56,15,38,38
56,15,38,38
18,57,38,38
18,57,38,38
6,106,38,38
15,56,38,38
4,74,38,38
56,69,38,38
50,75,38,38
15,56,38,38
56,15,38,38
40,121,38,38
75,50,38,38
42,63,38,38
59,112,38,38
59,14,38,38
59,68,38,38
59,94,38,38
59,2,38,38
59,123,38,38
59,104,38,38
59,7,38,38
59,10,38,38
59,95,38,38
59,79,38,38
59,65,38,38
59,115,38,38
59,69,38,38
59,56,38,38
53,84,38,38
53,4,38,38
84,53,38,38
6,106,38,38
85,3,38,38
85,94,38,38
51,23,38,38
51,50,38,38
50,47,38,38
57,86,38,38
57,69,38,38
57,18,38,38
86,57,38,38
69,84,38,38
10,1,38,38
48,94,38,38
54,15,38,38
54,15,38,38
84,53,38,38
84,4,38,38
54,15,38,38
50,17,38,38
50,3,38,38
85,3,38,38
3,85,38,38
94,72,38,38
94,40,38,38
94,74,38,38
3,13,38,38
3,50,38,38
54,117,38,38
38,37,38,38
38,36,38,38
96,121,38,38
74,94,38,38
75,50,38,38
65,59,38,38
3,85,38,38
85,3,38,38
50,17,38,38
50,3,38,38
50,17,38,38
50,3,38,38
94,65,38,38
94,14,38,38
50,17,38,38
3,50,38,38
17,50,38,38
17,50,38,38
86,19,38,38
17,50,38,38
65,94,38,38
43,79,38,38
3,50,38,38
65,94,38,38
18,57,38,38
15,54,38,38
94,65,38,38
15,54,38,38
79,65,38,38
50,17,38,38
66,17,38,38
17,50,38,38
84,19,38,38
84,57,38,38
75,50,38,38
15,54,38,38
53,86,38,38
69,84,38,38
42,44,38,38
50,17,38,38
50,3,38,38
27,66,38,38
27,39,38,38
27,8,38,38
27,3,38,38
27,15,38,38
27,26,38,38
27,62,38,38
27,13,38,38
27,40,38,38
27,5,38,38
3,50,38,38
86,53,38,38
3,27,38,38
112,24,38,38
3,50,38,38
3,53,38,38
3,51,38,38
3,52,38,38
3,18,38,38
3,4,38,38
15,27,38,38
53,3,38,38
8,27,38,38
50,3,38,38
65,59,38,38
27,39,38,38
72,66,38,38
86,40,38,38
72,71,38,38
72,73,38,38
52,3,38,38
86,57,38,38
86,18,38,38
86,93,38,38
86,101,38,38
86,124,38,38
86,27,38,38
69,81,38,38
69,86,38,38
86,70,38,38
85,79,38,38
85,3,38,38
67,9,38,38
67,115,38,38
40,86,38,38
18,3,38,38
96,15,38,38
96,61,38,38
96,12,38,38
57,86,38,38
57,18,38,38
57,69,38,38
69,57,38,38
96,15,38,38
96,61,38,38
96,12,38,38
4,74,38,38
4,65,38,38
4,3,38,38
94,74,38,38
94,72,38,38
94,40,38,38
121,40,38,38
121,96,38,38
74,94,38,38
39,27,38,38
39,27,38,38
94,86,38,38
94,47,38,38
94,68,38,38
94,48,38,38
94,69,38,38
94,84,38,38
94,88,38,38
94,76,38,38
94,56,38,38
69,94,38,38
74,4,38,38
12,96,38,38
19,57,38,38
19,79,38,38
3,50,38,38
3,85,38,38
3,4,38,38
57,19,38,38
72,69,38,38
69,72,38,38
18,57,38,38
75,50,38,38
65,4,38,38
68,94,38,38
73,71,38,38
70,53,38,38
4,3,38,38
4,13,38,38
4,53,38,38
56,94,38,38
4,40,38,38
4,16,38,38
4,18,38,38
3,40,38,38
3,4,38,38
3,66,38,38
3,67,38,38
3,8,38,38
3,68,38,38
3,85,38,38
3,69,38,38
3,17,38,38
3,13,38,38
69,3,38,38
3,86,38,38
3,84,38,38
3,4,38,38
37,38,38,38
17,3,38,38
18,80,38,38
80,18,38,38
17,50,38,38
17,56,38,38
17,15,38,38
17,54,38,38
4,3,38,38
4,3,38,38
4,53,38,38
56,17,38,38
94,72,38,38
94,40,38,38
94,74,38,38
88,15,38,38
70,53,38,38
68,3,38,38
88,94,38,38
71,12,38,38
71,117,38,38
12,96,38,38
4,86,38,38
16,4,38,38
65,95,38,38
88,15,38,38
74,94,38,38
80,18,38,38
7,77,38,38
45,14,38,38
7,117,38,38
7,18,38,38
66,3,38,38
8,3,38,38
54,17,38,38
84,3,38,38
84,94,38,38
54,66,38,38
54,15,38,38
71,15,38,38
71,72,38,38
71,73,38,38
71,5,38,38
71,117,38,38
66,54,38,38
40,121,38,38
38,37,38,38
18,80,38,38
86,57,38,38
86,3,38,38
86,4,38,38
24,80,38,38
86,40,38,38
86,94,38,38
71,73,38,38
4,84,38,38
4,53,38,38
4,70,38,38
84,4,38,38
24,83,38,38
24,26,38,38
17,50,38,38
19,57,38,38
86,53,38,38
12,15,38,38
70,4,38,38
12,15,38,38
14,112,38,38
112,14,38,38
24,83,38,38
68,47,38,38
47,94,38,38
47,50,38,38
47,94,38,38
77,7,38,38
4,70,38,38
37,38,38,38
68,47,38,38
47,68,38,38
47,68,38,38
47,59,38,38
68,47,38,38
84,50,38,38
83,24,38,38
83,24,38,38
6,106,38,38
17,3,38,38
17,8,38,38
17,66,38,38
17,50,38,38
63,51,38,38
8,17,38,38
3,17,38,38
38,1,38,38
57,88,38,38
88,57,38,38
65,95,38,38
65,44,38,38
15,88,38,38
74,59,38,38
88,57,38,38
40,3,38,38
48,47,38,38
47,48,38,38
59,47,38,38
59,74,38,38
121,40,38,38
3,40,38,38
77,15,38,38
57,86,38,38
57,18,38,38
3,8,38,38
84,76,38,38
70,4,38,38
77,5,38,38
77,14,38,38
74,4,38,38
6,106,38,38
153,53,38,38
24,26,38,38
86,57,38,38
86,57,38,38
96,121,38,38
75,50,38,38
8,3,38,38
72,73,38,38
4,74,38,38
86,117,38,38
85,3,38,38
53,70,38,38
53,4,38,38
53,4,38,38
4,106,38,38
53,70,38,38
75,50,38,38
73,71,38,38
121,96,38,38
48,94,38,38
18,57,38,38
18,4,38,38
9,14,38,38
14,9,38,38
57,86,38,38
57,18,38,38
86,57,38,38
90,68,38,38
66,17,38,38
68,90,38,38
90,68,38,38
68,90,38,38
39,15,38,38
39,5,38,38
39,54,38,38
39,83,38,38
39,66,38,38
66,39,38,38
83,39,38,38
37,1,38,38
1,37,38,38
54,39,38,38
105,103,38,38
71,73,38,38
84,50,38,38
3,4,38,38
3,4,38,38
3,4,38,38
68,48,38,38
1,9,38,38
103,105,38,38
54,5,38,38
59,64,38,38
59,42,38,38
59,68,38,38
59,69,38,38
59,56,38,38
69,59,38,38
59,63,38,38
59,65,38,38
9,1,38,38
59,80,38,38
86,40,38,38
90,9,38,38
90,14,38,38
96,15,38,38
96,61,38,38
96,12,38,38
94,84,38,38
94,56,38,38
94,68,38,38
94,69,38,38
94,48,38,38
94,85,38,38
94,47,38,38
94,86,38,38
94,88,38,38
94,76,38,38
47,94,38,38
96,15,38,38
96,61,38,38
96,12,38,38
40,86,38,38
4,3,38,38
4,3,38,38
4,3,38,38
44,3,38,38
44,65,38,38
51,63,38,38
51,3,38,38
14,90,38,38
12,96,38,38
12,96,38,38
24,26,38,38
115,42,38,38
50,75,38,38
18,37,38,38
37,18,38,38
56,94,38,38
88,94,38,38
38,44,38,38
50,75,38,38
75,50,38,38
37,18,38,38
18,37,38,38
3,66,38,38
3,86,38,38
3,85,38,38
3,67,38,38
3,8,38,38
3,40,38,38
3,4,38,38
3,68,38,38
3,84,38,38
3,69,38,38
3,17,38,38
3,13,38,38
17,3,38,38
9,90,38,38
88,54,38,38
75,50,38,38
54,11,38,38
86,3,38,38
17,54,38,38
17,56,38,38
17,15,38,38
86,40,38,38
68,3,38,38
54,17,38,38
11,54,38,38
68,94,38,38
86,94,38,38
66,3,38,38
40,15,38,38
40,12,38,38
40,121,38,38
4,3,38,38
12,40,38,38
51,24,38,38
24,51,38,38
8,3,38,38
50,75,38,38
24,23,38,38
24,51,38,38
23,24,38,38
1,38,38,38
10,44,38,38
51,24,38,38
56,17,38,38
24,51,38,38
44,10,38,38
51,24,38,38
75,50,38,38
50,75,38,38
75,50,38,38
38,1,38,38
18,115,38,38
70,53,38,38
66,3,38,38
66,52,38,38
52,66,38,38
11,54,38,38
59,85,38,38
59,84,38,38
59,48,38,38
59,66,38,38
59,68,38,38
59,69,38,38
59,56,38,38
59,86,38,38
59,89,38,38
59,76,38,38
59,88,38,38
59,47,38,38
59,72,38,38
59,94,38,38
47,59,38,38
54,11,38,38
71,72,38,38
71,117,38,38
71,15,38,38
71,73,38,38
71,5,38,38
115,18,38,38
84,94,38,38
84,3,38,38
18,37,38,38
3,66,38,38
48,94,38,38
115,67,38,38
19,1,38,38
19,38,38,38
37,18,38,38
1,19,38,38
53,70,38,38
1,19,38,38
19,1,38,38
121,40,38,38
14,59,38,38
65,44,38,38
28,27,38,38
28,102,38,38
44,65,38,38
86,19,38,38
28,83,38,38
28,54,38,38
28,20,38,38
54,12,38,38
1,38,38,38
54,28,38,38
12,54,38,38
88,15,38,38
53,86,38,38
56,68,38,38
50,86,38,38
86,50,38,38
54,88,38,38
88,54,38,38
88,54,38,38
88,96,38,38
88,12,38,38
88,61,38,38
74,59,38,38
54,33,38,38
33,54,38,38
59,74,38,38
54,33,38,38
50,52,38,38
45,80,38,38
86,53,38,38
33,54,38,38
53,70,38,38
53,4,38,38
86,19,38,38
86,93,38,38
86,101,38,38
86,124,38,38
86,27,38,38
38,37,38,38
52,50,38,38
50,75,38,38
72,9,38,38
72,14,38,38
72,65,38,38
72,71,38,38
72,73,38,38
75,50,38,38
45,86,38,38
86,45,38,38
68,56,38,38
6,106,38,38
6,106,38,38
86,40,38,38
40,86,38,38
6,106,38,38
86,40,38,38
86,50,38,38
70,53,38,38
4,53,38,38
54,29,38,38
54,5,38,38
54,39,38,38
29,54,38,38
50,41,38,38
50,93,38,38
50,101,38,38
50,124,38,38
50,27,38,38
85,3,38,38
93,50,38,38
101,50,38,38
70,53,38,38
85,94,38,38
66,26,38,38
66,45,38,38
14,59,38,38
45,66,38,38
124,50,38,38
124,50,38,38
124,50,38,38
106,73,38,38
106,117,38,38
85,3,38,38
3,85,38,38
45,24,38,38
68,85,38,38
24,45,38,38
50,75,38,38
3,66,38,38
3,4,38,38
40,8,38,38
23,86,38,38
86,23,38,38
86,23,38,38
66,3,38,38
66,3,38,38
3,66,38,38
56,96,38,38
3,66,38,38
88,96,38,38
88,15,38,38
88,61,38,38
88,12,38,38
4,3,38,38
23,86,38,38
86,23,38,38
86,23,38,38
24,26,38,38
23,86,38,38
40,3,38,38
50,84,38,38
75,50,38,38
50,84,38,38
86,52,38,38
75,50,38,38
50,75,38,38
86,23,38,38
86,23,38,38
3,40,38,38
3,8,38,38
23,86,38,38
34,24,38,38
24,34,38,38
70,86,38,38
75,50,38,38
86,19,38,38
86,57,38,38
86,52,38,38
23,86,38,38
86,23,38,38
8,3,38,38
8,40,38,38
74,4,38,38
53,70,38,38
79,85,38,38
1,7,38,38
7,1,38,38
109,18,38,38
68,48,38,38
68,67,38,38
68,66,38,38
68,9,38,38
68,3,38,38
68,72,38,38
68,15,38,38
68,69,38,38
68,56,38,38
68,65,38,38
69,68,38,38
59,44,38,38
59,123,38,38
53,70,38,38
53,4,38,38
53,40,38,38
86,70,38,38
86,23,38,38
53,40,38,38
53,70,38,38
53,70,38,38
53,70,38,38
53,4,38,38
67,115,38,38
67,59,38,38
15,54,38,38
31,25,38,38
25,31,38,38
4,74,38,38
96,15,38,38
96,61,38,38
96,12,38,38
96,56,38,38
96,15,38,38
96,61,38,38
96,12,38,38
57,88,38,38
57,18,38,38
3,40,38,38
3,8,38,38
3,4,38,38
3,13,38,38
8,3,38,38
49,65,38,38
49,17,38,38
39,54,38,38
1,38,38,38
94,65,38,38
94,14,38,38
12,96,38,38
94,56,38,38
94,68,38,38
94,84,38,38
94,86,38,38
94,47,38,38
94,69,38,38
94,76,38,38
94,88,38,38
94,85,38,38
94,48,38,38
4,3,38,38
66,3,38,38
54,15,38,38
65,94,38,38
65,4,38,38
4,53,38,38
4,65,38,38
4,65,38,38
88,57,38,38
54,15,38,38
4,53,38,38
56,94,38,38
48,94,38,38
65,4,38,38
3,8,38,38
3,66,38,38
3,67,38,38
3,40,38,38
3,4,38,38
3,68,38,38
3,69,38,38
3,86,38,38
3,85,38,38
3,17,38,38
3,13,38,38
17,3,38,38
66,3,38,38
43,42,38,38
43,45,38,38
43,79,38,38
45,43,38,38
43,79,38,38
88,94,38,38
4,3,38,38
65,94,38,38
19,18,38,38
49,50,38,38
79,43,38,38
25,31,38,38
104,30,38,38
40,121,38,38
12,72,38,38
12,71,38,38
12,73,38,38
12,96,38,38
68,50,38,38
94,65,38,38
94,72,38,38
94,40,38,38
94,74,38,38
39,24,38,38
86,3,38,38
86,94,38,38
74,94,38,38
30,104,38,38
84,50,38,38
84,50,38,38
30,104,38,38
104,30,38,38
84,94,38,38
18,69,38,38
69,18,38,38
68,3,38,38
68,94,38,38
18,57,38,38
18,19,38,38
73,12,38,38
19,18,38,38
40,50,38,38
18,19,38,38
18,19,38,38
50,3,38,38
40,86,38,38
40,16,38,38
40,8,38,38
19,18,38,38
3,50,38,38
86,40,38,38
50,49,38,38
16,40,38,38
74,59,38,38
8,3,38,38
8,40,38,38
75,50,38,38
49,50,38,38
72,71,38,38
50,75,38,38
75,50,38,38
88,68,38,38
57,18,38,38
68,88,38,38
71,73,38,38
71,72,38,38
71,5,38,38
71,72,38,38
71,5,38,38
71,15,38,38
71,73,38,38
71,117,38,38
44,45,38,38
18,19,38,38
18,57,38,38
18,99,38,38
18,109,38,38
18,110,38,38
18,107,38,38
18,108,38,38
57,18,38,38
19,18,38,38
40,16,38,38
40,41,38,38
40,8,38,38
56,88,38,38
8,40,38,38
88,56,38,38
16,40,38,38
18,56,38,38
18,88,38,38
18,86,38,38
18,57,38,38
18,66,38,38
18,69,38,38
18,84,38,38
18,76,38,38
18,19,38,38
18,67,38,38
18,3,38,38
18,57,38,38
59,74,38,38
72,15,38,38
72,74,38,38
72,71,38,38
72,73,38,38
72,12,38,38
72,5,38,38
72,117,38,38
3,18,38,38
56,18,38,38
86,50,38,38
31,25,38,38
57,18,38,38
19,18,38,38
18,7,38,38
73,1,38,38
1,73,38,38
37,38,38,38
38,37,38,38
6,106,38,38
84,18,38,38
66,18,38,38
54,15,38,38
54,5,38,38
40,69,38,38
40,86,38,38
40,84,38,38
40,3,38,38
40,8,38,38
69,40,38,38
48,53,38,38
50,40,38,38
86,40,38,38
66,26,38,38
66,24,38,38
84,40,38,38
24,66,38,38
3,40,38,38
121,40,38,38
84,75,38,38
84,40,38,38
59,44,38,38
86,19,38,38
86,18,38,38
94,72,38,38
94,74,38,38
94,40,38,38
74,94,38,38
88,18,38,38
19,86,38,38
14,44,38,38
3,69,38,38
3,4,38,38
3,85,38,38
3,68,38,38
3,8,38,38
3,13,38,38
104,7,38,38
94,65,38,38
94,14,38,38
44,14,38,38
65,94,38,38
88,96,38,38
88,12,38,38
88,61,38,38
48,40,38,38
40,16,38,38
40,8,38,38
31,25,38,38
4,3,38,38
68,3,38,38
86,19,38,38
8,3,38,38
8,40,38,38
8,40,38,38
56,5,38,38
57,107,38,38
77,66,38,38
77,100,38,38
77,3,38,38
56,5,38,38
59,94,38,38
59,2,38,38
50,75,38,38
107,57,38,38
86,50,38,38
43,42,38,38
50,86,38,38
86,50,38,38
84,50,38,38
84,50,38,38
77,3,38,38
77,66,38,38
77,3,38,38
77,66,38,38
77,100,38,38
7,103,38,38
7,1,38,38
7,44,38,38
50,84,39,39
50,3,39,39
153,53,39,39
138,47,39,39
140,122,39,39
153,53,39,39
40,50,39,39
20,28,39,39
20,8,39,39
20,13,39,39
20,52,39,39
20,18,39,39
52,20,39,39
52,86,39,39
29,28,39,39
29,54,39,39
96,15,39,39
96,61,39,39
96,12,39,39
27,28,39,39
27,50,39,39
96,15,39,39
96,61,39,39
96,12,39,39
27,31,39,39
31,27,39,39
31,25,39,39
83,28,39,39
25,31,39,39
83,61,39,39
124,50,39,39
1,7,39,39
124,27,39,39
124,50,39,39
8,20,39,39
3,51,39,39
3,51,39,39
3,51,39,39
70,53,39,39
70,53,39,39
70,53,39,39
5,56,39,39
5,56,39,39
5,54,39,39
5,54,39,39
5,54,39,39
5,39,39,39
11,5,39,39
5,27,39,39
5,15,39,39
75,50,39,39
75,70,39,39
15,5,39,39
59,2,39,39
70,75,39,39
45,26,39,39
51,3,39,39
2,1,39,39
26,45,39,39
3,66,39,39
3,67,39,39
3,8,39,39
3,40,39,39
3,4,39,39
3,85,39,39
3,13,39,39
3,68,39,39
3,69,39,39
3,17,39,39
17,3,39,39
15,88,39,39
94,69,39,39
94,68,39,39
94,86,39,39
94,88,39,39
94,84,39,39
94,56,39,39
94,76,39,39
94,48,39,39
94,85,39,39
56,94,39,39
51,3,39,39
26,66,39,39
45,26,39,39
51,3,39,39
4,3,39,39
26,45,39,39
8,3,39,39
26,66,39,39
26,24,39,39
83,63,39,39
26,24,39,39
26,27,39,39
69,89,39,39
69,84,39,39
69,86,39,39
69,76,39,39
76,69,39,39
63,83,39,39
26,83,39,39
50,51,39,39
65,44,39,39
88,94,39,39
80,84,39,39
80,84,39,39
51,50,39,39
54,5,39,39
6,7,39,39
6,1,39,39
53,48,39,39
66,27,39,39
66,3,39,39
44,65,39,39
70,86,39,39
70,69,39,39
5,54,39,39
67,3,39,39
17,56,39,39
17,54,39,39
17,15,39,39
54,17,39,39
56,17,39,39
48,94,39,39
95,44,39,39
5,11,39,39
95,65,39,39
67,80,39,39
67,91,39,39
67,44,39,39
67,9,39,39
67,66,39,39
2,72,39,39
2,40,39,39
2,74,39,39
74,2,39,39
68,3,39,39
88,15,39,39
44,95,39,39
68,94,39,39
70,53,39,39
104,117,39,39
63,44,39,39
86,52,39,39
69,18,39,39
71,72,39,39
71,5,39,39
71,15,39,39
71,73,39,39
71,117,39,39
71,12,39,39
86,94,39,39
44,63,39,39
6,106,39,39
6,106,39,39
11,83,39,39
69,18,39,39
40,84,39,39
40,69,39,39
40,3,39,39
3,40,39,39
63,27,39,39
90,72,39,39
86,19,39,39
90,3,39,39
86,19,39,39
86,57,39,39
83,63,39,39
83,11,39,39
59,67,39,39
59,72,39,39
27,63,39,39
27,63,39,39
3,90,39,39
3,53,39,39
3,39,39,39
54,15,39,39
54,39,39,39
54,53,39,39
54,96,39,39
54,61,39,39
54,29,39,39
54,120,39,39
54,50,39,39
54,93,39,39
54,101,39,39
54,124,39,39
54,27,39,39
101,54,39,39
53,54,39,39
53,3,39,39
93,54,39,39
29,54,39,39
94,14,39,39
94,9,39,39
94,65,39,39
39,3,39,39
9,94,39,39
9,25,39,39
39,54,39,39
59,2,39,39
65,94,39,39
54,29,39,39
54,15,39,39
54,61,39,39
54,96,39,39
54,119,39,39
54,56,39,39
54,88,39,39
54,39,39,39
54,93,39,39
54,101,39,39
54,124,39,39
54,27,39,39
29,54,39,39
65,94,39,39
101,54,39,39
93,54,39,39
54,15,39,39
54,61,39,39
54,96,39,39
54,56,39,39
54,88,39,39
54,29,39,39
54,119,39,39
54,39,39,39
63,83,39,39
63,27,39,39
56,54,39,39
56,54,39,39
69,86,39,39
29,54,39,39
84,50,39,39
3,4,39,39
3,50,39,39
3,8,39,39
3,40,39,39
3,51,39,39
3,52,39,39
3,53,39,39
3,18,39,39
3,20,39,39
94,65,39,39
44,14,39,39
124,54,39,39
51,3,39,39
70,53,39,39
96,54,39,39
88,54,39,39
88,54,39,39
84,88,39,39
84,40,39,39
84,80,39,39
96,54,39,39
84,80,39,39
59,67,39,39
59,72,39,39
26,24,39,39
106,117,39,39
106,73,39,39
52,3,39,39
84,94,39,39
88,15,39,39
75,50,39,39
8,3,39,39
85,94,39,39
85,3,39,39
85,3,39,39
96,121,39,39
85,3,39,39
85,94,39,39
84,19,39,39
15,66,39,39
59,2,39,39
59,94,39,39
38,90,39,39
39,54,39,39
39,54,39,39
50,86,39,39
86,50,39,39
4,3,39,39
27,54,39,39
27,54,39,39
2,40,39,39
2,72,39,39
2,74,39,39
121,96,39,39
71,8,39,39
53,3,39,39
3,52,39,39
52,3,39,39
86,75,39,39
86,82,39,39
86,70,39,39
86,89,39,39
86,48,39,39
86,56,39,39
86,85,39,39
86,88,39,39
52,103,39,39
103,52,39,39
26,24,39,39
41,50,39,39
41,40,39,39
26,24,39,39
71,72,39,39
71,5,39,39
26,24,39,39
26,103,39,39
26,24,39,39
9,67,39,39
9,66,39,39
45,26,39,39
45,24,39,39
67,9,39,39
38,8,39,39
67,9,39,39
67,66,39,39
83,63,39,39
72,67,39,39
63,83,39,39
71,72,39,39
75,50,39,39
39,50,39,39
39,53,39,39
39,66,39,39
39,3,39,39
70,68,39,39
70,48,39,39
3,39,39,39
3,77,39,39
75,50,39,39
68,70,39,39
38,37,39,39
86,50,39,39
81,47,39,39
81,27,39,39
81,43,39,39
47,81,39,39
70,53,39,39
74,2,39,39
80,72,39,39
38,36,39,39
53,39,39,39
66,39,39,39
66,9,39,39
115,67,39,39
86,69,39,39
69,50,39,39
53,70,39,39
53,70,39,39
59,80,39,39
67,115,39,39
86,40,39,39
90,72,39,39
9,67,39,39
9,66,39,39
86,57,39,39
86,81,39,39
84,18,39,39
84,19,39,39
84,57,39,39
84,69,39,39
68,85,39,39
86,70,39,39
47,68,39,39
47,59,39,39
47,48,39,39
47,48,39,39
1,69,39,39
1,68,39,39
1,14,39,39
1,15,39,39
1,5,39,39
1,3,39,39
1,9,39,39
1,11,39,39
1,65,39,39
1,90,39,39
1,17,39,39
1,5,39,39
1,3,39,39
1,9,39,39
1,11,39,39
1,65,39,39
1,14,39,39
1,17,39,39
1,6,39,39
1,7,39,39
1,2,39,39
1,8,39,39
1,10,39,39
1,12,39,39
1,13,39,39
1,15,39,39
1,4,39,39
1,40,39,39
1,16,39,39
20,3,39,39
107,18,39,39
40,16,39,39
40,8,39,39
40,41,39,39
57,84,39,39
26,24,39,39
26,24,39,39
31,25,39,39
57,84,39,39
57,69,39,39
96,15,39,39
96,61,39,39
96,12,39,39
96,15,39,39
96,61,39,39
96,12,39,39
83,63,39,39
63,83,39,39
31,26,39,39
8,40,39,39
94,65,39,39
94,14,39,39
39,81,39,39
71,5,39,39
71,5,39,39
71,5,39,39
71,5,39,39
71,5,39,39
71,5,39,39
71,5,39,39
71,5,39,39
27,81,39,39
31,26,39,39
11,5,39,39
65,94,39,39
65,94,39,39
26,27,39,39
12,96,39,39
12,15,39,39
94,65,39,39
3,69,39,39
3,66,39,39
3,67,39,39
3,8,39,39
3,40,39,39
3,4,39,39
3,68,39,39
3,85,39,39
3,17,39,39
3,72,39,39
4,3,39,39
66,3,39,39
66,9,39,39
5,11,39,39
117,14,39,39
14,117,39,39
26,45,39,39
38,67,39,39
38,66,39,39
94,48,39,39
94,68,39,39
94,56,39,39
94,76,39,39
94,88,39,39
94,84,39,39
94,86,39,39
94,85,39,39
94,47,39,39
94,69,39,39
8,3,39,39
17,3,39,39
56,94,39,39
3,13,39,39
37,36,39,39
37,38,39,39
68,3,39,39
68,94,39,39
67,3,39,39
67,9,39,39
88,94,39,39
48,27,39,39
48,94,39,39
17,56,39,39
17,15,39,39
17,54,39,39
56,17,39,39
26,66,39,39
5,77,39,39
54,17,39,39
70,53,39,39
86,94,39,39
84,57,39,39
84,57,39,39
84,94,39,39
27,66,39,39
27,26,39,39
27,3,39,39
27,15,39,39
27,62,39,39
27,39,39,39
27,13,39,39
27,40,39,39
27,8,39,39
27,5,39,39
62,27,39,39
3,27,39,39
27,113,39,39
8,27,39,39
27,48,39,39
113,27,39,39
3,50,39,39
3,4,39,39
3,51,39,39
3,52,39,39
3,18,39,39
3,53,39,39
3,20,39,39
52,3,39,39
59,68,39,39
59,86,39,39
59,84,39,39
59,48,39,39
59,76,39,39
59,88,39,39
59,67,39,39
59,72,39,39
59,69,39,39
59,56,39,39
59,85,39,39
59,89,39,39
59,47,39,39
59,94,39,39
59,2,39,39
88,5,39,39
53,3,39,39
71,72,39,39
71,15,39,39
71,73,39,39
71,5,39,39
71,117,39,39
68,48,39,39
5,27,39,39
27,48,39,39
81,39,39,39
40,3,39,39
40,8,39,39
40,16,39,39
5,56,39,39
5,88,39,39
88,5,39,39
56,5,39,39
20,3,39,39
48,27,39,39
7,44,39,39
7,14,39,39
48,40,39,39
48,68,39,39
68,48,39,39
50,41,39,39
50,93,39,39
50,101,39,39
50,124,39,39
50,27,39,39
93,50,39,39
50,86,39,39
41,50,39,39
41,40,39,39
86,50,39,39
74,59,39,39
41,40,39,39
41,50,39,39
14,112,39,39
112,14,39,39
75,50,39,39
23,51,39,39
27,50,39,39
4,3,39,39
70,48,39,39
70,68,39,39
39,27,39,39
48,70,39,39
77,5,39,39
77,5,39,39
77,3,39,39
124,50,39,39
66,26,39,39
53,70,39,39
6,106,39,39
12,15,39,39
68,70,39,39
6,106,39,39
14,77,39,39
33,15,39,39
33,117,39,39
33,83,39,39
33,54,39,39
6,106,39,39
59,74,39,39
2,59,39,39
2,74,39,39
2,72,39,39
2,40,39,39
74,2,39,39
77,14,39,39
59,2,39,39
77,14,39,39
101,50,39,39
40,48,39,39
53,48,39,39
26,66,39,39
26,83,39,39
26,27,39,39
15,88,39,39
54,33,39,39
69,57,39,39
69,84,39,39
69,18,39,39
75,50,39,39
29,23,39,39
29,28,39,39
29,80,39,39
23,29,39,39
85,48,39,39
29,46,39,39
29,93,39,39
51,23,39,39
93,29,39,39
51,3,39,39
85,94,39,39
85,3,39,39
53,70,39,39
81,69,39,39
81,86,39,39
86,81,39,39
39,29,39,39
29,39,39,39
15,88,39,39
53,70,39,39
53,4,39,39
26,25,39,39
14,44,39,39
44,14,39,39
46,29,39,39
59,14,39,39
59,44,39,39
2,59,39,39
2,72,39,39
2,40,39,39
2,74,39,39
26,24,39,39
48,85,39,39
9,67,39,39
9,66,39,39
86,69,39,39
40,8,39,39
40,3,39,39
40,16,39,39
26,83,39,39
37,38,39,39
83,26,39,39
70,53,39,39
70,53,39,39
69,86,39,39
69,8,39,39
69,40,39,39
69,3,39,39
69,66,39,39
81,24,39,39
40,3,39,39
40,72,39,39
59,2,39,39
83,33,39,39
3,40,39,39
3,40,39,39
3,16,39,39
69,86,39,39
8,40,39,39
44,112,39,39
84,19,39,39
84,57,39,39
84,76,39,39
8,69,39,39
69,8,39,39
67,80,39,39
67,9,39,39
69,86,39,39
74,2,39,39
26,83,39,39
26,25,39,39
67,100,39,39
86,93,39,39
86,101,39,39
86,124,39,39
86,27,39,39
72,90,39,39
70,75,39,39
75,70,39,39
84,86,39,39
100,67,39,39
67,100,39,39
100,67,39,39
72,9,39,39
72,14,39,39
72,65,39,39
72,73,39,39
86,50,39,39
3,4,39,39
3,53,39,39
3,13,39,39
3,40,39,39
50,3,39,39
50,86,39,39
3,50,39,39
50,86,39,39
50,3,39,39
86,50,39,39
86,50,39,39
3,50,39,39
50,86,39,39
50,3,39,39
3,50,39,39
86,50,39,39
53,3,39,39
50,75,39,39
48,40,39,39
48,85,39,39
50,52,39,39
85,48,39,39
69,88,39,39
4,3,39,39
4,3,39,39
4,74,39,39
40,121,39,39
96,15,39,39
96,61,39,39
96,12,39,39
96,15,39,39
96,61,39,39
96,12,39,39
94,65,39,39
94,14,39,39
65,94,39,39
121,40,39,39
65,94,39,39
15,96,39,39
15,96,39,39
15,96,39,39
15,96,39,39
15,96,39,39
15,96,39,39
15,96,39,39
15,96,39,39
16,3,39,39
15,96,39,39
15,33,39,39
3,4,39,39
74,4,39,39
44,14,39,39
124,54,39,39
39,81,39,39
75,50,39,39
12,96,39,39
12,96,39,39
12,96,39,39
12,96,39,39
12,96,39,39
94,65,39,39
94,84,39,39
94,48,39,39
94,56,39,39
94,88,39,39
94,76,39,39
94,69,39,39
94,86,39,39
94,68,39,39
94,85,39,39
94,47,39,39
4,3,39,39
3,4,39,39
56,94,39,39
52,50,39,39
71,5,39,39
52,103,39,39
88,94,39,39
103,52,39,39
3,66,39,39
3,67,39,39
3,40,39,39
3,68,39,39
3,69,39,39
3,8,39,39
3,4,39,39
3,85,39,39
3,17,39,39
3,13,39,39
66,3,39,39
4,3,39,39
17,3,39,39
44,7,39,39
40,3,39,39
40,72,39,39
44,38,39,39
38,36,39,39
17,56,39,39
17,15,39,39
17,54,39,39
2,59,39,39
2,72,39,39
2,40,39,39
2,74,39,39
56,17,39,39
4,53,39,39
8,3,39,39
68,3,39,39
68,94,39,39
66,9,39,39
4,53,39,39
31,15,39,39
31,5,39,39
31,3,39,39
14,59,39,39
67,3,39,39
15,17,39,39
7,44,39,39
16,3,39,39
59,2,39,39
59,14,39,39
11,5,39,39
5,11,39,39
48,53,39,39
86,40,39,39
74,2,39,39
48,94,39,39
86,19,39,39
86,94,39,39
20,3,39,39
28,29,39,39
59,2,39,39
45,80,39,39
72,67,39,39
84,94,39,39
119,54,39,39
119,54,39,39
71,72,39,39
71,15,39,39
71,73,39,39
71,5,39,39
71,117,39,39
9,66,39,39
9,67,39,39
53,4,39,39
84,69,39,39
3,40,39,39
2,59,39,39
59,2,39,39
3,13,39,39
3,8,39,39
3,51,39,39
3,20,39,39
3,16,39,39
3,20,39,39
44,59,39,39
44,80,39,39
59,44,39,39
67,9,39,39
3,64,39,39
3,66,39,39
3,9,39,39
3,42,39,39
3,44,39,39
3,20,39,39
3,17,39,39
3,8,39,39
3,18,39,39
9,3,39,39
44,3,39,39
44,7,39,39
9,7,39,39
51,3,39,39
7,9,39,39
7,98,39,39
98,7,39,39
8,3,39,39
8,3,39,39
3,4,39,39
3,13,39,39
3,40,39,39
3,66,39,39
3,53,39,39
53,3,39,39
4,3,39,39
86,75,39,39
86,40,39,39
86,93,39,39
86,101,39,39
86,124,39,39
86,27,39,39
2,59,39,39
20,3,39,39
88,15,39,39
59,94,39,39
59,2,39,39
59,2,39,39
44,38,39,39
74,59,39,39
37,38,39,39
37,36,39,39
37,1,39,39
1,37,39,39
50,3,39,39
3,50,39,39
50,3,39,39
50,38,39,39
59,74,39,39
3,50,39,39
2,69,39,39
74,4,39,39
37,38,39,39
37,36,39,39
37,1,39,39
1,37,39,39
59,2,39,39
59,94,39,39
4,106,39,39
21,86,39,39
86,21,39,39
72,15,39,39
72,5,39,39
6,106,39,39
3,62,39,39
3,113,39,39
3,51,39,39
3,8,39,39
3,20,39,39
3,66,39,39
62,3,39,39
69,2,39,39
3,69,39,39
3,8,39,39
3,40,39,39
85,94,39,39
8,3,39,39
8,3,39,39
69,3,39,39
15,88,39,39
85,3,39,39
88,15,39,39
71,74,39,39
38,36,39,39
73,1,39,39
15,72,39,39
15,5,39,39
73,121,39,39
56,15,39,39
20,3,39,39
72,71,39,39
72,73,39,39
56,15,39,39
56,61,39,39
56,96,39,39
96,121,39,39
1,73,39,39
17,3,39,39
96,56,39,39
84,76,39,39
14,44,39,39
86,69,39,39
4,74,39,39
113,3,39,39
53,70,39,39
15,56,39,39
15,56,39,39
9,38,39,39
121,96,39,39
84,40,39,39
20,3,39,39
40,84,39,39
121,73,39,39
54,17,39,39
86,13,39,39
84,19,39,39
84,40,39,39
53,3,39,39
53,3,39,39
53,3,39,39
3,53,39,39
3,53,39,39
3,53,39,39
59,67,39,39
70,53,39,39
74,4,39,39
86,18,39,39
86,57,39,39
53,70,39,39
66,9,39,39
86,40,39,39
5,15,39,39
66,3,39,39
3,66,39,39
3,77,39,39
3,53,39,39
69,86,39,39
3,39,39,39
53,3,39,39
39,3,39,39
84,69,39,39
66,67,39,39
84,69,39,39
86,40,39,39
69,86,39,39
69,86,39,39
86,81,39,39
67,66,39,39
69,84,39,39
50,48,39,39
50,3,39,39
67,68,39,39
67,66,39,39
9,90,39,39
90,9,39,39
69,76,39,39
69,81,39,39
69,27,39,39
69,81,39,39
69,27,39,39
69,76,39,39
69,86,39,39
86,50,39,39
68,85,39,39
50,86,39,39
86,50,39,39
86,50,39,39
107,18,40,40
4,74,40,40
96,15,40,40
96,61,40,40
96,12,40,40
96,15,40,40
96,61,40,40
96,12,40,40
38,1,40,40
75,50,40,40
75,50,40,40
75,50,40,40
44,14,40,40
15,56,40,40
15,12,40,40
15,96,40,40
15,96,40,40
51,3,40,40
40,96,40,40
40,74,40,40
7,44,40,40
12,15,40,40
74,72,40,40
40,96,40,40
40,3,40,40
3,40,40,40
94,14,40,40
94,65,40,40
70,53,40,40
20,63,40,40
56,15,40,40
56,15,40,40
15,56,40,40
65,94,40,40
65,94,40,40
94,56,40,40
94,86,40,40
94,85,40,40
94,76,40,40
94,88,40,40
94,69,40,40
94,48,40,40
94,68,40,40
94,47,40,40
94,65,40,40
56,94,40,40
20,4,40,40
63,20,40,40
66,3,40,40
66,3,40,40
66,3,40,40
50,75,40,40
96,40,40,40
4,20,40,40
71,15,40,40
32,26,40,40
43,42,40,40
50,75,40,40
48,50,40,40
26,32,40,40
3,66,40,40
3,67,40,40
3,8,40,40
3,40,40,40
3,85,40,40
3,4,40,40
3,68,40,40
3,69,40,40
3,17,40,40
3,13,40,40
4,3,40,40
66,3,40,40
17,3,40,40
8,3,40,40
48,94,40,40
40,16,40,40
88,94,40,40
75,50,40,40
75,50,40,40
67,3,40,40
17,56,40,40
17,15,40,40
17,54,40,40
68,3,40,40
68,94,40,40
56,17,40,40
48,40,40,40
45,80,40,40
45,26,40,40
45,66,40,40
39,117,40,40
26,45,40,40
14,90,40,40
90,67,40,40
2,59,40,40
2,74,40,40
2,72,40,40
2,40,40,40
23,51,40,40
74,59,40,40
59,2,40,40
51,23,40,40
44,66,40,40
44,67,40,40
21,72,40,40
66,45,40,40
59,67,40,40
67,90,40,40
50,75,40,40
86,94,40,40
57,86,40,40
67,44,40,40
86,57,40,40
66,44,40,40
50,75,40,40
59,94,40,40
59,74,40,40
115,67,40,40
71,72,40,40
71,15,40,40
71,73,40,40
71,5,40,40
71,117,40,40
88,57,40,40
88,93,40,40
75,50,40,40
75,50,40,40
50,69,40,40
15,17,40,40
54,17,40,40
57,88,40,40
54,15,40,40
11,5,40,40
6,106,40,40
6,106,40,40
88,57,40,40
40,72,40,40
40,74,40,40
6,106,40,40
74,40,40,40
54,33,40,40
40,48,40,40
25,32,40,40
48,40,40,40
33,54,40,40
89,84,40,40
27,39,40,40
6,106,40,40
32,25,40,40
88,61,40,40
88,96,40,40
88,12,40,40
88,15,40,40
56,69,40,40
69,50,40,40
6,1,40,40
94,14,40,40
94,65,40,40
50,69,40,40
1,6,40,40
39,27,40,40
65,94,40,40
65,94,40,40
84,4,40,40
84,40,40,40
84,53,40,40
37,38,40,40
94,65,40,40
48,8,40,40
48,15,40,40
89,1,40,40
1,89,40,40
84,89,40,40
69,50,40,40
4,106,40,40
70,53,40,40
48,50,40,40
25,26,40,40
74,2,40,40
25,26,40,40
81,50,40,40
53,70,40,40
81,50,40,40
2,40,40,40
2,59,40,40
2,72,40,40
2,74,40,40
26,25,40,40
26,25,40,40
50,41,40,40
50,27,40,40
50,93,40,40
50,101,40,40
50,124,40,40
59,2,40,40
101,50,40,40
93,50,40,40
71,15,40,40
50,48,40,40
15,48,40,40
15,54,40,40
124,50,40,40
57,88,40,40
44,32,40,40
59,94,40,40
59,2,40,40
59,123,40,40
59,79,40,40
85,94,40,40
85,3,40,40
27,50,40,40
66,77,40,40
77,66,40,40
68,48,40,40
15,117,40,40
66,26,40,40
66,15,40,40
66,25,40,40
15,66,40,40
25,66,40,40
88,57,40,40
77,66,40,40
66,80,40,40
8,48,40,40
48,50,40,40
88,105,40,40
8,48,40,40
8,15,40,40
27,77,40,40
96,121,40,40
40,121,40,40
40,8,40,40
40,16,40,40
2,40,40,40
2,74,40,40
2,59,40,40
2,72,40,40
8,40,40,40
1,103,40,40
1,6,40,40
1,4,40,40
1,73,40,40
1,85,40,40
85,1,40,40
94,14,40,40
94,65,40,40
59,2,40,40
1,38,40,40
96,54,40,40
53,70,40,40
53,4,40,40
65,94,40,40
73,1,40,40
65,94,40,40
48,8,40,40
21,86,40,40
80,66,40,40
74,2,40,40
74,2,40,40
86,21,40,40
94,65,40,40
26,66,40,40
4,1,40,40
25,26,40,40
69,94,40,40
44,14,40,40
121,96,40,40
121,40,40,40
43,79,40,40
43,45,40,40
43,79,40,40
43,42,40,40
48,40,40,40
45,43,40,40
19,84,40,40
40,48,40,40
90,14,40,40
54,66,40,40
54,15,40,40
54,5,40,40
33,54,40,40
48,68,40,40
68,48,40,40
84,19,40,40
4,53,40,40
90,14,40,40
106,117,40,40
106,73,40,40
15,54,40,40
69,68,40,40
65,94,40,40
68,48,40,40
86,19,40,40
15,8,40,40
70,53,40,40
86,40,40,40
2,72,40,40
2,74,40,40
2,59,40,40
2,40,40,40
84,19,40,40
59,2,40,40
74,2,40,40
84,40,40,40
103,1,40,40
54,33,40,40
94,65,40,40
74,4,40,40
5,54,40,40
5,11,40,40
66,54,40,40
68,67,40,40
68,72,40,40
68,3,40,40
68,67,40,40
68,66,40,40
68,9,40,40
68,15,40,40
68,56,40,40
68,69,40,40
68,65,40,40
86,40,40,40
86,69,40,40
86,8,40,40
6,1,40,40
4,74,40,40
96,15,40,40
96,61,40,40
96,12,40,40
96,15,40,40
96,61,40,40
96,12,40,40
40,3,40,40
40,8,40,40
40,65,40,40
40,17,40,40
3,40,40,40
1,38,40,40
8,40,40,40
3,40,40,40
3,8,40,40
3,4,40,40
3,13,40,40
8,3,40,40
94,65,40,40
94,14,40,40
12,96,40,40
12,96,40,40
21,57,40,40
21,18,40,40
79,43,40,40
79,43,40,40
79,43,40,40
79,43,40,40
12,15,40,40
32,26,40,40
26,60,40,40
15,96,40,40
15,96,40,40
15,12,40,40
57,21,40,40
12,72,40,40
12,71,40,40
12,73,40,40
72,3,40,40
72,40,40,40
4,65,40,40
4,17,40,40
4,9,40,40
4,3,40,40
17,4,40,40
117,71,40,40
4,74,40,40
3,4,40,40
96,54,40,40
75,50,40,40
54,96,40,40
65,4,40,40
29,56,40,40
29,24,40,40
29,88,40,40
29,43,40,40
29,93,40,40
29,81,40,40
29,58,40,40
29,57,40,40
29,75,40,40
29,83,40,40
29,95,40,40
29,130,40,40
29,109,40,40
93,29,40,40
57,29,40,40
56,29,40,40
2,59,40,40
59,2,40,40
29,48,40,40
3,66,40,40
3,67,40,40
3,8,40,40
3,40,40,40
3,4,40,40
3,68,40,40
3,85,40,40
3,69,40,40
3,17,40,40
3,13,40,40
29,23,40,40
5,72,40,40
5,71,40,40
5,73,40,40
5,74,40,40
5,11,40,40
48,29,40,40
68,3,40,40
23,29,40,40
72,71,40,40
11,5,40,40
11,5,40,40
4,3,40,40
4,3,40,40
66,3,40,40
21,84,40,40
21,47,40,40
47,21,40,40
73,12,40,40
73,5,40,40
32,3,40,40
32,5,40,40
32,26,40,40
32,83,40,40
32,51,40,40
32,15,40,40
2,59,40,40
2,72,40,40
2,40,40,40
2,74,40,40
65,94,40,40
74,5,40,40
65,94,40,40
74,2,40,40
71,72,40,40
83,29,40,40
94,65,40,40
3,8,40,40
3,13,40,40
3,40,40,40
72,15,40,40
72,5,40,40
72,71,40,40
72,73,40,40
72,12,40,40
72,117,40,40
72,74,40,40
83,5,40,40
71,117,40,40
15,42,40,40
9,4,40,40
94,56,40,40
94,88,40,40
94,86,40,40
94,68,40,40
94,69,40,40
94,84,40,40
94,85,40,40
94,76,40,40
94,48,40,40
94,47,40,40
86,94,40,40
17,3,40,40
17,56,40,40
17,15,40,40
17,54,40,40
88,29,40,40
56,94,40,40
15,17,40,40
88,94,40,40
56,17,40,40
48,94,40,40
68,94,40,40
40,15,40,40
8,3,40,40
8,3,40,40
75,29,40,40
54,17,40,40
32,26,40,40
50,103,40,40
84,86,40,40
86,84,40,40
103,50,40,40
84,21,40,40
72,73,40,40
48,40,40,40
26,32,40,40
26,45,40,40
39,3,40,40
39,53,40,40
39,50,40,40
39,66,40,40
151,80,40,40
5,83,40,40
84,94,40,40
66,39,40,40
112,44,40,40
74,4,40,40
5,11,40,40
71,15,40,40
71,72,40,40
71,73,40,40
71,5,40,40
71,117,40,40
72,71,40,40
74,72,40,40
72,74,40,40
40,69,40,40
40,8,40,40
40,3,40,40
3,40,40,40
21,88,40,40
3,39,40,40
88,21,40,40
53,39,40,40
15,117,40,40
15,61,40,40
15,12,40,40
12,15,40,40
69,40,40,40
38,1,40,40
77,27,40,40
69,40,40,40
69,101,40,40
69,19,40,40
69,18,40,40
69,86,40,40
86,69,40,40
3,77,40,40
74,59,40,40
59,74,40,40
77,3,40,40
77,3,40,40
74,2,40,40
74,94,40,40
3,77,40,40
2,74,40,40
15,88,40,40
88,15,40,40
50,75,40,40
77,3,40,40
25,26,40,40
48,56,40,40
56,48,40,40
94,74,40,40
71,25,40,40
14,25,40,40
25,14,40,40
8,40,40,40
14,31,40,40
75,50,40,40
31,14,40,40
74,4,40,40
25,14,40,40
14,25,40,40
25,26,40,40
26,25,40,40
50,41,40,40
50,27,40,40
50,93,40,40
50,101,40,40
50,124,40,40
93,50,40,40
4,74,40,40
48,85,40,40
101,50,40,40
26,25,40,40
80,66,40,40
29,83,40,40
12,15,40,40
75,50,40,40
19,48,40,40
19,81,40,40
48,19,40,40
84,50,40,40
84,3,40,40
3,8,40,40
3,40,40,40
8,3,40,40
3,20,40,40
3,8,40,40
20,3,40,40
66,80,40,40
8,3,40,40
32,26,40,40
32,24,40,40
32,66,40,40
32,83,40,40
124,50,40,40
66,26,40,40
66,25,40,40
66,32,40,40
26,66,40,40
2,59,40,40
2,72,40,40
2,40,40,40
2,74,40,40
72,2,40,40
60,25,40,40
77,27,40,40
33,15,40,40
68,48,40,40
83,29,40,40
25,60,40,40
83,32,40,40
25,66,40,40
6,106,40,40
83,94,40,40
74,2,40,40
96,121,40,40
94,83,40,40
85,48,40,40
85,48,40,40
85,94,40,40
85,3,40,40
1,38,40,40
3,66,40,40
3,85,40,40
3,8,40,40
3,13,40,40
3,68,40,40
3,69,40,40
85,3,40,40
50,57,40,40
68,3,40,40
27,50,40,40
121,96,40,40
57,50,40,40
57,50,40,40
50,57,40,40
66,3,40,40
57,19,40,40
57,18,40,40
57,50,40,40
8,3,40,40
84,69,40,40
57,88,40,40
57,84,40,40
57,86,40,40
57,69,40,40
57,18,40,40
57,76,40,40
76,57,40,40
86,57,40,40
70,53,40,40
84,57,40,40
50,75,40,40
19,57,40,40
84,101,40,40
84,93,40,40
93,84,40,40
71,5,40,40
4,106,40,40
101,84,40,40
75,50,40,40
39,81,40,40
74,9,40,40
74,14,40,40
74,65,40,40
74,72,40,40
50,84,40,40
50,3,40,40
3,66,40,40
15,12,40,40
3,50,40,40
84,93,40,40
84,50,40,40
45,66,40,40
45,26,40,40
53,70,40,40
15,33,40,40
84,101,40,40
84,76,40,40
9,74,40,40
68,48,40,40
84,50,40,40
50,84,40,40
50,3,40,40
3,50,40,40
84,50,40,40
65,74,40,40
70,53,40,40
34,24,40,40
53,75,40,40
53,70,40,40
53,4,40,40
53,70,40,40
70,53,40,40
9,67,40,40
9,66,40,40
84,86,40,40
74,4,40,40
66,3,40,40
66,45,40,40
66,9,40,40
53,70,40,40
53,4,40,40
53,75,40,40
70,53,40,40
50,17,40,40
50,3,40,40
13,1,40,40
13,27,40,40
13,27,40,40
13,20,40,40
13,4,40,40
13,3,40,40
13,3,40,40
13,3,40,40
13,3,40,40
13,3,40,40
13,3,40,40
13,3,40,40
13,3,40,40
13,3,40,40
13,3,40,40
13,3,40,40
13,3,40,40
25,60,40,40
25,26,40,40
13,3,40,40
13,3,40,40
13,3,40,40
13,3,40,40
13,3,40,40
13,3,40,40
13,3,40,40
4,74,40,40
4,53,40,40
4,53,40,40
40,16,40,40
87,6,40,40
96,15,40,40
96,61,40,40
96,12,40,40
26,25,40,40
96,61,40,40
96,12,40,40
96,15,40,40
25,26,40,40
26,25,40,40
87,43,40,40
87,6,40,40
87,1,40,40
87,1,40,40
87,31,40,40
87,46,40,40
87,50,40,40
87,6,40,40
87,2,40,40
87,115,40,40
87,94,40,40
87,10,40,40
87,23,40,40
87,70,40,40
87,70,40,40
87,35,40,40
87,44,40,40
24,81,40,40
24,29,40,40
4,13,40,40
13,4,40,40
16,40,40,40
24,45,40,40
24,34,40,40
24,27,40,40
24,81,40,40
75,53,40,40
17,50,40,40
27,24,40,40
15,96,40,40
15,96,40,40
4,74,40,40
74,4,40,40
112,44,40,40
12,96,40,40
12,96,40,40
12,96,40,40
12,96,40,40
61,15,40,40
61,56,40,40
66,27,40,40
75,53,40,40
3,13,40,40
3,85,40,40
3,66,40,40
3,67,40,40
3,8,40,40
3,40,40,40
3,4,40,40
3,68,40,40
3,69,40,40
3,17,40,40
13,3,40,40
66,3,40,40
60,25,40,40
4,3,40,40
60,25,40,40
26,45,40,40
67,3,40,40
67,9,40,40
94,48,40,40
94,47,40,40
94,56,40,40
94,88,40,40
94,76,40,40
94,69,40,40
94,84,40,40
94,86,40,40
94,68,40,40
94,85,40,40
56,94,40,40
59,74,40,40
59,2,40,40
17,3,40,40
59,2,40,40
59,2,40,40
61,96,40,40
61,96,40,40
47,94,40,40
47,21,40,40
47,94,40,40
7,9,40,40
47,94,40,40
47,94,40,40
11,5,40,40
48,94,40,40
68,3,40,40
68,94,40,40
5,11,40,40
15,66,40,40
66,15,40,40
86,57,40,40
25,60,40,40
8,3,40,40
2,59,40,40
2,72,40,40
2,40,40,40
2,74,40,40
17,56,40,40
17,15,40,40
17,54,40,40
88,57,40,40
15,17,40,40
86,94,40,40
86,94,40,40
88,94,40,40
76,94,40,40
76,57,40,40
76,94,40,40
76,50,40,40
59,2,40,40
76,94,40,40
54,17,40,40
65,71,40,40
76,94,40,40
9,7,40,40
59,44,40,40
86,48,40,40
86,88,40,40
86,13,40,40
86,89,40,40
86,82,40,40
86,40,40,40
86,75,40,40
86,68,40,40
86,69,40,40
86,84,40,40
86,85,40,40
86,21,40,40
86,49,40,40
21,88,40,40
88,21,40,40
56,17,40,40
74,2,40,40
88,15,40,40
44,79,40,40
88,61,40,40
88,96,40,40
88,12,40,40
88,15,40,40
84,94,40,40
67,3,40,40
84,19,40,40
88,15,40,40
88,61,40,40
88,96,40,40
88,12,40,40
50,84,40,40
84,50,40,40
99,18,40,40
54,15,40,40
54,61,40,40
76,50,40,40
99,3,40,40
69,76,40,40
3,99,40,40
13,20,40,40
50,76,40,40
3,53,40,40
3,27,40,40
3,18,40,40
3,55,40,40
3,13,40,40
76,50,40,40
76,50,40,40
13,3,40,40
9,7,40,40
26,24,40,40
61,54,40,40
29,22,40,40
79,44,40,40
7,9,40,40
82,40,40,40
50,3,40,40
50,68,40,40
50,72,40,40
72,50,40,40
3,50,40,40
68,50,40,40
77,27,40,40
80,84,40,40
40,74,40,40
27,3,40,40
84,80,40,40
27,66,40,40
27,3,40,40
27,26,40,40
27,40,40,40
27,15,40,40
27,62,40,40
27,39,40,40
27,13,40,40
27,8,40,40
27,5,40,40
8,27,40,40
27,81,40,40
15,88,40,40
43,42,40,40
15,54,40,40
81,27,40,40
74,40,40,40
43,29,40,40
13,27,40,40
43,81,40,40
83,33,40,40
15,27,40,40
3,27,40,40
59,67,40,40
44,38,40,40
44,36,40,40
44,87,40,40
33,83,40,40
3,51,40,40
3,18,40,40
3,50,40,40
3,52,40,40
3,4,40,40
3,53,40,40
55,3,40,40
4,3,40,40
6,106,40,40
6,106,40,40
79,112,40,40
6,106,40,40
112,79,40,40
5,27,40,40
40,50,40,40
86,19,40,40
88,15,40,40
85,47,40,40
51,3,40,40
58,33,40,40
85,94,40,40
85,3,40,40
47,85,40,40
33,58,40,40
50,40,40,40
52,3,40,40
59,86,40,40
59,84,40,40
59,76,40,40
59,94,40,40
59,2,40,40
59,68,40,40
59,69,40,40
59,56,40,40
59,85,40,40
59,89,40,40
59,48,40,40
59,88,40,40
59,47,40,40
94,65,40,40
94,14,40,40
17,3,40,40
3,17,40,40
2,59,40,40
2,72,40,40
2,40,40,40
2,74,40,40
52,103,40,40
4,106,40,40
65,94,40,40
39,27,40,40
74,2,40,40
21,86,40,40
86,21,40,40
59,68,40,40
59,85,40,40
59,48,40,40
59,2,40,40
52,23,40,40
8,52,40,40
52,8,40,40
53,3,40,40
53,3,40,40
26,27,40,40
54,15,40,40
40,8,40,40
40,16,40,40
53,3,40,40
3,20,40,40
3,53,40,40
3,8,40,40
74,71,40,40
84,19,40,40
59,65,40,40
71,12,40,40
71,5,40,40
74,40,40,40
4,74,40,40
71,65,40,40
76,53,40,40
53,76,40,40
106,117,40,40
106,71,40,40
76,53,40,40
65,44,40,40
84,69,40,40
84,76,40,40
4,13,40,40
4,13,40,40
76,50,40,40
27,77,40,40
71,15,40,40
71,5,40,40
8,3,40,40
76,40,40,40
69,86,40,40
27,63,40,40
84,81,40,40
12,1,40,40
1,12,40,40
3,8,40,40
3,18,40,40
3,13,40,40
69,76,40,40
75,50,40,40
21,86,40,40
32,26,40,40
86,21,40,40
48,85,40,40
85,48,40,40
74,4,40,40
3,27,40,40
3,53,40,40
3,4,40,40
3,13,40,40
74,4,40,40
76,18,40,40
50,86,40,40
86,50,40,40
8,3,40,40
27,3,40,40
71,5,40,40
59,44,40,40
53,3,40,40
53,3,40,40
53,3,40,40
84,50,40,40
50,93,40,40
50,101,40,40
50,124,40,40
50,27,40,40
86,40,40,40
47,40,40,40
47,75,40,40
9,67,40,40
84,75,40,40
84,76,40,40
90,67,40,40
90,66,40,40
90,68,40,40
90,69,40,40
90,38,40,40
1,12,41,41
1,2,41,41
1,4,41,41
1,40,41,41
1,5,41,41
1,6,41,41
1,7,41,41
1,44,41,41
1,3,41,41
1,8,41,41
1,9,41,41
1,10,41,41
1,11,41,41
1,12,41,41
1,65,41,41
1,13,41,41
1,14,41,41
1,15,41,41
1,16,41,41
1,17,41,41
20,3,41,41
13,3,41,41
13,3,41,41
13,4,41,41
13,4,41,41
4,74,41,41
4,3,41,41
101,50,41,41
96,15,41,41
96,61,41,41
96,12,41,41
4,1,41,41
4,13,41,41
1,4,41,41
74,59,41,41
13,4,41,41
15,54,41,41
15,96,41,41
41,50,41,41
44,65,41,41
41,50,41,41
94,56,41,41
94,68,41,41
94,76,41,41
94,88,41,41
94,69,41,41
94,84,41,41
94,86,41,41
94,48,41,41
94,85,41,41
94,47,41,41
4,13,41,41
4,74,41,41
20,3,41,41
3,20,41,41
13,4,41,41
103,52,41,41
75,47,41,41
12,96,41,41
11,5,41,41
5,11,41,41
13,3,41,41
74,4,41,41
14,13,41,41
13,14,41,41
3,66,41,41
3,67,41,41
3,4,41,41
3,8,41,41
3,13,41,41
3,40,41,41
3,68,41,41
3,85,41,41
3,69,41,41
3,17,41,41
13,14,41,41
13,3,41,41
23,52,41,41
14,13,41,41
50,76,41,41
8,3,41,41
14,13,41,41
17,3,41,41
13,14,41,41
13,14,41,41
4,3,41,41
50,76,41,41
14,13,41,41
3,13,41,41
3,40,41,41
3,50,41,41
3,8,41,41
3,51,41,41
3,52,41,41
3,53,41,41
3,18,41,41
3,20,41,41
3,66,41,41
50,76,41,41
52,3,41,41
61,96,41,41
13,3,41,41
47,94,41,41
59,74,41,41
96,61,41,41
96,15,41,41
61,96,41,41
14,13,41,41
13,14,41,41
13,14,41,41
88,94,41,41
14,13,41,41
14,13,41,41
13,14,41,41
4,20,41,41
13,14,41,41
14,13,41,41
14,13,41,41
13,14,41,41
13,14,41,41
14,13,41,41
13,14,41,41
26,25,41,41
14,13,41,41
68,3,41,41
14,13,41,41
13,14,41,41
68,90,41,41
15,96,41,41
67,3,41,41
75,48,41,41
115,67,41,41
115,67,41,41
67,115,41,41
115,67,41,41
56,94,41,41
67,90,41,41
48,75,41,41
83,63,41,41
13,14,41,41
14,13,41,41
68,94,41,41
67,9,41,41
14,13,41,41
13,14,41,41
17,56,41,41
17,15,41,41
17,54,41,41
13,14,41,41
15,17,41,41
14,13,41,41
14,13,41,41
13,14,41,41
47,81,41,41
67,115,41,41
13,14,41,41
40,3,41,41
40,74,41,41
14,13,41,41
13,14,41,41
76,50,41,41
76,50,41,41
76,50,41,41
14,13,41,41
14,13,41,41
13,14,41,41
13,14,41,41
14,13,41,41
14,13,41,41
15,25,41,41
15,26,41,41
74,40,41,41
13,14,41,41
67,115,41,41
25,15,41,41
13,14,41,41
14,13,41,41
14,13,41,41
13,14,41,41
56,17,41,41
13,14,41,41
14,13,41,41
59,67,41,41
40,86,41,41
76,94,41,41
2,59,41,41
20,4,41,41
59,2,41,41
86,40,41,41
86,94,41,41
2,72,41,41
2,40,41,41
2,59,41,41
2,74,41,41
59,2,41,41
40,50,41,41
8,3,41,41
51,3,41,41
74,2,41,41
88,5,41,41
88,5,41,41
84,94,41,41
25,26,41,41
26,25,41,41
63,44,41,41
63,83,41,41
77,9,41,41
76,40,41,41
77,66,41,41
68,59,41,41
26,32,41,41
83,63,41,41
59,85,41,41
59,84,41,41
59,76,41,41
59,88,41,41
59,68,41,41
59,69,41,41
59,56,41,41
59,86,41,41
59,89,41,41
59,48,41,41
59,47,41,41
59,94,41,41
59,2,41,41
69,76,41,41
69,68,41,41
69,86,41,41
69,89,41,41
84,89,41,41
76,40,41,41
26,15,41,41
53,3,41,41
47,40,41,41
12,38,41,41
24,26,41,41
24,83,41,41
24,60,41,41
40,47,41,41
13,14,41,41
14,13,41,41
14,13,41,41
47,50,41,41
13,14,41,41
91,42,41,41
13,14,41,41
47,40,41,41
14,13,41,41
14,13,41,41
13,14,41,41
13,14,41,41
14,13,41,41
14,13,41,41
13,14,41,41
13,14,41,41
14,13,41,41
14,13,41,41
13,14,41,41
13,14,41,41
14,13,41,41
14,13,41,41
13,14,41,41
48,94,41,41
13,14,41,41
54,17,41,41
74,67,41,41
14,13,41,41
83,24,41,41
14,13,41,41
124,50,41,41
66,77,41,41
66,3,41,41
66,3,41,41
74,59,41,41
13,14,41,41
40,3,41,41
40,8,41,41
13,14,41,41
77,66,41,41
14,13,41,41
13,14,41,41
8,40,41,41
26,24,41,41
14,13,41,41
14,13,41,41
67,91,41,41
67,91,41,41
67,91,41,41
63,83,41,41
67,74,41,41
14,13,41,41
67,66,41,41
13,14,41,41
3,40,41,41
13,14,41,41
13,14,41,41
14,13,41,41
13,14,41,41
14,13,41,41
32,26,41,41
13,14,41,41
14,13,41,41
13,14,41,41
13,14,41,41
59,74,41,41
14,13,41,41
14,13,41,41
14,13,41,41
13,14,41,41
13,14,41,41
3,40,41,41
14,13,41,41
14,13,41,41
13,14,41,41
13,14,41,41
3,81,41,41
14,13,41,41
74,40,41,41
14,13,41,41
74,4,41,41
44,87,41,41
69,71,41,41
63,27,41,41
13,14,41,41
13,14,41,41
14,13,41,41
14,13,41,41
13,14,41,41
13,14,41,41
14,13,41,41
86,50,41,41
90,77,41,41
38,36,41,41
76,40,41,41
14,13,41,41
4,74,41,41
77,90,41,41
13,14,41,41
77,90,41,41
19,84,41,41
32,26,41,41
13,14,41,41
6,106,41,41
6,106,41,41
14,13,41,41
85,3,41,41
85,94,41,41
71,9,41,41
14,13,41,41
13,14,41,41
20,3,41,41
32,66,41,41
14,44,41,41
84,69,41,41
31,25,41,41
44,14,41,41
77,66,41,41
25,31,41,41
2,59,41,41
65,44,41,41
44,65,41,41
65,44,41,41
40,3,41,41
40,69,41,41
40,8,41,41
44,65,41,41
6,106,41,41
6,106,41,41
14,13,41,41
19,84,41,41
38,37,41,41
37,38,41,41
88,93,41,41
88,96,41,41
88,12,41,41
88,15,41,41
47,40,41,41
47,75,41,41
36,38,41,41
2,59,41,41
38,36,41,41
38,7,41,41
38,44,41,41
38,36,41,41
14,13,41,41
75,47,41,41
42,63,41,41
25,26,41,41
26,25,41,41
15,25,41,41
15,26,41,41
25,15,41,41
68,48,41,41
59,2,41,41
59,2,41,41
76,89,41,41
47,68,41,41
68,47,41,41
115,67,41,41
13,14,41,41
13,14,41,41
21,84,41,41
43,79,41,41
13,14,41,41
14,13,41,41
67,115,41,41
71,15,41,41
106,117,41,41
106,71,41,41
14,13,41,41
63,115,41,41
59,94,41,41
59,2,41,41
84,21,41,41
79,43,41,41
84,19,41,41
101,86,41,41
86,101,41,41
86,101,41,41
68,47,41,41
38,36,41,41
79,19,41,41
59,67,41,41
71,15,41,41
38,36,41,41
36,38,41,41
50,75,41,41
50,40,41,41
76,94,41,41
69,76,41,41
86,40,41,41
86,50,41,41
86,40,41,41
86,8,41,41
13,14,41,41
13,14,41,41
40,41,41,41
96,15,41,41
96,61,41,41
96,12,41,41
40,8,41,41
40,69,41,41
40,3,41,41
4,3,41,41
4,74,41,41
4,13,41,41
13,4,41,41
40,86,41,41
14,13,41,41
13,14,41,41
75,50,41,41
14,13,41,41
14,13,41,41
13,14,41,41
14,13,41,41
13,14,41,41
14,13,41,41
13,14,41,41
13,14,41,41
14,13,41,41
13,14,41,41
8,40,41,41
14,13,41,41
13,14,41,41
14,13,41,41
3,40,41,41
3,4,41,41
13,14,41,41
14,13,41,41
94,56,41,41
94,76,41,41
94,88,41,41
94,69,41,41
94,86,41,41
94,48,41,41
94,68,41,41
94,84,41,41
94,85,41,41
94,47,41,41
94,123,41,41
94,95,41,41
48,94,41,41
74,4,41,41
14,13,41,41
60,24,41,41
13,14,41,41
4,84,41,41
4,20,41,41
4,3,41,41
4,13,41,41
13,14,41,41
13,4,41,41
14,13,41,41
13,14,41,41
12,96,41,41
14,13,41,41
14,13,41,41
13,14,41,41
14,13,41,41
15,96,41,41
68,94,41,41
13,14,41,41
13,14,41,41
14,13,41,41
13,14,41,41
14,13,41,41
14,13,41,41
13,14,41,41
96,61,41,41
96,15,41,41
61,96,41,41
14,13,41,41
3,17,41,41
3,66,41,41
3,67,41,41
3,8,41,41
3,13,41,41
3,40,41,41
3,4,41,41
3,68,41,41
3,85,41,41
3,69,41,41
3,4,41,41
15,96,41,41
13,14,41,41
20,4,41,41
75,48,41,41
48,75,41,41
13,14,41,41
13,3,41,41
14,13,41,41
26,15,41,41
4,3,41,41
68,3,41,41
66,3,41,41
47,94,41,41
14,13,41,41
75,47,41,41
88,94,41,41
67,3,41,41
13,14,41,41
17,3,41,41
13,14,41,41
33,15,41,41
14,13,41,41
33,5,41,41
40,48,41,41
48,40,41,41
14,13,41,41
13,14,41,41
13,14,41,41
15,33,41,41
14,13,41,41
13,14,41,41
14,13,41,41
8,3,41,41
14,13,41,41
17,15,41,41
17,56,41,41
17,54,41,41
15,17,41,41
40,8,41,41
40,3,41,41
56,17,41,41
56,94,41,41
47,75,41,41
69,38,41,41
69,38,41,41
47,93,41,41
47,101,41,41
47,124,41,41
47,27,41,41
101,47,41,41
13,14,41,41
13,14,41,41
14,13,41,41
14,13,41,41
13,14,41,41
13,14,41,41
14,13,41,41
14,13,41,41
13,14,41,41
59,68,41,41
59,56,41,41
59,86,41,41
59,48,41,41
59,47,41,41
59,2,41,41
59,69,41,41
59,85,41,41
59,84,41,41
59,89,41,41
59,76,41,41
59,88,41,41
59,94,41,41
48,59,41,41
69,38,41,41
14,13,41,41
124,47,41,41
13,14,41,41
13,14,41,41
14,13,41,41
13,14,41,41
14,13,41,41
14,13,41,41
13,14,41,41
59,2,41,41
59,94,41,41
59,123,41,41
59,79,41,41
100,67,41,41
100,66,41,41
115,72,41,41
72,115,41,41
4,52,41,41
40,13,41,41
40,3,41,41
40,8,41,41
69,76,41,41
69,84,41,41
69,86,41,41
84,4,41,41
13,40,41,41
32,8,41,41
84,94,41,41
32,83,41,41
76,40,41,41
76,94,41,41
5,33,41,41
3,40,41,41
71,15,41,41
71,15,41,41
4,13,41,41
13,4,41,41
54,17,41,41
13,40,41,41
151,63,41,41
21,84,41,41
86,40,41,41
86,94,41,41
84,21,41,41
86,123,41,41
61,96,41,41
71,72,41,41
71,15,41,41
71,73,41,41
71,5,41,41
71,117,41,41
8,40,41,41
90,86,41,41
86,90,41,41
74,67,41,41
67,74,41,41
84,69,41,41
84,76,41,41
84,18,41,41
84,57,41,41
84,19,41,41
94,65,41,41
94,14,41,41
32,26,41,41
81,43,41,41
53,3,41,41
65,94,41,41
6,8,41,41
69,76,41,41
26,32,41,41
86,40,41,41
38,80,41,41
38,69,41,41
38,36,41,41
4,20,41,41
20,4,41,41
65,94,41,41
53,3,41,41
74,40,41,41
94,65,41,41
3,53,41,41
53,3,41,41
40,50,41,41
40,17,41,41
3,53,41,41
17,40,41,41
43,81,41,41
3,53,41,41
13,14,41,41
14,13,41,41
13,14,41,41
14,13,41,41
14,13,41,41
13,14,41,41
75,50,41,41
13,14,41,41
14,13,41,41
14,13,41,41
13,17,41,41
13,14,41,41
14,13,41,41
13,14,41,41
13,14,41,41
14,13,41,41
13,14,41,41
14,13,41,41
40,1,41,41
1,40,41,41
40,38,41,41
14,13,41,41
13,14,41,41
38,40,41,41
14,13,41,41
54,83,41,41
13,14,41,41
13,14,41,41
14,13,41,41
13,14,41,41
14,13,41,41
14,13,41,41
13,14,41,41
14,13,41,41
84,76,41,41
84,18,41,41
84,57,41,41
84,69,41,41
84,19,41,41
76,81,41,41
6,106,41,41
6,106,41,41
84,76,41,41
6,106,41,41
13,14,41,41
14,13,41,41
13,14,41,41
13,14,41,41
59,56,41,41
59,88,41,41
59,47,41,41
59,83,41,41
59,2,41,41
59,68,41,41
59,85,41,41
59,86,41,41
59,89,41,41
59,48,41,41
59,32,41,41
59,94,41,41
14,13,41,41
14,13,41,41
13,14,41,41
74,59,41,41
4,84,41,41
4,53,41,41
13,14,41,41
76,69,41,41
14,13,41,41
13,14,41,41
14,13,41,41
84,4,41,41
84,4,41,41
13,14,41,41
76,69,41,41
14,13,41,41
85,94,41,41
85,3,41,41
13,14,41,41
6,106,41,41
14,13,41,41
14,13,41,41
13,14,41,41
65,94,41,41
84,4,41,41
13,14,41,41
14,13,41,41
69,79,41,41
14,13,41,41
88,15,41,41
88,61,41,41
88,96,41,41
88,12,41,41
88,54,41,41
45,60,41,41
60,45,41,41
94,65,41,41
59,30,41,41
59,2,41,41
59,94,41,41
59,83,41,41
59,32,41,41
59,74,41,41
50,47,41,41
59,68,41,41
59,88,41,41
59,83,41,41
59,32,41,41
59,56,41,41
59,85,41,41
59,86,41,41
59,89,41,41
59,48,41,41
59,47,41,41
59,94,41,41
59,2,41,41
79,19,41,41
54,15,41,41
3,77,41,41
47,50,41,41
43,42,41,41
14,13,41,41
13,14,41,41
13,14,41,41
13,14,41,41
14,13,41,41
14,13,41,41
69,76,41,41
13,14,41,41
13,14,41,41
4,84,41,41
14,13,41,41
14,13,41,41
13,14,41,41
19,84,41,41
19,84,41,41
59,56,41,41
59,86,41,41
59,89,41,41
59,48,41,41
59,47,41,41
59,2,41,41
59,68,41,41
59,85,41,41
59,88,41,41
59,83,41,41
59,32,41,41
59,94,41,41
83,54,41,41
76,53,41,41
76,53,41,41
24,66,41,41
24,51,41,41
24,8,41,41
24,3,41,41
24,26,41,41
24,60,41,41
50,86,41,41
24,77,41,41
13,14,41,41
14,13,41,41
2,59,41,41
2,40,41,41
2,72,41,41
2,74,41,41
59,2,41,41
76,40,41,41
40,74,41,41
86,50,41,41
86,50,41,41
14,13,41,41
40,47,41,41
3,24,41,41
13,14,41,41
13,14,41,41
14,13,41,41
50,93,41,41
50,101,41,41
50,124,41,41
50,27,41,41
8,24,41,41
101,50,41,41
13,14,41,41
94,14,41,41
94,65,41,41
65,94,41,41
52,103,41,41
14,13,41,41
14,13,41,41
13,14,41,41
103,52,41,41
13,14,41,41
75,53,41,41
84,4,41,41
74,40,41,41
4,106,41,41
44,26,41,41
44,24,41,41
44,30,41,41
44,45,41,41
14,13,41,41
24,44,41,41
8,38,41,41
14,13,41,41
112,8,41,41
15,54,41,41
14,44,41,41
24,103,41,41
24,32,41,41
24,25,41,41
24,60,41,41
24,105,41,41
32,24,41,41
26,44,41,41
14,13,41,41
103,24,41,41
25,24,41,41
8,112,41,41
105,24,41,41
26,24,41,41
24,26,41,41
24,83,41,41
53,75,41,41
26,24,41,41
54,96,41,41
45,44,41,41
76,69,41,41
50,86,41,41
63,84,41,41
13,14,41,41
13,14,41,41
74,2,41,41
84,63,41,41
86,50,41,41
44,14,41,41
85,48,41,41
48,85,41,41
53,3,41,41
3,53,41,41
67,74,41,41
67,72,41,41
67,59,41,41
72,67,41,41
3,66,41,41
3,77,41,41
3,66,41,41
84,53,41,41
84,4,41,41
53,4,41,41
86,75,41,41
86,50,41,41
86,19,41,41
86,40,41,41
71,9,41,41
53,76,41,41
53,84,41,41
2,59,41,41
2,72,41,41
2,40,41,41
2,74,41,41
59,2,41,41
15,9,41,41
76,81,41,41
84,53,41,41
86,19,41,41
86,76,41,41
84,53,41,41
84,4,41,41
106,117,41,41
106,71,41,41
59,74,41,41
76,53,41,41
50,75,41,41
76,53,41,41
9,15,41,41
74,2,41,41
86,69,41,41
86,69,41,41
86,69,41,41
80,18,41,41
86,69,41,41
96,15,41,41
96,61,41,41
96,12,41,41
96,54,41,41
94,65,41,41
94,14,41,41
124,50,41,41
83,24,41,41
61,96,41,41
14,9,41,41
94,86,41,41
94,48,41,41
94,68,41,41
94,47,41,41
94,56,41,41
94,88,41,41
94,76,41,41
94,69,41,41
94,84,41,41
94,85,41,41
86,94,41,41
75,50,41,41
3,13,41,41
3,81,41,41
3,53,41,41
13,3,41,41
96,15,41,41
96,61,41,41
12,96,41,41
25,26,41,41
96,15,41,41
96,61,41,41
75,53,41,41
61,96,41,41
15,96,41,41
15,96,41,41
15,96,41,41
44,89,41,41
44,48,41,41
44,56,41,41
44,85,41,41
44,88,41,41
44,47,41,41
44,68,41,41
48,44,41,41
89,44,41,41
3,66,41,41
3,69,41,41
3,67,41,41
3,8,41,41
3,13,41,41
3,40,41,41
3,4,41,41
3,68,41,41
3,85,41,41
3,17,41,41
47,44,41,41
47,94,41,41
4,84,41,41
4,53,41,41
4,3,41,41
13,3,41,41
96,15,41,41
96,61,41,41
96,12,41,41
88,44,41,41
15,96,41,41
12,96,41,41
56,44,41,41
32,26,41,41
56,94,41,41
88,5,41,41
61,96,41,41
75,76,41,41
88,94,41,41
59,67,41,41
50,7,41,41
84,4,41,41
41,40,41,41
84,94,41,41
12,15,41,41
40,6,41,41
65,94,41,41
65,94,41,41
75,50,41,41
67,59,41,41
24,34,41,41
24,23,41,41
67,3,41,41
17,3,41,41
68,44,41,41
68,3,41,41
68,94,41,41
75,50,41,41
17,56,41,41
17,15,41,41
17,54,41,41
15,17,41,41
94,65,41,41
76,75,41,41
76,69,41,41
75,50,41,41
75,50,41,41
54,17,41,41
84,76,41,41
8,3,41,41
50,75,41,41
50,75,41,41
15,88,41,41
56,17,41,41
105,103,41,41
103,105,41,41
88,15,41,41
15,54,41,41
76,94,41,41
15,12,41,41
54,15,41,41
54,15,41,41
6,40,41,41
40,8,41,41
40,3,41,41
40,68,41,41
15,54,41,41
9,14,41,41
69,56,41,41
50,52,41,41
50,86,41,41
86,50,41,41
2,59,41,41
2,72,41,41
2,40,41,41
2,74,41,41
84,19,41,41
50,52,41,41
50,86,41,41
69,76,41,41
69,75,41,41
23,24,41,41
59,2,41,41
52,50,41,41
52,50,41,41
54,15,41,41
54,29,41,41
54,56,41,41
54,88,41,41
54,39,41,41
54,61,41,41
54,96,41,41
54,120,41,41
54,119,41,41
54,93,41,41
54,101,41,41
54,124,41,41
54,27,41,41
101,54,41,41
76,50,41,41
56,54,41,41
29,54,41,41
68,47,41,41
52,20,41,41
50,76,41,41
20,52,41,41
76,50,41,41
61,54,41,41
68,69,41,41
69,76,41,41
69,89,41,41
39,54,41,41
50,69,41,41
50,75,41,41
84,19,41,41
96,54,41,41
74,2,41,41
71,15,41,41
71,72,41,41
71,73,41,41
71,5,41,41
71,117,41,41
83,115,41,41
69,50,41,41
11,5,41,41
2,59,41,41
76,53,41,41
75,50,41,41
124,54,41,41
5,11,41,41
23,86,41,41
23,52,41,41
86,23,41,41
15,54,41,41
59,2,41,41
52,23,41,41
38,37,41,41
32,26,41,41
51,24,41,41
77,24,41,41
77,3,41,41
76,53,41,41
77,3,41,41
77,3,41,41
21,69,41,41
53,4,41,41
33,29,41,41
53,75,41,41
53,3,41,41
69,53,41,41
34,24,41,41
47,68,41,41
68,47,41,41
88,5,41,41
32,83,41,41
2,59,41,41
2,72,41,41
2,40,41,41
2,74,41,41
19,69,41,41
88,54,41,41
29,33,41,41
83,32,41,41
66,59,41,41
74,67,41,41
103,52,41,41
103,105,41,41
74,2,41,41
14,13,41,41
32,77,41,41
59,2,41,41
77,32,41,41
69,19,41,41
69,50,41,41
69,75,41,41
94,65,41,41
94,14,41,41
65,94,41,41
105,103,41,41
13,14,41,41
69,76,41,41
13,14,41,41
49,50,41,41
14,13,41,41
14,13,41,41
13,14,41,41
13,14,41,41
14,13,41,41
33,15,41,41
65,94,41,41
7,50,41,41
52,103,41,41
15,33,41,41
33,15,41,41
15,33,41,41
54,76,41,41
54,88,41,41
54,96,41,41
54,12,41,41
12,54,41,41
50,75,41,41
76,54,41,41
13,14,41,41
69,76,41,41
88,54,41,41
15,33,41,41
69,19,41,41
7,50,41,41
15,33,41,41
56,69,41,41
33,15,41,41
33,15,41,41
6,106,41,41
96,54,41,41
94,65,41,41
53,3,41,41
53,17,41,41
3,53,41,41
65,94,41,41
53,76,41,41
94,65,41,41
76,53,41,41
94,59,41,41
94,65,41,41
94,2,41,41
74,72,41,41
120,54,41,41
100,67,41,41
26,32,41,41
59,94,41,41
103,105,41,41
44,80,41,41
17,53,41,41
105,103,41,41
26,25,41,41
69,40,41,41
75,50,41,41
85,3,41,41
85,44,41,41
85,94,41,41
84,19,41,41
6,106,41,41
25,26,41,41
6,106,41,41
26,25,41,41
82,50,41,41
14,13,41,41
6,106,41,41
17,40,41,41
4,53,41,41
4,106,41,41
69,19,41,41
4,53,41,41
14,13,41,41
83,30,41,41
13,14,41,41
69,19,41,41
106,4,41,41
65,94,41,41
21,88,41,41
88,21,41,41
67,74,41,41
37,38,41,41
33,54,41,41
17,66,41,41
66,17,41,41
54,33,41,41
32,66,41,41
59,67,41,41
101,86,41,41
86,101,41,41
101,76,41,41
69,50,41,41
13,14,41,41
76,101,41,41
14,13,41,41
50,53,41,41
12,15,41,41
14,13,41,41
15,12,41,41
50,49,41,41
14,13,41,41
40,49,41,41
54,15,41,41
76,19,41,41
54,33,41,41
14,13,41,41
33,54,41,41
69,76,41,41
14,13,41,41
26,24,41,41
13,14,41,41
66,26,41,41
76,19,41,41
26,66,41,41
13,14,41,41
13,14,41,41
13,14,41,41
13,14,41,41
14,13,41,41
14,13,41,41
26,24,41,41
50,7,41,41
14,13,41,41
13,14,41,41
13,14,41,41
14,13,41,41
66,3,41,41
66,3,41,41
13,14,41,41
13,14,41,41
66,3,41,41
14,13,41,41
14,13,41,41
7,50,41,41
13,14,41,41
13,14,41,41
14,13,41,41
44,74,41,41
66,24,41,41
13,14,41,41
14,13,41,41
14,13,41,41
28,29,41,41
49,50,41,41
2,94,41,41
74,44,41,41
29,28,41,41
29,28,41,41
13,14,41,41
95,94,41,41
95,29,41,41
13,14,41,41
59,44,41,41
50,82,41,41
50,52,41,41
44,59,41,41
52,50,41,41
59,44,41,41
7,15,41,41
61,15,41,41
61,12,41,41
12,61,41,41
69,19,41,41
12,15,41,41
69,68,41,41
82,50,41,41
115,83,41,41
50,69,41,41
50,3,41,41
69,50,41,41
3,50,41,41
69,19,41,41
38,37,41,41
38,36,41,41
15,61,41,41
15,12,41,41
15,7,41,41
15,54,41,41
12,15,41,41
68,66,41,41
68,72,41,41
68,3,41,41
68,69,41,41
68,67,41,41
68,9,41,41
68,15,41,41
68,65,41,41
68,56,41,41
72,68,41,41
69,19,41,41
12,15,41,41
76,57,41,41
90,68,41,41
90,85,41,41
96,15,41,41
96,61,41,41
96,12,41,41
40,65,41,41
40,17,41,41
13,40,41,41
13,3,41,41
94,68,41,41
94,84,41,41
94,95,41,41
94,56,41,41
94,88,41,41
94,86,41,41
94,48,41,41
94,85,41,41
94,47,41,41
20,3,41,41
20,3,41,41
3,20,41,41
3,20,41,41
20,3,41,41
4,3,41,41
4,13,41,41
4,65,41,41
4,17,41,41
4,9,41,41
23,105,41,41
23,103,41,41
3,20,41,41
14,13,41,41
14,13,41,41
3,13,41,41
3,40,41,41
3,8,41,41
101,88,41,41
81,51,41,41
95,94,41,41
49,65,41,41
49,17,41,41
8,3,41,41
13,3,41,41
13,14,41,41
13,14,41,41
14,13,41,41
14,13,41,41
13,14,41,41
5,71,41,41
5,74,41,41
5,72,41,41
5,73,41,41
5,11,41,41
72,5,41,41
40,3,41,41
40,74,41,41
14,13,41,41
15,96,41,41
14,13,41,41
28,29,41,41
15,12,41,41
15,12,41,41
96,15,41,41
96,61,41,41
14,65,41,41
14,9,41,41
14,17,41,41
65,14,41,41
3,40,41,41
15,96,41,41
13,14,41,41
13,14,41,41
13,14,41,41
14,13,41,41
13,14,41,41
14,13,41,41
14,13,41,41
13,14,41,41
13,14,41,41
14,13,41,41
14,13,41,41
13,14,41,41
13,14,41,41
75,50,41,41
14,13,41,41
14,13,41,41
13,14,41,41
9,14,41,41
71,5,41,41
3,66,41,41
3,67,41,41
3,13,41,41
3,68,41,41
3,8,41,41
3,40,41,41
3,4,41,41
3,69,41,41
3,85,41,41
3,17,41,41
50,47,41,41
14,84,41,41
47,50,41,41
47,94,41,41
13,3,41,41
12,72,41,41
12,71,41,41
12,73,41,41
12,15,41,41
72,12,41,41
15,12,41,41
61,96,41,41
68,94,41,41
68,90,41,41
71,12,41,41
17,14,41,41
67,3,41,41
68,3,41,41
17,3,41,41
75,50,41,41
59,67,41,41
44,67,41,41
74,40,41,41
56,94,41,41
67,44,41,41
53,50,41,41
53,4,41,41
60,24,41,41
60,24,41,41
15,40,41,41
15,61,41,41
71,15,41,41
71,5,41,41
71,12,41,41
71,72,41,41
61,15,41,41
74,5,41,41
66,3,41,41
103,23,41,41
61,96,41,41
8,3,41,41
13,14,41,41
14,13,41,41
14,13,41,41
14,13,41,41
67,66,41,41
13,14,41,41
13,14,41,41
13,14,41,41
54,33,41,41
14,13,41,41
59,69,41,41
59,47,41,41
59,67,41,41
59,68,41,41
59,56,41,41
59,85,41,41
59,86,41,41
59,84,41,41
59,89,41,41
59,48,41,41
59,76,41,41
59,88,41,41
59,94,41,41
59,2,41,41
86,59,41,41
66,90,41,41
33,54,41,41
17,54,41,41
17,56,41,41
17,15,41,41
88,94,41,41
4,3,41,41
41,8,41,41
84,14,41,41
88,101,41,41
6,106,41,41
88,101,41,41
41,8,41,41
6,106,41,41
6,106,41,41
6,106,41,41
54,17,41,41
84,14,41,41
8,41,41,41
8,41,41,41
84,94,41,41
74,67,41,41
14,84,41,41
84,14,41,41
84,14,41,41
50,81,41,41
50,3,41,41
74,59,41,41
59,74,41,41
14,84,41,41
88,69,41,41
13,31,41,41
13,14,41,41
14,13,41,41
14,13,41,41
13,14,41,41
13,14,41,41
14,13,41,41
14,13,41,41
13,14,41,41
13,14,41,41
14,13,41,41
56,17,41,41
37,38,41,41
37,36,41,41
84,75,41,41
84,50,41,41
84,14,41,41
37,36,41,41
68,47,41,41
84,14,41,41
3,50,41,41
15,17,41,41
69,19,41,41
80,44,41,41
14,84,41,41
13,3,41,41
13,7,41,41
15,96,41,41
15,61,41,41
7,1,41,41
1,7,41,41
84,14,41,41
61,15,41,41
84,14,41,41
80,44,41,41
69,19,41,41
19,69,41,41
44,80,41,41
11,5,41,41
77,66,41,41
3,67,41,41
3,66,41,41
59,32,41,41
96,15,41,41
94,65,41,41
94,14,41,41
74,40,41,41
59,94,41,41
59,2,41,41
105,23,41,41
81,76,41,41
81,69,41,41
76,81,41,41
66,3,41,41
54,33,41,41
54,58,41,41
54,83,41,41
54,5,41,41
83,54,41,41
58,54,41,41
65,94,41,41
66,15,41,41
15,66,41,41
47,68,41,41
68,47,41,41
84,76,41,41
84,49,41,41
84,69,41,41
84,50,41,41
84,70,41,41
84,75,41,41
84,82,41,41
70,84,41,41
66,44,41,41
44,66,41,41
21,76,41,41
77,66,41,41
77,9,41,41
76,40,41,41
76,21,41,41
50,75,41,41
33,54,41,41
59,68,41,41
5,54,41,41
76,53,41,41
75,50,41,41
13,14,41,41
14,13,41,41
14,13,41,41
13,14,41,41
14,13,41,41
13,14,41,41
14,13,41,41
13,14,41,41
14,13,41,41
13,14,41,41
13,14,41,41
14,13,41,41
13,14,41,41
14,13,41,41
14,13,41,41
13,14,41,41
38,36,41,41
38,37,41,41
38,1,41,41
1,38,41,41
9,67,41,41
9,66,41,41
6,106,41,41
6,106,41,41
85,90,41,41
85,90,41,41
85,94,41,41
6,106,41,41
85,3,41,41
14,13,41,41
21,88,41,41
67,9,41,41
90,85,41,41
88,21,41,41
67,9,41,41
67,66,41,41
67,3,41,41
67,74,41,41
113,15,41,41
113,3,41,41
113,51,41,41
4,106,41,41
47,68,41,41
68,47,41,41
3,113,41,41
3,8,41,41
3,13,41,41
3,13,41,41
3,85,41,41
85,3,41,41
8,3,41,41
13,3,41,41
88,5,41,41
13,3,41,41
80,64,41,41
13,14,41,41
13,14,41,41
14,13,41,41
14,13,41,41
3,48,41,41
3,68,41,41
48,3,41,41
13,14,41,41
13,14,41,41
14,13,41,41
47,40,41,41
47,68,41,41
50,75,41,41
14,13,41,41
68,47,41,41
14,13,41,41
11,5,41,41
5,11,41,41
53,76,41,41
75,50,41,41
8,32,41,41
76,53,41,41
53,76,41,41
13,14,41,41
13,14,41,41
13,14,41,41
32,8,41,41
13,14,41,41
85,19,41,41
32,30,41,41
32,26,41,41
20,83,41,41
68,3,41,41
40,49,41,41
40,82,41,41
33,15,41,41
15,33,41,41
83,20,41,41
50,75,41,41
76,53,41,41
14,13,41,41
14,13,41,41
53,76,41,41
76,53,41,41
32,24,41,41
53,69,41,41
2,59,41,41
2,72,41,41
2,40,41,41
2,74,41,41
69,53,41,41
69,53,41,41
38,1,41,41
24,32,41,41
37,38,41,41
38,37,41,41
69,40,41,41
69,8,41,41
39,53,41,41
39,50,41,41
39,3,41,41
39,66,41,41
53,39,41,41
75,50,41,41
53,69,41,41
49,40,41,41
15,113,41,41
82,40,41,41
69,53,41,41
3,39,41,41
59,2,41,41
3,77,41,41
51,81,41,41
38,1,41,41
38,94,41,41
50,75,41,41
74,2,41,41
75,50,41,41
53,75,41,41
76,50,41,41
90,69,41,41
90,67,41,41
90,66,41,41
90,68,41,41
68,90,41,41
95,65,41,41
67,90,41,41
59,67,41,41
59,67,41,41
50,70,41,41
50,75,41,41
70,50,41,41
53,75,41,41
19,85,41,41
13,3,41,41
13,3,41,41
4,1,42,42
4,65,42,42
4,10,42,42
4,9,42,42
4,7,42,42
4,3,42,42
4,13,42,42
4,17,42,42
4,65,42,42
4,1,42,42
4,7,42,42
4,10,42,42
4,3,42,42
4,13,42,42
4,9,42,42
4,17,42,42
13,4,42,42
18,80,42,42
42,115,42,42
18,55,42,42
42,43,42,42
42,43,42,42
18,57,42,42
18,57,42,42
18,21,42,42
18,3,42,42
55,18,42,42
18,20,42,42
18,108,42,42
18,3,42,42
57,76,42,42
57,76,42,42
57,76,42,42
57,76,42,42
18,3,42,42
18,3,42,42
73,5,42,42
73,12,42,42
34,24,42,42
1,4,42,42
24,34,42,42
17,4,42,42
1,7,42,42
1,40,42,42
1,4,42,42
1,37,42,42
37,1,42,42
26,32,42,42
62,27,42,42
19,1,42,42
1,19,42,42
11,25,42,42
11,31,42,42
11,33,42,42
62,3,42,42
62,27,42,42
50,76,42,42
96,61,42,42
96,15,42,42
96,12,42,42
61,96,42,42
15,96,42,42
33,63,42,42
1,19,42,42
1,15,42,42
1,3,42,42
1,16,42,42
1,10,42,42
1,44,42,42
1,9,42,42
1,8,42,42
1,14,42,42
1,13,42,42
1,12,42,42
1,7,42,42
1,5,42,42
1,17,42,42
1,4,42,42
1,11,42,42
1,2,42,42
1,40,42,42
1,65,42,42
1,6,42,42
33,11,42,42
71,15,42,42
71,12,42,42
71,72,42,42
17,1,42,42
71,5,42,42
13,1,42,42
96,15,42,42
96,61,42,42
5,1,42,42
2,1,42,42
48,75,42,42
1,40,42,42
3,1,42,42
19,1,42,42
61,96,42,42
40,1,42,42
8,1,42,42
42,15,42,42
42,3,42,42
4,1,42,42
1,40,42,42
25,11,42,42
15,1,42,42
13,3,42,42
15,96,42,42
7,1,42,42
7,4,42,42
40,6,42,42
65,1,42,42
65,4,42,42
94,65,42,42
94,14,42,42
65,42,42,42
65,94,42,42
42,65,42,42
3,66,42,42
3,8,42,42
3,68,42,42
3,69,42,42
3,67,42,42
3,13,42,42
3,40,42,42
3,4,42,42
3,85,42,42
3,17,42,42
42,69,42,42
42,68,42,42
42,43,42,42
42,43,42,42
42,43,42,42
42,43,42,42
17,3,42,42
95,30,42,42
13,3,42,42
29,63,42,42
4,3,42,42
76,57,42,42
76,57,42,42
8,3,42,42
94,68,42,42
94,88,42,42
94,76,42,42
94,84,42,42
94,85,42,42
94,86,42,42
94,48,42,42
94,56,42,42
94,69,42,42
94,47,42,42
65,94,42,42
56,94,42,42
48,94,42,42
6,1,42,42
6,40,42,42
75,50,42,42
17,15,42,42
17,56,42,42
17,54,42,42
56,17,42,42
63,33,42,42
15,17,42,42
63,29,42,42
42,112,42,42
15,26,42,42
15,25,42,42
56,94,42,42
68,42,42,42
47,94,42,42
77,3,42,42
48,44,42,42
48,85,42,42
48,85,42,42
68,2,42,42
68,59,42,42
68,94,42,42
59,68,42,42
68,94,42,42
68,3,42,42
84,76,42,42
84,94,42,42
76,94,42,42
76,50,42,42
94,65,42,42
94,56,42,42
9,1,42,42
9,4,42,42
26,15,42,42
25,15,42,42
7,1,42,42
1,7,42,42
75,53,42,42
75,53,42,42
17,1,42,42
112,42,42,42
10,1,42,42
29,22,42,42
10,4,42,42
2,74,42,42
2,59,42,42
2,72,42,42
2,40,42,42
59,2,42,42
25,26,42,42
25,31,42,42
25,15,42,42
25,5,42,42
69,76,42,42
24,8,42,42
74,67,42,42
74,2,42,42
9,68,42,42
9,56,42,42
9,67,42,42
9,69,42,42
9,85,42,42
9,66,42,42
18,3,42,42
1,17,42,42
30,44,42,42
26,25,42,42
67,74,42,42
15,25,42,42
67,3,42,42
30,83,42,42
30,95,42,42
71,72,42,42
71,15,42,42
71,73,42,42
71,5,42,42
71,117,42,42
30,32,42,42
74,72,42,42
18,7,42,42
18,43,42,42
18,58,42,42
18,81,42,42
18,56,42,42
81,18,42,42
7,18,42,42
56,18,42,42
58,18,42,42
11,1,42,42
83,33,42,42
11,5,42,42
43,18,42,42
29,42,42,42
5,25,42,42
50,47,42,42
50,93,42,42
50,101,42,42
50,124,42,42
50,27,42,42
101,50,42,42
18,1,42,42
18,57,42,42
18,46,42,42
18,23,42,42
88,94,42,42
76,40,42,42
1,18,42,42
57,18,42,42
50,47,42,42
50,93,42,42
50,101,42,42
50,124,42,42
50,27,42,42
50,47,42,42
50,93,42,42
50,101,42,42
50,124,42,42
50,27,42,42
5,11,42,42
101,50,42,42
101,50,42,42
47,50,42,42
47,50,42,42
50,47,42,42
50,93,42,42
50,101,42,42
50,124,42,42
50,27,42,42
50,47,42,42
50,93,42,42
50,101,42,42
50,124,42,42
50,27,42,42
101,50,42,42
101,50,42,42
47,50,42,42
47,50,42,42
50,47,42,42
50,93,42,42
50,101,42,42
50,124,42,42
50,27,42,42
47,50,42,42
47,50,42,42
76,53,42,42
101,50,42,42
65,112,42,42
124,50,42,42
124,50,42,42
124,50,42,42
124,50,42,42
124,50,42,42
124,50,42,42
8,24,42,42
74,17,42,42
74,72,42,42
74,9,42,42
74,14,42,42
74,65,42,42
65,74,42,42
8,51,42,42
8,20,42,42
17,74,42,42
23,18,42,42
112,65,42,42
76,50,42,42
94,2,42,42
2,94,42,42
9,74,42,42
20,63,42,42
20,8,42,42
63,33,42,42
63,20,42,42
69,42,42,42
103,52,42,42
103,105,42,42
50,76,42,42
76,50,42,42
1,18,42,42
88,19,42,42
4,106,42,42
19,57,42,42
57,19,42,42
50,47,42,42
50,93,42,42
50,101,42,42
50,124,42,42
50,27,42,42
101,50,42,42
47,50,42,42
124,50,42,42
75,53,42,42
71,40,42,42
71,1,42,42
71,73,42,42
46,18,42,42
73,72,42,42
71,72,42,42
71,72,42,42
42,29,42,42
2,72,42,42
2,74,42,42
2,40,42,42
8,30,42,42
74,2,42,42
88,1,42,42
85,3,42,42
85,94,42,42
69,76,42,42
30,8,42,42
68,42,42,42
76,81,42,42
1,88,42,42
88,69,42,42
88,1,42,42
4,1,42,42
4,9,42,42
4,65,42,42
4,7,42,42
4,10,42,42
4,3,42,42
4,13,42,42
4,17,42,42
7,4,42,42
17,4,42,42
9,4,42,42
3,4,42,42
13,4,42,42
1,4,42,42
69,88,42,42
74,9,42,42
74,65,42,42
74,72,42,42
9,74,42,42
3,13,42,42
3,18,42,42
3,66,42,42
3,50,42,42
3,8,42,42
3,68,42,42
8,3,42,42
105,103,42,42
112,79,42,42
13,3,42,42
3,85,42,42
3,68,42,42
3,8,42,42
3,13,42,42
3,18,42,42
3,40,42,42
13,3,42,42
18,3,42,42
85,3,42,42
18,3,42,42
43,42,42,42
8,3,42,42
43,42,42,42
43,79,42,42
43,45,42,42
43,79,42,42
45,43,42,42
18,1,42,42
6,106,42,42
6,106,42,42
14,13,42,42
81,76,42,42
81,69,42,42
76,81,42,42
74,72,42,42
63,33,42,42
68,3,42,42
48,40,42,42
3,8,42,42
3,13,42,42
3,40,42,42
3,68,42,42
3,69,42,42
3,85,42,42
3,67,42,42
3,66,42,42
3,4,42,42
3,17,42,42
68,3,42,42
68,3,42,42
13,3,42,42
79,43,42,42
76,69,42,42
65,4,42,42
65,74,42,42
85,3,42,42
48,3,42,42
58,29,42,42
58,33,42,42
58,54,42,42
58,83,42,42
58,117,42,42
58,106,42,42
9,67,42,42
9,66,42,42
8,3,42,42
38,69,42,42
74,59,42,42
74,2,42,42
59,74,42,42
13,14,42,42
29,58,42,42
13,14,42,42
14,13,42,42
14,13,42,42
13,14,42,42
13,14,42,42
14,13,42,42
13,14,42,42
14,13,42,42
14,13,42,42
13,14,42,42
13,14,42,42
90,66,42,42
90,77,42,42
1,40,42,42
1,73,42,42
51,113,42,42
112,80,42,42
48,85,42,42
69,42,42,42
17,3,42,42
85,48,42,42
48,85,42,42
85,48,42,42
51,8,42,42
51,13,42,42
51,3,42,42
3,51,42,42
51,8,42,42
4,3,42,42
69,38,42,42
69,84,42,42
65,94,42,42
76,19,42,42
106,58,42,42
77,90,42,42
84,69,42,42
76,19,42,42
67,9,42,42
67,9,42,42
67,66,42,42
8,51,42,42
67,3,42,42
38,69,42,42
38,84,42,42
38,36,42,42
42,43,42,42
42,43,42,42
84,38,42,42
76,57,42,42
10,4,42,42
48,85,42,42
74,4,42,42
85,48,42,42
47,8,42,42
47,40,42,42
47,68,42,42
68,47,42,42
69,76,42,42
69,50,42,42
80,112,42,42
60,27,42,42
60,77,42,42
60,117,42,42
27,60,42,42
1,7,42,42
1,5,42,42
1,6,42,42
1,2,42,42
1,44,42,42
1,3,42,42
1,8,42,42
1,9,42,42
1,10,42,42
1,11,42,42
1,12,42,42
1,65,42,42
1,13,42,42
1,14,42,42
1,15,42,42
1,4,42,42
1,40,42,42
1,16,42,42
1,17,42,42
4,74,42,42
57,76,42,42
4,74,42,42
4,40,42,42
33,58,42,42
33,63,42,42
33,63,42,42
33,63,42,42
54,58,42,42
54,17,42,42
33,83,42,42
94,65,42,42
2,74,42,42
83,58,42,42
52,103,42,42
52,103,42,42
94,14,42,42
94,65,42,42
73,1,42,42
8,47,42,42
74,4,42,42
40,8,42,42
14,94,42,42
40,13,42,42
13,40,42,42
14,94,42,42
14,65,42,42
71,72,42,42
100,7,42,42
94,14,42,42
10,7,42,42
10,21,42,42
10,7,42,42
10,21,42,42
6,8,42,42
6,8,42,42
71,72,42,42
6,8,42,42
6,8,42,42
94,84,42,42
94,69,42,42
94,86,42,42
94,48,42,42
94,68,42,42
94,56,42,42
94,88,42,42
94,76,42,42
94,85,42,42
94,47,42,42
12,1,42,42
33,1,42,42
33,7,42,42
96,12,42,42
96,15,42,42
96,61,42,42
12,96,42,42
12,96,42,42
33,15,42,42
61,96,42,42
12,96,42,42
15,96,42,42
3,66,42,42
3,8,42,42
3,13,42,42
3,68,42,42
3,85,42,42
3,17,42,42
3,67,42,42
3,40,42,42
3,4,42,42
3,69,42,42
96,15,42,42
96,61,42,42
15,96,42,42
4,3,42,42
61,96,42,42
8,3,42,42
40,3,42,42
65,14,42,42
56,94,42,42
13,3,42,42
59,2,42,42
59,74,42,42
13,3,42,42
13,17,42,42
13,8,42,42
13,40,42,42
21,72,42,42
47,94,42,42
3,40,42,42
3,67,42,42
3,66,42,42
14,13,42,42
59,67,42,42
13,14,42,42
17,3,42,42
15,25,42,42
15,26,42,42
13,14,42,42
25,15,42,42
14,13,42,42
76,57,42,42
14,13,42,42
14,13,42,42
88,94,42,42
13,14,42,42
13,14,42,42
103,52,42,42
76,57,42,42
25,26,42,42
7,100,42,42
47,68,42,42
47,59,42,42
14,13,42,42
11,5,42,42
59,47,42,42
68,47,42,42
17,56,42,42
17,15,42,42
17,54,42,42
68,3,42,42
68,94,42,42
56,17,42,42
13,14,42,42
7,10,42,42
59,1,42,42
59,68,42,42
59,44,42,42
59,123,42,42
59,79,42,42
59,95,42,42
59,94,42,42
59,2,42,42
76,40,42,42
7,10,42,42
76,94,42,42
84,94,42,42
2,59,42,42
2,74,42,42
2,72,42,42
2,40,42,42
84,69,42,42
74,44,42,42
67,3,42,42
67,3,42,42
59,79,42,42
59,112,42,42
5,11,42,42
59,2,42,42
69,40,42,42
69,76,42,42
74,2,42,42
40,69,42,42
53,75,42,42
69,40,42,42
76,50,42,42
69,40,42,42
119,54,42,42
54,17,42,42
59,68,42,42
59,56,42,42
59,85,42,42
59,47,42,42
59,69,42,42
59,86,42,42
59,84,42,42
59,89,42,42
59,48,42,42
59,76,42,42
59,88,42,42
59,94,42,42
59,2,42,42
32,15,42,42
69,84,42,42
15,17,42,42
65,94,42,42
2,59,42,42
20,42,42,42
20,7,42,42
20,3,42,42
20,22,42,42
3,20,42,42
47,68,42,42
68,47,42,42
19,67,42,42
19,66,42,42
19,1,42,42
19,90,42,42
19,9,42,42
19,17,42,42
19,18,42,42
19,7,42,42
19,38,42,42
19,91,42,42
15,56,42,42
15,88,42,42
59,2,42,42
17,19,42,42
1,19,42,42
14,9,42,42
69,40,42,42
84,57,42,42
88,15,42,42
18,19,42,42
56,15,42,42
9,19,42,42
81,68,42,42
40,8,42,42
40,41,42,42
69,76,42,42
9,14,42,42
71,15,42,42
68,81,42,42
32,30,42,42
47,95,42,42
95,47,42,42
8,40,42,42
6,106,42,42
50,76,42,42
7,20,42,42
7,19,42,42
6,106,42,42
1,38,42,42
6,106,42,42
40,69,42,42
6,106,42,42
15,32,42,42
76,50,42,42
76,50,42,42
15,32,42,42
32,15,42,42
45,51,42,42
90,19,42,42
71,72,42,42
71,73,42,42
71,117,42,42
71,15,42,42
71,5,42,42
51,45,42,42
14,13,42,42
5,54,42,42
48,94,42,42
115,66,42,42
115,67,42,42
22,7,42,42
7,22,42,42
4,106,42,42
4,106,42,42
75,48,42,42
48,75,42,42
3,4,42,42
3,13,42,42
74,40,42,42
73,1,42,42
1,73,42,42
13,40,42,42
13,8,42,42
13,3,42,42
13,3,42,42
56,72,42,42
67,115,42,42
7,22,42,42
75,50,42,42
76,50,42,42
9,14,42,42
14,9,42,42
44,38,42,42
67,19,42,42
48,4,42,42
59,2,42,42
68,48,42,42
50,76,42,42
76,50,42,42
14,13,42,42
57,84,42,42
57,18,42,42
57,101,42,42
71,73,42,42
101,57,42,42
32,7,42,42
85,3,42,42
85,94,42,42
40,1,42,42
13,53,42,42
13,50,42,42
13,3,42,42
13,4,42,42
54,5,42,42
84,57,42,42
54,5,42,42
50,69,42,42
39,29,42,42
3,66,42,42
3,68,42,42
3,9,42,42
3,17,42,42
3,67,42,42
68,3,42,42
32,7,42,42
50,76,42,42
76,50,42,42
1,40,42,42
29,39,42,42
2,59,42,42
2,72,42,42
2,40,42,42
2,74,42,42
47,68,42,42
47,59,42,42
59,2,42,42
38,36,42,42
74,2,42,42
65,59,42,42
65,9,42,42
4,3,42,42
59,94,42,42
59,2,42,42
59,95,42,42
59,79,42,42
59,123,42,42
59,44,42,42
59,68,42,42
59,56,42,42
4,48,42,42
59,47,42,42
76,19,42,42
68,47,42,42
4,93,42,42
4,101,42,42
4,124,42,42
4,27,42,42
101,4,42,42
84,69,42,42
13,3,42,42
74,59,42,42
69,50,42,42
68,85,42,42
68,48,42,42
68,47,42,42
32,30,42,42
32,5,42,42
32,8,42,42
32,26,42,42
48,50,42,42
59,74,42,42
59,2,42,42
59,94,42,42
17,3,42,42
14,13,42,42
124,4,42,42
5,54,42,42
37,38,42,42
13,17,42,42
50,3,42,42
50,41,42,42
54,10,42,42
54,15,42,42
15,54,42,42
76,19,42,42
94,65,42,42
94,14,42,42
32,104,42,42
50,17,42,42
50,3,42,42
37,38,42,42
38,37,42,42
37,38,42,42
42,20,42,42
65,94,42,42
38,72,42,42
10,54,42,42
67,3,42,42
3,50,42,42
3,50,42,42
74,44,42,42
44,74,42,42
18,57,42,42
37,38,42,42
37,36,42,42
50,75,42,42
75,50,42,42
69,101,42,42
72,15,42,42
72,5,42,42
76,101,42,42
84,57,42,42
72,71,42,42
72,73,42,42
72,15,42,42
72,5,42,42
21,10,42,42
21,10,42,42
47,93,42,42
47,101,42,42
47,124,42,42
47,27,42,42
2,69,42,42
76,50,42,42
71,73,42,42
69,50,42,42
69,53,42,42
50,69,42,42
69,50,42,42
71,73,42,42
50,17,42,42
50,3,42,42
3,50,42,42
50,17,42,42
30,15,42,42
30,54,42,42
30,33,42,42
30,8,42,42
30,3,42,42
30,17,42,42
96,40,42,42
30,3,42,42
30,17,42,42
30,13,42,42
30,20,42,42
30,33,42,42
30,15,42,42
30,54,42,42
30,5,42,42
30,39,42,42
30,13,42,42
30,7,42,42
30,32,42,42
32,30,42,42
74,72,42,42
9,65,42,42
9,67,42,42
67,9,42,42
69,2,42,42
84,81,42,42
112,1,42,42
69,40,42,42
69,40,42,42
134,1,42,42
153,53,42,42
1,112,42,42
1,5,42,42
1,6,42,42
1,7,42,42
1,2,42,42
1,44,42,42
1,3,42,42
1,8,42,42
1,9,42,42
1,10,42,42
1,11,42,42
1,12,42,42
1,65,42,42
1,13,42,42
1,14,42,42
1,15,42,42
1,4,42,42
1,40,42,42
1,16,42,42
1,17,42,42
124,47,42,42
20,30,42,42
4,74,42,42
101,47,42,42
40,3,42,42
40,8,42,42
40,72,42,42
101,69,42,42
40,1,42,42
33,30,42,42
33,30,42,42
54,30,42,42
54,30,42,42
13,17,42,42
13,30,42,42
13,30,42,42
8,30,42,42
13,51,42,42
94,14,42,42
94,65,42,42
94,9,42,42
8,40,42,42
74,4,42,42
6,106,42,42
10,75,42,42
17,30,42,42
17,30,42,42
17,50,42,42
17,50,42,42
39,30,42,42
13,7,42,42
13,1,42,42
3,30,42,42
75,10,42,42
3,30,42,42
3,40,42,42
3,13,42,42
13,8,42,42
13,3,42,42
81,51,42,42
15,30,42,42
15,30,42,42
94,56,42,42
94,88,42,42
94,76,42,42
94,69,42,42
94,84,42,42
94,68,42,42
94,48,42,42
94,86,42,42
94,47,42,42
94,85,42,42
94,95,42,42
1,40,42,42
1,73,42,42
7,30,42,42
5,30,42,42
26,15,42,42
26,25,42,42
79,43,42,42
84,94,42,42
96,15,42,42
96,12,42,42
96,61,42,42
15,96,42,42
68,94,42,42
3,13,42,42
3,40,42,42
3,68,42,42
3,67,42,42
3,8,42,42
3,4,42,42
3,69,42,42
3,85,42,42
3,17,42,42
68,3,42,42
61,96,42,42
13,3,42,42
12,96,42,42
88,94,42,42
69,101,42,42
100,7,42,42
69,101,42,42
47,94,42,42
96,15,42,42
96,61,42,42
15,96,42,42
32,15,42,42
32,5,42,42
32,8,42,42
32,15,42,42
32,5,42,42
32,8,42,42
32,15,42,42
32,5,42,42
32,8,42,42
32,8,42,42
32,5,42,42
32,15,42,42
32,15,42,42
32,3,42,42
32,26,42,42
32,24,42,42
32,83,42,42
68,27,42,42
68,81,42,42
27,68,42,42
65,94,42,42
5,83,42,42
5,83,42,42
5,83,42,42
5,83,42,42
95,94,42,42
9,94,42,42
9,3,42,42
14,59,42,42
56,94,42,42
47,93,42,42
47,101,42,42
47,124,42,42
47,27,42,42
101,47,42,42
11,5,42,42
94,67,42,42
94,59,42,42
4,3,42,42
59,94,42,42
94,14,42,42
94,65,42,42
94,9,42,42
67,94,42,42
3,8,42,42
3,13,42,42
3,51,42,42
3,66,42,42
5,11,42,42
83,5,42,42
61,96,42,42
76,94,42,42
84,57,42,42
9,94,42,42
59,14,42,42
13,53,42,42
13,3,42,42
73,1,42,42
67,80,42,42
67,3,42,42
40,1,42,42
115,67,42,42
44,42,42,42
1,40,42,42
38,37,42,42
38,36,42,42
17,3,42,42
8,3,42,42
8,3,42,42
17,56,42,42
17,15,42,42
17,54,42,42
15,17,42,42
40,69,42,42
40,3,42,42
40,8,42,42
3,40,42,42
69,40,42,42
76,40,42,42
76,69,42,42
65,94,42,42
69,19,42,42
76,40,42,42
124,47,42,42
56,17,42,42
21,88,42,42
40,76,42,42
43,79,42,42
40,76,42,42
76,40,42,42
79,43,42,42
67,115,42,42
88,21,42,42
76,40,42,42
76,19,42,42
41,50,42,42
53,13,42,42
19,57,42,42
41,40,42,42
15,72,42,42
15,5,42,42
15,12,42,42
12,15,42,42
59,14,42,42
59,9,42,42
59,67,42,42
72,71,42,42
72,73,42,42
57,19,42,42
29,120,42,42
29,23,42,42
2,59,42,42
2,72,42,42
2,40,42,42
2,74,42,42
73,72,42,42
73,15,42,42
73,5,42,42
73,71,42,42
59,2,42,42
15,73,42,42
74,2,42,42
47,68,42,42
52,34,42,42
21,84,42,42
32,24,42,42
32,26,42,42
18,57,42,42
38,1,42,42
94,65,42,42
94,14,42,42
59,67,42,42
65,94,42,42
84,21,42,42
72,83,42,42
72,66,42,42
94,65,42,42
94,14,42,42
29,7,42,42
65,94,42,42
7,29,42,42
8,40,42,42
14,80,42,42
47,40,42,42
47,75,42,42
84,69,42,42
47,40,42,42
8,13,42,42
56,47,42,42
56,69,42,42
47,56,42,42
65,94,42,42
44,14,42,42
34,52,42,42
38,36,42,42
38,37,42,42
38,36,42,42
38,1,42,42
13,8,42,42
57,18,42,42
95,44,42,42
5,15,42,42
5,73,42,42
59,56,42,42
1,36,42,42
75,47,42,42
84,101,42,42
2,68,42,42
94,65,42,42
30,7,42,42
7,30,42,42
40,47,42,42
75,50,42,42
8,1,42,42
8,7,42,42
57,84,42,42
6,106,42,42
7,8,42,42
6,106,42,42
59,56,42,42
6,106,42,42
75,50,42,42
6,106,42,42
32,9,42,42
68,2,42,42
2,59,42,42
2,40,42,42
2,74,42,42
2,72,42,42
15,9,42,42
15,66,42,42
59,2,42,42
15,5,42,42
54,17,42,42
9,15,42,42
47,40,42,42
9,32,42,42
47,40,42,42
47,75,42,42
68,2,42,42
50,75,42,42
84,57,42,42
5,15,42,42
68,53,42,42
68,48,42,42
74,40,42,42
75,50,42,42
75,47,42,42
75,50,42,42
1,8,42,42
48,94,42,42
4,106,42,42
85,3,42,42
85,94,42,42
83,38,42,42
8,7,42,42
38,83,42,42
7,8,42,42
53,69,42,42
59,67,42,42
59,9,42,42
59,14,42,42
75,50,42,42
23,29,42,42
23,29,42,42
74,2,42,42
57,84,42,42
56,5,42,42
29,23,42,42
29,80,42,42
2,59,42,42
2,40,42,42
2,72,42,42
2,74,42,42
84,57,42,42
59,2,42,42
80,29,42,42
105,103,42,42
103,105,42,42
56,15,42,42
69,3,42,42
69,67,42,42
69,66,42,42
69,68,42,42
69,8,42,42
69,40,42,42
5,56,42,42
74,2,42,42
76,50,42,42
7,8,42,42
74,4,42,42
73,9,42,42
73,14,42,42
73,65,42,42
44,95,42,42
74,59,42,42
65,73,42,42
56,55,42,42
56,18,42,42
18,56,42,42
40,43,42,42
40,47,42,42
40,75,42,42
59,74,42,42
59,94,42,42
59,2,42,42
57,84,42,42
53,68,42,42
4,74,42,42
50,75,42,42
88,15,42,42
18,3,42,42
75,50,42,42
84,57,42,42
21,84,42,42
68,53,42,42
1,40,42,42
85,68,42,42
53,75,42,42
89,18,42,42
57,84,42,42
18,89,42,42
47,40,42,42
9,73,42,42
8,7,42,42
69,40,42,42
68,48,42,42
75,53,42,42
75,40,42,42
56,18,42,42
15,56,42,42
69,76,42,42
18,56,42,42
9,66,42,42
9,67,42,42
40,69,42,42
69,40,42,42
8,30,42,42
30,8,42,42
50,75,42,42
50,82,42,42
50,49,42,42
50,101,42,42
50,93,42,42
50,124,42,42
50,27,42,42
51,81,42,42
30,7,42,42
51,3,42,42
55,56,42,42
7,30,42,42
30,3,42,42
30,8,42,42
30,17,42,42
21,84,42,42
15,12,42,42
12,15,42,42
84,21,42,42
59,2,42,42
59,94,42,42
84,21,42,42
50,69,42,42
50,3,42,42
50,75,42,42
69,50,42,42
69,84,42,42
75,50,42,42
75,50,42,42
105,103,42,42
38,36,42,42
15,1,42,42
15,7,42,42
7,15,42,42
1,15,42,42
17,30,42,42
68,85,42,42
3,50,42,42
103,105,42,42
67,9,42,42
3,30,42,42
68,85,42,42
8,30,42,42
80,69,42,42
80,84,42,42
82,50,42,42
1,5,42,42
1,6,42,42
1,7,42,42
1,2,42,42
1,44,42,42
1,3,42,42
1,8,42,42
1,9,42,42
1,10,42,42
1,11,42,42
1,12,42,42
1,65,42,42
1,13,42,42
1,14,42,42
1,15,42,42
1,4,42,42
1,40,42,42
1,16,42,42
1,17,42,42
40,50,42,42
101,50,42,42
25,26,42,42
26,25,42,42
1,13,42,42
1,40,42,42
1,10,42,42
1,12,42,42
1,7,42,42
1,4,42,42
1,11,42,42
1,16,42,42
1,2,42,42
1,6,42,42
1,40,42,42
94,65,42,42
94,14,42,42
13,1,42,42
7,1,42,42
3,13,42,42
72,66,42,42
72,83,42,42
13,3,42,42
10,1,42,42
12,1,42,42
4,1,42,42
11,1,42,42
96,15,42,42
96,12,42,42
96,61,42,42
12,96,42,42
15,96,42,42
59,67,42,42
61,96,42,42
3,67,42,42
3,69,42,42
3,8,42,42
3,13,42,42
3,40,42,42
3,4,42,42
3,68,42,42
3,85,42,42
3,17,42,42
6,1,42,42
96,15,42,42
96,61,42,42
8,3,42,42
61,96,42,42
13,3,42,42
6,1,42,42
6,7,42,42
6,7,42,42
6,1,42,42
15,96,42,42
6,7,42,42
6,1,42,42
40,72,42,42
40,3,42,42
40,8,42,42
6,7,42,42
6,1,42,42
4,3,42,42
6,106,42,42
3,40,42,42
2,1,42,42
94,88,42,42
94,47,42,42
94,69,42,42
94,84,42,42
94,56,42,42
94,86,42,42
94,48,42,42
94,68,42,42
94,85,42,42
94,76,42,42
56,94,42,42
17,3,42,42
58,33,42,42
58,83,42,42
58,54,42,42
58,23,42,42
58,106,42,42
47,94,42,42
23,58,42,42
23,58,42,42
40,6,42,42
3,40,42,42
54,58,42,42
76,94,42,42
75,50,42,42
33,58,42,42
56,94,42,42
17,56,42,42
17,15,42,42
17,54,42,42
106,58,42,42
83,58,42,42
69,76,42,42
38,1,42,42
56,17,42,42
69,76,42,42
88,94,42,42
68,3,42,42
68,94,42,42
6,40,42,42
54,17,42,42
65,94,42,42
94,56,42,42
95,44,42,42
84,76,42,42
84,80,42,42
44,95,42,42
84,94,42,42
76,75,42,42
2,59,42,42
2,72,42,42
2,40,42,42
2,74,42,42
74,2,42,42
84,40,42,42
59,2,42,42
33,130,42,42
76,19,42,42
8,40,42,42
15,17,42,42
19,76,42,42
12,31,42,42
12,25,42,42
84,69,42,42
73,72,42,42
73,15,42,42
73,5,42,42
73,71,42,42
76,50,42,42
76,19,42,42
18,88,42,42
18,3,42,42
18,79,42,42
18,56,42,42
18,57,42,42
18,43,42,42
88,18,42,42
58,23,42,42
76,69,42,42
76,40,42,42
17,50,42,42
6,1,42,42
38,37,42,42
1,6,42,42
3,18,42,42
15,73,42,42
8,1,42,42
8,7,42,42
56,18,42,42
5,73,42,42
79,18,42,42
151,10,42,42
79,44,42,42
6,106,42,42
15,88,42,42
88,15,42,42
40,8,42,42
48,94,42,42
9,66,42,42
9,67,42,42
11,5,42,42
54,5,42,42
54,33,42,42
54,58,42,42
54,83,42,42
7,8,42,42
5,11,42,42
8,40,42,42
5,54,42,42
57,84,42,42
57,18,42,42
69,84,42,42
69,76,42,42
84,57,42,42
69,19,42,42
69,84,42,42
69,75,42,42
69,50,42,42
69,3,42,42
74,40,42,42
1,8,42,42
57,76,42,42
76,57,42,42
74,4,42,42
54,15,42,42
15,54,42,42
15,12,42,42
12,15,42,42
58,54,42,42
69,19,42,42
6,106,42,42
33,54,42,42
4,106,42,42
4,74,42,42
1,6,42,42
69,40,42,42
69,40,42,42
83,54,42,42
40,8,42,42
44,79,42,42
25,12,42,42
76,50,42,42
8,40,42,42
18,44,42,42
44,18,42,42
6,1,42,42
40,69,42,42
40,8,42,42
115,90,42,42
69,40,42,42
20,51,42,42
88,15,42,42
8,40,42,42
51,20,42,42
85,94,42,42
85,3,42,42
15,56,42,42
56,15,42,42
90,115,42,42
105,103,42,42
6,106,42,42
6,106,42,42
84,69,42,42
84,76,42,42
6,106,42,42
76,19,42,42
33,96,42,42
37,38,42,42
54,15,42,42
48,47,42,42
74,59,42,42
74,94,42,42
59,74,42,42
76,50,42,42
47,48,42,42
23,83,42,42
23,83,42,42
83,23,42,42
83,23,42,42
9,90,42,42
9,80,42,42
9,44,42,42
9,14,42,42
9,77,42,42
9,59,42,42
9,66,42,42
14,9,42,42
6,106,42,42
59,9,42,42
68,69,42,42
68,56,42,42
69,8,42,42
69,40,42,42
38,37,42,42
1,112,42,42
1,44,42,42
44,1,42,42
112,1,42,42
56,69,42,42
76,69,42,42
2,6,42,42
9,14,42,42
9,59,42,42
9,44,42,42
9,90,42,42
9,77,42,42
9,80,42,42
9,66,42,42
40,72,42,42
40,3,42,42
44,9,42,42
145,68,42,42
90,9,42,42
96,33,42,42
59,14,42,42
59,9,42,42
44,9,42,42
40,41,42,42
40,69,42,42
40,8,42,42
14,9,42,42
3,40,42,42
3,8,42,42
3,13,42,42
3,72,42,42
3,40,42,42
94,74,42,42
69,40,42,42
13,3,42,42
6,2,42,42
15,54,42,42
37,38,42,42
84,69,42,42
47,55,42,42
69,68,42,42
84,69,42,42
85,3,42,42
85,13,42,42
143,80,42,42
88,15,42,42
88,15,42,42
55,47,42,42
8,3,42,42
8,40,42,42
90,9,42,42
15,88,42,42
88,15,42,42
3,85,42,42
21,56,42,42
21,88,42,42
56,21,42,42
3,85,42,42
88,21,42,42
106,117,42,42
106,73,42,42
85,3,42,42
85,3,42,42
72,69,42,42
80,9,42,42
80,9,42,42
68,67,42,42
68,65,42,42
68,66,42,42
68,3,42,42
68,9,42,42
68,15,42,42
68,72,42,42
68,69,42,42
68,56,42,42
68,48,42,42
74,4,42,42
48,4,42,42
69,50,42,42
76,81,42,42
59,9,42,42
68,69,42,42
144,38,42,42
141,104,43,43
13,85,43,43
4,74,43,43
40,65,43,43
40,17,43,43
94,56,43,43
94,88,43,43
94,76,43,43
94,48,43,43
94,86,43,43
94,68,43,43
94,69,43,43
94,84,43,43
94,85,43,43
94,47,43,43
42,44,43,43
8,50,43,43
8,53,43,43
13,3,43,43
3,85,43,43
3,13,43,43
3,4,43,43
13,3,43,43
96,15,43,43
96,12,43,43
96,61,43,43
15,96,43,43
3,8,43,43
3,13,43,43
3,40,43,43
3,4,43,43
13,3,43,43
4,17,43,43
4,3,43,43
4,65,43,43
4,74,43,43
4,13,43,43
4,9,43,43
4,40,43,43
74,4,43,43
17,4,43,43
40,121,43,43
4,3,43,43
13,4,43,43
8,3,43,43
4,3,43,43
96,15,43,43
96,61,43,43
94,2,43,43
4,48,43,43
12,96,43,43
13,3,43,43
13,40,43,43
4,13,43,43
4,3,43,43
13,4,43,43
3,4,43,43
15,96,43,43
3,4,43,43
11,5,43,43
9,4,43,43
12,72,43,43
12,15,43,43
12,71,43,43
12,73,43,43
53,8,43,43
15,12,43,43
88,94,43,43
2,94,43,43
73,12,43,43
2,94,43,43
41,40,43,43
153,53,43,43
94,2,43,43
3,67,43,43
3,40,43,43
3,66,43,43
3,8,43,43
3,13,43,43
3,4,43,43
3,68,43,43
3,85,43,43
3,69,43,43
3,17,43,43
94,67,43,43
94,59,43,43
13,3,43,43
17,9,43,43
67,94,43,43
59,94,43,43
4,3,43,43
68,3,43,43
67,3,43,43
68,94,43,43
9,17,43,43
56,94,43,43
5,11,43,43
47,94,43,43
56,69,43,43
124,50,43,43
72,5,43,43
72,71,43,43
72,73,43,43
72,12,43,43
72,15,43,43
72,117,43,43
72,74,43,43
38,37,43,43
38,36,43,43
38,1,43,43
17,3,43,43
76,94,43,43
4,3,43,43
21,56,43,43
21,88,43,43
56,21,43,43
84,94,43,43
88,21,43,43
32,83,43,43
17,56,43,43
17,15,43,43
17,54,43,43
2,72,43,43
2,59,43,43
2,40,43,43
2,74,43,43
59,2,43,43
38,1,43,43
45,112,43,43
112,45,43,43
54,17,43,43
73,5,43,43
73,71,43,43
73,72,43,43
73,15,43,43
76,50,43,43
74,2,43,43
74,40,43,43
9,68,43,43
9,69,43,43
9,3,43,43
9,8,43,43
56,17,43,43
8,9,43,43
8,3,43,43
84,57,43,43
68,9,43,43
65,4,43,43
3,9,43,43
3,50,43,43
3,53,43,43
3,8,43,43
3,13,43,43
3,40,43,43
68,47,43,43
68,48,43,43
68,85,43,43
53,3,43,43
84,86,43,43
86,84,43,43
3,4,43,43
68,48,43,43
56,15,43,43
50,3,43,43
50,38,43,43
50,13,43,43
3,50,43,43
58,23,43,43
58,54,43,43
58,29,43,43
58,33,43,43
58,43,43,43
58,4,43,43
58,83,43,43
38,36,43,43
3,38,43,43
3,50,43,43
3,13,43,43
38,36,43,43
5,73,43,43
13,50,43,43
13,3,43,43
29,58,43,43
13,3,43,43
8,3,43,43
74,59,43,43
74,94,43,43
15,73,43,43
15,17,43,43
47,8,43,43
47,40,43,43
47,68,43,43
29,39,43,43
75,50,43,43
2,84,43,43
2,76,43,43
2,88,43,43
2,47,43,43
2,67,43,43
2,59,43,43
2,68,43,43
2,69,43,43
2,56,43,43
2,85,43,43
2,86,43,43
2,89,43,43
2,48,43,43
2,94,43,43
86,2,43,43
58,18,43,43
58,7,43,43
7,58,43,43
76,50,43,43
56,2,43,43
48,2,43,43
54,58,43,43
47,2,43,43
18,58,43,43
59,74,43,43
59,2,43,43
9,67,43,43
88,2,43,43
44,42,43,43
69,18,43,43
69,43,43,43
69,40,43,43
69,3,43,43
76,2,43,43
26,30,43,43
26,45,43,43
42,44,43,43
69,84,43,43
69,76,43,43
69,86,43,43
86,69,43,43
75,50,43,43
30,45,43,43
4,58,43,43
83,32,43,43
83,58,43,43
83,58,43,43
58,83,43,43
83,32,43,43
94,74,43,43
94,2,43,43
58,83,43,43
83,58,43,43
83,58,43,43
38,37,43,43
153,53,43,43
89,2,43,43
38,37,43,43
38,36,43,43
37,38,43,43
37,38,43,43
72,115,43,43
69,19,43,43
3,8,43,43
15,56,43,43
36,38,43,43
85,2,43,43
85,48,43,43
85,3,43,43
85,94,43,43
48,85,43,43
15,54,43,43
54,15,43,43
9,67,43,43
54,120,43,43
8,3,43,43
8,47,43,43
67,3,43,43
67,68,43,43
67,66,43,43
67,2,43,43
67,9,43,43
88,15,43,43
88,61,43,43
88,96,43,43
88,12,43,43
8,69,43,43
29,42,43,43
120,54,43,43
88,61,43,43
88,96,43,43
88,12,43,43
6,106,43,43
59,67,43,43
32,83,43,43
88,61,43,43
40,121,43,43
15,54,43,43
68,85,43,43
69,8,43,43
68,2,43,43
68,47,43,43
23,58,43,43
54,15,43,43
39,29,43,43
23,58,43,43
42,29,43,43
75,50,43,43
3,13,43,43
3,53,43,43
3,4,43,43
4,3,43,43
50,69,43,43
50,75,43,43
13,3,43,43
53,3,43,43
69,50,43,43
69,75,43,43
69,84,43,43
76,69,43,43
50,76,43,43
69,76,43,43
76,50,43,43
75,50,43,43
50,75,43,43
75,50,43,43
76,50,43,43
76,81,43,43
76,50,43,43
69,84,43,43
50,76,43,43
68,59,43,43
68,2,43,43
68,94,43,43
59,68,43,43
76,50,43,43
50,76,43,43
76,50,43,43
76,50,43,43
50,76,43,43
50,3,43,43
76,50,43,43
3,50,43,43
50,76,43,43
34,24,43,43
76,50,43,43
24,34,43,43
76,50,43,43
47,3,43,43
47,13,43,43
3,47,43,43
3,8,43,43
3,13,43,43
3,47,43,43
50,76,43,43
76,50,43,43
47,3,43,43
50,76,43,43
50,81,43,43
12,15,43,43
1,7,43,43
7,1,43,43
138,47,43,43
106,117,43,43
106,73,43,43
54,15,43,43
54,88,43,43
54,56,43,43
54,12,43,43
54,96,43,43
50,69,43,43
50,3,43,43
8,3,43,43
12,54,43,43
76,50,43,43
68,94,43,43
68,2,43,43
68,59,43,43
68,48,43,43
3,50,43,43
69,84,43,43
69,76,43,43
69,50,43,43
50,76,43,43
76,50,43,43
84,89,43,43
13,3,43,43
13,47,43,43
13,3,43,43
13,3,43,43
13,8,43,43
13,41,43,43
13,3,43,43
13,8,43,43
13,41,43,43
57,79,43,43
57,18,43,43
31,12,43,43
31,25,43,43
31,11,43,43
49,50,43,43
46,23,43,43
18,57,43,43
58,83,43,43
58,23,43,43
23,46,43,43
8,13,43,43
61,96,43,43
25,9,43,43
45,30,43,43
3,13,43,43
3,13,43,43
29,39,43,43
39,29,43,43
15,54,43,43
15,12,43,43
96,54,43,43
33,58,43,43
96,15,43,43
96,12,43,43
96,61,43,43
12,96,43,43
94,56,43,43
94,85,43,43
94,47,43,43
94,88,43,43
94,76,43,43
94,69,43,43
94,48,43,43
94,68,43,43
94,84,43,43
94,86,43,43
68,94,43,43
56,54,43,43
56,94,43,43
96,15,43,43
96,61,43,43
3,67,43,43
3,66,43,43
3,69,43,43
3,8,43,43
3,13,43,43
3,41,43,43
3,68,43,43
3,85,43,43
3,17,43,43
68,3,43,43
13,3,43,43
47,94,43,43
3,85,43,43
3,13,43,43
17,3,43,43
13,3,43,43
105,103,43,43
103,105,43,43
61,96,43,43
32,113,43,43
61,96,43,43
113,32,43,43
17,56,43,43
17,15,43,43
17,54,43,43
56,17,43,43
70,50,43,43
70,53,43,43
15,96,43,43
15,96,43,43
15,17,43,43
48,94,43,43
8,3,43,43
11,5,43,43
88,54,43,43
2,72,43,43
2,40,43,43
2,74,43,43
53,3,43,43
84,94,43,43
21,76,43,43
88,94,43,43
44,38,43,43
76,21,43,43
5,11,43,43
6,1,43,43
1,6,43,43
73,15,43,43
73,72,43,43
73,5,43,43
73,71,43,43
76,94,43,43
5,73,43,43
15,73,43,43
76,49,43,43
3,53,43,43
3,13,43,43
48,50,43,43
13,3,43,43
14,7,43,43
7,14,43,43
33,34,43,43
88,15,43,43
3,13,43,43
3,51,43,43
74,2,43,43
54,17,43,43
20,3,43,43
3,20,43,43
13,3,43,43
67,3,43,43
88,15,43,43
15,88,43,43
34,33,43,43
88,15,43,43
15,72,43,43
18,3,43,43
76,19,43,43
50,75,43,43
106,73,43,43
106,117,43,43
70,53,43,43
106,117,43,43
106,73,43,43
54,15,43,43
94,14,43,43
94,65,43,43
77,9,43,43
77,66,43,43
75,50,43,43
65,94,43,43
15,54,43,43
13,106,43,43
13,58,43,43
76,19,43,43
56,5,43,43
33,83,43,43
48,53,43,43
48,3,43,43
5,56,43,43
54,15,43,43
15,54,43,43
50,75,43,43
80,59,43,43
80,2,43,43
59,80,43,43
50,53,43,43
15,54,43,43
2,80,43,43
54,15,43,43
73,14,43,43
73,72,43,43
73,9,43,43
73,65,43,43
48,94,43,43
53,50,43,43
88,15,43,43
3,48,43,43
14,73,43,43
3,53,43,43
3,13,43,43
65,73,43,43
75,50,43,43
21,72,43,43
76,19,43,43
80,59,43,43
80,2,43,43
80,67,43,43
80,90,43,43
80,68,43,43
68,80,43,43
2,80,43,43
67,80,43,43
76,50,43,43
21,84,43,43
76,81,43,43
13,3,43,43
23,45,43,43
45,23,43,43
85,48,43,43
21,84,43,43
85,3,43,43
85,3,43,43
85,94,43,43
6,106,43,43
54,15,43,43
54,56,43,43
54,88,43,43
54,61,43,43
54,96,43,43
54,29,43,43
54,120,43,43
54,39,43,43
39,54,43,43
88,61,43,43
88,96,43,43
88,15,43,43
88,12,43,43
56,15,43,43
15,56,43,43
9,73,43,43
6,106,43,43
29,54,43,43
74,5,43,43
120,54,43,43
6,106,43,43
84,19,43,43
15,88,43,43
56,54,43,43
18,57,43,43
57,18,43,43
15,88,43,43
15,56,43,43
15,54,43,43
90,80,43,43
56,15,43,43
88,15,43,43
88,15,43,43
88,15,43,43
15,113,43,43
113,15,43,43
54,5,43,43
54,15,43,43
54,5,43,43
54,15,43,43
15,54,43,43
15,54,43,43
113,15,43,43
15,113,43,43
84,21,43,43
84,21,43,43
18,6,43,43
18,69,43,43
18,43,43,43
88,54,43,43
54,33,43,43
54,58,43,43
54,5,43,43
84,8,43,43
12,15,43,43
15,12,43,43
6,18,43,43
6,106,43,43
96,54,43,43
69,8,43,43
69,19,43,43
69,19,43,43
70,50,43,43
33,54,43,43
58,54,43,43
3,41,43,43
36,38,43,43
80,64,43,43
38,36,43,43
88,61,43,43
88,96,43,43
88,12,43,43
88,15,43,43
104,57,43,43
104,57,43,43
104,32,43,43
76,19,43,43
8,69,43,43
69,8,43,43
69,19,43,43
80,14,43,43
69,76,43,43
90,18,43,43
144,38,43,43
140,122,43,43
140,122,43,43
138,47,43,43
139,57,43,43
57,104,43,43
57,104,43,43
138,47,43,43
121,40,43,43
121,40,43,43
61,54,43,43
27,54,43,43
27,4,43,43
27,50,43,43
27,50,43,43
27,50,43,43
27,50,43,43
27,50,43,43
36,38,43,43
27,50,43,43
27,50,43,43
27,50,43,43
27,47,43,43
27,47,43,43
27,77,43,43
27,47,43,43
94,86,43,43
94,48,43,43
94,56,43,43
94,85,43,43
94,47,43,43
94,68,43,43
94,88,43,43
94,76,43,43
94,84,43,43
94,69,43,43
5,54,43,43
5,74,43,43
96,15,43,43
96,12,43,43
96,61,43,43
12,96,43,43
38,3,43,43
38,13,43,43
38,4,43,43
38,15,43,43
38,12,43,43
38,5,43,43
38,2,43,43
38,14,43,43
38,17,43,43
38,10,43,43
38,8,43,43
38,6,43,43
38,16,43,43
38,11,43,43
38,9,43,43
38,65,43,43
38,7,43,43
38,91,43,43
38,36,43,43
5,54,43,43
5,54,43,43
96,15,43,43
96,61,43,43
48,94,43,43
3,13,43,43
3,67,43,43
3,66,43,43
3,8,43,43
3,68,43,43
3,69,43,43
3,85,43,43
3,17,43,43
17,3,43,43
13,3,43,43
47,94,43,43
61,96,43,43
61,96,43,43
56,94,43,43
88,94,43,43
139,57,43,43
104,57,43,43
104,18,43,43
17,56,43,43
17,15,43,43
17,54,43,43
47,93,43,43
47,101,43,43
47,124,43,43
47,27,43,43
56,17,43,43
101,47,43,43
80,69,43,43
80,84,43,43
67,3,43,43
93,47,43,43
36,38,43,43
57,104,43,43
18,104,43,43
21,56,43,43
18,55,43,43
18,108,43,43
18,107,43,43
18,99,43,43
18,109,43,43
18,110,43,43
57,69,43,43
57,84,43,43
57,18,43,43
18,57,43,43
18,104,43,43
18,109,43,43
18,107,43,43
18,108,43,43
18,99,43,43
18,110,43,43
54,17,43,43
18,57,43,43
104,18,43,43
44,10,43,43
50,75,43,43
10,44,43,43
77,27,43,43
57,101,43,43
57,18,43,43
101,57,43,43
75,50,43,43
93,47,43,43
93,47,43,43
93,47,43,43
124,47,43,43
45,14,43,43
45,26,43,43
45,24,43,43
27,47,43,43
2,72,43,43
2,40,43,43
2,74,43,43
84,94,43,43
84,80,43,43
72,73,43,43
84,57,43,43
51,3,43,43
76,94,43,43
56,21,43,43
8,3,43,43
53,3,43,43
53,48,43,43
53,70,43,43
76,19,43,43
73,72,43,43
73,15,43,43
73,5,43,43
73,71,43,43
93,50,43,43
93,50,43,43
93,50,43,43
93,50,43,43
115,72,43,43
93,54,43,43
84,57,43,43
93,50,43,43
93,50,43,43
93,4,43,43
93,50,43,43
93,50,43,43
72,38,43,43
81,47,43,43
81,27,43,43
2,69,43,43
2,86,43,43
2,59,43,43
2,68,43,43
2,56,43,43
2,85,43,43
2,84,43,43
2,89,43,43
2,48,43,43
2,76,43,43
2,88,43,43
2,47,43,43
2,67,43,43
2,94,43,43
68,2,43,43
59,2,43,43
38,67,43,43
153,53,43,43
56,2,43,43
88,2,43,43
76,2,43,43
47,81,43,43
47,2,43,43
84,8,43,43
89,2,43,43
74,2,43,43
80,69,43,43
80,84,43,43
48,2,43,43
30,45,43,43
45,30,43,43
84,80,43,43
50,81,43,43
50,76,43,43
94,2,43,43
8,41,43,43
74,94,43,43
74,59,43,43
59,74,43,43
26,45,43,43
94,74,43,43
57,76,43,43
57,88,43,43
57,18,43,43
88,57,43,43
50,53,43,43
94,14,43,43
94,65,43,43
15,96,43,43
15,96,43,43
104,18,43,43
5,73,43,43
15,73,43,43
15,17,43,43
84,2,43,43
76,53,43,43
73,1,43,43
1,73,43,43
73,38,43,43
18,57,43,43
18,104,43,43
76,19,43,43
27,81,43,43
84,76,43,43
76,57,43,43
27,15,43,43
117,54,43,43
72,69,43,43
76,50,43,43
67,2,43,43
50,76,43,43
32,26,43,43
67,42,43,43
67,68,43,43
68,67,43,43
94,2,43,43
94,59,43,43
59,94,43,43
2,94,43,43
9,44,43,43
88,61,43,43
88,96,43,43
76,50,43,43
76,49,43,43
81,27,43,43
76,50,43,43
54,117,43,43
18,85,43,43
48,85,43,43
85,94,43,43
85,3,43,43
15,88,43,43
88,15,43,43
69,76,43,43
85,2,43,43
50,76,43,43
85,18,43,43
38,37,43,43
76,50,43,43
37,38,43,43
85,18,43,43
85,48,43,43
3,48,43,43
3,53,43,43
3,13,43,43
21,57,43,43
21,18,43,43
57,21,43,43
48,3,43,43
27,81,43,43
48,85,43,43
2,85,43,43
2,48,43,43
2,76,43,43
2,47,43,43
2,67,43,43
2,69,43,43
2,56,43,43
2,86,43,43
2,84,43,43
2,89,43,43
2,88,43,43
6,106,43,43
88,2,43,43
117,15,43,43
76,49,43,43
47,2,43,43
85,2,43,43
44,9,43,43
27,81,43,43
13,3,43,43
25,26,43,43
54,15,43,43
89,84,43,43
18,85,43,43
18,21,43,43
33,151,43,43
56,2,43,43
45,32,43,43
72,104,43,43
32,45,43,43
45,86,43,43
86,45,43,43
45,69,43,43
45,5,43,43
6,106,43,43
45,100,43,43
45,117,43,43
45,15,43,43
45,50,43,43
45,115,43,43
84,69,43,43
84,89,43,43
84,80,43,43
84,7,43,43
84,21,43,43
5,45,43,43
45,68,43,43
68,45,43,43
45,53,43,43
67,2,43,43
50,45,43,43
45,50,43,43
76,2,43,43
53,3,43,43
49,76,43,43
53,50,43,43
53,45,43,43
76,49,43,43
15,117,43,43
44,80,43,43
80,44,43,43
65,9,43,43
65,94,43,43
9,65,43,43
26,25,43,43
69,42,43,43
76,49,43,43
54,15,43,43
115,45,43,43
70,53,43,43
48,85,43,43
85,48,43,43
47,49,43,43
47,75,43,43
49,47,43,43
76,19,43,43
107,18,43,43
107,18,43,43
58,18,43,43
58,7,43,43
7,58,43,43
65,95,43,43
148,84,43,43
58,7,43,43
58,18,43,43
7,58,43,43
7,58,43,43
75,47,43,43
47,48,43,43
48,47,43,43
69,18,43,43
69,6,43,43
69,43,43,43
69,40,43,43
58,7,43,43
84,50,43,43
58,7,43,43
95,65,43,43
84,2,43,43
9,67,43,43
80,3,43,43
80,44,43,43
80,8,43,43
3,80,43,43
91,19,43,43
44,80,43,43
44,80,43,43
8,80,43,43
15,7,43,43
88,56,43,43
15,45,43,43
15,54,43,43
56,88,43,43
15,54,43,43
15,27,43,43
88,56,43,43
46,23,43,43
80,67,43,43
7,15,43,43
2,94,43,43
15,117,43,43
89,84,43,43
38,7,43,43
138,47,43,43
7,58,43,43
54,15,44,44
18,58,44,44
18,58,44,44
48,2,44,44
11,5,44,44
5,11,44,44
100,45,44,44
15,54,44,44
48,18,44,44
3,17,44,44
3,67,44,44
3,66,44,44
3,8,44,44
3,13,44,44
3,68,44,44
3,69,44,44
3,85,44,44
17,3,44,44
94,2,44,44
96,15,44,44
96,12,44,44
96,61,44,44
61,96,44,44
12,96,44,44
8,3,44,44
15,96,44,44
96,15,44,44
96,61,44,44
15,96,44,44
42,29,44,44
42,2,44,44
42,63,44,44
42,98,44,44
42,22,44,44
42,43,44,44
42,94,44,44
123,94,44,44
98,42,44,44
50,84,44,44
13,3,44,44
54,15,44,44
54,117,44,44
98,151,44,44
98,21,44,44
98,58,44,44
98,93,44,44
98,20,44,44
98,33,44,44
98,7,44,44
98,89,44,44
98,45,44,44
98,63,44,44
98,6,44,44
98,74,44,44
98,82,44,44
58,98,44,44
45,98,44,44
7,98,44,44
151,98,44,44
94,65,44,44
94,14,44,44
117,73,44,44
21,98,44,44
22,98,44,44
22,93,44,44
22,42,44,44
22,20,44,44
22,7,44,44
22,29,44,44
22,2,44,44
7,22,44,44
98,22,44,44
74,98,44,44
18,48,44,44
61,96,44,44
18,57,44,44
21,70,44,44
21,75,44,44
21,88,44,44
21,7,44,44
21,89,44,44
21,10,44,44
15,83,44,44
15,26,44,44
42,22,44,44
7,21,44,44
15,54,44,44
94,56,44,44
94,88,44,44
94,69,44,44
94,47,44,44
94,76,44,44
94,84,44,44
94,86,44,44
94,48,44,44
94,68,44,44
94,85,44,44
117,58,44,44
89,98,44,44
58,117,44,44
57,18,44,44
6,98,44,44
56,94,44,44
89,2,44,44
89,21,44,44
29,42,44,44
29,22,44,44
10,21,44,44
2,22,44,44
2,42,44,44
70,21,44,44
67,3,44,44
67,80,44,44
70,112,44,44
70,21,44,44
70,19,44,44
70,31,44,44
70,109,44,44
70,89,44,44
70,151,44,44
21,70,44,44
31,70,44,44
112,70,44,44
76,49,44,44
76,94,44,44
47,94,44,44
26,15,44,44
26,45,44,44
84,94,44,44
115,66,44,44
42,14,44,44
42,9,44,44
115,72,44,44
26,25,44,44
151,70,44,44
17,56,44,44
17,15,44,44
17,54,44,44
115,67,44,44
33,98,44,44
56,17,44,44
73,117,44,44
26,30,44,44
15,26,44,44
26,15,44,44
84,50,44,44
26,30,44,44
15,17,44,44
33,48,44,44
33,46,44,44
33,83,44,44
33,56,44,44
33,8,44,44
33,31,44,44
33,118,44,44
33,130,44,44
33,20,44,44
33,7,44,44
33,34,44,44
33,104,44,44
33,4,44,44
33,54,44,44
33,21,44,44
33,94,44,44
48,33,44,44
7,33,44,44
48,67,44,44
21,33,44,44
20,22,44,44
20,33,44,44
89,70,44,44
54,17,44,44
54,33,44,44
31,33,44,44
20,22,44,44
20,50,44,44
20,33,44,44
20,94,44,44
20,81,44,44
20,18,44,44
20,42,44,44
20,8,44,44
20,95,44,44
20,13,44,44
20,3,44,44
20,4,44,44
20,51,44,44
20,29,44,44
20,63,44,44
20,6,44,44
20,112,44,44
20,98,44,44
112,20,44,44
34,33,44,44
25,38,44,44
25,149,44,44
25,30,44,44
25,26,44,44
149,25,44,44
94,72,44,44
94,74,44,44
94,40,44,44
10,43,44,44
8,33,44,44
8,20,44,44
38,36,44,44
36,37,44,44
37,36,44,44
3,20,44,44
63,20,44,44
29,20,44,44
63,98,44,44
18,20,44,44
63,42,44,44
103,37,44,44
47,48,44,44
63,43,44,44
63,22,44,44
63,31,44,44
63,48,44,44
63,2,44,44
63,42,44,44
63,71,44,44
63,151,44,44
63,133,44,44
63,45,44,44
63,94,44,44
63,70,44,44
45,63,44,44
48,63,44,44
31,63,44,44
2,63,44,44
13,20,44,44
26,25,44,44
73,72,44,44
73,15,44,44
73,5,44,44
73,71,44,44
48,94,44,44
6,20,44,44
6,22,44,44
6,89,44,44
6,70,44,44
6,87,44,44
6,43,44,44
6,98,44,44
6,50,44,44
6,49,44,44
6,130,44,44
6,99,44,44
6,101,44,44
38,1,44,44
1,38,44,44
101,109,44,44
101,82,44,44
101,93,44,44
101,124,44,44
101,57,44,44
101,19,44,44
53,70,44,44
87,42,44,44
87,34,44,44
87,112,44,44
87,19,44,44
87,95,44,44
87,104,44,44
87,10,44,44
87,74,44,44
87,90,44,44
87,79,44,44
87,151,44,44
87,7,44,44
38,1,44,44
46,33,44,44
69,19,44,44
89,48,44,44
89,75,44,44
89,88,44,44
89,95,44,44
89,49,44,44
89,82,44,44
89,130,44,44
18,84,44,44
42,20,44,44
42,63,44,44
11,5,44,44
69,76,44,44
48,89,44,44
57,101,44,44
19,101,44,44
70,63,44,44
30,25,44,44
76,19,44,44
33,20,44,44
3,20,44,44
3,80,44,44
3,67,44,44
3,66,44,44
3,8,44,44
3,44,44,44
81,27,44,44
81,47,44,44
103,36,44,44
38,90,44,44
75,89,44,44
19,70,44,44
75,89,44,44
75,21,44,44
75,21,44,44
21,75,44,44
70,50,44,44
70,75,44,44
5,73,44,44
5,11,44,44
89,75,44,44
8,3,44,44
32,26,44,44
15,66,44,44
15,45,44,44
45,15,44,44
15,73,44,44
76,69,44,44
53,50,44,44
53,86,44,44
86,53,44,44
94,65,44,44
94,14,44,44
67,48,44,44
36,103,44,44
49,89,44,44
56,33,44,44
103,36,44,44
124,101,44,44
20,3,44,44
6,106,44,44
48,47,44,44
65,94,44,44
6,106,44,44
65,94,44,44
27,81,44,44
65,94,44,44
74,94,44,44
47,81,44,44
69,8,44,44
69,19,44,44
94,65,44,44
94,74,44,44
6,106,44,44
63,42,44,44
88,56,44,44
90,85,44,44
90,48,44,44
49,75,44,44
49,48,44,44
49,82,44,44
49,89,44,44
49,70,44,44
49,29,44,44
48,49,44,44
48,90,44,44
29,49,44,44
89,49,44,44
54,56,44,44
54,15,44,44
54,96,44,44
15,54,44,44
56,54,44,44
56,96,44,44
76,19,44,44
41,13,44,44
47,76,44,44
47,85,44,44
76,47,44,44
76,84,44,44
15,27,44,44
96,56,44,44
96,54,44,44
41,3,44,44
41,8,44,44
41,26,44,44
41,60,44,44
3,41,44,44
3,51,44,44
32,3,44,44
32,15,44,44
32,5,44,44
27,15,44,44
3,8,44,44
3,51,44,44
3,13,44,44
3,128,44,44
69,76,44,44
8,41,44,44
8,3,44,44
94,72,44,44
94,74,44,44
94,40,44,44
85,90,44,44
67,115,44,44
85,94,44,44
13,3,44,44
85,3,44,44
75,70,44,44
75,49,44,44
85,47,44,44
44,3,44,44
63,42,44,44
94,65,44,44
94,14,44,44
65,94,44,44
106,117,44,44
106,73,44,44
26,41,44,44
94,20,44,44
94,20,44,44
94,22,44,44
94,95,44,44
94,98,44,44
94,29,44,44
94,2,44,44
94,123,44,44
94,58,44,44
94,106,44,44
94,112,44,44
94,10,44,44
2,94,44,44
58,94,44,44
98,94,44,44
48,81,44,44
54,15,44,44
81,48,44,44
54,15,44,44
15,54,44,44
15,54,44,44
81,48,44,44
48,81,44,44
81,50,44,44
54,15,44,44
123,94,44,44
48,81,44,44
112,94,44,44
37,103,44,44
81,48,44,44
48,18,44,44
37,103,44,44
15,54,44,44
65,95,44,44
20,94,44,44
50,81,44,44
50,81,44,44
81,48,44,44
63,42,44,44
27,77,44,44
10,94,44,44
67,66,44,44
29,94,44,44
48,81,44,44
103,37,44,44
69,8,44,44
80,27,44,44
53,70,44,44
50,70,44,44
50,75,44,44
145,68,44,44
67,3,44,44
67,115,44,44
53,70,44,44
53,48,44,44
18,48,44,44
18,109,44,44
27,80,44,44
13,74,44,44
95,20,44,44
95,89,44,44
95,94,44,44
57,86,44,44
57,76,44,44
57,18,44,44
86,57,44,44
22,6,44,44
74,13,44,44
11,5,44,44
75,50,44,44
5,11,44,44
13,3,44,44
13,77,44,44
13,8,44,44
94,69,44,44
94,85,44,44
94,56,44,44
94,88,44,44
94,76,44,44
94,86,44,44
94,48,44,44
94,68,44,44
94,47,44,44
94,123,44,44
104,33,44,44
104,33,44,44
18,57,44,44
93,22,44,44
93,101,44,44
3,67,44,44
3,66,44,44
3,8,44,44
3,13,44,44
3,85,44,44
3,68,44,44
3,69,44,44
3,17,44,44
17,3,44,44
33,104,44,44
96,15,44,44
96,12,44,44
96,61,44,44
6,22,44,44
33,104,44,44
13,3,44,44
12,96,44,44
15,96,44,44
96,15,44,44
96,61,44,44
47,94,44,44
123,94,44,44
15,96,44,44
76,57,44,44
76,57,44,44
105,103,44,44
5,77,44,44
56,94,44,44
77,5,44,44
77,13,44,44
76,94,44,44
17,56,44,44
17,54,44,44
17,15,44,44
56,17,44,44
75,53,44,44
61,96,44,44
8,3,44,44
54,17,44,44
53,75,44,44
76,50,44,44
53,75,44,44
84,19,44,44
77,27,44,44
94,72,44,44
94,74,44,44
94,40,44,44
61,96,44,44
53,70,44,44
53,75,44,44
73,71,44,44
73,72,44,44
73,15,44,44
73,5,44,44
53,75,44,44
53,70,44,44
45,29,44,44
103,105,44,44
51,3,44,44
11,5,44,44
67,3,44,44
51,20,44,44
56,17,44,44
56,17,44,44
56,17,44,44
56,17,44,44
53,75,44,44
50,3,44,44
50,15,44,44
50,54,44,44
51,3,44,44
3,50,44,44
15,50,44,44
95,65,44,44
29,45,44,44
15,3,44,44
15,50,44,44
15,54,44,44
50,15,44,44
75,53,44,44
75,53,44,44
75,53,44,44
75,53,44,44
103,105,44,44
57,76,44,44
5,11,44,44
5,73,44,44
15,50,44,44
76,19,44,44
27,77,44,44
68,48,44,44
9,38,44,44
54,15,44,44
54,5,44,44
5,54,44,44
105,103,44,44
54,15,44,44
54,50,44,44
15,50,44,44
15,73,44,44
15,17,44,44
15,54,44,44
106,94,44,44
103,105,44,44
105,103,44,44
3,15,44,44
15,23,44,44
15,26,44,44
23,15,44,44
69,50,44,44
50,76,44,44
50,3,44,44
50,15,44,44
15,50,44,44
74,13,44,44
48,94,44,44
13,74,44,44
13,74,44,44
48,53,44,44
50,69,44,44
3,50,44,44
74,13,44,44
74,94,44,44
94,74,44,44
6,106,44,44
26,15,44,44
76,50,44,44
32,23,44,44
56,48,44,44
76,50,44,44
23,32,44,44
23,32,44,44
50,76,44,44
76,50,44,44
38,9,44,44
38,37,44,44
38,37,44,44
106,73,44,44
106,117,44,44
76,57,44,44
76,57,44,44
32,23,44,44
32,8,44,44
8,32,44,44
73,9,44,44
73,14,44,44
73,65,44,44
38,7,44,44
104,33,44,44
76,69,44,44
9,73,44,44
48,56,44,44
75,50,44,44
37,38,44,44
38,1,44,44
57,109,44,44
57,107,44,44
57,110,44,44
57,18,44,44
85,47,44,44
89,76,44,44
65,73,44,44
47,85,44,44
85,94,44,44
85,3,44,44
122,53,44,44
48,69,44,44
38,36,44,44
69,76,44,44
14,72,44,44
53,122,44,44
38,67,44,44
50,15,44,44
50,3,44,44
3,50,44,44
72,14,44,44
69,72,44,44
69,3,44,44
69,48,44,44
69,67,44,44
69,9,44,44
69,15,44,44
69,56,44,44
69,65,44,44
3,13,44,44
3,8,44,44
3,40,44,44
3,4,44,44
42,9,44,44
15,50,44,44
76,69,44,44
76,91,44,44
8,3,44,44
84,8,44,44
84,76,44,44
84,40,44,44
84,49,44,44
84,69,44,44
50,75,44,44
75,50,44,44
69,76,44,44
90,38,44,44
67,38,44,44
76,49,44,44
76,40,44,44
53,3,44,44
53,8,44,44
67,68,44,44
67,47,44,44
7,42,44,44
145,68,44,44
13,3,44,44
57,76,44,44
57,86,44,44
57,18,44,44
94,59,44,44
94,68,44,44
18,57,44,44
18,57,44,44
49,76,44,44
49,76,44,44
42,7,44,44
3,53,44,44
8,53,44,44
3,53,44,44
122,53,44,44
13,65,44,44
13,3,44,44
13,8,44,44
13,40,44,44
8,13,44,44
13,65,44,44
13,3,44,44
13,4,44,44
49,17,44,44
49,65,44,44
96,15,44,44
96,12,44,44
96,61,44,44
15,96,44,44
3,13,44,44
3,13,44,44
94,84,44,44
94,76,44,44
94,56,44,44
94,88,44,44
94,69,44,44
94,68,44,44
94,86,44,44
94,48,44,44
94,85,44,44
94,47,44,44
12,96,44,44
11,5,44,44
117,58,44,44
61,96,44,44
117,58,44,44
96,61,44,44
96,15,44,44
58,117,44,44
58,117,44,44
3,68,44,44
3,67,44,44
3,66,44,44
3,8,44,44
3,13,44,44
3,69,44,44
3,85,44,44
3,17,44,44
8,3,44,44
5,72,44,44
5,71,44,44
5,73,44,44
5,74,44,44
5,11,44,44
5,11,44,44
11,5,44,44
56,94,44,44
60,41,44,44
72,14,44,44
72,73,44,44
72,9,44,44
72,65,44,44
13,3,44,44
48,94,44,44
47,94,44,44
17,3,44,44
47,48,44,44
12,72,44,44
48,47,44,44
117,58,44,44
58,117,44,44
57,56,44,44
57,69,44,44
57,18,44,44
74,5,44,44
72,71,44,44
72,15,44,44
72,5,44,44
72,74,44,44
72,73,44,44
72,12,44,44
72,117,44,44
67,3,44,44
56,57,44,44
76,94,44,44
65,13,44,44
76,56,44,44
56,57,44,44
57,56,44,44
65,13,44,44
94,74,44,44
94,72,44,44
94,40,44,44
76,49,44,44
76,49,44,44
15,96,44,44
117,5,44,44
117,15,44,44
117,54,44,44
15,117,44,44
5,117,44,44
17,56,44,44
17,15,44,44
17,54,44,44
56,17,44,44
53,122,44,44
53,3,44,44
18,57,44,44
121,6,44,44
76,50,44,44
84,94,44,44
47,3,44,44
47,8,44,44
47,40,44,44
47,13,44,44
47,68,44,44
68,47,44,44
8,47,44,44
73,5,44,44
13,47,44,44
73,15,44,44
73,5,44,44
73,72,44,44
73,71,44,44
76,69,44,44
15,17,44,44
15,73,44,44
76,123,44,44
69,7,44,44
69,44,44,44
69,76,44,44
48,47,44,44
19,57,44,44
57,19,44,44
3,47,44,44
47,48,44,44
61,96,44,44
3,8,44,44
123,79,44,44
84,50,44,44
76,50,44,44
47,48,44,44
48,47,44,44
6,106,44,44
6,106,44,44
69,76,44,44
69,8,44,44
69,3,44,44
6,106,44,44
14,13,44,44
50,76,44,44
50,3,44,44
3,50,44,44
13,14,44,44
50,3,44,44
50,84,44,44
3,50,44,44
3,13,44,44
50,3,44,44
50,76,44,44
84,50,44,44
38,1,44,44
76,50,44,44
7,79,44,44
76,50,44,44
13,3,44,44
7,103,44,44
13,14,44,44
14,13,44,44
47,48,44,44
48,47,44,44
15,26,44,44
15,25,44,44
3,50,44,44
56,15,44,44
84,19,44,44
13,4,44,44
13,106,44,44
13,58,44,44
42,82,44,44
42,29,44,44
42,33,44,44
8,76,44,44
8,69,44,44
8,3,44,44
3,8,44,44
8,3,44,44
76,8,44,44
79,7,44,44
14,13,44,44
13,14,44,44
69,19,44,44
69,8,44,44
69,76,44,44
74,13,44,44
13,14,44,44
15,56,44,44
13,74,44,44
13,74,44,44
14,13,44,44
84,76,44,44
84,75,44,44
84,69,44,44
84,50,44,44
84,70,44,44
84,82,44,44
84,49,44,44
84,101,44,44
84,93,44,44
14,13,44,44
106,73,44,44
106,117,44,44
13,14,44,44
13,14,44,44
14,13,44,44
74,13,44,44
8,84,44,44
13,14,44,44
50,84,44,44
50,69,44,44
50,3,44,44
14,13,44,44
84,8,44,44
84,69,44,44
84,76,44,44
84,40,44,44
6,106,44,44
6,106,44,44
84,47,44,44
14,13,44,44
85,3,44,44
85,94,44,44
13,14,44,44
25,15,44,44
37,38,44,44
38,90,44,44
84,76,44,44
84,19,44,44
84,57,44,44
13,14,44,44
14,13,44,44
84,50,44,44
84,69,44,44
84,76,44,44
12,15,44,44
15,12,44,44
84,8,44,44
106,73,44,44
106,117,44,44
14,13,44,44
33,42,44,44
13,14,44,44
47,48,44,44
50,8,44,44
50,3,44,44
37,90,44,44
37,27,44,44
13,14,44,44
3,50,44,44
48,47,44,44
3,50,44,44
14,13,44,44
8,50,44,44
69,50,44,44
13,14,44,44
14,13,44,44
13,14,44,44
14,13,44,44
29,42,44,44
50,69,44,44
69,50,44,44
14,13,44,44
13,14,44,44
45,83,44,44
14,13,44,44
13,14,44,44
13,14,44,44
14,13,44,44
8,47,44,44
8,3,44,44
3,8,44,44
47,8,44,44
7,50,44,44
85,48,44,44
48,85,44,44
90,37,44,44
48,85,44,44
85,48,44,44
90,37,44,44
90,27,44,44
50,7,44,44
7,50,44,44
7,50,44,44
37,90,44,44
37,90,44,44
75,50,44,44
12,15,44,44
15,12,44,44
50,7,44,44
27,90,44,44
7,50,44,44
38,83,44,44
38,90,44,44
38,36,44,44
5,73,44,44
27,37,44,44
84,75,44,44
84,49,44,44
7,14,44,44
38,1,44,44
90,37,44,44
38,9,44,44
38,14,44,44
38,17,44,44
38,65,44,44
38,69,44,44
38,68,44,44
38,90,44,44
38,15,44,44
38,5,44,44
38,11,44,44
38,3,44,44
38,1,44,44
68,38,44,44
68,48,44,44
68,48,44,44
68,69,44,44
4,13,44,44
4,3,44,44
4,20,44,44
4,33,44,44
4,13,44,44
13,4,45,45
54,117,45,45
54,17,45,45
96,15,45,45
96,61,45,45
96,12,45,45
75,53,45,45
34,24,45,45
61,96,45,45
79,123,45,45
96,15,45,45
96,61,45,45
15,96,45,45
15,96,45,45
12,96,45,45
94,88,45,45
94,47,45,45
94,56,45,45
94,76,45,45
94,84,45,45
94,69,45,45
94,68,45,45
94,86,45,45
94,48,45,45
94,85,45,45
26,45,45,45
26,66,45,45
26,15,45,45
82,42,45,45
66,15,45,45
50,75,45,45
66,27,45,45
82,98,45,45
82,89,45,45
56,94,45,45
3,66,45,45
3,68,45,45
3,67,45,45
3,8,45,45
3,13,45,45
3,69,45,45
3,85,45,45
3,17,45,45
66,3,45,45
13,3,45,45
61,96,45,45
75,50,45,45
81,47,45,45
81,27,45,45
47,94,45,45
67,3,45,45
47,81,45,45
117,58,45,45
58,117,45,45
76,94,45,45
1,6,45,45
1,73,45,45
17,3,45,45
8,3,45,45
76,50,45,45
76,50,45,45
103,105,45,45
50,76,45,45
81,47,45,45
76,50,45,45
17,56,45,45
17,15,45,45
17,54,45,45
54,17,45,45
105,103,45,45
56,17,45,45
66,15,45,45
50,76,45,45
54,15,45,45
76,50,45,45
47,81,45,45
81,47,45,45
66,9,45,45
66,9,45,45
84,94,45,45
73,15,45,45
73,72,45,45
73,5,45,45
73,71,45,45
86,45,45,45
86,23,45,45
86,101,45,45
86,94,45,45
86,94,45,45
86,94,45,45
86,94,45,45
86,94,45,45
86,94,45,45
86,94,45,45
86,94,45,45
86,94,45,45
86,94,45,45
86,94,45,45
86,94,45,45
86,94,45,45
76,50,45,45
50,76,45,45
50,3,45,45
86,2,45,45
86,2,45,45
86,2,45,45
11,5,45,45
86,53,45,45
88,89,45,45
86,50,45,45
86,57,45,45
88,89,45,45
86,57,45,45
88,86,45,45
88,94,45,45
88,94,45,45
88,94,45,45
88,94,45,45
53,75,45,45
57,86,45,45
57,18,45,45
86,57,45,45
76,86,45,45
76,86,45,45
76,86,45,45
76,50,45,45
29,88,45,45
29,56,45,45
29,23,45,45
88,29,45,45
56,29,45,45
3,50,45,45
14,44,45,45
44,14,45,45
14,7,45,45
84,40,45,45
84,8,45,45
84,76,45,45
13,106,45,45
13,58,45,45
13,4,45,45
5,11,45,45
5,73,45,45
15,54,45,45
27,81,45,45
15,17,45,45
15,73,45,45
13,58,45,45
18,66,45,45
18,67,45,45
18,80,45,45
18,3,45,45
3,18,45,45
18,57,45,45
3,26,45,45
41,3,45,45
41,8,45,45
41,3,45,45
27,3,45,45
27,13,45,45
27,81,45,45
27,69,45,45
27,18,45,45
3,27,45,45
26,3,45,45
69,86,45,45
13,58,45,45
13,27,45,45
73,1,45,45
69,27,45,45
1,73,45,45
76,86,45,45
26,149,45,45
69,86,45,45
13,106,45,45
106,13,45,45
1,38,45,45
38,1,45,45
84,76,45,45
84,19,45,45
84,57,45,45
67,18,45,45
88,15,45,45
88,5,45,45
75,21,45,45
21,75,45,45
9,67,45,45
9,66,45,45
90,37,45,45
37,90,45,45
76,57,45,45
56,88,45,45
56,88,45,45
56,88,45,45
85,94,45,45
88,56,45,45
85,3,45,45
88,56,45,45
88,56,45,45
56,88,45,45
88,56,45,45
56,88,45,45
88,56,45,45
88,56,45,45
88,54,45,45
88,15,45,45
1,38,45,45
69,86,45,45
6,106,45,45
6,106,45,45
27,81,45,45
27,117,45,45
81,27,45,45
66,18,45,45
72,9,45,45
72,73,45,45
72,14,45,45
72,65,45,45
37,90,45,45
66,26,45,45
66,18,45,45
18,66,45,45
66,77,45,45
26,66,45,45
84,56,45,45
56,15,45,45
54,15,45,45
96,121,45,45
88,96,45,45
88,61,45,45
88,12,45,45
88,15,45,45
77,66,45,45
3,68,45,45
3,85,45,45
3,13,45,45
90,37,45,45
88,15,45,45
85,3,45,45
15,54,45,45
9,67,45,45
9,66,45,45
77,66,45,45
15,88,45,45
15,5,45,45
77,66,45,45
15,56,45,45
13,3,45,45
88,15,45,45
106,58,45,45
106,73,45,45
106,117,45,45
48,85,45,45
69,86,45,45
85,48,45,45
88,21,45,45
66,67,45,45
5,15,45,45
54,88,45,45
54,15,45,45
54,56,45,45
54,96,45,45
54,61,45,45
56,54,45,45
67,66,45,45
67,9,45,45
67,9,45,45
67,66,45,45
67,9,45,45
76,50,45,45
50,76,45,45
76,50,45,45
21,84,45,45
15,54,45,45
84,21,45,45
69,8,45,45
69,4,45,45
86,18,45,45
86,57,45,45
86,69,45,45
84,50,45,45
90,9,45,45
90,66,45,45
1,2,45,45
1,15,45,45
1,4,45,45
1,40,45,45
1,5,45,45
1,6,45,45
1,7,45,45
1,44,45,45
1,3,45,45
1,8,45,45
1,9,45,45
1,10,45,45
1,11,45,45
1,12,45,45
1,65,45,45
1,13,45,45
1,14,45,45
1,16,45,45
1,17,45,45
2,1,45,45
4,69,45,45
96,15,45,45
96,61,45,45
96,12,45,45
96,54,45,45
121,96,45,45
94,14,45,45
94,65,45,45
14,31,45,45
31,14,45,45
71,12,45,45
15,96,45,45
94,56,45,45
94,69,45,45
94,68,45,45
94,85,45,45
94,47,45,45
94,88,45,45
94,76,45,45
94,84,45,45
94,86,45,45
94,48,45,45
14,94,45,45
71,73,45,45
61,96,45,45
14,94,45,45
71,73,45,45
96,15,45,45
96,61,45,45
15,96,45,45
61,96,45,45
94,14,45,45
3,66,45,45
3,67,45,45
3,8,45,45
3,13,45,45
3,68,45,45
3,85,45,45
3,69,45,45
3,17,45,45
13,3,45,45
56,94,45,45
11,5,45,45
67,3,45,45
47,94,45,45
17,3,45,45
66,3,45,45
48,94,45,45
61,54,45,45
5,11,45,45
88,54,45,45
88,94,45,45
17,54,45,45
17,56,45,45
17,15,45,45
56,88,45,45
15,17,45,45
76,94,45,45
50,84,45,45
57,86,45,45
57,88,45,45
57,18,45,45
18,57,45,45
18,27,45,45
66,15,45,45
66,5,45,45
56,88,45,45
18,107,45,45
18,108,45,45
18,3,45,45
11,5,45,45
56,17,45,45
5,66,45,45
15,56,45,45
15,66,45,45
3,18,45,45
56,15,45,45
8,3,45,45
8,69,45,45
76,53,45,45
77,9,45,45
84,50,45,45
5,11,45,45
84,94,45,45
32,45,45,45
88,61,45,45
88,96,45,45
88,12,45,45
88,15,45,45
45,32,45,45
54,17,45,45
88,61,45,45
105,103,45,45
69,13,45,45
88,57,45,45
87,27,45,45
73,1,45,45
1,73,45,45
69,86,45,45
69,8,45,45
69,49,45,45
86,94,45,45
19,57,45,45
57,19,45,45
88,56,45,45
86,57,45,45
88,56,45,45
84,8,45,45
84,69,45,45
54,15,45,45
71,15,45,45
71,73,45,45
71,72,45,45
71,5,45,45
71,117,45,45
62,27,45,45
62,87,45,45
9,90,45,45
48,94,45,45
15,54,45,45
14,94,45,45
13,69,45,45
76,50,45,45
14,117,45,45
8,84,45,45
84,8,45,45
84,19,45,45
84,69,45,45
5,88,45,45
5,56,45,45
94,14,45,45
94,14,45,45
94,65,45,45
14,94,45,45
94,84,45,45
94,76,45,45
94,69,45,45
94,86,45,45
84,94,45,45
50,76,45,45
86,94,45,45
76,50,45,45
76,94,45,45
14,94,45,45
94,14,45,45
50,3,45,45
88,5,45,45
88,5,45,45
84,76,45,45
84,40,45,45
84,8,45,45
13,40,45,45
56,5,45,45
75,50,45,45
56,88,45,45
88,56,45,45
57,76,45,45
84,69,45,45
84,19,45,45
3,50,45,45
3,13,45,45
3,20,45,45
13,3,45,45
76,19,45,45
84,19,45,45
84,69,45,45
57,86,45,45
57,18,45,45
32,26,45,45
32,66,45,45
86,57,45,45
13,3,45,45
66,77,45,45
73,1,45,45
1,73,45,45
87,62,45,45
74,13,45,45
67,44,45,45
56,15,45,45
1,73,45,45
57,86,45,45
86,57,45,45
77,66,45,45
87,62,45,45
87,62,45,45
15,54,45,45
15,117,45,45
15,56,45,45
54,15,45,45
13,74,45,45
15,56,45,45
13,74,45,45
56,15,45,45
42,22,45,45
76,57,45,45
74,94,45,45
22,42,45,45
50,48,45,45
50,93,45,45
50,101,45,45
50,124,45,45
50,27,45,45
93,50,45,45
42,22,45,45
90,69,45,45
94,74,45,45
94,72,45,45
94,40,45,45
48,50,45,45
94,74,45,45
74,94,45,45
105,103,45,45
5,88,45,45
84,86,45,45
18,57,45,45
42,44,45,45
42,59,45,45
42,38,45,45
42,26,45,45
42,67,45,45
42,9,45,45
42,68,45,45
42,69,45,45
42,3,45,45
42,15,45,45
42,39,45,45
42,96,45,45
42,80,45,45
42,27,45,45
42,20,45,45
42,33,45,45
42,29,45,45
42,45,45,45
42,66,45,45
42,23,45,45
42,50,45,45
39,42,45,45
68,42,45,45
38,42,45,45
59,42,45,45
9,42,45,45
9,14,45,45
9,65,45,45
9,17,45,45
88,5,45,45
74,13,45,45
14,44,45,45
27,50,45,45
27,42,45,45
44,42,45,45
44,14,45,45
27,62,45,45
14,9,45,45
14,44,45,45
13,106,45,45
13,58,45,45
13,4,45,45
85,3,45,45
85,94,45,45
29,42,45,45
44,14,45,45
3,42,45,45
3,13,45,45
124,50,45,45
3,13,45,45
3,51,45,45
3,50,45,45
3,8,45,45
3,18,45,45
3,52,45,45
3,40,45,45
3,20,45,45
3,13,45,45
18,3,45,45
8,3,45,45
13,3,45,45
84,19,45,45
13,3,45,45
21,69,45,45
94,74,45,45
73,1,45,45
96,42,45,45
105,103,45,45
103,105,45,45
26,42,45,45
103,105,45,45
103,105,45,45
74,94,45,45
84,69,45,45
17,9,45,45
42,62,45,45
54,15,45,45
62,42,45,45
62,113,45,45
42,72,45,45
113,62,45,45
105,103,45,45
103,105,45,45
45,42,45,45
94,14,45,45
94,65,45,45
87,62,45,45
62,87,45,45
87,62,45,45
87,62,45,45
105,103,45,45
50,75,45,45
103,105,45,45
51,3,45,45
69,86,45,45
14,94,45,45
14,94,45,45
15,42,45,45
88,15,45,45
75,50,45,45
18,107,45,45
18,108,45,45
18,57,45,45
18,19,45,45
18,99,45,45
18,109,45,45
18,110,45,45
71,58,45,45
15,54,45,45
27,81,45,45
27,32,45,45
27,26,45,45
32,27,45,45
88,15,45,45
84,76,45,45
84,69,45,45
94,74,45,45
94,72,45,45
94,40,45,45
84,76,45,45
94,14,45,45
66,42,45,45
71,5,45,45
67,42,45,45
84,76,45,45
84,69,45,45
69,27,45,45
71,63,45,45
19,18,45,45
47,48,45,45
48,47,45,45
67,66,45,45
57,79,45,45
57,18,45,45
107,18,45,45
107,18,45,45
33,42,45,45
96,15,45,45
96,61,45,45
96,12,45,45
57,18,45,45
42,44,45,45
42,18,45,45
18,42,45,45
21,86,45,45
44,42,45,45
61,96,45,45
26,27,45,45
18,57,45,45
8,6,45,45
94,14,45,45
94,65,45,45
14,94,45,45
12,96,45,45
96,15,45,45
96,61,45,45
61,96,45,45
94,74,45,45
74,94,45,45
11,5,45,45
1,3,45,45
66,3,45,45
66,3,45,45
66,3,45,45
66,3,45,45
66,3,45,45
66,3,45,45
66,3,45,45
66,3,45,45
66,3,45,45
26,36,45,45
26,38,45,45
38,26,45,45
15,96,45,45
15,96,45,45
33,15,45,45
15,33,45,45
3,1,45,45
33,15,45,45
33,61,45,45
33,5,45,45
33,117,45,45
33,54,45,45
15,33,45,45
61,33,45,45
3,1,45,45
94,56,45,45
94,88,45,45
94,69,45,45
94,85,45,45
94,47,45,45
94,84,45,45
94,76,45,45
94,86,45,45
94,68,45,45
94,48,45,45
94,123,45,45
56,94,45,45
14,44,45,45
44,14,45,45
123,94,45,45
76,94,45,45
1,3,45,45
44,14,45,45
14,44,45,45
94,74,45,45
32,51,45,45
3,66,45,45
3,67,45,45
3,85,45,45
3,8,45,45
3,13,45,45
3,68,45,45
3,69,45,45
3,17,45,45
88,94,45,45
36,1,45,45
17,3,45,45
1,36,45,45
13,3,45,45
44,14,45,45
3,8,45,45
3,13,45,45
3,66,45,45
3,51,45,45
14,44,45,45
19,86,45,45
1,38,45,45
6,8,45,45
51,3,45,45
13,3,45,45
48,94,45,45
17,56,45,45
17,15,45,45
17,54,45,45
88,61,45,45
71,73,45,45
71,73,45,45
9,66,45,45
9,67,45,45
71,73,45,45
8,3,45,45
71,73,45,45
8,3,45,45
56,17,45,45
71,73,45,45
71,73,45,45
71,73,45,45
94,74,45,45
94,72,45,45
94,40,45,45
74,94,45,45
74,94,45,45
71,5,45,45
86,19,45,45
115,66,45,45
75,50,45,45
86,94,45,45
86,123,45,45
86,21,45,45
75,53,45,45
13,3,45,45
84,94,45,45
15,17,45,45
5,33,45,45
5,11,45,45
88,61,45,45
88,96,45,45
88,12,45,45
88,15,45,45
47,94,45,45
84,76,45,45
67,9,45,45
67,3,45,45
14,94,45,45
32,26,45,45
26,32,45,45
53,75,45,45
15,88,45,45
3,66,45,45
71,15,45,45
71,72,45,45
71,73,45,45
71,5,45,45
71,117,45,45
86,75,45,45
86,49,45,45
86,93,45,45
86,101,45,45
86,124,45,45
86,27,45,45
84,49,45,45
84,75,45,45
1,37,45,45
15,27,45,45
15,54,45,45
53,75,45,45
37,1,45,45
53,76,45,45
76,53,45,45
54,15,45,45
54,17,45,45
54,33,45,45
69,86,45,45
94,14,45,45
1,72,45,45
1,38,45,45
115,66,45,45
84,76,45,45
84,49,45,45
75,53,45,45
75,84,45,45
87,62,45,45
67,9,45,45
67,66,45,45
84,75,45,45
1,57,45,45
57,1,45,45
88,15,45,45
88,15,45,45
94,65,45,45
94,14,45,45
14,94,45,45
90,69,45,45
94,69,45,45
94,86,45,45
86,94,45,45
93,86,45,45
69,86,45,45
69,76,45,45
94,86,45,45
94,123,45,45
14,94,45,45
84,69,45,45
86,93,45,45
86,93,45,45
94,14,45,45
15,88,45,45
74,13,45,45
13,106,45,45
13,58,45,45
13,4,45,45
13,74,45,45
6,106,45,45
88,15,45,45
13,74,45,45
77,66,45,45
77,9,45,45
84,69,45,45
45,26,45,45
45,24,45,45
69,27,45,45
86,69,45,45
74,13,45,45
6,106,45,45
6,106,45,45
6,106,45,45
62,87,45,45
77,66,45,45
84,76,45,45
77,66,45,45
42,26,45,45
42,51,45,45
67,66,45,45
84,76,45,45
87,62,45,45
84,76,45,45
84,76,45,45
50,17,45,45
50,3,45,45
57,86,45,45
57,18,45,45
3,50,45,45
66,77,45,45
85,3,45,45
86,57,45,45
85,94,45,45
6,106,45,45
77,66,45,45
84,76,45,45
77,66,45,45
26,42,45,45
26,45,45,45
54,120,45,45
54,96,45,45
84,76,45,45
84,76,45,45
94,74,45,45
94,72,45,45
94,40,45,45
84,76,45,45
84,76,45,45
84,76,45,45
84,86,45,45
32,51,45,45
84,86,45,45
84,86,45,45
96,54,45,45
9,67,45,45
9,66,45,45
69,84,45,45
84,76,45,45
3,13,45,45
3,69,45,45
3,66,45,45
3,8,45,45
3,85,45,45
3,68,45,45
85,3,45,45
67,9,45,45
84,69,45,45
32,51,45,45
32,3,45,45
32,26,45,45
3,8,45,45
3,66,45,45
3,13,45,45
3,50,45,45
84,69,45,45
84,49,45,45
84,69,45,45
84,69,45,45
12,96,45,45
3,8,45,45
3,13,45,45
3,51,45,45
3,66,45,45
44,14,45,45
14,44,45,45
84,69,45,45
74,94,45,45
13,3,45,45
13,3,45,45
13,3,45,45
54,29,45,45
54,15,45,45
54,61,45,45
54,96,45,45
54,119,45,45
54,120,45,45
54,56,45,45
54,88,45,45
54,39,45,45
8,3,45,45
77,3,45,45
77,66,45,45
8,3,45,45
8,3,45,45
50,78,45,45
49,84,45,45
56,54,45,45
84,49,45,45
53,3,45,45
84,69,45,45
72,66,45,45
72,15,45,45
72,5,45,45
88,54,45,45
18,57,45,45
29,54,45,45
50,75,45,45
42,9,45,45
3,53,45,45
44,67,45,45
96,54,45,45
73,14,45,45
73,9,45,45
73,65,45,45
14,73,45,45
3,53,45,45
75,50,45,45
75,50,45,45
53,3,45,45
3,8,45,45
77,112,45,45
9,73,45,45
106,117,45,45
106,58,45,45
106,73,45,45
61,54,45,45
66,9,45,45
50,75,45,45
75,50,45,45
96,121,45,45
17,50,45,45
8,3,45,45
84,76,45,45
84,49,45,45
84,57,45,45
15,88,45,45
67,44,45,45
84,76,45,45
15,54,45,45
32,66,45,45
86,49,45,45
84,86,45,45
84,76,45,45
84,69,45,45
66,9,45,45
9,66,45,45
27,15,45,45
76,89,45,45
84,70,45,45
84,19,45,45
84,57,45,45
84,40,45,45
84,75,45,45
84,49,45,45
84,82,45,45
84,4,45,45
84,50,45,45
84,53,45,45
84,101,45,45
84,93,45,45
84,76,45,45
27,69,45,45
84,69,45,45
84,69,45,45
84,49,45,45
108,18,45,45
108,18,45,45
108,18,45,45
108,18,45,45
108,18,45,45
108,18,45,45
108,18,45,45
108,18,45,45
108,18,45,45
108,18,45,45
84,69,45,45
99,18,45,45
99,18,45,45
99,18,45,45
96,15,45,45
96,61,45,45
96,12,45,45
27,93,45,45
52,3,45,45
15,96,45,45
74,94,45,45
94,86,45,45
94,123,45,45
94,69,45,45
94,44,45,45
44,94,45,45
94,74,45,45
121,96,45,45
94,14,45,45
94,65,45,45
14,94,45,45
27,15,45,45
27,13,45,45
27,66,45,45
27,3,45,45
27,26,45,45
27,62,45,45
27,39,45,45
27,40,45,45
27,8,45,45
27,5,45,45
39,27,45,45
3,27,45,45
8,27,45,45
3,51,45,45
3,50,45,45
3,52,45,45
3,53,45,45
3,18,45,45
14,94,45,45
13,27,45,45
94,14,45,45
15,27,45,45
96,15,45,45
96,61,45,45
123,94,45,45
5,27,45,45
15,96,45,45
12,96,45,45
17,3,45,45
52,3,45,45
51,3,45,45
51,42,45,45
3,67,45,45
3,13,45,45
3,69,45,45
3,66,45,45
3,8,45,45
3,40,45,45
3,4,45,45
3,68,45,45
3,85,45,45
3,17,45,45
3,17,45,45
66,9,45,45
66,9,45,45
51,32,45,45
51,3,45,45
66,3,45,45
66,3,45,45
66,3,45,45
94,56,45,45
94,88,45,45
94,69,45,45
94,76,45,45
94,86,45,45
94,68,45,45
94,48,45,45
94,85,45,45
94,47,45,45
13,3,45,45
53,3,45,45
70,53,45,45
70,53,45,45
70,53,45,45
66,3,45,45
70,50,45,45
70,53,45,45
70,49,45,45
66,3,45,45
66,3,45,45
8,3,45,45
3,8,45,45
3,13,45,45
3,50,45,45
3,53,45,45
3,52,45,45
3,66,45,45
3,20,45,45
3,51,45,45
3,18,45,45
3,40,45,45
52,23,45,45
52,86,45,45
53,3,45,45
47,94,45,45
48,94,45,45
19,86,45,45
56,94,45,45
72,73,45,45
8,3,45,45
8,3,45,45
77,3,45,45
17,3,45,45
61,96,45,45
61,96,45,45
3,8,45,45
3,77,45,45
3,77,45,45
8,30,45,45
8,20,45,45
94,74,45,45
94,72,45,45
13,3,45,45
88,15,45,45
88,94,45,45
74,94,45,45
17,56,45,45
17,15,45,45
17,54,45,45
56,17,45,45
26,27,45,45
3,77,45,45
52,3,45,45
32,66,45,45
77,3,45,45
77,112,45,45
51,3,45,45
1,66,45,45
33,15,45,45
47,50,45,45
86,52,45,45
86,19,45,45
86,94,45,45
86,94,45,45
86,93,45,45
86,101,45,45
86,124,45,45
86,27,45,45
15,33,45,45
15,33,45,45
33,15,45,45
15,17,45,45
18,3,45,45
18,3,45,45
54,15,45,45
54,17,45,45
76,94,45,45
112,77,45,45
50,86,45,45
86,50,45,45
14,94,45,45
86,50,45,45
77,112,45,45
112,77,45,45
94,14,45,45
94,14,45,45
14,94,45,45
73,1,45,45
1,73,45,45
76,1,45,45
74,13,45,45
67,3,45,45
77,149,45,45
50,93,45,45
50,101,45,45
50,124,45,45
50,27,45,45
27,50,45,45
149,36,45,45
1,76,45,45
76,1,45,45
15,54,45,45
76,1,45,45
76,50,45,45
50,76,45,45
36,37,45,45
76,50,45,45
11,5,45,45
13,74,45,45
13,74,45,45
77,66,45,45
124,50,45,45
6,106,45,45
6,106,45,45
74,13,45,45
76,53,45,45
30,8,45,45
47,68,45,45
47,59,45,45
59,47,45,45
90,42,45,45
76,19,45,45
5,11,45,45
13,4,45,45
13,106,45,45
13,58,45,45
1,76,45,45
33,21,45,45
21,33,45,45
21,33,45,45
76,1,45,45
50,47,45,45
33,21,45,45
71,72,45,45
71,15,45,45
71,73,45,45
71,5,45,45
71,117,45,45
47,50,45,45
76,50,45,45
79,57,45,45
42,90,45,45
70,53,45,45
69,27,45,45
79,57,45,45
77,66,45,45
86,19,45,45
50,76,45,45
56,48,45,45
48,56,45,45
12,14,45,45
12,65,45,45
12,15,45,45
12,5,45,45
12,11,45,45
15,12,45,45
5,12,45,45
6,106,45,45
74,94,45,45
93,50,45,45
70,53,45,45
53,70,45,45
53,70,45,45
85,94,45,45
85,3,45,45
47,13,45,45
13,47,45,45
13,47,45,45
47,13,45,45
86,88,45,45
14,12,45,45
9,67,45,45
9,66,45,45
5,65,45,45
5,14,45,45
5,15,45,45
5,11,45,45
15,88,45,45
14,5,45,45
69,86,45,45
15,5,45,45
8,53,45,45
8,50,45,45
88,15,45,45
22,94,45,45
48,69,45,45
69,86,45,45
94,40,45,45
94,74,45,45
94,72,45,45
50,3,45,45
69,86,45,45
84,69,45,45
84,38,45,45
38,84,45,45
27,81,45,45
27,69,45,45
54,5,45,45
84,1,45,45
84,69,45,45
5,54,45,45
84,48,45,45
3,50,45,45
1,36,45,45
1,37,45,45
94,74,45,45
94,22,45,45
76,50,45,45
53,8,45,45
30,29,45,45
30,47,45,45
76,50,45,45
42,22,45,45
42,33,45,45
50,76,45,45
76,50,45,45
69,36,45,45
36,1,45,45
1,36,45,45
37,1,45,45
1,36,45,45
37,1,45,45
74,13,45,45
1,37,45,45
74,94,45,45
36,1,45,45
67,9,45,45
90,85,45,45
90,68,45,45
68,90,45,45
70,53,45,45
53,70,45,45
3,20,45,45
3,8,45,45
3,13,45,45
69,67,45,45
69,3,45,45
69,66,45,45
69,9,45,45
69,72,45,45
69,15,45,45
69,56,45,45
69,48,45,45
69,65,45,45
3,8,45,45
3,13,45,45
3,40,45,45
3,4,45,45
85,90,45,45
47,30,45,45
18,67,45,45
18,66,45,45
86,57,45,45
86,57,45,45
86,19,45,45
93,27,45,45
13,3,45,45
11,5,45,45
11,12,45,45
13,3,45,45
13,74,45,45
96,15,45,45
96,61,45,45
96,12,45,45
94,14,45,45
94,65,45,45
13,65,45,45
13,3,45,45
13,8,45,45
29,30,45,45
94,88,45,45
94,84,45,45
94,47,45,45
94,56,45,45
94,76,45,45
94,69,45,45
94,86,45,45
94,68,45,45
94,48,45,45
94,85,45,45
94,123,45,45
84,94,45,45
13,8,45,45
5,11,45,45
49,65,45,45
49,17,45,45
5,11,45,45
5,72,45,45
5,71,45,45
5,73,45,45
5,74,45,45
8,13,45,45
13,8,45,45
13,65,45,45
13,3,45,45
13,40,45,45
8,13,45,45
11,5,45,45
11,5,45,45
8,3,45,45
44,14,45,45
8,3,45,45
11,5,45,45
61,96,45,45
21,69,45,45
15,96,45,45
21,70,45,45
13,8,45,45
13,66,45,45
13,3,45,45
57,86,45,45
57,18,45,45
48,94,45,45
70,21,45,45
123,94,45,45
96,15,45,45
96,61,45,45
12,96,45,45
70,53,45,45
48,47,45,45
61,96,45,45
17,14,45,45
12,72,45,45
12,117,45,45
12,15,45,45
12,73,45,45
12,71,45,45
15,12,45,45
13,8,45,45
8,13,45,45
71,5,45,45
71,12,45,45
71,5,45,45
47,48,45,45
18,57,45,45
14,4,45,45
72,71,45,45
72,73,45,45
72,12,45,45
72,15,45,45
72,5,45,45
72,117,45,45
72,74,45,45
88,94,45,45
44,69,45,45
56,94,45,45
47,94,45,45
18,32,45,45
32,18,45,45
66,1,45,45
66,13,45,45
15,96,45,45
66,9,45,45
1,37,45,45
66,9,45,45
66,9,45,45
13,14,45,45
37,1,45,45
13,14,45,45
14,13,45,45
14,13,45,45
70,53,45,45
66,18,45,45
5,11,45,45
76,94,45,45
67,18,45,45
86,57,45,45
47,93,45,45
47,101,45,45
47,124,45,45
47,27,45,45
37,1,45,45
86,94,45,45
37,1,45,45
1,37,45,45
1,37,45,45
53,70,45,45
53,70,45,45
48,53,45,45
53,48,45,45
71,72,45,45
71,15,45,45
71,73,45,45
71,5,45,45
71,117,45,45
14,94,45,45
105,103,45,45
14,94,45,45
94,14,45,45
53,48,45,45
53,50,45,45
53,50,45,45
21,69,45,45
21,86,45,45
86,21,45,45
15,88,45,45
88,15,45,45
76,49,45,45
69,76,45,45
53,70,45,45
48,53,45,45
93,47,45,45
69,44,45,45
13,1,45,45
13,7,45,45
74,5,45,45
36,53,45,45
53,70,45,45
53,36,45,45
44,69,45,45
70,53,45,45
70,53,45,45
66,67,45,45
66,90,45,45
69,86,45,45
115,66,45,45
47,48,45,45
1,12,45,45
12,1,45,45
48,47,45,45
14,13,45,45
69,27,45,45
86,3,45,45
86,69,45,45
86,81,45,45
86,50,45,45
13,14,45,45
26,25,45,45
86,19,45,45
47,40,45,45
47,13,45,45
47,8,45,45
47,3,45,45
47,68,45,45
13,47,45,45
70,53,45,45
13,106,45,45
13,58,45,45
13,4,45,45
85,94,45,45
25,15,45,45
25,26,45,45
54,15,45,45
15,54,45,45
70,53,45,45
12,15,45,45
66,90,45,45
66,90,45,45
15,25,45,45
66,39,45,45
66,115,45,45
66,115,45,45
66,115,45,45
66,115,45,45
66,115,45,45
66,3,45,45
9,66,45,45
15,66,45,45
66,15,45,45
66,9,45,45
26,25,45,45
74,94,45,45
15,54,45,45
15,5,45,45
54,15,45,45
85,81,45,45
54,15,45,45
6,106,45,45
15,54,45,45
69,36,45,45
6,106,45,45
14,67,45,45
14,66,45,45
67,14,45,45
26,51,45,45
26,83,45,45
66,14,45,45
67,66,45,45
9,66,45,45
9,67,45,45
76,81,45,45
21,86,45,45
15,12,45,45
86,21,45,45
94,74,45,45
66,9,45,45
66,3,45,45
67,9,45,45
67,9,45,45
67,66,45,45
103,105,45,45
29,45,45,45
45,29,45,45
96,15,45,45
96,61,45,45
15,96,45,45
61,96,45,45
12,15,45,45
34,24,45,45
15,12,45,45
96,15,45,45
96,61,45,45
61,96,45,45
15,96,45,45
31,13,45,45
5,15,45,45
50,86,45,45
86,50,45,45
85,18,45,45
115,66,45,45
115,90,45,45
8,47,45,45
12,15,45,45
15,12,45,45
12,15,45,45
15,12,45,45
12,15,45,45
15,12,45,45
12,61,45,45
85,18,45,45
20,3,46,46
20,8,46,46
20,3,46,46
20,3,46,46
20,42,46,46
20,3,46,46
18,85,46,46
18,55,46,46
18,85,46,46
27,69,46,46
124,47,46,46
27,47,46,46
4,14,46,46
4,3,46,46
4,3,46,46
96,15,46,46
96,61,46,46
96,12,46,46
57,86,46,46
57,18,46,46
24,34,46,46
24,45,46,46
24,45,46,46
24,34,46,46
73,12,46,46
73,5,46,46
61,12,46,46
61,96,46,46
15,25,46,46
15,26,46,46
55,18,46,46
15,96,46,46
26,15,46,46
15,25,46,46
15,26,46,46
55,18,46,46
25,15,46,46
19,79,46,46
19,18,46,46
19,57,46,46
26,15,46,46
25,15,46,46
18,19,46,46
96,15,46,46
96,61,46,46
15,96,46,46
13,40,46,46
13,66,46,46
13,3,46,46
13,8,46,46
59,42,46,46
59,80,46,46
59,80,46,46
59,94,46,46
57,19,46,46
61,96,46,46
33,21,46,46
66,13,46,46
66,27,46,46
79,19,46,46
40,50,46,46
47,37,46,46
94,14,46,46
94,65,46,46
39,27,46,46
14,94,46,46
39,42,46,46
8,13,46,46
39,29,46,46
14,94,46,46
94,14,46,46
94,56,46,46
94,88,46,46
94,76,46,46
94,84,46,46
94,86,46,46
94,68,46,46
94,48,46,46
94,85,46,46
94,47,46,46
47,94,46,46
56,94,46,46
50,40,46,46
50,70,46,46
88,94,46,46
75,50,46,46
68,47,46,46
68,47,46,46
70,50,46,46
68,47,46,46
68,42,46,46
83,15,46,46
57,76,46,46
57,88,46,46
68,3,46,46
68,3,46,46
86,57,46,46
86,94,46,46
76,57,46,46
83,46,46,46
83,33,46,46
18,57,46,46
48,94,46,46
88,57,46,46
68,3,46,46
68,3,46,46
68,3,46,46
68,90,46,46
83,26,46,46
68,94,46,46
83,45,46,46
68,94,46,46
68,94,46,46
68,94,46,46
68,94,46,46
68,94,46,46
68,3,46,46
57,86,46,46
57,18,46,46
18,57,46,46
86,57,46,46
59,74,46,46
59,2,46,46
59,94,46,46
52,47,46,46
52,23,46,46
4,76,46,46
4,70,46,46
4,13,46,46
50,8,46,46
80,67,46,46
76,4,46,46
71,72,46,46
71,15,46,46
71,73,46,46
71,5,46,46
71,117,46,46
47,52,46,46
67,80,46,46
50,75,46,46
94,72,46,46
94,74,46,46
94,40,46,46
105,103,46,46
105,52,46,46
8,50,46,46
52,105,46,46
103,105,46,46
59,67,46,46
74,94,46,46
70,4,46,46
74,13,46,46
14,94,46,46
46,83,46,46
26,83,46,46
90,115,46,46
21,86,46,46
13,4,46,46
13,74,46,46
75,50,46,46
11,5,46,46
59,68,46,46
59,69,46,46
59,86,46,46
59,84,46,46
59,47,46,46
59,2,46,46
59,56,46,46
59,85,46,46
59,89,46,46
59,48,46,46
59,76,46,46
59,88,46,46
59,94,46,46
2,59,46,46
84,59,46,46
76,4,46,46
75,50,46,46
39,54,46,46
76,40,46,46
62,3,46,46
62,8,46,46
62,15,46,46
62,66,46,46
76,94,46,46
86,21,46,46
8,62,46,46
74,59,46,46
74,94,46,46
94,14,46,46
94,74,46,46
94,14,46,46
94,65,46,46
56,88,46,46
59,74,46,46
88,56,46,46
59,14,46,46
59,9,46,46
69,79,46,46
14,94,46,46
69,68,46,46
50,75,46,46
75,50,46,46
14,94,46,46
48,53,46,46
57,86,46,46
57,18,46,46
86,57,46,46
86,57,46,46
50,48,46,46
50,93,46,46
50,101,46,46
50,124,46,46
50,27,46,46
94,14,46,46
85,48,46,46
85,94,46,46
48,85,46,46
48,50,46,46
50,48,46,46
48,50,46,46
9,66,46,46
57,69,46,46
57,86,46,46
57,18,46,46
86,57,46,46
21,33,46,46
18,57,46,46
18,57,46,46
86,57,46,46
67,66,46,46
50,48,46,46
50,53,46,46
50,93,46,46
50,101,46,46
50,124,46,46
50,27,46,46
88,61,46,46
88,96,46,46
88,12,46,46
88,15,46,46
93,50,46,46
5,11,46,46
6,106,46,46
117,14,46,46
6,106,46,46
14,117,46,46
57,18,46,46
57,86,46,46
86,57,46,46
80,31,46,46
80,18,46,46
80,67,46,46
80,66,46,46
80,9,46,46
37,120,46,46
106,58,46,46
106,117,46,46
106,73,46,46
9,80,46,46
105,103,46,46
32,83,46,46
86,57,46,46
32,26,46,46
26,32,46,46
103,105,46,46
27,50,46,46
27,50,46,46
57,110,46,46
57,109,46,46
124,50,46,46
124,50,46,46
15,62,46,46
66,80,46,46
66,62,46,46
66,9,46,46
18,80,46,46
18,57,46,46
94,14,46,46
94,65,46,46
31,80,46,46
54,15,46,46
25,15,46,46
15,54,46,46
15,25,46,46
48,50,46,46
27,69,46,46
15,96,46,46
15,117,46,46
15,74,46,46
50,48,46,46
48,50,46,46
40,8,46,46
40,41,46,46
8,40,46,46
71,72,46,46
59,69,46,46
59,68,46,46
59,56,46,46
59,64,46,46
59,42,46,46
120,37,46,46
120,37,46,46
96,15,46,46
69,79,46,46
109,57,46,46
109,101,46,46
109,18,46,46
109,82,46,46
109,101,46,46
109,70,46,46
109,29,46,46
109,18,46,46
109,18,46,46
109,18,46,46
109,18,46,46
109,18,46,46
74,15,46,46
86,40,46,46
15,25,46,46
15,25,46,46
15,26,46,46
15,25,46,46
15,72,46,46
48,50,46,46
76,40,46,46
85,69,46,46
69,50,46,46
50,69,46,46
50,69,46,46
93,50,46,46
59,47,46,46
93,86,46,46
86,93,46,46
59,94,46,46
48,68,46,46
48,68,46,46
72,74,46,46
68,48,46,46
68,48,46,46
67,80,46,46
86,40,46,46
25,15,46,46
25,15,46,46
25,26,46,46
25,15,46,46
25,15,46,46
25,26,46,46
40,76,46,46
96,15,46,46
96,61,46,46
96,12,46,46
11,5,46,46
83,32,46,46
48,85,46,46
1,10,46,46
1,13,46,46
1,7,46,46
1,44,46,46
1,9,46,46
1,8,46,46
1,14,46,46
1,12,46,46
1,15,46,46
1,3,46,46
1,5,46,46
1,17,46,46
1,4,46,46
1,11,46,46
1,16,46,46
1,2,46,46
1,40,46,46
1,65,46,46
1,6,46,46
36,37,46,46
37,36,46,46
44,1,46,46
61,96,46,46
13,1,46,46
8,1,46,46
13,1,46,46
13,7,46,46
49,50,46,46
50,49,46,46
37,36,46,46
37,69,46,46
94,14,46,46
94,65,46,46
14,94,46,46
11,1,46,46
96,15,46,46
96,61,46,46
61,96,46,46
59,95,46,46
4,1,46,46
6,1,46,46
15,1,46,46
15,25,46,46
40,86,46,46
15,96,46,46
15,96,46,46
40,86,46,46
94,56,46,46
94,84,46,46
94,86,46,46
94,88,46,46
94,76,46,46
94,69,46,46
94,68,46,46
94,48,46,46
94,85,46,46
94,47,46,46
27,15,46,46
27,26,46,46
27,40,46,46
27,8,46,46
27,5,46,46
27,66,46,46
27,3,46,46
27,62,46,46
27,39,46,46
27,13,46,46
5,1,46,46
26,15,46,46
5,11,46,46
6,106,46,46
15,27,46,46
62,27,46,46
26,25,46,46
56,94,46,46
26,25,46,46
26,27,46,46
37,38,46,46
38,37,46,46
26,24,46,46
54,5,46,46
54,83,46,46
13,27,46,46
42,63,46,46
48,94,46,46
10,1,46,46
49,53,46,46
27,69,46,46
54,83,46,46
5,27,46,46
5,54,46,46
13,66,46,46
13,3,46,46
13,4,46,46
13,8,46,46
13,40,46,46
4,13,46,46
47,94,46,46
76,40,46,46
25,26,46,46
25,15,46,46
26,25,46,46
76,40,46,46
15,25,46,46
1,13,46,46
75,50,46,46
50,75,46,46
75,53,46,46
88,94,46,46
76,94,46,46
65,94,46,46
68,94,46,46
83,54,46,46
83,54,46,46
86,40,46,46
86,40,46,46
86,94,46,46
76,40,46,46
27,62,46,46
27,62,46,46
76,40,46,46
40,76,46,46
40,8,46,46
40,41,46,46
86,19,46,46
76,40,46,46
40,76,46,46
94,72,46,46
94,40,46,46
94,74,46,46
53,75,46,46
53,50,46,46
53,49,46,46
53,48,46,46
53,70,46,46
53,70,46,46
83,36,46,46
76,40,46,46
48,68,46,46
68,48,46,46
65,1,46,46
65,94,46,46
65,94,46,46
65,73,46,46
65,94,46,46
65,9,46,46
65,94,46,46
65,94,46,46
65,94,46,46
65,94,46,46
65,94,46,46
65,12,46,46
65,5,46,46
65,94,46,46
65,13,46,46
59,94,46,46
59,2,46,46
22,7,46,46
74,94,46,46
71,73,46,46
71,5,46,46
71,117,46,46
71,72,46,46
71,15,46,46
47,68,46,46
14,94,46,46
11,5,46,46
59,68,46,46
59,69,46,46
59,85,46,46
59,84,46,46
59,76,46,46
59,56,46,46
59,86,46,46
59,89,46,46
59,48,46,46
59,88,46,46
59,47,46,46
59,94,46,46
59,2,46,46
76,40,46,46
63,42,46,46
94,14,46,46
76,69,46,46
40,73,46,46
26,24,46,46
40,76,46,46
76,40,46,46
40,73,46,46
40,72,46,46
40,74,46,46
40,3,46,46
40,13,46,46
40,8,46,46
88,15,46,46
29,88,46,46
29,21,46,46
29,48,46,46
21,29,46,46
8,27,46,46
8,13,46,46
8,40,46,46
88,29,46,46
53,4,46,46
39,27,46,46
48,29,46,46
4,53,46,46
66,13,46,46
48,85,46,46
5,11,46,46
29,48,46,46
29,21,46,46
29,88,46,46
21,29,46,46
88,29,46,46
29,75,46,46
29,7,46,46
29,10,46,46
88,29,46,46
94,65,46,46
94,14,46,46
65,94,46,46
10,29,46,46
14,94,46,46
75,29,46,46
1,38,46,46
80,59,46,46
68,47,46,46
9,1,46,46
9,25,46,46
59,80,46,46
3,13,46,46
3,27,46,46
42,63,46,46
69,76,46,46
86,50,46,46
86,40,46,46
86,93,46,46
86,101,46,46
86,124,46,46
86,27,46,46
50,86,46,46
48,29,46,46
6,106,46,46
6,106,46,46
85,48,46,46
6,106,46,46
85,48,46,46
40,86,46,46
86,40,46,46
76,40,46,46
40,76,46,46
85,94,46,46
76,40,46,46
39,54,46,46
19,86,46,46
73,40,46,46
69,76,46,46
26,15,46,46
42,63,46,46
68,67,46,46
25,26,46,46
26,25,46,46
85,68,46,46
44,80,46,46
26,3,46,46
40,74,46,46
40,3,46,46
40,13,46,46
40,72,46,46
40,8,46,46
25,8,46,46
25,3,46,46
25,15,46,46
25,26,46,46
85,48,46,46
48,85,46,46
27,81,46,46
88,15,46,46
14,44,46,46
44,14,46,46
44,80,46,46
115,67,46,46
25,45,46,46
45,25,46,46
15,25,46,46
68,85,46,46
48,68,46,46
68,48,46,46
70,53,46,46
70,53,46,46
70,53,46,46
70,53,46,46
70,53,46,46
26,25,46,46
14,59,46,46
14,9,46,46
14,67,46,46
26,66,46,46
9,14,46,46
56,15,46,46
86,19,46,46
21,88,46,46
88,21,46,46
88,15,46,46
68,9,46,46
80,44,46,46
15,56,46,46
93,4,46,46
9,67,46,46
9,66,46,46
67,66,46,46
67,9,46,46
76,19,46,46
67,14,46,46
8,25,46,46
80,44,46,46
67,66,46,46
67,80,46,46
67,115,46,46
67,115,46,46
66,9,46,46
86,69,46,46
44,80,46,46
69,86,46,46
53,70,46,46
54,56,46,46
54,117,46,46
54,15,46,46
86,53,46,46
44,80,46,46
53,70,46,46
53,70,46,46
53,70,46,46
53,70,46,46
53,70,46,46
80,67,46,46
53,70,46,46
53,4,46,46
67,80,46,46
67,80,46,46
53,4,46,46
53,70,46,46
53,70,46,46
53,4,46,46
53,70,46,46
96,15,46,46
96,61,46,46
96,12,46,46
4,93,46,46
4,93,46,46
4,53,46,46
93,4,46,46
13,3,46,46
44,14,46,46
44,59,46,46
44,14,46,46
82,49,46,46
82,101,46,46
94,65,46,46
94,14,46,46
94,9,46,46
3,8,46,46
3,13,46,46
3,51,46,46
3,25,46,46
61,96,46,46
51,3,46,46
3,26,46,46
3,8,46,46
3,20,46,46
70,53,46,46
3,13,46,46
4,70,46,46
4,13,46,46
4,53,46,46
4,76,46,46
70,53,46,46
13,3,46,46
8,3,46,46
13,3,46,46
8,3,46,46
13,4,46,46
96,15,46,46
96,61,46,46
70,53,46,46
82,21,46,46
82,63,46,46
82,151,46,46
82,42,46,46
59,44,46,46
4,53,46,46
4,53,46,46
20,3,46,46
56,54,46,46
94,56,46,46
94,76,46,46
94,68,46,46
94,88,46,46
94,69,46,46
94,86,46,46
94,48,46,46
94,85,46,46
94,47,46,46
94,123,46,46
56,94,46,46
3,66,46,46
3,8,46,46
3,68,46,46
3,69,46,46
3,85,46,46
3,67,46,46
3,13,46,46
3,40,46,46
3,4,46,46
3,17,46,46
4,3,46,46
44,112,46,46
112,44,46,46
123,94,46,46
66,3,46,46
47,94,46,46
66,115,46,46
65,94,46,46
42,82,46,46
67,3,46,46
63,82,46,46
76,94,46,46
40,74,46,46
151,82,46,46
40,74,46,46
25,26,46,46
73,72,46,46
73,9,46,46
73,14,46,46
73,65,46,46
76,4,46,46
70,53,46,46
70,53,46,46
70,4,46,46
13,3,46,46
15,96,46,46
15,96,46,46
61,96,46,46
68,3,46,46
68,94,46,46
15,54,46,46
53,4,46,46
88,94,46,46
151,115,46,46
115,151,46,46
21,82,46,46
115,67,46,46
67,115,46,46
40,72,46,46
8,3,46,46
40,72,46,46
40,74,46,46
86,19,46,46
86,94,46,46
86,123,46,46
74,4,46,46
73,1,46,46
15,56,46,46
56,15,46,46
3,66,46,46
3,8,46,46
3,13,46,46
29,22,46,46
65,73,46,46
48,94,46,46
8,3,46,46
68,67,46,46
65,94,46,46
6,106,46,46
54,15,46,46
88,89,46,46
44,125,46,46
17,56,46,46
56,17,46,46
56,15,46,46
56,88,46,46
15,56,46,46
13,3,46,46
88,56,46,46
54,29,46,46
54,15,46,46
54,39,46,46
1,73,46,46
29,54,46,46
94,65,46,46
15,88,46,46
15,54,46,46
15,54,46,46
86,19,46,46
88,15,46,46
18,93,46,46
93,18,46,46
4,74,46,46
18,93,46,46
13,3,46,46
13,62,46,46
93,18,46,46
13,62,46,46
18,93,46,46
93,18,46,46
94,74,46,46
94,72,46,46
94,40,46,46
3,13,46,46
71,72,46,46
71,15,46,46
71,73,46,46
71,5,46,46
71,117,46,46
3,53,46,46
20,3,46,46
3,20,46,46
86,19,46,46
20,3,46,46
3,20,46,46
40,47,46,46
15,88,46,46
53,3,46,46
70,53,46,46
11,5,46,46
82,115,46,46
82,43,46,46
82,58,46,46
82,29,46,46
59,68,46,46
59,9,46,46
9,73,46,46
9,94,46,46
4,13,46,46
4,3,46,46
4,74,46,46
4,40,46,46
39,54,46,46
9,67,46,46
39,27,46,46
67,9,46,46
33,54,46,46
54,33,46,46
88,15,46,46
9,94,46,46
47,40,46,46
88,5,46,46
3,13,46,46
3,51,46,46
3,26,46,46
3,20,46,46
26,3,46,46
118,33,46,46
88,15,46,46
85,94,46,46
85,3,46,46
115,82,46,46
15,88,46,46
13,3,46,46
88,15,46,46
47,68,46,46
41,40,46,46
68,47,46,46
41,40,46,46
59,67,46,46
86,57,46,46
29,82,46,46
29,39,46,46
29,120,46,46
40,3,46,46
3,40,46,46
57,69,46,46
57,86,46,46
57,18,46,46
86,57,46,46
76,53,46,46
29,30,46,46
86,57,46,46
94,65,46,46
94,14,46,46
32,24,46,46
29,80,46,46
94,9,46,46
30,29,46,46
59,68,46,46
59,69,46,46
59,76,46,46
59,88,46,46
59,47,46,46
59,2,46,46
59,56,46,46
59,85,46,46
59,86,46,46
59,84,46,46
59,89,46,46
59,48,46,46
59,94,46,46
6,106,46,46
20,3,46,46
6,106,46,46
94,74,46,46
94,72,46,46
94,40,46,46
21,70,46,46
21,75,46,46
21,10,46,46
86,57,46,46
10,21,46,46
57,86,46,46
57,18,46,46
75,21,46,46
75,53,46,46
86,57,46,46
74,94,46,46
83,63,46,46
54,73,46,46
65,94,46,46
70,21,46,46
65,94,46,46
90,67,46,46
90,66,46,46
90,56,46,46
90,68,46,46
85,68,46,46
56,90,46,46
5,11,46,46
51,3,46,46
63,83,46,46
59,2,46,46
76,53,46,46
25,26,46,46
73,54,46,46
57,76,46,46
57,69,46,46
76,57,46,46
68,85,46,46
69,19,46,46
69,57,46,46
69,76,46,46
37,39,46,46
80,29,46,46
39,37,46,46
80,9,46,46
9,80,46,46
39,29,46,46
18,57,46,46
18,57,46,46
68,47,46,46
68,90,46,46
1,73,46,46
73,1,46,46
26,25,46,46
9,80,46,46
94,65,46,46
58,82,46,46
80,9,46,46
86,53,46,46
59,14,46,46
59,9,46,46
21,69,46,46
93,4,46,46
90,69,46,46
90,68,46,46
90,56,46,46
90,88,46,46
90,85,46,46
85,90,46,46
90,9,46,46
68,90,46,46
9,67,46,46
9,90,46,46
66,3,46,46
74,72,46,46
54,15,46,46
69,76,46,46
4,93,47,47
96,15,47,47
96,61,47,47
96,12,47,47
74,4,47,47
4,74,47,47
4,74,47,47
94,65,47,47
94,14,47,47
93,47,47,47
74,4,47,47
61,96,47,47
15,96,47,47
15,54,47,47
33,118,47,47
54,15,47,47
75,53,47,47
94,47,47,47
94,56,47,47
94,88,47,47
94,76,47,47
94,69,47,47
94,86,47,47
94,68,47,47
94,48,47,47
94,85,47,47
15,54,47,47
96,15,47,47
96,61,47,47
15,96,47,47
33,15,47,47
33,5,47,47
47,94,47,47
47,93,47,47
61,96,47,47
67,9,47,47
5,33,47,47
70,48,47,47
70,68,47,47
65,94,47,47
2,94,47,47
65,94,47,47
48,70,47,47
68,70,47,47
76,94,47,47
67,90,47,47
88,90,47,47
72,117,47,47
72,117,47,47
2,1,47,47
88,94,47,47
56,90,47,47
11,5,47,47
5,11,47,47
13,20,47,47
72,117,47,47
94,65,47,47
68,94,47,47
53,75,47,47
72,117,47,47
48,56,47,47
56,48,47,47
56,94,47,47
9,80,47,47
59,2,47,47
17,56,47,47
3,17,47,47
3,66,47,47
3,67,47,47
3,8,47,47
3,13,47,47
3,40,47,47
3,4,47,47
3,68,47,47
3,69,47,47
66,3,47,47
68,3,47,47
56,17,47,47
66,90,47,47
80,9,47,47
66,90,47,47
94,65,47,47
94,14,47,47
13,3,47,47
65,94,47,47
65,94,47,47
75,53,47,47
74,59,47,47
74,94,47,47
11,65,47,47
11,14,47,47
11,5,47,47
11,15,47,47
94,65,47,47
94,74,47,47
8,3,47,47
67,3,47,47
74,72,47,47
33,15,47,47
9,67,47,47
4,3,47,47
71,15,47,47
71,72,47,47
71,73,47,47
71,5,47,47
71,117,47,47
67,9,47,47
5,11,47,47
86,94,47,47
67,59,47,47
65,11,47,47
48,94,47,47
67,66,47,47
9,67,47,47
9,66,47,47
66,9,47,47
59,74,47,47
70,53,47,47
90,66,47,47
33,54,47,47
56,88,47,47
53,70,47,47
53,75,47,47
70,53,47,47
75,53,47,47
53,50,47,47
50,53,47,47
88,56,47,47
86,69,47,47
53,49,47,47
53,50,47,47
53,86,47,47
86,53,47,47
53,75,47,47
53,75,47,47
53,70,47,47
53,70,47,47
53,76,47,47
53,76,47,47
54,33,47,47
49,53,47,47
15,54,47,47
54,15,47,47
54,15,47,47
15,54,47,47
76,53,47,47
53,70,47,47
53,4,47,47
69,19,47,47
69,57,47,47
33,117,47,47
76,53,47,47
4,76,47,47
4,13,47,47
4,18,47,47
4,3,47,47
4,70,47,47
3,4,47,47
69,27,47,47
53,75,47,47
53,50,47,47
54,15,47,47
54,73,47,47
83,24,47,47
76,4,47,47
13,4,47,47
18,4,47,47
4,53,47,47
94,65,47,47
94,14,47,47
53,75,47,47
53,50,47,47
65,94,47,47
63,43,47,47
75,53,47,47
70,4,47,47
70,53,47,47
75,53,47,47
56,5,47,47
21,88,47,47
88,21,47,47
88,61,47,47
88,96,47,47
88,15,47,47
88,61,47,47
88,96,47,47
88,15,47,47
88,12,47,47
53,70,47,47
53,4,47,47
4,53,47,47
70,53,47,47
6,106,47,47
74,4,47,47
4,74,47,47
6,106,47,47
13,4,47,47
13,3,47,47
6,106,47,47
53,70,47,47
53,4,47,47
59,67,47,47
4,13,47,47
40,3,47,47
26,25,47,47
85,94,47,47
4,106,47,47
24,83,47,47
70,53,47,47
4,53,47,47
6,106,47,47
5,56,47,47
47,55,47,47
69,81,47,47
119,54,47,47
76,57,47,47
68,69,47,47
68,85,47,47
93,47,47,47
28,20,47,47
73,54,47,47
69,3,47,47
28,83,47,47
28,54,47,47
47,93,47,47
69,3,47,47
3,69,47,47
3,13,47,47
15,54,47,47
3,13,47,47
15,11,47,47
15,33,47,47
15,33,47,47
3,69,47,47
3,8,47,47
3,40,47,47
3,40,47,47
3,8,47,47
3,69,47,47
3,13,47,47
13,3,47,47
13,3,47,47
3,67,47,47
3,66,47,47
3,66,47,47
3,13,47,47
13,3,47,47
3,66,47,47
3,13,47,47
76,40,47,47
13,3,47,47
3,69,47,47
69,3,47,47
55,47,47,47
15,65,47,47
15,14,47,47
69,76,47,47
80,67,47,47
76,69,47,47
83,28,47,47
67,80,47,47
67,3,47,47
66,3,47,47
67,9,47,47
66,3,47,47
83,61,47,47
20,28,47,47
54,28,47,47
90,69,47,47
90,76,47,47
90,18,47,47
13,3,47,47
3,13,47,47
103,52,47,47
56,69,47,47
3,69,47,47
59,2,47,47
3,40,47,47
3,4,47,47
3,8,47,47
3,13,47,47
3,51,47,47
3,52,47,47
3,53,47,47
3,18,47,47
3,128,47,47
3,20,47,47
52,3,47,47
52,103,47,47
8,3,47,47
8,3,47,47
21,85,47,47
21,56,47,47
21,47,47,47
21,69,47,47
21,88,47,47
21,76,47,47
21,89,47,47
21,48,47,47
21,68,47,47
21,86,47,47
21,90,47,47
85,21,47,47
8,3,47,47
37,36,47,47
37,38,47,47
37,1,47,47
89,21,47,47
1,37,47,47
86,21,47,47
76,21,47,47
68,21,47,47
54,15,47,47
37,36,47,47
37,38,47,47
37,1,47,47
1,37,47,47
47,21,47,47
3,40,47,47
3,13,47,47
3,53,47,47
3,66,47,47
24,3,47,47
24,8,47,47
24,51,47,47
24,26,47,47
24,66,47,47
61,83,47,47
3,24,47,47
3,13,47,47
3,52,47,47
3,128,47,47
52,3,47,47
53,3,47,47
53,3,47,47
8,24,47,47
59,80,47,47
15,54,47,47
65,94,47,47
65,15,47,47
69,67,47,47
69,9,47,47
69,66,47,47
69,72,47,47
69,15,47,47
69,3,47,47
69,68,47,47
69,56,47,47
69,65,47,47
18,90,47,47
13,3,47,47
13,3,47,47
13,3,47,47
13,4,47,47
13,74,47,47
13,3,47,47
20,3,47,47
40,65,47,47
40,17,47,47
96,15,47,47
96,61,47,47
13,3,47,47
13,40,47,47
13,4,47,47
74,13,47,47
4,13,47,47
74,13,47,47
94,65,47,47
13,74,47,47
3,13,47,47
94,65,47,47
94,14,47,47
3,13,47,47
3,40,47,47
3,8,47,47
3,4,47,47
13,3,47,47
4,17,47,47
4,65,47,47
4,3,47,47
4,3,47,47
71,94,47,47
71,5,47,47
8,3,47,47
15,71,47,47
15,72,47,47
15,73,47,47
15,117,47,47
15,96,47,47
94,72,47,47
94,59,47,47
94,74,47,47
94,40,47,47
94,2,47,47
5,71,47,47
5,72,47,47
5,73,47,47
5,74,47,47
5,11,47,47
96,15,47,47
96,61,47,47
15,12,47,47
15,96,47,47
3,4,47,47
3,69,47,47
3,66,47,47
3,67,47,47
3,8,47,47
3,13,47,47
3,40,47,47
3,68,47,47
3,85,47,47
3,17,47,47
57,76,47,47
13,3,47,47
66,3,47,47
8,3,47,47
66,24,47,47
59,94,47,47
66,3,47,47
66,3,47,47
4,3,47,47
2,94,47,47
65,4,47,47
74,5,47,47
65,94,47,47
56,21,47,47
71,15,47,47
61,96,47,47
71,5,47,47
76,57,47,47
72,71,47,47
72,5,47,47
72,117,47,47
72,73,47,47
72,12,47,47
72,15,47,47
72,74,47,47
26,24,47,47
68,3,47,47
94,88,47,47
94,69,47,47
94,68,47,47
94,85,47,47
94,56,47,47
94,76,47,47
94,86,47,47
94,48,47,47
94,47,47,47
76,94,47,47
47,94,47,47
56,94,47,47
11,5,47,47
11,5,47,47
3,13,47,47
3,8,47,47
3,51,47,47
3,20,47,47
5,11,47,47
68,94,47,47
3,68,47,47
3,69,47,47
3,66,47,47
88,21,47,47
13,3,47,47
68,3,47,47
80,9,47,47
66,3,47,47
9,80,47,47
20,3,47,47
26,3,47,47
86,94,47,47
48,94,47,47
51,3,47,47
17,56,47,47
8,3,47,47
56,17,47,47
88,94,47,47
56,88,47,47
88,56,47,47
51,24,47,47
51,3,47,47
59,67,47,47
87,10,47,47
87,10,47,47
71,72,47,47
71,15,47,47
71,73,47,47
71,5,47,47
71,117,47,47
93,47,47,47
43,42,47,47
43,82,47,47
47,93,47,47
76,69,47,47
54,15,47,47
15,54,47,47
2,59,47,47
2,40,47,47
2,72,47,47
2,74,47,47
2,117,47,47
2,58,47,47
2,94,47,47
59,2,47,47
73,5,47,47
73,15,47,47
89,75,47,47
89,88,47,47
89,21,47,47
21,89,47,47
75,89,47,47
48,21,47,47
61,96,47,47
73,65,47,47
73,9,47,47
73,14,47,47
47,68,47,47
88,89,47,47
74,2,47,47
74,94,47,47
15,39,47,47
9,73,47,47
1,7,47,47
94,2,47,47
94,59,47,47
68,47,47,47
47,68,47,47
39,81,47,47
68,47,47,47
2,94,47,47
59,94,47,47
94,2,47,47
43,63,47,47
43,42,47,47
43,45,47,47
43,79,47,47
43,79,47,47
43,45,47,47
43,79,47,47
43,42,47,47
43,42,47,47
43,45,47,47
43,79,47,47
43,42,47,47
43,45,47,47
43,79,47,47
43,10,47,47
45,43,47,47
74,4,47,47
79,43,47,47
81,39,47,47
79,43,47,47
79,43,47,47
79,43,47,47
79,43,47,47
54,15,47,47
54,73,47,47
70,4,47,47
70,53,47,47
59,68,47,47
59,47,47,47
59,83,47,47
59,32,47,47
59,56,47,47
59,69,47,47
59,86,47,47
59,76,47,47
59,85,47,47
59,89,47,47
59,48,47,47
59,88,47,47
59,94,47,47
59,2,47,47
15,54,47,47
59,32,47,47
59,94,47,47
59,83,47,47
59,30,47,47
59,2,47,47
4,70,47,47
4,74,47,47
40,3,47,47
3,40,47,47
40,121,47,47
76,50,47,47
50,76,47,47
76,53,47,47
69,19,47,47
4,106,47,47
19,69,47,47
85,94,47,47
85,3,47,47
76,27,47,47
73,54,47,47
34,24,47,47
24,34,47,47
6,106,47,47
6,106,47,47
6,106,47,47
90,21,47,47
106,58,47,47
59,86,47,47
59,48,47,47
59,76,47,47
59,88,47,47
59,47,47,47
59,68,47,47
59,69,47,47
59,56,47,47
59,85,47,47
59,84,47,47
59,89,47,47
59,94,47,47
59,2,47,47
73,1,47,47
1,73,47,47
94,9,47,47
94,14,47,47
94,65,47,47
9,94,47,47
58,2,47,47
40,72,47,47
40,3,47,47
86,69,47,47
86,81,47,47
86,50,47,47
86,8,47,47
3,40,47,47
39,53,47,47
3,13,47,47
3,13,47,47
13,3,47,47
53,70,47,47
53,39,47,47
13,3,47,47
39,15,47,47
80,151,47,47
80,59,47,47
80,21,47,47
80,45,47,47
80,69,47,47
80,68,47,47
80,104,47,47
80,29,47,47
80,44,47,47
45,80,47,47
68,80,47,47
104,80,47,47
21,80,47,47
80,59,47,47
59,80,47,47
59,80,47,47
39,15,47,47
3,53,47,47
15,39,47,47
106,117,47,47
106,58,47,47
106,73,47,47
74,59,47,47
74,94,47,47
53,3,47,47
59,74,47,47
53,3,47,47
3,53,47,47
59,94,47,47
59,2,47,47
94,74,47,47
45,43,47,47
81,8,47,47
8,81,47,47
83,63,47,47
53,76,47,47
53,50,47,47
76,53,47,47
53,70,47,47
53,4,47,47
76,40,47,47
67,66,47,47
101,50,47,47
101,50,47,47
101,47,47,47
101,50,47,47
101,50,47,47
96,15,47,47
96,61,47,47
96,12,47,47
29,80,47,47
100,66,47,47
121,40,47,47
42,43,47,47
42,43,47,47
42,43,47,47
27,39,47,47
63,83,47,47
45,43,47,47
45,43,47,47
23,29,47,47
23,42,47,47
27,76,47,47
4,53,47,47
27,77,47,47
77,27,47,47
61,96,47,47
15,96,47,47
3,4,47,47
3,68,47,47
3,66,47,47
3,67,47,47
3,8,47,47
3,13,47,47
3,40,47,47
3,69,47,47
3,85,47,47
3,17,47,47
36,38,47,47
36,37,47,47
38,36,47,47
94,69,47,47
94,68,47,47
94,85,47,47
94,56,47,47
94,76,47,47
94,88,47,47
94,86,47,47
94,48,47,47
94,47,47,47
94,123,47,47
94,2,47,47
94,20,47,47
94,95,47,47
96,15,47,47
96,61,47,47
104,66,47,47
15,96,47,47
123,94,47,47
104,57,47,47
13,3,47,47
2,94,47,47
61,96,47,47
70,53,47,47
1,38,47,47
4,3,47,47
66,104,47,47
94,14,47,47
94,9,47,47
96,54,47,47
66,104,47,47
66,3,47,47
66,100,47,47
104,66,47,47
88,94,47,47
76,94,47,47
43,42,47,47
56,94,47,47
3,62,47,47
3,13,47,47
3,51,47,47
3,66,47,47
66,27,47,47
13,3,47,47
9,94,47,47
105,103,47,47
47,94,47,47
103,105,47,47
8,3,47,47
76,75,47,47
62,113,47,47
86,68,47,47
113,62,47,47
86,94,47,47
59,68,47,47
59,69,47,47
59,86,47,47
59,94,47,47
59,56,47,47
59,85,47,47
59,84,47,47
59,89,47,47
59,48,47,47
59,76,47,47
59,88,47,47
59,47,47,47
59,2,47,47
86,123,47,47
75,53,47,47
53,75,47,47
66,3,47,47
54,96,47,47
42,43,47,47
86,69,47,47
86,76,47,47
86,47,47,47
86,48,47,47
86,13,47,47
86,68,47,47
86,85,47,47
86,56,47,47
86,75,47,47
86,70,47,47
86,82,47,47
23,34,47,47
23,52,47,47
19,86,47,47
56,15,47,47
151,80,47,47
70,4,47,47
51,3,47,47
34,23,47,47
47,50,47,47
50,47,47,47
47,53,47,47
93,101,47,47
101,93,47,47
52,23,47,47
23,52,47,47
4,70,47,47
11,5,47,47
5,11,47,47
86,19,47,47
25,31,47,47
31,25,47,47
15,56,47,47
82,70,47,47
82,43,47,47
82,93,47,47
82,58,47,47
82,75,47,47
82,151,47,47
82,29,47,47
82,6,47,47
82,101,47,47
82,19,47,47
29,82,47,47
101,82,47,47
93,82,47,47
76,27,47,47
76,50,47,47
19,57,47,47
76,81,47,47
15,72,47,47
15,5,47,47
15,117,47,47
70,82,47,47
20,3,47,47
3,20,47,47
48,94,47,47
75,82,47,47
59,67,47,47
3,20,47,47
3,66,47,47
3,42,47,47
48,47,47,47
66,3,47,47
42,3,47,47
33,15,47,47
42,43,47,47
69,68,47,47
42,43,47,47
69,85,47,47
17,56,47,47
56,17,47,47
53,47,47,47
4,106,47,47
6,82,47,47
56,59,47,47
59,56,47,47
20,3,47,47
118,33,47,47
43,40,47,47
43,58,47,47
43,18,47,47
53,3,47,47
43,18,47,47
3,53,47,47
6,106,47,47
6,106,47,47
36,53,47,47
47,48,47,47
6,106,47,47
85,94,47,47
85,3,47,47
85,48,47,47
69,53,47,47
48,85,47,47
15,33,47,47
32,18,47,47
18,32,47,47
4,76,47,47
76,4,47,47
76,4,47,47
4,81,47,47
42,63,47,47
81,4,47,47
5,15,47,47
53,36,47,47
42,20,47,47
86,8,47,47
86,50,47,47
86,81,47,47
86,69,47,47
10,22,47,47
10,98,47,47
20,13,47,47
47,93,47,47
47,101,47,47
47,124,47,47
47,27,47,47
101,47,47,47
93,47,47,47
74,94,47,47
74,59,47,47
59,74,47,47
59,2,47,47
38,37,47,47
38,36,47,47
94,74,47,47
32,18,47,47
88,15,47,47
69,81,47,47
98,10,47,47
117,151,47,47
48,85,47,47
85,48,47,47
47,81,47,47
81,47,47,47
58,82,47,47
3,66,47,47
38,36,47,47
76,47,47,47
74,65,47,47
74,117,47,47
74,9,47,47
74,14,47,47
74,58,47,47
74,72,47,47
9,74,47,47
64,42,47,47
18,32,48,48
13,20,48,48
107,57,48,48
27,47,48,48
27,81,48,48
27,101,48,48
27,102,48,48
27,93,48,48
27,124,48,48
101,27,48,48
96,15,48,48
96,61,48,48
1,10,48,48
1,44,48,48
1,9,48,48
1,8,48,48
1,14,48,48
1,13,48,48
1,12,48,48
1,15,48,48
1,7,48,48
1,3,48,48
1,5,48,48
1,17,48,48
1,4,48,48
1,11,48,48
1,16,48,48
1,2,48,48
1,40,48,48
1,65,48,48
1,6,48,48
2,1,48,48
13,1,48,48
8,1,48,48
37,36,48,48
10,1,48,48
3,1,48,48
36,38,48,48
124,27,48,48
93,27,48,48
28,29,48,48
58,74,48,48
124,47,48,48
61,96,48,48
15,1,48,48
94,9,48,48
94,14,48,48
15,96,48,48
94,48,48,48
94,56,48,48
94,76,48,48
94,88,48,48
94,86,48,48
94,68,48,48
94,85,48,48
94,47,48,48
44,1,48,48
48,94,48,48
3,66,48,48
3,69,48,48
3,67,48,48
3,8,48,48
3,13,48,48
3,40,48,48
3,4,48,48
3,68,48,48
3,85,48,48
3,17,48,48
8,3,48,48
9,94,48,48
63,42,48,48
96,15,48,48
96,61,48,48
96,54,48,48
15,96,48,48
61,96,48,48
6,1,48,48
11,1,48,48
66,3,48,48
13,3,48,48
66,3,48,48
9,1,48,48
5,1,48,48
117,58,48,48
117,58,48,48
58,117,48,48
42,112,48,48
56,94,48,48
58,117,48,48
29,28,48,48
4,1,48,48
4,3,48,48
16,1,48,48
94,56,48,48
94,85,48,48
94,68,48,48
3,53,48,48
3,13,48,48
3,18,48,48
56,94,48,48
18,3,48,48
88,94,48,48
53,3,48,48
13,3,48,48
68,85,48,48
68,48,48,48
68,47,48,48
68,3,48,48
68,3,48,48
76,94,48,48
13,53,48,48
53,13,48,48
68,94,48,48
68,94,48,48
68,94,48,48
76,19,48,48
76,57,48,48
76,18,48,48
86,94,48,48
70,53,48,48
33,151,48,48
17,56,48,48
71,72,48,48
69,76,48,48
56,17,48,48
73,72,48,48
83,26,48,48
83,24,48,48
86,19,48,48
15,33,48,48
151,117,48,48
151,82,48,48
15,33,48,48
24,83,48,48
33,15,48,48
33,15,48,48
31,32,48,48
32,31,48,48
59,68,48,48
59,69,48,48
59,86,48,48
59,56,48,48
59,85,48,48
59,84,48,48
59,89,48,48
59,48,48,48
59,76,48,48
59,88,48,48
59,47,48,48
59,94,48,48
59,2,48,48
2,95,48,48
88,61,48,48
88,96,48,48
88,12,48,48
88,15,48,48
149,83,48,48
73,1,48,48
1,73,48,48
83,149,48,48
88,61,48,48
88,96,48,48
88,12,48,48
88,15,48,48
71,73,48,48
71,117,48,48
71,72,48,48
71,15,48,48
71,5,48,48
149,83,48,48
149,83,48,48
66,24,48,48
95,2,48,48
149,83,48,48
6,106,48,48
149,83,48,48
83,149,48,48
149,83,48,48
149,83,48,48
81,69,48,48
149,83,48,48
6,106,48,48
6,106,48,48
76,49,48,48
76,40,48,48
76,75,48,48
6,106,48,48
20,3,48,48
11,5,48,48
3,20,48,48
5,11,48,48
59,67,48,48
6,106,48,48
3,66,48,48
83,33,48,48
37,38,48,48
38,37,48,48
4,106,48,48
33,83,48,48
9,66,48,48
9,67,48,48
81,39,48,48
54,15,48,48
54,61,48,48
39,81,48,48
61,54,48,48
88,5,48,48
88,15,48,48
66,9,48,48
53,70,48,48
66,9,48,48
66,67,48,48
86,4,48,48
86,40,48,48
86,75,48,48
86,93,48,48
86,101,48,48
86,124,48,48
86,27,48,48
53,69,48,48
9,66,48,48
15,54,48,48
23,52,48,48
85,94,48,48
85,3,48,48
86,69,48,48
85,94,48,48
15,88,48,48
72,9,48,48
72,117,48,48
88,15,48,48
68,48,48,48
68,85,48,48
68,47,48,48
56,88,48,48
88,56,48,48
86,69,48,48
46,23,48,48
93,86,48,48
86,93,48,48
19,93,48,48
24,66,48,48
48,47,48,48
68,48,48,48
68,85,48,48
68,47,48,48
24,66,48,48
86,19,48,48
21,72,48,48
21,86,48,48
69,86,48,48
23,51,48,48
51,23,48,48
86,21,48,48
34,24,48,48
72,117,48,48
72,5,48,48
72,66,48,48
72,15,48,48
93,19,48,48
76,69,48,48
76,53,48,48
66,24,48,48
66,3,48,48
71,53,48,48
56,55,48,48
56,18,48,48
18,56,48,48
69,86,48,48
24,34,48,48
34,51,48,48
68,48,48,48
76,4,48,48
4,70,48,48
4,93,48,48
4,101,48,48
4,124,48,48
4,27,48,48
101,4,48,48
53,13,48,48
13,53,48,48
70,4,48,48
42,43,48,48
42,63,48,48
93,4,48,48
53,71,48,48
56,94,48,48
104,57,48,48
51,34,48,48
53,70,48,48
71,53,48,48
55,56,48,48
53,75,48,48
75,53,48,48
69,86,48,48
70,53,48,48
86,40,48,48
86,4,48,48
81,62,48,48
9,67,48,48
9,42,48,48
54,96,48,48
53,76,48,48
76,53,48,48
66,15,48,48
66,5,48,48
117,38,48,48
117,61,48,48
68,47,48,48
74,9,48,48
74,65,48,48
74,72,48,48
74,14,48,48
74,17,48,48
69,86,48,48
69,86,48,48
1,7,48,48
1,5,48,48
1,6,48,48
1,2,48,48
1,44,48,48
1,3,48,48
1,8,48,48
1,9,48,48
1,10,48,48
1,11,48,48
1,12,48,48
1,65,48,48
1,13,48,48
1,14,48,48
1,15,48,48
1,4,48,48
1,40,48,48
1,16,48,48
1,17,48,48
57,19,48,48
57,104,48,48
57,104,48,48
40,121,48,48
124,4,48,48
96,15,48,48
96,54,48,48
96,12,48,48
27,4,48,48
11,31,48,48
11,33,48,48
11,25,48,48
54,96,48,48
33,11,48,48
94,56,48,48
42,9,48,48
42,69,48,48
42,68,48,48
121,40,48,48
5,66,48,48
23,105,48,48
23,103,48,48
31,11,48,48
31,25,48,48
15,96,48,48
15,66,48,48
62,81,48,48
94,14,48,48
94,9,48,48
94,123,48,48
94,95,48,48
94,44,48,48
14,74,48,48
70,53,48,48
62,27,48,48
62,81,48,48
96,15,48,48
96,61,48,48
96,54,48,48
54,96,48,48
24,31,48,48
31,24,48,48
24,31,48,48
94,56,48,48
94,88,48,48
94,85,48,48
94,76,48,48
94,69,48,48
94,86,48,48
94,68,48,48
94,48,48,48
94,47,48,48
48,94,48,48
61,117,48,48
61,96,48,48
40,8,48,48
40,3,48,48
13,3,48,48
13,4,48,48
13,53,48,48
71,5,48,48
94,9,48,48
94,14,48,48
47,94,48,48
47,48,48,48
47,94,48,48
105,23,48,48
13,3,48,48
95,94,48,48
15,96,48,48
14,94,48,48
3,13,48,48
3,4,48,48
3,66,48,48
3,67,48,48
3,8,48,48
3,40,48,48
3,68,48,48
3,69,48,48
3,85,48,48
3,17,48,48
53,70,48,48
4,3,48,48
81,62,48,48
13,3,48,48
3,40,48,48
31,24,48,48
33,63,48,48
8,40,48,48
67,3,48,48
8,3,48,48
67,9,48,48
3,67,48,48
3,66,48,48
3,68,48,48
3,40,48,48
3,13,48,48
88,94,48,48
67,66,48,48
67,9,48,48
13,3,48,48
83,24,48,48
67,3,48,48
17,1,48,48
67,3,48,48
13,3,48,48
3,13,48,48
93,86,48,48
33,83,48,48
1,17,48,48
88,56,48,48
56,94,48,48
13,3,48,48
33,63,48,48
14,13,48,48
71,9,48,48
13,14,48,48
15,40,48,48
9,94,48,48
13,14,48,48
14,13,48,48
9,94,48,48
32,15,48,48
9,74,48,48
14,13,48,48
13,14,48,48
13,14,48,48
24,83,48,48
14,13,48,48
68,42,48,48
40,3,48,48
15,40,48,48
44,94,48,48
68,3,48,48
68,3,48,48
43,79,48,48
68,94,48,48
48,47,48,48
24,26,48,48
24,83,48,48
100,7,48,48
2,59,48,48
2,117,48,48
2,40,48,48
2,58,48,48
59,2,48,48
57,86,48,48
57,18,48,48
79,43,48,48
33,34,48,48
95,9,48,48
95,14,48,48
95,123,48,48
38,37,48,48
2,68,48,48
9,95,48,48
38,36,48,48
3,40,48,48
14,95,48,48
9,14,48,48
3,40,48,48
66,3,48,48
86,93,48,48
86,57,48,48
86,94,48,48
86,93,48,48
47,48,48,48
58,2,48,48
15,32,48,48
68,2,48,48
59,68,48,48
59,69,48,48
59,86,48,48
59,76,48,48
59,2,48,48
59,56,48,48
59,85,48,48
59,84,48,48
59,89,48,48
59,48,48,48
59,88,48,48
59,47,48,48
59,94,48,48
13,3,48,48
34,33,48,48
103,23,48,48
18,57,48,48
66,15,48,48
66,5,48,48
14,94,48,48
31,32,48,48
31,32,48,48
32,31,48,48
32,31,48,48
5,66,48,48
15,66,48,48
29,63,48,48
53,3,48,48
16,1,48,48
94,14,48,48
21,70,48,48
36,37,48,48
37,36,48,48
70,21,48,48
16,8,48,48
70,53,48,48
16,8,48,48
71,15,48,48
71,5,48,48
71,72,48,48
71,73,48,48
71,117,48,48
3,53,48,48
15,32,48,48
6,8,48,48
6,3,48,48
6,40,48,48
71,15,48,48
6,8,48,48
6,8,48,48
6,8,48,48
32,15,48,48
69,76,48,48
94,14,48,48
94,9,48,48
6,106,48,48
6,106,48,48
4,106,48,48
14,94,48,48
32,30,48,48
1,89,48,48
9,94,48,48
32,31,48,48
31,32,48,48
89,1,48,48
88,81,48,48
88,5,48,48
88,15,48,48
5,61,48,48
61,5,48,48
63,29,48,48
14,94,48,48
38,36,48,48
59,67,48,48
5,117,48,48
5,71,48,48
5,73,48,48
15,71,48,48
15,54,48,48
15,61,48,48
73,5,48,48
61,15,48,48
80,18,48,48
85,94,48,48
59,85,48,48
59,94,48,48
59,68,48,48
59,48,48,48
59,47,48,48
59,2,48,48
54,15,48,48
22,94,48,48
70,48,48,48
70,68,48,48
47,81,48,48
27,62,48,48
81,47,48,48
47,68,48,48
47,68,48,48
47,68,48,48
47,68,48,48
47,68,48,48
47,68,48,48
47,68,48,48
27,81,48,48
47,68,48,48
47,68,48,48
47,68,48,48
18,80,48,48
47,68,48,48
47,68,48,48
47,68,48,48
47,68,48,48
18,57,48,48
85,3,48,48
68,70,48,48
63,27,48,48
15,88,48,48
13,3,48,48
13,8,48,48
13,40,48,48
13,4,48,48
13,17,48,48
13,14,48,48
54,56,48,48
88,15,48,48
74,9,48,48
56,96,48,48
56,15,48,48
96,56,48,48
56,54,48,48
4,65,48,48
4,13,48,48
4,17,48,48
4,3,48,48
4,9,48,48
4,1,48,48
48,70,48,48
13,14,48,48
14,13,48,48
86,19,48,48
94,14,48,48
94,22,48,48
86,19,48,48
3,4,48,48
3,40,48,48
3,69,48,48
3,66,48,48
3,67,48,48
3,8,48,48
3,13,48,48
3,35,48,48
3,68,48,48
3,85,48,48
3,17,48,48
81,43,48,48
85,3,48,48
13,3,48,48
81,43,48,48
74,104,48,48
27,63,48,48
68,3,48,48
67,3,48,48
1,7,48,48
67,66,48,48
19,93,48,48
93,19,48,48
33,98,48,48
9,67,48,48
9,66,48,48
98,33,48,48
67,9,48,48
67,9,48,48
67,66,48,48
104,58,48,48
58,104,48,48
106,73,48,48
88,15,48,48
15,56,48,48
106,117,48,48
90,43,48,48
15,96,48,48
15,54,48,48
15,61,48,48
96,15,48,48
61,15,48,48
19,67,48,48
19,66,48,48
19,9,48,48
19,17,48,48
19,18,48,48
19,7,48,48
19,1,48,48
19,38,48,48
19,91,48,48
19,90,48,48
1,19,48,48
4,3,48,48
58,4,48,48
4,58,48,48
66,19,48,48
90,69,48,48
90,19,48,48
9,19,48,48
8,3,48,48
67,19,48,48
68,47,48,48
68,47,48,48
54,15,48,48
76,94,48,48
54,29,48,48
54,120,48,48
54,39,48,48
54,15,48,48
54,96,48,48
54,61,48,48
54,119,48,48
54,56,48,48
54,15,48,48
18,19,48,48
96,15,48,48
96,61,48,48
96,54,48,48
120,54,48,48
54,96,48,48
29,54,48,48
31,25,48,48
20,63,48,48
22,42,48,48
1,3,48,48
1,16,48,48
1,10,48,48
1,44,48,48
1,9,48,48
1,8,48,48
1,14,48,48
1,13,48,48
1,12,48,48
1,15,48,48
1,7,48,48
1,5,48,48
1,17,48,48
1,4,48,48
1,11,48,48
1,2,48,48
1,40,48,48
1,65,48,48
1,6,48,48
14,1,48,48
8,1,48,48
61,96,48,48
3,1,48,48
63,20,48,48
58,2,48,48
58,59,48,48
58,117,48,48
58,94,48,48
42,22,48,48
4,1,48,48
94,58,48,48
95,44,48,48
15,1,48,48
106,61,48,48
15,96,48,48
15,54,48,48
15,54,48,48
3,66,48,48
3,67,48,48
3,4,48,48
3,17,48,48
3,8,48,48
3,13,48,48
3,40,48,48
3,35,48,48
3,68,48,48
3,69,48,48
3,85,48,48
2,58,48,48
2,1,48,48
16,1,48,48
58,2,48,48
58,59,48,48
58,94,48,48
58,117,48,48
94,58,48,48
52,23,48,48
27,15,48,48
27,66,48,48
27,3,48,48
27,26,48,48
27,62,48,48
27,39,48,48
27,13,48,48
27,40,48,48
27,8,48,48
27,5,48,48
23,52,48,48
2,58,48,48
62,27,48,48
59,58,48,48
71,15,48,48
8,27,48,48
8,3,48,48
81,47,48,48
5,27,48,48
5,1,48,48
3,27,48,48
11,1,48,48
47,81,48,48
3,18,48,48
3,52,48,48
3,51,48,48
3,4,48,48
3,35,48,48
3,50,48,48
3,53,48,48
3,20,48,48
50,3,48,48
52,3,48,48
9,1,48,48
66,67,48,48
66,3,48,48
66,3,48,48
66,9,48,48
13,3,48,48
13,1,48,48
13,27,48,48
96,15,48,48
96,61,48,48
96,54,48,48
71,5,48,48
96,54,48,48
6,1,48,48
17,19,48,48
61,96,48,48
40,3,48,48
61,54,48,48
88,15,48,48
43,90,48,48
43,81,48,48
43,42,48,48
10,1,48,48
43,81,48,48
43,81,48,48
43,6,48,48
43,42,48,48
43,82,48,48
43,95,48,48
43,58,48,48
43,29,48,48
67,66,48,48
58,43,48,48
67,3,48,48
4,3,48,48
4,3,48,48
15,27,48,48
32,34,48,48
56,54,48,48
15,96,48,48
11,5,48,48
11,65,48,48
11,14,48,48
11,15,48,48
5,11,48,48
11,5,48,48
20,3,48,48
34,32,48,48
34,46,48,48
6,43,48,48
5,11,48,48
57,76,48,48
59,58,48,48
3,40,48,48
68,47,48,48
68,47,48,48
68,47,48,48
68,47,48,48
15,11,48,48
68,47,48,48
68,47,48,48
13,17,48,48
13,14,48,48
68,47,48,48
59,94,48,48
59,2,48,48
68,47,48,48
68,47,48,48
68,47,48,48
68,47,48,48
94,14,48,48
94,9,48,48
68,47,48,48
68,3,48,48
7,14,48,48
7,1,48,48
7,13,48,48
7,22,48,48
7,29,48,48
7,1,48,48
7,1,48,48
14,94,48,48
7,1,48,48
14,13,48,48
13,14,48,48
7,19,48,48
13,14,48,48
95,43,48,48
7,1,48,48
2,59,48,48
2,117,48,48
2,40,48,48
2,58,48,48
14,13,48,48
14,13,48,48
59,2,48,48
13,14,48,48
13,14,48,48
14,13,48,48
14,13,48,48
13,14,48,48
13,14,48,48
14,13,48,48
82,43,48,48
29,43,48,48
51,3,48,48
47,27,48,48
82,115,48,48
82,70,48,48
82,93,48,48
82,56,48,48
82,75,48,48
82,49,48,48
82,89,48,48
82,66,48,48
82,21,48,48
93,82,48,48
82,86,48,48
86,82,48,48
21,82,48,48
56,82,48,48
9,94,48,48
89,82,48,48
21,7,48,48
21,10,48,48
47,68,48,48
7,21,48,48
68,47,48,48
123,94,48,48
123,95,48,48
41,8,48,48
18,3,48,48
71,15,48,48
71,73,48,48
71,5,48,48
71,117,48,48
46,34,48,48
8,41,48,48
67,69,48,48
67,66,48,48
67,90,48,48
66,82,48,48
49,82,48,48
17,14,48,48
14,56,48,48
14,15,48,48
14,54,48,48
75,82,48,48
15,14,48,48
56,14,48,48
14,94,48,48
13,3,48,48
13,53,48,48
13,50,48,48
13,4,48,48
13,35,48,48
50,13,48,48
15,88,48,48
88,15,48,48
70,82,48,48
94,14,48,48
15,88,48,48
83,33,48,48
54,96,48,48
88,15,48,48
76,57,48,48
54,14,48,48
28,8,48,48
28,39,48,48
54,1,48,48
1,54,48,48
42,43,48,48
42,43,48,48
32,24,48,48
24,32,48,48
51,8,48,48
51,13,48,48
51,62,48,48
10,21,48,48
38,117,48,48
38,1,48,48
3,66,48,48
3,67,48,48
3,9,48,48
3,17,48,48
3,68,48,48
51,8,48,48
51,13,48,48
51,3,48,48
76,81,48,48
33,83,48,48
58,2,48,48
33,15,48,48
68,3,48,48
13,51,48,48
13,51,48,48
59,67,48,48
6,106,48,48
6,106,48,48
70,53,48,48
3,90,48,48
3,66,48,48
54,5,48,48
3,51,48,48
8,51,48,48
8,51,48,48
8,28,48,48
90,3,48,48
52,103,48,48
71,5,48,48
5,54,48,48
71,9,48,48
5,71,48,48
3,13,48,48
3,35,48,48
73,58,48,48
27,63,48,48
63,27,48,48
76,69,48,48
86,48,48,48
86,69,48,48
86,36,48,48
86,56,48,48
86,75,48,48
86,84,48,48
86,90,48,48
86,70,48,48
86,37,48,48
86,14,48,48
84,86,48,48
9,3,48,48
71,5,48,48
69,42,48,48
90,66,48,48
90,69,48,48
66,90,48,48
3,90,48,48
53,3,48,48
115,151,48,48
15,33,48,48
3,53,48,48
3,51,48,48
76,69,48,48
53,70,48,48
53,70,48,48
20,42,48,48
20,3,48,48
20,22,48,48
20,7,48,48
42,20,48,48
39,28,48,48
39,54,48,48
39,27,48,48
76,40,48,48
76,75,48,48
67,3,48,48
40,76,48,48
14,11,48,48
76,40,48,48
3,20,48,48
90,66,48,48
53,40,48,48
53,70,48,48
90,66,48,48
69,59,48,48
63,45,48,48
90,67,48,48
83,24,48,48
7,20,48,48
88,15,48,48
14,13,48,48
33,15,48,48
67,66,48,48
67,69,48,48
67,9,48,48
67,80,48,48
67,59,48,48
67,68,48,48
67,90,48,48
70,53,48,48
70,53,48,48
13,3,48,48
13,14,48,48
13,14,48,48
1,37,48,48
14,13,48,48
37,1,48,48
33,1,48,48
33,7,48,48
53,3,48,48
53,70,48,48
85,3,48,48
94,14,48,48
94,9,48,48
9,94,48,48
14,94,48,48
3,66,48,48
3,13,48,48
3,18,48,48
3,8,48,48
3,51,48,48
3,52,48,48
3,4,48,48
3,40,48,48
3,53,48,48
3,50,48,48
3,20,48,48
13,3,48,48
8,3,48,48
52,3,48,48
3,20,48,48
14,94,48,48
20,3,48,48
20,3,48,48
4,106,48,48
106,73,48,48
106,117,48,48
106,61,48,48
94,14,48,48
38,67,48,48
53,3,48,48
4,3,48,48
68,42,48,48
59,2,48,48
59,2,48,48
66,3,48,48
32,8,48,48
86,40,48,48
86,49,48,48
86,93,48,48
86,101,48,48
86,124,48,48
86,27,48,48
40,16,48,48
24,83,48,48
3,66,48,48
3,77,48,48
3,53,48,48
77,3,48,48
21,88,48,48
18,3,48,48
73,9,48,48
81,76,48,48
51,3,48,48
68,69,48,48
68,56,48,48
51,3,48,48
88,21,48,48
66,3,48,48
53,3,48,48
9,73,48,48
88,15,48,48
76,81,48,48
67,59,48,48
15,65,48,48
15,14,48,48
15,12,48,48
86,57,48,48
56,69,48,48
2,59,48,48
2,117,48,48
2,40,48,48
2,58,48,48
58,2,48,48
58,71,48,48
71,58,48,48
58,104,48,48
38,1,48,48
59,2,48,48
58,73,48,48
69,56,48,48
86,57,48,48
117,2,48,48
59,79,48,48
59,44,48,48
69,68,48,48
90,42,48,48
90,3,48,48
76,79,48,48
69,3,48,48
69,68,48,48
68,67,48,48
68,66,48,48
68,3,48,48
68,117,48,48
68,69,48,48
68,9,48,48
68,15,48,48
68,56,48,48
86,40,48,48
86,49,48,48
86,19,48,48
86,93,48,48
86,101,48,48
86,124,48,48
86,27,48,48
90,67,48,48
90,66,48,48
90,68,48,48
90,69,48,48
90,56,48,48
44,42,48,48
1,2,48,48
1,3,48,48
1,9,48,48
1,15,48,48
1,4,48,48
1,40,48,48
1,16,48,48
1,5,48,48
1,6,48,48
1,7,48,48
1,44,48,48
1,8,48,48
1,10,48,48
1,11,48,48
1,12,48,48
1,65,48,48
1,13,48,48
1,14,48,48
1,17,48,48
40,121,48,48
40,65,48,48
40,17,48,48
96,15,48,48
96,61,48,48
96,54,48,48
94,14,48,48
94,9,48,48
94,95,48,48
94,123,48,48
95,94,48,48
1,16,48,48
1,10,48,48
1,13,48,48
1,12,48,48
1,7,48,48
1,4,48,48
1,11,48,48
1,2,48,48
1,40,48,48
1,6,48,48
3,40,48,48
3,4,48,48
3,13,48,48
3,8,48,48
4,1,48,48
4,3,48,48
13,1,48,48
58,2,48,48
58,117,48,48
58,94,48,48
58,59,48,48
13,3,48,48
94,58,48,48
57,86,48,48
61,96,48,48
36,38,48,48
57,18,48,48
7,1,48,48
13,14,48,48
38,36,48,48
38,1,48,48
8,3,48,48
81,15,48,48
96,15,48,48
96,61,48,48
96,54,48,48
61,96,48,48
14,15,48,48
15,117,48,48
15,71,48,48
15,73,48,48
15,12,48,48
15,96,48,48
15,96,48,48
15,81,48,48
18,57,48,48
40,117,48,48
40,58,48,48
58,40,48,48
3,67,48,48
3,13,48,48
3,40,48,48
3,69,48,48
3,66,48,48
3,8,48,48
3,4,48,48
3,35,48,48
3,68,48,48
3,85,48,48
3,17,48,48
2,58,48,48
8,3,48,48
13,3,48,48
40,3,48,48
123,94,48,48
13,7,48,48
13,1,48,48
6,1,48,48
56,90,48,48
71,15,48,48
11,1,48,48
3,40,48,48
2,1,48,48
117,40,48,48
5,117,48,48
5,71,48,48
5,73,48,48
5,58,48,48
5,11,48,48
16,1,48,48
73,5,48,48
58,5,48,48
66,3,48,48
14,94,48,48
73,15,48,48
6,1,48,48
6,7,48,48
54,96,48,48
71,5,48,48
3,67,48,48
3,66,48,48
6,7,48,48
6,1,48,48
117,5,48,48
6,7,48,48
6,1,48,48
14,94,48,48
14,95,48,48
9,94,48,48
66,3,48,48
66,90,48,48
93,88,48,48
4,3,48,48
66,3,48,48
66,3,48,48
66,3,48,48
71,15,48,48
71,117,48,48
71,5,48,48
71,73,48,48
115,82,48,48
66,90,48,48
66,90,48,48
67,3,48,48
67,3,48,48
67,90,48,48
88,93,48,48
86,57,48,48
59,58,48,48
68,3,48,48
94,14,48,48
94,14,48,48
94,95,48,48
2,59,48,48
2,117,48,48
2,40,48,48
2,58,48,48
7,13,48,48
59,2,48,48
1,13,48,48
7,22,48,48
86,57,48,48
44,79,48,48
14,94,48,48
86,69,48,48
95,94,48,48
95,14,48,48
42,27,48,48
2,94,48,48
23,104,48,48
42,32,48,48
94,2,48,48
104,23,48,48
32,42,48,48
42,90,48,48
42,90,48,48
32,30,48,48
88,69,48,48
76,19,48,48
59,9,48,48
59,14,48,48
59,67,48,48
94,2,48,48
94,59,48,48
59,94,48,48
86,50,48,48
2,94,48,48
103,52,48,48
11,5,48,48
9,117,48,48
9,117,48,48
14,94,48,48
68,90,48,48
94,14,48,48
58,2,48,48
13,8,48,48
58,94,48,48
58,2,48,48
58,59,48,48
58,117,48,48
2,58,48,48
104,58,48,48
94,58,48,48
104,58,48,48
104,58,48,48
58,104,48,48
38,14,48,48
38,65,48,48
38,17,48,48
68,47,48,48
86,57,48,48
59,58,48,48
38,36,48,48
71,5,48,48
71,15,48,48
71,73,48,48
71,117,48,48
58,104,48,48
58,104,48,48
94,59,48,48
94,2,48,48
5,117,48,48
5,15,48,48
5,83,48,48
59,94,48,48
2,94,48,48
40,69,48,48
40,68,48,48
40,76,48,48
38,27,48,48
71,69,48,48
59,56,48,48
59,86,48,48
59,89,48,48
59,48,48,48
59,76,48,48
59,68,48,48
59,69,48,48
59,85,48,48
59,84,48,48
59,88,48,48
59,47,48,48
59,94,48,48
59,2,48,48
47,68,48,48
47,59,48,48
71,58,48,48
27,42,48,48
90,42,48,48
90,42,48,48
59,47,48,48
71,58,48,48
32,7,48,48
32,26,48,48
32,24,48,48
67,59,48,48
115,67,48,48
80,67,48,48
67,115,48,48
67,80,48,48
15,9,48,48
15,66,48,48
15,5,48,48
9,15,48,48
68,47,48,48
37,38,48,48
38,36,48,48
32,26,48,48
32,24,48,48
117,58,48,48
117,2,48,48
40,3,48,48
40,8,48,48
86,53,48,48
58,121,48,48
106,117,48,48
106,73,48,48
106,61,48,48
151,79,48,48
66,15,48,48
3,40,48,48
9,67,48,48
9,66,48,48
14,13,48,48
14,13,48,48
14,31,48,48
2,117,48,48
2,59,48,48
2,40,48,48
2,58,48,48
40,117,48,48
20,51,48,48
38,26,48,48
13,14,48,48
67,9,48,48
13,14,48,48
13,14,48,48
13,14,48,48
14,13,48,48
8,40,48,48
14,13,48,48
14,13,48,48
13,14,48,48
86,19,48,48
59,2,48,48
14,13,48,48
51,20,48,48
66,9,48,48
53,4,48,48
88,86,48,48
88,89,48,48
10,1,48,48
58,2,48,48
88,15,48,48
117,5,48,48
117,58,48,48
53,70,48,48
53,75,48,48
54,15,48,48
53,86,48,48
86,53,48,48
54,73,48,48
54,96,48,48
82,86,48,48
82,40,48,48
82,49,48,48
13,14,48,48
88,15,48,48
7,8,48,48
8,7,48,48
73,54,48,48
117,5,48,48
117,58,48,48
117,58,48,48
117,9,48,48
117,9,48,48
117,15,48,48
117,2,48,48
15,88,48,48
15,54,48,48
88,15,48,48
53,4,48,48
53,70,48,48
53,3,48,48
3,40,48,48
3,13,48,48
3,53,48,48
3,53,48,48
9,67,48,48
9,66,48,48
3,48,48,48
3,40,48,48
3,53,48,48
3,13,48,48
3,4,48,48
3,35,48,48
67,9,48,48
83,26,48,48
83,24,48,48
53,3,48,48
53,3,48,48
83,15,48,48
83,5,48,48
53,4,48,48
53,70,48,48
53,3,48,48
32,66,48,48
15,83,48,48
66,9,48,48
69,53,48,48
13,3,48,48
13,3,48,48
13,14,49,49
31,14,49,49
31,25,49,49
96,54,49,49
96,15,49,49
96,12,49,49
54,96,49,49
4,3,49,49
4,53,49,49
4,58,49,49
54,33,49,49
24,83,49,49
14,13,49,49
13,14,49,49
13,14,49,49
14,13,49,49
33,54,49,49
5,83,49,49
14,13,49,49
42,22,49,49
42,59,49,49
42,44,49,49
58,4,49,49
13,14,49,49
42,90,49,49
70,53,49,49
70,53,49,49
70,53,49,49
42,22,49,49
73,117,49,49
73,9,49,49
73,14,49,49
73,65,49,49
58,117,49,49
58,2,49,49
58,59,49,49
58,94,49,49
81,15,49,49
15,96,49,49
2,58,49,49
15,81,49,49
14,73,49,49
70,48,49,49
70,68,49,49
59,42,49,49
59,58,49,49
70,68,49,49
70,48,49,49
44,42,49,49
3,4,49,49
3,17,49,49
3,66,49,49
3,67,49,49
3,8,49,49
3,13,49,49
3,40,49,49
3,68,49,49
3,85,49,49
3,69,49,49
3,35,49,49
17,1,49,49
17,3,49,49
17,3,49,49
17,4,49,49
17,3,49,49
17,3,49,49
17,1,49,49
17,3,49,49
17,3,49,49
17,3,49,49
17,1,49,49
17,3,49,49
17,3,49,49
17,3,49,49
17,3,49,49
96,15,49,49
96,54,49,49
26,27,49,49
50,86,49,49
121,58,49,49
121,40,49,49
66,3,49,49
13,3,49,49
15,96,49,49
26,24,49,49
65,73,49,49
24,26,49,49
70,53,49,49
66,27,49,49
65,15,49,49
65,11,49,49
65,1,49,49
42,63,49,49
65,74,49,49
65,1,49,49
65,74,49,49
65,94,49,49
65,73,49,49
26,24,49,49
65,44,49,49
65,95,49,49
65,112,49,49
65,79,49,49
65,94,49,49
94,58,49,49
94,65,49,49
9,73,49,49
53,70,49,49
14,7,49,49
7,14,49,49
71,42,49,49
44,65,49,49
26,83,49,49
58,121,49,49
71,74,49,49
12,1,49,49
12,96,49,49
12,15,49,49
12,1,49,49
12,15,49,49
12,1,49,49
12,96,49,49
12,1,49,49
12,96,49,49
12,15,49,49
12,96,49,49
12,96,49,49
12,96,49,49
12,96,49,49
13,38,49,49
87,34,49,49
53,69,49,49
59,69,49,49
59,56,49,49
59,86,49,49
59,88,49,49
59,68,49,49
59,85,49,49
59,84,49,49
59,89,49,49
59,48,49,49
59,76,49,49
59,47,49,49
59,94,49,49
59,2,49,49
47,59,49,49
86,50,49,49
54,96,49,49
63,50,49,49
70,53,49,49
66,24,49,49
24,66,49,49
58,4,49,49
54,83,49,49
54,5,49,49
54,15,49,49
68,70,49,49
68,70,49,49
5,54,49,49
5,11,49,49
24,31,49,49
24,26,49,49
26,83,49,49
26,24,49,49
71,104,49,49
71,1,49,49
48,81,49,49
48,18,49,49
11,5,49,49
1,71,49,49
1,104,49,49
1,7,49,49
7,1,49,49
40,50,49,49
79,65,49,49
65,79,49,49
48,3,49,49
53,3,49,49
71,1,49,49
71,104,49,49
68,56,49,49
68,69,49,49
68,3,49,49
42,71,49,49
4,58,49,49
104,44,49,49
4,3,49,49
31,24,49,49
34,24,49,49
6,106,49,49
6,106,49,49
34,23,49,49
23,34,49,49
24,34,49,49
31,26,49,49
31,24,49,49
81,57,49,49
33,54,49,49
57,81,49,49
54,33,49,49
54,50,49,49
54,96,49,49
79,65,49,49
58,13,49,49
57,55,49,49
14,13,49,49
15,54,49,49
44,104,49,49
90,9,49,49
9,90,49,49
13,14,49,49
38,1,49,49
71,42,49,49
71,117,49,49
71,15,49,49
71,73,49,49
71,5,49,49
96,54,49,49
13,14,49,49
117,58,49,49
128,3,49,49
14,13,49,49
117,73,49,49
14,13,49,49
31,42,49,49
31,63,49,49
4,53,49,49
13,14,49,49
13,14,49,49
128,3,49,49
128,3,49,49
12,31,49,49
12,25,49,49
31,12,49,49
14,13,49,49
43,56,49,49
128,3,49,49
56,43,49,49
14,13,49,49
13,14,49,49
13,20,49,49
4,53,49,49
3,53,49,49
53,70,49,49
53,4,49,49
38,1,49,49
55,57,49,49
4,53,49,49
95,65,49,49
14,13,49,49
27,77,49,49
4,70,49,49
48,70,49,49
43,42,49,49
70,4,49,49
43,42,49,49
43,45,49,49
43,79,49,49
43,79,49,49
13,14,49,49
30,7,49,49
30,32,49,49
7,30,49,49
13,14,49,49
14,13,49,49
79,43,49,49
1,38,49,49
32,30,49,49
77,27,49,49
73,117,49,49
73,9,49,49
73,14,49,49
73,65,49,49
14,73,49,49
67,3,49,49
85,3,49,49
38,36,49,49
80,67,49,49
50,86,49,49
77,27,49,49
77,3,49,49
86,50,49,49
9,73,49,49
29,7,49,49
83,63,49,49
7,29,49,49
43,82,49,49
68,66,49,49
38,13,49,49
38,36,49,49
30,15,49,49
30,54,49,49
30,33,49,49
77,27,49,49
30,3,49,49
30,8,49,49
30,17,49,49
30,3,49,49
30,17,49,49
30,20,49,49
30,13,49,49
3,30,49,49
3,30,49,49
81,86,49,49
81,50,49,49
86,81,49,49
43,42,49,49
43,81,49,49
43,29,49,49
14,13,49,49
30,33,49,49
30,15,49,49
30,54,49,49
30,5,49,49
50,86,49,49
50,70,49,49
50,40,49,49
43,63,49,49
81,43,49,49
30,39,49,49
43,42,49,49
86,50,49,49
17,30,49,49
63,83,49,49
17,30,49,49
30,13,49,49
76,19,49,49
29,43,49,49
70,50,49,49
69,3,49,49
69,81,49,49
69,27,49,49
2,59,49,49
2,117,49,49
2,40,49,49
2,58,49,49
77,27,49,49
58,2,49,49
59,2,49,49
13,14,49,49
13,14,49,49
14,13,49,49
14,13,49,49
13,38,49,49
13,14,49,49
13,14,49,49
3,50,49,49
3,8,49,49
3,41,49,49
41,3,49,49
40,48,49,49
42,43,49,49
48,40,49,49
5,30,49,49
14,13,49,49
42,43,49,49
42,43,49,49
76,40,49,49
76,75,49,49
15,30,49,49
67,80,49,49
117,2,49,49
65,73,49,49
40,82,49,49
82,40,49,49
70,50,49,49
21,86,49,49
50,81,49,49
50,86,49,49
15,30,49,49
20,30,49,49
48,68,49,49
117,73,49,49
77,66,49,49
77,3,49,49
86,50,49,49
86,21,49,49
117,13,49,49
117,40,49,49
58,4,49,49
59,2,49,49
33,30,49,49
33,30,49,49
68,48,49,49
3,77,49,49
117,13,49,49
117,40,49,49
70,53,49,49
106,73,49,49
106,61,49,49
106,117,49,49
15,88,49,49
50,47,49,49
47,50,49,49
59,95,49,49
59,123,49,49
50,48,49,49
4,58,49,49
68,48,49,49
80,66,49,49
59,58,49,49
59,38,49,49
59,117,49,49
86,19,49,49
66,80,49,49
26,117,49,49
26,117,49,49
88,15,49,49
73,1,49,49
117,73,49,49
1,73,49,49
85,3,49,49
58,121,49,49
73,117,49,49
117,73,49,49
73,71,49,49
58,59,49,49
58,2,49,49
58,94,49,49
58,117,49,49
2,58,49,49
53,4,49,49
59,58,49,49
71,73,49,49
53,3,49,49
3,53,49,49
53,70,49,49
76,53,49,49
88,54,49,49
88,15,49,49
104,1,49,49
80,85,49,49
80,90,49,49
85,80,49,49
3,77,49,49
3,66,49,49
50,70,49,49
86,40,49,49
54,30,49,49
54,30,49,49
70,50,49,49
53,76,49,49
76,53,49,49
90,80,49,49
48,68,49,49
79,43,49,49
40,86,49,49
13,30,49,49
13,30,49,49
35,3,49,49
35,3,49,49
35,3,49,49
35,3,49,49
35,3,49,49
35,3,49,49
35,3,49,49
40,16,49,49
96,15,49,49
96,54,49,49
96,12,49,49
121,58,49,49
16,40,49,49
121,58,49,49
27,81,49,49
31,25,49,49
94,58,49,49
94,14,49,49
94,65,49,49
1,10,49,49
1,14,49,49
1,5,49,49
1,65,49,49
1,6,49,49
1,44,49,49
1,9,49,49
1,8,49,49
1,13,49,49
1,12,49,49
1,15,49,49
1,7,49,49
1,3,49,49
1,17,49,49
1,4,49,49
1,11,49,49
1,16,49,49
1,2,49,49
1,40,49,49
4,1,49,49
17,1,49,49
8,1,49,49
3,1,49,49
8,3,49,49
8,3,49,49
8,30,49,49
5,1,49,49
48,50,49,49
40,3,49,49
65,1,49,49
3,40,49,49
3,13,49,49
3,8,49,49
3,35,49,49
3,4,49,49
8,3,49,49
65,94,49,49
65,94,49,49
12,1,49,49
12,96,49,49
94,65,49,49
7,1,49,49
8,1,49,49
8,7,49,49
1,8,49,49
3,8,49,49
3,69,49,49
3,66,49,49
3,67,49,49
3,13,49,49
3,4,49,49
3,40,49,49
3,35,49,49
3,68,49,49
3,85,49,49
3,17,49,49
7,8,49,49
8,3,49,49
17,3,49,49
11,1,49,49
11,5,49,49
94,69,49,49
94,56,49,49
94,88,49,49
94,76,49,49
94,86,49,49
94,48,49,49
94,68,49,49
94,85,49,49
94,47,49,49
47,94,49,49
96,15,49,49
96,54,49,49
15,27,49,49
2,1,49,49
6,1,49,49
94,65,49,49
13,1,49,49
13,3,49,49
65,94,49,49
13,3,49,49
65,94,49,49
44,1,49,49
16,1,49,49
66,3,49,49
5,11,49,49
31,25,49,49
48,94,49,49
58,83,49,49
58,33,49,49
58,95,49,49
58,23,49,49
58,29,49,49
58,104,49,49
58,46,49,49
58,4,49,49
104,58,49,49
10,1,49,49
67,3,49,49
56,94,49,49
23,58,49,49
4,3,49,49
4,13,49,49
4,35,49,49
53,4,49,49
53,35,49,49
53,70,49,49
23,58,49,49
23,81,49,49
23,42,49,49
23,33,49,49
23,29,49,49
23,21,49,49
23,93,49,49
23,22,49,49
23,98,49,49
23,56,49,49
23,57,49,49
23,83,49,49
23,103,49,49
23,48,49,49
23,45,49,49
23,86,49,49
23,112,49,49
23,90,49,49
23,94,49,49
57,23,49,49
98,23,49,49
2,58,49,49
56,23,49,49
93,23,49,49
57,23,49,49
57,107,49,49
57,108,49,49
22,43,49,49
22,93,49,49
22,98,49,49
22,58,49,49
22,151,49,49
22,45,49,49
22,23,49,49
22,94,49,49
22,42,49,49
22,95,49,49
22,20,49,49
22,33,49,49
22,7,49,49
22,29,49,49
22,63,49,49
22,2,49,49
22,6,49,49
22,105,49,49
71,74,49,49
57,18,49,49
57,93,49,49
2,22,49,49
93,57,49,49
15,1,49,49
15,96,49,49
15,96,49,49
105,22,49,49
57,101,49,49
93,22,49,49
57,104,49,49
104,57,49,49
57,112,49,49
58,2,49,49
98,43,49,49
98,93,49,49
98,22,49,49
98,42,49,49
98,95,49,49
98,20,49,49
98,33,49,49
98,7,49,49
98,89,49,49
98,151,49,49
98,29,49,49
98,63,49,49
98,2,49,49
98,6,49,49
98,74,49,49
98,23,49,49
98,46,49,49
98,115,49,49
98,34,49,49
98,82,49,49
98,21,49,49
58,2,49,49
93,98,49,49
2,58,49,49
74,98,49,49
104,2,49,49
104,74,49,49
104,123,49,49
104,87,49,49
104,22,49,49
104,31,49,49
104,79,49,49
104,10,49,49
104,94,49,49
23,98,49,49
2,104,49,49
53,70,49,49
53,4,49,49
53,35,49,49
123,104,49,49
87,104,49,49
89,98,49,49
7,98,49,49
115,98,49,49
88,94,49,49
43,98,49,49
43,22,49,49
93,86,49,49
86,93,49,49
13,1,49,49
13,7,49,49
86,93,49,49
29,58,49,49
29,23,49,49
29,22,49,49
29,98,49,49
86,40,49,49
14,13,49,49
86,23,49,49
33,98,49,49
33,58,49,49
33,23,49,49
3,40,49,49
86,94,49,49
13,14,49,49
68,3,49,49
68,48,49,49
68,94,49,49
76,94,49,49
63,22,49,49
13,1,49,49
13,7,49,49
63,98,49,49
38,36,49,49
20,98,49,49
16,1,49,49
1,16,49,49
117,58,49,49
54,96,49,49
54,96,49,49
69,94,49,49
7,22,49,49
6,98,49,49
21,98,49,49
95,58,49,49
46,98,49,49
95,22,49,49
66,3,49,49
95,98,49,49
21,23,49,49
10,104,49,49
6,98,49,49
6,106,49,49
6,50,49,49
6,57,49,49
6,43,49,49
6,93,49,49
6,49,49,49
6,109,49,49
6,20,49,49
6,101,49,49
54,88,49,49
54,15,49,49
54,96,49,49
6,22,49,49
98,6,49,49
15,54,49,49
57,6,49,49
4,3,49,49
4,3,49,49
57,6,49,49
53,4,49,49
53,40,49,49
4,58,49,49
21,43,49,49
21,98,49,49
21,88,49,49
21,70,49,49
21,75,49,49
21,7,49,49
21,82,49,49
21,89,49,49
21,151,49,49
21,23,49,49
21,10,49,49
7,21,49,49
23,21,49,49
4,58,49,49
4,53,49,49
7,13,49,49
6,57,49,49
4,53,49,49
5,54,49,49
66,77,49,49
54,5,49,49
98,21,49,49
34,98,49,49
70,53,49,49
70,21,49,49
89,21,49,49
98,22,49,49
70,53,49,49
38,36,49,49
38,37,49,49
43,21,49,49
59,56,49,49
59,86,49,49
59,84,49,49
59,89,49,49
59,88,49,49
59,68,49,49
59,69,49,49
59,85,49,49
59,48,49,49
59,76,49,49
59,47,49,49
59,94,49,49
59,2,49,49
43,6,49,49
74,104,49,49
59,38,49,49
59,117,49,49
59,36,49,49
59,58,49,49
59,94,49,49
59,2,49,49
27,15,49,49
31,104,49,49
106,6,49,49
76,53,49,49
42,22,49,49
56,55,49,49
56,18,49,49
42,98,49,49
49,6,49,49
42,23,49,49
54,88,49,49
54,15,49,49
54,96,49,49
54,29,49,49
54,119,49,49
54,120,49,49
54,56,49,49
56,54,49,49
82,21,49,49
15,1,49,49
15,7,49,49
58,4,49,49
15,54,49,49
96,54,49,49
96,54,49,49
68,48,49,49
58,23,49,49
58,22,49,49
106,58,49,49
106,73,49,49
106,130,49,49
58,106,49,49
68,50,49,49
81,43,49,49
29,54,49,49
53,76,49,49
76,53,49,49
65,9,49,49
65,14,49,49
55,56,49,49
13,7,49,49
9,65,49,49
6,106,49,49
6,106,49,49
6,106,49,49
94,65,49,49
94,23,49,49
94,23,49,49
94,10,49,49
94,112,49,49
94,20,49,49
94,95,49,49
94,2,49,49
94,59,49,49
94,98,49,49
94,22,49,49
66,77,49,49
2,94,49,49
2,94,49,49
2,23,49,49
2,10,49,49
2,112,49,49
2,20,49,49
2,95,49,49
2,59,49,49
2,98,49,49
2,22,49,49
23,2,49,49
73,106,49,49
14,13,49,49
10,21,49,49
13,30,49,49
13,32,49,49
13,7,49,49
10,2,49,49
7,15,49,49
32,13,49,49
39,30,49,49
10,94,49,49
94,65,49,49
94,14,49,49
65,94,49,49
76,69,49,49
32,13,49,49
32,7,49,49
98,2,49,49
39,29,49,49
98,94,49,49
13,32,49,49
13,7,49,49
13,1,49,49
76,69,49,49
13,14,49,49
76,69,49,49
13,14,49,49
14,13,49,49
14,13,49,49
7,13,49,49
7,32,49,49
13,14,49,49
43,81,49,49
94,69,49,49
94,2,49,49
76,69,49,49
1,15,49,49
71,15,49,49
71,117,49,49
71,73,49,49
71,5,49,49
77,66,49,49
86,19,49,49
48,23,49,49
95,94,49,49
95,2,49,49
88,54,49,49
86,19,49,49
88,54,49,49
88,21,49,49
23,94,49,49
23,22,49,49
23,57,49,49
81,69,49,49
81,27,49,49
59,94,49,49
29,7,49,49
7,29,49,49
30,13,49,49
59,2,49,49
30,13,49,49
81,43,49,49
13,30,49,49
29,39,49,49
2,117,49,49
2,59,49,49
2,40,49,49
2,58,49,49
19,93,49,49
59,2,49,49
90,23,49,49
90,23,49,49
23,90,49,49
76,69,49,49
58,2,49,49
88,54,49,49
88,12,49,49
88,15,49,49
23,90,49,49
56,15,49,49
36,38,49,49
71,58,49,49
4,53,49,49
54,96,49,49
59,65,49,49
81,50,49,49
77,26,49,49
77,3,49,49
77,15,49,49
77,39,49,49
77,66,49,49
94,20,49,49
20,22,49,49
20,94,49,49
20,2,49,49
20,6,49,49
20,94,49,49
43,81,49,49
82,98,49,49
38,67,49,49
69,40,49,49
4,106,49,49
4,58,49,49
68,50,49,49
96,54,49,49
85,3,49,49
85,94,49,49
6,106,49,49
82,6,49,49
82,49,49,49
82,40,49,49
82,70,49,49
82,101,49,49
82,19,49,49
15,56,49,49
26,77,49,49
6,82,49,49
13,17,49,49
77,26,49,49
3,13,49,49
3,8,49,49
3,35,49,49
3,51,49,49
3,53,49,49
3,102,49,49
13,3,49,49
27,81,49,49
70,82,49,49
79,104,49,49
3,13,49,49
3,77,49,49
3,8,49,49
3,51,49,49
3,52,49,49
3,35,49,49
52,3,49,49
13,3,49,49
40,8,49,49
53,3,49,49
20,94,49,49
8,40,49,49
94,20,49,49
3,53,49,49
53,3,49,49
53,3,49,49
73,1,49,49
8,3,49,49
1,73,49,49
8,3,49,49
15,56,49,49
14,13,49,49
56,15,49,49
117,2,49,49
8,13,49,49
12,15,49,49
3,53,49,49
15,12,49,49
57,18,49,49
94,14,49,49
94,65,49,49
94,9,49,49
90,23,49,49
43,79,49,49
9,94,49,49
21,88,49,49
44,9,49,49
9,44,49,49
88,21,49,49
27,66,49,49
27,3,49,49
27,15,49,49
27,26,49,49
27,62,49,49
27,39,49,49
27,13,49,49
27,40,49,49
27,8,49,49
27,5,49,49
3,27,49,49
38,36,49,49
49,82,49,49
13,27,49,49
13,8,49,49
13,14,49,49
3,18,49,49
3,51,49,49
3,52,49,49
3,50,49,49
3,53,49,49
3,4,49,49
3,35,49,49
52,3,49,49
13,14,49,49
94,83,49,49
94,32,49,49
94,23,49,49
94,30,49,49
53,3,49,49
14,13,49,49
23,94,49,49
32,94,49,49
23,94,49,49
5,27,49,49
40,69,49,49
40,3,49,49
40,86,49,49
40,76,49,49
40,8,49,49
86,40,49,49
90,21,49,49
76,40,49,49
26,27,49,49
39,77,49,49
39,27,49,49
94,23,49,49
83,54,49,49
54,83,49,49
54,83,49,49
83,54,49,49
3,40,49,49
21,90,49,49
54,83,49,49
30,94,49,49
70,53,49,49
15,27,49,49
3,13,49,49
3,40,49,49
13,3,49,49
54,83,49,49
40,3,49,49
3,40,49,49
4,3,49,49
44,21,49,49
33,22,49,49
21,44,49,49
26,32,49,49
15,77,49,49
107,57,49,49
79,43,49,49
8,40,49,49
8,27,49,49
50,68,49,49
69,86,49,49
81,41,49,49
38,37,49,49
50,81,49,49
69,40,49,49
69,57,49,49
58,4,49,49
2,68,49,49
36,38,49,49
2,69,49,49
29,42,49,49
29,58,49,49
68,59,49,49
68,67,49,49
68,50,49,49
86,40,49,49
42,29,49,49
9,67,49,49
9,1,49,49
67,9,49,49
85,48,49,49
12,117,49,49
12,58,49,49
117,61,49,49
117,61,49,49
37,38,49,49
38,37,49,49
38,36,49,49
37,38,49,49
69,56,49,49
68,2,49,49
48,85,49,49
117,61,49,49
117,61,49,49
48,50,49,49
50,48,49,49
53,70,49,49
85,48,49,49
117,61,49,49
69,76,49,49
117,61,49,49
53,70,49,49
53,35,49,49
69,66,49,49
69,86,49,49
69,3,49,49
117,15,49,49
117,58,49,49
117,58,49,49
117,12,49,49
143,80,49,49
139,57,49,49
143,80,49,49
134,1,49,49
57,69,49,49
4,58,49,49
26,45,49,49
96,15,49,49
96,54,49,49
96,12,49,49
75,53,49,49
40,86,49,49
75,21,49,49
4,58,49,49
4,13,49,49
4,35,49,49
54,96,49,49
31,25,49,49
58,12,49,49
58,29,49,49
95,44,49,49
58,54,49,49
58,33,49,49
58,83,49,49
58,4,49,49
54,58,49,49
54,58,49,49
58,54,49,49
15,96,49,49
24,60,49,49
93,19,49,49
40,3,49,49
40,8,49,49
40,13,49,49
93,6,49,49
93,86,49,49
3,40,49,49
3,50,49,49
3,8,49,49
3,18,49,49
60,24,49,49
50,76,49,49
40,69,49,49
33,58,49,49
33,21,49,49
13,4,49,49
44,95,49,49
65,94,49,49
8,3,49,49
96,15,49,49
96,54,49,49
54,96,49,49
8,40,49,49
13,40,49,49
36,38,49,49
3,67,49,49
3,8,49,49
3,13,49,49
3,40,49,49
3,4,49,49
3,35,49,49
3,66,49,49
3,68,49,49
3,69,49,49
3,85,49,49
3,17,49,49
13,3,49,49
36,37,49,49
66,3,49,49
24,83,49,49
24,30,49,49
37,36,49,49
3,69,49,49
3,66,49,49
3,8,49,49
3,50,49,49
3,18,49,49
3,55,49,49
3,52,49,49
52,3,49,49
21,33,49,49
15,117,49,49
70,53,49,49
93,86,49,49
15,96,49,49
24,83,49,49
24,30,49,49
8,3,49,49
8,3,49,49
115,80,49,49
48,40,49,49
67,3,49,49
115,67,49,49
67,115,49,49
67,66,49,49
55,3,49,49
50,70,49,49
48,70,49,49
30,24,49,49
76,19,49,49
30,24,49,49
32,83,49,49
32,51,49,49
73,58,49,49
48,50,49,49
73,58,49,49
15,33,49,49
44,21,49,49
77,66,49,49
33,15,49,49
66,3,49,49
77,39,49,49
56,2,49,49
77,15,49,49
76,40,49,49
2,56,49,49
77,3,49,49
80,90,49,49
68,2,49,49
68,3,49,49
69,57,49,49
17,15,49,49
17,56,49,49
17,54,49,49
10,7,49,49
7,10,49,49
94,65,49,49
94,14,49,49
4,3,49,49
56,17,49,49
2,59,49,49
2,117,49,49
2,40,49,49
2,58,49,49
86,93,49,49
59,2,49,49
86,93,49,49
26,24,49,49
117,2,49,49
117,15,49,49
38,37,49,49
65,94,49,49
86,93,49,49
37,38,49,49
86,40,49,49
68,48,49,49
76,50,49,49
58,2,49,49
76,40,49,49
15,17,49,49
58,73,49,49
58,73,49,49
21,33,49,49
77,115,49,49
58,2,49,49
58,94,49,49
58,59,49,49
58,117,49,49
94,58,49,49
72,117,49,49
71,15,49,49
71,73,49,49
71,5,49,49
71,117,49,49
51,3,49,49
51,3,49,49
77,66,49,49
51,3,49,49
69,2,49,49
51,32,49,49
59,58,49,49
48,85,49,49
65,9,49,49
65,14,49,49
72,117,49,49
48,85,49,49
54,17,49,49
115,151,49,49
21,86,49,49
86,21,49,49
94,14,49,49
94,65,49,49
33,21,49,49
117,58,49,49
40,76,49,49
76,40,49,49
59,95,49,49
40,8,49,49
40,41,49,49
40,16,49,49
40,3,49,49
9,65,49,49
14,13,49,49
8,40,49,49
35,4,49,49
35,3,49,49
35,53,49,49
35,53,49,49
35,53,49,49
35,3,49,49
3,40,49,49
35,3,49,49
59,95,49,49
65,94,49,49
13,14,49,49
13,14,49,49
65,94,49,49
2,58,49,49
70,50,49,49
41,40,49,49
58,4,49,49
58,35,49,49
75,50,49,49
38,26,49,49
93,86,49,49
86,93,49,49
77,66,49,49
4,106,49,49
4,58,49,49
67,68,49,49
67,85,49,49
16,40,49,49
14,13,49,49
14,13,49,49
106,58,49,49
50,68,49,49
68,50,49,49
50,76,49,49
58,106,49,49
13,14,49,49
13,14,49,49
76,50,49,49
1,88,49,49
76,50,49,49
14,13,49,49
14,13,49,49
76,50,49,49
88,1,49,49
13,14,49,49
50,76,49,49
69,57,49,49
76,50,49,49
76,50,49,49
85,48,49,49
85,3,49,49
50,76,49,49
76,50,49,49
50,86,49,49
26,149,49,49
1,38,49,49
4,58,49,49
38,1,49,49
76,53,49,49
86,50,49,49
14,44,49,49
44,14,49,49
21,88,49,49
76,40,49,49
68,48,49,49
86,50,49,49
88,21,49,49
88,15,49,49
15,88,49,49
50,41,49,49
50,27,49,49
50,93,49,49
50,101,49,49
50,124,49,49
124,50,49,49
88,15,49,49
81,43,49,49
94,65,49,49
93,50,49,49
58,4,49,49
94,65,49,49
94,14,49,49
50,52,49,49
40,76,49,49
40,8,49,49
50,75,49,49
52,50,49,49
38,1,49,49
38,37,49,49
53,76,49,49
75,50,49,49
139,57,49,49
83,77,49,49
76,53,49,49
8,40,49,49
76,40,49,49
76,40,49,49
27,68,49,49
27,81,49,49
27,15,49,49
27,8,49,49
27,50,49,49
27,39,49,49
27,50,49,49
83,90,49,49
15,27,49,49
69,68,49,49
59,80,49,49
15,54,49,49
76,50,49,49
68,94,49,49
59,9,49,49
8,27,49,49
94,68,49,49
43,81,49,49
71,58,49,49
68,94,49,49
86,40,49,49
37,38,49,49
68,27,49,49
12,96,49,49
117,59,49,49
145,68,49,49
140,122,49,49
54,15,49,49
141,104,49,49
145,68,49,49
90,83,49,49
90,83,49,49
90,80,49,49
145,68,49,49
140,122,49,49
109,18,49,49
109,6,49,49
109,57,49,49
140,122,49,49
139,57,49,49
139,57,49,49
139,57,49,49
145,68,49,49
40,16,49,49
40,8,49,49
40,41,49,49
40,78,49,49
35,58,49,49
40,76,49,49
40,41,49,49
40,16,49,49
40,8,49,49
11,65,49,49
11,14,49,49
11,15,49,49
83,90,49,49
16,40,49,49
14,13,49,49
4,58,49,49
14,11,49,49
1,8,49,49
58,4,49,49
8,1,49,49
8,40,49,49
8,40,49,49
39,27,49,49
31,25,49,49
8,40,49,49
17,3,49,49
81,27,49,49
34,18,49,49
58,59,49,49
58,94,49,49
58,2,49,49
58,117,49,49
13,14,49,49
15,11,49,49
13,14,49,49
14,13,49,49
14,13,49,49
40,86,49,49
13,14,49,49
13,14,49,49
14,13,49,49
40,3,49,49
40,8,49,49
40,13,49,49
40,117,49,49
3,40,49,49
8,40,49,49
2,58,49,49
14,13,49,49
94,58,49,49
13,14,49,49
13,14,49,49
13,40,49,49
14,13,49,49
14,13,49,49
13,14,49,49
13,14,49,49
14,13,49,49
14,13,49,49
13,14,49,49
3,67,49,49
3,13,49,49
3,68,49,49
3,85,49,49
3,66,49,49
3,8,49,49
3,4,49,49
3,40,49,49
3,35,49,49
3,69,49,49
3,17,49,49
13,3,49,49
8,3,49,49
17,3,49,49
83,34,49,49
96,15,49,49
96,54,49,49
96,12,49,49
12,96,49,49
94,68,49,49
94,48,49,49
94,47,49,49
94,56,49,49
94,76,49,49
94,88,49,49
94,86,49,49
94,85,49,49
94,69,49,49
94,65,49,49
94,14,49,49
96,15,49,49
96,54,49,49
48,94,49,49
14,13,49,49
66,3,49,49
54,96,49,49
4,3,49,49
67,3,49,49
88,94,49,49
54,96,49,49
56,94,49,49
39,15,49,49
39,68,49,49
39,8,49,49
39,50,49,49
39,81,49,49
39,27,49,49
34,83,49,49
15,96,49,49
15,96,49,49
58,4,49,49
58,35,49,49
14,13,49,49
59,58,49,49
13,14,49,49
13,14,49,49
13,14,49,49
14,13,49,49
13,14,49,49
14,13,49,49
14,13,49,49
13,14,49,49
13,14,49,49
14,13,49,49
65,94,49,49
4,58,49,49
65,94,49,49
14,13,49,49
65,94,49,49
65,11,49,49
70,53,49,49
13,14,49,49
13,14,49,49
14,13,49,49
14,13,49,49
13,14,49,49
13,14,49,49
66,67,49,49
14,13,49,49
79,112,49,49
67,66,49,49
117,40,49,49
117,58,49,49
2,59,49,49
2,117,49,49
2,40,49,49
2,58,49,49
59,2,49,49
112,79,49,49
117,2,49,49
94,65,49,49
17,56,49,49
17,15,49,49
17,54,49,49
56,17,49,49
76,94,49,49
35,58,49,49
56,88,49,49
59,95,49,49
88,56,49,49
59,117,49,49
86,40,49,49
86,94,49,49
54,17,49,49
59,68,49,49
59,69,49,49
59,56,49,49
59,84,49,49
59,94,49,49
59,85,49,49
59,86,49,49
59,89,49,49
59,48,49,49
59,76,49,49
59,88,49,49
59,47,49,49
59,2,49,49
33,15,49,49
76,40,49,49
86,19,49,49
108,57,49,49
35,3,49,49
76,69,49,49
56,9,49,49
9,56,49,49
42,68,49,49
104,94,49,49
44,42,49,49
94,104,49,49
80,27,49,49
8,39,49,49
13,14,49,49
14,13,49,49
14,13,49,49
13,14,49,49
13,14,49,49
14,13,49,49
14,13,49,49
13,14,49,49
13,14,49,49
14,13,49,49
14,13,49,49
42,44,49,49
15,39,49,49
15,33,49,49
15,17,49,49
13,35,49,49
35,3,49,49
35,106,49,49
35,58,49,49
77,83,49,49
58,35,49,49
106,35,49,49
13,14,49,49
13,14,49,49
14,13,49,49
14,13,49,49
42,14,49,49
42,9,49,49
13,14,49,49
77,83,49,49
13,14,49,49
14,13,49,49
75,50,49,49
27,80,49,49
68,39,49,49
27,39,49,49
76,81,49,49
41,81,49,49
41,40,49,49
14,13,49,49
56,117,49,49
77,66,49,49
71,56,49,49
13,14,49,49
75,50,49,49
13,14,49,49
9,44,49,49
44,9,49,49
90,69,49,49
68,42,49,49
90,77,49,49
85,3,49,49
85,94,49,49
38,37,49,49
38,1,49,49
38,36,49,49
85,48,49,49
48,85,49,49
76,50,49,49
68,50,49,49
138,47,49,49
77,90,49,49
14,13,49,49
56,68,49,49
68,56,49,49
77,60,49,49
77,83,49,49
68,3,49,49
68,94,49,49
81,50,49,49
57,69,49,49
138,47,49,49
69,57,49,49
148,84,49,49
56,69,49,49
57,110,49,49
57,107,49,49
57,109,49,49
77,90,49,49
14,13,49,49
58,2,49,49
90,77,49,49
58,121,49,49
77,90,49,49
13,14,49,49
13,14,49,49
43,42,49,49
43,79,49,49
43,42,49,49
43,79,49,49
43,45,49,49
14,13,49,49
32,26,49,49
32,24,49,49
32,149,49,49
150,36,49,49
24,32,49,49
32,149,49,49
149,32,49,49
149,32,49,49
30,29,49,49
53,70,49,49
26,32,49,49
83,77,49,49
29,30,49,49
151,22,49,49
151,98,49,49
151,80,49,49
151,115,49,49
69,68,49,49
50,8,49,49
50,13,49,49
50,41,49,49
50,3,49,49
50,39,49,49
50,27,49,49
50,93,49,49
50,101,49,49
50,124,49,49
50,27,49,49
3,50,49,49
93,50,49,49
3,40,49,49
3,4,49,49
3,35,49,49
67,59,49,49
31,26,49,49
39,50,49,49
31,26,49,49
39,29,49,49
39,122,49,49
29,39,49,49
8,50,49,49
31,24,49,49
31,24,49,49
33,61,49,49
141,104,49,49
148,84,49,49
134,1,49,49
1,38,49,49
38,1,49,49
30,45,49,49
21,68,49,49
68,21,49,49
56,68,49,49
9,67,49,49
9,66,49,49
69,68,49,49
50,52,49,49
50,3,49,49
117,66,49,49
66,9,49,49
80,66,49,49
117,66,49,49
117,66,49,49
66,80,49,49
117,15,49,49
117,56,49,49
80,67,49,49
80,66,49,49
68,56,49,49
117,83,49,49
139,57,49,49
117,83,49,49
80,66,49,49
80,67,49,49
80,67,49,49
145,68,49,49
50,86,49,49
50,3,49,49
50,40,49,49
50,8,49,49
50,53,49,49
68,67,49,49
68,66,49,49
68,9,49,49
68,3,49,49
68,15,49,49
68,117,49,49
68,56,49,49
68,69,49,49
134,1,49,49
138,47,49,49
144,38,49,49
50,68,49,49
68,50,49,49
68,48,49,49
86,40,49,49
86,75,49,49
86,93,49,49
86,101,49,49
86,124,49,49
86,27,49,49
86,50,49,49
145,68,49,49
134,1,49,49
150,36,49,49
134,1,49,49
145,68,49,49
150,36,49,49
150,36,50,50
140,122,50,50
141,104,50,50
139,57,50,50
143,80,50,50
85,13,50,50
85,3,50,50
85,35,50,50
150,36,50,50
144,38,50,50
140,122,50,50
138,47,50,50
148,84,50,50
143,80,50,50
150,36,50,50
143,80,50,50
141,104,50,50
145,68,50,50
144,38,50,50
150,36,50,50
138,47,50,50
140,122,50,50
148,84,50,50
145,68,50,50
139,57,50,50
148,84,50,50
139,57,50,50
141,104,50,50
140,122,50,50
134,1,50,50
141,104,50,50
13,85,50,50
13,50,50,50
40,82,50,50
40,75,50,50
40,86,50,50
16,40,50,50
35,3,50,50
35,3,50,50
27,50,50,50
53,50,50,50
46,58,50,50
96,15,50,50
96,54,50,50
96,12,50,50
52,50,50,50
94,56,50,50
94,88,50,50
94,76,50,50
94,68,50,50
94,86,50,50
94,48,50,50
94,69,50,50
94,85,50,50
94,47,50,50
121,58,50,50
94,14,50,50
94,65,50,50
31,25,50,50
8,50,50,50
75,40,50,50
58,2,50,50
58,59,50,50
58,94,50,50
58,117,50,50
40,65,50,50
40,17,50,50
2,58,50,50
79,43,50,50
79,43,50,50
13,3,50,50
82,40,50,50
3,85,50,50
3,13,50,50
3,40,50,50
3,4,50,50
3,35,50,50
3,8,50,50
3,50,50,50
3,50,50,50
13,3,50,50
71,15,50,50
12,96,50,50
13,3,50,50
13,40,50,50
94,58,50,50
59,58,50,50
12,117,50,50
12,71,50,50
12,15,50,50
12,73,50,50
15,96,50,50
96,15,50,50
96,54,50,50
8,3,50,50
15,96,50,50
12,15,50,50
12,65,50,50
12,14,50,50
14,12,50,50
66,80,50,50
15,12,50,50
3,67,50,50
3,66,50,50
3,13,50,50
3,35,50,50
56,94,50,50
15,12,50,50
13,3,50,50
117,12,50,50
4,35,50,50
4,65,50,50
4,17,50,50
3,66,50,50
3,67,50,50
3,13,50,50
3,8,50,50
3,40,50,50
3,4,50,50
3,35,50,50
3,68,50,50
3,69,50,50
3,85,50,50
3,17,50,50
13,3,50,50
66,3,50,50
71,12,50,50
4,3,50,50
67,3,50,50
67,3,50,50
4,3,50,50
4,3,50,50
122,39,50,50
3,67,50,50
3,66,50,50
73,12,50,50
32,30,50,50
67,66,50,50
3,66,50,50
67,44,50,50
67,69,50,50
67,66,50,50
67,80,50,50
32,51,50,50
32,26,50,50
32,3,50,50
32,24,50,50
32,24,50,50
32,3,50,50
32,26,50,50
32,83,50,50
32,66,50,50
17,3,50,50
32,66,50,50
26,149,50,50
60,77,50,50
67,80,50,50
70,50,50,50
67,9,50,50
67,9,50,50
67,66,50,50
67,80,50,50
71,15,50,50
71,12,50,50
71,73,50,50
71,117,50,50
67,3,50,50
3,50,50,50
3,69,50,50
3,52,50,50
117,58,50,50
52,3,50,50
3,66,50,50
86,40,50,50
86,94,50,50
3,13,50,50
3,8,50,50
66,3,50,50
3,13,50,50
3,8,50,50
66,3,50,50
3,13,50,50
88,94,50,50
14,13,50,50
66,3,50,50
66,3,50,50
148,84,50,50
13,14,50,50
66,32,50,50
13,14,50,50
13,3,50,50
13,3,50,50
13,3,50,50
14,13,50,50
76,94,50,50
17,56,50,50
17,15,50,50
17,54,50,50
14,13,50,50
14,13,50,50
13,14,50,50
13,14,50,50
76,19,50,50
59,67,50,50
8,3,50,50
8,3,50,50
8,3,50,50
2,117,50,50
2,59,50,50
2,40,50,50
2,58,50,50
59,2,50,50
65,12,50,50
65,94,50,50
65,94,50,50
13,14,50,50
42,43,50,50
42,43,50,50
14,13,50,50
48,94,50,50
69,90,50,50
14,13,50,50
69,90,50,50
13,14,50,50
56,17,50,50
68,3,50,50
9,42,50,50
71,15,50,50
71,73,50,50
71,5,50,50
71,117,50,50
15,17,50,50
42,9,50,50
50,101,50,50
50,93,50,50
50,124,50,50
50,27,50,50
93,50,50,50
13,40,50,50
13,7,50,50
13,1,50,50
76,69,50,50
40,121,50,50
40,4,50,50
40,16,50,50
75,50,50,50
69,57,50,50
69,68,50,50
13,14,50,50
14,13,50,50
14,13,50,50
13,14,50,50
35,3,50,50
13,14,50,50
68,48,50,50
14,13,50,50
86,69,50,50
35,3,50,50
35,3,50,50
14,13,50,50
13,14,50,50
115,67,50,50
68,69,50,50
13,14,50,50
14,13,50,50
14,13,50,50
69,67,50,50
68,94,50,50
14,13,50,50
52,3,50,50
13,14,50,50
13,14,50,50
13,14,50,50
14,13,50,50
13,14,50,50
14,13,50,50
14,13,50,50
3,52,50,50
13,14,50,50
13,14,50,50
124,50,50,50
14,13,50,50
68,69,50,50
59,68,50,50
59,69,50,50
59,84,50,50
59,56,50,50
59,85,50,50
59,86,50,50
59,89,50,50
59,48,50,50
59,76,50,50
59,88,50,50
59,47,50,50
59,94,50,50
59,2,50,50
14,13,50,50
77,60,50,50
13,14,50,50
77,60,50,50
77,83,50,50
35,3,50,50
35,85,50,50
13,14,50,50
58,2,50,50
14,13,50,50
27,50,50,50
14,13,50,50
76,50,50,50
76,50,50,50
117,2,50,50
58,121,50,50
58,121,50,50
3,52,50,50
52,3,50,50
13,14,50,50
58,4,50,50
58,35,50,50
67,115,50,50
14,13,50,50
13,14,50,50
14,13,50,50
13,14,50,50
13,14,50,50
15,88,50,50
14,13,50,50
14,13,50,50
69,68,50,50
13,14,50,50
69,3,50,50
16,40,50,50
44,9,50,50
3,52,50,50
3,66,50,50
52,3,50,50
88,15,50,50
117,15,50,50
93,102,50,50
75,50,50,50
40,8,50,50
76,50,50,50
32,26,50,50
76,50,50,50
94,65,50,50
69,76,50,50
50,70,50,50
70,50,50,50
121,58,50,50
121,58,50,50
121,40,50,50
70,68,50,50
70,48,50,50
13,35,50,50
32,26,50,50
8,40,50,50
68,70,50,50
35,58,50,50
35,106,50,50
58,35,50,50
35,58,50,50
54,17,50,50
86,50,50,50
106,35,50,50
117,13,50,50
117,40,50,50
117,59,50,50
13,85,50,50
13,3,50,50
13,35,50,50
120,39,50,50
41,40,50,50
3,13,50,50
54,96,50,50
41,50,50,50
54,96,50,50
94,80,50,50
85,13,50,50
21,68,50,50
65,95,50,50
65,9,50,50
95,65,50,50
2,43,50,50
68,21,50,50
81,86,50,50
81,50,50,50
9,65,50,50
85,48,50,50
85,3,50,50
85,94,50,50
32,24,50,50
86,81,50,50
90,84,50,50
84,90,50,50
14,13,50,50
14,13,50,50
50,76,50,50
50,76,50,50
50,76,50,50
63,43,50,50
50,86,50,50
86,50,50,50
13,14,50,50
13,14,50,50
13,14,50,50
14,13,50,50
13,14,50,50
14,13,50,50
14,13,50,50
13,14,50,50
13,14,50,50
14,13,50,50
14,13,50,50
13,14,50,50
13,14,50,50
14,13,50,50
68,59,50,50
68,69,50,50
14,13,50,50
13,14,50,50
76,50,50,50
76,50,50,50
66,3,50,50
29,58,50,50
81,69,50,50
76,50,50,50
29,30,50,50
29,42,50,50
29,28,50,50
34,24,50,50
34,23,50,50
29,120,50,50
29,81,50,50
29,43,50,50
24,34,50,50
35,13,50,50
77,66,50,50
120,29,50,50
54,10,50,50
54,15,50,50
29,120,50,50
29,58,50,50
59,1,50,50
59,68,50,50
59,44,50,50
59,123,50,50
59,79,50,50
59,95,50,50
59,94,50,50
59,2,50,50
10,54,50,50
23,34,50,50
15,54,50,50
68,9,50,50
59,68,50,50
59,48,50,50
59,85,50,50
59,47,50,50
59,94,50,50
59,2,50,50
58,29,50,50
53,17,50,50
53,3,50,50
28,29,50,50
58,29,50,50
70,13,50,50
42,29,50,50
50,75,50,50
3,53,50,50
53,3,50,50
53,17,50,50
3,53,50,50
38,1,50,50
90,56,50,50
12,15,50,50
48,85,50,50
50,75,50,50
68,48,50,50
68,48,50,50
68,48,50,50
68,48,50,50
15,12,50,50
69,81,50,50
50,75,50,50
69,68,50,50
68,69,50,50
13,70,50,50
16,40,50,50
101,57,50,50
101,82,50,50
101,6,50,50
96,15,50,50
96,54,50,50
96,12,50,50
101,50,50,50
101,50,50,50
101,50,50,50
31,25,50,50
14,13,50,50
4,40,50,50
4,58,50,50
103,23,50,50
17,53,50,50
17,53,50,50
81,27,50,50
81,39,50,50
32,24,50,50
52,26,50,50
52,103,50,50
52,105,50,50
103,52,50,50
12,96,50,50
13,14,50,50
13,14,50,50
3,66,50,50
3,67,50,50
3,13,50,50
3,4,50,50
3,68,50,50
3,69,50,50
3,17,50,50
3,8,50,50
3,40,50,50
3,85,50,50
3,35,50,50
69,3,50,50
68,3,50,50
14,13,50,50
14,13,50,50
3,48,50,50
3,86,50,50
94,86,50,50
94,85,50,50
94,56,50,50
94,76,50,50
94,88,50,50
94,69,50,50
94,68,50,50
94,48,50,50
94,47,50,50
68,94,50,50
69,94,50,50
94,10,50,50
94,2,50,50
94,65,50,50
94,14,50,50
94,95,50,50
94,98,50,50
94,89,50,50
94,22,50,50
94,23,50,50
96,15,50,50
96,54,50,50
15,96,50,50
13,14,50,50
13,14,50,50
54,96,50,50
13,3,50,50
14,13,50,50
58,2,50,50
58,94,50,50
58,117,50,50
58,59,50,50
17,3,50,50
59,58,50,50
2,58,50,50
4,3,50,50
14,13,50,50
105,52,50,50
54,96,50,50
13,14,50,50
45,30,50,50
45,22,50,50
32,80,50,50
32,3,50,50
15,96,50,50
8,3,50,50
13,14,50,50
39,81,50,50
14,13,50,50
94,58,50,50
58,121,50,50
81,15,50,50
15,81,50,50
29,22,50,50
27,81,50,50
15,81,50,50
2,6,50,50
29,22,50,50
81,15,50,50
4,76,50,50
4,35,50,50
3,32,50,50
35,4,50,50
35,3,50,50
3,8,50,50
3,66,50,50
3,13,50,50
70,53,50,50
13,3,50,50
56,90,50,50
56,94,50,50
66,3,50,50
66,3,50,50
56,88,50,50
40,3,50,50
40,13,50,50
40,8,50,50
151,80,50,50
59,85,50,50
59,48,50,50
59,68,50,50
59,69,50,50
59,56,50,50
59,86,50,50
59,84,50,50
59,89,50,50
59,76,50,50
59,88,50,50
59,47,50,50
59,94,50,50
59,2,50,50
69,59,50,50
68,59,50,50
43,2,50,50
13,40,50,50
43,42,50,50
43,29,50,50
43,63,50,50
14,13,50,50
112,42,50,50
112,65,50,50
48,94,50,50
45,63,50,50
45,23,50,50
45,43,50,50
80,59,50,50
80,67,50,50
53,70,50,50
45,43,50,50
3,40,50,50
124,50,50,50
76,94,50,50
66,32,50,50
8,40,50,50
8,3,50,50
149,36,50,50
2,58,50,50
2,59,50,50
2,117,50,50
2,40,50,50
58,2,50,50
26,52,50,50
66,27,50,50
117,2,50,50
117,58,50,50
17,15,50,50
17,56,50,50
17,54,50,50
30,29,50,50
76,40,50,50
86,3,50,50
86,94,50,50
56,17,50,50
54,17,50,50
76,40,50,50
63,45,50,50
45,63,50,50
75,50,50,50
59,80,50,50
59,2,50,50
75,50,50,50
117,83,50,50
80,44,50,50
80,67,50,50
117,83,50,50
117,83,50,50
58,35,50,50
58,4,50,50
53,70,50,50
53,35,50,50
121,58,50,50
70,53,50,50
75,50,50,50
71,15,50,50
71,73,50,50
71,5,50,50
71,117,50,50
80,9,50,50
9,80,50,50
90,59,50,50
117,61,50,50
117,61,50,50
117,61,50,50
94,65,50,50
94,14,50,50
65,94,50,50
117,61,50,50
17,53,50,50
117,61,50,50
83,58,50,50
53,17,50,50
58,83,50,50
58,83,50,50
13,14,50,50
13,14,50,50
117,61,50,50
117,61,50,50
117,61,50,50
117,61,50,50
117,61,50,50
117,61,50,50
83,26,50,50
15,17,50,50
117,61,50,50
117,61,50,50
26,83,50,50
65,7,50,50
117,61,50,50
7,65,50,50
13,106,50,50
13,58,50,50
13,35,50,50
53,17,50,50
17,53,50,50
117,61,50,50
103,105,50,50
105,103,50,50
81,15,50,50
81,27,50,50
81,39,50,50
81,8,50,50
81,50,50,50
14,13,50,50
117,61,50,50
8,81,50,50
4,58,50,50
17,53,50,50
15,81,50,50
9,66,50,50
66,9,50,50
66,77,50,50
117,61,50,50
66,80,50,50
27,81,50,50
50,48,50,50
77,66,50,50
32,45,50,50
117,61,50,50
66,80,50,50
117,61,50,50
35,58,50,50
86,57,50,50
86,19,50,50
86,19,50,50
86,57,50,50
86,40,50,50
86,93,50,50
86,101,50,50
86,124,50,50
86,27,50,50
48,50,50,50
86,19,50,50
40,86,50,50
1,48,50,50
52,103,50,50
80,66,50,50
77,66,50,50
7,42,50,50
7,65,50,50
48,1,50,50
85,94,50,50
85,3,50,50
10,87,50,50
103,52,50,50
40,4,50,50
86,40,50,50
4,40,50,50
103,105,50,50
149,38,50,50
86,19,50,50
19,93,50,50
32,66,50,50
93,19,50,50
32,66,50,50
35,53,50,50
105,103,50,50
27,66,50,50
87,10,50,50
4,8,50,50
4,16,50,50
4,41,50,50
4,121,50,50
4,40,50,50
48,3,50,50
82,50,50,50
32,66,50,50
32,26,50,50
8,4,50,50
38,149,50,50
50,82,50,50
39,66,50,50
39,81,50,50
76,69,50,50
69,76,50,50
16,4,50,50
32,26,50,50
55,81,50,50
55,48,50,50
55,18,50,50
81,55,50,50
48,55,50,50
149,38,50,50
83,24,50,50
24,83,50,50
48,56,50,50
50,75,50,50
56,48,50,50
83,15,50,50
75,50,50,50
32,24,50,50
48,85,50,50
85,48,50,50
75,50,50,50
24,32,50,50
65,112,50,50
112,65,50,50
32,24,50,50
24,32,50,50
48,47,50,50
47,48,50,50
15,83,50,50
48,47,50,50
117,151,50,50
117,80,50,50
53,17,50,50
39,66,50,50
66,39,50,50
9,44,50,50
86,50,50,50
59,67,50,50
40,4,50,50
96,15,50,50
96,54,50,50
96,12,50,50
42,43,50,50
4,40,50,50
1,44,50,50
1,9,50,50
1,8,50,50
1,4,50,50
1,16,50,50
1,2,50,50
1,65,50,50
1,10,50,50
1,14,50,50
1,13,50,50
1,12,50,50
1,15,50,50
1,7,50,50
1,3,50,50
1,5,50,50
1,17,50,50
1,11,50,50
1,40,50,50
1,6,50,50
31,25,50,50
8,1,50,50
17,1,50,50
4,1,50,50
3,1,50,50
13,1,50,50
82,50,50,50
58,2,50,50
58,94,50,50
58,59,50,50
58,117,50,50
7,1,50,50
2,58,50,50
44,1,50,50
94,58,50,50
13,14,50,50
15,1,50,50
15,96,50,50
44,9,50,50
14,13,50,50
14,13,50,50
13,14,50,50
94,88,50,50
94,48,50,50
94,56,50,50
94,76,50,50
94,69,50,50
94,68,50,50
94,86,50,50
94,85,50,50
94,47,50,50
33,54,50,50
33,61,50,50
33,15,50,50
10,1,50,50
12,1,50,50
48,94,50,50
15,33,50,50
117,58,50,50
58,121,50,50
40,53,50,50
58,35,50,50
58,4,50,50
4,58,50,50
96,15,50,50
96,54,50,50
3,4,50,50
3,40,50,50
3,35,50,50
3,69,50,50
3,66,50,50
3,67,50,50
3,8,50,50
3,13,50,50
3,68,50,50
3,85,50,50
3,17,50,50
54,96,50,50
54,33,50,50
15,96,50,50
8,3,50,50
35,3,50,50
59,58,50,50
13,3,50,50
56,94,50,50
59,2,50,50
16,1,50,50
59,90,50,50
66,39,50,50
66,39,50,50
35,58,50,50
66,3,50,50
15,54,50,50
54,96,50,50
54,15,50,50
61,33,50,50
2,1,50,50
24,32,50,50
24,26,50,50
15,81,50,50
15,27,50,50
15,8,50,50
121,4,50,50
81,15,50,50
121,58,50,50
26,24,50,50
39,66,50,50
27,15,50,50
41,4,50,50
39,26,50,50
39,45,50,50
76,94,50,50
45,39,50,50
17,3,50,50
17,56,50,50
17,15,50,50
17,54,50,50
56,17,50,50
54,17,50,50
15,17,50,50
8,15,50,50
32,24,50,50
40,3,50,50
40,117,50,50
40,8,50,50
40,4,50,50
3,40,50,50
50,86,50,50
50,93,50,50
50,101,50,50
50,124,50,50
50,27,50,50
93,50,50,50
101,50,50,50
13,77,50,50
115,66,50,50
115,90,50,50
66,115,50,50
115,66,50,50
115,67,50,50
26,39,50,50
115,66,50,50
66,115,50,50
66,115,50,50
115,67,50,50
115,66,50,50
115,66,50,50
124,50,50,50
115,90,50,50
2,59,50,50
2,117,50,50
2,40,50,50
2,58,50,50
58,2,50,50
115,67,50,50
59,2,50,50
59,68,50,50
59,69,50,50
59,86,50,50
59,84,50,50
59,2,50,50
59,56,50,50
59,85,50,50
59,89,50,50
59,48,50,50
59,76,50,50
59,88,50,50
59,47,50,50
59,94,50,50
76,53,50,50
1,14,50,50
27,50,50,50
76,53,50,50
14,1,50,50
115,66,50,50
76,40,50,50
76,40,50,50
69,57,50,50
56,117,50,50
86,50,50,50
71,15,50,50
71,73,50,50
71,5,50,50
71,117,50,50
45,77,50,50
86,94,50,50
76,4,50,50
14,112,50,50
112,14,50,50
117,56,50,50
14,44,50,50
69,86,50,50
56,117,50,50
8,40,50,50
14,13,50,50
56,117,50,50
32,66,50,50
39,26,50,50
39,45,50,50
45,39,50,50
90,115,50,50
26,39,50,50
90,115,50,50
13,14,50,50
13,14,50,50
14,13,50,50
14,13,50,50
44,14,50,50
40,4,50,50
40,4,50,50
50,13,50,50
50,3,50,50
50,35,50,50
50,41,50,50
50,8,50,50
50,78,50,50
53,48,50,50
53,3,50,50
4,3,50,50
4,40,50,50
4,40,50,50
4,40,50,50
76,4,50,50
53,76,50,50
48,53,50,50
53,3,50,50
3,50,50,50
10,43,50,50
50,8,50,50
50,3,50,50
50,35,50,50
50,13,50,50
50,41,50,50
50,78,50,50
50,35,50,50
50,13,50,50
50,41,50,50
50,8,50,50
50,78,50,50
50,3,50,50
3,50,50,50
3,50,50,50
3,53,50,50
3,53,50,50
8,50,50,50
8,50,50,50
4,40,50,50
35,50,50,50
35,50,50,50
81,62,50,50
57,69,50,50
4,76,50,50
3,53,50,50
53,3,50,50
50,3,50,50
50,35,50,50
50,13,50,50
50,41,50,50
50,8,50,50
50,78,50,50
8,50,50,50
8,50,50,50
3,50,50,50
35,50,50,50
35,50,50,50
76,4,50,50
80,90,50,50
14,1,50,50
4,76,50,50
1,14,50,50
50,8,50,50
50,35,50,50
50,13,50,50
50,41,50,50
50,78,50,50
50,3,50,50
76,4,50,50
13,50,50,50
3,50,50,50
76,53,50,50
13,50,50,50
13,50,50,50
13,50,50,50
13,50,50,50
65,1,50,50
76,53,50,50
81,69,50,50
69,81,50,50
53,76,50,50
76,53,50,50
85,94,50,50
85,3,50,50
50,49,50,50
50,86,50,50
50,82,50,50
86,50,50,50
50,86,50,50
50,49,50,50
50,82,50,50
86,50,50,50
50,86,50,50
50,49,50,50
50,82,50,50
50,75,50,50
86,50,50,50
117,56,50,50
117,56,50,50
43,10,50,50
82,50,50,50
45,112,50,50
112,45,50,50
53,40,50,50
82,50,50,50
82,50,50,50
117,2,50,50
13,14,50,50
13,14,50,50
14,13,50,50
75,50,50,50
69,59,50,50
50,86,50,50
86,50,50,50
35,50,50,50
117,40,50,50
53,40,50,50
77,13,50,50
77,45,50,50
77,45,50,50
19,57,50,50
57,19,50,50
69,76,50,50
69,66,50,50
14,13,50,50
59,80,50,50
77,66,50,50
77,9,50,50
50,76,50,50
27,66,50,50
27,3,50,50
27,15,50,50
27,26,50,50
27,62,50,50
27,39,50,50
27,13,50,50
27,40,50,50
27,8,50,50
27,5,50,50
3,27,50,50
76,50,50,50
3,50,50,50
3,51,50,50
3,52,50,50
3,128,50,50
3,53,50,50
3,4,50,50
3,35,50,50
3,18,50,50
52,3,50,50
15,27,50,50
139,57,50,50
145,68,50,50
134,1,50,50
40,4,50,50
14,90,50,50
59,94,50,50
4,3,50,50
42,24,50,50
42,26,50,50
2,69,50,50
24,42,50,50
59,2,50,50
8,50,50,50
8,27,50,50
39,27,50,50
53,3,50,50
85,81,50,50
94,65,50,50
94,14,50,50
59,2,50,50
26,27,50,50
26,24,50,50
9,67,50,50
9,66,50,50
4,3,50,50
26,42,50,50
54,32,50,50
54,15,50,50
15,54,50,50
80,69,50,50
80,86,50,50
66,9,50,50
86,80,50,50
13,58,50,50
13,35,50,50
13,106,50,50
81,69,50,50
141,104,50,50
35,3,50,50
3,4,50,50
12,15,50,50
12,96,50,50
120,54,50,50
54,120,50,50
54,15,50,50
54,12,50,50
12,54,50,50
13,27,50,50
13,14,50,50
59,2,50,50
90,9,50,50
85,48,50,50
48,85,50,50
76,40,50,50
76,4,50,50
59,2,50,50
43,79,50,50
3,68,50,50
3,40,50,50
3,35,50,50
3,8,50,50
3,69,50,50
3,4,50,50
3,13,50,50
8,3,50,50
15,12,50,50
15,54,50,50
65,94,50,50
106,71,50,50
106,61,50,50
90,14,50,50
90,14,50,50
90,80,50,50
9,90,50,50
9,14,50,50
150,36,50,50
144,38,50,50
59,2,50,50
144,38,50,50
150,36,50,50
144,38,50,50
134,1,50,50
140,122,50,50
139,57,51,51
144,38,51,51
13,3,51,51
11,1,51,51
4,3,51,51
40,76,51,51
96,15,51,51
96,54,51,51
96,12,51,51
54,96,51,51
40,3,51,51
40,4,51,51
40,8,51,51
40,69,51,51
42,22,51,51
31,25,51,51
14,90,51,51
14,9,51,51
15,96,51,51
40,3,51,51
40,8,51,51
40,13,51,51
3,40,51,51
13,40,51,51
4,40,51,51
4,3,51,51
4,76,51,51
4,13,51,51
4,35,51,51
35,3,51,51
3,4,51,51
35,4,51,51
13,4,51,51
8,40,51,51
96,15,51,51
96,54,51,51
15,96,51,51
3,66,51,51
3,67,51,51
94,65,51,51
94,14,51,51
54,96,51,51
94,56,51,51
94,47,51,51
94,88,51,51
94,76,51,51
94,69,51,51
94,68,51,51
94,86,51,51
94,48,51,51
94,85,51,51
89,88,51,51
14,90,51,51
89,88,51,51
88,89,51,51
58,117,51,51
58,117,51,51
53,3,51,51
58,117,51,51
32,54,51,51
58,117,51,51
3,53,51,51
56,94,51,51
1,3,51,51
45,32,51,51
45,86,51,51
32,45,51,51
45,117,51,51
117,58,51,51
117,58,51,51
45,115,51,51
117,58,51,51
45,68,51,51
68,45,51,51
45,53,51,51
115,45,51,51
117,58,51,51
67,115,51,51
76,40,51,51
67,115,51,51
76,4,51,51
50,52,51,51
17,15,51,51
17,56,51,51
17,54,51,51
52,50,51,51
117,45,51,51
67,115,51,51
67,3,51,51
67,9,51,51
48,94,51,51
56,17,51,51
18,3,51,51
18,55,51,51
18,34,51,51
41,50,51,51
41,50,51,51
41,50,51,51
18,3,51,51
41,50,51,51
18,3,51,51
18,3,51,51
18,56,51,51
18,57,51,51
53,45,51,51
18,48,51,51
40,53,51,51
53,40,51,51
3,1,51,51
3,1,51,51
1,3,51,51
76,94,51,51
2,117,51,51
2,58,51,51
2,59,51,51
2,40,51,51
54,17,51,51
66,3,51,51
69,56,51,51
32,3,51,51
32,15,51,51
32,83,51,51
32,8,51,51
32,51,51,51
32,26,51,51
32,24,51,51
32,77,51,51
48,93,51,51
48,101,51,51
48,124,51,51
48,27,51,51
93,48,51,51
66,27,51,51
101,48,51,51
3,66,51,51
3,8,51,51
3,13,51,51
3,4,51,51
3,68,51,51
3,48,51,51
3,69,51,51
3,67,51,51
3,40,51,51
3,35,51,51
3,85,51,51
3,17,51,51
66,3,51,51
13,3,51,51
32,9,51,51
3,8,51,51
3,13,51,51
3,51,51,51
3,128,51,51
27,48,51,51
4,3,51,51
9,67,51,51
9,66,51,51
9,32,51,51
13,3,51,51
17,3,51,51
65,94,51,51
35,3,51,51
4,3,51,51
4,68,51,51
4,48,51,51
4,47,51,51
4,40,51,51
4,8,51,51
4,41,51,51
4,16,51,51
47,4,51,51
68,4,51,51
15,17,51,51
86,45,51,51
86,94,51,51
13,48,51,51
117,71,51,51
59,2,51,51
36,38,51,51
36,38,51,51
66,9,51,51
36,38,51,51
35,106,51,51
35,58,51,51
59,68,51,51
59,48,51,51
59,47,51,51
59,2,51,51
59,69,51,51
59,56,51,51
59,85,51,51
59,86,51,51
59,84,51,51
59,89,51,51
59,76,51,51
59,88,51,51
59,94,51,51
88,59,51,51
45,115,51,51
9,66,51,51
86,50,51,51
115,45,51,51
40,86,51,51
86,40,51,51
81,43,51,51
8,3,51,51
8,3,51,51
9,1,51,51
120,54,51,51
86,50,51,51
58,35,51,51
54,15,51,51
54,12,51,51
54,120,51,51
58,2,51,51
15,54,51,51
58,117,51,51
58,117,51,51
117,2,51,51
117,58,51,51
58,2,51,51
58,59,51,51
58,94,51,51
58,117,51,51
59,58,51,51
58,121,51,51
66,77,51,51
2,58,51,51
71,9,51,51
121,58,51,51
40,48,51,51
94,58,51,51
76,53,51,51
106,35,51,51
76,53,51,51
53,76,51,51
76,53,51,51
53,76,51,51
76,53,51,51
10,7,51,51
7,10,51,51
76,53,51,51
10,7,51,51
7,10,51,51
53,76,51,51
76,53,51,51
35,106,51,51
35,58,51,51
67,3,51,51
58,35,51,51
67,9,51,51
67,3,51,51
69,59,51,51
69,44,51,51
59,94,51,51
59,2,51,51
69,44,51,51
106,35,51,51
115,67,51,51
43,81,51,51
67,115,51,51
44,69,51,51
20,151,51,51
151,20,51,51
76,13,51,51
69,44,51,51
75,50,51,51
94,65,51,51
94,14,51,51
90,14,51,51
119,54,51,51
77,32,51,51
77,66,51,51
76,69,51,51
69,67,51,51
48,40,51,51
36,38,51,51
29,120,51,51
117,58,51,51
48,50,51,51
30,26,51,51
86,56,51,51
48,3,51,51
26,45,51,51
50,48,51,51
50,3,51,51
26,30,51,51
117,58,51,51
26,117,51,51
119,54,51,51
48,70,51,51
44,76,51,51
44,69,51,51
44,89,51,51
76,44,51,51
70,48,51,51
89,44,51,51
65,94,51,51
77,66,51,51
59,94,51,51
59,79,51,51
59,2,51,51
59,95,51,51
59,123,51,51
85,94,51,51
85,3,51,51
71,117,51,51
71,15,51,51
71,73,51,51
71,5,51,51
59,9,51,51
59,67,51,51
59,94,51,51
59,2,51,51
117,40,51,51
9,67,51,51
9,80,51,51
9,66,51,51
14,13,51,51
59,9,51,51
59,67,51,51
14,32,51,51
32,14,51,51
13,14,51,51
13,14,51,51
14,13,51,51
14,13,51,51
80,9,51,51
67,9,51,51
14,13,51,51
42,9,51,51
59,9,51,51
59,67,51,51
148,84,51,51
60,24,51,51
56,48,51,51
20,13,51,51
33,83,51,51
59,2,51,51
3,50,51,51
63,98,51,51
59,80,51,51
59,67,51,51
86,69,51,51
66,80,51,51
66,77,51,51
66,9,51,51
32,66,51,51
69,86,51,51
9,66,51,51
9,67,51,51
76,89,51,51
38,36,51,51
120,54,51,51
85,81,51,51
81,85,51,51
29,54,51,51
13,14,51,51
13,14,51,51
13,14,51,51
14,13,51,51
13,20,51,51
14,13,51,51
54,29,51,51
54,29,51,51
13,14,51,51
48,68,51,51
48,50,51,51
48,81,51,51
68,48,51,51
29,54,51,51
32,26,51,51
67,9,51,51
67,9,51,51
67,66,51,51
70,53,51,51
90,67,51,51
90,69,51,51
90,85,51,51
90,66,51,51
90,68,51,51
68,90,51,51
85,90,51,51
48,56,51,51
106,71,51,51
106,61,51,51
81,43,51,51
69,76,51,51
58,35,51,51
58,121,51,51
93,98,51,51
115,67,51,51
115,66,51,51
80,66,51,51
67,115,51,51
32,66,51,51
32,66,51,51
32,77,51,51
59,2,51,51
67,90,51,51
90,9,51,51
90,26,51,51
90,27,51,51
90,42,51,51
90,38,51,51
90,59,51,51
90,79,51,51
90,39,51,51
90,62,51,51
90,3,51,51
90,15,51,51
90,117,51,51
90,68,51,51
90,69,51,51
90,56,51,51
9,67,51,51
9,66,51,51
66,77,51,51
76,13,51,51
69,76,51,51
50,86,51,51
86,50,51,51
50,76,51,51
90,68,51,51
90,69,51,51
90,67,51,51
90,66,51,51
90,85,51,51
69,90,51,51
85,90,51,51
152,26,51,51
141,104,51,51
138,47,51,51
107,57,51,51
39,90,51,51
39,29,51,51
11,65,51,51
11,14,51,51
11,15,51,51
35,58,51,51
49,50,51,51
49,50,51,51
96,15,51,51
96,54,51,51
96,12,51,51
24,60,51,51
49,50,51,51
138,47,51,51
27,90,51,51
29,39,51,51
121,58,51,51
42,90,51,51
42,90,51,51
54,96,51,51
3,90,51,51
3,90,51,51
79,90,51,51
79,44,51,51
4,35,51,51
13,14,51,51
31,25,51,51
65,11,51,51
14,13,51,51
14,13,51,51
13,14,51,51
13,14,51,51
14,13,51,51
14,13,51,51
14,11,51,51
13,14,51,51
12,96,51,51
94,83,51,51
94,32,51,51
70,48,51,51
70,68,51,51
68,70,51,51
44,79,51,51
40,4,51,51
58,94,51,51
58,2,51,51
58,59,51,51
58,117,51,51
94,76,51,51
94,68,51,51
94,86,51,51
94,47,51,51
94,56,51,51
94,88,51,51
94,48,51,51
94,69,51,51
94,85,51,51
69,94,51,51
88,94,51,51
86,94,51,51
94,58,51,51
143,80,51,51
58,35,51,51
76,94,51,51
15,96,51,51
15,11,51,51
76,50,51,51
15,90,51,51
96,15,51,51
96,54,51,51
15,96,51,51
56,94,51,51
32,94,51,51
56,90,51,51
4,40,51,51
3,67,51,51
3,13,51,51
3,4,51,51
3,40,51,51
3,66,51,51
3,8,51,51
3,35,51,51
3,68,51,51
3,69,51,51
3,85,51,51
3,17,51,51
69,3,51,51
3,76,51,51
76,3,51,51
66,9,51,51
13,3,51,51
40,3,51,51
40,8,51,51
40,13,51,51
66,9,51,51
81,27,51,51
66,9,51,51
66,3,51,51
17,3,51,51
13,40,51,51
59,58,51,51
117,58,51,51
4,3,51,51
8,40,51,51
8,3,51,51
27,81,51,51
117,90,51,51
3,40,51,51
67,3,51,51
67,90,51,51
67,9,51,51
50,76,51,51
50,86,51,51
50,75,51,51
76,50,51,51
76,86,51,51
76,69,51,51
69,76,51,51
86,76,51,51
35,3,51,51
35,58,51,51
50,76,51,51
76,50,51,51
17,56,51,51
17,15,51,51
17,54,51,51
2,58,51,51
2,59,51,51
2,117,51,51
2,40,51,51
2,58,51,51
59,2,51,51
56,17,51,51
58,2,51,51
76,50,51,51
76,53,51,51
76,50,51,51
76,4,51,51
105,103,51,51
103,105,51,51
43,42,51,51
42,43,51,51
59,115,51,51
59,90,51,51
76,50,51,51
9,90,51,51
77,66,51,51
9,67,51,51
77,66,51,51
77,32,51,51
59,68,51,51
59,69,51,51
59,56,51,51
59,48,51,51
59,85,51,51
59,86,51,51
59,84,51,51
59,89,51,51
59,76,51,51
59,88,51,51
59,47,51,51
59,94,51,51
59,2,51,51
86,59,51,51
69,59,51,51
68,70,51,51
48,50,51,51
31,3,51,51
31,15,51,51
36,38,51,51
80,115,51,51
115,80,51,51
42,9,51,51
117,2,51,51
43,81,51,51
45,48,51,51
27,3,51,51
4,76,51,51
75,50,51,51
76,4,51,51
76,4,51,51
3,8,51,51
3,13,51,51
3,51,51,51
3,128,51,51
3,20,51,51
3,27,51,51
67,9,51,51
4,76,51,51
76,53,51,51
76,4,51,51
68,3,51,51
68,3,51,51
68,3,51,51
76,19,51,51
68,3,51,51
68,3,51,51
71,15,51,51
71,73,51,51
71,5,51,51
71,117,51,51
68,48,51,51
13,3,51,51
90,27,51,51
90,3,51,51
90,15,51,51
90,117,51,51
90,68,51,51
90,69,51,51
90,42,51,51
90,38,51,51
90,9,51,51
90,59,51,51
90,79,51,51
90,39,51,51
90,26,51,51
90,62,51,51
90,56,51,51
68,45,51,51
27,90,51,51
9,90,51,51
3,90,51,51
59,90,51,51
9,65,51,51
65,9,51,51
3,20,51,51
8,3,51,51
38,90,51,51
20,3,51,51
68,90,51,51
20,3,51,51
68,90,51,51
68,90,51,51
68,90,51,51
56,90,51,51
54,96,51,51
68,94,51,51
68,94,51,51
68,94,51,51
54,17,51,51
68,94,51,51
50,48,51,51
50,76,51,51
59,65,51,51
76,4,51,51
76,50,51,51
65,90,51,51
50,76,51,51
76,50,51,51
56,90,51,51
50,76,51,51
76,50,51,51
48,50,51,51
44,7,51,51
7,44,51,51
65,86,51,51
65,9,51,51
65,69,51,51
65,94,51,51
69,65,51,51
86,65,51,51
44,9,51,51
54,15,51,51
54,12,51,51
39,90,51,51
39,29,51,51
12,54,51,51
9,44,51,51
42,90,51,51
29,39,51,51
94,65,51,51
50,40,51,51
15,17,51,51
15,54,51,51
42,90,51,51
9,65,51,51
4,76,51,51
4,8,51,51
4,40,51,51
4,3,51,51
3,4,51,51
96,15,51,51
96,54,51,51
79,90,51,51
79,44,51,51
15,90,51,51
15,96,51,51
66,32,51,51
77,66,51,51
90,56,51,51
77,9,51,51
90,42,51,51
76,4,51,51
76,4,51,51
76,19,51,51
35,58,51,51
35,106,51,51
58,35,51,51
67,59,51,51
76,86,51,51
68,56,51,51
106,35,51,51
124,48,51,51
8,4,51,51
12,15,51,51
62,90,51,51
9,67,51,51
9,66,51,51
66,9,51,51
71,1,51,51
48,70,51,51
67,9,51,51
56,68,51,51
68,48,51,51
68,56,51,51
62,90,51,51
62,113,51,51
15,12,51,51
61,83,51,51
77,83,51,51
117,90,51,51
85,3,51,51
85,94,51,51
76,86,51,51
54,96,51,51
59,67,51,51
90,3,51,51
90,62,51,51
14,13,51,51
4,76,51,51
90,65,51,51
13,14,51,51
13,14,51,51
13,14,51,51
14,13,51,51
14,13,51,51
14,13,51,51
14,13,51,51
12,15,51,51
76,4,51,51
7,103,51,51
77,66,51,51
77,9,51,51
15,12,51,51
7,14,51,51
13,14,51,51
13,14,51,51
13,14,51,51
14,13,51,51
14,13,51,51
50,75,51,51
50,48,51,51
14,13,51,51
77,83,51,51
94,65,51,51
94,14,51,51
75,50,51,51
68,48,51,51
9,67,51,51
9,66,51,51
53,76,51,51
66,9,51,51
53,76,51,51
67,9,51,51
9,80,51,51
76,53,51,51
9,80,51,51
94,65,51,51
94,14,51,51
76,40,51,51
76,75,51,51
44,79,51,51
65,94,51,51
68,48,51,51
40,75,51,51
40,76,51,51
40,4,51,51
76,40,51,51
13,20,51,51
80,9,51,51
80,9,51,51
13,14,51,51
13,14,51,51
13,14,51,51
14,13,51,51
14,13,51,51
14,13,51,51
48,45,51,51
68,85,51,51
68,23,51,51
44,90,51,51
23,68,51,51
13,14,51,51
13,14,51,51
13,14,51,51
14,13,51,51
13,14,51,51
14,13,51,51
14,13,51,51
85,107,51,51
13,14,51,51
13,14,51,51
14,13,51,51
14,13,51,51
50,39,51,51
13,14,51,51
13,14,51,51
68,23,51,51
39,50,51,51
75,40,51,51
4,40,51,51
29,45,51,51
54,15,51,51
106,71,51,51
106,61,51,51
48,68,51,51
38,1,51,51
15,117,51,51
15,71,51,51
15,73,51,51
15,5,51,51
15,54,51,51
76,19,51,51
39,122,51,51
45,29,51,51
54,15,51,51
54,12,51,51
68,48,51,51
12,54,51,51
12,15,51,51
15,54,51,51
15,12,51,51
76,50,51,51
12,54,51,51
12,96,51,51
68,93,51,51
1,69,51,51
1,15,51,51
1,68,51,51
1,90,51,51
1,9,51,51
1,14,51,51
1,3,51,51
1,5,51,51
1,17,51,51
1,11,51,51
1,65,51,51
69,1,51,51
3,1,51,51
90,1,51,51
59,2,51,51
59,68,51,51
59,94,51,51
15,1,51,51
59,47,51,51
59,94,51,51
59,2,51,51
65,94,51,51
65,1,51,51
93,68,51,51
71,15,51,51
106,58,51,51
32,66,51,51
32,9,51,51
45,14,51,51
9,1,51,51
117,15,51,51
32,24,51,51
32,26,51,51
68,1,51,51
68,93,51,51
68,48,51,51
48,68,51,51
54,61,51,51
68,48,51,51
66,80,51,51
66,67,51,51
68,67,51,51
68,66,51,51
68,56,51,51
68,69,51,51
68,9,51,51
68,3,51,51
68,15,51,51
68,117,51,51
69,68,51,51
80,31,51,51
80,18,51,51
80,67,51,51
80,66,51,51
68,48,51,51
83,77,51,51
11,1,51,51
107,85,51,51
40,65,51,51
40,17,51,51
40,4,51,51
96,15,51,51
96,54,51,51
96,12,51,51
13,65,51,51
13,17,51,51
13,3,51,51
13,35,51,51
13,40,51,51
13,4,51,51
13,3,51,51
3,4,51,51
3,40,51,51
3,13,51,51
3,8,51,51
3,35,51,51
14,13,51,51
14,13,51,51
54,96,51,51
15,96,51,51
4,68,51,51
4,40,51,51
4,48,51,51
4,3,51,51
13,14,51,51
24,32,51,51
13,3,51,51
12,96,51,51
13,14,51,51
14,13,51,51
14,13,51,51
14,1,51,51
13,14,51,51
13,14,51,51
12,14,51,51
12,65,51,51
14,13,51,51
14,13,51,51
14,12,51,51
13,14,51,51
13,14,51,51
14,13,51,51
14,13,51,51
13,14,51,51
61,54,51,51
13,14,51,51
14,13,51,51
12,117,51,51
12,71,51,51
12,73,51,51
12,15,51,51
13,3,51,51
14,13,51,51
13,14,51,51
13,14,51,51
14,13,51,51
14,13,51,51
13,14,51,51
13,14,51,51
14,13,51,51
14,13,51,51
3,67,51,51
3,66,51,51
96,15,51,51
96,54,51,51
13,14,51,51
15,96,51,51
13,14,51,51
14,13,51,51
71,12,51,51
15,12,51,51
12,15,51,51
15,12,51,51
66,80,51,51
106,117,51,51
3,66,51,51
3,67,51,51
3,69,51,51
3,13,51,51
3,8,51,51
3,4,51,51
3,40,51,51
3,35,51,51
3,68,51,51
3,85,51,51
3,17,51,51
32,83,51,51
32,24,51,51
32,26,51,51
24,32,51,51
32,77,51,51
32,3,51,51
3,32,51,51
94,88,51,51
94,56,51,51
94,76,51,51
94,69,51,51
94,86,51,51
94,68,51,51
94,48,51,51
94,85,51,51
94,47,51,51
94,123,51,51
66,3,51,51
66,3,51,51
94,65,51,51
94,14,51,51
13,3,51,51
56,94,51,51
122,39,51,51
13,14,51,51
14,13,51,51
66,3,51,51
66,50,51,51
3,66,51,51
14,13,51,51
71,15,51,51
71,12,51,51
71,117,51,51
123,94,51,51
13,14,51,51
17,3,51,51
13,14,51,51
14,13,51,51
101,76,51,51
76,94,51,51
35,3,51,51
68,4,51,51
68,94,51,51
17,56,51,51
17,15,51,51
17,54,51,51
56,17,51,51
9,65,51,51
68,3,51,51
35,3,51,51
65,9,51,51
2,40,51,51
2,59,51,51
2,117,51,51
2,58,51,51
65,94,51,51
29,53,51,51
106,58,51,51
67,3,51,51
67,3,51,51
67,80,51,51
67,66,51,51
24,60,51,51
38,36,51,51
60,24,51,51
86,50,51,51
86,50,51,51
86,50,51,51
86,65,51,51
86,94,51,51
86,123,51,51
86,94,51,51
58,106,51,51
58,2,51,51
60,24,51,51
24,60,51,51
71,15,51,51
71,73,51,51
71,5,51,51
71,117,51,51
13,14,51,51
14,13,51,51
27,30,51,51
86,50,51,51
30,27,51,51
1,38,51,51
24,60,51,51
60,24,51,51
4,3,51,51
48,94,51,51
48,94,51,51
48,50,51,51
48,50,51,51
69,67,51,51
48,40,51,51
60,3,51,51
60,51,51,51
60,26,51,51
60,24,51,51
24,60,51,51
40,124,51,51
40,93,51,51
40,101,51,51
40,124,51,51
40,27,51,51
60,26,51,51
101,40,51,51
60,24,51,51
60,3,51,51
60,51,51,51
24,60,51,51
54,96,51,51
54,17,51,51
3,60,51,51
3,60,51,51
38,1,51,51
38,36,51,51
1,38,51,51
27,40,51,51
76,50,51,51
3,13,51,51
3,51,51,51
3,8,51,51
3,20,51,51
69,76,51,51
68,48,51,51
14,13,51,51
36,38,51,51
68,53,51,51
7,50,51,51
48,68,51,51
28,20,51,51
68,48,51,51
28,83,51,51
28,54,51,51
13,3,51,51
76,81,51,51
13,14,51,51
13,14,51,51
14,13,51,51
14,13,51,51
13,14,51,51
13,14,51,51
77,32,51,51
14,13,51,51
14,13,51,51
13,14,51,51
13,14,51,51
14,13,51,51
14,13,51,51
13,14,51,51
128,3,51,51
13,14,51,51
14,13,51,51
95,44,51,51
14,13,51,51
68,48,51,51
13,14,51,51
128,3,51,51
76,101,51,51
38,1,51,51
1,38,51,51
1,38,51,51
50,7,51,51
7,50,51,51
4,3,51,51
4,13,51,51
4,8,51,51
4,117,51,51
4,121,51,51
76,4,51,51
76,40,51,51
50,86,51,51
86,50,51,51
58,35,51,51
75,50,51,51
128,3,51,51
13,4,51,51
121,4,51,51
58,2,51,51
58,59,51,51
58,117,51,51
35,58,51,51
86,50,51,51
65,12,51,51
57,76,51,51
77,66,51,51
77,9,51,51
48,55,51,51
54,28,51,51
15,17,51,51
40,117,51,51
57,69,51,51
3,4,51,51
65,42,51,51
76,50,51,51
76,57,51,51
40,58,51,51
40,4,51,51
76,57,51,51
86,19,51,51
50,76,51,51
50,86,51,51
76,50,51,51
76,50,51,51
76,50,51,51
86,50,51,51
4,76,51,51
76,4,51,51
42,65,51,51
36,38,51,51
68,69,51,51
68,48,51,51
68,85,51,51
42,68,51,51
42,69,51,51
2,58,51,51
42,65,51,51
69,42,51,51
69,42,51,51
13,35,51,51
44,95,51,51
65,42,51,51
85,94,51,51
85,3,51,51
35,106,51,51
117,2,51,51
117,4,51,51
117,58,51,51
53,70,51,51
53,29,51,51
53,29,51,51
14,13,51,51
13,3,51,51
13,35,51,51
55,48,51,51
69,76,51,51
69,86,51,51
50,3,51,51
69,68,51,51
69,86,51,51
69,76,51,51
3,50,51,51
19,86,51,51
86,19,51,51
33,15,51,51
117,12,51,51
33,54,51,51
50,66,51,51
50,3,51,51
106,35,51,51
15,33,51,51
29,53,51,51
3,50,51,51
3,66,51,51
68,42,51,51
53,70,51,51
53,75,51,51
53,35,51,51
68,94,51,51
13,14,51,51
13,14,51,51
14,13,51,51
13,14,51,51
14,13,51,51
13,14,51,51
14,13,51,51
14,13,51,51
13,14,51,51
13,14,51,51
13,14,51,51
14,13,51,51
13,14,51,51
14,13,51,51
14,13,51,51
75,53,51,51
13,14,51,51
14,13,51,51
14,13,51,51
13,14,51,51
13,14,51,51
14,13,51,51
94,14,51,51
94,65,51,51
65,94,51,51
14,13,51,51
53,35,51,51
3,85,51,51
13,14,51,51
9,66,51,51
9,67,51,51
85,3,51,51
13,14,51,51
14,13,51,51
76,50,51,51
99,18,51,51
99,107,51,51
99,18,51,51
99,107,51,51
85,3,51,51
99,18,51,51
99,107,51,51
3,85,51,51
77,50,51,51
14,13,51,51
3,85,51,51
13,14,51,51
85,3,51,51
13,14,51,51
14,13,51,51
14,13,51,51
13,14,51,51
13,14,51,51
14,13,51,51
3,85,51,51
85,3,51,51
18,99,51,51
3,85,51,51
18,99,51,51
85,3,51,51
18,99,51,51
85,3,51,51
75,50,51,51
50,77,51,51
45,66,51,51
53,40,51,51
3,85,51,51
53,50,51,51
71,1,51,51
1,71,51,51
54,33,51,51
76,101,51,51
29,39,51,51
29,23,51,51
29,30,51,51
54,56,51,51
29,58,51,51
29,83,51,51
29,81,51,51
29,43,51,51
76,53,51,51
29,80,51,51
80,29,51,51
29,120,51,51
29,119,51,51
50,75,51,51
50,86,51,51
75,50,51,51
75,50,51,51
86,50,51,51
48,4,51,51
86,4,51,51
53,76,51,51
68,48,51,51
76,53,51,51
76,53,51,51
39,29,51,51
76,50,51,51
50,40,51,51
68,48,51,51
32,66,51,51
32,9,51,51
4,69,51,51
4,40,51,51
4,8,51,51
4,41,51,51
4,16,51,51
4,6,51,51
4,68,51,51
4,48,51,51
4,47,51,51
4,76,51,51
4,86,51,51
4,88,51,51
4,89,51,51
88,4,51,51
86,4,51,51
89,4,51,51
4,86,51,51
86,4,51,51
76,69,51,51
68,4,51,51
50,75,51,51
53,76,51,51
53,68,51,51
53,50,51,51
53,3,51,51
53,13,51,51
150,36,51,51
148,84,51,51
145,68,51,51
144,38,51,51
141,104,51,51
138,47,51,51
145,68,51,51
139,57,51,51
148,84,51,51
144,38,51,51
134,1,51,51
140,122,51,51
144,38,51,51
140,122,51,51
148,84,51,51
145,68,51,51
134,1,51,51
140,122,51,51
144,38,51,51
143,80,51,51
143,80,51,51
138,47,51,51
139,57,51,51
140,122,51,51
144,38,51,51
138,47,51,51
139,57,51,51
140,122,51,51
148,84,51,51
145,68,51,51
134,1,51,51
138,47,51,51
139,57,51,51
139,57,51,51
138,47,51,51
143,80,51,51
144,38,51,51
143,80,51,51
144,38,51,51
138,47,51,51
139,57,51,51
143,80,51,51
134,1,51,51
143,80,51,51
138,47,51,51
139,57,51,51
140,122,51,51
143,80,51,51
141,104,51,51
144,38,51,51
140,122,51,51
134,1,51,51
143,80,51,51
150,36,51,51
144,38,51,51
140,122,51,51
141,104,51,51
143,80,51,51
145,68,51,51
148,84,51,51
143,80,51,51
140,122,51,51
145,68,51,51
148,84,51,51
140,122,51,51
145,68,51,51
148,84,51,51
138,47,51,51
139,57,51,51
143,80,51,51
150,36,51,51
134,1,51,51
141,104,51,51
144,38,51,51
150,36,51,51
150,36,51,51
143,80,51,51
134,1,51,51
145,68,51,51
148,84,51,51
144,38,51,51
138,47,51,51
139,57,51,51
134,1,51,51
144,38,51,51
143,80,51,51
141,104,51,51
138,47,51,51
139,57,51,51
138,47,51,51
144,38,51,51
144,38,51,51
134,1,51,51
141,104,51,51
143,80,51,51
134,1,51,51
141,104,51,51
138,47,51,51
139,57,51,51
13,53,51,51
138,47,51,51
141,104,51,51
148,84,51,51
140,122,51,51
150,36,51,51
148,84,51,51
145,68,51,51
148,84,51,51
13,3,51,51
13,35,51,51
150,36,51,51
144,38,51,51
5,1,51,51
5,15,51,51
5,27,51,51
5,11,51,51
5,117,51,51
5,1,51,51
6,4,52,52
6,2,52,52
6,1,52,52
20,28,52,52
20,18,52,52
20,8,52,52
20,13,52,52
20,52,52,52
20,53,52,52
53,20,52,52
20,3,52,52
13,20,52,52
31,80,52,52
52,20,52,52
83,63,52,52
13,20,52,52
31,25,52,52
23,29,52,52
35,53,52,52
93,40,52,52
70,53,52,52
3,66,52,52
3,67,52,52
3,8,52,52
3,13,52,52
3,4,52,52
3,35,52,52
3,68,52,52
3,69,52,52
3,85,52,52
3,17,52,52
35,3,52,52
59,2,52,52
73,15,52,52
73,12,52,52
59,58,52,52
96,83,52,52
113,62,52,52
3,66,52,52
3,77,52,52
3,53,52,52
53,3,52,52
94,48,52,52
94,56,52,52
94,76,52,52
94,88,52,52
94,69,52,52
94,86,52,52
94,68,52,52
94,85,52,52
94,47,52,52
94,123,52,52
35,13,52,52
94,65,52,52
94,14,52,52
13,3,52,52
35,53,52,52
18,20,52,52
17,3,52,52
71,1,52,52
71,73,52,52
18,80,52,52
18,31,52,52
18,67,52,52
18,66,52,52
41,4,52,52
123,94,52,52
32,24,52,52
50,49,52,52
56,94,52,52
56,54,52,52
117,13,52,52
117,40,52,52
117,4,52,52
56,54,52,52
31,18,52,52
48,4,52,52
4,3,52,52
67,66,52,52
63,83,52,52
17,56,52,52
17,15,52,52
17,54,52,52
15,17,52,52
76,94,52,52
66,77,52,52
80,115,52,52
49,50,52,52
80,18,52,52
76,50,52,52
86,19,52,52
56,17,52,52
66,27,52,52
86,94,52,52
66,18,52,52
66,50,52,52
13,4,52,52
66,9,52,52
66,3,52,52
66,3,52,52
69,57,52,52
66,3,52,52
66,45,52,52
68,53,52,52
4,13,52,52
54,56,52,52
54,56,52,52
54,15,52,52
54,17,52,52
56,54,52,52
68,3,52,52
2,59,52,52
2,117,52,52
2,40,52,52
2,58,52,52
4,3,52,52
4,68,52,52
4,40,52,52
4,76,52,52
4,70,52,52
4,1,52,52
4,8,52,52
4,69,52,52
4,13,52,52
4,48,52,52
4,75,52,52
1,4,52,52
59,2,52,52
70,53,52,52
53,70,52,52
70,4,52,52
70,50,52,52
48,4,52,52
68,4,52,52
68,94,52,52
86,50,52,52
86,69,52,52
86,8,52,52
86,81,52,52
86,3,52,52
86,19,52,52
19,93,52,52
58,2,52,52
93,19,52,52
75,50,52,52
58,29,52,52
86,69,52,52
117,2,52,52
58,35,52,52
71,5,52,52
56,54,52,52
58,2,52,52
58,59,52,52
58,117,52,52
59,58,52,52
83,77,52,52
54,56,52,52
117,58,52,52
71,73,52,52
76,4,52,52
104,56,52,52
56,104,52,52
56,68,52,52
68,56,52,52
35,58,52,52
50,49,52,52
3,50,52,52
3,4,52,52
3,41,52,52
3,8,52,52
3,4,52,52
50,3,52,52
3,50,52,52
76,50,52,52
86,19,52,52
67,80,52,52
67,31,52,52
67,18,52,52
67,66,52,52
86,4,52,52
86,75,52,52
67,9,52,52
67,9,52,52
67,66,52,52
38,23,52,52
38,27,52,52
67,18,52,52
67,3,52,52
66,31,52,52
66,31,52,52
86,50,52,52
15,54,52,52
76,4,52,52
13,4,52,52
75,50,52,52
75,82,52,52
75,4,52,52
50,93,52,52
50,101,52,52
50,124,52,52
50,27,52,52
101,50,52,52
86,4,52,52
71,73,52,52
71,117,52,52
71,15,52,52
71,5,52,52
27,50,52,52
76,50,52,52
71,73,52,52
50,76,52,52
76,50,52,52
73,9,52,52
73,14,52,52
73,65,52,52
73,117,52,52
50,75,52,52
50,82,52,52
45,80,52,52
45,66,52,52
9,66,52,52
9,67,52,52
49,50,52,52
65,94,52,52
45,3,52,52
65,73,52,52
9,73,52,52
93,50,52,52
3,45,52,52
50,76,52,52
3,40,52,52
3,4,52,52
3,50,52,52
3,53,52,52
3,18,52,52
3,136,52,52
3,85,52,52
3,68,52,52
3,69,52,52
3,8,52,52
3,13,52,52
3,51,52,52
3,52,52,52
3,35,52,52
3,128,52,52
3,20,52,52
18,3,52,52
76,50,52,52
68,85,52,52
13,35,52,52
13,3,52,52
35,106,52,52
14,13,52,52
4,3,52,52
68,3,52,52
31,66,52,52
31,66,52,52
31,67,52,52
86,19,52,52
75,50,52,52
13,14,52,52
128,3,52,52
16,57,52,52
86,53,52,52
53,86,52,52
86,50,52,52
31,14,52,52
124,50,52,52
14,31,52,52
14,31,52,52
4,82,52,52
82,75,52,52
14,31,52,52
57,16,52,52
82,4,52,52
2,58,52,52
16,57,52,52
31,14,52,52
31,14,52,52
20,3,52,52
2,59,52,52
2,117,52,52
2,40,52,52
2,58,52,52
38,1,52,52
4,13,52,52
4,3,52,52
58,2,52,52
13,4,52,52
59,2,52,52
50,86,52,52
86,50,52,52
115,80,52,52
115,66,52,52
118,23,52,52
13,4,52,52
4,13,52,52
85,3,52,52
4,86,52,52
86,4,52,52
31,14,52,52
20,13,52,52
35,3,52,52
24,3,52,52
24,83,52,52
24,26,52,52
24,66,52,52
24,8,52,52
24,51,52,52
24,15,52,52
24,39,52,52
24,32,52,52
3,24,52,52
14,31,52,52
13,20,52,52
56,5,52,52
5,56,52,52
3,18,52,52
3,13,52,52
3,52,52,52
3,128,52,52
3,41,52,52
3,20,52,52
15,24,52,52
14,31,52,52
31,14,52,52
32,24,52,52
106,35,52,52
13,3,52,52
85,94,52,52
85,3,52,52
6,106,52,52
6,106,52,52
6,106,52,52
24,80,52,52
18,3,52,52
45,24,52,52
45,26,52,52
45,24,52,52
45,26,52,52
45,24,52,52
45,26,52,52
45,26,52,52
45,24,52,52
56,5,52,52
24,45,52,52
67,31,52,52
67,9,52,52
4,86,52,52
4,13,52,52
4,35,52,52
18,108,52,52
18,55,52,52
18,107,52,52
18,99,52,52
80,24,52,52
20,3,52,52
80,45,52,52
13,4,52,52
66,24,52,52
30,29,52,52
35,4,52,52
59,68,52,52
59,69,52,52
59,85,52,52
59,86,52,52
59,84,52,52
59,94,52,52
59,56,52,52
59,89,52,52
59,48,52,52
59,76,52,52
59,88,52,52
59,47,52,52
59,2,52,52
86,59,52,52
76,19,52,52
117,73,52,52
55,18,52,52
117,2,52,52
76,1,52,52
57,76,52,52
117,59,52,52
54,83,52,52
18,3,52,52
3,18,52,52
3,69,52,52
19,93,52,52
93,19,52,52
76,57,52,52
86,4,52,52
86,4,52,52
54,15,52,52
54,12,52,52
69,3,52,52
12,54,52,52
76,86,52,52
86,76,52,52
17,3,52,52
14,13,52,52
3,17,52,52
3,20,52,52
39,24,52,52
4,69,52,52
4,48,52,52
4,76,52,52
4,86,52,52
4,8,52,52
4,6,52,52
4,47,52,52
4,3,52,52
4,13,52,52
4,40,52,52
4,68,52,52
4,16,52,52
4,121,52,52
4,88,52,52
4,41,52,52
86,4,52,52
3,4,52,52
107,18,52,52
76,4,52,52
70,50,52,52
70,53,52,52
68,69,52,52
68,4,52,52
58,35,52,52
50,70,52,52
86,4,52,52
76,123,52,52
70,48,52,52
70,68,52,52
70,50,52,52
123,59,52,52
59,123,52,52
68,70,52,52
76,69,52,52
59,117,52,52
15,54,52,52
76,123,52,52
71,3,52,52
48,70,52,52
5,56,52,52
4,68,52,52
4,16,52,52
4,41,52,52
4,48,52,52
4,3,52,52
4,69,52,52
4,8,52,52
4,121,52,52
4,6,52,52
4,76,52,52
4,86,52,52
4,13,52,52
4,40,52,52
48,55,52,52
55,48,52,52
50,70,52,52
65,73,52,52
50,75,52,52
68,90,52,52
4,8,52,52
4,69,52,52
4,68,52,52
4,41,52,52
4,6,52,52
4,48,52,52
4,76,52,52
4,121,52,52
4,16,52,52
4,86,52,52
4,3,52,52
4,13,52,52
4,40,52,52
68,4,52,52
86,4,52,52
69,4,52,52
69,40,52,52
76,4,52,52
48,4,52,52
69,4,52,52
69,13,52,52
69,70,52,52
69,13,52,52
69,4,52,52
69,70,52,52
86,4,52,52
86,18,52,52
6,4,52,52
6,4,52,52
13,14,52,52
13,4,52,52
13,4,52,52
20,3,52,52
96,15,52,52
96,54,52,52
96,12,52,52
20,3,52,52
35,58,52,52
52,3,52,52
52,3,52,52
4,35,52,52
4,13,52,52
4,93,52,52
4,101,52,52
4,124,52,52
4,27,52,52
4,70,52,52
101,4,52,52
31,25,52,52
1,10,52,52
1,44,52,52
1,9,52,52
1,13,52,52
1,15,52,52
1,7,52,52
1,3,52,52
1,5,52,52
1,16,52,52
1,2,52,52
1,65,52,52
1,6,52,52
1,8,52,52
1,14,52,52
1,12,52,52
1,17,52,52
1,4,52,52
1,11,52,52
1,40,52,52
14,1,52,52
13,1,52,52
13,4,52,52
3,1,52,52
3,20,52,52
17,1,52,52
8,1,52,52
93,4,52,52
124,4,52,52
8,24,52,52
8,20,52,52
8,3,52,52
79,43,52,52
8,3,52,52
8,3,52,52
13,3,52,52
13,35,52,52
13,4,52,52
8,3,52,52
8,3,52,52
8,3,52,52
8,4,52,52
8,4,52,52
8,4,52,52
8,4,52,52
8,4,52,52
73,65,52,52
58,2,52,52
58,59,52,52
58,117,52,52
3,13,52,52
35,4,52,52
96,54,52,52
12,1,52,52
12,96,52,52
15,1,52,52
15,96,52,52
3,4,52,52
4,1,52,52
3,13,52,52
3,35,52,52
35,3,52,52
44,1,52,52
35,13,52,52
50,76,52,52
4,13,52,52
13,3,52,52
27,4,52,52
54,96,52,52
54,96,52,52
94,56,52,52
94,76,52,52
94,88,52,52
94,69,52,52
94,86,52,52
94,68,52,52
94,48,52,52
94,85,52,52
94,47,52,52
94,123,52,52
86,94,52,52
50,76,52,52
83,63,52,52
105,103,52,52
105,52,52,52
73,65,52,52
52,105,52,52
96,15,52,52
96,54,52,52
50,76,52,52
3,66,52,52
3,67,52,52
3,8,52,52
3,13,52,52
3,40,52,52
3,68,52,52
3,4,52,52
3,35,52,52
3,69,52,52
3,85,52,52
3,17,52,52
35,3,52,52
50,76,52,52
66,9,52,52
11,1,52,52
51,24,52,52
16,1,52,52
4,3,52,52
51,3,52,52
70,50,52,52
17,3,52,52
54,96,52,52
51,3,52,52
70,4,52,52
51,3,52,52
51,3,52,52
51,60,52,52
51,60,52,52
128,3,52,52
51,3,52,52
63,83,52,52
13,3,52,52
54,56,52,52
103,105,52,52
2,58,52,52
10,7,52,52
59,58,52,52
117,58,52,52
56,54,52,52
66,45,52,52
56,54,52,52
66,3,52,52
7,10,52,52
56,94,52,52
66,115,52,52
66,115,52,52
66,115,52,52
7,1,52,52
11,5,52,52
66,115,52,52
65,73,52,52
65,1,52,52
56,54,52,52
66,115,52,52
15,96,52,52
67,3,52,52
3,8,52,52
3,51,52,52
3,52,52,52
3,18,52,52
3,20,52,52
3,13,52,52
3,50,52,52
3,53,52,52
3,4,52,52
3,40,52,52
3,66,52,52
14,13,52,52
54,56,52,52
54,56,52,52
52,3,52,52
86,94,52,52
17,56,52,52
17,54,52,52
17,15,52,52
66,3,52,52
13,14,52,52
54,17,52,52
13,3,52,52
76,50,52,52
15,17,52,52
70,50,52,52
70,53,52,52
13,14,52,52
14,13,52,52
27,66,52,52
27,15,52,52
27,13,52,52
27,3,52,52
27,26,52,52
27,62,52,52
27,39,52,52
27,40,52,52
27,8,52,52
27,5,52,52
14,13,52,52
13,14,52,52
13,27,52,52
76,50,52,52
76,50,52,52
56,17,52,52
76,50,52,52
14,45,52,52
76,50,52,52
76,94,52,52
8,3,52,52
8,3,52,52
8,27,52,52
76,53,52,52
53,76,52,52
68,3,52,52
68,94,52,52
76,4,52,52
14,117,52,52
20,3,52,52
76,4,52,52
15,27,52,52
76,50,52,52
2,59,52,52
2,117,52,52
2,40,52,52
2,58,52,52
2,1,52,52
59,2,52,52
76,69,52,52
18,86,52,52
18,3,52,52
86,18,52,52
67,66,52,52
54,56,52,52
3,27,52,52
56,54,52,52
3,13,52,52
3,40,52,52
3,18,52,52
3,8,52,52
3,4,52,52
3,51,52,52
3,52,52,52
3,50,52,52
3,53,52,52
8,3,52,52
6,1,52,52
59,68,52,52
59,86,52,52
59,84,52,52
59,47,52,52
59,69,52,52
59,56,52,52
59,85,52,52
59,89,52,52
59,48,52,52
59,76,52,52
59,88,52,52
59,94,52,52
59,2,52,52
45,83,52,52
5,1,52,52
5,11,52,52
5,27,52,52
117,14,52,52
76,50,52,52
76,53,52,52
121,4,52,52
121,4,52,52
58,2,52,52
86,50,52,52
5,77,52,52
76,53,52,52
76,50,52,52
71,15,52,52
71,73,52,52
71,5,52,52
71,117,52,52
9,1,52,52
15,68,52,52
15,48,52,52
69,44,52,52
68,15,52,52
58,121,52,52
51,3,52,52
51,3,52,52
50,27,52,52
32,66,52,52
71,73,52,52
50,70,52,52
50,70,52,52
48,4,52,52
52,3,52,52
48,94,52,52
90,42,52,52
48,94,52,52
48,15,52,52
58,35,52,52
11,5,52,52
58,117,52,52
58,2,52,52
58,59,52,52
70,50,52,52
70,50,52,52
52,103,52,52
13,3,52,52
45,80,52,52
45,66,52,52
80,45,52,52
86,69,52,52
86,68,52,52
86,49,52,52
86,13,52,52
86,56,52,52
86,85,52,52
86,48,52,52
86,89,52,52
86,82,52,52
86,70,52,52
42,90,52,52
39,27,52,52
59,58,52,52
103,52,52,52
77,5,52,52
77,5,52,52
117,13,52,52
4,41,52,52
4,13,52,52
4,8,52,52
4,3,52,52
3,4,52,52
4,3,52,52
4,3,52,52
13,35,52,52
117,58,52,52
117,2,52,52
35,106,52,52
35,58,52,52
1,6,52,52
13,35,52,52
69,68,52,52
13,4,52,52
35,13,52,52
50,76,52,52
76,50,52,52
117,66,52,52
85,94,52,52
85,3,52,52
50,76,52,52
50,76,52,52
50,53,52,52
53,50,52,52
48,68,52,52
106,35,52,52
117,66,52,52
48,50,52,52
50,48,52,52
50,3,52,52
21,70,52,52
83,63,52,52
70,21,52,52
70,50,52,52
71,73,52,52
56,54,52,52
56,96,52,52
56,15,52,52
121,58,52,52
3,50,52,52
6,106,52,52
76,50,52,52
48,68,52,52
50,76,52,52
14,77,52,52
96,56,52,52
77,14,52,52
18,3,52,52
76,50,52,52
68,4,52,52
68,48,52,52
76,50,52,52
6,1,52,52
3,53,52,52
3,50,52,52
3,13,52,52
3,35,52,52
3,18,52,52
50,76,52,52
15,56,52,52
13,3,52,52
4,76,52,52
76,69,52,52
76,4,52,52
77,14,52,52
4,76,52,52
13,14,52,52
14,13,52,52
76,4,52,52
76,50,52,52
4,13,52,52
54,56,52,52
76,50,52,52
124,40,52,52
68,48,52,52
6,106,52,52
14,13,52,52
13,14,52,52
13,14,52,52
14,13,52,52
13,4,52,52
76,101,52,52
6,106,52,52
10,1,52,52
10,7,52,52
5,11,52,52
7,10,52,52
68,13,52,52
14,13,52,52
76,50,52,52
76,53,52,52
6,106,52,52
50,76,52,52
50,53,52,52
8,4,52,52
69,76,52,52
76,50,52,52
63,83,52,52
76,50,52,52
77,66,52,52
50,76,52,52
76,50,52,52
68,48,52,52
13,14,52,52
50,70,52,52
50,82,52,52
50,49,52,52
13,14,52,52
14,13,52,52
4,69,52,52
14,13,52,52
13,14,52,52
13,14,52,52
14,13,52,52
76,50,52,52
14,13,52,52
69,4,52,52
13,14,52,52
13,14,52,52
27,50,52,52
14,13,52,52
14,13,52,52
13,14,52,52
13,14,52,52
70,50,52,52
14,13,52,52
14,13,52,52
48,68,52,52
10,21,52,52
68,48,52,52
21,10,52,52
1,59,52,52
9,67,52,52
9,66,52,52
68,48,52,52
66,9,52,52
4,69,52,52
13,14,52,52
13,14,52,52
69,4,52,52
69,4,52,52
59,1,52,52
29,23,52,52
29,45,52,52
45,29,52,52
1,48,52,52
45,98,52,52
98,45,52,52
65,7,52,52
23,29,52,52
23,29,52,52
7,65,52,52
29,23,52,52
67,80,52,52
67,9,52,52
48,1,52,52
9,67,52,52
9,66,52,52
9,44,52,52
9,59,52,52
9,14,52,52
67,9,52,52
21,56,52,52
66,9,52,52
7,65,52,52
21,86,52,52
56,21,52,52
21,86,52,52
59,9,52,52
9,67,52,52
9,66,52,52
9,44,52,52
21,86,52,52
66,9,52,52
86,21,52,52
86,21,52,52
86,21,52,52
81,85,52,52
81,55,52,52
85,81,52,52
67,9,52,52
120,54,52,52
67,80,52,52
106,117,52,52
106,73,52,52
69,40,52,52
69,13,52,52
69,3,52,52
69,4,52,52
4,69,52,52
4,86,52,52
4,13,52,52
4,40,52,52
4,3,52,52
61,14,52,52
54,120,52,52
4,69,52,52
69,4,52,52
54,96,52,52
69,4,52,52
76,69,52,52
69,53,52,52
53,69,52,52
86,69,52,52
69,76,52,52
69,76,52,52
138,47,52,52
141,104,52,52
96,15,52,52
96,54,52,52
96,12,52,52
49,50,52,52
2,58,52,52
4,69,52,52
14,9,52,52
4,3,52,52
14,13,52,52
31,25,52,52
12,96,52,52
96,54,52,52
55,81,52,52
120,54,52,52
3,4,52,52
44,9,52,52
82,50,52,52
44,9,52,52
21,7,52,52
21,10,52,52
54,96,52,52
94,56,52,52
94,76,52,52
94,88,52,52
94,69,52,52
94,86,52,52
94,68,52,52
94,48,52,52
94,85,52,52
94,47,52,52
94,123,52,52
76,94,52,52
3,52,52,52
52,3,52,52
94,65,52,52
94,14,52,52
105,103,52,52
54,120,52,52
48,94,52,52
70,50,52,52
96,15,52,52
96,54,52,52
14,13,52,52
7,21,52,52
57,76,52,52
15,96,52,52
15,96,52,52
35,3,52,52
54,96,52,52
3,35,52,52
3,66,52,52
3,67,52,52
3,8,52,52
3,13,52,52
3,4,52,52
3,68,52,52
3,85,52,52
3,69,52,52
3,17,52,52
3,117,52,52
65,94,52,52
9,66,52,52
9,59,52,52
59,9,52,52
56,94,52,52
35,3,52,52
66,9,52,52
66,3,52,52
14,61,52,52
123,94,52,52
123,94,52,52
66,45,52,52
58,71,52,52
58,73,52,52
67,3,52,52
13,14,52,52
57,76,52,52
13,14,52,52
7,13,52,52
13,3,52,52
14,13,52,52
67,66,52,52
67,9,52,52
67,80,52,52
67,59,52,52
58,33,52,52
58,43,52,52
58,95,52,52
58,104,52,52
58,29,52,52
58,46,52,52
58,23,52,52
58,83,52,52
76,57,52,52
29,58,52,52
76,57,52,52
50,70,52,52
71,58,52,52
17,3,52,52
4,3,52,52
8,3,52,52
106,73,52,52
23,58,52,52
73,58,52,52
73,106,52,52
33,58,52,52
86,94,52,52
71,58,52,52
58,73,52,52
73,58,52,52
68,3,52,52
71,5,52,52
68,94,52,52
2,59,52,52
2,117,52,52
2,40,52,52
2,58,52,52
103,105,52,52
50,70,52,52
17,56,52,52
17,15,52,52
17,54,52,52
56,17,52,52
10,21,52,52
59,9,52,52
59,67,52,52
59,2,52,52
9,66,52,52
66,9,52,52
69,94,52,52
11,5,52,52
21,86,52,52
86,21,52,52
95,58,52,52
44,9,52,52
44,66,52,52
5,11,52,52
46,58,52,52
66,44,52,52
23,58,52,52
9,44,52,52
70,50,52,52
70,50,52,52
106,73,52,52
106,58,52,52
14,7,52,52
7,14,52,52
15,17,52,52
48,4,52,52
14,13,52,52
48,68,52,52
86,13,52,52
68,48,52,52
56,54,52,52
56,96,52,52
56,15,52,52
13,14,52,52
13,14,52,52
14,13,52,52
33,54,52,52
86,53,52,52
86,50,52,52
4,48,52,52
14,13,52,52
33,54,52,52
33,61,52,52
33,5,52,52
33,15,52,52
54,17,52,52
50,48,52,52
80,31,52,52
80,67,52,52
80,18,52,52
80,66,52,52
54,56,52,52
48,50,52,52
48,50,52,52
58,2,52,52
58,23,52,52
48,50,52,52
54,33,52,52
76,50,52,52
66,80,52,52
76,69,52,52
86,68,52,52
86,56,52,52
71,73,52,52
71,118,52,52
81,27,52,52
29,90,52,52
29,39,52,52
50,17,52,52
50,48,52,52
71,15,52,52
71,117,52,52
71,73,52,52
71,5,52,52
90,29,52,52
17,50,52,52
48,50,52,52
13,14,52,52
13,35,52,52
13,14,52,52
76,50,52,52
14,13,52,52
48,50,52,52
14,13,52,52
48,50,52,52
7,14,52,52
81,93,52,52
80,67,52,52
80,66,52,52
80,31,52,52
80,18,52,52
31,80,52,52
93,81,52,52
35,106,52,52
50,48,52,52
50,48,52,52
50,48,52,52
50,48,52,52
3,13,52,52
3,35,52,52
3,68,52,52
3,66,52,52
66,77,52,52
106,35,52,52
67,80,52,52
67,80,52,52
68,3,52,52
13,14,52,52
13,14,52,52
13,3,52,52
14,13,52,52
14,13,52,52
13,14,52,52
14,13,52,52
15,56,52,52
15,33,52,52
13,14,52,52
39,29,52,52
13,14,52,52
14,13,52,52
96,56,52,52
41,3,52,52
41,3,52,52
41,4,52,52
66,80,52,52
41,50,52,52
66,3,52,52
17,48,52,52
17,50,52,52
48,17,52,52
68,3,52,52
20,3,52,52
3,20,52,52
5,33,52,52
3,8,52,52
9,69,52,52
9,3,52,52
9,8,52,52
9,5,52,52
9,68,52,52
9,56,52,52
9,15,52,52
3,9,52,52
56,9,52,52
5,9,52,52
101,81,52,52
50,17,52,52
77,66,52,52
50,70,52,52
15,9,52,52
70,50,52,52
50,76,52,52
68,3,52,52
68,9,52,52
69,68,52,52
77,66,52,52
70,50,52,52
5,83,52,52
68,13,52,52
68,69,52,52
61,33,52,52
66,77,52,52
117,3,52,52
77,66,52,52
3,68,52,52
14,13,52,52
48,68,52,52
48,3,52,52
48,53,52,52
53,48,52,52
68,3,52,52
8,3,52,52
70,86,52,52
70,69,52,52
8,9,52,52
86,70,52,52
76,86,52,52
117,2,52,52
81,101,52,52
85,94,52,52
85,3,52,52
27,81,52,52
3,48,52,52
6,106,52,52
68,3,52,52
68,48,52,52
3,48,52,52
3,68,52,52
3,53,52,52
3,13,52,52
3,35,52,52
6,106,52,52
68,3,52,52
6,106,52,52
77,66,52,52
13,3,52,52
13,14,52,52
13,14,52,52
69,76,52,52
76,69,52,52
31,80,52,52
3,68,52,52
14,13,52,52
66,9,52,52
58,35,52,52
9,32,52,52
9,66,52,52
58,121,52,52
48,50,52,52
68,3,52,52
32,9,52,52
71,5,52,52
71,56,52,52
3,13,52,52
3,66,52,52
69,70,52,52
76,69,52,52
50,48,52,52
50,70,52,52
48,50,52,52
9,67,52,52
9,66,52,52
27,77,52,52
13,3,52,52
86,50,52,52
77,27,52,52
48,50,52,52
6,106,52,52
35,3,52,52
70,50,52,52
58,2,52,52
58,59,52,52
58,117,52,52
6,106,52,52
50,70,52,52
50,48,52,52
101,4,52,52
6,106,52,52
48,50,52,52
66,9,52,52
76,50,52,52
35,58,52,52
48,47,52,52
76,69,52,52
32,9,52,52
67,9,52,52
86,4,52,52
59,58,52,52
46,33,52,52
59,80,52,52
66,3,52,52
4,101,52,52
4,101,52,52
33,46,52,52
59,68,52,52
59,47,52,52
50,48,52,52
3,13,52,52
17,50,52,52
76,50,52,52
1,123,52,52
77,27,52,52
83,63,52,52
4,86,52,52
123,1,52,52
86,4,52,52
56,15,52,52
86,19,52,52
17,48,52,52
17,50,52,52
15,56,52,52
13,3,52,52
9,67,52,52
9,66,52,52
27,90,52,52
94,65,52,52
94,14,52,52
59,65,52,52
70,50,52,52
66,77,52,52
50,76,52,52
76,50,52,52
76,50,52,52
70,69,52,52
70,86,52,52
86,70,52,52
2,58,52,52
50,76,52,52
59,2,52,52
59,79,52,52
59,94,52,52
59,123,52,52
59,44,52,52
76,50,52,52
94,65,52,52
94,14,52,52
65,94,52,52
65,94,52,52
67,9,52,52
67,9,52,52
67,66,52,52
58,2,52,52
58,59,52,52
59,58,52,52
4,48,52,52
2,58,52,52
66,9,52,52
90,27,52,52
86,4,52,52
59,68,52,52
59,69,52,52
59,64,52,52
59,56,52,52
59,42,52,52
117,77,52,52
117,83,52,52
117,66,52,52
117,26,52,52
117,15,52,52
117,5,52,52
59,68,52,52
59,56,52,52
59,64,52,52
59,42,52,52
59,69,52,52
117,58,52,52
90,67,52,52
76,19,52,52
85,48,52,52
67,90,52,52
76,69,52,52
76,69,52,52
141,104,52,52
144,38,52,52
152,26,52,52
148,84,52,52
145,68,52,52
145,68,52,52
148,84,52,52
145,68,52,52
153,53,52,52
144,38,52,52
141,104,52,52
152,26,52,52
141,104,52,52
150,36,52,52
150,36,52,52
143,80,52,52
144,38,52,52
145,68,52,52
143,80,52,52
139,57,52,52
138,47,52,52
152,26,52,52
138,47,52,52
139,57,52,52
140,122,52,52
152,26,52,52
153,53,52,52
72,117,52,52
138,47,52,52
139,57,52,52
145,68,52,52
140,122,52,52
38,1,52,52
72,117,52,52
138,47,52,52
140,122,52,52
139,57,52,52
72,117,52,52
145,68,52,52
140,122,52,52
72,117,52,52
145,68,52,52
140,122,52,52
148,84,52,52
140,122,52,52
138,47,52,52
145,68,52,52
72,117,52,52
140,122,52,52
140,122,52,52
144,38,52,52
144,38,52,52
139,57,52,52
138,47,52,52
140,122,52,52
144,38,52,52
99,18,52,52
101,4,52,52
96,15,52,52
96,54,52,52
96,12,52,52
104,58,52,52
145,68,52,52
104,58,52,52
144,38,52,52
1,38,52,52
63,83,52,52
94,56,52,52
94,76,52,52
94,88,52,52
94,69,52,52
94,86,52,52
94,68,52,52
94,48,52,52
94,85,52,52
94,47,52,52
94,123,52,52
96,15,52,52
96,54,52,52
12,96,52,52
148,84,52,52
145,68,52,52
72,117,52,52
73,9,52,52
73,14,52,52
73,65,52,52
73,117,52,52
3,67,52,52
3,13,52,52
3,4,52,52
3,69,52,52
3,66,52,52
3,8,52,52
3,35,52,52
3,68,52,52
3,85,52,52
3,17,52,52
13,3,52,52
15,96,52,52
15,96,52,52
32,83,52,52
9,73,52,52
53,20,52,52
17,3,52,52
53,3,52,52
8,3,52,52
35,3,52,52
35,3,52,52
13,117,52,52
76,69,52,52
50,53,52,52
11,14,52,52
11,15,52,52
11,5,52,52
11,65,52,52
50,53,52,52
50,53,52,52
148,84,52,52
53,3,52,52
53,70,52,52
53,3,52,52
123,94,52,52
53,70,52,52
53,3,52,52
53,70,52,52
53,3,52,52
53,50,52,52
53,3,52,52
53,50,52,52
53,48,52,52
53,50,52,52
53,50,52,52
53,50,52,52
50,1,52,52
13,117,52,52
48,50,52,52
67,3,52,52
56,94,52,52
18,3,52,52
76,75,52,52
76,94,52,52
1,50,52,52
18,55,52,52
18,107,52,52
18,108,52,52
18,99,52,52
18,109,52,52
18,110,52,52
18,3,52,52
21,70,52,52
17,1,52,52
17,56,52,52
17,15,52,52
17,54,52,52
4,86,52,52
4,3,52,52
56,17,52,52
70,21,52,52
70,50,52,52
2,59,52,52
2,117,52,52
2,40,52,52
2,58,52,52
140,122,52,52
144,38,52,52
59,2,52,52
70,53,52,52
3,18,52,52
68,3,52,52
68,94,52,52
4,76,52,52
4,6,52,52
4,8,52,52
4,69,52,52
5,11,52,52
15,11,52,52
15,17,52,52
76,4,52,52
121,58,52,52
68,48,52,52
69,4,52,52
70,53,52,52
56,55,52,52
55,18,52,52
148,84,52,52
65,11,52,52
76,50,52,52
3,68,52,52
3,48,52,52
3,13,52,52
3,53,52,52
3,35,52,52
3,18,52,52
55,56,52,52
70,53,52,52
13,3,52,52
140,122,52,52
50,76,52,52
18,3,52,52
50,86,52,52
35,3,52,52
68,48,52,52
68,47,52,52
47,68,52,52
68,3,52,52
8,4,52,52
76,50,52,52
86,50,52,52
86,4,52,52
86,94,52,52
76,53,52,52
71,5,52,52
71,15,52,52
71,73,52,52
71,117,52,52
6,4,52,52
117,59,52,52
117,95,52,52
117,73,52,52
117,2,52,52
68,42,52,52
54,96,52,52
54,96,52,52
76,50,52,52
61,9,52,52
61,15,52,52
9,61,52,52
15,61,52,52
86,117,52,52
52,53,52,52
53,52,52,52
86,69,52,52
86,48,52,52
86,68,52,52
86,85,52,52
86,89,52,52
86,76,52,52
86,56,52,52
145,68,52,52
76,50,52,52
86,117,52,52
50,76,52,52
94,65,52,52
94,14,52,52
76,50,52,52
76,50,52,52
9,67,52,52
9,66,52,52
50,76,52,52
76,69,52,52
76,50,52,52
138,47,52,52
139,57,52,52
76,50,52,52
50,76,52,52
56,15,52,52
15,56,52,52
67,44,52,52
1,4,52,52
86,4,52,52
4,121,52,52
4,1,52,52
4,1,52,52
1,4,52,52
67,79,52,52
5,117,52,52
5,71,52,52
5,73,52,52
5,58,52,52
5,11,52,52
76,50,52,52
139,57,52,52
53,3,52,52
48,4,52,52
53,70,52,52
53,70,52,52
53,70,52,52
145,68,52,52
148,84,52,52
15,56,52,52
56,15,52,52
103,52,52,52
52,103,52,52
4,86,52,52
4,8,52,52
4,3,52,52
4,13,52,52
4,40,52,52
86,4,52,52
3,4,52,52
50,70,52,52
48,3,52,52
48,3,52,52
70,50,52,52
73,5,52,52
59,117,52,52
70,50,52,52
4,121,52,52
50,52,52,52
56,65,52,52
65,56,52,52
52,50,52,52
13,3,52,52
13,4,52,52
13,117,52,52
13,58,52,52
13,40,52,52
13,4,52,52
3,13,52,52
71,5,52,52
6,106,52,52
72,117,52,52
4,86,52,52
4,13,52,52
86,4,52,52
117,67,52,52
117,59,52,52
117,13,52,52
117,5,52,52
65,94,52,52
76,69,52,52
67,9,52,52
48,50,52,52
13,106,52,52
13,35,52,52
77,117,52,52
56,69,52,52
77,83,52,52
77,66,52,52
8,4,52,52
50,93,52,52
50,101,52,52
50,124,52,52
50,27,52,52
93,50,52,52
101,50,52,52
52,8,52,52
8,52,52,52
65,73,52,52
67,42,52,52
13,117,52,52
13,58,52,52
13,40,52,52
13,4,52,52
27,50,52,52
73,1,52,52
76,69,52,52
13,117,52,52
13,58,52,52
13,40,52,52
13,4,52,52
1,73,52,52
85,94,52,52
85,3,52,52
19,82,52,52
19,82,52,52
48,47,52,52
90,66,52,52
90,115,52,52
90,47,52,52
90,39,52,52
90,25,52,52
90,77,52,52
90,3,52,52
90,50,52,52
90,67,52,52
90,9,52,52
90,68,52,52
90,58,52,52
90,33,52,52
90,74,52,52
90,113,52,52
90,81,52,52
90,24,52,52
90,26,52,52
90,105,52,52
90,5,52,52
90,15,52,52
90,83,52,52
90,117,52,52
90,8,52,52
90,4,52,52
90,52,52,52
47,90,52,52
9,90,52,52
105,90,52,52
77,90,52,52
52,90,52,52
53,86,52,52
8,90,52,52
86,53,52,52
19,86,52,52
8,77,52,52
144,38,52,52
8,77,52,52
53,76,52,52
69,76,52,52
76,53,52,52
67,90,52,52
33,90,52,52
53,76,52,52
79,67,52,52
3,90,52,52
76,53,52,52
67,79,52,52
53,69,52,52
138,47,52,52
138,47,52,52
138,47,52,52
167,47,52,52
139,57,52,52
139,57,52,52
139,57,52,52
77,8,52,52
77,8,52,52
77,8,52,52
68,90,52,52
53,70,52,52
53,35,52,52
74,90,52,52
24,90,52,52
69,76,52,52
71,61,52,52
71,73,52,52
4,13,52,52
13,117,52,52
53,4,52,52
4,13,52,52
4,90,52,52
113,90,52,52
4,53,52,52
15,77,52,52
77,15,52,52
53,70,52,52
53,35,52,52
50,20,52,52
117,90,52,52
117,13,52,52
117,13,52,52
117,73,52,52
117,5,52,52
77,15,52,52
90,50,52,52
69,42,52,52
69,101,52,52
69,27,52,52
69,93,52,52
69,124,52,52
77,66,52,52
70,53,52,52
70,53,52,52
86,69,52,52
86,68,52,52
86,48,52,52
86,89,52,52
86,70,52,52
86,117,52,52
86,13,52,52
86,85,52,52
86,76,52,52
86,82,52,52
86,49,52,52
86,90,52,52
69,68,52,52
15,90,52,52
71,13,52,52
71,35,52,52
71,58,52,52
54,17,52,52
5,90,52,52
20,50,52,52
65,56,52,52
56,65,52,52
13,121,52,52
20,50,52,52
81,27,52,52
50,90,52,52
76,4,52,52
50,20,52,52
20,50,52,52
27,81,52,52
39,90,52,52
3,50,52,52
3,18,52,52
3,51,52,52
3,52,52,52
3,53,52,52
3,20,52,52
3,13,52,52
3,40,52,52
3,8,52,52
3,4,52,52
52,3,52,52
3,66,52,52
13,3,52,52
53,3,52,52
90,50,52,52
67,59,52,52
67,59,52,52
67,59,52,52
67,59,52,52
115,68,52,52
107,18,52,52
115,90,52,52
68,115,52,52
115,67,52,52
115,66,52,52
3,13,52,52
115,67,52,52
69,68,52,52
4,3,52,52
86,18,52,52
86,57,52,52
86,4,52,52
86,13,52,52
13,3,52,52
81,27,52,52
4,76,52,52
4,69,52,52
4,3,52,52
4,8,52,52
4,41,52,52
3,4,52,52
50,3,52,52
3,50,52,52
59,67,52,52
76,4,52,52
67,115,52,52
27,81,52,52
67,115,52,52
106,117,52,52
8,3,52,52
8,4,52,52
71,5,52,52
8,77,52,52
69,68,52,52
85,107,52,52
12,15,52,52
12,65,52,52
12,14,52,52
68,67,52,52
68,66,52,52
68,15,52,52
68,56,52,52
68,69,52,52
68,9,52,52
68,3,52,52
68,117,52,52
107,85,52,52
86,50,52,52
86,19,52,52
44,67,52,52
11,5,52,52
96,15,52,52
96,54,52,52
96,12,52,52
26,60,52,52
121,13,52,52
121,4,52,52
121,4,52,52
26,27,52,52
54,96,52,52
13,65,52,52
13,17,52,52
13,3,52,52
13,35,52,52
13,4,52,52
13,40,52,52
1,36,52,52
3,13,52,52
3,4,52,52
3,40,52,52
3,8,52,52
94,69,52,52
94,56,52,52
94,76,52,52
94,88,52,52
94,86,52,52
94,68,52,52
94,48,52,52
94,85,52,52
94,47,52,52
94,123,52,52
13,3,52,52
36,1,52,52
81,27,52,52
81,39,52,52
81,43,52,52
13,3,52,52
96,15,52,52
96,54,52,52
50,76,52,52
12,96,52,52
50,76,52,52
26,24,52,52
15,96,52,52
15,96,52,52
13,3,52,52
13,40,52,52
13,4,52,52
54,96,52,52
27,81,52,52
12,71,52,52
12,117,52,52
12,73,52,52
12,15,52,52
15,12,52,52
71,12,52,52
15,12,52,52
77,66,52,52
39,81,52,52
3,66,52,52
3,13,52,52
3,8,52,52
3,67,52,52
3,41,52,52
3,4,52,52
3,40,52,52
3,35,52,52
3,68,52,52
3,85,52,52
3,69,52,52
3,17,52,52
17,3,52,52
117,12,52,52
13,3,52,52
71,5,52,52
71,12,52,52
71,117,52,52
71,15,52,52
66,3,52,52
66,9,52,52
4,3,52,52
4,3,52,52
32,26,52,52
65,12,52,52
15,33,52,52
33,15,52,52
65,40,52,52
56,94,52,52
67,3,52,52
123,94,52,52
65,13,52,52
68,3,52,52
26,45,52,52
13,65,52,52
17,15,52,52
17,56,52,52
17,54,52,52
56,17,52,52
33,15,52,52
4,65,52,52
65,4,52,52
68,94,52,52
86,53,52,52
43,42,52,52
86,94,52,52
43,42,52,52
43,45,52,52
43,79,52,52
45,43,52,52
86,53,52,52
43,79,52,52
32,83,52,52
32,117,52,52
32,23,52,52
32,27,52,52
43,42,52,52
43,79,52,52
43,42,52,52
73,12,52,52
43,42,52,52
43,45,52,52
43,79,52,52
26,90,52,52
45,43,52,52
43,79,52,52
26,90,52,52
26,60,52,52
66,115,52,52
66,27,52,52
66,3,52,52
2,59,52,52
2,40,52,52
2,117,52,52
2,58,52,52
54,17,52,52
66,27,52,52
59,2,52,52
66,27,52,52
27,66,52,52
26,45,52,52
27,66,52,52
26,32,52,52
48,85,52,52
26,32,52,52
26,32,52,52
41,3,52,52
27,3,52,52
27,66,52,52
27,15,52,52
27,26,52,52
27,62,52,52
27,39,52,52
27,13,52,52
27,40,52,52
27,8,52,52
27,5,52,52
41,4,52,52
26,27,52,52
41,4,52,52
13,27,52,52
27,32,52,52
48,94,52,52
48,94,52,52
42,63,52,52
41,4,52,52
65,47,52,52
47,65,52,52
31,18,52,52
66,27,52,52
42,43,52,52
42,43,52,52
42,43,52,52
115,43,52,52
115,47,52,52
115,22,52,52
115,57,52,52
115,69,52,52
115,75,52,52
115,42,52,52
115,103,52,52
115,84,52,52
115,14,52,52
115,76,52,52
115,38,52,52
115,13,52,52
115,15,52,52
115,70,52,52
115,1,52,52
115,87,52,52
115,27,52,52
115,119,52,52
115,123,52,52
115,61,52,52
115,30,52,52
115,25,52,52
115,85,52,52
115,53,52,52
115,44,52,52
115,124,52,52
115,59,52,52
115,52,52,52
115,81,52,52
115,98,52,52
115,18,52,52
115,56,52,52
115,151,52,52
115,80,52,52
115,50,52,52
115,39,52,52
115,32,52,52
115,58,52,52
115,83,52,52
115,71,52,52
115,96,52,52
115,36,52,52
115,37,52,52
115,9,52,52
115,8,52,52
115,128,52,52
115,108,52,52
115,24,52,52
115,95,52,52
115,49,52,52
115,41,52,52
115,77,52,52
115,31,52,52
115,105,52,52
115,118,52,52
115,129,52,52
115,73,52,52
115,100,52,52
115,130,52,52
115,109,52,52
115,88,52,52
115,28,52,52
115,99,52,52
115,55,52,52
115,20,52,52
115,26,52,52
115,33,52,52
115,7,52,52
115,34,52,52
115,82,52,52
115,3,52,52
115,62,52,52
115,104,52,52
115,149,52,52
115,89,52,52
115,5,52,52
115,17,52,52
115,66,52,52
115,29,52,52
115,48,52,52
115,45,52,52
115,68,52,52
115,79,52,52
115,16,52,52
115,63,52,52
115,2,52,52
115,86,52,52
115,117,52,52
115,74,52,52
115,112,52,52
115,21,52,52
115,23,52,52
115,10,52,52
115,90,52,52
115,113,52,52
115,94,52,52
88,115,52,52
129,115,52,52
87,115,52,52
84,115,52,52
47,115,52,52
89,115,52,52
113,115,52,52
52,115,52,52
112,115,52,52
30,115,52,52
9,115,52,52
48,115,52,52
42,43,52,52
31,115,52,52
3,66,52,52
42,43,52,52
49,115,52,52
103,115,52,52
86,115,52,52
45,115,52,52
15,27,52,52
105,115,52,52
56,115,52,52
27,115,52,52
33,115,52,52
15,115,52,52
15,33,52,52
57,115,52,52
80,115,52,52
20,115,52,52
24,115,52,52
42,115,52,52
63,115,52,52
63,42,52,52
20,3,52,52
3,13,52,52
3,53,52,52
3,85,52,52
3,66,52,52
3,35,52,52
3,68,52,52
15,17,52,52
3,27,52,52
66,115,52,52
66,3,52,52
123,115,52,52
42,20,52,52
42,3,52,52
42,15,52,52
42,33,52,52
76,115,52,52
86,19,52,52
50,52,52,52
50,41,52,52
1,115,52,52
3,52,52,52
3,53,52,52
3,50,52,52
3,20,52,52
3,4,52,52
3,13,52,52
3,51,52,52
3,18,52,52
3,8,52,52
3,40,52,52
3,42,52,52
39,115,52,52
13,115,52,52
81,101,52,52
39,27,52,52
13,3,52,52
13,3,52,52
101,81,52,52
55,115,52,52
21,115,52,52
3,51,52,52
3,8,52,52
3,13,52,52
3,52,52,52
3,18,52,52
3,20,52,52
20,3,52,52
3,115,52,52
26,115,52,52
20,42,52,52
90,115,52,52
20,3,52,52
15,42,52,52
68,115,52,52
68,3,52,52
3,13,52,52
3,4,52,52
3,40,52,52
3,20,52,52
3,8,52,52
3,35,52,52
33,90,52,52
27,66,52,52
27,3,52,52
27,13,52,52
53,3,52,52
53,3,52,52
34,24,52,52
34,115,52,52
24,34,52,52
18,3,52,52
66,27,52,52
20,3,52,52
1,38,52,52
18,3,52,52
5,115,52,52
18,115,52,52
32,115,52,52
18,31,52,52
5,27,52,52
11,5,52,52
5,11,52,52
52,3,52,52
10,115,52,52
13,27,52,52
13,3,52,52
13,3,52,52
50,86,52,52
50,3,52,52
50,41,52,52
28,115,52,52
95,115,52,52
86,50,52,52
16,115,52,52
74,115,52,52
59,115,52,52
90,81,52,52
81,90,52,52
73,115,52,52
71,115,52,52
71,73,52,52
71,117,52,52
71,15,52,52
71,5,52,52
3,50,52,52
13,3,52,52
13,40,52,52
13,117,52,52
13,58,52,52
13,4,52,52
124,50,52,52
124,115,52,52
3,27,52,52
68,48,52,52
3,13,52,52
43,115,52,52
13,117,52,52
13,58,52,52
13,3,52,52
13,4,52,52
13,40,52,52
81,39,52,52
77,115,52,52
117,13,52,52
117,13,52,52
117,115,52,52
117,2,52,52
117,32,52,52
76,4,52,52
59,2,52,52
76,19,52,52
33,42,52,52
1,4,52,52
50,70,52,52
50,86,52,52
33,61,52,52
33,5,52,52
33,54,52,52
33,15,52,52
96,115,52,52
86,50,52,52
15,33,52,52
69,18,52,52
69,19,52,52
69,57,52,52
69,76,52,52
69,86,52,52
69,89,52,52
53,86,52,52
76,81,52,52
53,86,52,52
86,53,52,52
3,13,52,52
77,8,52,52
3,8,52,52
3,35,52,52
86,53,52,52
65,4,52,52
6,106,52,52
76,4,52,52
4,65,52,52
32,26,52,52
54,33,52,52
4,65,52,52
4,9,52,52
76,50,52,52
4,3,52,52
4,3,52,52
76,50,52,52
4,13,52,52
4,13,52,52
94,65,52,52
94,14,52,52
94,115,52,52
17,115,52,52
4,1,52,52
50,70,52,52
65,94,52,52
4,76,52,52
76,4,52,52
76,4,52,52
76,94,52,52
50,52,52,52
4,41,52,52
4,8,52,52
4,16,52,52
4,6,52,52
52,50,52,52
52,3,52,52
52,50,52,52
6,4,52,52
39,81,52,52
52,103,52,52
71,117,52,52
26,32,52,52
71,5,52,52
5,33,52,52
13,106,52,52
13,35,52,52
45,90,52,52
45,26,52,52
65,94,52,52
26,45,52,52
103,52,52,52
94,65,52,52
39,81,52,52
48,47,52,52
16,4,52,52
66,9,52,52
90,45,52,52
13,3,52,52
33,58,52,52
93,54,52,52
56,65,52,52
65,56,52,52
59,94,52,52
59,2,52,52
54,93,52,52
98,115,52,52
9,66,52,52
54,15,52,52
76,4,52,52
48,47,52,52
15,54,52,52
50,86,52,52
86,50,52,52
43,42,52,52
66,90,52,52
4,76,52,52
85,3,52,52
85,115,52,52
85,3,52,52
85,94,52,52
42,43,52,52
2,115,52,52
69,76,52,52
9,67,52,52
9,66,52,52
68,48,52,52
76,4,52,52
42,33,52,52
76,4,52,52
68,85,52,52
81,39,52,52
32,26,52,52
81,90,52,52
86,19,52,52
81,53,52,52
66,9,52,52
86,3,52,52
86,4,52,52
86,69,52,52
86,13,52,52
86,40,52,52
117,3,52,52
117,13,52,52
117,40,52,52
117,4,52,52
19,86,52,52
86,19,52,52
76,4,52,52
18,107,52,52
1,4,52,52
68,69,52,52
76,4,52,52
67,9,52,52
33,15,52,52
4,1,52,52
54,96,52,52
86,19,52,52
4,76,52,52
76,4,52,52
4,76,52,52
76,4,52,52
19,93,52,52
93,19,52,52
76,50,52,52
4,69,52,52
4,86,52,52
4,40,52,52
4,3,52,52
104,115,52,52
50,76,52,52
86,4,52,52
76,50,52,52
50,17,52,52
50,3,52,52
53,115,52,52
117,15,52,52
117,5,52,52
86,19,52,52
86,69,52,52
86,85,52,52
86,4,52,52
86,53,52,52
86,52,52,52
86,50,52,52
86,56,52,52
86,32,52,52
86,9,52,52
86,5,52,52
86,117,52,52
86,90,52,52
86,68,52,52
86,48,52,52
86,76,52,52
86,13,52,52
86,70,52,52
86,27,52,52
86,47,52,52
86,59,52,52
86,18,52,52
86,75,52,52
86,83,52,52
86,42,52,52
86,36,52,52
86,37,52,52
86,14,52,52
86,15,52,52
86,82,52,52
86,54,52,52
86,23,52,52
47,86,52,52
4,40,52,52
4,3,52,52
4,8,52,52
90,81,52,52
77,27,53,53
77,9,53,53
107,18,53,53
96,15,53,53
96,54,53,53
96,12,53,53
29,115,53,53
3,4,53,53
23,115,53,53
23,32,53,53
31,25,53,53
3,50,53,53
3,4,53,53
17,50,53,53
61,33,53,53
61,115,53,53
58,90,53,53
70,50,53,53
58,5,53,53
70,50,53,53
70,115,53,53
58,104,53,53
58,33,53,53
79,115,53,53
58,13,53,53
58,115,53,53
75,50,53,53
82,115,53,53
54,96,53,53
94,65,53,53
94,14,53,53
42,9,53,53
42,9,53,53
42,117,53,53
42,45,53,53
42,27,53,53
42,3,53,53
42,15,53,53
42,44,53,53
42,38,53,53
42,59,53,53
42,80,53,53
42,39,53,53
42,26,53,53
42,62,53,53
42,69,53,53
42,68,53,53
42,29,53,53
42,20,53,53
42,33,53,53
42,67,53,53
42,66,53,53
15,96,53,53
45,42,53,53
15,42,53,53
96,54,53,53
14,31,53,53
13,14,53,53
96,15,53,53
96,54,53,53
31,14,53,53
33,42,53,53
66,42,53,53
15,96,53,53
66,3,53,53
14,13,53,53
29,42,53,53
7,115,53,53
117,42,53,53
20,42,53,53
3,67,53,53
3,8,53,53
3,13,53,53
3,85,53,53
3,69,53,53
3,66,53,53
3,4,53,53
3,40,53,53
3,35,53,53
3,68,53,53
3,17,53,53
14,13,53,53
66,3,53,53
26,32,53,53
3,42,53,53
26,42,53,53
44,42,53,53
13,14,53,53
3,35,53,53
3,68,53,53
3,13,53,53
3,53,53,53
3,48,53,53
9,42,53,53
47,48,53,53
47,48,53,53
47,115,53,53
47,65,53,53
47,94,53,53
54,96,53,53
47,48,53,53
47,100,53,53
47,2,53,53
94,86,53,53
94,48,53,53
94,47,53,53
94,85,53,53
94,56,53,53
94,88,53,53
94,76,53,53
94,69,53,53
94,68,53,53
17,3,53,53
94,9,53,53
94,14,53,53
94,59,53,53
94,2,53,53
9,94,53,53
13,14,53,53
13,3,53,53
13,3,53,53
14,94,53,53
115,42,53,53
47,90,53,53
47,48,53,53
47,94,53,53
14,94,53,53
14,9,53,53
14,59,53,53
14,2,53,53
14,13,53,53
47,48,53,53
47,94,53,53
47,94,53,53
2,14,53,53
47,4,53,53
47,4,53,53
94,14,53,53
14,13,53,53
47,94,53,53
47,94,53,53
47,94,53,53
13,14,53,53
83,77,53,53
47,94,53,53
76,94,53,53
2,58,53,53
2,94,53,53
2,83,53,53
2,33,53,53
2,22,53,53
2,106,53,53
2,94,53,53
63,57,53,53
58,2,53,53
67,3,53,53
56,88,53,53
88,56,53,53
56,88,53,53
23,83,53,53
56,94,53,53
67,42,53,53
32,77,53,53
47,94,53,53
47,50,53,53
32,83,53,53
47,94,53,53
47,94,53,53
47,94,53,53
47,94,53,53
47,94,53,53
33,2,53,53
32,83,53,53
86,94,53,53
47,48,53,53
47,48,53,53
47,48,53,53
83,32,53,53
83,26,53,53
47,48,53,53
33,54,53,53
9,14,53,53
17,54,53,53
17,56,53,53
17,15,53,53
26,83,53,53
15,17,53,53
32,83,53,53
32,26,53,53
32,51,53,53
32,24,53,53
24,32,53,53
32,83,53,53
26,32,53,53
56,17,53,53
4,3,53,53
26,90,53,53
53,3,53,53
68,48,53,53
68,42,53,53
53,81,53,53
26,51,53,53
26,83,53,53
7,10,53,53
106,2,53,53
68,3,53,53
68,3,53,53
68,94,53,53
32,24,53,53
58,2,53,53
58,94,53,53
58,59,53,53
2,58,53,53
117,15,53,53
117,5,53,53
2,59,53,53
2,117,53,53
2,40,53,53
2,58,53,53
58,2,53,53
117,2,53,53
76,50,53,53
50,76,53,53
35,3,53,53
76,50,53,53
4,69,53,53
4,3,53,53
4,86,53,53
4,40,53,53
88,56,53,53
35,3,53,53
4,49,53,53
4,82,53,53
4,75,53,53
4,70,53,53
88,57,53,53
88,93,53,53
88,56,53,53
88,56,53,53
4,86,53,53
4,75,53,53
4,70,53,53
4,49,53,53
4,82,53,53
4,69,53,53
4,40,53,53
4,3,53,53
86,4,53,53
3,4,53,53
76,4,53,53
88,94,53,53
58,2,53,53
58,2,53,53
48,47,53,53
48,47,53,53
47,48,53,53
47,48,53,53
48,47,53,53
70,4,53,53
48,3,53,53
48,68,53,53
3,48,53,53
70,4,53,53
47,48,53,53
88,4,53,53
35,3,53,53
88,4,53,53
68,48,53,53
88,89,53,53
88,89,53,53
35,3,53,53
31,18,53,53
18,31,53,53
56,48,53,53
56,68,53,53
75,4,53,53
75,4,53,53
93,101,53,53
68,56,53,53
3,68,53,53
3,13,53,53
3,48,53,53
3,53,53,53
3,35,53,53
48,56,53,53
71,15,53,53
71,73,53,53
71,5,53,53
71,117,53,53
49,4,53,53
49,4,53,53
4,35,53,53
4,13,53,53
13,3,53,53
18,107,53,53
18,108,53,53
18,55,53,53
13,4,53,53
94,58,53,53
18,57,53,53
68,3,53,53
4,76,53,53
24,66,53,53
76,4,53,53
52,23,53,53
52,86,53,53
86,52,53,53
23,52,53,53
79,43,53,53
79,43,53,53
79,43,53,53
79,43,53,53
79,43,53,53
35,4,53,53
65,94,53,53
65,94,53,53
35,3,53,53
54,33,53,53
35,53,53,53
55,18,53,53
35,53,53,53
54,17,53,53
11,5,53,53
4,6,53,53
4,8,53,53
4,41,53,53
4,16,53,53
4,3,53,53
4,40,53,53
94,65,53,53
57,69,53,53
94,65,53,53
94,14,53,53
88,79,53,53
86,23,53,53
86,52,53,53
76,4,53,53
70,75,53,53
70,21,53,53
21,70,53,53
76,50,53,53
70,104,53,53
70,40,53,53
70,87,53,53
70,95,53,53
70,80,53,53
70,82,53,53
70,49,53,53
70,4,53,53
87,70,53,53
50,76,53,53
76,50,53,53
95,70,53,53
76,50,53,53
5,11,53,53
104,57,53,53
49,70,53,53
4,70,53,53
42,115,53,53
57,76,53,53
21,7,53,53
21,10,53,53
70,13,53,53
70,53,53,53
75,70,53,53
57,18,53,53
57,104,53,53
117,13,53,53
117,40,53,53
75,88,53,53
75,89,53,53
76,57,53,53
89,75,53,53
15,117,53,53
15,5,53,53
13,70,53,53
117,15,53,53
88,75,53,53
73,58,53,53
5,15,53,53
82,4,53,53
82,4,53,53
82,70,53,53
4,76,53,53
76,4,53,53
41,50,53,53
41,115,53,53
41,4,53,53
76,19,53,53
76,57,53,53
90,50,53,53
100,115,53,53
80,64,53,53
50,76,53,53
33,5,53,53
76,50,53,53
10,21,53,53
42,63,53,53
50,76,53,53
76,50,53,53
26,45,53,53
26,45,53,53
65,94,53,53
85,94,53,53
104,94,53,53
104,2,53,53
104,70,53,53
85,3,53,53
32,26,53,53
26,32,53,53
2,104,53,53
50,90,53,53
50,90,53,53
50,90,53,53
13,106,53,53
13,35,53,53
51,3,53,53
51,3,53,53
51,3,53,53
51,32,53,53
58,73,53,53
56,48,53,53
6,106,53,53
63,42,53,53
6,106,53,53
77,83,53,53
77,32,53,53
33,5,53,53
33,61,53,53
68,42,53,53
61,33,53,53
70,53,53,53
70,13,53,53
88,54,53,53
13,70,53,53
15,12,53,53
12,15,53,53
7,21,53,53
48,3,53,53
48,3,53,53
40,3,53,53
40,13,53,53
40,8,53,53
40,4,53,53
40,121,53,53
48,47,53,53
63,43,53,53
58,73,53,53
73,58,53,53
3,40,53,53
58,73,53,53
73,58,53,53
48,85,53,53
4,40,53,53
81,76,53,53
47,48,53,53
90,50,53,53
90,50,53,53
35,3,53,53
48,56,53,53
73,117,53,53
21,86,53,53
86,21,53,53
13,40,53,53
39,42,53,53
24,26,53,53
24,3,53,53
24,51,53,53
24,15,53,53
24,83,53,53
24,32,53,53
24,66,53,53
51,24,53,53
32,3,53,53
32,24,53,53
3,24,53,53
3,13,53,53
3,18,53,53
3,20,53,53
3,8,53,53
3,52,53,53
3,32,53,53
121,40,53,53
13,3,53,53
35,3,53,53
58,35,53,53
26,24,53,53
26,24,53,53
21,88,53,53
58,117,53,53
58,2,53,53
58,59,53,53
58,94,53,53
2,58,53,53
48,68,53,53
45,26,53,53
88,15,53,53
88,54,53,53
88,96,53,53
88,12,53,53
68,48,53,53
15,24,53,53
88,21,53,53
88,54,53,53
68,48,53,53
5,33,53,53
94,104,53,53
94,58,53,53
12,96,53,53
94,2,53,53
53,3,53,53
53,70,53,53
32,26,53,53
52,3,53,53
15,117,53,53
15,5,53,53
15,12,53,53
5,15,53,53
85,48,53,53
12,15,53,53
117,15,53,53
117,58,53,53
117,73,53,53
86,40,53,53
86,4,53,53
86,19,53,53
53,70,53,53
69,50,53,53
69,76,53,53
53,70,53,53
53,70,53,53
53,35,53,53
27,42,53,53
27,77,53,53
4,35,53,53
20,3,53,53
18,3,53,53
35,58,53,53
4,86,53,53
42,51,53,53
42,51,53,53
42,52,53,53
57,76,53,53
18,57,53,53
18,67,53,53
18,44,53,53
18,69,53,53
18,56,53,53
18,19,53,53
52,42,53,53
31,25,53,53
57,18,53,53
8,115,53,53
8,27,53,53
8,3,53,53
8,3,53,53
1,44,53,53
1,8,53,53
1,3,53,53
1,10,53,53
1,9,53,53
1,14,53,53
1,13,53,53
1,12,53,53
1,15,53,53
1,7,53,53
1,5,53,53
1,17,53,53
1,4,53,53
1,11,53,53
1,16,53,53
1,2,53,53
1,40,53,53
1,65,53,53
1,6,53,53
8,3,53,53
8,3,53,53
8,3,53,53
8,3,53,53
8,3,53,53
8,3,53,53
8,4,53,53
8,4,53,53
8,40,53,53
8,1,53,53
96,15,53,53
96,12,53,53
96,54,53,53
35,53,53,53
3,1,53,53
13,1,53,53
26,45,53,53
94,65,53,53
94,14,53,53
1,75,53,53
96,15,53,53
96,54,53,53
13,20,53,53
2,1,53,53
71,117,53,53
17,1,53,53
94,68,53,53
94,48,53,53
94,86,53,53
94,56,53,53
94,88,53,53
94,69,53,53
94,85,53,53
94,47,53,53
44,18,53,53
44,1,53,53
26,32,53,53
4,15,53,53
4,54,53,53
4,40,53,53
4,1,53,53
10,1,53,53
3,66,53,53
3,8,53,53
3,4,53,53
3,40,53,53
3,68,53,53
3,69,53,53
3,85,53,53
3,67,53,53
3,13,53,53
3,35,53,53
3,17,53,53
11,1,53,53
4,3,53,53
17,3,53,53
70,53,53,53
70,53,53,53
115,67,53,53
115,66,53,53
13,3,53,53
16,1,53,53
47,94,53,53
56,94,53,53
56,18,53,53
7,1,53,53
35,3,53,53
38,1,53,53
66,3,53,53
50,69,53,53
32,26,53,53
32,83,53,53
32,66,53,53
32,24,53,53
15,96,53,53
15,96,53,53
15,4,53,53
15,1,53,53
75,1,53,53
24,32,53,53
67,3,53,53
67,18,53,53
38,36,53,53
77,66,53,53
15,117,53,53
15,54,53,53
15,12,53,53
58,117,53,53
58,104,53,53
58,2,53,53
58,59,53,53
2,58,53,53
58,121,53,53
38,1,53,53
26,32,53,53
33,15,53,53
33,5,53,53
6,1,53,53
54,96,53,53
8,3,53,53
15,33,53,53
54,96,53,53
86,18,53,53
86,69,53,53
86,19,53,53
54,4,53,53
54,15,53,53
86,4,53,53
26,24,53,53
76,81,53,53
83,26,53,53
76,81,53,53
81,76,53,53
76,81,53,53
76,81,53,53
76,81,53,53
81,76,53,53
17,15,53,53
17,56,53,53
17,54,53,53
86,69,53,53
86,19,53,53
86,18,53,53
117,58,53,53
86,94,53,53
56,17,53,53
26,83,53,53
66,24,53,53
54,17,53,53
18,3,53,53
121,58,53,53
86,50,53,53
32,117,53,53
76,57,53,53
23,46,53,53
76,81,53,53
75,115,53,53
63,44,53,53
38,1,53,53
26,45,53,53
76,50,53,53
33,61,53,53
76,19,53,53
68,13,53,53
32,66,53,53
76,53,53,53
71,15,53,53
71,73,53,53
71,5,53,53
71,117,53,53
5,1,53,53
68,3,53,53
68,94,53,53
21,88,53,53
2,69,53,53
2,85,53,53
2,86,53,53
2,88,53,53
2,67,53,53
2,68,53,53
2,56,53,53
2,89,53,53
2,48,53,53
2,46,53,53
2,47,53,53
15,17,53,53
86,2,53,53
88,2,53,53
2,59,53,53
88,21,53,53
66,32,53,53
89,2,53,53
66,32,53,53
88,54,53,53
95,44,53,53
44,95,53,53
88,94,53,53
75,1,53,53
94,95,53,53
94,123,53,53
94,112,53,53
94,104,53,53
1,75,53,53
68,2,53,53
3,18,53,53
56,2,53,53
112,94,53,53
47,2,53,53
33,61,53,53
1,75,53,53
66,115,53,53
75,1,53,53
123,94,53,53
32,31,53,53
32,18,53,53
32,9,53,53
32,83,53,53
32,83,53,53
77,51,53,53
31,32,53,53
58,94,53,53
58,59,53,53
58,104,53,53
58,2,53,53
58,117,53,53
46,2,53,53
50,52,53,53
31,32,53,53
32,31,53,53
2,58,53,53
77,66,53,53
94,58,53,53
18,32,53,53
50,76,53,53
94,65,53,53
94,14,53,53
32,26,53,53
50,86,53,53
86,50,53,53
32,8,53,53
3,13,53,53
3,8,53,53
3,53,53,53
95,94,53,53
26,32,53,53
52,50,53,53
115,67,53,53
90,50,53,53
2,59,53,53
2,117,53,53
2,40,53,53
2,58,53,53
11,5,53,53
115,66,53,53
115,67,53,53
53,3,53,53
70,75,53,53
5,11,53,53
5,33,53,53
105,103,53,53
13,3,53,53
76,50,53,53
76,50,53,53
50,76,53,53
76,50,53,53
67,66,53,53
67,115,53,53
47,18,53,53
9,32,53,53
69,76,53,53
69,86,53,53
69,89,53,53
9,66,53,53
66,9,53,53
58,2,53,53
53,3,53,53
33,61,53,53
4,69,53,53
4,76,53,53
4,68,53,53
4,86,53,53
4,48,53,53
4,47,53,53
4,70,53,53
4,75,53,53
4,40,53,53
4,6,53,53
4,16,53,53
4,3,53,53
4,8,53,53
4,41,53,53
4,66,53,53
4,18,53,53
8,32,53,53
8,3,53,53
58,121,53,53
75,70,53,53
56,88,53,53
76,59,53,53
86,89,53,53
13,106,53,53
13,35,53,53
76,53,53,53
33,15,53,53
15,33,53,53
3,53,53,53
88,56,53,53
69,53,53,53
69,76,53,53
85,2,53,53
85,3,53,53
85,94,53,53
69,76,53,53
76,50,53,53
50,76,53,53
76,50,53,53
103,105,53,53
43,63,53,53
1,70,53,53
66,80,53,53
18,47,53,53
105,103,53,53
65,94,53,53
103,105,53,53
50,70,53,53
76,53,53,53
69,3,53,53
69,8,53,53
69,4,53,53
3,41,53,53
3,50,53,53
70,50,53,53
70,1,53,53
50,41,53,53
50,8,53,53
50,3,53,53
3,50,53,53
15,33,53,53
2,29,53,53
2,106,53,53
2,22,53,53
2,98,53,53
117,80,53,53
8,50,53,53
29,2,53,53
98,2,53,53
3,53,53,53
76,19,53,53
20,3,53,53
3,20,53,53
106,2,53,53
3,20,53,53
3,90,53,53
20,3,53,53
53,3,53,53
53,76,53,53
32,9,53,53
32,83,53,53
53,69,53,53
69,53,53,53
69,76,53,53
106,133,53,53
106,58,53,53
106,6,53,53
106,74,53,53
106,130,53,53
43,79,53,53
43,81,53,53
43,58,53,53
21,47,53,53
43,29,53,53
33,15,53,53
47,21,53,53
56,39,53,53
113,43,53,53
42,43,53,53
42,63,53,53
42,22,53,53
42,31,53,53
58,29,53,53
58,95,53,53
47,81,53,53
29,58,53,53
6,94,53,53
6,20,53,53
6,93,53,53
6,101,53,53
6,40,53,53
54,93,53,53
93,54,53,53
39,119,53,53
39,56,53,53
101,6,53,53
76,53,53,53
65,94,53,53
65,1,53,53
53,76,53,53
76,53,53,53
76,53,53,53
43,42,53,53
53,76,53,53
53,76,53,53
76,53,53,53
19,18,53,53
68,13,53,53
76,53,53,53
76,53,53,53
53,76,53,53
76,53,53,53
80,38,53,53
38,80,53,53
47,48,53,53
79,43,53,53
83,60,53,53
67,2,53,53
53,70,53,53
53,35,53,53
63,42,53,53
67,80,53,53
67,115,53,53
67,115,53,53
76,19,53,53
59,58,53,53
59,2,53,53
59,58,53,53
59,2,53,53
59,76,53,53
62,15,53,53
62,3,53,53
76,50,53,53
93,6,53,53
50,76,53,53
76,50,53,53
76,50,53,53
117,58,53,53
117,32,53,53
19,57,53,53
76,19,53,53
91,19,53,53
91,80,53,53
91,19,53,53
91,19,53,53
91,19,53,53
50,76,53,53
76,50,53,53
76,50,53,53
86,69,53,53
86,50,53,53
86,81,53,53
86,3,53,53
50,76,53,53
86,40,53,53
86,4,53,53
19,57,53,53
76,50,53,53
59,2,53,53
69,50,53,53
86,81,53,53
53,70,53,53
53,35,53,53
53,70,53,53
53,48,53,53
59,2,53,53
57,19,53,53
57,19,53,53
20,6,53,53
40,16,53,53
40,53,53,53
4,86,53,53
121,58,53,53
42,44,53,53
42,22,53,53
42,44,53,53
70,53,53,53
70,53,53,53
70,53,53,53
95,58,53,53
15,62,53,53
96,15,53,53
96,12,53,53
96,54,53,53
15,96,53,53
3,62,53,53
3,51,53,53
3,8,53,53
3,13,53,53
3,53,53,53
3,50,53,53
3,35,53,53
3,20,53,53
33,15,53,53
3,18,53,53
96,15,53,53
96,54,53,53
8,3,53,53
51,42,53,53
51,42,53,53
51,3,53,53
13,3,53,53
12,96,53,53
12,1,53,53
12,96,53,53
12,15,53,53
54,96,53,53
115,66,53,53
115,67,53,53
40,82,53,53
20,3,53,53
82,40,53,53
44,42,53,53
44,42,53,53
37,115,53,53
33,15,53,53
15,96,53,53
94,6,53,53
33,83,53,53
35,3,53,53
3,66,53,53
3,67,53,53
3,13,53,53
3,4,53,53
3,35,53,53
3,68,53,53
3,69,53,53
3,8,53,53
3,40,53,53
3,17,53,53
17,3,53,53
35,3,53,53
32,24,53,53
32,26,53,53
35,53,53,53
35,53,53,53
24,32,53,53
83,33,53,53
59,58,53,53
54,96,53,53
60,83,53,53
13,3,53,53
94,88,53,53
94,47,53,53
94,56,53,53
94,76,53,53
94,69,53,53
94,68,53,53
94,86,53,53
94,48,53,53
94,85,53,53
33,83,53,53
76,81,53,53
4,3,53,53
76,94,53,53
39,51,53,53
56,94,53,53
32,24,53,53
32,26,53,53
32,83,53,53
2,69,53,53
86,4,53,53
86,94,53,53
89,69,53,53
37,38,53,53
2,68,53,53
68,3,53,53
17,56,53,53
17,15,53,53
17,54,53,53
15,17,53,53
68,2,53,53
68,94,53,53
88,54,53,53
88,96,53,53
88,12,53,53
88,15,53,53
56,17,53,53
54,17,53,53
81,47,53,53
81,8,53,53
81,55,53,53
81,50,53,53
61,33,53,53
86,4,53,53
86,40,53,53
86,93,53,53
86,101,53,53
86,124,53,53
86,27,53,53
47,94,53,53
47,81,53,53
76,69,53,53
40,50,53,53
55,81,53,53
54,39,53,53
54,120,53,53
54,15,53,53
15,54,53,53
117,2,53,53
117,15,53,53
50,35,53,53
50,8,53,53
50,3,53,53
50,53,53,53
50,13,53,53
50,16,53,53
50,52,53,53
33,61,53,53
52,50,53,53
13,50,53,53
53,50,53,53
53,40,53,53
53,3,53,53
3,50,53,53
35,50,53,53
8,3,53,53
8,50,53,53
68,2,53,53
15,62,53,53
8,81,53,53
117,14,53,53
117,9,53,53
117,65,53,53
117,58,53,53
75,50,53,53
50,49,53,53
3,85,53,53
3,69,53,53
86,4,53,53
56,5,53,53
71,15,53,53
71,73,53,53
71,5,53,53
71,117,53,53
4,82,53,53
4,49,53,53
4,75,53,53
16,50,53,53
58,9,53,53
58,14,53,53
58,65,53,53
58,117,53,53
88,5,53,53
75,4,53,53
75,70,53,53
115,66,53,53
65,58,53,53
76,4,53,53
76,75,53,53
69,68,53,53
69,3,53,53
75,76,53,53
75,4,53,53
76,75,53,53
76,75,53,53
3,50,53,53
59,2,53,53
59,58,53,53
59,94,53,53
59,42,53,53
88,94,53,53
86,4,53,53
86,40,53,53
4,75,53,53
42,51,53,53
4,76,53,53
4,75,53,53
40,86,53,53
76,4,53,53
86,40,53,53
76,53,53,53
4,75,53,53
4,86,53,53
59,42,53,53
51,39,53,53
76,89,53,53
76,89,53,53
49,4,53,53
26,32,53,53
49,50,53,53
70,75,53,53
86,4,53,53
5,56,53,53
12,15,53,53
68,48,53,53
68,85,53,53
68,47,53,53
69,2,53,53
76,19,53,53
52,103,53,53
117,58,53,53
117,71,53,53
117,73,53,53
5,88,53,53
5,56,53,53
59,2,53,53
77,51,53,53
56,5,53,53
86,4,53,53
86,40,53,53
15,12,53,53
40,86,53,53
56,47,53,53
47,56,53,53
54,96,53,53
54,96,53,53
6,106,53,53
6,106,53,53
33,15,53,53
59,2,53,53
59,79,53,53
59,56,53,53
50,27,53,53
50,3,53,53
42,63,53,53
6,106,53,53
3,50,53,53
39,54,53,53
120,54,53,53
33,54,53,53
33,83,53,53
3,51,53,53
3,62,53,53
3,50,53,53
3,8,53,53
3,13,53,53
3,52,53,53
3,18,53,53
3,20,53,53
96,54,53,53
52,3,53,53
38,44,53,53
68,13,53,53
75,4,53,53
75,4,53,53
85,3,53,53
32,26,53,53
85,94,53,53
44,104,53,53
44,123,53,53
44,95,53,53
44,7,53,53
44,79,53,53
44,112,53,53
44,10,53,53
26,32,53,53
112,44,53,53
7,44,53,53
26,32,53,53
123,44,53,53
38,69,53,53
38,44,53,53
38,13,53,53
38,3,53,53
38,67,53,53
38,1,53,53
38,36,53,53
38,37,53,53
38,68,53,53
38,56,53,53
38,18,53,53
38,59,53,53
38,15,53,53
38,117,53,53
38,9,53,53
38,66,53,53
104,44,53,53
85,81,53,53
32,51,53,53
32,15,53,53
32,3,53,53
32,8,53,53
32,83,53,53
32,24,53,53
24,66,53,53
24,3,53,53
24,51,53,53
24,60,53,53
24,26,53,53
24,32,53,53
51,42,53,53
51,3,53,53
94,65,53,53
94,14,53,53
51,32,53,53
51,24,53,53
54,33,53,53
3,24,53,53
39,53,53,53
20,3,53,53
3,20,53,53
3,13,53,53
3,8,53,53
3,51,53,53
3,35,53,53
3,4,53,53
3,32,53,53
51,3,53,53
4,3,53,53
3,13,53,53
10,44,53,53
88,5,53,53
76,69,53,53
3,52,53,53
3,8,53,53
3,13,53,53
3,51,53,53
3,18,53,53
3,50,53,53
3,53,53,53
3,4,53,53
3,40,53,53
3,35,53,53
3,20,53,53
3,41,53,53
52,3,53,53
51,3,53,53
95,44,53,53
63,42,53,53
4,3,53,53
76,70,53,53
76,4,53,53
8,32,53,53
8,3,53,53
8,3,53,53
69,86,53,53
89,56,53,53
56,89,53,53
53,3,53,53
8,3,53,53
15,32,53,53
53,3,53,53
3,53,53,53
88,89,53,53
53,39,53,53
35,106,53,53
4,13,53,53
4,35,53,53
86,50,53,53
86,81,53,53
86,69,53,53
53,39,53,53
26,24,53,53
53,39,53,53
48,94,53,53
48,94,53,53
3,66,53,53
48,94,53,53
117,58,53,53
39,53,53,53
39,53,53,53
98,95,53,53
98,42,53,53
98,43,53,53
98,93,53,53
98,89,53,53
98,63,53,53
39,29,53,53
39,119,53,53
20,3,53,53
89,98,53,53
20,3,53,53
93,98,53,53
106,35,53,53
29,94,53,53
29,39,53,53
48,2,53,53
79,44,53,53
96,54,53,53
115,90,53,53
115,67,53,53
115,66,53,53
115,66,53,53
115,26,53,53
115,66,53,53
50,41,53,53
50,48,53,53
50,93,53,53
50,101,53,53
50,124,53,53
50,27,53,53
96,54,53,53
96,15,53,53
93,50,53,53
38,1,53,53
35,3,53,53
95,98,53,53
35,3,53,53
88,54,53,53
88,57,53,53
88,93,53,53
61,117,53,53
54,96,53,53
15,96,53,53
39,51,53,53
103,52,53,53
59,94,53,53
48,68,53,53
48,50,53,53
63,98,53,53
15,33,53,53
106,73,53,53
106,117,53,53
73,106,53,53
33,15,53,53
68,48,53,53
50,86,53,53
50,69,53,53
50,81,53,53
50,3,53,53
86,50,53,53
3,50,53,53
50,53,53,53
104,58,53,53
104,94,53,53
69,86,53,53
69,76,53,53
50,69,53,53
51,39,53,53
119,39,53,53
94,29,53,53
119,115,53,53
53,50,53,53
119,29,53,53
119,39,53,53
69,50,53,53
65,94,53,53
82,4,53,53
54,96,53,53
117,106,53,53
117,61,53,53
86,19,53,53
86,4,53,53
86,40,53,53
117,83,53,53
117,32,53,53
86,69,53,53
86,50,53,53
86,81,53,53
86,3,53,53
85,55,53,53
50,70,53,53
50,75,53,53
86,81,53,53
86,40,53,53
77,66,54,54
90,115,54,54
90,27,54,54
141,104,54,54
138,47,54,54
145,68,54,54
150,36,54,54
13,4,54,54
13,3,54,54
13,3,54,54
13,3,54,54
13,3,54,54
54,33,54,54
101,50,54,54
54,88,54,54
96,54,54,54
96,15,54,54
96,12,54,54
148,84,54,54
33,54,54,54
33,54,54,54
18,3,54,54
40,16,54,54
40,41,54,54
18,3,54,54
18,57,54,54
18,19,54,54
18,107,54,54
18,55,54,54
18,99,54,54
18,108,54,54
18,3,54,54
57,18,54,54
107,18,54,54
42,98,54,54
16,40,54,54
42,63,54,54
14,58,54,54
26,115,54,54
70,50,54,54
42,112,54,54
55,18,54,54
75,50,54,54
15,96,54,54
12,96,54,54
143,80,54,54
94,65,54,54
94,14,54,54
13,35,54,54
139,57,54,54
3,35,54,54
3,69,54,54
3,66,54,54
3,67,54,54
3,8,54,54
3,13,54,54
3,4,54,54
3,40,54,54
3,68,54,54
3,85,54,54
3,17,54,54
35,106,54,54
13,3,54,54
18,31,54,54
35,4,54,54
14,13,54,54
8,3,54,54
13,14,54,54
96,15,54,54
96,54,54,54
96,54,54,54
94,56,54,54
94,88,54,54
94,76,54,54
94,69,54,54
94,68,54,54
94,86,54,54
94,48,54,54
94,85,54,54
94,47,54,54
56,94,54,54
13,14,54,54
47,94,54,54
14,13,54,54
35,3,54,54
17,3,54,54
14,13,54,54
59,26,54,54
59,80,54,54
106,35,54,54
88,54,54,54
88,54,54,54
13,14,54,54
13,14,54,54
14,13,54,54
14,13,54,54
14,94,54,54
14,65,54,54
13,14,54,54
13,14,54,54
14,13,54,54
14,13,54,54
59,94,54,54
59,79,54,54
59,2,54,54
76,94,54,54
13,14,54,54
13,14,54,54
15,88,54,54
88,15,54,54
56,68,54,54
68,47,54,54
68,56,54,54
68,56,54,54
68,3,54,54
68,94,54,54
54,96,54,54
54,96,54,54
17,56,54,54
17,15,54,54
17,54,54,54
54,33,54,54
57,88,54,54
15,96,54,54
15,17,54,54
56,17,54,54
14,13,54,54
88,57,54,54
14,13,54,54
58,33,54,54
58,54,54,54
58,29,54,54
58,23,54,54
58,83,54,54
58,106,54,54
71,74,54,54
29,58,54,54
14,13,54,54
35,13,54,54
54,15,54,54
144,38,54,54
88,94,54,54
106,58,54,54
29,42,54,54
86,88,54,54
40,8,54,54
40,3,54,54
13,35,54,54
86,94,54,54
4,3,54,54
13,14,54,54
8,40,54,54
13,14,54,54
14,13,54,54
13,14,54,54
4,86,54,54
71,73,54,54
71,117,54,54
71,15,54,54
38,1,54,54
13,14,54,54
86,4,54,54
86,4,54,54
86,19,54,54
31,18,54,54
31,42,54,54
14,13,54,54
81,39,54,54
39,81,54,54
23,58,54,54
112,42,54,54
15,54,54,54
33,58,54,54
3,40,54,54
23,46,54,54
23,34,54,54
71,15,54,54
71,73,54,54
71,117,54,54
65,94,54,54
54,17,54,54
54,58,54,54
33,2,54,54
54,12,54,54
2,33,54,54
12,54,54,54
71,15,54,54
65,14,54,54
6,106,54,54
34,23,54,54
4,69,54,54
4,68,54,54
4,86,54,54
4,76,54,54
4,6,54,54
4,48,54,54
4,47,54,54
4,3,54,54
4,40,54,54
4,16,54,54
4,121,54,54
4,8,54,54
4,41,54,54
76,4,54,54
71,73,54,54
59,84,54,54
59,76,54,54
59,47,54,54
59,94,54,54
59,2,54,54
59,68,54,54
59,69,54,54
59,56,54,54
59,85,54,54
59,86,54,54
59,89,54,54
59,48,54,54
59,88,54,54
88,54,54,54
88,96,54,54
88,12,54,54
88,15,54,54
94,14,54,54
4,76,54,54
94,59,54,54
94,2,54,54
76,4,54,54
76,4,54,54
59,94,54,54
42,29,54,54
4,76,54,54
2,94,54,54
48,94,54,54
71,104,54,54
76,69,54,54
76,4,54,54
101,93,54,54
86,40,54,54
86,4,54,54
86,50,54,54
86,52,54,54
93,101,54,54
93,101,54,54
93,101,54,54
93,101,54,54
93,101,54,54
101,93,54,54
32,3,54,54
124,50,54,54
58,83,54,54
32,128,54,54
32,3,54,54
32,8,54,54
32,51,54,54
32,26,54,54
32,24,54,54
32,23,54,54
1,38,54,54
23,32,54,54
24,32,54,54
23,58,54,54
23,83,54,54
23,46,54,54
23,29,54,54
58,23,54,54
26,32,54,54
71,15,54,54
71,73,54,54
71,5,54,54
71,117,54,54
128,32,54,54
4,86,54,54
86,4,54,54
72,117,54,54
128,115,54,54
94,65,54,54
94,14,54,54
14,94,54,54
76,81,54,54
59,38,54,54
59,1,54,54
29,23,54,54
1,38,54,54
65,94,54,54
8,32,54,54
47,48,54,54
38,1,54,54
76,69,54,54
76,4,54,54
50,86,54,54
81,86,54,54
81,50,54,54
86,81,54,54
1,59,54,54
86,50,54,54
59,1,54,54
21,69,54,54
3,32,54,54
73,9,54,54
73,14,54,54
73,65,54,54
3,32,54,54
14,73,54,54
21,86,54,54
6,106,54,54
13,1,54,54
13,7,54,54
13,40,54,54
81,101,54,54
1,13,54,54
41,8,54,54
101,81,54,54
12,15,54,54
33,74,54,54
15,12,54,54
73,117,54,54
73,9,54,54
80,18,54,54
80,18,54,54
86,21,54,54
86,50,54,54
41,3,54,54
6,106,54,54
47,50,54,54
101,76,54,54
6,106,54,54
120,54,54,54
21,47,54,54
76,101,54,54
46,23,54,54
81,76,54,54
81,50,54,54
88,115,54,54
76,81,54,54
47,21,54,54
8,41,54,54
13,20,54,54
94,86,54,54
94,69,54,54
94,59,54,54
94,9,54,54
94,14,54,54
62,3,54,54
59,94,54,54
86,94,54,54
3,62,54,54
3,13,54,54
3,62,54,54
13,3,54,54
65,73,54,54
5,73,54,54
5,117,54,54
5,71,54,54
73,5,54,54
76,81,54,54
14,67,54,54
14,9,54,54
77,9,54,54
77,66,54,54
20,13,54,54
4,70,54,54
4,56,54,54
4,89,54,54
4,6,54,54
4,29,54,54
4,69,54,54
4,68,54,54
4,49,54,54
4,82,54,54
4,75,54,54
4,48,54,54
4,35,54,54
4,13,54,54
4,3,54,54
4,53,54,54
4,76,54,54
4,81,54,54
4,40,54,54
4,20,54,54
4,16,54,54
4,18,54,54
4,57,54,54
4,106,54,54
4,58,54,54
13,4,54,54
54,120,54,54
58,4,54,54
76,4,54,54
57,4,54,54
58,4,54,54
4,58,54,54
57,4,54,54
4,57,54,54
89,4,54,54
68,69,54,54
68,56,54,54
77,66,54,54
68,4,54,54
35,4,54,54
58,2,54,54
58,59,54,54
58,117,54,54
58,94,54,54
106,4,54,54
48,4,54,54
12,15,54,54
94,58,54,54
2,58,54,54
15,12,54,54
6,4,54,54
4,76,54,54
76,4,54,54
106,4,54,54
106,6,54,54
106,130,54,54
106,74,54,54
106,58,54,54
106,11,54,54
106,2,54,54
106,33,54,54
4,106,54,54
2,106,54,54
29,4,54,54
6,106,54,54
59,58,54,54
56,69,54,54
3,4,54,54
49,4,54,54
43,42,54,54
43,113,54,54
3,32,54,54
3,51,54,54
3,26,54,54
3,24,54,54
3,8,54,54
3,128,54,54
32,3,54,54
3,20,54,54
20,3,54,54
12,15,54,54
76,19,54,54
62,3,54,54
70,4,54,54
74,106,54,54
75,4,54,54
50,86,54,54
50,69,54,54
50,81,54,54
50,3,54,54
3,50,54,54
13,106,54,54
13,35,54,54
16,4,54,54
16,57,54,54
57,16,54,54
20,3,54,54
3,20,54,54
12,15,54,54
86,94,54,54
86,14,54,54
86,59,54,54
86,9,54,54
3,20,54,54
3,62,54,54
3,8,54,54
3,13,54,54
3,51,54,54
3,52,54,54
3,18,54,54
52,3,54,54
62,3,54,54
15,12,54,54
15,12,54,54
86,50,54,54
58,106,54,54
76,4,54,54
76,75,54,54
33,106,54,54
76,57,54,54
20,3,54,54
59,47,54,54
59,68,54,54
81,76,54,54
76,81,54,54
24,3,54,54
12,15,54,54
8,3,54,54
8,3,54,54
15,12,54,54
6,106,54,54
43,79,54,54
69,53,54,54
13,3,54,54
53,4,54,54
4,76,54,54
12,15,54,54
76,4,54,54
76,4,54,54
53,69,54,54
24,66,54,54
24,26,54,54
15,12,54,54
79,43,54,54
68,67,54,54
68,59,54,54
86,4,54,54
86,40,54,54
18,80,54,54
34,24,54,54
18,80,54,54
18,4,54,54
18,3,54,54
24,34,54,54
56,4,54,54
12,15,54,54
15,12,54,54
39,3,54,54
39,53,54,54
39,66,54,54
76,4,54,54
68,85,54,54
70,75,54,54
70,56,54,54
69,68,54,54
68,48,54,54
39,3,54,54
39,66,54,54
76,69,54,54
96,15,54,54
96,54,54,54
96,12,54,54
12,96,54,54
32,15,54,54
32,83,54,54
32,8,54,54
32,51,54,54
32,26,54,54
32,3,54,54
32,24,54,54
86,19,54,54
50,49,54,54
53,39,54,54
68,67,54,54
68,3,54,54
68,117,54,54
68,66,54,54
68,9,54,54
68,15,54,54
68,56,54,54
68,69,54,54
54,96,54,54
50,49,54,54
76,50,54,54
3,39,54,54
3,39,54,54
19,18,54,54
85,3,54,54
85,94,54,54
