source,target,time_stamps/seconds,time_window
1157,1232,0,0
1157,1191,0,0
1157,1159,0,0
1157,1159,0,0
1159,1191,0,0
1159,1191,0,0
1159,1191,0,0
1159,1191,0,0
1159,1191,0,0
1144,1159,0,0
1144,1191,0,0
1144,1191,0,0
1144,1191,0,0
1144,1191,0,0
1144,1191,0,0
1144,1191,0,0
1144,1191,0,0
1144,1191,0,0
1144,1191,0,0
1144,1191,0,0
1144,1191,0,0
1157,1159,0,0
1144,1191,0,0
1144,1159,0,0
1157,1159,0,0
1144,1159,0,0
1157,1159,0,0
1144,1159,0,0
1144,1159,0,0
1152,1191,0,0
1152,1191,0,0
1152,1191,0,0
1105,1295,0,0
1105,1295,0,0
1157,1191,0,0
1157,1191,0,0
1157,1191,0,0
1105,1295,0,0
1105,1295,0,0
1109,1295,0,0
1105,1295,0,0
1105,1114,0,0
1105,1295,0,0
1109,1115,0,0
1109,1115,0,0
1109,1295,0,0
1098,1181,0,0
1105,1109,0,0
1105,1295,0,0
1098,1164,0,0
1105,1295,0,0
1116,1164,0,0
1164,1295,0,0
1232,1295,0,0
1105,1295,0,0
1109,1164,0,0
1116,1164,0,0
1116,1295,0,0
1109,1232,0,0
1116,1164,0,0
1109,1232,0,0
1114,1295,0,0
1193,1232,0,0
1109,1232,0,0
1116,1164,0,0
1109,1193,0,0
1193,1295,0,0
1142,1149,0,0
1109,1232,0,0
1098,1114,0,0
1116,1164,0,0
1109,1295,0,0
1193,1295,0,0
1116,1193,0,0
1164,1193,0,0
1116,1164,0,0
1193,1295,0,0
1116,1193,0,0
1164,1295,0,0
1164,1193,0,0
1105,1164,0,0
1193,1295,0,0
1116,1295,0,0
1164,1295,0,0
1114,1116,0,0
1105,1179,0,0
1105,1232,0,0
1098,1114,0,0
1179,1232,0,0
1114,1116,0,0
1193,1232,0,0
1105,1232,0,0
1098,1114,0,0
1181,1232,0,0
1105,1232,0,0
1164,1232,0,0
1098,1114,0,0
1105,1164,0,0
1114,1116,0,0
1181,1295,0,0
1098,1114,0,0
1232,1295,0,0
1105,1295,0,0
1105,1164,0,0
1098,1114,0,0
1232,1295,0,0
1105,1232,0,0
1105,1295,0,0
1105,1109,0,0
1098,1193,0,0
1105,1232,0,0
1105,1193,0,0
1105,1295,0,0
1109,1193,0,0
1109,1295,0,0
1105,1109,0,0
1105,1232,0,0
1105,1193,0,0
1109,1193,0,0
1193,1295,0,0
1116,1193,0,0
1105,1193,0,0
1105,1295,0,0
1105,1116,0,0
1193,1295,0,0
1105,1109,0,0
1105,1193,0,0
1157,1191,0,0
1105,1295,0,0
1109,1193,0,0
1193,1295,0,0
1116,1193,0,0
1105,1109,0,0
1105,1193,0,0
1157,1191,0,0
1105,1295,0,0
1105,1116,0,0
1109,1295,0,0
1193,1295,0,0
1105,1109,0,0
1157,1191,0,0
1109,1193,0,0
1109,1295,0,0
1105,1232,0,0
1157,1191,0,0
1109,1149,0,0
1149,1232,0,0
1157,1191,0,0
1105,1109,0,0
1149,1232,0,0
1157,1191,0,0
1157,1191,0,0
1157,1191,0,0
1149,1232,0,0
1157,1191,0,0
1142,1149,0,0
1157,1191,0,0
1098,1114,0,0
1157,1191,0,0
1157,1191,0,0
1114,1142,0,0
1157,1191,0,0
1157,1191,0,0
1157,1191,0,0
1157,1191,0,0
1157,1191,0,0
1142,1193,0,0
1193,1295,0,0
1157,1191,0,0
1105,1114,0,0
1157,1191,0,0
1114,1193,0,0
1157,1191,0,0
1157,1191,0,0
1157,1191,0,0
1157,1191,0,0
1157,1191,0,0
1149,1232,0,0
1157,1191,0,0
1157,1191,0,0
1157,1191,0,0
1109,1193,0,0
1157,1191,0,0
1157,1191,0,0
1149,1232,0,0
1157,1191,0,0
1109,1295,0,0
1193,1295,0,0
1157,1191,0,0
1193,1295,0,0
1149,1232,0,0
1157,1191,0,0
1149,1232,0,0
1157,1191,0,0
1157,1191,0,0
1109,1193,0,0
1157,1191,0,0
1109,1193,0,0
1157,1191,0,0
1109,1193,0,0
1157,1191,0,0
1109,1193,0,0
1157,1191,0,0
1109,1193,0,0
1098,1114,0,0
1157,1191,0,0
1109,1193,0,0
1149,1232,0,0
1157,1191,0,0
1157,1191,0,0
1157,1191,0,0
1157,1191,0,0
1193,1295,0,0
1157,1191,0,0
1193,1295,0,0
1157,1191,0,0
1105,1114,0,0
1105,1193,0,0
1157,1191,0,0
1193,1295,0,0
1157,1191,0,0
1105,1295,0,0
1105,1116,0,0
1109,1295,0,0
1193,1295,0,0
1109,1142,0,0
1157,1191,0,0
1109,1295,0,0
1193,1295,0,0
1149,1232,0,0
1105,1193,0,0
1157,1191,0,0
1142,1295,0,0
1149,1232,0,0
1157,1191,0,0
1105,1295,0,0
1149,1232,0,0
1157,1191,0,0
1142,1295,0,0
1149,1232,0,0
1116,1142,0,0
1105,1142,0,0
1157,1191,0,0
1142,1295,0,0
1157,1191,0,0
1105,1295,0,0
1157,1191,0,0
1232,1295,0,0
1109,1164,0,0
1105,1116,0,0
1157,1191,0,0
1157,1191,0,0
1232,1295,0,0
1105,1164,0,0
1105,1116,0,0
1157,1191,0,0
1232,1295,0,0
1105,1295,0,0
1157,1191,0,0
1232,1295,0,0
1157,1191,0,0
1157,1191,0,0
1157,1191,0,0
1157,1191,0,0
1157,1191,0,0
1157,1191,0,0
1157,1191,0,0
1157,1191,0,0
1157,1191,0,0
1157,1191,0,0
1157,1191,0,0
1157,1191,0,0
1157,1191,0,0
1157,1191,0,0
1157,1191,0,0
1157,1191,0,0
1157,1191,0,0
1157,1191,0,0
1157,1191,0,0
1157,1191,0,0
1157,1191,0,0
1157,1191,0,0
1157,1191,1,1
1157,1191,1,1
1152,1168,1,1
1157,1191,1,1
1157,1191,1,1
1157,1191,1,1
1152,1193,1,1
1157,1191,1,1
1157,1191,1,1
1157,1191,1,1
1152,1168,1,1
1157,1191,1,1
1098,1152,1,1
1157,1191,1,1
1157,1191,1,1
1157,1191,1,1
1114,1144,1,1
1157,1191,1,1
1157,1191,1,1
1142,1193,1,1
1114,1116,1,1
1157,1191,1,1
1157,1191,1,1
1157,1191,1,1
1157,1191,1,1
1157,1191,1,1
1157,1191,1,1
1114,1152,1,1
1157,1191,1,1
1157,1191,1,1
1157,1191,1,1
1157,1191,1,1
1157,1191,1,1
1157,1191,1,1
1157,1191,1,1
1157,1191,1,1
1157,1191,1,1
1179,1196,1,1
1157,1191,1,1
1157,1191,1,1
1157,1191,1,1
1157,1191,1,1
1157,1191,1,1
1157,1191,1,1
1157,1191,1,1
1157,1191,1,1
1157,1191,1,1
1157,1191,1,1
1157,1191,1,1
1157,1191,1,1
1157,1191,1,1
1157,1191,1,1
1157,1191,1,1
1157,1191,1,1
1157,1191,1,1
1157,1191,1,1
1157,1191,1,1
1157,1191,1,1
1157,1191,1,1
1157,1191,1,1
1157,1191,1,1
1157,1191,1,1
1157,1191,1,1
1157,1191,1,1
1157,1191,1,1
1157,1191,1,1
1157,1191,1,1
1157,1191,1,1
1157,1191,1,1
1157,1191,1,1
1157,1191,1,1
1157,1191,1,1
1157,1191,1,1
1157,1191,1,1
1157,1191,1,1
1157,1191,1,1
1157,1191,1,1
1157,1191,1,1
1157,1191,1,1
1157,1191,1,1
1157,1191,1,1
1157,1191,1,1
1157,1191,1,1
1157,1191,1,1
1157,1191,1,1
1157,1191,1,1
1157,1191,1,1
1157,1191,1,1
1157,1191,1,1
1157,1191,1,1
1157,1191,1,1
1157,1191,1,1
1157,1191,1,1
1157,1191,1,1
1157,1191,1,1
1157,1191,1,1
1157,1191,1,1
1157,1191,1,1
1098,1191,1,1
1098,1191,1,1
1157,1191,1,1
1098,1157,1,1
1114,1191,1,1
1114,1191,1,1
1114,1191,1,1
1179,1191,1,1
1157,1168,1,1
1098,1191,1,1
1098,1196,1,1
1114,1191,1,1
1157,1168,1,1
1152,1191,1,1
1157,1191,1,1
1152,1191,1,1
1157,1191,1,1
1152,1191,1,1
1157,1191,1,1
1152,1157,1,1
1157,1191,1,1
1152,1191,1,1
1114,1152,1,1
1157,1191,1,1
1152,1157,1,1
1157,1191,1,1
1157,1191,1,1
1157,1191,1,1
1157,1191,1,1
1152,1191,1,1
1193,1196,1,1
1193,1196,1,1
1193,1196,1,1
1193,1196,1,1
1114,1179,1,1
1116,1179,1,1
1114,1179,1,1
1114,1179,1,1
1179,1365,1,1
1144,1157,1,1
1152,1157,1,1
1193,1196,1,1
1152,1191,1,1
1144,1191,1,1
1144,1157,1,1
1193,1196,1,1
1152,1191,1,1
1144,1191,1,1
1144,1157,1,1
1157,1191,1,1
1152,1191,1,1
1144,1157,1,1
1193,1196,1,1
1157,1191,1,1
1152,1191,1,1
1193,1365,1,1
1144,1157,1,1
1179,1320,1,1
1152,1191,1,1
1144,1157,1,1
1179,1365,1,1
1193,1365,1,1
1114,1116,1,1
1144,1157,1,1
1193,1196,1,1
1114,1191,1,1
1179,1191,1,1
1114,1191,1,1
1114,1191,1,1
1144,1157,1,1
1179,1193,1,1
1144,1157,1,1
1144,1157,1,1
1114,1191,1,1
1193,1196,1,1
1179,1365,1,1
1144,1157,1,1
1193,1196,1,1
1179,1365,1,1
1144,1157,1,1
1179,1365,1,1
1179,1365,1,1
1179,1365,1,1
1144,1157,1,1
1179,1365,1,1
1179,1365,1,1
1144,1157,1,1
1152,1157,1,1
1179,1365,1,1
1144,1157,1,1
1152,1157,1,1
1179,1365,1,1
1179,1365,1,1
1179,1365,1,1
1179,1365,1,1
1179,1365,1,1
1144,1157,1,1
1193,1196,1,1
1152,1191,1,1
1179,1365,1,1
1144,1157,1,1
1193,1196,1,1
1152,1191,1,1
1179,1365,1,1
1144,1157,1,1
1152,1191,1,1
1179,1365,1,1
1144,1157,1,1
1152,1191,1,1
1179,1365,1,1
1152,1191,1,1
1179,1365,1,1
1152,1191,1,1
1152,1191,1,1
1193,1196,1,1
1152,1191,1,1
1098,1191,1,1
1193,1196,1,1
1152,1191,1,1
1193,1196,1,1
1152,1191,1,1
1152,1191,1,1
1179,1365,1,1
1193,1196,1,1
1179,1365,1,1
1193,1196,1,1
1152,1191,1,1
1193,1196,1,1
1152,1191,1,1
1193,1196,1,1
1152,1191,1,1
1193,1196,1,1
1193,1196,1,1
1168,1191,1,1
1193,1196,1,1
1168,1191,1,1
1193,1196,1,1
1193,1196,1,1
1157,1191,1,1
1193,1196,1,1
1193,1196,1,1
1157,1191,1,1
1193,1196,1,1
1098,1114,1,1
1157,1191,1,1
1144,1191,1,1
1144,1157,1,1
1193,1196,1,1
1144,1191,1,1
1144,1191,1,1
1144,1157,1,1
1193,1196,1,1
1144,1191,1,1
1193,1196,1,1
1157,1191,1,1
1144,1191,1,1
1193,1196,1,1
1098,1114,1,1
1144,1191,1,1
1193,1196,1,1
1144,1191,1,1
1144,1191,1,1
1144,1191,1,1
1144,1157,1,1
1144,1157,1,1
1144,1191,1,1
1144,1191,1,1
1098,1193,1,1
1144,1191,1,1
1114,1193,1,1
1098,1193,1,1
1098,1114,1,1
1114,1193,1,1
1098,1157,1,1
1098,1193,1,1
1193,1196,1,1
1157,1191,1,1
1157,1191,1,1
1157,1191,1,1
1157,1191,1,1
1157,1191,1,1
1157,1191,1,1
1157,1191,1,1
1157,1191,1,1
1157,1191,1,1
1157,1191,1,1
1157,1191,1,1
1157,1191,1,1
1157,1191,1,1
1193,1365,1,1
1157,1191,1,1
1157,1191,1,1
1157,1191,1,1
1157,1191,1,1
1157,1193,1,1
1098,1191,1,1
1157,1363,1,1
1191,1193,1,1
1157,1374,1,1
1191,1193,1,1
1193,1196,1,1
1157,1363,1,1
1168,1191,1,1
1157,1363,1,1
1157,1363,1,1
1157,1363,1,1
1157,1363,1,1
1152,1191,1,1
1152,1191,1,1
1152,1191,1,1
1152,1191,1,1
1152,1191,1,1
1157,1363,1,1
1152,1191,1,1
1157,1363,1,1
1152,1191,1,1
1152,1191,1,1
1152,1191,1,1
1152,1191,1,1
1168,1191,1,1
1152,1365,1,1
1152,1365,1,1
1157,1363,1,1
1152,1365,1,1
1157,1363,1,1
1152,1365,1,1
1152,1365,1,1
1157,1363,1,1
1152,1374,1,1
1152,1374,1,1
1157,1363,1,1
1152,1374,1,1
1152,1157,1,1
1152,1374,1,1
1157,1363,1,1
1152,1374,1,1
1152,1374,1,1
1157,1363,1,1
1152,1374,1,1
1157,1363,1,1
1157,1363,1,1
1152,1374,1,1
1157,1363,1,1
1152,1374,1,1
1157,1363,1,1
1152,1374,1,1
1152,1374,1,1
1152,1374,1,1
1152,1374,1,1
1144,1159,1,1
1152,1374,1,1
1144,1159,1,1
1152,1374,1,1
1157,1363,1,1
1144,1191,1,1
1152,1374,1,1
1157,1363,1,1
1144,1191,1,1
1144,1191,1,1
1152,1374,1,1
1144,1191,1,1
1152,1374,1,1
1152,1374,1,1
1157,1363,2,2
1152,1374,2,2
1152,1374,2,2
1157,1363,2,2
1144,1191,2,2
1152,1374,2,2
1152,1374,2,2
1152,1374,2,2
1157,1363,2,2
1152,1374,2,2
1157,1363,2,2
1152,1374,2,2
1157,1363,2,2
1152,1374,2,2
1157,1363,2,2
1152,1374,2,2
1144,1159,2,2
1152,1374,2,2
1144,1191,2,2
1193,1196,2,2
1152,1374,2,2
1159,1191,2,2
1144,1159,2,2
1144,1191,2,2
1152,1374,2,2
1144,1159,2,2
1152,1374,2,2
1144,1159,2,2
1152,1374,2,2
1116,1393,2,2
1144,1159,2,2
1152,1374,2,2
1116,1393,2,2
1144,1159,2,2
1179,1196,2,2
1152,1374,2,2
1152,1374,2,2
1152,1374,2,2
1144,1365,2,2
1144,1157,2,2
1152,1374,2,2
1144,1157,2,2
1157,1363,2,2
1157,1374,2,2
1157,1363,2,2
1152,1374,2,2
1152,1374,2,2
1152,1374,2,2
1157,1159,2,2
1152,1374,2,2
1157,1159,2,2
1152,1374,2,2
1157,1159,2,2
1157,1159,2,2
1152,1374,2,2
1144,1168,2,2
1157,1159,2,2
1152,1374,2,2
1157,1159,2,2
1152,1374,2,2
1152,1374,2,2
1152,1374,2,2
1190,1193,2,2
1152,1374,2,2
1152,1374,2,2
1152,1374,2,2
1190,1193,2,2
1144,1157,2,2
1152,1374,2,2
1152,1374,2,2
1152,1374,2,2
1152,1374,2,2
1152,1374,2,2
1152,1374,2,2
1152,1374,2,2
1144,1159,2,2
1179,1193,2,2
1179,1193,2,2
1152,1374,2,2
1179,1193,2,2
1152,1374,2,2
1179,1193,2,2
1152,1374,2,2
1179,1193,2,2
1152,1374,2,2
1179,1193,2,2
1157,1159,2,2
1152,1365,2,2
1179,1190,2,2
1152,1365,2,2
1193,1196,2,2
1144,1159,2,2
1193,1196,2,2
1179,1190,2,2
1179,1193,2,2
1179,1193,2,2
1116,1393,2,2
1179,1193,2,2
1179,1196,2,2
1179,1196,2,2
1116,1393,2,2
1179,1196,2,2
1179,1193,2,2
1179,1196,2,2
1098,1144,2,2
1179,1196,2,2
1098,1159,2,2
1179,1193,2,2
1098,1144,2,2
1179,1193,2,2
1179,1196,2,2
1179,1193,2,2
1144,1159,2,2
1179,1193,2,2
1179,1193,2,2
1179,1193,2,2
1144,1159,2,2
1179,1196,2,2
1179,1193,2,2
1116,1365,2,2
1179,1196,2,2
1116,1365,2,2
1116,1365,2,2
1152,1159,2,2
1179,1193,2,2
1116,1365,2,2
1159,1191,2,2
1179,1193,2,2
1116,1365,2,2
1179,1193,2,2
1116,1365,2,2
1179,1190,2,2
1144,1159,2,2
1179,1193,2,2
1116,1365,2,2
1144,1159,2,2
1152,1191,2,2
1179,1193,2,2
1116,1365,2,2
1179,1190,2,2
1144,1159,2,2
1152,1191,2,2
1179,1193,2,2
1179,1190,2,2
1152,1191,2,2
1179,1193,2,2
1116,1365,2,2
1152,1191,2,2
1179,1193,2,2
1152,1191,2,2
1179,1193,2,2
1179,1196,2,2
1152,1191,2,2
1152,1191,2,2
1152,1191,2,2
1152,1191,2,2
1152,1159,2,2
1159,1191,2,2
1152,1157,2,2
1152,1191,2,2
1144,1152,2,2
1159,1191,2,2
1152,1157,2,2
1157,1191,2,2
1152,1191,2,2
1159,1191,2,2
1144,1191,2,2
1152,1157,2,2
1152,1191,2,2
1144,1152,2,2
1144,1191,2,2
1152,1157,2,2
1152,1191,2,2
1144,1152,2,2
1144,1191,2,2
1144,1152,2,2
1144,1191,2,2
1152,1157,2,2
1152,1191,2,2
1144,1152,2,2
1144,1191,2,2
1152,1191,2,2
1144,1191,2,2
1152,1157,2,2
1193,1196,2,2
1152,1191,2,2
1144,1191,2,2
1144,1191,2,2
1152,1157,2,2
1152,1191,2,2
1159,1191,2,2
1152,1191,2,2
1159,1191,2,2
1159,1191,2,2
1159,1191,2,2
1144,1159,2,2
1144,1152,2,2
1152,1159,2,2
1179,1190,2,2
1144,1159,2,2
1144,1191,2,2
1144,1157,2,2
1190,1191,2,2
1179,1196,2,2
1157,1191,2,2
1144,1152,2,2
1152,1159,2,2
1179,1193,2,2
1159,1191,2,2
1144,1191,2,2
1144,1157,2,2
1157,1191,2,2
1152,1191,2,2
1159,1191,2,2
1157,1191,2,2
1159,1191,2,2
1144,1191,2,2
1157,1191,2,2
1159,1191,2,2
1144,1191,2,2
1157,1191,2,2
1144,1191,2,2
1157,1191,2,2
1144,1159,2,2
1144,1191,2,2
1157,1191,2,2
1159,1191,2,2
1144,1159,2,2
1144,1191,2,2
1157,1191,2,2
1159,1191,2,2
1144,1157,2,2
1159,1191,2,2
1144,1157,2,2
1193,1196,2,2
1159,1191,2,2
1144,1157,2,2
1144,1191,2,2
1157,1191,2,2
1159,1191,2,2
1144,1191,2,2
1157,1191,2,2
1144,1191,2,2
1144,1191,2,2
1168,1191,2,2
1144,1191,2,2
1144,1191,2,2
1144,1191,2,2
1144,1191,2,2
1144,1191,2,2
1168,1191,2,2
1144,1191,2,2
1168,1191,2,2
1168,1191,2,2
1144,1179,2,2
1168,1191,2,2
1168,1191,2,2
1159,1191,2,2
1159,1191,2,2
1159,1191,2,2
1159,1168,2,2
1193,1196,2,2
1098,1196,2,2
1098,1193,2,2
1193,1196,2,2
1098,1261,2,2
1098,1193,2,2
1193,1196,2,2
1098,1196,2,2
1098,1193,2,2
1098,1193,2,2
1116,1378,2,2
1144,1157,2,2
1144,1157,2,2
1157,1159,2,2
1116,1378,2,2
1157,1159,2,2
1157,1191,2,2
1157,1191,2,2
1157,1159,2,2
1157,1191,2,2
1191,1193,2,2
1159,1191,2,2
1157,1191,2,2
1159,1191,2,2
1157,1159,2,2
1157,1191,2,2
1159,1191,2,2
1159,1191,2,2
1159,1191,2,2
1159,1191,2,2
1159,1191,2,2
1190,1196,2,2
1159,1191,2,2
1159,1191,2,2
1159,1191,2,2
1179,1261,2,2
1159,1191,2,2
1196,1393,2,2
1159,1191,2,2
1190,1196,2,2
1159,1191,2,2
1196,1393,2,2
1159,1191,2,2
1190,1196,2,2
1159,1191,2,2
1159,1191,2,2
1196,1393,2,2
1190,1196,2,2
1116,1378,2,2
1179,1193,2,2
1159,1191,2,2
1196,1393,2,2
1098,1179,2,2
1159,1191,2,2
1190,1393,2,2
1159,1191,2,2
1190,1193,2,2
1159,1191,2,2
1193,1196,2,2
1159,1191,2,2
1159,1191,2,2
1193,1305,2,2
1190,1193,2,2
1159,1191,2,2
1193,1305,2,2
1157,1179,2,2
1159,1179,2,2
1098,1116,2,2
1157,1191,2,2
1190,1193,2,2
1159,1191,2,2
1190,1196,2,2
1190,1193,2,2
1159,1191,2,2
1190,1196,2,2
1190,1193,2,2
1196,1305,2,2
1159,1191,2,2
1190,1196,2,2
1190,1193,2,2
1159,1191,2,2
1190,1196,2,2
1179,1261,2,2
1190,1193,2,2
1098,1159,2,2
1144,1365,2,2
1190,1196,2,2
1196,1305,2,2
1098,1159,2,2
1190,1196,2,2
1190,1196,2,2
1098,1144,2,2
1190,1305,2,2
1190,1193,2,2
1196,1305,2,2
1098,1144,2,2
1190,1305,2,2
1193,1196,2,2
1098,1144,2,2
1098,1144,2,2
1159,1191,2,2
1193,1352,2,2
1193,1196,2,2
1190,1193,2,2
1159,1191,2,2
1144,1157,2,2
1179,1393,2,2
1159,1191,2,2
1144,1157,2,2
1193,1196,2,2
1179,1393,2,2
1159,1191,2,2
1144,1157,2,2
1159,1191,2,2
1144,1191,2,2
1144,1157,2,2
1193,1196,2,2
1159,1191,2,2
1144,1157,2,2
1193,1196,2,2
1190,1193,2,2
1159,1191,2,2
1144,1157,2,2
1193,1196,2,2
1159,1191,2,2
1193,1196,2,2
1159,1191,2,2
1144,1157,2,2
1193,1196,2,2
1159,1191,2,2
1144,1159,2,2
1193,1196,2,2
1261,1363,2,2
1190,1193,2,2
1159,1191,2,2
1193,1196,2,2
1261,1363,2,2
1190,1193,2,2
1159,1191,2,2
1190,1196,2,2
1193,1196,2,2
1159,1191,2,2
1193,1196,2,2
1159,1191,2,2
1144,1191,2,2
1193,1196,2,2
1159,1191,2,2
1144,1191,2,2
1190,1196,2,2
1193,1196,2,2
1190,1193,2,2
1159,1191,2,2
1144,1159,2,2
1144,1191,2,2
1190,1196,2,2
1193,1196,2,2
1190,1193,2,2
1159,1191,2,2
1144,1191,2,2
1193,1196,2,2
1144,1191,2,2
1193,1196,2,2
1159,1191,2,2
1144,1377,2,2
1193,1196,2,2
1190,1193,2,2
1159,1191,2,2
1193,1196,2,2
1190,1193,2,2
1190,1196,2,2
1193,1196,2,2
1193,1196,2,2
1190,1193,2,2
1193,1196,2,2
1168,1378,2,2
1193,1196,2,2
1261,1363,2,2
1193,1196,2,2
1159,1191,2,2
1193,1196,2,2
1159,1191,2,2
1159,1191,2,2
1190,1193,2,2
1168,1191,2,2
1193,1378,2,2
1193,1196,2,2
1196,1378,2,2
1193,1378,2,2
1193,1196,2,2
1190,1193,2,2
1193,1378,2,2
1190,1193,2,2
1190,1193,2,2
1190,1193,2,2
1190,1193,2,2
1159,1168,2,2
1190,1193,2,2
1159,1168,2,2
1190,1193,2,2
1261,1363,2,2
1190,1193,2,2
1190,1193,2,2
1190,1193,2,2
1130,1191,2,2
1190,1193,2,2
1148,1168,2,2
1130,1191,2,2
1190,1193,2,2
1148,1168,2,2
1130,1191,2,2
1190,1193,2,2
1148,1168,2,2
1130,1191,2,2
1190,1193,2,2
1148,1168,2,2
1130,1191,2,2
1190,1193,2,2
1130,1191,2,2
1190,1193,2,2
1190,1193,2,2
1148,1168,2,2
1190,1193,2,2
1130,1191,2,2
1190,1193,2,2
1130,1191,2,2
1190,1193,2,2
1261,1363,2,2
1130,1191,2,2
1190,1193,2,2
1261,1363,2,2
1130,1191,2,2
1190,1193,2,2
1190,1193,2,2
1193,1196,2,2
1193,1378,2,2
1190,1378,2,2
1193,1196,2,2
1190,1193,2,2
1193,1378,2,2
1261,1363,2,2
1190,1193,2,2
1193,1378,2,2
1144,1191,2,2
1261,1363,2,2
1130,1191,2,2
1190,1193,2,2
1193,1378,2,2
1144,1191,2,2
1193,1196,2,2
1148,1168,2,2
1130,1191,2,2
1190,1193,2,2
1148,1191,2,2
1130,1191,2,2
1148,1191,2,2
1144,1191,2,2
1196,1378,2,2
1144,1191,2,2
1193,1196,2,2
1196,1378,2,2
1148,1168,2,2
1190,1193,2,2
1144,1191,2,2
1148,1168,2,2
1144,1191,2,2
1148,1168,2,2
1144,1191,2,2
1130,1191,2,2
1144,1191,2,2
1130,1191,2,2
1144,1191,2,2
1193,1196,2,2
1130,1191,2,2
1144,1191,2,2
1130,1191,2,2
1148,1191,2,2
1144,1191,2,2
1130,1191,2,2
1144,1168,3,3
1144,1191,3,3
1144,1191,3,3
1144,1191,3,3
1190,1196,3,3
1193,1196,3,3
1193,1196,3,3
1144,1191,3,3
1179,1193,3,3
1193,1196,3,3
1179,1193,3,3
1193,1196,3,3
1179,1193,3,3
1193,1196,3,3
1193,1196,3,3
1130,1191,3,3
1179,1193,3,3
1148,1157,3,3
1157,1191,3,3
1130,1157,3,3
1130,1191,3,3
1130,1191,3,3
1130,1191,3,3
1193,1365,3,3
1157,1191,3,3
1130,1157,3,3
1130,1191,3,3
1130,1191,3,3
1196,1383,3,3
1157,1191,3,3
1130,1191,3,3
1190,1193,3,3
1196,1383,3,3
1157,1191,3,3
1116,1190,3,3
1190,1193,3,3
1196,1305,3,3
1144,1157,3,3
1159,1191,3,3
1116,1196,3,3
1157,1191,3,3
1193,1365,3,3
1190,1365,3,3
1157,1191,3,3
1193,1374,3,3
1144,1191,3,3
1196,1383,3,3
1157,1191,3,3
1196,1383,3,3
1190,1365,3,3
1196,1383,3,3
1144,1157,3,3
1157,1191,3,3
1196,1383,3,3
1144,1157,3,3
1157,1191,3,3
1196,1383,3,3
1144,1157,3,3
1144,1157,3,3
1196,1383,3,3
1144,1157,3,3
1190,1365,3,3
1157,1191,3,3
1193,1365,3,3
1144,1157,3,3
1193,1365,3,3
1157,1191,3,3
1157,1191,3,3
1193,1365,3,3
1157,1191,3,3
1157,1191,3,3
1157,1191,3,3
1261,1327,3,3
1159,1191,3,3
1144,1157,3,3
1157,1191,3,3
1168,1191,3,3
1144,1191,3,3
1144,1157,3,3
1193,1196,3,3
1193,1383,3,3
1157,1191,3,3
1261,1327,3,3
1144,1157,3,3
1157,1191,3,3
1144,1157,3,3
1144,1157,3,3
1144,1157,3,3
1144,1157,3,3
1144,1157,3,3
1157,1191,3,3
1144,1168,3,3
1144,1157,3,3
1157,1191,3,3
1144,1168,3,3
1157,1191,3,3
1144,1168,3,3
1157,1191,3,3
1144,1168,3,3
1144,1157,3,3
1144,1168,3,3
1144,1157,3,3
1261,1327,3,3
1179,1193,3,3
1144,1168,3,3
1196,1383,3,3
1144,1157,3,3
1190,1365,3,3
1157,1191,3,3
1144,1168,3,3
1190,1365,3,3
1144,1168,3,3
1144,1157,3,3
1190,1365,3,3
1157,1191,3,3
1144,1168,3,3
1190,1365,3,3
1157,1191,3,3
1144,1168,3,3
1190,1365,3,3
1157,1191,3,3
1144,1191,3,3
1190,1365,3,3
1157,1191,3,3
1179,1193,3,3
1144,1191,3,3
1190,1365,3,3
1157,1191,3,3
1144,1191,3,3
1157,1191,3,3
1157,1191,3,3
1157,1191,3,3
1190,1193,3,3
1157,1159,3,3
1190,1193,3,3
1144,1191,3,3
1144,1157,3,3
1144,1191,3,3
1144,1157,3,3
1159,1191,3,3
1144,1159,3,3
1144,1191,3,3
1157,1191,3,3
1144,1191,3,3
1144,1157,3,3
1144,1191,3,3
1144,1157,3,3
1157,1191,3,3
1144,1191,3,3
1196,1383,3,3
1144,1191,3,3
1196,1383,3,3
1144,1191,3,3
1144,1191,3,3
1144,1191,3,3
1144,1191,3,3
1193,1383,3,3
1157,1365,3,3
1144,1191,3,3
1157,1191,3,3
1144,1191,3,3
1157,1191,3,3
1157,1191,3,3
1157,1191,3,3
1157,1191,3,3
1179,1193,3,3
1157,1191,3,3
1196,1383,3,3
1144,1157,3,3
1157,1191,3,3
1168,1191,3,3
1144,1168,3,3
1196,1383,3,3
1157,1191,3,3
1168,1191,3,3
1144,1191,3,3
1168,1191,3,3
1157,1168,3,3
1144,1191,3,3
1144,1157,3,3
1157,1191,3,3
1168,1191,3,3
1157,1191,3,3
1193,1323,3,3
1144,1191,3,3
1144,1157,3,3
1193,1323,3,3
1190,1196,3,3
1157,1191,3,3
1193,1323,3,3
1179,1378,3,3
1261,1391,3,3
1193,1323,3,3
1179,1378,3,3
1157,1191,3,3
1179,1193,3,3
1144,1191,3,3
1144,1157,3,3
1157,1191,3,3
1144,1191,3,3
1144,1157,3,3
1144,1191,3,3
1144,1157,3,3
1190,1196,3,3
1179,1196,3,3
1157,1191,3,3
1179,1193,3,3
1193,1365,3,3
1144,1191,3,3
1144,1157,3,3
1193,1196,3,3
1179,1196,3,3
1179,1193,3,3
1190,1193,3,3
1144,1157,3,3
1179,1193,3,3
1179,1365,3,3
1190,1193,3,3
1144,1191,3,3
1144,1157,3,3
1144,1191,3,3
1179,1365,3,3
1193,1365,3,3
1193,1196,3,3
1193,1365,3,3
1261,1391,3,3
1190,1196,3,3
1116,1320,3,3
1196,1365,3,3
1190,1196,3,3
1179,1393,3,3
1196,1365,3,3
1190,1196,3,3
1179,1365,3,3
1159,1191,3,3
1179,1196,3,3
1179,1365,3,3
1144,1159,3,3
1157,1191,3,3
1190,1391,3,3
1179,1190,3,3
1179,1193,3,3
1190,1193,3,3
1179,1193,3,3
1190,1193,3,3
1193,1399,3,3
1193,1399,3,3
1193,1399,3,3
1116,1305,3,3
1190,1193,3,3
1193,1196,3,3
1179,1196,3,3
1191,1261,3,3
1193,1196,3,3
1190,1193,3,3
1179,1190,3,3
1179,1190,3,3
1179,1196,3,3
1193,1196,3,3
1179,1196,3,3
1190,1196,3,3
1193,1196,3,3
1193,1196,3,3
1116,1378,3,3
1179,1193,3,3
1193,1196,3,3
1179,1196,3,3
1179,1193,3,3
1190,1193,3,3
1193,1196,3,3
1179,1193,3,3
1179,1190,3,3
1193,1196,3,3
1179,1193,3,3
1190,1193,3,3
1179,1196,3,3
1179,1193,3,3
1193,1261,3,3
1179,1193,3,3
1193,1196,3,3
1116,1383,3,3
1193,1196,3,3
1179,1193,3,3
1193,1261,3,3
1190,1193,3,3
1179,1196,3,3
1193,1261,3,3
1193,1261,3,3
1190,1193,3,3
1190,1193,3,3
1179,1196,3,3
1193,1261,3,3
1190,1193,3,3
1193,1261,3,3
1179,1196,3,3
1190,1193,3,3
1193,1261,3,3
1179,1196,3,3
1193,1261,3,3
1179,1196,3,3
1179,1193,3,3
1179,1190,3,3
1116,1193,3,3
1193,1196,3,3
1190,1193,3,3
1193,1261,3,3
1116,1190,3,3
1193,1261,3,3
1190,1193,3,3
1190,1193,3,3
1179,1190,3,3
1179,1196,3,3
1179,1196,3,3
1179,1196,3,3
1179,1196,3,3
1190,1196,3,3
1193,1261,3,3
1179,1196,3,3
1179,1196,3,3
1179,1196,3,3
1179,1196,3,3
1179,1190,3,3
1179,1196,3,3
1179,1190,3,3
1179,1196,3,3
1179,1196,3,3
1179,1196,3,3
1179,1190,3,3
1179,1190,3,3
1179,1193,3,3
1179,1196,3,3
1179,1196,3,3
1179,1196,3,3
1179,1196,3,3
1179,1196,3,3
1179,1196,3,3
1179,1190,3,3
1179,1196,3,3
1179,1190,3,3
1179,1190,3,3
1179,1196,3,3
1179,1193,3,3
1179,1196,3,3
1179,1193,3,3
1179,1190,3,3
1179,1193,3,3
1179,1193,3,3
1179,1190,3,3
1179,1193,3,3
1179,1190,3,3
1190,1196,3,3
1179,1196,3,3
1179,1190,3,3
1179,1190,3,3
1179,1190,3,3
1179,1190,3,3
1179,1190,3,3
1190,1196,3,3
1179,1190,3,3
1179,1193,3,3
1179,1190,3,3
1179,1193,3,3
1179,1190,3,3
1179,1193,3,3
1179,1190,3,3
1179,1190,3,3
1179,1190,3,3
1179,1193,3,3
1193,1261,3,3
1193,1261,3,3
1190,1193,3,3
1193,1261,3,3
1179,1196,3,3
1190,1193,3,3
1179,1193,3,3
1190,1193,3,3
1190,1193,3,3
1179,1190,3,3
1190,1193,3,3
1179,1193,3,3
1190,1193,3,3
1190,1193,3,3
1179,1190,3,3
1193,1196,3,3
1190,1193,3,3
1179,1196,3,3
1179,1193,3,3
1190,1193,3,3
1190,1193,3,3
1193,1196,3,3
1116,1196,3,3
1193,1196,3,3
1190,1193,3,3
1116,1190,3,3
1179,1365,3,3
1190,1193,3,3
1190,1261,3,3
1193,1196,3,3
1179,1365,3,3
1193,1196,3,3
1193,1261,3,3
1190,1193,3,3
1190,1193,3,3
1190,1196,3,3
1190,1193,3,3
1190,1374,3,3
1196,1374,3,3
1179,1327,3,3
1190,1196,3,3
1190,1374,3,3
1196,1374,3,3
1179,1327,3,3
1190,1196,3,3
1190,1374,3,3
1196,1374,3,3
1190,1374,3,3
1196,1374,3,3
1190,1196,3,3
1190,1374,3,3
1190,1196,3,3
1116,1193,3,3
1179,1378,3,3
1190,1196,3,3
1179,1378,3,3
1196,1363,3,3
1261,1391,3,3
1190,1196,3,3
1261,1391,3,3
1190,1196,3,3
1193,1365,3,3
1190,1196,3,3
1193,1365,3,3
1190,1196,3,3
1193,1365,3,3
1190,1196,3,3
1190,1196,3,3
1179,1193,3,3
1193,1365,3,3
1190,1391,3,3
1190,1391,3,3
1193,1365,3,3
1193,1365,3,3
1190,1196,3,3
1193,1365,3,3
1190,1196,3,3
1116,1193,3,3
1193,1365,3,3
1196,1391,3,3
1190,1196,3,3
1116,1193,4,4
1196,1391,4,4
1190,1196,4,4
1190,1196,4,4
1190,1391,4,4
1116,1193,4,4
1190,1196,4,4
1190,1391,4,4
1190,1196,4,4
1190,1196,4,4
1190,1391,4,4
1116,1193,4,4
1193,1365,4,4
1193,1365,4,4
1116,1193,4,4
1116,1193,4,4
1116,1193,4,4
1116,1193,4,4
1193,1365,4,4
1116,1193,4,4
1193,1365,4,4
1193,1365,4,4
1193,1365,4,4
1193,1365,4,4
1190,1196,4,4
1116,1365,4,4
1193,1365,4,4
1116,1365,4,4
1116,1365,4,4
1179,1190,4,4
1193,1393,4,4
1116,1261,4,4
1179,1196,4,4
1193,1393,4,4
1193,1393,4,4
1190,1196,4,4
1190,1196,4,4
1193,1305,4,4
1190,1196,4,4
1193,1305,4,4
1190,1196,4,4
1193,1305,4,4
1190,1196,4,4
1193,1305,4,4
1190,1196,4,4
1193,1305,4,4
1190,1196,4,4
1261,1352,4,4
1193,1305,4,4
1193,1305,4,4
1116,1193,4,4
1193,1305,4,4
1190,1395,4,4
1193,1305,4,4
1190,1395,4,4
1193,1305,4,4
1196,1395,4,4
1190,1395,4,4
1196,1395,4,4
1193,1305,4,4
1196,1395,4,4
1196,1395,4,4
1193,1305,4,4
1261,1352,4,4
1196,1395,4,4
1190,1196,4,4
1196,1395,4,4
1190,1196,4,4
1196,1395,4,4
1190,1196,4,4
1196,1395,4,4
1261,1352,4,4
1190,1196,4,4
1196,1395,4,4
1190,1196,4,4
1193,1383,4,4
1196,1395,4,4
1190,1395,4,4
1196,1395,4,4
1116,1193,4,4
1196,1395,4,4
1116,1193,4,4
1190,1196,4,4
1196,1395,4,4
1116,1383,4,4
1190,1196,4,4
1193,1383,4,4
1196,1395,4,4
1190,1196,4,4
1193,1383,4,4
1196,1395,4,4
1116,1383,4,4
1196,1395,4,4
1193,1383,4,4
1196,1395,4,4
1116,1193,4,4
1193,1383,4,4
1261,1352,4,4
1261,1352,4,4
1190,1196,4,4
1261,1352,4,4
1190,1377,4,4
1190,1196,4,4
1261,1352,4,4
1116,1352,4,4
1116,1352,4,4
1190,1193,4,4
1193,1196,4,4
1261,1352,4,4
1261,1352,4,4
1116,1352,4,4
1261,1352,4,4
1190,1378,4,4
1261,1352,4,4
1190,1323,4,4
1116,1352,4,4
1196,1323,4,4
1190,1196,4,4
1196,1323,4,4
1190,1196,4,4
1196,1323,4,4
1193,1399,4,4
1190,1196,4,4
1116,1193,4,4
1193,1399,4,4
1190,1196,4,4
1261,1352,4,4
1116,1193,4,4
1190,1196,4,4
1261,1352,4,4
1193,1399,4,4
1190,1196,4,4
1190,1323,4,4
1196,1323,4,4
1261,1352,4,4
1116,1193,4,4
1193,1399,4,4
1196,1323,4,4
1261,1352,4,4
1190,1196,4,4
1196,1323,4,4
1261,1352,4,4
1261,1352,4,4
1116,1193,4,4
1193,1399,4,4
1261,1352,4,4
1116,1193,4,4
1193,1399,4,4
1190,1196,4,4
1116,1193,4,4
1193,1399,4,4
1261,1352,4,4
1116,1193,4,4
1261,1352,4,4
1116,1193,4,4
1196,1352,4,4
1261,1352,4,4
1116,1193,4,4
1193,1399,4,4
1196,1261,4,4
1116,1399,4,4
1196,1352,4,4
1261,1352,4,4
1196,1261,4,4
1196,1352,4,4
1261,1352,4,4
1193,1399,4,4
1196,1261,4,4
1116,1399,4,4
1196,1352,4,4
1261,1352,4,4
1196,1261,4,4
1196,1352,4,4
1261,1352,4,4
1116,1193,4,4
1193,1399,4,4
1196,1261,4,4
1261,1352,4,4
1196,1261,4,4
1196,1352,4,4
1261,1352,4,4
1261,1352,4,4
1196,1352,4,4
1196,1352,4,4
1196,1352,4,4
1193,1196,4,4
1190,1193,4,4
1190,1193,4,4
1196,1352,4,4
1261,1352,4,4
1196,1261,4,4
1196,1352,4,4
1261,1352,4,4
1196,1261,4,4
1190,1193,4,4
1261,1352,4,4
1196,1261,4,4
1196,1352,4,4
1261,1352,4,4
1116,1193,4,4
1261,1352,4,4
1196,1261,4,4
1261,1352,4,4
1196,1261,4,4
1196,1352,4,4
1196,1352,4,4
1261,1352,4,4
1116,1399,4,4
1193,1196,4,4
1193,1327,4,4
1193,1327,4,4
1193,1327,4,4
1193,1327,4,4
1116,1193,4,4
1193,1327,4,4
1193,1196,4,4
1365,1393,4,4
1190,1193,4,4
1193,1327,4,4
1193,1327,4,4
1193,1327,4,4
1193,1196,4,4
1193,1196,4,4
1261,1391,4,4
1193,1196,4,4
1193,1196,4,4
1193,1196,4,4
1193,1196,4,4
1193,1196,4,4
1193,1196,4,4
1116,1399,4,4
1261,1395,4,4
1261,1395,4,4
1116,1193,4,4
1193,1196,4,4
1261,1374,4,4
1116,1193,4,4
1193,1196,4,4
1193,1196,4,4
1193,1196,4,4
1193,1196,4,4
1193,1196,4,4
1193,1196,4,4
1190,1193,4,4
1190,1193,4,4
1190,1193,4,4
1190,1193,4,4
1190,1193,4,4
1190,1193,5,5
1238,1246,5,5
1238,1246,5,5
1238,1246,5,5
1238,1246,5,5
1238,1246,5,5
1238,1246,5,5
1238,1246,5,5
1238,1246,5,5
1238,1246,5,5
1238,1246,5,5
1238,1246,5,5
1238,1246,5,5
1238,1246,5,5
1238,1246,5,5
1238,1246,5,5
1238,1246,5,5
1238,1246,5,5
1238,1246,5,5
1238,1246,5,5
1238,1246,5,5
1238,1246,5,5
1238,1246,5,5
1238,1246,5,5
1238,1246,5,5
1246,1323,5,5
1246,1323,5,5
1246,1323,5,5
1246,1323,5,5
1246,1378,5,5
1238,1246,5,5
1238,1246,5,5
1238,1395,5,5
1238,1246,5,5
1246,1395,5,5
1246,1327,5,5
1246,1327,5,5
1246,1391,5,5
1246,1391,5,5
1246,1391,5,5
1246,1391,5,5
1238,1246,5,5
1246,1391,5,5
1246,1391,5,5
1238,1246,5,5
1246,1391,5,5
1238,1246,5,5
1246,1391,5,5
1238,1246,5,5
1238,1391,5,5
1238,1391,5,5
1238,1246,5,5
1246,1399,5,5
1246,1399,5,5
1238,1246,5,5
1246,1399,5,5
1238,1399,5,5
1238,1399,5,5
1238,1246,5,5
1238,1246,5,5
1246,1399,5,5
1238,1246,5,5
1246,1383,5,5
1246,1383,5,5
1246,1383,5,5
1246,1383,5,5
1246,1383,5,5
1238,1383,5,5
1246,1383,5,5
1238,1246,5,5
1238,1246,5,5
1238,1246,5,5
1238,1246,5,5
1246,1383,5,5
1238,1246,6,6
1238,1246,6,6
1238,1246,6,6
1238,1383,6,6
1238,1246,6,6
1238,1383,6,6
1246,1383,6,6
1238,1383,6,6
1238,1383,6,6
1238,1246,6,6
1238,1246,6,6
1238,1383,6,6
1246,1383,6,6
1246,1305,6,6
1305,1383,6,6
1238,1383,6,6
1238,1383,6,6
1238,1246,6,6
1238,1246,6,6
1246,1352,6,6
1246,1352,6,6
1246,1352,6,6
1246,1352,6,6
1246,1352,6,6
1246,1352,6,6
1246,1352,6,6
1246,1352,6,6
1238,1246,6,6
1246,1352,6,6
1238,1246,6,6
1238,1246,6,6
1246,1352,6,6
1238,1246,6,6
1246,1352,6,6
1246,1352,6,6
1246,1352,6,6
1238,1246,6,6
1246,1352,6,6
1238,1246,6,6
1246,1352,6,6
1246,1352,6,6
1238,1246,6,6
1246,1393,6,6
1238,1246,6,6
1246,1393,6,6
1238,1246,6,6
1238,1246,6,6
1246,1332,6,6
1238,1246,6,6
1246,1305,6,6
1246,1305,6,6
1246,1305,6,6
1238,1246,6,6
1246,1305,6,6
1238,1246,6,6
1246,1305,6,6
1246,1305,6,6
1246,1393,6,6
1246,1393,6,6
1238,1246,6,6
1246,1393,6,6
1238,1246,6,6
1246,1393,6,6
1246,1393,6,6
1238,1393,6,6
1246,1363,6,6
1238,1363,6,6
1246,1363,6,6
1246,1365,6,6
1238,1365,6,6
1238,1365,6,6
1246,1365,6,6
1238,1246,6,6
1238,1365,6,6
1246,1365,6,6
1238,1365,6,6
1246,1365,6,6
1238,1246,6,6
1238,1365,6,6
1246,1365,6,6
1238,1246,6,6
1238,1365,6,6
1246,1365,6,6
1238,1365,6,6
1238,1365,6,6
1238,1365,6,6
1238,1365,6,6
1246,1374,6,6
1246,1374,6,6
1246,1374,6,6
1246,1374,6,6
1246,1374,6,6
1246,1374,6,6
1246,1374,6,6
1246,1374,6,6
1238,1246,6,6
1246,1374,6,6
1246,1374,6,6
1238,1246,6,6
1238,1246,6,6
1238,1246,6,6
1238,1246,6,6
1238,1246,7,7
1238,1327,7,7
1238,1327,7,7
1238,1352,8,8
1238,1374,8,8
1238,1374,8,8
1238,1305,8,8
1246,1374,9,9
1246,1374,9,9
1246,1374,9,9
1246,1374,9,9
1238,1374,9,9
1238,1246,9,9
1238,1246,9,9
1246,1365,9,9
1246,1393,9,9
1238,1246,9,9
1246,1393,9,9
1238,1246,9,9
1246,1393,9,9
1238,1393,9,9
1246,1393,9,9
1238,1393,9,9
1238,1246,9,9
1246,1393,9,9
1238,1246,9,9
1246,1305,9,9
1238,1246,9,9
1238,1246,9,9
1246,1352,9,9
1238,1246,9,9
1246,1352,9,9
1246,1352,9,9
1246,1352,9,9
1246,1352,9,9
1246,1352,9,9
1246,1352,9,9
1246,1352,9,9
1238,1246,9,9
1246,1352,9,9
1238,1246,9,9
1246,1352,9,9
1238,1352,9,9
1246,1352,9,9
1238,1352,9,9
1246,1399,9,9
1246,1391,9,9
1246,1391,9,9
1238,1391,9,9
1238,1391,9,9
1238,1246,10,10
1238,1246,10,10
1238,1246,10,10
1246,1395,10,10
1246,1395,10,10
1246,1395,10,10
1246,1395,10,10
1246,1395,10,10
1246,1395,10,10
1238,1246,10,10
1246,1395,10,10
1246,1378,10,10
1246,1378,10,10
1246,1378,10,10
1246,1378,10,10
1238,1246,10,10
1246,1378,10,10
1246,1378,10,10
1246,1378,10,10
1238,1246,10,10
1246,1378,10,10
1246,1378,10,10
1246,1378,10,10
1246,1378,10,10
1246,1378,10,10
1246,1378,10,10
1246,1378,10,10
1246,1378,10,10
1246,1378,10,10
1238,1246,10,10
1246,1378,10,10
1238,1246,10,10
1246,1378,10,10
1246,1378,10,10
1246,1378,10,10
1246,1378,10,10
1246,1378,10,10
1238,1246,10,10
1246,1378,10,10
1238,1246,10,10
1238,1378,10,10
1109,1246,10,10
1109,1246,10,10
1114,1181,10,10
1114,1164,10,10
1109,1114,10,10
1109,1114,10,10
1109,1114,10,10
1109,1114,10,10
1109,1114,10,10
1109,1114,10,10
1109,1114,10,10
1109,1114,10,10
1109,1114,10,10
1109,1114,10,10
1109,1114,10,10
1164,1181,10,10
1109,1114,10,10
1109,1114,10,10
1109,1114,10,10
1164,1181,10,10
1109,1114,10,10
1164,1181,10,10
1109,1114,10,10
1164,1181,10,10
1109,1114,10,10
1164,1181,10,10
1109,1114,10,10
1164,1181,10,10
1109,1114,10,10
1164,1181,10,10
1109,1114,10,10
1109,1114,10,10
1164,1181,10,10
1115,1295,10,10
1109,1114,10,10
1115,1295,10,10
1109,1114,10,10
1115,1295,10,10
1114,1164,10,10
1109,1114,10,10
1115,1295,10,10
1109,1114,10,10
1164,1181,10,10
1109,1114,10,10
1114,1295,10,10
1114,1295,10,10
1109,1114,10,10
1181,1295,10,10
1114,1295,10,10
1114,1295,10,10
1115,1295,10,10
1114,1115,10,10
1114,1295,10,10
1115,1295,10,10
1114,1295,10,10
1109,1374,10,10
1114,1115,10,10
1114,1295,10,10
1114,1295,10,10
1114,1295,10,10
1114,1295,10,10
1114,1115,10,10
1114,1295,10,10
1114,1115,10,10
1114,1295,10,10
1114,1295,10,10
1114,1295,10,10
1114,1295,10,10
1114,1295,10,10
1114,1295,10,10
1109,1378,10,10
1109,1378,10,10
1114,1295,10,10
1115,1181,10,10
1115,1181,10,10
1181,1295,10,10
1115,1181,10,10
1114,1295,10,10
1109,1164,10,10
1109,1164,10,10
1109,1164,10,10
1114,1295,10,10
1109,1164,10,10
1114,1295,10,10
1109,1164,10,10
1114,1295,10,10
1109,1164,10,10
1114,1295,10,10
1115,1295,10,10
1109,1115,10,10
1114,1295,10,10
1109,1115,10,10
1109,1115,10,10
1115,1207,10,10
1114,1295,10,10
1109,1115,10,10
1109,1115,10,10
1115,1207,10,10
1109,1115,10,10
1115,1207,10,10
1109,1115,10,10
1115,1207,10,10
1114,1295,10,10
1109,1207,10,10
1109,1115,10,10
1114,1295,10,10
1114,1207,10,10
1114,1295,10,10
1207,1295,10,10
1114,1295,10,10
1115,1207,10,10
1114,1295,10,10
1114,1295,10,10
1115,1320,10,10
1164,1181,10,10
1114,1295,10,10
1115,1320,10,10
1115,1374,10,10
1109,1114,10,10
1109,1114,10,10
1109,1114,10,10
1109,1114,10,10
1109,1114,10,10
1207,1393,11,11
1114,1295,11,11
1207,1393,11,11
1164,1181,11,11
1109,1207,11,11
1207,1393,11,11
1109,1207,11,11
1109,1207,11,11
1207,1393,11,11
1164,1181,11,11
1207,1393,11,11
1114,1295,11,11
1109,1207,11,11
1207,1393,11,11
1164,1181,11,11
1114,1295,11,11
1109,1115,11,11
1164,1181,11,11
1114,1295,11,11
1207,1393,11,11
1114,1295,11,11
1207,1393,11,11
1115,1391,11,11
1114,1207,11,11
1114,1295,11,11
1109,1207,11,11
1207,1393,11,11
1115,1391,11,11
1114,1207,11,11
1114,1295,11,11
1207,1295,11,11
1207,1393,11,11
1109,1295,11,11
1114,1207,11,11
1114,1295,11,11
1109,1207,11,11
1207,1295,11,11
1207,1393,11,11
1115,1327,11,11
1109,1295,11,11
1114,1207,11,11
1114,1295,11,11
1115,1383,11,11
1207,1295,11,11
1207,1393,11,11
1109,1295,11,11
1114,1207,11,11
1114,1295,11,11
1207,1295,11,11
1115,1399,11,11
1114,1115,11,11
1207,1393,11,11
1207,1393,11,11
1164,1295,11,11
1181,1238,11,11
1207,1393,11,11
1164,1181,11,11
1109,1207,11,11
1207,1393,11,11
1114,1295,11,11
1207,1393,11,11
1295,1378,11,11
1207,1393,11,11
1115,1377,11,11
1295,1323,11,11
1207,1393,11,11
1207,1393,11,11
1164,1181,11,11
1109,1207,11,11
1114,1115,11,11
1115,1378,11,11
1164,1181,11,11
1114,1115,11,11
1164,1181,11,11
1115,1295,11,11
1295,1323,11,11
1207,1393,11,11
1164,1181,11,11
1114,1295,11,11
1207,1393,11,11
1207,1365,11,11
1164,1181,11,11
1114,1295,11,11
1114,1295,11,11
1207,1393,11,11
1114,1295,11,11
1109,1207,11,11
1207,1393,11,11
1164,1181,11,11
1114,1295,11,11
1114,1378,11,11
1207,1393,11,11
1115,1164,11,11
1207,1393,11,11
1207,1365,11,11
1207,1393,11,11
1114,1295,11,11
1115,1207,11,11
1207,1393,11,11
1114,1295,11,11
1207,1393,11,11
1114,1295,11,11
1207,1393,11,11
1114,1295,11,11
1207,1393,11,11
1207,1365,11,11
1114,1295,11,11
1114,1378,11,11
1207,1393,11,11
1114,1295,11,11
1207,1393,11,11
1207,1365,11,11
1114,1295,11,11
1207,1393,11,11
1207,1393,11,11
1114,1295,11,11
1115,1164,11,11
1207,1393,11,11
1207,1393,11,11
1114,1295,11,11
1207,1393,11,11
1114,1295,11,11
1207,1393,11,11
1207,1393,11,11
1114,1295,11,11
1181,1352,11,11
1207,1393,11,11
1207,1365,11,11
1114,1295,11,11
1181,1352,11,11
1207,1393,11,11
1181,1352,11,11
1207,1393,11,11
1114,1295,11,11
1181,1352,11,11
1207,1393,11,11
1114,1295,11,11
1207,1393,11,11
1114,1295,11,11
1181,1352,11,11
1164,1377,11,11
1207,1393,11,11
1114,1295,11,11
1181,1352,11,11
1295,1323,11,11
1207,1393,11,11
1207,1365,11,11
1181,1352,11,11
1114,1378,11,11
1207,1393,11,11
1295,1323,11,11
1207,1393,11,11
1114,1295,11,11
1114,1295,11,11
1164,1377,11,11
1114,1295,11,11
1109,1207,11,11
1164,1377,11,11
1164,1377,11,11
1114,1295,11,11
1164,1377,11,11
1295,1378,11,11
1164,1377,11,11
1114,1115,11,11
1295,1378,11,11
1207,1352,11,11
1295,1378,11,11
1181,1352,11,11
1207,1352,11,11
1295,1378,11,11
1181,1352,11,11
1114,1115,11,11
1181,1207,11,11
1295,1378,11,11
1181,1352,11,11
1295,1378,11,11
1181,1352,11,11
1207,1352,11,11
1181,1352,11,11
1207,1352,11,11
1181,1352,11,11
1207,1352,11,11
1109,1207,11,11
1181,1352,11,11
1109,1207,11,11
1181,1352,11,11
1114,1115,11,11
1295,1378,11,11
1114,1115,11,11
1207,1352,11,11
1295,1378,11,11
1109,1352,11,11
1114,1323,11,11
1114,1295,11,11
1109,1207,11,11
1295,1378,11,11
1114,1378,11,11
1114,1295,11,11
1295,1378,11,11
1114,1378,11,11
1295,1378,11,11
1109,1207,11,11
1295,1378,11,11
1114,1323,11,11
1295,1378,11,11
1114,1295,11,11
1295,1378,11,11
1114,1378,11,11
1181,1391,11,11
1114,1295,11,11
1114,1378,11,11
1114,1295,11,11
1114,1378,11,11
1181,1391,11,11
1114,1295,11,11
1114,1378,11,11
1114,1295,11,11
1109,1207,11,11
1181,1391,11,11
1114,1295,11,11
1114,1378,11,11
1181,1391,11,11
1114,1295,11,11
1114,1295,11,11
1207,1352,11,11
1164,1295,11,11
1114,1164,11,11
1114,1295,11,11
1207,1352,11,11
1109,1207,11,11
1114,1164,11,11
1114,1295,11,11
1114,1295,11,11
1207,1352,11,11
1114,1378,11,11
1109,1352,11,11
1207,1352,11,11
1114,1295,11,11
1114,1295,11,11
1114,1295,11,11
1114,1378,11,11
1114,1295,11,11
1207,1352,11,11
1114,1378,11,11
1207,1391,11,11
1114,1295,11,11
1207,1352,11,11
1114,1378,11,11
1109,1352,11,11
1114,1295,11,11
1207,1352,11,11
1109,1207,11,11
1114,1378,11,11
1181,1391,11,11
1114,1295,11,11
1207,1352,11,11
1109,1352,11,11
1114,1378,11,11
1114,1378,11,11
1181,1391,11,11
1114,1295,11,11
1114,1295,11,11
1295,1378,11,11
1164,1395,11,11
1207,1352,11,11
1295,1378,11,11
1181,1391,11,11
1207,1352,11,11
1181,1391,11,11
1207,1352,11,11
1295,1378,11,11
1114,1295,11,11
1207,1352,11,11
1109,1207,11,11
1295,1378,11,11
1114,1378,11,11
1114,1295,11,11
1114,1378,11,11
1181,1391,11,11
1181,1391,11,11
1109,1207,11,11
1181,1391,11,11
1109,1207,11,11
1114,1378,11,11
1109,1207,11,11
1114,1378,11,11
1114,1295,11,11
1295,1378,11,11
1164,1377,11,11
1114,1378,11,11
1295,1378,11,11
1164,1377,11,11
1115,1207,11,11
1164,1377,11,11
1115,1207,11,11
1109,1114,11,11
1114,1295,11,11
1115,1207,11,11
1114,1295,11,11
1109,1207,11,11
1114,1378,11,11
1181,1327,11,11
1109,1164,11,11
1164,1207,11,11
1114,1295,11,11
1109,1207,11,11
1114,1378,11,11
1115,1207,11,11
1115,1164,11,11
1109,1164,11,11
1164,1207,11,11
1114,1295,11,11
1207,1395,11,11
1109,1207,11,11
1114,1378,11,11
1109,1115,11,11
1115,1207,11,11
1115,1164,11,11
1109,1164,11,11
1164,1207,11,11
1114,1295,11,11
1109,1207,11,11
1114,1378,11,11
1115,1207,11,11
1114,1295,11,11
1115,1395,11,11
1115,1207,11,11
1114,1295,11,11
1295,1378,11,11
1115,1395,11,11
1207,1395,11,11
1295,1378,11,11
1114,1378,11,11
1115,1395,11,11
1115,1207,11,11
1114,1295,11,11
1207,1395,11,11
1114,1378,11,11
1115,1395,11,11
1115,1207,11,11
1164,1332,11,11
1114,1295,11,11
1114,1378,11,11
1115,1395,11,11
1114,1295,11,11
1114,1378,11,11
1115,1207,11,11
1114,1295,11,11
1114,1378,11,11
1115,1207,11,11
1114,1295,11,11
1109,1207,11,11
1295,1378,11,11
1114,1378,11,11
1109,1115,11,11
1115,1207,11,11
1181,1327,11,11
1114,1295,11,11
1109,1207,11,11
1114,1378,11,11
1109,1115,11,11
1115,1207,11,11
1114,1295,11,11
1109,1207,11,11
1114,1378,11,11
1109,1115,11,11
1115,1207,11,11
1181,1327,11,11
1114,1295,11,11
1114,1378,11,11
1207,1377,11,11
1109,1115,11,11
1115,1207,11,11
1114,1295,11,11
1114,1378,11,11
1207,1377,11,11
1109,1115,11,11
1114,1295,11,11
1295,1378,11,11
1109,1115,11,11
1114,1295,11,11
1295,1378,11,11
1114,1378,11,11
1115,1395,11,11
1207,1377,11,11
1115,1207,11,11
1114,1295,11,11
1295,1378,11,11
1114,1378,11,11
1115,1395,11,11
1207,1377,11,11
1115,1207,11,11
1207,1378,11,11
1114,1207,11,11
1114,1295,11,11
1295,1378,11,11
1115,1207,11,11
1114,1295,11,11
1295,1378,11,11
1115,1207,11,11
1181,1327,11,11
1114,1378,11,11
1115,1207,11,11
1114,1378,11,11
1115,1207,11,11
1114,1207,11,11
1114,1378,11,11
1207,1295,11,11
1114,1295,11,11
1114,1378,11,11
1207,1378,11,11
1114,1295,11,11
1207,1378,11,11
1114,1295,11,11
1207,1323,11,11
1207,1378,11,11
1114,1295,11,11
1115,1365,11,11
1114,1295,11,11
1109,1365,11,11
1365,1393,11,11
1115,1365,11,11
1114,1295,11,11
1109,1115,11,11
1207,1373,11,11
1365,1393,11,11
1115,1365,11,11
1207,1373,11,11
1164,1207,11,11
1114,1295,11,11
1114,1399,11,11
1115,1207,11,11
1114,1295,11,11
1115,1207,11,11
1115,1164,11,11
1164,1207,11,11
1109,1207,11,11
1115,1207,11,11
1114,1295,11,11
1114,1399,11,11
1115,1207,11,11
1115,1164,11,11
1164,1207,11,11
1114,1295,11,11
1115,1207,11,11
1164,1207,11,11
1115,1207,11,11
1115,1365,11,11
1109,1295,11,11
1114,1295,11,11
1109,1114,11,11
1115,1365,11,11
1109,1295,11,11
1164,1207,11,11
1114,1295,11,11
1115,1365,11,11
1164,1207,11,11
1114,1295,11,11
1207,1374,11,11
1115,1365,11,11
1164,1207,11,11
1114,1295,11,11
1207,1374,11,11
1109,1399,11,11
1207,1363,11,11
1115,1365,11,11
1114,1383,11,11
1114,1295,11,11
1164,1363,11,11
1109,1399,11,11
1207,1363,11,11
1115,1365,11,11
1114,1383,11,11
1164,1207,11,11
1114,1295,11,11
1115,1365,11,11
1164,1207,11,11
1115,1365,11,11
1115,1365,11,11
1114,1207,11,11
1115,1365,11,11
1109,1164,11,11
1295,1320,11,11
1115,1207,11,11
1115,1365,11,11
1164,1207,11,11
1109,1207,11,11
1115,1207,11,11
1115,1365,11,11
1114,1295,11,11
1164,1363,11,11
1115,1207,11,11
1181,1327,11,11
1164,1207,11,11
1114,1295,11,11
1207,1363,11,11
1164,1207,11,11
1164,1207,11,11
1115,1207,11,11
1181,1295,11,11
1181,1327,11,11
1164,1207,11,11
1181,1295,11,11
1115,1207,11,11
1181,1327,11,11
1164,1207,11,11
1164,1363,11,11
1109,1115,11,11
1181,1327,11,11
1207,1391,11,11
1109,1115,11,11
1114,1115,11,11
1109,1114,11,11
1181,1327,11,11
1109,1207,11,11
1164,1363,11,11
1181,1327,11,11
1109,1207,11,11
1207,1383,11,11
1295,1320,11,11
1207,1305,11,11
1115,1207,11,11
1181,1327,11,11
1115,1207,11,11
1115,1207,11,11
1181,1327,11,11
1114,1295,11,11
1164,1363,11,11
1115,1207,11,11
1181,1327,11,11
1114,1295,11,11
1115,1207,11,11
1181,1327,11,11
1115,1207,11,11
1115,1207,11,11
1109,1295,11,11
1164,1207,11,11
1207,1391,11,11
1295,1320,11,11
1207,1391,11,11
1115,1383,11,11
1181,1207,11,11
1114,1164,11,11
1181,1207,11,11
1207,1327,11,11
1114,1207,11,11
1109,1207,11,11
1109,1115,11,11
1115,1207,11,11
1114,1115,11,11
1164,1181,11,11
1109,1207,11,11
1109,1115,11,11
1115,1207,11,11
1114,1115,11,11
1181,1207,11,11
1109,1207,11,11
1109,1115,11,11
1115,1207,11,11
1114,1320,11,11
1114,1295,11,11
1109,1207,11,11
1109,1115,11,11
1115,1207,11,11
1181,1207,11,11
1114,1320,11,11
1109,1207,11,11
1109,1115,11,11
1115,1207,11,11
1181,1207,11,11
1109,1115,11,11
1295,1320,11,11
1115,1207,11,11
1109,1164,11,11
1115,1164,11,11
1114,1320,11,11
1109,1207,11,11
1181,1207,11,11
1109,1207,11,11
1295,1320,11,11
1109,1164,11,11
1164,1373,11,11
1114,1320,11,11
1109,1207,11,11
1115,1181,11,11
1109,1207,11,11
1114,1295,11,11
1109,1207,11,11
1114,1295,11,11
1164,1374,11,11
1114,1320,11,11
1207,1377,11,11
1114,1320,11,11
1114,1295,11,11
1207,1323,11,11
1109,1115,11,11
1207,1378,11,11
1114,1295,11,11
1207,1323,11,11
1109,1115,11,11
1207,1378,11,11
1114,1295,11,11
1109,1115,11,11
1114,1295,11,11
1114,1164,11,11
1207,1378,11,11
1114,1295,11,11
1109,1115,11,11
1109,1115,11,11
1114,1320,11,11
1114,1295,11,11
1164,1295,11,11
1114,1295,11,11
1164,1295,11,11
1109,1207,11,11
1109,1114,11,11
1109,1164,11,11
1109,1295,11,11
1164,1207,11,11
1109,1295,11,11
1109,1295,11,11
1295,1393,11,11
1109,1295,11,11
1164,1207,11,11
1114,1393,11,11
1114,1295,11,11
1109,1114,11,11
1109,1295,11,11
1114,1393,11,11
1114,1295,11,11
1115,1383,11,11
1109,1393,11,11
1115,1207,11,11
1109,1114,11,11
1114,1393,11,11
1109,1295,11,11
1115,1391,11,11
1114,1393,11,11
1114,1295,11,11
1115,1207,11,11
1114,1295,11,11
1115,1207,11,11
1114,1115,11,11
1114,1393,11,11
1114,1295,11,11
1109,1115,11,11
1114,1115,11,11
1114,1295,11,11
1164,1374,11,11
1109,1207,11,11
1115,1207,11,11
1114,1393,11,11
1109,1207,11,11
1115,1207,11,11
1295,1393,11,11
1114,1393,11,11
1114,1295,11,11
1109,1207,11,11
1115,1207,11,11
1295,1393,11,11
1114,1393,11,11
1114,1295,11,11
1109,1207,11,11
1109,1115,11,11
1115,1207,11,11
1295,1393,11,11
1114,1393,11,11
1109,1207,11,11
1109,1115,11,11
1115,1207,11,11
1164,1374,11,11
1295,1393,11,11
1164,1374,11,11
1295,1393,11,11
1109,1393,11,11
1164,1320,11,11
1109,1295,11,11
1114,1295,11,11
1109,1393,11,11
1164,1320,11,11
1109,1393,11,11
1109,1393,11,11
1109,1295,11,11
1109,1393,11,11
1114,1295,11,11
1109,1393,11,11
1109,1393,11,11
1115,1207,11,11
1109,1393,11,11
1115,1207,11,11
1109,1393,11,11
1115,1207,11,11
1114,1207,11,11
1114,1295,11,11
1109,1393,11,11
1115,1295,11,11
1115,1207,11,11
1114,1393,11,11
1114,1207,11,11
1114,1295,11,11
1109,1393,11,11
1109,1114,11,11
1114,1393,11,11
1109,1393,11,11
1115,1207,11,11
1109,1114,11,11
1109,1393,11,11
1098,1207,11,11
1109,1393,11,11
1098,1207,11,11
1109,1393,11,11
1098,1207,11,11
1109,1393,11,11
1098,1207,11,11
1109,1393,11,11
1098,1207,11,11
1115,1207,11,11
1098,1115,11,11
1114,1295,11,11
1109,1393,11,11
1098,1207,11,11
1115,1207,11,11
1098,1115,11,11
1109,1393,11,11
1365,1393,11,11
1114,1295,11,11
1109,1365,11,11
1109,1393,11,11
1115,1207,11,11
1365,1393,11,11
1164,1327,11,11
1114,1295,11,11
1115,1207,11,11
1157,1164,11,11
1114,1295,11,11
1109,1207,11,11
1109,1115,11,11
1115,1207,11,11
1114,1295,11,11
1115,1207,11,11
1114,1157,11,11
1098,1181,11,11
1365,1393,11,11
1098,1164,11,11
1115,1207,11,11
1295,1365,11,11
1098,1164,11,11
1114,1157,11,11
1295,1365,11,11
1098,1164,11,11
1114,1157,11,11
1295,1365,11,11
1098,1109,11,11
1115,1207,11,11
1114,1157,11,11
1098,1109,11,11
1115,1207,11,11
1114,1157,11,11
1098,1109,11,11
1295,1365,11,11
1365,1393,11,11
1098,1109,11,11
1115,1207,11,11
1114,1157,11,11
1295,1365,11,11
1109,1207,11,11
1098,1114,11,11
1115,1207,11,11
1295,1365,11,11
1365,1393,11,11
1109,1207,11,11
1098,1114,11,11
1114,1157,11,11
1295,1365,11,11
1365,1393,11,11
1098,1157,11,11
1109,1207,11,11
1098,1114,11,11
1115,1207,11,11
1114,1157,11,11
1295,1365,11,11
1109,1207,11,11
1109,1115,11,11
1098,1114,11,11
1115,1207,11,11
1295,1365,11,11
1365,1393,11,11
1114,1295,11,11
1109,1207,11,11
1098,1114,11,11
1115,1207,11,11
1295,1365,11,11
1098,1157,11,11
1114,1295,11,11
1109,1115,11,11
1115,1207,11,11
1114,1295,11,11
1109,1115,11,11
1115,1207,11,11
1114,1295,11,11
1114,1365,11,11
1109,1115,11,11
1115,1207,11,11
1295,1365,11,11
1114,1295,11,11
1114,1365,11,11
1144,1157,11,11
1109,1115,11,11
1115,1207,11,11
1295,1365,11,11
1114,1295,11,11
1144,1157,11,11
1115,1207,11,11
1114,1295,11,11
1115,1207,11,11
1114,1295,11,11
1115,1207,11,11
1295,1365,11,11
1164,1181,11,11
1114,1295,11,11
1114,1365,11,11
1115,1207,11,11
1295,1365,11,11
1114,1295,11,11
1114,1365,11,11
1098,1207,11,11
1109,1115,11,11
1115,1207,11,11
1295,1365,11,11
1114,1295,11,11
1114,1365,11,11
1295,1365,11,11
1114,1295,11,11
1114,1365,11,11
1098,1207,11,11
1114,1295,11,11
1114,1365,11,11
1098,1207,11,11
1115,1207,11,11
1295,1365,11,11
1164,1295,11,11
1098,1207,11,11
1115,1207,11,11
1114,1164,11,11
1114,1295,11,11
1164,1295,11,11
1098,1207,11,11
1115,1207,11,11
1114,1164,11,11
1114,1295,11,11
1109,1207,11,11
1098,1207,11,11
1115,1207,11,11
1114,1295,11,11
1114,1295,11,11
1144,1191,11,11
1115,1207,11,11
1157,1191,11,11
1114,1295,11,11
1157,1191,11,11
1114,1393,11,11
1114,1295,11,11
1144,1148,11,11
1148,1157,11,11
1144,1157,11,11
1114,1295,11,11
1144,1148,11,11
1148,1157,11,11
1144,1157,11,11
1098,1207,11,11
1115,1207,11,11
1114,1295,11,11
1210,1245,11,11
1144,1148,11,11
1148,1157,11,11
1144,1157,11,11
1098,1207,11,11
1115,1207,11,11
1114,1295,11,11
1210,1245,11,11
1295,1305,11,11
1144,1164,11,11
1098,1207,11,11
1109,1115,11,11
1115,1207,11,11
1098,1115,11,11
1114,1295,11,11
1295,1305,11,11
1098,1207,11,11
1109,1115,11,11
1115,1207,11,11
1114,1295,11,11
1210,1245,11,11
1295,1305,11,11
1164,1191,11,11
1181,1191,11,11
1109,1115,11,11
1114,1295,11,11
1210,1245,11,11
1164,1191,11,11
1181,1191,11,11
1115,1207,11,11
1114,1305,11,11
1114,1295,11,11
1210,1245,11,11
1164,1191,11,11
1144,1157,11,11
1109,1115,11,11
1115,1207,11,11
1098,1115,11,11
1114,1305,11,11
1114,1295,11,11
1210,1245,11,11
1164,1191,11,11
1144,1157,11,11
1109,1115,11,11
1210,1245,12,12
1191,1210,12,12
1164,1191,12,12
1144,1157,12,12
1109,1115,12,12
1114,1305,12,12
1210,1245,12,12
1191,1210,12,12
1164,1191,12,12
1144,1157,12,12
1191,1245,12,12
1109,1115,12,12
1115,1207,12,12
1295,1393,12,12
1164,1181,12,12
1144,1157,12,12
1157,1191,12,12
1295,1393,12,12
1164,1181,12,12
1144,1191,12,12
1144,1157,12,12
1157,1191,12,12
1109,1207,12,12
1144,1191,12,12
1144,1157,12,12
1115,1207,12,12
1157,1191,12,12
1114,1305,12,12
1109,1207,12,12
1144,1191,12,12
1115,1207,12,12
1157,1191,12,12
1164,1181,12,12
1114,1295,12,12
1144,1148,12,12
1109,1207,12,12
1144,1191,12,12
1207,1210,12,12
1109,1115,12,12
1157,1191,12,12
1114,1295,12,12
1144,1191,12,12
1207,1210,12,12
1109,1115,12,12
1114,1295,12,12
1144,1191,12,12
1109,1115,12,12
1098,1115,12,12
1114,1295,12,12
1144,1191,12,12
1144,1157,12,12
1109,1115,12,12
1114,1383,12,12
1109,1210,12,12
1114,1295,12,12
1109,1207,12,12
1144,1191,12,12
1207,1210,12,12
1157,1191,12,12
1114,1383,12,12
1114,1295,12,12
1109,1207,12,12
1144,1191,12,12
1115,1207,12,12
1114,1383,12,12
1164,1181,12,12
1114,1295,12,12
1144,1191,12,12
1109,1115,12,12
1115,1207,12,12
1157,1191,12,12
1114,1383,12,12
1164,1181,12,12
1114,1295,12,12
1207,1395,12,12
1109,1207,12,12
1144,1191,12,12
1109,1115,12,12
1114,1383,12,12
1295,1383,12,12
1109,1207,12,12
1109,1115,12,12
1115,1207,12,12
1157,1191,12,12
1114,1383,12,12
1295,1383,12,12
1114,1295,12,12
1144,1191,12,12
1115,1207,12,12
1114,1383,12,12
1295,1383,12,12
1114,1295,12,12
1109,1207,12,12
1098,1164,12,12
1144,1191,12,12
1098,1245,12,12
1114,1383,12,12
1164,1181,12,12
1295,1383,12,12
1114,1295,12,12
1115,1323,12,12
1144,1191,12,12
1098,1245,12,12
1157,1191,12,12
1115,1378,12,12
1114,1383,12,12
1115,1323,12,12
1098,1164,12,12
1144,1191,12,12
1098,1245,12,12
1157,1191,12,12
1114,1383,12,12
1114,1295,12,12
1207,1395,12,12
1098,1245,12,12
1109,1115,12,12
1114,1383,12,12
1114,1295,12,12
1098,1164,12,12
1144,1191,12,12
1098,1245,12,12
1157,1191,12,12
1114,1383,12,12
1164,1181,12,12
1207,1395,12,12
1144,1191,12,12
1098,1210,12,12
1157,1191,12,12
1295,1383,12,12
1207,1395,12,12
1144,1191,12,12
1098,1210,12,12
1295,1383,12,12
1144,1191,12,12
1098,1210,12,12
1109,1115,12,12
1144,1207,12,12
1207,1395,12,12
1115,1323,12,12
1144,1191,12,12
1098,1210,12,12
1114,1295,12,12
1207,1395,12,12
1115,1323,12,12
1144,1191,12,12
1114,1295,12,12
1207,1395,12,12
1144,1191,12,12
1207,1395,12,12
1115,1323,12,12
1144,1191,12,12
1098,1157,12,12
1207,1395,12,12
1115,1323,12,12
1144,1191,12,12
1114,1383,12,12
1207,1395,12,12
1115,1323,12,12
1144,1191,12,12
1114,1383,12,12
1207,1395,12,12
1144,1245,12,12
1115,1323,12,12
1144,1191,12,12
1098,1157,12,12
1114,1383,12,12
1207,1395,12,12
1144,1245,12,12
1144,1191,12,12
1114,1383,12,12
1207,1395,12,12
1144,1191,12,12
1144,1245,12,12
1144,1191,12,12
1207,1395,12,12
1144,1245,12,12
1144,1191,12,12
1115,1323,12,12
1144,1191,12,12
1207,1395,12,12
1115,1323,12,12
1144,1191,12,12
1115,1323,12,12
1144,1191,12,12
1114,1383,12,12
1207,1395,12,12
1144,1191,12,12
1114,1295,12,12
1207,1395,12,12
1115,1323,12,12
1144,1191,12,12
1164,1181,12,12
1207,1395,12,12
1098,1159,12,12
1115,1323,12,12
1144,1191,12,12
1159,1191,12,12
1144,1159,12,12
1114,1295,12,12
1207,1395,12,12
1115,1323,12,12
1157,1159,12,12
1144,1191,12,12
1098,1157,12,12
1114,1383,12,12
1207,1395,12,12
1144,1245,12,12
1115,1323,12,12
1157,1159,12,12
1098,1157,12,12
1114,1383,12,12
1207,1395,12,12
1144,1245,12,12
1115,1323,12,12
1207,1377,12,12
1168,1191,12,12
1098,1157,12,12
1114,1383,12,12
1144,1168,12,12
1207,1395,12,12
1115,1323,12,12
1144,1191,12,12
1098,1157,12,12
1114,1383,12,12
1114,1295,12,12
1207,1395,12,12
1115,1323,12,12
1144,1191,12,12
1098,1157,12,12
1114,1295,12,12
1207,1395,12,12
1115,1323,12,12
1144,1191,12,12
1098,1157,12,12
1114,1295,12,12
1207,1395,12,12
1115,1323,12,12
1144,1191,12,12
1114,1295,12,12
1207,1395,12,12
1115,1323,12,12
1144,1191,12,12
1109,1115,12,12
1114,1295,12,12
1207,1395,12,12
1157,1159,12,12
1144,1191,12,12
1115,1378,12,12
1098,1157,12,12
1114,1295,12,12
1207,1395,12,12
1144,1191,12,12
1098,1157,12,12
1144,1191,12,12
1109,1115,12,12
1098,1157,12,12
1114,1295,12,12
1207,1395,12,12
1098,1157,12,12
1114,1295,12,12
1100,1108,12,12
1109,1115,12,12
1098,1157,12,12
1114,1295,12,12
1114,1295,12,12
1144,1191,12,12
1109,1115,12,12
1115,1378,12,12
1114,1295,12,12
1207,1395,12,12
1144,1191,12,12
1109,1115,12,12
1207,1395,12,12
1144,1191,12,12
1207,1210,12,12
1114,1295,12,12
1207,1395,12,12
1144,1191,12,12
1207,1210,12,12
1295,1399,12,12
1114,1295,12,12
1207,1395,12,12
1210,1395,12,12
1144,1191,12,12
1207,1210,12,12
1114,1295,12,12
1207,1395,12,12
1098,1157,12,12
1114,1295,12,12
1207,1395,12,12
1114,1399,12,12
1144,1191,12,12
1109,1115,12,12
1115,1378,12,12
1207,1395,12,12
1114,1399,12,12
1157,1159,12,12
1144,1191,12,12
1109,1115,12,12
1115,1378,12,12
1114,1295,12,12
1207,1395,12,12
1098,1159,12,12
1157,1159,12,12
1144,1191,12,12
1207,1395,12,12
1109,1115,12,12
1115,1378,12,12
1207,1395,12,12
1144,1191,12,12
1115,1378,12,12
1098,1157,12,12
1114,1295,12,12
1207,1395,12,12
1144,1245,12,12
1114,1399,12,12
1210,1395,12,12
1295,1399,12,12
1115,1378,12,12
1114,1295,12,12
1114,1399,12,12
1115,1378,12,12
1114,1295,12,12
1207,1395,12,12
1144,1191,12,12
1109,1115,12,12
1115,1378,12,12
1207,1395,12,12
1109,1115,12,12
1115,1378,12,12
1115,1323,12,12
1115,1323,12,12
1115,1378,12,12
1109,1115,12,12
1115,1207,12,12
1115,1378,12,12
1207,1395,12,12
1207,1395,12,12
1157,1159,12,12
1115,1378,12,12
1207,1395,12,12
1144,1191,12,12
1109,1378,12,12
1207,1395,12,12
1115,1323,12,12
1144,1191,12,12
1109,1378,12,12
1115,1323,12,12
1144,1191,12,12
1109,1378,12,12
1164,1207,12,12
1115,1323,12,12
1144,1191,12,12
1207,1295,12,12
1164,1207,12,12
1115,1323,12,12
1164,1207,12,12
1115,1323,12,12
1144,1191,12,12
1109,1115,12,12
1098,1157,12,12
1115,1323,12,12
1144,1191,12,12
1109,1115,12,12
1098,1157,12,12
1157,1159,12,12
1144,1191,12,12
1098,1157,12,12
1164,1207,12,12
1144,1191,12,12
1144,1191,12,12
1164,1207,12,12
1115,1323,12,12
1144,1191,12,12
1207,1363,12,12
1098,1157,12,12
1164,1207,12,12
1144,1191,12,12
1207,1363,12,12
1098,1157,12,12
1164,1207,12,12
1114,1295,12,12
1144,1191,12,12
1207,1363,12,12
1164,1207,12,12
1114,1295,12,12
1144,1191,12,12
1114,1295,12,12
1109,1207,12,12
1115,1323,12,12
1164,1363,12,12
1144,1191,12,12
1207,1210,12,12
1098,1157,12,12
1109,1207,12,12
1115,1323,12,12
1164,1210,12,12
1164,1363,12,12
1144,1191,12,12
1207,1210,12,12
1164,1207,12,12
1114,1295,12,12
1115,1323,12,12
1164,1210,12,12
1144,1191,12,12
1207,1210,12,12
1109,1164,12,12
1164,1207,12,12
1114,1295,12,12
1115,1323,12,12
1144,1191,12,12
1207,1210,12,12
1109,1164,12,12
1164,1207,12,12
1114,1295,12,12
1109,1207,12,12
1164,1210,12,12
1144,1191,12,12
1164,1207,12,12
1114,1295,12,12
1164,1363,12,12
1144,1191,12,12
1207,1363,12,12
1098,1157,12,12
1164,1207,12,12
1114,1295,12,12
1115,1323,12,12
1144,1191,12,12
1207,1363,12,12
1164,1207,12,12
1114,1295,12,12
1144,1191,12,12
1164,1207,12,12
1109,1210,12,12
1114,1295,12,12
1144,1191,12,12
1164,1207,12,12
1109,1210,12,12
1114,1295,12,12
1144,1191,12,12
1210,1399,12,12
1164,1207,12,12
1114,1295,12,12
1144,1191,12,12
1164,1207,12,12
1114,1295,12,12
1144,1191,12,12
1164,1207,12,12
1115,1323,12,12
1144,1191,12,12
1164,1207,12,12
1109,1210,12,12
1114,1295,12,12
1115,1323,12,12
1164,1363,12,12
1144,1191,12,12
1210,1399,12,12
1207,1363,12,12
1164,1207,12,12
1109,1210,12,12
1114,1295,12,12
1144,1191,12,12
1207,1363,12,12
1164,1207,12,12
1114,1295,12,12
1164,1363,12,12
1144,1191,12,12
1207,1363,12,12
1114,1295,12,12
1164,1363,12,12
1144,1191,12,12
1207,1363,12,12
1164,1207,12,12
1114,1295,12,12
1144,1191,12,12
1207,1363,12,12
1164,1181,12,12
1164,1207,12,12
1114,1295,12,12
1157,1159,12,12
1164,1363,12,12
1144,1191,12,12
1207,1363,12,12
1164,1207,12,12
1144,1191,12,12
1207,1363,12,12
1115,1181,12,12
1164,1207,12,12
1114,1295,12,12
1144,1191,12,12
1210,1399,12,12
1207,1363,12,12
1164,1207,12,12
1114,1295,12,12
1207,1374,12,12
1144,1191,12,12
1210,1399,12,12
1207,1363,12,12
1181,1393,12,12
1164,1207,12,12
1144,1191,12,12
1207,1363,12,12
1181,1393,12,12
1164,1207,12,12
1157,1159,12,12
1144,1191,12,12
1207,1363,12,12
1181,1393,12,12
1164,1207,12,12
1144,1191,12,12
1207,1363,12,12
1181,1393,12,12
1164,1207,12,12
1114,1295,12,12
1144,1191,12,12
1207,1363,12,12
1181,1393,12,12
1164,1207,12,12
1114,1295,12,12
1181,1393,12,12
1164,1207,12,12
1207,1374,12,12
1144,1191,12,12
1210,1399,12,12
1207,1363,12,12
1164,1207,12,12
1114,1295,12,12
1207,1374,12,12
1144,1191,12,12
1181,1391,12,12
1210,1399,12,12
1207,1363,12,12
1164,1207,12,12
1114,1295,12,12
1144,1191,12,12
1210,1399,12,12
1207,1363,12,12
1164,1207,12,12
1109,1210,12,12
1207,1374,12,12
1144,1191,12,12
1207,1363,12,12
1207,1374,12,12
1144,1191,12,12
1210,1399,12,12
1114,1295,12,12
1144,1191,12,12
1210,1399,12,12
1164,1207,12,12
1114,1295,12,12
1144,1191,12,12
1114,1295,12,12
1144,1191,12,12
1109,1399,12,12
1148,1159,12,12
1144,1191,12,12
1210,1399,12,12
1144,1191,12,12
1210,1399,12,12
1144,1191,12,12
1207,1352,12,12
1144,1191,12,12
1295,1365,12,12
1207,1352,12,12
1144,1191,12,12
1207,1352,12,12
1144,1191,12,12
1207,1352,12,12
1144,1191,12,12
1098,1157,12,12
1210,1295,12,12
1157,1159,12,12
1144,1191,12,12
1098,1157,12,12
1164,1207,12,12
1210,1295,12,12
1098,1159,12,12
1144,1191,12,12
1098,1157,12,12
1164,1207,12,12
1210,1295,12,12
1164,1207,12,12
1210,1295,12,12
1144,1191,12,12
1098,1157,12,12
1164,1207,12,12
1144,1245,12,12
1098,1159,12,12
1157,1159,12,12
1098,1157,12,12
1159,1191,12,12
1164,1207,12,12
1098,1159,12,12
1157,1159,12,12
1098,1157,12,12
1164,1207,12,12
1098,1144,12,12
1114,1210,12,12
1181,1327,12,12
1164,1207,12,12
1295,1327,12,12
1098,1245,12,12
1181,1295,12,12
1098,1144,12,12
1114,1210,12,12
1181,1327,12,12
1159,1191,12,12
1164,1207,12,12
1295,1327,12,12
1181,1295,12,12
1098,1144,12,12
1207,1363,12,12
1181,1327,12,12
1164,1207,12,12
1098,1144,12,12
1159,1191,12,12
1164,1207,12,12
1144,1245,12,12
1098,1144,12,12
1159,1191,12,12
1164,1207,12,12
1114,1393,12,12
1098,1144,12,12
1207,1363,12,12
1159,1191,12,12
1164,1207,12,12
1114,1393,12,12
1144,1245,12,12
1098,1159,12,12
1098,1144,12,12
1207,1363,12,12
1164,1207,12,12
1114,1393,12,12
1144,1245,12,12
1098,1159,12,12
1098,1144,12,12
1207,1363,12,12
1164,1207,12,12
1144,1245,12,12
1144,1191,12,12
1098,1144,12,12
1164,1207,12,12
1148,1157,12,12
1144,1191,12,12
1144,1157,12,12
1144,1168,12,12
1164,1207,12,12
1114,1295,12,12
1207,1374,12,12
1144,1148,12,12
1157,1191,12,12
1207,1363,12,12
1148,1168,12,12
1144,1168,12,12
1164,1207,12,12
1164,1363,12,12
1210,1399,12,12
1207,1363,12,12
1144,1168,12,12
1164,1207,12,12
1207,1374,12,12
1207,1363,12,12
1114,1245,12,12
1144,1168,12,12
1164,1207,12,12
1114,1207,12,12
1109,1207,12,12
1207,1245,12,12
1100,1108,12,12
1210,1399,12,12
1207,1363,12,12
1114,1207,12,12
1109,1207,12,12
1207,1245,12,12
1100,1108,12,12
1207,1295,12,12
1164,1207,12,12
1114,1207,12,12
1164,1295,12,12
1207,1245,12,12
1207,1295,12,12
1164,1207,12,12
1114,1207,12,12
1207,1245,12,12
1148,1157,12,12
1207,1295,12,12
1164,1207,12,12
1207,1295,12,12
1109,1164,12,12
1164,1207,12,12
1210,1399,12,12
1115,1207,12,12
1159,1323,12,12
1148,1191,12,12
1210,1399,12,12
1115,1207,12,12
1159,1323,12,12
1148,1191,12,12
1210,1399,12,12
1115,1207,12,12
1159,1323,12,12
1148,1191,12,12
1109,1115,12,12
1210,1245,12,12
1109,1115,12,12
1098,1245,12,12
1148,1159,12,12
1109,1115,12,12
1148,1159,12,12
1109,1115,12,12
1148,1191,12,12
1098,1210,12,12
1148,1159,12,12
1159,1191,12,12
1098,1210,12,12
1109,1115,12,12
1210,1399,12,12
1159,1191,12,12
1164,1363,12,12
1098,1210,12,12
1157,1191,12,12
1148,1157,12,12
1098,1210,12,12
1098,1207,12,12
1109,1115,12,12
1115,1207,12,12
1144,1159,12,12
1108,1207,12,12
1098,1383,12,12
1098,1210,12,12
1098,1383,12,12
1157,1159,12,12
1108,1207,12,12
1168,1207,12,12
1157,1159,12,12
1210,1399,12,12
1157,1159,12,12
1100,1108,12,12
1098,1393,12,12
1210,1399,12,12
1191,1207,12,12
1207,1332,12,12
1144,1191,12,12
1144,1157,12,12
1098,1393,12,12
1210,1399,12,12
1207,1373,12,12
1109,1378,12,12
1144,1191,12,12
1207,1373,12,12
1164,1207,12,12
1144,1191,12,12
1098,1393,12,12
1181,1327,12,12
1164,1207,12,12
1115,1383,12,12
1144,1191,12,12
1144,1157,12,12
1098,1393,12,12
1109,1191,12,12
1115,1383,12,12
1098,1393,12,12
1164,1207,12,12
1115,1383,12,12
1164,1191,12,12
1098,1393,12,12
1191,1207,12,12
1109,1207,12,12
1115,1383,12,12
1098,1164,12,12
1164,1191,12,12
1109,1164,12,12
1164,1207,12,12
1115,1383,12,12
1098,1365,12,12
1109,1157,12,12
1210,1399,12,12
1109,1164,12,12
1164,1207,12,12
1115,1383,12,12
1191,1363,12,12
1098,1365,12,12
1148,1159,12,12
1181,1327,12,12
1157,1164,12,12
1164,1207,12,12
1115,1383,12,12
1191,1363,12,12
1115,1383,12,12
1191,1363,12,12
1115,1383,12,12
1207,1374,12,12
1115,1383,12,12
1164,1191,12,12
1191,1363,12,12
1191,1207,12,12
1181,1327,12,12
1115,1383,12,12
1164,1191,12,12
1191,1363,12,12
1109,1115,12,12
1191,1207,12,12
1157,1164,12,12
1207,1374,12,12
1115,1383,12,12
1164,1191,12,12
1109,1115,12,12
1181,1327,12,12
1164,1207,12,12
1207,1374,12,12
1115,1383,12,12
1109,1115,12,12
1191,1207,12,12
1115,1383,12,12
1109,1115,12,12
1191,1207,12,12
1207,1374,12,12
1109,1383,12,12
1109,1115,12,12
1207,1374,12,12
1207,1374,12,12
1115,1383,12,12
1164,1191,12,12
1115,1383,12,12
1109,1383,12,12
1164,1363,12,12
1164,1191,12,12
1109,1115,12,12
1115,1157,12,12
1207,1374,12,12
1109,1383,12,12
1109,1157,12,12
1115,1157,12,12
1191,1207,12,12
1164,1207,12,12
1207,1374,12,12
1115,1383,12,12
1109,1115,12,12
1115,1157,12,12
1207,1363,12,12
1100,1210,12,12
1207,1374,12,12
1115,1383,12,12
1207,1374,12,12
1115,1383,12,12
1100,1108,12,12
1109,1115,12,12
1181,1327,12,12
1207,1374,12,12
1115,1383,12,12
1098,1159,12,12
1109,1115,12,12
1114,1295,12,12
1207,1374,12,12
1115,1383,12,12
1157,1320,12,12
1109,1115,12,12
1191,1207,12,12
1207,1374,12,12
1115,1383,12,12
1157,1320,12,12
1164,1374,12,12
1207,1363,12,12
1164,1207,12,12
1207,1374,12,12
1115,1383,12,12
1210,1399,12,12
1191,1207,12,12
1164,1207,12,12
1207,1374,12,12
1115,1383,12,12
1210,1399,12,12
1164,1207,12,12
1207,1374,12,12
1115,1383,12,12
1210,1399,12,12
1164,1207,12,12
1207,1374,12,12
1115,1383,12,12
1157,1320,12,12
1164,1374,12,12
1210,1399,12,12
1164,1207,12,12
1207,1374,12,12
1115,1383,12,12
1210,1399,12,12
1207,1363,12,12
1164,1207,12,12
1207,1374,12,12
1115,1383,12,12
1210,1399,12,12
1098,1320,12,12
1207,1363,12,12
1115,1383,12,12
1148,1159,12,12
1109,1115,12,12
1098,1157,12,12
1164,1207,12,12
1157,1320,12,12
1109,1115,12,12
1098,1320,12,12
1098,1157,12,12
1164,1207,12,12
1207,1374,12,12
1164,1374,12,12
1098,1207,12,12
1164,1207,12,12
1207,1374,12,12
1157,1320,12,12
1098,1207,12,12
1164,1207,12,12
1207,1374,12,12
1157,1320,12,12
1098,1164,12,12
1098,1207,12,12
1109,1115,12,12
1181,1327,12,12
1164,1207,12,12
1157,1320,12,12
1098,1164,12,12
1098,1207,12,12
1109,1115,12,12
1164,1207,12,12
1114,1295,12,12
1207,1374,12,12
1157,1320,12,12
1098,1164,12,12
1098,1207,12,12
1164,1207,12,12
1207,1374,12,12
1098,1164,12,12
1100,1159,12,12
1098,1207,12,12
1164,1207,12,12
1210,1245,12,12
1098,1374,12,12
1157,1320,12,12
1098,1164,12,12
1164,1374,12,12
1100,1159,12,12
1098,1207,12,12
1109,1115,12,12
1164,1207,12,12
1114,1295,12,12
1210,1245,12,12
1157,1320,12,12
1098,1164,12,12
1109,1115,12,12
1207,1374,12,12
1144,1148,12,12
1098,1191,12,12
1164,1374,12,12
1109,1115,12,12
1100,1210,12,12
1164,1207,12,12
1207,1374,12,12
1098,1191,12,12
1157,1320,12,12
1144,1191,12,12
1164,1374,12,12
1098,1144,12,12
1109,1115,12,12
1108,1144,12,12
1108,1181,12,12
1164,1207,12,12
1207,1374,12,12
1098,1191,12,12
1157,1320,12,12
1144,1191,12,12
1164,1374,12,12
1098,1144,12,12
1109,1115,12,12
1098,1148,12,12
1164,1207,12,12
1207,1374,12,12
1164,1374,12,12
1109,1115,12,12
1164,1207,12,12
1207,1374,12,12
1109,1115,12,12
1164,1207,12,12
1207,1374,12,12
1115,1383,12,12
1100,1108,12,12
1164,1374,12,12
1109,1115,12,12
1164,1207,12,12
1115,1383,12,12
1164,1363,12,12
1295,1305,12,12
1100,1108,12,12
1164,1374,12,12
1109,1115,12,12
1207,1363,12,12
1210,1393,12,12
1164,1207,12,12
1114,1295,12,12
1207,1374,12,12
1157,1320,12,12
1108,1191,12,12
1100,1108,12,12
1164,1374,12,12
1210,1393,12,12
1191,1207,12,12
1305,1383,12,12
1164,1207,12,12
1115,1210,12,12
1114,1295,12,12
1207,1374,12,12
1157,1320,12,12
1164,1191,12,12
1164,1374,12,12
1115,1295,12,12
1144,1393,12,12
1098,1210,12,12
1114,1115,12,12
1191,1207,12,12
1098,1115,12,12
1305,1383,12,12
1164,1207,12,12
1115,1210,12,12
1207,1374,12,12
1157,1320,12,12
1164,1191,12,12
1191,1374,12,12
1108,1295,12,12
1100,1108,12,12
1108,1115,12,12
1164,1374,12,12
1144,1393,12,12
1191,1207,12,12
1114,1245,12,12
1305,1383,12,12
1100,1210,12,12
1164,1207,12,12
1115,1210,12,12
1144,1210,12,12
1114,1295,12,12
1207,1374,12,12
1157,1320,12,12
1164,1191,12,12
1164,1374,12,12
1115,1295,12,12
1098,1373,12,12
1114,1115,12,12
1191,1207,12,12
1305,1383,12,12
1164,1207,12,12
1144,1210,12,12
1207,1374,12,12
1164,1191,12,12
1100,1108,12,12
1115,1295,12,12
1098,1373,12,12
1114,1115,12,12
1109,1114,12,12
1210,1393,12,12
1191,1207,12,12
1305,1383,12,12
1109,1295,12,12
1164,1207,12,12
1164,1191,12,12
1207,1210,12,12
1115,1295,12,12
1098,1207,12,12
1109,1115,12,12
1115,1207,12,12
1210,1393,12,12
1098,1115,12,12
1305,1383,12,12
1144,1210,12,12
1207,1374,12,12
1164,1191,12,12
1191,1374,12,12
1144,1393,12,12
1098,1332,12,12
1191,1207,12,12
1305,1383,12,12
1164,1207,12,12
1207,1374,12,12
1114,1144,12,12
1164,1191,12,12
1191,1374,12,12
1098,1332,12,12
1210,1393,12,12
1191,1207,12,12
1164,1207,12,12
1207,1374,12,12
1164,1191,12,12
1191,1374,12,12
1191,1207,12,12
1164,1207,12,12
1207,1374,12,12
1191,1374,12,12
1098,1332,12,12
1207,1363,12,12
1191,1207,12,12
1164,1207,12,12
1207,1374,12,12
1164,1210,12,12
1191,1374,12,12
1114,1115,12,12
1115,1365,12,12
1191,1207,12,12
1164,1207,12,12
1114,1181,12,12
1207,1374,12,12
1164,1191,12,12
1191,1374,12,12
1114,1164,12,12
1210,1393,12,12
1191,1207,12,12
1305,1383,12,12
1164,1207,12,12
1207,1374,12,12
1181,1210,12,12
1210,1365,12,12
1164,1191,12,12
1207,1363,12,12
1210,1393,12,12
1191,1207,12,12
1181,1393,12,12
1164,1207,12,12
1098,1159,12,12
1164,1191,12,12
1157,1207,12,12
1191,1374,12,12
1207,1295,12,12
1098,1144,12,12
1181,1393,12,12
1144,1159,12,12
1098,1159,12,12
1181,1210,12,12
1098,1245,12,12
1207,1295,12,12
1210,1393,12,12
1164,1207,12,12
1164,1295,12,12
1207,1332,12,12
1157,1191,12,12
1164,1207,12,12
1144,1159,12,12
1207,1332,12,12
1164,1210,12,12
1098,1245,12,12
1157,1191,12,12
1144,1159,12,12
1207,1332,12,12
1098,1245,12,12
1115,1144,12,12
1157,1191,12,12
1164,1207,12,12
1114,1365,12,12
1098,1245,12,12
1207,1210,12,12
1115,1144,12,12
1157,1191,12,12
1181,1207,12,12
1108,1352,12,12
1164,1181,12,12
1164,1207,12,12
1114,1207,12,12
1144,1210,12,12
1144,1191,12,12
1100,1108,12,12
1098,1245,12,12
1207,1210,12,12
1144,1157,12,12
1144,1164,12,12
1115,1144,12,12
1115,1207,12,12
1115,1164,12,12
1144,1207,12,12
1157,1191,12,12
1108,1352,12,12
1159,1191,12,12
1164,1207,12,12
1115,1210,12,12
1157,1159,12,12
1164,1210,12,12
1144,1191,12,12
1098,1245,12,12
1207,1210,12,12
1144,1157,12,12
1115,1207,12,12
1115,1164,12,12
1157,1191,12,12
1114,1164,12,12
1108,1352,12,12
1159,1191,12,12
1144,1210,12,12
1108,1391,12,12
1191,1210,12,12
1144,1191,12,12
1098,1245,12,12
1115,1207,12,12
1115,1164,12,12
1108,1352,12,12
1159,1191,12,12
1157,1159,12,12
1191,1210,12,12
1144,1191,12,12
1098,1245,12,12
1108,1352,12,12
1159,1191,12,12
1164,1207,12,12
1109,1207,12,12
1157,1159,12,12
1144,1191,12,12
1144,1157,12,12
1108,1352,12,12
1159,1191,12,12
1164,1207,12,12
1100,1352,12,12
1207,1383,12,12
1157,1159,12,12
1144,1191,12,12
1100,1108,12,12
1144,1157,12,12
1108,1352,12,12
1159,1191,12,12
1164,1207,12,12
1157,1159,12,12
1157,1191,12,12
1108,1352,12,12
1164,1207,12,12
1144,1159,12,12
1207,1383,12,12
1157,1159,12,12
1144,1191,12,12
1157,1191,12,12
1108,1352,12,12
1164,1207,12,12
1144,1159,12,12
1157,1159,12,12
1144,1191,12,12
1157,1191,12,12
1210,1393,12,12
1108,1352,12,12
1144,1159,12,12
1114,1365,12,12
1157,1159,12,12
1144,1191,12,12
1144,1157,12,12
1157,1191,12,12
1108,1352,12,12
1144,1159,12,12
1114,1365,12,12
1181,1391,12,12
1157,1191,12,12
1108,1352,12,12
1159,1191,12,12
1164,1207,12,12
1144,1159,12,12
1114,1365,12,12
1144,1191,12,12
1144,1157,12,12
1181,1391,12,12
1295,1365,12,12
1108,1352,12,12
1164,1207,12,12
1144,1159,12,12
1114,1365,12,12
1157,1159,12,12
1144,1191,12,12
1144,1157,12,12
1108,1352,12,12
1164,1207,12,12
1144,1159,12,12
1114,1365,12,12
1157,1159,12,12
1100,1108,12,12
1108,1352,12,12
1144,1159,12,12
1114,1365,12,12
1157,1159,12,12
1144,1157,12,12
1144,1159,12,12
1114,1365,12,12
1109,1365,12,12
1157,1159,12,12
1144,1191,12,12
1098,1245,12,12
1144,1157,12,12
1157,1191,12,12
1144,1159,12,12
1114,1365,12,12
1157,1159,12,12
1144,1191,12,12
1144,1157,12,12
1181,1391,12,12
1115,1207,12,12
1157,1191,12,12
1295,1365,12,12
1108,1352,12,12
1159,1191,12,12
1144,1159,12,12
1114,1365,12,12
1157,1159,12,12
1100,1108,12,12
1144,1157,12,12
1157,1191,12,12
1159,1191,12,12
1114,1365,12,12
1144,1332,12,12
1109,1164,12,12
1191,1332,12,12
1114,1365,12,12
1144,1191,12,12
1108,1157,12,12
1109,1115,12,12
1115,1207,12,12
1144,1332,12,12
1191,1332,12,12
1114,1365,12,12
1109,1207,12,12
1144,1191,12,12
1109,1115,12,12
1115,1207,12,12
1144,1332,12,12
1191,1332,12,12
1114,1365,12,12
1109,1207,12,12
1144,1191,12,12
1098,1245,12,12
1109,1115,12,12
1115,1207,12,12
1144,1332,12,12
1191,1332,12,12
1114,1365,12,12
1109,1207,12,12
1144,1191,12,12
1181,1391,12,12
1115,1207,12,12
1144,1332,12,12
1295,1365,12,12
1114,1365,12,12
1109,1207,12,12
1164,1377,12,12
1144,1191,12,12
1109,1115,12,12
1115,1207,12,12
1210,1393,12,12
1191,1332,12,12
1114,1365,12,12
1109,1207,12,12
1164,1377,12,12
1144,1191,12,12
1100,1108,12,12
1109,1115,12,12
1115,1207,12,12
1114,1365,12,12
1181,1391,12,12
1157,1191,12,12
1114,1365,12,12
1100,1108,12,12
1144,1157,12,12
1181,1391,12,12
1157,1191,12,12
1114,1365,12,12
1144,1191,12,12
1181,1391,12,12
1157,1191,12,12
1114,1365,12,12
1144,1191,12,12
1115,1207,12,12
1157,1191,12,12
1114,1365,12,12
1144,1191,12,12
1144,1157,12,12
1115,1207,12,12
1157,1191,12,12
1114,1365,12,12
1098,1391,12,12
1164,1377,12,12
1144,1191,12,12
1115,1207,12,12
1157,1191,12,12
1210,1393,12,12
1114,1365,12,12
1098,1391,12,12
1164,1377,12,12
1144,1191,12,12
1115,1207,12,12
1157,1191,12,12
1210,1393,12,12
1210,1245,12,12
1114,1365,12,12
1098,1391,12,12
1157,1260,12,12
1164,1377,12,12
1157,1260,12,12
1098,1144,12,12
1191,1260,12,12
1181,1391,12,12
1157,1191,12,12
1164,1377,12,12
1157,1260,12,12
1098,1144,12,12
1191,1260,12,12
1115,1207,12,12
1157,1191,12,12
1295,1365,12,12
1210,1245,12,12
1114,1365,12,12
1164,1377,12,12
1098,1144,12,12
1191,1260,12,12
1108,1144,12,12
1115,1207,12,12
1157,1191,12,12
1295,1365,12,12
1114,1365,12,12
1157,1260,12,12
1098,1144,12,12
1114,1365,12,12
1098,1191,12,12
1115,1191,12,12
1157,1260,12,12
1181,1391,12,12
1098,1115,12,12
1159,1191,12,12
1114,1365,12,12
1144,1245,12,12
1098,1327,12,12
1305,1383,12,12
1159,1191,12,12
1157,1260,12,12
1098,1327,12,12
1100,1383,12,12
1159,1191,12,12
1144,1245,12,12
1157,1260,12,12
1098,1327,12,12
1100,1383,12,12
1144,1245,12,12
1157,1260,12,12
1100,1383,12,12
1144,1245,12,12
1100,1383,12,12
1108,1383,12,12
1157,1260,12,12
1159,1191,12,12
1108,1383,12,12
1100,1108,12,12
1157,1260,12,12
1098,1352,12,12
1210,1393,12,12
1108,1383,12,12
1100,1108,12,12
1157,1260,12,12
1098,1210,12,12
1108,1383,12,12
1144,1164,12,12
1157,1260,12,12
1098,1210,12,12
1108,1383,12,12
1114,1365,12,12
1144,1377,12,12
1164,1377,12,12
1100,1108,12,12
1144,1164,12,12
1157,1260,12,12
1157,1191,12,12
1159,1191,12,12
1114,1365,12,12
1144,1377,12,12
1144,1164,12,12
1098,1207,12,12
1210,1245,12,12
1114,1365,12,12
1157,1260,12,12
1098,1207,12,12
1210,1245,12,12
1157,1260,12,12
1098,1207,12,12
1157,1260,12,12
1098,1207,12,12
1164,1377,12,12
1157,1260,12,12
1098,1210,12,12
1157,1260,12,12
1098,1210,12,12
1157,1191,12,12
1114,1207,12,12
1207,1295,12,12
1157,1260,12,12
1181,1391,12,12
1207,1365,12,12
1098,1148,12,12
1108,1383,12,12
1109,1210,12,12
1114,1207,12,12
1207,1295,12,12
1181,1391,12,12
1207,1365,12,12
1098,1148,12,12
1207,1295,13,13
1181,1391,13,13
1098,1148,13,13
1109,1210,13,13
1114,1207,13,13
1164,1377,13,13
1207,1295,13,13
1181,1391,13,13
1207,1365,13,13
1108,1383,13,13
1114,1207,13,13
1164,1377,13,13
1100,1108,13,13
1207,1295,13,13
1295,1365,13,13
1207,1365,13,13
1164,1377,13,13
1100,1108,13,13
1207,1295,13,13
1207,1365,13,13
1114,1207,13,13
1114,1365,13,13
1148,1164,13,13
1109,1207,13,13
1207,1295,13,13
1157,1260,13,13
1295,1365,13,13
1207,1365,13,13
1098,1377,13,13
1109,1295,13,13
1114,1207,13,13
1109,1365,13,13
1109,1207,13,13
1164,1210,13,13
1100,1327,13,13
1207,1295,13,13
1157,1260,13,13
1108,1327,13,13
1295,1365,13,13
1207,1365,13,13
1098,1377,13,13
1191,1352,13,13
1109,1295,13,13
1114,1207,13,13
1109,1207,13,13
1164,1191,13,13
1100,1108,13,13
1100,1327,13,13
1108,1327,13,13
1207,1365,13,13
1098,1377,13,13
1114,1207,13,13
1164,1191,13,13
1108,1327,13,13
1365,1393,13,13
1164,1327,13,13
1098,1377,13,13
1207,1391,13,13
1114,1365,13,13
1164,1191,13,13
1191,1327,13,13
1295,1365,13,13
1164,1327,13,13
1210,1378,13,13
1098,1377,13,13
1207,1391,13,13
1164,1191,13,13
1191,1327,13,13
1157,1260,13,13
1181,1207,13,13
1164,1327,13,13
1100,1164,13,13
1098,1377,13,13
1207,1391,13,13
1109,1207,13,13
1164,1191,13,13
1108,1164,13,13
1157,1260,13,13
1100,1109,13,13
1109,1327,13,13
1181,1207,13,13
1109,1191,13,13
1098,1377,13,13
1207,1391,13,13
1207,1352,13,13
1164,1191,13,13
1157,1260,13,13
1295,1365,13,13
1181,1207,13,13
1098,1377,13,13
1098,1148,13,13
1207,1391,13,13
1164,1191,13,13
1181,1207,13,13
1098,1148,13,13
1207,1391,13,13
1164,1191,13,13
1181,1391,13,13
1108,1327,13,13
1181,1207,13,13
1098,1148,13,13
1109,1207,13,13
1164,1191,13,13
1157,1260,13,13
1108,1327,13,13
1181,1207,13,13
1109,1207,13,13
1164,1191,13,13
1157,1260,13,13
1098,1210,13,13
1108,1327,13,13
1114,1365,13,13
1157,1260,13,13
1098,1210,13,13
1109,1327,13,13
1108,1327,13,13
1100,1207,13,13
1114,1365,13,13
1109,1207,13,13
1098,1210,13,13
1108,1327,13,13
1181,1207,13,13
1114,1365,13,13
1164,1191,13,13
1157,1260,13,13
1098,1210,13,13
1108,1327,13,13
1098,1191,13,13
1100,1108,13,13
1100,1327,13,13
1210,1378,13,13
1144,1191,13,13
1157,1260,13,13
1114,1365,13,13
1109,1207,13,13
1144,1191,13,13
1108,1181,13,13
1109,1207,13,13
1144,1191,13,13
1109,1207,13,13
1144,1191,13,13
1114,1295,13,13
1109,1207,13,13
1100,1114,13,13
1144,1191,13,13
1164,1245,13,13
1191,1210,13,13
1144,1191,13,13
1098,1210,13,13
1210,1378,13,13
1164,1245,13,13
1098,1168,13,13
1114,1295,13,13
1109,1207,13,13
1157,1260,13,13
1108,1245,13,13
1191,1365,13,13
1114,1295,13,13
1109,1207,13,13
1157,1260,13,13
1098,1210,13,13
1114,1295,13,13
1109,1207,13,13
1108,1245,13,13
1114,1295,13,13
1157,1260,13,13
1098,1210,13,13
1114,1295,13,13
1109,1207,13,13
1157,1260,13,13
1210,1378,13,13
1109,1159,13,13
1157,1260,13,13
1114,1164,13,13
1164,1295,13,13
1109,1207,13,13
1109,1159,13,13
1100,1108,13,13
1159,1207,13,13
1191,1207,13,13
1164,1245,13,13
1159,1191,13,13
1109,1207,13,13
1157,1260,13,13
1159,1207,13,13
1191,1207,13,13
1109,1191,13,13
1159,1191,13,13
1109,1207,13,13
1109,1159,13,13
1159,1207,13,13
1191,1207,13,13
1109,1191,13,13
1159,1191,13,13
1207,1374,13,13
1164,1245,13,13
1159,1191,13,13
1109,1207,13,13
1098,1164,13,13
1157,1260,13,13
1164,1245,13,13
1159,1191,13,13
1207,1374,13,13
1114,1157,13,13
1114,1191,13,13
1159,1191,13,13
1207,1374,13,13
1114,1157,13,13
1210,1378,13,13
1159,1191,13,13
1207,1374,13,13
1109,1207,13,13
1164,1191,13,13
1157,1260,13,13
1159,1191,13,13
1109,1365,13,13
1109,1159,13,13
1159,1164,13,13
1164,1191,13,13
1207,1363,13,13
1109,1164,13,13
1109,1191,13,13
1159,1191,13,13
1114,1365,13,13
1164,1295,13,13
1159,1164,13,13
1164,1191,13,13
1108,1157,13,13
1114,1157,13,13
1114,1260,13,13
1109,1191,13,13
1159,1191,13,13
1181,1191,13,13
1207,1363,13,13
1164,1245,13,13
1159,1191,13,13
1207,1374,13,13
1159,1210,13,13
1108,1191,13,13
1108,1159,13,13
1207,1363,13,13
1159,1191,13,13
1164,1295,13,13
1181,1352,13,13
1157,1260,13,13
1159,1191,13,13
1164,1295,13,13
1181,1352,13,13
1164,1191,13,13
1157,1260,13,13
1114,1164,13,13
1159,1191,13,13
1164,1295,13,13
1114,1144,13,13
1181,1352,13,13
1164,1191,13,13
1144,1164,13,13
1191,1295,13,13
1114,1144,13,13
1181,1352,13,13
1108,1363,13,13
1164,1191,13,13
1114,1191,13,13
1191,1365,13,13
1164,1295,13,13
1181,1352,13,13
1157,1159,13,13
1157,1260,13,13
1191,1207,13,13
1210,1378,13,13
1159,1260,13,13
1144,1245,13,13
1157,1159,13,13
1164,1365,13,13
1157,1260,13,13
1191,1207,13,13
1144,1295,13,13
1207,1365,13,13
1157,1159,13,13
1100,1108,13,13
1164,1374,13,13
1148,1395,13,13
1207,1365,13,13
1207,1391,13,13
1114,1144,13,13
1157,1159,13,13
1164,1363,13,13
1100,1108,13,13
1164,1374,13,13
1148,1395,13,13
1207,1352,13,13
1114,1144,13,13
1157,1159,13,13
1164,1374,13,13
1159,1365,13,13
1148,1395,13,13
1109,1207,13,13
1148,1377,13,13
1164,1363,13,13
1109,1157,13,13
1207,1365,13,13
1114,1207,13,13
1144,1260,13,13
1109,1157,13,13
1114,1157,13,13
1109,1114,13,13
1207,1365,13,13
1109,1207,13,13
1181,1352,13,13
1148,1377,13,13
1157,1159,13,13
1144,1260,13,13
1164,1191,13,13
1157,1207,13,13
1114,1157,13,13
1159,1207,13,13
1207,1365,13,13
1109,1207,13,13
1157,1159,13,13
1144,1260,13,13
1164,1191,13,13
1164,1365,13,13
1210,1378,13,13
1157,1164,13,13
1109,1164,13,13
1164,1181,13,13
1164,1207,13,13
1098,1164,13,13
1114,1164,13,13
1164,1181,13,13
1207,1391,13,13
1114,1295,13,13
1207,1352,13,13
1157,1159,13,13
1207,1391,13,13
1114,1295,13,13
1207,1352,13,13
1144,1245,13,13
1098,1144,13,13
1114,1164,13,13
1114,1295,13,13
1207,1352,13,13
1164,1295,13,13
1144,1245,13,13
1148,1377,13,13
1157,1159,13,13
1098,1144,13,13
1114,1164,13,13
1114,1295,13,13
1164,1295,13,13
1109,1305,13,13
1109,1207,13,13
1148,1377,13,13
1157,1159,13,13
1098,1144,13,13
1210,1378,13,13
1114,1295,13,13
1164,1295,13,13
1144,1245,13,13
1109,1207,13,13
1148,1377,13,13
1157,1159,13,13
1159,1365,13,13
1114,1164,13,13
1164,1207,13,13
1148,1377,13,13
1157,1159,13,13
1098,1114,13,13
1181,1207,13,13
1207,1391,13,13
1207,1352,13,13
1148,1377,13,13
1157,1159,13,13
1098,1245,13,13
1098,1144,13,13
1159,1365,13,13
1260,1295,13,13
1207,1391,13,13
1114,1295,13,13
1164,1295,13,13
1114,1144,13,13
1157,1159,13,13
1098,1144,13,13
1159,1365,13,13
1114,1207,13,13
1114,1144,13,13
1159,1365,13,13
1144,1295,13,13
1114,1393,13,13
1114,1144,13,13
1148,1377,13,13
1207,1295,13,13
1157,1260,13,13
1159,1260,13,13
1114,1144,13,13
1157,1159,13,13
1157,1260,13,13
1144,1295,13,13
1109,1164,13,13
1114,1295,13,13
1114,1144,13,13
1144,1295,13,13
1109,1164,13,13
1164,1207,13,13
1114,1393,13,13
1114,1295,13,13
1114,1144,13,13
1148,1377,13,13
1157,1260,13,13
1144,1295,13,13
1164,1207,13,13
1114,1295,13,13
1114,1144,13,13
1159,1164,13,13
1144,1393,13,13
1157,1260,13,13
1144,1295,13,13
1114,1295,13,13
1114,1144,13,13
1144,1393,13,13
1191,1260,13,13
1144,1295,13,13
1114,1295,13,13
1114,1144,13,13
1148,1377,13,13
1191,1260,13,13
1157,1191,13,13
1159,1207,13,13
1144,1295,13,13
1114,1295,13,13
1148,1377,13,13
1207,1210,13,13
1157,1260,13,13
1191,1260,13,13
1115,1207,13,13
1157,1191,13,13
1148,1377,13,13
1157,1260,13,13
1115,1207,13,13
1168,1191,13,13
1157,1260,13,13
1115,1207,13,13
1114,1295,13,13
1144,1157,13,13
1115,1207,13,13
1157,1365,13,13
1114,1295,13,13
1144,1157,13,13
1157,1260,13,13
1108,1207,13,13
1157,1365,13,13
1114,1295,13,13
1148,1377,13,13
1157,1260,13,13
1114,1295,13,13
1157,1260,13,13
1115,1207,13,13
1114,1295,13,13
1157,1260,13,13
1115,1207,13,13
1114,1295,13,13
1157,1260,13,13
1115,1207,13,13
1114,1295,13,13
1157,1260,13,13
1181,1391,13,13
1115,1207,13,13
1114,1295,13,13
1100,1108,13,13
1108,1207,13,13
1181,1391,13,13
1114,1295,13,13
1108,1115,13,13
1157,1260,13,13
1115,1207,13,13
1114,1295,13,13
1157,1260,13,13
1115,1207,13,13
1114,1295,13,13
1109,1365,13,13
1157,1260,13,13
1115,1207,13,13
1114,1295,13,13
1157,1260,13,13
1115,1207,13,13
1109,1365,13,13
1157,1260,13,13
1157,1191,13,13
1157,1365,13,13
1114,1295,13,13
1148,1377,13,13
1157,1260,13,13
1164,1260,13,13
1181,1391,13,13
1157,1191,13,13
1114,1393,13,13
1114,1295,13,13
1157,1260,13,13
1181,1391,13,13
1115,1207,13,13
1157,1191,13,13
1114,1295,13,13
1157,1260,13,13
1115,1207,13,13
1157,1191,13,13
1164,1245,13,13
1100,1108,13,13
1115,1207,13,13
1164,1245,13,13
1148,1377,13,13
1100,1108,13,13
1157,1260,13,13
1181,1391,13,13
1115,1207,13,13
1164,1245,13,13
1098,1164,13,13
1181,1391,13,13
1115,1207,13,13
1164,1245,13,13
1098,1164,13,13
1181,1391,13,13
1098,1114,13,13
1115,1207,13,13
1114,1164,13,13
1114,1245,13,13
1114,1295,13,13
1098,1164,13,13
1157,1260,13,13
1181,1391,13,13
1115,1207,13,13
1114,1164,13,13
1114,1295,13,13
1109,1207,13,13
1098,1164,13,13
1157,1260,13,13
1181,1391,13,13
1115,1207,13,13
1108,1395,13,13
1114,1295,13,13
1100,1395,13,13
1148,1377,13,13
1100,1108,13,13
1157,1260,13,13
1181,1391,13,13
1115,1207,13,13
1157,1164,13,13
1108,1395,13,13
1157,1159,13,13
1164,1365,13,13
1157,1260,13,13
1181,1391,13,13
1115,1207,13,13
1108,1395,13,13
1159,1260,13,13
1148,1377,13,13
1157,1159,13,13
1100,1108,13,13
1157,1260,13,13
1108,1395,13,13
1100,1395,13,13
1148,1377,13,13
1157,1159,13,13
1157,1260,13,13
1181,1391,13,13
1377,1395,13,13
1159,1260,13,13
1114,1295,13,13
1148,1377,13,13
1109,1395,13,13
1108,1109,13,13
1157,1260,13,13
1181,1391,13,13
1114,1245,13,13
1108,1395,13,13
1159,1260,13,13
1157,1159,13,13
1157,1260,13,13
1115,1207,13,13
1114,1245,13,13
1157,1159,13,13
1157,1260,13,13
1115,1207,13,13
1114,1295,13,13
1157,1159,13,13
1157,1260,13,13
1181,1391,13,13
1114,1245,13,13
1114,1295,13,13
1148,1377,13,13
1157,1159,13,13
1115,1207,13,13
1114,1295,13,13
1210,1245,13,13
1157,1159,13,13
1098,1109,13,13
1115,1207,13,13
1210,1378,13,13
1191,1365,13,13
1114,1295,13,13
1098,1109,13,13
1108,1395,13,13
1159,1191,13,13
1114,1295,13,13
1148,1377,13,13
1098,1109,13,13
1115,1207,13,13
1114,1295,13,13
1100,1395,13,13
1098,1109,13,13
1157,1260,13,13
1115,1207,13,13
1114,1191,13,13
1108,1395,13,13
1114,1295,13,13
1100,1395,13,13
1148,1377,13,13
1157,1260,13,13
1115,1207,13,13
1159,1191,13,13
1114,1295,13,13
1109,1207,13,13
1098,1109,13,13
1157,1260,13,13
1098,1207,13,13
1114,1383,13,13
1108,1395,13,13
1114,1295,13,13
1109,1207,13,13
1098,1109,13,13
1157,1260,13,13
1098,1207,13,13
1115,1207,13,13
1114,1383,13,13
1108,1395,13,13
1114,1295,13,13
1109,1207,13,13
1148,1377,13,13
1164,1191,13,13
1191,1363,13,13
1157,1260,13,13
1108,1395,13,13
1148,1377,13,13
1164,1191,13,13
1157,1260,13,13
1115,1207,13,13
1109,1207,13,13
1164,1191,13,13
1157,1260,13,13
1114,1383,13,13
1148,1377,13,13
1164,1191,13,13
1191,1363,13,13
1157,1260,13,13
1115,1207,13,13
1114,1383,13,13
1207,1245,13,13
1164,1191,13,13
1100,1108,13,13
1191,1363,13,13
1157,1260,13,13
1115,1207,13,13
1181,1327,13,13
1260,1365,13,13
1098,1207,13,13
1098,1115,13,13
1114,1383,13,13
1108,1391,13,13
1109,1395,13,13
1260,1365,13,13
1100,1391,13,13
1098,1115,13,13
1114,1383,13,13
1157,1365,13,13
1108,1391,13,13
1115,1207,13,13
1100,1391,13,13
1114,1383,13,13
1157,1365,13,13
1114,1295,13,13
1108,1391,13,13
1114,1383,13,13
1157,1365,13,13
1109,1210,13,13
1114,1295,13,13
1108,1391,13,13
1157,1365,13,13
1108,1391,13,13
1115,1207,13,13
1157,1365,13,13
1109,1210,13,13
1108,1391,13,13
1109,1391,13,13
1210,1391,13,13
1181,1327,13,13
1157,1365,13,13
1210,1377,13,13
1108,1391,13,13
1109,1391,13,13
1210,1391,13,13
1157,1365,13,13
1210,1377,13,13
1108,1391,13,13
1100,1391,13,13
1181,1327,13,13
1377,1395,13,13
1157,1365,13,13
1114,1295,13,13
1210,1377,13,13
1100,1391,13,13
1157,1365,13,13
1114,1295,13,13
1108,1391,13,13
1109,1391,13,13
1157,1260,13,13
1210,1391,13,13
1114,1295,13,13
1108,1391,13,13
1157,1260,13,13
1114,1383,13,13
1210,1377,13,13
1108,1391,13,13
1157,1365,13,13
1109,1377,13,13
1108,1391,13,13
1098,1245,13,13
1148,1159,13,13
1377,1395,13,13
1157,1365,13,13
1305,1383,13,13
1109,1377,13,13
1108,1391,13,13
1098,1245,13,13
1100,1391,13,13
1377,1395,13,13
1157,1365,13,13
1109,1210,13,13
1109,1377,13,13
1210,1377,13,13
1210,1395,13,13
1108,1391,13,13
1100,1391,13,13
1377,1395,13,13
1157,1365,13,13
1159,1191,13,13
1108,1391,13,13
1157,1260,13,13
1157,1365,13,13
1159,1191,13,13
1108,1391,13,13
1164,1191,13,13
1098,1245,13,13
1157,1260,13,13
1157,1365,13,13
1159,1191,13,13
1108,1391,13,13
1164,1191,13,13
1157,1260,13,13
1144,1207,13,13
1157,1365,13,13
1109,1210,13,13
1108,1391,13,13
1159,1164,13,13
1164,1191,13,13
1100,1108,13,13
1157,1260,13,13
1100,1391,13,13
1157,1365,13,13
1159,1191,13,13
1100,1108,13,13
1157,1260,13,13
1098,1144,13,13
1157,1365,13,13
1159,1191,13,13
1260,1365,13,13
1157,1260,13,13
1098,1144,13,13
1108,1144,13,13
1115,1164,13,13
1159,1191,13,13
1148,1157,13,13
1191,1260,13,13
1157,1191,13,13
1159,1191,13,13
1164,1207,13,13
1157,1159,13,13
1144,1157,13,13
1191,1260,13,13
1115,1164,13,13
1144,1159,13,13
1157,1159,13,13
1108,1191,13,13
1144,1260,13,13
1144,1157,13,13
1114,1383,13,13
1144,1159,13,13
1109,1210,13,13
1144,1157,13,13
1115,1207,13,13
1144,1159,13,13
1109,1210,13,13
1109,1207,13,13
1207,1210,13,13
1115,1164,13,13
1181,1327,13,13
1191,1332,13,13
1157,1260,13,13
1181,1327,13,13
1109,1210,13,13
1157,1260,13,13
1114,1383,13,13
1191,1373,13,13
1144,1159,13,13
1108,1365,13,13
1157,1260,13,13
1191,1373,13,13
1305,1383,13,13
1164,1181,13,13
1148,1191,13,13
1108,1320,13,13
1157,1260,13,13
1191,1373,13,13
1144,1159,13,13
1148,1191,13,13
1191,1365,13,13
1114,1295,13,13
1207,1395,13,13
1108,1191,13,13
1207,1210,13,13
1157,1260,13,13
1115,1164,13,13
1108,1148,13,13
1148,1191,13,13
1114,1295,13,13
1207,1395,13,13
1109,1207,13,13
1207,1210,13,13
1157,1260,13,13
1114,1295,13,13
1109,1207,13,13
1157,1260,13,13
1144,1159,13,13
1148,1191,13,13
1207,1395,13,13
1115,1365,13,13
1164,1181,13,13
1144,1159,13,13
1148,1191,13,13
1114,1295,13,13
1115,1320,13,13
1115,1260,13,13
1157,1260,13,13
1115,1157,13,13
1114,1383,13,13
1144,1159,13,13
1114,1295,13,13
1109,1207,13,13
1157,1260,13,13
1115,1207,13,13
1114,1383,13,13
1144,1159,13,13
1115,1210,13,13
1109,1210,13,13
1207,1210,13,13
1157,1260,13,13
1115,1207,13,13
1114,1383,13,13
1295,1383,13,13
1320,1365,13,13
1207,1210,13,13
1181,1191,13,13
1157,1260,13,13
1115,1207,13,13
1114,1383,13,13
1115,1210,13,13
1108,1191,13,13
1207,1210,13,13
1157,1260,13,13
1115,1207,13,13
1114,1383,13,13
1109,1210,13,13
1109,1207,13,13
1157,1260,13,13
1109,1115,13,13
1115,1207,13,13
1164,1245,13,13
1114,1383,13,13
1115,1210,13,13
1109,1210,13,13
1191,1365,13,13
1109,1207,13,13
1207,1210,13,13
1157,1260,13,13
1115,1207,13,13
1114,1383,13,13
1164,1181,13,13
1109,1210,13,13
1191,1365,13,13
1207,1395,13,13
1109,1207,13,13
1157,1260,13,13
1114,1383,13,13
1164,1181,13,13
1109,1210,13,13
1109,1207,13,13
1108,1191,13,13
1115,1395,13,13
1207,1210,13,13
1157,1260,13,13
1115,1207,13,13
1114,1383,13,13
1100,1191,13,13
1148,1191,13,13
1157,1260,13,13
1109,1115,13,13
1114,1383,13,13
1115,1210,13,13
1100,1191,13,13
1157,1260,13,13
1115,1207,13,13
1114,1383,13,13
1115,1210,13,13
1100,1191,13,13
1109,1207,13,13
1207,1210,13,13
1109,1115,13,13
1115,1207,13,13
1114,1383,13,13
1115,1210,13,13
1100,1191,13,13
1148,1191,13,13
1157,1260,13,13
1109,1115,13,13
1115,1207,13,13
1114,1383,13,13
1114,1295,13,13
1157,1260,13,13
1100,1373,13,13
1115,1207,13,13
1191,1352,13,13
1115,1210,13,13
1148,1191,13,13
1114,1295,13,13
1157,1260,13,13
1115,1207,13,13
1114,1383,13,13
1191,1352,13,13
1148,1191,13,13
1210,1245,13,13
1207,1395,13,13
1207,1210,13,13
1157,1260,13,13
1115,1207,13,13
1114,1383,13,13
1191,1352,13,13
1148,1191,13,13
1114,1295,13,13
1207,1210,13,13
1157,1260,13,13
1191,1352,13,13
1109,1210,13,13
1148,1191,13,13
1114,1295,13,13
1109,1207,13,13
1098,1365,13,13
1157,1260,13,13
1157,1260,13,13
1109,1115,13,13
1115,1207,13,13
1164,1245,13,13
1144,1181,13,13
1191,1352,13,13
1115,1210,13,13
1148,1191,13,13
1207,1210,13,13
1144,1164,13,13
1157,1260,13,13
1115,1207,13,13
1191,1352,13,13
1115,1210,13,13
1148,1191,13,13
1207,1395,13,13
1164,1295,13,13
1109,1207,13,13
1207,1210,13,13
1115,1207,13,13
1114,1157,13,13
1109,1378,13,13
1109,1210,13,13
1148,1191,13,13
1114,1295,13,13
1109,1207,13,13
1109,1115,13,13
1115,1207,13,13
1114,1157,13,13
1098,1157,13,13
1114,1383,13,13
1148,1191,13,13
1114,1295,13,13
1114,1383,13,13
1191,1352,13,13
1148,1191,13,13
1114,1295,13,13
1115,1207,13,13
1114,1383,13,13
1191,1352,13,13
1148,1191,13,13
1114,1295,13,13
1109,1207,13,13
1157,1260,13,13
1114,1383,13,13
1191,1352,13,13
1109,1181,13,13
1148,1191,13,13
1114,1295,13,13
1100,1109,13,13
1114,1295,13,13
1114,1157,13,13
1109,1114,13,13
1181,1207,13,13
1191,1295,13,13
1109,1295,13,13
1148,1191,13,13
1100,1108,13,13
1157,1260,13,13
1115,1207,13,13
1157,1191,13,13
1109,1295,13,13
1114,1295,13,13
1191,1260,13,13
1115,1207,13,13
1115,1164,13,13
1157,1191,13,13
1109,1114,13,13
1181,1207,13,13
1164,1207,13,13
1114,1207,13,13
1109,1207,13,13
1191,1260,13,13
1115,1207,13,13
1114,1115,13,13
1191,1260,13,13
1115,1393,13,13
1109,1114,13,13
1191,1207,13,13
1148,1191,13,13
1144,1210,13,13
1114,1144,13,13
1115,1393,13,13
1098,1114,13,13
1148,1191,13,13
1144,1210,13,13
1114,1295,13,13
1157,1383,13,13
1098,1144,13,13
1115,1393,13,13
1114,1210,13,13
1148,1191,13,13
1157,1383,13,13
1115,1393,13,13
1148,1191,13,13
1115,1393,13,13
1207,1365,13,13
1157,1295,13,13
1098,1164,13,13
1157,1383,13,13
1115,1393,13,13
1207,1365,13,13
1157,1295,13,13
1148,1191,13,13
1157,1383,13,13
1157,1305,13,13
1157,1260,13,13
1115,1393,13,13
1157,1295,13,13
1148,1191,13,13
1114,1295,13,13
1157,1383,13,13
1260,1383,13,13
1157,1260,13,13
1115,1393,13,13
1144,1159,13,13
1148,1191,13,13
1114,1295,13,13
1098,1164,13,13
1164,1191,13,13
1260,1383,13,13
1115,1393,13,13
1157,1383,13,13
1164,1191,13,13
1260,1383,13,13
1157,1260,13,13
1115,1393,13,13
1148,1191,13,13
1157,1383,13,13
1164,1191,13,13
1191,1374,13,13
1164,1374,13,13
1260,1383,13,13
1148,1191,13,13
1148,1164,13,13
1109,1383,13,13
1109,1260,13,13
1157,1383,13,13
1164,1191,13,13
1191,1374,13,13
1260,1383,13,13
1098,1210,13,13
1109,1157,13,13
1148,1191,13,13
1148,1164,13,13
1109,1383,13,13
1157,1383,13,13
1164,1191,13,13
1191,1374,13,13
1157,1305,13,13
1157,1260,13,13
1109,1157,13,13
1114,1115,13,13
1148,1191,13,13
1148,1164,13,13
1109,1260,13,13
1157,1383,13,13
1164,1191,13,13
1191,1374,13,13
1098,1245,13,13
1157,1260,13,13
1148,1191,13,13
1148,1164,13,13
1109,1383,13,13
1109,1260,13,13
1157,1383,13,13
1164,1191,13,13
1191,1374,13,13
1098,1245,13,13
1157,1260,13,13
1109,1157,13,13
1210,1378,13,13
1305,1383,13,13
1114,1207,13,13
1148,1191,13,13
1148,1164,13,13
1109,1383,13,13
1164,1191,13,13
1157,1260,13,13
1109,1157,13,13
1114,1207,13,13
1148,1191,13,13
1114,1365,13,13
1109,1383,13,13
1109,1260,13,13
1157,1383,13,13
1148,1374,13,13
1164,1191,13,13
1191,1374,13,13
1157,1260,13,13
1115,1144,13,13
1109,1157,13,13
1207,1365,13,13
1114,1207,13,13
1148,1191,13,13
1114,1365,13,13
1148,1164,13,13
1109,1260,13,13
1245,1295,13,13
1157,1383,13,13
1148,1374,13,13
1164,1191,13,13
1191,1374,13,13
1115,1365,13,13
1210,1378,13,13
1114,1207,13,13
1148,1191,13,13
1114,1365,13,13
1148,1164,13,13
1109,1260,13,13
1164,1191,13,13
1191,1374,13,13
1109,1157,13,13
1115,1207,13,13
1114,1115,13,13
1115,1365,13,13
1207,1365,13,13
1305,1383,13,13
1148,1191,13,13
1144,1210,13,13
1144,1245,13,13
1148,1164,13,13
1164,1191,13,13
1191,1374,13,13
1164,1374,13,13
1115,1207,13,13
1115,1365,13,13
1305,1383,13,13
1148,1191,13,13
1148,1164,13,13
1164,1191,13,13
1164,1365,13,13
1157,1260,13,13
1305,1383,13,13
1148,1191,13,13
1164,1365,13,13
1157,1260,13,13
1305,1383,13,13
1148,1191,13,13
1164,1365,13,13
1164,1207,13,13
1191,1391,13,13
1164,1365,13,13
1191,1391,13,13
1157,1260,13,13
1109,1115,13,13
1114,1115,13,13
1109,1114,13,13
1159,1209,13,13
1191,1391,13,13
1115,1260,13,13
1157,1260,13,13
1191,1391,13,13
1157,1260,13,13
1114,1115,13,13
1148,1191,13,13
1148,1191,13,13
1115,1295,13,13
1157,1260,13,13
1114,1115,13,13
1157,1191,13,13
1114,1295,13,13
1210,1245,13,13
1164,1191,13,13
1181,1191,13,13
1157,1260,13,13
1114,1295,13,13
1210,1245,13,13
1115,1260,13,13
1114,1115,13,13
1115,1164,13,13
1114,1164,13,13
1148,1191,13,13
1114,1295,13,13
1210,1245,13,13
1157,1191,13,13
1114,1295,13,13
1191,1391,13,13
1114,1295,13,13
1191,1391,13,13
1191,1391,13,13
1157,1260,13,13
1210,1245,13,13
1191,1391,13,13
1157,1260,13,13
1098,1114,13,13
1114,1295,13,13
1191,1391,13,13
1098,1164,13,13
1157,1260,13,13
1191,1391,13,13
1157,1260,13,13
1191,1391,13,13
1157,1260,13,13
1148,1391,13,13
1191,1391,13,13
1157,1260,13,13
1114,1260,13,13
1114,1295,13,13
1210,1245,13,13
1191,1391,13,13
1098,1295,13,13
1157,1260,13,13
1148,1191,13,13
1210,1245,13,13
1191,1391,13,13
1098,1295,13,13
1157,1260,13,13
1148,1191,13,13
1114,1295,13,13
1210,1245,13,13
1157,1260,13,13
1148,1191,13,13
1114,1295,13,13
1115,1383,13,13
1157,1260,13,13
1109,1115,13,13
1207,1365,13,13
1114,1295,13,13
1115,1383,13,13
1157,1260,13,13
1109,1115,13,13
1148,1191,13,13
1191,1209,13,13
1114,1295,13,13
1210,1245,13,13
1115,1383,13,13
1115,1260,13,13
1157,1260,13,13
1148,1209,13,13
1109,1115,13,13
1148,1191,13,13
1191,1209,13,13
1114,1295,13,13
1210,1245,13,13
1157,1260,13,13
1114,1115,13,13
1115,1164,13,13
1191,1209,13,13
1210,1245,13,13
1109,1115,13,13
1109,1114,13,13
1114,1383,13,13
1148,1191,13,13
1191,1209,13,13
1157,1260,13,13
1109,1115,13,13
1114,1115,13,13
1109,1114,13,13
1114,1383,13,13
1148,1191,13,13
1191,1209,13,13
1210,1245,13,13
1115,1383,13,13
1157,1209,13,13
1207,1295,13,13
1157,1260,13,13
1109,1115,13,13
1114,1115,13,13
1114,1383,13,13
1191,1209,13,13
1115,1383,13,13
1157,1209,13,13
1207,1295,13,13
1191,1260,13,13
1109,1115,13,13
1157,1191,13,13
1191,1209,13,13
1115,1383,13,13
1157,1209,13,13
1207,1295,13,13
1191,1260,13,13
1109,1115,13,13
1157,1191,13,13
1191,1209,13,13
1210,1245,13,13
1157,1209,13,13
1207,1295,13,13
1157,1260,13,13
1109,1115,13,13
1157,1191,13,13
1210,1378,13,13
1114,1207,13,13
1114,1295,13,13
1115,1383,13,13
1207,1295,13,13
1157,1260,13,13
1109,1115,13,13
1210,1378,13,13
1114,1207,13,13
1164,1209,13,13
1115,1383,13,13
1098,1245,13,13
1207,1295,13,13
1109,1115,13,13
1114,1207,13,13
1114,1295,13,13
1115,1383,13,13
1098,1245,13,13
1207,1295,13,13
1157,1260,13,13
1207,1209,13,13
1114,1207,13,13
1114,1295,13,13
1115,1260,13,13
1098,1245,13,13
1207,1295,13,13
1157,1260,13,13
1109,1115,13,13
1207,1209,13,13
1164,1207,13,13
1115,1210,13,13
1148,1191,13,13
1114,1295,13,13
1109,1207,13,13
1109,1383,13,13
1207,1295,13,13
1098,1207,13,13
1115,1207,13,13
1098,1209,13,13
1164,1207,13,13
1115,1245,13,13
1148,1191,13,13
1114,1295,13,13
1210,1245,13,13
1109,1207,13,13
1115,1207,13,13
1115,1245,13,13
1148,1191,13,13
1114,1295,13,13
1210,1245,13,13
1109,1207,13,13
1098,1207,13,13
1115,1207,13,13
1098,1115,13,13
1148,1191,13,13
1114,1295,13,13
1210,1245,13,13
1115,1207,13,13
1148,1191,13,13
1114,1295,13,13
1098,1164,13,13
1245,1260,13,13
1114,1295,13,13
1098,1164,13,13
1148,1191,13,13
1114,1295,13,13
1148,1260,13,13
1114,1295,13,13
1157,1260,13,13
1115,1207,13,13
1148,1260,13,13
1159,1260,13,13
1114,1295,13,13
1157,1159,13,13
1109,1115,13,13
1115,1207,13,13
1159,1191,13,13
1114,1295,13,13
1098,1114,13,13
1148,1191,13,13
1114,1295,13,13
1109,1207,13,13
1115,1399,13,13
1207,1399,13,13
1109,1115,13,13
1115,1207,13,13
1114,1164,13,13
1191,1207,13,13
1114,1191,13,13
1109,1207,13,13
1164,1191,13,13
1115,1399,13,13
1109,1115,13,13
1115,1207,13,13
1114,1164,13,13
1114,1191,13,13
1109,1207,13,13
1109,1399,13,13
1109,1115,13,13
1115,1207,13,13
1114,1164,13,13
1114,1191,13,13
1109,1207,13,13
1181,1295,13,13
1115,1399,13,13
1109,1115,13,13
1115,1207,13,13
1114,1164,13,13
1114,1191,13,13
1114,1295,13,13
1098,1378,13,13
1115,1399,13,13
1114,1260,13,13
1114,1295,13,13
1164,1191,13,13
1207,1260,13,13
1098,1378,13,13
1115,1399,13,13
1164,1260,13,13
1191,1260,13,13
1114,1210,13,13
1181,1207,13,13
1114,1295,13,13
1210,1245,13,13
1098,1245,13,13
1098,1210,13,13
1115,1399,13,13
1164,1260,13,13
1114,1295,13,13
1164,1191,13,13
1114,1295,13,13
1164,1191,13,13
1098,1295,13,13
1157,1260,13,13
1115,1207,13,13
1114,1295,13,13
1210,1245,13,13
1098,1191,13,13
1098,1109,13,13
1164,1191,13,13
1157,1260,13,13
1210,1378,13,13
1115,1210,13,13
1114,1144,13,13
1157,1260,13,13
1109,1115,13,13
1157,1260,13,13
1115,1144,13,13
1148,1210,13,13
1114,1377,13,13
1114,1295,13,13
1098,1144,13,13
1109,1115,13,13
1148,1191,13,13
1114,1378,13,13
1098,1144,13,13
1109,1115,13,13
1148,1191,13,13
1098,1164,13,13
1157,1260,13,13
1109,1115,13,13
1148,1191,13,13
1098,1144,13,13
1109,1115,13,13
1114,1378,13,13
1109,1115,13,13
1181,1191,13,13
1109,1115,13,13
1148,1191,13,13
1114,1295,13,13
1159,1373,13,13
1109,1115,13,13
1181,1207,13,13
1148,1191,13,13
1109,1115,13,13
1164,1207,13,13
1148,1191,13,13
1157,1159,13,13
1114,1378,13,13
1109,1115,13,13
1164,1207,13,13
1148,1191,13,13
1157,1159,13,13
1114,1378,13,13
1181,1207,13,13
1159,1260,13,13
1164,1207,13,13
1148,1191,13,13
1114,1295,13,13
1295,1378,13,13
1109,1115,13,13
1148,1191,13,13
1114,1295,13,13
1295,1378,13,13
1114,1295,13,13
1295,1378,13,13
1148,1191,13,13
1114,1295,13,13
1295,1378,13,13
1114,1378,13,13
1148,1191,13,13
1114,1295,13,13
1295,1378,13,13
1114,1378,13,13
1114,1295,13,13
1114,1378,13,13
1148,1191,13,13
1148,1191,13,13
1159,1260,13,13
1148,1191,13,13
1210,1305,13,13
1181,1327,13,13
1159,1260,13,13
1148,1191,13,13
1295,1378,13,13
1210,1305,13,13
1157,1159,13,13
1098,1115,13,13
1159,1260,13,13
1148,1191,13,13
1295,1378,13,13
1157,1159,13,13
1159,1260,13,13
1114,1295,13,13
1295,1378,13,13
1191,1327,13,13
1159,1260,13,13
1114,1295,13,13
1115,1365,13,13
1157,1159,13,13
1191,1327,13,13
1098,1114,13,13
1115,1365,13,13
1157,1159,13,13
1191,1327,13,13
1148,1191,13,13
1157,1159,13,13
1114,1115,13,13
1157,1159,13,13
1164,1260,13,13
1109,1164,13,13
1144,1159,13,13
1295,1399,13,13
1109,1114,13,13
1207,1391,13,13
1148,1191,13,13
1114,1295,13,13
1148,1164,13,13
1114,1399,13,13
1148,1260,13,13
1207,1391,13,13
1114,1295,13,13
1109,1207,13,13
1114,1399,13,13
1114,1295,13,13
1109,1207,13,13
1114,1399,13,13
1210,1305,13,13
1115,1207,13,13
1115,1164,13,13
1164,1207,13,13
1164,1365,13,13
1115,1207,13,13
1115,1164,13,13
1115,1365,13,13
1164,1207,13,13
1164,1365,14,14
1191,1260,14,14
1115,1207,14,14
1115,1164,14,14
1115,1365,14,14
1207,1365,14,14
1164,1207,14,14
1114,1295,14,14
1181,1352,14,14
1164,1365,14,14
1115,1164,14,14
1115,1365,14,14
1144,1159,14,14
1114,1295,14,14
1109,1365,14,14
1181,1352,14,14
1191,1260,14,14
1109,1115,14,14
1115,1164,14,14
1114,1157,14,14
1115,1365,14,14
1109,1164,14,14
1114,1295,14,14
1109,1365,14,14
1191,1260,14,14
1109,1115,14,14
1157,1191,14,14
1114,1157,14,14
1115,1365,14,14
1114,1295,14,14
1109,1365,14,14
1109,1207,14,14
1210,1305,14,14
1295,1399,14,14
1191,1260,14,14
1115,1164,14,14
1157,1191,14,14
1109,1164,14,14
1109,1207,14,14
1144,1157,14,14
1295,1399,14,14
1191,1260,14,14
1207,1365,14,14
1164,1207,14,14
1144,1157,14,14
1164,1365,14,14
1115,1363,14,14
1115,1164,14,14
1207,1373,14,14
1245,1260,14,14
1109,1207,14,14
1144,1157,14,14
1115,1164,14,14
1148,1191,14,14
1210,1245,14,14
1109,1207,14,14
1144,1157,14,14
1115,1363,14,14
1115,1164,14,14
1148,1191,14,14
1109,1207,14,14
1295,1399,14,14
1207,1365,14,14
1148,1191,14,14
1207,1245,14,14
1191,1210,14,14
1144,1157,14,14
1295,1399,14,14
1115,1365,14,14
1207,1393,14,14
1148,1191,14,14
1114,1295,14,14
1114,1399,14,14
1295,1399,14,14
1115,1207,14,14
1148,1191,14,14
1114,1295,14,14
1114,1399,14,14
1144,1157,14,14
1295,1399,14,14
1115,1207,14,14
1164,1207,14,14
1148,1191,14,14
1109,1207,14,14
1144,1157,14,14
1295,1399,14,14
1164,1207,14,14
1115,1210,14,14
1148,1191,14,14
1114,1295,14,14
1207,1365,14,14
1115,1210,14,14
1148,1191,14,14
1114,1115,14,14
1157,1191,14,14
1114,1210,14,14
1159,1191,14,14
1148,1191,14,14
1157,1191,14,14
1295,1365,14,14
1114,1245,14,14
1159,1191,14,14
1115,1210,14,14
1157,1191,14,14
1159,1191,14,14
1164,1365,14,14
1115,1207,14,14
1157,1191,14,14
1207,1365,14,14
1210,1332,14,14
1164,1207,14,14
1115,1210,14,14
1114,1207,14,14
1148,1191,14,14
1114,1295,14,14
1207,1320,14,14
1181,1391,14,14
1157,1191,14,14
1148,1191,14,14
1114,1295,14,14
1207,1320,14,14
1181,1391,14,14
1115,1207,14,14
1157,1191,14,14
1207,1365,14,14
1114,1207,14,14
1148,1191,14,14
1157,1191,14,14
1207,1365,14,14
1115,1210,14,14
1148,1191,14,14
1114,1295,14,14
1164,1295,14,14
1109,1207,14,14
1207,1245,14,14
1181,1391,14,14
1115,1207,14,14
1157,1191,14,14
1114,1164,14,14
1109,1245,14,14
1159,1191,14,14
1115,1245,14,14
1109,1210,14,14
1114,1295,14,14
1210,1245,14,14
1109,1207,14,14
1207,1245,14,14
1207,1210,14,14
1157,1191,14,14
1114,1164,14,14
1115,1245,14,14
1109,1210,14,14
1114,1295,14,14
1109,1207,14,14
1164,1210,14,14
1207,1210,14,14
1157,1191,14,14
1115,1391,14,14
1148,1191,14,14
1114,1295,14,14
1098,1191,14,14
1109,1164,14,14
1159,1191,14,14
1115,1391,14,14
1114,1295,14,14
1109,1383,14,14
1144,1191,14,14
1207,1210,14,14
1157,1191,14,14
1164,1207,14,14
1115,1391,14,14
1109,1210,14,14
1114,1295,14,14
1164,1210,14,14
1144,1191,14,14
1157,1191,14,14
1115,1181,14,14
1144,1191,14,14
1181,1391,14,14
1164,1207,14,14
1207,1391,14,14
1148,1191,14,14
1115,1207,14,14
1157,1191,14,14
1181,1207,14,14
1115,1181,14,14
1159,1191,14,14
1148,1191,14,14
1207,1245,14,14
1144,1260,14,14
1164,1365,14,14
1109,1144,14,14
1181,1391,14,14
1114,1164,14,14
1148,1191,14,14
1109,1144,14,14
1181,1391,14,14
1109,1377,14,14
1148,1191,14,14
1207,1395,14,14
1109,1207,14,14
1207,1377,14,14
1144,1207,14,14
1109,1377,14,14
1114,1295,14,14
1109,1207,14,14
1098,1295,14,14
1115,1181,14,14
1109,1207,14,14
1245,1295,14,14
1210,1295,14,14
1207,1395,14,14
1109,1207,14,14
1115,1181,14,14
1114,1295,14,14
1207,1395,14,14
1157,1260,14,14
1115,1181,14,14
1114,1295,14,14
1207,1395,14,14
1114,1295,14,14
1114,1295,14,14
1098,1191,14,14
1159,1191,14,14
1109,1377,14,14
1114,1295,14,14
1109,1207,14,14
1159,1191,14,14
1114,1295,14,14
1207,1323,14,14
1109,1115,14,14
1181,1327,14,14
1159,1191,14,14
1295,1374,14,14
1109,1115,14,14
1115,1207,14,14
1181,1327,14,14
1159,1191,14,14
1295,1374,14,14
1109,1207,14,14
1109,1115,14,14
1181,1327,14,14
1159,1191,14,14
1295,1374,14,14
1109,1207,14,14
1115,1207,14,14
1295,1374,14,14
1164,1365,14,14
1114,1164,14,14
1295,1374,14,14
1164,1365,14,14
1109,1115,14,14
1115,1207,14,14
1114,1164,14,14
1109,1378,14,14
1148,1191,14,14
1295,1374,14,14
1164,1365,14,14
1109,1115,14,14
1114,1164,14,14
1148,1191,14,14
1114,1295,14,14
1164,1365,14,14
1191,1260,14,14
1295,1365,14,14
1115,1378,14,14
1148,1191,14,14
1114,1295,14,14
1295,1374,14,14
1109,1378,14,14
1159,1191,14,14
1114,1295,14,14
1114,1365,14,14
1295,1374,14,14
1148,1159,14,14
1109,1378,14,14
1114,1295,14,14
1109,1115,14,14
1191,1207,14,14
1159,1260,14,14
1148,1191,14,14
1109,1115,14,14
1191,1395,14,14
1115,1378,14,14
1109,1378,14,14
1114,1295,14,14
1109,1115,14,14
1114,1210,14,14
1109,1378,14,14
1114,1295,14,14
1164,1260,14,14
1109,1115,14,14
1164,1245,14,14
1115,1378,14,14
1109,1378,14,14
1114,1295,14,14
1109,1115,14,14
1115,1378,14,14
1295,1393,14,14
1109,1378,14,14
1114,1295,14,14
1109,1115,14,14
1115,1378,14,14
1114,1295,14,14
1109,1260,14,14
1115,1260,14,14
1109,1115,14,14
1115,1207,14,14
1115,1207,14,14
1164,1245,14,14
1148,1164,14,14
1144,1164,14,14
1115,1207,14,14
1164,1395,14,14
1245,1307,14,14
1109,1207,14,14
1164,1191,14,14
1109,1115,14,14
1115,1207,14,14
1148,1191,14,14
1114,1295,14,14
1245,1307,14,14
1164,1191,14,14
1115,1207,14,14
1114,1393,14,14
1148,1191,14,14
1114,1295,14,14
1164,1191,14,14
1115,1207,14,14
1245,1378,14,14
1114,1393,14,14
1148,1191,14,14
1114,1295,14,14
1148,1164,14,14
1164,1191,14,14
1109,1115,14,14
1115,1207,14,14
1114,1393,14,14
1114,1295,14,14
1109,1115,14,14
1148,1191,14,14
1114,1295,14,14
1144,1245,14,14
1114,1144,14,14
1109,1115,14,14
1144,1295,14,14
1114,1295,14,14
1114,1144,14,14
1109,1115,14,14
1164,1207,14,14
1114,1393,14,14
1114,1295,14,14
1114,1144,14,14
1181,1207,14,14
1164,1207,14,14
1148,1191,14,14
1114,1144,14,14
1148,1191,14,14
1144,1148,14,14
1144,1191,14,14
1114,1115,14,14
1144,1148,14,14
1114,1115,14,14
1164,1207,14,14
1144,1148,14,14
1109,1115,14,14
1164,1245,14,14
1148,1191,14,14
1144,1191,14,14
1164,1191,14,14
1109,1115,14,14
1181,1207,14,14
1164,1245,14,14
1260,1307,14,14
1159,1191,14,14
1164,1207,14,14
1144,1159,14,14
1148,1191,14,14
1164,1207,14,14
1148,1191,14,14
1148,1191,14,14
1114,1295,14,14
1114,1393,14,14
1148,1191,14,14
1114,1295,14,14
1115,1207,14,14
1114,1393,14,14
1148,1191,14,14
1114,1295,14,14
1109,1115,14,14
1115,1207,14,14
1114,1393,14,14
1115,1207,14,14
1114,1393,14,14
1210,1245,14,14
1109,1207,14,14
1115,1207,14,14
1114,1393,14,14
1210,1245,14,14
1109,1207,14,14
1109,1115,14,14
1115,1207,14,14
1148,1191,14,14
1109,1207,14,14
1115,1207,14,14
1114,1393,14,14
1115,1207,14,14
1114,1393,14,14
1114,1295,14,14
1109,1207,14,14
1114,1393,14,14
1114,1295,14,14
1109,1207,14,14
1148,1191,14,14
1109,1207,14,14
1115,1207,14,14
1148,1191,14,14
1109,1207,14,14
1109,1115,14,14
1115,1207,14,14
1260,1307,14,14
1109,1115,14,14
1115,1207,14,14
1295,1383,14,14
1148,1191,14,14
1115,1207,14,14
1148,1191,14,14
1109,1207,14,14
1115,1207,14,14
1148,1191,14,14
1115,1207,14,14
1114,1383,14,14
1148,1191,14,14
1115,1207,14,14
1114,1383,14,14
1148,1191,14,14
1114,1383,14,14
1148,1191,14,14
1114,1295,14,14
1114,1383,14,14
1109,1207,14,14
1164,1210,14,14
1115,1207,14,14
1115,1210,14,14
1109,1210,14,14
1109,1207,14,14
1109,1115,14,14
1115,1207,14,14
1115,1207,14,14
1148,1191,14,14
1115,1207,14,14
1114,1295,14,14
1164,1295,14,14
1115,1207,14,14
1114,1295,14,14
1115,1207,14,14
1115,1207,14,14
1164,1295,14,14
1115,1207,14,14
1114,1164,14,14
1164,1295,14,14
1115,1207,14,14
1114,1164,14,14
1148,1191,14,14
1115,1179,14,14
1115,1207,14,14
1164,1395,14,14
1148,1191,14,14
1115,1207,14,14
1109,1114,14,14
1114,1295,14,14
1115,1207,14,14
1109,1114,14,14
1260,1307,14,14
1114,1295,14,14
1115,1207,14,14
1109,1114,14,14
1164,1245,14,14
1114,1295,14,14
1115,1207,14,14
1191,1295,14,14
1114,1191,14,14
1109,1191,14,14
1115,1207,14,14
1114,1191,14,14
1114,1295,14,14
1115,1207,14,14
1114,1191,14,14
1115,1207,14,14
1114,1191,14,14
1114,1295,14,14
1115,1207,14,14
1191,1295,14,14
1114,1295,14,14
1164,1191,14,14
1115,1179,14,14
1109,1114,14,14
1109,1295,14,14
1164,1191,14,14
1115,1207,14,14
1109,1207,14,14
1164,1191,14,14
1115,1207,14,14
1114,1191,14,14
1109,1207,14,14
1164,1191,14,14
1164,1179,14,14
1179,1191,14,14
1164,1295,14,14
1114,1164,14,14
1114,1295,14,14
1109,1207,14,14
1114,1164,14,14
1109,1207,14,14
1114,1179,14,14
1115,1207,14,14
1164,1295,14,14
1109,1207,14,14
1114,1164,14,14
1114,1295,14,14
1164,1295,14,14
1109,1207,14,14
1149,1207,14,14
1114,1164,14,14
1164,1179,14,14
1109,1149,14,14
1114,1295,14,14
1109,1207,14,14
1149,1207,14,14
1114,1164,14,14
1260,1307,14,14
1114,1295,14,14
1109,1207,14,14
1149,1207,14,14
1114,1164,14,14
1260,1307,14,14
1114,1295,14,14
1164,1295,14,14
1109,1149,14,14
1260,1307,14,14
1114,1295,14,14
1164,1295,14,14
1109,1207,14,14
1149,1207,14,14
1114,1164,14,14
1149,1179,14,14
1109,1207,14,14
1149,1207,14,14
1114,1164,14,14
1109,1207,14,14
1149,1207,14,14
1115,1207,14,14
1109,1149,14,14
1115,1149,14,14
1149,1207,14,14
1109,1179,14,14
1114,1164,14,14
1109,1149,14,14
1115,1149,14,14
1109,1207,14,14
1149,1207,14,14
1115,1207,14,14
1114,1164,14,14
1109,1149,14,14
1115,1149,14,14
1164,1295,14,14
1148,1164,14,14
1109,1207,14,14
1114,1148,14,14
1115,1207,14,14
1114,1164,14,14
1114,1295,14,14
1164,1295,14,14
1148,1164,14,14
1109,1207,14,14
1149,1383,14,14
1149,1210,14,14
1148,1191,14,14
1109,1207,14,14
1114,1164,14,14
1149,1210,14,14
1114,1295,14,14
1149,1210,14,14
1109,1207,14,14
1149,1210,14,14
1115,1207,14,14
1149,1210,14,14
1148,1295,14,14
1164,1207,14,14
1115,1207,14,14
1149,1210,14,14
1109,1164,14,14
1164,1207,14,14
1109,1207,14,14
1115,1207,14,14
1149,1210,14,14
1159,1191,14,14
1164,1207,14,14
1114,1295,14,14
1109,1207,14,14
1114,1148,14,14
1115,1207,14,14
1149,1210,14,14
1148,1295,14,14
1114,1295,14,14
1109,1207,14,14
1114,1148,14,14
1149,1210,14,14
1109,1164,14,14
1159,1191,14,14
1164,1207,14,14
1114,1148,14,14
1149,1210,14,14
1109,1164,14,14
1149,1210,14,14
1109,1164,14,14
1164,1207,14,14
1114,1295,14,14
1109,1207,14,14
1149,1210,14,14
1109,1164,14,14
1164,1207,14,14
1149,1210,14,14
1179,1365,14,14
1164,1207,14,14
1149,1210,14,14
1164,1207,14,14
1149,1210,14,14
1149,1210,14,14
1159,1260,14,14
1149,1210,14,14
1149,1210,14,14
1114,1207,14,14
1164,1295,14,14
1109,1207,14,14
1149,1210,14,14
1148,1245,14,14
1149,1210,14,14
1207,1295,14,14
1115,1207,14,14
1149,1210,14,14
1164,1207,14,14
1207,1295,14,14
1115,1207,14,14
1149,1210,14,14
1114,1295,14,14
1109,1207,14,14
1144,1191,14,14
1207,1295,14,14
1115,1207,14,14
1114,1115,14,14
1149,1210,14,14
1115,1207,14,14
1114,1115,14,14
1114,1164,14,14
1149,1210,14,14
1179,1391,14,14
1144,1191,14,14
1115,1164,14,14
1114,1164,14,14
1149,1210,14,14
1144,1191,14,14
1115,1207,14,14
1114,1115,14,14
1115,1164,14,14
1114,1164,14,14
1149,1210,14,14
1164,1207,14,14
1115,1295,14,14
1207,1295,14,14
1144,1179,14,14
1115,1207,14,14
1114,1115,14,14
1114,1164,14,14
1149,1210,14,14
1168,1191,14,14
1164,1207,14,14
1207,1295,14,14
1115,1207,14,14
1149,1210,14,14
1164,1207,14,14
1114,1207,14,14
1148,1179,14,14
1109,1207,14,14
1207,1295,14,14
1179,1395,14,14
1109,1164,14,14
1164,1207,14,14
1207,1295,14,14
1115,1144,14,14
1149,1210,14,14
1221,1260,14,14
1164,1207,14,14
1149,1210,14,14
1221,1260,14,14
1164,1207,14,14
1144,1245,14,14
1109,1207,14,14
1149,1210,14,14
1221,1260,14,14
1164,1207,14,14
1144,1245,14,14
1207,1295,14,14
1191,1260,14,14
1221,1260,14,14
1179,1378,14,14
1168,1191,14,14
1164,1207,14,14
1144,1245,14,14
1168,1221,14,14
1191,1260,14,14
1115,1207,14,14
1115,1164,14,14
1114,1164,14,14
1149,1210,14,14
1221,1260,14,14
1168,1191,14,14
1191,1221,14,14
1164,1207,14,14
1144,1245,14,14
1109,1207,14,14
1149,1210,14,14
1168,1191,14,14
1164,1207,14,14
1109,1207,14,14
1149,1210,14,14
1168,1191,14,14
1191,1221,14,14
1149,1210,14,14
1168,1191,14,14
1164,1207,14,14
1179,1377,14,14
1114,1164,14,14
1149,1210,14,14
1109,1164,14,14
1168,1191,14,14
1159,1260,14,14
1164,1207,14,14
1114,1164,14,14
1149,1210,14,14
1109,1164,14,14
1168,1191,14,14
1159,1260,14,14
1114,1164,14,14
1149,1210,14,14
1109,1164,14,14
1109,1207,14,14
1207,1295,14,14
1149,1210,14,14
1114,1207,14,14
1191,1260,14,14
1149,1210,14,14
1109,1164,14,14
1191,1221,14,14
1159,1221,14,14
1149,1210,14,14
1191,1221,14,14
1159,1260,14,14
1114,1207,14,14
1207,1295,14,14
1159,1221,14,14
1149,1210,14,14
1191,1221,14,14
1164,1207,14,14
1114,1207,14,14
1207,1295,14,14
1159,1221,14,14
1149,1210,14,14
1164,1207,14,14
1207,1295,14,14
1159,1221,14,14
1149,1210,14,14
1221,1260,14,14
1191,1221,14,14
1114,1207,14,14
1207,1295,14,14
1159,1221,14,14
1149,1210,14,14
1191,1221,14,14
1159,1260,14,14
1207,1295,14,14
1109,1168,14,14
1149,1210,14,14
1191,1221,14,14
1159,1260,14,14
1149,1210,14,14
1191,1221,14,14
1159,1260,14,14
1164,1181,14,14
1114,1207,14,14
1149,1210,14,14
1191,1221,14,14
1159,1260,14,14
1164,1181,14,14
1144,1168,14,14
1164,1295,14,14
1181,1295,14,14
1207,1295,14,14
1109,1149,14,14
1191,1221,14,14
1164,1181,14,14
1144,1168,14,14
1159,1221,14,14
1149,1210,14,14
1221,1260,14,14
1164,1179,14,14
1191,1221,14,14
1144,1168,14,14
1159,1221,14,14
1149,1295,14,14
1168,1210,14,14
1149,1181,14,14
1221,1260,14,14
1191,1221,14,14
1159,1260,14,14
1168,1245,14,14
1144,1168,14,14
1114,1207,14,14
1149,1207,14,14
1098,1144,14,14
1191,1260,14,14
1114,1164,14,14
1168,1210,14,14
1191,1221,14,14
1168,1245,14,14
1098,1168,14,14
1159,1191,14,14
1144,1168,14,14
1114,1207,14,14
1149,1207,14,14
1207,1295,14,14
1098,1144,14,14
1149,1295,14,14
1149,1164,14,14
1114,1164,14,14
1221,1260,14,14
1191,1221,14,14
1114,1207,14,14
1179,1207,14,14
1149,1207,14,14
1207,1295,14,14
1098,1144,14,14
1114,1164,14,14
1221,1260,14,14
1191,1221,14,14
1164,1207,14,14
1179,1207,14,14
1149,1207,14,14
1207,1295,14,14
1098,1144,14,14
1149,1295,14,14
1114,1164,14,14
1221,1260,14,14
1191,1221,14,14
1179,1207,14,14
1149,1207,14,14
1098,1144,14,14
1114,1164,14,14
1221,1260,14,14
1191,1221,14,14
1114,1207,14,14
1179,1207,14,14
1149,1207,14,14
1207,1295,14,14
1098,1144,14,14
1114,1164,14,14
1149,1210,14,14
1221,1260,14,14
1191,1221,14,14
1144,1168,14,14
1114,1207,14,14
1109,1207,14,14
1098,1144,14,14
1149,1164,14,14
1114,1164,14,14
1149,1210,14,14
1221,1260,14,14
1191,1221,14,14
1144,1168,14,14
1164,1210,14,14
1098,1144,14,14
1149,1164,14,14
1114,1149,14,14
1149,1210,14,14
1109,1164,14,14
1191,1221,14,14
1098,1144,14,14
1149,1295,14,14
1149,1164,14,14
1149,1210,14,14
1191,1221,14,14
1109,1210,14,14
1149,1207,14,14
1164,1210,14,14
1207,1210,14,14
1207,1295,14,14
1098,1144,14,14
1149,1295,14,14
1149,1164,14,14
1114,1210,14,14
1109,1114,14,14
1114,1149,14,14
1149,1210,14,14
1221,1260,14,14
1191,1221,14,14
1144,1168,14,14
1164,1207,14,14
1114,1207,14,14
1114,1179,14,14
1207,1295,14,14
1114,1210,14,14
1144,1221,14,14
1221,1260,14,14
1191,1221,14,14
1114,1207,14,14
1179,1207,14,14
1164,1210,14,14
1098,1245,14,14
1207,1210,14,14
1207,1295,14,14
1114,1210,14,14
1144,1221,14,14
1191,1221,14,14
1114,1207,14,14
1168,1221,14,14
1149,1207,14,14
1164,1210,14,14
1207,1295,14,14
1149,1164,14,14
1191,1221,14,14
1149,1179,14,14
1114,1207,14,14
1149,1207,14,14
1164,1210,14,14
1207,1210,14,14
1207,1295,14,14
1149,1295,14,14
1149,1164,14,14
1114,1164,14,14
1149,1210,14,14
1191,1221,14,14
1144,1168,14,14
1164,1207,14,14
1114,1207,14,14
1179,1207,14,14
1149,1207,14,14
1164,1210,14,14
1207,1210,14,14
1207,1295,14,14
1149,1295,14,14
1149,1164,14,14
1114,1164,14,14
1149,1210,14,14
1191,1221,14,14
1144,1168,14,14
1164,1207,14,14
1114,1207,14,14
1168,1221,14,14
1149,1207,14,14
1207,1210,14,14
1207,1295,14,14
1149,1295,14,14
1149,1210,14,14
1191,1221,14,14
1144,1168,14,14
1114,1207,14,14
1168,1221,14,14
1149,1295,14,14
1114,1210,14,14
1114,1149,14,14
1149,1210,14,14
1221,1260,14,14
1191,1221,14,14
1144,1168,14,14
1114,1207,14,14
1168,1221,14,14
1207,1295,14,14
1149,1295,14,14
1115,1207,14,14
1115,1164,14,14
1114,1210,14,14
1149,1210,14,14
1191,1221,14,14
1144,1168,14,14
1115,1210,14,14
1114,1207,14,14
1109,1365,14,14
1168,1221,14,14
1149,1207,14,14
1207,1295,14,14
1149,1295,14,14
1115,1207,14,14
1115,1164,14,14
1114,1210,14,14
1144,1221,14,14
1149,1210,14,14
1191,1221,14,14
1115,1149,14,14
1144,1168,14,14
1168,1221,14,14
1149,1207,14,14
1207,1295,14,14
1149,1295,14,14
1149,1164,14,14
1115,1207,14,14
1114,1115,14,14
1115,1164,14,14
1114,1210,14,14
1114,1164,14,14
1149,1210,14,14
1191,1221,14,14
1207,1295,14,14
1109,1115,14,14
1149,1295,14,14
1149,1164,14,14
1114,1115,14,14
1115,1164,14,14
1114,1164,14,14
1149,1210,14,14
1109,1164,14,14
1191,1221,14,14
1115,1149,14,14
1168,1221,14,14
1149,1207,14,14
1207,1295,14,14
1109,1115,14,14
1149,1295,14,14
1114,1210,14,14
1109,1114,14,14
1149,1210,14,14
1109,1164,14,14
1191,1221,14,14
1115,1210,14,14
1114,1207,14,14
1149,1207,14,14
1098,1164,14,14
1207,1210,14,14
1149,1295,14,14
1115,1207,14,14
1114,1115,14,14
1149,1210,14,14
1191,1221,14,14
1109,1295,14,14
1109,1210,14,14
1149,1207,14,14
1207,1210,14,14
1115,1295,14,14
1109,1115,14,14
1164,1168,14,14
1115,1207,14,14
1149,1210,14,14
1109,1149,14,14
1191,1221,14,14
1115,1149,14,14
1109,1207,14,14
1149,1207,14,14
1207,1210,14,14
1109,1115,14,14
1164,1168,14,14
1115,1207,14,14
1149,1210,14,14
1191,1221,14,14
1115,1149,14,14
1149,1207,14,14
1098,1164,14,14
1207,1210,14,14
1207,1295,14,14
1149,1210,14,14
1191,1221,14,14
1149,1207,14,14
1098,1164,14,14
1207,1210,14,14
1149,1210,14,14
1149,1207,14,14
1098,1164,14,14
1207,1210,14,14
1114,1164,14,14
1149,1210,14,14
1098,1164,14,14
1098,1245,14,14
1207,1210,14,14
1149,1210,14,14
1115,1149,14,14
1115,1210,14,14
1109,1210,14,14
1179,1207,14,14
1207,1210,14,14
1149,1210,14,14
1109,1210,14,14
1149,1207,14,14
1207,1210,14,14
1115,1207,14,14
1149,1210,14,14
1179,1207,14,14
1149,1207,14,14
1207,1210,14,14
1115,1207,14,14
1149,1210,14,14
1115,1149,14,14
1179,1207,14,14
1109,1207,14,14
1149,1207,14,14
1207,1210,14,14
1149,1210,14,14
1115,1149,14,14
1109,1210,14,14
1114,1295,14,14
1179,1207,14,14
1109,1207,14,14
1207,1210,14,14
1149,1210,14,14
1221,1260,14,14
1109,1210,14,14
1114,1295,14,14
1109,1207,14,14
1207,1210,14,14
1115,1207,14,14
1149,1210,14,14
1179,1207,14,14
1207,1210,14,14
1149,1210,14,14
1179,1207,14,14
1207,1210,14,14
1149,1210,14,14
1179,1207,14,14
1149,1207,14,14
1098,1245,14,14
1207,1210,14,14
1149,1210,14,14
1115,1149,14,14
1149,1207,14,14
1207,1210,14,14
1149,1210,14,14
1115,1149,14,14
1114,1295,14,14
1179,1207,14,14
1149,1207,14,14
1207,1210,14,14
1149,1210,14,14
1114,1295,14,14
1149,1207,14,14
1098,1245,14,14
1149,1210,14,14
1114,1295,14,14
1149,1207,14,14
1098,1245,14,14
1207,1210,14,14
1149,1210,14,14
1114,1295,14,14
1149,1207,14,14
1098,1245,14,14
1207,1210,14,14
1114,1164,14,14
1149,1210,14,14
1114,1295,14,14
1149,1207,14,14
1207,1210,14,14
1114,1164,14,14
1149,1210,14,14
1114,1295,14,14
1149,1207,14,14
1149,1210,14,14
1114,1295,14,14
1179,1207,14,14
1098,1164,14,14
1098,1245,14,14
1207,1210,14,14
1149,1210,14,14
1221,1260,14,14
1115,1149,14,14
1114,1295,14,14
1098,1164,14,14
1149,1210,14,14
1109,1210,14,14
1114,1295,14,14
1098,1164,14,14
1221,1260,14,14
1149,1179,14,14
1114,1295,14,14
1098,1164,14,14
1221,1260,14,14
1098,1164,14,14
1207,1210,14,14
1114,1164,14,14
1221,1260,14,14
1191,1221,14,14
1115,1149,14,14
1149,1207,14,14
1098,1164,14,14
1207,1210,14,14
1149,1210,14,14
1098,1164,14,14
1098,1164,14,14
1149,1210,14,14
1098,1164,14,14
1159,1221,14,14
1149,1210,14,14
1221,1260,14,14
1295,1383,14,14
1159,1191,14,14
1114,1295,14,14
1109,1207,14,14
1149,1207,14,14
1098,1164,14,14
1207,1210,14,14
1191,1260,14,14
1149,1210,14,14
1221,1260,14,14
1114,1295,14,14
1149,1207,14,14
1098,1164,14,14
1098,1295,14,14
1149,1210,14,14
1114,1295,14,14
1098,1164,14,14
1149,1210,14,14
1191,1221,14,14
1149,1207,14,14
1098,1164,14,14
1149,1210,14,14
1221,1260,14,14
1191,1221,14,14
1149,1207,14,14
1098,1164,14,14
1149,1210,14,14
1221,1260,14,14
1191,1221,14,14
1149,1207,14,14
1098,1164,14,14
1098,1114,14,14
1114,1164,14,14
1149,1210,14,14
1191,1221,14,14
1149,1207,14,14
1098,1164,14,14
1207,1210,14,14
1149,1210,14,14
1221,1260,14,14
1191,1221,14,14
1114,1295,14,14
1149,1207,14,14
1098,1164,14,14
1207,1210,14,14
1149,1210,14,14
1221,1260,14,14
1191,1221,14,14
1149,1207,14,14
1098,1164,14,14
1149,1210,14,14
1191,1221,14,14
1149,1207,14,14
1098,1164,14,14
1207,1210,14,14
1149,1210,14,14
1191,1221,14,14
1114,1295,14,14
1149,1207,14,14
1098,1164,14,14
1207,1210,14,14
1149,1210,14,14
1115,1149,14,14
1114,1295,14,14
1149,1207,14,14
1245,1295,14,14
1098,1164,14,14
1207,1210,14,14
1109,1210,14,14
1114,1295,14,14
1149,1207,14,14
1245,1295,14,14
1207,1210,14,14
1109,1210,14,14
1149,1207,14,14
1245,1295,14,14
1207,1210,14,14
1098,1114,14,14
1115,1207,14,14
1149,1210,14,14
1115,1149,14,14
1149,1207,14,14
1245,1295,14,14
1207,1210,14,14
1149,1210,14,14
1115,1149,14,14
1109,1210,14,14
1109,1207,14,14
1149,1207,14,14
1098,1164,14,14
1207,1210,14,14
1149,1210,14,14
1149,1207,14,14
1098,1164,14,14
1207,1210,14,14
1149,1210,14,14
1149,1207,14,14
1207,1210,14,14
1114,1179,14,14
1149,1210,14,14
1149,1207,14,14
1098,1164,14,14
1207,1210,14,14
1149,1210,14,14
1098,1191,14,14
1149,1207,14,14
1207,1210,14,14
1149,1210,14,14
1109,1207,14,14
1207,1210,14,14
1149,1210,14,14
1114,1295,14,14
1109,1207,14,14
1149,1207,14,14
1207,1210,14,14
1109,1207,14,14
1207,1210,14,14
1109,1210,14,14
1148,1191,14,14
1114,1295,14,14
1109,1207,14,14
1207,1210,14,14
1114,1295,14,14
1098,1149,14,14
1109,1207,14,14
1207,1210,14,14
1164,1374,14,14
1098,1207,14,14
1115,1207,14,14
1149,1210,14,14
1115,1149,14,14
1098,1149,14,14
1149,1207,14,14
1098,1109,14,14
1114,1179,14,14
1164,1374,14,14
1098,1210,14,14
1098,1207,14,14
1115,1207,14,14
1098,1115,14,14
1149,1210,14,14
1109,1149,14,14
1115,1149,14,14
1115,1210,14,14
1148,1191,14,14
1098,1149,14,14
1149,1207,14,14
1207,1210,14,14
1098,1207,14,14
1098,1115,14,14
1149,1210,14,14
1221,1260,14,14
1115,1149,14,14
1115,1210,14,14
1148,1191,14,14
1109,1207,14,14
1149,1207,14,14
1098,1109,14,14
1207,1210,14,14
1109,1115,14,14
1098,1115,14,14
1149,1210,14,14
1109,1149,14,14
1115,1149,14,14
1115,1210,14,14
1148,1191,14,14
1149,1207,14,14
1149,1210,14,14
1115,1149,14,14
1115,1210,14,14
1149,1207,14,14
1207,1210,14,14
1115,1207,14,14
1115,1149,14,14
1164,1352,14,14
1115,1210,14,14
1149,1207,14,14
1207,1210,14,14
1115,1207,14,14
1149,1210,14,14
1115,1149,14,14
1164,1352,14,14
1149,1207,14,14
1115,1207,14,14
1115,1149,14,14
1210,1295,14,14
1210,1245,14,14
1164,1295,14,14
1115,1207,14,14
1114,1210,14,14
1114,1164,14,14
1115,1149,14,14
1105,1207,14,14
1114,1164,14,14
1115,1149,14,14
1164,1191,14,14
1105,1207,14,14
1114,1245,14,14
1115,1149,14,14
1114,1295,14,14
1245,1295,14,14
1164,1191,14,14
1115,1210,14,14
1114,1295,14,14
1245,1295,14,14
1164,1191,14,14
1148,1221,14,14
1149,1210,14,14
1114,1245,14,14
1115,1149,14,14
1115,1210,14,14
1164,1191,14,14
1148,1221,14,14
1149,1210,14,14
1115,1149,14,14
1105,1114,14,14
1148,1221,14,14
1105,1295,14,14
1149,1210,14,14
1115,1210,14,14
1148,1191,14,14
1114,1295,14,14
1210,1245,14,14
1109,1207,14,14
1105,1114,14,14
1148,1221,14,14
1149,1164,14,14
1115,1164,14,14
1114,1149,14,14
1149,1210,14,14
1191,1221,14,14
1115,1149,14,14
1115,1245,14,14
1115,1210,14,14
1164,1210,14,14
1148,1221,14,14
1115,1164,14,14
1149,1210,14,14
1191,1221,14,14
1115,1149,14,14
1114,1295,14,14
1164,1363,14,14
1148,1221,14,14
1149,1210,14,14
1149,1179,14,14
1148,1221,14,14
1149,1295,14,14
1114,1149,14,14
1149,1210,14,14
1148,1221,14,14
1105,1149,14,14
1149,1295,14,14
1114,1149,14,14
1210,1295,14,14
1148,1221,14,14
1149,1164,14,14
1114,1164,14,14
1114,1149,14,14
1164,1179,14,14
1179,1295,14,14
1210,1295,14,14
1148,1221,14,14
1149,1210,14,14
1164,1295,14,14
1148,1221,14,14
1149,1164,14,14
1105,1205,14,14
1148,1221,14,14
1109,1207,14,14
1148,1221,14,14
1149,1295,14,14
1109,1207,14,14
1148,1221,14,14
1149,1295,14,14
1114,1115,14,14
1114,1149,14,14
1210,1295,14,14
1109,1207,14,14
1148,1221,14,14
1109,1207,14,14
1148,1221,14,14
1149,1295,14,14
1114,1115,14,14
1114,1210,14,14
1114,1149,14,14
1149,1210,14,14
1245,1377,14,14
1114,1295,14,14
1148,1221,14,14
1207,1210,14,14
1245,1377,14,14
1114,1295,14,14
1148,1221,14,14
1207,1210,14,14
1098,1114,14,14
1114,1149,14,14
1245,1377,14,14
1109,1210,14,14
1098,1149,14,14
1109,1207,14,14
1148,1221,14,14
1207,1210,14,14
1098,1114,14,14
1114,1115,14,14
1114,1149,14,14
1098,1115,14,14
1245,1377,14,14
1148,1221,14,14
1245,1377,14,14
1148,1221,14,14
1109,1115,14,14
1245,1377,14,14
1114,1205,14,14
1148,1221,14,14
1114,1245,14,14
1109,1210,14,14
1114,1295,14,14
1105,1114,14,14
1148,1221,14,14
1115,1207,14,14
1109,1210,14,14
1105,1114,14,14
1148,1221,14,14
1114,1245,14,14
1109,1210,14,14
1148,1221,14,14
1164,1245,14,14
1109,1210,14,14
1148,1221,14,14
1164,1245,14,14
1148,1221,14,14
1149,1295,14,14
1114,1245,14,14
1148,1221,15,15
1149,1295,15,15
1149,1210,15,15
1148,1221,15,15
1149,1295,15,15
1114,1164,15,15
1149,1210,15,15
1105,1210,15,15
1114,1207,15,15
1098,1164,15,15
1098,1245,15,15
1148,1221,15,15
1098,1207,15,15
1164,1245,15,15
1164,1207,15,15
1114,1207,15,15
1149,1207,15,15
1207,1245,15,15
1164,1210,15,15
1098,1164,15,15
1098,1245,15,15
1148,1221,15,15
1207,1210,15,15
1098,1210,15,15
1098,1207,15,15
1149,1295,15,15
1105,1207,15,15
1114,1164,15,15
1164,1245,15,15
1114,1245,15,15
1164,1207,15,15
1114,1207,15,15
1207,1245,15,15
1098,1245,15,15
1148,1221,15,15
1207,1210,15,15
1098,1210,15,15
1098,1207,15,15
1149,1295,15,15
1114,1245,15,15
1164,1207,15,15
1109,1210,15,15
1114,1207,15,15
1109,1207,15,15
1148,1221,15,15
1207,1210,15,15
1207,1295,15,15
1149,1295,15,15
1114,1207,15,15
1148,1221,15,15
1207,1210,15,15
1149,1295,15,15
1105,1207,15,15
1114,1164,15,15
1164,1207,15,15
1149,1207,15,15
1202,1210,15,15
1148,1221,15,15
1207,1210,15,15
1207,1295,15,15
1098,1207,15,15
1149,1295,15,15
1105,1207,15,15
1202,1207,15,15
1114,1164,15,15
1114,1202,15,15
1149,1207,15,15
1148,1221,15,15
1207,1210,15,15
1207,1295,15,15
1114,1164,15,15
1164,1207,15,15
1114,1207,15,15
1109,1207,15,15
1149,1207,15,15
1148,1221,15,15
1207,1210,15,15
1207,1295,15,15
1149,1295,15,15
1114,1164,15,15
1164,1207,15,15
1148,1221,15,15
1109,1202,15,15
1149,1207,15,15
1148,1221,15,15
1207,1295,15,15
1149,1295,15,15
1164,1207,15,15
1149,1207,15,15
1148,1221,15,15
1098,1210,15,15
1098,1207,15,15
1149,1295,15,15
1114,1323,15,15
1098,1205,15,15
1148,1221,15,15
1098,1210,15,15
1098,1207,15,15
1149,1295,15,15
1098,1149,15,15
1098,1164,15,15
1148,1221,15,15
1207,1210,15,15
1098,1210,15,15
1098,1207,15,15
1149,1295,15,15
1098,1149,15,15
1148,1221,15,15
1149,1295,15,15
1098,1149,15,15
1098,1295,15,15
1148,1221,15,15
1149,1295,15,15
1164,1207,15,15
1148,1221,15,15
1148,1221,15,15
1098,1164,15,15
1148,1221,15,15
1098,1164,15,15
1148,1221,15,15
1164,1207,15,15
1098,1164,15,15
1148,1221,15,15
1148,1221,15,15
1179,1295,15,15
1148,1221,15,15
1148,1221,15,15
1148,1221,15,15
1148,1221,15,15
1148,1221,15,15
1148,1221,15,15
1105,1196,15,15
1148,1221,15,15
1179,1245,15,15
1148,1221,15,15
1164,1207,15,15
1105,1196,15,15
1148,1221,15,15
1098,1164,15,15
1148,1221,15,15
1098,1164,15,15
1148,1221,15,15
1164,1205,15,15
1098,1164,15,15
1148,1221,15,15
1164,1205,15,15
1207,1245,15,15
1148,1221,15,15
1149,1207,15,15
1148,1221,15,15
1098,1164,15,15
1148,1221,15,15
1105,1196,15,15
1148,1221,15,15
1098,1207,15,15
1105,1196,15,15
1098,1164,15,15
1148,1221,15,15
1098,1164,15,15
1148,1221,15,15
1210,1245,15,15
1105,1196,15,15
1098,1164,15,15
1148,1221,15,15
1098,1205,15,15
1105,1196,15,15
1148,1221,15,15
1105,1196,15,15
1098,1164,15,15
1148,1221,15,15
1098,1149,15,15
1105,1196,15,15
1098,1164,15,15
1148,1221,15,15
1098,1164,15,15
1148,1221,15,15
1098,1149,15,15
1098,1164,15,15
1148,1221,15,15
1098,1149,15,15
1105,1196,15,15
1098,1164,15,15
1148,1221,15,15
1098,1149,15,15
1098,1164,15,15
1148,1221,15,15
1098,1207,15,15
1098,1149,15,15
1098,1164,15,15
1148,1221,15,15
1098,1207,15,15
1098,1149,15,15
1105,1196,15,15
1098,1164,15,15
1148,1221,15,15
1098,1149,15,15
1149,1207,15,15
1098,1164,15,15
1148,1221,15,15
1098,1149,15,15
1098,1164,15,15
1149,1159,15,15
1148,1221,15,15
1148,1221,15,15
1098,1164,15,15
1148,1221,15,15
1148,1221,15,15
1159,1245,15,15
1148,1221,15,15
1149,1207,15,15
1148,1221,15,15
1098,1164,15,15
1148,1221,15,15
1098,1207,15,15
1159,1383,15,15
1105,1196,15,15
1098,1164,15,15
1148,1221,15,15
1098,1164,15,15
1098,1245,15,15
1148,1221,15,15
1148,1221,15,15
1159,1245,15,15
1148,1221,15,15
1159,1383,15,15
1159,1245,15,15
1148,1221,15,15
1159,1383,15,15
1245,1383,15,15
1105,1114,15,15
1148,1221,15,15
1159,1383,15,15
1148,1221,15,15
1196,1207,15,15
1202,1207,15,15
1196,1202,15,15
1109,1207,15,15
1098,1159,15,15
1149,1207,15,15
1148,1221,15,15
1202,1207,15,15
1109,1149,15,15
1114,1196,15,15
1114,1207,15,15
1109,1207,15,15
1105,1109,15,15
1149,1207,15,15
1148,1221,15,15
1105,1207,15,15
1196,1207,15,15
1202,1207,15,15
1109,1149,15,15
1109,1202,15,15
1196,1202,15,15
1109,1207,15,15
1098,1159,15,15
1148,1221,15,15
1196,1207,15,15
1202,1207,15,15
1114,1202,15,15
1149,1202,15,15
1109,1207,15,15
1098,1159,15,15
1148,1221,15,15
1114,1164,15,15
1114,1202,15,15
1148,1221,15,15
1114,1179,15,15
1098,1105,15,15
1098,1245,15,15
1148,1221,15,15
1207,1210,15,15
1105,1245,15,15
1098,1105,15,15
1196,1202,15,15
1109,1207,15,15
1098,1245,15,15
1148,1221,15,15
1105,1245,15,15
1109,1207,15,15
1149,1196,15,15
1149,1207,15,15
1148,1221,15,15
1114,1149,15,15
1109,1149,15,15
1109,1207,15,15
1149,1207,15,15
1148,1221,15,15
1114,1164,15,15
1149,1207,15,15
1148,1221,15,15
1109,1149,15,15
1109,1207,15,15
1149,1207,15,15
1148,1221,15,15
1109,1149,15,15
1149,1202,15,15
1109,1207,15,15
1148,1221,15,15
1109,1149,15,15
1149,1202,15,15
1148,1221,15,15
1114,1179,15,15
1114,1164,15,15
1149,1202,15,15
1196,1202,15,15
1148,1221,15,15
1114,1179,15,15
1114,1164,15,15
1196,1202,15,15
1148,1221,15,15
1196,1202,15,15
1148,1221,15,15
1179,1196,15,15
1179,1202,15,15
1196,1202,15,15
1148,1221,15,15
1114,1164,15,15
1105,1164,15,15
1114,1245,15,15
1196,1202,15,15
1148,1221,15,15
1114,1164,15,15
1164,1245,15,15
1105,1164,15,15
1114,1245,15,15
1196,1202,15,15
1105,1114,15,15
1148,1221,15,15
1114,1164,15,15
1105,1164,15,15
1114,1245,15,15
1148,1221,15,15
1114,1164,15,15
1105,1164,15,15
1114,1245,15,15
1164,1196,15,15
1148,1221,15,15
1114,1245,15,15
1196,1202,15,15
1148,1221,15,15
1164,1179,15,15
1196,1202,15,15
1148,1221,15,15
1164,1202,15,15
1148,1221,15,15
1149,1164,15,15
1149,1202,15,15
1148,1221,15,15
1149,1202,15,15
1148,1221,15,15
1149,1202,15,15
1148,1221,15,15
1159,1245,15,15
1148,1221,15,15
1149,1202,15,15
1148,1221,15,15
1148,1221,15,15
1149,1202,15,15
1148,1221,15,15
1148,1221,15,15
1148,1221,15,15
1148,1221,15,15
1196,1245,15,15
1149,1196,15,15
1148,1221,15,15
1148,1221,15,15
1196,1395,15,15
1149,1196,15,15
1149,1395,15,15
1148,1221,15,15
1196,1395,15,15
1148,1221,15,15
1149,1395,15,15
1148,1221,15,15
1159,1168,15,15
1148,1221,15,15
1149,1395,15,15
1148,1221,15,15
1148,1221,15,15
1148,1221,15,15
1196,1307,15,15
1148,1221,15,15
1148,1221,15,15
1196,1378,15,15
1148,1221,15,15
1148,1221,15,15
1148,1221,15,15
1168,1209,15,15
1148,1221,15,15
1168,1209,15,15
1149,1378,15,15
1148,1221,15,15
1149,1378,15,15
1148,1221,15,15
1168,1209,15,15
1149,1202,15,15
1149,1378,15,15
1148,1221,15,15
1168,1209,15,15
1148,1221,15,15
1148,1221,15,15
1148,1221,15,15
1148,1221,15,15
1149,1202,15,15
1148,1221,15,15
1105,1205,15,15
1149,1202,15,15
1149,1196,15,15
1148,1221,15,15
1149,1196,15,15
1148,1221,15,15
1105,1210,15,15
1148,1221,15,15
1202,1378,15,15
1148,1221,15,15
1149,1202,15,15
1149,1378,15,15
1148,1221,15,15
1149,1202,15,15
1149,1378,15,15
1149,1196,15,15
1148,1221,15,15
1149,1202,15,15
1148,1221,15,15
1149,1196,15,15
1148,1221,15,15
1148,1221,15,15
1105,1205,15,15
1149,1378,15,15
1148,1221,15,15
1149,1378,15,15
1149,1196,15,15
1148,1221,15,15
1149,1202,15,15
1149,1378,15,15
1148,1221,15,15
1149,1378,15,15
1149,1196,15,15
1148,1221,15,15
1245,1362,15,15
1149,1202,15,15
1149,1196,15,15
1148,1221,15,15
1148,1221,15,15
1149,1378,15,15
1148,1221,15,15
1149,1202,15,15
1149,1196,15,15
1148,1221,15,15
1149,1196,15,15
1148,1221,15,15
1149,1202,15,15
1148,1221,15,15
1149,1202,15,15
1149,1378,15,15
1148,1221,15,15
1149,1202,15,15
1148,1221,15,15
1149,1202,15,15
1148,1221,15,15
1148,1221,15,15
1202,1378,15,15
1148,1221,15,15
1148,1221,15,15
1196,1378,15,15
1148,1221,15,15
1149,1196,15,15
1148,1221,15,15
1149,1378,15,15
1149,1196,15,15
1148,1221,15,15
1202,1378,15,15
1196,1202,15,15
1149,1378,15,15
1149,1196,15,15
1148,1221,15,15
1149,1202,15,15
1149,1196,15,15
1148,1221,15,15
1149,1202,15,15
1149,1378,15,15
1149,1196,15,15
1148,1221,15,15
1149,1202,15,15
1149,1196,15,15
1148,1221,15,15
1202,1378,15,15
1105,1205,15,15
1149,1202,15,15
1149,1196,15,15
1148,1221,15,15
1149,1378,15,15
1148,1221,15,15
1148,1221,15,15
1148,1221,15,15
1148,1221,15,15
1148,1221,15,15
1196,1378,15,15
1148,1221,15,15
1196,1378,15,15
1149,1196,15,15
1148,1221,15,15
1149,1202,15,15
1148,1221,15,15
1148,1221,15,15
1149,1202,15,15
1148,1221,15,15
1148,1221,15,15
1149,1307,15,15
1149,1202,15,15
1148,1221,15,15
1168,1209,15,15
1149,1307,15,15
1149,1202,15,15
1148,1221,15,15
1149,1307,15,15
1149,1202,15,15
1196,1378,15,15
1221,1260,15,15
1149,1391,15,15
1221,1260,15,15
1149,1391,15,15
1144,1260,15,15
1149,1352,15,15
1144,1221,15,15
1149,1202,15,15
1144,1260,15,15
1144,1221,15,15
1149,1391,15,15
1144,1260,15,15
1144,1221,15,15
1221,1260,15,15
1149,1391,15,15
1196,1391,15,15
1149,1196,15,15
1144,1260,15,15
1144,1221,15,15
1202,1391,15,15
1196,1202,15,15
1159,1245,15,15
1149,1391,15,15
1196,1391,15,15
1149,1196,15,15
1144,1260,15,15
1144,1221,15,15
1221,1260,15,15
1202,1391,15,15
1149,1391,15,15
1196,1391,15,15
1144,1260,15,15
1144,1221,15,15
1202,1391,15,15
1149,1202,15,15
1144,1159,15,15
1149,1391,15,15
1221,1260,15,15
1144,1159,15,15
1149,1391,15,15
1221,1260,15,15
1149,1391,15,15
1221,1260,15,15
1159,1221,15,15
1149,1210,15,15
1221,1260,15,15
1159,1260,15,15
1148,1191,15,15
1149,1196,15,15
1221,1260,15,15
1149,1365,15,15
1105,1245,15,15
1221,1260,15,15
1191,1221,15,15
1159,1260,15,15
1159,1191,15,15
1148,1191,15,15
1221,1260,15,15
1221,1245,15,15
1159,1191,15,15
1149,1365,15,15
1196,1365,15,15
1202,1365,15,15
1221,1260,15,15
1221,1245,15,15
1149,1196,15,15
1149,1365,15,15
1196,1365,15,15
1105,1245,15,15
1221,1260,15,15
1196,1202,15,15
1149,1196,15,15
1196,1365,15,15
1202,1365,15,15
1105,1245,15,15
1221,1260,15,15
1149,1202,15,15
1149,1365,15,15
1196,1365,15,15
1144,1245,15,15
1149,1196,15,15
1149,1365,15,15
1148,1221,15,15
1149,1196,15,15
1221,1260,15,15
1191,1221,15,15
1149,1202,15,15
1159,1191,15,15
1149,1196,15,15
1221,1260,15,15
1191,1221,15,15
1149,1202,15,15
1159,1221,15,15
1221,1260,15,15
1191,1221,15,15
1159,1191,15,15
1149,1365,15,15
1196,1365,15,15
1196,1202,15,15
1144,1245,15,15
1149,1196,15,15
1149,1365,15,15
1196,1365,15,15
1202,1365,15,15
1196,1202,15,15
1149,1365,15,15
1196,1365,15,15
1205,1245,15,15
1191,1221,15,15
1159,1191,15,15
1196,1365,15,15
1191,1260,15,15
1105,1159,15,15
1221,1260,15,15
1191,1221,15,15
1144,1159,15,15
1159,1245,15,15
1144,1245,15,15
1196,1365,15,15
1105,1159,15,15
1221,1260,15,15
1144,1159,15,15
1196,1202,15,15
1144,1245,15,15
1149,1196,15,15
1196,1365,15,15
1191,1260,15,15
1105,1159,15,15
1144,1245,15,15
1149,1196,15,15
1149,1365,15,15
1196,1365,15,15
1159,1205,15,15
1202,1365,15,15
1105,1159,15,15
1179,1395,15,15
1105,1205,15,15
1191,1221,15,15
1144,1245,15,15
1149,1365,15,15
1159,1205,15,15
1105,1159,15,15
1105,1205,15,15
1144,1159,15,15
1159,1205,15,15
1105,1159,15,15
1105,1205,15,15
1149,1202,15,15
1105,1205,15,15
1144,1159,15,15
1196,1202,15,15
1149,1202,15,15
1202,1374,15,15
1159,1245,15,15
1144,1245,15,15
1196,1320,15,15
1202,1374,15,15
1105,1205,15,15
1149,1202,15,15
1196,1320,15,15
1202,1374,15,15
1149,1374,15,15
1179,1378,15,15
1202,1374,15,15
1179,1378,15,15
1202,1374,15,15
1105,1205,15,15
1144,1159,15,15
1179,1378,15,15
1202,1374,15,15
1149,1202,15,15
1159,1221,15,15
1179,1378,15,15
1202,1374,15,15
1149,1202,15,15
1148,1191,15,15
1159,1221,15,15
1179,1378,15,15
1149,1374,15,15
1179,1378,15,15
1105,1205,15,15
1149,1202,15,15
1191,1385,15,15
1179,1378,15,15
1168,1209,15,15
1221,1260,15,15
1179,1378,15,15
1221,1260,15,15
1179,1378,15,15
1168,1209,15,15
1179,1378,15,15
1159,1168,15,15
1196,1202,15,15
1159,1168,15,15
1179,1378,15,15
1191,1221,15,15
1168,1209,15,15
1159,1168,15,15
1149,1210,15,15
1159,1209,15,15
1191,1221,15,15
1168,1209,15,15
1159,1168,15,15
1159,1209,15,15
1202,1391,15,15
1196,1202,15,15
1196,1391,15,15
1159,1168,15,15
1191,1221,15,15
1202,1391,15,15
1144,1168,15,15
1196,1391,15,15
1168,1209,15,15
1168,1209,15,15
1168,1210,15,15
1168,1209,15,15
1148,1385,15,15
1179,1327,15,15
1191,1260,15,15
1168,1209,15,15
1179,1327,15,15
1191,1260,15,15
1191,1260,15,15
1168,1209,15,15
1179,1210,15,15
1149,1210,15,15
1191,1260,15,15
1168,1209,15,15
1149,1210,15,15
1191,1221,15,15
1159,1260,15,15
1191,1260,15,15
1168,1209,15,15
1149,1210,15,15
1179,1365,15,15
1191,1221,15,15
1191,1260,15,15
1168,1209,15,15
1191,1221,15,15
1159,1191,15,15
1191,1260,15,15
1168,1191,15,15
1191,1221,15,15
1159,1191,15,15
1191,1260,15,15
1159,1221,15,15
1221,1260,15,15
1191,1221,15,15
1159,1191,15,15
1149,1205,15,15
1191,1260,15,15
1159,1221,15,15
1221,1260,15,15
1168,1191,15,15
1196,1391,15,15
1149,1205,15,15
1191,1260,15,15
1159,1221,15,15
1221,1260,15,15
1168,1191,15,15
1202,1391,15,15
1196,1391,15,15
1159,1221,15,15
1221,1260,15,15
1168,1191,15,15
1202,1391,15,15
1196,1391,15,15
1159,1221,15,15
1202,1391,15,15
1196,1391,15,15
1191,1260,15,15
1159,1221,15,15
1221,1260,15,15
1168,1191,15,15
1105,1205,15,15
1245,1260,15,15
1221,1245,15,15
1221,1395,15,15
1196,1391,15,15
1191,1245,15,15
1221,1260,15,15
1168,1191,15,15
1221,1395,15,15
1191,1245,15,15
1260,1395,15,15
1221,1260,15,15
1168,1191,15,15
1221,1395,15,15
1191,1245,15,15
1221,1260,15,15
1159,1191,15,15
1149,1374,15,15
1260,1395,15,15
1221,1395,15,15
1144,1205,15,15
1179,1363,15,15
1221,1260,15,15
1144,1191,15,15
1159,1191,15,15
1148,1191,15,15
1144,1148,15,15
1149,1374,15,15
1221,1395,15,15
1191,1196,15,15
1159,1191,15,15
1191,1362,15,15
1159,1362,15,15
1221,1260,15,15
1179,1365,15,15
1159,1191,15,15
1191,1362,15,15
1159,1362,15,15
1221,1260,15,15
1159,1191,15,15
1191,1362,15,15
1159,1362,15,15
1221,1260,15,15
1159,1191,15,15
1196,1202,15,15
1159,1362,15,15
1221,1260,15,15
1159,1191,15,15
1196,1202,15,15
1221,1260,15,15
1159,1191,15,15
1191,1362,15,15
1221,1260,15,15
1260,1307,15,15
1159,1191,15,15
1159,1362,15,15
1159,1191,15,15
1144,1210,15,15
1210,1245,15,15
1221,1307,15,15
1159,1362,15,15
1221,1260,15,15
1105,1144,15,15
1159,1191,15,15
1159,1362,15,15
1221,1260,15,15
1159,1191,15,15
1221,1307,15,15
1149,1196,15,15
1168,1210,15,15
1221,1260,15,15
1159,1191,15,15
1221,1307,15,15
1221,1260,15,15
1149,1202,15,15
1159,1191,15,15
1221,1307,15,15
1149,1196,15,15
1221,1260,15,15
1159,1191,15,15
1144,1168,15,15
1191,1362,15,15
1149,1196,15,15
1205,1395,15,15
1149,1202,15,15
1159,1191,15,15
1144,1168,15,15
1202,1352,15,15
1191,1362,15,15
1159,1362,15,15
1149,1202,15,15
1159,1191,15,15
1221,1307,15,15
1159,1362,15,15
1149,1202,15,15
1159,1191,15,15
1202,1352,15,15
1159,1362,15,15
1149,1202,15,15
1159,1191,15,15
1202,1327,15,15
1149,1327,15,15
1159,1362,15,15
1159,1191,15,15
1191,1362,15,15
1149,1196,15,15
1159,1362,15,15
1149,1202,15,15
1205,1221,15,15
1159,1191,15,15
1191,1362,15,15
1221,1395,15,15
1149,1196,15,15
1159,1362,15,15
1221,1260,15,15
1149,1202,15,15
1205,1221,15,15
1159,1191,15,15
1149,1196,15,15
1221,1260,15,15
1159,1191,15,15
1196,1202,15,15
1191,1362,15,15
1144,1149,15,15
1221,1260,15,15
1159,1191,15,15
1196,1202,15,15
1191,1362,15,15
1159,1362,15,15
1149,1202,15,15
1159,1191,15,15
1105,1378,15,15
1149,1210,15,15
1221,1260,15,15
1196,1210,15,15
1159,1191,15,15
1191,1362,15,15
1105,1378,15,15
1159,1362,15,15
1149,1210,15,15
1221,1260,15,15
1159,1191,15,15
1105,1378,15,15
1205,1385,15,15
1221,1260,15,15
1149,1202,15,15
1159,1191,15,15
1202,1383,15,15
1105,1378,15,15
1149,1210,15,15
1221,1260,15,15
1159,1191,15,15
1202,1383,15,15
1196,1383,15,15
1205,1385,15,15
1221,1260,15,15
1159,1191,15,15
1191,1245,15,15
1205,1395,15,15
1149,1210,15,15
1221,1260,15,15
1196,1202,15,15
1149,1210,15,15
1221,1260,15,15
1159,1191,15,15
1196,1202,15,15
1148,1191,15,15
1202,1383,15,15
1196,1383,15,15
1191,1260,15,15
1149,1210,15,15
1221,1260,15,15
1191,1221,15,15
1159,1260,15,15
1159,1191,15,15
1196,1202,15,15
1148,1191,15,15
1191,1260,15,15
1149,1210,15,15
1221,1260,15,15
1191,1221,15,15
1159,1191,15,15
1196,1202,15,15
1148,1191,15,15
1149,1210,15,15
1148,1191,15,15
1149,1210,15,15
1191,1221,15,15
1149,1210,15,15
1221,1260,15,15
1191,1221,15,15
1196,1202,15,15
1149,1210,15,15
1221,1260,15,15
1191,1221,15,15
1202,1383,15,15
1196,1383,15,15
1149,1210,15,15
1221,1260,15,15
1191,1221,15,15
1196,1202,15,15
1149,1210,15,15
1191,1221,15,15
1202,1383,15,15
1149,1210,15,15
1221,1260,15,15
1191,1221,15,15
1149,1210,15,15
1221,1260,15,15
1196,1202,15,15
1149,1210,15,15
1149,1210,15,15
1196,1202,15,15
1149,1210,15,15
1179,1221,15,15
1149,1362,15,15
1149,1221,15,15
1149,1362,15,15
1221,1362,15,15
1149,1221,15,15
1149,1383,15,15
1205,1245,15,15
1221,1362,15,15
1105,1393,15,15
1210,1245,15,15
1105,1393,15,15
1221,1362,15,15
1105,1393,15,15
1205,1210,15,15
1196,1202,15,15
1221,1362,15,15
1105,1393,15,15
1148,1191,15,15
1149,1196,15,15
1221,1362,15,15
1105,1393,15,15
1149,1202,15,15
1159,1191,15,15
1221,1362,16,16
1105,1393,16,16
1149,1202,16,16
1149,1202,16,16
1149,1202,16,16
1210,1245,16,16
1221,1362,16,16
1149,1202,16,16
1210,1245,16,16
1149,1196,16,16
1221,1362,16,16
1149,1202,16,16
1149,1196,16,16
1221,1362,16,16
1196,1202,16,16
1149,1196,16,16
1149,1383,16,16
1205,1327,16,16
1149,1383,16,16
1168,1191,16,16
1196,1202,16,16
1202,1383,16,16
1149,1196,16,16
1149,1383,16,16
1202,1383,16,16
1210,1221,16,16
1168,1191,16,16
1221,1362,16,16
1168,1385,16,16
1210,1362,16,16
1210,1221,16,16
1221,1362,16,16
1168,1385,16,16
1210,1362,16,16
1210,1221,16,16
1168,1191,16,16
1221,1362,16,16
1159,1373,16,16
1210,1221,16,16
1168,1191,16,16
1149,1179,16,16
1168,1385,16,16
1191,1385,16,16
1168,1191,16,16
1221,1362,16,16
1196,1202,16,16
1191,1385,16,16
1168,1191,16,16
1221,1362,16,16
1149,1196,16,16
1159,1210,16,16
1168,1385,16,16
1168,1191,16,16
1149,1196,16,16
1202,1210,16,16
1191,1385,16,16
1159,1221,16,16
1159,1362,16,16
1149,1210,16,16
1168,1191,16,16
1159,1210,16,16
1191,1385,16,16
1159,1221,16,16
1159,1362,16,16
1149,1210,16,16
1168,1191,16,16
1149,1202,16,16
1159,1210,16,16
1168,1385,16,16
1191,1385,16,16
1210,1362,16,16
1159,1221,16,16
1159,1362,16,16
1168,1191,16,16
1149,1196,16,16
1159,1210,16,16
1168,1385,16,16
1191,1385,16,16
1144,1179,16,16
1168,1191,16,16
1149,1202,16,16
1149,1196,16,16
1159,1210,16,16
1191,1385,16,16
1159,1221,16,16
1144,1179,16,16
1168,1191,16,16
1149,1196,16,16
1159,1210,16,16
1159,1221,16,16
1159,1362,16,16
1168,1191,16,16
1149,1196,16,16
1159,1221,16,16
1210,1221,16,16
1168,1191,16,16
1149,1202,16,16
1148,1179,16,16
1159,1210,16,16
1168,1385,16,16
1159,1221,16,16
1144,1179,16,16
1159,1362,16,16
1168,1191,16,16
1149,1202,16,16
1159,1210,16,16
1144,1260,16,16
1159,1221,16,16
1168,1191,16,16
1159,1210,16,16
1144,1260,16,16
1159,1221,16,16
1210,1221,16,16
1168,1191,16,16
1159,1210,16,16
1144,1260,16,16
1105,1149,16,16
1159,1221,16,16
1144,1149,16,16
1105,1149,16,16
1159,1221,16,16
1168,1191,16,16
1105,1144,16,16
1196,1202,16,16
1144,1149,16,16
1191,1385,16,16
1149,1245,16,16
1105,1144,16,16
1210,1245,16,16
1191,1385,16,16
1105,1149,16,16
1159,1221,16,16
1149,1210,16,16
1105,1210,16,16
1144,1245,16,16
1149,1210,16,16
1105,1210,16,16
1159,1221,16,16
1149,1210,16,16
1149,1202,16,16
1168,1385,16,16
1159,1221,16,16
1168,1191,16,16
1168,1385,16,16
1159,1221,16,16
1168,1191,16,16
1149,1179,16,16
1159,1221,16,16
1168,1191,16,16
1159,1210,16,16
1168,1385,16,16
1149,1210,16,16
1168,1191,16,16
1105,1320,16,16
1168,1385,16,16
1191,1385,16,16
1210,1221,16,16
1149,1210,16,16
1168,1191,16,16
1105,1320,16,16
1149,1159,16,16
1168,1385,16,16
1159,1221,16,16
1149,1210,16,16
1168,1191,16,16
1105,1320,16,16
1149,1179,16,16
1191,1385,16,16
1149,1362,16,16
1168,1191,16,16
1149,1221,16,16
1179,1245,16,16
1159,1221,16,16
1168,1191,16,16
1105,1320,16,16
1098,1144,16,16
1149,1210,16,16
1098,1168,16,16
1144,1168,16,16
1191,1385,16,16
1098,1144,16,16
1149,1210,16,16
1098,1168,16,16
1144,1168,16,16
1098,1144,16,16
1149,1210,16,16
1098,1168,16,16
1144,1168,16,16
1196,1202,16,16
1098,1144,16,16
1149,1210,16,16
1098,1168,16,16
1144,1168,16,16
1196,1202,16,16
1098,1144,16,16
1149,1210,16,16
1098,1168,16,16
1144,1168,16,16
1196,1202,16,16
1098,1144,16,16
1149,1210,16,16
1221,1260,16,16
1098,1168,16,16
1144,1168,16,16
1196,1202,16,16
1098,1144,16,16
1149,1210,16,16
1179,1191,16,16
1144,1168,16,16
1149,1210,16,16
1221,1260,16,16
1105,1320,16,16
1098,1168,16,16
1144,1168,16,16
1196,1202,16,16
1098,1144,16,16
1149,1210,16,16
1098,1168,16,16
1144,1168,16,16
1191,1385,16,16
1098,1144,16,16
1149,1362,16,16
1149,1210,16,16
1098,1168,16,16
1144,1168,16,16
1098,1144,16,16
1149,1210,16,16
1098,1168,16,16
1144,1168,16,16
1210,1245,16,16
1149,1245,16,16
1149,1362,16,16
1149,1210,16,16
1144,1168,16,16
1149,1245,16,16
1149,1362,16,16
1149,1210,16,16
1159,1260,16,16
1144,1168,16,16
1210,1245,16,16
1148,1221,16,16
1149,1245,16,16
1149,1362,16,16
1149,1210,16,16
1144,1168,16,16
1105,1202,16,16
1149,1245,16,16
1149,1362,16,16
1149,1210,16,16
1221,1260,16,16
1144,1168,16,16
1149,1245,16,16
1149,1210,16,16
1221,1260,16,16
1179,1365,16,16
1159,1260,16,16
1144,1168,16,16
1098,1221,16,16
1210,1245,16,16
1210,1362,16,16
1105,1159,16,16
1245,1362,16,16
1144,1168,16,16
1098,1245,16,16
1105,1159,16,16
1105,1245,16,16
1159,1179,16,16
1144,1168,16,16
1105,1210,16,16
1098,1149,16,16
1098,1245,16,16
1205,1352,16,16
1179,1210,16,16
1159,1179,16,16
1098,1149,16,16
1098,1245,16,16
1205,1352,16,16
1149,1179,16,16
1196,1202,16,16
1205,1352,16,16
1210,1245,16,16
1179,1245,16,16
1179,1210,16,16
1098,1245,16,16
1191,1221,16,16
1196,1202,16,16
1144,1191,16,16
1205,1352,16,16
1168,1191,16,16
1210,1245,16,16
1144,1191,16,16
1205,1352,16,16
1168,1191,16,16
1210,1245,16,16
1144,1191,16,16
1098,1245,16,16
1098,1210,16,16
1168,1191,16,16
1168,1191,16,16
1168,1191,16,16
1149,1202,16,16
1179,1385,16,16
1168,1191,16,16
1149,1202,16,16
1179,1385,16,16
1179,1221,16,16
1149,1202,16,16
1210,1385,16,16
1168,1191,16,16
1179,1191,16,16
1149,1202,16,16
1210,1221,16,16
1179,1191,16,16
1149,1202,16,16
1205,1363,16,16
1191,1221,16,16
1149,1202,16,16
1205,1363,16,16
1221,1395,16,16
1149,1202,16,16
1205,1363,16,16
1221,1395,16,16
1149,1202,16,16
1205,1363,16,16
1191,1210,16,16
1149,1202,16,16
1205,1363,16,16
1191,1385,16,16
1149,1202,16,16
1191,1385,16,16
1179,1210,16,16
1149,1202,16,16
1191,1210,16,16
1191,1385,16,16
1149,1202,16,16
1191,1210,16,16
1179,1191,16,16
1149,1202,16,16
1191,1210,16,16
1105,1383,16,16
1149,1202,16,16
1105,1383,16,16
1149,1202,16,16
1149,1196,16,16
1149,1202,16,16
1148,1191,16,16
1144,1245,16,16
1149,1196,16,16
1196,1202,16,16
1148,1191,16,16
1191,1245,16,16
1196,1202,16,16
1148,1191,16,16
1144,1191,16,16
1149,1374,16,16
1196,1202,16,16
1148,1191,16,16
1144,1191,16,16
1191,1245,16,16
1148,1191,16,16
1210,1245,16,16
1149,1365,16,16
1144,1191,16,16
1196,1202,16,16
1098,1245,16,16
1149,1210,16,16
1196,1210,16,16
1196,1202,16,16
1098,1245,16,16
1260,1307,16,16
1149,1210,16,16
1149,1210,16,16
1210,1385,16,16
1098,1393,16,16
1149,1210,16,16
1098,1393,16,16
1148,1191,16,16
1105,1383,16,16
1149,1385,16,16
1148,1191,16,16
1105,1383,16,16
1148,1191,16,16
1098,1196,16,16
1149,1210,16,16
1148,1191,16,16
1105,1383,16,16
1221,1395,16,16
1098,1260,16,16
1098,1148,16,16
1221,1395,16,16
1149,1210,16,16
1105,1383,16,16
1221,1395,16,16
1148,1221,16,16
1148,1260,16,16
1149,1210,16,16
1105,1383,16,16
1149,1385,16,16
1221,1395,16,16
1210,1385,16,16
1149,1210,16,16
1221,1260,16,16
1149,1385,16,16
1221,1395,16,16
1210,1385,16,16
1148,1149,16,16
1221,1260,16,16
1149,1210,16,16
1105,1221,16,16
1149,1210,16,16
1148,1395,16,16
1144,1260,16,16
1098,1179,16,16
1149,1210,16,16
1148,1395,16,16
1205,1221,16,16
1144,1260,16,16
1144,1191,16,16
1191,1260,16,16
1149,1210,16,16
1144,1191,16,16
1191,1260,16,16
1149,1210,16,16
1144,1260,16,16
1149,1210,16,16
1148,1395,16,16
1149,1210,16,16
1148,1395,16,16
1144,1191,16,16
1191,1260,16,16
1149,1210,16,16
1148,1395,16,16
1144,1191,16,16
1191,1260,16,16
1205,1327,16,16
1149,1210,16,16
1144,1191,16,16
1191,1260,16,16
1149,1210,16,16
1144,1191,16,16
1191,1260,16,16
1149,1210,16,16
1144,1148,16,16
1144,1191,16,16
1191,1260,16,16
1149,1210,16,16
1148,1191,16,16
1144,1148,16,16
1144,1191,16,16
1191,1260,16,16
1149,1210,16,16
1144,1148,16,16
1144,1191,16,16
1105,1149,16,16
1191,1260,16,16
1205,1327,16,16
1105,1245,16,16
1149,1210,16,16
1105,1210,16,16
1148,1191,16,16
1144,1148,16,16
1144,1260,16,16
1144,1191,16,16
1148,1221,16,16
1105,1149,16,16
1191,1260,16,16
1144,1148,16,16
1144,1260,16,16
1144,1191,16,16
1105,1149,16,16
1191,1260,16,16
1105,1245,16,16
1149,1210,16,16
1105,1210,16,16
1144,1260,16,16
1144,1191,16,16
1105,1149,16,16
1191,1260,16,16
1205,1327,16,16
1144,1221,16,16
1149,1210,16,16
1144,1148,16,16
1144,1260,16,16
1144,1191,16,16
1191,1260,16,16
1144,1260,16,16
1191,1260,16,16
1191,1260,16,16
1105,1196,16,16
1202,1378,16,16
1191,1221,16,16
1105,1202,16,16
1105,1149,16,16
1105,1307,16,16
1191,1221,16,16
1149,1202,16,16
1105,1202,16,16
1105,1149,16,16
1191,1221,16,16
1149,1202,16,16
1105,1202,16,16
1196,1307,16,16
1148,1365,16,16
1105,1149,16,16
1148,1210,16,16
1105,1307,16,16
1191,1221,16,16
1149,1202,16,16
1105,1202,16,16
1149,1196,16,16
1196,1307,16,16
1105,1149,16,16
1191,1221,16,16
1149,1202,16,16
1105,1202,16,16
1105,1196,16,16
1149,1196,16,16
1196,1307,16,16
1105,1149,16,16
1149,1307,16,16
1191,1221,16,16
1149,1202,16,16
1105,1202,16,16
1149,1196,16,16
1105,1149,16,16
1149,1202,16,16
1196,1202,16,16
1196,1202,16,16
1105,1210,16,16
1221,1260,16,16
1191,1221,16,16
1221,1260,16,16
1205,1374,16,16
1191,1221,16,16
1149,1363,16,16
1221,1260,16,16
1205,1374,16,16
1191,1221,16,16
1149,1196,16,16
1149,1363,16,16
1221,1260,16,16
1191,1221,16,16
1149,1202,16,16
1149,1363,16,16
1221,1260,16,16
1205,1374,16,16
1149,1202,16,16
1149,1196,16,16
1098,1179,16,16
1205,1374,16,16
1149,1202,16,16
1196,1202,16,16
1149,1196,16,16
1205,1374,16,16
1149,1202,16,16
1149,1196,16,16
1149,1363,16,16
1149,1202,16,16
1196,1202,16,16
1149,1196,16,16
1149,1202,16,16
1149,1196,16,16
1098,1210,16,16
1179,1210,16,16
1205,1374,16,16
1149,1202,16,16
1149,1196,16,16
1179,1210,16,16
1205,1374,16,16
1191,1221,16,16
1149,1202,16,16
1196,1363,16,16
1098,1210,16,16
1149,1363,16,16
1202,1363,16,16
1149,1202,16,16
1196,1202,16,16
1202,1363,16,16
1196,1365,16,16
1105,1149,16,16
1105,1179,16,16
1179,1196,16,16
1196,1202,16,16
1149,1196,16,16
1098,1210,16,16
1149,1202,16,16
1105,1210,16,16
1196,1202,16,16
1149,1196,16,16
1098,1210,16,16
1149,1202,16,16
1196,1202,16,16
1149,1196,16,16
1149,1202,16,16
1149,1196,16,16
1149,1363,16,16
1149,1196,16,16
1196,1363,16,16
1098,1210,16,16
1202,1363,16,16
1196,1202,16,16
1149,1196,16,16
1196,1363,16,16
1098,1210,16,16
1202,1363,16,16
1149,1202,16,16
1196,1202,16,16
1149,1196,16,16
1196,1363,16,16
1098,1210,16,16
1202,1363,16,16
1149,1202,16,16
1196,1202,16,16
1149,1196,16,16
1098,1210,16,16
1149,1363,16,16
1202,1363,16,16
1221,1260,16,16
1149,1202,16,16
1149,1196,16,16
1098,1210,16,16
1221,1260,16,16
1149,1196,16,16
1149,1365,16,16
1191,1260,16,16
1221,1260,16,16
1191,1221,16,16
1149,1202,16,16
1149,1365,16,16
1148,1149,16,16
1221,1260,16,16
1149,1202,16,16
1149,1196,16,16
1098,1210,16,16
1202,1365,16,16
1196,1202,16,16
1149,1196,16,16
1149,1365,16,16
1196,1365,16,16
1202,1365,16,16
1149,1202,16,16
1149,1196,16,16
1149,1365,16,16
1196,1202,16,16
1149,1196,16,16
1149,1365,16,16
1196,1365,16,16
1202,1365,16,16
1149,1202,16,16
1196,1202,16,16
1149,1196,16,16
1149,1365,16,16
1196,1365,16,16
1202,1365,16,16
1191,1221,16,16
1149,1202,16,16
1196,1202,16,16
1149,1196,16,16
1149,1365,16,16
1196,1365,16,16
1202,1365,16,16
1098,1210,16,16
1191,1221,16,16
1149,1202,16,16
1196,1202,16,16
1149,1196,16,16
1149,1365,16,16
1196,1365,16,16
1202,1365,16,16
1191,1221,16,16
1149,1202,16,16
1196,1202,16,16
1149,1196,16,16
1149,1365,16,16
1196,1365,16,16
1149,1202,16,16
1196,1202,16,16
1149,1196,16,16
1149,1365,16,16
1191,1221,16,16
1149,1202,16,16
1149,1196,16,16
1149,1365,16,16
1191,1221,16,16
1149,1202,16,16
1196,1202,16,16
1149,1196,16,16
1149,1365,16,16
1196,1365,16,16
1191,1221,16,16
1149,1202,16,16
1149,1196,16,16
1149,1365,16,16
1202,1365,16,16
1191,1221,16,16
1149,1202,16,16
1196,1202,16,16
1149,1196,16,16
1168,1221,16,16
1149,1365,16,16
1168,1191,16,16
1191,1221,16,16
1149,1202,16,16
1168,1221,16,16
1149,1365,16,16
1168,1191,16,16
1191,1221,16,16
1149,1202,16,16
1149,1365,16,16
1191,1221,16,16
1149,1202,16,16
1210,1245,16,16
1098,1105,16,16
1191,1221,16,16
1105,1210,16,16
1196,1202,16,16
1149,1365,16,16
1221,1260,16,16
1191,1221,16,16
1149,1202,16,16
1148,1245,16,16
1149,1365,16,16
1191,1221,16,16
1149,1202,16,16
1148,1245,16,16
1149,1365,16,16
1191,1221,16,16
1191,1221,16,16
1196,1202,16,16
1191,1221,16,16
1210,1245,16,16
1191,1221,16,16
1191,1221,16,16
1149,1202,16,16
1098,1205,16,16
1098,1144,16,16
1191,1221,16,16
1098,1205,16,16
1144,1221,16,16
1191,1221,16,16
1098,1202,16,16
1144,1191,16,16
1098,1196,16,16
1144,1221,16,16
1191,1221,16,16
1144,1191,16,16
1144,1221,16,16
1191,1221,16,16
1144,1159,16,16
1196,1202,16,16
1144,1191,16,16
1098,1144,16,16
1149,1245,16,16
1144,1221,16,16
1191,1221,16,16
1098,1202,16,16
1144,1191,16,16
1191,1260,16,16
1159,1221,16,16
1144,1221,16,16
1191,1221,16,16
1144,1159,16,16
1149,1196,16,16
1098,1245,16,16
1159,1221,16,16
1159,1191,16,16
1144,1159,16,16
1191,1221,16,16
1191,1221,16,16
1144,1191,16,16
1191,1260,16,16
1159,1221,16,16
1144,1221,16,16
1191,1221,16,16
1144,1159,16,16
1159,1221,16,16
1221,1260,16,16
1098,1209,16,16
1191,1221,16,16
1159,1260,16,16
1210,1245,16,16
1159,1221,16,16
1221,1260,16,16
1105,1307,16,16
1191,1221,16,16
1210,1245,16,16
1159,1221,16,16
1221,1260,16,16
1191,1221,16,16
1196,1202,16,16
1210,1245,16,16
1191,1221,16,16
1196,1202,16,16
1210,1245,16,16
1191,1221,16,16
1196,1202,16,16
1196,1202,16,16
1191,1221,16,16
1196,1202,16,16
1098,1205,16,16
1191,1221,16,16
1196,1202,16,16
1210,1245,16,16
1105,1307,16,16
1191,1221,16,16
1196,1202,16,16
1191,1260,16,16
1191,1221,16,16
1105,1307,16,16
1191,1221,16,16
1144,1221,16,16
1105,1307,16,16
1191,1221,16,16
1144,1159,16,16
1210,1245,16,16
1149,1210,16,16
1105,1307,16,16
1191,1221,16,16
1196,1202,16,16
1149,1210,16,16
1105,1307,16,16
1196,1202,16,16
1144,1179,16,16
1149,1210,16,16
1105,1307,16,16
1196,1202,16,16
1149,1210,16,16
1105,1307,16,16
1191,1221,16,16
1098,1221,16,16
1144,1148,16,16
1098,1191,16,16
1105,1307,16,16
1191,1221,16,16
1196,1202,16,16
1144,1148,16,16
1098,1191,16,16
1105,1307,16,16
1191,1221,16,16
1196,1202,16,16
1144,1148,16,16
1149,1210,16,16
1196,1202,16,16
1191,1221,16,16
1196,1202,16,16
1144,1148,16,16
1149,1210,16,16
1191,1221,16,16
1144,1148,16,16
1149,1210,16,16
1191,1221,16,16
1191,1221,16,16
1149,1168,16,16
1191,1221,16,16
1149,1168,16,16
1191,1221,16,16
1144,1148,16,16
1098,1159,16,16
1168,1210,16,16
1191,1221,16,16
1144,1148,16,16
1191,1221,16,16
1196,1202,16,16
1144,1148,16,16
1149,1210,16,16
1191,1221,16,16
1196,1202,16,16
1144,1148,16,16
1149,1210,16,16
1191,1221,16,16
1196,1202,16,16
1144,1148,16,16
1149,1210,16,16
1191,1221,16,16
1196,1202,16,16
1149,1210,16,16
1191,1221,16,16
1196,1202,16,16
1191,1245,16,16
1149,1210,16,16
1191,1221,16,16
1221,1260,16,16
1191,1221,16,16
1196,1202,16,16
1191,1221,16,16
1196,1202,16,16
1144,1148,16,16
1098,1191,16,16
1098,1159,16,16
1221,1260,16,16
1191,1221,16,16
1144,1148,16,16
1159,1221,16,16
1191,1221,16,16
1144,1148,16,16
1159,1221,16,16
1105,1205,16,16
1196,1202,16,16
1144,1148,16,16
1144,1148,16,16
1191,1221,16,16
1191,1221,16,16
1191,1221,16,16
1191,1221,16,16
1196,1202,16,16
1144,1148,16,16
1159,1221,16,16
1191,1221,16,16
1144,1148,16,16
1196,1202,16,16
1196,1320,16,16
1144,1148,16,16
1144,1148,16,16
1144,1148,16,16
1196,1202,16,16
1144,1148,16,16
1196,1202,16,16
1144,1148,16,16
1196,1202,16,16
1144,1148,16,16
1196,1202,16,16
1144,1148,16,16
1144,1148,16,16
1191,1221,16,16
1196,1202,16,16
1144,1148,16,16
1098,1144,16,16
1191,1221,16,16
1196,1202,16,16
1144,1191,16,16
1144,1221,16,16
1191,1221,16,16
1196,1202,16,16
1098,1144,16,16
1191,1221,16,16
1149,1179,16,16
1105,1245,16,16
1191,1221,16,16
1149,1179,16,16
1098,1196,16,16
1191,1221,16,16
1196,1202,16,16
1191,1221,16,16
1149,1179,16,16
1196,1202,16,16
1191,1221,16,16
1191,1221,16,16
1149,1179,16,16
1149,1196,16,16
1098,1144,16,16
1191,1260,16,16
1191,1221,16,16
1098,1191,16,16
1149,1196,16,16
1191,1260,16,16
1149,1202,16,16
1159,1191,16,16
1149,1179,16,16
1149,1196,16,16
1144,1191,16,16
1179,1202,16,16
1149,1179,16,16
1144,1191,16,16
1179,1196,16,16
1144,1191,16,16
1105,1191,16,16
1144,1191,16,16
1191,1245,16,16
1179,1202,16,16
1105,1191,16,16
1144,1191,16,16
1191,1245,16,16
1149,1205,16,16
1179,1202,16,16
1105,1191,16,16
1179,1196,16,16
1149,1168,16,16
1179,1202,16,16
1179,1196,16,16
1149,1168,16,16
1179,1202,16,16
1105,1144,16,16
1191,1385,16,16
1179,1196,16,16
1179,1202,16,16
1159,1260,16,16
1149,1179,16,16
1159,1260,16,16
1149,1179,16,16
1149,1202,16,16
1149,1179,16,16
1105,1245,16,16
1149,1179,16,16
1191,1205,16,16
1191,1196,16,16
1149,1179,16,16
1149,1196,16,16
1191,1205,16,16
1179,1202,16,16
1168,1191,16,16
1149,1179,16,16
1196,1202,16,16
1168,1191,16,16
1149,1179,16,16
1149,1196,16,16
1179,1196,16,16
1179,1202,16,16
1168,1191,16,16
1149,1196,16,16
1179,1202,16,16
1168,1191,16,16
1149,1196,16,16
1179,1202,16,16
1168,1191,16,16
1168,1191,16,16
1149,1202,16,16
1149,1179,16,16
1105,1245,16,16
1168,1191,16,16
1149,1202,16,16
1149,1179,16,16
1179,1202,16,16
1168,1191,16,16
1149,1202,16,16
1149,1179,16,16
1196,1202,16,16
1148,1221,16,16
1105,1245,16,16
1168,1191,16,16
1148,1221,16,16
1105,1245,16,16
1168,1191,16,16
1148,1221,16,16
1168,1191,16,16
1148,1221,16,16
1148,1221,16,16
1191,1245,16,16
1168,1191,16,16
1148,1221,16,16
1191,1221,16,16
1148,1221,17,17
1159,1221,17,17
1148,1221,17,17
1148,1221,17,17
1105,1245,17,17
1105,1144,17,17
1148,1221,17,17
1148,1221,17,17
1196,1202,17,17
1196,1202,17,17
1148,1221,17,17
1148,1221,17,17
1148,1260,17,17
1221,1260,17,17
1148,1221,17,17
1221,1260,17,17
1144,1148,17,17
1221,1260,17,17
1221,1362,17,17
1202,1245,17,17
1149,1196,17,17
1221,1362,17,17
1149,1196,17,17
1221,1260,17,17
1149,1196,17,17
1221,1260,17,17
1149,1196,17,17
1179,1196,17,17
1221,1260,17,17
1196,1202,17,17
1105,1202,17,17
1105,1196,17,17
1149,1196,17,17
1221,1260,17,17
1149,1196,17,17
1179,1202,17,17
1221,1260,17,17
1221,1362,17,17
1159,1191,17,17
1149,1196,17,17
1144,1191,17,17
1221,1260,17,17
1159,1191,17,17
1149,1196,17,17
1144,1191,17,17
1221,1362,17,17
1144,1191,17,17
1221,1260,17,17
1221,1362,17,17
1149,1202,17,17
1221,1260,17,17
1221,1362,17,17
1221,1362,17,17
1221,1260,17,17
1221,1362,17,17
1144,1148,17,17
1221,1260,17,17
1144,1148,17,17
1221,1260,17,17
1196,1202,17,17
1144,1148,17,17
1221,1260,17,17
1144,1148,17,17
1221,1260,17,17
1221,1362,17,17
1144,1148,17,17
1221,1260,17,17
1221,1362,17,17
1098,1148,17,17
1221,1260,17,17
1221,1260,17,17
1221,1260,17,17
1221,1362,17,17
1221,1260,17,17
1221,1362,17,17
1098,1148,17,17
1221,1260,17,17
1221,1362,17,17
1221,1260,17,17
1221,1260,17,17
1221,1260,17,17
1221,1362,17,17
1196,1202,17,17
1221,1260,17,17
1221,1260,17,17
1221,1260,17,17
1221,1260,17,17
1221,1362,17,17
1196,1202,17,17
1098,1149,17,17
1098,1196,17,17
1221,1260,17,17
1221,1362,17,17
1221,1260,17,17
1221,1362,17,17
1149,1196,17,17
1221,1260,17,17
1098,1148,17,17
1149,1202,17,17
1148,1191,17,17
1149,1196,17,17
1221,1260,17,17
1149,1202,17,17
1148,1191,17,17
1149,1196,17,17
1221,1260,17,17
1221,1362,17,17
1149,1196,17,17
1221,1260,17,17
1221,1362,17,17
1149,1202,17,17
1221,1260,17,17
1149,1202,17,17
1196,1202,17,17
1260,1362,17,17
1221,1260,17,17
1149,1202,17,17
1196,1202,17,17
1149,1196,17,17
1260,1362,17,17
1221,1260,17,17
1098,1191,17,17
1221,1260,17,17
1196,1202,17,17
1149,1196,17,17
1260,1362,17,17
1221,1260,17,17
1149,1202,17,17
1196,1202,17,17
1149,1196,17,17
1260,1362,17,17
1221,1260,17,17
1221,1362,17,17
1149,1202,17,17
1149,1196,17,17
1260,1362,17,17
1221,1260,17,17
1221,1362,17,17
1105,1191,17,17
1191,1205,17,17
1260,1362,17,17
1221,1260,17,17
1221,1362,17,17
1105,1191,17,17
1191,1205,17,17
1260,1362,17,17
1221,1260,17,17
1221,1362,17,17
1105,1191,17,17
1191,1205,17,17
1221,1260,17,17
1105,1191,17,17
1221,1260,17,17
1221,1362,17,17
1191,1205,17,17
1221,1260,17,17
1105,1205,17,17
1098,1191,17,17
1191,1205,17,17
1221,1260,17,17
1196,1202,17,17
1191,1205,17,17
1221,1260,17,17
1191,1205,17,17
1260,1362,17,17
1221,1260,17,17
1149,1202,17,17
1221,1260,17,17
1149,1202,17,17
1148,1191,17,17
1221,1260,17,17
1149,1202,17,17
1221,1260,17,17
1149,1202,17,17
1196,1221,17,17
1221,1260,17,17
1105,1196,17,17
1221,1260,17,17
1221,1260,17,17
1196,1202,17,17
1221,1260,17,17
1196,1202,17,17
1221,1260,17,17
1221,1260,17,17
1221,1260,17,17
1159,1260,17,17
1159,1191,17,17
1159,1221,17,17
1221,1260,17,17
1159,1260,17,17
1159,1362,17,17
1221,1260,17,17
1149,1196,17,17
1159,1362,17,17
1221,1260,17,17
1149,1202,17,17
1159,1362,17,17
1221,1260,17,17
1221,1260,17,17
1159,1260,17,17
1221,1260,17,17
1159,1260,17,17
1149,1393,17,17
1221,1260,17,17
1148,1191,17,17
1221,1260,17,17
1149,1202,17,17
1149,1202,17,17
1098,1159,17,17
1159,1362,17,17
1149,1202,17,17
1149,1393,17,17
1221,1260,17,17
1148,1191,17,17
1159,1362,17,17
1149,1202,17,17
1149,1202,17,17
1159,1362,17,17
1149,1202,17,17
1159,1362,17,17
1149,1202,17,17
1159,1362,17,17
1149,1202,17,17
1159,1362,17,17
1149,1202,17,17
1159,1221,17,17
1159,1362,17,17
1221,1260,17,17
1149,1202,17,17
1148,1191,17,17
1159,1221,17,17
1159,1362,17,17
1221,1260,17,17
1159,1221,17,17
1159,1362,17,17
1148,1191,17,17
1159,1221,17,17
1148,1191,17,17
1159,1221,17,17
1221,1260,17,17
1221,1362,17,17
1159,1260,17,17
1148,1191,17,17
1159,1221,17,17
1221,1260,17,17
1221,1362,17,17
1159,1221,17,17
1159,1362,17,17
1105,1205,17,17
1148,1191,17,17
1159,1221,17,17
1221,1260,17,17
1159,1221,17,17
1159,1362,17,17
1221,1362,17,17
1148,1191,17,17
1159,1221,17,17
1159,1362,17,17
1159,1260,17,17
1149,1393,17,17
1098,1148,17,17
1149,1202,17,17
1159,1191,17,17
1149,1393,17,17
1148,1260,17,17
1221,1260,17,17
1105,1205,17,17
1149,1202,17,17
1149,1196,17,17
1221,1260,17,17
1148,1221,17,17
1221,1260,17,17
1191,1221,17,17
1191,1221,17,17
1148,1221,17,17
1149,1393,17,17
1191,1221,17,17
1149,1202,17,17
1148,1191,17,17
1148,1221,17,17
1149,1393,17,17
1191,1260,17,17
1191,1221,17,17
1149,1202,17,17
1148,1191,17,17
1148,1221,17,17
1149,1393,17,17
1159,1221,17,17
1191,1221,17,17
1149,1202,17,17
1148,1191,17,17
1149,1196,17,17
1148,1221,17,17
1149,1393,17,17
1191,1221,17,17
1149,1202,17,17
1148,1221,17,17
1149,1393,17,17
1149,1202,17,17
1148,1191,17,17
1149,1196,17,17
1148,1221,17,17
1149,1393,17,17
1159,1221,17,17
1105,1205,17,17
1191,1221,17,17
1149,1202,17,17
1149,1196,17,17
1148,1221,17,17
1149,1393,17,17
1191,1221,17,17
1149,1202,17,17
1149,1196,17,17
1148,1221,17,17
1149,1393,17,17
1149,1202,17,17
1149,1393,17,17
1149,1202,17,17
1149,1196,17,17
1149,1393,17,17
1159,1221,17,17
1105,1205,17,17
1149,1202,17,17
1149,1196,17,17
1149,1393,17,17
1202,1393,17,17
1149,1202,17,17
1196,1202,17,17
1149,1196,17,17
1149,1393,17,17
1159,1221,17,17
1149,1202,17,17
1149,1196,17,17
1149,1393,17,17
1159,1221,17,17
1149,1202,17,17
1202,1393,17,17
1196,1202,17,17
1149,1196,17,17
1149,1393,17,17
1221,1260,17,17
1149,1202,17,17
1149,1196,17,17
1149,1393,17,17
1221,1260,17,17
1149,1196,17,17
1221,1260,17,17
1196,1202,17,17
1148,1221,17,17
1221,1260,17,17
1191,1221,17,17
1148,1191,17,17
1148,1221,17,17
1148,1260,17,17
1221,1260,17,17
1191,1221,17,17
1144,1168,17,17
1148,1191,17,17
1148,1221,17,17
1221,1260,17,17
1191,1221,17,17
1144,1168,17,17
1148,1221,17,17
1148,1159,17,17
1221,1260,17,17
1191,1221,17,17
1148,1221,17,17
1196,1202,17,17
1148,1191,17,17
1148,1221,17,17
1144,1221,17,17
1191,1221,17,17
1144,1221,17,17
1179,1365,17,17
1144,1191,17,17
1191,1260,17,17
1144,1221,17,17
1179,1365,17,17
1191,1221,17,17
1159,1191,17,17
1144,1148,17,17
1144,1191,17,17
1148,1221,17,17
1191,1260,17,17
1144,1221,17,17
1191,1221,17,17
1144,1191,17,17
1191,1260,17,17
1144,1221,17,17
1191,1221,17,17
1148,1191,17,17
1144,1191,17,17
1144,1221,17,17
1179,1365,17,17
1144,1191,17,17
1148,1221,17,17
1191,1260,17,17
1144,1221,17,17
1179,1365,17,17
1159,1260,17,17
1191,1260,17,17
1144,1221,17,17
1179,1365,17,17
1191,1221,17,17
1159,1260,17,17
1159,1191,17,17
1144,1191,17,17
1148,1221,17,17
1144,1221,17,17
1191,1221,17,17
1148,1221,17,17
1144,1221,17,17
1191,1221,17,17
1144,1159,17,17
1105,1378,17,17
1144,1191,17,17
1159,1221,17,17
1144,1221,17,17
1221,1260,17,17
1179,1365,17,17
1159,1260,17,17
1105,1378,17,17
1221,1260,17,17
1179,1365,17,17
1191,1221,17,17
1159,1191,17,17
1148,1191,17,17
1105,1378,17,17
1191,1260,17,17
1221,1260,17,17
1179,1365,17,17
1191,1221,17,17
1159,1260,17,17
1221,1260,17,17
1221,1260,17,17
1148,1191,17,17
1148,1191,17,17
1191,1221,17,17
1168,1191,17,17
1179,1365,17,17
1191,1221,17,17
1148,1221,17,17
1179,1365,17,17
1191,1221,17,17
1196,1202,17,17
1148,1191,17,17
1179,1365,17,17
1191,1221,17,17
1196,1202,17,17
1179,1365,17,17
1191,1221,17,17
1196,1202,17,17
1191,1221,17,17
1105,1307,17,17
1191,1221,17,17
1179,1365,17,17
1205,1391,17,17
1179,1365,17,17
1149,1202,17,17
1179,1365,17,17
1149,1202,17,17
1179,1365,17,17
1149,1202,17,17
1105,1307,17,17
1179,1365,17,17
1149,1202,17,17
1105,1307,17,17
1179,1365,17,17
1179,1365,17,17
1149,1202,17,17
1179,1365,17,17
1149,1202,17,17
1105,1149,17,17
1105,1149,17,17
1149,1307,17,17
1179,1365,17,17
1105,1378,17,17
1105,1149,17,17
1149,1307,17,17
1105,1307,17,17
1179,1365,17,17
1105,1202,17,17
1196,1205,17,17
1205,1391,17,17
1196,1205,17,17
1205,1391,17,17
1179,1365,17,17
1196,1205,17,17
1205,1391,17,17
1179,1365,17,17
1196,1352,17,17
1196,1205,17,17
1205,1391,17,17
1179,1365,17,17
1196,1202,17,17
1196,1383,17,17
1179,1365,17,17
1196,1202,17,17
1202,1383,17,17
1196,1383,17,17
1105,1205,17,17
1196,1383,17,17
1179,1365,17,17
1144,1191,17,17
1196,1202,17,17
1105,1196,17,17
1105,1383,17,17
1179,1365,17,17
1196,1202,17,17
1105,1196,17,17
1105,1383,17,17
1105,1196,17,17
1105,1196,17,17
1144,1159,17,17
1105,1202,17,17
1168,1191,17,17
1144,1159,17,17
1144,1191,17,17
1205,1327,17,17
1144,1191,17,17
1144,1191,17,17
1149,1378,17,17
1149,1378,17,17
1149,1378,17,17
1144,1168,17,17
1144,1168,17,17
1149,1307,17,17
1205,1391,17,17
1149,1307,17,17
1196,1383,17,17
1196,1383,17,17
1149,1179,17,17
1202,1383,17,17
1149,1179,17,17
1149,1179,17,17
1179,1378,17,17
1149,1385,17,17
1179,1378,17,17
1179,1378,17,17
1179,1378,17,17
1149,1385,17,17
1179,1378,17,17
1179,1378,17,17
1196,1202,17,17
1205,1363,17,17
1179,1378,17,17
1196,1202,17,17
1159,1202,17,17
1179,1378,17,17
1205,1363,17,17
1149,1196,17,17
1179,1378,17,17
1149,1202,17,17
1196,1202,17,17
1149,1196,17,17
1149,1202,17,17
1149,1179,17,17
1196,1202,17,17
1205,1363,17,17
1149,1196,17,17
1157,1191,17,17
1149,1179,17,17
1149,1196,17,17
1157,1191,17,17
1149,1202,17,17
1196,1202,17,17
1149,1196,17,17
1179,1196,17,17
1149,1202,17,17
1205,1363,17,17
1149,1196,17,17
1149,1196,17,17
1196,1202,17,17
1205,1363,17,17
1144,1191,17,17
1105,1159,17,17
1179,1196,17,17
1179,1202,17,17
1205,1363,17,17
1205,1363,17,17
1205,1363,17,17
1157,1191,17,17
1179,1205,17,17
1196,1202,17,17
1149,1196,17,17
1157,1191,17,17
1149,1202,17,17
1149,1179,17,17
1149,1196,17,17
1157,1191,17,17
1149,1196,17,17
1179,1196,17,17
1157,1191,17,17
1149,1196,17,17
1179,1196,17,17
1157,1191,17,17
1149,1179,17,17
1149,1196,17,17
1157,1191,17,17
1149,1202,17,17
1149,1196,17,17
1179,1196,17,17
1157,1191,17,17
1149,1196,17,17
1179,1196,17,17
1157,1191,17,17
1157,1191,17,17
1157,1191,17,17
1149,1196,17,17
1179,1196,17,17
1157,1191,17,17
1157,1191,17,17
1157,1191,17,17
1157,1191,17,17
1157,1191,17,17
1196,1202,17,17
1179,1202,17,17
1196,1202,17,17
1179,1196,17,17
1196,1202,17,17
1179,1374,17,17
1149,1196,17,17
1179,1205,17,17
1105,1393,17,17
1149,1202,17,17
1179,1374,17,17
1179,1205,17,17
1105,1393,17,17
1149,1179,17,17
1179,1374,17,17
1179,1205,17,17
1196,1202,17,17
1179,1374,17,17
1179,1205,17,17
1196,1320,17,17
1149,1205,17,17
1149,1363,17,17
1149,1374,17,17
1149,1374,17,17
1149,1205,17,17
1149,1363,17,17
1205,1374,17,17
1149,1374,17,17
1196,1320,17,17
1149,1205,17,17
1205,1374,17,17
1149,1374,17,17
1196,1202,17,17
1179,1196,17,17
1149,1374,17,17
1196,1202,17,17
1105,1202,17,17
1179,1196,17,17
1105,1202,17,17
1105,1362,17,17
1105,1202,17,17
1105,1362,17,17
1105,1196,17,17
1196,1202,17,17
1105,1196,17,17
1149,1205,17,17
1149,1363,17,17
1205,1374,17,17
1179,1196,17,17
1205,1374,17,17
1149,1205,17,17
1179,1196,17,17
1179,1202,17,17
1205,1374,17,17
1149,1205,17,17
1205,1374,17,17
1205,1374,17,17
1196,1202,17,17
1205,1374,17,17
1149,1202,17,17
1196,1202,17,17
1205,1374,17,17
1149,1202,17,17
1196,1202,17,17
1205,1374,17,17
1196,1202,17,17
1149,1363,17,17
1196,1202,17,17
1196,1205,17,17
1149,1205,17,17
1205,1374,17,17
1196,1202,17,17
1196,1205,17,17
1149,1205,17,17
1205,1374,17,17
1149,1374,17,17
1149,1196,17,17
1149,1374,17,17
1196,1202,17,17
1149,1205,17,17
1205,1374,17,17
1196,1202,17,17
1149,1205,17,17
1205,1374,17,17
1202,1205,17,17
1149,1196,17,17
1202,1365,17,17
1196,1202,17,17
1196,1365,17,17
1202,1365,17,17
1196,1202,17,17
1196,1202,17,17
1149,1205,17,17
1149,1205,17,17
1105,1205,17,17
1149,1196,18,18
1105,1205,18,18
1149,1196,18,18
1149,1196,18,18
1149,1196,18,18
1149,1393,18,18
1149,1202,18,18
1149,1196,18,18
1149,1393,18,18
1149,1202,18,18
1149,1196,18,18
1149,1202,18,18
1149,1196,18,18
1149,1393,18,18
1149,1202,18,18
1149,1196,18,18
1149,1393,18,18
1149,1202,18,18
1149,1196,18,18
1149,1393,18,18
1105,1205,18,18
1149,1202,18,18
1149,1393,18,18
1149,1196,18,18
1205,1352,18,18
1149,1196,18,18
1149,1196,18,18
1196,1205,18,18
1149,1205,18,18
1149,1205,18,18
1149,1196,18,18
1196,1205,18,18
1149,1205,18,18
1149,1196,18,18
1196,1205,18,18
1149,1205,18,18
1149,1205,18,18
1149,1205,18,18
1202,1393,18,18
1149,1179,18,18
1196,1202,18,18
1196,1202,18,18
1196,1205,18,18
1149,1179,18,18
1105,1196,18,18
1149,1202,18,18
1149,1202,18,18
1179,1202,18,18
1149,1202,18,18
1149,1202,18,18
1149,1179,18,18
1149,1179,18,18
1149,1202,18,18
1149,1179,18,18
1149,1196,18,18
1179,1202,18,18
1149,1202,18,18
1149,1179,18,18
1196,1202,18,18
1149,1196,18,18
1149,1196,18,18
1149,1196,18,18
1149,1202,18,18
1196,1202,18,18
1149,1196,18,18
1179,1196,18,18
1179,1202,18,18
1149,1202,18,18
1149,1179,18,18
1149,1202,18,18
1196,1202,18,18
1105,1149,18,18
1149,1202,18,18
1149,1179,18,18
1105,1149,18,18
1179,1196,18,18
1149,1179,18,18
1196,1205,18,18
1105,1149,18,18
1179,1196,18,18
1105,1196,18,18
1105,1196,18,18
1149,1196,18,18
1149,1179,18,18
1149,1196,18,18
1105,1149,18,18
1105,1205,18,18
1149,1196,18,18
1179,1196,18,18
1149,1179,18,18
1105,1196,18,18
1105,1149,18,18
1105,1179,18,18
1149,1179,18,18
1105,1196,18,18
1105,1149,18,18
1179,1196,18,18
1105,1179,18,18
1105,1196,18,18
1149,1196,18,18
1105,1149,18,18
1179,1196,18,18
1105,1179,18,18
1105,1196,18,18
1149,1196,18,18
1105,1149,18,18
1179,1196,18,18
1105,1196,18,18
1179,1196,18,18
1105,1196,18,18
1179,1196,18,18
1149,1179,18,18
1105,1196,18,18
1179,1196,18,18
1149,1179,18,18
1105,1149,18,18
1149,1205,18,18
1179,1196,18,18
1105,1205,18,18
1149,1179,18,18
1105,1205,18,18
1149,1179,18,18
1105,1196,18,18
1149,1196,18,18
1105,1149,18,18
1179,1196,18,18
1105,1205,18,18
1149,1179,18,18
1105,1196,18,18
1105,1149,18,18
1179,1196,18,18
1105,1205,18,18
1149,1179,18,18
1105,1196,18,18
1149,1196,18,18
1179,1196,18,18
1105,1205,18,18
1149,1179,18,18
1105,1196,18,18
1149,1196,18,18
1105,1149,18,18
1179,1196,18,18
1105,1179,18,18
1105,1205,18,18
1105,1202,18,18
1105,1196,18,18
1196,1205,18,18
1179,1196,18,18
1105,1205,18,18
1105,1196,18,18
1105,1205,18,18
1149,1179,18,18
1105,1202,18,18
1105,1196,18,18
1105,1205,18,18
1196,1205,18,18
1149,1196,18,18
1179,1320,18,18
1149,1196,18,18
1105,1196,18,18
1196,1205,18,18
1149,1196,18,18
1105,1205,18,18
1105,1196,18,18
1105,1149,18,18
1105,1205,18,18
1105,1196,18,18
1149,1196,18,18
1105,1149,18,18
1105,1205,18,18
1105,1149,18,18
1105,1196,18,18
1149,1196,18,18
1105,1149,18,18
1105,1149,18,18
1105,1202,18,18
1105,1196,18,18
1179,1320,18,18
1105,1202,18,18
1105,1196,18,18
1105,1205,18,18
1105,1196,18,18
1149,1196,18,18
1105,1205,18,18
1105,1196,18,18
1149,1196,18,18
1149,1196,18,18
1196,1205,18,18
1149,1196,18,18
1196,1205,18,18
1149,1196,18,18
1196,1205,18,18
1149,1196,18,18
1196,1205,18,18
1149,1196,18,18
1196,1205,18,18
1149,1196,18,18
1196,1205,18,18
1202,1205,18,18
1149,1196,18,18
1196,1205,18,18
1179,1363,18,18
1202,1205,18,18
1149,1202,18,18
1149,1196,18,18
1196,1205,18,18
1105,1202,18,18
1196,1205,18,18
1149,1196,18,18
1196,1205,18,18
1149,1196,18,18
1149,1205,18,18
1149,1202,18,18
1196,1202,18,18
1149,1196,18,18
1149,1202,18,18
1149,1196,18,18
1149,1196,18,18
1149,1196,18,18
1149,1196,18,18
1149,1196,18,18
1149,1196,18,18
1149,1196,18,18
1149,1196,18,18
1196,1202,18,18
1149,1196,18,18
1149,1202,18,18
1149,1196,18,18
1149,1202,18,18
1149,1196,18,18
1179,1395,18,18
1179,1395,18,18
1196,1202,18,18
1196,1202,18,18
1196,1202,18,18
1149,1196,18,18
1179,1378,18,18
1179,1196,18,18
1149,1202,18,18
1149,1202,18,18
1149,1196,18,18
1149,1202,18,18
1196,1202,18,18
1149,1196,18,18
1149,1202,18,18
1196,1202,18,18
1149,1202,18,18
1149,1196,18,18
1149,1202,18,18
1149,1374,18,18
1149,1196,18,18
1196,1374,18,18
1149,1202,18,18
1149,1374,18,18
1196,1202,18,18
1149,1196,18,18
1149,1202,18,18
1149,1196,18,18
1202,1374,18,18
1149,1202,18,18
1196,1202,18,18
1149,1196,18,18
1149,1202,18,18
1196,1202,18,18
1149,1196,18,18
1149,1202,18,18
1149,1374,18,18
1196,1202,18,18
1149,1196,18,18
1149,1202,18,18
1196,1202,18,18
1149,1196,18,18
1196,1205,18,18
1202,1205,18,18
1149,1202,18,18
1149,1374,18,18
1196,1205,18,18
1149,1205,18,18
1105,1393,18,18
1202,1205,18,18
1149,1196,18,18
1105,1393,18,18
1149,1202,18,18
1149,1196,18,18
1105,1393,18,18
1149,1202,18,18
1149,1374,18,18
1105,1196,18,18
1149,1196,18,18
1105,1149,18,18
1149,1205,18,18
1149,1196,18,18
1105,1205,18,18
1149,1196,18,18
1105,1205,18,18
1149,1196,18,18
1149,1365,18,18
1149,1196,18,18
1149,1365,18,18
1205,1393,18,18
1105,1205,18,18
1105,1393,18,18
1149,1202,18,18
1149,1196,18,18
1205,1393,18,18
1105,1205,18,18
1105,1393,18,18
1149,1196,18,18
1196,1363,18,18
1105,1205,18,18
1196,1363,18,18
1105,1149,18,18
1149,1205,18,18
1105,1149,18,18
1105,1149,18,18
1149,1202,18,18
1105,1202,18,18
1105,1149,18,18
1149,1202,18,18
1105,1202,18,18
1105,1149,18,18
1149,1202,18,18
1105,1202,18,18
1105,1149,18,18
1149,1202,18,18
1105,1202,18,18
1105,1149,18,18
1149,1202,18,18
1149,1196,18,18
1205,1363,18,18
1196,1363,18,18
1196,1205,18,18
1196,1363,18,18
1196,1205,18,18
1105,1393,18,18
1196,1205,18,18
1105,1393,18,18
1149,1202,18,18
1196,1363,18,18
1196,1205,18,18
1105,1393,18,18
1149,1202,18,18
1196,1363,18,18
1149,1352,18,18
1105,1393,18,18
1149,1202,18,18
1149,1352,18,18
1105,1393,18,18
1149,1202,18,18
1149,1352,18,18
1105,1393,18,18
1149,1202,18,18
1105,1393,18,18
1149,1202,18,18
1202,1352,18,18
1149,1352,18,18
1105,1393,18,18
1149,1202,18,18
1202,1352,18,18
1149,1352,18,18
1105,1393,18,18
1149,1202,18,18
1202,1352,18,18
1149,1352,18,18
1105,1393,18,18
1149,1202,18,18
1149,1196,18,18
1149,1352,18,18
1105,1393,18,18
1149,1202,18,18
1196,1202,18,18
1149,1196,18,18
1105,1393,18,18
1149,1205,18,18
1149,1352,18,18
1149,1202,18,18
1149,1196,18,18
1196,1205,18,18
1149,1205,18,18
1149,1202,18,18
1149,1196,18,18
1196,1205,18,18
1149,1205,18,18
1149,1202,18,18
1149,1196,18,18
1149,1202,18,18
1149,1202,18,18
1202,1352,18,18
1149,1205,18,18
1105,1393,18,18
1149,1196,18,18
1105,1393,18,18
1149,1196,18,18
1149,1352,18,18
1105,1393,18,18
1149,1202,18,18
1149,1196,18,18
1149,1205,18,18
1105,1393,18,18
1149,1202,18,18
1149,1196,18,18
1149,1205,18,18
1149,1205,18,18
1149,1202,18,18
1196,1202,18,18
1149,1196,18,18
1149,1202,18,18
1149,1205,18,18
1196,1202,18,18
1196,1393,18,18
1202,1393,18,18
1202,1393,18,18
1149,1196,18,18
1149,1202,18,18
1196,1202,18,18
1149,1202,18,18
1149,1196,18,18
1149,1202,18,18
1149,1196,18,18
1149,1202,18,18
1149,1196,18,18
1149,1202,18,18
1149,1196,18,18
1205,1385,18,18
1149,1202,18,18
1149,1196,18,18
1205,1385,18,18
1105,1393,18,18
1149,1202,18,18
1196,1202,18,18
1149,1196,18,18
1149,1202,18,18
1149,1196,18,18
1149,1202,18,18
1149,1196,18,18
1105,1149,18,18
1149,1196,18,18
1105,1149,18,18
1149,1196,18,18
1105,1196,18,18
1149,1202,18,18
1105,1196,18,18
1105,1196,18,18
1149,1202,18,18
1105,1196,18,18
1105,1196,18,18
1149,1202,18,18
1149,1196,18,18
1149,1202,18,18
1149,1196,18,18
1149,1202,18,18
1149,1196,18,18
1149,1202,18,18
1205,1385,18,18
1149,1202,18,18
1196,1202,18,18
1149,1196,18,18
1149,1202,18,18
1196,1202,18,18
1149,1391,18,18
1149,1196,18,18
1149,1202,18,18
1196,1202,18,18
1149,1196,18,18
1149,1202,18,18
1149,1196,18,18
1149,1383,18,18
1196,1327,18,18
1149,1202,18,18
1196,1327,18,18
1149,1202,18,18
1196,1327,18,18
1149,1202,18,18
1196,1327,18,18
1149,1202,18,18
1196,1327,18,18
1149,1202,18,18
1196,1327,18,18
1149,1202,18,18
1149,1202,18,18
1149,1202,18,18
1149,1202,18,18
1149,1196,18,18
1149,1202,18,18
1149,1196,18,18
1149,1202,18,18
1196,1202,18,18
1149,1196,18,18
1149,1202,18,18
1149,1196,18,18
1196,1202,18,18
1202,1362,18,18
1196,1202,18,18
1149,1196,18,18
1205,1383,18,18
1149,1202,18,18
1149,1196,18,18
1149,1202,18,18
1196,1202,18,18
1149,1196,18,18
1149,1202,18,18
1149,1196,18,18
1149,1202,18,18
1149,1196,18,18
1149,1196,18,18
1149,1196,18,18
1196,1202,18,18
1196,1378,18,18
1205,1352,18,18
1149,1196,18,18
1205,1352,18,18
1149,1378,18,18
1196,1378,18,18
1105,1320,18,18
1196,1378,18,18
1149,1196,18,18
1149,1196,18,18
1149,1196,18,18
1149,1378,18,18
1149,1196,18,18
1149,1202,18,18
1149,1196,18,18
1149,1196,18,18
1149,1196,18,18
1149,1196,18,18
1149,1196,18,18
1149,1378,18,18
1149,1196,18,18
1149,1196,18,18
1149,1378,18,18
1149,1196,18,18
1149,1378,18,18
1149,1196,18,18
1149,1378,18,18
1105,1196,18,18
1149,1196,18,18
1149,1196,18,18
1205,1307,18,18
1149,1378,18,18
1149,1196,18,18
1105,1205,18,18
1149,1378,19,19
1149,1378,19,19
1149,1196,19,19
1149,1378,19,19
1149,1196,19,19
1149,1378,19,19
1149,1196,19,19
1149,1378,19,19
1149,1196,19,19
1196,1378,19,19
1105,1205,19,19
1149,1378,19,19
1149,1196,19,19
1105,1205,19,19
1149,1378,19,19
1149,1196,19,19
1149,1378,19,19
1149,1196,19,19
1196,1378,19,19
1105,1205,19,19
1149,1378,19,19
1105,1205,19,19
1149,1378,19,19
1149,1196,19,19
1196,1378,19,19
1105,1205,19,19
1149,1202,19,19
1149,1196,19,19
1105,1205,19,19
1105,1196,19,19
1105,1378,19,19
1196,1378,19,19
1149,1378,19,19
1149,1196,19,19
1149,1385,19,19
1149,1202,19,19
1149,1385,19,19
1149,1196,19,19
1149,1395,19,19
1196,1385,19,19
1149,1395,19,19
1196,1385,19,19
1149,1196,19,19
1149,1202,19,19
1149,1196,19,19
1196,1395,19,19
1149,1196,19,19
1149,1395,19,19
1196,1395,19,19
1196,1202,19,19
1149,1395,19,19
1149,1202,19,19
1105,1149,19,19
1196,1395,19,19
1196,1385,19,19
1105,1205,19,19
1105,1202,19,19
1105,1149,19,19
1105,1149,19,19
1205,1395,19,19
1205,1395,19,19
1205,1395,19,19
1365,1393,24,20
1365,1393,24,20
1365,1393,24,20
1365,1393,24,20
1365,1393,24,20
1365,1393,24,20
1365,1393,24,20
1365,1393,24,20
1365,1393,24,20
1365,1393,24,20
1365,1393,24,20
1365,1393,24,20
1365,1393,24,20
1365,1393,24,20
1365,1393,24,20
1365,1393,24,20
1365,1393,24,20
1365,1393,24,20
1365,1393,24,20
1365,1393,24,20
1365,1393,24,20
1365,1393,24,20
1365,1393,24,20
1365,1393,24,20
1365,1393,24,20
1207,1210,24,20
1207,1210,24,20
1207,1210,24,20
1207,1210,24,20
1207,1210,24,20
1207,1245,24,20
1207,1210,24,20
1207,1210,24,20
1207,1245,24,20
1207,1210,24,20
1207,1245,24,20
1207,1210,24,20
1207,1245,24,20
1207,1210,24,20
1207,1210,24,20
1207,1210,24,20
1207,1210,24,20
1207,1210,24,20
1207,1210,24,20
1207,1210,25,21
1207,1210,25,21
1207,1210,25,21
1207,1210,25,21
1207,1210,25,21
1207,1210,25,21
1207,1210,25,21
1207,1210,25,21
1207,1210,25,21
1207,1210,25,21
1207,1210,25,21
1115,1295,25,21
1207,1210,25,21
1115,1295,25,21
1207,1210,25,21
1115,1295,25,21
1207,1210,25,21
1115,1295,25,21
1207,1210,25,21
1115,1295,25,21
1207,1210,25,21
1115,1295,25,21
1210,1295,25,21
1207,1210,25,21
1207,1295,25,21
1207,1210,25,21
1181,1207,25,21
1115,1295,25,21
1181,1295,25,21
1207,1295,25,21
1181,1207,25,21
1207,1210,25,21
1115,1295,25,21
1181,1295,25,21
1115,1207,25,21
1181,1207,25,21
1115,1207,25,21
1181,1207,25,21
1207,1210,25,21
1115,1207,25,21
1207,1210,25,21
1115,1207,25,21
1115,1295,25,21
1115,1207,25,21
1115,1295,25,21
1181,1295,25,21
1115,1207,25,21
1181,1207,25,21
1115,1207,25,21
1365,1393,25,21
1115,1207,25,21
1115,1207,25,21
1115,1207,25,21
1115,1207,25,21
1115,1207,25,21
1115,1207,25,21
1115,1207,25,21
1115,1207,25,21
1115,1207,25,21
1115,1207,25,21
1115,1207,25,21
1115,1207,25,21
1207,1245,25,21
1115,1207,25,21
1207,1295,25,21
1115,1207,25,21
1181,1245,25,21
1207,1210,25,21
1115,1210,25,21
1207,1210,25,21
1115,1207,25,21
1115,1210,25,21
1207,1210,25,21
1115,1207,25,21
1115,1207,25,21
1207,1374,25,21
1207,1374,25,21
1245,1295,25,21
1245,1295,25,21
1245,1295,25,21
1181,1245,25,21
1181,1295,25,21
1115,1207,25,21
1115,1210,25,21
1245,1295,25,21
1181,1245,25,21
1115,1207,25,21
1365,1393,25,21
1245,1295,25,21
1207,1210,25,21
1115,1207,25,21
1245,1295,25,21
1115,1207,25,21
1245,1295,25,21
1207,1210,25,21
1115,1393,25,21
1365,1393,25,21
1207,1210,25,21
1115,1393,25,21
1207,1210,25,21
1245,1295,25,21
1181,1245,25,21
1207,1210,25,21
1181,1295,25,21
1115,1393,25,21
1181,1245,25,21
1115,1393,25,21
1115,1210,25,21
1365,1393,25,21
1245,1295,25,21
1181,1295,25,21
1181,1295,25,21
1245,1295,25,21
1115,1210,25,21
1181,1245,25,21
1207,1295,25,21
1115,1210,25,21
1115,1210,25,21
1207,1210,25,21
1207,1210,25,21
1115,1207,25,21
1115,1207,25,21
1181,1245,25,21
1207,1210,25,21
1207,1210,25,21
1207,1210,25,21
1115,1207,25,21
1115,1210,25,21
1207,1210,25,21
1207,1210,25,21
1207,1210,25,21
1207,1393,25,21
1207,1210,25,21
1207,1393,25,21
1207,1210,25,21
1210,1393,25,21
1207,1393,25,21
1207,1210,25,21
1295,1658,25,21
1210,1393,25,21
1207,1393,25,21
1207,1210,25,21
1295,1658,25,21
1295,1658,25,21
1207,1393,25,21
1207,1210,25,21
1207,1393,25,21
1207,1210,25,21
1207,1393,25,21
1207,1210,25,21
1207,1393,25,21
1207,1210,25,21
1207,1365,25,21
1207,1393,25,21
1207,1658,25,21
1207,1210,25,21
1207,1393,25,21
1181,1245,25,21
1207,1210,25,21
1207,1393,25,21
1207,1393,25,21
1207,1210,25,21
1207,1393,25,21
1207,1210,25,21
1207,1393,25,21
1207,1210,25,21
1207,1393,25,21
1207,1365,25,21
1207,1210,25,21
1207,1393,25,21
1207,1210,25,21
1207,1393,25,21
1207,1365,25,21
1207,1210,25,21
1207,1393,25,21
1207,1365,25,21
1207,1210,25,21
1207,1393,25,21
1207,1210,25,21
1207,1393,25,21
1207,1210,25,21
1295,1658,25,21
1207,1393,25,21
1207,1210,25,21
1210,1393,25,21
1207,1393,25,21
1207,1210,25,21
1181,1295,25,21
1210,1393,25,21
1207,1393,25,21
1207,1365,25,21
1207,1210,25,21
1207,1393,25,21
1207,1365,25,21
1207,1210,25,21
1207,1393,25,21
1245,1295,25,21
1207,1210,25,21
1207,1393,25,21
1207,1210,25,21
1207,1393,25,21
1181,1352,25,21
1207,1210,25,21
1207,1393,25,21
1181,1352,25,21
1207,1393,25,21
1181,1352,25,21
1181,1352,25,21
1207,1210,25,21
1210,1393,25,21
1295,1307,25,21
1207,1352,25,21
1210,1393,25,21
1245,1385,25,21
1181,1207,25,21
1207,1210,25,21
1207,1210,25,21
1181,1352,25,21
1207,1210,25,21
1207,1210,25,21
1295,1307,25,21
1207,1374,25,21
1181,1352,25,21
1207,1210,25,21
1207,1374,25,21
1181,1352,25,21
1207,1210,25,21
1181,1352,25,21
1207,1210,25,21
1207,1210,25,21
1295,1658,25,21
1207,1374,25,21
1207,1210,25,21
1245,1385,25,21
1181,1352,25,21
1181,1352,25,21
1207,1210,25,21
1207,1374,25,21
1181,1352,25,21
1207,1210,25,21
1207,1374,25,21
1181,1352,25,21
1207,1210,25,21
1245,1385,25,21
1207,1374,25,21
1207,1210,25,21
1207,1374,25,21
1207,1210,25,21
1207,1374,25,21
1207,1210,25,21
1295,1362,25,21
1207,1374,25,21
1207,1210,25,21
1295,1362,25,21
1245,1385,25,21
1207,1210,25,21
1365,1393,25,21
1295,1362,25,21
1210,1374,25,21
1207,1210,25,21
1365,1393,25,21
1295,1362,25,21
1207,1374,25,21
1207,1210,25,21
1295,1362,25,21
1245,1385,25,21
1210,1374,25,21
1207,1210,25,21
1295,1362,25,21
1207,1374,25,21
1207,1210,25,21
1245,1385,25,21
1207,1374,25,21
1207,1210,25,21
1295,1362,25,21
1210,1374,25,21
1207,1210,25,21
1295,1362,25,21
1207,1374,25,21
1207,1210,25,21
1295,1362,25,21
1210,1374,25,21
1207,1374,25,21
1207,1210,25,21
1181,1391,25,21
1295,1362,25,21
1210,1374,25,21
1207,1374,25,21
1207,1210,25,21
1295,1362,25,21
1295,1362,25,21
1295,1362,25,21
1207,1374,25,21
1207,1210,25,21
1207,1363,25,21
1295,1362,25,21
1207,1374,25,21
1207,1210,25,21
1295,1362,25,21
1115,1210,25,21
1115,1207,25,21
1207,1210,25,21
1295,1383,25,21
1210,1658,25,21
1210,1658,25,21
1245,1395,25,21
1210,1658,25,21
1115,1393,25,21
1207,1210,25,21
1115,1210,25,21
1207,1658,25,21
1207,1245,25,21
1115,1210,25,21
1245,1658,25,21
1115,1210,25,21
1245,1658,25,21
1115,1658,25,21
1365,1393,25,21
1115,1658,25,21
1115,1210,25,21
1210,1658,25,21
1115,1658,25,21
1115,1210,25,21
1115,1658,25,21
1115,1210,25,21
1115,1658,25,21
1115,1210,25,21
1210,1658,25,21
1181,1391,25,21
1115,1210,25,21
1181,1245,25,21
1115,1658,25,21
1365,1393,25,21
1115,1210,25,21
1210,1658,25,21
1181,1245,25,21
1115,1658,25,21
1181,1245,25,21
1115,1207,25,21
1115,1658,25,21
1365,1393,25,21
1210,1658,25,21
1181,1245,25,21
1207,1658,25,21
1207,1210,25,21
1115,1207,25,21
1115,1658,25,21
1365,1393,25,21
1115,1210,25,21
1207,1658,25,21
1115,1658,25,21
1115,1658,25,21
1365,1393,25,21
1207,1210,25,21
1115,1207,25,21
1115,1658,25,21
1115,1210,25,21
1207,1395,25,21
1115,1658,25,21
1115,1210,25,21
1115,1395,25,21
1115,1207,25,21
1245,1374,25,21
1115,1395,25,21
1207,1210,25,21
1181,1327,25,21
1245,1374,25,21
1207,1378,25,21
1115,1395,25,21
1207,1210,25,21
1245,1374,25,21
1115,1395,25,21
1207,1210,25,21
1115,1395,25,21
1207,1210,25,21
1115,1395,25,21
1207,1210,25,21
1210,1378,25,21
1207,1378,25,21
1115,1395,25,21
1207,1210,25,21
1210,1378,25,21
1207,1378,25,21
1115,1395,25,21
1207,1210,25,21
1115,1395,25,21
1207,1210,25,21
1207,1378,25,21
1207,1307,25,21
1207,1210,25,21
1115,1207,25,21
1207,1378,25,21
1115,1207,25,21
1210,1307,25,21
1115,1210,25,21
1115,1207,25,21
1365,1393,25,21
1115,1210,25,21
1207,1210,25,21
1115,1207,25,21
1115,1210,25,21
1207,1210,25,21
1115,1207,25,21
1245,1658,25,21
1210,1658,25,21
1115,1395,25,21
1207,1658,25,21
1207,1210,25,21
1365,1393,25,21
1181,1207,25,21
1245,1658,25,21
1210,1245,25,21
1115,1385,25,21
1115,1385,25,21
1207,1374,25,21
1115,1385,25,21
1207,1245,25,21
1295,1320,25,21
1365,1393,25,21
1115,1385,25,21
1207,1245,25,21
1295,1320,25,21
1115,1385,25,21
1207,1245,25,21
1295,1320,25,21
1207,1374,25,21
1115,1385,25,21
1207,1245,25,21
1295,1320,25,21
1365,1393,25,21
1210,1295,25,21
1115,1385,25,21
1245,1374,25,21
1115,1385,25,21
1115,1385,25,21
1207,1245,25,21
1207,1210,25,21
1295,1702,25,21
1115,1385,25,21
1207,1210,25,21
1295,1702,25,21
1115,1385,25,21
1207,1210,25,21
1295,1702,25,21
1245,1295,25,21
1207,1210,25,21
1245,1295,25,21
1181,1327,25,21
1115,1385,25,21
1245,1295,25,21
1115,1395,25,21
1207,1210,25,21
1181,1327,25,21
1245,1295,25,21
1207,1210,25,21
1115,1658,25,21
1115,1210,25,21
1207,1210,25,21
1115,1207,25,21
1115,1245,25,21
1115,1210,25,21
1207,1210,25,21
1115,1207,25,21
1365,1393,25,21
1115,1245,25,21
1207,1210,25,21
1115,1320,25,21
1207,1210,25,21
1245,1374,25,21
1207,1363,25,21
1245,1374,25,21
1115,1374,25,21
1207,1374,25,21
1207,1245,25,21
1115,1363,25,21
1115,1207,25,21
1207,1363,25,21
1115,1210,25,21
1115,1363,25,21
1115,1207,25,21
1181,1327,25,21
1115,1210,25,21
1207,1363,25,21
1181,1327,25,21
1115,1210,25,21
1207,1374,25,21
1207,1363,25,21
1365,1393,25,21
1245,1374,25,21
1115,1210,25,21
1207,1210,25,21
1115,1295,25,21
1207,1295,25,21
1115,1207,25,21
1181,1327,25,21
1245,1374,25,21
1207,1210,25,21
1115,1210,25,21
1365,1393,25,21
1181,1327,25,21
1207,1365,25,21
1115,1295,25,21
1207,1365,25,21
1115,1207,25,21
1115,1365,25,21
1207,1365,25,21
1115,1207,25,21
1207,1365,25,21
1115,1210,25,21
1365,1393,25,21
1207,1365,25,21
1365,1393,25,21
1365,1393,25,21
1207,1365,25,21
1115,1210,25,21
1181,1245,25,21
1365,1393,25,21
1207,1365,25,21
1115,1210,25,21
1207,1365,25,21
1207,1365,25,21
1207,1210,25,21
1115,1393,25,21
1207,1365,25,21
1207,1210,25,21
1115,1393,25,21
1181,1245,25,21
1115,1393,25,21
1181,1245,25,21
1115,1393,25,21
1207,1245,25,21
1115,1393,25,21
1181,1207,25,21
1245,1383,25,21
1207,1245,25,21
1115,1393,25,21
1181,1207,25,21
1245,1383,25,21
1207,1245,25,21
1181,1245,25,21
1181,1207,25,21
1181,1383,25,21
1245,1383,25,21
1115,1210,25,21
1210,1658,25,21
1115,1702,25,21
1181,1207,25,21
1181,1383,25,21
1210,1702,25,21
1115,1210,25,21
1207,1245,25,21
1181,1245,25,21
1115,1702,25,21
1181,1207,25,21
1115,1210,25,21
1207,1245,25,21
1181,1245,25,21
1115,1702,25,21
1115,1658,25,21
1181,1207,25,21
1181,1245,25,21
1115,1295,25,21
1115,1658,25,21
1295,1658,25,21
1181,1245,25,21
1115,1295,25,21
1115,1658,25,21
1181,1207,25,21
1181,1383,25,21
1210,1702,25,21
1207,1245,25,21
1181,1207,25,21
1210,1702,25,21
1207,1383,25,21
1207,1245,25,21
1181,1245,25,21
1181,1207,25,21
1181,1383,25,21
1210,1702,25,21
1115,1391,25,21
1207,1245,25,21
1245,1295,25,21
1181,1245,25,21
1207,1295,25,21
1295,1658,25,21
1181,1207,25,21
1181,1383,25,21
1210,1702,25,21
1115,1352,25,21
1245,1383,25,21
1115,1391,25,21
1207,1245,25,21
1245,1295,25,21
1181,1245,25,21
1181,1295,25,21
1207,1295,25,21
1295,1658,25,21
1210,1702,25,21
1245,1658,25,21
1245,1383,25,21
1115,1391,25,21
1295,1658,25,21
1210,1702,25,21
1115,1391,25,21
1295,1658,25,21
1210,1702,25,21
1115,1391,25,21
1115,1295,25,21
1115,1658,25,21
1295,1658,25,21
1210,1702,25,21
1115,1391,25,21
1207,1383,25,21
1115,1295,25,21
1207,1295,25,21
1115,1207,25,21
1327,1658,25,21
1115,1210,25,21
1210,1295,25,21
1207,1383,25,21
1115,1295,25,21
1115,1658,25,21
1295,1658,25,21
1181,1658,25,21
1115,1210,25,21
1210,1295,25,21
1210,1658,25,21
1207,1383,25,21
1115,1295,25,21
1115,1658,25,21
1295,1658,25,21
1327,1658,25,21
1115,1210,25,21
1210,1295,25,21
1210,1658,25,21
1207,1383,25,21
1115,1295,25,21
1115,1658,25,21
1115,1210,25,21
1210,1295,25,21
1210,1245,25,21
1210,1658,25,21
1207,1383,25,21
1207,1658,25,21
1295,1658,25,21
1245,1658,25,21
1115,1210,25,21
1210,1295,25,21
1210,1658,25,21
1207,1383,25,21
1210,1245,25,21
1207,1658,25,21
1207,1210,25,21
1115,1207,25,21
1115,1658,25,21
1115,1245,25,21
1207,1658,25,21
1207,1210,25,21
1115,1207,25,21
1115,1658,25,21
1207,1658,25,21
1115,1207,25,21
1115,1658,25,21
1115,1245,25,21
1115,1210,25,21
1210,1658,25,21
1207,1658,25,21
1207,1210,25,21
1115,1207,25,21
1115,1658,25,21
1115,1210,25,21
1210,1658,25,21
1207,1210,25,21
1115,1207,25,21
1115,1658,25,21
1115,1210,25,21
1210,1658,25,21
1207,1658,25,21
1207,1210,25,21
1115,1207,25,21
1181,1327,25,21
1115,1210,25,21
1210,1658,25,21
1207,1658,25,21
1207,1210,25,21
1115,1207,25,21
1115,1658,25,21
1115,1210,25,21
1210,1658,25,21
1207,1658,25,21
1207,1210,25,21
1115,1207,25,21
1115,1658,25,21
1115,1210,25,21
1207,1210,25,21
1115,1207,25,21
1207,1658,25,21
1115,1207,25,21
1115,1658,25,21
1115,1658,25,21
1207,1658,25,21
1115,1207,25,21
1115,1658,25,21
1210,1702,25,21
1115,1210,25,21
1207,1210,25,21
1207,1295,25,21
1115,1207,25,21
1115,1210,25,21
1115,1207,25,21
1210,1658,25,21
1207,1658,25,21
1115,1207,25,21
1115,1658,25,21
1115,1207,25,21
1115,1658,25,21
1207,1658,25,21
1207,1658,25,21
1207,1658,25,21
1207,1210,25,21
1210,1658,25,21
1207,1658,25,21
1207,1210,25,21
1115,1207,25,21
1115,1210,25,21
1207,1658,25,21
1207,1210,25,21
1115,1207,25,21
1207,1658,25,21
1245,1363,25,21
1115,1207,25,21
1115,1658,25,21
1115,1207,25,21
1207,1658,25,21
1115,1207,25,21
1115,1210,25,21
1115,1207,25,21
1207,1210,25,21
1115,1207,25,21
1115,1658,25,21
1115,1210,25,21
1207,1210,25,21
1115,1207,25,21
1395,1658,25,21
1207,1210,25,21
1385,1658,25,21
1207,1210,25,21
1115,1207,25,21
1207,1210,25,21
1115,1207,25,21
1207,1210,25,21
1115,1207,25,21
1207,1210,25,21
1115,1207,25,21
1207,1210,25,21
1115,1207,25,21
1295,1658,25,21
1207,1210,25,21
1115,1207,25,21
1295,1658,25,21
1207,1210,25,21
1295,1320,25,21
1115,1207,25,21
1363,1658,25,21
1245,1658,25,21
1207,1210,25,21
1295,1320,25,21
1115,1207,25,21
1207,1210,25,21
1295,1320,25,21
1115,1207,25,21
1207,1210,26,22
1295,1320,26,22
1115,1207,26,22
1207,1210,26,22
1295,1320,26,22
1115,1207,26,22
1207,1210,26,22
1295,1320,26,22
1115,1207,26,22
1207,1210,26,22
1295,1320,26,22
1207,1658,26,22
1207,1210,26,22
1115,1207,26,22
1207,1658,26,22
1207,1210,26,22
1245,1363,26,22
1115,1207,26,22
1115,1658,26,22
1207,1658,26,22
1207,1210,26,22
1115,1207,26,22
1115,1658,26,22
1207,1658,26,22
1207,1210,26,22
1295,1320,26,22
1115,1658,26,22
1207,1658,26,22
1207,1210,26,22
1295,1320,26,22
1115,1207,26,22
1115,1658,26,22
1207,1658,26,22
1207,1210,26,22
1207,1658,26,22
1207,1210,26,22
1115,1207,26,22
1115,1658,26,22
1207,1658,26,22
1207,1210,26,22
1115,1207,26,22
1115,1658,26,22
1207,1658,26,22
1207,1210,26,22
1115,1207,26,22
1115,1658,26,22
1207,1658,26,22
1207,1210,26,22
1115,1207,26,22
1207,1658,26,22
1207,1210,26,22
1115,1207,26,22
1098,1181,26,22
1207,1658,26,22
1207,1210,26,22
1115,1207,26,22
1098,1181,26,22
1207,1658,26,22
1207,1210,26,22
1115,1207,26,22
1115,1658,26,22
1098,1181,26,22
1210,1658,26,22
1207,1658,26,22
1207,1210,26,22
1098,1658,26,22
1115,1207,26,22
1115,1658,26,22
1098,1115,26,22
1207,1658,26,22
1207,1210,26,22
1098,1207,26,22
1115,1207,26,22
1115,1658,26,22
1210,1658,26,22
1245,1295,26,22
1207,1658,26,22
1207,1210,26,22
1098,1207,26,22
1115,1207,26,22
1115,1658,26,22
1207,1658,26,22
1207,1210,26,22
1098,1207,26,22
1115,1207,26,22
1295,1365,26,22
1207,1210,26,22
1098,1207,26,22
1115,1207,26,22
1115,1658,26,22
1207,1658,26,22
1207,1210,26,22
1098,1207,26,22
1115,1207,26,22
1295,1365,26,22
1207,1210,26,22
1098,1207,26,22
1115,1207,26,22
1207,1210,26,22
1098,1207,26,22
1115,1658,26,22
1207,1210,26,22
1098,1207,26,22
1115,1207,26,22
1115,1658,26,22
1295,1365,26,22
1098,1115,26,22
1207,1210,26,22
1098,1207,26,22
1115,1207,26,22
1098,1115,26,22
1207,1210,26,22
1098,1207,26,22
1115,1207,26,22
1295,1365,26,22
1207,1210,26,22
1098,1210,26,22
1245,1352,26,22
1098,1207,26,22
1115,1207,26,22
1295,1365,26,22
1207,1210,26,22
1245,1352,26,22
1098,1207,26,22
1115,1207,26,22
1295,1365,26,22
1245,1391,26,22
1210,1658,26,22
1207,1210,26,22
1098,1210,26,22
1245,1352,26,22
1098,1207,26,22
1115,1207,26,22
1245,1391,26,22
1210,1658,26,22
1207,1658,26,22
1207,1210,26,22
1098,1210,26,22
1115,1207,26,22
1295,1365,26,22
1210,1658,26,22
1207,1658,26,22
1207,1210,26,22
1098,1207,26,22
1115,1207,26,22
1295,1365,26,22
1245,1391,26,22
1210,1658,26,22
1207,1658,26,22
1207,1210,26,22
1098,1207,26,22
1115,1207,26,22
1115,1658,26,22
1295,1365,26,22
1245,1391,26,22
1210,1658,26,22
1207,1658,26,22
1207,1210,26,22
1098,1207,26,22
1115,1207,26,22
1245,1391,26,22
1207,1658,26,22
1207,1210,26,22
1115,1207,26,22
1098,1115,26,22
1207,1658,26,22
1207,1210,26,22
1115,1207,26,22
1115,1658,26,22
1181,1658,26,22
1098,1115,26,22
1207,1210,26,22
1115,1207,26,22
1115,1210,26,22
1295,1393,26,22
1115,1210,26,22
1207,1210,26,22
1098,1207,26,22
1115,1207,26,22
1181,1207,26,22
1295,1393,26,22
1115,1181,26,22
1115,1210,26,22
1098,1207,26,22
1295,1365,26,22
1181,1207,26,22
1098,1115,26,22
1295,1393,26,22
1115,1210,26,22
1115,1207,26,22
1295,1365,26,22
1181,1207,26,22
1295,1393,26,22
1245,1658,26,22
1115,1210,26,22
1207,1210,26,22
1181,1207,26,22
1295,1393,26,22
1115,1210,26,22
1181,1210,26,22
1207,1210,26,22
1115,1207,26,22
1115,1658,26,22
1181,1207,26,22
1295,1393,26,22
1115,1181,26,22
1115,1210,26,22
1207,1658,26,22
1115,1207,26,22
1181,1207,26,22
1295,1393,26,22
1115,1181,26,22
1115,1210,26,22
1295,1393,26,22
1115,1181,26,22
1115,1210,26,22
1207,1210,26,22
1207,1295,26,22
1115,1207,26,22
1115,1210,26,22
1207,1210,26,22
1115,1295,26,22
1207,1295,26,22
1115,1207,26,22
1295,1393,26,22
1181,1327,26,22
1115,1210,26,22
1207,1210,26,22
1115,1207,26,22
1115,1210,26,22
1207,1210,26,22
1115,1207,26,22
1295,1393,26,22
1115,1210,26,22
1210,1295,26,22
1115,1295,26,22
1207,1295,26,22
1115,1207,26,22
1295,1393,26,22
1210,1295,26,22
1207,1210,26,22
1207,1295,26,22
1115,1207,26,22
1115,1210,26,22
1207,1245,26,22
1207,1210,26,22
1207,1295,26,22
1181,1207,26,22
1181,1327,26,22
1295,1702,26,22
1115,1210,26,22
1181,1245,26,22
1207,1327,26,22
1115,1210,26,22
1181,1245,26,22
1207,1327,26,22
1295,1702,26,22
1115,1210,26,22
1181,1245,26,22
1295,1702,26,22
1181,1245,26,22
1210,1365,26,22
1207,1327,26,22
1295,1702,26,22
1181,1245,26,22
1295,1702,26,22
1115,1320,26,22
1181,1245,26,22
1115,1320,26,22
1115,1320,26,22
1245,1395,26,22
1115,1320,26,22
1245,1395,26,22
1115,1320,26,22
1207,1210,26,22
1115,1210,26,22
1207,1210,26,22
1115,1207,26,22
1207,1210,26,22
1207,1210,26,22
1115,1320,26,22
1207,1210,26,22
1115,1320,26,22
1207,1363,26,22
1245,1395,26,22
1115,1320,26,22
1207,1363,26,22
1245,1395,26,22
1115,1320,26,22
1207,1363,26,22
1115,1320,26,22
1207,1363,26,22
1210,1365,26,22
1207,1363,26,22
1115,1320,26,22
1210,1365,26,22
1365,1393,26,22
1207,1363,26,22
1207,1363,26,22
1245,1395,26,22
1115,1320,26,22
1157,1383,26,22
1207,1363,26,22
1157,1295,26,22
1245,1395,26,22
1157,1383,26,22
1157,1295,26,22
1245,1395,26,22
1115,1320,26,22
1157,1383,26,22
1157,1295,26,22
1115,1320,26,22
1181,1245,26,22
1157,1383,26,22
1207,1363,26,22
1115,1320,26,22
1181,1245,26,22
1210,1365,26,22
1157,1383,26,22
1207,1363,26,22
1210,1365,26,22
1157,1383,26,22
1157,1295,26,22
1245,1395,26,22
1115,1320,26,22
1207,1374,26,22
1210,1365,26,22
1157,1383,26,22
1207,1363,26,22
1157,1295,26,22
1245,1395,26,22
1115,1320,26,22
1207,1374,26,22
1210,1365,26,22
1157,1295,26,22
1210,1365,26,22
1157,1383,26,22
1181,1395,26,22
1207,1363,26,22
1157,1295,26,22
1115,1320,26,22
1157,1383,26,22
1157,1295,26,22
1181,1245,26,22
1157,1383,26,22
1157,1295,26,22
1181,1395,26,22
1115,1320,26,22
1245,1395,26,22
1115,1320,26,22
1207,1363,26,22
1115,1320,26,22
1245,1295,26,22
1210,1365,26,22
1181,1395,26,22
1115,1320,26,22
1245,1295,26,22
1181,1395,26,22
1245,1295,26,22
1245,1295,26,22
1181,1395,26,22
1115,1320,26,22
1245,1295,26,22
1181,1245,26,22
1181,1295,26,22
1144,1157,26,22
1115,1320,26,22
1245,1295,26,22
1181,1245,26,22
1181,1295,26,22
1144,1157,26,22
1295,1658,26,22
1210,1365,26,22
1098,1658,26,22
1098,1144,26,22
1295,1658,26,22
1144,1295,26,22
1245,1395,26,22
1098,1658,26,22
1144,1157,26,22
1115,1144,26,22
1181,1395,26,22
1181,1245,26,22
1245,1395,26,22
1181,1245,26,22
1245,1395,26,22
1181,1245,26,22
1181,1245,26,22
1181,1245,26,22
1181,1245,26,22
1157,1181,26,22
1181,1245,26,22
1144,1295,26,22
1115,1320,26,22
1207,1295,26,22
1157,1245,26,22
1181,1395,26,22
1144,1157,26,22
1181,1395,26,22
1115,1320,26,22
1144,1157,26,22
1115,1320,26,22
1144,1157,26,22
1115,1320,26,22
1144,1157,26,22
1210,1295,26,22
1115,1320,26,22
1210,1365,26,22
1210,1295,26,22
1115,1320,26,22
1181,1245,26,22
1144,1157,26,22
1210,1295,26,22
1115,1320,26,22
1144,1245,26,22
1210,1365,26,22
1210,1295,26,22
1115,1320,26,22
1144,1245,26,22
1210,1365,26,22
1144,1157,26,22
1144,1181,26,22
1210,1295,26,22
1144,1245,26,22
1144,1157,26,22
1144,1181,26,22
1130,1144,26,22
1144,1260,26,22
1130,1260,26,22
1295,1365,26,22
1130,1157,26,22
1210,1295,26,22
1130,1260,26,22
1210,1295,26,22
1130,1260,26,22
1157,1245,26,22
1210,1295,26,22
1181,1245,26,22
1098,1245,26,22
1181,1245,26,22
1130,1260,26,22
1210,1295,26,22
1181,1245,26,22
1098,1295,26,22
1157,1260,26,22
1098,1210,26,22
1207,1363,26,22
1210,1295,26,22
1098,1295,26,22
1144,1157,26,22
1098,1210,26,22
1098,1210,26,22
1210,1295,26,22
1115,1320,26,22
1164,1658,26,22
1098,1295,26,22
1098,1210,26,22
1207,1373,26,22
1210,1295,26,22
1181,1245,26,22
1164,1658,26,22
1098,1295,26,22
1098,1210,26,22
1207,1373,26,22
1210,1295,26,22
1115,1320,26,22
1207,1374,26,22
1098,1164,26,22
1164,1658,26,22
1100,1108,26,22
1098,1658,26,22
1245,1385,26,22
1115,1320,26,22
1130,1295,26,22
1164,1658,26,22
1100,1108,26,22
1100,1157,26,22
1207,1363,26,22
1260,1295,26,22
1245,1260,26,22
1115,1320,26,22
1144,1157,26,22
1207,1363,26,22
1115,1320,26,22
1207,1210,26,22
1144,1157,26,22
1181,1245,26,22
1144,1157,26,22
1144,1157,26,22
1115,1320,26,22
1207,1210,26,22
1144,1157,26,22
1181,1385,26,22
1207,1210,26,22
1181,1385,26,22
1115,1658,26,22
1100,1157,26,22
1207,1658,26,22
1207,1210,26,22
1100,1144,26,22
1207,1393,26,22
1210,1658,26,22
1207,1658,26,22
1207,1210,26,22
1144,1157,26,22
1181,1385,26,22
1210,1658,26,22
1210,1365,26,22
1098,1295,26,22
1207,1658,26,22
1365,1658,26,22
1144,1209,26,22
1164,1209,26,22
1210,1365,26,22
1098,1164,26,22
1207,1658,26,22
1207,1210,26,22
1365,1658,26,22
1207,1365,26,22
1157,1164,26,22
1210,1365,26,22
1144,1164,26,22
1115,1207,26,22
1115,1365,26,22
1207,1365,26,22
1144,1209,26,22
1207,1658,26,22
1365,1658,26,22
1115,1207,26,22
1115,1658,26,22
1144,1209,26,22
1144,1157,26,22
1115,1207,26,22
1144,1209,26,22
1115,1210,26,22
1210,1365,26,22
1144,1164,26,22
1181,1385,26,22
1245,1385,26,22
1144,1209,26,22
1207,1395,26,22
1207,1245,26,22
1181,1207,26,22
1207,1395,26,22
1210,1365,26,22
1144,1164,26,22
1207,1395,26,22
1207,1245,26,22
1210,1365,26,22
1207,1658,26,22
1144,1164,26,22
1144,1209,26,22
1245,1658,26,22
1207,1395,26,22
1210,1365,26,22
1098,1157,26,22
1144,1209,26,22
1245,1658,26,22
1207,1395,26,22
1098,1157,26,22
1144,1209,26,22
1207,1395,26,22
1245,1385,26,22
1144,1209,26,22
1207,1395,26,22
1144,1209,26,22
1115,1210,26,22
1207,1395,26,22
1115,1378,26,22
1144,1209,26,22
1210,1295,26,22
1207,1395,26,22
1159,1164,26,22
1144,1209,26,22
1144,1159,26,22
1210,1295,26,22
1207,1395,26,22
1295,1378,26,22
1144,1157,26,22
1144,1209,26,22
1207,1395,26,22
1295,1378,26,22
1115,1295,26,22
1144,1164,26,22
1115,1378,26,22
1320,1658,26,22
1115,1210,26,22
1207,1395,26,22
1295,1378,26,22
1115,1295,26,22
1144,1159,26,22
1207,1395,26,22
1115,1307,26,22
1159,1164,26,22
1115,1295,26,22
1144,1159,26,22
1210,1295,26,22
1207,1395,26,22
1159,1164,26,22
1115,1210,26,22
1210,1295,26,22
1207,1395,26,22
1159,1164,26,22
1115,1295,26,22
1210,1378,26,22
1115,1378,26,22
1098,1157,26,22
1144,1209,26,22
1207,1395,26,22
1295,1378,26,22
1159,1164,26,22
1115,1295,26,22
1210,1378,26,22
1098,1157,26,22
1144,1209,26,22
1210,1295,26,22
1207,1395,26,22
1210,1378,26,22
1098,1157,26,22
1144,1209,26,22
1144,1159,26,22
1210,1295,26,22
1207,1395,26,22
1295,1378,26,22
1144,1209,26,22
1144,1159,26,22
1210,1295,26,22
1207,1395,26,22
1144,1209,26,22
1144,1159,26,22
1210,1295,26,22
1207,1395,26,22
1144,1209,26,22
1144,1159,26,22
1210,1295,26,22
1207,1395,26,22
1115,1295,26,22
1210,1378,26,22
1115,1378,26,22
1144,1209,26,22
1144,1159,26,22
1115,1210,26,22
1207,1395,26,22
1159,1164,26,22
1115,1295,26,22
1365,1658,26,22
1144,1159,26,22
1210,1295,26,22
1207,1395,26,22
1115,1295,26,22
1144,1164,26,22
1144,1159,26,22
1115,1210,26,22
1207,1395,26,22
1115,1295,26,22
1365,1658,26,22
1098,1157,26,22
1144,1209,26,22
1144,1159,26,22
1144,1164,26,22
1144,1209,26,22
1115,1295,26,22
1115,1295,26,22
1144,1164,26,22
1144,1209,26,22
1115,1210,26,22
1115,1378,26,22
1144,1159,26,22
1115,1210,26,22
1207,1395,26,22
1159,1164,26,22
1365,1658,26,22
1295,1307,26,22
1115,1378,26,22
1144,1159,26,22
1115,1210,26,22
1207,1395,26,22
1159,1164,26,22
1365,1658,26,22
1115,1378,26,22
1115,1210,26,22
1159,1164,26,22
1115,1378,26,22
1144,1159,26,22
1115,1210,26,22
1115,1295,26,22
1144,1164,26,22
1365,1658,26,22
1115,1378,26,22
1144,1159,26,22
1115,1210,26,22
1207,1395,26,22
1295,1378,26,22
1115,1295,26,22
1144,1164,26,22
1365,1658,26,22
1115,1378,26,22
1144,1159,26,22
1115,1210,26,22
1210,1295,26,22
1207,1395,26,22
1144,1164,26,22
1210,1378,26,22
1115,1378,26,22
1115,1210,26,22
1210,1295,26,22
1207,1395,26,22
1115,1295,26,22
1144,1164,26,22
1210,1378,26,22
1115,1210,26,22
1210,1295,26,22
1159,1164,26,22
1115,1295,26,22
1365,1658,26,22
1210,1378,26,22
1115,1210,26,22
1210,1295,26,22
1207,1395,26,22
1159,1164,26,22
1115,1295,26,22
1365,1658,26,22
1115,1378,26,22
1210,1295,26,22
1207,1395,26,22
1295,1378,26,22
1115,1295,26,22
1365,1658,26,22
1210,1295,26,22
1207,1395,26,22
1365,1658,26,22
1210,1378,26,22
1115,1210,26,22
1210,1295,26,22
1207,1395,26,22
1193,1658,26,22
1144,1164,26,22
1144,1159,26,22
1115,1210,26,22
1210,1295,26,22
1207,1395,26,22
1295,1378,26,22
1115,1295,26,22
1210,1378,26,22
1144,1159,26,22
1115,1210,26,22
1210,1295,26,22
1207,1395,26,22
1295,1378,26,22
1115,1295,26,22
1115,1210,26,22
1210,1295,26,22
1207,1395,26,22
1295,1378,26,22
1159,1164,26,22
1115,1295,26,22
1115,1378,26,22
1115,1210,26,22
1207,1395,26,22
1207,1385,26,22
1115,1378,26,22
1144,1159,26,22
1115,1210,26,22
1115,1378,26,22
1115,1210,26,22
1210,1295,26,22
1159,1164,26,22
1210,1378,26,22
1115,1378,26,22
1098,1157,26,22
1144,1159,26,22
1115,1210,26,22
1207,1245,26,22
1159,1164,26,22
1115,1295,26,22
1144,1157,26,22
1295,1307,26,22
1210,1378,26,22
1115,1378,26,22
1098,1157,26,22
1144,1159,26,22
1115,1210,26,22
1159,1164,26,22
1295,1307,26,22
1144,1159,26,22
1115,1210,26,22
1210,1378,26,22
1115,1378,26,22
1115,1210,26,22
1207,1395,26,22
1159,1164,26,22
1295,1307,26,22
1115,1378,26,22
1115,1210,26,22
1207,1395,26,22
1159,1164,26,22
1295,1307,26,22
1115,1378,26,22
1245,1658,26,22
1115,1210,26,22
1207,1395,26,22
1159,1164,26,22
1365,1658,26,22
1115,1378,26,22
1115,1210,26,22
1207,1395,26,22
1295,1307,26,22
1115,1378,26,22
1115,1210,26,22
1159,1164,26,22
1207,1385,26,22
1295,1307,26,22
1115,1378,26,22
1144,1159,26,22
1115,1210,26,22
1210,1295,26,22
1159,1164,26,22
1210,1378,26,22
1115,1378,26,22
1363,1658,26,22
1144,1159,26,22
1207,1245,26,22
1159,1164,26,22
1207,1385,26,22
1295,1307,26,22
1115,1378,26,22
1144,1159,26,22
1115,1210,26,22
1207,1245,26,22
1159,1164,26,22
1207,1385,26,22
1193,1327,26,22
1295,1307,26,22
1115,1378,26,22
1144,1159,26,22
1207,1245,26,22
1159,1164,26,22
1207,1385,26,22
1144,1159,26,22
1207,1245,26,22
1207,1385,26,22
1295,1307,26,22
1115,1378,26,22
1144,1209,26,22
1115,1210,26,22
1207,1245,26,22
1159,1164,26,22
1115,1295,26,22
1144,1209,26,22
1115,1210,26,22
1210,1295,26,22
1115,1307,26,22
1159,1164,26,22
1207,1385,26,22
1193,1327,26,22
1115,1295,26,22
1295,1307,26,22
1144,1159,26,22
1193,1327,26,22
1295,1307,26,22
1144,1159,26,22
1115,1210,26,22
1193,1327,26,22
1295,1307,26,22
1115,1378,26,22
1245,1391,26,22
1144,1159,26,22
1115,1210,26,22
1207,1385,26,22
1115,1295,26,22
1295,1307,26,22
1245,1391,26,22
1115,1210,26,22
1207,1385,26,22
1115,1295,26,22
1115,1210,26,22
1115,1295,26,22
1245,1320,26,22
1115,1320,26,22
1245,1320,26,22
1363,1658,26,22
1210,1307,26,22
1115,1245,26,22
1210,1307,26,22
1320,1365,26,22
1115,1245,26,22
1207,1395,26,22
1193,1207,26,22
1193,1327,26,22
1207,1373,26,22
1207,1365,26,22
1193,1327,26,22
1115,1295,26,22
1207,1327,26,22
1144,1159,26,22
1193,1327,26,22
1207,1295,26,22
1144,1159,26,22
1193,1327,26,22
1365,1658,26,22
1115,1378,26,22
1193,1295,26,22
1144,1159,26,22
1115,1210,26,22
1115,1307,26,22
1245,1391,26,22
1193,1245,26,22
1193,1295,26,22
1115,1210,26,22
1115,1307,26,22
1207,1658,26,22
1115,1210,26,22
1115,1307,26,22
1245,1295,26,22
1159,1164,26,22
1210,1307,26,22
1144,1159,26,22
1159,1164,26,22
1144,1159,26,22
1115,1210,26,22
1181,1193,26,22
1159,1164,26,22
1144,1159,26,22
1115,1210,26,22
1207,1395,26,22
1115,1210,26,22
1207,1395,26,22
1159,1164,26,22
1115,1210,26,22
1115,1307,26,22
1159,1164,26,22
1115,1210,26,22
1115,1307,26,22
1207,1385,26,22
1115,1378,26,22
1210,1307,26,22
1193,1658,26,22
1159,1164,26,22
1115,1378,26,22
1193,1658,26,22
1159,1164,26,22
1159,1209,26,22
1144,1209,26,22
1144,1159,26,22
1115,1307,26,22
1245,1295,26,22
1159,1164,26,22
1144,1164,26,22
1193,1207,26,22
1144,1159,26,22
1193,1365,26,22
1115,1307,26,22
1159,1164,26,22
1144,1164,26,22
1193,1207,26,22
1144,1159,26,22
1115,1307,26,22
1245,1295,26,22
1159,1164,26,22
1207,1210,26,22
1144,1164,26,22
1144,1159,26,22
1115,1210,26,22
1193,1374,26,22
1144,1164,26,22
1115,1378,26,22
1144,1159,26,22
1115,1210,26,22
1193,1374,26,22
1115,1307,26,22
1144,1164,26,22
1144,1159,26,22
1115,1210,26,22
1115,1307,26,22
1159,1164,26,22
1144,1159,26,22
1115,1210,26,22
1115,1307,26,22
1207,1658,26,22
1210,1307,26,22
1115,1210,26,22
1115,1307,26,22
1245,1295,26,22
1210,1307,26,22
1115,1210,26,22
1193,1374,26,22
1115,1307,26,22
1210,1307,26,22
1115,1210,26,22
1115,1307,26,22
1115,1210,26,22
1115,1378,26,22
1115,1378,26,22
1144,1209,26,22
1115,1378,26,22
1245,1295,26,22
1115,1378,26,22
1193,1374,26,22
1245,1295,26,22
1210,1378,26,22
1115,1378,26,22
1115,1378,26,22
1207,1210,26,22
1115,1207,26,22
1115,1378,26,22
1144,1159,26,22
1245,1295,26,22
1159,1164,26,22
1207,1210,26,22
1207,1378,26,22
1144,1159,26,22
1115,1210,26,22
1210,1378,26,22
1115,1378,26,22
1144,1159,26,22
1207,1395,26,22
1245,1295,26,22
1115,1378,26,22
1144,1159,26,22
1207,1395,26,22
1115,1378,26,22
1144,1159,26,22
1115,1378,26,22
1144,1159,26,22
1193,1374,26,22
1207,1395,26,22
1115,1378,26,22
1144,1159,26,22
1115,1378,26,22
1159,1164,26,22
1144,1164,26,22
1115,1378,26,22
1144,1159,26,22
1115,1378,26,22
1159,1164,26,22
1115,1378,26,22
1144,1159,26,22
1115,1378,26,22
1144,1159,26,22
1181,1295,26,22
1115,1378,26,22
1181,1245,26,22
1144,1159,26,22
1181,1295,26,22
1144,1164,26,22
1115,1378,26,22
1144,1159,26,22
1245,1295,26,22
1181,1295,26,22
1144,1164,26,22
1144,1159,26,22
1115,1210,26,22
1245,1295,26,22
1181,1295,26,22
1144,1164,26,22
1144,1159,26,22
1159,1164,26,22
1207,1210,26,22
1115,1207,26,22
1144,1159,26,22
1193,1374,26,22
1245,1295,26,22
1207,1210,26,22
1181,1295,26,22
1115,1207,26,22
1115,1210,26,22
1245,1295,26,22
1207,1210,26,22
1181,1295,26,22
1115,1207,26,22
1207,1245,26,22
1245,1295,26,22
1193,1210,26,22
1159,1164,26,22
1144,1164,26,22
1181,1207,26,22
1207,1327,26,22
1115,1210,26,22
1193,1295,26,22
1115,1210,26,22
1181,1193,26,22
1193,1658,26,22
1181,1245,26,22
1159,1164,26,22
1193,1245,26,22
1115,1210,26,22
1181,1193,26,22
1207,1295,26,22
1144,1164,26,22
1144,1159,26,22
1181,1352,26,22
1144,1164,26,22
1098,1157,26,22
1181,1352,26,22
1115,1702,26,22
1144,1164,26,22
1193,1207,26,22
1144,1159,26,22
1193,1658,26,22
1159,1164,26,22
1144,1164,26,22
1144,1159,26,22
1115,1210,26,22
1159,1164,26,22
1115,1295,26,22
1210,1702,26,22
1144,1159,26,22
1115,1210,26,22
1115,1702,26,22
1159,1164,26,22
1144,1164,26,22
1210,1702,26,22
1144,1159,26,22
1115,1210,26,22
1210,1295,26,22
1115,1702,26,22
1210,1702,26,22
1193,1393,26,22
1144,1159,26,22
1115,1210,26,22
1210,1295,26,22
1115,1702,26,22
1159,1164,26,22
1098,1157,26,22
1193,1393,26,22
1144,1159,26,22
1115,1702,26,22
1207,1295,26,22
1098,1157,26,22
1327,1658,26,22
1144,1159,26,22
1207,1210,26,22
1144,1164,26,22
1115,1207,26,22
1144,1159,26,22
1115,1210,26,22
1115,1702,26,22
1159,1164,26,22
1207,1295,26,22
1144,1159,26,22
1115,1210,26,22
1115,1702,26,22
1144,1157,26,22
1207,1295,26,22
1210,1702,26,22
1144,1209,26,22
1115,1210,26,22
1115,1702,26,22
1159,1164,26,22
1207,1295,26,22
1210,1702,26,22
1098,1157,26,22
1193,1393,26,22
1144,1209,26,22
1144,1159,26,22
1159,1164,26,22
1207,1295,26,22
1144,1209,26,22
1144,1159,26,22
1207,1295,26,22
1115,1210,26,22
1159,1164,26,22
1210,1702,26,22
1144,1209,26,22
1144,1159,26,22
1207,1295,26,22
1193,1207,26,22
1210,1702,26,22
1144,1159,26,22
1159,1164,26,22
1207,1295,26,22
1144,1164,26,22
1210,1702,26,22
1207,1362,26,22
1144,1159,26,22
1159,1164,26,22
1144,1164,26,22
1210,1702,26,22
1144,1159,26,22
1207,1295,26,22
1144,1164,26,22
1210,1702,26,22
1144,1209,26,22
1144,1159,26,22
1207,1295,26,22
1144,1164,26,22
1210,1702,26,22
1144,1159,26,22
1115,1210,26,22
1207,1295,26,22
1210,1702,26,22
1115,1210,26,22
1207,1295,26,22
1210,1702,26,22
1207,1362,26,22
1144,1159,26,22
1115,1210,26,22
1115,1702,26,22
1210,1702,26,22
1144,1209,26,22
1144,1159,26,22
1115,1210,26,22
1115,1702,26,22
1207,1295,26,22
1207,1362,26,22
1115,1210,26,22
1115,1702,26,22
1207,1295,26,22
1207,1362,26,22
1115,1210,26,22
1115,1702,26,22
1159,1164,26,22
1207,1295,26,22
1210,1702,26,22
1207,1362,26,22
1144,1159,26,22
1115,1210,26,22
1115,1702,26,22
1159,1164,26,22
1193,1327,26,22
1207,1295,26,22
1210,1702,26,22
1144,1159,26,22
1115,1210,27,23
1115,1702,27,23
1159,1164,27,23
1207,1295,27,23
1144,1164,27,23
1144,1209,27,23
1144,1159,27,23
1115,1210,27,23
1159,1164,27,23
1207,1295,27,23
1144,1164,27,23
1207,1362,27,23
1144,1159,27,23
1115,1210,27,23
1159,1164,27,23
1207,1295,27,23
1144,1164,27,23
1207,1362,27,23
1144,1159,27,23
1115,1210,27,23
1159,1164,27,23
1207,1295,27,23
1207,1362,27,23
1144,1159,27,23
1115,1210,27,23
1115,1702,27,23
1159,1164,27,23
1207,1295,27,23
1144,1209,27,23
1144,1159,27,23
1115,1210,27,23
1115,1702,27,23
1159,1164,27,23
1207,1295,27,23
1210,1702,27,23
1144,1209,27,23
1115,1702,27,23
1159,1164,27,23
1207,1295,27,23
1207,1362,27,23
1098,1157,27,23
1115,1702,27,23
1159,1164,27,23
1207,1210,27,23
1207,1295,27,23
1144,1159,27,23
1159,1164,27,23
1207,1295,27,23
1207,1362,27,23
1144,1209,27,23
1159,1164,27,23
1207,1295,27,23
1207,1362,27,23
1115,1210,27,23
1115,1702,27,23
1207,1295,27,23
1207,1362,27,23
1144,1159,27,23
1115,1210,27,23
1181,1352,27,23
1159,1164,27,23
1207,1295,27,23
1115,1210,27,23
1181,1352,27,23
1159,1164,27,23
1207,1295,27,23
1207,1362,27,23
1144,1159,27,23
1115,1210,27,23
1181,1352,27,23
1159,1164,27,23
1207,1295,27,23
1207,1362,27,23
1144,1159,27,23
1115,1210,27,23
1159,1164,27,23
1144,1157,27,23
1207,1295,27,23
1295,1362,27,23
1210,1702,27,23
1144,1159,27,23
1115,1210,27,23
1181,1352,27,23
1159,1164,27,23
1207,1295,27,23
1144,1159,27,23
1115,1210,27,23
1181,1352,27,23
1159,1164,27,23
1207,1295,27,23
1207,1362,27,23
1144,1159,27,23
1115,1210,27,23
1181,1352,27,23
1207,1362,27,23
1144,1159,27,23
1115,1210,27,23
1181,1352,27,23
1115,1702,27,23
1159,1164,27,23
1144,1159,27,23
1115,1210,27,23
1115,1702,27,23
1159,1164,27,23
1207,1295,27,23
1210,1702,27,23
1144,1159,27,23
1115,1702,27,23
1144,1157,27,23
1210,1702,27,23
1144,1159,27,23
1181,1352,27,23
1157,1159,27,23
1210,1702,27,23
1115,1210,27,23
1159,1164,27,23
1210,1702,27,23
1207,1245,27,23
1115,1702,27,23
1098,1157,27,23
1144,1159,27,23
1115,1702,27,23
1159,1164,27,23
1144,1159,27,23
1115,1702,27,23
1098,1164,27,23
1144,1159,27,23
1115,1210,27,23
1115,1702,27,23
1159,1164,27,23
1193,1327,27,23
1098,1658,27,23
1108,1658,27,23
1210,1702,27,23
1207,1362,27,23
1100,1658,27,23
1144,1209,27,23
1144,1159,27,23
1181,1245,27,23
1115,1702,27,23
1100,1108,27,23
1207,1362,27,23
1115,1702,27,23
1193,1210,27,23
1144,1209,27,23
1144,1159,27,23
1115,1702,27,23
1193,1210,27,23
1144,1209,27,23
1144,1159,27,23
1115,1210,27,23
1115,1702,27,23
1159,1209,27,23
1210,1702,27,23
1144,1209,27,23
1144,1159,27,23
1115,1210,27,23
1157,1159,27,23
1115,1702,27,23
1144,1209,27,23
1144,1159,27,23
1115,1210,27,23
1164,1245,27,23
1144,1209,27,23
1164,1181,27,23
1144,1159,27,23
1115,1210,27,23
1148,1260,27,23
1207,1362,27,23
1144,1209,27,23
1144,1159,27,23
1115,1210,27,23
1207,1362,27,23
1144,1209,27,23
1144,1159,27,23
1115,1702,27,23
1098,1245,27,23
1207,1362,27,23
1144,1159,27,23
1098,1164,27,23
1098,1245,27,23
1207,1210,27,23
1207,1362,27,23
1144,1159,27,23
1115,1210,27,23
1098,1164,27,23
1098,1245,27,23
1207,1362,27,23
1144,1159,27,23
1115,1210,27,23
1098,1164,27,23
1098,1245,27,23
1207,1362,27,23
1144,1159,27,23
1115,1210,27,23
1098,1164,27,23
1207,1362,27,23
1144,1159,27,23
1115,1210,27,23
1098,1164,27,23
1164,1245,27,23
1207,1362,27,23
1144,1159,27,23
1115,1210,27,23
1098,1164,27,23
1098,1245,27,23
1144,1159,27,23
1115,1210,27,23
1098,1164,27,23
1100,1108,27,23
1098,1245,27,23
1164,1245,27,23
1207,1362,27,23
1144,1159,27,23
1115,1210,27,23
1144,1157,27,23
1164,1245,27,23
1207,1362,27,23
1144,1159,27,23
1115,1210,27,23
1207,1362,27,23
1144,1159,27,23
1115,1210,27,23
1181,1245,27,23
1207,1362,27,23
1144,1159,27,23
1115,1210,27,23
1207,1362,27,23
1144,1159,27,23
1115,1210,27,23
1181,1210,27,23
1100,1108,27,23
1164,1193,27,23
1115,1181,27,23
1115,1327,27,23
1144,1159,27,23
1181,1245,27,23
1193,1210,27,23
1164,1210,27,23
1164,1193,27,23
1207,1362,27,23
1144,1159,27,23
1181,1245,27,23
1193,1210,27,23
1100,1108,27,23
1207,1362,27,23
1144,1159,27,23
1098,1193,27,23
1100,1108,27,23
1164,1193,27,23
1245,1391,27,23
1144,1159,27,23
1115,1210,27,23
1164,1193,27,23
1245,1391,27,23
1144,1209,27,23
1144,1159,27,23
1115,1210,27,23
1245,1391,27,23
1144,1159,27,23
1115,1210,27,23
1164,1193,27,23
1144,1159,27,23
1115,1210,27,23
1164,1193,27,23
1193,1207,27,23
1193,1245,27,23
1164,1207,27,23
1144,1159,27,23
1115,1210,27,23
1148,1221,27,23
1181,1391,27,23
1144,1209,27,23
1144,1159,27,23
1115,1210,27,23
1144,1209,27,23
1144,1159,27,23
1115,1210,27,23
1148,1702,27,23
1207,1245,27,23
1144,1209,27,23
1144,1159,27,23
1115,1210,27,23
1210,1245,27,23
1148,1702,27,23
1207,1245,27,23
1157,1159,27,23
1207,1210,27,23
1144,1157,27,23
1115,1207,27,23
1159,1209,27,23
1130,1157,27,23
1144,1159,27,23
1148,1702,27,23
1207,1245,27,23
1157,1159,27,23
1115,1207,27,23
1148,1702,27,23
1144,1157,27,23
1130,1260,27,23
1115,1207,27,23
1148,1702,27,23
1181,1245,27,23
1144,1157,27,23
1115,1207,27,23
1148,1702,27,23
1181,1245,27,23
1115,1207,27,23
1245,1391,27,23
1144,1658,27,23
1148,1702,27,23
1181,1245,27,23
1115,1207,27,23
1144,1658,27,23
1148,1702,27,23
1100,1108,27,23
1144,1157,27,23
1115,1144,27,23
1115,1207,27,23
1148,1702,27,23
1181,1245,27,23
1100,1108,27,23
1130,1260,27,23
1193,1207,27,23
1115,1157,27,23
1130,1207,27,23
1193,1260,27,23
1148,1702,27,23
1193,1658,27,23
1181,1245,27,23
1207,1658,27,23
1193,1207,27,23
1245,1391,27,23
1148,1702,27,23
1352,1658,27,23
1391,1658,27,23
1181,1245,27,23
1207,1295,27,23
1130,1260,27,23
1295,1658,27,23
1245,1391,27,23
1148,1702,27,23
1210,1658,27,23
1181,1245,27,23
1207,1658,27,23
1207,1295,27,23
1130,1260,27,23
1295,1658,27,23
1115,1210,27,23
1164,1295,27,23
1108,1164,27,23
1207,1210,27,23
1115,1295,27,23
1115,1207,27,23
1115,1658,27,23
1157,1221,27,23
1115,1210,27,23
1148,1702,27,23
1144,1164,27,23
1108,1207,27,23
1144,1193,27,23
1100,1207,27,23
1115,1352,27,23
1100,1210,27,23
1115,1210,27,23
1115,1193,27,23
1193,1210,27,23
1207,1210,27,23
1130,1260,27,23
1193,1207,27,23
1115,1207,27,23
1108,1658,27,23
1157,1221,27,23
1100,1658,27,23
1148,1702,27,23
1130,1260,27,23
1157,1221,27,23
1245,1391,27,23
1115,1210,27,23
1148,1702,27,23
1164,1295,27,23
1100,1108,27,23
1362,1658,27,23
1245,1391,27,23
1115,1210,27,23
1164,1193,27,23
1157,1221,27,23
1193,1295,27,23
1115,1210,27,23
1159,1193,27,23
1181,1245,27,23
1157,1159,27,23
1148,1702,27,23
1130,1260,27,23
1148,1702,27,23
1100,1108,27,23
1207,1210,27,23
1130,1260,27,23
1159,1295,27,23
1245,1391,27,23
1193,1295,27,23
1115,1210,27,23
1210,1295,27,23
1148,1702,27,23
1159,1210,27,23
1115,1193,27,23
1100,1108,27,23
1207,1210,27,23
1115,1295,27,23
1207,1295,27,23
1193,1207,27,23
1115,1207,27,23
1159,1207,27,23
1108,1352,27,23
1115,1327,27,23
1159,1295,27,23
1245,1391,27,23
1115,1159,27,23
1115,1210,27,23
1148,1702,27,23
1207,1210,27,23
1108,1352,27,23
1245,1391,27,23
1193,1295,27,23
1115,1210,27,23
1148,1702,27,23
1115,1193,27,23
1193,1210,27,23
1207,1210,27,23
1115,1295,27,23
1207,1295,27,23
1193,1207,27,23
1115,1207,27,23
1108,1352,27,23
1245,1391,27,23
1148,1702,27,23
1181,1245,27,23
1115,1193,27,23
1193,1207,27,23
1108,1352,27,23
1245,1391,27,23
1148,1702,27,23
1130,1260,27,23
1108,1352,27,23
1245,1391,27,23
1181,1245,27,23
1130,1260,27,23
1115,1207,27,23
1210,1327,27,23
1108,1352,27,23
1245,1391,27,23
1148,1702,27,23
1164,1295,27,23
1181,1245,27,23
1130,1260,27,23
1108,1352,27,23
1245,1391,27,23
1148,1702,27,23
1115,1295,27,23
1207,1295,27,23
1108,1352,27,23
1245,1391,27,23
1164,1295,27,23
1207,1295,27,23
1108,1352,27,23
1164,1207,27,23
1148,1702,27,23
1157,1159,27,23
1115,1295,27,23
1181,1391,27,23
1108,1352,27,23
1148,1702,27,23
1157,1159,27,23
1159,1164,27,23
1193,1207,27,23
1181,1391,27,23
1130,1207,27,23
1159,1207,27,23
1108,1352,27,23
1157,1164,27,23
1130,1164,27,23
1130,1193,27,23
1159,1181,27,23
1164,1207,27,23
1130,1221,27,23
1148,1702,27,23
1164,1295,27,23
1207,1295,27,23
1108,1352,27,23
1157,1164,27,23
1164,1207,27,23
1130,1221,27,23
1130,1260,27,23
1115,1658,27,23
1108,1352,27,23
1144,1159,27,23
1193,1658,27,23
1115,1193,27,23
1130,1260,27,23
1115,1658,27,23
1108,1352,27,23
1164,1295,27,23
1193,1658,27,23
1115,1658,27,23
1108,1352,27,23
1157,1164,27,23
1157,1295,27,23
1193,1658,27,23
1108,1352,27,23
1130,1157,27,23
1164,1207,27,23
1164,1295,27,23
1130,1260,27,23
1108,1352,27,23
1157,1221,27,23
1130,1157,27,23
1164,1207,27,23
1164,1295,27,23
1193,1658,27,23
1207,1295,27,23
1108,1352,27,23
1164,1207,27,23
1193,1658,27,23
1115,1193,27,23
1115,1658,27,23
1108,1352,27,23
1164,1207,27,23
1130,1221,27,23
1115,1193,27,23
1207,1295,27,23
1108,1352,27,23
1130,1221,27,23
1148,1702,27,23
1108,1352,27,23
1221,1260,27,23
1164,1207,27,23
1130,1260,27,23
1100,1157,27,23
1164,1207,27,23
1115,1210,27,23
1148,1702,27,23
1210,1658,27,23
1100,1108,27,23
1157,1260,27,23
1130,1260,27,23
1115,1658,27,23
1193,1245,27,23
1164,1207,27,23
1115,1210,27,23
1148,1702,27,23
1100,1193,27,23
1157,1260,27,23
1157,1245,27,23
1130,1157,27,23
1115,1210,27,23
1148,1702,27,23
1210,1658,27,23
1164,1295,27,23
1164,1193,27,23
1193,1207,27,23
1108,1352,27,23
1130,1157,27,23
1193,1295,27,23
1164,1207,27,23
1115,1210,27,23
1148,1702,27,23
1210,1658,27,23
1164,1295,27,23
1098,1295,27,23
1207,1295,27,23
1164,1193,27,23
1193,1207,27,23
1115,1658,27,23
1193,1295,27,23
1164,1207,27,23
1115,1210,27,23
1148,1702,27,23
1193,1207,27,23
1115,1658,27,23
1148,1702,27,23
1193,1207,27,23
1157,1245,27,23
1115,1658,27,23
1130,1221,27,23
1148,1702,27,23
1157,1181,27,23
1130,1260,27,23
1157,1245,27,23
1115,1658,27,23
1148,1702,27,23
1159,1164,27,23
1157,1181,27,23
1164,1193,27,23
1130,1260,27,23
1115,1658,27,23
1164,1207,27,23
1115,1210,27,23
1130,1221,27,23
1148,1702,27,23
1100,1362,27,23
1157,1181,27,23
1157,1245,27,23
1115,1658,27,23
1164,1207,27,23
1115,1210,27,23
1130,1260,27,23
1157,1245,27,23
1115,1658,27,23
1159,1260,27,23
1157,1181,27,23
1157,1245,27,23
1115,1658,27,23
1164,1207,27,23
1159,1193,27,23
1159,1164,27,23
1100,1362,27,23
1164,1193,27,23
1130,1260,27,23
1130,1159,27,23
1157,1245,27,23
1115,1658,27,23
1159,1207,27,23
1159,1193,27,23
1193,1210,27,23
1159,1164,27,23
1207,1210,27,23
1164,1193,27,23
1193,1207,27,23
1157,1245,27,23
1115,1658,27,23
1159,1207,27,23
1148,1260,27,23
1164,1207,27,23
1181,1245,27,23
1157,1159,27,23
1164,1193,27,23
1130,1260,27,23
1115,1658,27,23
1164,1207,27,23
1181,1245,27,23
1193,1210,27,23
1164,1193,27,23
1130,1260,27,23
1193,1207,27,23
1115,1658,27,23
1181,1245,27,23
1130,1260,27,23
1193,1207,27,23
1115,1658,27,23
1130,1660,27,23
1159,1260,27,23
1207,1210,27,23
1260,1660,27,23
1130,1260,27,23
1193,1207,27,23
1245,1391,27,23
1164,1207,27,23
1157,1363,27,23
1207,1210,27,23
1164,1193,27,23
1245,1391,27,23
1207,1210,27,23
1260,1660,27,23
1193,1207,27,23
1115,1658,27,23
1164,1207,27,23
1157,1363,27,23
1207,1210,27,23
1260,1660,27,23
1164,1193,27,23
1193,1207,27,23
1115,1658,27,23
1148,1660,27,23
1164,1207,27,23
1207,1210,27,23
1115,1658,27,23
1148,1260,27,23
1207,1210,27,23
1098,1365,27,23
1260,1660,27,23
1181,1391,27,23
1115,1658,27,23
1148,1260,27,23
1193,1210,27,23
1207,1210,27,23
1098,1365,27,23
1260,1660,27,23
1193,1207,27,23
1181,1391,27,23
1115,1658,27,23
1148,1260,27,23
1108,1362,27,23
1098,1193,27,23
1100,1362,27,23
1207,1210,27,23
1148,1660,27,23
1207,1210,27,23
1115,1295,27,23
1115,1193,27,23
1193,1207,27,23
1181,1391,27,23
1157,1363,27,23
1115,1193,27,23
1100,1108,27,23
1115,1207,27,23
1148,1260,27,23
1115,1210,27,23
1157,1363,27,23
1115,1193,27,23
1383,1658,27,23
1148,1260,27,23
1100,1658,27,23
1157,1363,27,23
1148,1260,27,23
1144,1295,27,23
1100,1658,27,23
1100,1108,27,23
1108,1658,27,23
1100,1658,27,23
1115,1210,27,23
1157,1363,27,23
1115,1207,27,23
1108,1658,27,23
1148,1660,27,23
1245,1391,27,23
1115,1210,27,23
1157,1363,27,23
1144,1365,27,23
1144,1207,27,23
1108,1658,27,23
1295,1393,27,23
1100,1383,27,23
1100,1658,27,23
1164,1207,27,23
1115,1210,27,23
1157,1363,27,23
1207,1210,27,23
1115,1207,27,23
1148,1260,27,23
1164,1207,27,23
1181,1245,27,23
1115,1193,27,23
1207,1210,27,23
1260,1660,27,23
1193,1207,27,23
1115,1207,27,23
1144,1374,27,23
1115,1193,27,23
1207,1210,27,23
1098,1207,27,23
1193,1207,27,23
1115,1207,27,23
1148,1260,27,23
1144,1374,27,23
1148,1660,27,23
1193,1658,27,23
1115,1193,27,23
1207,1210,27,23
1144,1374,27,23
1148,1660,27,23
1207,1210,27,23
1181,1391,27,23
1115,1207,27,23
1144,1374,27,23
1210,1658,27,23
1148,1221,27,23
1207,1210,27,23
1181,1391,27,23
1115,1658,27,23
1148,1260,27,23
1157,1363,27,23
1181,1245,27,23
1207,1658,27,23
1207,1210,27,23
1115,1164,27,23
1100,1383,27,23
1210,1658,27,23
1207,1658,27,23
1100,1108,27,23
1181,1391,27,23
1144,1374,27,23
1100,1383,27,23
1164,1207,27,23
1181,1245,27,23
1100,1108,27,23
1100,1383,27,23
1115,1210,27,23
1181,1245,27,23
1164,1210,27,23
1100,1108,27,23
1115,1164,27,23
1100,1383,27,23
1100,1108,27,23
1207,1295,27,23
1295,1393,27,23
1100,1383,27,23
1245,1391,27,23
1115,1210,27,23
1100,1108,27,23
1207,1210,27,23
1260,1660,27,23
1207,1295,27,23
1164,1193,27,23
1144,1374,27,23
1295,1393,27,23
1100,1383,27,23
1245,1391,27,23
1115,1210,27,23
1100,1108,27,23
1207,1210,27,23
1164,1193,27,23
1115,1207,27,23
1100,1383,27,23
1245,1391,27,23
1181,1245,27,23
1207,1210,27,23
1164,1193,27,23
1295,1393,27,23
1100,1383,27,23
1181,1245,27,23
1207,1210,27,23
1164,1193,27,23
1100,1383,27,23
1245,1391,27,23
1181,1245,27,23
1100,1108,27,23
1207,1210,27,23
1164,1193,27,23
1115,1207,27,23
1144,1207,27,23
1295,1393,27,23
1100,1383,27,23
1245,1391,27,23
1207,1374,27,23
1164,1193,27,23
1100,1383,27,23
1245,1391,27,23
1207,1374,27,23
1164,1193,27,23
1295,1393,27,23
1100,1383,27,23
1157,1164,27,23
1207,1374,27,23
1181,1245,27,23
1164,1193,27,23
1100,1383,27,23
1245,1391,27,23
1164,1193,27,23
1295,1393,27,23
1100,1383,27,23
1157,1164,27,23
1245,1391,27,23
1144,1210,27,23
1164,1193,27,23
1115,1207,27,23
1295,1393,27,23
1245,1391,27,23
1181,1245,27,23
1207,1210,27,23
1164,1193,27,23
1164,1193,27,23
1144,1210,27,23
1164,1193,27,23
1245,1391,27,23
1144,1210,27,23
1181,1245,27,23
1164,1193,27,23
1181,1245,27,23
1144,1164,27,23
1115,1164,27,23
1098,1115,27,23
1098,1210,27,23
1100,1108,27,23
1207,1210,27,23
1260,1660,27,23
1098,1210,27,23
1098,1115,27,23
1295,1393,27,23
1098,1164,27,23
1098,1210,27,23
1098,1115,27,23
1193,1295,27,23
1164,1207,27,23
1100,1108,27,23
1098,1210,27,23
1181,1391,27,23
1098,1115,27,23
1100,1383,27,23
1100,1108,27,23
1098,1210,27,23
1098,1207,27,23
1181,1391,27,23
1098,1115,27,23
1098,1159,27,23
1098,1295,27,23
1100,1108,27,23
1108,1383,27,23
1164,1295,27,23
1181,1245,27,23
1098,1295,27,23
1100,1108,27,23
1181,1245,27,23
1100,1383,27,23
1207,1210,27,23
1193,1769,27,23
1100,1108,27,23
1144,1159,27,23
1193,1769,27,23
1181,1245,27,23
1100,1108,27,23
1260,1660,27,23
1144,1159,27,23
1193,1769,27,23
1260,1660,27,23
1157,1193,27,23
1193,1769,27,23
1260,1660,27,23
1193,1769,27,23
1207,1210,27,23
1144,1159,27,23
1193,1769,27,23
1207,1210,27,23
1157,1193,27,23
1115,1207,27,23
1157,1373,27,23
1210,1295,27,23
1193,1769,27,23
1207,1245,27,23
1100,1108,27,23
1157,1373,27,23
1207,1245,27,23
1115,1207,27,23
1115,1245,27,23
1144,1159,27,23
1157,1373,27,23
1193,1769,27,23
1115,1193,27,23
1207,1365,27,23
1144,1159,27,23
1157,1373,27,23
1144,1148,27,23
1193,1769,27,23
1181,1245,27,23
1115,1207,27,23
1115,1365,27,23
1157,1373,27,23
1115,1207,27,23
1100,1295,27,23
1115,1210,27,23
1210,1365,27,23
1108,1295,27,23
1100,1108,27,23
1207,1210,27,23
1115,1210,27,23
1157,1373,27,23
1181,1245,27,23
1207,1210,27,23
1115,1207,27,23
1115,1210,27,23
1193,1769,27,23
1207,1210,27,23
1115,1207,27,23
1115,1210,27,23
1207,1210,27,23
1115,1207,27,23
1115,1365,27,23
1115,1210,27,23
1207,1210,27,23
1157,1245,27,23
1115,1207,27,23
1115,1210,27,23
1100,1702,27,23
1100,1108,27,23
1157,1193,27,23
1157,1245,27,23
1207,1365,27,23
1108,1702,27,23
1115,1210,27,23
1100,1702,27,23
1193,1769,27,23
1157,1159,27,23
1159,1210,27,23
1164,1210,27,23
1100,1108,27,23
1207,1295,27,23
1157,1193,27,23
1157,1245,27,23
1144,1207,27,23
1115,1365,27,23
1164,1245,27,23
1108,1702,27,23
1115,1210,27,23
1193,1769,27,23
1100,1115,27,23
1115,1702,27,23
1164,1210,27,23
1164,1365,27,23
1157,1245,27,23
1115,1164,27,23
1144,1207,27,23
1164,1245,27,23
1100,1210,27,23
1193,1769,27,23
1157,1159,27,23
1115,1702,27,23
1144,1295,27,23
1210,1702,27,23
1108,1702,27,23
1100,1210,27,23
1144,1210,27,23
1100,1702,27,23
1157,1159,27,23
1193,1210,27,23
1100,1108,27,23
1207,1210,27,23
1115,1144,27,23
1144,1193,27,23
1108,1702,27,23
1144,1210,27,23
1100,1702,27,23
1157,1159,27,23
1115,1193,27,23
1193,1210,27,23
1144,1702,27,23
1115,1295,27,23
1207,1295,27,23
1383,1658,27,23
1098,1210,27,23
1193,1207,27,23
1157,1245,27,23
1115,1207,27,23
1108,1702,27,23
1193,1295,27,23
1100,1702,27,23
1115,1193,27,23
1100,1108,27,23
1144,1702,27,23
1098,1210,27,23
1108,1144,27,23
1193,1207,27,23
1108,1702,27,23
1159,1702,27,23
1144,1159,27,23
1210,1295,27,23
1100,1702,27,23
1144,1702,27,23
1207,1210,27,23
1115,1295,27,23
1164,1365,27,23
1098,1210,27,23
1098,1207,27,23
1193,1207,27,23
1115,1207,27,23
1181,1702,27,23
1098,1115,27,23
1108,1702,27,23
1144,1159,27,23
1115,1210,27,23
1100,1702,27,23
1144,1260,27,23
1100,1108,27,23
1181,1391,27,23
1115,1207,27,23
1164,1245,27,23
1157,1164,27,23
1108,1702,27,23
1144,1159,27,23
1100,1702,27,23
1164,1295,27,23
1144,1148,27,23
1144,1260,27,23
1100,1108,27,23
1148,1221,27,23
1207,1210,27,23
1159,1660,27,23
1098,1210,27,23
1130,1260,27,23
1098,1207,27,23
1181,1391,27,23
1157,1245,27,23
1144,1221,27,23
1164,1245,27,23
1157,1164,27,23
1108,1702,27,23
1130,1144,27,23
1144,1159,27,23
1100,1702,27,23
1144,1660,27,23
1159,1660,27,23
1098,1210,27,23
1164,1193,27,23
1130,1260,27,23
1148,1159,27,23
1115,1164,27,23
1108,1658,27,23
1148,1260,27,23
1108,1702,27,23
1130,1144,27,23
1144,1159,27,23
1391,1658,27,23
1108,1295,27,23
1098,1210,27,23
1098,1207,27,23
1157,1245,27,23
1144,1193,27,23
1108,1658,27,23
1221,1260,27,23
1157,1702,27,23
1115,1210,27,23
1144,1660,27,23
1108,1295,27,23
1100,1108,27,23
1207,1210,27,23
1098,1210,27,23
1098,1207,27,23
1115,1144,27,23
1157,1245,27,23
1144,1193,27,23
1115,1207,27,23
1108,1658,27,23
1157,1221,27,23
1115,1660,27,23
1115,1245,27,23
1144,1210,27,23
1210,1658,27,23
1193,1658,27,23
1098,1193,27,23
1193,1210,27,23
1207,1658,27,23
1100,1108,27,23
1207,1210,27,23
1144,1157,27,23
1157,1260,27,23
1098,1210,27,23
1098,1144,27,23
1144,1221,27,23
1295,1365,27,23
1098,1115,27,23
1115,1210,27,23
1660,1769,27,23
1210,1658,27,23
1144,1260,27,23
1207,1658,27,23
1098,1210,27,23
1164,1193,27,23
1098,1207,27,23
1193,1207,27,23
1115,1658,27,23
1295,1365,27,23
1130,1221,27,23
1210,1658,27,23
1144,1260,27,23
1207,1658,27,23
1130,1260,27,23
1193,1207,27,23
1115,1658,27,23
1144,1221,27,23
1100,1295,27,23
1100,1702,27,23
1210,1658,27,23
1108,1295,27,23
1207,1658,27,23
1144,1157,27,23
1157,1260,27,23
1130,1260,27,23
1130,1157,27,23
1108,1702,27,23
1164,1207,27,23
1100,1702,27,23
1210,1658,27,23
1193,1769,27,23
1164,1658,27,23
1108,1295,27,23
1207,1658,27,23
1100,1108,27,23
1207,1210,27,23
1115,1658,27,23
1295,1702,27,23
1108,1702,27,23
1193,1769,27,23
1164,1210,27,23
1164,1658,27,23
1207,1658,27,23
1100,1108,27,23
1207,1210,27,23
1164,1207,27,23
1115,1210,27,23
1115,1193,27,23
1098,1164,27,23
1207,1658,27,23
1207,1210,27,23
1193,1207,27,23
1295,1702,27,23
1115,1210,27,23
1115,1193,27,23
1193,1210,27,23
1098,1164,27,23
1207,1658,27,23
1207,1210,27,23
1193,1207,27,23
1115,1210,27,23
1193,1658,27,23
1100,1115,27,23
1115,1193,27,23
1098,1164,27,23
1207,1658,27,23
1207,1210,27,23
1130,1260,27,23
1193,1207,27,23
1245,1391,27,23
1115,1210,27,23
1115,1193,27,23
1098,1164,27,23
1207,1658,27,23
1207,1210,27,23
1193,1207,27,23
1181,1391,27,23
1115,1207,27,23
1245,1391,27,23
1100,1210,27,23
1115,1193,27,23
1164,1210,27,23
1098,1164,27,23
1207,1658,27,23
1098,1658,27,23
1098,1210,27,23
1130,1260,27,23
1193,1207,27,23
1181,1391,27,23
1115,1207,27,23
1115,1658,27,23
1245,1391,27,23
1100,1210,27,23
1164,1207,27,23
1130,1260,27,23
1100,1207,27,23
1210,1658,27,23
1108,1164,27,23
1164,1193,27,23
1130,1260,27,23
1108,1207,27,23
1193,1207,27,23
1115,1207,27,23
1115,1164,27,23
1100,1207,27,23
1221,1260,27,23
1100,1164,27,23
1130,1164,27,23
1164,1207,27,23
1115,1245,27,23
1210,1658,27,23
1207,1245,27,23
1193,1207,27,23
1108,1658,27,23
1181,1207,27,23
1164,1207,27,23
1115,1245,27,23
1164,1193,27,23
1098,1207,27,23
1193,1207,27,23
1098,1181,27,23
1193,1245,27,23
1098,1193,27,23
1181,1207,27,23
1221,1260,27,23
1193,1245,27,23
1193,1207,27,23
1181,1207,27,23
1144,1660,27,23
1098,1207,27,23
1100,1207,27,23
1098,1193,27,23
1098,1164,27,23
1144,1660,27,23
1164,1193,27,23
1181,1207,27,23
1098,1193,27,23
1164,1193,27,23
1115,1207,27,23
1181,1207,27,23
1193,1245,27,23
1098,1193,27,23
1144,1660,27,23
1098,1245,27,23
1164,1193,27,23
1115,1207,27,23
1181,1207,27,23
1193,1245,27,23
1098,1193,27,23
1098,1164,27,23
1115,1207,27,23
1181,1207,27,23
1221,1260,27,23
1193,1245,27,23
1098,1164,27,23
1164,1193,27,23
1115,1207,27,23
1181,1207,27,23
1193,1245,27,23
1207,1352,27,23
1098,1193,27,23
1098,1164,27,23
1164,1193,27,23
1221,1260,27,23
1115,1207,27,23
1164,1245,27,23
1221,1260,27,23
1207,1245,27,23
1115,1207,27,23
1221,1260,27,23
1207,1352,27,23
1164,1193,27,23
1207,1352,27,23
1164,1193,27,23
1115,1207,27,23
1098,1260,27,23
1115,1352,27,23
1164,1193,27,23
1115,1207,27,23
1115,1352,27,23
1245,1260,27,23
1181,1352,27,23
1164,1193,27,23
1115,1207,27,23
1181,1207,27,23
1115,1352,27,23
1245,1260,27,23
1181,1352,27,23
1164,1193,27,23
1115,1207,27,23
1115,1352,27,23
1164,1295,27,23
1164,1193,27,23
1115,1207,27,23
1115,1352,27,23
1115,1207,27,23
1115,1352,27,23
1115,1393,27,23
1221,1660,27,23
1115,1393,27,23
1221,1660,27,23
1207,1352,27,23
1181,1352,27,23
1115,1393,27,23
1221,1660,27,23
1115,1393,27,23
1181,1207,27,23
1221,1660,27,23
1260,1373,27,23
1098,1164,27,23
1159,1164,27,23
1100,1108,27,23
1115,1365,27,23
1221,1660,27,23
1207,1352,27,23
1098,1374,27,23
1100,1193,27,23
1181,1352,27,23
1100,1108,27,23
1108,1193,27,23
1181,1207,27,23
1098,1115,27,23
1098,1374,27,23
1100,1193,27,23
1181,1352,27,23
1100,1108,27,23
1164,1260,27,23
1108,1193,27,23
1100,1193,27,23
1181,1352,27,23
1108,1193,27,23
1181,1352,27,23
1221,1260,27,23
1100,1193,27,23
1157,1164,27,23
1181,1245,27,23
1207,1352,27,23
1100,1193,27,23
1181,1352,27,23
1181,1245,27,23
1260,1660,27,23
1181,1352,27,23
1260,1660,27,23
1207,1352,27,23
1100,1193,27,23
1260,1660,27,23
1207,1352,27,23
1100,1193,27,23
1100,1193,27,23
1100,1193,27,23
1181,1352,27,23
1207,1209,27,23
1100,1193,27,23
1181,1352,27,23
1207,1245,27,23
1108,1193,27,23
1181,1352,27,23
1100,1157,27,23
1181,1352,27,23
1181,1207,27,23
1181,1352,27,23
1100,1108,27,23
1108,1245,27,23
1181,1352,27,23
1100,1108,27,23
1164,1193,27,23
1100,1245,27,23
1108,1245,27,23
1181,1352,27,23
1181,1207,27,23
1181,1352,27,23
1181,1207,27,23
1100,1164,27,23
1210,1658,27,23
1181,1352,27,23
1181,1207,27,23
1100,1245,27,23
1207,1352,27,23
1210,1658,27,23
1181,1352,27,23
1108,1393,27,23
1181,1207,27,23
1210,1658,27,23
1181,1352,27,23
1108,1363,27,23
1193,1245,27,23
1210,1658,27,23
1181,1352,27,23
1100,1108,27,23
1164,1245,27,23
1210,1658,27,23
1181,1352,27,23
1210,1658,27,23
1181,1352,27,23
1210,1658,27,23
1181,1352,27,23
1210,1658,27,23
1164,1295,27,23
1181,1352,27,23
1098,1245,27,23
1210,1658,27,23
1164,1295,27,23
1181,1352,27,23
1098,1245,27,23
1260,1660,27,23
1221,1260,27,23
1164,1295,27,23
1098,1374,27,23
1181,1352,27,23
1098,1245,27,23
1260,1660,27,23
1221,1260,27,23
1207,1352,27,23
1210,1658,27,23
1164,1295,27,23
1098,1374,27,23
1181,1352,27,23
1098,1245,27,23
1260,1660,27,23
1221,1260,27,23
1295,1702,27,23
1245,1374,27,23
1164,1702,27,23
1210,1658,27,23
1164,1295,27,23
1181,1352,27,23
1181,1207,27,23
1221,1260,27,23
1164,1702,27,23
1164,1295,27,23
1210,1658,27,23
1164,1295,27,23
1098,1193,27,23
1181,1352,27,23
1100,1108,27,23
1181,1207,27,23
1295,1702,27,23
1164,1702,27,23
1207,1352,27,23
1210,1658,27,23
1164,1295,27,23
1098,1193,27,23
1181,1352,27,23
1098,1245,27,23
1181,1207,27,23
1295,1702,27,23
1164,1702,27,23
1207,1352,27,23
1210,1658,27,23
1164,1295,27,23
1181,1352,27,23
1181,1207,27,23
1193,1245,27,23
1164,1702,27,23
1210,1658,27,23
1164,1295,27,23
1108,1115,27,23
1164,1702,27,23
1210,1658,27,23
1164,1295,27,23
1181,1352,27,23
1108,1115,27,23
1164,1702,27,23
1210,1658,27,23
1164,1295,27,23
1100,1108,27,23
1295,1702,27,23
1164,1702,27,23
1207,1352,27,23
1210,1658,27,23
1164,1295,27,23
1098,1193,27,23
1181,1352,27,23
1100,1108,27,23
1295,1702,27,23
1193,1245,27,23
1207,1352,27,23
1210,1658,27,23
1164,1295,27,23
1181,1352,27,23
1100,1108,27,23
1100,1159,27,23
1098,1210,27,23
1108,1159,27,23
1295,1702,27,23
1164,1295,27,23
1193,1210,27,23
1100,1108,27,23
1100,1159,27,23
1108,1159,27,23
1181,1207,27,23
1115,1210,27,23
1164,1295,27,23
1100,1108,27,23
1100,1159,27,23
1108,1159,27,23
1130,1144,27,23
1207,1352,27,23
1164,1295,27,23
1100,1159,27,23
1295,1702,27,23
1193,1245,27,23
1144,1209,27,23
1164,1295,27,23
1100,1108,27,23
1100,1159,27,23
1295,1702,27,23
1144,1209,27,23
1115,1210,27,23
1193,1374,27,23
1210,1658,27,23
1181,1352,27,23
1100,1108,27,23
1115,1658,27,23
1181,1207,27,23
1115,1210,27,23
1193,1374,27,23
1130,1221,27,23
1210,1658,27,23
1164,1295,27,23
1181,1352,27,23
1100,1108,27,23
1307,1660,27,23
1115,1658,27,23
1193,1245,27,23
1245,1374,27,23
1144,1209,27,23
1193,1374,27,23
1207,1352,27,23
1164,1295,27,23
1307,1660,27,23
1115,1658,27,23
1193,1245,27,23
1245,1374,27,23
1193,1374,27,23
1164,1295,27,23
1193,1363,27,23
1159,1210,27,23
1100,1108,27,23
1260,1660,27,23
1115,1658,27,23
1245,1374,27,23
1193,1363,27,23
1391,1658,27,23
1260,1660,27,23
1181,1207,27,23
1295,1702,27,23
1193,1245,27,23
1221,1660,27,23
1193,1374,27,23
1207,1352,27,23
1221,1307,27,23
1307,1660,27,23
1115,1658,27,23
1181,1207,27,23
1193,1245,27,23
1221,1660,27,23
1193,1374,27,23
1108,1365,27,23
1307,1660,27,23
1108,1159,27,23
1193,1245,27,23
1221,1660,27,23
1207,1352,27,23
1307,1660,27,23
1108,1159,27,23
1193,1245,27,23
1221,1660,27,23
1157,1159,27,23
1307,1660,27,23
1115,1658,27,23
1108,1159,27,23
1181,1207,27,23
1221,1660,27,23
1207,1352,27,23
1164,1210,27,23
1307,1660,27,23
1181,1207,27,23
1221,1660,27,23
1210,1295,27,23
1193,1374,27,23
1181,1352,27,23
1164,1210,27,23
1098,1164,27,23
1098,1108,27,23
1130,1769,27,23
1098,1210,27,23
1098,1207,27,23
1307,1660,27,23
1115,1658,27,23
1193,1245,27,23
1221,1660,27,23
1210,1295,27,23
1193,1374,27,23
1221,1307,27,23
1164,1210,27,23
1207,1658,27,23
1098,1207,27,23
1307,1660,27,23
1115,1207,27,23
1098,1115,27,23
1193,1245,27,23
1221,1660,27,23
1193,1374,27,23
1098,1193,27,23
1164,1210,27,23
1098,1245,27,23
1130,1769,27,23
1098,1365,27,23
1307,1660,27,23
1181,1207,27,23
1115,1365,27,23
1193,1245,27,23
1193,1374,27,23
1207,1352,27,23
1210,1658,27,23
1098,1374,27,23
1098,1193,27,23
1164,1658,27,23
1098,1245,27,23
1207,1210,27,23
1193,1245,27,23
1193,1374,27,23
1193,1363,27,23
1260,1660,27,23
1193,1245,27,23
1164,1207,27,23
1193,1374,27,23
1193,1363,27,23
1207,1658,27,23
1207,1210,27,23
1260,1660,27,23
1207,1295,27,23
1157,1193,27,23
1157,1245,27,23
1193,1245,27,23
1164,1207,27,23
1193,1374,27,23
1210,1658,27,23
1221,1307,27,23
1164,1658,27,23
1260,1660,27,23
1157,1193,27,23
1157,1245,27,23
1221,1260,27,23
1193,1245,27,23
1221,1660,27,23
1210,1295,27,23
1193,1374,27,23
1221,1307,27,23
1181,1352,27,23
1164,1210,27,23
1164,1658,27,23
1260,1660,27,23
1157,1193,27,23
1193,1245,27,23
1221,1660,27,23
1260,1660,28,24
1157,1245,28,24
1295,1658,28,24
1100,1207,28,24
1221,1260,28,24
1193,1245,28,24
1221,1660,28,24
1193,1374,28,24
1207,1352,28,24
1108,1115,28,24
1260,1660,28,24
1295,1658,28,24
1115,1365,28,24
1221,1260,28,24
1193,1245,28,24
1221,1660,28,24
1193,1374,28,24
1207,1352,28,24
1181,1352,28,24
1100,1108,28,24
1108,1115,28,24
1307,1660,28,24
1115,1365,28,24
1221,1260,28,24
1193,1245,28,24
1221,1660,28,24
1193,1374,28,24
1207,1352,28,24
1210,1658,28,24
1221,1307,28,24
1100,1108,28,24
1260,1660,28,24
1307,1660,28,24
1221,1260,28,24
1221,1660,28,24
1193,1374,28,24
1207,1352,28,24
1221,1307,28,24
1181,1352,28,24
1100,1108,28,24
1260,1660,28,24
1115,1658,28,24
1181,1207,28,24
1221,1260,28,24
1221,1660,28,24
1207,1352,28,24
1100,1108,28,24
1260,1660,28,24
1115,1658,28,24
1221,1260,28,24
1221,1660,28,24
1193,1374,28,24
1207,1352,28,24
1210,1658,28,24
1164,1658,28,24
1100,1108,28,24
1115,1295,28,24
1260,1660,28,24
1108,1365,28,24
1115,1658,28,24
1221,1260,28,24
1221,1660,28,24
1210,1295,28,24
1193,1374,28,24
1181,1352,28,24
1245,1365,28,24
1181,1245,28,24
1115,1295,28,24
1260,1660,28,24
1115,1658,28,24
1221,1260,28,24
1221,1660,28,24
1210,1295,28,24
1193,1374,28,24
1144,1245,28,24
1181,1352,28,24
1164,1658,28,24
1115,1295,28,24
1260,1660,28,24
1157,1193,28,24
1144,1193,28,24
1221,1260,28,24
1193,1245,28,24
1221,1660,28,24
1193,1374,28,24
1144,1245,28,24
1181,1352,28,24
1164,1658,28,24
1100,1108,28,24
1115,1295,28,24
1260,1660,28,24
1157,1193,28,24
1157,1245,28,24
1144,1193,28,24
1221,1260,28,24
1193,1245,28,24
1221,1660,28,24
1193,1374,28,24
1207,1352,28,24
1144,1245,28,24
1181,1352,28,24
1164,1658,28,24
1100,1108,28,24
1144,1157,28,24
1260,1660,28,24
1157,1193,28,24
1157,1245,28,24
1193,1245,28,24
1193,1374,28,24
1144,1245,28,24
1181,1352,28,24
1098,1164,28,24
1164,1658,28,24
1100,1108,28,24
1130,1769,28,24
1098,1658,28,24
1144,1157,28,24
1157,1193,28,24
1221,1260,28,24
1193,1245,28,24
1221,1660,28,24
1157,1374,28,24
1210,1658,28,24
1221,1307,28,24
1181,1352,28,24
1098,1164,28,24
1164,1658,28,24
1100,1108,28,24
1130,1769,28,24
1115,1295,28,24
1144,1157,28,24
1260,1660,28,24
1098,1210,28,24
1157,1193,28,24
1157,1245,28,24
1193,1245,28,24
1144,1245,28,24
1221,1307,28,24
1164,1658,28,24
1130,1769,28,24
1115,1295,28,24
1144,1157,28,24
1260,1660,28,24
1157,1193,28,24
1157,1245,28,24
1144,1193,28,24
1221,1260,28,24
1193,1245,28,24
1221,1660,28,24
1245,1374,28,24
1144,1245,28,24
1181,1352,28,24
1098,1295,28,24
1130,1769,28,24
1115,1295,28,24
1144,1157,28,24
1260,1660,28,24
1157,1193,28,24
1157,1245,28,24
1144,1193,28,24
1144,1374,28,24
1221,1260,28,24
1193,1245,28,24
1221,1660,28,24
1260,1307,28,24
1144,1245,28,24
1181,1352,28,24
1164,1658,28,24
1098,1295,28,24
1130,1769,28,24
1115,1295,28,24
1157,1193,28,24
1157,1245,28,24
1144,1193,28,24
1144,1374,28,24
1221,1260,28,24
1221,1660,28,24
1260,1307,28,24
1193,1374,28,24
1181,1352,28,24
1164,1658,28,24
1130,1769,28,24
1115,1295,28,24
1144,1157,28,24
1157,1245,28,24
1193,1245,28,24
1221,1660,28,24
1181,1352,28,24
1164,1658,28,24
1130,1769,28,24
1115,1295,28,24
1144,1157,28,24
1260,1660,28,24
1221,1660,28,24
1193,1374,28,24
1181,1352,28,24
1115,1295,28,24
1144,1157,28,24
1260,1660,28,24
1098,1100,28,24
1181,1207,28,24
1221,1260,28,24
1193,1245,28,24
1221,1660,28,24
1260,1307,28,24
1210,1295,28,24
1193,1374,28,24
1221,1307,28,24
1181,1352,28,24
1115,1295,28,24
1260,1660,28,24
1144,1393,28,24
1307,1660,28,24
1181,1207,28,24
1221,1260,28,24
1193,1245,28,24
1207,1391,28,24
1207,1352,28,24
1181,1352,28,24
1115,1295,28,24
1260,1660,28,24
1144,1393,28,24
1307,1660,28,24
1181,1207,28,24
1221,1260,28,24
1193,1245,28,24
1221,1660,28,24
1260,1307,28,24
1207,1352,28,24
1181,1352,28,24
1260,1660,28,24
1221,1260,28,24
1193,1245,28,24
1221,1660,28,24
1245,1374,28,24
1193,1374,28,24
1221,1307,28,24
1181,1352,28,24
1164,1658,28,24
1260,1660,28,24
1144,1393,28,24
1098,1144,28,24
1221,1260,28,24
1193,1245,28,24
1221,1660,28,24
1193,1374,28,24
1207,1352,28,24
1164,1658,28,24
1260,1660,28,24
1144,1393,28,24
1098,1144,28,24
1098,1393,28,24
1221,1260,28,24
1193,1245,28,24
1221,1660,28,24
1245,1374,28,24
1181,1352,28,24
1164,1658,28,24
1260,1660,28,24
1098,1144,28,24
1221,1260,28,24
1193,1245,28,24
1221,1660,28,24
1115,1210,28,24
1193,1365,28,24
1164,1658,28,24
1144,1157,28,24
1098,1144,28,24
1159,1209,28,24
1193,1245,28,24
1115,1210,28,24
1144,1245,28,24
1100,1193,28,24
1108,1157,28,24
1159,1660,28,24
1098,1144,28,24
1100,1157,28,24
1193,1245,28,24
1207,1352,28,24
1100,1193,28,24
1181,1352,28,24
1098,1144,28,24
1108,1193,28,24
1207,1352,28,24
1115,1193,28,24
1159,1164,28,24
1157,1260,28,24
1164,1193,28,24
1115,1164,28,24
1100,1391,28,24
1157,1660,28,24
1159,1193,28,24
1164,1209,28,24
1108,1144,28,24
1207,1352,28,24
1181,1352,28,24
1098,1144,28,24
1181,1207,28,24
1193,1245,28,24
1115,1245,28,24
1207,1352,28,24
1181,1352,28,24
1115,1193,28,24
1100,1159,28,24
1098,1144,28,24
1157,1660,28,24
1207,1352,28,24
1181,1352,28,24
1115,1193,28,24
1100,1159,28,24
1115,1164,28,24
1157,1660,28,24
1207,1391,28,24
1210,1295,28,24
1181,1352,28,24
1115,1193,28,24
1193,1210,28,24
1100,1108,28,24
1100,1159,28,24
1164,1193,28,24
1115,1164,28,24
1295,1658,28,24
1108,1159,28,24
1181,1207,28,24
1157,1221,28,24
1221,1260,28,24
1157,1660,28,24
1207,1352,28,24
1210,1658,28,24
1164,1295,28,24
1164,1209,28,24
1193,1658,28,24
1181,1352,28,24
1115,1193,28,24
1193,1210,28,24
1098,1164,28,24
1100,1108,28,24
1164,1193,28,24
1098,1144,28,24
1115,1658,28,24
1181,1207,28,24
1157,1660,28,24
1100,1395,28,24
1207,1352,28,24
1210,1658,28,24
1193,1658,28,24
1115,1193,28,24
1193,1210,28,24
1098,1164,28,24
1144,1193,28,24
1115,1658,28,24
1157,1221,28,24
1157,1660,28,24
1108,1395,28,24
1144,1210,28,24
1100,1395,28,24
1207,1352,28,24
1193,1658,28,24
1181,1352,28,24
1245,1295,28,24
1115,1193,28,24
1193,1210,28,24
1098,1164,28,24
1100,1108,28,24
1144,1164,28,24
1098,1144,28,24
1115,1144,28,24
1144,1193,28,24
1115,1658,28,24
1144,1295,28,24
1157,1660,28,24
1108,1395,28,24
1100,1395,28,24
1207,1352,28,24
1193,1658,28,24
1181,1352,28,24
1115,1193,28,24
1193,1210,28,24
1100,1108,28,24
1193,1209,28,24
1115,1209,28,24
1115,1658,28,24
1144,1209,28,24
1108,1395,28,24
1100,1395,28,24
1181,1352,28,24
1100,1108,28,24
1115,1209,28,24
1209,1295,28,24
1209,1210,28,24
1157,1660,28,24
1108,1395,28,24
1181,1352,28,24
1100,1108,28,24
1157,1260,28,24
1115,1209,28,24
1157,1660,28,24
1108,1395,28,24
1100,1395,28,24
1098,1164,28,24
1100,1108,28,24
1157,1660,28,24
1108,1395,28,24
1100,1395,28,24
1098,1164,28,24
1100,1108,28,24
1157,1260,28,24
1115,1144,28,24
1157,1660,28,24
1108,1395,28,24
1100,1395,28,24
1207,1352,28,24
1181,1352,28,24
1098,1164,28,24
1100,1108,28,24
1100,1365,28,24
1157,1660,28,24
1108,1395,28,24
1100,1395,28,24
1207,1352,28,24
1100,1108,28,24
1115,1295,28,24
1157,1260,28,24
1157,1660,28,24
1108,1395,28,24
1144,1769,28,24
1207,1352,28,24
1181,1352,28,24
1207,1245,28,24
1181,1245,28,24
1100,1108,28,24
1157,1260,28,24
1181,1207,28,24
1157,1660,28,24
1108,1395,28,24
1207,1352,28,24
1193,1658,28,24
1181,1245,28,24
1115,1193,28,24
1100,1108,28,24
1115,1658,28,24
1181,1207,28,24
1108,1395,28,24
1100,1395,28,24
1207,1352,28,24
1193,1658,28,24
1100,1108,28,24
1157,1260,28,24
1115,1658,28,24
1144,1295,28,24
1108,1395,28,24
1193,1658,28,24
1181,1352,28,24
1207,1245,28,24
1100,1108,28,24
1100,1144,28,24
1260,1660,28,24
1157,1260,28,24
1144,1395,28,24
1157,1660,28,24
1108,1395,28,24
1100,1395,28,24
1193,1658,28,24
1181,1352,28,24
1130,1769,28,24
1260,1660,28,24
1157,1260,28,24
1115,1658,28,24
1181,1207,28,24
1157,1660,28,24
1108,1395,28,24
1100,1395,28,24
1207,1352,28,24
1193,1658,28,24
1181,1352,28,24
1260,1660,28,24
1157,1260,28,24
1207,1352,28,24
1193,1658,28,24
1181,1352,28,24
1181,1207,28,24
1157,1660,28,24
1100,1395,28,24
1207,1352,28,24
1181,1352,28,24
1100,1108,28,24
1130,1769,28,24
1159,1660,28,24
1157,1260,28,24
1115,1658,28,24
1207,1352,28,24
1210,1658,28,24
1181,1352,28,24
1159,1660,28,24
1115,1658,28,24
1181,1207,28,24
1207,1352,28,24
1115,1658,28,24
1181,1207,28,24
1193,1658,28,24
1181,1352,28,24
1108,1385,28,24
1115,1658,28,24
1181,1207,28,24
1100,1385,28,24
1207,1352,28,24
1157,1307,28,24
1193,1658,28,24
1181,1352,28,24
1207,1245,28,24
1159,1164,28,24
1108,1385,28,24
1115,1658,28,24
1115,1164,28,24
1181,1207,28,24
1207,1352,28,24
1193,1658,28,24
1181,1352,28,24
1115,1193,28,24
1164,1193,28,24
1115,1164,28,24
1207,1352,28,24
1181,1352,28,24
1115,1193,28,24
1193,1210,28,24
1115,1658,28,24
1181,1207,28,24
1157,1295,28,24
1130,1164,28,24
1181,1352,28,24
1164,1193,28,24
1108,1385,28,24
1115,1658,28,24
1181,1207,28,24
1159,1295,28,24
1157,1307,28,24
1181,1352,28,24
1207,1245,28,24
1108,1385,28,24
1115,1658,28,24
1181,1207,28,24
1157,1295,28,24
1210,1658,28,24
1157,1307,28,24
1181,1352,28,24
1207,1245,28,24
1164,1193,28,24
1108,1385,28,24
1115,1658,28,24
1157,1295,28,24
1144,1159,28,24
1207,1352,28,24
1210,1658,28,24
1193,1658,28,24
1193,1210,28,24
1159,1164,28,24
1144,1164,28,24
1108,1385,28,24
1115,1658,28,24
1181,1207,28,24
1157,1164,28,24
1108,1395,28,24
1144,1159,28,24
1207,1352,28,24
1210,1658,28,24
1193,1658,28,24
1181,1352,28,24
1207,1245,28,24
1159,1164,28,24
1144,1164,28,24
1108,1385,28,24
1115,1658,28,24
1181,1207,28,24
1157,1660,28,24
1144,1159,28,24
1207,1352,28,24
1181,1352,28,24
1207,1245,28,24
1159,1164,28,24
1100,1108,28,24
1144,1164,28,24
1181,1207,28,24
1157,1660,28,24
1144,1159,28,24
1207,1352,28,24
1181,1352,28,24
1100,1108,28,24
1144,1164,28,24
1193,1395,28,24
1181,1207,28,24
1157,1221,28,24
1157,1660,28,24
1144,1159,28,24
1207,1352,28,24
1210,1658,28,24
1193,1395,28,24
1115,1658,28,24
1181,1207,28,24
1157,1221,28,24
1164,1295,28,24
1100,1193,28,24
1207,1245,28,24
1181,1245,28,24
1100,1108,28,24
1193,1395,28,24
1115,1658,28,24
1115,1164,28,24
1181,1207,28,24
1157,1221,28,24
1207,1352,28,24
1207,1245,28,24
1164,1210,28,24
1100,1108,28,24
1245,1352,28,24
1193,1395,28,24
1115,1658,28,24
1115,1164,28,24
1157,1660,28,24
1207,1352,28,24
1207,1245,28,24
1164,1658,28,24
1100,1108,28,24
1193,1395,28,24
1115,1658,28,24
1115,1164,28,24
1157,1660,28,24
1207,1352,28,24
1181,1352,28,24
1207,1245,28,24
1164,1658,28,24
1100,1108,28,24
1245,1352,28,24
1193,1395,28,24
1115,1164,28,24
1181,1207,28,24
1157,1221,28,24
1157,1660,28,24
1181,1352,28,24
1164,1658,28,24
1100,1108,28,24
1193,1395,28,24
1115,1164,28,24
1181,1207,28,24
1157,1221,28,24
1157,1660,28,24
1210,1245,28,24
1207,1352,28,24
1181,1352,28,24
1164,1210,28,24
1100,1108,28,24
1193,1395,28,24
1115,1164,28,24
1157,1660,28,24
1245,1658,28,24
1207,1352,28,24
1181,1352,28,24
1193,1395,28,24
1295,1307,28,24
1181,1207,28,24
1164,1245,28,24
1157,1660,28,24
1245,1658,28,24
1144,1159,28,24
1115,1210,28,24
1207,1352,28,24
1115,1658,28,24
1164,1393,28,24
1164,1245,28,24
1157,1660,28,24
1144,1159,28,24
1115,1210,28,24
1207,1352,28,24
1164,1393,28,24
1157,1660,28,24
1115,1210,28,24
1207,1245,28,24
1245,1352,28,24
1130,1159,28,24
1193,1395,28,24
1295,1307,28,24
1164,1393,28,24
1181,1207,28,24
1207,1245,28,24
1181,1245,28,24
1245,1352,28,24
1295,1307,28,24
1115,1164,28,24
1181,1352,28,24
1207,1245,28,24
1181,1245,28,24
1164,1210,28,24
1245,1352,28,24
1193,1395,28,24
1115,1365,28,24
1157,1660,28,24
1207,1245,28,24
1193,1395,28,24
1157,1660,28,24
1207,1352,28,24
1181,1352,28,24
1207,1245,28,24
1193,1395,28,24
1181,1207,28,24
1157,1164,28,24
1157,1660,28,24
1193,1295,28,24
1295,1395,28,24
1207,1352,28,24
1164,1221,28,24
1207,1245,28,24
1181,1245,28,24
1245,1352,28,24
1164,1260,28,24
1193,1395,28,24
1181,1207,28,24
1157,1660,28,24
1193,1295,28,24
1295,1395,28,24
1207,1245,28,24
1193,1395,28,24
1115,1658,28,24
1115,1164,28,24
1157,1660,28,24
1193,1295,28,24
1295,1395,28,24
1207,1352,28,24
1207,1245,28,24
1193,1395,28,24
1181,1207,28,24
1157,1660,28,24
1193,1295,28,24
1115,1210,28,24
1295,1395,28,24
1207,1352,28,24
1207,1245,28,24
1245,1352,28,24
1193,1395,28,24
1181,1207,28,24
1157,1660,28,24
1193,1295,28,24
1207,1245,28,24
1181,1245,28,24
1245,1352,28,24
1193,1395,28,24
1181,1207,28,24
1207,1245,28,24
1245,1352,28,24
1193,1395,28,24
1181,1207,28,24
1157,1660,28,24
1193,1295,28,24
1207,1352,28,24
1157,1260,28,24
1193,1395,28,24
1181,1207,28,24
1193,1295,28,24
1181,1352,28,24
1130,1260,28,24
1193,1395,28,24
1181,1207,28,24
1221,1260,28,24
1181,1352,28,24
1130,1260,28,24
1115,1658,28,24
1157,1221,28,24
1130,1221,28,24
1181,1352,28,24
1157,1221,28,24
1221,1260,28,24
1193,1395,28,24
1115,1207,28,24
1130,1221,28,24
1144,1260,28,24
1193,1327,28,24
1157,1391,28,24
1130,1144,28,24
1193,1327,28,24
1157,1391,28,24
1181,1207,28,24
1144,1365,28,24
1157,1391,28,24
1115,1658,28,24
1148,1260,28,24
1181,1207,28,24
1260,1660,28,24
1157,1391,28,24
1295,1307,28,24
1115,1164,28,24
1148,1260,28,24
1221,1660,28,24
1164,1181,28,24
1144,1660,28,24
1148,1221,28,24
1260,1660,28,24
1157,1391,28,24
1144,1193,28,24
1148,1260,28,24
1148,1660,28,24
1164,1181,28,24
1148,1221,28,24
1181,1295,28,24
1260,1660,28,24
1207,1295,28,24
1157,1391,28,24
1115,1164,28,24
1130,1207,28,24
1181,1207,28,24
1148,1660,28,24
1221,1260,28,24
1115,1130,28,24
1130,1164,28,24
1164,1207,28,24
1157,1391,28,24
1115,1164,28,24
1164,1207,28,24
1157,1391,28,24
1115,1658,28,24
1115,1164,28,24
1130,1660,28,24
1157,1391,28,24
1115,1658,28,24
1164,1295,28,24
1207,1658,28,24
1157,1391,28,24
1115,1207,28,24
1115,1658,28,24
1207,1658,28,24
1157,1391,28,24
1115,1207,28,24
1115,1193,28,24
1157,1391,28,24
1193,1207,28,24
1193,1658,28,24
1098,1164,28,24
1157,1391,28,24
1221,1260,28,24
1115,1660,28,24
1098,1164,28,24
1157,1391,28,24
1148,1260,28,24
1115,1181,28,24
1221,1260,28,24
1115,1221,28,24
1115,1660,28,24
1157,1391,28,24
1115,1207,28,24
1115,1660,28,24
1130,1365,28,24
1115,1260,28,24
1148,1365,28,24
1260,1365,28,24
1157,1391,28,24
1130,1260,28,24
1130,1207,28,24
1148,1260,28,24
1207,1365,28,24
1115,1221,28,24
1115,1148,28,24
1207,1658,28,24
1157,1391,28,24
1130,1260,28,24
1115,1207,28,24
1115,1658,28,24
1207,1365,28,24
1221,1660,28,24
1157,1391,28,24
1115,1207,28,24
1148,1260,28,24
1207,1365,28,24
1207,1658,28,24
1157,1391,28,24
1115,1207,28,24
1115,1658,28,24
1207,1365,28,24
1115,1245,28,24
1207,1658,28,24
1157,1391,28,24
1115,1207,28,24
1115,1658,28,24
1148,1260,28,24
1115,1320,28,24
1207,1658,28,24
1157,1391,28,24
1115,1320,28,24
1207,1658,28,24
1295,1365,28,24
1115,1320,28,24
1181,1245,28,24
1221,1260,28,24
1207,1365,28,24
1115,1320,28,24
1115,1295,28,24
1295,1320,28,24
1207,1365,28,24
1115,1320,28,24
1658,1769,28,24
1207,1295,28,24
1207,1365,28,24
1115,1320,28,24
1658,1769,28,24
1148,1260,28,24
1207,1365,28,24
1115,1320,28,24
1098,1164,28,24
1221,1260,28,24
1207,1365,28,24
1115,1320,28,24
1098,1164,28,24
1207,1658,28,24
1115,1207,28,24
1115,1658,28,24
1115,1365,28,24
1207,1365,28,24
1115,1207,28,24
1207,1365,28,24
1115,1210,28,24
1210,1245,28,24
1210,1658,28,24
1098,1164,28,24
1115,1658,28,24
1181,1327,28,24
1207,1365,28,24
1115,1210,28,24
1210,1245,28,24
1210,1658,28,24
1098,1164,28,24
1115,1295,28,24
1115,1658,28,24
1295,1658,28,24
1207,1365,28,24
1115,1245,28,24
1115,1210,28,24
1210,1658,28,24
1098,1164,28,24
1207,1295,28,24
1115,1658,28,24
1295,1365,28,24
1221,1260,28,24
1207,1365,28,24
1115,1245,28,24
1115,1210,28,24
1098,1164,28,24
1207,1365,28,24
1658,1702,28,24
1115,1210,28,24
1295,1320,28,24
1115,1658,28,24
1181,1327,28,24
1221,1260,28,24
1207,1365,28,24
1115,1210,28,24
1210,1658,28,24
1207,1295,28,24
1115,1658,28,24
1295,1365,28,24
1181,1327,28,24
1221,1260,28,24
1207,1365,28,24
1115,1210,28,24
1207,1658,28,24
1207,1210,28,24
1207,1295,28,24
1115,1658,28,24
1295,1658,28,24
1245,1658,28,24
1115,1210,28,24
1207,1658,28,24
1207,1210,28,24
1115,1210,28,24
1115,1658,28,24
1115,1210,28,24
1115,1658,28,24
1181,1327,28,24
1221,1260,28,24
1295,1702,28,24
1098,1658,28,24
1181,1327,28,24
1098,1320,28,24
1115,1327,28,24
1295,1702,28,24
1193,1245,28,24
1164,1207,28,24
1383,1658,28,24
1221,1260,28,24
1193,1245,28,24
1115,1210,28,24
1098,1374,28,24
1207,1210,28,24
1383,1658,28,24
1115,1207,28,24
1115,1164,28,24
1221,1260,28,24
1295,1702,28,24
1193,1245,28,24
1098,1374,28,24
1383,1658,28,24
1164,1193,28,24
1115,1207,28,24
1098,1320,28,24
1164,1245,28,24
1295,1702,28,24
1193,1245,28,24
1098,1320,28,24
1164,1245,28,24
1221,1260,28,24
1295,1702,28,24
1115,1193,28,24
1193,1210,28,24
1193,1207,28,24
1115,1207,28,24
1115,1164,28,24
1295,1365,28,24
1164,1245,28,24
1221,1260,28,24
1164,1207,28,24
1115,1245,28,24
1115,1210,28,24
1193,1210,28,24
1164,1210,28,24
1207,1210,28,24
1115,1207,28,24
1115,1164,28,24
1164,1245,28,24
1164,1207,28,24
1181,1210,28,24
1115,1207,28,24
1221,1260,28,24
1164,1207,28,24
1181,1210,28,24
1383,1658,28,24
1115,1207,28,24
1157,1164,28,24
1164,1391,28,24
1115,1207,28,24
1221,1260,28,24
1157,1352,28,24
1295,1374,28,24
1164,1391,28,24
1115,1207,28,24
1115,1210,28,24
1157,1352,28,24
1295,1374,28,24
1207,1245,28,24
1221,1260,28,24
1115,1210,28,24
1210,1245,28,24
1157,1352,28,24
1164,1210,28,24
1207,1210,28,24
1115,1164,28,24
1164,1245,28,24
1221,1260,28,24
1164,1207,28,24
1115,1210,28,24
1157,1352,28,24
1207,1245,28,24
1115,1207,28,24
1115,1164,28,24
1164,1245,28,24
1164,1207,28,24
1115,1245,28,24
1207,1245,28,24
1115,1207,28,24
1115,1164,28,24
1157,1352,28,24
1295,1374,28,24
1181,1210,28,24
1115,1207,28,24
1157,1352,28,24
1295,1374,28,24
1115,1395,28,24
1157,1352,28,24
1295,1374,28,24
1193,1210,28,24
1115,1395,28,24
1115,1327,28,24
1164,1207,28,24
1193,1210,28,24
1115,1395,28,24
1130,1260,28,24
1164,1207,28,24
1245,1307,28,24
1193,1210,28,24
1164,1210,28,24
1115,1395,28,24
1207,1210,28,24
1130,1260,28,24
1115,1327,28,24
1210,1245,28,24
1207,1245,28,24
1115,1395,28,24
1207,1210,28,24
1181,1391,28,24
1181,1391,28,24
1130,1260,28,24
1181,1391,28,24
1115,1327,28,24
1164,1658,28,24
1207,1210,28,24
1115,1164,28,24
1157,1295,28,24
1148,1221,28,24
1207,1210,28,24
1260,1660,28,24
1148,1260,28,24
1221,1260,28,24
1207,1210,28,24
1260,1660,28,24
1295,1365,28,24
1148,1260,28,24
1260,1295,28,24
1295,1660,28,24
1130,1660,28,24
1148,1221,28,24
1207,1210,28,24
1130,1221,28,24
1130,1658,28,24
1181,1193,28,24
1193,1658,28,24
1207,1658,28,24
1260,1660,28,24
1130,1207,28,24
1164,1245,28,24
1157,1221,28,24
1221,1260,28,24
1181,1245,28,24
1115,1207,28,24
1164,1245,28,24
1221,1260,28,24
1210,1307,28,24
1181,1193,28,24
1181,1245,28,24
1115,1207,28,24
1210,1378,28,24
1181,1245,28,24
1115,1207,28,24
1148,1260,28,24
1210,1378,28,24
1181,1245,28,24
1193,1207,28,24
1210,1378,28,24
1207,1295,28,24
1210,1378,28,24
1207,1365,28,24
1115,1295,28,24
1210,1378,28,24
1115,1658,28,24
1115,1210,28,24
1210,1295,28,24
1210,1658,28,24
1115,1295,28,24
1115,1658,28,24
1157,1221,28,24
1130,1157,28,24
1115,1210,28,24
1295,1658,28,24
1210,1378,28,24
1115,1378,28,24
1157,1221,28,24
1115,1245,28,24
1115,1295,28,24
1295,1658,28,24
1210,1378,28,24
1210,1378,28,24
1207,1365,28,24
1193,1207,28,24
1115,1378,28,24
1210,1295,28,24
1207,1295,28,24
1115,1378,28,24
1098,1164,28,24
1207,1210,28,24
1098,1210,28,24
1115,1210,28,24
1193,1207,28,24
1115,1210,28,24
1098,1210,28,24
1098,1144,28,24
1115,1144,28,24
1193,1207,28,24
1098,1115,28,24
1144,1210,28,24
1181,1210,28,24
1098,1210,28,24
1098,1144,28,24
1193,1207,28,24
1115,1210,28,24
1115,1144,28,24
1193,1207,28,24
1115,1210,28,24
1144,1210,28,24
1193,1207,28,24
1115,1210,28,24
1207,1210,28,24
1207,1295,28,24
1193,1207,28,24
1115,1164,28,24
1148,1260,28,24
1115,1210,28,24
1181,1245,28,24
1164,1210,28,24
1207,1210,28,24
1115,1164,28,24
1144,1221,28,24
1115,1210,28,24
1181,1245,28,24
1115,1164,28,24
1115,1210,28,24
1144,1148,28,24
1181,1245,28,24
1164,1210,28,24
1115,1144,28,24
1115,1207,28,24
1115,1164,28,24
1164,1207,28,24
1115,1245,28,24
1144,1245,28,24
1181,1245,28,24
1193,1210,28,24
1144,1164,28,24
1193,1207,28,24
1144,1193,28,24
1115,1658,28,24
1164,1295,28,24
1181,1245,28,24
1148,1157,28,24
1144,1295,28,24
1164,1295,28,24
1164,1658,28,24
1295,1658,28,24
1164,1181,28,24
1144,1658,28,24
1181,1245,28,24
1144,1658,28,24
1207,1210,28,24
1115,1207,28,24
1164,1295,28,24
1164,1658,28,24
1148,1221,28,24
1115,1207,28,24
1295,1658,28,24
1148,1260,28,24
1221,1660,28,24
1164,1295,28,24
1144,1148,28,24
1144,1260,28,24
1164,1658,28,24
1144,1157,28,24
1157,1260,28,24
1115,1207,28,24
1295,1658,28,24
1157,1221,28,24
1164,1295,28,24
1164,1658,28,24
1115,1207,28,24
1295,1658,28,24
1164,1658,28,24
1245,1352,28,24
1115,1207,28,24
1207,1210,28,24
1245,1352,28,24
1115,1207,28,24
1295,1658,28,24
1245,1352,28,24
1295,1658,28,24
1210,1365,28,24
1245,1352,28,24
1245,1391,28,24
1130,1157,28,24
1148,1221,28,24
1245,1352,28,24
1295,1658,28,24
1164,1701,28,24
1157,1159,28,24
1245,1352,28,24
1130,1260,28,24
1148,1260,28,24
1164,1701,28,24
1181,1352,28,24
1148,1221,28,24
1245,1352,28,24
1130,1260,28,24
1148,1157,28,24
1148,1221,28,24
1245,1352,28,24
1130,1260,28,24
1148,1260,28,24
1157,1221,28,24
1148,1157,28,24
1157,1260,28,24
1245,1352,28,24
1115,1207,28,24
1295,1658,28,24
1164,1701,28,24
1245,1352,28,24
1115,1207,28,24
1164,1701,28,24
1148,1157,28,24
1245,1352,28,24
1148,1660,28,24
1157,1221,28,24
1164,1701,28,24
1193,1295,28,24
1148,1157,28,24
1245,1352,28,24
1115,1207,28,24
1164,1701,28,24
1148,1221,28,24
1245,1352,28,24
1130,1157,28,24
1181,1245,28,24
1245,1352,28,24
1210,1365,28,24
1207,1210,28,24
1245,1352,28,24
1157,1221,28,24
1207,1221,28,24
1207,1210,28,24
1245,1352,28,24
1164,1701,28,24
1181,1352,28,24
1207,1210,28,24
1245,1352,28,24
1115,1207,28,24
1148,1260,28,24
1164,1701,28,24
1245,1352,28,24
1115,1207,28,24
1164,1701,28,24
1245,1352,28,24
1115,1207,28,24
1148,1260,28,24
1115,1210,28,24
1115,1207,28,24
1148,1260,28,24
1164,1701,28,24
1115,1210,28,24
1207,1210,28,24
1115,1207,28,24
1148,1260,28,24
1164,1701,28,24
1181,1245,28,24
1245,1352,28,24
1115,1207,28,24
1148,1260,28,24
1164,1701,28,24
1115,1210,28,24
1210,1658,28,24
1181,1352,28,24
1207,1658,28,24
1207,1210,28,24
1115,1207,28,24
1115,1658,28,24
1148,1260,28,24
1164,1701,28,24
1115,1210,28,24
1157,1320,28,24
1148,1221,28,24
1115,1207,28,24
1164,1701,28,24
1157,1320,28,24
1207,1210,28,24
1148,1260,28,24
1148,1660,28,24
1164,1701,28,24
1181,1352,28,24
1157,1320,28,24
1207,1210,28,24
1164,1701,28,24
1157,1320,28,24
1148,1221,28,24
1207,1210,28,24
1148,1260,28,24
1221,1260,28,24
1157,1320,28,24
1148,1221,28,24
1148,1260,28,24
1164,1701,28,24
1210,1295,28,24
1181,1352,28,24
1157,1320,28,24
1207,1210,28,24
1260,1660,28,24
1207,1295,28,24
1164,1701,28,24
1159,1260,28,24
1210,1295,28,24
1164,1658,28,24
1207,1210,28,24
1098,1658,28,24
1260,1660,28,24
1210,1295,28,24
1181,1352,28,24
1148,1221,28,24
1207,1210,28,24
1115,1207,28,24
1164,1701,28,24
1115,1210,28,24
1148,1157,28,24
1148,1221,28,24
1207,1210,28,24
1157,1221,28,24
1164,1701,28,24
1148,1157,28,24
1164,1658,28,24
1207,1210,28,24
1295,1658,28,24
1148,1295,28,24
1164,1295,28,24
1148,1164,28,24
1181,1245,28,24
1164,1658,28,24
1207,1210,28,24
1148,1295,28,24
1181,1352,28,24
1207,1210,28,24
1245,1352,28,24
1164,1295,28,24
1148,1157,28,24
1164,1658,28,24
1207,1210,28,24
1245,1352,28,24
1295,1658,28,24
1164,1295,28,24
1181,1352,28,24
1157,1159,28,24
1164,1658,28,24
1207,1210,28,24
1245,1352,28,24
1148,1159,28,24
1115,1207,28,24
1295,1658,28,24
1181,1352,28,24
1207,1210,28,24
1157,1260,28,24
1245,1352,28,24
1115,1207,28,24
1295,1658,28,24
1179,1207,28,24
1148,1157,28,24
1207,1210,28,24
1157,1260,28,24
1245,1352,28,24
1115,1207,28,24
1164,1295,28,24
1181,1352,28,24
1164,1658,28,24
1207,1210,28,24
1245,1352,28,24
1115,1207,28,24
1164,1658,28,24
1207,1210,28,24
1245,1352,28,24
1295,1658,28,24
1207,1210,28,24
1245,1352,28,24
1207,1210,28,24
1098,1207,28,24
1115,1207,28,24
1207,1210,28,24
1115,1207,28,24
1157,1365,28,24
1207,1210,28,24
1115,1207,28,24
1157,1365,28,24
1179,1658,28,24
1098,1395,28,24
1245,1352,28,24
1115,1207,28,24
1157,1365,28,24
1179,1658,28,24
1148,1221,28,24
1115,1207,28,24
1098,1327,28,24
1157,1365,28,24
1115,1210,28,24
1179,1658,28,24
1207,1210,28,24
1245,1352,28,24
1115,1207,28,24
1157,1365,28,24
1115,1210,28,24
1207,1210,28,24
1245,1352,28,24
1115,1207,28,24
1295,1658,28,24
1148,1221,28,24
1207,1210,28,24
1245,1352,28,24
1115,1207,28,24
1295,1658,28,24
1157,1365,28,24
1148,1221,28,24
1207,1210,28,24
1164,1193,28,24
1245,1352,28,24
1115,1207,28,24
1295,1658,28,24
1157,1365,28,24
1181,1352,28,24
1164,1658,28,24
1148,1221,28,24
1207,1210,28,24
1164,1193,28,24
1157,1365,28,24
1193,1658,28,24
1181,1352,28,24
1164,1658,28,24
1148,1221,28,24
1207,1210,28,24
1245,1352,28,24
1115,1157,28,24
1157,1365,28,24
1193,1658,28,24
1181,1352,28,24
1164,1658,28,24
1207,1210,28,24
1164,1193,28,24
1245,1352,28,24
1157,1365,28,24
1221,1658,28,24
1193,1658,28,24
1148,1193,28,24
1164,1658,28,24
1148,1221,28,24
1207,1210,28,24
1221,1658,28,24
1193,1658,28,24
1164,1658,28,24
1207,1210,28,24
1164,1193,28,24
1207,1210,28,24
1115,1207,28,24
1098,1327,28,24
1164,1658,28,24
1207,1210,28,24
1245,1352,28,24
1115,1207,28,24
1157,1660,28,24
1164,1658,28,24
1207,1210,28,24
1193,1658,28,24
1164,1658,28,24
1207,1210,28,24
1207,1210,28,24
1115,1207,28,24
1164,1658,28,24
1207,1210,28,24
1115,1207,28,24
1193,1658,28,24
1130,1295,28,24
1164,1658,28,24
1207,1210,28,24
1115,1207,28,24
1130,1210,28,24
1164,1658,28,24
1221,1701,28,24
1164,1658,28,24
1164,1193,28,24
1245,1352,28,24
1295,1658,28,24
1210,1365,28,24
1295,1391,28,24
1164,1658,28,24
1157,1260,28,24
1245,1352,28,24
1295,1391,28,24
1193,1701,28,24
1179,1365,28,24
1144,1260,28,24
1295,1391,28,24
1148,1221,28,24
1157,1260,28,24
1245,1352,28,24
1144,1260,28,24
1295,1391,28,24
1144,1157,28,24
1157,1260,28,24
1164,1193,28,24
1245,1352,28,24
1193,1207,28,24
1157,1221,28,24
1164,1207,28,24
1179,1702,28,24
1148,1221,28,24
1164,1193,28,24
1245,1352,28,24
1193,1207,28,24
1164,1207,28,24
1193,1658,28,24
1245,1352,28,24
1164,1658,28,24
1144,1157,28,24
1157,1260,28,24
1164,1193,28,24
1245,1352,28,24
1115,1207,28,24
1181,1352,28,24
1144,1157,28,24
1245,1352,28,24
1144,1179,28,24
1295,1378,28,24
1181,1245,28,24
1144,1702,28,24
1245,1352,28,24
1115,1207,28,24
1157,1179,28,24
1295,1378,28,24
1181,1352,28,24
1245,1352,28,24
1295,1307,28,24
1115,1207,28,24
1157,1702,28,24
1210,1295,28,24
1144,1157,28,24
1207,1210,28,24
1245,1352,28,24
1148,1260,28,24
1295,1378,28,24
1207,1210,28,24
1245,1352,28,24
1295,1307,28,24
1148,1260,28,24
1157,1702,28,24
1245,1352,28,24
1295,1307,28,24
1115,1207,28,24
1115,1210,28,24
1207,1210,28,24
1245,1352,28,24
1295,1307,28,24
1115,1207,28,24
1115,1210,28,24
1148,1221,28,24
1207,1210,28,24
1245,1352,28,24
1295,1307,28,24
1115,1207,28,24
1157,1702,28,24
1148,1221,28,24
1207,1210,28,24
1144,1157,28,24
1295,1307,28,24
1157,1702,28,24
1295,1378,28,24
1207,1210,28,24
1144,1157,28,24
1207,1210,28,24
1144,1157,28,24
1179,1378,28,24
1179,1295,28,24
1181,1352,28,24
1207,1210,28,24
1245,1352,28,24
1179,1378,28,24
1179,1295,28,24
1144,1702,28,24
1207,1210,28,24
1245,1352,28,24
1295,1378,28,24
1148,1221,28,24
1207,1210,28,24
1245,1352,28,24
1157,1702,28,24
1181,1352,28,24
1148,1221,28,24
1207,1210,28,24
1181,1352,28,24
1148,1221,28,24
1207,1210,28,24
1144,1157,28,24
1181,1352,28,24
1179,1327,28,24
1148,1221,28,24
1207,1210,28,24
1181,1352,28,24
1181,1245,28,24
1179,1327,28,24
1207,1210,28,24
1245,1352,28,24
1181,1352,28,24
1207,1210,28,24
1245,1352,28,24
1181,1352,28,24
1181,1245,28,24
1207,1210,28,24
1144,1157,28,24
1144,1295,28,24
1157,1295,28,24
1181,1352,28,24
1148,1221,28,24
1207,1210,28,24
1144,1157,28,24
1157,1295,28,24
1148,1157,28,24
1207,1210,28,24
1144,1157,28,24
1144,1295,28,24
1148,1157,28,24
1179,1210,28,24
1157,1221,28,24
1148,1221,28,24
1144,1157,28,24
1179,1210,28,24
1157,1221,28,24
1245,1295,28,24
1144,1221,28,24
1144,1148,28,24
1207,1210,28,24
1144,1221,28,24
1157,1221,28,24
1207,1210,28,24
1130,1221,28,24
1207,1210,28,24
1130,1221,28,24
1181,1352,28,24
1207,1210,28,24
1207,1210,28,24
1144,1157,28,24
1179,1207,28,24
1207,1210,28,24
1207,1210,28,24
1144,1260,28,24
1207,1210,28,24
1207,1210,28,24
1144,1157,28,24
1115,1179,28,24
1179,1207,29,25
1207,1210,29,25
1144,1157,29,25
1207,1210,29,25
1157,1260,29,25
1115,1179,29,25
1207,1210,29,25
1207,1210,29,25
1179,1207,29,25
1207,1210,29,25
1144,1148,29,25
1207,1210,29,25
1207,1210,29,25
1144,1157,29,25
1157,1260,29,25
1144,1148,29,25
1148,1157,29,25
1207,1210,29,25
1144,1157,29,25
1144,1148,29,25
1148,1157,29,25
1207,1210,29,25
1144,1157,29,25
1207,1210,29,25
1144,1157,29,25
1144,1148,29,25
1179,1207,29,25
1207,1210,29,25
1179,1207,29,25
1207,1210,29,25
1144,1157,29,25
1207,1210,29,25
1144,1157,29,25
1207,1210,29,25
1144,1157,29,25
1207,1210,29,25
1144,1157,29,25
1179,1207,29,25
1207,1210,29,25
1207,1210,29,25
1181,1295,29,25
1144,1157,29,25
1207,1210,29,25
1157,1295,29,25
1207,1210,29,25
1148,1260,29,25
1207,1210,29,25
1207,1210,29,25
1157,1383,29,25
1207,1210,29,25
1207,1210,29,25
1179,1365,29,25
1157,1702,29,25
1179,1207,29,25
1207,1210,29,25
1148,1260,29,25
1157,1383,29,25
1179,1207,29,25
1157,1383,29,25
1207,1210,29,25
1207,1210,29,25
1115,1210,29,25
1157,1383,29,25
1207,1210,29,25
1115,1179,29,25
1115,1210,29,25
1179,1207,29,25
1207,1210,29,25
1115,1179,29,25
1157,1383,29,25
1207,1210,29,25
1207,1210,29,25
1115,1207,29,25
1179,1207,29,25
1207,1210,29,25
1207,1210,29,25
1157,1260,29,25
1210,1295,29,25
1207,1210,29,25
1115,1295,29,25
1144,1179,29,25
1179,1207,29,25
1148,1157,29,25
1207,1210,29,25
1115,1295,29,25
1179,1210,29,25
1181,1327,29,25
1148,1157,29,25
1207,1210,29,25
1181,1327,29,25
1179,1207,29,25
1148,1157,29,25
1142,1205,29,25
1295,1702,29,25
1179,1207,29,25
1179,1207,29,25
1115,1383,29,25
1148,1157,29,25
1179,1207,29,25
1115,1383,29,25
1181,1245,29,25
1157,1260,29,25
1148,1260,29,25
1179,1207,29,25
1115,1383,29,25
1148,1157,29,25
1207,1210,29,25
1148,1260,29,25
1179,1207,29,25
1148,1157,29,25
1207,1210,29,25
1179,1207,29,25
1207,1210,29,25
1179,1207,29,25
1207,1210,29,25
1148,1701,29,25
1179,1207,29,25
1207,1210,29,25
1179,1207,29,25
1115,1383,29,25
1207,1210,29,25
1179,1207,29,25
1260,1385,29,25
1179,1207,29,25
1115,1383,29,25
1207,1210,29,25
1115,1295,29,25
1260,1385,29,25
1179,1207,29,25
1115,1383,29,25
1115,1295,29,25
1179,1207,29,25
1207,1210,29,25
1115,1295,29,25
1260,1385,29,25
1179,1207,29,25
1115,1383,29,25
1207,1210,29,25
1115,1295,29,25
1260,1385,29,25
1179,1207,29,25
1115,1295,29,25
1260,1385,29,25
1179,1210,29,25
1179,1207,29,25
1115,1383,29,25
1207,1210,29,25
1115,1295,29,25
1179,1210,29,25
1179,1207,29,25
1207,1210,29,25
1115,1295,29,25
1260,1385,29,25
1205,1207,29,25
1179,1207,29,25
1115,1383,29,25
1207,1210,29,25
1115,1295,29,25
1179,1210,29,25
1179,1205,29,25
1115,1383,29,25
1181,1245,29,25
1207,1210,29,25
1115,1295,29,25
1260,1385,29,25
1115,1383,29,25
1181,1245,29,25
1207,1210,29,25
1115,1295,29,25
1179,1210,29,25
1179,1207,29,25
1207,1210,29,25
1115,1295,29,25
1179,1210,29,25
1179,1207,29,25
1207,1210,29,25
1115,1295,29,25
1115,1383,29,25
1179,1205,29,25
1260,1385,29,25
1207,1210,29,25
1115,1210,29,25
1179,1207,29,25
1115,1210,29,25
1207,1210,29,25
1115,1207,29,25
1207,1210,29,25
1109,1207,29,25
1109,1179,29,25
1207,1210,29,25
1109,1142,29,25
1207,1210,29,25
1207,1210,29,25
1179,1769,29,25
1295,1383,29,25
1109,1207,29,25
1207,1210,29,25
1295,1383,29,25
1109,1207,29,25
1207,1210,29,25
1179,1365,29,25
1295,1383,29,25
1109,1207,29,25
1207,1210,29,25
1295,1383,29,25
1109,1207,29,25
1207,1210,29,25
1142,1207,29,25
1205,1295,29,25
1109,1207,29,25
1207,1210,29,25
1205,1295,29,25
1109,1207,29,25
1207,1210,29,25
1205,1295,29,25
1179,1207,29,25
1109,1207,29,25
1207,1210,29,25
1205,1295,29,25
1109,1207,29,25
1109,1179,29,25
1207,1210,29,25
1181,1295,29,25
1179,1207,29,25
1181,1245,29,25
1109,1179,29,25
1109,1207,29,25
1207,1210,29,25
1109,1115,29,25
1115,1207,29,25
1109,1207,29,25
1109,1179,29,25
1115,1179,29,25
1109,1115,29,25
1109,1179,29,25
1207,1210,29,25
1109,1115,29,25
1207,1210,29,25
1115,1179,29,25
1109,1115,29,25
1109,1115,29,25
1327,1395,29,25
1207,1210,29,25
1109,1115,29,25
1109,1207,29,25
1207,1210,29,25
1109,1115,29,25
1109,1207,29,25
1157,1362,29,25
1207,1210,29,25
1109,1115,29,25
1115,1207,29,25
1109,1207,29,25
1295,1378,29,25
1157,1362,29,25
1207,1210,29,25
1115,1179,29,25
1109,1115,29,25
1115,1207,29,25
1109,1207,29,25
1295,1378,29,25
1157,1362,29,25
1207,1210,29,25
1109,1115,29,25
1109,1207,29,25
1295,1378,29,25
1207,1210,29,25
1109,1115,29,25
1098,1205,29,25
1157,1362,29,25
1115,1179,29,25
1109,1115,29,25
1098,1205,29,25
1109,1207,29,25
1157,1362,29,25
1109,1115,29,25
1098,1205,29,25
1109,1207,29,25
1157,1362,29,25
1109,1115,29,25
1098,1205,29,25
1157,1362,29,25
1207,1210,29,25
1115,1179,29,25
1109,1115,29,25
1098,1205,29,25
1157,1362,29,25
1115,1179,29,25
1109,1115,29,25
1157,1362,29,25
1207,1210,29,25
1115,1179,29,25
1115,1207,29,25
1157,1362,29,25
1207,1210,29,25
1109,1205,29,25
1115,1207,29,25
1181,1245,29,25
1207,1210,29,25
1109,1205,29,25
1295,1307,29,25
1115,1207,29,25
1295,1307,29,25
1115,1207,29,25
1098,1157,29,25
1109,1207,29,25
1207,1210,29,25
1115,1179,29,25
1295,1307,29,25
1115,1207,29,25
1115,1179,29,25
1295,1307,29,25
1207,1210,29,25
1109,1207,29,25
1207,1210,29,25
1157,1260,29,25
1295,1307,29,25
1115,1207,29,25
1157,1378,29,25
1109,1210,29,25
1109,1179,29,25
1207,1210,29,25
1109,1115,29,25
1109,1207,29,25
1181,1245,29,25
1109,1179,29,25
1207,1210,29,25
1115,1179,29,25
1109,1115,29,25
1295,1307,29,25
1109,1207,29,25
1207,1210,29,25
1115,1179,29,25
1109,1115,29,25
1115,1207,29,25
1157,1295,29,25
1109,1207,29,25
1207,1210,29,25
1142,1207,29,25
1115,1207,29,25
1157,1179,29,25
1205,1295,29,25
1207,1210,29,25
1207,1295,29,25
1115,1207,29,25
1210,1295,29,25
1205,1295,29,25
1109,1207,29,25
1207,1210,29,25
1207,1295,29,25
1115,1207,29,25
1179,1207,29,25
1109,1207,29,25
1207,1210,29,25
1115,1295,29,25
1207,1295,29,25
1109,1115,29,25
1115,1207,29,25
1179,1295,29,25
1109,1295,29,25
1098,1109,29,25
1207,1210,29,25
1207,1295,29,25
1098,1210,29,25
1098,1207,29,25
1115,1179,29,25
1109,1115,29,25
1115,1207,29,25
1098,1115,29,25
1109,1210,29,25
1098,1109,29,25
1207,1210,29,25
1207,1295,29,25
1098,1210,29,25
1098,1207,29,25
1109,1115,29,25
1115,1207,29,25
1159,1260,29,25
1207,1210,29,25
1207,1295,29,25
1098,1210,29,25
1109,1115,29,25
1098,1179,29,25
1098,1115,29,25
1179,1295,29,25
1115,1210,29,25
1109,1210,29,25
1193,1658,29,25
1207,1210,29,25
1098,1210,29,25
1109,1115,29,25
1130,1159,29,25
1098,1179,29,25
1098,1115,29,25
1115,1210,29,25
1193,1658,29,25
1098,1109,29,25
1098,1295,29,25
1207,1210,29,25
1115,1295,29,25
1098,1210,29,25
1109,1658,29,25
1098,1207,29,25
1109,1115,29,25
1193,1207,29,25
1098,1115,29,25
1179,1295,29,25
1115,1210,29,25
1193,1658,29,25
1109,1207,29,25
1098,1109,29,25
1207,1658,29,25
1207,1210,29,25
1098,1658,29,25
1098,1210,29,25
1109,1658,29,25
1098,1207,29,25
1115,1179,29,25
1109,1115,29,25
1142,1207,29,25
1159,1769,29,25
1179,1210,29,25
1115,1207,29,25
1115,1658,29,25
1098,1115,29,25
1109,1193,29,25
1159,1701,29,25
1115,1210,29,25
1109,1210,29,25
1157,1658,29,25
1109,1207,29,25
1115,1295,29,25
1109,1115,29,25
1159,1769,29,25
1115,1207,29,25
1179,1193,29,25
1207,1210,29,25
1115,1295,29,25
1098,1210,29,25
1179,1193,29,25
1179,1207,29,25
1157,1159,29,25
1193,1701,29,25
1207,1210,29,25
1142,1207,29,25
1179,1210,29,25
1109,1210,29,25
1179,1207,29,25
1193,1701,29,25
1115,1157,29,25
1115,1159,29,25
1157,1159,29,25
1115,1179,29,25
1159,1179,29,25
1115,1210,29,25
1109,1210,29,25
1148,1193,29,25
1157,1159,29,25
1193,1701,29,25
1109,1115,29,25
1142,1207,29,25
1179,1295,29,25
1115,1210,29,25
1193,1701,29,25
1109,1115,29,25
1142,1207,29,25
1193,1701,29,25
1115,1295,29,25
1157,1260,29,25
1109,1115,29,25
1109,1210,29,25
1193,1701,29,25
1157,1260,29,25
1142,1207,29,25
1109,1210,29,25
1157,1159,29,25
1193,1701,29,25
1157,1260,29,25
1193,1701,29,25
1157,1260,29,25
1157,1159,29,25
1193,1701,29,25
1207,1210,29,25
1109,1207,29,25
1157,1159,29,25
1193,1701,29,25
1207,1210,29,25
1109,1210,29,25
1109,1207,29,25
1157,1159,29,25
1193,1701,29,25
1207,1210,29,25
1207,1295,29,25
1109,1210,29,25
1157,1159,29,25
1193,1701,29,25
1207,1295,29,25
1207,1658,29,25
1193,1701,29,25
1207,1295,29,25
1320,1769,29,25
1295,1658,29,25
1109,1210,29,25
1207,1295,29,25
1098,1210,29,25
1320,1769,29,25
1109,1210,29,25
1098,1205,29,25
1098,1193,29,25
1193,1701,29,25
1207,1295,29,25
1142,1210,29,25
1210,1658,29,25
1181,1193,29,25
1098,1193,29,25
1207,1295,29,25
1193,1207,29,25
1142,1193,29,25
1109,1193,29,25
1193,1295,29,25
1210,1658,29,25
1181,1193,29,25
1181,1295,29,25
1207,1295,29,25
1157,1260,29,25
1181,1207,29,25
1142,1193,29,25
1109,1193,29,25
1109,1210,29,25
1210,1658,29,25
1181,1295,29,25
1205,1245,29,25
1207,1295,29,25
1109,1658,29,25
1181,1207,29,25
1109,1193,29,25
1210,1658,29,25
1181,1295,29,25
1207,1295,29,25
1109,1658,29,25
1098,1207,29,25
1181,1207,29,25
1142,1193,29,25
1109,1193,29,25
1109,1210,29,25
1210,1658,29,25
1193,1658,29,25
1181,1295,29,25
1205,1245,29,25
1207,1295,29,25
1098,1207,29,25
1193,1207,29,25
1181,1207,29,25
1365,1769,29,25
1142,1193,29,25
1109,1193,29,25
1210,1658,29,25
1142,1181,29,25
1181,1295,29,25
1207,1295,29,25
1181,1207,29,25
1109,1193,29,25
1210,1658,29,25
1109,1207,29,25
1109,1179,29,25
1207,1295,29,25
1193,1205,29,25
1179,1295,29,25
1109,1295,29,25
1193,1295,29,25
1109,1179,29,25
1193,1205,29,25
1193,1295,29,25
1181,1193,29,25
1207,1658,29,25
1207,1210,29,25
1098,1193,29,25
1207,1658,29,25
1207,1210,29,25
1157,1260,29,25
1098,1207,29,25
1179,1205,29,25
1109,1295,29,25
1210,1658,29,25
1207,1658,29,25
1157,1260,29,25
1098,1207,29,25
1179,1193,29,25
1193,1205,29,25
1179,1205,29,25
1109,1295,29,25
1210,1658,29,25
1207,1658,29,25
1207,1210,29,25
1205,1245,29,25
1157,1260,29,25
1365,1769,29,25
1193,1205,29,25
1179,1205,29,25
1193,1207,29,25
1207,1658,29,25
1207,1210,29,25
1327,1395,29,25
1210,1658,29,25
1193,1701,29,25
1210,1658,29,25
1193,1701,29,25
1109,1295,29,25
1210,1658,29,25
1193,1701,29,25
1109,1295,29,25
1210,1658,29,25
1148,1193,29,25
1193,1701,29,25
1109,1295,29,25
1210,1658,29,25
1157,1658,29,25
1193,1701,29,25
1210,1658,29,25
1210,1658,29,25
1179,1193,29,25
1210,1658,29,25
1157,1207,29,25
1210,1658,29,25
1207,1210,29,25
1210,1658,29,25
1157,1260,29,25
1148,1260,29,25
1130,1157,29,25
1109,1295,29,25
1164,1181,29,25
1164,1207,29,25
1210,1658,29,25
1148,1157,29,25
1164,1207,29,25
1210,1658,29,25
1164,1207,29,25
1210,1658,29,25
1148,1157,29,25
1193,1327,29,25
1181,1207,29,25
1179,1205,29,25
1109,1295,29,25
1210,1658,29,25
1148,1157,29,25
1109,1295,29,25
1210,1658,29,25
1159,1164,29,25
1210,1658,29,25
1159,1164,29,25
1144,1164,29,25
1210,1658,29,25
1148,1157,29,25
1144,1164,29,25
1210,1658,29,25
1148,1157,29,25
1164,1327,29,25
1327,1395,29,25
1210,1658,29,25
1148,1157,29,25
1164,1327,29,25
1164,1395,29,25
1327,1395,29,25
1109,1295,29,25
1210,1658,29,25
1327,1395,29,25
1210,1658,29,25
1193,1207,29,25
1181,1207,29,25
1164,1327,29,25
1164,1395,29,25
1210,1658,29,25
1164,1327,29,25
1210,1658,29,25
1181,1207,29,25
1210,1658,29,25
1148,1157,29,25
1144,1164,29,25
1327,1395,29,25
1210,1658,29,25
1148,1157,29,25
1327,1395,29,25
1210,1658,29,25
1148,1157,29,25
1210,1658,29,25
1148,1157,29,25
1210,1658,29,25
1148,1157,29,25
1179,1205,29,25
1210,1658,29,25
1109,1193,29,25
1164,1207,29,25
1210,1658,29,25
1148,1157,29,25
1109,1295,29,25
1164,1207,29,25
1210,1658,29,25
1148,1157,29,25
1109,1193,29,25
1109,1295,29,25
1210,1658,29,25
1109,1295,29,25
1210,1658,29,25
1148,1157,29,25
1109,1193,29,25
1210,1658,29,25
1193,1658,29,25
1148,1157,29,25
1193,1210,29,25
1109,1295,29,25
1210,1658,29,25
1193,1658,29,25
1148,1157,29,25
1193,1210,29,25
1109,1295,29,25
1164,1181,29,25
1193,1658,29,25
1148,1157,29,25
1193,1210,29,25
1210,1658,29,25
1193,1658,29,25
1193,1210,29,25
1098,1164,29,25
1210,1658,29,25
1193,1658,29,25
1193,1210,29,25
1210,1658,29,25
1148,1157,29,25
1193,1210,29,25
1109,1295,29,25
1210,1658,29,25
1210,1658,29,25
1148,1157,29,25
1179,1658,29,25
1210,1658,29,25
1164,1193,29,25
1179,1658,29,25
1210,1658,29,25
1148,1157,29,25
1181,1210,29,25
1164,1193,29,25
1179,1210,29,25
1179,1658,29,25
1210,1658,29,25
1142,1658,29,25
1179,1210,29,25
1295,1365,29,25
1210,1658,29,25
1164,1193,29,25
1210,1658,29,25
1164,1193,29,25
1210,1658,29,25
1164,1193,29,25
1210,1658,29,25
1164,1193,29,25
1210,1658,29,25
1148,1157,29,25
1164,1193,29,25
1164,1193,29,25
1164,1193,29,25
1148,1157,29,25
1164,1193,29,25
1164,1193,29,25
1193,1295,29,25
1148,1157,29,25
1164,1193,29,25
1098,1164,29,25
1164,1193,29,25
1148,1157,29,25
1098,1164,29,25
1193,1205,29,25
1148,1157,29,25
1098,1179,29,25
1193,1205,29,25
1098,1159,29,25
1148,1157,29,25
1164,1245,29,25
1193,1205,29,25
1181,1205,29,25
1164,1181,29,25
1148,1157,29,25
1159,1362,29,25
1164,1181,29,25
1148,1157,29,25
1159,1362,29,25
1164,1181,29,25
1148,1157,29,25
1159,1362,29,25
1164,1205,29,25
1181,1205,29,25
1164,1181,29,25
1098,1327,29,25
1164,1205,29,25
1142,1159,29,25
1181,1205,29,25
1164,1181,29,25
1148,1157,29,25
1164,1205,29,25
1181,1205,29,25
1148,1157,29,25
1164,1205,29,25
1181,1205,29,25
1164,1181,29,25
1148,1157,29,25
1164,1181,29,25
1148,1157,29,25
1164,1245,29,25
1148,1157,29,25
1164,1365,29,25
1148,1157,29,25
1164,1374,29,25
1148,1157,29,25
1164,1374,29,25
1109,1295,29,25
1148,1157,29,25
1148,1157,29,25
1164,1374,29,25
1109,1245,29,25
1144,1159,29,25
1098,1295,29,25
1164,1374,29,25
1148,1157,29,25
1109,1295,29,25
1098,1205,29,25
1098,1109,29,25
1245,1295,29,25
1148,1157,29,25
1148,1157,29,25
1148,1157,29,25
1148,1157,29,25
1148,1157,29,25
1193,1374,29,25
1164,1193,29,25
1193,1374,29,25
1148,1157,29,25
1181,1245,29,25
1148,1157,29,25
1164,1374,29,25
1164,1365,29,25
1164,1193,29,25
1164,1193,29,25
1098,1193,29,25
1164,1193,29,25
1164,1193,29,25
1148,1157,29,25
1098,1193,29,25
1098,1164,29,25
1098,1193,29,25
1148,1157,29,25
1164,1193,29,25
1148,1157,29,25
1098,1164,29,25
1164,1401,29,25
1109,1193,29,25
1164,1193,29,25
1164,1401,29,25
1164,1193,29,25
1164,1401,29,25
1164,1193,29,25
1164,1401,29,25
1164,1193,29,25
1109,1205,29,25
1164,1401,29,25
1164,1193,29,25
1164,1193,29,25
1144,1159,29,25
1164,1193,29,25
1098,1144,29,25
1144,1159,29,25
1098,1159,29,25
1164,1193,29,25
1144,1769,29,25
1164,1193,29,25
1144,1769,29,25
1164,1193,29,25
1164,1193,29,25
1148,1157,29,25
1164,1193,29,25
1148,1157,29,25
1164,1193,29,25
1193,1401,29,25
1148,1157,29,25
1164,1193,29,25
1164,1193,29,25
1109,1142,29,25
1193,1401,29,25
1148,1157,29,25
1193,1401,29,25
1148,1157,29,25
1164,1193,29,25
1148,1157,29,25
1164,1193,29,25
1193,1401,29,25
1164,1193,29,25
1109,1142,29,25
1164,1193,29,25
1193,1401,29,25
1148,1157,29,25
1164,1193,29,25
1148,1157,29,25
1164,1193,29,25
1193,1401,29,25
1148,1157,29,25
1164,1193,29,25
1144,1769,29,25
1164,1193,29,25
1098,1701,29,25
1148,1157,29,25
1179,1181,29,25
1164,1193,29,25
1098,1701,29,25
1193,1401,29,25
1144,1769,29,25
1148,1157,29,25
1164,1193,29,25
1164,1401,29,25
1098,1701,29,25
1193,1401,29,25
1144,1769,29,25
1179,1181,29,25
1164,1193,29,25
1164,1401,29,25
1098,1701,29,25
1193,1401,29,25
1144,1769,29,25
1164,1193,29,25
1164,1401,29,25
1098,1701,29,25
1193,1401,29,25
1144,1769,29,25
1164,1193,29,25
1164,1401,29,25
1098,1701,29,25
1193,1401,29,25
1144,1769,29,25
1164,1193,29,25
1164,1401,29,25
1098,1701,29,25
1144,1769,29,25
1164,1193,29,25
1164,1401,29,25
1098,1701,29,25
1193,1401,29,25
1144,1769,29,25
1164,1193,29,25
1164,1401,29,25
1098,1701,29,25
1193,1401,29,25
1144,1769,29,25
1148,1157,29,25
1164,1193,29,25
1164,1401,29,25
1144,1769,29,25
1164,1193,29,25
1164,1401,29,25
1109,1320,29,25
1098,1701,29,25
1179,1378,29,25
1144,1769,29,25
1164,1193,29,25
1164,1401,29,25
1193,1401,29,25
1144,1769,29,25
1164,1193,29,25
1164,1401,29,25
1098,1701,29,25
1144,1769,29,25
1164,1193,29,25
1164,1401,29,25
1109,1320,29,25
1098,1701,29,25
1179,1378,29,25
1164,1193,29,25
1164,1401,29,25
1179,1378,29,25
1144,1363,29,25
1193,1401,29,25
1098,1701,29,25
1098,1701,29,25
1179,1193,29,25
1193,1401,29,25
1205,1625,29,25
1098,1164,29,25
1193,1365,29,25
1098,1164,29,25
1142,1193,29,25
1193,1365,29,25
1179,1701,29,25
1193,1365,29,25
1109,1365,29,25
1142,1193,29,25
1144,1769,29,25
1193,1365,29,25
1109,1365,29,25
1148,1157,29,25
1179,1625,29,25
1109,1193,29,25
1144,1769,29,25
1142,1193,29,25
1144,1769,29,25
1098,1164,30,26
1164,1179,30,26
1179,1701,30,26
1193,1625,30,26
1098,1193,30,26
1098,1164,30,26
1179,1701,30,26
1193,1205,30,26
1098,1193,30,26
1098,1164,30,26
1164,1193,30,26
1164,1193,30,26
1144,1769,30,26
1164,1193,30,26
1164,1193,30,26
1144,1769,30,26
1164,1193,30,26
1148,1157,30,26
1164,1193,30,26
1144,1179,30,26
1164,1193,30,26
1164,1193,30,26
1193,1625,30,26
1144,1179,30,26
1148,1157,30,26
1144,1769,30,26
1144,1179,30,26
1159,1164,30,26
1148,1157,30,26
1148,1157,30,26
1109,1365,30,26
1098,1164,30,26
1098,1193,30,26
1098,1164,30,26
1098,1193,30,26
1098,1164,30,26
1148,1157,30,26
1098,1164,30,26
1148,1157,30,26
1205,1625,30,26
1157,1181,30,26
1157,1625,30,26
1193,1401,30,26
1098,1193,30,26
1164,1625,30,26
1157,1625,30,26
1193,1401,30,26
1098,1193,30,26
1157,1260,30,26
1164,1625,30,26
1130,1157,30,26
1098,1193,30,26
1164,1260,30,26
1098,1260,30,26
1130,1157,30,26
1130,1157,30,26
1159,1260,30,26
1130,1157,30,26
1159,1260,30,26
1148,1157,30,26
1148,1157,30,26
1179,1401,30,26
1148,1157,30,26
1130,1157,30,26
1130,1157,30,26
1179,1205,30,26
1148,1159,30,26
1164,1179,30,26
1157,1159,30,26
1164,1179,30,26
1130,1159,30,26
1164,1181,30,26
1179,1401,30,26
1164,1205,30,26
1179,1401,30,26
1164,1205,30,26
1179,1193,30,26
1179,1193,30,26
1148,1157,30,26
1179,1625,30,26
1179,1625,30,26
1157,1260,30,26
1157,1159,30,26
1205,1625,30,26
1157,1260,30,26
1157,1159,30,26
1157,1159,30,26
1157,1159,30,26
1159,1260,30,26
1159,1260,30,26
1098,1164,30,26
1144,1157,30,26
1159,1260,30,26
1144,1159,30,26
1144,1157,30,26
1159,1260,30,26
1144,1159,30,26
1098,1164,30,26
1109,1320,30,26
1159,1260,30,26
1144,1157,30,26
1109,1320,30,26
1144,1159,30,26
1142,1193,30,26
1109,1193,30,26
1144,1157,30,26
1109,1142,30,26
1142,1193,30,26
1109,1193,30,26
1144,1157,30,26
1109,1193,30,26
1144,1157,30,26
1109,1193,30,26
1144,1157,30,26
1109,1193,30,26
1144,1157,30,26
1164,1205,30,26
1144,1159,30,26
1157,1159,30,26
1144,1157,30,26
1144,1159,30,26
1144,1157,30,26
1144,1159,30,26
1144,1157,30,26
1144,1159,30,26
1144,1157,30,26
1148,1701,30,26
1144,1157,30,26
1148,1701,30,26
1130,1769,30,26
1144,1157,30,26
1144,1157,30,26
1144,1159,30,26
1109,1391,30,26
1144,1157,30,26
1109,1142,30,26
1144,1159,30,26
1144,1157,30,26
1109,1142,30,26
1148,1701,30,26
1144,1159,30,26
1148,1701,30,26
1205,1625,30,26
1144,1157,30,26
1144,1221,30,26
1148,1701,30,26
1130,1144,30,26
1144,1157,30,26
1144,1221,30,26
1148,1701,30,26
1130,1144,30,26
1193,1363,30,26
1144,1157,30,26
1144,1221,30,26
1157,1221,30,26
1148,1701,30,26
1109,1391,30,26
1144,1157,30,26
1130,1157,30,26
1148,1701,30,26
1130,1144,30,26
1164,1221,30,26
1144,1157,30,26
1148,1701,30,26
1130,1144,30,26
1144,1159,30,26
1164,1221,30,26
1157,1159,30,26
1130,1159,30,26
1130,1144,30,26
1144,1159,30,26
1157,1378,30,26
1130,1159,30,26
1148,1701,30,26
1144,1159,30,26
1157,1378,30,26
1159,1221,30,26
1144,1221,30,26
1148,1701,30,26
1144,1159,30,26
1157,1378,30,26
1159,1221,30,26
1144,1221,30,26
1130,1144,30,26
1144,1159,30,26
1157,1378,30,26
1159,1221,30,26
1144,1221,30,26
1130,1144,30,26
1144,1159,30,26
1157,1378,30,26
1159,1221,30,26
1144,1221,30,26
1148,1701,30,26
1130,1144,30,26
1144,1159,30,26
1157,1378,30,26
1130,1221,30,26
1159,1221,30,26
1144,1221,30,26
1148,1701,30,26
1130,1144,30,26
1157,1378,30,26
1157,1378,30,26
1159,1221,30,26
1144,1221,30,26
1157,1378,30,26
1109,1179,30,26
1159,1221,30,26
1144,1221,30,26
1157,1378,30,26
1159,1221,30,26
1164,1625,30,26
1144,1221,30,26
1157,1378,30,26
1130,1221,30,26
1159,1221,30,26
1130,1159,30,26
1164,1221,30,26
1159,1164,30,26
1144,1164,30,26
1159,1221,30,26
1130,1159,30,26
1157,1205,30,26
1148,1701,30,26
1144,1159,30,26
1164,1221,30,26
1159,1164,30,26
1144,1164,30,26
1144,1159,30,26
1164,1221,30,26
1159,1164,30,26
1144,1164,30,26
1157,1221,30,26
1157,1164,30,26
1109,1193,30,26
1148,1701,30,26
1144,1159,30,26
1144,1157,30,26
1144,1221,30,26
1157,1221,30,26
1109,1193,30,26
1144,1159,30,26
1109,1391,30,26
1144,1157,30,26
1144,1159,30,26
1193,1363,30,26
1205,1625,30,26
1109,1391,30,26
1144,1157,30,26
1193,1363,30,26
1144,1157,30,26
1144,1159,30,26
1109,1383,30,26
1164,1205,30,26
1164,1181,30,26
1148,1701,30,26
1144,1159,30,26
1164,1205,30,26
1130,1144,30,26
1144,1159,30,26
1193,1363,30,26
1144,1157,30,26
1144,1159,30,26
1144,1157,30,26
1144,1159,30,26
1144,1157,30,26
1148,1701,30,26
1144,1159,30,26
1148,1701,30,26
1144,1157,30,26
1144,1157,30,26
1144,1159,30,26
1148,1157,30,26
1144,1159,30,26
1148,1157,30,26
1148,1159,30,26
1148,1157,30,26
1144,1159,30,26
1144,1148,30,26
1144,1157,30,26
1148,1159,30,26
1144,1148,30,26
1148,1157,30,26
1144,1157,30,26
1148,1159,30,26
1221,1702,30,26
1148,1159,30,26
1221,1702,30,26
1148,1157,30,26
1148,1159,30,26
1130,1159,30,26
1221,1702,30,26
1109,1142,30,26
1130,1159,30,26
1148,1625,30,26
1221,1702,30,26
1148,1159,30,26
1109,1142,30,26
1221,1702,30,26
1164,1205,30,26
1221,1702,30,26
1148,1159,30,26
1148,1159,30,26
1221,1702,30,26
1221,1702,30,26
1221,1702,30,26
1221,1702,30,26
1148,1159,30,26
1164,1205,30,26
1109,1193,30,26
1221,1702,30,26
1159,1164,30,26
1130,1159,30,26
1157,1164,30,26
1221,1702,30,26
1159,1205,30,26
1193,1221,30,26
1109,1221,30,26
1193,1625,30,26
1109,1221,30,26
1221,1702,30,26
1109,1221,30,26
1130,1157,30,26
1221,1702,30,26
1109,1221,30,26
1157,1260,30,26
1164,1193,30,26
1221,1702,30,26
1109,1221,30,26
1142,1221,30,26
1164,1193,30,26
1193,1260,30,26
1109,1221,30,26
1109,1142,30,26
1157,1221,30,26
1130,1221,30,26
1157,1221,30,26
1157,1221,30,26
1159,1701,30,26
1159,1701,30,26
1221,1625,30,26
1144,1221,30,26
1378,1625,30,26
1159,1701,30,26
1307,1625,30,26
1159,1701,30,26
1307,1625,30,26
1159,1701,30,26
1159,1701,30,26
1164,1193,30,26
1159,1701,30,26
1159,1701,30,26
1164,1193,30,26
1159,1701,30,26
1164,1193,30,26
1307,1625,30,26
1205,1385,30,26
1307,1625,30,26
1260,1401,30,26
1193,1221,30,26
1260,1401,30,26
1260,1401,30,26
1164,1193,30,26
1157,1193,30,26
1157,1221,30,26
1260,1401,30,26
1164,1193,30,26
1205,1385,30,26
1157,1221,30,26
1157,1164,30,26
1260,1401,30,26
1157,1193,30,26
1205,1385,30,26
1157,1221,30,26
1157,1164,30,26
1193,1221,30,26
1164,1193,30,26
1157,1193,30,26
1157,1164,30,26
1130,1221,30,26
1307,1625,30,26
1260,1401,30,26
1164,1193,30,26
1205,1385,30,26
1157,1221,30,26
1307,1625,30,26
1260,1401,30,26
1109,1205,30,26
1260,1401,30,26
1164,1193,30,26
1109,1142,30,26
1260,1401,30,26
1157,1221,30,26
1260,1401,30,26
1164,1193,30,26
1157,1221,30,26
1159,1701,30,26
1260,1401,30,26
1157,1221,30,26
1260,1401,30,26
1164,1193,30,26
1157,1221,30,26
1260,1401,30,26
1164,1193,30,26
1157,1221,30,26
1109,1307,30,26
1260,1401,30,26
1378,1625,30,26
1109,1307,30,26
1260,1401,30,26
1164,1193,30,26
1157,1221,30,26
1109,1307,30,26
1260,1401,30,26
1164,1193,30,26
1260,1401,30,26
1164,1193,30,26
1157,1221,30,26
1260,1401,30,26
1164,1193,30,26
1378,1625,30,26
1260,1401,30,26
1164,1193,30,26
1159,1701,30,26
1260,1401,30,26
1164,1193,30,26
1109,1142,30,26
1378,1625,30,26
1157,1221,30,26
1159,1701,30,26
1260,1401,30,26
1164,1193,30,26
1148,1159,30,26
1378,1625,30,26
1157,1221,30,26
1159,1701,30,26
1260,1401,30,26
1148,1159,30,26
1378,1625,30,26
1157,1221,30,26
1109,1307,30,26
1159,1701,30,26
1260,1401,30,26
1148,1159,30,26
1157,1221,30,26
1159,1701,30,26
1378,1625,30,26
1157,1221,30,26
1159,1701,30,26
1260,1401,30,26
1164,1193,30,26
1142,1378,30,26
1378,1625,30,26
1157,1221,30,26
1159,1701,30,26
1260,1401,30,26
1164,1193,30,26
1157,1221,30,26
1109,1625,30,26
1164,1193,30,26
1157,1221,30,26
1159,1701,30,26
1260,1401,30,26
1164,1193,30,26
1157,1221,30,26
1159,1701,30,26
1260,1401,30,26
1164,1193,30,26
1378,1625,30,26
1157,1221,30,26
1159,1701,30,26
1260,1401,30,26
1164,1193,30,26
1159,1701,30,26
1109,1378,30,26
1260,1401,30,26
1130,1769,30,26
1164,1193,30,26
1193,1205,30,26
1159,1701,30,26
1130,1769,30,26
1164,1193,30,26
1142,1378,30,26
1164,1205,30,26
1159,1701,30,26
1109,1378,30,26
1130,1769,30,26
1164,1193,30,26
1159,1701,30,26
1130,1769,30,26
1164,1193,30,26
1157,1221,30,26
1109,1378,30,26
1130,1769,30,26
1164,1193,30,26
1157,1221,30,26
1159,1701,30,26
1109,1378,30,26
1164,1193,30,26
1157,1221,30,26
1307,1625,30,26
1130,1769,30,26
1164,1193,30,26
1157,1221,30,26
1159,1701,30,26
1109,1378,30,26
1307,1625,30,26
1157,1221,30,26
1109,1164,30,26
1159,1701,30,26
1130,1769,30,26
1157,1221,30,26
1109,1164,30,26
1159,1701,30,26
1307,1625,30,26
1130,1769,30,26
1221,1260,30,26
1159,1701,30,26
1130,1769,30,26
1148,1159,30,26
1221,1260,30,26
1159,1701,30,26
1164,1221,30,26
1130,1769,30,26
1157,1221,30,26
1157,1164,30,26
1159,1701,30,26
1260,1401,30,26
1130,1769,30,26
1157,1193,30,26
1157,1221,30,26
1260,1401,30,26
1130,1769,30,26
1157,1221,30,26
1260,1401,30,26
1205,1391,30,26
1130,1769,30,26
1157,1193,30,26
1157,1221,30,26
1159,1701,30,26
1260,1401,30,26
1130,1769,30,26
1157,1193,30,26
1148,1159,30,26
1157,1221,30,26
1164,1378,30,26
1130,1769,30,26
1157,1193,30,26
1148,1159,30,26
1157,1221,30,26
1157,1378,30,26
1260,1401,30,26
1157,1193,30,26
1148,1159,30,26
1157,1164,30,26
1109,1164,30,26
1260,1401,30,26
1148,1159,30,26
1109,1157,30,26
1109,1164,30,26
1193,1221,30,26
1260,1401,30,26
1130,1769,30,26
1148,1159,30,26
1157,1164,30,26
1109,1164,30,26
1193,1221,30,26
1130,1769,30,26
1148,1159,30,26
1193,1221,30,26
1144,1260,30,26
1148,1159,30,26
1193,1221,30,26
1164,1769,30,26
1144,1260,30,26
1205,1391,30,26
1130,1769,30,26
1148,1159,30,26
1144,1260,30,26
1148,1159,30,26
1164,1205,30,26
1157,1221,30,26
1144,1260,30,26
1130,1769,30,26
1164,1193,30,26
1148,1159,30,26
1157,1221,30,26
1164,1179,30,26
1130,1769,30,26
1148,1159,30,26
1157,1221,30,26
1144,1260,30,26
1130,1769,30,26
1148,1159,30,26
1157,1221,30,26
1130,1769,30,26
1148,1159,30,26
1157,1221,30,26
1130,1769,30,26
1157,1221,30,26
1193,1221,30,26
1130,1769,30,26
1164,1205,30,26
1157,1221,30,26
1130,1769,30,26
1157,1221,30,26
1130,1769,30,26
1164,1193,30,26
1157,1221,30,26
1179,1193,30,26
1159,1701,30,26
1130,1769,30,26
1157,1221,30,26
1130,1769,30,26
1148,1159,30,26
1144,1193,30,26
1157,1221,30,26
1148,1193,30,26
1144,1164,30,26
1148,1159,30,26
1157,1221,30,26
1144,1164,30,26
1164,1205,30,26
1157,1221,30,26
1179,1193,30,26
1144,1164,30,26
1179,1193,30,26
1130,1769,30,26
1164,1205,30,26
1157,1221,30,26
1179,1193,30,26
1130,1769,30,26
1109,1144,30,26
1142,1144,30,26
1179,1193,30,26
1130,1769,30,26
1144,1164,30,26
1179,1193,30,26
1130,1769,30,26
1109,1144,30,26
1164,1205,30,26
1157,1221,30,26
1130,1769,30,26
1164,1205,30,26
1157,1221,30,26
1130,1769,30,26
1109,1144,30,26
1164,1205,30,26
1157,1221,30,26
1130,1769,30,26
1144,1164,30,26
1109,1144,30,26
1164,1205,30,26
1157,1221,30,26
1164,1181,30,26
1130,1769,30,26
1164,1205,30,26
1157,1221,30,26
1130,1769,30,26
1157,1221,30,26
1164,1181,30,26
1157,1221,30,26
1362,1625,30,26
1157,1221,30,26
1109,1164,30,26
1362,1625,30,26
1157,1221,30,26
1130,1769,30,26
1157,1221,30,26
1193,1701,30,26
1130,1769,30,26
1157,1221,30,26
1130,1769,30,26
1157,1221,30,26
1109,1164,30,26
1157,1221,30,26
1157,1221,30,26
1157,1221,30,26
1157,1221,30,26
1157,1221,30,26
1157,1221,30,26
1109,1164,30,26
1157,1221,30,26
1157,1221,30,26
1157,1221,30,26
1157,1221,30,26
1157,1221,30,26
1157,1221,30,26
1157,1221,30,26
1157,1221,30,26
1109,1164,30,26
1157,1221,30,26
1157,1221,30,26
1157,1221,30,26
1157,1221,30,26
1205,1352,30,26
1157,1221,30,26
1205,1352,30,26
1157,1221,30,26
1205,1352,30,26
1157,1221,30,26
1205,1352,30,26
1157,1221,30,26
1205,1352,30,26
1205,1352,30,26
1179,1193,30,26
1205,1352,30,26
1179,1193,30,26
1157,1221,30,26
1179,1193,30,26
1157,1221,30,26
1164,1625,30,26
1157,1221,30,26
1164,1625,30,26
1157,1221,30,26
1164,1625,30,26
1157,1221,30,26
1164,1625,30,26
1157,1221,30,26
1164,1625,30,26
1157,1221,30,26
1179,1193,30,26
1164,1625,30,26
1157,1221,30,26
1157,1221,30,26
1148,1159,30,26
1164,1193,30,26
1148,1159,30,26
1157,1221,30,26
1109,1164,30,26
1148,1159,30,26
1164,1625,30,26
1157,1221,30,26
1130,1769,30,26
1157,1221,30,26
1148,1625,30,26
1193,1625,30,26
1159,1625,30,26
1130,1769,30,26
1157,1221,30,26
1142,1193,30,26
1148,1625,30,26
1159,1625,30,26
1130,1769,30,26
1157,1221,30,26
1130,1769,30,26
1148,1159,30,26
1130,1769,30,26
1148,1221,30,26
1159,1221,30,26
1109,1164,30,26
1157,1159,31,27
1148,1157,31,27
1130,1769,31,27
1159,1221,31,27
1109,1164,31,27
1130,1769,31,27
1157,1221,31,27
1148,1157,31,27
1130,1769,31,27
1148,1159,31,27
1159,1221,31,27
1157,1221,31,27
1221,1260,31,27
1130,1769,31,27
1157,1221,31,27
1109,1193,31,27
1157,1221,31,27
1109,1193,31,27
1130,1769,31,27
1157,1221,31,27
1109,1193,31,27
1130,1769,31,27
1148,1221,31,27
1109,1142,31,27
1157,1625,31,27
1148,1221,31,27
1157,1193,31,27
1179,1193,31,27
1130,1769,31,27
1157,1221,31,27
1179,1193,31,27
1157,1159,31,27
1130,1769,31,27
1130,1769,31,27
1148,1159,31,27
1148,1157,31,27
1130,1769,31,27
1157,1164,31,27
1179,1193,31,27
1109,1193,31,27
1157,1260,31,27
1109,1193,31,27
1148,1221,31,27
1157,1221,31,27
1109,1193,31,27
1130,1769,31,27
1157,1221,31,27
1130,1769,31,27
1157,1221,31,27
1130,1769,31,27
1159,1221,31,27
1130,1769,31,27
1130,1769,31,27
1130,1769,31,27
1401,1625,31,27
1130,1769,31,27
1130,1769,31,27
1109,1179,31,27
1159,1221,31,27
1401,1625,31,27
1148,1221,31,27
1159,1221,31,27
1157,1221,31,27
1148,1159,31,27
1401,1625,31,27
1109,1179,31,27
1148,1221,31,27
1148,1159,31,27
1401,1625,31,27
1401,1625,31,27
1159,1164,31,27
1148,1221,31,27
1401,1625,31,27
1148,1221,31,27
1401,1625,31,27
1130,1221,31,27
1148,1221,31,27
1159,1221,31,27
1157,1221,31,27
1130,1221,31,27
1148,1221,31,27
1159,1378,31,27
1148,1221,31,27
1365,1625,31,27
1164,1205,31,27
1148,1221,31,27
1148,1221,31,27
1365,1625,31,27
1221,1260,31,27
1148,1221,31,27
1157,1221,31,27
1148,1221,31,27
1365,1625,31,27
1157,1221,31,27
1148,1221,31,27
1157,1221,31,27
1130,1221,31,27
1148,1221,31,27
1157,1221,31,27
1148,1221,31,27
1157,1221,31,27
1148,1221,31,27
1157,1260,31,27
1157,1221,31,27
1221,1260,31,27
1109,1179,31,27
1148,1221,31,27
1164,1401,31,27
1109,1179,31,27
1142,1179,31,27
1164,1401,31,27
1109,1168,31,27
1148,1221,31,27
1164,1401,31,27
1109,1168,31,27
1148,1221,31,27
1148,1221,31,27
1148,1221,31,27
1157,1260,31,27
1148,1221,31,27
1164,1168,31,27
1221,1260,31,27
1148,1221,31,27
1164,1168,31,27
1109,1164,31,27
1148,1221,31,27
1164,1168,31,27
1164,1179,31,27
1109,1164,31,27
1148,1221,31,27
1148,1221,31,27
1148,1221,31,27
1159,1221,31,27
1130,1159,31,27
1130,1221,31,27
1148,1221,31,27
1130,1260,31,27
1148,1159,31,27
1130,1221,31,27
1148,1159,31,27
1130,1159,31,27
1130,1157,31,27
1130,1221,31,27
1148,1159,31,27
1130,1221,31,27
1148,1221,31,27
1148,1159,31,27
1130,1159,31,27
1148,1159,31,27
1109,1168,31,27
1130,1221,31,27
1148,1221,31,27
1148,1159,31,27
1130,1159,31,27
1130,1221,31,27
1148,1159,31,27
1130,1157,31,27
1320,1625,31,27
1148,1159,31,27
1130,1221,31,27
1320,1625,31,27
1148,1159,31,27
1159,1221,31,27
1130,1159,31,27
1130,1221,31,27
1148,1221,31,27
1148,1159,31,27
1130,1157,31,27
1320,1625,31,27
1148,1221,31,27
1148,1159,31,27
1320,1625,31,27
1148,1221,31,27
1130,1144,31,27
1144,1159,31,27
1148,1221,31,27
1130,1159,31,27
1130,1144,31,27
1320,1625,31,27
1148,1221,31,27
1157,1221,31,27
1130,1144,31,27
1144,1159,31,27
1157,1159,31,27
1320,1625,31,27
1148,1221,31,27
1130,1144,31,27
1148,1221,31,27
1157,1221,31,27
1130,1144,31,27
1148,1221,31,27
1159,1221,31,27
1130,1144,31,27
1148,1221,31,27
1159,1221,31,27
1148,1221,31,27
1148,1159,31,27
1157,1159,31,27
1148,1221,31,27
1157,1221,31,27
1157,1159,31,27
1148,1221,31,27
1157,1221,31,27
1142,1205,31,27
1148,1221,31,27
1148,1159,31,27
1142,1205,31,27
1148,1159,31,27
1142,1205,31,27
1148,1221,31,27
1109,1142,31,27
1144,1660,31,27
1148,1221,31,27
1148,1221,31,27
1148,1221,31,27
1148,1159,31,27
1109,1205,31,27
1157,1221,31,27
1157,1221,31,27
1148,1701,31,27
1148,1701,31,27
1157,1221,31,27
1148,1701,31,27
1148,1701,31,27
1205,1625,31,27
1148,1701,31,27
1205,1625,31,27
1148,1701,31,27
1130,1144,31,27
1168,1660,31,27
1148,1701,31,27
1168,1660,31,27
1148,1701,31,27
1130,1144,31,27
1148,1701,31,27
1148,1701,31,27
1148,1701,31,27
1130,1159,31,27
1221,1660,31,27
1148,1701,31,27
1221,1660,31,27
1157,1221,31,27
1221,1660,31,27
1221,1660,31,27
1130,1660,31,27
1130,1157,31,27
1130,1660,31,27
1130,1157,31,27
1148,1701,31,27
1130,1221,31,27
1130,1660,31,27
1130,1157,31,27
1148,1701,31,27
1130,1221,31,27
1157,1260,31,27
1144,1168,31,27
1148,1701,31,27
1148,1701,31,27
1130,1221,31,27
1157,1221,31,27
1148,1701,31,27
1157,1221,31,27
1148,1701,31,27
1159,1221,31,27
1130,1660,31,27
1148,1701,31,27
1157,1221,31,27
1130,1660,31,27
1148,1701,31,27
1130,1260,31,27
1159,1221,31,27
1130,1157,31,27
1221,1660,31,27
1157,1221,31,27
1130,1157,31,27
1130,1221,31,27
1157,1221,31,27
1130,1157,31,27
1130,1221,31,27
1148,1159,31,27
1157,1221,31,27
1130,1221,31,27
1148,1221,31,27
1109,1352,31,27
1130,1660,31,27
1221,1660,31,27
1130,1221,31,27
1148,1221,31,27
1260,1660,31,27
1130,1260,31,27
1148,1159,31,27
1109,1352,31,27
1130,1660,31,27
1130,1221,31,27
1148,1221,31,27
1260,1660,31,27
1109,1352,31,27
1130,1660,31,27
1148,1221,31,27
1260,1660,31,27
1148,1159,31,27
1130,1660,31,27
1148,1221,31,27
1148,1159,31,27
1109,1352,31,27
1221,1260,31,27
1148,1159,31,27
1159,1221,31,27
1109,1352,31,27
1148,1159,31,27
1109,1352,31,27
1221,1660,31,27
1148,1159,31,27
1148,1159,31,27
1109,1352,31,27
1148,1159,31,27
1109,1352,31,27
1157,1221,31,27
1205,1625,31,27
1148,1159,31,27
1109,1352,31,27
1157,1221,31,27
1148,1159,31,27
1221,1660,31,27
1144,1168,31,27
1109,1365,31,27
1148,1221,31,27
1148,1221,31,27
1109,1365,31,27
1148,1159,31,27
1159,1221,31,27
1157,1352,31,27
1205,1352,31,27
1148,1159,31,27
1157,1205,31,27
1205,1352,31,27
1157,1205,31,27
1148,1159,31,27
1159,1221,31,27
1157,1205,31,27
1130,1221,31,27
1109,1365,31,27
1148,1159,31,27
1159,1221,31,27
1130,1221,31,27
1157,1159,31,27
1179,1625,31,27
1148,1159,31,27
1130,1159,31,27
1130,1221,31,27
1157,1159,31,27
1179,1625,31,27
1144,1660,31,27
1148,1159,31,27
1109,1365,31,27
1205,1625,31,27
1144,1660,31,27
1148,1159,31,27
1159,1221,31,27
1157,1159,31,27
1144,1660,31,27
1148,1159,31,27
1157,1221,31,27
1109,1365,31,27
1148,1159,31,27
1109,1142,31,27
1157,1221,31,27
1148,1159,31,27
1148,1159,31,27
1205,1625,31,27
1148,1221,31,27
1148,1159,31,27
1157,1221,31,27
1109,1365,31,27
1148,1221,31,27
1148,1159,31,27
1148,1159,31,27
1179,1625,31,27
1205,1625,31,27
1148,1159,31,27
1109,1142,31,27
1148,1159,31,27
1157,1205,31,27
1148,1159,31,27
1148,1159,31,27
1109,1365,31,27
1148,1159,31,27
1109,1365,31,27
1148,1159,31,27
1148,1159,31,27
1148,1221,31,27
1148,1159,31,27
1148,1221,31,27
1148,1159,31,27
1144,1168,31,27
1148,1159,31,27
1148,1159,31,27
1109,1391,31,27
1109,1391,31,27
1179,1352,31,27
1179,1320,31,27
1157,1221,31,27
1109,1391,31,27
1148,1221,31,27
1144,1157,31,27
1148,1159,31,27
1144,1157,31,27
1159,1221,31,27
1144,1157,31,27
1168,1221,31,27
1148,1221,31,27
1144,1157,31,27
1148,1159,31,27
1159,1221,31,27
1142,1205,31,27
1148,1221,31,27
1144,1157,31,27
1148,1159,31,27
1159,1221,31,27
1142,1205,31,27
1148,1221,31,27
1148,1159,31,27
1148,1221,31,27
1144,1157,31,27
1109,1205,31,27
1148,1159,31,27
1144,1157,31,27
1148,1159,31,27
1109,1142,31,27
1109,1221,31,27
1109,1205,31,27
1130,1260,31,27
1205,1221,31,27
1109,1221,31,27
1157,1205,31,27
1157,1221,31,27
1109,1221,31,27
1109,1205,31,27
1109,1157,31,27
1109,1142,31,27
1157,1205,31,27
1157,1221,31,27
1142,1205,31,27
1142,1157,31,27
1109,1221,31,27
1148,1159,31,27
1109,1157,31,27
1157,1205,31,27
1157,1221,31,27
1142,1205,31,27
1157,1205,31,27
1157,1221,31,27
1130,1221,31,27
1148,1159,31,27
1157,1221,31,27
1130,1157,31,27
1148,1159,31,27
1157,1221,31,27
1130,1221,31,27
1148,1221,31,27
1109,1205,31,27
1148,1159,31,27
1159,1221,31,27
1130,1159,31,27
1157,1221,31,27
1130,1221,31,27
1148,1221,31,27
1148,1159,31,27
1157,1221,31,27
1130,1221,31,27
1148,1159,31,27
1130,1221,31,27
1148,1221,31,27
1130,1221,31,27
1148,1221,31,27
1148,1159,31,27
1130,1221,31,27
1148,1159,31,27
1159,1221,31,27
1157,1221,31,27
1130,1221,31,27
1148,1159,31,27
1109,1416,31,27
1159,1221,31,27
1157,1221,31,27
1130,1221,31,27
1157,1221,31,27
1130,1221,31,27
1157,1159,31,27
1159,1221,31,27
1157,1221,31,27
1130,1157,31,27
1130,1221,31,27
1130,1157,31,27
1130,1221,31,27
1159,1221,31,27
1130,1221,31,27
1109,1205,31,27
1221,1625,31,27
1148,1221,31,27
1148,1159,31,27
1221,1260,31,27
1130,1385,31,27
1157,1383,31,27
1109,1416,31,27
1130,1385,31,27
1221,1260,31,27
1109,1416,31,27
1221,1260,31,27
1109,1416,31,27
1157,1205,31,27
1221,1260,31,27
1130,1385,31,27
1109,1157,31,27
1157,1205,31,27
1130,1385,31,27
1109,1157,31,27
1109,1157,31,27
1130,1385,31,27
1157,1159,31,27
1130,1221,31,27
1130,1385,31,27
1130,1385,31,27
1157,1159,31,27
1148,1157,31,27
1130,1385,31,27
1157,1159,31,27
1130,1385,31,27
1148,1157,31,27
1109,1416,31,27
1130,1221,31,27
1130,1385,31,27
1179,1625,31,27
1130,1385,31,27
1179,1625,31,27
1221,1416,31,27
1130,1385,31,27
1130,1385,31,27
1148,1157,31,27
1148,1221,31,27
1157,1221,31,27
1130,1385,31,27
1179,1625,31,27
1157,1221,31,27
1205,1625,31,27
1157,1221,31,27
1109,1625,31,27
1130,1385,31,27
1157,1221,31,27
1130,1385,31,27
1205,1625,31,27
1179,1365,31,27
1168,1221,31,27
1148,1157,31,27
1148,1168,31,27
1157,1159,31,27
1130,1385,31,27
1148,1260,31,27
1157,1159,31,27
1109,1142,31,27
1148,1260,31,27
1109,1362,31,27
1148,1260,31,27
1157,1159,31,27
1144,1157,31,27
1130,1159,31,27
1144,1159,31,27
1144,1157,31,27
1148,1168,31,27
1144,1168,31,27
1148,1159,31,27
1109,1142,31,27
1144,1159,31,27
1221,1416,31,27
1109,1142,31,27
1144,1159,31,27
1144,1159,31,27
1205,1625,31,27
1221,1416,31,27
1144,1159,31,27
1221,1416,31,27
1130,1159,31,27
1130,1159,31,27
1130,1159,31,27
1179,1365,31,27
1221,1416,31,27
1130,1159,31,27
1221,1416,31,27
1130,1159,31,27
1179,1365,31,27
1144,1159,31,27
1130,1159,31,27
1179,1365,31,27
1144,1159,31,27
1109,1625,31,27
1221,1416,31,27
1179,1365,31,27
1130,1221,31,27
1130,1221,31,27
1148,1221,31,27
1130,1221,31,27
1130,1221,31,27
1130,1221,31,27
1130,1221,31,27
1130,1144,31,27
1168,1221,31,27
1179,1365,31,27
1130,1144,31,27
1130,1144,31,27
1130,1221,31,27
1130,1221,31,27
1130,1144,31,27
1130,1221,31,27
1109,1383,31,27
1179,1365,31,27
1130,1221,31,27
1144,1157,31,27
1179,1365,31,27
1130,1221,31,27
1109,1383,31,27
1130,1221,31,27
1179,1365,31,27
1130,1221,31,27
1148,1221,31,27
1157,1221,31,27
1130,1221,31,27
1148,1221,31,27
1179,1365,31,27
1144,1769,31,27
1130,1221,31,27
1144,1769,31,27
1144,1769,31,27
1109,1383,31,27
1179,1625,31,27
1157,1221,31,27
1109,1383,31,27
1179,1625,31,27
1144,1157,31,27
1130,1157,31,27
1179,1625,31,27
1179,1625,31,27
1179,1625,31,27
1179,1625,31,27
1130,1144,31,27
1179,1625,31,27
1179,1365,31,27
1179,1365,31,27
1144,1148,31,27
1148,1260,31,27
1148,1260,31,27
1109,1625,31,27
1109,1625,31,27
1179,1365,31,27
1179,1365,31,27
1168,1221,32,28
1109,1179,32,28
1142,1625,32,28
1144,1157,32,28
1109,1625,32,28
1168,1221,32,28
1109,1625,32,28
1144,1168,32,28
1320,1625,32,28
1320,1625,32,28
1320,1625,32,28
1320,1625,32,28
1205,1416,32,28
1320,1625,32,28
1205,1416,32,28
1205,1416,32,28
1205,1416,32,28
1159,1383,32,28
1159,1383,32,28
1205,1416,32,28
1142,1385,32,28
1179,1385,32,28
1142,1385,32,28
1159,1625,32,28
1109,1179,32,28
1205,1391,32,28
1159,1625,32,28
1109,1701,32,28
1159,1625,32,28
1159,1625,32,28
1179,1391,32,28
1159,1625,32,28
1179,1391,32,28
1159,1625,32,28
1109,1701,32,28
1179,1391,32,28
1159,1625,32,28
1157,1221,32,28
1179,1391,32,28
1159,1625,32,28
1159,1625,32,28
1159,1625,32,28
1205,1391,32,28
1159,1625,32,28
1205,1391,32,28
1159,1625,32,28
1205,1391,32,28
1205,1391,32,28
1109,1625,32,28
1109,1625,32,28
1109,1625,32,28
1109,1625,32,28
1109,1625,32,28
1142,1320,32,28
1401,1625,32,28
1401,1625,32,28
1109,1625,32,28
1109,1401,32,28
1401,1625,32,28
1109,1625,32,28
1401,1625,32,28
1109,1625,32,28
1179,1625,32,28
1109,1179,32,28
1109,1625,32,28
1109,1179,32,28
1401,1625,32,28
1109,1625,32,28
1205,1363,32,28
1401,1625,32,28
1401,1625,32,28
1401,1625,32,28
1401,1625,32,28
1401,1625,32,28
1401,1625,32,28
1109,1625,32,28
1401,1625,32,28
1109,1625,32,28
1401,1625,32,28
1109,1625,32,28
1401,1625,32,28
1109,1625,32,28
1401,1625,32,28
1401,1625,32,28
1109,1625,32,28
1109,1625,32,28
1109,1179,32,28
1109,1179,32,28
1109,1179,32,28
1142,1179,32,28
1109,1205,32,28
1109,1179,32,28
1362,1625,32,28
1109,1179,32,28
1109,1179,32,28
1362,1625,32,28
1109,1179,32,28
1109,1179,32,28
1109,1179,32,28
1109,1179,32,28
1109,1179,32,28
1109,1179,32,28
1109,1179,32,28
1109,1179,32,28
1109,1179,32,28
1109,1179,32,28
1109,1179,32,28
1109,1179,32,28
1109,1179,32,28
1109,1142,32,28
1109,1179,32,28
1109,1179,32,28
1109,1179,32,28
1109,1179,32,28
1307,1625,32,28
1109,1179,32,28
1109,1179,32,28
1378,1625,32,28
1142,1205,32,28
1378,1625,32,28
1109,1205,32,28
1378,1625,32,28
1378,1625,32,28
1378,1625,32,28
1307,1625,32,28
1109,1179,32,28
1109,1205,32,28
1109,1205,32,28
1109,1142,32,28
1109,1625,32,28
1109,1625,32,28
1109,1625,32,28
1109,1625,32,28
1205,1625,32,28
1205,1625,32,28
1142,1205,32,28
1179,1701,32,28
1179,1378,32,28
1109,1205,32,28
1205,1625,32,28
1109,1625,32,28
1109,1205,32,28
1109,1625,32,28
1109,1205,32,28
1109,1625,32,28
1109,1205,32,28
1109,1205,32,28
1179,1625,32,28
1109,1205,32,28
1109,1179,32,28
1109,1179,32,28
1109,1179,32,28
1109,1179,32,28
1179,1205,32,28
1205,1625,32,28
1205,1363,32,28
1205,1352,32,28
1205,1352,32,28
1205,1352,32,28
1205,1352,32,28
1205,1352,32,28
1362,1625,32,28
1362,1625,32,28
1362,1625,32,28
1362,1625,32,28
1109,1625,32,28
1109,1625,32,28
1362,1625,33,29
1109,1625,33,29
1362,1625,33,29
1362,1625,33,29
1109,1625,33,29
1362,1625,33,29
1109,1625,33,29
1362,1625,33,29
1362,1625,33,29
1109,1205,33,29
1109,1362,33,29
1362,1625,33,29
1109,1625,33,29
1362,1625,33,29
1109,1362,33,29
1109,1625,33,29
1362,1625,33,29
1109,1625,33,29
1362,1625,33,29
1109,1625,33,29
1362,1625,33,29
1109,1625,33,29
1362,1625,33,29
1109,1625,33,29
1362,1625,33,29
1109,1362,33,29
1109,1625,33,29
1109,1362,33,29
1109,1625,33,29
1362,1625,33,29
1109,1625,33,29
1362,1625,33,29
1362,1625,33,29
1362,1625,33,29
1109,1362,33,29
1362,1625,33,29
1109,1362,33,29
1109,1625,33,29
1362,1625,33,29
1109,1362,33,29
1109,1625,33,29
1109,1362,33,29
1362,1625,33,29
1109,1362,33,29
1109,1625,33,29
1362,1625,33,29
1109,1362,33,29
1109,1625,33,29
1362,1625,33,29
1109,1362,33,29
1205,1385,33,29
1109,1625,33,29
1362,1625,33,29
1109,1625,33,29
1109,1383,33,29
1109,1625,33,29
1109,1625,33,29
1109,1625,33,29
1109,1625,33,29
1383,1625,33,29
1109,1625,33,29
1383,1625,33,29
1109,1625,33,29
1109,1702,33,29
1109,1625,33,29
1109,1625,33,29
1625,1702,33,29
1109,1625,33,29
1109,1625,33,29
1109,1625,33,29
1142,1307,33,29
1109,1625,33,29
1142,1205,33,29
1625,1702,33,29
1142,1205,33,29
1109,1625,33,29
1625,1702,33,29
1142,1205,33,29
1109,1625,33,29
1625,1702,33,29
1109,1625,33,29
1625,1702,33,29
1109,1625,33,29
1625,1702,33,29
1109,1625,33,29
1625,1702,33,29
1142,1205,33,29
1109,1625,33,29
1205,1378,33,29
1109,1625,33,29
1109,1625,33,29
1109,1625,33,29
1109,1625,33,29
1109,1625,33,29
1109,1625,33,29
1142,1702,33,29
1109,1625,33,29
1142,1625,33,29
1109,1625,33,29
1205,1391,33,29
1109,1365,33,29
1109,1142,33,29
1109,1365,33,29
1205,1625,33,29
1109,1401,33,29
1109,1401,33,29
1109,1401,33,29
1109,1625,33,29
1109,1401,33,29
1109,1142,33,29
1109,1625,33,29
1365,1625,33,29
1109,1401,33,29
1109,1142,33,29
1365,1625,33,29
1109,1401,33,29
1109,1401,33,29
1109,1142,33,29
1109,1625,33,29
1109,1401,33,29
1109,1142,33,29
1109,1625,33,29
1109,1401,33,29
1109,1401,33,29
1109,1625,33,29
1401,1625,33,29
1109,1625,33,29
1109,1401,33,29
1109,1625,33,29
1109,1401,33,29
1109,1625,33,29
1401,1625,33,29
1401,1625,33,29
1365,1625,33,29
1109,1401,33,29
1109,1625,33,29
1109,1401,33,29
1109,1625,33,29
1142,1205,33,29
1142,1205,33,29
1109,1205,33,29
1109,1625,33,29
1205,1625,33,29
1205,1625,33,29
1205,1625,33,29
1205,1625,33,29
1109,1625,33,29
1205,1625,33,29
1109,1625,33,29
1109,1625,33,29
1109,1625,33,29
1362,1625,33,29
1109,1625,33,29
1109,1625,33,29
1362,1625,33,29
1109,1362,33,29
1362,1625,33,29
1362,1625,33,29
1109,1362,33,29
1109,1625,33,29
1613,1485,33,29
1205,1485,33,29
1613,1485,33,29
1205,1613,33,29
1613,1625,33,29
1613,1485,33,29
1613,1625,33,29
1205,1625,33,29
1142,1485,33,29
1613,1485,33,29
1613,1625,33,29
1142,1485,33,29
1613,1485,33,29
1205,1485,33,29
1142,1485,33,29
1613,1485,33,29
1613,1485,33,29
1613,1625,33,29
1613,1485,33,29
1613,1625,33,29
1613,1485,33,29
1613,1485,33,29
1613,1485,33,29
1613,1485,33,29
1613,1485,33,29
1613,1485,33,29
1613,1485,33,29
1613,1625,33,29
1613,1485,33,29
1613,1625,33,29
1613,1625,33,29
1613,1625,33,29
1613,1625,33,29
1613,1625,33,29
1613,1485,33,29
1613,1625,33,29
1613,1625,33,29
1613,1485,33,29
1613,1485,33,29
1613,1485,33,29
1613,1625,33,29
1142,1625,33,29
1613,1485,33,29
1613,1485,33,29
1613,1485,33,29
1613,1485,33,29
1109,1142,33,29
1613,1485,33,29
1109,1142,33,29
1613,1485,33,29
1613,1485,33,29
1613,1485,33,29
1109,1142,33,29
1613,1485,33,29
1109,1142,33,29
1613,1485,33,29
1613,1485,33,29
1613,1485,33,29
1613,1625,33,29
1625,1485,33,29
1613,1485,33,29
1613,1485,33,29
1613,1485,33,29
1613,1485,33,29
1613,1485,33,29
1613,1485,33,29
1613,1485,34,30
1307,1613,34,30
1307,1613,34,30
1307,1613,34,30
1307,1485,34,30
1307,1485,34,30
1307,1485,34,30
1307,1613,34,30
1307,1613,34,30
1378,1613,34,30
1416,1613,34,30
1613,1701,34,30
1613,1485,34,30
1613,1701,34,30
1613,1485,34,30
1613,1701,34,30
1391,1613,34,30
1391,1613,34,30
1391,1613,34,30
1391,1485,34,30
1613,1485,34,30
1391,1613,34,30
1391,1485,34,30
1613,1485,34,30
1391,1613,34,30
1613,1485,34,30
1391,1613,34,30
1391,1485,34,30
1391,1613,34,30
1613,1701,34,30
1613,1701,34,30
1362,1613,34,30
1362,1485,34,30
1613,1485,34,30
1362,1613,34,30
1362,1485,34,30
1362,1613,34,30
1362,1485,34,30
1362,1485,34,30
1362,1485,34,30
1613,1485,34,30
1362,1613,34,30
1362,1485,34,30
1613,1485,34,30
1362,1485,34,30
1613,1485,34,30
1362,1613,34,30
1362,1485,34,30
1362,1613,34,30
1362,1485,34,30
1613,1485,34,30
1362,1613,34,30
1362,1485,34,30
1613,1485,34,30
1362,1613,34,30
1362,1485,34,30
1613,1485,34,30
1613,1485,34,30
1613,1485,34,30
1613,1485,34,30
1613,1485,34,30
1613,1485,34,30
1383,1613,34,30
1485,1702,34,30
1416,1613,34,30
1385,1613,34,30
1385,1613,34,30
1352,1485,34,30
1385,1613,34,30
1352,1485,34,30
1352,1613,34,30
1613,1485,34,30
1352,1485,34,30
1613,1485,34,30
1352,1485,34,30
1352,1613,34,30
1613,1485,34,30
1352,1485,34,30
1352,1613,34,30
1613,1485,34,30
1352,1613,34,30
1352,1613,34,30
1613,1485,34,30
1401,1613,34,30
1401,1613,34,30
1613,1485,34,30
1401,1485,34,30
1401,1613,34,30
1613,1485,34,30
1401,1613,34,30
1613,1485,34,30
1401,1613,34,30
1613,1485,34,30
1401,1613,34,30
1613,1485,34,30
1401,1613,34,30
1613,1485,34,30
1401,1613,34,30
1613,1485,34,30
1401,1613,34,30
1613,1485,34,30
1401,1485,34,30
1401,1613,34,30
1613,1485,34,30
1401,1485,34,30
1401,1613,34,30
1365,1485,34,30
1613,1485,34,30
1613,1485,34,30
1485,1702,34,30
1613,1485,34,30
1485,1702,34,30
1613,1702,34,30
1613,1485,34,30
1613,1485,34,30
1613,1485,34,30
1613,1485,34,30
1613,1485,34,30
1613,1485,34,30
1613,1485,34,30
1613,1485,34,30
1613,1485,34,30
1613,1485,34,30
1613,1485,34,30
1613,1485,34,30
1613,1485,34,30
1613,1485,34,30
1613,1485,34,30
1613,1625,34,30
1613,1485,34,30
1613,1485,34,30
1613,1485,34,30
1613,1485,34,30
1613,1485,34,30
1365,1613,34,30
1613,1485,34,30
1365,1613,34,30
1365,1485,34,30
1613,1485,34,30
1365,1485,34,30
1613,1485,34,30
1365,1613,34,30
1365,1485,34,30
1613,1485,34,30
1365,1613,34,30
1365,1485,34,30
1613,1485,34,30
1613,1485,34,30
1613,1485,34,30
1365,1485,34,30
1613,1485,34,30
1365,1485,34,30
1613,1485,34,30
1365,1613,34,30
1613,1485,34,30
1365,1485,34,30
1365,1613,34,30
1365,1485,34,30
1365,1613,34,30
1613,1485,35,31
1613,1485,35,31
1613,1485,35,31
1613,1485,35,31
1307,1485,36,32
1416,1613,36,32
1416,1613,36,32
1416,1613,36,32
1416,1613,36,32
1416,1613,36,32
1416,1613,36,32
1416,1613,36,32
1416,1613,36,32
1416,1613,37,33
1416,1613,37,33
1416,1613,37,33
1416,1613,37,33
1416,1613,37,33
1416,1613,37,33
1416,1485,37,33
1416,1613,37,33
1416,1613,37,33
1613,1485,37,33
1613,1485,37,33
1613,1485,37,33
1613,1485,37,33
1613,1485,37,33
1613,1485,37,33
1613,1485,37,33
1613,1485,37,33
1613,1485,37,33
1613,1485,37,33
1613,1485,37,33
1613,1485,37,33
1613,1485,37,33
1613,1485,37,33
1613,1485,37,33
1416,1613,37,33
1416,1613,37,33
1416,1613,37,33
1416,1613,37,33
1416,1613,37,33
1416,1613,37,33
1416,1613,37,33
1613,1625,37,33
1613,1485,37,33
1613,1485,37,33
1613,1485,37,33
1613,1485,37,33
1613,1485,37,33
1613,1485,37,33
1613,1485,37,33
1613,1485,37,33
1613,1485,37,33
1613,1485,37,33
1613,1485,37,33
1613,1485,37,33
1613,1485,37,33
1613,1485,37,33
1613,1485,37,33
1613,1485,37,33
1613,1485,37,33
1613,1485,38,34
1613,1485,38,34
1613,1485,38,34
1613,1485,38,34
1352,1485,38,34
1365,1613,38,34
1613,1485,38,34
1365,1613,38,34
1365,1485,38,34
1613,1485,38,34
1365,1485,38,34
1613,1485,38,34
1365,1613,38,34
1365,1485,38,34
1613,1485,38,34
1613,1485,38,34
1363,1485,38,34
1613,1485,38,34
1613,1485,38,34
1613,1485,38,34
1363,1485,38,34
1613,1485,38,34
1613,1485,38,34
1613,1485,38,34
1352,1485,38,34
1352,1613,38,34
1613,1485,38,34
1613,1485,38,34
1401,1613,38,34
1613,1485,38,34
1401,1485,38,34
1401,1613,38,34
1613,1485,38,34
1401,1485,38,34
1401,1613,38,34
1613,1485,38,34
1401,1613,38,34
1613,1485,38,34
1401,1613,38,34
1613,1485,38,34
1401,1613,38,34
1613,1485,38,34
1401,1485,38,34
1401,1613,38,34
1613,1485,38,34
1401,1613,38,34
1613,1485,38,34
1401,1613,38,34
1613,1485,38,34
1613,1485,38,34
1613,1485,38,34
1485,1702,38,34
1613,1485,38,34
1485,1702,38,34
1613,1485,38,34
1613,1485,38,34
1613,1485,38,34
1391,1613,38,34
1613,1485,38,34
1391,1613,38,34
1391,1485,38,34
1613,1485,38,34
1391,1613,38,34
1391,1485,38,34
1391,1613,38,34
1391,1613,38,34
1391,1613,38,34
1613,1485,38,34
1613,1485,38,34
1613,1485,38,34
1613,1485,38,34
1613,1485,38,34
1613,1485,38,34
1383,1485,38,34
1613,1485,38,34
1613,1485,38,34
1383,1485,38,34
1613,1485,38,34
1362,1613,38,34
1362,1485,38,34
1613,1485,38,34
1362,1613,38,34
1362,1485,38,34
1613,1485,38,34
1362,1485,38,34
1613,1485,38,34
1362,1613,38,34
1362,1485,38,34
1613,1485,38,34
1362,1613,38,34
1613,1485,38,34
1613,1485,38,34
1378,1485,38,34
1378,1485,38,34
1416,1613,38,34
1416,1613,38,34
1378,1613,38,34
1307,1613,38,34
1378,1485,38,34
1613,1485,38,34
1307,1613,38,34
1613,1485,38,34
1307,1613,38,34
1613,1485,38,34
1307,1613,38,34
1613,1485,38,34
1307,1613,38,34
1378,1613,38,34
1613,1485,38,34
1416,1613,38,34
1416,1613,38,34
1613,1485,38,34
1416,1485,38,34
1613,1485,38,34
1613,1485,38,34
1613,1625,38,34
1385,1613,39,35
1385,1613,39,35
1385,1613,39,35
1613,1485,39,35
1613,1485,39,35
1205,1210,39,35
1613,1485,39,35
1613,1485,39,35
1613,1485,39,35
1613,1485,39,35
1613,1485,39,35
1613,1485,39,35
1613,1485,39,35
1613,1485,39,35
1613,1485,39,35
1613,1485,39,35
1613,1485,39,35
1613,1485,39,35
1613,1485,39,35
1613,1485,39,35
1613,1485,39,35
1613,1485,39,35
1613,1485,39,35
1210,1625,39,35
1613,1485,39,35
1613,1485,39,35
1205,1210,39,35
1613,1485,39,35
1205,1210,39,35
1613,1485,39,35
1613,1485,39,35
1205,1625,39,35
1205,1210,39,35
1613,1485,39,35
1205,1210,39,35
1613,1485,39,35
1613,1485,39,35
1613,1485,39,35
1210,1625,39,35
1613,1485,39,35
1210,1625,39,35
1613,1485,39,35
1613,1485,39,35
1613,1485,39,35
1210,1625,39,35
1613,1485,39,35
1613,1485,39,35
1613,1485,39,35
1613,1485,39,35
1613,1485,39,35
1210,1625,39,35
1613,1485,39,35
1613,1485,39,35
1210,1625,39,35
1613,1485,39,35
1210,1625,39,35
1613,1485,39,35
1210,1625,39,35
1613,1485,39,35
1613,1485,39,35
1210,1625,39,35
1613,1485,39,35
1210,1625,39,35
1613,1485,39,35
1193,1658,39,35
1181,1625,39,35
1210,1625,39,35
1613,1485,39,35
1181,1210,39,35
1613,1485,39,35
1193,1658,39,35
1613,1485,39,35
1613,1485,39,35
1613,1485,39,35
1613,1485,39,35
1193,1210,39,35
1193,1625,39,35
1613,1485,39,35
1193,1485,39,35
1115,1295,39,35
1193,1625,39,35
1613,1485,39,35
1613,1485,39,35
1193,1485,39,35
1613,1485,39,35
1193,1485,39,35
1613,1485,39,35
1193,1485,39,35
1115,1295,39,35
1613,1485,39,35
1193,1485,39,35
1115,1658,39,35
1613,1485,39,35
1115,1193,39,35
1193,1485,39,35
1193,1613,39,35
1613,1485,39,35
1193,1485,39,35
1613,1485,39,35
1193,1485,39,35
1613,1485,39,35
1193,1613,39,35
1613,1485,39,35
1193,1613,39,35
1193,1625,39,35
1613,1485,39,35
1193,1485,39,35
1115,1295,39,35
1193,1613,39,35
1613,1485,39,35
1193,1613,39,35
1613,1485,39,35
1115,1658,39,35
1613,1485,39,35
1193,1485,39,35
1193,1613,39,35
1613,1485,39,35
1193,1613,39,35
1613,1485,39,35
1193,1613,39,35
1115,1210,39,35
1613,1485,39,35
1193,1485,39,35
1193,1613,39,35
1613,1485,39,35
1193,1485,39,35
1193,1613,39,35
1613,1485,39,35
1193,1485,39,35
1115,1625,39,35
1193,1613,39,35
1613,1485,39,35
1115,1193,39,35
1193,1485,39,35
1115,1625,39,35
1193,1613,39,35
1210,1625,39,35
1115,1210,39,35
1613,1485,39,35
1115,1193,39,35
1613,1485,39,35
1613,1485,39,35
1365,1658,39,35
1115,1625,39,35
1613,1485,39,35
1115,1625,39,35
1613,1485,39,35
1115,1193,39,35
1115,1625,39,35
1193,1625,39,35
1613,1485,39,35
1193,1210,39,35
1613,1485,39,35
1613,1485,39,35
1401,1658,39,35
1613,1485,39,35
1613,1485,39,35
1193,1658,39,35
1115,1625,39,35
1613,1485,39,35
1193,1391,39,35
1613,1485,39,35
1193,1658,39,35
1391,1658,39,35
1613,1485,39,35
1391,1658,39,35
1613,1485,39,35
1613,1485,39,35
1613,1485,39,35
1193,1352,39,35
1613,1485,39,35
1613,1485,39,35
1613,1485,39,35
1115,1625,39,35
1613,1485,39,35
1181,1205,39,35
1613,1485,39,35
1613,1485,39,35
1210,1625,39,35
1613,1485,39,35
1210,1625,39,35
1613,1485,39,35
1613,1485,39,35
1210,1658,39,35
1115,1658,39,35
1193,1378,39,35
1613,1485,39,35
1193,1378,39,35
1613,1485,39,35
1115,1658,39,35
1115,1210,39,35
1613,1485,39,35
1210,1658,39,35
1115,1658,39,35
1181,1205,39,35
1115,1210,39,35
1613,1485,39,35
1210,1658,39,35
1181,1625,39,35
1115,1658,39,35
1181,1205,39,35
1115,1210,39,35
1613,1485,39,35
1210,1658,39,35
1115,1210,39,35
1193,1378,39,35
1613,1485,39,35
1210,1658,39,35
1115,1658,39,35
1115,1210,39,35
1115,1210,39,35
1115,1193,39,35
1210,1658,39,35
1193,1625,39,35
1115,1658,39,35
1193,1658,39,35
1181,1205,39,35
1181,1205,39,35
1115,1378,39,35
1115,1378,39,35
1295,1625,39,35
1295,1625,39,35
1210,1658,39,35
1295,1625,39,35
1295,1625,39,35
1210,1295,39,35
1295,1416,39,35
1295,1625,39,35
1181,1205,39,35
1307,1625,39,35
1115,1295,39,35
1295,1307,39,35
1295,1416,39,35
1295,1625,39,35
1193,1210,39,35
1295,1307,39,35
1295,1625,39,35
1115,1378,39,35
1115,1378,39,35
1295,1307,39,35
1295,1625,39,35
1193,1210,39,35
1295,1307,39,35
1295,1625,39,35
1181,1205,39,35
1193,1210,39,35
1295,1307,39,35
1295,1307,39,35
1115,1625,39,35
1181,1205,39,35
1295,1307,39,35
1115,1625,39,35
1295,1625,39,35
1115,1210,39,35
1193,1416,39,35
1115,1625,39,35
1295,1625,39,35
1193,1210,39,35
1115,1378,39,35
1295,1625,39,35
1193,1210,39,35
1115,1378,39,35
1295,1625,39,35
1210,1295,39,35
1210,1378,39,35
1115,1378,39,35
1295,1625,39,35
1210,1295,39,35
1115,1378,39,35
1295,1625,39,35
1210,1625,39,35
1115,1210,39,35
1210,1295,39,35
1115,1378,39,35
1295,1625,39,35
1210,1625,39,35
1115,1210,39,35
1210,1378,39,35
1115,1378,39,35
1115,1625,39,35
1295,1625,39,35
1115,1378,39,35
1295,1625,39,35
1115,1378,39,35
1295,1625,39,35
1115,1378,39,35
1295,1625,39,35
1115,1378,39,35
1295,1625,39,35
1181,1210,39,35
1193,1210,39,35
1115,1378,39,35
1295,1625,39,35
1115,1378,39,35
1295,1625,39,35
1193,1416,39,35
1115,1378,39,35
1295,1625,39,35
1193,1416,39,35
1115,1378,39,35
1295,1625,39,35
1115,1210,39,35
1210,1378,39,35
1115,1378,39,35
1295,1625,39,35
1210,1295,39,35
1210,1378,39,35
1181,1701,39,35
1115,1210,39,35
1295,1307,39,35
1115,1658,39,35
1210,1378,39,35
1295,1625,39,35
1115,1210,39,35
1307,1625,39,35
1295,1307,39,35
1115,1658,39,35
1210,1378,39,35
1295,1625,39,35
1181,1701,39,35
1115,1210,39,35
1307,1625,39,35
1210,1658,39,35
1295,1307,39,35
1115,1658,39,35
1210,1378,39,35
1115,1378,39,35
1295,1625,39,35
1181,1701,39,35
1115,1210,39,35
1210,1378,39,35
1115,1378,39,35
1181,1701,39,35
1115,1210,39,35
1193,1416,39,35
1295,1658,39,35
1210,1378,39,35
1115,1378,39,35
1295,1625,39,35
1181,1701,39,35
1115,1210,39,35
1193,1416,39,35
1625,1658,39,35
1295,1658,39,35
1210,1378,39,35
1115,1378,39,35
1295,1625,39,35
1181,1701,39,35
1115,1210,39,35
1193,1416,39,35
1625,1658,39,35
1295,1658,39,35
1210,1378,39,35
1115,1378,39,35
1295,1625,39,35
1181,1701,39,35
1193,1416,39,35
1210,1378,39,35
1115,1378,39,35
1115,1625,39,35
1181,1701,39,35
1115,1210,39,35
1193,1416,39,35
1210,1378,39,35
1115,1378,39,35
1181,1701,39,35
1210,1625,39,35
1115,1210,39,35
1193,1416,39,35
1210,1378,39,35
1378,1625,39,35
1115,1378,39,35
1115,1625,39,35
1181,1701,39,35
1210,1625,39,35
1115,1210,39,35
1193,1416,39,35
1210,1378,39,35
1115,1378,39,35
1181,1701,39,35
1115,1210,39,35
1193,1416,39,35
1210,1378,39,35
1115,1378,39,35
1181,1701,39,35
1115,1210,39,35
1193,1416,39,35
1210,1378,39,35
1115,1378,39,35
1115,1210,39,35
1193,1416,39,35
1210,1378,39,35
1115,1378,39,35
1181,1701,39,35
1115,1210,39,35
1210,1378,39,35
1115,1378,39,35
1181,1701,39,35
1115,1210,39,35
1210,1378,39,35
1115,1378,39,35
1193,1205,39,35
1181,1701,39,35
1115,1210,39,35
1193,1416,39,35
1362,1625,39,35
1210,1378,39,35
1115,1378,39,35
1115,1210,39,35
1193,1416,39,35
1210,1378,39,35
1115,1378,39,35
1115,1210,39,35
1193,1416,39,35
1362,1625,39,35
1210,1378,39,35
1115,1378,39,35
1181,1701,39,35
1115,1210,39,35
1193,1416,39,35
1362,1625,39,35
1210,1378,39,35
1115,1378,39,35
1181,1701,39,35
1115,1210,39,35
1193,1416,39,35
1210,1378,39,35
1115,1378,39,35
1115,1210,39,35
1193,1416,39,35
1210,1378,39,35
1115,1378,39,35
1115,1210,39,35
1193,1416,39,35
1210,1378,39,35
1115,1378,39,35
1181,1701,39,35
1115,1210,39,35
1193,1416,39,35
1362,1625,39,35
1210,1378,39,35
1115,1378,39,35
1181,1701,39,35
1115,1210,39,35
1193,1416,39,35
1210,1378,39,35
1115,1378,39,35
1181,1701,39,35
1115,1210,39,35
1210,1378,39,35
1115,1378,39,35
1115,1210,39,35
1193,1416,39,35
1210,1378,39,35
1115,1378,39,35
1115,1210,39,35
1193,1416,39,35
1362,1625,39,35
1210,1378,39,35
1115,1378,39,35
1295,1625,39,35
1181,1701,39,35
1115,1210,39,35
1193,1416,39,35
1362,1625,39,35
1210,1378,39,35
1115,1378,39,35
1295,1625,39,35
1181,1701,39,35
1362,1625,39,35
1181,1701,39,35
1193,1416,39,35
1362,1625,39,35
1115,1378,39,35
1181,1701,39,35
1115,1210,39,35
1193,1416,39,35
1210,1378,39,35
1181,1701,39,35
1193,1416,39,35
1362,1625,39,35
1210,1378,39,35
1181,1701,39,35
1193,1416,39,35
1362,1625,39,35
1210,1378,39,35
1181,1701,39,35
1193,1416,39,35
1181,1701,39,35
1193,1416,39,35
1210,1378,39,35
1115,1210,39,35
1181,1701,39,35
1115,1210,39,35
1205,1295,39,35
1210,1378,39,35
1115,1378,39,35
1181,1701,39,35
1210,1378,39,35
1115,1378,39,35
1193,1205,39,35
1181,1701,39,35
1115,1210,39,35
1181,1701,39,35
1115,1210,39,35
1295,1701,39,35
1193,1416,39,35
1210,1378,39,35
1193,1205,39,35
1181,1701,39,35
1295,1658,39,35
1115,1378,39,35
1181,1701,39,35
1181,1701,39,35
1193,1205,39,35
1181,1701,39,35
1115,1210,39,35
1115,1307,39,35
1115,1210,39,35
1115,1307,39,35
1181,1701,39,35
1115,1210,39,35
1115,1307,39,35
1181,1701,39,35
1115,1210,39,35
1115,1307,39,35
1181,1701,39,35
1210,1307,39,35
1115,1210,39,35
1115,1307,39,35
1115,1210,39,35
1115,1307,39,35
1115,1307,39,35
1181,1701,39,35
1115,1210,39,35
1115,1307,39,35
1295,1625,39,35
1115,1210,39,35
1115,1307,39,35
1362,1625,39,35
1295,1625,39,35
1115,1210,39,35
1115,1307,39,35
1115,1210,39,35
1115,1307,39,35
1193,1385,39,35
1181,1701,39,35
1210,1307,39,35
1115,1210,39,35
1115,1307,39,35
1181,1701,39,35
1115,1210,39,35
1115,1307,39,35
1115,1378,39,35
1115,1210,39,35
1193,1385,39,35
1181,1701,39,35
1115,1210,39,35
1115,1307,39,35
1181,1701,39,35
1115,1210,39,35
1115,1307,39,35
1181,1701,39,35
1210,1307,39,35
1115,1210,39,35
1181,1701,39,35
1210,1307,39,35
1115,1210,39,35
1181,1701,39,35
1210,1307,39,35
1115,1210,39,35
1115,1307,39,35
1295,1658,39,35
1115,1378,39,35
1210,1307,39,35
1115,1210,39,35
1193,1385,39,35
1295,1658,39,35
1210,1307,39,35
1115,1210,39,35
1115,1307,39,35
1295,1658,39,35
1210,1307,39,35
1115,1210,39,35
1115,1307,39,35
1295,1658,39,35
1181,1701,39,35
1210,1307,39,35
1115,1210,39,35
1115,1307,39,35
1295,1658,39,35
1181,1701,39,35
1210,1307,39,35
1115,1210,39,35
1115,1307,39,35
1295,1658,39,35
1210,1307,39,35
1115,1210,39,35
1115,1307,39,35
1210,1307,39,35
1115,1210,40,36
1115,1307,40,36
1295,1658,40,36
1210,1307,40,36
1115,1210,40,36
1115,1307,40,36
1295,1658,40,36
1210,1307,40,36
1115,1210,40,36
1115,1307,40,36
1295,1658,40,36
1181,1701,40,36
1210,1307,40,36
1115,1210,40,36
1115,1307,40,36
1193,1385,40,36
1295,1658,40,36
1115,1210,40,36
1115,1307,40,36
1193,1385,40,36
1295,1658,40,36
1115,1378,40,36
1115,1210,40,36
1115,1307,40,36
1193,1385,40,36
1295,1625,40,36
1115,1210,40,36
1295,1625,40,36
1205,1769,40,36
1193,1385,40,36
1295,1625,40,36
1115,1193,40,36
1115,1193,40,36
1210,1378,40,36
1181,1701,40,36
1115,1210,40,36
1115,1378,40,36
1295,1625,40,36
1181,1701,40,36
1295,1625,40,36
1181,1701,40,36
1210,1307,40,36
1115,1210,40,36
1295,1625,40,36
1181,1701,40,36
1115,1210,40,36
1295,1625,40,36
1181,1701,40,36
1295,1625,40,36
1181,1701,40,36
1295,1625,40,36
1181,1701,40,36
1115,1210,40,36
1365,1658,40,36
1295,1625,40,36
1365,1658,40,36
1295,1625,40,36
1365,1658,40,36
1295,1625,40,36
1295,1625,40,36
1295,1625,40,36
1295,1625,40,36
1193,1210,40,36
1193,1210,40,36
1193,1658,40,36
1193,1658,40,36
1193,1401,40,36
1193,1658,40,36
1205,1658,40,36
1193,1658,40,36
1205,1658,40,36
1193,1658,40,36
1210,1658,40,36
1193,1658,40,36
1181,1210,40,36
1205,1658,40,36
1181,1701,40,36
1193,1210,40,36
1115,1658,40,36
1193,1210,40,36
1363,1460,40,36
1115,1210,40,36
1210,1658,40,36
1115,1658,40,36
1193,1391,40,36
1205,1658,40,36
1205,1210,40,36
1115,1210,40,36
1210,1658,40,36
1115,1658,40,36
1193,1391,40,36
1181,1701,40,36
1115,1210,40,36
1210,1658,40,36
1115,1658,40,36
1193,1391,40,36
1115,1210,40,36
1193,1391,40,36
1210,1658,40,36
1658,1701,40,36
1181,1391,40,36
1115,1658,40,36
1115,1210,40,36
1210,1658,40,36
1181,1193,40,36
1115,1658,40,36
1193,1391,40,36
1115,1210,40,36
1210,1658,40,36
1115,1193,40,36
1115,1658,40,36
1115,1210,40,36
1210,1658,40,36
1115,1658,40,36
1115,1210,40,36
1210,1658,40,36
1181,1391,40,36
1115,1658,40,36
1193,1460,40,36
1115,1210,40,36
1210,1658,40,36
1115,1658,40,36
1295,1625,40,36
1193,1205,40,36
1115,1210,40,36
1210,1658,40,36
1115,1658,40,36
1295,1625,40,36
1193,1205,40,36
1193,1460,40,36
1115,1210,40,36
1115,1658,40,36
1295,1625,40,36
1115,1701,40,36
1193,1205,40,36
1115,1210,40,36
1295,1625,40,36
1193,1205,40,36
1115,1210,40,36
1210,1658,40,36
1625,1658,40,36
1115,1658,40,36
1295,1625,40,36
1193,1205,40,36
1295,1625,40,36
1193,1205,40,36
1295,1625,40,36
1193,1205,40,36
1295,1625,40,36
1193,1205,40,36
1205,1460,40,36
1115,1385,40,36
1210,1383,40,36
1295,1625,40,36
1193,1205,40,36
1115,1658,40,36
1295,1625,40,36
1193,1205,40,36
1210,1383,40,36
1115,1658,40,36
1295,1625,40,36
1193,1205,40,36
1205,1460,40,36
1115,1658,40,36
1295,1625,40,36
1193,1205,40,36
1210,1383,40,36
1115,1658,40,36
1295,1625,40,36
1193,1205,40,36
1401,1625,40,36
1210,1383,40,36
1115,1658,40,36
1295,1625,40,36
1193,1205,40,36
1205,1460,40,36
1210,1383,40,36
1115,1658,40,36
1295,1625,40,36
1193,1205,40,36
1205,1460,40,36
1401,1625,40,36
1115,1658,40,36
1295,1625,40,36
1295,1401,40,36
1401,1625,40,36
1181,1391,40,36
1115,1658,40,36
1295,1625,40,36
1295,1401,40,36
1210,1383,40,36
1181,1391,40,36
1115,1658,40,36
1401,1625,40,36
1193,1658,40,36
1115,1658,40,36
1295,1625,40,36
1295,1401,40,36
1401,1625,40,36
1193,1658,40,36
1115,1193,40,36
1181,1391,40,36
1115,1658,40,36
1295,1625,40,36
1401,1625,40,36
1193,1658,40,36
1115,1193,40,36
1181,1391,40,36
1115,1658,40,36
1210,1401,40,36
1210,1295,40,36
1193,1658,40,36
1210,1401,40,36
1115,1378,40,36
1295,1625,40,36
1295,1401,40,36
1401,1625,40,36
1115,1378,40,36
1205,1460,40,36
1295,1401,40,36
1401,1625,40,36
1210,1658,40,36
1193,1210,40,36
1115,1378,40,36
1295,1625,40,36
1205,1460,40,36
1401,1625,40,36
1210,1658,40,36
1193,1210,40,36
1115,1378,40,36
1295,1625,40,36
1295,1401,40,36
1210,1658,40,36
1115,1378,40,36
1295,1625,40,36
1295,1401,40,36
1115,1210,40,36
1210,1658,40,36
1115,1658,40,36
1115,1378,40,36
1295,1625,40,36
1295,1401,40,36
1210,1658,40,36
1295,1625,40,36
1295,1401,40,36
1115,1210,40,36
1210,1658,40,36
1115,1658,40,36
1295,1625,40,36
1115,1210,40,36
1210,1658,40,36
1115,1658,40,36
1115,1210,40,36
1210,1658,40,36
1115,1658,40,36
1295,1625,40,36
1115,1210,40,36
1210,1658,40,36
1115,1658,40,36
1295,1625,40,36
1401,1625,40,36
1193,1295,40,36
1115,1210,40,36
1210,1658,40,36
1115,1658,40,36
1401,1625,40,36
1115,1658,40,36
1295,1625,40,36
1295,1401,40,36
1193,1625,40,36
1193,1401,40,36
1193,1295,40,36
1115,1658,40,36
1210,1702,40,36
1401,1625,40,36
1193,1401,40,36
1193,1295,40,36
1210,1702,40,36
1401,1625,40,36
1193,1295,40,36
1115,1658,40,36
1210,1702,40,36
1401,1625,40,36
1193,1295,40,36
1193,1378,40,36
1115,1193,40,36
1295,1625,40,36
1210,1702,40,36
1401,1625,40,36
1193,1658,40,36
1295,1625,40,36
1210,1702,40,36
1295,1401,40,36
1401,1625,40,36
1193,1658,40,36
1295,1625,40,36
1210,1702,40,36
1295,1401,40,36
1401,1625,40,36
1193,1658,40,36
1295,1625,40,36
1210,1702,40,36
1295,1401,40,36
1115,1193,40,36
1115,1658,40,36
1295,1625,40,36
1210,1702,40,36
1295,1401,40,36
1115,1193,40,36
1295,1625,40,36
1210,1702,40,36
1401,1625,40,36
1295,1702,40,36
1210,1702,40,36
1401,1625,40,36
1210,1702,40,36
1193,1625,40,36
1193,1401,40,36
1210,1702,40,36
1193,1625,40,36
1193,1401,40,36
1210,1702,40,36
1193,1625,40,36
1210,1625,40,36
1193,1401,40,36
1210,1295,40,36
1210,1625,40,36
1193,1401,40,36
1210,1295,40,36
1210,1658,40,36
1295,1625,40,36
1193,1401,40,36
1210,1658,40,36
1295,1625,40,36
1193,1401,40,36
1210,1658,40,36
1193,1210,40,36
1295,1658,40,36
1193,1401,40,36
1210,1658,40,36
1193,1210,40,36
1295,1625,40,36
1193,1295,40,36
1115,1210,40,36
1210,1658,40,36
1193,1658,40,36
1115,1193,40,36
1193,1210,40,36
1115,1658,40,36
1295,1625,40,36
1193,1625,40,36
1193,1295,40,36
1115,1210,40,36
1210,1658,40,36
1115,1658,40,36
1295,1625,40,36
1391,1658,40,36
1193,1210,40,36
1115,1658,40,36
1295,1625,40,36
1295,1625,40,36
1115,1193,40,36
1193,1210,40,36
1295,1625,40,36
1115,1210,40,36
1115,1193,40,36
1193,1210,40,36
1181,1658,40,36
1295,1625,40,36
1115,1193,40,36
1181,1658,40,36
1295,1625,40,36
1115,1193,40,36
1193,1210,40,36
1295,1625,40,36
1115,1210,40,36
1295,1625,40,36
1378,1658,40,36
1115,1210,40,36
1115,1193,40,36
1193,1210,40,36
1378,1658,40,36
1115,1210,40,36
1205,1295,40,36
1115,1193,40,36
1193,1210,40,36
1385,1658,40,36
1205,1295,40,36
1115,1193,40,36
1205,1295,40,36
1193,1210,40,36
1115,1210,40,36
1115,1658,40,36
1115,1210,40,36
1115,1193,40,36
1115,1210,40,36
1115,1658,40,36
1115,1210,40,36
1205,1460,40,36
1115,1210,40,36
1115,1210,40,36
1115,1193,40,36
1193,1210,40,36
1115,1210,40,36
1115,1193,40,36
1193,1210,40,36
1115,1210,40,36
1115,1193,40,36
1193,1210,40,36
1205,1460,40,36
1115,1210,40,36
1115,1193,40,36
1193,1210,40,36
1115,1658,40,36
1115,1210,40,36
1115,1193,40,36
1193,1210,40,36
1205,1460,40,36
1115,1210,40,36
1193,1658,40,36
1115,1193,40,36
1193,1210,40,36
1205,1460,40,36
1115,1210,40,36
1205,1460,40,36
1115,1210,40,36
1205,1460,40,36
1115,1210,40,36
1307,1625,40,36
1307,1625,40,36
1115,1658,40,36
1205,1460,40,36
1115,1210,40,36
1307,1625,40,36
1181,1352,40,36
1205,1460,40,36
1307,1625,40,36
1181,1352,40,36
1115,1658,40,36
1193,1625,40,36
1307,1625,40,36
1181,1352,40,36
1115,1193,40,36
1295,1625,40,36
1307,1625,40,36
1181,1352,40,36
1115,1193,40,36
1295,1625,40,36
1307,1625,40,36
1193,1658,40,36
1181,1352,40,36
1307,1625,40,36
1115,1193,40,36
1193,1210,40,36
1295,1625,40,36
1307,1625,40,36
1193,1658,40,36
1181,1352,40,36
1193,1210,40,36
1295,1625,40,36
1193,1210,40,36
1295,1625,40,36
1193,1210,40,36
1295,1625,40,36
1307,1625,40,36
1193,1658,40,36
1193,1210,40,36
1295,1625,40,36
1193,1210,40,36
1181,1352,40,36
1115,1193,40,36
1181,1352,40,36
1115,1210,40,36
1307,1625,40,36
1181,1352,40,36
1193,1210,40,36
1181,1352,40,36
1115,1193,40,36
1193,1210,40,36
1307,1625,40,36
1181,1352,40,36
1115,1193,40,36
1193,1210,40,36
1115,1658,40,36
1181,1352,40,36
1193,1210,40,36
1115,1658,40,36
1193,1210,40,36
1307,1625,40,36
1193,1210,40,36
1181,1205,40,36
1307,1625,40,36
1115,1193,40,36
1193,1210,40,36
1115,1193,40,36
1193,1210,40,36
1295,1625,40,36
1115,1193,40,36
1193,1210,40,36
1295,1625,40,36
1210,1658,40,36
1193,1658,40,36
1193,1210,40,36
1295,1625,40,36
1210,1658,40,36
1115,1658,40,36
1295,1625,40,36
1193,1658,40,36
1115,1193,40,36
1115,1658,40,36
1295,1625,40,36
1193,1658,40,36
1115,1193,40,36
1193,1210,40,36
1115,1658,40,36
1295,1625,40,36
1193,1658,40,36
1193,1210,40,36
1115,1658,40,36
1193,1658,40,36
1193,1210,40,36
1115,1658,40,36
1295,1625,40,36
1210,1658,40,36
1193,1658,40,36
1115,1193,40,36
1193,1210,40,36
1115,1658,40,36
1295,1625,40,36
1210,1658,40,36
1193,1658,40,36
1115,1193,40,36
1193,1210,40,36
1115,1658,40,36
1295,1625,40,36
1210,1658,40,36
1193,1658,40,36
1115,1193,40,36
1193,1210,40,36
1115,1658,40,36
1295,1625,40,36
1193,1658,40,36
1115,1193,40,36
1193,1210,40,36
1295,1625,40,36
1193,1658,40,36
1115,1193,40,36
1193,1210,40,36
1115,1658,40,36
1295,1625,40,36
1181,1205,40,36
1210,1658,40,36
1193,1658,40,36
1115,1658,40,36
1295,1625,40,36
1193,1658,40,36
1193,1210,40,36
1205,1535,40,36
1295,1625,40,36
1193,1658,40,36
1115,1193,40,36
1193,1210,40,36
1115,1658,40,36
1295,1625,40,36
1193,1658,40,36
1115,1193,40,36
1193,1210,40,36
1115,1658,40,36
1295,1625,40,36
1181,1205,40,36
1193,1658,40,36
1115,1193,40,36
1193,1210,40,36
1115,1190,40,36
1115,1658,40,36
1295,1625,40,36
1193,1658,40,36
1115,1193,40,36
1193,1210,40,36
1115,1658,40,36
1295,1625,40,36
1193,1658,40,36
1115,1193,40,36
1193,1210,40,36
1295,1625,40,36
1193,1658,40,36
1115,1193,40,36
1193,1210,40,36
1115,1658,40,36
1295,1625,40,36
1210,1658,40,36
1115,1193,40,36
1193,1210,40,36
1115,1658,40,36
1295,1625,40,36
1210,1658,40,36
1193,1658,40,36
1115,1193,40,36
1193,1210,40,36
1115,1658,40,36
1295,1625,40,36
1210,1658,40,36
1193,1658,40,36
1115,1193,40,36
1193,1210,40,36
1115,1658,40,36
1295,1625,40,36
1210,1658,40,36
1193,1658,40,36
1115,1193,40,36
1193,1210,40,36
1115,1658,40,36
1210,1658,40,36
1193,1658,40,36
1115,1193,40,36
1193,1210,40,36
1115,1658,40,36
1295,1625,40,36
1115,1210,40,36
1210,1658,40,36
1193,1658,40,36
1115,1193,40,36
1193,1210,40,36
1115,1658,40,36
1295,1625,40,36
1210,1658,40,36
1193,1658,40,36
1115,1193,40,36
1193,1210,40,36
1115,1658,40,36
1295,1625,40,36
1181,1205,40,36
1210,1658,40,36
1193,1658,40,36
1115,1193,40,36
1193,1210,40,36
1115,1658,40,36
1295,1625,40,36
1210,1658,40,36
1193,1658,40,36
1115,1193,40,36
1193,1210,40,36
1115,1658,40,36
1295,1625,40,36
1115,1193,40,36
1193,1210,40,36
1193,1658,40,36
1115,1193,40,36
1193,1210,40,36
1295,1625,40,36
1210,1658,40,36
1193,1658,40,36
1193,1210,40,36
1115,1658,40,36
1210,1658,40,36
1193,1658,40,36
1115,1193,40,36
1193,1210,40,36
1115,1658,40,36
1193,1658,40,36
1115,1193,40,36
1193,1210,40,36
1115,1658,40,36
1115,1193,40,36
1193,1210,40,36
1115,1658,40,36
1193,1210,40,36
1295,1307,40,36
1115,1658,40,36
1115,1210,40,36
1115,1193,40,36
1193,1210,40,36
1535,1658,40,36
1295,1307,40,36
1115,1658,40,36
1193,1535,40,36
1193,1210,40,36
1535,1658,40,36
1193,1210,40,36
1535,1658,40,36
1115,1658,40,36
1157,1221,40,36
1115,1535,40,36
1098,1193,40,36
1181,1352,40,36
1193,1210,40,36
1098,1210,40,36
1295,1307,40,36
1115,1658,40,36
1157,1221,40,36
1115,1535,40,36
1098,1193,40,36
1181,1352,40,36
1193,1210,40,36
1115,1658,40,36
1098,1193,40,36
1181,1352,40,36
1193,1210,40,36
1098,1193,40,36
1193,1210,40,36
1295,1307,40,36
1295,1378,40,36
1193,1210,40,36
1098,1193,40,36
1193,1210,40,36
1307,1625,40,36
1098,1193,40,36
1181,1352,40,36
1193,1210,40,36
1098,1210,40,36
1098,1193,40,36
1193,1210,40,36
1098,1210,40,36
1307,1625,40,36
1193,1210,40,36
1098,1210,40,36
1307,1625,40,36
1193,1210,40,36
1098,1210,40,36
1098,1193,40,36
1295,1378,40,36
1181,1352,40,36
1193,1210,40,36
1098,1210,40,36
1098,1193,40,36
1295,1378,40,36
1181,1352,40,36
1193,1210,40,36
1181,1352,40,36
1193,1210,40,36
1307,1625,40,36
1193,1210,40,36
1157,1383,40,36
1115,1535,40,36
1295,1625,40,36
1098,1157,40,36
1307,1625,40,36
1193,1210,40,36
1115,1210,40,36
1307,1625,40,36
1098,1205,40,36
1295,1378,40,36
1115,1193,40,36
1193,1210,40,36
1098,1157,40,36
1115,1210,40,36
1210,1658,40,36
1193,1658,40,36
1295,1378,40,36
1181,1352,40,36
1115,1193,40,36
1193,1210,40,36
1115,1658,40,36
1210,1658,40,36
1098,1205,40,36
1295,1378,40,36
1181,1352,40,36
1115,1193,40,36
1193,1210,40,36
1115,1658,40,36
1295,1625,40,36
1307,1625,40,36
1098,1205,40,36
1193,1658,40,36
1181,1352,40,36
1115,1193,40,36
1157,1205,40,36
1098,1157,40,36
1307,1625,40,36
1098,1205,40,36
1181,1352,40,36
1157,1210,40,36
1115,1193,40,36
1098,1157,40,36
1157,1210,40,36
1098,1157,40,36
1157,1193,40,36
1115,1157,40,36
1115,1181,40,36
1098,1157,40,36
1115,1210,40,36
1098,1193,40,36
1157,1193,40,36
1190,1385,40,36
1115,1210,40,36
1181,1193,40,36
1098,1193,40,36
1115,1193,40,36
1098,1115,40,36
1115,1181,40,36
1295,1625,40,36
1115,1193,40,36
1295,1625,40,36
1295,1625,40,36
1193,1658,40,36
1157,1295,40,36
1157,1295,40,36
1295,1625,40,36
1115,1365,40,36
1193,1460,40,36
1363,1460,40,36
1157,1378,40,36
1363,1460,40,36
1115,1365,40,36
1157,1625,40,36
1363,1460,40,36
1115,1365,40,36
1295,1625,40,36
1193,1460,40,36
1363,1460,40,36
1193,1460,40,36
1157,1378,40,36
1295,1378,40,36
1363,1460,40,36
1157,1625,40,36
1157,1378,40,36
1363,1460,40,36
1157,1625,40,36
1157,1378,40,36
1363,1460,40,36
1115,1365,40,36
1157,1625,40,36
1363,1460,40,36
1115,1365,40,36
1363,1460,40,36
1115,1365,40,36
1378,1625,40,36
1295,1625,40,36
1157,1295,40,36
1363,1460,40,36
1115,1365,40,36
1295,1625,40,36
1157,1295,40,36
1157,1625,40,36
1115,1365,40,36
1295,1625,40,36
1157,1295,40,36
1193,1460,40,36
1363,1460,40,36
1098,1181,40,36
1115,1365,40,36
1363,1460,40,36
1098,1181,40,36
1115,1365,40,36
1295,1625,40,36
1363,1460,40,36
1307,1625,40,36
1098,1181,40,36
1115,1365,40,36
1115,1210,40,36
1295,1378,40,36
1363,1460,40,36
1098,1181,40,36
1115,1365,40,36
1378,1625,40,36
1193,1460,40,36
1115,1210,40,36
1130,1221,40,36
1193,1363,40,36
1098,1181,40,36
1115,1365,40,36
1157,1221,40,36
1193,1460,40,36
1130,1221,40,36
1295,1378,40,36
1363,1460,40,36
1098,1181,40,36
1115,1365,40,36
1157,1221,40,36
1193,1460,40,36
1363,1460,40,36
1115,1365,40,36
1210,1625,40,36
1130,1221,40,36
1098,1181,40,36
1115,1365,40,36
1210,1625,40,36
1130,1221,40,36
1295,1378,40,36
1098,1210,40,36
1115,1365,40,36
1181,1205,40,36
1210,1625,40,36
1130,1221,40,36
1295,1378,40,36
1098,1210,40,36
1148,1260,40,36
1115,1365,40,36
1210,1625,40,36
1098,1625,40,36
1148,1221,40,36
1098,1210,40,36
1148,1260,40,36
1115,1365,40,36
1221,1260,40,36
1157,1660,40,36
1210,1625,40,36
1210,1295,40,36
1098,1625,40,36
1363,1460,40,36
1098,1295,40,36
1148,1221,40,36
1098,1210,40,36
1115,1365,40,36
1295,1625,40,36
1157,1660,40,36
1210,1625,40,36
1210,1295,40,36
1363,1460,40,36
1098,1295,40,36
1148,1221,40,36
1098,1210,40,36
1115,1365,40,36
1295,1625,40,36
1221,1260,40,36
1157,1660,40,36
1210,1625,40,36
1210,1295,40,36
1363,1460,40,36
1148,1260,40,36
1115,1365,40,36
1295,1625,40,36
1168,1660,40,36
1157,1660,40,36
1210,1625,40,36
1210,1295,40,36
1190,1210,40,36
1363,1460,40,36
1168,1181,40,36
1115,1365,40,36
1295,1625,40,36
1157,1660,40,36
1130,1221,40,36
1190,1210,40,36
1363,1460,40,36
1295,1362,40,36
1115,1365,40,36
1295,1625,40,36
1098,1625,40,36
1190,1210,40,36
1363,1460,40,36
1157,1181,40,36
1295,1362,40,36
1115,1365,40,36
1098,1193,40,36
1190,1210,40,36
1193,1210,40,36
1363,1460,40,36
1295,1362,40,36
1115,1365,40,36
1295,1625,40,36
1193,1658,40,36
1190,1210,40,36
1210,1401,40,36
1295,1362,40,36
1115,1365,40,36
1190,1210,40,36
1363,1460,40,36
1362,1625,40,36
1210,1401,40,36
1295,1362,40,36
1115,1365,40,36
1295,1625,40,36
1157,1168,40,36
1190,1193,40,36
1193,1210,40,36
1363,1460,40,36
1157,1260,40,36
1295,1362,40,36
1115,1365,40,36
1295,1625,40,36
1205,1769,40,36
1193,1210,40,36
1157,1209,40,36
1295,1362,40,36
1115,1365,40,36
1363,1460,40,36
1210,1401,40,36
1295,1362,40,36
1115,1365,40,36
1295,1625,40,36
1098,1193,40,36
1363,1460,40,36
1210,1401,40,36
1295,1362,40,36
1115,1365,40,36
1295,1625,40,36
1210,1401,40,36
1295,1362,40,36
1115,1365,40,36
1159,1168,40,36
1181,1416,40,36
1363,1460,40,36
1210,1401,40,36
1295,1362,40,36
1115,1365,40,36
1159,1168,40,36
1190,1658,40,36
1181,1416,40,36
1210,1401,40,36
1190,1260,40,36
1295,1362,40,36
1115,1365,40,36
1164,1205,40,36
1159,1168,40,36
1295,1625,40,36
1181,1416,40,36
1164,1658,40,36
1363,1460,40,36
1210,1401,40,36
1295,1362,40,36
1159,1168,40,36
1295,1625,40,36
1181,1416,40,36
1164,1658,40,36
1363,1460,40,36
1210,1401,40,36
1159,1168,40,36
1210,1401,40,36
1295,1362,40,36
1115,1365,40,36
1159,1168,40,36
1295,1625,40,36
1210,1401,40,36
1115,1365,40,36
1159,1168,40,36
1295,1625,40,36
1193,1460,40,36
1210,1401,40,36
1295,1362,40,36
1115,1365,40,36
1159,1168,40,36
1295,1625,40,36
1193,1460,40,36
1164,1181,40,36
1115,1210,40,36
1115,1401,40,36
1210,1401,40,36
1295,1362,40,36
1159,1168,40,36
1295,1625,40,36
1193,1460,40,36
1164,1181,40,36
1115,1210,40,36
1164,1658,40,36
1115,1401,40,36
1210,1401,40,36
1295,1362,40,36
1115,1365,40,36
1159,1168,40,36
1295,1625,40,36
1115,1210,40,36
1164,1658,40,36
1115,1401,40,36
1210,1401,40,36
1159,1168,40,36
1295,1625,40,36
1115,1210,40,36
1164,1658,40,36
1210,1401,40,36
1115,1365,40,36
1159,1168,40,36
1295,1383,40,36
1115,1210,40,36
1115,1401,40,36
1210,1401,40,36
1159,1168,40,36
1295,1383,40,36
1115,1210,40,36
1098,1164,40,36
1115,1401,40,36
1210,1401,40,36
1159,1168,40,36
1115,1210,40,36
1115,1401,40,36
1164,1260,40,36
1210,1401,40,36
1159,1168,40,36
1295,1383,40,36
1115,1210,40,36
1210,1401,40,36
1159,1168,40,36
1295,1383,40,36
1115,1210,40,36
1115,1401,40,36
1210,1401,40,36
1159,1168,40,36
1115,1210,40,36
1115,1401,40,36
1210,1401,40,36
1193,1460,40,36
1115,1210,40,36
1363,1460,40,36
1115,1401,40,36
1210,1401,40,36
1159,1168,40,36
1193,1460,40,36
1363,1460,40,36
1100,1108,40,36
1115,1401,40,36
1205,1385,40,36
1193,1460,40,36
1115,1210,40,36
1363,1460,40,36
1115,1401,40,36
1210,1401,40,36
1159,1168,40,36
1193,1460,40,36
1115,1210,40,36
1363,1460,40,36
1115,1401,40,36
1210,1401,40,36
1193,1460,40,36
1115,1210,40,36
1363,1460,40,36
1159,1168,40,36
1295,1625,40,36
1193,1460,40,36
1295,1383,40,36
1115,1210,40,36
1164,1209,40,36
1164,1168,40,36
1159,1168,40,36
1295,1625,40,36
1193,1460,40,36
1115,1210,40,36
1164,1168,40,36
1159,1168,40,36
1295,1625,40,36
1193,1460,40,36
1115,1210,40,36
1164,1168,40,36
1295,1625,40,36
1295,1383,40,36
1115,1210,40,36
1164,1168,40,36
1159,1168,40,36
1115,1210,40,36
1115,1401,40,36
1164,1168,40,36
1159,1168,40,36
1115,1210,40,36
1115,1401,40,36
1164,1168,40,36
1159,1168,40,36
1115,1210,40,36
1115,1401,40,36
1159,1168,40,36
1295,1625,40,36
1115,1210,40,36
1115,1401,40,36
1159,1168,40,36
1295,1625,40,36
1115,1210,40,36
1383,1625,40,36
1115,1401,40,36
1159,1168,40,36
1295,1625,40,36
1115,1210,40,36
1383,1625,40,36
1115,1401,40,36
1164,1168,40,36
1159,1168,40,36
1115,1210,40,36
1193,1210,40,36
1164,1168,40,36
1159,1168,40,36
1115,1625,40,36
1295,1702,40,36
1210,1625,40,36
1115,1210,40,36
1115,1401,40,36
1164,1168,40,36
1159,1168,40,36
1295,1702,40,36
1115,1210,40,36
1115,1401,40,36
1193,1391,40,36
1210,1401,40,36
1159,1168,40,36
1295,1702,40,36
1115,1210,40,36
1115,1401,40,36
1159,1168,40,36
1295,1702,40,36
1115,1210,40,36
1115,1401,40,36
1210,1401,40,36
1159,1168,40,36
1295,1702,40,36
1157,1164,40,36
1625,1702,40,36
1115,1210,40,36
1115,1401,40,36
1210,1401,40,36
1115,1365,40,36
1159,1168,40,36
1295,1625,40,36
1295,1702,40,36
1625,1702,40,36
1115,1210,40,36
1115,1401,40,36
1210,1401,40,36
1159,1168,40,36
1295,1625,40,36
1295,1702,40,36
1625,1702,40,36
1115,1210,40,36
1159,1168,40,36
1295,1625,40,36
1295,1702,40,36
1625,1702,41,37
1159,1168,41,37
1295,1625,41,37
1295,1702,41,37
1625,1702,41,37
1115,1210,41,37
1159,1168,41,37
1295,1625,41,37
1295,1702,41,37
1625,1702,41,37
1115,1401,41,37
1159,1168,41,37
1295,1625,41,37
1295,1702,41,37
1625,1702,41,37
1115,1210,41,37
1159,1168,41,37
1295,1625,41,37
1295,1702,41,37
1625,1702,41,37
1210,1401,41,37
1159,1168,41,37
1295,1625,41,37
1295,1702,41,37
1625,1702,41,37
1115,1210,41,37
1210,1401,41,37
1159,1168,41,37
1295,1625,41,37
1295,1702,41,37
1157,1164,41,37
1625,1702,41,37
1159,1168,41,37
1295,1625,41,37
1295,1702,41,37
1115,1210,41,37
1159,1168,41,37
1295,1625,41,37
1295,1702,41,37
1625,1702,41,37
1115,1210,41,37
1295,1625,41,37
1295,1702,41,37
1181,1205,41,37
1159,1168,41,37
1295,1625,41,37
1295,1702,41,37
1181,1205,41,37
1625,1702,41,37
1115,1210,41,37
1164,1168,41,37
1159,1168,41,37
1295,1625,41,37
1295,1702,41,37
1625,1702,41,37
1115,1210,41,37
1164,1168,41,37
1159,1168,41,37
1295,1625,41,37
1295,1702,41,37
1157,1164,41,37
1625,1702,41,37
1115,1210,41,37
1210,1658,41,37
1164,1168,41,37
1159,1168,41,37
1295,1625,41,37
1295,1702,41,37
1157,1164,41,37
1181,1205,41,37
1157,1168,41,37
1210,1295,41,37
1115,1295,41,37
1159,1168,41,37
1295,1702,41,37
1181,1205,41,37
1210,1625,41,37
1115,1210,41,37
1210,1295,41,37
1115,1295,41,37
1159,1168,41,37
1210,1625,41,37
1115,1210,41,37
1157,1159,41,37
1159,1168,41,37
1295,1625,41,37
1157,1168,41,37
1115,1210,41,37
1157,1159,41,37
1159,1168,41,37
1157,1168,41,37
1115,1210,41,37
1159,1168,41,37
1181,1205,41,37
1157,1168,41,37
1115,1210,41,37
1159,1168,41,37
1181,1205,41,37
1115,1210,41,37
1159,1168,41,37
1181,1205,41,37
1115,1210,41,37
1115,1295,41,37
1164,1168,41,37
1159,1168,41,37
1365,1401,41,37
1115,1210,41,37
1210,1365,41,37
1164,1168,41,37
1115,1365,41,37
1159,1168,41,37
1115,1210,41,37
1210,1365,41,37
1164,1168,41,37
1159,1168,41,37
1295,1625,41,37
1115,1210,41,37
1164,1168,41,37
1193,1391,41,37
1159,1168,41,37
1295,1625,41,37
1115,1210,41,37
1210,1365,41,37
1193,1391,41,37
1159,1168,41,37
1295,1625,41,37
1115,1210,41,37
1159,1168,41,37
1115,1210,41,37
1159,1168,41,37
1181,1205,41,37
1401,1625,41,37
1115,1210,41,37
1210,1365,41,37
1193,1391,41,37
1159,1168,41,37
1115,1210,41,37
1159,1168,41,37
1115,1210,41,37
1193,1391,41,37
1159,1168,41,37
1115,1210,41,37
1193,1391,41,37
1115,1365,41,37
1159,1168,41,37
1401,1625,41,37
1115,1210,41,37
1193,1391,41,37
1159,1168,41,37
1115,1210,41,37
1210,1365,41,37
1164,1168,41,37
1193,1391,41,37
1159,1168,41,37
1295,1625,41,37
1115,1210,41,37
1210,1365,41,37
1164,1168,41,37
1193,1391,41,37
1159,1168,41,37
1295,1625,41,37
1115,1210,41,37
1193,1391,41,37
1159,1168,41,37
1181,1205,41,37
1115,1210,41,37
1193,1391,41,37
1115,1365,41,37
1193,1391,41,37
1115,1365,41,37
1159,1168,41,37
1115,1210,41,37
1210,1295,41,37
1210,1365,41,37
1115,1295,41,37
1164,1168,41,37
1193,1391,41,37
1115,1365,41,37
1159,1168,41,37
1115,1625,41,37
1210,1625,41,37
1115,1210,41,37
1210,1365,41,37
1193,1391,41,37
1159,1168,41,37
1115,1625,41,37
1210,1365,41,37
1193,1391,41,37
1159,1168,41,37
1295,1625,41,37
1210,1625,41,37
1115,1210,41,37
1210,1365,41,37
1365,1625,41,37
1193,1391,41,37
1159,1168,41,37
1295,1625,41,37
1115,1210,41,37
1365,1625,41,37
1193,1391,41,37
1295,1365,41,37
1159,1168,41,37
1295,1625,41,37
1210,1625,41,37
1115,1210,41,37
1365,1625,41,37
1193,1391,41,37
1295,1365,41,37
1159,1168,41,37
1295,1625,41,37
1115,1210,41,37
1365,1625,41,37
1193,1391,41,37
1295,1365,41,37
1159,1168,41,37
1295,1625,41,37
1210,1625,41,37
1115,1210,41,37
1365,1625,41,37
1164,1168,41,37
1193,1391,41,37
1159,1168,41,37
1295,1625,41,37
1115,1210,41,37
1365,1625,41,37
1164,1168,41,37
1193,1391,41,37
1159,1168,41,37
1295,1625,41,37
1115,1210,41,37
1193,1391,41,37
1295,1365,41,37
1115,1365,41,37
1159,1168,41,37
1295,1625,41,37
1210,1365,41,37
1115,1295,41,37
1193,1391,41,37
1159,1168,41,37
1210,1365,41,37
1115,1295,41,37
1365,1625,41,37
1193,1391,41,37
1295,1365,41,37
1159,1168,41,37
1210,1365,41,37
1193,1391,41,37
1295,1365,41,37
1159,1168,41,37
1181,1205,41,37
1115,1210,41,37
1210,1295,41,37
1210,1365,41,37
1115,1193,41,37
1193,1210,41,37
1295,1365,41,37
1159,1168,41,37
1115,1625,41,37
1295,1625,41,37
1210,1625,41,37
1115,1193,41,37
1193,1210,41,37
1295,1365,41,37
1159,1168,41,37
1295,1625,41,37
1115,1210,41,37
1210,1658,41,37
1115,1193,41,37
1193,1210,41,37
1115,1658,41,37
1159,1168,41,37
1115,1210,41,37
1210,1295,41,37
1210,1365,41,37
1115,1193,41,37
1193,1210,41,37
1159,1168,41,37
1115,1210,41,37
1210,1295,41,37
1210,1365,41,37
1115,1193,41,37
1193,1210,41,37
1115,1295,41,37
1295,1365,41,37
1159,1168,41,37
1193,1295,41,37
1115,1210,41,37
1210,1295,41,37
1210,1365,41,37
1193,1210,41,37
1295,1365,41,37
1159,1168,41,37
1115,1210,41,37
1193,1391,41,37
1159,1168,41,37
1295,1625,41,37
1193,1210,41,37
1210,1391,41,37
1193,1391,41,37
1159,1168,41,37
1115,1625,41,37
1295,1625,41,37
1210,1391,41,37
1159,1168,41,37
1115,1625,41,37
1295,1625,41,37
1460,1658,41,37
1193,1210,41,37
1210,1391,41,37
1193,1391,41,37
1159,1168,41,37
1193,1210,41,37
1210,1391,41,37
1193,1391,41,37
1159,1168,41,37
1115,1625,41,37
1295,1625,41,37
1193,1391,41,37
1159,1168,41,37
1115,1625,41,37
1295,1625,41,37
1205,1210,41,37
1115,1295,41,37
1193,1391,41,37
1159,1168,41,37
1115,1625,41,37
1295,1625,41,37
1205,1210,41,37
1115,1295,41,37
1193,1391,41,37
1115,1625,41,37
1295,1625,41,37
1115,1295,41,37
1164,1168,41,37
1193,1391,41,37
1159,1168,41,37
1210,1701,41,37
1115,1625,41,37
1295,1625,41,37
1115,1295,41,37
1193,1391,41,37
1159,1168,41,37
1115,1625,41,37
1295,1625,41,37
1210,1365,41,37
1115,1295,41,37
1193,1391,41,37
1159,1168,41,37
1190,1210,41,37
1115,1295,41,37
1365,1625,41,37
1164,1168,41,37
1193,1391,41,37
1159,1168,41,37
1210,1658,41,37
1181,1193,41,37
1190,1210,41,37
1115,1295,41,37
1190,1205,41,37
1164,1168,41,37
1193,1391,41,37
1159,1168,41,37
1205,1210,41,37
1190,1210,41,37
1115,1295,41,37
1193,1391,41,37
1159,1168,41,37
1205,1210,41,37
1210,1658,41,37
1190,1210,41,37
1115,1295,41,37
1190,1205,41,37
1193,1391,41,37
1159,1168,41,37
1205,1210,41,37
1115,1295,41,37
1190,1205,41,37
1164,1168,41,37
1193,1391,41,37
1159,1168,41,37
1181,1701,41,37
1205,1210,41,37
1115,1210,41,37
1181,1193,41,37
1190,1210,41,37
1100,1108,41,37
1190,1205,41,37
1164,1168,41,37
1193,1391,41,37
1159,1168,41,37
1098,1157,41,37
1181,1701,41,37
1205,1210,41,37
1181,1193,41,37
1193,1391,41,37
1295,1625,41,37
1098,1157,41,37
1210,1658,41,37
1181,1193,41,37
1193,1391,41,37
1295,1625,41,37
1098,1221,41,37
1210,1658,41,37
1108,1164,41,37
1157,1260,41,37
1209,1260,41,37
1098,1260,41,37
1295,1625,41,37
1098,1209,41,37
1205,1210,41,37
1295,1625,41,37
1193,1205,41,37
1157,1260,41,37
1157,1221,41,37
1157,1260,41,37
1193,1391,41,37
1148,1157,41,37
1365,1658,41,37
1193,1391,41,37
1157,1260,41,37
1159,1221,41,37
1193,1391,41,37
1210,1295,41,37
1130,1221,41,37
1210,1365,41,37
1148,1221,41,37
1365,1658,41,37
1148,1159,41,37
1193,1391,41,37
1159,1378,41,37
1148,1260,41,37
1221,1260,41,37
1100,1164,41,37
1159,1260,41,37
1130,1221,41,37
1148,1221,41,37
1193,1391,41,37
1148,1260,41,37
1295,1625,41,37
1221,1260,41,37
1157,1164,41,37
1100,1164,41,37
1130,1221,41,37
1159,1221,41,37
1193,1391,41,37
1100,1157,41,37
1148,1260,41,37
1295,1625,41,37
1157,1164,41,37
1100,1164,41,37
1181,1193,41,37
1159,1221,41,37
1130,1159,41,37
1193,1391,41,37
1100,1157,41,37
1295,1625,41,37
1157,1164,41,37
1295,1401,41,37
1098,1221,41,37
1181,1193,41,37
1164,1260,41,37
1098,1130,41,37
1193,1391,41,37
1148,1260,41,37
1157,1221,41,37
1295,1625,41,37
1295,1401,41,37
1401,1625,41,37
1210,1295,41,37
1181,1193,41,37
1205,1295,41,37
1193,1391,41,37
1115,1210,41,37
1130,1221,41,37
1148,1157,41,37
1157,1260,41,37
1625,1658,41,37
1193,1391,41,37
1148,1260,41,37
1295,1625,41,37
1130,1221,41,37
1205,1352,41,37
1193,1391,41,37
1148,1260,41,37
1295,1625,41,37
1193,1210,41,37
1098,1295,41,37
1205,1352,41,37
1210,1352,41,37
1148,1260,41,37
1130,1157,41,37
1130,1221,41,37
1193,1210,41,37
1098,1295,41,37
1205,1352,41,37
1130,1260,41,37
1210,1352,41,37
1221,1260,41,37
1130,1157,41,37
1205,1210,41,37
1205,1352,41,37
1210,1352,41,37
1193,1391,41,37
1130,1157,41,37
1193,1391,41,37
1210,1391,41,37
1210,1352,41,37
1193,1391,41,37
1295,1625,41,37
1210,1352,41,37
1193,1391,41,37
1157,1221,41,37
1295,1625,41,37
1157,1295,41,37
1157,1625,41,37
1157,1193,41,37
1210,1352,41,37
1115,1365,41,37
1130,1193,41,37
1205,1210,41,37
1205,1352,41,37
1210,1352,41,37
1221,1260,41,37
1130,1157,41,37
1157,1365,41,37
1130,1193,41,37
1148,1221,41,37
1210,1352,41,37
1193,1391,41,37
1221,1260,41,37
1205,1210,41,37
1210,1352,41,37
1193,1391,41,37
1221,1260,41,37
1130,1157,41,37
1205,1210,41,37
1210,1391,41,37
1210,1352,41,37
1193,1391,41,37
1130,1157,41,37
1205,1210,41,37
1193,1210,41,37
1210,1352,41,37
1193,1391,41,37
1221,1260,41,37
1130,1157,41,37
1100,1658,41,37
1193,1210,41,37
1148,1221,41,37
1205,1352,41,37
1210,1352,41,37
1193,1391,41,37
1148,1260,41,37
1221,1260,41,37
1130,1157,41,37
1205,1210,41,37
1210,1352,41,37
1193,1391,41,37
1148,1260,41,37
1221,1260,41,37
1100,1295,41,37
1130,1157,41,37
1205,1210,41,37
1193,1210,41,37
1210,1352,41,37
1193,1391,41,37
1148,1260,41,37
1221,1260,41,37
1100,1295,41,37
1130,1157,41,37
1210,1352,41,37
1148,1260,41,37
1221,1260,41,37
1100,1295,41,37
1130,1157,41,37
1205,1210,41,37
1210,1352,41,37
1193,1391,41,37
1148,1260,41,37
1100,1295,41,37
1130,1157,41,37
1205,1210,41,37
1210,1352,41,37
1295,1625,41,37
1130,1157,41,37
1205,1210,41,37
1210,1352,41,37
1193,1391,41,37
1148,1260,41,37
1295,1625,41,37
1130,1157,41,37
1205,1210,41,37
1130,1365,41,37
1148,1221,41,37
1205,1352,41,37
1210,1352,41,37
1193,1391,41,37
1130,1157,41,37
1157,1365,41,37
1205,1210,41,37
1130,1365,41,37
1148,1221,41,37
1210,1352,41,37
1115,1365,41,37
1130,1157,41,37
1157,1365,41,37
1205,1210,41,37
1130,1365,41,37
1210,1352,41,37
1130,1157,41,37
1157,1365,41,37
1205,1210,41,37
1130,1365,41,37
1210,1352,41,37
1193,1391,41,37
1130,1157,41,37
1157,1365,41,37
1205,1210,41,37
1130,1365,41,37
1210,1352,41,37
1130,1157,41,37
1157,1365,41,37
1205,1210,41,37
1115,1210,41,37
1130,1365,41,37
1159,1625,41,37
1210,1352,41,37
1164,1625,41,37
1193,1391,41,37
1130,1157,41,37
1157,1365,41,37
1115,1210,41,37
1130,1365,41,37
1210,1352,41,37
1193,1391,41,37
1190,1385,41,37
1130,1157,41,37
1157,1365,41,37
1205,1210,41,37
1130,1365,41,37
1210,1352,41,37
1193,1391,41,37
1221,1260,41,37
1130,1157,41,37
1157,1365,41,37
1205,1210,41,37
1130,1365,41,37
1210,1352,41,37
1130,1157,41,37
1157,1365,41,37
1205,1210,41,37
1130,1365,41,37
1115,1193,41,37
1148,1221,41,37
1157,1193,41,37
1210,1352,41,37
1115,1701,41,37
1130,1157,41,37
1157,1365,41,37
1205,1210,41,37
1159,1221,41,37
1210,1352,41,37
1115,1701,41,37
1130,1193,41,37
1205,1210,41,37
1193,1365,41,37
1205,1352,41,37
1159,1221,41,37
1210,1352,41,37
1115,1701,41,37
1130,1157,41,37
1205,1210,41,37
1115,1391,41,37
1193,1365,41,37
1115,1193,41,37
1210,1352,41,37
1295,1625,41,37
1130,1157,41,37
1115,1130,41,37
1159,1260,41,37
1205,1210,41,37
1164,1295,41,37
1159,1221,41,37
1210,1352,41,37
1130,1157,41,37
1159,1260,41,37
1100,1625,41,37
1159,1221,41,37
1210,1352,41,37
1193,1391,41,37
1221,1260,41,37
1130,1157,41,37
1100,1625,41,37
1148,1221,41,37
1159,1221,41,37
1148,1260,41,37
1221,1260,41,37
1130,1157,41,37
1205,1210,41,37
1164,1625,41,37
1115,1365,41,37
1221,1260,41,37
1130,1157,41,37
1205,1210,41,37
1115,1365,41,37
1221,1260,41,37
1130,1157,41,37
1205,1210,41,37
1098,1164,41,37
1100,1144,41,37
1159,1221,41,37
1210,1352,41,37
1193,1391,41,37
1148,1260,41,37
1221,1260,41,37
1130,1157,41,37
1205,1210,41,37
1193,1391,41,37
1130,1157,41,37
1205,1210,41,37
1144,1260,41,37
1168,1385,41,37
1193,1391,41,37
1148,1260,41,37
1130,1157,41,37
1210,1625,41,37
1205,1210,41,37
1168,1385,41,37
1144,1164,41,37
1193,1391,41,37
1148,1260,41,37
1115,1625,41,37
1130,1157,41,37
1210,1625,41,37
1205,1210,41,37
1168,1385,41,37
1193,1391,41,37
1148,1260,41,37
1210,1625,41,37
1205,1210,41,37
1193,1391,41,37
1148,1260,41,37
1295,1625,41,37
1205,1210,41,37
1144,1625,41,37
1148,1221,41,37
1193,1391,41,37
1148,1260,41,37
1295,1625,41,37
1221,1260,41,37
1130,1157,41,37
1205,1210,41,37
1148,1221,41,37
1159,1221,41,37
1193,1391,41,37
1148,1260,41,37
1295,1625,41,37
1221,1260,41,37
1205,1210,41,37
1168,1385,41,37
1144,1365,41,37
1193,1391,41,37
1148,1260,41,37
1168,1190,41,37
1295,1625,41,37
1148,1221,41,37
1193,1391,41,37
1148,1260,41,37
1221,1260,41,37
1205,1210,41,37
1164,1295,41,37
1164,1168,41,37
1193,1391,41,37
1148,1260,41,37
1221,1260,41,37
1205,1210,41,37
1144,1148,41,37
1193,1210,41,37
1144,1164,41,37
1148,1260,41,37
1168,1190,41,37
1144,1295,41,37
1144,1148,41,37
1193,1210,41,37
1168,1385,41,37
1144,1164,41,37
1144,1221,41,37
1168,1190,41,37
1181,1769,41,37
1210,1365,41,37
1193,1210,41,37
1193,1210,41,37
1148,1181,41,37
1144,1164,41,37
1159,1221,41,37
1164,1625,41,37
1193,1260,41,37
1148,1260,41,37
1295,1625,41,37
1181,1210,41,37
1210,1365,41,37
1148,1260,41,37
1144,1295,41,37
1295,1625,41,37
1130,1157,41,37
1193,1365,41,37
1210,1365,41,37
1193,1210,41,37
1193,1260,41,37
1148,1260,41,37
1210,1260,41,37
1181,1210,41,37
1164,1625,41,37
1148,1260,41,37
1295,1625,41,37
1130,1157,41,37
1210,1260,41,37
1181,1210,41,37
1193,1210,41,37
1190,1385,41,37
1148,1260,41,37
1130,1157,41,37
1210,1260,41,37
1181,1210,41,37
1210,1365,41,37
1193,1210,41,37
1148,1210,41,37
1148,1260,41,37
1210,1769,41,37
1130,1157,41,37
1159,1221,41,37
1164,1625,41,37
1148,1260,41,37
1130,1157,41,37
1205,1210,41,37
1193,1210,41,37
1164,1625,41,37
1159,1365,41,37
1148,1260,41,37
1130,1157,41,37
1159,1260,41,37
1181,1769,41,37
1210,1260,41,37
1193,1210,41,37
1148,1210,41,37
1193,1260,41,37
1148,1260,41,37
1164,1205,41,37
1130,1157,41,37
1181,1769,41,37
1159,1365,41,37
1148,1260,41,37
1164,1205,41,37
1295,1625,41,37
1130,1157,41,37
1193,1362,41,37
1108,1164,41,37
1148,1260,41,37
1193,1362,41,37
1148,1159,41,37
1383,1702,41,37
1148,1260,41,37
1159,1260,41,37
1193,1362,41,37
1148,1159,41,37
1383,1702,41,37
1205,1625,41,37
1148,1159,41,37
1383,1702,41,37
1193,1260,41,37
1148,1260,41,37
1159,1260,41,37
1148,1193,41,37
1210,1383,41,37
1383,1702,41,37
1159,1365,41,37
1148,1260,41,37
1210,1383,41,37
1383,1702,41,37
1164,1625,41,37
1148,1260,41,37
1205,1625,41,37
1148,1260,41,37
1210,1383,41,37
1148,1260,41,37
1383,1702,41,37
1148,1260,41,37
1210,1383,41,37
1164,1625,41,37
1148,1260,41,37
1210,1383,41,37
1168,1525,41,37
1168,1658,41,37
1383,1702,41,37
1148,1260,41,37
1525,1658,41,37
1205,1625,41,37
1210,1383,41,37
1168,1525,41,37
1168,1658,41,37
1383,1702,41,37
1148,1260,41,37
1115,1701,41,37
1525,1658,41,37
1205,1625,41,37
1383,1702,41,37
1148,1260,41,37
1210,1702,41,37
1525,1535,41,37
1205,1625,41,37
1210,1383,41,37
1193,1362,41,37
1168,1525,41,37
1383,1702,41,37
1210,1383,41,37
1148,1260,41,37
1130,1157,41,37
1210,1383,41,37
1193,1362,41,37
1130,1157,41,37
1210,1383,41,37
1148,1260,41,37
1130,1157,41,37
1260,1460,41,37
1210,1383,41,37
1193,1362,41,37
1148,1260,41,37
1115,1701,41,37
1260,1460,41,37
1210,1383,41,37
1148,1260,41,37
1115,1701,41,37
1210,1383,41,37
1148,1260,41,37
1115,1701,41,37
1130,1157,41,37
1164,1221,41,37
1210,1383,41,37
1193,1362,41,37
1164,1625,41,37
1148,1260,41,37
1193,1362,41,37
1148,1260,41,37
1295,1625,41,37
1130,1157,41,37
1098,1625,41,37
1193,1362,41,37
1164,1625,41,37
1164,1205,41,37
1295,1625,41,37
1193,1362,41,37
1100,1108,41,37
1148,1260,41,37
1164,1205,41,37
1130,1157,41,37
1295,1378,41,37
1193,1362,41,37
1164,1205,41,37
1130,1157,41,37
1100,1108,41,37
1159,1221,41,37
1164,1205,41,37
1295,1625,41,37
1100,1108,41,37
1378,1625,41,37
1144,1295,41,37
1295,1625,41,37
1190,1193,41,37
1193,1365,41,37
1115,1193,41,37
1115,1190,41,37
1164,1205,41,37
1378,1625,41,37
1190,1193,41,37
1115,1193,41,37
1210,1383,41,37
1100,1144,41,37
1164,1205,41,37
1378,1625,41,37
1190,1193,41,37
1115,1210,41,37
1100,1144,41,37
1159,1221,41,37
1164,1205,41,37
1115,1210,41,37
1115,1383,41,37
1210,1383,41,37
1164,1205,41,37
1378,1625,41,37
1115,1210,41,37
1100,1108,41,37
1378,1625,41,37
1115,1210,41,37
1164,1190,41,37
1210,1383,41,37
1100,1108,41,37
1100,1205,41,37
1378,1625,41,37
1157,1221,41,37
1115,1210,41,37
1115,1383,41,37
1164,1205,41,37
1378,1625,41,37
1100,1164,41,37
1181,1769,41,37
1130,1210,41,37
1144,1625,41,37
1164,1205,41,37
1378,1625,41,37
1157,1210,41,37
1210,1221,41,37
1378,1625,41,37
1157,1221,41,37
1295,1625,41,37
1115,1383,41,37
1295,1378,41,37
1378,1625,41,37
1295,1625,41,37
1115,1210,41,37
1181,1769,41,37
1115,1383,41,37
1295,1378,41,37
1157,1210,41,37
1210,1383,41,37
1378,1625,41,37
1295,1625,41,37
1115,1210,41,37
1181,1769,41,37
1157,1210,41,37
1210,1383,41,37
1115,1157,41,37
1378,1625,41,37
1295,1625,41,37
1115,1210,41,37
1181,1769,41,37
1295,1378,41,37
1157,1210,41,37
1157,1383,41,37
1115,1157,41,37
1295,1625,41,37
1181,1769,41,37
1295,1378,41,37
1157,1210,41,37
1115,1157,41,37
1295,1625,41,37
1115,1210,41,37
1181,1769,41,37
1295,1378,41,37
1157,1210,41,37
1100,1108,41,37
1115,1157,41,37
1378,1625,41,37
1157,1221,41,37
1100,1108,41,37
1378,1625,41,37
1181,1769,41,37
1115,1383,41,37
1100,1108,41,37
1115,1210,41,37
1115,1210,41,37
1181,1769,41,37
1190,1365,41,37
1164,1625,41,37
1164,1205,41,37
1115,1210,41,37
1295,1378,41,37
1148,1260,41,37
1164,1205,41,37
1378,1625,41,37
1115,1210,41,37
1210,1383,41,37
1148,1260,41,37
1164,1205,41,37
1378,1625,41,37
1295,1625,41,37
1115,1210,41,37
1148,1260,41,37
1164,1205,41,37
1130,1157,41,37
1115,1210,41,37
1148,1260,41,37
1378,1625,41,37
1130,1157,41,37
1115,1210,41,37
1164,1205,41,37
1130,1157,41,37
1115,1210,41,37
1148,1260,41,37
1164,1205,41,37
1378,1625,41,37
1115,1210,41,37
1148,1260,41,37
1164,1205,41,37
1378,1625,41,37
1115,1210,41,37
1190,1460,41,37
1148,1260,41,37
1378,1625,41,37
1115,1210,41,37
1378,1625,41,37
1115,1210,41,37
1115,1383,41,37
1210,1383,41,37
1115,1210,41,37
1210,1383,41,37
1164,1658,41,37
1148,1260,41,37
1100,1658,41,37
1115,1210,41,37
1148,1260,41,37
1100,1658,41,37
1260,1460,41,37
1115,1210,41,37
1100,1658,41,37
1115,1210,41,37
1148,1260,41,37
1115,1210,41,37
1115,1210,41,37
1115,1193,41,37
1164,1205,41,37
1115,1210,41,37
1148,1260,41,37
1210,1658,41,37
1210,1365,41,37
1148,1260,41,37
1164,1205,41,37
1210,1365,41,37
1658,1701,41,37
1148,1260,41,37
1157,1221,41,37
1130,1221,41,37
1130,1769,41,37
1164,1205,41,37
1157,1221,41,37
1130,1157,41,37
1658,1701,41,37
1148,1260,41,37
1164,1205,41,37
1157,1221,41,37
1260,1460,41,37
1658,1701,41,37
1193,1362,41,37
1130,1769,41,37
1157,1221,41,37
1260,1460,41,37
1210,1383,41,37
1193,1362,41,37
1130,1769,41,37
1378,1625,41,37
1157,1221,41,37
1115,1210,41,37
1130,1221,41,37
1190,1365,41,37
1181,1190,41,37
1164,1205,41,37
1378,1625,41,37
1157,1221,41,37
1130,1157,41,37
1193,1362,41,37
1115,1190,41,37
1181,1190,41,37
1148,1260,41,37
1115,1365,41,37
1164,1205,41,37
1378,1625,41,37
1157,1221,41,37
1130,1157,41,37
1115,1130,41,37
1260,1460,41,37
1190,1365,41,37
1148,1260,41,37
1164,1205,41,37
1378,1625,41,37
1157,1221,41,37
1130,1157,41,37
1260,1460,41,37
1115,1210,41,37
1658,1701,41,37
1193,1362,41,37
1159,1221,41,37
1148,1260,41,37
1164,1205,41,37
1378,1625,41,37
1157,1221,41,37
1130,1157,41,37
1115,1210,41,37
1130,1221,41,37
1307,1625,41,37
1130,1365,41,37
1157,1159,41,37
1210,1383,41,37
1210,1362,41,37
1159,1221,41,37
1148,1260,41,37
1164,1205,41,37
1157,1221,41,37
1130,1157,41,37
1115,1210,41,37
1148,1260,41,37
1164,1205,41,37
1378,1625,41,37
1157,1221,41,37
1115,1210,41,37
1210,1658,41,37
1115,1658,41,37
1148,1260,41,37
1378,1625,41,37
1157,1221,41,37
1115,1210,41,37
1210,1658,41,37
1157,1159,41,37
1210,1391,41,37
1115,1658,41,37
1148,1260,41,37
1157,1221,41,37
1115,1391,41,37
1210,1658,41,37
1157,1159,41,37
1148,1260,41,37
1378,1625,41,37
1157,1221,41,37
1115,1391,41,37
1115,1210,41,37
1157,1210,41,37
1115,1193,41,37
1210,1391,41,37
1115,1658,41,37
1193,1391,41,37
1148,1260,41,37
1157,1221,41,37
1130,1157,41,37
1115,1221,41,37
1260,1460,41,37
1115,1210,41,37
1130,1221,41,37
1159,1210,41,37
1115,1193,41,37
1148,1260,41,37
1164,1205,41,37
1157,1221,41,37
1130,1157,41,37
1181,1205,41,37
1391,1658,41,37
1159,1210,41,37
1115,1193,41,37
1210,1221,41,37
1148,1260,41,37
1115,1365,41,37
1378,1625,41,37
1157,1221,41,37
1115,1221,41,37
1260,1460,41,37
1115,1210,41,37
1193,1365,41,37
1391,1658,41,37
1210,1365,41,37
1193,1210,41,37
1190,1260,41,37
1148,1260,41,37
1378,1625,41,37
1157,1221,41,37
1164,1181,41,37
1115,1210,41,37
1391,1658,41,37
1148,1260,41,37
1164,1205,41,37
1157,1221,41,37
1164,1181,41,37
1260,1460,41,37
1190,1210,41,37
1210,1365,41,37
1193,1362,41,37
1148,1260,41,37
1164,1205,41,37
1378,1625,41,37
1157,1221,41,37
1130,1157,41,37
1260,1460,41,37
1130,1221,41,37
1190,1210,41,37
1210,1365,41,37
1193,1362,41,37
1148,1260,41,37
1378,1625,41,37
1098,1115,41,37
1157,1221,41,37
1130,1157,41,37
1115,1130,41,37
1260,1460,41,37
1130,1221,41,37
1391,1658,41,37
1190,1210,41,37
1210,1365,41,37
1098,1164,41,37
1193,1362,41,37
1148,1260,41,37
1378,1625,41,37
1157,1221,41,37
1130,1157,41,37
1260,1460,41,37
1130,1221,41,37
1190,1210,41,37
1098,1164,41,37
1193,1362,41,37
1148,1260,41,37
1378,1625,41,37
1157,1221,41,37
1130,1157,41,37
1260,1460,41,37
1130,1221,41,37
1190,1210,41,37
1098,1164,41,37
1148,1260,41,37
1157,1221,41,37
1130,1157,41,37
1260,1460,41,37
1130,1221,41,37
1391,1658,41,37
1190,1210,41,37
1098,1164,41,37
1193,1362,41,37
1148,1260,41,37
1378,1625,41,37
1157,1221,41,37
1130,1157,41,37
1190,1210,41,37
1098,1164,41,37
1193,1362,41,37
1115,1190,41,37
1148,1260,41,37
1130,1157,41,37
1190,1210,41,37
1098,1164,41,37
1115,1190,41,37
1148,1260,41,37
1130,1157,41,37
1115,1210,41,37
1190,1210,41,37
1098,1164,41,37
1115,1190,41,37
1148,1260,41,37
1130,1157,41,37
1164,1221,41,37
1190,1210,41,37
1115,1193,41,37
1098,1164,41,37
1115,1190,41,37
1148,1260,41,37
1130,1157,41,37
1115,1221,41,37
1130,1221,41,37
1352,1658,41,37
1098,1193,41,37
1190,1210,41,37
1108,1115,41,37
1108,1164,41,37
1148,1260,41,37
1098,1115,41,37
1157,1221,41,37
1108,1181,41,37
1130,1157,41,37
1181,1205,41,37
1260,1460,41,37
1193,1378,41,37
1130,1221,41,37
1352,1658,41,37
1190,1210,41,37
1148,1260,41,37
1157,1221,41,37
1295,1625,41,37
1130,1157,41,37
1157,1401,41,37
1130,1221,41,37
1352,1658,41,37
1190,1210,41,37
1148,1260,41,37
1157,1221,41,37
1260,1460,41,37
1157,1401,41,37
1130,1221,41,37
1190,1210,41,37
1148,1260,41,37
1108,1193,41,37
1378,1625,41,37
1157,1221,41,37
1193,1205,41,37
1260,1460,41,37
1157,1401,41,37
1130,1221,41,37
1190,1210,41,37
1148,1260,41,37
1378,1625,41,37
1157,1401,41,37
1108,1362,41,37
1190,1210,41,37
1378,1625,41,37
1260,1460,41,37
1108,1362,41,37
1352,1658,41,37
1190,1210,41,37
1148,1260,41,37
1378,1625,41,37
1157,1221,41,37
1260,1460,41,37
1157,1401,41,37
1130,1221,41,37
1108,1362,41,37
1352,1658,41,37
1190,1210,41,37
1148,1260,41,37
1378,1625,41,37
1260,1460,41,37
1157,1401,41,37
1130,1221,41,37
1108,1362,41,37
1190,1210,41,37
1148,1260,41,37
1164,1205,41,37
1378,1625,41,37
1157,1221,41,37
1130,1157,41,37
1260,1460,41,37
1157,1401,41,37
1130,1221,41,37
1108,1362,41,37
1190,1210,41,37
1148,1260,41,37
1164,1205,41,37
1378,1625,41,37
1157,1221,41,37
1130,1157,41,37
1157,1401,41,37
1108,1362,41,37
1190,1210,41,37
1148,1260,41,37
1164,1205,41,37
1157,1221,41,37
1157,1401,41,37
1130,1658,41,37
1108,1362,41,37
1190,1210,41,37
1148,1260,41,37
1164,1205,41,37
1157,1221,41,37
1157,1401,41,37
1108,1362,41,37
1190,1210,41,37
1148,1260,41,37
1378,1625,41,37
1157,1221,41,37
1108,1362,41,37
1658,1769,41,37
1190,1210,41,37
1115,1205,41,37
1148,1260,41,37
1378,1625,41,37
1157,1221,41,37
1193,1205,41,37
1260,1460,41,37
1157,1401,41,37
1108,1362,41,37
1148,1260,41,37
1157,1221,41,37
1295,1625,41,37
1157,1401,41,37
1205,1295,41,37
1108,1362,41,37
1190,1210,41,37
1221,1401,41,37
1148,1260,41,37
1157,1221,41,37
1295,1625,41,37
1157,1401,41,37
1108,1362,41,37
1190,1210,41,37
1221,1401,41,37
1148,1260,41,37
1157,1221,41,37
1295,1625,41,37
1157,1401,41,37
1108,1362,41,37
1190,1210,41,37
1210,1365,41,37
1115,1193,41,37
1164,1625,41,37
1148,1260,41,37
1157,1221,41,37
1295,1625,41,37
1157,1401,41,37
1148,1460,41,37
1108,1362,41,37
1159,1210,41,37
1115,1193,41,37
1148,1260,41,37
1157,1221,41,37
1108,1362,41,37
1159,1210,41,37
1115,1193,41,37
1190,1365,41,37
1221,1401,41,37
1148,1260,41,37
1144,1295,41,37
1157,1221,41,37
1295,1625,41,37
1108,1362,41,37
1210,1260,41,37
1159,1210,41,37
1210,1365,41,37
1144,1164,41,37
1260,1365,41,37
1190,1365,41,37
1221,1401,41,37
1148,1260,41,37
1157,1221,41,37
1159,1260,41,37
1205,1295,41,37
1108,1362,41,37
1130,1210,41,37
1190,1210,41,37
1159,1210,41,37
1210,1365,41,37
1115,1193,41,37
1144,1164,41,37
1190,1365,41,37
1157,1221,41,37
1148,1460,41,37
1205,1295,41,37
1108,1362,41,37
1190,1210,41,37
1144,1625,41,37
1210,1365,41,37
1115,1193,41,37
1144,1164,41,37
1190,1365,41,37
1157,1221,41,37
1144,1159,41,37
1205,1295,41,37
1108,1362,41,37
1190,1210,41,37
1210,1365,41,37
1115,1193,41,37
1190,1365,41,37
1148,1260,41,37
1157,1221,41,37
1157,1401,41,37
1108,1362,41,37
1190,1210,41,37
1210,1365,41,37
1115,1193,41,37
1159,1391,41,37
1190,1365,41,37
1221,1401,41,37
1148,1260,41,37
1157,1221,41,37
1108,1362,41,37
1190,1210,41,37
1148,1260,41,37
1157,1221,41,37
1205,1295,41,37
1108,1362,41,37
1190,1210,41,37
1115,1193,41,37
1159,1391,41,37
1221,1401,41,37
1157,1221,41,37
1130,1190,41,37
1295,1625,41,37
1108,1362,41,37
1190,1210,41,37
1115,1193,41,37
1221,1401,41,37
1148,1260,41,37
1157,1221,41,37
1295,1625,41,37
1157,1401,41,37
1108,1362,41,37
1115,1193,41,37
1221,1401,41,37
1157,1221,41,37
1295,1625,41,37
1130,1157,41,37
1115,1193,41,37
1221,1401,41,37
1148,1260,41,37
1295,1625,41,37
1130,1157,41,37
1108,1362,41,37
1115,1193,41,37
1164,1625,41,37
1221,1401,41,37
1148,1260,41,37
1295,1625,41,37
1130,1157,41,37
1658,1702,41,37
1205,1295,41,37
1108,1362,41,37
1190,1210,41,37
1205,1625,41,37
1115,1193,41,37
1164,1625,41,37
1221,1401,41,37
1295,1625,41,37
1130,1157,41,37
1108,1362,41,37
1190,1210,41,37
1115,1193,41,37
1148,1260,41,37
1295,1625,41,37
1130,1157,41,37
1108,1362,41,37
1190,1210,41,37
1148,1260,41,37
1295,1625,41,37
1190,1210,41,37
1148,1260,41,37
1295,1625,41,37
1190,1210,41,37
1108,1157,41,37
1148,1260,41,37
1295,1625,41,37
1193,1625,41,37
1260,1460,41,37
1193,1295,41,37
1098,1391,41,37
1190,1210,41,37
1115,1193,41,37
1108,1157,41,37
1115,1295,41,37
1164,1193,41,37
1148,1260,41,37
1295,1625,41,37
1148,1460,41,37
1098,1391,41,37
1190,1210,41,37
1115,1295,41,37
1164,1193,41,37
1148,1260,41,37
1157,1221,41,37
1295,1625,41,37
1148,1460,41,37
1190,1210,41,37
1205,1391,41,37
1115,1295,41,37
1098,1701,41,37
1148,1260,41,37
1157,1221,41,37
1295,1625,41,37
1144,1658,41,37
1205,1391,41,37
1098,1701,41,37
1144,1221,41,37
1148,1260,41,37
1157,1221,41,37
1295,1625,41,37
1190,1210,41,37
1115,1193,41,37
1205,1391,41,37
1115,1295,41,37
1365,1658,41,37
1115,1164,41,37
1144,1221,41,37
1148,1260,41,37
1108,1352,41,37
1157,1221,41,37
1295,1625,41,37
1190,1210,41,37
1115,1193,41,37
1205,1391,41,37
1144,1157,41,37
1115,1164,41,37
1144,1221,41,37
1108,1352,41,37
1157,1221,41,37
1295,1625,41,37
1159,1701,41,37
1190,1210,41,37
1205,1391,41,37
1383,1702,41,37
1221,1401,41,37
1098,1701,41,37
1144,1221,41,37
1108,1352,41,37
1157,1221,41,37
1295,1625,41,37
1159,1701,41,37
1157,1401,41,37
1210,1658,41,37
1190,1210,41,37
1210,1365,41,37
1205,1391,41,37
1144,1157,41,37
1221,1401,41,37
1098,1701,41,37
1108,1352,41,37
1157,1221,41,37
1295,1625,41,37
1190,1658,41,37
1159,1701,41,37
1157,1401,41,37
1190,1210,41,37
1205,1391,41,37
1098,1701,41,37
1108,1352,41,37
1157,1221,41,37
1295,1625,41,37
1159,1701,41,37
1157,1401,41,37
1144,1210,41,37
1130,1221,41,37
1144,1391,41,37
1205,1391,41,37
1144,1205,41,37
1210,1391,41,37
1210,1221,41,37
1098,1701,41,37
1148,1260,41,37
1108,1352,41,37
1295,1625,41,37
1210,1295,41,37
1130,1221,41,37
1144,1391,41,37
1108,1352,41,37
1295,1625,41,37
1159,1701,41,37
1144,1391,41,37
1164,1193,41,37
1098,1144,41,37
1098,1130,41,37
1144,1221,41,37
1148,1260,41,37
1108,1352,41,37
1295,1625,41,37
1159,1701,41,37
1130,1144,41,37
1130,1295,41,37
1144,1164,41,37
1098,1144,41,37
1148,1260,41,37
1295,1625,41,37
1159,1701,41,37
1193,1295,41,37
1098,1221,41,37
1164,1190,41,37
1164,1221,41,37
1205,1391,41,37
1098,1144,41,37
1098,1130,41,37
1144,1221,41,37
1148,1260,41,37
1108,1352,41,37
1295,1625,41,37
1159,1701,41,37
1130,1193,41,37
1193,1295,41,37
1148,1460,41,37
1130,1144,41,37
1144,1391,41,37
1164,1190,41,37
1164,1221,41,37
1190,1221,41,37
1383,1658,41,37
1098,1144,41,37
1098,1130,41,37
1148,1260,41,37
1295,1625,41,37
1159,1701,41,37
1098,1391,41,37
1098,1164,41,37
1190,1365,41,37
1098,1144,41,37
1108,1352,41,37
1295,1625,41,37
1159,1701,41,37
1260,1460,41,37
1383,1658,41,37
1098,1352,41,37
1159,1701,41,37
1260,1460,41,37
1115,1193,41,37
1098,1108,41,37
1098,1352,41,37
1108,1352,41,37
1295,1625,41,37
1159,1701,41,37
1148,1460,41,37
1190,1210,41,37
1098,1108,41,37
1205,1391,41,37
1098,1352,41,37
1108,1352,41,37
1295,1625,41,37
1159,1701,41,37
1190,1210,42,38
1205,1391,42,38
1130,1769,42,38
1362,1625,42,38
1098,1352,42,38
1144,1221,42,38
1148,1260,42,38
1295,1625,42,38
1159,1701,42,38
1190,1210,42,38
1205,1391,42,38
1108,1144,42,38
1295,1625,42,38
1159,1701,42,38
1190,1210,42,38
1164,1658,42,38
1205,1391,42,38
1362,1625,42,38
1098,1130,42,38
1108,1144,42,38
1295,1625,42,38
1159,1701,42,38
1157,1168,42,38
1190,1210,42,38
1148,1157,42,38
1164,1658,42,38
1205,1391,42,38
1362,1625,42,38
1098,1769,42,38
1295,1625,42,38
1159,1701,42,38
1144,1209,42,38
1108,1148,42,38
1190,1210,42,38
1164,1658,42,38
1205,1391,42,38
1362,1625,42,38
1098,1769,42,38
1148,1260,42,38
1295,1625,42,38
1159,1701,42,38
1144,1209,42,38
1164,1658,42,38
1205,1391,42,38
1098,1130,42,38
1295,1625,42,38
1159,1701,42,38
1144,1209,42,38
1164,1658,42,38
1205,1391,42,38
1130,1769,42,38
1148,1260,42,38
1295,1625,42,38
1159,1701,42,38
1362,1625,42,38
1295,1362,42,38
1295,1625,42,38
1159,1701,42,38
1164,1658,42,38
1205,1391,42,38
1130,1769,42,38
1362,1625,42,38
1295,1362,42,38
1295,1625,42,38
1190,1210,42,38
1205,1391,42,38
1130,1769,42,38
1362,1625,42,38
1295,1362,42,38
1295,1625,42,38
1190,1210,42,38
1164,1658,42,38
1130,1769,42,38
1362,1625,42,38
1295,1362,42,38
1295,1625,42,38
1098,1460,42,38
1164,1658,42,38
1362,1625,42,38
1295,1362,42,38
1295,1625,42,38
1362,1625,42,38
1209,1391,42,38
1295,1362,42,38
1295,1625,42,38
1362,1625,42,38
1295,1362,42,38
1295,1625,42,38
1159,1701,42,38
1098,1193,42,38
1193,1210,42,38
1295,1362,42,38
1295,1625,42,38
1098,1164,42,38
1157,1193,42,38
1209,1391,42,38
1295,1625,42,38
1098,1164,42,38
1164,1658,42,38
1362,1625,42,38
1209,1391,42,38
1295,1362,42,38
1295,1625,42,38
1098,1157,42,38
1193,1205,42,38
1098,1221,42,38
1164,1210,42,38
1362,1625,42,38
1221,1365,42,38
1295,1362,42,38
1098,1190,42,38
1115,1193,42,38
1164,1210,42,38
1295,1362,42,38
1157,1221,42,38
1295,1625,42,38
1115,1193,42,38
1209,1391,42,38
1295,1362,42,38
1295,1625,42,38
1098,1190,42,38
1115,1193,42,38
1164,1658,42,38
1130,1769,42,38
1295,1362,42,38
1295,1625,42,38
1193,1205,42,38
1159,1701,42,38
1098,1190,42,38
1115,1193,42,38
1130,1769,42,38
1144,1221,42,38
1295,1362,42,38
1295,1625,42,38
1193,1205,42,38
1159,1701,42,38
1157,1702,42,38
1115,1210,42,38
1115,1193,42,38
1193,1210,42,38
1115,1205,42,38
1144,1221,42,38
1295,1362,42,38
1295,1625,42,38
1193,1205,42,38
1159,1701,42,38
1157,1702,42,38
1205,1210,42,38
1098,1190,42,38
1115,1210,42,38
1193,1210,42,38
1115,1205,42,38
1209,1391,42,38
1295,1625,42,38
1193,1205,42,38
1159,1701,42,38
1157,1702,42,38
1205,1210,42,38
1115,1210,42,38
1115,1193,42,38
1193,1210,42,38
1209,1391,42,38
1295,1625,42,38
1193,1205,42,38
1159,1701,42,38
1157,1702,42,38
1205,1210,42,38
1098,1190,42,38
1210,1658,42,38
1164,1221,42,38
1209,1391,42,38
1295,1625,42,38
1159,1701,42,38
1157,1702,42,38
1209,1391,42,38
1115,1164,42,38
1115,1181,42,38
1295,1625,42,38
1115,1221,42,38
1159,1701,42,38
1157,1702,42,38
1115,1210,42,38
1164,1221,42,38
1295,1625,42,38
1193,1205,42,38
1159,1701,42,38
1190,1193,42,38
1164,1221,42,38
1098,1115,42,38
1295,1625,42,38
1159,1701,42,38
1157,1702,42,38
1190,1295,42,38
1098,1625,42,38
1098,1295,42,38
1098,1115,42,38
1295,1625,42,38
1098,1209,42,38
1159,1701,42,38
1157,1702,42,38
1164,1221,42,38
1115,1193,42,38
1190,1209,42,38
1295,1625,42,38
1193,1205,42,38
1159,1701,42,38
1157,1702,42,38
1115,1193,42,38
1295,1362,42,38
1295,1625,42,38
1159,1701,42,38
1157,1702,42,38
1193,1205,42,38
1159,1701,42,38
1164,1221,42,38
1159,1701,42,38
1205,1460,42,38
1115,1164,42,38
1115,1221,42,38
1159,1701,42,38
1205,1460,42,38
1115,1181,42,38
1221,1260,42,38
1193,1205,42,38
1159,1701,42,38
1164,1181,42,38
1193,1205,42,38
1164,1221,42,38
1098,1625,42,38
1098,1115,42,38
1295,1625,42,38
1221,1260,42,38
1157,1295,42,38
1193,1205,42,38
1164,1181,42,38
1164,1221,42,38
1181,1295,42,38
1157,1221,42,38
1295,1625,42,38
1098,1157,42,38
1221,1295,42,38
1193,1205,42,38
1157,1625,42,38
1181,1295,42,38
1164,1260,42,38
1295,1625,42,38
1164,1295,42,38
1098,1193,42,38
1164,1221,42,38
1164,1625,42,38
1295,1625,42,38
1221,1295,42,38
1193,1365,42,38
1098,1193,42,38
1164,1221,42,38
1295,1625,42,38
1193,1365,42,38
1130,1769,42,38
1115,1658,42,38
1295,1625,42,38
1193,1365,42,38
1130,1769,42,38
1625,1658,42,38
1295,1625,42,38
1205,1221,42,38
1193,1365,42,38
1157,1159,42,38
1164,1625,42,38
1625,1658,42,38
1157,1221,42,38
1205,1221,42,38
1221,1625,42,38
1157,1625,42,38
1159,1209,42,38
1130,1164,42,38
1190,1193,42,38
1164,1295,42,38
1157,1159,42,38
1190,1193,42,38
1164,1295,42,38
1157,1209,42,38
1115,1210,42,38
1193,1365,42,38
1164,1295,42,38
1157,1209,42,38
1193,1365,42,38
1157,1209,42,38
1157,1209,42,38
1164,1625,42,38
1159,1193,42,38
1157,1193,42,38
1164,1625,42,38
1164,1295,42,38
1164,1181,42,38
1164,1658,42,38
1148,1159,42,38
1164,1625,42,38
1157,1164,42,38
1157,1625,42,38
1164,1295,42,38
1157,1164,42,38
1157,1159,42,38
1157,1164,42,38
1159,1164,42,38
1115,1295,42,38
1115,1164,42,38
1159,1295,42,38
1115,1159,42,38
1164,1295,42,38
1159,1164,42,38
1295,1658,42,38
1159,1295,42,38
1164,1295,42,38
1130,1159,42,38
1159,1295,42,38
1130,1295,42,38
1159,1164,42,38
1115,1157,42,38
1205,1460,42,38
1130,1378,42,38
1295,1378,42,38
1130,1295,42,38
1130,1378,42,38
1295,1378,42,38
1130,1295,42,38
1159,1295,42,38
1205,1460,42,38
1130,1378,42,38
1295,1378,42,38
1130,1295,42,38
1130,1159,42,38
1159,1378,42,38
1148,1260,42,38
1159,1295,42,38
1205,1460,42,38
1157,1625,42,38
1130,1378,42,38
1193,1210,42,38
1130,1295,42,38
1098,1401,42,38
1164,1625,42,38
1159,1378,42,38
1159,1295,42,38
1157,1625,42,38
1130,1378,42,38
1193,1210,42,38
1130,1295,42,38
1130,1159,42,38
1115,1164,42,38
1159,1295,42,38
1130,1378,42,38
1193,1210,42,38
1130,1295,42,38
1159,1295,42,38
1157,1625,42,38
1130,1378,42,38
1193,1210,42,38
1130,1159,42,38
1159,1378,42,38
1159,1295,42,38
1295,1378,42,38
1164,1658,42,38
1157,1362,42,38
1130,1159,42,38
1210,1658,42,38
1295,1378,42,38
1130,1295,42,38
1157,1362,42,38
1130,1159,42,38
1159,1295,42,38
1115,1210,42,38
1295,1378,42,38
1130,1295,42,38
1157,1362,42,38
1130,1159,42,38
1115,1658,42,38
1159,1378,42,38
1164,1181,42,38
1130,1378,42,38
1115,1210,42,38
1295,1378,42,38
1190,1210,42,38
1164,1210,42,38
1130,1295,42,38
1115,1190,42,38
1115,1658,42,38
1159,1378,42,38
1148,1260,42,38
1130,1378,42,38
1098,1702,42,38
1190,1210,42,38
1193,1210,42,38
1157,1362,42,38
1130,1159,42,38
1159,1378,42,38
1159,1295,42,38
1115,1210,42,38
1295,1378,42,38
1098,1702,42,38
1193,1210,42,38
1157,1362,42,38
1130,1159,42,38
1159,1378,42,38
1130,1378,42,38
1098,1702,42,38
1193,1210,42,38
1157,1362,42,38
1115,1210,42,38
1098,1702,42,38
1193,1210,42,38
1130,1159,42,38
1130,1378,42,38
1115,1210,42,38
1098,1702,42,38
1115,1193,42,38
1193,1210,42,38
1157,1362,42,38
1130,1159,42,38
1159,1295,42,38
1295,1378,42,38
1205,1625,42,38
1193,1210,42,38
1164,1205,42,38
1205,1658,42,38
1295,1378,42,38
1193,1210,42,38
1625,1658,42,38
1159,1378,42,38
1295,1378,42,38
1193,1210,42,38
1157,1362,42,38
1159,1378,42,38
1295,1378,42,38
1193,1210,42,38
1157,1362,42,38
1625,1658,42,38
1159,1378,42,38
1159,1295,42,38
1193,1210,42,38
1157,1362,42,38
1159,1378,42,38
1181,1658,42,38
1130,1378,42,38
1193,1210,42,38
1181,1295,42,38
1130,1159,42,38
1159,1378,42,38
1130,1378,42,38
1159,1378,42,38
1159,1378,42,38
1210,1658,42,38
1098,1702,42,38
1115,1193,42,38
1098,1210,42,38
1190,1210,42,38
1190,1210,42,38
1130,1159,42,38
1295,1625,42,38
1144,1159,42,38
1190,1210,42,38
1098,1658,42,38
1130,1159,42,38
1295,1625,42,38
1190,1210,42,38
1130,1159,42,38
1098,1362,42,38
1190,1210,42,38
1130,1144,42,38
1190,1210,42,38
1098,1362,42,38
1130,1144,42,38
1190,1210,42,38
1148,1260,42,38
1159,1260,42,38
1130,1144,42,38
1190,1210,42,38
1190,1210,42,38
1098,1164,42,38
1098,1378,42,38
1295,1625,42,38
1190,1210,42,38
1098,1378,42,38
1130,1221,42,38
1190,1210,42,38
1098,1378,42,38
1115,1164,42,38
1144,1221,42,38
1130,1221,42,38
1190,1210,42,38
1159,1164,42,38
1098,1378,42,38
1144,1221,42,38
1130,1144,42,38
1130,1221,42,38
1190,1210,42,38
1098,1378,42,38
1221,1378,42,38
1130,1144,42,38
1130,1221,42,38
1157,1658,42,38
1190,1210,42,38
1098,1378,42,38
1148,1260,42,38
1295,1625,42,38
1130,1221,42,38
1190,1210,42,38
1098,1416,42,38
1295,1625,42,38
1260,1378,42,38
1130,1144,42,38
1130,1221,42,38
1190,1210,42,38
1098,1416,42,38
1115,1658,42,38
1144,1221,42,38
1295,1625,42,38
1260,1378,42,38
1130,1144,42,38
1130,1221,42,38
1190,1210,42,38
1115,1295,42,38
1098,1416,42,38
1260,1378,42,38
1130,1144,42,38
1130,1221,42,38
1190,1210,42,38
1260,1378,42,38
1181,1205,42,38
1130,1144,42,38
1130,1221,42,38
1115,1221,42,38
1190,1210,42,38
1190,1210,42,38
1115,1193,42,38
1148,1378,42,38
1148,1260,42,38
1190,1210,42,38
1115,1193,42,38
1181,1625,42,38
1164,1625,42,38
1157,1205,42,38
1295,1625,42,38
1098,1148,42,38
1164,1181,42,38
1098,1625,42,38
1115,1193,42,38
1098,1164,42,38
1098,1295,42,38
1164,1625,42,38
1148,1260,42,38
1098,1625,42,38
1190,1210,42,38
1098,1164,42,38
1181,1295,42,38
1164,1625,42,38
1148,1260,42,38
1190,1210,42,38
1164,1625,42,38
1148,1260,42,38
1130,1658,42,38
1164,1295,42,38
1115,1193,42,38
1098,1164,42,38
1098,1295,42,38
1148,1260,42,38
1295,1625,42,38
1164,1295,42,38
1190,1210,42,38
1098,1164,42,38
1130,1260,42,38
1164,1625,42,38
1295,1625,42,38
1144,1159,42,38
1098,1625,42,38
1098,1164,42,38
1130,1260,42,38
1144,1159,42,38
1193,1658,42,38
1190,1210,42,38
1098,1164,42,38
1164,1295,42,38
1190,1210,42,38
1098,1164,42,38
1144,1159,42,38
1164,1295,42,38
1190,1210,42,38
1148,1260,42,38
1190,1210,42,38
1164,1295,42,38
1144,1159,42,38
1164,1295,42,38
1148,1159,42,38
1159,1260,42,38
1193,1658,42,38
1148,1159,42,38
1164,1625,42,38
1159,1260,42,38
1193,1658,42,38
1295,1625,42,38
1164,1295,42,38
1193,1658,42,38
1190,1210,42,38
1164,1625,42,38
1157,1164,42,38
1157,1295,42,38
1157,1625,42,38
1164,1295,42,38
1190,1210,42,38
1164,1625,42,38
1157,1205,42,38
1157,1295,42,38
1164,1295,42,38
1190,1210,42,38
1164,1625,42,38
1164,1295,42,38
1190,1210,42,38
1164,1625,42,38
1164,1295,42,38
1190,1210,42,38
1164,1625,42,38
1164,1205,42,38
1164,1295,42,38
1190,1210,42,38
1157,1383,42,38
1164,1205,42,38
1164,1295,42,38
1205,1625,42,38
1157,1383,42,38
1181,1295,42,38
1295,1625,42,38
1157,1383,42,38
1190,1210,42,38
1157,1383,42,38
1164,1295,42,38
1190,1210,42,38
1157,1383,42,38
1164,1625,42,38
1295,1625,42,38
1295,1658,42,38
1148,1260,42,38
1164,1295,42,38
1157,1383,42,38
1164,1658,42,38
1164,1625,42,38
1295,1658,42,38
1157,1383,42,38
1181,1295,42,38
1295,1625,42,38
1181,1295,42,38
1295,1625,42,38
1181,1625,42,38
1295,1625,42,38
1181,1295,42,38
1295,1625,42,38
1181,1295,42,38
1295,1625,42,38
1205,1658,42,38
1181,1295,42,38
1295,1625,42,38
1205,1658,42,38
1295,1625,42,38
1205,1658,42,38
1181,1295,42,38
1295,1625,42,38
1205,1658,42,38
1205,1658,42,38
1295,1625,42,38
1181,1295,42,38
1295,1625,42,38
1164,1295,42,38
1164,1625,42,38
1164,1181,42,38
1164,1295,42,38
1157,1159,42,38
1205,1625,42,38
1164,1658,42,38
1164,1625,42,38
1295,1625,42,38
1205,1295,42,38
1157,1159,42,38
1295,1625,42,38
1190,1210,42,38
1205,1625,42,38
1295,1625,42,38
1193,1378,42,38
1205,1295,42,38
1190,1210,42,38
1205,1625,42,38
1295,1625,42,38
1130,1221,42,38
1205,1295,42,38
1190,1210,42,38
1205,1625,42,38
1148,1221,42,38
1181,1295,42,38
1295,1625,42,38
1130,1221,42,38
1205,1625,42,38
1181,1295,42,38
1295,1625,42,38
1190,1210,42,38
1181,1295,42,38
1295,1625,42,38
1190,1210,42,38
1164,1625,42,38
1148,1260,42,38
1295,1625,42,38
1164,1221,42,38
1164,1625,42,38
1148,1260,42,38
1221,1625,42,38
1159,1658,42,38
1164,1221,42,38
1159,1625,42,38
1159,1164,42,38
1159,1221,42,38
1625,1658,42,38
1295,1625,42,38
1295,1625,42,38
1144,1159,42,38
1190,1210,42,38
1148,1260,42,38
1295,1625,42,38
1190,1210,42,38
1295,1625,42,38
1190,1210,42,38
1148,1260,42,38
1157,1221,42,38
1295,1625,42,38
1190,1210,42,38
1295,1625,42,38
1190,1210,42,38
1193,1210,42,38
1164,1210,42,38
1295,1625,42,38
1115,1210,42,38
1190,1210,42,38
1193,1210,42,38
1164,1210,42,38
1115,1190,42,38
1295,1625,42,38
1193,1205,42,38
1193,1295,42,38
1144,1159,42,38
1115,1210,42,38
1193,1658,42,38
1190,1210,42,38
1115,1193,42,38
1115,1190,42,38
1115,1658,42,38
1115,1164,42,38
1148,1260,42,38
1295,1625,42,38
1193,1205,42,38
1144,1159,42,38
1190,1210,42,38
1144,1164,42,38
1164,1193,42,38
1144,1193,42,38
1144,1221,42,38
1148,1260,42,38
1295,1625,42,38
1157,1295,42,38
1157,1658,42,38
1157,1205,42,38
1144,1221,42,38
1295,1625,42,38
1144,1221,42,38
1164,1469,42,38
1295,1625,42,38
1144,1260,42,38
1144,1221,42,38
1164,1469,42,38
1148,1260,42,38
1295,1625,42,38
1130,1157,42,38
1130,1144,42,38
1164,1190,42,38
1144,1157,42,38
1164,1193,42,38
1144,1221,42,38
1148,1260,42,38
1193,1469,42,38
1190,1193,42,38
1130,1221,42,38
1164,1190,42,38
1181,1295,42,38
1144,1157,42,38
1181,1625,42,38
1164,1193,42,38
1295,1625,42,38
1193,1469,42,38
1190,1193,42,38
1164,1190,42,38
1144,1157,42,38
1181,1625,42,38
1164,1193,42,38
1164,1469,42,38
1148,1260,42,38
1295,1625,42,38
1193,1469,42,38
1157,1378,42,38
1164,1193,42,38
1148,1260,42,38
1295,1625,42,38
1193,1469,42,38
1157,1378,42,38
1115,1190,42,38
1164,1193,42,38
1148,1260,42,38
1295,1625,42,38
1157,1378,42,38
1115,1190,42,38
1164,1193,42,38
1164,1469,42,38
1148,1260,42,38
1295,1625,42,38
1193,1469,42,38
1157,1378,42,38
1164,1193,42,38
1164,1469,42,38
1295,1625,42,38
1157,1378,42,38
1205,1295,42,38
1164,1193,42,38
1164,1469,42,38
1295,1625,42,38
1164,1193,42,38
1164,1469,42,38
1295,1625,42,38
1157,1378,42,38
1164,1193,42,38
1164,1469,42,38
1295,1625,42,38
1144,1159,42,38
1157,1378,42,38
1164,1193,42,38
1295,1625,42,38
1157,1378,42,38
1148,1221,42,38
1164,1193,42,38
1164,1469,42,38
1148,1260,42,38
1295,1625,42,38
1157,1378,42,38
1148,1221,42,38
1164,1193,42,38
1295,1625,42,38
1157,1378,42,38
1159,1625,42,38
1164,1193,42,38
1625,1658,42,38
1295,1658,42,38
1164,1469,42,38
1295,1625,42,38
1193,1469,42,38
1157,1378,42,38
1159,1164,42,38
1148,1221,42,38
1144,1157,42,38
1164,1193,42,38
1625,1658,42,38
1295,1625,42,38
1157,1159,42,38
1148,1221,42,38
1144,1157,42,38
1164,1193,42,38
1625,1658,42,38
1295,1625,42,38
1193,1469,42,38
1144,1148,42,38
1157,1159,42,38
1148,1157,42,38
1144,1157,42,38
1164,1193,42,38
1148,1159,42,38
1295,1658,42,38
1144,1221,42,38
1164,1193,42,38
1144,1221,42,38
1159,1295,42,38
1193,1469,42,38
1130,1144,42,38
1144,1157,42,38
1164,1193,42,38
1295,1658,42,38
1193,1469,42,38
1144,1157,42,38
1164,1193,42,38
1159,1221,42,38
1144,1221,42,38
1295,1625,42,38
1193,1469,42,38
1130,1221,42,38
1164,1193,42,38
1130,1260,42,38
1130,1159,42,38
1144,1221,42,38
1295,1625,42,38
1193,1469,42,38
1144,1260,42,38
1164,1193,42,38
1159,1221,42,38
1144,1221,42,38
1295,1625,42,38
1193,1469,42,38
1190,1193,42,38
1164,1190,42,38
1164,1193,42,38
1159,1221,42,38
1295,1625,42,38
1190,1193,42,38
1098,1658,42,38
1144,1157,42,38
1159,1221,42,38
1144,1221,42,38
1295,1625,42,38
1164,1190,42,38
1193,1416,42,38
1144,1157,42,38
1098,1115,42,38
1295,1625,42,38
1190,1469,42,38
1098,1148,42,38
1115,1210,42,38
1164,1190,42,38
1144,1157,42,38
1164,1193,42,38
1115,1658,42,38
1164,1205,42,38
1295,1625,42,38
1190,1469,42,38
1098,1148,42,38
1098,1164,42,38
1144,1221,42,38
1295,1625,42,38
1148,1181,42,38
1362,1625,42,38
1295,1625,42,38
1190,1469,42,38
1144,1221,42,38
1190,1469,42,38
1164,1190,42,38
1148,1181,42,38
1164,1193,42,38
1144,1221,42,38
1295,1362,42,38
1205,1416,42,38
1295,1625,42,38
1144,1221,42,38
1205,1416,42,38
1295,1625,42,38
1190,1193,42,38
1164,1190,42,38
1193,1416,42,38
1164,1193,42,38
1144,1221,42,38
1205,1416,42,38
1295,1625,42,38
1164,1190,42,38
1148,1181,42,38
1362,1625,42,38
1148,1658,42,38
1144,1221,42,38
1295,1625,42,38
1190,1193,42,38
1098,1193,42,38
1205,1625,42,38
1144,1221,42,38
1295,1625,42,38
1193,1625,42,38
1098,1193,42,38
1159,1221,42,38
1144,1221,42,38
1295,1625,42,38
1193,1205,42,38
1193,1625,42,38
1157,1181,42,38
1164,1193,42,38
1159,1221,42,38
1295,1625,42,38
1193,1469,42,38
1115,1210,42,38
1210,1658,42,38
1164,1193,42,38
1295,1625,42,38
1130,1157,42,38
1115,1210,42,38
1144,1378,42,38
1164,1193,42,38
1295,1625,42,38
1157,1295,42,38
1193,1469,42,38
1115,1210,42,38
1164,1193,42,38
1181,1658,42,38
1295,1625,42,38
1115,1210,42,38
1157,1190,42,38
1295,1625,42,38
1115,1210,42,38
1295,1625,42,38
1115,1210,42,38
1115,1193,42,38
1164,1658,42,38
1295,1625,42,38
1115,1210,42,38
1193,1658,42,38
1115,1193,42,38
1295,1625,42,38
1115,1210,42,38
1115,1193,42,38
1193,1210,42,38
1295,1625,42,38
1190,1193,42,38
1115,1210,42,38
1295,1625,42,38
1115,1210,42,38
1295,1625,42,38
1115,1210,42,38
1190,1221,42,38
1181,1391,42,38
1295,1625,42,38
1148,1460,42,38
1115,1210,42,38
1210,1658,42,38
1164,1221,42,38
1115,1193,42,38
1193,1210,42,38
1159,1164,42,38
1115,1658,42,38
1148,1460,42,38
1164,1221,42,38
1115,1193,42,38
1159,1164,42,38
1159,1221,42,38
1115,1658,42,38
1295,1625,42,38
1193,1658,42,38
1164,1221,42,38
1115,1193,42,38
1115,1658,42,38
1295,1625,42,38
1193,1658,42,38
1164,1221,42,38
1115,1193,42,38
1159,1164,42,38
1190,1221,42,38
1115,1658,42,38
1193,1378,42,38
1164,1221,42,38
1159,1164,42,38
1115,1658,42,38
1193,1378,42,38
1159,1164,42,38
1190,1221,42,38
1115,1658,42,38
1190,1625,42,38
1157,1625,42,38
1193,1378,42,38
1159,1164,42,38
1157,1193,42,38
1115,1658,42,38
1190,1625,42,38
1130,1460,42,38
1295,1625,42,38
1383,1625,42,38
1295,1625,42,38
1295,1383,42,38
1164,1210,42,38
1383,1625,42,38
1210,1221,42,38
1295,1625,42,38
1295,1383,42,38
1205,1295,42,38
1210,1221,42,38
1205,1295,42,38
1383,1625,42,38
1159,1221,42,38
1295,1625,42,38
1295,1383,42,38
1205,1295,42,38
1193,1658,42,38
1159,1221,42,38
1295,1625,42,38
1205,1295,42,38
1193,1658,42,38
1159,1221,42,38
1295,1625,42,38
1295,1383,42,38
1193,1658,42,38
1164,1469,42,38
1115,1365,42,38
1295,1625,42,38
1295,1383,42,38
1193,1658,42,38
1115,1658,42,38
1115,1365,42,38
1295,1625,42,38
1190,1193,42,38
1193,1658,42,38
1115,1658,42,38
1190,1193,42,38
1295,1383,42,38
1383,1625,42,38
1157,1260,42,38
1115,1190,42,38
1295,1625,42,38
1130,1365,42,38
1157,1260,42,38
1115,1658,42,38
1157,1625,42,38
1148,1157,42,38
1115,1460,42,38
1157,1625,42,38
1148,1157,42,38
1115,1460,42,38
1130,1157,42,38
1190,1658,42,38
1295,1383,42,38
1115,1460,42,38
1130,1157,42,38
1190,1658,42,38
1210,1625,42,38
1193,1210,42,38
1115,1460,42,38
1193,1625,42,38
1210,1625,42,38
1295,1383,42,38
1190,1365,42,38
1115,1460,42,38
1115,1658,42,38
1460,1658,42,38
1383,1625,42,38
1190,1365,42,38
1115,1658,42,38
1295,1625,42,38
1193,1658,42,38
1130,1260,42,38
1190,1365,42,38
1115,1658,42,38
1168,1210,42,38
1181,1352,42,38
1190,1365,42,38
1181,1205,42,38
1190,1658,42,38
1157,1625,42,38
1295,1383,42,38
1190,1193,42,38
1193,1658,42,38
1190,1365,42,38
1115,1460,42,38
1157,1295,42,38
1193,1658,42,38
1181,1352,42,38
1190,1365,42,38
1115,1460,42,38
1181,1205,42,38
1130,1221,42,38
1193,1658,42,38
1181,1352,42,38
1205,1352,42,38
1401,1658,42,38
1190,1365,42,38
1115,1365,42,38
1181,1205,42,38
1130,1221,42,38
1193,1658,42,38
1181,1352,42,38
1115,1193,42,38
1401,1658,42,38
1190,1365,42,38
1115,1460,42,38
1115,1365,42,38
1295,1383,42,38
1181,1352,42,38
1193,1210,42,38
1205,1352,42,38
1190,1365,42,38
1115,1460,42,38
1130,1157,42,38
1181,1205,42,38
1625,1702,42,38
1130,1221,42,38
1181,1352,42,38
1193,1210,42,38
1205,1352,42,38
1190,1365,42,38
1115,1460,42,38
1157,1221,42,38
1130,1157,42,38
1625,1702,42,38
1115,1210,42,38
1130,1221,42,38
1181,1352,42,38
1190,1210,42,38
1193,1210,42,38
1157,1181,42,38
1205,1352,42,38
1190,1365,42,38
1157,1205,42,38
1295,1383,42,38
1190,1193,42,38
1193,1401,42,38
1625,1702,42,38
1115,1210,42,38
1130,1221,42,38
1181,1352,42,38
1190,1210,42,38
1115,1193,42,38
1193,1210,42,38
1157,1181,42,38
1205,1352,42,38
1115,1190,42,38
1157,1205,42,38
1181,1205,42,38
1190,1193,42,38
1625,1702,42,38
1115,1210,42,38
1130,1221,42,38
1157,1352,42,38
1181,1352,42,38
1115,1193,42,38
1193,1210,42,38
1157,1205,42,38
1181,1205,42,38
1157,1352,42,38
1193,1658,42,38
1181,1352,42,38
1210,1365,42,38
1115,1193,42,38
1157,1205,42,38
1115,1658,42,38
1181,1205,42,38
1115,1210,42,38
1157,1352,42,38
1210,1658,42,38
1193,1658,42,38
1181,1352,42,38
1115,1193,42,38
1193,1210,42,38
1157,1181,42,38
1205,1352,42,38
1157,1205,42,38
1115,1658,42,38
1181,1205,42,38
1193,1295,42,38
1115,1210,42,38
1210,1295,42,38
1157,1352,42,38
1210,1658,42,38
1181,1352,42,38
1115,1193,42,38
1157,1181,42,38
1115,1295,42,38
1157,1205,42,38
1115,1658,42,38
1295,1658,42,38
1181,1205,42,38
1193,1295,42,38
1210,1295,42,38
1157,1352,42,38
1181,1352,42,38
1115,1193,42,38
1164,1210,42,38
1157,1181,42,38
1205,1352,42,38
1115,1658,42,38
1295,1658,42,38
1221,1469,42,38
1193,1295,42,38
1157,1352,42,38
1164,1295,42,38
1193,1658,42,38
1181,1352,42,38
1115,1193,42,38
1157,1181,42,38
1205,1352,42,38
1190,1365,42,38
1115,1658,42,38
1164,1295,42,38
1193,1658,42,38
1115,1193,42,38
1164,1658,42,38
1157,1181,42,38
1164,1193,42,38
1190,1365,42,38
1193,1391,42,38
1157,1352,42,38
1164,1295,42,38
1181,1352,42,38
1157,1181,42,38
1190,1365,42,38
1157,1205,42,38
1193,1391,42,38
1164,1383,42,38
1115,1701,42,38
1115,1148,42,38
1295,1383,42,38
1157,1352,42,38
1164,1295,42,38
1181,1352,42,38
1157,1181,42,38
1157,1205,42,38
1164,1383,42,38
1295,1383,42,38
1157,1352,42,38
1164,1295,42,38
1181,1352,42,38
1391,1658,42,38
1157,1181,42,38
1190,1365,42,38
1181,1352,42,38
1115,1193,42,38
1157,1181,42,38
1190,1365,42,38
1115,1658,42,38
1295,1658,42,38
1295,1625,42,38
1193,1625,42,38
1115,1193,42,38
1190,1365,42,38
1157,1205,42,38
1115,1658,42,38
1295,1625,42,38
1401,1625,42,38
1295,1625,42,38
1401,1625,42,38
1157,1181,42,38
1190,1365,42,38
1295,1625,42,38
1401,1625,42,38
1193,1658,42,38
1115,1193,42,38
1157,1181,42,38
1115,1658,42,38
1295,1625,42,38
1401,1625,42,38
1157,1260,42,38
1190,1365,42,38
1295,1625,42,38
1401,1625,42,38
1295,1625,42,38
1205,1658,42,38
1115,1193,42,38
1157,1181,42,38
1190,1365,42,38
1295,1625,42,38
1401,1625,42,38
1144,1378,42,38
1115,1193,42,38
1295,1625,42,38
1401,1625,42,38
1144,1378,42,38
1295,1625,42,38
1295,1625,42,38
1115,1193,42,38
1190,1365,42,38
1295,1625,42,38
1144,1159,42,38
1190,1365,42,38
1295,1625,42,38
1144,1159,42,38
1115,1193,42,38
1295,1625,42,38
1144,1159,42,38
1295,1365,42,38
1295,1625,42,38
1365,1625,42,38
1295,1365,42,38
1295,1625,42,38
1205,1658,42,38
1144,1159,42,38
1115,1193,42,38
1190,1365,42,38
1205,1658,42,38
1144,1159,42,38
1115,1159,42,38
1144,1159,42,38
1157,1181,42,38
1295,1365,42,38
1295,1625,42,38
1295,1365,42,38
1190,1625,42,38
1295,1625,42,38
1157,1181,42,38
1157,1391,42,38
1295,1365,42,38
1221,1469,42,38
1295,1625,42,38
1157,1181,42,38
1190,1365,42,38
1115,1144,42,38
1221,1469,42,38
1295,1625,42,38
1157,1181,42,38
1190,1365,42,38
1115,1144,42,38
1295,1625,42,38
1115,1193,42,38
1157,1181,42,38
1295,1365,42,38
1115,1193,42,38
1157,1181,42,38
1115,1144,42,38
1295,1365,42,38
1221,1469,42,38
1157,1181,42,38
1190,1365,42,38
1295,1365,42,38
1221,1469,42,38
1157,1181,42,38
1190,1365,42,38
1157,1181,42,38
1190,1365,42,38
1115,1144,42,38
1221,1469,42,38
1157,1181,42,38
1157,1391,42,38
1190,1365,42,38
1157,1352,42,38
1157,1391,42,38
1190,1365,42,38
1295,1625,42,38
1157,1391,42,38
1190,1365,42,38
1295,1658,42,38
1157,1181,42,38
1157,1391,42,38
1181,1391,42,38
1295,1625,42,38
1144,1159,42,38
1144,1190,43,39
1157,1181,43,39
1157,1391,43,39
1295,1625,43,39
1157,1181,43,39
1383,1625,43,39
1157,1391,43,39
1295,1625,43,39
1295,1383,43,39
1144,1190,43,39
1164,1658,43,39
1098,1144,43,39
1159,1260,43,39
1164,1190,43,39
1164,1658,43,39
1157,1181,43,39
1383,1625,43,39
1115,1144,43,39
1098,1193,43,39
1164,1658,43,39
1157,1181,43,39
1098,1115,43,39
1144,1190,43,39
1115,1193,43,39
1157,1181,43,39
1098,1144,43,39
1115,1193,43,39
1144,1159,43,39
1115,1193,43,39
1157,1181,43,39
1157,1190,43,39
1157,1181,43,39
1383,1625,43,39
1164,1365,43,39
1383,1625,43,39
1157,1181,43,39
1383,1625,43,39
1157,1205,43,39
1164,1190,43,39
1148,1157,43,39
1157,1181,43,39
1383,1625,43,39
1157,1205,43,39
1157,1181,43,39
1383,1625,43,39
1295,1625,43,39
1295,1383,43,39
1164,1190,43,39
1115,1193,43,39
1157,1181,43,39
1383,1625,43,39
1295,1625,43,39
1295,1383,43,39
1164,1190,43,39
1115,1193,43,39
1157,1181,43,39
1383,1625,43,39
1221,1469,43,39
1295,1625,43,39
1295,1383,43,39
1098,1193,43,39
1115,1193,43,39
1157,1181,43,39
1383,1625,43,39
1098,1115,43,39
1295,1625,43,39
1295,1383,43,39
1115,1193,43,39
1157,1181,43,39
1383,1625,43,39
1098,1115,43,39
1295,1625,43,39
1295,1383,43,39
1115,1193,43,39
1157,1181,43,39
1295,1625,43,39
1295,1383,43,39
1164,1190,43,39
1157,1181,43,39
1383,1625,43,39
1098,1115,43,39
1295,1625,43,39
1295,1383,43,39
1157,1181,43,39
1383,1625,43,39
1148,1260,43,39
1098,1115,43,39
1295,1625,43,39
1295,1383,43,39
1164,1190,43,39
1157,1181,43,39
1383,1625,43,39
1295,1625,43,39
1295,1383,43,39
1221,1469,43,39
1295,1383,43,39
1098,1115,43,39
1295,1625,43,39
1098,1115,43,39
1098,1115,43,39
1295,1625,43,39
1295,1378,43,39
1295,1625,43,39
1098,1193,43,39
1295,1378,43,39
1295,1625,43,39
1157,1181,43,39
1098,1115,43,39
1295,1625,43,39
1098,1193,43,39
1157,1181,43,39
1295,1625,43,39
1098,1193,43,39
1157,1181,43,39
1295,1625,43,39
1157,1181,43,39
1221,1469,43,39
1295,1625,43,39
1115,1193,43,39
1157,1181,43,39
1098,1115,43,39
1295,1625,43,39
1098,1115,43,39
1295,1625,43,39
1115,1193,43,39
1157,1181,43,39
1221,1469,43,39
1098,1115,43,39
1295,1625,43,39
1157,1181,43,39
1295,1625,43,39
1295,1307,43,39
1221,1469,43,39
1295,1625,43,39
1307,1625,43,39
1295,1307,43,39
1295,1625,43,39
1307,1625,43,39
1098,1193,43,39
1157,1168,43,39
1307,1625,43,39
1115,1193,43,39
1295,1307,43,39
1295,1625,43,39
1157,1168,43,39
1307,1625,43,39
1115,1193,43,39
1295,1307,43,39
1098,1115,43,39
1295,1625,43,39
1307,1625,43,39
1115,1193,43,39
1295,1307,43,39
1098,1115,43,39
1295,1625,43,39
1098,1193,43,39
1115,1193,43,39
1295,1625,43,39
1193,1205,43,39
1098,1205,43,39
1098,1193,43,39
1098,1115,43,39
1295,1625,43,39
1193,1205,43,39
1307,1625,43,39
1115,1193,43,39
1295,1625,43,39
1193,1205,43,39
1098,1193,43,39
1295,1378,43,39
1115,1193,43,39
1221,1469,43,39
1295,1625,43,39
1193,1205,43,39
1098,1193,43,39
1295,1378,43,39
1115,1193,43,39
1221,1469,43,39
1193,1205,43,39
1295,1378,43,39
1115,1205,43,39
1221,1469,43,39
1378,1625,43,39
1098,1115,43,39
1295,1625,43,39
1098,1193,43,39
1295,1378,43,39
1130,1260,43,39
1378,1625,43,39
1295,1625,43,39
1098,1193,43,39
1295,1378,43,39
1221,1469,43,39
1098,1193,43,39
1221,1469,43,39
1193,1205,43,39
1098,1193,43,39
1115,1205,43,39
1193,1205,43,39
1164,1190,43,39
1098,1193,43,39
1157,1181,43,39
1221,1469,43,39
1295,1625,43,39
1193,1205,43,39
1307,1625,43,39
1157,1701,43,39
1098,1193,43,39
1295,1625,43,39
1193,1205,43,39
1307,1625,43,39
1157,1701,43,39
1295,1625,43,39
1157,1701,43,39
1098,1193,43,39
1115,1193,43,39
1295,1625,43,39
1193,1205,43,39
1157,1701,43,39
1098,1193,43,39
1098,1115,43,39
1193,1205,43,39
1157,1701,43,39
1098,1193,43,39
1115,1205,43,39
1098,1115,43,39
1193,1205,43,39
1157,1701,43,39
1098,1193,43,39
1115,1193,43,39
1115,1205,43,39
1098,1115,43,39
1193,1205,43,39
1098,1205,43,39
1115,1205,43,39
1221,1469,43,39
1295,1625,43,39
1193,1205,43,39
1157,1701,43,39
1098,1164,43,39
1115,1205,43,39
1295,1625,43,39
1157,1701,43,39
1115,1205,43,39
1295,1625,43,39
1157,1701,43,39
1115,1205,43,39
1157,1181,43,39
1157,1701,43,39
1164,1190,43,39
1115,1205,43,39
1157,1181,43,39
1164,1193,43,39
1164,1205,43,39
1157,1701,43,39
1164,1190,43,39
1115,1205,43,39
1164,1193,43,39
1164,1205,43,39
1157,1701,43,39
1115,1205,43,39
1221,1469,43,39
1295,1625,43,39
1157,1701,43,39
1221,1469,43,39
1295,1625,43,39
1157,1701,43,39
1295,1625,43,39
1157,1701,43,39
1295,1625,43,39
1157,1701,43,39
1190,1232,43,39
1221,1469,43,39
1295,1625,43,39
1157,1701,43,39
1193,1232,43,39
1190,1232,43,39
1221,1469,43,39
1190,1193,43,39
1157,1701,43,39
1193,1232,43,39
1190,1232,43,39
1098,1115,43,39
1193,1205,43,39
1190,1193,43,39
1157,1701,43,39
1098,1193,43,39
1098,1232,43,39
1193,1232,43,39
1190,1232,43,39
1115,1205,43,39
1295,1625,43,39
1098,1190,43,39
1157,1701,43,39
1098,1232,43,39
1193,1232,43,39
1115,1193,43,39
1295,1365,43,39
1098,1190,43,39
1157,1701,43,39
1190,1232,43,39
1115,1190,43,39
1098,1190,43,39
1157,1701,43,39
1115,1190,43,39
1157,1701,43,39
1190,1232,43,39
1157,1181,43,39
1295,1365,43,39
1098,1190,43,39
1098,1193,43,39
1098,1232,43,39
1193,1232,43,39
1190,1232,43,39
1157,1181,43,39
1190,1193,43,39
1098,1190,43,39
1098,1193,43,39
1193,1232,43,39
1157,1181,43,39
1098,1193,43,39
1098,1232,43,39
1098,1193,43,39
1098,1232,43,39
1115,1193,43,39
1098,1193,43,39
1098,1232,43,39
1115,1193,43,39
1115,1190,43,39
1295,1625,43,39
1193,1625,43,39
1098,1193,43,39
1098,1232,43,39
1098,1625,43,39
1098,1295,43,39
1295,1625,43,39
1193,1625,43,39
1098,1193,43,39
1295,1625,43,39
1190,1295,43,39
1115,1193,43,39
1115,1295,43,39
1115,1190,43,39
1295,1625,43,39
1193,1625,43,39
1098,1232,43,39
1115,1625,43,39
1295,1625,43,39
1098,1232,43,39
1115,1193,43,39
1115,1625,43,39
1098,1232,43,39
1098,1295,43,39
1181,1295,43,39
1098,1181,43,39
1098,1115,43,39
1181,1193,43,39
1098,1625,43,39
1181,1625,43,39
1232,1295,43,39
1098,1181,43,39
1295,1625,43,39
1193,1625,43,39
1193,1295,43,39
1190,1295,43,39
1181,1625,43,39
1193,1625,43,39
1190,1295,43,39
1130,1157,43,39
1190,1193,43,39
1193,1295,43,39
1190,1295,43,39
1190,1193,43,39
1193,1295,43,39
1190,1295,43,39
1181,1625,43,39
1130,1157,43,39
1193,1625,43,39
1190,1295,43,39
1181,1625,43,39
1193,1625,43,39
1190,1193,43,39
1190,1295,43,39
1193,1232,43,39
1193,1625,43,39
1190,1295,43,39
1193,1232,43,39
1295,1625,43,39
1232,1625,43,39
1190,1295,43,39
1193,1232,43,39
1190,1295,43,39
1130,1221,43,39
1190,1295,43,39
1205,1295,43,39
1115,1232,43,39
1193,1625,43,39
1130,1221,43,39
1190,1295,43,39
1205,1625,43,39
1115,1295,43,39
1115,1232,43,39
1193,1625,43,39
1190,1295,43,39
1115,1232,43,39
1130,1157,43,39
1193,1625,43,39
1190,1295,43,39
1205,1295,43,39
1115,1232,43,39
1157,1221,43,39
1190,1295,43,39
1193,1625,43,39
1190,1295,43,39
1115,1232,43,39
1295,1625,43,39
1295,1625,43,39
1098,1157,43,39
1190,1295,43,39
1205,1295,43,39
1295,1625,43,39
1193,1625,43,39
1190,1193,43,39
1193,1295,43,39
1205,1295,43,39
1190,1295,43,39
1193,1625,43,39
1190,1193,43,39
1190,1295,43,39
1190,1295,43,39
1193,1625,43,39
1190,1295,43,39
1181,1625,43,39
1295,1625,43,39
1190,1295,43,39
1190,1295,43,39
1190,1295,43,39
1193,1625,43,39
1190,1295,43,39
1295,1625,43,39
1193,1625,43,39
1205,1625,43,39
1190,1295,43,39
1205,1625,43,39
1193,1625,43,39
1193,1625,43,39
1193,1625,43,39
1190,1295,43,39
1181,1193,43,39
1193,1625,43,39
1190,1295,43,39
1190,1295,43,39
1181,1193,43,39
1115,1232,43,39
1193,1625,43,39
1181,1193,43,39
1193,1625,43,39
1190,1295,43,39
1193,1625,43,39
1190,1295,43,39
1157,1221,43,39
1190,1295,43,39
1157,1221,43,39
1295,1625,43,39
1193,1625,43,39
1181,1193,43,39
1190,1625,43,39
1157,1221,43,39
1295,1625,43,39
1193,1625,43,39
1190,1295,43,39
1181,1193,43,39
1190,1625,43,39
1295,1625,43,39
1193,1625,43,39
1190,1295,43,39
1157,1221,43,39
1193,1205,43,39
1193,1625,43,39
1193,1295,43,39
1190,1295,43,39
1193,1625,43,39
1193,1295,43,39
1190,1295,43,39
1193,1205,43,39
1193,1625,43,39
1193,1295,43,39
1190,1295,43,39
1295,1625,43,39
1193,1205,43,39
1193,1625,43,39
1190,1193,43,39
1193,1295,43,39
1193,1205,43,39
1193,1625,43,39
1190,1193,43,39
1190,1295,43,39
1193,1625,43,39
1190,1193,43,39
1190,1295,43,39
1193,1625,43,39
1190,1193,43,39
1193,1295,43,39
1190,1295,43,39
1157,1221,43,39
1295,1625,43,39
1193,1625,43,39
1190,1193,43,39
1193,1295,43,39
1190,1295,43,39
1098,1232,43,39
1295,1625,43,39
1193,1625,43,39
1190,1193,43,39
1193,1625,43,39
1190,1193,43,39
1295,1625,43,39
1193,1625,43,39
1190,1193,43,39
1193,1295,43,39
1193,1625,43,39
1190,1193,43,39
1232,1460,43,39
1193,1625,43,39
1190,1193,43,39
1193,1625,43,39
1098,1221,43,39
1098,1157,43,39
1193,1625,43,39
1190,1295,43,39
1157,1221,43,39
1295,1625,43,39
1193,1625,43,39
1190,1193,43,39
1193,1295,43,39
1193,1625,43,39
1190,1295,43,39
1193,1625,43,39
1193,1625,43,39
1232,1365,43,39
1142,1205,43,39
1193,1625,43,39
1190,1193,43,39
1232,1365,43,39
1190,1295,43,39
1144,1157,43,39
1159,1365,43,39
1144,1221,43,39
1190,1193,43,39
1144,1221,43,39
1157,1221,43,39
1295,1625,43,39
1193,1625,43,39
1130,1221,43,39
1159,1221,43,39
1144,1221,43,39
1130,1157,43,39
1190,1193,43,39
1130,1144,43,39
1144,1159,43,39
1130,1221,43,39
1157,1159,43,39
1190,1205,43,39
1159,1221,43,39
1157,1221,43,39
1295,1625,43,39
1130,1157,43,39
1193,1205,43,39
1130,1144,43,39
1098,1193,43,39
1157,1159,43,39
1190,1205,43,39
1159,1221,43,39
1144,1221,43,39
1157,1221,43,39
1130,1157,43,39
1130,1144,43,39
1157,1159,43,39
1144,1221,43,39
1130,1157,43,39
1193,1295,43,39
1130,1144,43,39
1098,1205,43,39
1098,1115,43,39
1295,1625,43,39
1098,1190,43,39
1098,1205,43,39
1295,1625,43,39
1130,1157,43,39
1098,1190,43,39
1142,1190,43,39
1205,1295,43,39
1115,1295,43,39
1295,1625,43,39
1098,1190,43,39
1232,1378,43,39
1205,1625,43,39
1157,1221,43,39
1295,1625,43,39
1157,1221,43,39
1295,1625,43,39
1193,1295,43,39
1098,1190,43,39
1157,1221,43,39
1295,1625,43,39
1205,1295,43,39
1098,1295,43,39
1115,1295,43,39
1144,1221,43,39
1157,1221,43,39
1130,1221,43,39
1130,1221,43,39
1295,1307,43,39
1157,1221,43,39
1130,1157,43,39
1295,1307,43,39
1144,1221,43,39
1130,1157,43,39
1295,1307,43,39
1144,1221,43,39
1130,1157,43,39
1295,1307,43,39
1142,1190,43,39
1190,1232,43,39
1115,1295,43,39
1144,1221,43,39
1115,1295,43,39
1115,1295,43,39
1144,1221,43,39
1190,1625,43,39
1157,1221,43,39
1144,1221,43,39
1295,1625,43,39
1157,1221,43,39
1130,1221,43,39
1295,1307,43,39
1157,1221,43,39
1130,1157,43,39
1130,1221,43,39
1295,1307,43,39
1157,1221,43,39
1130,1157,43,39
1193,1295,43,39
1130,1144,43,39
1130,1221,43,39
1144,1157,43,39
1144,1221,43,39
1157,1221,43,39
1130,1157,43,39
1130,1144,43,39
1157,1221,43,39
1295,1383,43,39
1144,1221,43,39
1157,1221,43,39
1295,1625,43,39
1144,1221,43,39
1115,1181,43,39
1130,1221,43,39
1144,1221,43,39
1157,1373,43,39
1130,1221,43,39
1144,1221,43,39
1115,1181,43,39
1115,1625,43,39
1130,1144,43,39
1157,1373,43,39
1130,1221,43,39
1144,1221,43,39
1115,1625,43,39
1157,1373,43,39
1130,1221,43,39
1295,1362,43,39
1115,1625,43,39
1181,1205,43,39
1157,1373,43,39
1130,1221,43,39
1144,1221,43,39
1295,1362,43,39
1130,1144,43,39
1144,1221,43,39
1295,1362,43,39
1157,1373,43,39
1181,1352,43,39
1115,1295,43,39
1144,1221,43,39
1295,1625,43,39
1144,1221,43,39
1295,1625,43,39
1205,1352,43,39
1144,1221,43,39
1205,1352,43,39
1144,1221,43,39
1295,1362,43,39
1144,1221,43,39
1295,1362,43,39
1144,1221,43,39
1157,1221,43,39
1157,1205,43,39
1144,1221,43,39
1190,1625,43,39
1157,1205,43,39
1144,1221,43,39
1115,1365,43,39
1181,1352,43,39
1157,1205,43,39
1144,1221,43,39
1193,1625,43,39
1190,1193,43,39
1157,1373,43,39
1181,1352,43,39
1144,1221,43,39
1295,1362,43,39
1190,1193,43,39
1181,1352,43,39
1144,1221,43,39
1190,1193,43,39
1157,1373,43,39
1181,1352,43,39
1295,1625,43,39
1193,1625,43,39
1190,1193,43,39
1193,1295,43,39
1157,1373,43,39
1181,1352,43,39
1159,1221,43,39
1144,1221,43,39
1157,1373,43,39
1181,1352,43,39
1205,1352,43,39
1144,1221,43,39
1115,1365,43,39
1181,1205,43,39
1144,1159,43,39
1142,1295,43,39
1159,1221,43,39
1144,1221,43,39
1295,1625,43,39
1193,1625,43,39
1193,1295,43,39
1144,1221,43,39
1295,1625,43,39
1193,1625,43,39
1193,1295,43,39
1098,1295,43,39
1144,1157,43,39
1144,1221,43,39
1157,1221,43,39
1130,1157,43,39
1193,1625,43,39
1144,1157,43,39
1144,1221,43,39
1181,1352,43,39
1144,1157,43,39
1144,1221,43,39
1157,1221,43,39
1181,1205,43,39
1181,1352,43,39
1205,1352,43,39
1144,1221,43,39
1157,1221,43,39
1130,1157,43,39
1115,1295,43,39
1157,1221,43,39
1130,1157,43,39
1181,1352,43,39
1115,1295,43,39
1157,1221,43,39
1130,1157,43,39
1144,1157,43,39
1144,1221,43,39
1295,1365,43,39
1157,1221,43,39
1130,1157,43,39
1193,1625,43,39
1144,1157,43,39
1144,1221,43,39
1157,1221,43,39
1130,1157,43,39
1193,1625,43,39
1144,1157,43,39
1144,1221,43,39
1115,1365,43,39
1157,1221,43,39
1130,1157,43,39
1144,1157,43,39
1144,1221,43,39
1295,1625,43,39
1193,1625,43,39
1190,1193,43,39
1181,1352,43,39
1115,1193,43,39
1115,1295,43,39
1144,1157,43,39
1130,1157,43,39
1181,1352,43,39
1115,1193,43,39
1115,1295,43,39
1144,1157,43,39
1144,1221,43,39
1115,1625,43,39
1130,1157,43,39
1115,1625,43,39
1295,1625,43,39
1130,1157,43,39
1181,1205,43,39
1144,1157,43,39
1130,1157,43,39
1193,1625,43,39
1144,1157,43,39
1144,1221,43,39
1295,1625,43,39
1261,1625,43,39
1181,1352,43,39
1115,1295,43,39
1144,1157,43,39
1144,1221,43,39
1295,1625,43,39
1130,1157,43,39
1193,1295,43,39
1181,1352,43,39
1115,1193,43,39
1115,1205,43,39
1115,1295,43,39
1144,1157,43,39
1144,1221,43,39
1130,1157,43,39
1181,1352,43,39
1115,1193,43,39
1144,1157,43,39
1159,1373,43,39
1144,1221,43,39
1115,1625,43,39
1130,1157,43,39
1181,1205,43,39
1193,1625,43,39
1193,1295,43,39
1130,1144,43,39
1115,1295,43,39
1144,1157,43,39
1144,1221,43,39
1157,1221,43,39
1130,1157,43,39
1205,1352,43,39
1144,1221,43,39
1130,1157,43,39
1181,1205,43,39
1193,1625,43,39
1130,1221,43,39
1205,1352,43,39
1144,1221,43,39
1157,1221,43,39
1130,1157,43,39
1193,1625,43,39
1130,1144,43,39
1130,1221,43,39
1144,1157,43,39
1159,1221,43,39
1144,1221,43,39
1130,1144,43,39
1130,1221,43,39
1098,1625,43,39
1159,1221,43,39
1144,1221,43,39
1098,1115,43,39
1130,1157,43,39
1130,1144,43,39
1098,1190,43,39
1098,1625,43,39
1144,1221,43,39
1098,1115,43,39
1098,1190,43,39
1130,1221,43,39
1115,1193,43,39
1190,1202,43,39
1115,1190,43,39
1144,1221,43,39
1098,1115,43,39
1190,1193,43,39
1181,1352,43,39
1205,1352,43,39
1115,1190,43,39
1144,1221,43,39
1098,1157,43,39
1193,1625,43,39
1181,1352,43,39
1098,1625,43,39
1144,1625,43,39
1098,1202,43,39
1205,1352,43,39
1159,1373,43,39
1115,1190,43,39
1098,1144,43,39
1202,1295,43,39
1144,1202,43,39
1098,1193,43,39
1181,1352,43,39
1098,1625,43,39
1164,1658,43,39
1159,1373,43,39
1098,1144,43,39
1144,1193,43,39
1144,1221,43,39
1181,1352,43,39
1098,1202,43,39
1098,1164,43,39
1144,1164,43,39
1098,1144,43,39
1144,1193,43,39
1144,1221,43,39
1144,1202,43,39
1098,1221,43,39
1181,1352,43,39
1144,1625,43,39
1205,1352,43,39
1144,1164,43,39
1164,1193,43,39
1164,1625,43,39
1144,1193,43,39
1144,1295,43,39
1098,1115,43,39
1295,1625,43,39
1164,1261,43,39
1144,1625,43,39
1144,1193,43,39
1098,1115,43,39
1130,1221,43,39
1098,1193,43,39
1098,1625,43,39
1144,1625,43,39
1098,1144,43,39
1144,1193,43,39
1144,1295,43,39
1098,1261,43,39
1130,1157,43,39
1202,1625,43,39
1098,1193,43,39
1098,1625,43,39
1144,1625,43,39
1098,1164,43,39
1181,1202,43,39
1181,1625,43,39
1130,1157,43,39
1144,1181,43,39
1159,1181,43,39
1144,1159,43,39
1202,1625,43,39
1205,1295,43,39
1098,1164,43,39
1144,1221,43,39
1157,1221,43,39
1159,1261,43,39
1295,1625,43,39
1202,1625,43,39
1098,1164,43,39
1144,1157,43,39
1202,1295,43,39
1159,1221,43,39
1144,1221,43,39
1157,1221,43,39
1295,1625,43,39
1130,1157,43,39
1144,1159,43,39
1130,1221,43,39
1157,1159,43,39
1098,1164,43,39
1144,1157,43,39
1202,1295,43,39
1130,1159,43,39
1130,1157,43,39
1098,1164,43,39
1144,1221,43,39
1157,1221,43,39
1193,1365,43,39
1098,1164,43,39
1295,1625,43,39
1295,1625,43,39
1295,1625,43,39
1295,1625,43,39
1142,1190,43,39
1190,1205,43,39
1295,1625,43,39
1144,1157,43,39
1295,1625,43,39
1142,1190,43,39
1144,1157,43,39
1144,1221,43,39
1295,1625,43,39
1142,1190,43,39
1144,1221,43,39
1295,1625,43,39
1142,1190,43,39
1144,1221,43,39
1295,1625,43,39
1164,1190,43,39
1144,1157,43,39
1144,1221,43,39
1295,1625,43,39
1144,1221,43,39
1157,1221,43,39
1295,1625,43,39
1157,1221,43,39
1295,1625,43,39
1157,1221,43,39
1295,1625,43,39
1295,1625,43,39
1295,1625,43,39
1157,1221,43,39
1295,1625,43,39
1193,1205,43,39
1295,1625,43,39
1295,1625,43,39
1193,1205,43,39
1159,1460,43,39
1295,1625,43,39
1193,1205,43,39
1159,1460,43,39
1295,1625,43,39
1181,1193,43,39
1148,1157,43,39
1159,1460,43,39
1181,1261,43,39
1295,1625,43,39
1205,1658,43,39
1181,1193,43,39
1142,1658,43,39
1157,1221,43,39
1295,1625,43,39
1142,1658,43,39
1159,1460,43,39
1295,1625,43,39
1295,1625,43,39
1157,1221,43,39
1295,1625,43,39
1295,1625,43,39
1148,1157,43,39
1295,1625,43,39
1193,1658,43,39
1164,1190,43,39
1190,1232,43,39
1164,1232,43,39
1295,1625,43,39
1164,1190,43,39
1190,1232,43,39
1295,1625,43,39
1295,1625,43,39
1142,1658,43,39
1157,1221,43,39
1142,1658,43,39
1157,1221,43,39
1142,1658,43,39
1193,1658,43,39
1164,1232,43,39
1142,1658,43,39
1193,1658,43,39
1295,1625,43,39
1193,1658,43,39
1164,1232,43,39
1159,1460,43,39
1181,1658,43,39
1295,1625,43,39
1193,1658,43,39
1164,1232,43,39
1181,1658,43,39
1295,1625,43,39
1142,1658,43,39
1193,1658,43,39
1164,1232,43,39
1159,1460,43,39
1181,1658,43,39
1295,1625,43,39
1295,1625,43,39
1157,1221,43,39
1295,1625,43,39
1157,1221,43,39
1157,1221,43,39
1295,1625,43,39
1164,1232,43,39
1157,1221,43,39
1295,1625,43,39
1164,1232,43,39
1295,1625,43,39
1295,1625,43,39
1164,1232,43,39
1157,1221,43,39
1295,1625,43,39
1142,1658,43,39
1164,1232,43,39
1295,1625,43,39
1164,1232,43,39
1181,1658,43,39
1157,1221,43,39
1142,1658,43,39
1159,1460,43,39
1295,1625,43,39
1142,1658,43,39
1295,1625,43,39
1159,1460,43,39
1295,1625,43,39
1193,1658,43,39
1295,1625,43,39
1164,1232,43,39
1157,1221,43,39
1295,1625,43,39
1164,1232,43,39
1295,1625,43,39
1098,1295,43,39
1157,1221,43,39
1295,1625,43,39
1373,1769,44,40
1159,1460,44,40
1157,1221,44,40
1295,1625,44,40
1144,1205,44,40
1098,1144,44,40
1193,1205,44,40
1181,1205,44,40
1144,1202,44,40
1205,1658,44,40
1144,1658,44,40
1164,1295,44,40
1098,1205,44,40
1193,1205,44,40
1205,1658,44,40
1144,1469,44,40
1193,1205,44,40
1190,1658,44,40
1205,1658,44,40
1190,1193,44,40
1148,1157,44,40
1202,1378,44,40
1157,1221,44,40
1202,1378,44,40
1232,1295,44,40
1181,1193,44,40
1142,1658,44,40
1193,1658,44,40
1148,1157,44,40
1157,1221,44,40
1193,1202,44,40
1193,1295,44,40
1193,1232,44,40
1232,1658,44,40
1232,1658,44,40
1157,1221,44,40
1157,1221,44,40
1232,1658,44,40
1157,1221,44,40
1157,1221,44,40
1232,1658,44,40
1142,1190,44,40
1232,1658,44,40
1098,1164,44,40
1164,1205,44,40
1098,1164,44,40
1144,1469,44,40
1164,1190,44,40
1144,1469,44,40
1144,1469,44,40
1098,1164,44,40
1142,1181,44,40
1159,1164,44,40
1159,1181,44,40
1142,1181,44,40
1159,1221,44,40
1164,1261,44,40
1164,1261,44,40
1164,1261,44,40
1164,1261,44,40
1142,1202,44,40
1164,1261,44,40
1164,1181,44,40
1164,1181,44,40
1148,1157,44,40
1164,1190,44,40
1164,1190,44,40
1164,1190,44,40
1164,1190,44,40
1164,1205,44,40
1157,1221,44,40
1157,1221,44,40
1157,1221,44,40
1098,1164,44,40
1157,1221,44,40
1164,1202,44,40
1142,1164,44,40
1164,1460,44,40
1142,1164,44,40
1142,1164,44,40
1142,1164,44,40
1164,1460,44,40
1157,1221,44,40
1164,1460,44,40
1142,1164,44,40
1202,1702,44,40
1202,1702,44,40
1202,1702,44,40
1157,1221,44,40
1157,1221,44,40
1157,1221,44,40
1157,1221,44,40
1202,1365,44,40
1202,1365,44,40
1202,1365,44,40
1142,1202,44,40
1202,1365,44,40
1142,1202,44,40
1142,1202,44,40
1142,1365,44,40
1202,1365,44,40
1142,1202,44,40
1157,1221,44,40
1142,1202,44,40
1142,1365,44,40
1202,1365,44,40
1157,1221,44,40
1142,1202,44,40
1202,1365,44,40
1142,1202,44,40
1130,1221,44,40
1157,1221,44,40
1157,1221,44,40
1130,1221,44,40
1202,1365,44,40
1130,1157,44,40
1130,1221,44,40
1144,1157,44,40
1130,1221,44,40
1144,1157,44,40
1142,1202,44,40
1164,1261,44,40
1159,1221,44,40
1164,1261,44,40
1142,1202,44,40
1144,1221,44,40
1142,1202,44,40
1142,1202,44,40
1142,1365,44,40
1202,1365,44,40
1142,1202,44,40
1202,1365,44,40
1144,1221,44,40
1144,1221,44,40
1144,1221,44,40
1098,1144,44,40
1098,1144,44,40
1157,1159,44,40
1144,1221,44,40
1157,1221,44,40
1144,1221,44,40
1144,1221,44,40
1144,1221,44,40
1144,1221,44,40
1144,1157,44,40
1221,1469,44,40
1157,1164,44,40
1144,1157,44,40
1144,1164,44,40
1221,1469,44,40
1142,1202,44,40
1157,1164,44,40
1144,1164,44,40
1098,1144,44,40
1221,1469,44,40
1157,1164,44,40
1098,1157,44,40
1144,1157,44,40
1144,1164,44,40
1221,1469,44,40
1157,1164,44,40
1157,1164,44,40
1130,1144,44,40
1157,1159,44,40
1098,1164,44,40
1221,1469,44,40
1144,1164,44,40
1157,1164,44,40
1157,1159,44,40
1164,1232,44,40
1142,1202,44,40
1144,1159,44,40
1142,1202,44,40
1142,1202,44,40
1142,1202,44,40
1202,1352,44,40
1142,1202,44,40
1164,1202,44,40
1164,1190,44,40
1164,1190,44,40
1144,1378,44,40
1164,1190,44,40
1164,1190,44,40
1142,1202,44,40
1142,1202,44,40
1130,1157,44,40
1142,1202,44,40
1098,1232,44,40
1142,1202,44,40
1164,1190,44,40
1383,1702,44,40
1164,1190,44,40
1157,1221,44,40
1164,1190,44,40
1142,1202,44,40
1098,1232,44,40
1190,1547,44,40
1164,1190,44,40
1142,1202,44,40
1157,1221,44,40
1202,1469,44,40
1157,1221,44,40
1142,1190,44,40
1142,1202,44,40
1157,1164,44,40
1157,1164,44,40
1164,1221,44,40
1157,1190,44,40
1157,1164,44,40
1164,1221,44,40
1209,1221,44,40
1164,1221,44,40
1209,1221,44,40
1130,1547,44,40
1142,1190,44,40
1130,1547,44,40
1098,1221,44,40
1209,1221,44,40
1098,1221,44,40
1098,1221,44,40
1098,1159,44,40
1130,1202,44,40
1098,1164,44,40
1221,1469,44,40
1098,1164,44,40
1221,1469,44,40
1164,1190,44,40
1221,1469,44,40
1130,1547,44,40
1164,1190,44,40
1221,1469,44,40
1221,1469,44,40
1221,1469,44,40
1190,1261,44,40
1157,1168,44,40
1221,1469,44,40
1221,1469,44,40
1130,1547,44,40
1221,1469,44,40
1221,1469,44,40
1130,1547,44,40
1164,1190,44,40
1221,1469,44,40
1130,1547,44,40
1130,1168,44,40
1164,1190,44,40
1130,1547,44,40
1202,1261,44,40
1130,1168,44,40
1221,1469,44,40
1130,1547,44,40
1130,1168,44,40
1221,1469,44,40
1130,1547,44,40
1130,1168,44,40
1130,1168,44,40
1221,1469,44,40
1130,1547,44,40
1130,1168,44,40
1190,1202,44,40
1221,1469,44,40
1130,1168,44,40
1221,1469,44,40
1130,1547,44,40
1130,1168,44,40
1164,1261,44,40
1221,1469,44,40
1130,1547,44,40
1130,1168,44,40
1157,1261,44,40
1130,1547,44,40
1221,1469,44,40
1130,1547,44,40
1130,1547,44,40
1130,1547,44,40
1221,1469,44,40
1130,1547,44,40
1130,1168,44,40
1221,1469,44,40
1130,1547,44,40
1130,1168,44,40
1164,1261,44,40
1232,1702,44,40
1130,1547,44,40
1232,1702,44,40
1130,1547,44,40
1130,1168,44,40
1232,1702,44,40
1130,1547,44,40
1164,1221,44,40
1209,1769,44,40
1130,1547,44,40
1130,1547,44,40
1130,1168,44,40
1130,1547,44,40
1130,1168,44,40
1130,1547,44,40
1130,1168,44,40
1130,1547,44,40
1130,1168,44,40
1130,1547,44,40
1130,1168,44,40
1130,1547,44,40
1130,1168,44,40
1130,1547,44,40
1130,1547,44,40
1130,1168,44,40
1130,1547,44,40
1373,1769,44,40
1209,1378,44,40
1209,1378,44,40
1209,1378,44,40
1209,1378,44,40
1209,1378,44,40
1221,1525,44,40
1221,1525,44,40
1159,1221,44,40
1159,1221,44,40
1164,1525,44,40
1130,1159,44,40
1130,1221,44,40
1130,1221,44,40
1144,1164,44,40
1130,1221,44,40
1144,1164,44,40
1144,1164,44,40
1159,1221,44,40
1144,1164,44,40
1130,1221,45,41
1157,1221,45,41
1130,1157,45,41
1157,1159,45,41
1164,1190,45,41
1142,1232,45,41
1130,1547,45,41
1130,1547,45,41
1130,1547,45,41
1164,1547,45,41
1130,1164,45,41
1130,1547,45,41
1164,1547,45,41
1130,1547,45,41
1164,1547,45,41
1130,1164,45,41
1130,1547,45,41
1164,1190,45,41
1164,1547,45,41
1157,1221,45,41
1164,1190,45,41
1164,1547,45,41
1159,1221,45,41
1157,1221,45,41
1164,1547,45,41
1159,1221,45,41
1157,1221,45,41
1142,1202,45,41
1130,1164,45,41
1190,1547,45,41
1159,1221,45,41
1157,1221,45,41
1142,1202,45,41
1130,1164,45,41
1130,1547,45,41
1190,1547,45,41
1202,1469,45,41
1142,1202,45,41
1098,1164,45,41
1190,1547,45,41
1202,1469,45,41
1098,1547,45,41
1202,1221,45,41
1190,1547,45,41
1164,1547,45,41
1190,1547,45,41
1144,1547,45,41
1164,1547,45,41
1164,1547,45,41
1164,1547,45,41
1142,1261,45,41
1221,1469,45,41
1221,1469,45,41
1221,1469,45,41
1221,1469,45,41
1221,1469,45,41
1142,1202,45,41
1130,1232,45,41
1221,1469,45,41
1142,1202,45,41
1221,1261,45,41
1221,1261,45,41
1159,1164,45,41
1221,1261,45,41
1164,1221,45,41
1221,1261,45,41
1142,1202,45,41
1164,1221,45,41
1164,1221,45,41
1221,1261,45,41
1142,1202,45,41
1221,1261,45,41
1221,1261,45,41
1221,1469,45,41
1164,1221,45,41
1164,1221,45,41
1164,1221,45,41
1142,1202,45,41
1159,1221,45,41
1157,1221,45,41
1144,1157,45,41
1144,1221,45,41
1157,1221,45,41
1164,1221,45,41
1144,1164,45,41
1164,1221,45,41
1144,1157,45,41
1144,1164,45,41
1157,1221,45,41
1164,1221,45,41
1144,1164,45,41
1157,1221,45,41
1164,1221,45,41
1144,1164,45,41
1144,1221,45,41
1157,1221,45,41
1144,1221,45,41
1157,1221,45,41
1157,1221,45,41
1144,1157,45,41
1144,1221,45,41
1157,1221,45,41
1144,1157,45,41
1159,1221,45,41
1144,1221,45,41
1157,1221,45,41
1144,1157,45,41
1144,1221,45,41
1157,1221,45,41
1142,1391,45,41
1157,1221,45,41
1142,1391,45,41
1144,1221,45,41
1157,1221,45,41
1142,1391,45,41
1157,1221,45,41
1157,1221,45,41
1157,1221,45,41
1164,1221,45,41
1164,1261,45,41
1164,1221,45,41
1157,1221,45,41
1142,1391,45,41
1144,1157,45,41
1144,1221,45,41
1157,1221,45,41
1144,1157,45,41
1144,1221,45,41
1157,1221,45,41
1144,1157,45,41
1144,1221,45,41
1157,1221,45,41
1144,1157,45,41
1157,1221,45,41
1142,1202,45,41
1144,1157,45,41
1144,1221,45,41
1157,1221,45,41
1142,1202,45,41
1157,1159,45,41
1144,1157,45,41
1144,1221,45,41
1157,1221,45,41
1261,1701,45,41
1144,1221,45,41
1261,1701,45,41
1144,1221,45,41
1164,1190,45,41
1159,1460,45,41
1144,1221,45,41
1144,1221,45,41
1261,1701,45,41
1159,1460,45,41
1157,1190,45,41
1157,1164,45,41
1261,1701,45,41
1164,1190,45,41
1157,1164,45,41
1164,1190,45,41
1157,1190,45,41
1157,1164,45,41
1261,1701,45,41
1164,1190,45,41
1144,1221,45,41
1157,1190,45,41
1261,1701,45,41
1164,1190,45,41
1144,1221,45,41
1157,1190,45,41
1144,1221,45,41
1144,1221,45,41
1157,1190,45,41
1164,1190,45,41
1144,1221,45,41
1144,1221,45,41
1164,1190,45,41
1144,1221,45,41
1164,1190,45,41
1144,1221,45,41
1144,1221,45,41
1159,1164,45,41
1164,1202,45,41
1164,1202,45,41
1261,1352,45,41
1164,1202,45,41
1164,1190,45,41
1130,1157,45,41
1164,1190,45,41
1130,1157,45,41
1130,1202,45,41
1164,1202,45,41
1130,1159,45,41
1130,1157,45,41
1261,1352,45,41
1164,1202,45,41
1130,1164,45,41
1130,1164,45,41
1261,1352,45,41
1130,1232,45,41
1144,1221,45,41
1130,1164,45,41
1144,1221,45,41
1144,1221,45,41
1144,1221,45,41
1157,1202,45,41
1142,1190,45,41
1190,1202,45,41
1144,1221,45,41
1142,1190,45,41
1144,1221,45,41
1142,1190,45,41
1144,1221,45,41
1142,1202,45,41
1144,1221,45,41
1142,1202,45,41
1190,1232,45,41
1144,1221,45,41
1144,1221,45,41
1144,1221,45,41
1190,1232,45,41
1144,1221,45,41
1190,1232,45,41
1164,1547,45,41
1130,1547,45,41
1130,1164,45,41
1130,1547,45,41
1164,1547,45,41
1130,1547,45,41
1164,1547,45,41
1164,1547,45,41
1130,1547,45,41
1164,1547,45,41
1130,1164,45,41
1130,1547,45,41
1164,1547,45,41
1130,1547,45,41
1164,1261,45,41
1130,1157,45,41
1142,1202,45,41
1142,1202,45,41
1144,1221,45,41
1130,1157,45,41
1130,1157,45,41
1130,1157,45,41
1202,1362,45,41
1142,1202,45,41
1221,1469,45,41
1142,1202,45,41
1221,1469,45,41
1142,1202,45,41
1221,1469,45,41
1221,1469,45,41
1202,1383,45,41
1144,1221,45,41
1221,1469,45,41
1202,1383,45,41
1144,1221,45,41
1202,1383,45,41
1142,1202,45,41
1144,1221,45,41
1157,1159,45,41
1144,1221,45,41
1130,1157,45,41
1202,1378,45,41
1202,1378,45,41
1144,1221,45,41
1142,1202,45,41
1144,1221,45,41
1142,1202,45,41
1130,1159,45,41
1142,1202,45,41
1144,1221,45,41
1144,1221,45,41
1142,1202,45,41
1142,1202,45,41
1142,1401,45,41
1202,1769,45,41
1144,1221,45,41
1144,1221,45,41
1144,1221,45,41
1142,1202,45,41
1202,1769,45,41
1142,1202,45,41
1142,1769,45,41
1144,1221,45,41
1144,1221,45,41
1144,1232,45,41
1144,1232,45,41
1144,1221,45,41
1130,1221,45,41
1130,1221,45,41
1144,1221,45,41
1144,1221,45,41
1130,1144,45,41
1202,1769,45,41
1144,1221,45,41
1261,1460,45,41
1202,1769,45,41
1142,1202,45,41
1221,1362,45,41
1221,1362,45,41
1221,1362,45,41
1221,1378,45,41
1142,1547,45,41
1142,1547,45,41
1142,1547,45,41
1202,1547,45,41
1144,1159,45,41
1098,1144,45,41
1098,1144,45,41
1142,1202,45,41
1098,1144,45,41
1142,1202,45,41
1098,1144,45,41
1098,1144,45,41
1144,1159,45,41
1144,1159,45,41
1142,1202,45,41
1144,1159,45,41
1144,1157,45,41
1144,1157,45,41
1202,1365,45,41
1144,1159,45,41
1157,1159,45,41
1157,1159,45,41
1157,1159,45,41
1157,1159,45,41
1157,1159,45,41
1157,1159,45,41
1261,1460,45,41
1261,1460,46,42
1202,1469,46,42
1202,1469,46,42
1142,1352,46,42
1142,1352,46,42
1142,1352,46,42
1142,1352,46,42
1142,1352,46,42
1142,1352,46,42
1157,1168,46,42
1142,1352,46,42
1142,1352,46,42
1202,1352,46,42
1142,1352,46,42
1261,1469,46,42
1261,1469,46,42
1365,1401,46,42
1261,1469,46,42
1365,1401,46,42
1365,1401,46,42
1365,1401,46,42
1202,1383,46,42
1365,1401,46,42
1365,1401,46,42
1365,1401,46,42
1365,1401,46,42
1365,1401,46,42
1365,1401,46,42
1261,1416,46,42
1365,1401,46,42
1142,1202,46,42
1365,1401,46,42
1365,1401,46,42
1365,1401,46,42
1365,1401,46,42
1261,1416,46,42
1365,1401,46,42
1142,1202,46,42
1365,1401,46,42
1142,1202,46,42
1365,1401,46,42
1142,1202,46,42
1202,1362,46,42
1365,1401,46,42
1365,1401,46,42
1365,1401,46,42
1365,1401,46,42
1232,1547,46,42
1365,1401,46,42
1261,1416,46,42
1232,1547,46,42
1365,1401,46,42
1261,1416,46,42
1365,1401,46,42
1261,1416,46,42
1365,1401,46,42
1261,1416,46,42
1365,1401,46,42
1365,1401,46,42
1365,1401,46,42
1157,1168,46,42
1365,1401,46,42
1365,1401,46,42
1365,1401,46,42
1261,1701,46,42
1144,1469,46,42
1144,1469,46,42
1232,1383,46,42
1202,1547,46,42
1202,1547,46,42
1232,1383,46,42
1157,1168,46,42
1232,1383,46,42
1232,1383,46,42
1157,1168,46,42
1144,1168,46,42
1144,1168,46,42
1144,1168,46,42
1144,1168,46,42
1144,1157,46,42
1144,1168,46,42
1144,1157,46,42
1365,1401,46,42
1144,1168,46,42
1144,1157,46,42
1365,1401,46,42
1144,1168,46,42
1365,1401,46,42
1365,1401,46,42
1202,1365,46,42
1365,1401,46,42
1365,1401,46,42
1365,1401,46,42
1365,1401,46,42
1365,1401,46,42
1144,1157,46,42
1365,1401,46,42
1365,1401,46,42
1365,1401,46,42
1365,1401,46,42
1202,1365,46,42
1365,1401,46,42
1202,1365,46,42
1202,1401,46,42
1202,1365,46,42
1144,1168,46,42
1144,1168,46,42
1144,1157,46,42
1144,1157,46,42
1142,1383,46,42
1202,1232,46,42
1157,1159,46,42
1157,1159,46,42
1142,1202,46,42
1142,1202,46,42
1142,1202,46,42
1232,1378,46,42
1232,1378,46,42
1202,1702,46,42
1232,1378,46,42
1232,1378,46,42
1232,1378,46,42
1142,1202,46,42
1142,1702,46,42
1232,1378,46,42
1202,1702,46,42
1232,1378,46,42
1232,1378,46,42
1232,1378,46,42
1232,1378,46,42
1232,1378,46,42
1157,1159,46,42
1142,1202,46,42
1261,1769,46,42
1202,1416,46,42
1202,1416,46,42
1142,1769,46,42
1202,1460,46,42
1232,1702,46,42
1202,1460,46,42
1232,1702,46,42
1142,1701,46,42
1232,1391,46,42
1232,1391,46,42
1232,1391,46,42
1144,1159,46,42
1232,1391,46,42
1142,1232,46,42
1202,1232,46,42
1142,1232,46,42
1202,1232,46,42
1142,1232,46,42
1202,1232,46,42
1202,1391,46,42
1202,1391,46,42
1202,1391,47,43
1202,1391,47,43
1142,1261,47,43
1142,1202,47,43
1202,1401,47,43
1142,1460,47,43
1202,1401,47,43
1202,1401,47,43
1142,1202,47,43
1202,1261,47,43
1142,1202,47,43
1202,1261,47,43
1202,1261,47,43
1142,1261,47,43
1202,1261,47,43
1202,1261,47,43
1202,1460,47,43
1202,1261,47,43
1142,1261,47,43
1142,1202,47,43
1232,1378,47,43
1202,1401,47,43
1202,1702,47,43
1142,1261,47,43
1202,1362,47,43
1142,1261,47,43
1142,1261,47,43
1142,1261,47,43
1142,1261,47,43
1142,1261,47,43
1202,1362,47,43
1202,1362,47,43
1202,1232,47,43
1261,1416,47,43
1261,1416,47,43
1142,1261,47,43
1261,1416,47,43
1261,1416,47,43
1142,1261,47,43
1142,1416,47,43
1202,1784,47,43
1261,1352,47,43
1261,1352,47,43
1261,1352,47,43
1261,1352,47,43
1261,1352,47,43
1261,1352,47,43
1261,1352,47,43
1261,1352,47,43
1261,1352,47,43
1261,1352,47,43
1142,1202,47,43
1261,1352,47,43
1261,1352,47,43
1261,1352,47,43
1261,1352,47,43
1261,1352,47,43
1261,1352,47,43
1261,1352,47,43
1261,1352,47,43
1261,1352,47,43
1261,1352,47,43
1261,1352,47,43
1261,1352,47,43
1261,1352,47,43
1261,1352,47,43
1261,1352,47,43
1261,1352,47,43
1261,1352,47,43
1142,1202,47,43
1202,1261,47,43
1142,1261,48,44
1142,1485,48,44
1261,1485,48,44
1261,1485,48,44
1261,1485,48,44
1261,1485,48,44
1261,1485,48,44
1261,1485,48,44
1261,1485,48,44
1261,1485,48,44
1261,1485,48,44
1261,1485,48,44
1261,1485,48,44
1261,1485,48,44
1261,1485,48,44
1261,1485,48,44
1261,1485,48,44
1261,1485,48,44
1460,1485,48,44
1469,1485,48,44
1469,1485,48,44
1469,1485,48,44
1469,1485,48,44
1378,1485,48,44
1307,1485,48,44
1307,1485,48,44
1307,1485,48,44
1307,1485,48,44
1307,1485,48,44
1307,1485,48,44
1391,1485,48,44
1391,1485,48,44
1391,1485,48,44
1383,1485,49,45
1383,1485,49,45
1383,1485,49,45
1383,1485,49,45
1383,1485,49,45
1383,1485,49,45
1352,1485,49,45
1352,1485,49,45
1352,1485,49,45
1352,1485,49,45
1352,1485,49,45
1352,1485,49,45
1352,1485,49,45
1352,1485,49,45
1352,1485,49,45
1352,1485,49,45
1352,1485,49,45
1485,1702,49,45
1485,1702,49,45
1485,1702,49,45
1460,1784,49,45
1485,1784,49,45
1460,1784,49,45
1460,1485,49,45
1460,1485,49,45
1460,1784,49,45
1460,1784,49,45
1460,1485,49,45
1460,1485,49,45
1460,1784,49,45
1460,1784,49,45
1460,1784,49,45
1460,1784,49,45
1460,1485,49,45
1460,1485,49,45
1460,1784,49,45
1485,1547,49,45
1485,1547,49,45
1307,1485,49,45
1307,1485,49,45
1416,1485,49,45
1485,1702,50,46
1469,1485,51,47
1416,1485,51,47
1416,1485,51,47
1485,1547,51,47
1485,1547,52,48
1485,1547,52,48
1469,1485,52,48
1469,1485,52,48
1365,1485,52,48
1401,1485,52,48
1401,1485,52,48
1352,1485,52,48
1352,1485,52,48
1352,1485,53,49
1352,1485,53,49
1383,1485,53,49
1383,1485,53,49
1383,1485,53,49
1383,1485,53,49
1383,1485,53,49
1391,1485,53,49
1391,1485,53,49
1469,1485,53,49
1469,1485,53,49
1469,1485,53,49
1469,1485,53,49
1383,1485,53,49
1383,1485,53,49
1190,1485,53,49
1109,1210,53,49
1205,1210,53,49
1109,1210,53,49
1205,1210,53,49
1205,1210,53,49
1109,1210,53,49
1109,1210,53,49
1109,1210,53,49
1190,1485,53,49
1109,1210,53,49
1109,1210,53,49
1109,1210,53,49
1109,1210,53,49
1109,1210,53,49
1190,1485,53,49
1190,1485,53,49
1205,1485,53,49
1109,1210,53,49
1109,1210,53,49
1210,1658,53,49
1210,1658,53,49
1210,1658,53,49
1115,1210,53,49
1210,1658,53,49
1115,1658,53,49
1115,1658,53,49
1115,1295,53,49
1115,1658,53,49
1115,1658,53,49
1109,1115,53,49
1109,1115,53,49
1109,1469,53,49
1181,1205,53,49
1115,1469,53,49
1109,1115,53,49
1109,1469,53,49
1115,1469,53,49
1109,1115,53,49
1109,1469,53,49
1115,1469,53,49
1109,1115,53,49
1205,1352,53,49
1109,1115,53,49
1109,1115,53,49
1109,1115,53,49
1181,1205,53,49
1115,1469,53,49
1190,1485,53,49
1109,1115,53,49
1460,1658,53,49
1109,1115,53,49
1115,1181,53,49
1109,1115,53,49
1109,1205,53,49
1109,1115,53,49
1109,1115,53,49
1181,1205,53,49
1109,1115,53,49
1205,1352,53,49
1109,1115,53,49
1205,1352,53,49
1181,1352,53,49
1205,1352,53,49
1181,1352,53,49
1205,1352,53,49
1181,1352,53,49
1205,1352,53,49
1109,1115,53,49
1181,1352,53,49
1205,1352,53,49
1109,1115,53,49
1181,1205,53,49
1181,1352,53,49
1205,1352,53,49
1109,1115,53,49
1205,1352,53,49
1205,1352,53,49
1181,1352,53,49
1205,1352,53,49
1205,1352,53,49
1109,1115,53,49
1181,1205,53,49
1115,1210,53,49
1115,1210,53,49
1115,1210,53,49
1109,1460,53,49
1109,1460,53,49
1205,1460,53,49
1109,1205,54,50
1115,1210,54,50
1115,1210,54,50
1109,1658,54,50
1115,1210,54,50
1115,1190,54,50
1109,1658,54,50
1115,1210,54,50
1181,1210,54,50
1190,1205,54,50
1181,1190,54,50
1115,1181,54,50
1115,1210,54,50
1190,1210,54,50
1115,1210,54,50
1109,1210,54,50
1190,1210,54,50
1115,1210,54,50
1109,1210,54,50
1190,1210,54,50
1115,1210,54,50
1210,1658,54,50
1115,1190,54,50
1109,1190,54,50
1115,1210,54,50
1109,1210,54,50
1210,1658,54,50
1115,1190,54,50
1109,1210,54,50
1115,1210,54,50
1109,1210,54,50
1210,1295,54,50
1115,1295,54,50
1115,1210,54,50
1115,1210,54,50
1115,1210,54,50
1115,1210,54,50
1115,1210,54,50
1210,1658,54,50
1190,1210,54,50
1115,1210,54,50
1109,1210,54,50
1109,1115,54,50
1181,1205,54,50
1109,1210,54,50
1205,1295,54,50
1190,1210,54,50
1109,1115,54,50
1181,1205,54,50
1115,1210,54,50
1181,1205,54,50
1109,1210,54,50
1115,1190,54,50
1109,1115,54,50
1181,1205,54,50
1109,1190,54,50
1115,1210,54,50
1109,1210,54,50
1115,1190,54,50
1181,1205,54,50
1109,1190,54,50
1109,1210,54,50
1115,1190,54,50
1109,1115,54,50
1115,1210,54,50
1109,1210,54,50
1115,1190,54,50
1109,1115,54,50
1115,1210,54,50
1109,1210,54,50
1190,1210,54,50
1115,1190,54,50
1115,1210,54,50
1109,1210,54,50
1190,1210,54,50
1115,1190,54,50
1115,1210,54,50
1109,1210,54,50
1190,1210,54,50
1115,1190,54,50
1115,1210,54,50
1109,1210,54,50
1115,1210,54,50
1190,1210,54,50
1115,1190,54,50
1115,1210,54,50
1205,1295,54,50
1190,1210,54,50
1115,1190,54,50
1181,1205,54,50
1115,1210,54,50
1115,1205,54,50
1210,1784,54,50
1115,1205,54,50
1115,1210,54,50
1115,1210,54,50
1181,1352,54,50
1190,1205,54,50
1115,1210,54,50
1115,1210,54,50
1205,1210,54,50
1115,1210,54,50
1181,1352,54,50
1181,1352,54,50
1210,1362,54,50
1115,1210,54,50
1181,1352,54,50
1210,1362,54,50
1115,1210,54,50
1181,1352,54,50
1210,1362,54,50
1115,1362,54,50
1115,1210,54,50
1181,1352,54,50
1115,1362,54,50
1115,1362,54,50
1115,1210,54,50
1181,1352,54,50
1210,1362,54,50
1115,1210,54,50
1181,1352,54,50
1210,1362,54,50
1115,1210,54,50
1205,1295,54,50
1181,1352,54,50
1210,1362,54,50
1115,1210,54,50
1205,1295,54,50
1295,1629,54,50
1210,1362,54,50
1115,1210,54,50
1295,1629,54,50
1210,1362,54,50
1115,1362,54,50
1115,1210,54,50
1295,1629,54,50
1210,1362,54,50
1115,1210,54,50
1295,1629,54,50
1210,1362,54,50
1115,1210,54,50
1295,1629,54,50
1115,1362,54,50
1115,1210,54,50
1295,1629,54,50
1210,1362,54,50
1115,1210,54,50
1181,1352,54,50
1295,1629,54,50
1210,1362,54,50
1109,1469,54,50
1115,1362,54,50
1115,1210,54,50
1378,1629,54,50
1181,1352,54,50
1295,1629,54,50
1210,1362,54,50
1109,1469,54,50
1115,1362,54,50
1115,1210,54,50
1378,1629,54,50
1295,1629,54,50
1115,1210,54,50
1378,1629,54,50
1295,1629,54,50
1115,1210,54,50
1378,1629,54,50
1295,1378,54,50
1181,1352,54,50
1295,1629,54,50
1115,1210,54,50
1378,1629,54,50
1181,1352,54,50
1295,1629,54,50
1205,1469,54,50
1115,1210,54,50
1378,1629,54,50
1295,1629,54,50
1109,1469,54,50
1115,1210,54,50
1295,1629,54,50
1115,1210,54,50
1295,1378,54,50
1295,1629,54,50
1115,1362,54,50
1115,1210,54,50
1378,1629,54,50
1181,1352,54,50
1295,1629,54,50
1115,1210,54,50
1181,1352,54,50
1295,1629,54,50
1115,1362,54,50
1115,1210,54,50
1378,1629,54,50
1181,1352,54,50
1295,1629,54,50
1115,1362,54,50
1115,1210,54,50
1378,1629,54,50
1210,1362,54,50
1115,1362,54,50
1115,1210,54,50
1378,1629,54,50
1295,1629,54,50
1210,1362,54,50
1115,1210,54,50
1378,1629,54,50
1295,1378,54,50
1295,1629,54,50
1115,1362,54,50
1115,1210,54,50
1378,1629,54,50
1295,1378,54,50
1295,1629,54,50
1210,1362,54,50
1115,1362,54,50
1115,1210,54,50
1378,1629,54,50
1295,1629,54,50
1115,1210,54,50
1378,1629,54,50
1295,1629,54,50
1115,1210,54,50
1378,1629,54,50
1295,1629,54,50
1109,1469,54,50
1115,1362,54,50
1115,1210,54,50
1115,1210,54,50
1115,1383,54,50
1115,1383,54,50
1115,1362,54,50
1115,1383,54,50
1109,1469,54,50
1115,1210,54,50
1295,1629,54,50
1295,1629,54,50
1295,1629,54,50
1181,1391,54,50
1115,1362,54,50
1295,1378,54,50
1295,1378,54,50
1629,1658,54,50
1115,1210,54,50
1190,1416,54,50
1295,1378,54,50
1295,1629,54,50
1109,1469,54,50
1115,1362,54,50
1115,1210,54,50
1295,1629,54,50
1181,1391,54,50
1295,1378,54,50
1295,1629,54,50
1115,1362,54,50
1295,1378,54,50
1295,1629,54,50
1295,1378,54,50
1295,1629,54,50
1115,1460,54,50
1295,1629,54,50
1109,1416,54,50
1295,1629,54,50
1210,1362,54,50
1295,1629,54,50
1210,1362,54,50
1210,1362,54,50
1378,1629,54,50
1295,1629,54,50
1210,1362,54,50
1378,1629,54,50
1210,1362,54,50
1109,1629,54,50
1190,1629,54,50
1295,1629,54,50
1307,1629,54,50
1190,1629,54,50
1210,1362,54,50
1307,1629,54,50
1190,1295,54,50
1210,1362,54,50
1295,1378,54,50
1190,1629,54,50
1295,1378,54,50
1115,1210,54,50
1307,1629,54,50
1295,1378,54,50
1109,1295,54,50
1210,1391,54,50
1307,1629,54,50
1295,1378,54,50
1210,1391,54,50
1181,1391,54,50
1295,1629,54,50
1181,1210,54,50
1181,1391,54,50
1295,1629,54,50
1295,1629,54,50
1181,1391,54,50
1295,1629,54,50
1210,1383,54,50
1109,1378,54,50
1295,1629,54,50
1295,1629,54,50
1210,1383,54,50
1109,1378,54,50
1295,1629,54,50
1109,1378,54,50
1295,1629,54,50
1210,1383,54,50
1109,1378,54,50
1295,1629,54,50
1210,1383,54,50
1109,1378,54,50
1295,1629,54,50
1210,1383,54,50
1210,1383,54,50
1295,1629,54,50
1210,1383,54,50
1109,1378,54,50
1295,1629,54,50
1109,1378,54,50
1295,1629,54,50
1210,1383,54,50
1109,1378,54,50
1109,1190,54,50
1210,1383,54,50
1109,1378,54,50
1205,1629,54,50
1295,1629,54,50
1210,1383,54,50
1115,1629,54,50
1115,1295,54,50
1295,1629,54,50
1210,1629,54,50
1401,1658,54,50
1109,1378,54,50
1295,1629,54,50
1210,1383,54,50
1401,1658,54,50
1115,1401,54,50
1115,1658,54,50
1109,1378,54,50
1295,1629,54,50
1401,1658,54,50
1115,1401,54,50
1115,1658,54,50
1295,1629,54,50
1210,1383,54,50
1115,1629,54,50
1401,1658,54,50
1115,1210,54,50
1115,1383,54,50
1295,1629,54,50
1210,1383,54,50
1295,1362,54,50
1362,1629,54,50
1115,1210,54,50
1115,1383,54,50
1295,1629,54,50
1210,1383,54,50
1115,1210,54,50
1115,1383,54,50
1295,1629,54,50
1210,1383,54,50
1295,1362,54,50
1115,1210,54,50
1115,1383,54,50
1210,1383,54,50
1362,1629,54,50
1115,1210,54,50
1210,1383,54,50
1115,1210,54,50
1115,1383,54,50
1210,1383,54,50
1115,1629,54,50
1109,1378,54,50
1115,1210,54,50
1295,1629,54,50
1210,1383,54,50
1109,1378,54,50
1115,1210,54,50
1115,1383,54,50
1295,1629,54,50
1115,1210,54,50
1115,1383,54,50
1295,1629,54,50
1210,1383,54,50
1109,1378,54,50
1115,1210,54,50
1295,1629,54,50
1210,1383,54,50
1115,1210,54,50
1295,1629,54,50
1115,1210,54,50
1295,1629,54,50
1210,1383,54,50
1115,1210,54,50
1115,1383,54,50
1210,1383,54,50
1115,1210,54,50
1210,1383,54,50
1115,1210,54,50
1115,1383,54,50
1210,1383,54,50
1115,1210,54,50
1115,1383,54,50
1210,1383,54,50
1115,1210,54,50
1210,1383,54,50
1115,1210,54,50
1295,1629,54,50
1115,1702,54,50
1109,1378,54,50
1115,1210,54,50
1115,1383,54,50
1295,1629,54,50
1115,1210,54,50
1115,1383,54,50
1295,1629,54,50
1115,1210,54,50
1295,1629,54,50
1115,1210,54,50
1295,1629,54,50
1190,1307,54,50
1115,1210,54,50
1190,1307,54,50
1115,1210,54,50
1109,1378,54,50
1115,1210,54,50
1115,1383,54,50
1190,1307,54,50
1109,1378,54,50
1115,1210,54,50
1109,1378,54,50
1115,1210,54,50
1362,1629,54,50
1109,1378,54,50
1115,1210,54,50
1109,1378,54,50
1115,1210,54,50
1115,1383,54,50
1295,1629,54,50
1210,1383,54,50
1115,1210,54,50
1210,1383,54,50
1115,1210,54,50
1181,1210,54,50
1210,1629,54,50
1115,1629,54,50
1295,1362,54,50
1115,1181,54,50
1181,1629,54,50
1115,1210,54,50
1295,1629,54,50
1295,1362,54,50
1115,1181,54,50
1295,1629,54,50
1210,1383,54,50
1295,1362,54,50
1295,1629,54,50
1295,1362,54,50
1181,1205,54,50
1115,1210,54,50
1295,1629,54,50
1295,1362,54,50
1115,1210,54,50
1295,1629,54,50
1115,1205,54,50
1115,1210,54,50
1295,1629,54,50
1210,1629,54,50
1115,1629,54,50
1295,1362,54,50
1181,1205,54,50
1295,1629,54,50
1210,1383,54,50
1295,1629,54,50
1190,1307,54,50
1210,1383,54,50
1115,1210,54,50
1295,1629,54,50
1190,1307,54,50
1115,1629,54,50
1115,1295,54,50
1295,1629,54,50
1295,1629,54,50
1190,1307,54,50
1295,1629,54,50
1210,1295,54,50
1210,1383,54,50
1210,1629,54,50
1109,1190,54,50
1210,1295,54,50
1295,1629,54,50
1210,1629,54,50
1383,1629,54,50
1109,1190,54,50
1295,1629,54,50
1210,1629,54,50
1383,1629,54,50
1109,1307,54,50
1295,1383,54,50
1295,1629,54,50
1205,1784,54,50
1383,1629,54,50
1295,1629,54,50
1181,1210,54,50
1115,1658,54,50
1383,1629,54,50
1295,1629,54,50
1205,1784,54,50
1115,1658,54,50
1383,1629,54,50
1295,1629,54,50
1383,1629,54,50
1295,1629,54,50
1109,1190,54,50
1295,1629,54,50
1109,1190,54,50
1295,1629,54,50
1383,1629,54,50
1109,1190,54,50
1295,1629,54,50
1190,1307,54,50
1383,1629,54,50
1109,1190,54,50
1295,1629,54,50
1383,1629,54,50
1109,1190,54,50
1295,1629,54,50
1383,1629,54,50
1295,1629,54,50
1205,1784,54,50
1383,1629,54,50
1109,1190,54,50
1295,1629,54,50
1210,1401,54,50
1383,1629,54,50
1295,1383,54,50
1295,1629,54,50
1383,1629,54,50
1109,1307,54,50
1109,1190,54,50
1295,1629,54,50
1205,1784,54,50
1109,1307,54,50
1205,1658,54,50
1109,1190,54,50
1115,1391,54,50
1295,1629,54,50
1190,1307,54,50
1205,1784,54,50
1383,1629,54,50
1109,1307,54,50
1205,1658,54,50
1295,1383,54,50
1115,1391,54,50
1295,1629,54,50
1109,1307,54,50
1295,1383,54,50
1115,1391,54,50
1295,1629,54,50
1181,1391,54,50
1115,1181,54,50
1109,1307,54,50
1115,1352,54,50
1295,1383,54,50
1109,1190,54,50
1115,1391,54,50
1295,1629,54,50
1181,1391,54,50
1115,1181,54,50
1295,1383,54,50
1109,1190,54,50
1115,1391,54,50
1295,1629,54,50
1115,1181,54,50
1295,1383,54,50
1109,1190,54,50
1115,1391,54,50
1181,1391,54,50
1115,1181,54,50
1109,1190,54,50
1115,1391,54,50
1190,1378,54,50
1115,1181,54,50
1109,1307,54,50
1295,1383,54,50
1115,1391,54,50
1295,1629,54,50
1190,1378,54,50
1210,1401,54,50
1115,1210,54,50
1295,1629,54,50
1115,1401,54,50
1210,1401,54,50
1115,1210,54,50
1295,1629,54,50
1115,1401,54,50
1295,1383,54,50
1115,1210,54,50
1295,1629,54,50
1115,1401,54,50
1210,1401,54,50
1295,1383,54,50
1115,1210,54,50
1295,1629,54,50
1115,1401,54,50
1181,1190,54,50
1210,1401,54,50
1383,1629,54,50
1295,1383,54,50
1115,1210,54,50
1295,1629,54,50
1115,1401,54,50
1181,1190,54,50
1115,1210,54,50
1295,1629,54,50
1115,1401,54,50
1181,1190,54,50
1210,1401,54,50
1115,1210,54,50
1295,1629,54,50
1115,1401,54,50
1210,1401,54,50
1295,1383,54,50
1115,1210,54,50
1295,1629,54,50
1115,1401,54,50
1115,1210,54,50
1295,1629,54,50
1115,1401,54,50
1115,1210,54,50
1115,1401,54,50
1295,1383,54,50
1115,1210,54,50
1295,1629,54,50
1115,1401,54,50
1210,1401,54,50
1295,1383,54,50
1115,1210,54,50
1295,1629,54,50
1190,1210,54,50
1115,1190,54,50
1115,1401,54,50
1115,1210,54,50
1295,1629,54,50
1115,1401,54,50
1115,1210,54,50
1295,1629,54,50
1115,1401,54,50
1115,1210,54,50
1115,1401,54,50
1383,1629,54,50
1115,1210,54,50
1115,1401,54,50
1210,1401,54,50
1383,1629,54,50
1115,1210,54,50
1115,1401,54,50
1210,1401,54,50
1383,1629,54,50
1115,1210,54,50
1115,1401,54,50
1115,1210,54,50
1295,1629,54,50
1205,1784,54,50
1115,1401,54,50
1115,1210,54,50
1205,1784,54,50
1109,1658,54,50
1115,1401,54,50
1109,1190,54,50
1115,1210,54,50
1205,1784,54,50
1115,1401,54,50
1115,1210,54,50
1295,1629,54,50
1115,1401,54,50
1383,1629,54,50
1115,1210,54,50
1295,1629,54,50
1115,1401,54,50
1210,1401,54,50
1115,1210,54,50
1109,1629,54,50
1115,1401,54,50
1210,1401,54,50
1383,1629,54,50
1190,1658,54,50
1115,1210,54,50
1109,1629,54,50
1115,1401,54,50
1383,1629,54,50
1115,1210,54,50
1109,1383,54,50
1295,1629,54,50
1109,1629,54,50
1383,1629,54,50
1295,1629,54,50
1109,1629,54,50
1383,1629,54,50
1115,1210,54,50
1295,1629,54,50
1383,1629,54,50
1205,1658,54,50
1383,1629,54,50
1205,1658,54,50
1115,1295,54,50
1109,1629,54,50
1383,1629,54,50
1295,1629,54,50
1115,1295,54,50
1205,1658,54,50
1295,1629,54,50
1295,1629,54,50
1115,1401,54,50
1295,1629,54,50
1115,1401,54,50
1383,1629,54,50
1295,1629,54,50
1115,1401,54,50
1295,1629,54,50
1115,1401,54,50
1295,1629,54,50
1115,1401,54,50
1295,1629,54,50
1115,1401,54,50
1295,1629,54,50
1115,1629,54,50
1295,1629,54,50
1115,1295,54,50
1295,1629,54,50
1362,1629,54,50
1109,1295,54,50
1115,1210,54,50
1210,1629,54,50
1115,1190,54,50
1109,1295,54,50
1210,1629,54,50
1115,1629,54,50
1109,1629,54,50
1109,1115,54,50
1295,1383,54,50
1115,1210,54,50
1295,1629,54,50
1295,1383,54,50
1295,1629,54,50
1115,1190,54,50
1109,1658,54,50
1109,1115,54,50
1295,1629,54,50
1115,1190,54,50
1295,1629,54,50
1109,1295,54,50
1295,1629,54,50
1115,1658,54,50
1295,1629,54,50
1115,1190,54,50
1115,1658,54,50
1115,1190,54,50
1109,1115,54,50
1190,1658,54,50
1115,1190,54,50
1295,1629,54,50
1295,1629,54,50
1295,1629,54,50
1115,1210,54,50
1295,1629,54,50
1109,1115,54,50
1115,1210,54,50
1109,1115,54,50
1115,1210,54,50
1295,1629,54,50
1109,1115,54,50
1295,1629,54,50
1115,1210,54,50
1190,1210,54,50
1181,1210,54,50
1115,1190,54,50
1181,1190,54,50
1115,1181,54,50
1109,1295,54,50
1115,1210,54,50
1190,1210,54,50
1181,1210,54,50
1115,1190,54,50
1109,1295,54,50
1115,1210,54,50
1210,1295,54,50
1190,1295,54,50
1190,1210,54,50
1115,1190,54,50
1378,1658,54,50
1115,1210,54,50
1109,1210,54,50
1525,1535,54,50
1205,1295,54,50
1190,1210,54,50
1115,1295,54,50
1115,1190,54,50
1205,1210,54,50
1190,1210,54,50
1535,1658,54,50
1205,1210,54,50
1115,1210,54,50
1295,1629,54,50
1190,1210,54,50
1115,1190,54,50
1098,1525,54,50
1525,1535,54,50
1109,1535,54,50
1295,1629,54,50
1295,1629,54,50
1295,1629,54,50
1190,1210,54,50
1190,1205,54,50
1181,1535,54,50
1205,1210,54,50
1295,1629,54,50
1190,1210,54,50
1190,1205,54,50
1181,1535,54,50
1205,1210,54,50
1115,1210,54,50
1295,1629,54,50
1190,1210,54,50
1190,1205,54,50
1181,1535,54,50
1115,1190,54,50
1205,1535,54,50
1205,1210,54,50
1115,1210,54,50
1109,1210,54,50
1190,1210,54,50
1181,1210,54,50
1098,1210,54,50
1115,1190,54,50
1181,1205,54,50
1205,1210,54,50
1109,1190,54,50
1098,1190,54,50
1190,1210,54,50
1098,1109,54,50
1190,1210,54,50
1098,1109,54,50
1115,1190,54,50
1115,1210,54,50
1295,1629,54,50
1190,1210,54,50
1098,1109,54,50
1115,1190,54,50
1115,1210,54,50
1295,1629,54,50
1115,1190,54,50
1115,1210,54,50
1295,1629,54,50
1190,1210,54,50
1115,1190,54,50
1115,1210,54,50
1295,1629,54,50
1190,1210,54,50
1115,1190,54,50
1115,1210,54,50
1295,1629,54,50
1190,1210,54,50
1115,1190,54,50
1098,1181,54,50
1115,1210,54,50
1109,1210,54,50
1295,1629,54,50
1115,1210,54,50
1210,1658,54,50
1190,1210,54,50
1115,1190,54,50
1115,1210,54,50
1190,1210,54,50
1115,1190,54,50
1115,1210,54,50
1190,1210,54,50
1115,1190,54,50
1115,1210,54,50
1295,1629,54,50
1115,1190,54,50
1098,1629,54,50
1098,1629,54,50
1295,1629,54,50
1190,1210,54,50
1109,1190,54,50
1115,1210,54,50
1109,1210,54,50
1295,1629,54,50
1190,1210,54,50
1115,1190,54,50
1295,1629,54,50
1190,1210,54,50
1115,1210,54,50
1295,1629,54,50
1115,1210,54,50
1295,1629,54,50
1115,1210,54,50
1295,1629,54,50
1295,1629,54,50
1115,1210,55,51
1109,1210,55,51
1295,1629,55,51
1109,1210,55,51
1295,1629,55,51
1190,1210,55,51
1115,1658,55,51
1130,1157,55,51
1295,1629,55,51
1295,1629,55,51
1205,1629,55,51
1295,1629,55,51
1115,1210,55,51
1295,1629,55,51
1295,1629,55,51
1115,1190,55,51
1190,1658,55,51
1295,1629,55,51
1190,1210,55,51
1157,1181,55,51
1190,1658,55,51
1115,1210,55,51
1205,1295,55,51
1295,1629,55,51
1115,1190,55,51
1295,1547,55,51
1115,1658,55,51
1547,1629,55,51
1295,1629,55,51
1190,1210,55,51
1115,1658,55,51
1547,1629,55,51
1295,1629,55,51
1295,1547,55,51
1109,1210,55,51
1547,1629,55,51
1295,1629,55,51
1190,1210,55,51
1295,1547,55,51
1115,1210,55,51
1547,1629,55,51
1295,1629,55,51
1295,1547,55,51
1115,1658,55,51
1115,1210,55,51
1547,1629,55,51
1295,1629,55,51
1295,1547,55,51
1115,1658,55,51
1115,1210,55,51
1109,1210,55,51
1547,1629,55,51
1295,1629,55,51
1295,1547,55,51
1157,1205,55,51
1547,1629,55,51
1295,1629,55,51
1115,1658,55,51
1115,1210,55,51
1547,1629,55,51
1295,1629,55,51
1295,1547,55,51
1115,1658,55,51
1098,1181,55,51
1109,1210,55,51
1295,1629,55,51
1295,1547,55,51
1295,1629,55,51
1295,1547,55,51
1109,1210,55,51
1295,1629,55,51
1295,1547,55,51
1115,1658,55,51
1547,1629,55,51
1295,1629,55,51
1157,1629,55,51
1115,1658,55,51
1295,1629,55,51
1157,1629,55,51
1295,1547,55,51
1157,1205,55,51
1115,1658,55,51
1115,1210,55,51
1205,1295,55,51
1181,1671,55,51
1295,1629,55,51
1157,1629,55,51
1115,1658,55,51
1098,1181,55,51
1098,1671,55,51
1157,1295,55,51
1115,1210,55,51
1157,1629,55,51
1115,1190,55,51
1115,1658,55,51
1098,1671,55,51
1190,1658,55,51
1157,1629,55,51
1115,1190,55,51
1115,1658,55,51
1098,1671,55,51
1190,1658,55,51
1115,1210,55,51
1205,1295,55,51
1295,1629,55,51
1157,1629,55,51
1115,1190,55,51
1115,1658,55,51
1157,1295,55,51
1115,1210,55,51
1295,1629,55,51
1190,1210,55,51
1157,1629,55,51
1115,1658,55,51
1157,1295,55,51
1115,1210,55,51
1295,1629,55,51
1115,1658,55,51
1157,1784,55,51
1205,1629,55,51
1115,1210,55,51
1109,1210,55,51
1295,1629,55,51
1295,1547,55,51
1115,1658,55,51
1157,1784,55,51
1115,1210,55,51
1157,1629,55,51
1295,1547,55,51
1157,1205,55,51
1115,1658,55,51
1109,1190,55,51
1115,1210,55,51
1157,1629,55,51
1190,1205,55,51
1295,1547,55,51
1157,1205,55,51
1115,1658,55,51
1205,1629,55,51
1115,1210,55,51
1295,1629,55,51
1115,1658,55,51
1115,1210,55,51
1295,1629,55,51
1295,1547,55,51
1115,1658,55,51
1115,1210,55,51
1295,1547,55,51
1115,1658,55,51
1115,1210,55,51
1547,1629,55,51
1295,1629,55,51
1295,1547,55,51
1115,1658,55,51
1547,1629,55,51
1295,1629,55,51
1295,1547,55,51
1115,1658,55,51
1115,1210,55,51
1547,1629,55,51
1295,1629,55,51
1295,1547,55,51
1115,1658,55,51
1115,1210,55,51
1547,1629,55,51
1295,1629,55,51
1295,1547,55,51
1115,1658,55,51
1115,1210,55,51
1547,1629,55,51
1295,1629,55,51
1295,1547,55,51
1115,1658,55,51
1098,1671,55,51
1115,1210,55,51
1547,1629,55,51
1295,1629,55,51
1190,1210,55,51
1115,1190,55,51
1295,1547,55,51
1115,1658,55,51
1115,1210,55,51
1295,1547,55,51
1115,1658,55,51
1115,1210,55,51
1295,1547,55,51
1115,1658,55,51
1098,1671,55,51
1115,1210,55,51
1109,1210,55,51
1295,1629,55,51
1295,1547,55,51
1115,1658,55,51
1115,1210,55,51
1295,1629,55,51
1115,1190,55,51
1115,1658,55,51
1115,1210,55,51
1295,1629,55,51
1115,1658,55,51
1115,1210,55,51
1295,1629,55,51
1115,1658,55,51
1115,1210,55,51
1295,1629,55,51
1205,1784,55,51
1115,1658,55,51
1115,1210,55,51
1295,1629,55,51
1098,1671,55,51
1115,1210,55,51
1547,1629,55,51
1295,1629,55,51
1295,1547,55,51
1115,1210,55,51
1547,1629,55,51
1295,1629,55,51
1115,1658,55,51
1115,1210,55,51
1109,1210,55,51
1547,1629,55,51
1295,1629,55,51
1115,1190,55,51
1115,1658,55,51
1115,1210,55,51
1109,1210,55,51
1547,1629,55,51
1295,1629,55,51
1115,1190,55,51
1115,1658,55,51
1115,1210,55,51
1547,1629,55,51
1295,1629,55,51
1157,1260,55,51
1115,1190,55,51
1295,1547,55,51
1547,1629,55,51
1210,1658,55,51
1295,1629,55,51
1157,1260,55,51
1295,1547,55,51
1098,1671,55,51
1109,1210,55,51
1157,1260,55,51
1295,1547,55,51
1098,1671,55,51
1157,1260,55,51
1295,1547,55,51
1157,1260,55,51
1098,1671,55,51
1157,1260,55,51
1295,1547,55,51
1098,1671,55,51
1205,1629,55,51
1210,1658,55,51
1295,1547,55,51
1205,1629,55,51
1210,1658,55,51
1190,1210,55,51
1295,1547,55,51
1205,1629,55,51
1181,1671,55,51
1190,1210,55,51
1109,1115,55,51
1295,1547,55,51
1098,1671,55,51
1115,1210,55,51
1109,1210,55,51
1547,1629,55,51
1295,1629,55,51
1190,1210,55,51
1295,1547,55,51
1098,1671,55,51
1190,1210,55,51
1098,1671,55,51
1115,1210,55,51
1547,1629,55,51
1295,1629,55,51
1098,1671,55,51
1115,1210,55,51
1295,1547,55,51
1365,1629,55,51
1115,1210,55,51
1098,1671,55,51
1365,1629,55,51
1115,1149,55,51
1115,1210,55,51
1295,1547,55,51
1098,1671,55,51
1365,1629,55,51
1115,1149,55,51
1115,1210,55,51
1295,1547,55,51
1098,1671,55,51
1114,1260,55,51
1115,1210,55,51
1295,1547,55,51
1098,1671,55,51
1115,1210,55,51
1098,1671,55,51
1115,1210,55,51
1149,1196,55,51
1295,1547,55,51
1098,1671,55,51
1115,1210,55,51
1114,1629,55,51
1098,1671,55,51
1115,1210,55,51
1149,1196,55,51
1295,1547,55,51
1098,1671,55,51
1109,1149,55,51
1115,1149,55,51
1115,1210,55,51
1149,1196,55,51
1295,1547,55,51
1149,1181,55,51
1098,1671,55,51
1109,1149,55,51
1115,1149,55,51
1115,1210,55,51
1295,1547,55,51
1115,1658,55,51
1190,1658,55,51
1109,1181,55,51
1115,1210,55,51
1295,1547,55,51
1115,1658,55,51
1098,1671,55,51
1190,1658,55,51
1115,1210,55,51
1295,1547,55,51
1098,1671,55,51
1115,1210,55,51
1098,1671,55,51
1196,1658,55,51
1115,1210,55,51
1098,1671,55,51
1115,1210,55,51
1109,1210,55,51
1109,1115,55,51
1098,1671,55,51
1181,1205,55,51
1115,1210,55,51
1295,1629,55,51
1190,1210,55,51
1149,1660,55,51
1295,1365,55,51
1098,1671,55,51
1181,1205,55,51
1365,1629,55,51
1115,1210,55,51
1295,1629,55,51
1190,1210,55,51
1149,1152,55,51
1152,1209,55,51
1115,1190,55,51
1547,1658,55,51
1295,1365,55,51
1098,1671,55,51
1181,1205,55,51
1365,1629,55,51
1115,1210,55,51
1109,1210,55,51
1295,1629,55,51
1190,1210,55,51
1295,1365,55,51
1098,1671,55,51
1181,1205,55,51
1365,1629,55,51
1115,1210,55,51
1109,1210,55,51
1295,1365,55,51
1098,1671,55,51
1181,1205,55,51
1115,1210,55,51
1190,1210,55,51
1098,1114,55,51
1149,1660,55,51
1295,1365,55,51
1181,1205,55,51
1365,1629,55,51
1115,1210,55,51
1295,1629,55,51
1149,1660,55,51
1295,1365,55,51
1098,1671,55,51
1181,1205,55,51
1365,1629,55,51
1196,1658,55,51
1115,1210,55,51
1109,1210,55,51
1295,1365,55,51
1181,1205,55,51
1196,1210,55,51
1365,1629,55,51
1196,1658,55,51
1115,1210,55,51
1181,1205,55,51
1115,1210,55,51
1295,1629,55,51
1295,1365,55,51
1181,1205,55,51
1115,1210,55,51
1295,1365,55,51
1181,1205,55,51
1401,1629,55,51
1295,1365,55,51
1181,1205,55,51
1115,1210,55,51
1152,1157,55,51
1401,1629,55,51
1295,1365,55,51
1181,1205,55,51
1115,1210,55,51
1109,1210,55,51
1295,1365,55,51
1181,1205,55,51
1115,1210,55,51
1109,1210,55,51
1109,1196,55,51
1152,1157,55,51
1295,1365,55,51
1115,1210,55,51
1109,1196,55,51
1152,1157,55,51
1401,1629,55,51
1295,1365,55,51
1115,1210,55,51
1109,1210,55,51
1295,1629,55,51
1152,1209,55,51
1109,1196,55,51
1152,1157,55,51
1295,1365,55,51
1115,1210,55,51
1205,1295,55,51
1295,1629,55,51
1152,1209,55,51
1109,1196,55,51
1152,1157,55,51
1205,1629,55,51
1115,1210,55,51
1109,1210,55,51
1295,1629,55,51
1152,1209,55,51
1109,1196,55,51
1152,1157,55,51
1115,1210,55,51
1205,1295,55,51
1109,1196,55,51
1152,1157,55,51
1115,1210,55,51
1205,1295,55,51
1152,1157,55,51
1365,1401,55,51
1295,1784,55,51
1115,1210,55,51
1181,1391,55,51
1115,1210,55,51
1109,1210,55,51
1205,1295,55,51
1152,1157,55,51
1181,1391,55,51
1365,1401,55,51
1196,1210,55,51
1115,1210,55,51
1205,1295,55,51
1181,1671,55,51
1190,1210,55,51
1115,1190,55,51
1098,1181,55,51
1098,1671,55,51
1196,1210,55,51
1115,1196,55,51
1115,1210,55,51
1109,1210,55,51
1181,1671,55,51
1190,1210,55,51
1109,1196,55,51
1115,1190,55,51
1152,1157,55,51
1109,1115,55,51
1098,1181,55,51
1098,1671,55,51
1115,1196,55,51
1115,1210,55,51
1109,1210,55,51
1205,1295,55,51
1190,1210,55,51
1152,1209,55,51
1115,1190,55,51
1152,1157,55,51
1109,1115,55,51
1098,1671,55,51
1196,1210,55,51
1115,1196,55,51
1109,1190,55,51
1115,1210,55,51
1109,1210,55,51
1205,1295,55,51
1190,1210,55,51
1109,1196,55,51
1152,1157,55,51
1098,1671,55,51
1152,1209,55,51
1109,1196,55,51
1115,1190,55,51
1152,1157,55,51
1109,1115,55,51
1098,1671,55,51
1115,1210,55,51
1109,1210,55,51
1205,1295,55,51
1190,1210,55,51
1152,1209,55,51
1115,1190,55,51
1152,1157,55,51
1109,1115,55,51
1401,1629,55,51
1098,1671,55,51
1295,1784,55,51
1196,1210,55,51
1115,1196,55,51
1109,1190,55,51
1109,1210,55,51
1205,1295,55,51
1190,1210,55,51
1152,1157,55,51
1401,1629,55,51
1196,1210,55,51
1205,1295,55,51
1190,1210,55,51
1205,1784,55,51
1401,1629,55,51
1205,1295,55,51
1190,1210,55,51
1401,1629,55,51
1205,1295,55,51
1190,1210,55,51
1401,1629,55,51
1098,1671,55,51
1190,1210,55,51
1109,1196,55,51
1114,1149,55,51
1098,1671,55,51
1196,1658,55,51
1190,1210,55,51
1115,1629,55,51
1196,1629,55,51
1115,1196,55,51
1629,1658,55,51
1115,1210,55,51
1109,1210,55,51
1210,1658,55,51
1205,1295,55,51
1190,1210,55,51
1109,1196,55,51
1115,1190,55,51
1115,1658,55,51
1190,1658,55,51
1115,1196,55,51
1295,1629,55,51
1152,1209,55,51
1196,1210,55,51
1115,1196,55,51
1109,1190,55,51
1149,1190,55,51
1190,1210,55,51
1152,1209,55,51
1152,1157,55,51
1401,1629,55,51
1149,1210,55,51
1295,1702,55,51
1196,1210,55,51
1115,1210,55,51
1149,1190,55,51
1149,1196,55,51
1190,1196,55,51
1152,1209,55,51
1152,1157,55,51
1401,1629,55,51
1098,1671,55,51
1149,1210,55,51
1295,1702,55,51
1115,1196,55,51
1115,1149,55,51
1152,1157,55,51
1401,1629,55,51
1149,1210,55,51
1295,1702,55,51
1196,1210,55,51
1149,1196,55,51
1152,1157,55,51
1098,1671,55,51
1295,1702,55,51
1115,1210,55,51
1149,1196,55,51
1152,1209,55,51
1109,1115,55,51
1401,1629,55,51
1098,1671,55,51
1149,1210,55,51
1295,1702,55,51
1115,1196,55,51
1115,1149,55,51
1115,1210,55,51
1109,1210,55,51
1152,1209,55,51
1115,1190,55,51
1109,1115,55,51
1401,1629,55,51
1295,1702,55,51
1149,1658,55,51
1115,1196,55,51
1149,1196,55,51
1115,1629,55,51
1115,1190,55,51
1098,1671,55,51
1295,1702,55,51
1115,1629,55,51
1115,1295,55,51
1115,1190,55,51
1109,1115,55,51
1401,1629,55,51
1114,1210,55,51
1098,1671,55,51
1295,1702,55,51
1109,1190,55,51
1295,1629,55,51
1115,1629,55,51
1115,1295,55,51
1152,1157,55,51
1109,1115,55,51
1114,1210,55,51
1098,1671,55,51
1295,1702,55,51
1295,1629,55,51
1115,1295,55,51
1115,1190,55,51
1109,1115,55,51
1114,1210,55,51
1098,1671,55,51
1109,1190,55,51
1115,1210,55,51
1149,1196,55,51
1190,1210,55,51
1152,1157,55,51
1098,1671,55,51
1115,1210,55,51
1149,1196,55,51
1295,1629,55,51
1190,1210,55,51
1152,1157,55,51
1401,1629,55,51
1098,1671,55,51
1115,1210,55,51
1149,1196,55,51
1295,1629,55,51
1190,1210,55,51
1152,1157,55,51
1401,1629,55,51
1098,1671,55,51
1295,1401,55,51
1149,1658,55,51
1149,1196,55,51
1190,1210,55,51
1098,1671,55,51
1115,1210,55,51
1152,1157,55,51
1098,1671,55,51
1149,1658,55,51
1109,1190,55,51
1115,1210,55,51
1149,1196,55,51
1190,1210,55,51
1115,1629,55,51
1115,1190,55,51
1098,1671,55,51
1149,1658,55,51
1115,1210,55,51
1115,1190,55,51
1098,1671,55,51
1115,1210,55,51
1149,1196,55,51
1295,1629,55,51
1190,1210,55,51
1115,1190,55,51
1152,1157,55,51
1098,1671,55,51
1149,1658,55,51
1115,1210,55,51
1295,1629,55,51
1190,1210,55,51
1098,1671,55,51
1115,1210,55,51
1109,1210,55,51
1295,1629,55,51
1190,1210,55,51
1109,1115,55,51
1098,1671,55,51
1115,1210,55,51
1295,1629,55,51
1190,1210,55,51
1115,1190,55,51
1109,1115,55,51
1098,1671,55,51
1295,1401,55,51
1109,1190,55,51
1115,1210,55,51
1149,1196,55,51
1295,1629,55,51
1190,1210,55,51
1152,1157,55,51
1109,1115,55,51
1098,1671,55,51
1295,1401,55,51
1109,1190,55,51
1109,1210,55,51
1149,1196,55,51
1295,1629,55,51
1152,1157,55,51
1115,1547,55,51
1098,1671,55,51
1295,1401,55,51
1109,1190,55,51
1149,1196,55,51
1190,1210,55,51
1109,1352,55,51
1098,1671,55,51
1295,1401,55,51
1295,1629,55,51
1115,1547,55,51
1109,1352,55,51
1098,1671,55,51
1109,1210,55,51
1295,1629,55,51
1115,1547,55,51
1115,1210,55,51
1295,1629,55,51
1295,1629,55,51
1115,1210,55,51
1295,1629,55,51
1210,1629,55,51
1115,1547,55,51
1149,1196,55,51
1295,1629,55,51
1115,1547,55,51
1149,1196,55,51
1295,1629,55,51
1210,1547,55,51
1115,1547,55,51
1115,1210,55,51
1295,1629,55,51
1210,1547,55,51
1115,1547,55,51
1115,1210,55,51
1295,1629,55,51
1210,1547,55,51
1115,1547,55,51
1109,1352,55,51
1115,1210,55,51
1149,1196,55,51
1295,1629,55,51
1109,1352,55,51
1149,1196,55,51
1295,1629,55,51
1115,1547,55,51
1115,1210,55,51
1295,1629,55,51
1210,1547,55,51
1115,1547,55,51
1109,1352,55,51
1115,1210,55,51
1149,1196,55,51
1295,1629,55,51
1210,1547,55,51
1115,1547,55,51
1109,1352,55,51
1115,1210,55,51
1149,1196,55,51
1295,1629,55,51
1210,1547,55,51
1115,1547,55,51
1109,1352,55,51
1629,1702,55,51
1115,1210,55,51
1295,1629,55,51
1210,1547,55,51
1109,1352,55,51
1629,1702,55,51
1115,1210,55,51
1149,1196,55,51
1210,1547,55,51
1115,1547,55,51
1109,1352,55,51
1295,1702,55,51
1115,1210,55,51
1149,1196,55,51
1295,1629,55,51
1210,1547,55,51
1115,1547,55,51
1629,1702,55,51
1295,1702,55,51
1115,1210,55,51
1149,1196,55,51
1295,1629,55,51
1210,1547,55,51
1115,1547,55,51
1629,1702,55,51
1295,1702,55,51
1115,1210,55,51
1295,1629,55,51
1210,1547,55,51
1115,1547,55,51
1109,1352,55,51
1098,1671,55,51
1629,1702,55,51
1295,1702,55,51
1115,1210,55,51
1210,1547,55,51
1115,1547,55,51
1109,1352,55,51
1098,1671,55,51
1115,1210,55,51
1149,1196,55,51
1210,1547,55,51
1115,1547,55,51
1109,1352,55,51
1115,1210,55,51
1210,1547,55,51
1115,1547,55,51
1109,1352,55,51
1115,1210,55,51
1149,1196,55,51
1210,1547,55,51
1115,1547,55,51
1109,1352,55,51
1115,1210,55,51
1149,1196,55,51
1115,1547,55,51
1109,1352,55,51
1295,1702,55,51
1115,1210,55,51
1149,1196,55,51
1210,1547,55,51
1115,1547,55,51
1109,1352,55,51
1295,1702,55,51
1115,1210,55,51
1149,1196,55,51
1210,1629,55,51
1115,1629,55,51
1210,1547,55,51
1115,1547,55,51
1109,1352,55,51
1115,1210,55,51
1149,1196,55,51
1210,1629,55,51
1115,1629,55,51
1210,1547,55,51
1115,1547,55,51
1109,1352,55,51
1115,1210,55,51
1547,1629,55,51
1210,1629,55,51
1115,1629,55,51
1210,1547,55,51
1115,1547,55,51
1109,1352,55,51
1115,1210,55,51
1149,1196,55,51
1115,1629,55,51
1115,1547,55,51
1109,1352,55,51
1115,1210,55,51
1149,1196,55,51
1210,1547,55,51
1115,1547,55,51
1109,1352,55,51
1115,1210,55,51
1210,1547,55,51
1115,1547,55,51
1109,1352,55,51
1098,1671,55,51
1115,1210,55,51
1210,1547,55,51
1115,1547,55,51
1109,1352,55,51
1115,1210,55,51
1149,1196,55,51
1295,1629,55,51
1210,1547,55,51
1115,1547,55,51
1109,1352,55,51
1098,1671,55,51
1115,1210,55,51
1149,1196,55,51
1295,1629,55,51
1210,1547,55,51
1115,1547,55,51
1109,1352,55,51
1098,1671,55,51
1115,1210,55,51
1149,1196,55,51
1295,1629,55,51
1210,1547,55,51
1109,1352,55,51
1098,1671,55,51
1115,1210,55,51
1149,1196,55,51
1295,1629,55,51
1210,1547,55,51
1115,1547,55,51
1109,1352,55,51
1098,1671,55,51
1115,1210,55,51
1149,1196,55,51
1295,1629,55,51
1115,1547,55,51
1109,1352,55,51
1115,1210,55,51
1295,1629,55,51
1210,1547,55,51
1115,1547,55,51
1115,1210,55,51
1210,1547,55,51
1115,1547,55,51
1115,1210,55,51
1098,1671,55,51
1115,1210,55,51
1295,1629,55,51
1210,1547,55,51
1115,1547,55,51
1149,1295,55,51
1109,1352,55,51
1098,1671,55,51
1149,1629,55,51
1115,1210,55,51
1196,1469,55,51
1196,1205,55,51
1152,1157,55,51
1210,1547,55,51
1115,1210,55,51
1196,1469,55,51
1196,1205,55,51
1210,1547,55,51
1115,1547,55,51
1115,1210,55,51
1149,1391,55,51
1196,1469,55,51
1196,1205,55,51
1114,1629,55,51
1210,1547,55,51
1115,1547,55,51
1157,1660,55,51
1115,1210,55,51
1114,1629,55,51
1115,1547,55,51
1115,1210,55,51
1114,1629,55,51
1210,1547,55,51
1115,1547,55,51
1115,1210,55,51
1114,1152,55,51
1157,1260,55,51
1130,1260,55,51
1210,1547,55,51
1115,1547,55,51
1109,1352,55,51
1130,1157,55,51
1115,1210,55,51
1114,1152,55,51
1196,1205,55,51
1157,1260,55,51
1210,1547,55,51
1130,1157,55,51
1149,1152,55,51
1196,1205,55,51
1157,1260,55,51
1114,1149,55,51
1130,1157,55,51
1547,1629,55,51
1114,1152,55,51
1149,1152,55,51
1196,1205,55,51
1157,1260,55,51
1210,1547,55,51
1114,1149,55,51
1115,1210,55,51
1114,1152,55,51
1149,1152,55,51
1210,1629,55,51
1130,1260,55,51
1114,1149,55,51
1109,1352,55,51
1152,1196,55,51
1114,1152,55,51
1149,1196,55,51
1149,1152,55,51
1152,1157,55,51
1115,1547,55,51
1149,1157,55,51
1152,1196,55,51
1149,1196,55,51
1149,1152,55,51
1157,1629,55,51
1210,1547,55,51
1115,1547,55,51
1109,1352,55,51
1114,1196,55,51
1149,1196,55,51
1157,1629,55,51
1130,1260,55,51
1210,1547,55,51
1115,1547,55,51
1115,1210,55,51
1149,1196,55,51
1115,1547,55,51
1109,1352,55,51
1149,1196,55,51
1115,1547,55,51
1149,1157,55,51
1149,1196,55,51
1401,1629,55,51
1114,1157,55,51
1109,1352,55,51
1149,1196,55,51
1295,1629,55,51
1157,1629,55,51
1115,1629,55,51
1114,1157,55,51
1109,1352,55,51
1098,1671,55,51
1157,1295,55,51
1115,1210,55,51
1149,1196,55,51
1295,1629,55,51
1157,1629,55,51
1115,1547,55,51
1098,1671,55,51
1260,1629,55,51
1295,1629,55,51
1115,1547,55,51
1098,1671,55,51
1115,1547,55,51
1295,1629,55,51
1115,1547,55,51
1098,1671,55,51
1295,1629,55,51
1115,1547,55,51
1205,1469,55,51
1098,1671,55,51
1295,1629,55,51
1115,1547,55,51
1295,1307,55,51
1205,1469,55,51
1115,1210,55,51
1149,1196,55,51
1295,1629,55,51
1210,1547,55,51
1115,1547,55,51
1205,1469,55,51
1115,1210,55,51
1149,1196,55,51
1295,1629,55,51
1115,1547,55,51
1295,1307,55,51
1205,1469,55,51
1115,1210,55,51
1210,1547,55,51
1295,1307,55,51
1307,1629,55,51
1149,1196,55,51
1307,1629,55,51
1295,1629,55,51
1210,1547,55,51
1295,1307,55,51
1149,1196,55,51
1295,1629,55,51
1115,1190,55,51
1109,1115,55,51
1210,1547,55,51
1307,1629,55,51
1149,1196,55,51
1295,1629,55,51
1295,1307,55,51
1109,1114,55,51
1307,1629,55,51
1149,1196,55,51
1210,1547,55,51
1098,1671,55,51
1307,1629,55,51
1149,1196,55,51
1210,1547,55,51
1098,1671,55,51
1307,1629,55,51
1149,1196,55,51
1295,1629,55,51
1109,1196,55,51
1115,1547,55,51
1295,1307,55,51
1115,1210,55,51
1144,1196,55,51
1149,1196,55,51
1295,1629,55,51
1144,1149,55,51
1295,1307,55,51
1115,1210,55,51
1149,1196,55,51
1295,1307,55,51
1114,1149,55,51
1149,1658,55,51
1115,1210,55,51
1378,1629,55,51
1149,1196,55,51
1115,1210,55,51
1378,1629,55,51
1149,1196,55,51
1109,1157,55,51
1295,1307,55,51
1115,1210,55,51
1307,1629,55,51
1378,1629,55,51
1149,1196,55,51
1295,1629,55,51
1114,1157,55,51
1149,1196,55,51
1295,1629,55,51
1109,1469,55,51
1115,1210,55,51
1149,1196,55,51
1295,1629,55,51
1109,1469,55,51
1098,1671,55,51
1378,1629,55,51
1149,1196,55,51
1295,1629,55,51
1149,1260,55,51
1157,1629,55,51
1157,1295,55,51
1149,1196,55,51
1157,1629,55,51
1098,1671,55,51
1157,1295,55,51
1149,1196,55,51
1295,1629,55,51
1108,1115,55,51
1149,1196,55,51
1295,1629,55,51
1098,1671,55,51
1149,1196,55,51
1295,1629,55,51
1196,1460,55,51
1149,1460,55,51
1149,1196,55,51
1295,1629,55,51
1157,1205,55,51
1114,1295,55,51
1149,1196,55,51
1114,1629,55,51
1149,1260,55,51
1115,1210,55,51
1114,1658,55,51
1149,1196,55,51
1295,1629,55,51
1115,1210,55,51
1114,1658,55,51
1149,1196,55,51
1157,1205,55,51
1157,1784,55,51
1115,1210,55,51
1114,1658,55,51
1295,1629,55,51
1157,1205,55,51
1115,1210,55,51
1295,1629,55,51
1157,1205,55,51
1115,1210,55,51
1196,1460,55,51
1157,1205,55,51
1098,1671,55,51
1157,1784,55,51
1295,1629,55,51
1196,1460,55,51
1098,1671,55,51
1149,1629,55,51
1260,1460,55,51
1295,1629,55,51
1098,1671,55,51
1149,1629,55,51
1295,1629,55,51
1098,1671,55,51
1149,1196,55,51
1295,1629,55,51
1149,1295,55,51
1109,1469,55,51
1098,1671,55,51
1157,1784,55,51
1114,1629,55,51
1109,1469,55,51
1098,1671,55,51
1149,1629,55,51
1149,1196,55,51
1295,1629,55,51
1130,1260,55,51
1114,1149,55,51
1109,1190,55,51
1115,1210,55,51
1295,1629,55,51
1108,1205,55,51
1109,1469,55,51
1108,1114,55,51
1295,1629,55,51
1108,1205,55,51
1157,1784,55,51
1295,1629,55,51
1210,1547,55,51
1098,1671,55,51
1157,1784,55,51
1109,1190,55,51
1157,1784,55,51
1149,1196,55,51
1149,1196,55,51
1295,1629,55,51
1149,1196,55,51
1295,1629,55,51
1144,1149,55,51
1210,1629,55,51
1144,1149,55,51
1210,1629,55,51
1144,1210,55,51
1295,1629,55,51
1210,1629,55,51
1144,1629,55,51
1295,1629,55,51
1149,1190,55,51
1295,1629,55,51
1144,1152,55,51
1196,1658,55,51
1149,1196,55,51
1295,1629,55,51
1144,1152,55,51
1157,1210,55,51
1144,1152,55,51
1109,1190,55,51
1114,1144,55,51
1109,1205,55,51
1144,1152,55,51
1109,1190,55,51
1109,1210,55,51
1114,1152,55,51
1149,1196,55,51
1190,1210,55,51
1157,1260,55,51
1144,1152,55,51
1149,1196,55,51
1149,1416,55,51
1190,1210,55,51
1108,1157,55,51
1144,1152,55,51
1109,1190,55,51
1109,1210,55,51
1149,1196,55,51
1190,1210,55,51
1144,1260,55,51
1109,1210,55,51
1114,1152,55,51
1149,1196,55,51
1130,1144,55,51
1109,1210,55,51
1114,1152,55,51
1295,1629,55,51
1130,1144,55,51
1109,1210,55,51
1149,1196,55,51
1295,1629,55,51
1149,1196,55,51
1295,1629,55,51
1144,1260,55,51
1130,1144,55,51
1114,1152,55,51
1295,1629,55,51
1210,1365,55,51
1114,1152,55,51
1295,1629,55,51
1210,1365,55,51
1144,1205,55,51
1144,1152,55,51
1114,1144,55,51
1295,1629,55,51
1115,1260,55,51
1144,1205,55,51
1114,1629,55,51
1144,1152,55,51
1152,1205,55,51
1144,1152,55,51
1144,1149,55,51
1210,1365,55,51
1149,1152,55,51
1144,1152,55,51
1307,1629,55,51
1295,1378,55,51
1295,1629,55,51
1307,1629,55,51
1295,1629,55,51
1295,1307,55,51
1144,1152,55,51
1295,1629,55,51
1144,1152,55,51
1130,1547,55,51
1149,1196,55,51
1295,1629,55,51
1210,1365,55,51
1144,1152,55,51
1130,1547,55,51
1149,1196,55,51
1210,1365,55,51
1144,1152,55,51
1295,1629,55,51
1210,1365,55,51
1130,1547,55,51
1149,1196,55,51
1295,1629,55,51
1210,1365,55,51
1114,1658,55,51
1149,1196,55,51
1295,1629,55,51
1144,1152,55,51
1307,1629,55,51
1149,1196,55,51
1295,1629,55,51
1144,1152,55,51
1149,1196,55,51
1295,1629,55,51
1144,1152,55,51
1365,1401,55,51
1149,1196,55,51
1295,1629,55,51
1190,1210,55,51
1295,1307,55,51
1144,1152,55,51
1149,1196,55,51
1295,1629,55,51
1210,1365,55,51
1144,1152,55,51
1295,1629,55,51
1210,1365,55,51
1144,1152,55,51
1295,1629,55,51
1210,1365,55,51
1115,1205,55,51
1365,1401,55,51
1210,1365,55,51
1365,1401,55,51
1210,1365,55,51
1098,1671,55,51
1365,1401,55,51
1130,1547,55,51
1295,1629,55,51
1210,1365,55,51
1098,1671,55,51
1295,1629,55,51
1210,1365,55,51
1190,1365,55,51
1130,1547,55,51
1295,1629,55,51
1210,1365,55,51
1098,1671,55,51
1115,1210,55,51
1157,1373,55,51
1295,1629,55,51
1115,1157,55,51
1098,1671,55,51
1157,1373,55,51
1295,1629,55,51
1157,1373,55,51
1295,1629,55,51
1210,1365,55,51
1190,1365,55,51
1098,1671,55,51
1157,1373,55,51
1149,1196,55,51
1295,1629,55,51
1210,1365,55,51
1190,1365,55,51
1098,1671,55,51
1130,1547,55,51
1157,1373,55,51
1295,1629,55,51
1190,1365,55,51
1157,1373,55,51
1295,1629,55,51
1190,1210,55,51
1210,1365,55,51
1190,1365,55,51
1098,1671,55,51
1260,1469,55,51
1157,1373,55,51
1295,1629,55,51
1210,1365,55,51
1190,1365,55,51
1109,1144,55,51
1098,1671,55,51
1260,1469,55,51
1295,1629,55,51
1210,1365,55,51
1190,1365,55,51
1109,1144,55,51
1098,1671,55,51
1130,1547,55,51
1181,1671,55,51
1295,1629,55,51
1109,1144,55,51
1098,1671,55,51
1181,1671,55,51
1295,1629,55,51
1210,1365,55,51
1098,1658,55,51
1181,1658,55,51
1295,1629,55,51
1210,1365,55,51
1098,1109,55,51
1098,1658,55,51
1109,1658,55,51
1190,1365,55,51
1295,1629,55,51
1190,1365,55,51
1098,1671,55,51
1114,1144,55,51
1295,1629,55,51
1210,1365,55,51
1144,1157,55,51
1190,1365,55,51
1098,1671,55,51
1144,1658,55,51
1149,1196,56,52
1295,1629,56,52
1190,1210,56,52
1149,1196,56,52
1295,1629,56,52
1115,1260,56,52
1098,1144,56,52
1295,1307,56,52
1098,1181,56,52
1295,1629,56,52
1098,1144,56,52
1295,1307,56,52
1098,1671,56,52
1144,1671,56,52
1149,1196,56,52
1181,1671,56,52
1190,1210,56,52
1157,1260,56,52
1098,1144,56,52
1295,1307,56,52
1098,1671,56,52
1144,1671,56,52
1149,1196,56,52
1115,1260,56,52
1190,1210,56,52
1295,1307,56,52
1098,1671,56,52
1098,1115,56,52
1144,1629,56,52
1130,1547,56,52
1115,1210,56,52
1149,1196,56,52
1210,1260,56,52
1115,1260,56,52
1190,1210,56,52
1115,1190,56,52
1190,1365,56,52
1295,1307,56,52
1115,1157,56,52
1115,1365,56,52
1144,1629,56,52
1149,1196,56,52
1157,1260,56,52
1295,1307,56,52
1115,1365,56,52
1365,1401,56,52
1144,1629,56,52
1149,1196,56,52
1181,1671,56,52
1295,1629,56,52
1157,1260,56,52
1295,1307,56,52
1115,1365,56,52
1114,1260,56,52
1144,1629,56,52
1130,1547,56,52
1307,1629,56,52
1149,1196,56,52
1295,1629,56,52
1181,1210,56,52
1144,1660,56,52
1115,1365,56,52
1130,1547,56,52
1307,1629,56,52
1149,1196,56,52
1295,1629,56,52
1190,1210,56,52
1181,1210,56,52
1295,1307,56,52
1115,1365,56,52
1115,1210,56,52
1149,1196,56,52
1295,1307,56,52
1115,1365,56,52
1098,1671,56,52
1130,1547,56,52
1295,1629,56,52
1144,1260,56,52
1295,1307,56,52
1190,1671,56,52
1115,1365,56,52
1114,1144,56,52
1149,1196,56,52
1295,1629,56,52
1210,1365,56,52
1115,1365,56,52
1115,1210,56,52
1114,1144,56,52
1149,1196,56,52
1295,1629,56,52
1295,1307,56,52
1115,1365,56,52
1149,1196,56,52
1295,1629,56,52
1210,1260,56,52
1114,1671,56,52
1295,1307,56,52
1115,1365,56,52
1157,1660,56,52
1295,1629,56,52
1181,1210,56,52
1114,1210,56,52
1115,1365,56,52
1295,1629,56,52
1130,1295,56,52
1130,1629,56,52
1115,1365,56,52
1295,1629,56,52
1190,1210,56,52
1115,1365,56,52
1144,1295,56,52
1144,1629,56,52
1157,1660,56,52
1144,1210,56,52
1114,1295,56,52
1144,1190,56,52
1181,1671,56,52
1295,1629,56,52
1190,1210,56,52
1144,1660,56,52
1144,1157,56,52
1115,1365,56,52
1157,1660,56,52
1114,1295,56,52
1295,1629,56,52
1210,1365,56,52
1115,1365,56,52
1157,1660,56,52
1115,1210,56,52
1115,1401,56,52
1115,1365,56,52
1157,1660,56,52
1115,1210,56,52
1181,1671,56,52
1157,1660,56,52
1295,1629,56,52
1210,1365,56,52
1115,1210,56,52
1181,1671,56,52
1295,1629,56,52
1181,1671,56,52
1295,1629,56,52
1181,1671,56,52
1295,1629,56,52
1210,1365,56,52
1130,1144,56,52
1115,1210,56,52
1660,1784,56,52
1181,1671,56,52
1295,1629,56,52
1260,1660,56,52
1115,1365,56,52
1130,1144,56,52
1115,1210,56,52
1144,1196,56,52
1660,1784,56,52
1295,1629,56,52
1260,1660,56,52
1144,1295,56,52
1144,1629,56,52
1149,1629,56,52
1115,1210,56,52
1660,1784,56,52
1181,1671,56,52
1295,1629,56,52
1260,1660,56,52
1295,1658,56,52
1660,1784,56,52
1181,1671,56,52
1260,1660,56,52
1115,1547,56,52
1629,1658,56,52
1149,1196,56,52
1660,1784,56,52
1295,1629,56,52
1115,1547,56,52
1295,1658,56,52
1629,1658,56,52
1295,1629,56,52
1210,1365,56,52
1629,1658,56,52
1115,1210,56,52
1149,1190,56,52
1295,1629,56,52
1115,1547,56,52
1115,1210,56,52
1149,1196,56,52
1295,1629,56,52
1190,1196,56,52
1115,1547,56,52
1115,1210,56,52
1295,1629,56,52
1190,1196,56,52
1115,1547,56,52
1295,1658,56,52
1098,1671,56,52
1295,1629,56,52
1190,1205,56,52
1098,1671,56,52
1115,1210,56,52
1660,1784,56,52
1295,1629,56,52
1115,1702,56,52
1196,1210,56,52
1115,1210,56,52
1149,1196,56,52
1660,1784,56,52
1115,1702,56,52
1098,1671,56,52
1196,1210,56,52
1115,1210,56,52
1660,1784,56,52
1295,1629,56,52
1098,1671,56,52
1115,1210,56,52
1108,1210,56,52
1295,1629,56,52
1260,1660,56,52
1098,1671,56,52
1115,1210,56,52
1295,1629,56,52
1190,1210,56,52
1260,1660,56,52
1115,1190,56,52
1098,1671,56,52
1109,1769,56,52
1115,1210,56,52
1190,1210,56,52
1260,1660,56,52
1115,1190,56,52
1115,1210,56,52
1260,1784,56,52
1660,1784,56,52
1260,1660,56,52
1115,1190,56,52
1115,1210,56,52
1295,1629,56,52
1149,1260,56,52
1115,1702,56,52
1157,1260,56,52
1210,1702,56,52
1115,1210,56,52
1149,1196,56,52
1295,1629,56,52
1115,1702,56,52
1157,1260,56,52
1210,1702,56,52
1115,1210,56,52
1115,1702,56,52
1157,1260,56,52
1210,1702,56,52
1115,1702,56,52
1157,1260,56,52
1109,1769,56,52
1157,1660,56,52
1157,1260,56,52
1205,1210,56,52
1149,1196,56,52
1115,1702,56,52
1098,1671,56,52
1157,1660,56,52
1196,1210,56,52
1205,1210,56,52
1115,1702,56,52
1157,1260,56,52
1098,1671,56,52
1157,1660,56,52
1196,1210,56,52
1205,1210,56,52
1109,1210,56,52
1260,1660,56,52
1157,1260,56,52
1109,1196,56,52
1130,1660,56,52
1109,1769,56,52
1157,1660,56,52
1196,1210,56,52
1205,1210,56,52
1157,1260,56,52
1130,1660,56,52
1130,1660,56,52
1130,1157,56,52
1115,1210,56,52
1149,1196,56,52
1295,1629,56,52
1115,1702,56,52
1157,1260,56,52
1190,1701,56,52
1130,1660,56,52
1115,1210,56,52
1295,1629,56,52
1130,1660,56,52
1115,1210,56,52
1149,1196,56,52
1295,1629,56,52
1115,1702,56,52
1157,1260,56,52
1130,1660,56,52
1210,1702,56,52
1115,1210,56,52
1295,1629,56,52
1115,1702,56,52
1260,1660,56,52
1157,1260,56,52
1210,1702,56,52
1157,1660,56,52
1115,1210,56,52
1115,1702,56,52
1190,1701,56,52
1109,1769,56,52
1130,1157,56,52
1295,1629,56,52
1210,1702,56,52
1130,1157,56,52
1109,1190,56,52
1115,1210,56,52
1295,1629,56,52
1115,1702,56,52
1130,1157,56,52
1115,1210,56,52
1295,1629,56,52
1115,1702,56,52
1157,1260,56,52
1130,1157,56,52
1149,1196,56,52
1210,1702,56,52
1157,1660,56,52
1149,1196,56,52
1295,1629,56,52
1115,1702,56,52
1260,1660,56,52
1157,1660,56,52
1115,1210,56,52
1149,1196,56,52
1295,1629,56,52
1157,1260,56,52
1130,1157,56,52
1157,1660,56,52
1115,1210,56,52
1115,1702,56,52
1157,1260,56,52
1190,1784,56,52
1210,1702,56,52
1130,1157,56,52
1157,1660,56,52
1115,1210,56,52
1115,1702,56,52
1190,1205,56,52
1260,1660,56,52
1157,1260,56,52
1190,1784,56,52
1130,1660,56,52
1210,1702,56,52
1130,1157,56,52
1157,1660,56,52
1295,1629,56,52
1115,1702,56,52
1190,1205,56,52
1190,1784,56,52
1130,1660,56,52
1157,1660,56,52
1115,1702,56,52
1157,1660,56,52
1149,1196,56,52
1115,1702,56,52
1130,1660,56,52
1157,1660,56,52
1149,1196,56,52
1115,1702,56,52
1260,1660,56,52
1109,1658,56,52
1157,1660,56,52
1115,1702,56,52
1260,1660,56,52
1130,1660,56,52
1130,1157,56,52
1157,1660,56,52
1115,1702,56,52
1260,1660,56,52
1157,1260,56,52
1114,1629,56,52
1190,1784,56,52
1130,1660,56,52
1130,1157,56,52
1157,1660,56,52
1109,1210,56,52
1295,1629,56,52
1115,1702,56,52
1190,1205,56,52
1260,1660,56,52
1157,1260,56,52
1130,1260,56,52
1130,1157,56,52
1157,1660,56,52
1109,1210,56,52
1295,1629,56,52
1115,1702,56,52
1260,1660,56,52
1190,1784,56,52
1098,1671,56,52
1130,1157,56,52
1157,1660,56,52
1295,1629,56,52
1115,1702,56,52
1190,1205,56,52
1260,1660,56,52
1157,1260,56,52
1190,1784,56,52
1130,1157,56,52
1157,1660,56,52
1115,1210,56,52
1295,1629,56,52
1115,1702,56,52
1157,1260,56,52
1130,1260,56,52
1130,1660,56,52
1115,1210,56,52
1149,1196,56,52
1295,1629,56,52
1115,1702,56,52
1130,1660,56,52
1115,1210,56,52
1157,1352,56,52
1149,1196,56,52
1205,1784,56,52
1109,1629,56,52
1130,1660,56,52
1210,1702,56,52
1115,1210,56,52
1114,1196,56,52
1157,1352,56,52
1205,1784,56,52
1130,1660,56,52
1115,1210,56,52
1114,1196,56,52
1157,1352,56,52
1190,1205,56,52
1130,1660,56,52
1115,1210,56,52
1114,1196,56,52
1157,1352,56,52
1130,1660,56,52
1115,1210,56,52
1157,1352,56,52
1130,1660,56,52
1115,1210,56,52
1190,1784,56,52
1130,1660,56,52
1115,1210,56,52
1114,1196,56,52
1149,1196,56,52
1190,1205,56,52
1115,1210,56,52
1114,1196,56,52
1401,1660,56,52
1190,1205,56,52
1190,1784,56,52
1114,1149,56,52
1130,1660,56,52
1115,1210,56,52
1149,1196,56,52
1401,1660,56,52
1190,1205,56,52
1190,1784,56,52
1168,1260,56,52
1130,1660,56,52
1115,1210,56,52
1130,1401,56,52
1401,1660,56,52
1190,1205,56,52
1190,1784,56,52
1130,1660,56,52
1209,1629,56,52
1115,1210,56,52
1130,1401,56,52
1190,1784,56,52
1209,1629,56,52
1115,1210,56,52
1130,1401,56,52
1401,1660,56,52
1114,1629,56,52
1190,1784,56,52
1098,1671,56,52
1209,1629,56,52
1115,1210,56,52
1130,1401,56,52
1114,1629,56,52
1098,1671,56,52
1130,1660,56,52
1115,1210,56,52
1130,1401,56,52
1401,1660,56,52
1190,1205,56,52
1115,1210,56,52
1149,1196,56,52
1130,1401,56,52
1401,1660,56,52
1130,1660,56,52
1149,1196,56,52
1295,1629,56,52
1130,1401,56,52
1401,1660,56,52
1190,1209,56,52
1130,1660,56,52
1115,1416,56,52
1295,1629,56,52
1130,1401,56,52
1401,1660,56,52
1157,1209,56,52
1114,1629,56,52
1130,1660,56,52
1295,1629,56,52
1130,1401,56,52
1401,1660,56,52
1157,1209,56,52
1260,1660,56,52
1130,1660,56,52
1115,1210,56,52
1295,1629,56,52
1130,1401,56,52
1157,1209,56,52
1181,1190,56,52
1130,1660,56,52
1115,1210,56,52
1295,1629,56,52
1130,1401,56,52
1157,1209,56,52
1181,1209,56,52
1098,1671,56,52
1130,1660,56,52
1115,1210,56,52
1130,1401,56,52
1401,1660,56,52
1190,1205,56,52
1130,1260,56,52
1130,1660,56,52
1115,1210,56,52
1190,1196,56,52
1098,1181,56,52
1115,1210,56,52
1295,1629,56,52
1401,1660,56,52
1157,1181,56,52
1190,1205,56,52
1157,1671,56,52
1391,1671,56,52
1098,1181,56,52
1196,1209,56,52
1098,1157,56,52
1295,1629,56,52
1157,1181,56,52
1157,1671,56,52
1181,1391,56,52
1098,1671,56,52
1115,1210,56,52
1401,1660,56,52
1260,1401,56,52
1196,1205,56,52
1157,1181,56,52
1115,1190,56,52
1190,1671,56,52
1157,1190,56,52
1130,1660,56,52
1190,1391,56,52
1098,1190,56,52
1295,1629,56,52
1260,1401,56,52
1196,1205,56,52
1157,1181,56,52
1157,1671,56,52
1391,1671,56,52
1210,1702,56,52
1295,1629,56,52
1196,1205,56,52
1210,1629,56,52
1157,1181,56,52
1115,1295,56,52
1190,1205,56,52
1190,1196,56,52
1157,1671,56,52
1391,1671,56,52
1210,1702,56,52
1115,1210,56,52
1210,1295,56,52
1149,1196,56,52
1295,1629,56,52
1115,1702,56,52
1401,1660,56,52
1196,1205,56,52
1157,1181,56,52
1157,1671,56,52
1260,1295,56,52
1098,1671,56,52
1295,1660,56,52
1149,1210,56,52
1196,1210,56,52
1115,1196,56,52
1115,1149,56,52
1115,1210,56,52
1109,1210,56,52
1260,1629,56,52
1149,1196,56,52
1295,1629,56,52
1115,1702,56,52
1157,1671,56,52
1157,1391,56,52
1149,1210,56,52
1109,1149,56,52
1098,1157,56,52
1149,1629,56,52
1629,1660,56,52
1115,1149,56,52
1109,1210,56,52
1149,1196,56,52
1295,1629,56,52
1115,1702,56,52
1157,1181,56,52
1157,1671,56,52
1157,1391,56,52
1190,1784,56,52
1114,1149,56,52
1295,1660,56,52
1149,1210,56,52
1114,1260,56,52
1196,1210,56,52
1196,1295,56,52
1115,1210,56,52
1149,1196,56,52
1295,1629,56,52
1401,1660,56,52
1157,1181,56,52
1109,1196,56,52
1401,1629,56,52
1190,1784,56,52
1295,1660,56,52
1149,1210,56,52
1629,1660,56,52
1196,1210,56,52
1115,1196,56,52
1115,1149,56,52
1115,1210,56,52
1149,1196,56,52
1295,1629,56,52
1401,1660,56,52
1157,1181,56,52
1157,1391,56,52
1401,1629,56,52
1295,1660,56,52
1149,1210,56,52
1629,1660,56,52
1196,1210,56,52
1365,1629,56,52
1115,1196,56,52
1115,1149,56,52
1115,1210,56,52
1149,1196,56,52
1295,1629,56,52
1157,1181,56,52
1190,1205,56,52
1157,1671,56,52
1157,1391,56,52
1401,1629,56,52
1115,1209,56,52
1130,1209,56,52
1196,1209,56,52
1295,1660,56,52
1149,1210,56,52
1629,1660,56,52
1115,1149,56,52
1115,1210,56,52
1295,1629,56,52
1401,1660,56,52
1157,1181,56,52
1190,1205,56,52
1157,1391,56,52
1401,1629,56,52
1114,1210,56,52
1114,1149,56,52
1295,1660,56,52
1149,1210,56,52
1629,1660,56,52
1115,1149,56,52
1115,1210,56,52
1295,1629,56,52
1401,1660,56,52
1190,1205,56,52
1401,1629,56,52
1114,1210,56,52
1391,1671,56,52
1114,1149,56,52
1295,1660,56,52
1149,1210,56,52
1196,1210,56,52
1115,1196,56,52
1115,1149,56,52
1130,1210,56,52
1295,1629,56,52
1130,1196,56,52
1401,1660,56,52
1149,1365,56,52
1190,1205,56,52
1109,1196,56,52
1109,1115,56,52
1401,1629,56,52
1295,1660,56,52
1149,1210,56,52
1115,1130,56,52
1629,1660,56,52
1196,1210,56,52
1365,1629,56,52
1115,1210,56,52
1114,1365,56,52
1295,1629,56,52
1401,1660,56,52
1149,1365,56,52
1190,1205,56,52
1109,1196,56,52
1109,1115,56,52
1401,1629,56,52
1115,1157,56,52
1114,1149,56,52
1295,1660,56,52
1629,1660,56,52
1196,1210,56,52
1115,1196,56,52
1115,1210,56,52
1114,1365,56,52
1295,1629,56,52
1149,1365,56,52
1115,1190,56,52
1401,1629,56,52
1391,1671,56,52
1114,1149,56,52
1196,1210,56,52
1295,1401,56,52
1115,1196,56,52
1115,1210,56,52
1114,1365,56,52
1181,1671,56,52
1295,1629,56,52
1149,1365,56,52
1157,1629,56,52
1157,1260,56,52
1181,1391,56,52
1391,1671,56,52
1114,1149,56,52
1130,1190,56,52
1196,1210,56,52
1115,1196,56,52
1210,1295,56,52
1196,1260,56,52
1295,1629,56,52
1210,1260,56,52
1190,1210,56,52
1210,1629,56,52
1181,1391,56,52
1391,1671,56,52
1190,1260,56,52
1115,1365,56,52
1098,1671,56,52
1115,1196,56,52
1210,1295,56,52
1295,1629,56,52
1115,1260,56,52
1210,1629,56,52
1115,1629,56,52
1115,1190,56,52
1190,1365,56,52
1181,1391,56,52
1190,1260,56,52
1114,1149,56,52
1115,1365,56,52
1365,1629,56,52
1205,1295,56,52
1295,1629,56,52
1196,1365,56,52
1181,1391,56,52
1115,1365,56,52
1365,1629,56,52
1115,1196,56,52
1295,1629,56,52
1365,1658,56,52
1181,1391,56,52
1115,1365,56,52
1109,1149,56,52
1115,1196,56,52
1149,1196,56,52
1295,1629,56,52
1149,1365,56,52
1365,1658,56,52
1149,1205,56,52
1115,1365,56,52
1115,1196,56,52
1115,1149,56,52
1115,1210,56,52
1149,1196,56,52
1295,1629,56,52
1260,1658,56,52
1149,1365,56,52
1115,1205,56,52
1115,1365,56,52
1149,1210,56,52
1196,1210,56,52
1115,1149,56,52
1115,1210,56,52
1149,1378,56,52
1295,1629,56,52
1108,1295,56,52
1114,1149,56,52
1115,1378,56,52
1109,1149,56,52
1196,1210,56,52
1115,1196,56,52
1115,1149,56,52
1149,1190,56,52
1295,1629,56,52
1108,1295,56,52
1190,1205,56,52
1109,1115,56,52
1115,1365,56,52
1196,1378,56,52
1196,1210,56,52
1149,1260,56,52
1115,1210,56,52
1109,1210,56,52
1295,1629,56,52
1210,1365,56,52
1115,1365,56,52
1196,1210,56,52
1295,1629,56,52
1115,1365,56,52
1196,1210,56,52
1115,1196,56,52
1181,1671,56,52
1295,1629,56,52
1210,1260,56,52
1108,1629,56,52
1098,1181,56,52
1115,1365,56,52
1098,1671,56,52
1115,1196,56,52
1210,1295,56,52
1181,1671,56,52
1108,1629,56,52
1196,1365,56,52
1181,1391,56,52
1157,1205,56,52
1115,1365,56,52
1098,1671,56,52
1115,1378,56,52
1115,1196,56,52
1114,1401,56,52
1295,1629,56,52
1108,1629,56,52
1196,1365,56,52
1157,1205,56,52
1098,1671,56,52
1115,1378,56,52
1115,1196,56,52
1210,1295,56,52
1295,1629,56,52
1098,1671,56,52
1190,1295,56,52
1157,1260,56,52
1098,1181,56,52
1098,1671,56,52
1190,1295,56,52
1157,1260,56,52
1130,1629,56,52
1181,1391,56,52
1190,1295,56,52
1157,1260,56,52
1547,1658,56,52
1130,1629,56,52
1295,1629,56,52
1181,1391,56,52
1157,1260,56,52
1181,1391,56,52
1114,1295,56,52
1157,1260,56,52
1391,1671,56,52
1109,1190,56,52
1391,1671,56,52
1115,1365,56,52
1205,1295,56,52
1144,1365,56,52
1157,1260,56,52
1391,1671,56,52
1115,1365,56,52
1205,1295,56,52
1658,1784,56,52
1190,1365,56,52
1144,1210,56,52
1205,1295,56,52
1181,1671,56,52
1658,1784,56,52
1149,1157,56,52
1109,1190,56,52
1205,1295,56,52
1181,1671,56,52
1658,1784,56,52
1157,1260,56,52
1391,1671,56,52
1205,1295,56,52
1098,1391,56,52
1190,1210,56,52
1157,1260,56,52
1391,1671,56,52
1098,1671,56,52
1130,1144,56,52
1098,1391,56,52
1190,1210,56,52
1391,1671,56,52
1149,1210,56,52
1295,1383,56,52
1098,1391,56,52
1391,1671,56,52
1098,1671,56,52
1149,1210,56,52
1130,1144,56,52
1149,1190,56,52
1391,1671,56,52
1098,1181,56,52
1098,1671,56,52
1149,1210,56,52
1130,1144,56,52
1149,1190,56,52
1098,1391,56,52
1190,1210,56,52
1391,1671,56,52
1098,1671,56,52
1149,1210,56,52
1149,1190,56,52
1391,1671,56,52
1098,1671,56,52
1149,1210,56,52
1149,1190,56,52
1190,1210,56,52
1114,1210,56,52
1391,1671,56,52
1114,1149,56,52
1098,1671,56,52
1149,1210,56,52
1109,1295,56,52
1157,1701,56,52
1190,1295,56,52
1098,1391,56,52
1181,1671,56,52
1114,1210,56,52
1391,1671,56,52
1114,1149,56,52
1098,1671,56,52
1149,1210,56,52
1115,1196,56,52
1130,1144,56,52
1098,1391,56,52
1181,1391,56,52
1391,1671,56,52
1114,1149,56,52
1098,1671,56,52
1149,1210,56,52
1130,1144,56,52
1098,1391,56,52
1149,1416,56,52
1149,1295,56,52
1114,1210,56,52
1391,1671,56,52
1098,1181,56,52
1114,1149,56,52
1098,1671,56,52
1149,1210,56,52
1130,1144,56,52
1098,1391,56,52
1391,1671,56,52
1115,1365,56,52
1098,1671,56,52
1149,1210,56,52
1130,1144,56,52
1157,1701,56,52
1098,1391,56,52
1190,1196,56,52
1391,1671,56,52
1098,1671,56,52
1149,1210,56,52
1295,1383,56,52
1130,1144,56,52
1114,1295,56,52
1157,1701,56,52
1190,1295,56,52
1098,1391,56,52
1149,1196,56,52
1115,1295,56,52
1149,1295,56,52
1114,1115,56,52
1391,1671,56,52
1114,1149,56,52
1098,1671,56,52
1149,1210,56,52
1115,1149,56,52
1115,1210,56,52
1157,1701,56,52
1149,1196,56,52
1190,1210,56,52
1181,1391,56,52
1391,1671,56,52
1098,1671,56,52
1149,1210,56,52
1196,1210,56,52
1115,1196,56,52
1115,1149,56,52
1149,1378,56,52
1157,1701,56,52
1098,1391,56,52
1181,1671,56,52
1190,1210,56,52
1149,1365,56,52
1181,1391,56,52
1391,1671,56,52
1115,1196,56,52
1114,1196,56,52
1149,1378,56,52
1157,1701,56,52
1196,1307,56,52
1149,1365,56,52
1181,1391,56,52
1115,1378,56,52
1114,1307,56,52
1115,1149,56,52
1130,1144,56,52
1149,1378,56,52
1157,1701,56,52
1115,1307,56,52
1149,1196,56,52
1181,1671,56,52
1295,1629,56,52
1307,1378,56,52
1196,1307,56,52
1181,1391,56,52
1149,1307,56,52
1115,1378,56,52
1115,1196,56,52
1115,1149,56,52
1130,1144,56,52
1157,1701,56,52
1149,1196,56,52
1295,1629,56,52
1190,1210,56,52
1196,1307,56,52
1149,1307,56,52
1115,1196,56,52
1115,1149,56,52
1130,1144,56,52
1115,1307,56,52
1181,1671,56,52
1196,1307,56,52
1181,1391,56,52
1130,1144,56,52
1149,1378,56,52
1210,1295,56,52
1115,1307,56,52
1295,1629,56,52
1196,1307,56,52
1098,1671,56,52
1205,1210,56,52
1115,1307,56,52
1295,1629,56,52
1190,1210,56,52
1196,1307,56,52
1144,1660,56,52
1190,1205,56,52
1181,1391,56,52
1114,1115,56,52
1098,1671,56,52
1115,1196,56,52
1115,1307,56,52
1157,1196,56,52
1295,1629,56,52
1196,1307,56,52
1144,1660,56,52
1115,1157,56,52
1115,1196,56,52
1149,1378,56,52
1190,1295,56,52
1115,1307,56,52
1144,1190,56,52
1190,1629,56,52
1196,1307,56,52
1114,1115,56,52
1115,1157,56,52
1114,1157,56,52
1109,1114,56,52
1098,1671,56,52
1144,1295,56,52
1114,1260,56,52
1144,1629,56,52
1115,1196,56,52
1205,1210,56,52
1144,1190,56,52
1196,1307,56,52
1109,1115,56,52
1114,1307,56,52
1115,1196,56,52
1115,1307,56,52
1205,1295,56,52
1149,1365,56,52
1115,1196,56,52
1114,1196,56,52
1149,1365,56,52
1114,1115,56,52
1115,1196,56,52
1149,1365,56,52
1144,1660,56,52
1115,1157,56,52
1114,1307,56,52
1115,1196,56,52
1115,1210,56,52
1114,1196,56,52
1149,1378,56,52
1144,1660,56,52
1114,1629,56,52
1114,1295,56,52
1190,1210,56,52
1114,1629,56,52
1114,1196,56,52
1210,1295,56,52
1149,1196,56,52
1114,1149,56,52
1115,1196,56,52
1115,1149,56,52
1149,1196,56,52
1181,1671,56,52
1115,1149,56,52
1210,1629,56,52
1115,1144,56,52
1114,1115,56,52
1114,1149,56,52
1115,1149,56,52
1144,1196,56,52
1149,1190,56,52
1210,1629,56,52
1115,1144,56,52
1114,1149,56,52
1115,1149,56,52
1149,1190,56,52
1149,1196,56,52
1144,1149,56,52
1210,1629,56,52
1114,1115,56,52
1114,1149,56,52
1144,1629,56,52
1115,1149,56,52
1149,1190,56,52
1210,1629,56,52
1114,1115,56,52
1114,1149,56,52
1115,1149,56,52
1210,1629,56,52
1115,1190,56,52
1149,1295,56,52
1115,1149,56,52
1115,1210,56,52
1144,1196,56,52
1115,1190,56,52
1149,1210,56,52
1115,1149,56,52
1115,1210,56,52
1149,1190,56,52
1149,1196,56,52
1190,1210,56,52
1109,1391,56,52
1190,1196,56,52
1115,1190,56,52
1149,1205,56,52
1149,1210,56,52
1196,1210,56,52
1115,1149,56,52
1205,1210,56,52
1149,1190,56,52
1149,1196,56,52
1190,1210,56,52
1115,1629,56,52
1190,1196,56,52
1149,1205,56,52
1149,1210,56,52
1149,1629,56,52
1196,1210,56,52
1196,1629,56,52
1115,1149,56,52
1149,1671,56,52
1149,1196,56,52
1629,1671,56,52
1295,1671,56,52
1190,1205,56,52
1181,1295,56,52
1157,1260,56,52
1149,1295,56,52
1149,1181,56,52
1196,1295,56,52
1149,1671,56,52
1181,1671,56,52
1295,1629,56,52
1295,1671,56,52
1144,1660,56,52
1181,1295,56,52
1157,1260,56,52
1149,1295,56,52
1130,1149,56,52
1149,1629,56,52
1115,1196,56,52
1115,1149,56,52
1196,1295,56,52
1181,1671,56,52
1295,1629,56,52
1098,1671,56,52
1130,1157,56,52
1295,1401,56,52
1149,1196,56,52
1295,1629,56,52
1115,1205,56,52
1115,1190,56,52
1130,1260,56,52
1401,1629,56,52
1098,1181,56,52
1098,1671,56,52
1130,1190,56,52
1115,1660,56,52
1295,1401,56,52
1295,1629,56,52
1401,1629,56,52
1098,1181,56,52
1098,1671,56,52
1295,1629,56,52
1401,1629,56,52
1295,1401,56,52
1295,1629,56,52
1109,1701,56,52
1115,1190,56,52
1401,1629,56,52
1115,1149,56,52
1115,1210,56,52
1295,1629,56,52
1190,1210,56,52
1190,1196,56,52
1115,1190,56,52
1130,1157,56,52
1295,1401,56,52
1130,1205,56,52
1115,1196,56,52
1295,1629,56,52
1130,1196,56,52
1190,1210,56,52
1115,1210,56,52
1365,1660,56,52
1149,1196,56,52
1295,1629,56,52
1190,1210,56,52
1115,1210,56,52
1149,1196,56,52
1295,1629,56,52
1190,1210,56,52
1115,1190,56,52
1401,1629,56,52
1115,1210,56,52
1149,1196,56,52
1295,1629,56,52
1190,1210,56,52
1109,1701,56,52
1115,1210,56,52
1149,1196,56,52
1295,1629,56,52
1115,1210,56,52
1210,1658,56,52
1149,1196,56,52
1295,1629,56,52
1098,1181,56,52
1130,1149,56,52
1115,1210,56,52
1130,1196,56,52
1190,1210,56,52
1149,1260,56,52
1115,1210,56,52
1295,1629,56,52
1130,1196,56,52
1190,1210,56,52
1115,1210,56,52
1130,1196,56,52
1190,1210,56,52
1108,1295,56,52
1109,1149,56,52
1115,1210,56,52
1149,1196,56,52
1130,1196,56,52
1190,1210,56,52
1130,1149,56,52
1115,1210,56,52
1098,1181,56,52
1130,1149,56,52
1115,1210,56,52
1149,1196,56,52
1190,1210,56,52
1130,1149,56,52
1157,1660,56,52
1115,1210,56,52
1130,1196,56,52
1190,1210,56,52
1130,1149,56,52
1205,1629,56,52
1115,1210,56,52
1108,1149,56,52
1149,1196,56,52
1295,1629,56,52
1130,1196,56,52
1190,1210,56,52
1144,1157,56,52
1130,1149,56,52
1149,1702,56,52
1157,1660,56,52
1108,1702,56,52
1115,1210,56,52
1295,1629,56,52
1130,1196,56,52
1190,1210,56,52
1115,1190,56,52
1157,1660,56,52
1115,1210,56,52
1295,1629,56,52
1115,1190,56,52
1130,1149,56,52
1114,1702,56,52
1115,1210,56,52
1114,1196,56,52
1149,1196,56,52
1295,1629,56,52
1157,1629,56,52
1115,1190,56,52
1130,1149,56,52
1115,1210,56,52
1149,1196,56,52
1108,1114,56,52
1295,1629,56,52
1130,1196,56,52
1157,1629,56,52
1114,1157,56,52
1130,1149,56,52
1108,1702,56,52
1115,1210,56,52
1295,1629,56,52
1130,1196,56,52
1130,1149,56,52
1108,1702,56,52
1115,1210,56,52
1115,1190,56,52
1295,1660,56,52
1383,1629,56,52
1108,1702,56,52
1115,1210,56,52
1149,1196,56,52
1295,1629,56,52
1157,1260,56,52
1130,1149,56,52
1157,1702,56,52
1115,1210,56,52
1108,1260,56,52
1149,1196,56,52
1295,1629,56,52
1190,1210,56,52
1108,1629,56,52
1157,1629,56,52
1157,1260,56,52
1157,1295,56,52
1108,1702,56,52
1115,1210,56,52
1108,1260,56,52
1149,1196,56,52
1295,1629,56,52
1108,1629,56,52
1157,1629,56,52
1157,1260,56,52
1130,1149,56,52
1629,1702,56,52
1157,1295,56,52
1115,1210,56,52
1108,1260,56,52
1149,1196,56,52
1295,1629,56,52
1190,1210,56,52
1108,1629,56,52
1115,1190,56,52
1108,1702,56,52
1115,1210,56,52
1295,1629,56,52
1108,1629,56,52
1108,1295,56,52
1115,1190,56,52
1629,1702,56,52
1295,1702,56,52
1108,1702,56,52
1115,1210,56,52
1149,1196,56,52
1190,1210,56,52
1108,1629,56,52
1115,1190,56,52
1130,1149,56,52
1629,1702,56,52
1108,1702,56,52
1115,1210,56,52
1149,1196,56,52
1295,1629,56,52
1190,1210,56,52
1108,1629,56,52
1260,1660,56,52
1130,1149,56,52
1629,1702,56,52
1295,1702,56,52
1108,1702,56,52
1115,1210,56,52
1149,1196,56,52
1295,1629,56,52
1130,1196,56,52
1190,1210,56,52
1108,1629,56,52
1108,1295,56,52
1115,1190,56,52
1098,1671,56,52
1130,1149,56,52
1629,1702,56,52
1295,1702,56,52
1108,1702,56,52
1115,1210,56,52
1149,1196,56,52
1295,1629,56,52
1130,1196,56,52
1190,1210,56,52
1108,1629,56,52
1108,1295,56,52
1098,1671,56,52
1130,1149,56,52
1629,1702,56,52
1295,1702,56,52
1108,1702,56,52
1115,1210,56,52
1149,1196,56,52
1295,1629,56,52
1130,1196,56,52
1190,1210,56,52
1098,1671,56,52
1130,1149,56,52
1149,1196,56,52
1295,1629,56,52
1130,1196,56,52
1190,1210,56,52
1108,1629,56,52
1098,1671,56,52
1130,1149,56,52
1115,1210,56,52
1149,1196,56,52
1295,1629,56,52
1130,1196,56,52
1190,1210,56,52
1108,1629,56,52
1108,1295,56,52
1098,1671,56,52
1130,1149,56,52
1629,1702,56,52
1295,1702,56,52
1108,1702,56,52
1115,1210,56,52
1109,1210,56,52
1295,1629,56,52
1130,1196,56,52
1108,1629,56,52
1108,1295,56,52
1109,1115,56,52
1098,1671,56,52
1629,1702,56,52
1295,1702,56,52
1108,1702,56,52
1109,1210,56,52
1295,1629,56,52
1130,1196,56,52
1190,1210,56,52
1098,1671,56,52
1295,1702,56,52
1109,1210,56,52
1149,1196,56,52
1295,1629,56,52
1130,1196,56,52
1114,1115,56,52
1098,1671,56,52
1130,1149,56,52
1629,1702,56,52
1295,1702,56,52
1157,1378,56,52
1109,1210,56,52
1149,1196,56,52
1295,1629,56,52
1130,1196,56,52
1098,1671,56,52
1130,1149,56,52
1629,1702,56,52
1295,1702,56,52
1109,1210,56,52
1295,1629,56,52
1130,1196,56,52
1098,1671,56,52
1130,1149,56,52
1629,1702,56,52
1157,1378,56,52
1109,1210,56,52
1149,1196,56,52
1295,1629,56,52
1190,1210,56,52
1098,1671,56,52
1157,1378,56,52
1109,1210,56,52
1295,1629,56,52
1098,1671,56,52
1157,1378,56,52
1295,1629,56,52
1190,1210,56,52
1098,1671,56,52
1130,1149,56,52
1295,1660,56,52
1157,1378,56,52
1149,1196,56,52
1190,1210,56,52
1130,1149,56,52
1295,1660,56,52
1157,1378,56,52
1109,1210,56,52
1149,1196,56,52
1295,1629,56,52
1190,1210,56,52
1098,1671,56,52
1130,1149,56,52
1295,1660,56,52
1629,1660,56,52
1157,1378,56,52
1109,1210,56,52
1295,1629,56,52
1130,1149,56,52
1295,1660,56,52
1157,1378,56,52
1109,1210,56,52
1130,1196,56,52
1109,1115,56,52
1307,1660,56,52
1098,1671,56,52
1157,1378,56,52
1109,1210,56,52
1130,1196,56,52
1149,1205,56,52
1109,1115,56,52
1307,1660,56,52
1098,1671,56,52
1157,1378,56,52
1109,1210,56,52
1295,1629,56,52
1130,1196,56,52
1307,1660,56,52
1098,1671,56,52
1157,1378,56,52
1109,1210,56,52
1295,1629,56,52
1109,1115,56,52
1307,1660,56,52
1098,1671,56,52
1157,1378,56,52
1109,1210,56,52
1295,1629,56,52
1190,1210,56,52
1109,1115,56,52
1307,1660,56,52
1190,1210,56,52
1109,1115,56,52
1114,1149,56,52
1295,1629,56,52
1190,1210,56,52
1109,1115,56,52
1295,1629,56,52
1190,1210,56,52
1098,1671,56,52
1629,1702,56,52
1295,1629,56,52
1190,1210,56,52
1098,1671,56,52
1629,1702,56,52
1295,1702,56,52
1109,1210,56,52
1295,1629,56,52
1109,1115,56,52
1114,1149,56,52
1098,1671,56,52
1629,1702,56,52
1295,1702,56,52
1109,1210,56,52
1295,1629,56,52
1109,1115,56,52
1114,1149,56,52
1098,1671,56,52
1629,1702,56,52
1295,1702,56,52
1130,1157,56,52
1109,1210,56,52
1295,1629,56,52
1109,1115,56,52
1114,1149,56,52
1629,1702,56,52
1295,1702,56,52
1130,1157,56,52
1115,1210,56,52
1109,1210,56,52
1149,1391,56,52
1295,1629,56,52
1190,1210,56,52
1109,1115,56,52
1629,1702,56,52
1295,1702,56,52
1109,1190,56,52
1115,1210,56,52
1109,1210,56,52
1149,1391,56,52
1190,1210,56,52
1109,1115,56,52
1295,1702,56,52
1109,1210,56,52
1149,1391,56,52
1190,1210,56,52
1109,1115,56,52
1098,1671,56,52
1295,1702,56,52
1109,1190,56,52
1115,1210,56,52
1109,1210,56,52
1149,1391,56,52
1295,1629,56,52
1109,1115,56,52
1115,1210,56,52
1109,1210,56,52
1547,1629,56,52
1149,1391,56,52
1295,1629,56,52
1190,1210,56,52
1109,1115,56,52
1295,1547,56,52
1115,1210,56,52
1109,1210,56,52
1547,1629,56,52
1149,1391,56,52
1295,1629,56,52
1190,1210,56,52
1109,1115,56,52
1098,1671,56,52
1114,1260,56,52
1115,1210,56,52
1109,1210,56,52
1149,1391,56,52
1149,1196,56,52
1295,1629,56,52
1190,1210,56,52
1109,1115,56,52
1098,1671,56,52
1115,1210,56,52
1109,1210,56,52
1114,1295,56,52
1149,1391,56,52
1295,1629,56,52
1190,1210,56,52
1109,1115,56,52
1098,1671,56,52
1205,1658,56,52
1109,1190,56,52
1115,1210,56,52
1109,1210,56,52
1149,1391,56,52
1149,1196,56,52
1190,1210,56,52
1109,1115,56,52
1295,1547,56,52
1098,1671,56,52
1109,1190,56,52
1115,1210,56,52
1109,1210,56,52
1149,1196,56,52
1109,1115,56,52
1295,1547,56,52
1098,1671,56,52
1115,1210,56,52
1109,1210,56,52
1149,1391,56,52
1295,1629,56,52
1109,1115,56,52
1098,1671,56,52
1181,1629,56,52
1109,1210,56,52
1149,1391,56,52
1149,1196,56,52
1295,1629,56,52
1190,1210,56,52
1109,1115,56,52
1098,1671,56,52
1109,1210,56,52
1149,1391,56,52
1109,1115,56,52
1115,1210,56,52
1109,1210,56,52
1149,1391,56,52
1109,1115,56,52
1629,1658,56,52
1115,1210,56,52
1109,1210,56,52
1149,1391,56,52
1109,1115,56,52
1098,1671,56,52
1629,1658,56,52
1115,1210,56,52
1109,1210,56,52
1108,1149,56,52
1149,1391,56,52
1108,1391,56,52
1115,1190,56,52
1109,1115,56,52
1098,1671,56,52
1115,1210,56,52
1109,1210,56,52
1108,1391,56,52
1109,1115,56,52
1098,1671,56,52
1115,1210,56,52
1109,1210,56,52
1108,1391,56,52
1190,1210,56,52
1115,1190,56,52
1109,1115,56,52
1098,1671,56,52
1629,1702,56,52
1115,1210,56,52
1108,1391,56,52
1109,1115,56,52
1629,1702,56,52
1196,1629,56,52
1115,1210,56,52
1190,1295,56,52
1205,1295,56,52
1295,1629,56,52
1109,1115,56,52
1115,1210,56,52
1109,1115,56,52
1098,1671,56,52
1115,1210,56,52
1109,1210,56,52
1190,1205,56,52
1109,1115,56,52
1098,1671,56,52
1109,1115,56,52
1098,1671,56,52
1190,1205,56,52
1109,1115,56,52
1098,1671,56,52
1295,1702,56,52
1190,1205,56,52
1109,1115,56,52
1098,1671,56,52
1295,1702,56,52
1190,1205,56,52
1109,1115,56,52
1098,1671,56,52
1295,1702,56,52
1109,1115,56,52
1098,1671,56,52
1098,1671,56,52
1109,1210,56,52
1098,1671,56,52
1196,1295,56,52
1109,1115,56,52
1098,1671,56,52
1196,1295,56,52
1109,1115,56,52
1098,1671,56,52
1196,1295,56,52
1109,1210,56,52
1109,1115,56,52
1660,1702,56,52
1098,1671,56,52
1181,1205,56,52
1149,1196,56,52
1109,1115,56,52
1098,1671,56,52
1181,1205,56,52
1295,1378,56,52
1115,1190,56,52
1109,1115,56,52
1098,1671,56,52
1157,1629,56,52
1109,1115,56,52
1098,1671,56,52
1190,1210,56,52
1157,1629,56,52
1109,1115,56,52
1098,1671,56,52
1157,1295,56,52
1190,1210,56,52
1109,1115,56,52
1660,1702,56,52
1190,1210,56,52
1109,1115,56,52
1098,1671,56,52
1190,1210,56,52
1660,1702,56,52
1295,1307,56,52
1098,1671,56,52
1149,1196,56,52
1190,1210,56,52
1295,1307,56,52
1149,1196,56,52
1190,1210,56,52
1109,1115,56,52
1295,1307,56,52
1149,1196,56,52
1190,1210,56,52
1109,1115,56,52
1295,1307,56,52
1190,1210,56,52
1109,1115,56,52
1295,1307,56,52
1149,1196,56,52
1190,1210,56,52
1109,1115,56,52
1295,1307,56,52
1149,1196,56,52
1190,1210,56,52
1109,1115,56,52
1295,1307,56,52
1190,1210,56,52
1109,1115,56,52
1295,1307,56,52
1190,1210,56,52
1109,1115,56,52
1295,1307,56,52
1149,1196,56,52
1190,1210,56,52
1109,1115,56,52
1149,1196,56,52
1190,1210,56,52
1109,1115,56,52
1149,1196,56,52
1190,1210,56,52
1109,1115,56,52
1149,1196,56,52
1295,1629,56,52
1190,1210,56,52
1260,1660,56,52
1115,1190,56,52
1109,1115,56,52
1205,1295,56,52
1149,1196,56,52
1190,1210,56,52
1144,1157,56,52
1109,1115,56,52
1149,1196,56,52
1109,1115,56,52
1114,1196,57,53
1130,1295,57,53
1109,1115,57,53
1114,1149,57,53
1149,1196,57,53
1149,1196,57,53
1109,1115,57,53
1205,1295,57,53
1109,1115,57,53
1109,1115,57,53
1109,1115,57,53
1157,1660,57,53
1157,1660,57,53
1295,1629,57,53
1109,1115,57,53
1114,1130,57,53
1109,1115,57,53
1114,1130,57,53
1109,1210,57,53
1260,1660,57,53
1149,1205,57,53
1109,1210,57,53
1109,1210,57,53
1144,1205,57,53
1109,1115,57,53
1144,1260,57,53
1196,1205,57,53
1109,1115,57,53
1109,1115,57,53
1144,1196,57,53
1109,1115,57,53
1130,1295,57,53
1130,1295,57,53
1109,1115,57,53
1205,1295,57,53
1205,1295,57,53
1149,1196,57,53
1114,1130,57,53
1109,1210,57,53
1205,1295,57,53
1149,1196,57,53
1190,1210,57,53
1196,1629,57,53
1109,1115,57,53
1196,1629,57,53
1190,1210,57,53
1260,1660,57,53
1109,1115,57,53
1149,1629,57,53
1196,1629,57,53
1115,1210,57,53
1109,1210,57,53
1149,1196,57,53
1295,1629,57,53
1190,1210,57,53
1109,1115,57,53
1149,1295,57,53
1149,1629,57,53
1196,1295,57,53
1205,1295,57,53
1149,1196,57,53
1295,1629,57,53
1149,1629,57,53
1196,1629,57,53
1196,1295,57,53
1149,1196,57,53
1190,1210,57,53
1098,1671,57,53
1149,1629,57,53
1205,1629,57,53
1149,1196,57,53
1190,1210,57,53
1196,1205,57,53
1149,1205,57,53
1114,1130,57,53
1149,1629,57,53
1196,1629,57,53
1205,1629,57,53
1149,1196,57,53
1157,1196,57,53
1190,1210,57,53
1157,1629,57,53
1149,1205,57,53
1114,1130,57,53
1157,1205,57,53
1098,1671,57,53
1149,1629,57,53
1196,1629,57,53
1205,1629,57,53
1157,1196,57,53
1144,1149,57,53
1144,1205,57,53
1157,1629,57,53
1144,1157,57,53
1149,1205,57,53
1114,1130,57,53
1157,1205,57,53
1098,1671,57,53
1144,1629,57,53
1196,1629,57,53
1205,1629,57,53
1144,1149,57,53
1196,1205,57,53
1144,1205,57,53
1157,1629,57,53
1144,1157,57,53
1149,1205,57,53
1109,1115,57,53
1149,1157,57,53
1098,1671,57,53
1144,1629,57,53
1205,1629,57,53
1115,1210,57,53
1144,1149,57,53
1196,1205,57,53
1157,1629,57,53
1144,1157,57,53
1149,1157,57,53
1144,1629,57,53
1149,1629,57,53
1205,1629,57,53
1144,1196,57,53
1149,1196,57,53
1157,1629,57,53
1144,1157,57,53
1109,1115,57,53
1149,1157,57,53
1098,1671,57,53
1149,1629,57,53
1196,1629,57,53
1144,1196,57,53
1149,1196,57,53
1157,1196,57,53
1144,1149,57,53
1144,1157,57,53
1109,1115,57,53
1149,1157,57,53
1098,1671,57,53
1205,1629,57,53
1144,1196,57,53
1157,1196,57,53
1295,1629,57,53
1149,1205,57,53
1109,1115,57,53
1114,1130,57,53
1149,1295,57,53
1383,1660,57,53
1098,1671,57,53
1144,1629,57,53
1157,1295,57,53
1205,1629,57,53
1115,1210,57,53
1149,1196,57,53
1157,1196,57,53
1295,1629,57,53
1196,1205,57,53
1157,1629,57,53
1149,1205,57,53
1109,1115,57,53
1149,1295,57,53
1383,1660,57,53
1149,1157,57,53
1157,1295,57,53
1149,1629,57,53
1115,1210,57,53
1295,1629,57,53
1144,1157,57,53
1149,1205,57,53
1109,1115,57,53
1114,1130,57,53
1383,1660,57,53
1098,1671,57,53
1149,1196,57,53
1196,1205,57,53
1149,1205,57,53
1098,1671,57,53
1295,1702,57,53
1149,1196,57,53
1196,1205,57,53
1149,1205,57,53
1295,1702,57,53
1109,1190,57,53
1115,1210,57,53
1149,1196,57,53
1196,1205,57,53
1149,1205,57,53
1629,1658,57,53
1149,1196,57,53
1130,1295,57,53
1196,1205,57,53
1629,1658,57,53
1149,1196,57,53
1190,1210,57,53
1196,1205,57,53
1149,1205,57,53
1109,1115,57,53
1098,1671,57,53
1149,1196,57,53
1196,1205,57,53
1157,1629,57,53
1114,1130,57,53
1196,1205,57,53
1115,1295,57,53
1149,1205,57,53
1114,1130,57,53
1196,1205,57,53
1157,1629,57,53
1114,1130,57,53
1196,1295,57,53
1115,1260,57,53
1190,1210,57,53
1115,1702,57,53
1196,1205,57,53
1157,1629,57,53
1114,1130,57,53
1098,1671,57,53
1196,1295,57,53
1114,1130,57,53
1098,1671,57,53
1157,1660,57,53
1196,1295,57,53
1210,1295,57,53
1144,1260,57,53
1157,1260,57,53
1109,1115,57,53
1098,1671,57,53
1629,1702,57,53
1157,1295,57,53
1157,1660,57,53
1149,1629,57,53
1196,1295,57,53
1196,1205,57,53
1109,1115,57,53
1114,1130,57,53
1098,1671,57,53
1629,1702,57,53
1295,1702,57,53
1157,1295,57,53
1157,1702,57,53
1210,1295,57,53
1190,1295,57,53
1196,1205,57,53
1109,1115,57,53
1157,1190,57,53
1144,1629,57,53
1210,1295,57,53
1190,1295,57,53
1295,1629,57,53
1098,1671,57,53
1144,1295,57,53
1149,1210,57,53
1144,1629,57,53
1210,1295,57,53
1190,1295,57,53
1190,1629,57,53
1295,1629,57,53
1196,1205,57,53
1210,1629,57,53
1144,1702,57,53
1115,1658,57,53
1098,1671,57,53
1144,1295,57,53
1629,1702,57,53
1149,1210,57,53
1295,1702,57,53
1144,1629,57,53
1114,1144,57,53
1157,1210,57,53
1295,1629,57,53
1196,1205,57,53
1144,1295,57,53
1144,1629,57,53
1157,1295,57,53
1115,1210,57,53
1114,1416,57,53
1295,1629,57,53
1190,1210,57,53
1196,1205,57,53
1115,1190,57,53
1157,1295,57,53
1115,1210,57,53
1210,1658,57,53
1149,1196,57,53
1196,1205,57,53
1115,1658,57,53
1115,1210,57,53
1149,1196,57,53
1295,1629,57,53
1190,1210,57,53
1196,1205,57,53
1115,1190,57,53
1149,1205,57,53
1115,1658,57,53
1098,1671,57,53
1115,1210,57,53
1295,1629,57,53
1196,1205,57,53
1149,1205,57,53
1115,1658,57,53
1149,1702,57,53
1115,1210,57,53
1295,1629,57,53
1196,1205,57,53
1115,1190,57,53
1115,1658,57,53
1098,1671,57,53
1149,1629,57,53
1115,1210,57,53
1295,1629,57,53
1190,1210,57,53
1196,1205,57,53
1109,1190,57,53
1109,1210,57,53
1190,1210,57,53
1157,1295,57,53
1149,1702,57,53
1149,1629,57,53
1115,1547,57,53
1157,1295,57,53
1149,1702,57,53
1157,1295,57,53
1149,1629,57,53
1190,1658,57,53
1190,1210,57,53
1115,1547,57,53
1157,1295,57,53
1658,1702,57,53
1109,1210,57,53
1115,1190,57,53
1115,1658,57,53
1157,1295,57,53
1190,1658,57,53
1109,1190,57,53
1115,1210,57,53
1210,1658,57,53
1190,1210,57,53
1109,1115,57,53
1157,1295,57,53
1109,1210,57,53
1190,1210,57,53
1098,1671,57,53
1295,1629,57,53
1190,1658,57,53
1295,1629,57,53
1190,1547,57,53
1098,1671,57,53
1190,1658,57,53
1115,1383,57,53
1149,1196,57,53
1295,1629,57,53
1190,1547,57,53
1190,1658,57,53
1115,1383,57,53
1149,1196,57,53
1149,1629,57,53
1115,1383,57,53
1149,1196,57,53
1114,1210,57,53
1098,1671,57,53
1149,1196,57,53
1190,1547,57,53
1114,1210,57,53
1098,1157,57,53
1115,1383,57,53
1149,1196,57,53
1190,1547,57,53
1210,1702,57,53
1196,1629,57,53
1629,1658,57,53
1109,1181,57,53
1148,1260,57,53
1210,1702,57,53
1115,1383,57,53
1245,1295,57,53
1148,1260,57,53
1109,1181,57,53
1115,1383,57,53
1190,1629,57,53
1144,1660,57,53
1148,1260,57,53
1190,1210,57,53
1149,1210,57,53
1629,1658,57,53
1115,1383,57,53
1149,1196,57,53
1190,1629,57,53
1190,1210,57,53
1210,1629,57,53
1149,1629,57,53
1149,1658,57,53
1205,1629,57,53
1157,1210,57,53
1115,1629,57,53
1149,1157,57,53
1149,1210,57,53
1115,1383,57,53
1190,1205,57,53
1149,1196,57,53
1190,1205,57,53
1181,1205,57,53
1115,1383,57,53
1149,1196,57,53
1190,1205,57,53
1205,1769,57,53
1115,1383,57,53
1149,1196,57,53
1190,1210,57,53
1190,1205,57,53
1181,1190,57,53
1149,1660,57,53
1629,1660,57,53
1115,1383,57,53
1190,1210,57,53
1181,1210,57,53
1629,1660,57,53
1190,1629,57,53
1115,1629,57,53
1181,1658,57,53
1210,1701,57,53
1629,1660,57,53
1115,1629,57,53
1383,1629,57,53
1115,1660,57,53
1115,1383,57,53
1149,1196,57,53
1115,1629,57,53
1383,1629,57,53
1629,1660,57,53
1115,1383,57,53
1115,1383,57,53
1149,1196,57,53
1210,1701,57,53
1149,1196,57,53
1245,1295,57,53
1190,1205,57,53
1190,1210,57,53
1210,1658,57,53
1149,1196,57,53
1190,1210,57,53
1115,1629,57,53
1109,1190,57,53
1190,1210,57,53
1098,1295,57,53
1260,1660,57,53
1148,1260,57,53
1109,1190,57,53
1210,1658,57,53
1115,1383,57,53
1190,1210,57,53
1098,1295,57,53
1260,1660,57,53
1148,1260,57,53
1109,1210,57,53
1295,1629,57,53
1190,1210,57,53
1260,1660,57,53
1098,1629,57,53
1148,1260,57,53
1144,1295,57,53
1114,1295,57,53
1149,1196,57,53
1295,1629,57,53
1144,1260,57,53
1109,1658,57,53
1114,1629,57,53
1469,1658,57,53
1149,1629,57,53
1295,1629,57,53
1190,1210,57,53
1115,1629,57,53
1149,1295,57,53
1114,1149,57,53
1469,1658,57,53
1295,1629,57,53
1190,1210,57,53
1115,1295,57,53
1115,1196,57,53
1295,1629,57,53
1190,1210,57,53
1210,1365,57,53
1115,1629,57,53
1148,1260,57,53
1109,1469,57,53
1149,1181,57,53
1210,1365,57,53
1144,1660,57,53
1115,1629,57,53
1109,1469,57,53
1378,1658,57,53
1149,1196,57,53
1210,1365,57,53
1144,1660,57,53
1115,1629,57,53
1190,1378,57,53
1109,1469,57,53
1190,1658,57,53
1378,1658,57,53
1115,1383,57,53
1190,1210,57,53
1210,1365,57,53
1115,1629,57,53
1190,1365,57,53
1149,1629,57,53
1196,1629,57,53
1295,1629,57,53
1190,1210,57,53
1210,1365,57,53
1190,1365,57,53
1130,1629,57,53
1130,1149,57,53
1196,1629,57,53
1373,1769,57,53
1295,1629,57,53
1210,1365,57,53
1115,1629,57,53
1190,1378,57,53
1115,1295,57,53
1260,1660,57,53
1190,1365,57,53
1196,1629,57,53
1196,1295,57,53
1295,1629,57,53
1210,1365,57,53
1115,1629,57,53
1115,1295,57,53
1114,1149,57,53
1114,1260,57,53
1196,1629,57,53
1115,1196,57,53
1196,1295,57,53
1130,1144,57,53
1295,1629,57,53
1210,1365,57,53
1115,1629,57,53
1115,1295,57,53
1130,1260,57,53
1115,1196,57,53
1196,1295,57,53
1130,1144,57,53
1149,1190,57,53
1157,1196,57,53
1295,1629,57,53
1210,1365,57,53
1157,1629,57,53
1109,1658,57,53
1157,1295,57,53
1149,1190,57,53
1115,1383,57,53
1149,1196,57,53
1295,1629,57,53
1144,1260,57,53
1210,1365,57,53
1149,1190,57,53
1115,1383,57,53
1149,1196,57,53
1295,1629,57,53
1210,1365,57,53
1109,1149,57,53
1149,1190,57,53
1205,1295,57,53
1149,1196,57,53
1295,1629,57,53
1210,1365,57,53
1190,1196,57,53
1109,1658,57,53
1109,1149,57,53
1205,1629,57,53
1149,1196,57,53
1210,1365,57,53
1157,1629,57,53
1109,1658,57,53
1109,1149,57,53
1149,1190,57,53
1190,1295,57,53
1210,1365,57,53
1157,1629,57,53
1190,1196,57,53
1109,1658,57,53
1149,1295,57,53
1109,1149,57,53
1149,1658,57,53
1109,1295,57,53
1196,1295,57,53
1149,1196,57,53
1210,1365,57,53
1157,1629,57,53
1149,1658,57,53
1115,1196,57,53
1115,1149,57,53
1115,1210,57,53
1149,1196,57,53
1190,1210,57,53
1157,1629,57,53
1205,1352,57,53
1196,1210,57,53
1115,1196,57,53
1115,1149,57,53
1115,1210,57,53
1149,1196,57,53
1190,1210,57,53
1157,1629,57,53
1205,1352,57,53
1196,1210,57,53
1295,1629,57,53
1205,1352,57,53
1115,1190,57,53
1114,1190,57,53
1149,1210,57,53
1157,1295,57,53
1109,1210,57,53
1295,1629,57,53
1157,1629,57,53
1205,1352,57,53
1157,1295,57,53
1115,1196,57,53
1109,1190,57,53
1109,1210,57,53
1149,1196,57,53
1295,1629,57,53
1114,1168,57,53
1205,1352,57,53
1190,1658,57,53
1109,1210,57,53
1295,1629,57,53
1109,1210,57,53
1114,1295,57,53
1295,1629,57,53
1115,1190,57,53
1295,1629,57,53
1144,1469,57,53
1114,1629,57,53
1115,1181,57,53
1149,1658,57,53
1109,1190,57,53
1149,1190,57,53
1114,1629,57,53
1115,1181,57,53
1109,1190,57,53
1114,1295,57,53
1157,1660,57,53
1114,1295,57,53
1401,1629,57,53
1114,1295,57,53
1190,1210,57,53
1401,1629,57,53
1109,1149,57,53
1157,1702,57,53
1114,1295,57,53
1190,1210,57,53
1401,1629,57,53
1109,1149,57,53
1157,1702,57,53
1114,1295,57,53
1401,1629,57,53
1157,1702,57,53
1109,1210,57,53
1190,1210,57,53
1157,1702,57,53
1114,1295,57,53
1190,1210,57,53
1115,1181,57,53
1157,1702,57,53
1109,1190,57,53
1114,1295,57,53
1210,1658,57,53
1115,1181,57,53
1190,1658,57,53
1157,1702,57,53
1109,1190,57,53
1114,1295,57,53
1149,1210,57,53
1114,1295,57,53
1130,1629,57,53
1149,1658,57,53
1114,1295,57,53
1098,1149,57,53
1157,1629,57,53
1130,1629,57,53
1114,1295,57,53
1157,1629,57,53
1115,1181,57,53
1149,1260,57,53
1114,1658,57,53
1114,1295,57,53
1157,1629,57,53
1149,1295,57,53
1205,1469,57,53
1130,1149,57,53
1115,1181,57,53
1109,1210,57,53
1098,1660,57,53
1157,1629,57,53
1149,1295,57,53
1295,1658,57,53
1114,1149,57,53
1114,1295,57,53
1157,1629,57,53
1130,1260,57,53
1629,1702,57,53
1210,1660,57,53
1149,1190,57,53
1114,1295,57,53
1130,1210,57,53
1157,1629,57,53
1130,1260,57,53
1149,1660,57,53
1130,1149,57,53
1629,1702,57,53
1149,1210,57,53
1149,1260,57,53
1149,1190,57,53
1149,1660,57,53
1629,1702,57,53
1130,1190,57,53
1114,1295,57,53
1157,1210,57,53
1190,1210,57,53
1629,1702,57,53
1157,1190,57,53
1114,1295,57,53
1190,1210,57,53
1629,1702,57,53
1115,1181,57,53
1149,1190,57,53
1190,1210,57,53
1629,1702,57,53
1149,1210,57,53
1109,1149,57,53
1157,1629,57,53
1205,1469,57,53
1149,1210,57,53
1109,1149,57,53
1109,1210,57,53
1149,1190,57,53
1190,1210,57,53
1115,1190,57,53
1205,1469,57,53
1149,1210,57,53
1109,1149,57,53
1114,1295,57,53
1181,1210,57,53
1115,1190,57,53
1205,1469,57,53
1149,1210,57,53
1114,1295,57,53
1157,1629,57,53
1205,1469,57,53
1149,1210,57,53
1109,1149,57,53
1109,1190,57,53
1114,1295,57,53
1157,1352,57,53
1205,1469,57,53
1098,1260,57,53
1149,1210,57,53
1109,1149,57,53
1098,1148,57,53
1115,1210,57,53
1149,1190,57,53
1114,1295,57,53
1115,1190,57,53
1149,1210,57,53
1115,1149,57,53
1115,1210,57,53
1114,1295,57,53
1098,1660,57,53
1115,1190,57,53
1205,1469,57,53
1149,1210,57,53
1115,1149,57,53
1109,1190,57,53
1115,1210,57,53
1149,1190,57,53
1114,1295,57,53
1190,1210,57,53
1115,1190,57,53
1205,1469,57,53
1149,1210,57,53
1149,1190,57,53
1114,1295,57,53
1307,1629,57,53
1190,1210,57,53
1181,1658,57,53
1149,1210,57,53
1149,1190,57,53
1114,1295,57,53
1307,1629,57,53
1190,1210,57,53
1149,1210,57,53
1190,1658,57,53
1149,1190,57,53
1114,1295,57,53
1149,1210,57,53
1115,1149,57,53
1149,1190,57,53
1114,1295,57,53
1149,1210,57,53
1109,1149,57,53
1181,1629,57,53
1115,1210,57,53
1149,1190,57,53
1114,1295,57,53
1098,1660,57,53
1115,1190,57,53
1149,1210,57,53
1109,1149,57,53
1115,1149,57,53
1114,1295,57,53
1149,1210,57,53
1109,1149,57,53
1149,1658,57,53
1115,1149,57,53
1115,1210,57,53
1098,1660,57,53
1181,1205,57,53
1149,1658,57,53
1098,1148,57,53
1115,1210,57,53
1098,1660,57,53
1109,1115,57,53
1115,1210,57,53
1098,1149,57,53
1115,1190,57,53
1098,1148,57,53
1115,1210,57,53
1114,1295,57,53
1098,1660,57,53
1109,1115,57,53
1098,1157,57,53
1114,1295,57,53
1098,1660,57,53
1157,1205,57,53
1115,1210,57,53
1114,1295,57,53
1157,1205,57,53
1115,1210,57,53
1114,1295,57,53
1098,1660,57,53
1115,1190,57,53
1181,1629,57,53
1115,1210,57,53
1114,1295,57,53
1115,1210,57,53
1114,1295,57,53
1115,1210,57,53
1109,1210,57,53
1114,1295,57,53
1109,1115,57,53
1157,1205,57,53
1157,1660,57,53
1114,1295,57,53
1210,1658,57,53
1205,1352,57,53
1115,1190,57,53
1098,1157,57,53
1157,1660,57,53
1109,1190,57,53
1114,1295,57,53
1547,1629,57,53
1114,1295,57,53
1190,1210,57,53
1114,1295,57,53
1190,1210,57,53
1114,1295,57,53
1114,1295,57,53
1181,1352,57,53
1098,1629,57,53
1148,1149,57,53
1114,1295,57,53
1205,1352,57,53
1114,1295,57,53
1181,1352,57,53
1109,1115,57,53
1098,1629,57,53
1114,1295,57,53
1181,1352,57,53
1109,1115,57,53
1098,1629,57,53
1114,1295,57,53
1181,1352,57,53
1205,1352,57,53
1098,1629,57,53
1181,1205,57,53
1114,1295,57,53
1109,1115,57,53
1098,1629,57,53
1148,1260,57,53
1181,1205,57,53
1114,1295,57,53
1098,1149,57,53
1181,1352,57,53
1205,1352,57,53
1109,1115,57,53
1149,1629,57,53
1260,1469,57,53
1114,1295,57,53
1181,1352,57,53
1109,1115,57,53
1181,1205,57,53
1114,1295,57,53
1149,1295,57,53
1114,1149,57,53
1181,1205,57,53
1114,1295,57,53
1098,1629,57,53
1181,1205,57,53
1114,1295,57,53
1205,1352,57,53
1098,1629,57,53
1181,1205,57,53
1109,1115,57,53
1098,1629,57,53
1181,1205,57,53
1115,1149,57,53
1144,1148,57,53
1205,1352,57,53
1098,1365,57,53
1098,1378,57,53
1109,1115,57,53
1109,1149,57,53
1115,1149,57,53
1260,1469,57,53
1144,1148,57,53
1098,1365,57,53
1115,1149,57,53
1144,1148,57,53
1378,1629,57,53
1098,1365,57,53
1098,1629,57,53
1378,1629,57,53
1109,1115,57,53
1378,1629,57,53
1109,1115,57,53
1365,1629,57,53
1109,1115,57,53
1181,1205,57,53
1365,1629,57,53
1109,1115,57,53
1365,1629,57,53
1149,1232,57,53
1109,1115,57,53
1149,1232,57,53
1109,1115,57,53
1114,1295,57,53
1109,1115,57,53
1205,1629,57,53
1114,1295,57,53
1149,1232,57,53
1109,1115,57,53
1114,1295,57,53
1109,1115,57,53
1181,1629,57,53
1205,1629,57,53
1114,1295,57,53
1098,1232,57,53
1109,1115,57,53
1205,1629,57,53
1205,1629,57,53
1205,1629,57,53
1098,1232,57,53
1157,1629,57,53
1114,1295,57,53
1144,1157,57,53
1109,1115,57,53
1115,1232,57,53
1109,1232,57,53
1144,1157,57,53
1109,1115,57,53
1205,1629,57,53
1114,1295,57,53
1469,1660,57,53
1109,1115,57,53
1144,1629,57,53
1205,1629,57,53
1098,1205,57,53
1098,1109,57,53
1144,1157,57,53
1109,1205,57,53
1098,1115,57,53
1142,1232,57,53
1114,1295,57,53
1144,1260,57,53
1098,1109,57,53
1144,1157,57,53
1157,1260,57,53
1109,1205,57,53
1469,1660,57,53
1098,1115,57,53
1181,1629,57,53
1114,1295,57,53
1144,1260,57,53
1144,1157,57,53
1157,1260,57,53
1181,1205,57,53
1114,1295,57,53
1157,1260,57,53
1114,1295,57,53
1115,1629,57,53
1109,1629,57,53
1144,1157,57,53
1157,1260,57,53
1181,1205,57,53
1114,1295,57,53
1098,1232,57,53
1115,1629,57,53
1109,1629,57,53
1157,1260,57,53
1469,1660,57,53
1232,1629,57,53
1098,1629,57,53
1181,1205,57,53
1114,1295,57,53
1109,1232,57,53
1109,1629,57,53
1144,1157,57,53
1157,1260,57,53
1181,1205,57,53
1144,1260,57,53
1144,1157,57,53
1157,1260,57,53
1295,1629,57,53
1144,1260,57,53
1144,1157,57,53
1157,1260,57,53
1098,1115,57,53
1205,1295,57,53
1295,1629,57,53
1144,1157,57,53
1157,1260,57,53
1469,1660,57,53
1098,1115,57,53
1181,1205,57,53
1205,1295,57,53
1295,1629,57,53
1114,1168,57,53
1181,1295,57,53
1144,1157,57,53
1157,1260,57,53
1469,1660,57,53
1098,1115,57,53
1114,1295,57,53
1295,1629,57,53
1144,1157,57,53
1148,1660,57,53
1098,1115,57,53
1114,1295,57,53
1295,1629,57,53
1098,1115,57,53
1114,1295,57,53
1295,1629,57,53
1144,1157,57,53
1098,1115,57,53
1295,1629,57,53
1144,1157,57,53
1098,1115,57,53
1295,1629,57,53
1144,1660,57,53
1144,1157,57,53
1098,1115,57,53
1181,1205,57,53
1114,1295,57,53
1295,1629,57,53
1144,1157,57,53
1098,1115,57,53
1181,1205,57,53
1535,1629,57,53
1098,1295,57,53
1098,1115,57,53
1098,1295,57,53
1098,1115,57,53
1115,1295,57,53
1115,1142,57,53
1098,1115,57,53
1295,1629,57,53
1098,1115,57,53
1157,1660,57,53
1181,1629,57,53
1295,1629,57,53
1098,1115,57,53
1295,1629,57,53
1098,1115,57,53
1295,1629,57,53
1109,1232,57,53
1115,1232,57,53
1098,1115,57,53
1157,1660,57,53
1295,1383,57,53
1295,1629,57,53
1109,1232,57,53
1098,1115,57,53
1295,1629,57,53
1098,1115,57,53
1383,1629,57,53
1157,1660,57,53
1295,1629,57,53
1098,1115,57,53
1383,1629,57,53
1295,1629,57,53
1098,1115,57,53
1383,1629,57,53
1295,1629,57,53
1109,1115,57,53
1098,1115,57,53
1383,1629,57,53
1295,1383,57,53
1295,1629,57,53
1109,1115,57,53
1098,1115,57,53
1295,1629,57,53
1114,1260,57,53
1295,1629,57,53
1295,1629,57,53
1109,1115,57,53
1098,1115,57,53
1383,1629,57,53
1295,1629,57,53
1109,1115,57,53
1109,1142,57,53
1295,1629,57,53
1098,1115,57,53
1181,1205,57,53
1295,1629,57,53
1232,1401,57,53
1114,1181,57,53
1295,1629,57,53
1109,1115,57,53
1232,1401,57,53
1098,1115,57,53
1383,1629,57,53
1295,1383,57,53
1295,1629,57,53
1109,1115,57,53
1383,1629,57,53
1295,1629,57,53
1383,1629,57,53
1295,1629,57,53
1295,1629,57,53
1383,1629,57,53
1232,1769,57,53
1295,1629,57,53
1114,1205,57,53
1383,1629,57,53
1295,1383,57,53
1232,1769,57,53
1295,1629,57,53
1383,1629,57,53
1295,1383,57,53
1295,1629,57,53
1383,1629,57,53
1295,1383,57,53
1232,1769,57,53
1295,1629,57,53
1295,1383,57,53
1295,1629,57,53
1295,1383,57,53
1295,1629,57,53
1295,1629,57,53
1098,1109,57,53
1098,1142,57,53
1098,1115,57,53
1295,1629,57,53
1295,1629,57,53
1109,1115,57,53
1109,1142,57,53
1383,1629,57,53
1295,1383,57,53
1295,1629,57,53
1383,1629,57,53
1295,1629,57,53
1295,1629,57,53
1144,1148,57,53
1295,1629,57,53
1295,1629,57,53
1295,1629,57,53
1295,1629,57,53
1295,1629,57,53
1295,1629,57,53
1295,1629,57,53
1260,1469,57,53
1098,1109,57,53
1260,1469,57,53
1098,1109,57,53
1295,1383,57,53
1295,1629,57,53
1383,1629,57,53
1295,1383,57,53
1295,1383,57,53
1295,1383,57,53
1295,1629,57,53
1295,1383,57,53
1295,1629,57,53
1295,1629,57,53
1383,1629,57,53
1232,1295,57,53
1383,1629,57,53
1295,1629,57,53
