source,target,time_stamps/seconds,time_window
26,66,0,0
26,66,0,0
24,25,0,0
100,37,0,0
37,57,0,0
26,57,0,0
26,66,0,0
100,66,0,0
66,57,0,0
37,57,0,0
100,66,0,0
66,37,0,0
66,57,0,0
24,47,0,0
24,25,0,0
100,66,0,0
66,37,0,0
24,25,0,0
66,33,0,0
26,66,0,0
100,66,0,0
66,33,0,0
100,66,0,0
24,25,0,0
100,66,0,0
24,25,0,0
25,57,0,0
24,57,0,0
100,66,0,0
24,25,0,0
25,57,0,0
24,25,0,0
66,33,0,0
100,33,0,0
66,37,0,0
37,33,0,0
100,33,0,0
100,66,0,0
37,33,0,0
100,33,0,0
100,66,0,0
37,33,0,0
100,37,0,0
66,33,0,0
100,33,0,0
100,66,0,0
66,37,0,0
37,33,0,0
66,37,0,0
100,66,0,0
66,37,0,0
44,47,0,0
26,66,0,0
100,66,0,0
66,37,0,0
100,37,0,0
26,66,0,0
100,66,0,0
66,37,0,0
26,37,0,0
100,37,0,0
35,47,0,0
100,66,0,0
66,37,0,0
100,37,0,0
106,45,0,0
94,30,0,0
100,66,0,0
66,37,0,0
106,45,0,0
106,66,0,0
100,66,0,0
66,37,0,0
21,84,0,0
57,4,0,0
66,45,0,0
106,66,0,0
106,100,0,0
100,66,0,0
66,37,0,0
106,45,0,0
66,33,0,0
106,37,0,0
100,45,0,0
106,66,0,0
113,119,0,0
106,100,0,0
100,66,0,0
106,45,0,0
66,45,0,0
94,109,0,0
41,10,0,0
100,45,0,0
26,33,0,0
106,100,0,0
28,100,0,0
100,66,0,0
37,33,0,0
26,37,0,0
13,47,0,0
106,45,0,0
86,89,0,0
90,44,0,0
94,109,0,0
41,10,0,0
100,45,0,0
106,66,0,0
28,45,0,0
106,100,0,0
28,100,0,0
100,66,0,0
37,33,0,0
13,47,0,0
106,45,0,0
86,89,0,0
90,44,0,0
66,33,0,0
41,10,0,0
100,45,0,0
106,66,0,0
28,45,0,0
26,33,0,0
106,100,0,0
28,100,0,0
80,13,0,0
100,66,0,0
26,37,0,0
66,33,0,0
66,45,0,0
94,109,0,0
30,44,0,0
28,66,0,0
41,10,0,0
106,66,0,0
26,33,0,0
106,100,0,0
28,100,0,0
100,66,0,0
23,69,0,0
90,77,0,0
23,59,0,0
94,44,0,0
28,33,0,0
66,33,0,0
66,45,0,0
94,109,0,0
28,66,0,0
41,10,0,0
100,45,0,0
106,66,0,0
40,13,0,0
70,105,0,0
26,33,0,0
28,100,0,0
100,66,0,0
90,77,0,0
24,12,0,0
24,13,0,0
23,59,0,0
94,44,0,0
57,4,0,0
28,104,0,0
66,45,0,0
94,109,0,0
41,10,0,0
100,45,0,0
56,66,0,0
106,66,0,0
24,40,0,0
40,13,0,0
56,106,0,0
106,100,0,0
28,106,0,0
28,100,0,0
100,66,0,0
12,13,0,0
100,104,0,0
24,13,0,0
21,84,0,0
57,4,0,0
109,3,0,0
41,10,0,0
40,12,0,0
56,66,0,0
106,66,0,0
40,13,0,0
56,106,0,0
59,69,0,0
121,114,0,0
104,66,0,0
93,62,0,0
66,37,0,0
12,13,0,0
24,12,0,0
56,45,0,0
24,13,0,0
23,59,0,0
94,44,0,0
26,37,0,0
68,33,0,0
28,104,0,0
28,66,0,0
41,13,0,0
56,106,0,0
1,32,0,0
13,5,0,0
13,10,0,0
100,33,0,0
93,62,0,0
66,37,0,0
37,33,0,0
104,45,0,0
24,12,0,0
23,59,0,0
57,4,0,0
28,104,0,0
115,42,0,0
66,33,0,0
94,109,0,0
28,66,0,0
41,13,0,0
56,106,0,0
104,33,0,0
1,32,0,0
106,33,0,0
106,104,0,0
28,100,0,0
104,66,0,0
93,62,0,0
100,66,0,0
81,33,0,0
100,104,0,0
13,38,0,0
40,57,0,0
54,45,0,0
28,104,0,0
66,33,0,0
94,109,0,0
28,66,0,0
106,66,0,0
54,33,0,0
56,54,0,0
56,106,0,0
106,33,0,0
106,104,0,0
28,100,0,0
46,41,0,0
104,66,0,0
100,66,0,0
81,33,0,0
100,104,0,0
106,54,0,0
81,24,0,0
28,104,0,0
28,66,0,0
56,66,0,0
106,66,0,0
96,86,0,0
56,106,0,0
28,100,0,0
60,13,0,0
26,66,0,0
40,4,0,0
104,66,0,0
100,66,0,0
81,56,0,0
81,104,0,0
46,38,0,0
100,104,0,0
13,38,0,0
81,66,0,0
81,106,0,0
81,24,0,0
28,104,0,0
94,109,0,0
28,66,0,0
103,48,0,0
106,66,0,0
96,86,0,0
56,106,0,0
91,96,0,0
28,100,0,0
40,4,0,0
23,104,0,0
104,66,0,0
46,13,0,0
100,104,0,0
13,38,0,0
95,16,0,0
24,26,0,0
28,104,0,0
32,44,0,0
28,66,0,0
16,32,0,0
106,66,0,0
56,106,0,0
23,66,0,0
91,96,0,0
28,100,0,0
40,4,0,0
59,69,0,0
104,66,0,0
1,44,0,0
23,62,0,0
54,45,0,0
68,33,0,0
24,26,0,0
28,104,0,0
28,66,0,0
56,66,0,0
106,66,0,0
81,26,0,0
16,69,0,0
56,106,0,0
84,47,0,0
91,96,0,0
32,80,0,0
28,100,0,0
40,4,0,0
104,66,0,0
90,77,0,0
16,44,0,0
100,104,0,0
34,5,0,0
18,13,0,0
28,104,0,0
28,66,0,0
41,10,0,0
56,66,0,0
33,69,0,0
81,26,0,0
30,33,0,0
16,69,0,0
56,106,0,0
23,66,0,0
84,47,0,0
91,96,0,0
28,100,0,0
40,4,0,0
59,69,0,0
100,104,0,0
18,13,0,0
28,104,0,0
26,25,0,0
94,109,0,0
23,58,0,0
28,56,0,0
28,66,0,0
41,10,0,0
30,69,0,0
56,66,0,0
106,66,0,0
81,26,0,0
38,42,0,0
56,106,0,0
91,96,0,0
28,106,0,0
60,13,0,0
104,66,0,0
68,57,0,0
57,69,0,0
28,104,0,0
13,73,0,0
23,58,0,0
28,56,0,0
28,66,0,0
116,72,0,0
56,66,0,0
106,66,0,0
81,26,0,0
56,106,0,0
56,104,0,0
91,96,0,0
28,100,0,0
8,47,0,0
60,13,0,0
86,65,0,0
60,73,0,0
8,116,0,0
104,66,0,0
1,44,0,0
11,33,0,0
72,47,0,0
81,25,0,0
116,47,0,0
24,23,0,0
8,72,0,0
68,57,0,0
42,22,0,0
28,81,0,0
28,104,0,0
94,109,0,0
16,78,0,0
41,10,0,0
65,72,0,0
56,66,0,0
106,66,0,0
81,26,0,0
56,106,0,0
28,100,0,0
60,13,0,0
59,69,0,0
104,66,0,0
90,77,0,0
95,16,0,0
28,104,0,0
94,109,0,0
41,10,0,0
56,66,0,0
106,66,0,0
96,86,0,0
37,63,0,0
56,106,0,0
91,96,0,0
28,100,0,0
86,65,0,0
40,45,0,0
33,59,0,0
45,4,0,0
26,27,0,0
68,57,0,0
42,22,0,0
93,59,0,0
23,27,0,0
28,104,0,0
94,109,0,0
85,22,0,0
41,10,0,0
56,110,0,0
56,66,0,0
106,66,0,0
96,86,0,0
56,106,0,0
28,100,0,0
86,65,0,0
43,78,0,0
73,47,0,0
40,45,0,0
49,37,0,0
109,99,0,0
103,108,0,0
33,57,0,0
28,104,0,0
94,109,0,0
85,22,0,0
1,107,0,0
41,10,0,0
56,110,0,0
67,76,0,0
106,66,0,0
67,63,0,0
56,106,0,0
28,100,0,0
86,65,0,0
94,99,0,0
43,80,0,0
40,45,0,0
11,80,0,0
16,55,0,0
49,37,0,0
109,99,0,0
68,57,0,0
52,13,0,0
68,33,0,0
28,104,0,0
69,78,0,0
109,3,0,0
16,78,0,0
85,22,0,0
41,10,0,0
55,78,0,0
66,110,0,0
56,66,0,0
106,66,0,0
16,69,0,0
56,106,0,0
106,110,0,0
26,62,0,0
86,65,0,0
94,99,0,0
102,41,0,0
40,45,0,0
109,99,0,0
52,13,0,0
43,44,0,0
28,104,0,0
94,109,0,0
85,22,0,0
41,10,0,0
66,110,0,0
56,66,0,0
106,66,0,0
16,69,0,0
67,63,0,0
96,86,0,0
56,106,0,0
91,96,0,0
28,100,0,0
86,65,0,0
40,4,0,0
102,41,0,0
40,45,0,0
100,104,0,0
70,87,0,0
11,80,0,0
49,37,0,0
109,99,0,0
26,27,0,0
52,13,0,0
28,104,0,0
51,11,0,0
94,109,0,0
109,3,0,0
85,22,0,0
41,10,0,0
56,66,0,0
106,66,0,0
67,63,0,0
96,86,0,0
91,96,0,0
28,100,0,0
86,65,0,0
102,41,0,0
102,10,0,0
40,45,0,0
100,104,0,0
52,13,0,0
94,109,0,0
109,3,0,0
16,78,0,0
85,22,0,0
41,10,0,0
16,69,0,0
67,63,0,0
96,86,0,0
91,96,0,0
86,65,0,0
102,41,0,0
102,10,0,0
40,45,0,0
49,37,0,0
68,57,0,0
52,13,0,0
85,22,0,0
41,10,0,0
16,69,0,0
67,63,0,0
122,73,0,0
96,86,0,0
91,96,0,0
86,65,0,0
95,31,0,0
102,41,0,0
102,10,0,0
40,45,0,0
49,37,0,0
68,57,0,0
52,13,0,0
94,51,0,0
103,108,0,0
54,40,0,0
85,22,0,0
41,10,0,0
16,69,0,0
122,73,0,0
77,69,0,0
96,86,0,0
91,96,0,0
90,69,0,0
102,41,0,0
122,89,0,0
68,57,0,0
79,78,0,0
54,40,0,0
16,77,0,0
85,22,0,0
41,10,0,0
64,29,0,0
16,69,0,0
67,63,0,0
122,73,0,0
77,69,0,0
96,86,0,0
90,78,0,0
122,89,0,0
91,86,0,0
68,57,0,0
95,69,0,0
79,78,0,0
54,40,0,0
85,22,0,0
41,10,0,0
64,29,0,0
16,69,0,0
67,63,0,0
77,69,0,0
91,96,0,0
60,13,0,0
102,41,0,0
95,77,0,0
122,89,0,0
90,11,0,0
68,57,0,0
71,31,0,0
95,69,0,0
16,77,0,0
85,22,0,0
3,79,0,0
41,10,0,0
51,40,0,0
16,69,0,0
67,63,0,0
122,73,0,0
77,69,0,0
96,86,0,0
91,96,0,0
102,41,0,0
95,77,0,0
31,78,0,0
95,16,0,0
68,57,0,0
30,40,0,0
68,33,0,0
16,77,0,0
85,22,0,0
41,10,0,0
1,3,0,0
16,69,0,0
67,63,0,0
77,69,0,0
96,86,0,0
102,41,0,0
40,45,0,0
122,89,0,0
90,11,0,0
85,22,0,0
3,79,0,0
41,10,0,0
67,63,0,0
122,73,0,0
96,86,0,0
16,80,0,0
91,96,0,0
11,69,0,0
43,78,0,0
33,78,0,0
90,77,0,0
85,22,0,0
3,79,0,0
16,118,0,0
41,10,0,0
64,29,0,0
67,63,0,0
96,86,0,0
91,96,0,0
59,69,0,0
40,69,0,0
16,55,0,0
85,22,0,0
41,10,0,0
64,29,0,0
67,63,0,0
96,86,0,0
91,96,0,0
59,69,0,0
90,77,0,0
16,55,0,0
29,76,0,0
85,22,0,0
41,10,0,0
67,63,0,0
96,86,0,0
91,96,0,0
59,69,0,0
16,55,0,0
29,76,0,0
85,22,0,0
41,10,0,0
67,63,0,0
122,73,0,0
91,96,0,0
59,69,0,0
90,77,0,0
90,95,0,0
85,22,0,0
41,10,0,0
67,63,0,0
122,73,0,0
91,96,0,0
59,69,0,0
16,55,0,0
49,37,0,0
109,44,0,0
85,22,0,0
67,63,0,0
91,96,0,0
40,69,0,0
122,89,0,0
29,76,0,0
73,74,0,0
85,22,0,0
3,79,0,0
41,10,0,0
93,54,0,0
67,63,0,0
96,86,0,0
91,96,0,0
64,76,0,0
40,69,0,0
16,55,0,0
29,76,0,0
49,37,0,0
109,44,0,0
73,74,0,0
85,22,0,0
41,10,0,0
93,54,0,0
67,63,0,0
96,86,0,0
91,96,0,0
59,69,0,0
40,69,0,0
122,89,0,0
16,55,0,0
29,76,0,0
73,74,0,0
85,22,0,0
41,10,0,0
93,54,0,0
67,63,0,0
96,86,0,0
91,96,0,0
9,19,0,0
40,69,0,0
73,74,0,0
85,22,0,0
3,79,0,0
41,10,0,0
67,63,0,0
91,96,0,0
9,19,0,0
122,89,0,0
16,55,0,0
73,74,0,0
71,31,0,0
85,22,0,0
3,79,0,0
41,10,0,0
67,63,0,0
91,96,0,0
90,77,0,0
122,89,0,0
77,3,0,0
85,22,0,0
3,79,0,0
41,10,0,0
67,63,0,0
96,86,0,0
91,96,0,0
59,69,0,0
90,77,0,0
122,89,0,0
49,37,0,0
85,22,0,0
41,10,0,0
67,63,0,0
122,73,0,0
96,86,0,0
91,96,0,0
122,89,0,0
49,37,0,0
85,22,0,0
3,79,0,0
41,10,0,0
12,69,0,0
67,63,0,0
122,73,0,0
96,86,0,0
91,96,0,0
9,19,0,0
59,69,0,0
122,89,0,0
49,37,0,0
71,31,0,0
85,22,0,0
3,79,0,0
41,10,0,0
12,69,0,0
67,63,0,0
122,73,0,0
96,86,0,0
91,96,0,0
59,69,0,0
49,37,0,0
3,79,0,0
41,10,0,0
67,63,0,0
96,86,0,0
91,96,0,0
9,19,0,0
86,65,0,0
59,69,0,0
103,108,0,0
85,22,0,0
3,79,0,0
41,10,0,0
67,63,0,0
91,96,0,0
9,19,0,0
86,65,0,0
59,69,0,0
29,76,0,0
85,22,0,0
3,79,0,0
41,10,0,0
12,69,0,0
67,63,0,0
122,73,0,0
96,86,0,0
91,96,0,0
9,19,0,0
86,65,0,0
71,31,0,0
85,22,0,0
41,10,0,0
12,69,0,0
67,63,0,0
122,73,0,0
91,96,0,0
9,19,0,0
86,65,0,0
64,76,0,0
9,122,0,0
85,22,0,0
41,10,0,0
67,63,0,0
122,73,0,0
96,86,0,0
91,96,0,0
9,19,0,0
59,69,0,0
85,22,0,0
41,10,0,0
67,63,0,0
122,73,0,0
96,86,0,0
91,96,0,0
9,19,0,0
59,69,0,0
122,89,0,0
85,22,0,0
41,10,0,0
67,63,0,0
122,73,0,0
96,86,0,0
91,96,0,0
9,19,0,0
41,10,0,0
67,63,0,0
122,73,0,0
96,86,0,0
91,96,0,0
9,19,0,0
85,22,0,0
41,10,0,0
67,63,0,0
122,73,0,0
96,86,0,0
91,96,0,0
59,17,0,0
86,22,0,0
67,63,0,0
122,73,0,0
96,86,0,0
71,31,0,0
85,22,0,0
41,10,0,0
93,54,0,0
67,63,0,0
122,73,0,0
49,37,0,0
71,31,0,0
85,22,0,0
41,10,0,0
93,2,0,0
93,54,0,0
67,63,0,0
122,73,0,0
96,86,0,0
102,41,0,0
85,22,0,0
41,10,0,0
93,2,0,0
93,54,0,0
67,63,0,0
122,73,0,0
90,77,0,0
73,74,0,0
103,108,0,0
85,22,0,0
41,10,0,0
93,2,0,0
93,54,0,0
67,63,0,0
96,86,0,0
91,96,0,0
9,19,0,0
102,41,0,0
85,22,0,0
41,10,0,0
67,63,0,0
96,86,0,0
9,19,0,0
103,49,0,0
59,69,0,0
52,13,0,0
85,22,0,0
41,10,0,0
67,63,0,0
9,19,0,0
103,49,0,0
102,41,0,0
73,74,0,0
71,31,0,0
85,22,0,0
41,10,0,0
67,63,0,0
9,19,0,0
103,49,0,0
73,74,0,0
85,22,0,0
88,49,0,0
60,5,0,0
41,10,0,0
67,63,0,0
9,19,0,0
52,13,0,0
85,22,0,0
41,10,0,0
67,63,0,0
91,96,0,0
9,19,0,0
52,13,0,0
85,22,0,0
41,10,0,0
67,63,0,0
9,19,0,0
59,69,0,0
85,22,0,0
3,79,0,0
41,10,0,0
67,63,0,0
9,19,0,0
59,69,0,0
85,22,0,0
41,10,0,0
67,63,0,0
9,19,0,0
52,13,0,0
85,22,0,0
41,10,0,0
67,63,0,0
9,19,0,0
102,41,0,0
85,22,0,0
41,10,0,0
67,63,0,0
52,42,0,0
85,22,0,0
41,10,0,0
67,63,0,0
9,19,0,0
52,42,0,0
85,22,0,0
3,79,0,0
41,10,0,0
67,63,0,0
9,19,0,0
59,17,0,0
85,22,0,0
41,10,0,0
9,19,0,0
85,22,0,0
3,79,0,0
41,10,0,0
67,63,0,0
9,19,0,0
59,17,0,0
85,22,0,0
3,79,0,0
41,10,0,0
9,19,0,0
85,22,0,0
3,79,0,0
41,10,0,0
9,19,0,0
49,37,0,0
85,22,0,0
3,79,0,0
41,10,0,0
67,63,0,0
9,19,0,0
33,78,0,0
85,22,0,0
41,10,0,0
67,63,0,0
91,96,0,0
9,19,0,0
33,78,0,0
52,13,0,0
85,22,0,0
41,10,0,0
67,63,0,0
122,73,0,0
9,19,0,0
85,22,0,0
41,10,0,0
67,63,0,0
122,73,0,0
64,108,0,0
63,76,0,0
85,22,0,0
41,10,0,0
67,76,0,0
67,63,0,0
122,73,0,0
85,22,0,0
41,10,0,0
67,63,0,0
122,73,0,0
52,13,0,0
85,22,0,0
41,10,0,0
67,76,0,0
67,63,0,0
122,73,0,0
102,41,0,0
85,22,0,0
41,10,0,0
67,63,0,0
9,19,0,0
52,13,0,0
85,22,0,0
41,10,0,0
122,73,0,0
9,19,0,0
102,41,0,0
49,37,0,0
85,22,0,0
3,79,0,0
41,10,0,0
67,63,0,0
122,73,0,0
9,19,0,0
103,108,0,0
85,22,0,0
41,10,0,0
67,63,0,0
122,73,0,0
9,19,0,0
33,78,0,0
103,108,0,0
85,22,0,0
3,79,0,0
41,10,0,0
67,63,0,0
122,73,0,0
9,19,0,0
33,78,0,0
103,108,0,0
85,22,0,0
41,10,0,0
67,63,0,0
96,86,0,0
85,22,0,0
41,10,0,0
67,63,0,0
122,73,0,0
103,108,0,0
85,22,0,0
41,10,0,0
67,63,0,0
122,73,0,0
49,108,0,0
52,13,0,0
85,22,0,0
41,10,0,0
67,63,0,0
122,73,0,0
49,108,0,0
122,89,0,0
85,22,0,0
41,10,0,0
67,63,0,0
122,73,0,0
122,89,0,0
85,22,0,0
41,10,0,0
67,63,0,0
122,73,0,0
90,77,0,0
122,89,0,0
85,22,1,1
41,10,1,1
67,63,1,1
122,73,1,1
90,77,1,1
85,22,1,1
41,10,1,1
67,63,1,1
122,73,1,1
90,77,1,1
85,22,1,1
41,10,1,1
67,63,1,1
122,73,1,1
90,77,1,1
122,89,1,1
29,76,1,1
85,22,1,1
41,10,1,1
64,29,1,1
67,63,1,1
122,73,1,1
90,77,1,1
85,22,1,1
41,10,1,1
93,2,1,1
67,63,1,1
122,73,1,1
90,77,1,1
85,22,1,1
41,10,1,1
67,63,1,1
122,73,1,1
3,107,1,1
85,22,1,1
41,10,1,1
67,63,1,1
122,73,1,1
90,77,1,1
85,22,1,1
41,10,1,1
67,63,1,1
122,73,1,1
90,77,1,1
103,108,1,1
85,22,1,1
41,10,1,1
67,63,1,1
122,73,1,1
90,77,1,1
103,108,1,1
85,22,1,1
41,10,1,1
67,63,1,1
122,73,1,1
90,77,1,1
85,22,1,1
41,10,1,1
67,63,1,1
122,73,1,1
90,77,1,1
94,54,1,1
85,22,1,1
41,10,1,1
93,2,1,1
122,73,1,1
90,77,1,1
85,22,1,1
41,10,1,1
67,63,1,1
122,73,1,1
90,77,1,1
73,74,1,1
85,22,1,1
41,10,1,1
67,63,1,1
122,73,1,1
90,77,1,1
85,22,1,1
41,10,1,1
67,63,1,1
122,73,1,1
90,77,1,1
85,22,1,1
41,10,1,1
67,63,1,1
103,49,1,1
90,77,1,1
71,57,1,1
85,22,1,1
41,10,1,1
93,54,1,1
67,63,1,1
103,49,1,1
90,77,1,1
85,22,1,1
41,10,1,1
67,63,1,1
90,77,1,1
103,108,1,1
85,22,1,1
3,79,1,1
41,10,1,1
67,63,1,1
90,77,1,1
85,22,1,1
41,10,1,1
67,63,1,1
90,77,1,1
85,22,1,1
3,79,1,1
41,10,1,1
67,63,1,1
90,77,1,1
29,76,1,1
73,74,1,1
85,22,1,1
41,10,1,1
67,63,1,1
90,77,1,1
73,74,1,1
85,22,1,1
3,79,1,1
41,10,1,1
67,63,1,1
90,77,1,1
29,76,1,1
73,74,1,1
85,22,1,1
3,79,1,1
41,10,1,1
67,63,1,1
90,77,1,1
85,22,1,1
3,79,1,1
41,10,1,1
67,63,1,1
96,22,1,1
90,77,1,1
71,57,1,1
103,108,1,1
85,22,1,1
3,79,1,1
41,10,1,1
67,63,1,1
96,22,1,1
90,77,1,1
85,22,1,1
3,79,1,1
41,10,1,1
93,2,1,1
67,63,1,1
90,77,1,1
29,76,1,1
85,22,1,1
3,79,1,1
41,10,1,1
67,63,1,1
90,77,1,1
85,22,1,1
3,79,1,1
41,10,1,1
67,63,1,1
90,77,1,1
85,22,1,1
3,79,1,1
41,10,1,1
67,63,1,1
90,77,1,1
85,22,1,1
3,79,1,1
41,10,1,1
67,63,1,1
90,77,1,1
29,76,1,1
85,22,1,1
3,79,1,1
41,10,1,1
67,63,1,1
122,73,1,1
90,77,1,1
52,42,1,1
85,22,1,1
3,79,1,1
41,10,1,1
67,63,1,1
122,73,1,1
90,77,1,1
52,42,1,1
85,22,1,1
3,79,1,1
41,10,1,1
67,63,1,1
122,73,1,1
90,77,1,1
85,22,1,1
3,79,1,1
41,10,1,1
93,2,1,1
93,54,1,1
67,63,1,1
122,73,1,1
90,77,1,1
49,108,1,1
85,22,1,1
3,79,1,1
41,10,1,1
67,76,1,1
122,73,1,1
90,77,1,1
85,22,1,1
41,10,1,1
67,76,1,1
67,63,1,1
122,73,1,1
90,77,1,1
63,76,1,1
85,22,1,1
41,10,1,1
67,76,1,1
122,73,1,1
90,77,1,1
63,76,1,1
85,22,1,1
41,10,1,1
67,76,1,1
67,63,1,1
122,73,1,1
90,77,1,1
63,76,1,1
85,22,1,1
3,79,1,1
41,10,1,1
122,73,1,1
90,77,1,1
85,22,1,1
41,10,1,1
67,76,1,1
67,63,1,1
122,73,1,1
90,77,1,1
63,76,1,1
85,22,1,1
41,10,1,1
67,76,1,1
93,54,1,1
67,63,1,1
122,73,1,1
90,77,1,1
85,22,1,1
41,10,1,1
93,54,1,1
122,73,1,1
94,43,1,1
90,77,1,1
94,54,1,1
85,22,1,1
41,10,1,1
122,73,1,1
90,77,1,1
63,76,1,1
71,31,1,1
85,22,1,1
41,10,1,1
93,54,1,1
122,73,1,1
94,43,1,1
90,77,1,1
49,108,1,1
85,22,1,1
41,10,1,1
93,54,1,1
122,73,1,1
90,77,1,1
71,31,1,1
85,22,1,1
41,10,1,1
93,54,1,1
122,73,1,1
90,77,1,1
71,31,1,1
85,22,1,1
41,10,1,1
122,73,1,1
94,43,1,1
90,77,1,1
94,54,1,1
71,31,1,1
85,22,1,1
41,10,1,1
67,63,1,1
122,73,1,1
94,43,1,1
90,77,1,1
94,54,1,1
63,76,1,1
103,108,1,1
85,22,1,1
41,10,1,1
122,73,1,1
90,77,1,1
103,108,1,1
85,22,1,1
41,10,1,1
67,76,1,1
122,73,1,1
90,77,1,1
52,42,1,1
122,89,1,1
94,54,1,1
63,76,1,1
85,22,1,1
41,10,1,1
67,76,1,1
122,73,1,1
52,42,1,1
63,76,1,1
85,22,1,1
41,10,1,1
93,54,1,1
67,63,1,1
122,73,1,1
90,77,1,1
52,42,1,1
122,89,1,1
85,22,1,1
41,10,1,1
67,63,1,1
122,73,1,1
90,77,1,1
52,42,1,1
122,89,1,1
85,22,1,1
3,79,1,1
41,10,1,1
67,76,1,1
67,63,1,1
122,73,1,1
90,77,1,1
63,76,1,1
85,22,1,1
41,10,1,1
67,76,1,1
67,63,1,1
122,73,1,1
90,77,1,1
122,89,1,1
63,76,1,1
103,108,1,1
85,22,1,1
41,10,1,1
67,76,1,1
90,77,1,1
49,76,1,1
41,10,1,1
67,76,1,1
67,63,1,1
90,77,1,1
49,76,1,1
85,22,1,1
41,10,1,1
67,76,1,1
67,63,1,1
90,77,1,1
85,22,1,1
41,10,1,1
67,76,1,1
122,73,1,1
90,77,1,1
52,42,1,1
63,76,1,1
103,108,1,1
85,22,1,1
41,10,1,1
67,76,1,1
122,73,1,1
90,77,1,1
63,76,1,1
103,108,1,1
85,22,1,1
41,10,1,1
93,54,1,1
67,63,1,1
90,77,1,1
121,73,1,1
103,108,1,1
85,22,1,1
41,10,1,1
67,63,1,1
122,73,1,1
121,73,1,1
63,76,1,1
103,108,1,1
85,22,1,1
41,10,1,1
67,63,1,1
63,76,1,1
103,108,1,1
85,22,1,1
41,10,1,1
94,54,1,1
103,108,1,1
85,22,1,1
41,10,1,1
90,77,1,1
103,108,1,1
85,22,1,1
41,10,1,1
93,54,1,1
94,54,1,1
103,108,1,1
85,22,1,1
41,10,1,1
67,63,1,1
90,77,1,1
94,54,1,1
85,22,1,1
41,10,1,1
67,63,1,1
90,77,1,1
94,54,1,1
103,108,1,1
85,22,1,1
41,10,1,1
67,63,1,1
90,77,1,1
103,108,1,1
41,10,1,1
64,29,1,1
67,63,1,1
90,77,1,1
85,22,1,1
41,10,1,1
67,63,1,1
103,49,1,1
90,77,1,1
85,22,1,1
41,10,1,1
67,63,1,1
32,113,1,1
90,77,1,1
85,22,1,1
41,10,1,1
67,63,1,1
103,49,1,1
90,77,1,1
85,22,1,1
41,10,1,1
29,108,1,1
67,76,1,1
32,113,1,1
90,77,1,1
122,89,1,1
85,22,1,1
41,10,1,1
67,76,1,1
67,63,1,1
90,77,1,1
41,10,1,1
67,63,1,1
90,77,1,1
103,108,1,1
85,22,1,1
41,10,1,1
29,108,1,1
90,77,1,1
52,42,1,1
122,89,1,1
103,108,1,1
85,22,1,1
41,10,1,1
122,73,1,1
90,77,1,1
52,42,1,1
122,89,1,1
85,22,1,1
41,10,1,1
67,76,1,1
67,63,1,1
122,73,1,1
90,77,1,1
52,42,1,1
122,89,1,1
85,22,1,1
41,10,1,1
67,63,1,1
90,77,1,1
52,42,1,1
122,89,1,1
103,108,1,1
85,22,1,1
41,10,1,1
67,63,1,1
90,77,1,1
52,42,1,1
37,76,1,1
103,108,1,1
85,22,1,1
41,10,1,1
67,63,1,1
90,77,1,1
122,89,1,1
103,108,1,1
85,22,1,1
41,10,1,1
67,63,1,1
90,77,1,1
52,42,1,1
122,89,1,1
73,74,1,1
103,108,1,1
85,22,1,1
41,10,1,1
93,2,1,1
93,54,1,1
67,63,1,1
90,77,1,1
85,22,1,1
41,10,1,1
67,63,1,1
90,77,1,1
52,13,1,1
85,22,1,1
41,10,1,1
67,63,1,1
85,22,1,1
3,79,1,1
41,10,1,1
67,63,1,1
96,86,1,1
90,77,1,1
85,22,1,1
3,79,1,1
41,10,1,1
93,54,1,1
67,63,1,1
90,77,1,1
16,55,1,1
85,22,1,1
3,79,1,1
41,10,1,1
67,63,1,1
16,55,1,1
85,22,1,1
41,10,1,1
67,63,1,1
90,77,1,1
85,22,1,1
41,10,1,1
90,77,1,1
49,76,1,1
85,22,1,1
41,10,1,1
67,63,1,1
90,77,1,1
85,22,1,1
41,10,1,1
67,63,1,1
90,77,1,1
85,22,1,1
41,10,1,1
96,86,1,1
90,77,1,1
103,108,1,1
85,22,1,1
41,10,1,1
67,63,1,1
122,73,1,1
96,86,1,1
90,77,1,1
103,108,1,1
85,22,1,1
41,10,1,1
67,63,1,1
122,73,1,1
96,86,1,1
90,77,1,1
85,22,1,1
41,10,1,1
67,63,1,1
122,73,1,1
90,77,1,1
85,22,1,1
41,10,1,1
67,63,1,1
9,19,1,1
90,77,1,1
85,22,1,1
41,10,1,1
67,63,1,1
90,77,1,1
85,22,1,1
41,10,1,1
67,63,1,1
103,49,1,1
90,77,1,1
29,76,1,1
103,108,1,1
85,22,1,1
41,10,1,1
67,63,1,1
90,77,1,1
103,108,1,1
85,22,1,1
41,10,1,1
67,63,1,1
90,77,1,1
103,108,1,1
85,22,1,1
41,10,1,1
90,77,1,1
103,108,1,1
85,22,1,1
41,10,1,1
90,77,1,1
85,22,1,1
41,10,1,1
67,63,1,1
122,73,1,1
96,86,1,1
90,77,1,1
85,22,1,1
41,10,1,1
37,29,1,1
64,29,1,1
67,63,1,1
122,73,1,1
94,43,1,1
90,77,1,1
85,22,1,1
41,10,1,1
54,17,1,1
64,29,1,1
67,63,1,1
122,73,1,1
94,43,1,1
90,77,1,1
103,108,1,1
85,22,1,1
41,10,1,1
64,29,1,1
67,63,1,1
122,73,1,1
90,77,1,1
103,108,1,1
85,22,1,1
41,10,1,1
64,29,1,1
67,63,1,1
122,73,1,1
90,77,1,1
103,108,1,1
85,22,1,1
41,10,1,1
64,29,1,1
93,54,1,1
67,63,1,1
122,73,1,1
90,77,1,1
94,54,1,1
103,108,1,1
85,22,1,1
41,10,1,1
64,29,1,1
93,54,1,1
67,63,1,1
122,73,1,1
90,77,1,1
103,108,1,1
85,22,1,1
41,10,1,1
64,29,1,1
93,54,1,1
67,63,1,1
122,73,1,1
90,77,1,1
85,22,1,1
41,10,1,1
64,29,1,1
93,54,1,1
90,77,1,1
85,22,1,1
41,10,1,1
64,29,1,1
67,63,1,1
96,86,1,1
90,77,1,1
85,22,1,1
41,10,1,1
64,29,1,1
67,63,1,1
90,77,1,1
85,22,1,1
41,10,1,1
64,29,1,1
90,77,1,1
85,22,1,1
41,10,1,1
67,63,1,1
90,77,1,1
85,22,1,1
41,10,1,1
93,2,1,1
67,63,1,1
90,77,1,1
73,74,1,1
103,108,1,1
85,22,1,1
41,10,1,1
67,63,1,1
54,43,1,1
90,77,1,1
73,74,1,1
85,22,2,2
41,10,2,2
67,63,2,2
90,77,2,2
103,108,2,2
85,22,2,2
41,10,2,2
93,2,2,2
67,76,2,2
64,29,2,2
67,63,2,2
90,77,2,2
63,76,2,2
85,22,2,2
41,10,2,2
67,76,2,2
90,77,2,2
63,76,2,2
85,22,2,2
41,10,2,2
93,2,2,2
67,76,2,2
67,63,2,2
9,19,2,2
90,77,2,2
3,79,2,2
41,10,2,2
67,76,2,2
67,63,2,2
94,43,2,2
90,77,2,2
85,22,2,2
41,10,2,2
67,76,2,2
93,54,2,2
67,63,2,2
90,77,2,2
49,108,2,2
63,76,2,2
85,22,2,2
41,10,2,2
67,76,2,2
67,63,2,2
90,77,2,2
85,22,2,2
41,10,2,2
67,76,2,2
67,63,2,2
9,19,2,2
90,77,2,2
49,108,2,2
63,76,2,2
85,22,2,2
41,10,2,2
9,19,2,2
90,77,2,2
85,22,2,2
41,10,2,2
9,19,2,2
90,77,2,2
29,76,2,2
41,10,2,2
67,63,2,2
9,19,2,2
90,77,2,2
85,22,2,2
41,10,2,2
67,63,2,2
9,19,2,2
90,77,2,2
29,76,2,2
85,22,2,2
41,10,2,2
67,63,2,2
90,77,2,2
85,22,2,2
41,10,2,2
93,54,2,2
96,86,2,2
90,77,2,2
29,76,2,2
85,22,2,2
41,10,2,2
64,29,2,2
67,63,2,2
90,77,2,2
29,76,2,2
73,74,2,2
85,22,2,2
41,10,2,2
67,63,2,2
90,77,2,2
85,22,2,2
41,10,2,2
90,77,2,2
85,22,2,2
41,10,2,2
93,2,2,2
122,73,2,2
90,77,2,2
85,22,2,2
41,10,2,2
64,29,2,2
67,63,2,2
90,77,2,2
73,74,2,2
85,22,2,2
41,10,2,2
64,29,2,2
67,63,2,2
90,77,2,2
85,22,2,2
41,10,2,2
64,29,2,2
93,54,2,2
90,77,2,2
85,22,2,2
41,10,2,2
67,63,2,2
90,77,2,2
85,22,2,2
41,10,2,2
67,63,2,2
90,77,2,2
85,22,2,2
41,10,2,2
90,77,2,2
85,22,2,2
3,79,2,2
41,10,2,2
93,2,2,2
93,54,2,2
90,77,2,2
41,10,2,2
93,54,2,2
90,77,2,2
73,74,2,2
85,22,2,2
41,10,2,2
90,77,2,2
85,22,2,2
41,10,2,2
122,73,2,2
90,77,2,2
41,10,2,2
93,54,2,2
67,63,2,2
94,43,2,2
90,77,2,2
122,89,2,2
94,54,2,2
85,22,2,2
41,10,2,2
93,54,2,2
67,63,2,2
94,43,2,2
90,77,2,2
94,54,2,2
85,22,2,2
41,10,2,2
64,29,2,2
94,43,2,2
90,77,2,2
122,89,2,2
94,54,2,2
103,108,2,2
85,22,2,2
41,10,2,2
93,54,2,2
94,43,2,2
90,77,2,2
94,54,2,2
85,22,2,2
41,10,2,2
64,29,2,2
93,54,2,2
67,63,2,2
94,43,2,2
90,77,2,2
85,22,2,2
41,10,2,2
64,29,2,2
67,63,2,2
102,41,2,2
90,77,2,2
85,22,2,2
41,10,2,2
64,29,2,2
90,77,2,2
85,22,2,2
41,10,2,2
64,29,2,2
67,63,2,2
102,41,2,2
90,77,2,2
85,22,2,2
41,10,2,2
67,63,2,2
122,73,2,2
90,77,2,2
85,22,2,2
67,29,2,2
64,29,2,2
93,54,2,2
67,63,2,2
122,73,2,2
90,77,2,2
122,89,2,2
16,55,2,2
89,73,2,2
85,22,2,2
3,79,2,2
41,10,2,2
122,73,2,2
102,41,2,2
90,77,2,2
122,89,2,2
85,22,2,2
3,79,2,2
41,10,2,2
64,29,2,2
93,54,2,2
67,63,2,2
122,73,2,2
102,41,2,2
90,77,2,2
122,89,2,2
94,54,2,2
85,22,2,2
41,10,2,2
93,54,2,2
67,63,2,2
122,73,2,2
102,41,2,2
90,77,2,2
122,89,2,2
73,74,2,2
85,22,2,2
41,10,2,2
93,54,2,2
67,63,2,2
122,73,2,2
90,77,2,2
73,74,2,2
85,22,2,2
41,10,2,2
93,54,2,2
67,63,2,2
102,41,2,2
90,77,2,2
122,89,2,2
85,22,2,2
41,10,2,2
67,63,2,2
122,73,2,2
103,49,2,2
102,41,2,2
90,77,2,2
85,22,2,2
41,10,2,2
93,54,2,2
67,63,2,2
122,73,2,2
90,77,2,2
85,22,2,2
41,10,2,2
67,29,2,2
64,29,2,2
67,63,2,2
122,73,2,2
102,41,2,2
90,77,2,2
73,74,2,2
103,108,2,2
85,22,2,2
41,10,2,2
67,63,2,2
102,41,2,2
90,77,2,2
63,76,2,2
85,22,2,2
41,10,2,2
64,29,2,2
67,63,2,2
102,41,2,2
63,76,2,2
85,22,2,2
3,79,2,2
102,41,2,2
90,77,2,2
85,22,2,2
102,41,2,2
90,77,2,2
85,22,2,2
90,77,2,2
94,54,2,2
85,22,2,2
41,10,2,2
67,63,2,2
94,43,2,2
102,41,2,2
90,77,2,2
85,22,2,2
67,63,2,2
102,41,2,2
90,77,2,2
85,22,2,2
41,10,2,2
102,41,2,2
90,77,2,2
85,22,2,2
102,41,2,2
90,77,2,2
85,22,2,2
67,63,2,2
102,41,2,2
90,77,2,2
41,10,2,2
67,63,2,2
102,41,2,2
90,77,2,2
73,74,2,2
67,63,2,2
102,41,2,2
90,77,2,2
41,10,2,2
67,63,2,2
94,43,2,2
102,41,2,2
90,77,2,2
67,63,2,2
46,116,2,2
94,43,2,2
102,41,2,2
90,77,2,2
41,10,2,2
93,54,2,2
67,63,2,2
94,43,2,2
102,41,2,2
90,77,2,2
41,10,2,2
93,54,2,2
67,63,2,2
94,43,2,2
102,41,2,2
90,77,2,2
41,10,2,2
94,43,2,2
46,38,2,2
102,41,2,2
90,77,2,2
93,54,2,2
67,63,2,2
94,43,2,2
102,41,2,2
90,77,2,2
41,10,2,2
93,54,2,2
85,42,2,2
94,43,2,2
102,41,2,2
90,77,2,2
3,79,2,2
41,10,2,2
93,54,2,2
67,63,2,2
85,42,2,2
102,41,2,2
90,77,2,2
3,79,2,2
41,10,2,2
93,54,2,2
67,63,2,2
38,42,2,2
85,42,2,2
102,41,2,2
90,77,2,2
93,54,2,2
67,63,2,2
102,41,2,2
90,77,2,2
41,10,2,2
93,54,2,2
67,63,2,2
102,41,2,2
90,77,2,2
41,10,2,2
64,29,2,2
93,54,2,2
67,63,2,2
102,41,2,2
90,77,2,2
93,54,2,2
102,41,2,2
90,77,2,2
41,10,2,2
93,54,2,2
102,41,2,2
90,77,2,2
3,79,2,2
41,10,2,2
64,29,2,2
102,41,2,2
90,77,2,2
41,10,2,2
64,29,2,2
102,41,2,2
90,77,2,2
41,10,2,2
64,29,2,2
90,77,2,2
41,10,2,2
64,29,2,2
102,41,2,2
41,10,2,2
102,41,2,2
41,10,2,2
102,41,2,2
90,77,2,2
102,41,2,2
90,77,2,2
94,54,2,2
41,10,2,2
102,41,2,2
90,77,2,2
41,10,2,2
102,41,2,2
90,77,2,2
94,54,2,2
63,64,2,2
41,10,2,2
102,41,2,2
90,77,2,2
16,55,2,2
41,10,2,2
85,42,2,2
102,41,2,2
90,77,2,2
41,10,2,2
85,42,2,2
102,41,2,2
90,77,2,2
3,79,2,2
41,10,2,2
85,42,2,2
102,41,2,2
90,77,2,2
16,55,2,2
3,79,2,2
41,10,2,2
102,41,2,2
90,77,2,2
16,55,2,2
41,10,2,2
102,41,2,2
90,77,2,2
16,55,2,2
41,10,2,2
67,76,2,2
102,41,2,2
90,77,2,2
16,55,2,2
55,123,2,2
41,10,2,2
64,29,2,2
102,41,2,2
90,77,2,2
16,55,2,2
41,10,2,2
64,29,2,2
67,63,2,2
102,41,2,2
90,77,2,2
102,41,2,2
90,77,2,2
41,10,2,2
9,19,2,2
102,41,2,2
122,89,2,2
94,54,2,2
41,10,2,2
9,19,2,2
102,41,2,2
90,77,2,2
49,37,2,2
9,19,2,2
94,43,2,2
102,41,2,2
90,77,2,2
16,55,2,2
73,74,2,2
67,63,2,2
9,19,2,2
94,43,2,2
102,41,2,2
90,77,2,2
16,55,2,2
73,74,2,2
41,10,2,2
9,19,2,2
102,41,2,2
90,77,2,2
73,74,2,2
41,10,2,2
102,41,2,2
90,77,2,2
73,74,2,2
103,108,2,2
41,10,2,2
9,19,2,2
102,41,2,2
90,77,2,2
73,74,2,2
41,10,2,2
102,41,2,2
37,108,2,2
90,77,2,2
73,74,2,2
41,10,2,2
54,17,2,2
102,41,2,2
90,77,2,2
73,74,2,2
41,10,2,2
102,41,2,2
90,77,2,2
73,74,2,2
3,79,2,2
41,10,2,2
122,73,2,2
9,19,2,2
102,41,2,2
90,77,2,2
94,54,2,2
73,74,2,2
41,10,2,2
122,73,2,2
9,19,2,2
94,43,2,2
102,41,2,2
90,77,2,2
94,54,2,2
41,10,2,2
9,19,2,2
102,41,2,2
90,77,2,2
3,79,2,2
41,10,2,2
102,41,2,2
90,77,2,2
41,10,2,2
9,19,2,2
102,41,2,2
90,77,2,2
94,54,2,2
41,10,2,2
9,19,2,2
102,41,2,2
90,77,2,2
41,10,2,2
94,43,2,2
102,41,2,2
90,77,2,2
102,41,2,2
90,77,2,2
94,54,2,2
93,54,2,2
67,63,2,2
102,41,2,2
90,77,2,2
16,55,2,2
93,54,2,2
102,41,2,2
90,77,2,2
103,108,2,2
102,41,2,2
90,77,2,2
102,41,2,2
90,77,2,2
41,10,2,2
102,41,2,2
90,77,2,2
41,10,2,2
102,41,2,2
90,77,2,2
103,108,2,2
41,10,2,2
94,43,2,2
102,41,2,2
90,77,2,2
103,108,2,2
41,10,2,2
102,41,2,2
90,77,2,2
102,41,2,2
90,77,2,2
64,29,2,2
102,41,2,2
90,77,2,2
93,54,2,2
38,42,2,2
102,41,2,2
90,77,2,2
3,79,3,3
41,10,3,3
67,63,3,3
102,41,3,3
90,77,3,3
16,55,3,3
49,37,3,3
41,10,3,3
93,54,3,3
67,63,3,3
102,41,3,3
90,77,3,3
16,55,3,3
90,95,3,3
41,10,3,3
93,54,3,3
67,63,3,3
102,41,3,3
90,77,3,3
41,10,3,3
102,41,3,3
90,77,3,3
41,10,3,3
102,41,3,3
90,77,3,3
41,10,3,3
102,41,3,3
90,77,3,3
90,95,3,3
85,22,3,3
41,10,3,3
43,33,3,3
102,41,3,3
90,77,3,3
41,10,3,3
102,41,3,3
90,77,3,3
41,10,3,3
102,41,3,3
90,77,3,3
52,42,3,3
41,10,3,3
122,73,3,3
32,113,3,3
102,41,3,3
90,77,3,3
52,42,3,3
41,10,3,3
122,73,3,3
103,49,3,3
102,41,3,3
90,77,3,3
52,42,3,3
94,54,3,3
41,10,3,3
122,73,3,3
102,41,3,3
90,77,3,3
52,42,3,3
98,108,3,3
3,79,3,3
122,73,3,3
49,98,3,3
103,49,3,3
102,41,3,3
90,77,3,3
52,42,3,3
94,54,3,3
41,10,3,3
67,63,3,3
122,73,3,3
90,77,3,3
41,10,3,3
67,63,3,3
122,73,3,3
90,77,3,3
94,54,3,3
41,10,3,3
122,73,3,3
85,42,3,3
90,77,3,3
94,54,3,3
41,10,3,3
122,73,3,3
90,77,3,3
3,107,3,3
103,108,3,3
3,79,3,3
41,10,3,3
122,73,3,3
90,77,3,3
41,10,3,3
122,73,3,3
90,77,3,3
16,55,3,3
33,17,3,3
85,22,3,3
122,73,3,3
9,19,3,3
90,77,3,3
41,10,3,3
122,73,3,3
9,19,3,3
90,77,3,3
52,42,3,3
33,17,3,3
41,10,3,3
122,73,3,3
9,19,3,3
36,76,3,3
90,77,3,3
33,17,3,3
94,43,3,3
37,108,3,3
90,77,3,3
73,74,3,3
41,10,3,3
9,19,3,3
37,108,3,3
90,77,3,3
16,55,3,3
9,19,3,3
37,108,3,3
90,77,3,3
63,64,3,3
41,10,3,3
67,63,3,3
9,19,3,3
90,77,3,3
41,10,3,3
90,77,3,3
41,10,3,3
67,63,3,3
85,42,3,3
90,77,3,3
49,37,3,3
63,64,3,3
41,10,3,3
67,63,3,3
37,108,3,3
90,77,3,3
63,64,3,3
3,79,3,3
41,10,3,3
67,63,3,3
9,19,3,3
90,77,3,3
73,74,3,3
41,10,3,3
67,63,3,3
90,77,3,3
73,74,3,3
3,79,3,3
41,10,3,3
67,63,3,3
9,19,3,3
36,76,3,3
90,77,3,3
63,64,3,3
67,108,3,3
88,49,3,3
41,10,3,3
67,63,3,3
49,63,3,3
91,96,3,3
19,47,3,3
85,42,3,3
63,108,3,3
90,77,3,3
49,37,3,3
52,13,3,3
65,42,3,3
96,86,3,3
91,96,3,3
90,77,3,3
91,86,3,3
41,10,3,3
7,53,3,3
67,63,3,3
41,42,3,3
85,91,3,3
90,77,3,3
14,10,3,3
41,10,3,3
85,116,3,3
114,61,3,3
7,53,3,3
90,77,3,3
34,74,3,3
85,65,3,3
41,10,3,3
67,29,3,3
114,42,3,3
34,74,3,3
9,122,3,3
9,96,3,3
96,114,3,3
8,114,3,3
122,115,3,3
90,77,3,3
49,76,3,3
8,74,3,3
121,89,3,3
67,64,3,3
90,77,3,3
46,74,3,3
41,10,3,3
121,89,3,3
46,84,3,3
39,84,3,3
90,77,3,3
67,108,3,3
46,39,3,3
85,22,3,3
41,10,3,3
121,89,3,3
67,63,3,3
85,42,3,3
90,77,3,3
14,13,3,3
46,39,3,3
41,10,3,3
37,9,3,3
85,42,3,3
90,77,3,3
60,85,3,3
64,108,3,3
85,42,3,3
90,77,3,3
60,42,3,3
60,85,3,3
41,10,3,3
121,89,3,3
63,108,3,3
90,77,3,3
60,42,3,3
90,77,3,3
67,37,3,3
74,22,3,3
63,108,3,3
90,77,3,3
32,113,3,3
74,22,3,3
63,108,3,3
90,77,3,3
60,85,3,3
67,29,3,3
37,63,3,3
94,43,3,3
63,108,3,3
90,77,3,3
67,108,3,3
37,29,3,3
47,42,3,3
94,43,3,3
63,108,3,3
90,77,3,3
90,77,3,3
121,5,3,3
36,64,3,3
90,77,3,3
67,108,3,3
36,64,3,3
37,63,3,3
63,108,3,3
90,77,3,3
67,108,3,3
3,79,3,3
67,63,3,3
37,63,3,3
63,108,3,3
37,108,3,3
90,77,3,3
67,37,3,3
30,123,3,3
36,64,3,3
37,63,3,3
63,108,3,3
37,108,3,3
90,77,3,3
30,123,3,3
3,107,3,3
3,119,3,3
16,77,3,3
37,63,3,3
63,108,3,3
37,108,3,3
90,77,3,3
105,3,3,3
67,37,3,3
30,123,3,3
94,44,3,3
40,2,3,3
40,33,3,3
88,108,3,3
36,64,3,3
47,42,3,3
3,80,3,3
11,40,3,3
63,108,3,3
11,33,3,3
90,77,3,3
33,2,3,3
67,37,3,3
40,33,3,3
1,30,3,3
88,108,3,3
36,64,3,3
111,30,3,3
88,63,3,3
63,108,3,3
40,45,3,3
94,44,3,3
1,30,3,3
80,123,3,3
1,57,3,3
88,108,3,3
33,31,3,3
36,64,3,3
47,42,3,3
17,78,3,3
88,63,3,3
63,108,3,3
77,3,3,3
1,109,3,3
94,44,3,3
3,107,3,3
88,108,3,3
94,78,3,3
36,64,3,3
44,78,3,3
88,63,3,3
63,108,3,3
88,67,3,3
94,44,3,3
109,31,3,3
30,33,3,3
28,100,3,3
95,43,3,3
88,63,3,3
63,108,3,3
100,64,3,3
30,57,3,3
100,36,3,3
88,108,3,3
30,33,3,3
24,9,3,3
88,63,3,3
63,108,3,3
51,77,3,3
100,64,3,3
109,54,3,3
51,11,3,3
100,39,3,3
88,108,3,3
30,33,3,3
94,31,3,3
30,68,3,3
28,100,3,3
26,119,3,3
95,31,3,3
59,69,3,3
24,9,3,3
88,63,3,3
93,62,3,3
51,2,3,3
63,108,3,3
95,78,3,3
51,11,3,3
26,16,3,3
41,10,3,3
51,40,3,3
88,108,3,3
81,26,3,3
30,33,3,3
30,68,3,3
28,100,3,3
88,63,3,3
63,108,3,3
81,19,3,3
81,16,3,3
94,44,3,3
40,2,3,3
30,40,3,3
67,108,3,3
109,31,3,3
46,39,3,3
26,16,3,3
41,10,3,3
51,40,3,3
88,108,3,3
96,74,3,3
81,26,3,3
30,33,3,3
36,64,3,3
44,31,3,3
88,63,3,3
30,12,3,3
63,108,3,3
81,16,3,3
74,42,3,3
88,67,3,3
94,44,3,3
40,2,3,3
33,57,3,3
26,16,3,3
56,108,3,3
94,109,3,3
41,10,3,3
51,40,3,3
103,15,3,3
88,108,3,3
56,63,3,3
66,110,3,3
81,26,3,3
30,33,3,3
104,108,3,3
122,73,3,3
46,42,3,3
88,63,3,3
24,15,3,3
63,108,3,3
81,19,3,3
81,16,3,3
74,42,3,3
70,113,3,3
88,67,3,3
40,2,3,3
57,69,3,3
33,57,3,3
26,16,3,3
94,109,3,3
58,43,3,3
41,10,3,3
51,40,3,3
30,69,3,3
66,63,3,3
56,63,3,3
56,66,3,3
106,66,3,3
33,69,3,3
81,26,3,3
30,33,3,3
122,73,3,3
3,31,3,3
44,2,3,3
30,12,3,3
81,19,3,3
81,16,3,3
52,8,3,3
70,113,3,3
56,88,3,3
25,58,3,3
104,63,3,3
26,16,3,3
56,108,3,3
58,43,3,3
88,104,3,3
41,10,3,3
51,40,3,3
30,69,3,3
88,108,3,3
56,63,3,3
56,66,3,3
106,66,3,3
33,69,3,3
81,26,3,3
30,33,3,3
104,108,3,3
113,119,3,3
44,2,3,3
88,63,3,3
104,37,3,3
106,88,3,3
31,2,3,3
81,16,3,3
37,108,3,3
52,8,3,3
94,44,3,3
51,44,3,3
23,9,3,3
88,37,3,3
104,63,3,3
26,16,3,3
3,44,3,3
56,108,3,3
58,43,3,3
41,10,3,3
51,40,3,3
30,69,3,3
88,108,3,3
106,66,3,3
33,69,3,3
81,26,3,3
30,33,3,3
104,108,3,3
45,68,3,3
104,37,3,3
31,2,3,3
81,16,3,3
94,44,3,3
94,40,3,3
30,31,3,3
40,2,3,3
56,88,3,3
95,51,3,3
26,16,3,3
3,40,3,3
3,44,3,3
23,16,3,3
88,108,3,3
56,63,3,3
106,66,3,3
33,69,3,3
81,26,3,3
104,108,3,3
51,30,3,3
94,2,3,3
119,57,3,3
94,31,3,3
104,37,3,3
40,31,3,3
81,16,3,3
37,108,3,3
67,37,3,3
30,17,3,3
94,44,3,3
30,31,3,3
40,2,3,3
30,59,3,3
56,88,3,3
43,40,3,3
43,44,3,3
67,108,3,3
40,59,3,3
15,110,3,3
26,16,3,3
88,104,3,3
41,10,3,3
23,16,3,3
88,108,3,3
56,66,3,3
106,66,3,3
33,69,3,3
81,26,3,3
104,108,3,3
51,30,3,3
95,3,3,3
94,2,3,3
104,67,3,3
40,44,3,3
88,63,3,3
104,37,3,3
43,2,3,3
81,16,3,3
67,37,3,3
23,26,3,3
45,33,3,3
94,44,3,3
40,2,3,3
95,17,3,3
56,88,3,3
104,63,3,3
43,44,3,3
67,108,3,3
68,33,3,3
26,16,3,3
56,108,3,3
88,104,3,3
41,10,3,3
66,63,3,3
23,16,3,3
56,63,3,3
56,66,3,3
106,66,3,3
51,30,3,3
104,67,3,3
24,27,3,3
25,27,3,3
88,63,3,3
93,62,3,3
104,37,3,3
67,37,3,3
30,57,3,3
31,78,3,3
23,26,3,3
44,57,3,3
71,30,3,3
94,44,3,3
24,25,3,3
40,2,3,3
56,88,3,3
67,108,3,3
68,33,3,3
26,16,3,3
41,10,3,3
23,16,3,3
56,63,3,3
40,44,3,3
44,2,3,3
88,63,3,3
93,62,3,3
63,108,3,3
37,108,3,3
67,37,3,3
30,57,3,3
23,26,3,3
17,31,3,3
45,33,3,3
24,25,3,3
56,88,3,3
67,108,3,3
26,16,3,3
56,108,3,3
54,44,3,3
104,29,3,3
88,104,3,3
41,10,3,3
23,16,3,3
56,66,3,3
104,108,3,3
27,62,3,3
104,67,3,3
28,100,3,3
32,79,3,3
58,110,3,3
44,2,3,3
88,63,3,3
93,62,3,3
104,37,3,3
37,108,3,3
67,37,3,3
30,57,3,3
45,33,3,3
94,44,3,3
24,25,3,3
27,43,3,3
56,88,3,3
88,37,3,3
104,63,3,3
26,16,3,3
104,29,3,3
41,10,3,3
54,2,3,3
56,63,3,3
56,66,3,3
27,62,3,3
44,78,3,3
17,78,3,3
94,2,3,3
104,67,3,3
120,121,3,3
44,31,3,3
88,63,3,3
93,62,3,3
104,37,3,3
63,108,3,3
93,27,3,3
67,37,3,3
30,57,3,3
31,78,3,3
23,26,3,3
94,54,3,3
71,30,3,3
71,57,3,3
27,43,3,3
56,88,3,3
95,44,3,3
26,16,3,3
54,44,3,3
109,71,3,3
104,29,3,3
41,10,3,3
88,108,3,3
56,63,3,3
56,66,3,3
104,108,3,3
3,2,3,3
27,62,3,3
36,64,3,3
17,78,3,3
104,67,3,3
120,121,3,3
28,100,3,3
62,43,3,3
54,3,3,3
58,110,3,3
88,63,3,3
93,43,3,3
63,108,3,3
30,57,3,3
31,78,3,3
3,78,3,3
94,54,3,3
45,33,3,3
71,30,3,3
94,44,3,3
71,57,3,3
27,43,3,3
94,51,3,3
56,88,3,3
104,63,3,3
95,44,3,3
26,16,3,3
54,44,3,3
104,29,3,3
41,10,3,3
88,108,3,3
56,63,3,3
3,2,3,3
27,62,3,3
45,68,3,3
28,100,3,3
62,43,3,3
109,57,3,3
88,63,3,3
71,2,3,3
93,27,3,3
81,16,3,3
30,57,3,3
3,78,3,3
91,86,3,3
94,54,3,3
45,33,3,3
71,30,3,3
94,44,3,3
56,88,3,3
71,31,3,3
17,2,3,3
68,33,3,3
26,16,3,3
88,104,3,3
41,10,3,3
88,108,3,3
56,63,3,3
56,66,3,3
104,108,3,3
27,62,3,3
45,68,3,3
109,30,3,3
94,30,3,3
32,79,3,3
109,57,3,3
58,110,3,3
88,63,3,3
71,2,3,3
40,31,3,3
63,108,3,3
94,57,3,3
81,16,3,3
30,57,3,3
2,78,3,3
91,86,3,3
17,31,3,3
45,33,3,3
88,67,3,3
24,25,3,3
56,88,3,3
71,31,3,3
68,33,3,3
26,16,3,3
54,40,3,3
94,109,3,3
104,29,3,3
1,107,3,3
41,10,3,3
79,107,3,3
51,40,3,3
88,108,3,3
56,63,3,3
56,66,3,3
106,66,3,3
81,26,3,3
104,108,3,3
36,64,3,3
45,68,3,3
1,32,3,3
109,30,3,3
28,100,3,3
109,57,3,3
58,110,3,3
88,63,3,3
93,62,3,3
71,2,3,3
94,43,3,3
63,108,3,3
93,27,3,3
94,57,3,3
81,16,3,3
30,57,3,3
17,31,3,3
45,33,3,3
109,44,3,3
94,44,3,3
11,59,3,3
71,79,3,3
56,88,3,3
104,63,3,3
26,16,3,3
30,118,3,3
94,109,3,3
104,29,3,3
1,107,3,3
41,10,3,3
51,40,3,3
37,29,3,3
23,16,3,3
88,108,3,3
56,63,3,3
56,66,3,3
106,66,3,3
81,26,3,3
104,108,3,3
3,2,3,3
45,68,3,3
28,100,3,3
11,68,3,3
66,108,3,3
88,63,3,3
93,62,3,3
104,37,3,3
71,2,3,3
63,108,3,3
106,108,3,3
81,16,3,3
67,37,3,3
30,57,3,3
57,118,3,3
109,44,3,3
1,59,3,3
94,44,3,3
24,25,3,3
66,67,3,3
30,59,3,3
95,17,3,3
40,33,3,3
17,2,3,3
11,45,3,3
94,109,3,3
41,10,3,3
51,40,3,3
23,16,3,3
88,108,3,3
56,63,3,3
56,66,3,3
106,66,3,3
3,2,3,3
36,64,3,3
45,68,3,3
28,100,3,3
11,68,3,3
59,69,3,3
58,110,3,3
66,108,3,3
88,63,3,3
93,62,3,3
63,108,3,3
3,17,3,3
1,69,3,3
106,108,3,3
51,33,3,3
33,59,3,3
32,69,3,3
57,118,3,3
109,44,3,3
94,44,3,3
30,59,3,3
40,33,3,3
54,69,3,3
11,45,3,3
94,109,3,3
41,10,3,3
51,40,3,3
23,16,3,3
56,63,3,3
56,66,3,3
106,66,3,3
54,59,3,3
32,11,3,3
28,100,3,3
11,68,3,3
59,69,3,3
66,108,3,3
88,63,3,3
104,37,3,3
63,108,3,3
81,16,3,3
51,33,3,3
67,37,3,3
57,118,3,3
109,44,3,3
94,44,3,3
71,57,3,3
66,67,3,3
56,88,3,3
51,69,3,3
67,108,3,3
54,57,3,3
104,29,3,3
81,23,3,3
41,10,3,3
51,40,3,3
88,108,3,3
56,63,3,3
56,66,3,3
106,66,3,3
11,78,3,3
104,108,3,3
54,59,3,3
59,69,3,3
66,108,3,3
88,63,3,3
63,108,3,3
81,16,3,3
37,108,3,3
103,58,3,3
57,118,3,3
51,59,3,3
91,86,3,3
66,67,3,3
79,59,3,3
56,88,3,3
32,40,3,3
68,33,3,3
51,11,3,3
54,57,3,3
104,29,3,3
41,10,3,3
51,40,3,3
88,108,3,3
1,11,3,3
56,63,3,3
56,66,3,3
106,66,3,3
104,108,3,3
51,68,3,3
45,68,3,3
17,78,3,3
11,40,3,3
104,67,3,3
120,76,3,3
104,66,3,3
88,63,3,3
63,108,3,3
106,108,3,3
66,80,3,3
37,108,3,3
51,59,3,3
45,33,3,3
1,59,3,3
94,44,3,3
56,88,3,3
68,33,3,3
54,57,3,3
104,29,3,3
41,10,3,3
29,108,3,3
67,29,3,3
37,29,3,3
88,108,3,3
56,63,3,3
104,108,3,3
17,78,3,3
11,40,3,3
104,67,3,3
40,17,3,3
111,30,3,3
88,63,3,3
104,37,3,3
63,108,3,3
66,80,3,3
37,108,3,3
67,37,3,3
109,2,3,3
91,86,3,3
45,33,3,3
32,68,3,3
94,44,3,3
56,88,3,3
68,33,3,3
41,10,3,3
37,29,3,3
88,108,3,3
56,63,3,3
106,66,3,3
45,68,3,3
120,76,3,3
88,63,3,3
104,37,3,3
63,108,3,3
67,37,3,3
91,86,3,3
45,33,3,3
71,30,3,3
94,44,3,3
71,12,3,3
68,33,3,3
41,10,3,3
95,32,3,3
88,108,3,3
45,68,3,3
17,78,3,3
40,17,3,3
111,30,3,3
63,108,3,3
40,78,3,3
45,33,3,3
71,30,3,3
94,44,3,3
55,79,3,3
68,33,3,3
15,110,3,3
43,11,3,3
41,10,3,3
67,29,3,3
37,29,3,3
88,108,3,3
55,43,3,3
45,68,3,3
16,11,3,3
111,30,3,3
88,63,3,3
63,108,3,3
94,57,3,3
1,51,3,3
67,37,3,3
91,86,3,3
44,57,3,3
45,33,3,3
71,30,3,3
94,44,3,3
16,57,3,3
88,37,3,3
81,24,3,3
54,44,3,3
41,10,3,3
37,29,3,3
88,108,3,3
106,66,3,3
31,118,3,3
45,68,3,3
17,78,3,3
56,104,3,3
88,63,3,3
63,108,3,3
40,69,3,3
1,51,3,3
109,11,3,3
67,37,3,3
1,109,3,3
44,57,3,3
71,30,3,3
94,44,3,3
16,57,3,3
45,59,3,3
100,27,3,3
43,59,3,3
43,11,3,3
41,10,3,3
67,29,3,3
88,108,3,3
31,118,3,3
71,44,3,3
54,71,3,3
88,63,3,3
63,108,3,3
33,59,3,3
16,44,3,3
44,57,3,3
45,33,3,3
71,30,3,3
16,57,3,3
77,43,3,3
44,59,3,3
94,45,3,3
43,11,3,3
41,10,3,3
1,57,3,3
37,29,3,3
88,108,3,3
66,110,3,3
31,57,3,3
26,104,3,3
54,33,3,3
51,43,3,3
55,57,3,3
59,69,3,3
88,63,3,3
63,108,3,3
109,77,3,3
16,55,3,3
43,45,3,3
109,59,3,3
51,11,3,3
41,10,3,3
29,108,3,3
67,29,3,3
37,29,3,3
88,108,3,3
88,64,3,3
64,29,3,3
16,69,3,3
1,31,3,3
54,43,3,3
64,108,3,3
103,49,3,3
88,63,3,3
63,108,3,3
88,36,3,3
55,2,3,3
94,54,3,3
109,44,3,3
109,59,3,3
36,108,3,3
63,64,3,3
3,79,3,3
41,10,3,3
29,108,3,3
37,29,3,3
88,108,3,3
88,64,3,3
64,108,3,3
15,66,3,3
103,49,3,3
59,69,3,3
63,108,3,3
88,36,3,3
91,86,3,3
63,64,3,3
3,79,3,3
41,10,3,3
36,63,3,3
29,108,3,3
37,29,3,3
23,100,3,3
88,64,3,3
56,106,3,3
32,113,3,3
103,49,3,3
59,69,3,3
88,36,3,3
67,37,3,3
16,55,3,3
24,66,3,3
36,108,3,3
67,108,3,3
3,79,3,3
41,10,3,3
36,63,3,3
67,29,3,3
37,29,3,3
88,108,3,3
88,64,3,3
32,113,3,3
59,69,3,3
88,63,3,3
40,69,3,3
37,108,3,3
88,36,3,3
36,108,3,3
63,64,3,3
3,79,3,3
41,10,3,3
36,63,3,3
67,29,3,3
36,67,3,3
37,29,3,3
88,64,3,3
56,66,3,3
12,69,3,3
64,108,3,3
56,106,3,3
59,69,3,3
40,69,3,3
88,36,3,3
67,37,3,3
16,55,3,3
36,108,3,3
58,62,3,3
67,108,3,3
3,79,3,3
41,10,3,3
37,29,3,3
88,64,3,3
56,66,3,3
36,64,3,3
64,108,3,3
23,66,3,3
32,113,3,3
28,100,3,3
37,108,3,3
88,36,3,3
67,37,3,3
16,55,3,3
36,108,3,3
63,64,3,3
88,29,3,3
3,79,3,3
41,10,3,3
36,63,3,3
29,108,3,3
37,29,3,3
88,108,3,3
88,64,3,3
106,66,3,3
88,63,3,3
63,108,3,3
40,69,3,3
16,55,3,3
36,108,3,3
63,64,3,3
51,11,3,3
63,29,3,3
113,80,3,3
23,25,3,3
3,79,3,3
41,10,3,3
29,108,3,3
88,108,3,3
23,100,3,3
106,66,3,3
12,69,3,3
28,24,3,3
59,69,3,3
63,108,3,3
16,55,3,3
56,100,3,3
51,11,3,3
3,79,3,3
41,10,3,3
56,23,3,3
12,69,3,3
59,69,3,3
16,55,3,3
3,107,3,3
51,11,3,3
3,79,3,3
41,10,3,3
56,25,3,3
12,69,3,3
28,24,3,3
94,43,3,3
94,54,3,3
51,11,3,3
3,79,3,3
41,10,3,3
56,25,3,3
108,76,3,3
94,43,3,3
16,55,3,3
94,54,3,3
51,11,3,3
3,79,3,3
41,10,3,3
94,43,3,3
16,55,3,3
94,54,3,3
41,10,3,3
94,43,3,3
16,55,3,3
41,10,3,3
23,100,3,3
94,54,3,3
41,10,3,3
28,24,3,3
56,76,3,3
3,79,3,3
41,10,3,3
28,24,3,3
41,10,3,3
106,66,3,3
28,25,3,3
28,24,3,3
41,10,3,3
28,24,3,3
41,10,3,3
28,24,3,3
41,10,3,3
3,79,3,3
41,10,3,3
106,66,3,3
28,24,3,3
41,10,3,3
106,66,3,3
28,76,3,3
28,24,3,3
41,10,3,3
106,66,3,3
41,10,3,3
56,25,3,3
106,66,3,3
58,62,3,3
41,10,3,3
41,10,3,3
94,43,3,3
41,10,3,3
41,10,3,3
41,10,3,3
90,77,3,3
16,55,3,3
41,10,3,3
24,27,3,3
16,55,3,3
41,10,4,4
90,77,4,4
16,55,4,4
41,10,4,4
23,100,4,4
24,27,4,4
90,77,4,4
16,55,4,4
41,10,4,4
23,100,4,4
90,77,4,4
16,55,4,4
41,10,4,4
28,24,4,4
16,55,4,4
41,10,4,4
28,24,4,4
16,55,4,4
41,10,4,4
28,24,4,4
90,77,4,4
41,10,4,4
28,24,4,4
90,77,4,4
41,10,4,4
41,10,4,4
41,10,4,4
41,10,4,4
41,10,4,4
28,24,4,4
41,10,4,4
81,26,4,4
28,24,4,4
90,77,4,4
16,55,4,4
41,10,4,4
56,25,4,4
28,24,4,4
41,10,4,4
28,24,4,4
90,77,4,4
41,10,4,4
28,24,4,4
41,10,4,4
56,24,4,4
28,24,4,4
41,10,4,4
41,10,4,4
81,76,4,4
28,24,4,4
59,69,4,4
41,10,4,4
24,76,4,4
41,10,4,4
28,76,4,4
26,25,4,4
41,10,4,4
28,76,4,4
56,104,4,4
90,77,4,4
41,10,4,4
56,104,4,4
28,24,4,4
90,77,4,4
16,55,4,4
41,10,4,4
56,25,4,4
16,55,4,4
58,62,4,4
41,10,4,4
28,24,4,4
16,55,4,4
58,62,4,4
41,10,4,4
28,24,4,4
100,76,4,4
90,77,4,4
16,55,4,4
58,62,4,4
41,10,4,4
56,25,4,4
28,24,4,4
100,76,4,4
90,77,4,4
58,62,4,4
41,10,4,4
28,24,4,4
90,77,4,4
41,10,4,4
28,24,4,4
41,10,4,4
56,104,4,4
28,24,4,4
58,62,4,4
41,10,4,4
41,10,4,4
23,100,4,4
56,104,4,4
28,24,4,4
90,77,4,4
16,55,4,4
41,10,4,4
58,62,4,4
41,10,4,4
23,100,4,4
28,24,4,4
16,55,4,4
58,62,4,4
41,10,4,4
16,55,4,4
41,10,4,4
16,55,4,4
41,10,4,4
58,62,4,4
41,10,4,4
26,25,4,4
41,10,4,4
28,24,4,4
41,10,4,4
28,24,4,4
16,55,4,4
41,10,4,4
16,55,4,4
26,25,4,4
41,10,4,4
23,100,4,4
106,66,4,4
16,55,4,4
94,54,4,4
41,10,4,4
90,77,4,4
16,55,4,4
94,54,4,4
41,10,4,4
59,69,4,4
16,55,4,4
94,54,4,4
58,62,4,4
41,10,4,4
90,77,4,4
16,55,4,4
94,54,4,4
41,10,4,4
23,100,4,4
106,66,4,4
90,77,4,4
16,55,4,4
94,54,4,4
41,10,4,4
81,26,4,4
90,77,4,4
94,54,4,4
41,10,4,4
28,24,4,4
90,77,4,4
16,55,4,4
94,54,4,4
41,10,4,4
23,100,4,4
106,66,4,4
90,77,4,4
16,55,4,4
41,10,4,4
23,100,4,4
106,66,4,4
90,77,4,4
16,55,4,4
41,10,4,4
23,100,4,4
90,77,4,4
94,54,4,4
41,10,4,4
28,24,4,4
24,27,4,4
90,77,4,4
41,10,4,4
23,100,4,4
28,24,4,4
24,27,4,4
90,77,4,4
94,54,4,4
23,27,4,4
41,10,4,4
28,24,4,4
24,27,4,4
90,77,4,4
94,54,4,4
15,110,4,4
41,10,4,4
28,24,4,4
90,77,4,4
94,54,4,4
41,10,4,4
28,24,4,4
100,76,4,4
90,77,4,4
94,54,4,4
28,81,4,4
41,10,4,4
56,23,4,4
28,24,4,4
90,77,4,4
94,54,4,4
41,10,4,4
28,24,4,4
90,77,4,4
41,10,4,4
28,24,4,4
59,69,4,4
90,77,4,4
41,10,4,4
90,77,4,4
90,95,4,4
41,10,4,4
28,24,4,4
90,77,4,4
41,10,4,4
106,66,4,4
90,77,4,4
41,10,4,4
32,113,4,4
90,95,4,4
41,10,4,4
32,113,4,4
90,77,4,4
90,95,4,4
41,10,4,4
28,24,4,4
90,77,4,4
90,95,4,4
41,10,4,4
28,24,4,4
90,77,4,4
90,95,4,4
41,10,4,4
32,113,4,4
90,77,4,4
62,76,4,4
41,10,4,4
90,77,4,4
41,10,4,4
56,23,4,4
32,113,4,4
59,69,4,4
90,77,4,4
90,95,4,4
41,10,4,4
56,23,4,4
28,24,4,4
90,77,4,4
16,55,4,4
90,95,4,4
41,10,4,4
32,113,4,4
28,24,4,4
59,69,4,4
90,77,4,4
16,55,4,4
41,10,4,4
32,113,4,4
90,77,4,4
16,55,4,4
41,10,4,4
23,100,4,4
81,26,4,4
90,77,4,4
41,10,4,4
81,26,4,4
90,77,4,4
41,10,4,4
28,24,4,4
90,77,4,4
41,10,4,4
56,24,4,4
62,76,4,4
41,10,4,4
90,77,4,4
41,10,4,4
106,66,4,4
81,26,4,4
90,95,4,4
41,10,4,4
90,77,4,4
90,95,4,4
41,10,4,4
90,77,4,4
41,10,4,4
32,113,4,4
81,25,4,4
41,10,4,4
28,24,4,4
90,95,4,4
41,10,4,4
28,24,4,4
90,77,4,4
90,95,4,4
41,10,4,4
81,26,4,4
90,77,4,4
81,25,4,4
41,10,4,4
90,77,4,4
41,10,4,4
23,100,4,4
90,77,4,4
41,10,4,4
23,100,4,4
90,77,4,4
41,10,4,4
23,100,4,4
56,24,4,4
90,95,4,4
41,10,4,4
28,24,4,4
90,77,4,4
41,10,4,4
28,24,4,4
90,77,4,4
41,10,4,4
23,100,4,4
90,77,4,4
41,10,4,4
106,66,4,4
90,77,4,4
41,10,4,4
90,77,4,4
41,10,4,4
24,27,4,4
90,77,4,4
41,10,4,4
90,77,4,4
90,95,4,4
41,10,4,4
81,26,4,4
41,10,4,4
81,26,4,4
41,10,4,4
56,23,4,4
81,26,4,4
90,77,4,4
41,10,4,4
41,10,4,4
106,66,4,4
32,113,4,4
90,77,4,4
26,25,4,4
41,10,4,4
100,66,4,4
26,25,4,4
41,10,4,4
56,104,4,4
90,77,4,4
100,104,4,4
41,10,4,4
28,24,4,4
90,77,4,4
41,10,4,4
90,77,4,4
41,10,4,4
41,10,4,4
41,10,4,4
28,24,4,4
56,100,4,4
41,10,4,4
26,25,4,4
41,10,4,4
56,106,4,4
26,25,4,4
41,10,4,4
106,66,4,4
28,24,4,4
41,10,4,4
28,24,4,4
41,10,4,4
41,10,4,4
41,10,4,4
41,10,4,4
23,100,4,4
24,27,4,4
56,100,4,4
41,10,4,4
23,100,4,4
56,100,4,4
41,10,4,4
56,23,4,4
56,100,4,4
41,10,4,4
23,100,4,4
90,77,4,4
56,100,4,4
41,10,4,4
26,76,4,4
23,100,4,4
28,24,4,4
56,100,4,4
41,10,4,4
24,27,4,4
90,77,4,4
28,27,4,4
41,10,5,5
90,77,5,5
28,27,5,5
26,25,5,5
41,10,5,5
56,23,5,5
28,24,5,5
24,27,5,5
41,10,5,5
41,10,5,5
58,66,5,5
24,27,5,5
26,25,5,5
41,10,5,5
58,66,5,5
28,24,5,5
28,27,5,5
26,25,5,5
41,10,5,5
41,10,5,5
26,25,5,5
41,10,5,5
90,77,5,5
41,10,5,5
32,113,5,5
90,77,5,5
41,10,5,5
26,25,5,5
41,10,5,5
32,113,5,5
41,10,5,5
32,113,5,5
28,24,5,5
56,100,5,5
41,10,5,5
90,77,5,5
41,10,5,5
41,10,5,5
28,24,5,5
90,77,5,5
66,62,5,5
41,10,5,5
32,113,5,5
58,62,5,5
56,100,5,5
41,10,5,5
23,100,5,5
81,26,5,5
66,62,5,5
41,10,5,5
24,27,5,5
90,77,5,5
56,100,5,5
41,10,5,5
32,113,5,5
24,27,5,5
41,10,5,5
24,27,5,5
90,77,5,5
41,10,5,5
28,24,5,5
41,10,5,5
90,77,5,5
66,62,5,5
41,10,5,5
24,27,5,5
41,10,5,5
81,26,5,5
15,110,5,5
41,10,5,5
90,77,5,5
41,10,5,5
90,77,5,5
28,27,5,5
41,10,5,5
90,77,5,5
41,10,5,5
111,12,5,5
90,77,5,5
41,10,5,5
28,24,5,5
28,104,5,5
41,10,5,5
28,24,5,5
90,77,5,5
41,10,5,5
90,77,5,5
41,10,5,5
90,77,5,5
81,25,5,5
41,10,5,5
27,76,5,5
90,77,5,5
41,10,5,5
28,24,5,5
27,76,5,5
41,10,5,5
23,100,5,5
27,76,5,5
90,77,5,5
41,10,5,5
111,12,5,5
27,76,5,5
16,55,5,5
41,10,5,5
27,76,5,5
90,77,5,5
24,26,5,5
41,10,5,5
23,100,5,5
27,76,5,5
90,77,5,5
41,10,5,5
23,100,5,5
106,66,5,5
28,24,5,5
41,10,5,5
27,76,5,5
41,10,5,5
28,24,5,5
90,77,5,5
41,10,5,5
27,76,5,5
41,10,5,5
27,76,5,5
41,10,5,5
90,77,5,5
41,10,5,5
27,76,5,5
41,10,5,5
27,76,5,5
90,77,5,5
26,25,5,5
41,10,5,5
27,76,5,5
90,77,5,5
41,10,5,5
41,10,5,5
90,77,5,5
41,10,5,5
90,77,5,5
41,10,5,5
90,77,5,5
41,10,5,5
90,77,5,5
26,25,5,5
41,10,5,5
28,24,5,5
41,10,5,5
28,24,5,5
90,77,5,5
41,10,5,5
90,77,5,5
41,10,5,5
90,77,5,5
41,10,5,5
28,24,5,5
41,10,5,5
26,25,5,5
41,10,5,5
23,100,5,5
56,104,5,5
90,77,5,5
41,10,5,5
23,100,5,5
28,24,5,5
90,77,5,5
41,10,5,5
28,76,5,5
41,10,5,5
106,66,5,5
28,76,5,5
28,24,5,5
41,10,5,5
16,55,5,5
41,10,5,5
81,26,5,5
106,110,5,5
15,62,5,5
41,10,5,5
106,66,5,5
41,10,5,5
41,10,5,5
41,10,5,5
26,25,5,5
41,10,5,5
26,25,5,5
41,10,5,5
32,113,5,5
41,10,5,5
24,76,5,5
41,10,5,5
41,10,5,5
41,10,5,5
28,24,5,5
24,104,5,5
41,10,5,5
56,25,5,5
90,77,5,5
41,10,5,5
90,77,5,5
41,10,5,5
90,77,5,5
41,10,5,5
28,24,5,5
41,10,5,5
106,66,5,5
15,110,5,5
41,10,5,5
81,26,5,5
28,23,5,5
16,55,5,5
41,10,5,5
24,27,5,5
90,77,5,5
41,10,5,5
90,77,5,5
100,104,5,5
41,10,5,5
26,76,5,5
81,26,5,5
24,27,5,5
81,25,5,5
41,10,5,5
24,27,5,5
100,104,5,5
41,10,5,5
66,110,5,5
56,104,5,5
32,113,5,5
24,27,5,5
41,10,5,5
23,100,5,5
106,66,5,5
24,27,5,5
90,77,5,5
16,55,5,5
41,10,5,5
90,77,5,5
41,10,5,5
28,25,5,5
28,24,5,5
90,77,5,5
41,10,5,5
28,24,5,5
90,77,5,5
41,10,5,5
28,24,5,5
90,77,5,5
41,10,5,5
28,24,5,5
90,77,5,5
41,10,5,5
32,113,5,5
28,24,5,5
24,27,5,5
90,77,5,5
41,10,5,5
23,100,5,5
28,24,5,5
24,25,5,5
41,10,5,5
28,24,5,5
90,77,5,5
24,25,5,5
41,10,5,5
90,77,5,5
41,10,5,5
32,113,5,5
24,27,5,5
90,77,5,5
28,27,5,5
16,55,5,5
24,25,5,5
41,10,5,5
28,24,5,5
24,27,5,5
90,77,5,5
28,27,5,5
24,25,5,5
41,10,5,5
24,27,5,5
90,77,5,5
41,10,5,5
24,25,5,5
41,10,5,5
81,76,5,5
90,77,5,5
28,27,5,5
24,25,5,5
15,110,5,5
41,10,5,5
32,113,5,5
15,66,5,5
90,77,5,5
28,27,5,5
41,10,5,5
111,12,5,5
90,77,5,5
28,27,5,5
41,10,5,5
28,24,5,5
24,27,5,5
41,10,5,5
24,27,5,5
41,10,5,5
32,113,5,5
24,27,5,5
90,77,5,5
41,10,5,5
90,77,5,5
28,27,5,5
41,10,5,5
90,77,5,5
24,25,5,5
41,10,5,5
106,66,5,5
24,27,5,5
90,77,5,5
24,25,5,5
41,10,5,5
56,25,5,5
32,113,5,5
28,24,5,5
24,27,5,5
41,10,5,5
56,25,5,5
28,24,5,5
24,27,5,5
90,77,5,5
24,25,5,5
41,10,5,5
24,27,5,5
90,77,5,5
41,10,5,5
90,77,5,5
41,10,5,5
90,77,5,5
28,27,5,5
16,55,5,5
24,25,5,5
41,10,5,5
90,77,5,5
28,27,5,5
16,55,5,5
58,62,5,5
41,10,5,5
23,100,5,5
90,77,5,5
41,10,5,5
23,100,5,5
28,25,5,5
90,77,5,5
41,10,5,5
106,66,5,5
81,26,5,5
90,77,5,5
41,10,5,5
106,66,5,5
90,77,5,5
28,27,5,5
16,55,5,5
41,10,5,5
90,77,5,5
66,62,5,5
41,10,5,5
90,77,5,5
16,55,5,5
41,10,6,6
90,77,6,6
16,55,6,6
41,10,6,6
28,25,6,6
15,62,6,6
90,77,6,6
41,10,6,6
28,24,6,6
90,77,6,6
28,27,6,6
66,62,6,6
41,10,6,6
56,104,6,6
28,24,6,6
90,77,6,6
28,27,6,6
66,62,6,6
41,10,6,6
56,104,6,6
28,24,6,6
90,77,6,6
41,10,6,6
56,104,6,6
90,77,6,6
41,10,6,6
56,104,6,6
90,77,6,6
41,10,6,6
32,113,6,6
90,77,6,6
24,25,6,6
41,10,6,6
56,104,6,6
90,77,6,6
41,10,6,6
90,77,6,6
24,25,6,6
41,10,6,6
90,77,6,6
24,25,6,6
41,10,6,6
90,77,6,6
24,25,6,6
41,10,6,6
90,77,6,6
16,55,6,6
41,10,6,6
81,26,6,6
90,77,6,6
41,10,6,6
106,66,6,6
111,12,6,6
90,77,6,6
41,10,6,6
90,77,6,6
16,55,6,6
41,10,6,6
90,77,6,6
28,27,6,6
24,25,6,6
41,10,6,6
28,27,6,6
41,10,6,6
106,66,6,6
90,77,6,6
28,27,6,6
41,10,6,6
90,77,6,6
28,27,6,6
24,25,6,6
41,10,6,6
28,24,6,6
90,77,6,6
41,10,6,6
90,77,6,6
41,10,6,6
23,100,6,6
56,24,6,6
90,77,6,6
81,24,6,6
41,10,6,6
23,100,6,6
90,77,6,6
81,24,6,6
41,10,6,6
90,77,6,6
41,10,6,6
90,77,6,6
23,100,6,6
90,77,6,6
28,27,6,6
41,10,6,6
23,100,6,6
106,66,6,6
90,77,6,6
81,24,6,6
41,10,6,6
25,27,6,6
90,77,6,6
41,10,6,6
90,77,6,6
41,10,6,6
24,27,6,6
90,77,6,6
41,10,6,6
28,25,6,6
24,27,6,6
90,77,6,6
41,10,6,6
24,27,6,6
28,100,6,6
90,77,6,6
41,10,6,6
24,27,6,6
90,77,6,6
41,10,6,6
23,100,6,6
81,26,6,6
24,27,6,6
90,77,6,6
41,10,6,6
23,100,6,6
28,24,6,6
90,77,6,6
41,10,6,6
24,27,6,6
90,77,6,6
41,10,6,6
81,26,6,6
66,76,6,6
90,77,6,6
41,10,6,6
24,27,6,6
90,77,6,6
41,10,6,6
28,25,6,6
90,77,6,6
41,10,6,6
90,77,6,6
41,10,6,6
81,26,6,6
24,27,6,6
25,27,6,6
90,77,6,6
45,4,6,6
41,10,6,6
81,76,6,6
23,100,6,6
24,27,6,6
90,77,6,6
41,10,6,6
81,76,6,6
23,100,6,6
81,26,6,6
24,27,6,6
90,77,6,6
41,10,6,6
106,66,6,6
81,26,6,6
24,27,6,6
90,77,6,6
41,10,6,6
23,100,6,6
24,27,6,6
90,77,6,6
41,10,6,6
24,27,6,6
90,77,6,6
41,10,6,6
81,26,6,6
24,27,6,6
90,77,6,6
41,10,6,6
81,26,6,6
90,77,6,6
41,10,6,6
90,77,6,6
28,27,6,6
41,10,6,6
90,77,6,6
28,27,6,6
41,10,6,6
90,77,6,6
28,27,6,6
28,81,6,6
41,10,6,6
90,77,6,6
28,27,6,6
41,10,6,6
90,77,6,6
41,10,6,6
90,77,6,6
28,27,6,6
41,10,6,6
106,66,6,6
90,77,6,6
28,27,6,6
41,10,6,6
67,64,6,6
67,37,6,6
41,10,6,6
67,64,6,6
28,26,6,6
41,10,6,6
90,77,6,6
28,26,6,6
41,10,6,6
90,77,6,6
28,26,6,6
41,10,6,6
41,10,6,6
56,104,6,6
90,77,6,6
90,95,6,6
41,10,6,6
56,104,6,6
90,77,6,6
41,10,6,6
41,10,6,6
56,104,6,6
90,77,6,6
41,10,6,6
90,77,6,6
41,10,6,6
90,77,6,6
41,10,6,6
23,100,6,6
106,66,6,6
90,77,6,6
41,10,6,6
23,100,6,6
106,66,6,6
90,77,6,6
28,27,6,6
41,10,6,6
23,100,6,6
90,77,6,6
41,10,6,6
101,107,6,6
41,10,6,6
101,107,6,6
41,10,6,6
101,107,6,6
41,10,6,6
23,100,6,6
101,107,6,6
28,27,6,6
41,10,6,6
23,100,6,6
101,107,6,6
28,27,6,6
41,10,6,6
101,107,6,6
41,10,6,6
101,107,6,6
41,10,6,6
101,107,6,6
41,10,6,6
23,100,6,6
106,66,6,6
101,107,6,6
41,10,6,6
106,66,6,6
101,107,6,6
41,10,6,6
101,107,6,6
28,24,6,6
41,10,6,6
101,107,6,6
41,10,6,6
101,107,6,6
55,30,6,6
90,77,6,6
16,55,6,6
41,10,6,6
101,107,6,6
16,55,6,6
40,57,6,6
3,119,6,6
1,71,6,6
3,79,6,6
41,10,6,6
105,119,6,6
56,25,6,6
32,113,6,6
126,43,6,6
82,113,6,6
43,80,6,6
90,77,6,6
12,107,6,6
40,57,6,6
3,119,6,6
41,10,6,6
56,25,6,6
68,69,6,6
45,57,6,6
113,45,6,6
33,4,6,6
43,80,6,6
40,45,6,6
16,55,6,6
109,44,6,6
1,43,6,6
41,10,6,6
105,119,6,6
1,55,6,6
106,66,6,6
113,57,6,6
1,33,6,6
101,40,6,6
28,100,6,6
71,32,6,6
109,44,6,6
11,12,6,6
101,2,6,6
43,11,6,6
41,10,6,6
106,66,6,6
55,43,6,6
43,119,6,6
1,33,6,6
32,57,6,6
1,32,6,6
28,100,6,6
101,69,6,6
109,44,6,6
41,10,6,6
101,3,6,6
81,26,6,6
11,40,6,6
1,33,6,6
1,32,6,6
28,100,6,6
101,16,6,6
109,78,6,6
30,57,6,6
41,10,6,6
40,12,6,6
1,32,6,6
28,24,6,6
28,100,6,6
79,2,6,6
41,10,6,6
1,32,6,6
28,100,6,6
81,24,6,6
41,10,6,6
55,31,6,6
55,43,6,6
54,30,6,6
24,30,6,6
81,24,6,6
41,10,6,6
17,78,6,6
56,24,6,6
56,32,6,6
41,10,6,6
40,12,6,6
81,24,6,6
24,26,6,6
41,10,6,6
106,66,6,6
81,26,6,6
28,100,6,6
16,59,6,6
41,10,6,6
106,66,6,6
28,100,6,6
24,109,6,6
81,24,6,6
41,10,6,6
106,66,6,6
81,40,6,6
26,12,6,6
41,10,6,6
24,40,6,6
28,66,6,6
41,10,6,6
40,12,6,6
106,66,6,6
106,40,6,6
66,12,6,6
66,40,6,6
106,66,6,6
66,12,6,6
41,10,6,6
23,16,6,6
16,17,6,6
41,10,6,6
106,66,6,6
17,78,6,6
23,17,6,6
41,10,6,6
106,66,6,6
41,10,6,6
106,66,6,6
66,43,6,6
41,10,6,6
106,43,6,6
66,43,6,6
41,10,6,6
106,66,6,6
66,43,6,6
41,10,6,6
106,66,6,6
106,43,6,6
15,43,6,6
41,10,6,6
106,66,6,6
43,110,6,6
66,43,6,6
58,62,6,6
41,10,6,6
106,66,6,6
106,43,6,6
43,110,6,6
66,43,6,6
41,10,6,6
106,66,6,6
106,43,6,6
66,43,6,6
41,10,6,6
58,62,6,6
41,10,6,6
66,43,6,6
58,62,6,6
25,58,6,6
41,10,6,6
25,62,6,6
66,43,6,6
58,62,6,6
41,10,6,6
25,62,6,6
58,62,6,6
25,58,6,6
41,10,6,6
41,10,6,6
41,10,6,6
58,62,6,6
41,10,6,6
58,62,6,6
41,10,6,6
41,10,6,6
41,10,7,7
29,120,7,7
41,10,7,7
126,31,7,7
31,2,7,7
41,10,7,7
58,62,7,7
41,10,7,7
58,62,7,7
41,10,7,7
41,10,7,7
41,10,7,7
41,10,7,7
41,10,7,7
105,119,7,7
44,119,7,7
41,10,7,7
44,119,7,7
41,10,7,7
44,119,7,7
41,10,7,7
70,105,7,7
58,62,7,7
41,10,7,7
70,105,7,7
82,44,7,7
58,62,7,7
41,10,7,7
70,105,7,7
82,44,7,7
41,10,7,7
70,105,7,7
82,44,7,7
44,119,7,7
58,62,7,7
41,10,7,7
70,105,7,7
28,100,7,7
82,44,7,7
41,10,7,7
28,100,7,7
41,10,7,7
70,105,7,7
82,44,7,7
58,62,7,7
24,80,7,7
41,10,7,7
82,119,7,7
24,3,7,7
58,62,7,7
41,10,7,7
82,44,7,7
58,62,7,7
41,10,7,7
24,51,7,7
58,62,7,7
41,10,7,7
28,82,7,7
28,100,7,7
24,51,7,7
41,10,7,7
28,100,7,7
24,51,7,7
41,10,7,7
41,10,7,7
58,62,7,7
41,10,7,7
28,100,7,7
41,10,7,7
28,100,7,7
41,10,7,7
28,100,7,7
41,10,7,7
28,100,7,7
41,10,7,7
28,100,7,7
41,10,7,7
108,113,7,7
28,100,7,7
41,10,7,7
51,43,7,7
28,100,7,7
41,10,7,7
106,43,7,7
28,100,7,7
26,43,7,7
66,43,7,7
41,10,7,7
106,66,7,7
28,100,7,7
66,43,7,7
62,76,7,7
41,10,7,7
106,66,7,7
106,43,7,7
24,26,7,7
41,10,7,7
106,66,7,7
106,43,7,7
66,43,7,7
41,10,7,7
28,100,7,7
24,26,7,7
41,10,7,7
106,66,7,7
24,27,7,7
28,100,7,7
24,26,7,7
41,10,7,7
24,27,7,7
24,26,7,7
41,10,7,7
82,109,7,7
105,44,7,7
41,10,7,7
82,109,7,7
58,62,7,7
24,26,7,7
41,10,7,7
82,109,7,7
28,82,7,7
24,26,7,7
41,10,7,7
82,109,7,7
24,26,7,7
95,44,7,7
41,10,7,7
82,109,7,7
82,100,7,7
95,44,7,7
105,44,7,7
41,10,7,7
106,66,7,7
28,100,7,7
24,26,7,7
95,44,7,7
41,10,7,7
82,109,7,7
24,26,7,7
95,44,7,7
41,10,7,7
105,44,7,7
41,10,7,7
95,105,7,7
28,100,7,7
24,26,7,7
41,10,7,7
82,109,7,7
24,26,7,7
41,10,7,7
23,51,7,7
41,10,7,7
23,51,7,7
98,29,7,7
41,10,7,7
24,26,7,7
105,44,7,7
82,109,7,7
24,3,7,7
24,80,7,7
82,109,7,7
24,3,7,7
41,10,7,7
82,109,7,7
24,26,7,7
41,10,7,7
82,109,7,7
17,78,7,7
66,51,7,7
26,3,7,7
24,3,7,7
41,10,7,7
82,109,7,7
24,3,7,7
41,10,7,7
82,109,7,7
106,66,7,7
51,43,7,7
24,3,7,7
41,10,7,7
82,109,7,7
51,43,7,7
23,80,7,7
41,10,7,7
82,109,7,7
106,66,7,7
23,80,7,7
41,10,7,7
82,109,7,7
41,10,7,7
82,109,7,7
41,10,7,7
106,66,7,7
41,10,7,7
41,10,7,7
106,66,7,7
81,26,7,7
41,10,7,7
82,109,7,7
81,26,7,7
66,43,7,7
41,10,7,7
66,43,7,7
41,10,7,7
81,26,7,7
66,43,7,7
41,10,7,7
82,109,7,7
24,23,7,7
41,10,7,7
82,109,7,7
24,80,7,7
41,10,7,7
41,10,7,7
58,62,7,7
81,23,7,7
41,10,7,7
81,23,7,7
41,10,7,7
17,31,7,7
81,23,7,7
41,10,7,7
106,66,7,7
81,23,7,7
41,10,7,7
81,23,7,7
41,10,7,7
106,66,7,7
66,43,7,7
58,62,7,7
81,23,7,7
41,10,7,7
106,66,7,7
66,43,7,7
41,10,7,7
58,62,7,7
41,10,7,7
82,109,7,7
106,66,7,7
58,62,7,7
41,10,7,7
106,51,7,7
66,51,7,7
51,43,7,7
106,43,7,7
41,10,7,7
66,51,7,7
106,43,7,7
58,62,7,7
62,76,7,7
41,10,7,7
82,109,7,7
106,51,7,7
66,51,7,7
58,62,7,7
62,76,7,7
90,87,7,7
41,10,7,7
106,66,7,7
66,51,7,7
81,23,7,7
41,10,7,7
82,109,7,7
66,51,7,7
106,43,7,7
58,62,7,7
82,109,7,7
106,51,7,7
66,51,7,7
106,43,7,7
58,62,7,7
24,80,7,7
41,10,7,7
106,51,7,7
66,51,7,7
64,108,7,7
106,43,7,7
23,27,7,7
41,10,7,7
66,51,7,7
64,108,7,7
81,27,7,7
41,10,7,7
106,66,7,7
66,51,7,7
64,108,7,7
106,43,7,7
24,80,7,7
81,27,7,7
41,10,7,7
66,51,7,7
106,43,7,7
24,80,7,7
41,10,7,7
106,66,7,7
64,108,7,7
106,43,7,7
24,3,7,7
24,80,7,7
81,27,7,7
41,10,7,7
106,66,7,7
66,51,7,7
64,108,7,7
24,80,7,7
81,27,7,7
41,10,7,7
106,43,7,7
15,43,7,7
41,10,7,7
106,43,7,7
43,110,7,7
24,80,7,7
41,10,7,7
66,51,7,7
106,43,7,7
43,110,7,7
58,76,7,7
41,10,7,7
106,51,7,7
66,51,7,7
106,43,7,7
43,110,7,7
58,62,7,7
41,10,7,7
106,51,7,7
106,43,7,7
43,110,7,7
24,3,7,7
41,10,7,7
106,43,7,7
58,62,7,7
24,80,7,7
41,10,7,7
82,109,7,7
81,26,7,7
106,43,7,7
26,27,7,7
24,80,7,7
81,23,7,7
41,10,7,7
106,51,7,7
106,66,7,7
81,26,7,7
106,43,7,7
43,110,7,7
26,27,7,7
41,10,7,7
106,51,7,7
106,66,7,7
106,43,7,7
26,27,7,7
41,10,7,7
106,51,7,7
106,66,7,7
81,26,7,7
66,51,7,7
106,43,7,7
43,110,7,7
109,44,7,7
62,76,7,7
24,80,7,7
41,10,7,7
82,109,7,7
82,109,7,7
106,51,7,7
16,31,7,7
66,51,7,7
106,43,7,7
43,110,7,7
58,76,7,7
109,44,7,7
62,76,7,7
41,10,7,7
106,51,7,7
106,43,7,7
109,44,7,7
62,76,7,7
24,80,7,7
81,27,7,7
41,10,7,7
106,66,7,7
81,26,7,7
106,43,7,7
66,43,7,7
58,76,7,7
109,44,7,7
41,10,7,7
81,26,7,7
106,43,7,7
43,110,7,7
58,76,7,7
98,29,7,7
41,10,7,7
81,26,7,7
106,43,7,7
43,110,7,7
62,76,7,7
98,29,7,7
41,10,7,7
106,66,7,7
81,26,7,7
106,43,7,7
43,110,7,7
81,27,7,7
41,10,7,7
106,66,7,7
81,26,7,7
109,111,7,7
16,31,7,7
66,51,7,7
106,43,7,7
58,76,7,7
26,27,7,7
81,27,7,7
41,10,7,7
106,66,7,7
16,31,7,7
66,51,7,7
43,110,7,7
58,76,7,7
26,27,7,7
98,29,7,7
41,10,7,7
106,51,7,7
16,31,7,7
66,51,7,7
26,27,7,7
81,23,7,7
41,10,7,7
106,51,7,7
16,31,7,7
66,51,7,7
31,78,7,7
41,10,7,7
106,51,7,7
16,31,7,7
31,78,7,7
41,10,7,7
106,51,7,7
66,51,7,7
41,10,7,7
106,51,7,7
81,26,7,7
24,80,7,7
41,10,7,7
81,26,7,7
24,80,7,7
41,10,7,7
66,51,7,7
66,43,7,7
41,10,8,8
16,12,8,8
66,51,8,8
16,40,8,8
40,31,8,8
43,110,8,8
45,33,8,8
40,57,8,8
24,80,8,8
41,10,8,8
106,66,8,8
66,51,8,8
12,78,8,8
58,62,8,8
24,80,8,8
15,51,8,8
16,78,8,8
41,10,8,8
106,66,8,8
81,26,8,8
66,51,8,8
40,45,8,8
62,76,8,8
24,80,8,8
95,44,8,8
81,27,8,8
41,10,8,8
16,12,8,8
66,51,8,8
66,43,8,8
40,45,8,8
33,57,8,8
95,44,8,8
15,51,8,8
16,78,8,8
81,27,8,8
41,10,8,8
106,66,8,8
106,66,8,8
81,26,8,8
66,51,8,8
16,71,8,8
40,45,8,8
106,54,8,8
58,62,8,8
23,27,8,8
57,4,8,8
33,57,8,8
24,80,8,8
95,44,8,8
41,10,8,8
106,66,8,8
66,51,8,8
106,43,8,8
106,54,8,8
95,44,8,8
41,10,8,8
106,66,8,8
110,80,8,8
66,51,8,8
106,54,8,8
62,76,8,8
45,69,8,8
68,33,8,8
71,78,8,8
106,66,8,8
110,80,8,8
66,51,8,8
40,69,8,8
62,76,8,8
11,83,8,8
71,78,8,8
41,10,8,8
106,66,8,8
71,69,8,8
110,80,8,8
66,51,8,8
40,69,8,8
43,110,8,8
94,3,8,8
106,54,8,8
95,16,8,8
62,76,8,8
69,78,8,8
71,78,8,8
41,10,8,8
71,33,8,8
66,110,8,8
106,66,8,8
106,66,8,8
71,69,8,8
110,80,8,8
66,51,8,8
106,43,8,8
12,78,8,8
106,54,8,8
95,16,8,8
58,76,8,8
62,76,8,8
69,78,8,8
81,23,8,8
41,10,8,8
70,44,8,8
66,110,8,8
106,66,8,8
33,69,8,8
71,69,8,8
3,80,8,8
110,80,8,8
66,51,8,8
17,69,8,8
40,45,8,8
106,54,8,8
23,26,8,8
12,57,8,8
24,3,8,8
62,76,8,8
15,51,8,8
81,23,8,8
70,44,8,8
66,110,8,8
106,66,8,8
101,3,8,8
71,69,8,8
110,80,8,8
66,51,8,8
23,26,8,8
58,62,8,8
62,76,8,8
69,78,8,8
3,44,8,8
70,44,8,8
106,66,8,8
71,69,8,8
110,80,8,8
66,51,8,8
17,69,8,8
12,57,8,8
3,44,8,8
41,10,8,8
70,44,8,8
106,66,8,8
71,69,8,8
110,80,8,8
66,51,8,8
43,40,8,8
43,59,8,8
41,10,8,8
1,57,8,8
70,44,8,8
106,66,8,8
71,69,8,8
110,80,8,8
106,43,8,8
1,12,8,8
43,45,8,8
69,78,8,8
70,3,8,8
106,66,8,8
43,57,8,8
71,69,8,8
110,80,8,8
66,51,8,8
45,57,8,8
106,43,8,8
12,57,8,8
69,78,8,8
41,10,8,8
106,66,8,8
43,57,8,8
71,69,8,8
16,31,8,8
110,80,8,8
66,51,8,8
17,69,8,8
82,44,8,8
43,80,8,8
1,101,8,8
33,17,8,8
15,110,8,8
43,11,8,8
16,30,8,8
41,10,8,8
71,33,8,8
33,69,8,8
43,57,8,8
71,69,8,8
36,64,8,8
110,80,8,8
66,51,8,8
51,12,8,8
106,43,8,8
43,80,8,8
1,101,8,8
43,11,8,8
16,30,8,8
41,10,8,8
81,26,8,8
80,12,8,8
43,57,8,8
71,69,8,8
110,80,8,8
66,51,8,8
28,100,8,8
1,101,8,8
43,11,8,8
16,30,8,8
41,10,8,8
80,12,8,8
43,57,8,8
71,69,8,8
12,83,8,8
110,80,8,8
80,83,8,8
106,43,8,8
59,69,8,8
45,12,8,8
58,62,8,8
1,101,8,8
16,30,8,8
81,27,8,8
41,10,8,8
71,69,8,8
17,78,8,8
110,80,8,8
40,80,8,8
80,83,8,8
71,59,8,8
59,69,8,8
58,62,8,8
16,30,8,8
41,10,8,8
43,12,8,8
106,66,8,8
30,33,8,8
71,69,8,8
17,78,8,8
110,80,8,8
80,83,8,8
51,43,8,8
71,59,8,8
106,43,8,8
59,69,8,8
45,12,8,8
30,59,8,8
43,40,8,8
15,51,8,8
43,11,8,8
16,30,8,8
41,10,8,8
106,51,8,8
106,66,8,8
93,71,8,8
30,33,8,8
43,57,8,8
110,80,8,8
45,12,8,8
33,59,8,8
16,33,8,8
101,105,8,8
69,78,8,8
15,51,8,8
16,30,8,8
41,10,8,8
106,66,8,8
33,69,8,8
30,33,8,8
45,68,8,8
110,80,8,8
59,17,8,8
82,113,8,8
40,45,8,8
69,78,8,8
15,110,8,8
54,44,8,8
43,11,8,8
16,30,8,8
41,10,8,8
93,2,8,8
66,110,8,8
106,66,8,8
110,80,8,8
77,83,8,8
51,54,8,8
80,83,8,8
59,17,8,8
71,2,8,8
16,33,8,8
24,80,8,8
69,78,8,8
15,110,8,8
54,44,8,8
43,11,8,8
16,30,8,8
30,33,8,8
17,78,8,8
110,80,8,8
45,57,8,8
51,54,8,8
80,83,8,8
59,69,8,8
17,69,8,8
71,2,8,8
55,2,8,8
77,80,8,8
1,101,8,8
43,40,8,8
69,78,8,8
54,44,8,8
43,11,8,8
16,30,8,8
81,23,8,8
81,27,8,8
41,10,8,8
11,57,8,8
106,66,8,8
43,57,8,8
17,78,8,8
110,80,8,8
66,51,8,8
16,59,8,8
59,69,8,8
17,69,8,8
71,2,8,8
12,78,8,8
77,80,8,8
43,11,8,8
16,30,8,8
81,27,8,8
41,10,8,8
11,57,8,8
59,2,8,8
106,66,8,8
43,57,8,8
71,69,8,8
16,69,8,8
45,68,8,8
28,100,8,8
59,69,8,8
17,69,8,8
83,57,8,8
43,83,8,8
94,44,8,8
16,2,8,8
62,76,8,8
1,101,8,8
43,40,8,8
51,69,8,8
15,51,8,8
30,118,8,8
51,80,8,8
43,11,8,8
41,10,8,8
11,57,8,8
59,2,8,8
101,3,8,8
43,57,8,8
16,69,8,8
17,78,8,8
16,59,8,8
59,69,8,8
12,78,8,8
83,57,8,8
12,17,8,8
62,76,8,8
1,101,8,8
51,69,8,8
15,43,8,8
11,45,8,8
54,44,8,8
71,78,8,8
81,23,8,8
41,10,8,8
30,78,8,8
80,69,8,8
28,100,8,8
12,17,8,8
1,101,8,8
43,79,8,8
51,69,8,8
11,45,8,8
40,68,8,8
43,11,8,8
41,10,8,8
11,57,8,8
59,2,8,8
30,78,8,8
43,57,8,8
80,69,8,8
59,69,8,8
71,30,8,8
30,17,8,8
94,44,8,8
71,17,8,8
71,12,8,8
43,40,8,8
24,80,8,8
11,45,8,8
71,78,8,8
41,10,8,8
30,78,8,8
106,66,8,8
17,78,8,8
106,43,8,8
28,100,8,8
40,45,8,8
43,68,8,8
71,30,8,8
30,17,8,8
12,17,8,8
71,17,8,8
80,59,8,8
43,40,8,8
71,78,8,8
30,78,8,8
106,66,8,8
33,69,8,8
43,57,8,8
45,68,8,8
69,2,8,8
11,40,8,8
16,59,8,8
30,12,8,8
40,45,8,8
51,59,8,8
71,30,8,8
30,17,8,8
44,59,8,8
15,43,8,8
41,10,8,8
106,66,8,8
45,57,8,8
16,11,8,8
59,69,8,8
33,57,8,8
51,11,8,8
51,80,8,8
41,10,8,8
106,66,8,8
55,80,8,8
110,80,8,8
53,6,8,8
106,43,8,8
1,79,8,8
1,16,8,8
43,45,8,8
30,17,8,8
51,11,8,8
41,10,8,8
30,69,8,8
33,69,8,8
30,33,8,8
28,100,8,8
12,78,8,8
1,79,8,8
11,80,8,8
1,16,8,8
43,45,8,8
30,17,8,8
94,44,8,8
80,2,8,8
60,96,8,8
51,80,8,8
100,36,8,8
41,10,8,8
30,69,8,8
66,110,8,8
71,69,8,8
28,36,8,8
43,110,8,8
66,43,8,8
11,80,8,8
43,45,8,8
94,44,8,8
53,39,8,8
15,51,8,8
100,36,8,8
41,10,8,8
43,33,8,8
1,11,8,8
33,69,8,8
17,78,8,8
66,51,8,8
62,43,8,8
93,62,8,8
43,110,8,8
66,43,8,8
12,78,8,8
28,64,8,8
11,80,8,8
43,83,8,8
93,51,8,8
30,17,8,8
30,11,8,8
12,17,8,8
53,39,8,8
90,95,8,8
24,80,8,8
15,51,8,8
41,10,8,8
1,11,8,8
60,10,8,8
19,22,8,8
93,62,8,8
43,80,8,8
12,78,8,8
24,3,8,8
53,39,8,8
68,33,8,8
41,10,8,8
1,11,8,8
60,10,8,8
19,22,8,8
93,62,8,8
43,80,8,8
12,78,8,8
1,79,8,8
43,83,8,8
16,45,8,8
94,44,8,8
30,83,8,8
53,39,8,8
41,10,8,8
8,115,8,8
1,11,8,8
33,69,8,8
3,80,8,8
28,100,8,8
19,22,8,8
16,59,8,8
93,62,8,8
16,40,8,8
43,80,8,8
30,43,8,8
105,3,8,8
94,44,8,8
24,3,8,8
24,80,8,8
51,11,8,8
46,39,8,8
100,36,8,8
41,10,8,8
36,104,8,8
46,53,8,8
94,16,8,8
3,80,8,8
28,100,8,8
19,22,8,8
93,62,8,8
43,80,8,8
95,101,8,8
95,107,8,8
1,95,8,8
16,44,8,8
30,43,8,8
30,80,8,8
105,3,8,8
43,83,8,8
94,44,8,8
16,54,8,8
53,39,8,8
81,24,8,8
1,43,8,8
81,23,8,8
41,10,8,8
1,11,8,8
28,100,8,8
101,11,8,8
43,2,8,8
95,107,8,8
16,44,8,8
30,43,8,8
30,80,8,8
3,107,8,8
1,2,8,8
53,39,8,8
81,24,8,8
24,26,8,8
81,23,8,8
41,10,8,8
1,11,8,8
33,69,8,8
81,26,8,8
43,80,8,8
95,107,8,8
60,42,8,8
16,44,8,8
30,43,8,8
43,83,8,8
64,120,8,8
24,23,8,8
53,39,8,8
24,26,8,8
51,45,8,8
46,53,8,8
1,11,8,8
28,100,8,8
43,80,8,8
1,12,8,8
60,42,8,8
16,44,8,8
95,80,8,8
64,120,8,8
3,107,8,8
1,2,8,8
11,12,8,8
30,83,8,8
81,23,8,8
41,10,8,8
11,2,8,8
1,11,8,8
101,107,8,8
79,2,8,8
95,30,8,8
1,51,8,8
1,12,8,8
16,44,8,8
64,120,8,8
12,2,8,8
3,107,8,8
1,2,8,8
11,12,8,8
1,78,8,8
41,10,8,8
81,26,8,8
101,107,8,8
71,69,8,8
70,105,8,8
43,80,8,8
1,12,8,8
60,42,8,8
16,44,8,8
30,43,8,8
95,83,8,8
43,83,8,8
64,120,8,8
3,107,8,8
1,2,8,8
11,2,8,8
101,107,8,8
51,55,8,8
51,57,8,8
43,80,8,8
1,12,8,8
16,44,8,8
95,83,8,8
3,107,8,8
1,2,8,8
1,101,8,8
11,2,8,8
101,107,8,8
45,68,8,8
43,80,8,8
40,45,8,8
1,12,8,8
16,44,8,8
30,43,8,8
1,79,8,8
57,118,8,8
64,120,8,8
3,107,8,8
46,39,8,8
79,78,8,8
41,10,8,8
11,2,8,8
101,51,8,8
33,69,8,8
12,79,8,8
101,69,8,8
1,12,8,8
16,44,8,8
101,79,8,8
1,83,8,8
64,120,8,8
46,39,8,8
101,71,8,8
41,10,8,8
11,2,8,8
33,69,8,8
43,80,8,8
16,44,8,8
30,43,8,8
1,79,8,8
64,120,8,8
3,107,8,8
51,69,8,8
11,83,8,8
1,78,8,8
79,78,8,8
101,118,8,8
101,4,8,8
95,43,8,8
12,79,8,8
101,45,8,8
79,2,8,8
43,80,8,8
16,44,8,8
30,43,8,8
1,79,8,8
57,118,8,8
1,83,8,8
64,120,8,8
109,99,8,8
3,107,8,8
11,12,8,8
53,96,8,8
1,78,8,8
79,78,8,8
93,101,8,8
94,101,8,8
79,17,8,8
95,43,8,8
101,16,8,8
43,80,8,8
1,12,8,8
101,44,8,8
16,44,8,8
30,43,8,8
1,79,8,8
57,118,8,8
94,54,8,8
3,107,8,8
54,44,8,8
43,11,8,8
79,107,8,8
45,68,8,8
12,83,8,8
95,43,8,8
101,69,8,8
1,12,8,8
16,44,8,8
30,43,8,8
57,118,8,8
1,83,8,8
109,99,8,8
16,54,8,8
3,107,8,8
101,105,8,8
54,44,8,8
79,107,8,8
83,78,8,8
95,43,8,8
101,113,8,8
43,80,8,8
1,12,8,8
12,78,8,8
16,44,8,8
30,43,8,8
1,79,8,8
101,70,8,8
101,119,8,8
109,99,8,8
54,44,8,8
43,11,8,8
101,3,8,8
101,107,8,8
45,68,8,8
83,78,8,8
107,2,8,8
28,100,8,8
95,43,8,8
79,2,8,8
43,80,8,8
12,78,8,8
16,44,8,8
30,43,8,8
1,79,8,8
11,80,8,8
101,119,8,8
109,99,8,8
54,44,8,8
79,107,8,8
28,100,8,8
95,43,8,8
12,79,8,8
79,2,8,8
1,69,8,8
43,80,8,8
12,78,8,8
16,44,8,8
30,43,8,8
101,78,8,8
64,120,8,8
109,99,8,8
3,107,8,8
101,83,8,8
54,44,8,8
101,43,8,8
79,107,8,8
101,12,8,8
83,78,8,8
17,78,8,8
12,83,8,8
101,17,8,8
1,69,8,8
43,80,8,8
12,78,8,8
16,44,8,8
30,43,8,8
64,120,8,8
54,44,8,8
101,30,8,8
83,78,8,8
17,78,8,8
12,83,8,8
28,100,8,8
101,80,8,8
94,99,8,8
12,78,8,8
16,44,8,8
95,80,8,8
94,54,8,8
43,79,8,8
54,44,8,8
101,43,8,8
101,30,8,8
17,78,8,8
28,100,8,8
101,11,8,8
43,80,8,8
12,78,8,8
16,44,8,8
30,43,8,8
101,79,8,8
95,80,8,8
94,54,8,8
101,77,8,8
28,104,8,8
54,44,8,8
1,51,8,8
16,44,8,8
100,104,8,8
101,79,8,8
24,23,8,8
101,77,8,8
43,79,8,8
51,69,8,8
101,2,8,8
101,83,8,8
83,2,8,8
43,11,8,8
95,43,8,8
1,69,8,8
43,80,8,8
1,51,8,8
16,44,8,8
30,43,8,8
95,80,8,8
57,118,8,8
3,107,8,8
43,79,8,8
83,2,8,8
43,11,8,8
1,71,8,8
36,104,8,8
95,79,8,8
83,78,8,8
11,79,8,8
43,80,8,8
12,78,8,8
16,44,8,8
30,43,8,8
94,44,8,8
77,2,8,8
24,23,8,8
3,107,8,8
43,11,8,8
70,105,8,8
83,78,8,8
43,80,8,8
12,78,8,8
16,44,8,8
30,43,8,8
77,2,8,8
43,79,8,8
54,44,8,8
43,11,8,8
70,105,8,8
83,78,8,8
101,45,8,8
43,80,8,8
16,44,8,8
30,43,8,8
95,80,8,8
30,17,8,8
16,54,8,8
43,11,8,8
79,107,8,8
36,104,8,8
94,16,8,8
83,78,8,8
95,43,8,8
101,45,8,8
12,78,8,8
16,44,8,8
30,43,8,8
16,54,8,8
43,11,8,8
36,104,8,8
101,107,8,8
45,68,8,8
83,78,8,8
43,80,8,8
16,44,8,8
43,17,8,8
94,54,8,8
31,69,8,8
94,44,8,8
24,23,8,8
95,17,8,8
54,44,8,8
43,11,8,8
36,104,8,8
101,107,8,8
45,68,8,8
95,11,8,8
95,43,8,8
95,30,8,8
43,80,8,8
16,44,8,8
31,78,8,8
43,17,8,8
94,44,8,8
12,31,8,8
95,17,8,8
54,44,8,8
43,11,8,8
36,104,8,8
83,78,8,8
95,43,8,8
43,80,8,8
12,78,8,8
16,44,8,8
95,80,8,8
31,78,8,8
43,17,8,8
24,23,8,8
95,17,8,8
54,44,8,8
36,104,8,8
83,78,8,8
95,43,8,8
43,80,8,8
16,44,8,8
95,80,8,8
31,78,8,8
24,23,8,8
54,44,8,8
83,78,8,8
95,43,8,8
43,80,8,8
16,44,8,8
95,80,8,8
57,118,8,8
94,44,8,8
24,23,8,8
3,107,8,8
54,44,8,8
43,12,8,8
83,78,8,8
95,43,8,8
16,44,8,8
95,80,8,8
31,78,8,8
24,23,8,8
54,44,8,8
43,12,8,8
83,78,8,8
95,43,8,8
16,44,8,8
24,23,8,8
3,107,8,8
54,44,8,8
33,31,8,8
16,44,8,8
24,23,8,8
3,107,8,8
54,44,8,8
83,78,8,8
43,80,8,8
16,44,8,8
3,107,8,8
95,51,8,8
51,78,8,8
54,44,8,8
43,11,8,8
33,31,8,8
83,78,8,8
51,43,8,8
28,100,8,8
95,43,8,8
51,83,8,8
43,80,8,8
16,44,8,8
57,118,8,8
77,30,8,8
16,54,8,8
3,107,8,8
71,31,8,8
54,44,8,8
43,11,8,8
95,43,8,8
51,83,8,8
43,80,8,8
16,44,8,8
95,80,8,8
16,54,8,8
3,107,8,8
54,44,8,8
43,11,8,8
94,16,8,8
83,78,8,8
95,43,8,8
33,118,8,8
43,80,8,8
16,44,8,8
93,44,8,8
94,44,8,8
16,54,8,8
54,44,8,8
43,11,8,8
94,16,8,8
83,78,8,8
16,44,8,8
31,69,8,8
94,44,8,8
16,54,8,8
43,79,8,8
54,44,8,8
43,11,8,8
33,31,8,8
12,79,8,8
16,44,8,8
16,54,8,8
1,101,8,8
51,78,8,8
54,44,8,8
43,11,8,8
87,77,8,8
43,80,8,8
16,44,8,8
43,107,8,8
16,54,8,8
51,78,8,8
54,44,8,8
43,11,8,8
51,83,8,8
43,80,8,8
1,51,8,8
54,44,8,8
43,11,8,8
33,69,8,8
33,31,8,8
95,43,8,8
101,32,8,8
87,77,8,8
43,80,8,8
31,69,8,8
94,44,8,8
54,44,8,8
43,11,8,8
87,77,8,8
16,44,8,8
31,69,8,8
93,44,8,8
94,44,8,8
51,11,8,8
54,44,8,8
1,43,8,8
43,11,8,8
107,2,8,8
95,43,8,8
43,80,8,8
16,44,8,8
57,118,8,8
93,44,8,8
54,44,8,8
33,31,8,8
45,68,8,8
51,43,8,8
87,77,8,8
90,77,8,8
16,44,8,8
95,80,8,8
57,118,8,8
93,44,8,8
54,44,8,8
18,14,8,8
43,11,8,8
43,12,8,8
1,11,8,8
33,69,8,8
51,43,8,8
87,77,8,8
43,80,8,8
90,77,8,8
16,44,8,8
1,79,8,8
57,118,8,8
94,44,8,8
44,59,8,8
54,44,8,8
18,14,8,8
1,107,8,8
33,69,8,8
11,79,8,8
87,77,8,8
11,107,8,8
43,80,8,8
16,44,8,8
57,118,8,8
94,44,8,8
54,44,8,8
18,14,8,8
41,10,8,8
33,69,8,8
80,12,8,8
51,43,8,8
16,59,8,8
43,80,8,8
16,44,8,8
57,118,8,8
54,44,8,8
41,10,8,8
43,12,8,8
1,11,8,8
95,43,8,8
43,80,8,8
16,44,8,8
57,118,8,8
54,44,8,8
43,11,8,8
41,10,8,8
1,11,8,8
101,32,8,8
16,44,8,8
95,80,8,8
57,118,8,8
54,44,8,8
41,10,8,8
1,11,8,8
101,3,8,8
45,68,8,8
101,32,8,8
43,80,8,8
16,44,8,8
95,80,8,8
94,44,8,8
54,44,8,8
43,11,8,8
41,10,8,8
1,11,8,8
43,80,8,8
24,58,8,8
43,11,8,8
41,10,8,8
1,11,8,8
31,118,8,8
45,68,8,8
83,78,8,8
95,43,8,8
43,80,8,8
95,80,8,8
94,44,8,8
43,11,8,8
41,10,8,8
43,12,8,8
1,11,8,8
33,31,8,8
43,80,8,8
32,3,8,8
43,11,8,8
41,10,8,8
1,11,8,8
95,43,8,8
43,80,8,8
32,3,8,8
24,58,8,8
43,11,8,8
1,11,8,8
83,78,8,8
95,43,8,8
101,32,8,8
80,99,8,8
64,120,8,8
24,58,8,8
41,10,8,8
31,118,8,8
45,68,8,8
70,59,8,8
95,43,8,8
24,74,8,8
16,44,8,8
58,74,8,8
80,99,8,8
11,12,8,8
102,9,8,8
24,58,8,8
54,44,8,8
41,10,8,8
70,59,8,8
95,43,8,8
1,12,8,8
32,43,8,8
41,10,8,8
1,32,8,8
70,59,8,8
95,43,8,8
80,99,8,8
41,10,8,8
45,68,8,8
83,78,8,8
70,59,8,8
103,49,8,8
95,43,8,8
105,43,8,8
30,57,8,8
43,79,8,8
24,58,8,8
54,44,8,8
41,10,8,8
41,10,8,8
31,57,8,8
45,68,8,8
95,43,8,8
57,118,8,8
45,33,8,8
24,58,8,8
54,44,8,8
41,10,8,8
31,57,8,8
95,105,8,8
1,12,8,8
54,45,8,8
43,69,8,8
71,43,8,8
41,10,8,8
41,10,8,8
54,33,8,8
16,44,8,8
30,57,8,8
45,33,8,8
31,69,8,8
54,45,8,8
43,44,8,8
71,43,8,8
41,10,8,8
83,78,8,8
83,17,8,8
43,44,8,8
1,107,8,8
41,10,8,8
17,78,8,8
12,83,8,8
1,30,8,8
43,44,8,8
24,58,8,8
54,57,8,8
41,10,8,8
17,78,8,8
90,30,8,8
30,57,8,8
64,120,8,8
30,31,8,8
43,44,8,8
24,58,8,8
41,10,8,8
1,31,8,8
45,68,8,8
30,57,8,8
64,120,8,8
30,31,8,8
43,44,8,8
24,58,8,8
54,57,8,8
41,10,8,8
1,31,8,8
17,78,8,8
95,105,8,8
70,69,8,8
103,49,8,8
54,30,8,8
64,120,8,8
45,33,8,8
11,17,8,8
43,44,8,8
54,57,8,8
95,118,8,8
41,10,8,8
1,118,8,8
11,78,8,8
45,68,8,8
83,78,8,8
17,78,8,8
54,30,8,8
87,77,8,8
12,78,8,8
64,120,8,8
43,44,8,8
45,68,8,8
17,78,8,8
95,105,8,8
1,70,8,8
118,78,8,8
94,43,8,8
12,78,8,8
17,118,8,8
30,57,8,8
31,78,8,8
45,33,8,8
3,107,8,8
11,12,8,8
43,44,8,8
68,33,8,8
41,10,8,8
11,78,8,8
45,68,8,8
95,105,8,8
12,78,8,8
93,16,8,8
30,57,8,8
31,78,8,8
45,33,8,8
3,107,8,8
43,44,8,8
68,33,8,8
54,57,8,8
41,10,8,8
101,30,8,8
45,68,8,8
16,40,8,8
30,57,8,8
70,30,8,8
31,78,8,8
64,120,8,8
45,33,8,8
33,57,8,8
68,33,8,8
24,58,8,8
54,57,8,8
41,10,8,8
54,11,8,8
16,43,8,8
11,68,8,8
118,78,8,8
11,33,8,8
64,120,8,8
43,44,8,8
68,33,8,8
54,12,8,8
95,12,8,8
54,57,8,8
41,10,8,8
109,43,8,8
95,11,8,8
12,79,8,8
54,30,8,8
64,120,8,8
109,44,8,8
3,107,8,8
68,57,8,8
68,33,8,8
24,58,8,8
54,12,8,8
41,10,8,8
109,43,8,8
101,107,8,8
45,12,8,8
30,57,8,8
64,120,8,8
3,107,8,8
11,12,8,8
68,57,8,8
54,45,8,8
16,68,8,8
68,33,8,8
24,58,8,8
54,57,8,8
1,43,8,8
41,10,8,8
54,11,8,8
16,43,8,8
83,78,8,8
54,43,8,8
45,12,8,8
90,30,8,8
45,78,8,8
30,57,8,8
31,78,8,8
64,120,8,8
43,45,8,8
3,107,8,8
68,33,8,8
41,10,8,8
83,78,8,8
45,12,8,8
30,57,8,8
31,78,8,8
64,120,8,8
3,107,8,8
16,68,8,8
68,33,8,8
41,10,8,8
105,12,8,8
30,78,8,8
83,78,8,8
57,78,8,8
32,80,8,8
59,69,8,8
1,44,8,8
105,2,8,8
31,78,8,8
68,33,8,8
51,45,8,8
41,10,8,8
30,78,8,8
83,78,8,8
59,69,8,8
1,44,8,8
49,120,8,8
30,57,8,8
31,78,8,8
12,31,8,8
3,107,8,8
11,12,9,9
30,31,9,9
68,33,9,9
41,10,9,9
30,78,9,9
83,78,9,9
57,78,9,9
59,69,9,9
1,44,9,9
30,57,9,9
31,78,9,9
3,107,9,9
41,10,9,9
101,107,9,9
83,78,9,9
1,44,9,9
31,78,9,9
68,33,9,9
41,10,9,9
32,80,9,9
1,44,9,9
30,57,9,9
31,78,9,9
68,33,9,9
24,58,9,9
41,10,9,9
36,64,9,9
1,44,9,9
31,78,9,9
68,33,9,9
24,58,9,9
41,10,9,9
54,2,9,9
1,44,9,9
43,78,9,9
31,78,9,9
41,10,9,9
83,78,9,9
1,44,9,9
31,78,9,9
68,33,9,9
24,58,9,9
16,78,9,9
41,10,9,9
36,64,9,9
83,78,9,9
1,44,9,9
31,78,9,9
68,33,9,9
16,78,9,9
41,10,9,9
36,64,9,9
54,78,9,9
31,78,9,9
41,10,9,9
36,64,9,9
1,44,9,9
31,78,9,9
3,107,9,9
41,10,9,9
41,10,9,9
101,107,9,9
83,31,9,9
31,78,9,9
3,107,9,9
41,10,9,9
41,10,9,9
43,33,9,9
36,64,9,9
31,78,9,9
41,10,9,9
41,10,9,9
101,107,9,9
36,64,9,9
16,83,9,9
83,31,9,9
1,44,9,9
79,2,9,9
31,78,9,9
41,10,9,9
43,33,9,9
16,31,9,9
1,44,9,9
31,78,9,9
41,10,9,9
43,33,9,9
36,64,9,9
31,78,9,9
41,10,9,9
43,33,9,9
36,64,9,9
31,78,9,9
95,109,9,9
102,9,9,9
24,58,9,9
41,10,9,9
43,33,9,9
36,64,9,9
16,31,9,9
1,44,9,9
31,78,9,9
24,58,9,9
41,10,9,9
36,64,9,9
16,31,9,9
83,31,9,9
1,44,9,9
79,2,9,9
31,78,9,9
95,109,9,9
16,17,9,9
43,44,9,9
24,58,9,9
36,64,9,9
83,31,9,9
1,44,9,9
49,120,9,9
58,74,9,9
31,78,9,9
68,83,9,9
43,44,9,9
24,58,9,9
36,64,9,9
16,31,9,9
12,83,9,9
45,57,9,9
1,44,9,9
43,80,9,9
30,11,9,9
24,58,9,9
36,64,9,9
43,80,9,9
90,30,9,9
12,78,9,9
12,57,9,9
30,11,9,9
11,12,9,9
33,12,9,9
40,57,9,9
57,4,9,9
24,58,9,9
30,78,9,9
11,78,9,9
43,57,9,9
36,64,9,9
16,11,9,9
1,44,9,9
43,80,9,9
11,31,9,9
31,78,9,9
12,57,9,9
11,12,9,9
57,4,9,9
24,58,9,9
36,64,9,9
1,44,9,9
30,43,9,9
12,2,9,9
68,33,9,9
24,58,9,9
11,2,9,9
16,43,9,9
36,64,9,9
1,44,9,9
43,78,9,9
30,43,9,9
30,57,9,9
11,12,9,9
109,12,9,9
24,58,9,9
11,2,9,9
36,64,9,9
83,78,9,9
1,44,9,9
43,78,9,9
109,11,9,9
30,57,9,9
109,2,9,9
109,12,9,9
16,43,9,9
83,78,9,9
43,78,9,9
30,57,9,9
109,2,9,9
12,2,9,9
11,12,9,9
68,33,9,9
11,45,9,9
36,64,9,9
12,83,9,9
43,78,9,9
30,57,9,9
109,2,9,9
49,36,9,9
77,12,9,9
36,64,9,9
30,57,9,9
109,2,9,9
11,12,9,9
57,4,9,9
49,36,9,9
36,64,9,9
77,11,9,9
1,44,9,9
30,57,9,9
3,107,9,9
11,12,9,9
49,36,9,9
77,12,9,9
90,45,9,9
36,64,9,9
30,4,9,9
49,64,9,9
95,43,9,9
77,11,9,9
101,80,9,9
95,31,9,9
1,44,9,9
30,57,9,9
95,78,9,9
31,78,9,9
68,33,9,9
49,36,9,9
77,12,9,9
36,64,9,9
95,43,9,9
95,31,9,9
30,57,9,9
95,78,9,9
57,4,9,9
68,33,9,9
11,45,9,9
49,36,9,9
16,43,9,9
101,3,9,9
36,64,9,9
30,4,9,9
49,64,9,9
95,43,9,9
30,57,9,9
95,16,9,9
68,33,9,9
49,36,9,9
101,3,9,9
30,4,9,9
24,98,9,9
95,43,9,9
30,57,9,9
95,78,9,9
68,33,9,9
16,78,9,9
49,36,9,9
80,107,9,9
77,12,9,9
101,3,9,9
36,64,9,9
24,98,9,9
30,57,9,9
95,78,9,9
57,4,9,9
68,33,9,9
11,45,9,9
16,78,9,9
49,36,9,9
80,107,9,9
77,12,9,9
101,3,9,9
36,64,9,9
49,64,9,9
28,100,9,9
1,44,9,9
43,78,9,9
30,57,9,9
95,78,9,9
57,4,9,9
68,33,9,9
11,45,9,9
16,78,9,9
49,36,9,9
16,43,9,9
101,3,9,9
49,64,9,9
1,44,9,9
43,78,9,9
30,57,9,9
57,4,9,9
49,36,9,9
16,43,9,9
101,3,9,9
30,4,9,9
49,64,9,9
28,100,9,9
1,44,9,9
37,33,9,9
43,78,9,9
30,57,9,9
57,4,9,9
49,36,9,9
16,43,9,9
101,3,9,9
30,33,9,9
49,64,9,9
28,100,9,9
95,43,9,9
37,68,9,9
37,33,9,9
16,33,9,9
57,4,9,9
43,79,9,9
49,36,9,9
11,2,9,9
101,3,9,9
33,31,9,9
20,114,9,9
79,2,9,9
57,4,9,9
43,79,9,9
11,45,9,9
73,31,9,9
49,36,9,9
101,3,9,9
36,64,9,9
49,64,9,9
20,114,9,9
43,2,9,9
79,2,9,9
33,78,9,9
90,11,9,9
12,31,9,9
57,4,9,9
43,79,9,9
16,78,9,9
114,61,9,9
101,3,9,9
36,64,9,9
12,4,9,9
20,114,9,9
43,2,9,9
30,57,9,9
11,12,9,9
30,59,9,9
57,4,9,9
43,79,9,9
30,40,9,9
11,45,9,9
16,78,9,9
49,36,9,9
101,3,9,9
36,64,9,9
49,64,9,9
70,59,9,9
20,114,9,9
45,12,9,9
30,57,9,9
24,69,9,9
12,57,9,9
11,12,9,9
30,59,9,9
43,79,9,9
24,58,9,9
11,45,9,9
16,78,9,9
49,36,9,9
30,69,9,9
101,3,9,9
36,64,9,9
49,64,9,9
70,59,9,9
20,114,9,9
59,69,9,9
45,12,9,9
79,2,9,9
30,57,9,9
12,57,9,9
11,12,9,9
43,79,9,9
30,40,9,9
16,78,9,9
49,36,9,9
101,3,9,9
36,64,9,9
30,4,9,9
49,64,9,9
45,12,9,9
43,2,9,9
79,2,9,9
30,57,9,9
12,57,9,9
24,30,9,9
57,4,9,9
43,79,9,9
52,30,9,9
16,78,9,9
30,4,9,9
49,64,9,9
45,12,9,9
43,2,9,9
30,57,9,9
12,57,9,9
57,4,9,9
43,79,9,9
24,58,9,9
16,78,9,9
49,36,9,9
36,64,9,9
30,4,9,9
109,113,9,9
49,64,9,9
20,114,9,9
59,69,9,9
43,2,9,9
30,57,9,9
12,57,9,9
11,12,9,9
11,12,9,9
43,79,9,9
24,58,9,9
11,45,9,9
11,45,9,9
16,78,9,9
49,36,9,9
11,57,9,9
101,3,9,9
36,64,9,9
49,64,9,9
20,114,9,9
59,69,9,9
45,12,9,9
79,2,9,9
58,98,9,9
30,43,9,9
12,57,9,9
11,12,9,9
11,12,9,9
57,4,9,9
43,79,9,9
24,58,9,9
16,78,9,9
49,36,9,9
11,57,9,9
101,3,9,9
36,64,9,9
20,114,9,9
43,2,9,9
58,98,9,9
12,57,9,9
11,12,9,9
43,79,9,9
24,58,9,9
11,45,9,9
34,19,9,9
36,64,9,9
109,113,9,9
20,114,9,9
1,44,9,9
43,107,9,9
12,57,9,9
11,12,9,9
11,12,9,9
43,79,9,9
11,45,9,9
16,78,9,9
11,57,9,9
36,64,9,9
107,2,9,9
20,114,9,9
59,69,9,9
1,44,9,9
45,12,9,9
43,107,9,9
23,29,9,9
12,57,9,9
11,12,9,9
11,12,9,9
57,4,9,9
43,79,9,9
16,78,9,9
36,64,9,9
107,2,9,9
109,113,9,9
59,69,9,9
45,12,9,9
43,2,9,9
43,107,9,9
12,57,9,9
24,23,9,9
43,79,9,9
30,40,9,9
28,67,9,9
16,78,9,9
11,57,9,9
30,45,9,9
36,64,9,9
12,83,9,9
107,2,9,9
109,113,9,9
59,69,9,9
30,12,9,9
43,2,9,9
49,67,9,9
43,107,9,9
12,57,9,9
30,11,9,9
43,79,9,9
19,45,9,9
16,78,9,9
79,107,9,9
11,57,9,9
101,3,9,9
107,2,9,9
109,113,9,9
59,69,9,9
63,108,9,9
43,107,9,9
12,57,9,9
11,12,9,9
28,67,9,9
82,12,9,9
41,10,9,9
79,107,9,9
11,57,9,9
36,64,9,9
93,79,9,9
107,2,9,9
109,113,9,9
59,69,9,9
30,12,9,9
43,2,9,9
95,107,9,9
43,107,9,9
30,57,9,9
23,29,9,9
12,57,9,9
30,11,9,9
41,10,9,9
79,107,9,9
101,3,9,9
36,64,9,9
107,2,9,9
59,69,9,9
43,107,9,9
28,64,9,9
23,29,9,9
43,79,9,9
28,67,9,9
16,77,9,9
36,67,9,9
20,73,9,9
107,2,9,9
109,113,9,9
27,45,9,9
105,80,9,9
59,69,9,9
58,29,9,9
28,36,9,9
100,64,9,9
23,29,9,9
43,79,9,9
28,67,9,9
11,45,9,9
36,67,9,9
107,2,9,9
90,20,9,9
27,45,9,9
59,69,9,9
1,44,9,9
43,2,9,9
28,36,9,9
57,4,9,9
43,79,9,9
19,4,9,9
101,3,9,9
36,64,9,9
67,64,9,9
27,45,9,9
59,69,9,9
43,80,9,9
16,77,9,9
36,64,9,9
67,64,9,9
90,20,9,9
43,80,9,9
49,100,9,9
24,23,9,9
43,11,9,9
67,64,9,9
109,113,9,9
49,64,9,9
49,67,9,9
24,23,9,9
43,11,9,9
1,107,9,9
41,10,9,9
101,3,9,9
27,11,9,9
109,113,9,9
49,67,9,9
53,14,9,9
19,30,9,9
43,11,9,9
1,107,9,9
41,10,9,9
36,64,9,9
109,113,9,9
49,64,9,9
24,98,9,9
1,44,9,9
49,67,9,9
43,11,9,9
1,107,9,9
101,3,9,9
36,64,9,9
109,113,9,9
49,64,9,9
16,105,9,9
21,84,9,9
11,45,9,9
43,11,9,9
41,10,9,9
101,3,9,9
36,64,9,9
27,11,9,9
16,105,9,9
24,23,9,9
43,11,9,9
41,10,9,9
36,67,9,9
101,3,9,9
109,113,9,9
53,14,9,9
12,107,9,9
24,23,9,9
24,58,9,9
11,45,9,9
101,3,9,9
109,113,9,9
30,68,9,9
63,108,9,9
53,14,9,9
12,107,9,9
30,11,9,9
24,23,9,9
67,108,9,9
24,58,9,9
100,36,9,9
41,10,9,9
36,67,9,9
101,3,9,9
109,113,9,9
90,20,9,9
1,44,9,9
53,14,9,9
36,108,9,9
41,10,9,9
109,113,9,9
59,69,9,9
1,44,9,9
63,108,9,9
12,107,9,9
43,11,9,9
63,108,9,9
16,105,9,9
13,115,9,9
12,107,9,9
24,58,9,9
90,20,9,9
101,32,9,9
52,14,9,9
13,115,9,9
103,122,9,9
14,38,9,9
41,10,9,9
14,22,9,9
36,64,9,9
12,4,9,9
101,32,9,9
52,14,9,9
13,115,9,9
12,57,9,9
24,58,9,9
41,10,9,9
14,22,9,9
36,64,9,9
12,4,9,9
101,32,9,9
52,14,9,9
13,115,9,9
103,122,9,9
36,108,9,9
14,38,9,9
24,58,9,9
27,41,9,9
27,10,9,9
43,11,9,9
67,63,9,9
36,64,9,9
64,108,9,9
90,20,9,9
101,32,9,9
19,13,9,9
13,115,9,9
14,73,9,9
36,108,9,9
14,10,9,9
14,38,9,9
41,10,9,9
67,63,9,9
36,64,9,9
90,20,9,9
101,32,9,9
63,108,9,9
13,115,9,9
68,59,9,9
67,108,9,9
14,38,9,9
54,9,9,9
27,41,9,9
56,108,9,9
43,11,9,9
41,10,9,9
67,63,9,9
36,64,9,9
28,100,9,9
101,32,9,9
30,13,9,9
52,10,9,9
34,14,9,9
67,108,9,9
14,38,9,9
24,58,9,9
27,10,9,9
52,41,9,9
56,108,9,9
41,10,9,9
67,63,9,9
28,100,9,9
90,20,9,9
54,30,9,9
101,32,9,9
30,13,9,9
52,99,9,9
54,13,9,9
14,114,9,9
9,13,9,9
13,115,9,9
73,22,9,9
52,10,9,9
27,10,9,9
52,41,9,9
56,108,9,9
14,61,9,9
12,83,9,9
90,20,9,9
54,30,9,9
101,32,9,9
79,2,9,9
30,13,9,9
54,13,9,9
13,115,9,9
103,122,9,9
67,108,9,9
56,108,9,9
56,67,9,9
10,65,9,9
56,63,9,9
36,64,9,9
30,20,9,9
28,100,9,9
90,20,9,9
101,32,9,9
63,108,9,9
30,13,9,9
53,14,9,9
13,115,9,9
103,122,9,9
67,108,9,9
56,108,9,9
56,67,9,9
10,65,9,9
33,69,9,9
13,114,9,9
30,20,9,9
90,20,9,9
101,32,9,9
43,2,9,9
30,13,9,9
90,30,9,9
54,13,9,9
103,122,9,9
52,13,9,9
56,108,9,9
56,67,9,9
10,65,9,9
56,63,9,9
44,107,9,9
33,69,9,9
30,20,9,9
90,20,9,9
54,30,9,9
101,32,9,9
30,13,9,9
52,5,9,9
53,14,9,9
95,77,9,9
54,13,9,9
13,115,9,9
8,84,9,9
56,108,9,9
88,108,9,9
56,63,9,9
33,69,9,9
30,20,9,9
90,20,9,9
101,32,9,9
37,33,9,9
30,13,9,9
53,14,9,9
90,30,9,9
54,13,9,9
13,115,9,9
103,122,9,9
88,67,9,9
52,13,9,9
1,107,9,9
30,20,9,9
90,20,9,9
101,32,9,9
88,63,9,9
33,13,9,9
43,2,9,9
30,13,9,9
53,14,9,9
90,30,9,9
103,122,9,9
88,67,9,9
67,108,9,9
10,114,9,9
88,108,9,9
24,50,9,9
36,64,9,9
12,4,9,9
30,20,9,9
28,100,9,9
101,32,9,9
88,63,9,9
33,13,9,9
43,2,9,9
30,13,9,9
53,14,9,9
54,13,9,9
30,10,9,9
88,67,9,9
90,54,9,9
16,3,9,9
24,50,9,9
30,68,9,9
30,20,9,9
28,100,9,9
101,32,9,9
24,41,9,9
33,115,9,9
63,108,9,9
43,2,9,9
53,14,9,9
95,77,9,9
90,30,9,9
13,115,9,9
52,13,9,9
117,39,9,9
16,3,9,9
62,108,9,9
54,11,9,9
96,65,9,9
36,64,9,9
64,108,9,9
37,41,9,9
90,20,9,9
101,32,9,9
30,12,9,9
63,108,9,9
43,2,9,9
53,14,9,9
11,6,9,9
24,108,9,9
103,122,9,9
50,108,9,9
39,5,9,9
52,13,9,9
117,39,9,9
36,64,9,9
13,84,9,9
28,100,9,9
37,41,9,9
39,73,9,9
101,32,9,9
93,17,9,9
53,14,9,9
50,62,9,9
103,122,9,9
52,13,9,9
57,4,9,9
52,115,9,9
67,62,9,9
10,65,9,9
44,78,9,9
37,41,9,9
90,20,9,9
39,73,9,9
101,32,9,9
73,5,9,9
107,78,9,9
33,41,9,9
52,13,9,9
42,22,9,9
11,45,9,9
30,4,9,9
90,20,9,9
39,73,9,9
53,14,9,9
33,41,9,9
52,13,9,9
42,22,9,9
96,65,9,9
30,4,9,9
23,50,9,9
90,20,9,9
39,73,9,9
24,41,9,9
46,73,9,9
33,41,9,9
52,13,9,9
42,22,9,9
63,29,9,9
104,62,9,9
1,107,9,9
52,115,9,9
23,33,9,9
24,33,9,9
90,20,9,9
39,73,9,9
24,41,9,9
37,33,9,9
95,30,9,9
46,73,9,9
53,14,9,9
16,105,9,9
13,115,9,9
24,37,9,9
52,13,9,9
42,22,9,9
63,29,9,9
104,62,9,9
52,115,9,9
104,67,9,9
90,20,9,9
44,80,9,9
39,73,9,9
101,113,9,9
53,14,9,9
50,62,9,9
9,13,9,9
13,115,9,9
52,13,9,9
42,22,9,9
46,39,9,9
63,29,9,9
52,115,9,9
3,11,9,9
36,64,9,9
17,78,9,9
4,78,9,9
90,20,9,9
39,73,9,9
83,17,9,9
19,13,9,9
37,33,9,9
46,73,9,9
50,62,9,9
9,13,9,9
13,115,9,9
24,23,9,9
52,13,9,9
36,64,9,9
17,78,9,9
39,73,9,9
37,33,9,9
50,62,9,9
67,37,9,9
13,115,9,9
52,13,9,9
3,91,9,9
39,42,9,9
52,115,9,9
91,20,9,9
90,20,9,9
39,73,9,9
37,33,9,9
43,2,9,9
13,115,9,9
52,13,9,9
51,78,9,9
104,62,9,9
52,115,9,9
96,65,9,9
52,91,9,9
36,64,9,9
39,73,9,9
37,33,9,9
16,105,9,9
106,54,9,9
5,42,9,9
103,122,9,9
32,78,9,9
52,13,9,9
58,37,9,9
104,62,9,9
16,78,9,9
52,91,9,9
23,50,9,9
28,100,9,9
90,20,9,9
39,73,9,9
59,69,9,9
43,2,9,9
5,72,9,9
103,122,9,9
24,23,9,9
52,13,9,9
23,58,9,9
16,12,9,9
59,2,9,9
9,47,9,9
23,50,9,9
28,100,9,9
90,20,9,9
39,73,9,9
43,2,9,9
50,62,9,9
5,72,9,9
103,122,9,9
106,11,9,9
79,59,9,9
52,13,9,9
43,79,9,9
58,37,9,9
91,65,9,9
14,61,9,9
1,107,9,9
85,47,9,9
95,54,9,9
59,2,9,9
106,51,9,9
54,79,9,9
39,73,9,9
37,33,9,9
50,62,9,9
5,72,9,9
13,115,9,9
58,33,9,9
52,13,9,9
23,37,9,9
56,88,9,9
104,62,9,9
65,72,9,9
93,54,9,9
85,73,9,9
54,79,9,9
50,51,9,9
106,104,9,9
9,19,9,9
24,27,9,9
13,65,9,9
45,12,9,9
37,33,9,9
46,13,9,9
50,62,9,9
95,107,9,9
13,115,9,9
58,33,9,9
13,42,9,9
52,13,9,9
90,51,9,9
46,39,9,9
104,62,9,9
1,107,9,9
56,106,9,9
50,51,9,9
9,19,9,9
117,73,9,9
59,69,9,9
45,12,9,9
37,33,9,9
46,13,9,9
28,26,9,9
13,38,9,9
58,33,9,9
52,13,9,9
104,62,9,9
1,107,9,9
93,54,9,9
85,13,9,9
56,106,9,9
117,73,9,9
45,12,9,9
85,42,9,9
79,2,9,9
53,14,9,9
50,62,9,9
13,38,9,9
58,33,9,9
52,13,9,9
51,11,9,9
104,62,9,9
106,67,9,9
86,65,9,9
23,104,9,9
79,2,9,9
58,27,9,9
52,13,9,9
15,110,9,9
104,62,9,9
1,107,9,9
66,110,9,9
56,106,9,9
86,65,9,9
23,104,9,9
58,33,9,9
52,13,9,9
104,64,9,9
36,64,9,9
85,73,9,9
56,106,9,9
106,67,9,9
101,16,9,9
27,50,9,9
50,62,9,9
13,115,9,9
52,13,9,9
104,64,9,9
81,23,9,9
1,107,9,9
37,30,9,9
67,63,9,9
36,64,9,9
46,38,9,9
30,13,9,9
50,62,9,9
58,33,9,9
52,13,9,9
52,13,9,9
52,30,9,9
67,63,9,9
56,106,9,9
15,66,9,9
59,69,9,9
85,42,9,9
52,13,9,9
67,63,9,9
56,106,9,9
24,27,9,9
59,69,9,9
85,42,9,9
30,13,9,9
28,26,9,9
24,37,9,9
52,13,9,9
81,23,9,9
65,72,9,9
36,64,9,9
56,106,9,9
45,12,9,9
85,42,9,9
30,13,9,9
13,59,9,9
52,13,9,9
56,88,9,9
67,108,9,9
81,110,9,9
24,27,9,9
86,65,9,9
30,13,9,9
20,5,9,9
52,13,9,9
21,47,9,9
67,63,9,9
24,27,9,9
28,100,9,9
86,65,9,9
85,42,9,9
90,77,9,9
24,23,9,9
52,13,9,9
23,37,9,9
15,110,9,9
67,63,9,9
9,19,9,9
24,27,9,9
28,100,9,9
85,42,9,9
23,69,9,9
50,62,9,9
90,77,9,9
52,13,9,9
56,88,9,9
24,62,9,9
67,63,9,9
9,19,9,9
24,27,9,9
28,100,9,9
85,42,9,9
50,62,9,9
90,77,9,9
52,13,9,9
106,66,9,9
9,19,9,9
24,27,9,9
28,100,9,9
36,29,9,9
102,41,9,9
50,62,9,9
90,77,9,9
52,13,9,9
56,88,9,9
106,66,9,9
36,64,9,9
9,19,9,9
24,27,9,9
85,42,9,9
50,62,9,9
90,77,9,9
52,13,9,9
106,66,9,9
24,50,9,9
24,27,9,9
28,100,9,9
85,42,9,9
27,50,9,9
90,77,9,9
52,13,9,9
56,88,9,9
25,100,9,9
67,63,9,9
24,27,9,9
90,77,9,9
24,69,9,9
52,13,9,9
88,29,9,9
66,63,9,9
106,66,9,9
67,63,9,9
24,27,9,9
85,42,9,9
20,5,9,9
90,77,9,9
106,66,9,9
67,63,9,9
24,27,9,9
50,62,9,9
20,5,9,9
90,77,9,9
106,66,9,9
67,63,9,9
24,27,9,9
85,42,9,9
50,62,9,9
20,5,9,9
90,77,9,9
28,26,9,9
52,13,9,9
56,88,9,9
104,62,9,9
106,66,9,9
67,63,9,9
36,64,9,9
9,19,9,9
24,27,9,9
81,15,9,9
20,5,9,9
90,77,9,9
28,26,9,9
56,88,9,9
104,62,9,9
106,66,9,9
9,19,9,9
24,27,9,9
85,42,9,9
20,5,9,9
90,77,9,9
56,88,10,10
106,66,10,10
85,42,10,10
53,14,10,10
20,5,10,10
90,77,10,10
106,66,10,10
9,19,10,10
85,42,10,10
20,5,10,10
90,77,10,10
106,66,10,10
36,64,10,10
24,27,10,10
90,77,10,10
106,66,10,10
36,64,10,10
9,19,10,10
24,27,10,10
85,42,10,10
90,77,10,10
15,110,10,10
9,19,10,10
28,100,10,10
85,42,10,10
20,5,10,10
90,77,10,10
56,106,10,10
9,19,10,10
85,42,10,10
20,5,10,10
90,77,10,10
56,88,10,10
36,64,10,10
56,106,10,10
9,19,10,10
85,42,10,10
20,5,10,10
90,77,10,10
28,26,10,10
56,88,10,10
40,59,10,10
9,19,10,10
20,5,10,10
90,77,10,10
56,88,10,10
85,22,10,10
9,19,10,10
28,100,10,10
20,5,10,10
90,77,10,10
56,88,10,10
85,22,10,10
23,49,10,10
9,19,10,10
28,100,10,10
85,42,10,10
50,62,10,10
20,5,10,10
90,77,10,10
56,88,10,10
23,49,10,10
9,19,10,10
28,100,10,10
50,62,10,10
20,5,10,10
90,77,10,10
56,88,10,10
9,19,10,10
28,100,10,10
90,77,10,10
56,88,10,10
106,66,10,10
9,19,10,10
85,42,10,10
39,21,10,10
50,62,10,10
20,5,10,10
90,77,10,10
56,88,10,10
9,19,10,10
39,21,10,10
20,5,10,10
90,77,10,10
73,74,10,10
28,67,10,10
9,19,10,10
85,42,10,10
39,21,10,10
20,5,10,10
90,77,10,10
73,74,10,10
63,92,10,10
56,106,10,10
9,19,10,10
39,21,10,10
90,77,10,10
64,92,10,10
73,74,10,10
36,92,10,10
63,92,10,10
9,19,10,10
20,5,10,10
90,77,10,10
73,74,10,10
36,92,10,10
56,88,10,10
63,92,10,10
56,106,10,10
9,19,10,10
85,42,10,10
20,5,10,10
90,77,10,10
64,92,10,10
29,92,10,10
73,74,10,10
104,62,10,10
104,92,10,10
56,106,10,10
9,19,10,10
26,67,10,10
85,42,10,10
20,5,10,10
90,77,10,10
28,26,10,10
64,92,10,10
73,74,10,10
104,62,10,10
9,19,10,10
85,42,10,10
20,5,10,10
90,77,10,10
64,92,10,10
73,74,10,10
36,92,10,10
104,92,10,10
56,106,10,10
9,19,10,10
53,14,10,10
20,5,10,10
90,77,10,10
73,74,10,10
36,92,10,10
36,64,10,10
104,92,10,10
56,106,10,10
9,19,10,10
53,14,10,10
20,5,10,10
90,77,10,10
64,92,10,10
73,74,10,10
36,92,10,10
56,88,10,10
62,92,10,10
36,64,10,10
104,92,10,10
56,106,10,10
9,19,10,10
36,29,10,10
85,42,10,10
50,62,10,10
20,5,10,10
90,77,10,10
64,92,10,10
12,57,10,10
73,74,10,10
36,92,10,10
56,88,10,10
62,92,10,10
104,62,10,10
36,64,10,10
104,92,10,10
56,106,10,10
9,19,10,10
85,42,10,10
50,62,10,10
20,5,10,10
90,77,10,10
64,92,10,10
73,74,10,10
36,92,10,10
104,62,10,10
56,106,10,10
9,19,10,10
85,42,10,10
50,62,10,10
20,5,10,10
90,77,10,10
64,92,10,10
73,74,10,10
36,92,10,10
104,62,10,10
36,64,10,10
63,92,10,10
56,106,10,10
85,42,10,10
20,5,10,10
90,77,10,10
64,92,10,10
29,92,10,10
36,92,10,10
56,88,10,10
104,62,10,10
36,64,10,10
63,92,10,10
56,106,10,10
85,42,10,10
20,5,10,10
90,77,10,10
64,92,10,10
29,92,10,10
36,92,10,10
104,62,10,10
56,106,10,10
85,42,10,10
20,5,10,10
90,77,10,10
64,92,10,10
56,88,10,10
36,29,10,10
85,42,10,10
50,62,10,10
20,5,10,10
90,77,10,10
56,88,10,10
104,62,10,10
56,106,10,10
50,62,10,10
90,77,10,10
56,88,10,10
56,106,10,10
9,19,10,10
85,42,10,10
90,77,10,10
56,88,10,10
104,62,10,10
85,42,10,10
50,62,10,10
90,77,10,10
104,62,10,10
20,5,10,10
90,77,10,10
104,62,10,10
9,19,10,10
50,62,10,10
90,77,10,10
104,62,10,10
9,19,10,10
50,62,10,10
90,77,10,10
36,64,10,10
56,106,10,10
9,19,10,10
50,62,10,10
90,77,10,10
36,29,10,10
50,62,10,10
90,77,10,10
36,29,10,10
90,77,10,10
104,62,10,10
36,29,10,10
85,42,10,10
90,77,10,10
104,62,10,10
36,29,10,10
85,42,10,10
90,77,10,10
73,74,10,10
104,62,10,10
9,19,10,10
85,42,10,10
90,77,10,10
104,62,10,10
9,19,10,10
90,77,10,10
28,26,10,10
104,62,10,10
85,42,10,10
20,5,10,10
90,77,10,10
104,62,10,10
9,19,10,10
85,42,10,10
20,5,10,10
90,77,10,10
104,62,10,10
85,42,10,10
39,21,10,10
90,77,10,10
104,62,10,10
85,42,10,10
39,21,10,10
50,62,10,10
90,77,10,10
104,62,10,10
9,19,10,10
50,62,10,10
90,77,10,10
9,19,10,10
46,38,10,10
20,5,10,10
90,77,10,10
90,77,10,10
50,62,10,10
20,5,10,10
90,77,10,10
85,42,10,10
90,77,10,10
85,42,10,10
102,41,10,10
20,5,10,10
90,77,10,10
81,23,10,10
85,42,10,10
50,62,10,10
20,5,10,10
90,77,10,10
20,5,10,10
90,77,10,10
85,42,10,10
20,5,10,10
90,77,10,10
122,73,10,10
85,42,10,10
39,21,10,10
20,5,10,10
90,77,10,10
85,42,10,10
20,5,10,10
90,77,10,10
122,73,10,10
50,62,10,10
20,5,10,10
90,77,10,10
98,37,10,10
20,5,10,10
90,77,10,10
56,88,10,10
85,42,10,10
102,41,10,10
20,5,10,10
90,77,10,10
104,62,10,10
122,73,10,10
85,42,10,10
90,77,10,10
122,73,10,10
85,42,10,10
102,41,10,10
20,5,10,10
90,77,10,10
122,73,10,10
85,42,10,10
39,21,10,10
20,5,10,10
90,77,10,10
85,42,10,10
20,5,10,10
90,77,10,10
102,41,10,10
20,5,10,10
90,77,10,10
85,42,10,10
20,5,10,10
90,77,10,10
52,13,10,10
85,42,10,10
90,77,10,10
28,26,10,10
85,42,10,10
90,77,10,10
52,13,10,10
90,77,10,10
85,42,10,10
90,77,10,10
40,83,10,10
85,42,10,10
39,21,10,10
90,77,10,10
98,37,10,10
85,42,10,10
90,77,10,10
64,92,10,10
36,92,10,10
24,92,10,10
81,23,10,10
36,64,10,10
85,42,10,10
90,77,10,10
24,92,10,10
81,23,10,10
85,42,10,10
90,77,10,10
56,88,10,10
85,42,10,10
90,77,10,10
56,88,10,10
15,110,10,10
85,42,10,10
90,77,10,10
28,26,10,10
56,88,10,10
15,110,10,10
85,42,10,10
90,77,10,10
28,26,10,10
15,110,10,10
122,73,10,10
98,37,10,10
85,42,10,10
90,77,10,10
28,26,10,10
15,110,10,10
122,73,10,10
98,37,10,10
90,77,10,10
56,88,10,10
57,4,10,10
15,110,10,10
90,77,10,10
28,26,10,10
90,77,10,10
98,37,10,10
90,77,10,10
28,26,10,10
15,110,10,10
15,110,10,10
98,37,10,10
15,110,10,10
98,37,10,10
39,21,10,10
28,26,10,10
52,13,10,10
98,37,10,10
52,13,10,10
98,37,10,10
52,13,10,10
23,25,10,10
98,37,10,10
85,42,10,10
56,88,10,10
98,37,10,10
85,42,10,10
28,26,10,10
56,88,10,10
9,19,10,10
98,37,10,10
85,42,10,10
15,110,10,10
98,37,10,10
85,42,10,10
90,77,10,10
13,42,10,10
98,37,10,10
13,42,10,10
52,13,10,10
98,37,10,10
73,74,10,10
52,13,10,10
67,63,10,10
98,37,10,10
90,77,10,10
73,74,10,10
52,13,10,10
56,88,10,10
104,62,10,10
20,5,10,10
90,77,10,10
73,74,10,10
56,88,10,10
67,63,10,10
36,64,10,10
20,5,10,10
90,77,10,10
52,13,10,10
98,37,10,10
20,5,10,10
90,77,10,10
28,26,10,10
36,64,10,10
24,27,10,10
98,37,10,10
90,77,10,10
28,26,10,10
36,64,10,10
98,37,10,10
20,5,10,10
90,77,10,10
52,13,10,10
104,62,10,10
36,64,10,10
56,106,10,10
20,5,10,10
90,77,10,10
12,57,10,10
52,13,10,10
56,88,10,10
104,62,10,10
67,63,10,10
20,5,10,10
9,10,10,10
52,13,10,10
56,88,10,10
104,62,10,10
67,63,10,10
104,92,10,10
56,106,10,10
98,37,10,10
28,26,10,10
9,10,10,10
67,63,10,10
56,106,10,10
20,5,10,10
90,77,10,10
28,26,10,10
9,10,10,10
52,13,10,10
56,88,10,10
104,62,10,10
67,63,10,10
98,37,10,10
20,5,10,10
90,77,10,10
9,10,10,10
104,62,10,10
98,37,10,10
20,5,10,10
90,77,10,10
52,13,10,10
56,88,10,10
98,37,10,10
28,26,10,10
52,13,10,10
36,92,10,10
56,88,10,10
104,62,10,10
98,37,10,10
28,26,10,10
36,92,10,10
98,37,10,10
73,74,10,10
56,88,10,10
67,108,10,10
67,63,10,10
98,37,10,10
20,5,10,10
73,74,10,10
56,88,10,10
67,108,10,10
98,37,10,10
20,5,10,10
56,88,10,10
67,108,10,10
98,37,10,10
20,5,10,10
56,88,10,10
104,64,10,10
67,108,10,10
104,62,10,10
98,37,10,10
39,21,10,10
20,5,10,10
56,88,10,10
67,108,10,10
98,37,10,10
39,21,10,10
20,5,10,10
28,26,10,10
56,88,10,10
104,62,10,10
36,64,10,10
98,37,10,10
39,21,10,10
56,88,10,10
104,62,10,10
98,37,10,10
85,42,10,10
39,21,10,10
29,92,10,10
67,108,10,10
104,62,10,10
98,37,10,10
85,42,10,10
39,21,10,10
50,62,10,10
29,92,10,10
67,108,10,10
9,19,10,10
98,37,10,10
85,42,10,10
50,62,10,10
20,5,10,10
29,92,10,10
67,108,10,10
67,92,10,10
9,19,10,10
98,37,10,10
85,42,10,10
20,5,10,10
108,92,10,10
36,92,10,10
67,108,10,10
67,92,10,10
9,19,10,10
98,37,10,10
85,42,10,10
20,5,10,10
108,92,10,10
36,92,10,10
106,66,10,10
9,19,10,10
98,37,10,10
20,5,10,10
36,92,11,11
56,88,11,11
98,37,11,11
36,92,11,11
67,108,11,11
104,62,11,11
28,100,11,11
98,37,11,11
20,5,11,11
90,77,11,11
36,92,11,11
36,64,11,11
28,100,11,11
98,37,11,11
20,5,11,11
85,22,11,11
81,23,11,11
98,37,11,11
20,5,11,11
28,26,11,11
67,108,11,11
85,22,11,11
36,64,11,11
63,92,11,11
24,27,11,11
98,37,11,11
85,42,11,11
20,5,11,11
90,77,11,11
28,26,11,11
67,108,11,11
81,23,11,11
67,92,11,11
24,27,11,11
98,37,11,11
85,42,11,11
90,77,11,11
28,26,11,11
29,92,11,11
56,88,11,11
67,108,11,11
104,62,11,11
81,23,11,11
67,92,11,11
36,64,11,11
63,92,11,11
24,27,11,11
98,37,11,11
85,42,11,11
90,77,11,11
29,92,11,11
56,88,11,11
67,108,11,11
104,62,11,11
81,23,11,11
63,92,11,11
91,96,11,11
98,37,11,11
85,42,11,11
90,77,11,11
28,26,11,11
104,62,11,11
98,37,11,11
45,12,11,11
90,77,11,11
104,62,11,11
98,37,11,11
45,12,11,11
39,21,11,11
90,77,11,11
98,37,11,11
45,12,11,11
90,77,11,11
56,88,11,11
98,37,11,11
90,77,11,11
56,88,11,11
85,22,11,11
98,37,11,11
90,77,11,11
28,26,11,11
56,88,11,11
98,37,11,11
50,62,11,11
90,77,11,11
24,27,11,11
98,37,11,11
50,62,11,11
90,77,11,11
85,22,11,11
98,37,11,11
50,62,11,11
85,22,11,11
98,37,11,11
90,77,11,11
67,108,11,11
85,22,11,11
25,100,11,11
98,37,11,11
20,5,11,11
90,77,11,11
36,92,11,11
67,108,11,11
85,22,11,11
25,100,11,11
104,92,11,11
12,4,11,11
98,37,11,11
50,62,11,11
67,108,11,11
85,22,11,11
25,100,11,11
27,62,11,11
122,73,11,11
24,27,11,11
36,29,11,11
98,37,11,11
50,62,11,11
85,22,11,11
25,100,11,11
122,73,11,11
98,37,11,11
20,5,11,11
25,100,11,11
122,73,11,11
36,29,11,11
98,37,11,11
20,5,11,11
90,77,11,11
28,26,11,11
56,88,11,11
98,37,11,11
20,5,11,11
28,26,11,11
52,13,11,11
56,88,11,11
12,4,11,11
98,37,11,11
104,62,11,11
24,27,11,11
98,37,11,11
20,5,11,11
90,77,11,11
24,27,11,11
98,37,11,11
50,62,11,11
20,5,11,11
90,77,11,11
24,27,11,11
98,37,11,11
20,5,11,11
90,77,11,11
56,88,11,11
24,27,11,11
98,37,11,11
20,5,11,11
90,77,11,11
28,26,11,11
56,88,11,11
36,64,11,11
122,73,11,11
98,37,11,11
20,5,11,11
90,77,11,11
56,88,11,11
36,64,11,11
122,73,11,11
98,37,11,11
90,77,11,11
56,88,11,11
36,64,11,11
36,29,11,11
98,37,11,11
56,88,11,11
67,108,11,11
36,29,11,11
98,37,11,11
20,5,11,11
90,77,11,11
56,88,11,11
67,108,11,11
36,29,11,11
98,37,11,11
20,5,11,11
90,77,11,11
81,25,11,11
56,88,11,11
23,58,11,11
81,23,11,11
36,29,11,11
98,37,11,11
20,5,11,11
90,77,11,11
81,25,11,11
56,88,11,11
36,29,11,11
98,37,11,11
20,5,11,11
90,77,11,11
56,88,11,11
67,108,11,11
36,29,11,11
98,37,11,11
20,5,11,11
90,77,11,11
56,88,11,11
36,29,11,11
98,37,11,11
20,5,11,11
90,77,11,11
56,88,11,11
67,108,11,11
36,29,11,11
98,37,11,11
20,5,11,11
90,77,11,11
56,88,11,11
36,29,11,11
98,37,11,11
20,5,11,11
90,77,11,11
56,88,11,11
49,27,11,11
122,73,11,11
9,19,11,11
36,29,11,11
98,37,11,11
50,62,11,11
20,5,11,11
90,77,11,11
56,88,11,11
106,66,11,11
9,19,11,11
36,29,11,11
98,37,11,11
50,62,11,11
20,5,11,11
90,77,11,11
56,88,11,11
15,110,11,11
23,58,11,11
106,66,11,11
122,73,11,11
98,37,11,11
53,14,11,11
50,62,11,11
90,77,11,11
56,88,11,11
15,110,11,11
23,58,11,11
122,73,11,11
98,37,11,11
53,14,11,11
50,62,11,11
90,77,11,11
52,13,11,11
57,4,11,11
15,110,11,11
23,58,11,11
67,63,11,11
122,73,11,11
45,57,11,11
98,37,11,11
50,62,11,11
90,77,11,11
56,88,11,11
23,58,11,11
67,63,11,11
122,73,11,11
104,92,11,11
98,37,11,11
50,62,11,11
90,77,11,11
56,88,11,11
122,73,11,11
98,37,11,11
50,62,11,11
90,77,11,11
12,57,11,11
52,13,11,11
56,88,11,11
57,4,11,11
36,64,11,11
122,73,11,11
98,37,11,11
50,62,11,11
90,77,11,11
63,29,11,11
122,73,11,11
98,37,11,11
48,49,11,11
20,5,11,11
90,77,11,11
56,88,11,11
63,29,11,11
122,73,11,11
98,37,11,11
50,62,11,11
20,5,11,11
90,77,11,11
56,88,11,11
98,37,11,11
20,5,11,11
90,77,11,11
56,88,11,11
23,58,11,11
81,23,11,11
98,37,11,11
90,77,11,11
56,88,11,11
1,107,11,11
98,37,11,11
90,77,11,11
52,13,11,11
56,88,11,11
57,4,11,11
67,108,11,11
23,58,11,11
1,107,11,11
98,37,11,11
90,77,11,11
52,13,11,11
57,4,11,11
23,58,11,11
1,107,11,11
106,66,11,11
98,37,11,11
90,77,11,11
57,4,11,11
63,29,11,11
1,107,11,11
122,73,11,11
98,37,11,11
90,77,11,11
63,29,11,11
1,107,11,11
122,73,11,11
98,37,11,11
90,77,11,11
52,13,11,11
57,4,11,11
63,29,11,11
1,107,11,11
106,66,11,11
122,73,11,11
98,37,11,11
90,77,11,11
52,13,11,11
57,4,11,11
1,107,11,11
122,73,11,11
98,37,11,11
90,77,11,11
57,4,11,11
122,73,11,11
98,37,11,11
20,5,11,11
90,77,11,11
52,13,11,11
57,4,11,11
23,58,11,11
1,107,11,11
122,73,11,11
9,19,11,11
98,37,11,11
90,77,11,11
56,88,11,11
57,4,11,11
98,37,11,11
90,77,11,11
56,88,11,11
98,37,11,11
90,77,11,11
56,88,11,11
1,107,11,11
98,37,11,11
90,77,11,11
56,88,11,11
1,107,11,11
98,37,11,11
90,77,11,11
1,107,11,11
44,107,11,11
98,37,11,11
20,41,11,11
20,5,11,11
90,77,11,11
81,25,11,11
56,88,11,11
1,107,11,11
98,37,11,11
20,5,11,11
90,77,11,11
9,10,11,11
56,88,11,11
1,107,11,11
36,64,11,11
98,37,11,11
20,41,11,11
20,5,11,11
90,77,11,11
56,88,11,11
15,110,11,11
1,107,11,11
98,37,11,11
20,41,11,11
20,5,11,11
90,77,11,11
15,110,11,11
1,107,11,11
98,37,11,11
20,41,11,11
20,5,11,11
90,77,11,11
15,110,11,11
1,107,11,11
98,37,11,11
20,5,11,11
90,77,11,11
56,88,11,11
15,110,11,11
1,107,11,11
24,27,11,11
98,37,11,11
20,5,11,11
90,77,11,11
81,23,11,11
1,107,11,11
98,37,11,11
90,77,11,11
81,23,11,11
1,107,11,11
98,37,11,11
20,5,11,11
90,77,11,11
15,110,11,11
1,107,11,11
122,73,11,11
98,37,11,11
20,5,11,11
90,77,11,11
15,110,11,11
1,107,11,11
98,37,11,11
20,5,11,11
90,77,11,11
104,62,11,11
81,23,11,11
98,37,11,11
20,5,11,11
90,77,11,11
98,37,11,11
90,77,11,11
12,57,11,11
98,37,11,11
20,5,11,11
90,77,11,11
12,57,11,11
73,74,11,11
81,23,11,11
1,107,11,11
98,37,11,11
20,5,11,11
90,77,11,11
12,57,11,11
81,23,11,11
1,107,11,11
98,37,11,11
20,5,11,11
90,77,11,11
12,57,11,11
73,74,11,11
1,107,11,11
98,37,11,11
20,5,11,11
90,77,11,11
12,57,11,11
73,74,11,11
81,23,11,11
1,107,11,11
98,37,11,11
20,5,11,11
12,57,11,11
81,23,11,11
1,107,11,11
88,64,11,11
20,5,11,11
12,57,11,11
24,92,11,11
81,23,11,11
1,107,11,11
20,5,11,11
12,57,11,11
24,92,11,11
81,23,11,11
1,107,11,11
20,5,11,11
12,57,11,11
56,88,11,11
1,107,11,11
20,5,11,11
12,57,11,11
63,29,11,11
81,23,11,11
1,107,11,11
20,5,11,11
81,23,11,11
1,107,11,11
12,4,11,11
20,5,11,11
81,23,11,11
1,107,11,11
20,5,11,11
81,23,11,11
12,4,11,11
20,5,11,11
81,23,11,11
67,63,11,11
20,5,11,11
81,23,11,11
36,64,11,11
53,14,11,11
40,45,11,11
20,5,11,11
45,12,11,11
40,45,11,11
20,5,11,11
20,5,11,11
57,4,11,11
1,107,11,11
67,63,11,11
20,5,11,11
57,4,11,11
1,107,11,11
67,63,11,11
36,64,11,11
20,5,11,11
57,4,11,11
1,107,11,11
67,63,11,11
20,5,11,11
1,107,11,11
36,64,11,11
20,5,11,11
90,77,11,11
1,107,11,11
36,64,11,11
20,5,11,11
1,107,11,11
36,64,11,11
20,5,11,11
67,108,11,11
1,107,11,11
36,64,11,11
122,73,11,11
38,42,11,11
39,21,11,11
20,5,11,11
67,108,11,11
1,107,11,11
122,73,11,11
39,21,11,11
20,5,11,11
67,108,11,11
1,107,11,11
122,73,11,11
38,42,11,11
20,5,11,11
26,108,11,11
67,108,11,11
1,107,11,11
122,73,11,11
38,42,11,11
20,5,11,11
52,13,11,11
67,108,11,11
1,107,11,11
122,73,11,11
38,42,11,11
20,5,11,11
52,13,11,11
67,108,11,11
1,107,11,11
122,73,11,11
38,42,11,11
52,13,11,11
1,107,11,11
122,73,11,11
52,13,11,11
67,108,11,11
1,107,11,11
122,73,11,11
20,5,11,11
52,13,11,11
67,108,11,11
1,107,11,11
122,73,11,11
45,12,11,11
20,5,11,11
52,13,11,11
67,108,11,11
1,107,11,11
122,73,11,11
20,41,11,11
20,5,11,11
52,13,11,11
67,108,11,11
1,107,11,11
60,5,11,11
122,73,11,11
20,5,11,11
52,13,11,11
67,108,11,11
1,107,11,11
122,73,11,11
81,15,11,11
81,25,11,11
9,10,11,11
52,13,11,11
67,108,11,11
1,107,11,11
38,42,11,11
20,5,11,11
9,10,11,11
52,13,11,11
67,108,11,11
1,107,11,11
45,12,11,11
20,5,11,11
52,13,11,11
67,108,11,11
1,107,11,11
45,12,11,11
52,13,11,11
67,108,11,11
1,107,11,11
60,5,11,11
38,42,11,11
45,12,11,11
20,5,11,11
52,13,11,11
67,108,11,11
1,107,11,11
36,64,11,11
45,12,11,11
52,13,11,11
1,107,11,11
45,12,11,11
52,13,11,11
1,107,11,11
36,64,11,11
45,12,11,11
1,107,11,11
36,64,11,11
45,12,11,11
52,13,12,12
57,4,12,12
67,108,12,12
1,107,12,12
45,12,12,12
20,5,12,12
52,13,12,12
1,107,12,12
45,12,12,12
20,5,12,12
52,13,12,12
67,108,12,12
1,107,12,12
45,68,12,12
45,12,12,12
20,5,12,12
52,13,12,12
1,107,12,12
45,12,12,12
20,5,12,12
52,13,12,12
1,107,12,12
45,68,12,12
20,5,12,12
52,13,12,12
1,107,12,12
20,5,12,12
52,13,12,12
1,107,12,12
36,64,12,12
45,68,12,12
45,12,12,12
20,5,12,12
52,13,12,12
1,107,12,12
36,64,12,12
45,12,12,12
20,5,12,12
52,13,12,12
23,58,12,12
45,12,12,12
52,13,12,12
1,107,12,12
67,63,12,12
45,12,12,12
20,5,12,12
52,13,12,12
1,107,12,12
60,114,12,12
91,96,12,12
45,12,12,12
20,5,12,12
52,13,12,12
1,107,12,12
60,114,12,12
45,12,12,12
20,5,12,12
52,13,12,12
45,12,12,12
20,5,12,12
52,13,12,12
104,62,12,12
20,5,12,12
52,13,12,12
104,62,12,12
1,107,12,12
53,14,12,12
20,5,12,12
52,13,12,12
104,62,12,12
1,107,12,12
36,64,12,12
20,5,12,12
52,13,12,12
1,107,12,12
38,42,12,12
20,5,12,12
52,13,12,12
1,107,12,12
38,42,12,12
45,12,12,12
20,5,12,12
52,13,12,12
57,4,12,12
1,107,12,12
45,12,12,12
20,5,12,12
1,107,12,12
38,42,12,12
45,12,12,12
20,5,12,12
52,13,12,12
57,4,12,12
1,107,12,12
38,42,12,12
24,27,12,12
20,5,12,12
52,13,12,12
57,4,12,12
1,107,12,12
36,29,12,12
45,12,12,12
20,5,12,12
52,13,12,12
57,4,12,12
1,107,12,12
38,42,12,12
36,29,12,12
20,5,12,12
52,13,12,12
1,107,12,12
38,42,12,12
36,29,12,12
20,5,12,12
57,4,12,12
67,108,12,12
1,107,12,12
38,42,12,12
36,29,12,12
45,12,12,12
20,5,12,12
52,13,12,12
67,108,12,12
1,107,12,12
38,42,12,12
36,29,12,12
52,13,12,12
57,4,12,12
1,107,12,12
38,42,12,12
24,27,12,12
102,41,12,12
57,4,12,12
81,23,12,12
1,107,12,12
38,42,12,12
25,110,12,12
36,29,12,12
45,12,12,12
20,5,12,12
52,13,12,12
57,4,12,12
67,108,12,12
81,23,12,12
1,107,12,12
25,110,12,12
36,29,12,12
20,5,12,12
52,13,12,12
57,4,12,12
67,108,12,12
56,106,12,12
9,19,12,12
36,29,12,12
57,4,12,12
63,29,12,12
56,106,12,12
9,19,12,12
45,12,12,12
20,5,12,12
23,58,12,12
38,42,12,12
20,5,12,12
23,58,12,12
38,42,12,12
20,5,12,12
23,58,12,12
38,42,12,12
9,19,12,12
20,5,12,12
57,4,12,12
67,108,12,12
23,58,12,12
38,42,12,12
20,5,12,12
67,108,12,12
23,58,12,12
38,42,12,12
9,19,12,12
20,5,12,12
57,4,12,12
67,108,12,12
23,58,12,12
38,42,12,12
102,41,12,12
20,5,12,12
57,4,12,12
67,108,12,12
36,64,12,12
38,42,12,12
102,41,12,12
20,5,12,12
52,13,12,12
67,108,12,12
36,64,12,12
38,42,12,12
67,108,12,12
38,42,12,12
9,19,12,12
102,41,12,12
20,5,12,12
57,4,12,12
67,108,12,12
38,42,12,12
9,19,12,12
57,4,12,12
67,108,12,12
38,42,12,12
9,19,12,12
67,108,12,12
81,23,12,12
38,42,12,12
67,108,12,12
81,23,12,12
38,42,12,12
44,45,12,12
67,108,12,12
81,23,12,12
36,64,12,12
38,42,12,12
20,5,12,12
67,108,12,12
81,23,12,12
1,107,12,12
38,42,12,12
20,5,12,12
67,108,12,12
81,23,12,12
45,68,12,12
38,42,12,12
20,5,12,12
67,108,12,12
38,42,12,12
81,15,12,12
20,5,12,12
90,77,12,12
67,108,12,12
81,23,12,12
36,64,12,12
38,42,12,12
20,5,12,12
67,108,12,12
1,107,12,12
38,42,12,12
20,5,12,12
67,108,12,12
1,107,12,12
38,42,12,12
20,5,12,12
57,4,12,12
1,107,12,12
38,42,12,12
20,5,12,12
1,107,12,12
38,42,12,12
20,5,12,12
57,4,12,12
104,62,12,12
1,107,12,12
38,42,12,12
20,5,12,12
90,77,12,12
57,4,12,12
1,107,12,12
38,42,12,12
20,5,12,12
57,4,12,12
1,107,12,12
38,42,12,12
20,5,12,12
57,4,12,12
38,42,12,12
24,27,12,12
8,116,12,12
20,5,12,12
90,77,12,12
57,4,12,12
26,108,12,12
38,42,12,12
9,19,12,12
24,27,12,12
8,116,12,12
20,5,12,12
9,10,12,12
38,42,12,12
9,19,12,12
60,13,12,12
8,116,12,12
20,5,12,12
90,77,12,12
38,42,12,12
36,29,12,12
8,116,12,12
20,5,12,12
26,108,12,12
38,42,12,12
8,116,12,12
90,77,12,12
9,10,12,12
26,108,12,12
38,42,12,12
9,19,12,12
60,13,12,12
8,116,12,12
38,42,12,12
9,19,12,12
8,116,12,12
57,4,12,12
38,42,12,12
9,19,12,12
24,27,12,12
8,116,12,12
20,5,12,12
26,108,12,12
15,110,12,12
106,66,12,12
38,42,12,12
9,19,12,12
8,116,12,12
20,5,12,12
26,108,12,12
106,66,12,12
36,64,12,12
38,42,12,12
9,19,12,12
8,116,12,12
20,5,12,12
36,64,12,12
38,42,12,12
9,19,12,12
8,116,12,12
20,5,12,12
38,42,12,12
9,19,12,12
8,116,12,12
20,5,12,12
106,66,12,12
38,42,12,12
9,19,12,12
20,5,12,12
67,108,12,12
15,110,12,12
23,58,12,12
122,73,12,12
38,42,12,12
9,19,12,12
20,5,12,12
57,4,12,12
67,108,12,12
104,62,12,12
23,58,12,12
81,23,12,12
106,66,12,12
122,73,12,12
38,42,12,12
9,19,12,12
56,88,12,12
57,4,12,12
67,108,12,12
38,42,12,12
9,19,12,12
86,65,12,12
56,88,12,12
57,4,12,12
67,108,12,12
1,107,12,12
67,63,12,12
38,42,12,12
9,19,12,12
36,29,12,12
50,62,12,12
20,5,12,12
104,64,12,12
57,4,12,12
24,110,12,12
67,108,12,12
15,110,12,12
1,107,12,12
106,66,12,12
67,63,12,12
36,64,12,12
122,73,12,12
38,42,12,12
56,106,12,12
9,19,12,12
50,62,12,12
56,88,12,12
57,4,12,12
81,24,12,12
24,110,12,12
67,108,12,12
1,107,12,12
67,63,12,12
38,42,12,12
81,15,12,12
28,100,12,12
36,29,12,12
50,62,12,12
67,108,12,12
104,62,12,12
1,107,12,12
67,63,12,12
38,42,12,12
36,29,12,12
60,13,12,12
23,67,12,12
23,29,12,12
57,4,12,12
56,66,12,12
24,50,12,12
67,63,12,12
38,42,12,12
106,67,12,12
9,19,12,12
24,27,12,12
23,63,12,12
81,25,12,12
23,62,12,12
23,29,12,12
103,62,12,12
57,4,12,12
103,25,12,12
104,62,12,12
24,50,12,12
67,63,12,12
38,42,12,12
106,67,12,12
9,19,12,12
28,100,12,12
20,5,12,12
106,63,12,12
12,57,12,12
56,62,12,12
66,67,12,12
36,50,12,12
15,110,12,12
104,62,12,12
106,66,12,12
24,50,12,12
28,108,12,12
38,42,12,12
106,67,12,12
9,19,12,12
24,27,12,12
28,100,12,12
8,116,12,12
66,108,12,12
106,108,12,12
20,5,12,12
90,77,12,12
81,25,12,12
106,63,12,12
56,36,12,12
12,57,12,12
9,122,12,12
66,67,12,12
57,4,12,12
24,110,12,12
26,108,12,12
36,50,12,12
15,110,12,12
37,110,12,12
1,107,12,12
106,66,12,12
38,42,12,12
106,67,12,12
36,110,12,12
28,100,12,12
8,116,12,12
66,108,12,12
24,15,12,12
106,108,12,12
53,14,12,12
20,5,12,12
90,77,12,12
81,25,12,12
24,37,12,12
73,74,12,12
52,73,12,12
24,110,12,12
26,25,12,12
15,110,12,12
37,110,12,12
106,66,12,12
85,13,12,12
106,67,12,12
9,19,12,12
28,100,12,12
60,73,12,12
8,116,12,12
66,108,12,12
24,15,12,12
106,108,12,12
53,14,12,12
20,5,12,12
81,25,12,12
14,41,12,12
13,38,12,12
24,37,12,12
66,67,12,12
73,38,12,12
104,63,12,12
24,110,12,12
28,104,12,12
26,25,12,12
15,110,12,12
26,110,12,12
9,41,12,12
37,110,12,12
60,74,12,12
85,13,12,12
9,19,12,12
28,100,12,12
60,73,12,12
8,116,12,12
24,37,12,12
12,57,12,12
73,74,12,12
57,4,12,12
24,62,12,12
104,63,12,12
67,108,12,12
26,25,12,12
9,41,12,12
104,62,12,12
37,110,12,12
85,13,12,12
106,100,12,12
28,106,12,12
28,100,12,12
122,10,12,12
8,116,12,12
90,77,12,12
100,63,12,12
9,61,12,12
106,63,12,12
1,80,12,12
24,37,12,12
12,57,12,12
104,63,12,12
15,110,12,12
66,62,12,12
1,107,12,12
110,114,12,12
45,68,12,12
106,100,12,12
28,100,12,12
15,66,12,12
8,116,12,12
62,110,12,12
24,108,12,12
103,122,12,12
12,57,12,12
104,63,12,12
28,104,12,12
28,63,12,12
106,66,12,12
93,54,12,12
28,100,12,12
8,116,12,12
63,108,12,12
51,105,12,12
40,45,12,12
60,42,12,12
100,104,12,12
80,119,12,12
103,122,12,12
12,57,12,12
28,104,12,12
51,11,12,12
1,107,12,12
106,66,12,12
93,54,12,12
41,61,12,12
63,108,12,12
39,47,12,12
40,45,12,12
100,104,12,12
80,119,12,12
103,122,12,12
12,57,12,12
23,85,12,12
81,24,12,12
28,104,12,12
23,108,12,12
106,66,12,12
51,54,12,12
91,96,12,12
28,100,12,12
63,108,12,12
39,47,12,12
53,41,12,12
100,104,12,12
93,51,12,12
54,44,12,12
106,66,12,12
96,86,12,12
60,115,12,12
39,47,12,12
53,41,12,12
41,22,12,12
100,104,12,12
41,107,12,12
11,45,12,12
106,66,12,12
41,74,12,12
91,96,12,12
40,4,12,12
53,73,12,12
8,22,12,12
60,115,12,12
53,41,12,12
41,22,12,12
39,65,12,12
45,4,12,12
7,115,12,12
41,39,12,12
53,39,12,12
41,73,12,12
15,110,12,12
106,66,12,12
41,74,12,12
91,96,12,12
80,4,12,12
53,73,12,12
40,107,12,12
53,41,12,12
100,104,12,12
91,107,12,12
73,74,12,12
41,39,12,12
53,39,12,12
34,60,12,12
15,110,12,12
1,107,12,12
51,42,12,12
1,42,12,12
106,66,12,12
80,41,12,12
45,57,12,12
100,104,12,12
45,4,12,12
24,67,12,12
34,60,12,12
46,39,12,12
34,42,12,12
34,12,12,12
54,57,12,12
108,119,12,12
106,66,12,12
120,121,12,12
60,42,12,12
34,5,12,12
5,42,12,12
36,50,12,12
46,39,12,12
106,66,12,12
101,107,12,12
80,41,12,12
41,74,12,12
120,121,12,12
60,42,12,12
103,122,12,12
5,115,12,12
36,50,12,12
46,39,12,12
51,32,12,12
61,42,12,12
54,57,12,12
32,12,12,12
106,66,12,12
11,40,12,12
1,32,12,12
34,115,12,12
34,7,12,12
103,122,12,12
106,66,12,12
11,40,12,12
51,12,12,12
28,100,12,12
34,7,12,12
19,39,12,12
106,66,12,12
45,57,12,12
51,12,12,12
63,108,12,12
101,42,12,12
103,122,12,12
43,69,12,12
28,104,12,12
43,12,12,12
106,66,12,12
45,57,12,12
51,12,12,12
51,43,12,12
51,118,12,12
36,29,12,12
11,69,12,12
60,101,12,12
101,42,12,12
30,57,12,12
103,122,12,12
43,45,12,12
43,69,12,12
28,104,12,12
106,66,12,12
80,41,12,12
63,108,12,12
103,122,12,12
43,69,12,12
36,50,12,12
106,66,12,12
63,108,12,12
101,42,12,12
103,122,12,12
43,69,12,12
36,50,12,12
106,66,12,12
103,49,12,12
63,108,12,12
100,104,12,12
103,122,12,12
43,69,12,12
36,50,12,12
103,106,12,12
106,66,12,12
103,49,12,12
36,50,12,12
106,66,12,12
63,108,12,12
43,79,12,12
79,69,12,12
36,50,12,12
94,109,12,12
106,66,12,12
24,27,12,12
28,104,12,12
79,69,12,12
69,2,12,12
56,106,12,12
24,27,12,12
63,108,12,12
79,2,12,12
27,43,12,12
50,32,12,12
56,106,12,12
24,27,12,12
63,108,12,12
24,43,12,12
28,104,12,12
36,50,12,12
56,106,12,12
24,27,12,12
28,100,12,12
103,49,12,12
104,69,12,12
63,108,12,12
100,104,12,12
24,69,12,12
27,43,12,12
43,69,12,12
24,43,12,12
28,104,12,12
56,106,12,12
28,100,12,12
63,108,12,12
100,104,12,12
24,69,12,12
27,43,12,12
43,69,12,12
28,104,12,12
56,106,12,12
63,108,12,12
100,104,12,12
24,69,12,12
27,43,12,12
43,69,12,12
24,43,12,12
28,104,12,12
56,106,12,12
27,69,12,12
24,27,12,12
63,108,12,12
24,69,12,12
27,43,12,12
24,43,12,12
28,104,12,12
56,106,12,12
28,100,12,12
100,104,12,12
27,43,12,12
24,43,12,12
28,104,12,12
56,106,12,12
28,104,12,12
100,104,12,12
106,23,12,12
56,106,12,12
104,121,12,12
28,104,12,12
104,121,12,12
104,121,12,12
104,121,12,12
56,106,12,12
63,108,12,12
56,120,13,13
56,120,13,13
63,108,13,13
63,108,13,13
63,108,13,13
106,23,13,13
63,108,13,13
63,108,13,13
28,121,13,13
63,108,13,13
104,121,13,13
100,121,13,13
100,121,13,13
104,121,13,13
104,121,13,13
104,121,13,13
56,106,13,13
104,121,13,13
104,121,13,13
81,67,13,13
63,108,13,13
104,121,13,13
104,121,13,13
104,121,13,13
104,121,13,13
28,100,13,13
28,100,13,13
28,121,13,13
28,121,13,13
28,100,13,13
28,100,13,13
63,108,13,13
100,121,13,13
63,108,13,13
63,108,13,13
56,106,13,13
28,100,13,13
28,121,13,13
63,108,13,13
56,106,13,13
104,121,13,13
56,106,13,13
104,121,13,13
104,121,13,13
104,121,13,13
28,121,13,13
28,104,13,13
28,121,13,13
100,121,13,13
100,121,13,13
100,121,13,13
28,104,13,13
28,100,13,13
28,104,13,13
100,121,13,13
100,121,13,13
28,121,13,13
28,121,13,13
28,104,13,13
104,121,13,13
104,121,13,13
28,104,13,13
28,104,13,13
28,104,13,13
28,104,13,13
28,104,13,13
28,121,13,13
63,108,13,13
28,121,13,13
28,104,13,13
63,108,13,13
63,108,13,13
63,108,13,13
63,108,13,13
63,108,13,13
63,108,13,13
63,108,13,13
28,104,13,13
63,108,13,13
28,104,13,13
106,23,13,13
104,121,13,13
28,121,13,13
28,104,13,13
104,121,13,13
28,121,13,13
104,121,13,13
106,23,13,13
28,100,13,13
28,104,13,13
56,106,13,13
28,104,13,13
56,106,13,13
56,106,13,13
63,108,13,13
28,104,13,13
56,106,13,13
56,106,13,13
28,104,13,13
56,106,13,13
28,100,13,13
63,108,13,13
56,106,13,13
28,100,13,13
63,108,13,13
100,104,13,13
56,106,13,13
63,108,13,13
56,106,13,13
56,106,14,14
56,106,14,14
56,106,14,14
104,121,14,14
28,104,14,14
56,106,14,14
63,108,14,14
56,106,14,14
63,108,14,14
104,121,14,14
104,121,14,14
56,106,14,14
63,108,14,14
63,108,14,14
76,121,14,14
63,108,14,14
63,108,14,14
63,108,14,14
63,108,14,14
63,108,14,14
63,108,14,14
63,108,14,14
63,108,14,14
63,108,14,14
63,121,14,14
108,121,14,14
63,108,14,14
63,108,14,14
63,108,14,14
108,121,14,14
108,76,14,14
63,108,14,14
108,121,14,14
63,108,14,14
63,108,14,14
63,108,14,14
63,108,14,14
56,106,14,14
94,71,14,14
63,108,14,14
79,2,14,14
56,106,14,14
63,108,14,14
108,76,14,14
63,108,14,14
111,99,14,14
63,108,14,14
79,2,14,14
63,108,14,14
79,2,14,14
71,32,14,14
56,108,14,14
56,106,14,14
63,108,14,14
71,32,14,14
63,108,14,14
67,63,14,14
30,121,14,14
67,63,14,14
12,79,14,14
63,108,14,14
40,79,14,14
45,4,14,14
40,12,14,14
54,57,14,14
56,106,14,14
45,4,14,14
68,83,14,14
51,11,14,14
56,4,14,14
63,108,14,14
77,118,14,14
1,59,14,14
51,11,14,14
11,57,14,14
63,108,14,14
45,4,14,14
59,57,14,14
77,118,14,14
1,59,14,14
101,59,14,14
11,57,14,14
54,121,14,14
1,59,14,14
32,59,14,14
1,32,14,14
54,30,14,14
23,32,14,14
1,59,14,14
32,59,14,14
67,63,14,14
16,31,14,14
56,106,14,14
1,32,14,14
32,59,14,14
67,63,14,14
1,32,14,14
23,59,14,14
1,59,14,14
63,108,14,14
1,101,14,14
1,101,14,14
32,59,14,14
30,121,14,14
1,101,14,14
32,59,14,14
67,63,14,14
63,108,14,14
1,101,14,14
32,59,14,14
32,59,14,14
67,63,14,14
77,118,14,14
32,59,14,14
126,101,14,14
77,118,14,14
32,59,14,14
77,118,14,14
32,59,14,14
67,63,14,14
77,118,14,14
32,59,14,14
32,59,14,14
32,59,14,14
32,59,14,14
32,59,14,14
67,63,14,14
32,59,14,14
67,63,14,14
32,59,14,14
67,63,14,14
32,59,14,14
77,118,14,14
32,59,14,14
77,118,14,14
32,59,14,14
77,118,14,14
32,59,14,14
67,63,14,14
32,59,14,14
32,59,14,14
77,118,14,14
32,59,14,14
63,108,14,14
32,59,14,14
32,59,14,14
32,59,14,14
32,59,14,14
32,59,14,14
32,59,14,14
32,59,14,14
30,45,14,14
32,59,14,14
63,108,14,14
32,59,14,14
32,59,14,14
32,59,14,14
32,59,14,14
32,59,14,14
32,59,14,14
32,59,14,14
32,59,14,14
32,59,14,14
32,59,14,14
32,59,14,14
32,59,14,14
32,59,14,14
32,59,14,14
32,59,14,14
32,59,14,14
32,59,14,14
32,59,14,14
32,59,14,14
32,59,14,14
67,63,14,14
32,59,14,14
32,59,14,14
32,59,14,14
32,59,14,14
45,121,14,14
32,59,14,14
67,63,14,14
32,59,14,14
67,63,14,14
32,59,14,14
32,59,14,14
32,59,14,14
32,59,14,14
45,121,14,14
32,59,14,14
32,59,15,15
32,59,15,15
32,59,15,15
32,59,15,15
32,59,15,15
32,59,15,15
32,59,15,15
32,59,15,15
32,59,15,15
32,59,15,15
32,59,15,15
32,59,15,15
32,59,15,15
32,59,15,15
32,59,15,15
32,59,15,15
32,59,15,15
32,59,15,15
32,59,15,15
32,59,15,15
32,59,15,15
32,59,15,15
32,59,15,15
32,59,15,15
27,98,15,15
32,59,15,15
32,59,15,15
32,59,15,15
32,59,15,15
32,59,15,15
32,59,15,15
67,63,15,15
32,59,15,15
67,63,15,15
32,59,15,15
32,59,15,15
32,59,15,15
32,59,15,15
32,59,15,15
32,59,15,15
32,59,15,15
32,59,15,15
32,59,15,15
32,59,15,15
32,59,15,15
32,59,15,15
32,59,15,15
32,59,15,15
32,59,15,15
32,59,15,15
32,59,15,15
45,121,15,15
32,59,15,15
30,121,15,15
45,121,15,15
32,59,15,15
32,59,15,15
67,63,15,15
32,59,15,15
32,59,15,15
30,45,15,15
32,59,15,15
32,59,15,15
32,59,15,15
32,59,15,15
32,59,15,15
51,78,15,15
32,59,15,15
51,78,15,15
32,59,15,15
30,121,15,15
51,78,15,15
32,59,15,15
30,121,15,15
51,78,15,15
32,59,15,15
51,78,15,15
32,59,15,15
32,59,15,15
51,78,15,15
32,59,15,15
32,59,15,15
51,78,15,15
32,59,15,15
32,59,15,15
32,59,15,15
32,59,15,15
32,59,15,15
32,59,15,15
32,59,15,15
32,59,15,15
32,59,15,15
32,59,15,15
32,59,15,15
32,59,15,15
32,59,15,15
32,59,15,15
32,59,15,15
45,4,15,15
32,59,15,15
30,4,15,15
45,4,15,15
32,59,15,15
32,59,15,15
32,59,15,15
32,59,15,15
32,59,15,15
67,63,15,15
32,59,15,15
67,63,15,15
30,4,15,15
32,59,15,15
67,63,15,15
32,59,15,15
67,108,15,15
32,59,15,15
63,108,15,15
32,59,15,15
67,63,15,15
63,108,15,15
32,59,15,15
63,108,15,15
67,108,15,15
1,59,15,15
67,108,15,15
63,108,15,15
1,101,15,15
6,74,15,15
10,47,15,15
12,92,15,15
12,92,15,15
1,101,15,15
68,33,15,15
41,65,15,15
41,65,15,15
41,65,15,15
54,30,15,15
60,65,15,15
60,41,15,15
41,65,15,15
41,65,15,15
41,65,15,15
23,27,16,16
37,69,36,17
33,69,36,17
37,69,36,17
27,69,36,17
69,4,36,17
11,4,36,17
106,45,36,17
69,4,36,17
45,68,36,17
11,69,36,17
37,33,36,17
106,45,36,17
11,69,36,17
11,4,36,17
106,45,36,17
69,6,36,17
37,69,36,17
57,69,36,17
45,69,36,17
106,45,36,17
11,45,36,17
20,13,36,17
37,69,36,17
106,11,36,17
57,69,36,17
45,69,36,17
11,45,36,17
11,57,36,17
106,69,36,17
45,57,36,17
20,13,36,17
44,80,36,17
11,69,36,17
37,69,36,17
44,47,36,17
106,11,36,17
57,69,36,17
45,69,36,17
106,45,36,17
11,45,36,17
11,57,36,17
106,69,36,17
45,57,36,17
11,69,36,17
106,11,36,17
45,69,36,17
106,45,36,17
11,45,36,17
106,69,36,17
11,69,36,17
24,69,36,17
106,11,36,17
106,45,36,17
106,24,36,17
24,69,36,17
106,45,36,17
45,57,36,17
27,69,36,17
26,69,36,17
106,24,36,17
37,68,36,17
45,57,36,17
106,68,36,17
11,6,36,17
68,57,36,17
106,45,36,17
45,68,36,17
106,68,36,17
106,57,36,17
11,6,36,17
106,45,36,17
45,68,36,17
45,57,36,17
106,57,36,17
70,80,36,17
33,69,36,17
45,68,36,17
37,69,36,17
24,69,36,17
106,45,36,17
33,69,36,17
13,5,36,17
44,80,36,17
106,57,36,17
37,69,36,17
20,5,36,17
13,5,36,17
37,33,36,17
37,69,36,17
11,6,36,17
20,13,36,17
66,68,36,17
37,69,36,17
20,5,36,17
37,69,36,17
20,5,36,17
33,69,36,17
13,5,36,17
23,69,36,17
37,69,36,17
20,5,36,17
24,69,36,17
20,13,36,17
23,69,36,17
37,69,36,17
24,69,36,17
14,38,36,17
106,45,36,17
60,5,36,17
60,20,36,17
20,13,36,17
37,69,36,17
80,5,36,17
24,69,36,17
24,37,36,17
45,33,36,17
60,5,36,17
60,20,36,17
60,114,36,17
60,13,36,17
23,69,36,17
37,69,36,17
80,5,36,17
24,69,36,17
24,37,36,17
60,114,36,17
30,4,36,17
37,63,36,17
28,100,36,17
18,80,36,17
37,69,36,17
24,69,36,17
24,37,36,17
11,44,36,17
23,37,36,17
30,4,36,17
37,63,36,17
18,80,36,17
37,69,36,17
34,61,36,17
24,69,36,17
24,37,36,17
11,44,36,17
23,37,36,17
63,69,36,17
60,20,36,17
30,4,36,17
28,100,36,17
60,80,36,17
34,46,36,17
39,47,36,17
18,80,36,17
37,69,36,17
106,12,36,17
24,69,36,17
24,37,36,17
3,44,36,17
41,10,36,17
60,20,36,17
30,4,36,17
60,80,36,17
23,69,36,17
37,69,36,17
24,69,36,17
3,44,36,17
1,71,36,17
106,66,36,17
60,20,36,17
106,69,36,17
30,4,36,17
106,24,36,17
81,69,36,17
60,80,36,17
34,6,36,17
82,94,36,17
11,44,36,17
3,44,36,17
1,71,36,17
1,11,36,17
1,3,36,17
106,66,36,17
30,4,36,17
71,44,36,17
93,62,36,17
45,12,36,17
71,11,36,17
11,44,36,17
3,44,36,17
30,4,36,17
93,62,36,17
11,44,36,17
33,17,36,17
1,3,36,17
106,66,36,17
8,13,36,17
30,4,36,17
106,62,36,17
1,12,36,17
16,44,36,17
12,57,36,17
45,59,36,17
11,44,36,17
46,39,36,17
16,3,36,17
106,66,36,17
30,4,36,17
59,69,36,17
12,57,36,17
82,94,36,17
52,13,36,17
11,44,36,17
46,39,36,17
16,3,36,17
106,66,36,17
30,4,36,17
59,69,36,17
16,44,36,17
11,44,36,17
46,39,36,17
16,3,36,17
33,69,36,17
19,10,36,17
32,11,36,17
9,19,36,17
8,116,36,17
59,69,36,17
30,12,36,17
20,5,36,17
16,44,36,17
82,94,36,17
52,13,36,17
46,39,36,17
85,22,36,17
82,109,36,17
44,4,36,17
19,10,36,17
9,19,36,17
8,116,36,17
82,99,36,17
1,44,36,17
20,5,36,17
83,57,36,17
46,39,36,17
85,22,36,17
19,10,36,17
16,11,36,17
9,19,36,17
8,116,36,17
33,59,36,17
12,57,36,17
24,110,36,17
46,39,36,17
85,22,36,17
16,11,36,17
9,19,36,17
8,116,36,17
1,44,36,17
41,5,36,17
16,33,36,17
46,39,36,17
16,78,36,17
85,22,36,17
93,54,36,17
16,11,36,17
9,19,36,17
8,116,36,17
82,99,36,17
41,5,36,17
20,5,36,17
109,44,36,17
46,39,36,17
85,22,36,17
116,72,36,17
16,11,36,17
9,19,36,17
60,13,36,17
8,116,36,17
82,99,36,17
93,57,36,17
41,5,36,17
20,5,36,17
1,109,36,17
46,39,36,17
54,57,36,17
85,22,36,17
45,68,36,17
9,19,36,17
60,13,36,17
86,65,36,17
8,116,36,17
20,5,36,17
46,39,36,17
54,57,36,17
85,22,36,17
65,72,36,17
45,68,36,17
1,32,36,17
9,19,36,17
8,116,36,17
1,113,36,17
53,14,36,17
20,5,36,17
11,12,36,17
43,44,36,17
46,39,36,17
85,22,36,17
19,10,36,17
9,19,36,17
8,116,36,17
111,68,36,17
3,12,36,17
53,14,36,17
20,5,36,17
46,39,36,17
14,121,36,17
19,10,36,17
1,32,36,17
9,19,36,17
80,83,36,17
8,116,36,17
111,68,36,17
53,14,36,17
20,5,36,17
87,45,36,17
46,39,36,17
45,83,36,17
8,116,36,17
82,113,36,17
53,14,36,17
3,107,36,17
46,39,36,17
60,114,36,17
86,65,36,17
8,116,36,17
82,113,36,17
20,5,36,17
51,11,36,17
46,39,36,17
121,5,36,17
8,116,36,17
20,5,36,17
109,44,36,17
46,39,36,17
8,116,36,17
94,43,36,17
53,14,36,17
20,5,36,17
46,39,36,17
1,71,36,17
8,116,36,17
53,14,36,17
20,5,36,17
46,39,36,17
1,71,36,17
60,114,36,17
8,116,36,17
53,14,36,17
20,5,36,17
46,39,36,17
8,116,36,17
53,14,36,17
46,39,36,17
8,116,36,17
53,14,36,17
34,114,36,17
46,39,36,17
40,83,36,17
8,116,36,17
53,14,36,17
46,39,36,17
40,83,36,17
8,116,36,17
46,39,36,17
8,116,36,17
46,39,36,17
40,83,36,17
8,116,36,17
46,39,36,17
8,116,36,17
46,39,36,17
8,116,36,17
46,39,36,17
8,116,36,17
65,22,36,17
46,39,36,17
60,114,36,17
8,116,36,17
46,39,36,17
8,116,36,17
46,39,36,17
40,83,36,17
8,116,36,17
46,39,36,17
40,83,36,17
8,116,36,17
46,39,36,17
8,116,36,17
46,39,36,17
40,83,36,17
85,22,36,17
8,116,36,17
46,39,36,17
40,83,36,17
85,52,36,17
8,116,36,17
85,42,36,17
46,39,36,17
40,83,36,17
8,116,36,17
85,42,36,17
46,39,36,17
40,83,36,17
8,116,36,17
85,42,36,17
53,14,36,17
46,39,36,17
8,116,36,17
85,42,36,17
46,39,36,17
8,116,36,17
85,42,36,17
46,39,36,17
8,116,36,17
85,42,36,17
46,39,36,17
8,116,36,17
85,42,36,17
46,39,36,17
8,116,36,17
85,42,36,17
46,39,36,17
8,116,36,17
85,42,36,17
46,39,36,17
8,116,36,17
46,39,36,17
8,116,36,17
46,39,36,17
8,116,36,17
85,42,36,17
46,39,36,17
8,116,36,17
85,42,36,17
46,39,36,17
60,114,36,17
8,116,36,17
85,42,36,17
46,39,36,17
8,116,36,17
85,42,36,17
111,68,36,17
46,39,36,17
3,79,36,17
60,114,36,17
8,116,36,17
85,42,36,17
46,39,36,17
3,79,36,17
8,116,36,17
46,39,36,17
60,114,36,17
8,116,36,17
85,42,36,17
12,57,36,17
46,39,36,17
8,116,36,17
85,42,36,17
12,57,36,17
46,39,36,17
8,116,36,17
85,42,36,17
12,57,36,17
46,39,36,17
8,116,36,17
85,42,36,17
12,57,36,17
46,39,36,17
8,116,36,17
85,42,36,17
12,57,36,17
46,39,36,17
8,116,36,17
85,42,36,17
46,39,36,17
8,116,36,17
85,42,36,17
111,68,36,17
46,39,36,17
8,116,36,17
85,42,36,17
12,57,36,17
46,39,36,17
8,116,36,17
85,42,36,17
46,39,36,17
122,73,36,17
8,116,36,17
85,42,36,17
52,18,36,17
46,39,36,17
8,116,36,17
85,42,36,17
52,18,36,17
3,107,36,17
46,39,36,17
60,114,36,17
86,65,36,17
8,116,36,17
85,42,36,17
3,107,36,17
46,39,36,17
60,114,36,17
8,116,36,17
85,42,36,17
52,18,36,17
46,39,36,17
60,114,36,17
8,116,36,17
85,42,36,17
52,18,36,17
46,39,36,17
8,116,36,17
85,42,36,17
52,18,36,17
46,39,36,17
8,116,36,17
85,42,36,17
40,69,36,17
52,18,36,17
46,39,36,17
8,116,36,17
85,42,36,17
40,69,36,17
3,107,36,17
46,39,36,17
60,114,36,17
8,116,36,17
85,42,36,17
40,69,36,17
52,18,36,17
3,107,36,17
46,39,36,17
8,116,36,17
85,42,36,17
40,69,36,17
3,107,36,17
46,39,36,17
8,116,36,17
85,42,36,17
40,69,36,17
52,18,36,17
3,107,36,17
46,39,36,17
60,114,36,17
8,116,36,17
85,42,36,17
40,69,36,17
12,57,36,17
3,107,36,17
46,39,36,17
60,114,36,17
8,116,36,17
85,42,36,17
3,107,36,17
46,39,36,17
60,114,36,17
8,116,36,17
85,42,36,17
52,18,36,17
101,70,36,17
46,39,36,17
60,114,36,17
8,116,36,17
85,42,36,17
52,18,36,17
65,22,36,17
46,39,36,17
60,114,36,17
8,116,36,17
85,42,36,17
46,39,36,17
8,116,36,17
52,18,36,17
101,70,36,17
65,22,36,17
46,39,36,17
60,114,36,17
8,116,36,17
85,42,36,17
52,18,36,17
46,39,36,17
122,73,36,17
8,116,36,17
85,42,36,17
52,18,36,17
46,39,36,17
101,107,36,17
8,116,36,17
85,42,36,17
52,18,36,17
46,39,36,17
8,116,36,17
85,42,36,17
52,18,36,17
46,39,36,17
8,116,36,17
85,42,36,17
52,18,36,17
46,39,36,17
8,116,36,17
85,42,36,17
52,18,36,17
46,39,36,17
8,116,36,17
85,42,36,17
44,99,36,17
12,57,36,17
46,39,36,17
8,116,36,17
85,42,36,17
52,18,36,17
46,39,37,18
60,114,37,18
8,116,37,18
85,42,37,18
52,18,37,18
46,39,37,18
60,114,37,18
8,116,37,18
85,42,37,18
52,18,37,18
46,39,37,18
60,114,37,18
8,116,37,18
85,42,37,18
46,39,37,18
3,79,37,18
8,116,37,18
52,18,37,18
46,39,37,18
3,79,37,18
8,116,37,18
85,42,37,18
52,18,37,18
46,39,37,18
3,79,37,18
86,65,37,18
8,116,37,18
85,42,37,18
52,18,37,18
46,39,37,18
8,116,37,18
85,42,37,18
52,18,37,18
46,39,37,18
8,116,37,18
85,42,37,18
52,18,37,18
46,39,37,18
14,121,37,18
8,116,37,18
85,42,37,18
52,18,37,18
53,14,37,18
46,39,37,18
122,73,37,18
8,116,37,18
85,42,37,18
53,14,37,18
46,39,37,18
122,73,37,18
8,116,37,18
85,42,37,18
52,18,37,18
46,39,37,18
122,73,37,18
8,116,37,18
85,42,37,18
52,18,37,18
46,39,37,18
122,73,37,18
60,114,37,18
8,116,37,18
85,42,37,18
52,18,37,18
46,39,37,18
122,73,37,18
8,116,37,18
85,42,37,18
12,57,37,18
46,39,37,18
60,114,37,18
8,116,37,18
85,42,37,18
46,39,37,18
8,116,37,18
85,42,37,18
46,39,37,18
8,116,37,18
85,42,37,18
94,43,37,18
46,39,37,18
60,114,37,18
8,116,37,18
85,42,37,18
46,39,37,18
8,116,37,18
85,42,37,18
46,39,37,18
38,42,37,18
8,116,37,18
85,42,37,18
46,39,37,18
38,42,37,18
8,116,37,18
85,42,37,18
46,39,37,18
8,116,37,18
85,42,37,18
94,43,37,18
46,39,37,18
8,116,37,18
85,42,37,18
94,43,37,18
14,73,37,18
46,39,37,18
60,114,37,18
8,116,37,18
85,42,37,18
94,43,37,18
46,39,37,18
60,114,37,18
8,116,37,18
85,42,37,18
12,57,37,18
46,39,37,18
8,116,37,18
85,42,37,18
12,57,37,18
46,39,37,18
60,114,37,18
8,116,37,18
85,42,37,18
46,39,37,18
60,114,37,18
8,116,37,18
85,42,37,18
46,39,37,18
8,116,37,18
85,42,37,18
46,39,37,18
8,116,37,18
85,42,37,18
12,57,37,18
46,39,37,18
8,116,37,18
85,42,37,18
46,39,37,18
8,116,37,18
85,42,37,18
46,39,37,18
8,116,37,18
85,42,37,18
46,39,37,18
8,116,37,18
85,42,37,18
46,39,37,18
8,116,37,18
85,42,37,18
52,18,37,18
46,39,37,18
85,42,37,18
52,18,37,18
46,39,37,18
85,42,37,18
52,18,37,18
53,14,37,18
46,39,37,18
85,42,37,18
52,18,37,18
53,14,37,18
46,39,37,18
85,42,37,18
52,18,37,18
46,39,37,18
85,42,37,18
52,18,37,18
46,39,37,18
38,42,37,18
85,42,37,18
52,18,37,18
46,39,37,18
122,73,37,18
38,42,37,18
85,42,37,18
52,18,37,18
46,39,37,18
85,42,37,18
52,18,37,18
46,39,37,18
85,42,37,18
52,18,37,18
53,14,37,18
46,39,37,18
86,65,37,18
85,42,37,18
52,18,37,18
46,39,37,18
1,71,37,18
86,65,37,18
85,42,37,18
53,14,37,18
46,39,37,18
1,71,37,18
122,73,37,18
86,65,37,18
85,42,37,18
52,18,37,18
53,14,37,18
46,39,37,18
122,73,37,18
86,65,37,18
85,42,37,18
52,18,37,18
46,39,37,18
86,65,37,18
85,42,37,18
52,18,37,18
53,14,37,18
46,39,37,18
86,65,37,18
85,42,37,18
52,18,37,18
53,14,37,18
46,39,37,18
86,65,37,18
85,42,37,18
52,18,37,18
53,14,37,18
46,39,37,18
86,65,37,18
85,42,37,18
52,18,37,18
46,39,37,18
86,65,37,18
85,42,37,18
52,18,37,18
46,39,37,18
86,65,37,18
85,42,37,18
52,18,37,18
46,39,37,18
86,65,37,18
85,42,37,18
52,18,37,18
46,39,37,18
86,65,37,18
85,42,37,18
52,18,37,18
46,39,37,18
122,73,37,18
86,65,37,18
85,42,37,18
52,18,37,18
46,39,37,18
86,65,37,18
85,42,37,18
52,18,37,18
46,39,37,18
86,65,37,18
85,42,37,18
52,18,37,18
90,95,37,18
46,39,37,18
86,65,37,18
85,42,37,18
90,95,37,18
46,39,37,18
86,65,37,18
85,42,37,18
52,18,37,18
46,39,37,18
122,73,37,18
86,65,37,18
85,42,37,18
52,18,37,18
57,4,37,18
46,39,37,18
86,65,37,18
85,42,37,18
52,18,37,18
57,4,37,18
46,39,37,18
86,65,37,18
85,42,37,18
52,18,37,18
46,39,37,18
86,65,37,18
85,42,37,18
52,18,37,18
46,39,37,18
86,65,37,18
85,42,37,18
52,18,37,18
46,39,37,18
86,65,37,18
85,42,37,18
52,18,37,18
46,39,37,18
86,65,37,18
85,42,37,18
52,18,37,18
46,39,37,18
85,42,37,18
52,18,37,18
46,39,37,18
85,42,37,18
52,18,37,18
46,39,37,18
85,42,37,18
52,18,37,18
46,39,37,18
85,42,37,18
52,18,37,18
46,39,37,18
85,42,37,18
52,18,37,18
46,39,37,18
85,42,37,18
52,18,37,18
46,39,37,18
85,42,37,18
52,18,37,18
46,39,37,18
85,42,37,18
52,18,37,18
46,39,37,18
85,42,37,18
52,18,37,18
46,39,37,18
85,42,37,18
52,18,37,18
46,39,37,18
85,42,37,18
52,18,37,18
46,39,37,18
85,42,37,18
52,18,37,18
46,39,37,18
85,42,37,18
52,18,37,18
46,39,37,18
32,113,37,18
85,42,37,18
52,18,37,18
46,39,37,18
60,114,37,18
85,42,37,18
52,18,37,18
51,11,37,18
46,39,37,18
85,42,37,18
52,18,37,18
51,11,37,18
46,39,37,18
85,42,37,18
52,18,37,18
73,74,37,18
51,11,37,18
46,39,37,18
85,42,37,18
52,18,37,18
73,74,37,18
51,11,37,18
46,39,37,18
30,4,37,18
85,42,37,18
52,18,37,18
51,11,37,18
46,39,37,18
60,114,37,18
30,4,37,18
38,42,37,18
85,42,37,18
52,18,37,18
51,11,37,18
46,39,37,18
85,42,37,18
52,18,37,18
46,39,37,18
85,42,37,18
52,18,37,18
46,39,37,18
85,42,37,18
52,18,37,18
46,39,37,18
85,42,37,18
52,18,37,18
46,39,37,18
85,42,37,18
52,18,37,18
46,39,37,18
85,42,37,18
52,18,37,18
53,14,37,18
46,39,37,18
85,42,37,18
52,18,37,18
46,39,37,18
85,42,37,18
52,18,37,18
46,39,37,18
38,42,37,18
85,42,37,18
52,18,37,18
46,39,37,18
85,42,37,18
52,18,37,18
46,39,37,18
85,42,37,18
52,18,37,18
46,39,37,18
38,42,37,18
85,42,37,18
52,18,37,18
46,39,37,18
38,42,37,18
85,42,37,18
52,18,37,18
46,39,37,18
38,42,37,18
85,42,37,18
52,18,37,18
46,39,37,18
38,42,37,18
85,42,37,18
52,18,37,18
46,39,37,18
38,42,37,18
85,42,37,18
52,18,37,18
46,39,37,18
85,42,37,18
52,18,37,18
73,74,37,18
46,39,37,18
85,42,37,18
52,18,37,18
73,74,37,18
46,39,37,18
38,42,37,18
85,42,37,18
52,18,37,18
46,39,37,18
38,42,37,18
85,42,37,18
52,18,37,18
73,74,37,18
46,39,37,18
88,125,37,18
85,42,37,18
52,18,37,18
53,14,37,18
73,74,37,18
46,39,37,18
85,42,37,18
52,18,37,18
73,74,37,18
46,39,37,18
85,42,37,18
52,18,37,18
73,74,37,18
46,39,37,18
85,42,37,18
52,18,37,18
73,74,37,18
30,83,37,18
46,39,37,18
85,42,37,18
52,18,37,18
73,74,37,18
46,39,37,18
85,42,37,18
52,18,37,18
73,74,37,18
46,39,37,18
85,42,37,18
52,18,37,18
73,74,37,18
46,39,37,18
85,42,37,18
52,18,37,18
53,14,37,18
46,39,37,18
85,42,37,18
52,18,37,18
53,14,37,18
30,83,37,18
46,39,37,18
85,42,37,18
52,18,37,18
53,14,37,18
30,83,37,18
46,39,37,18
85,42,37,18
52,18,37,18
46,39,37,18
1,71,37,18
85,42,37,18
52,18,37,18
34,114,38,19
46,39,38,19
85,42,38,19
52,18,38,19
46,39,38,19
85,42,38,19
52,18,38,19
46,39,38,19
30,45,38,19
85,42,38,19
52,18,38,19
56,88,38,19
46,39,38,19
30,45,38,19
88,125,38,19
85,42,38,19
52,18,38,19
100,62,38,19
56,88,38,19
46,39,38,19
30,45,38,19
88,125,38,19
85,42,38,19
28,36,38,19
52,18,38,19
46,39,38,19
75,100,38,19
30,45,38,19
28,100,38,19
85,42,38,19
52,18,38,19
81,100,38,19
28,75,38,19
28,81,38,19
58,37,38,19
46,39,38,19
75,100,38,19
28,100,38,19
85,42,38,19
52,18,38,19
81,100,38,19
67,108,38,19
58,37,38,19
46,39,38,19
56,125,38,19
28,100,38,19
85,42,38,19
52,18,38,19
81,100,38,19
90,95,38,19
46,39,38,19
36,67,38,19
85,42,38,19
52,18,38,19
46,39,38,19
85,42,38,19
52,18,38,19
46,39,38,19
81,26,38,19
15,50,38,19
85,42,38,19
52,18,38,19
53,14,38,19
46,39,38,19
38,42,38,19
28,100,38,19
85,42,38,19
52,18,38,19
34,74,38,19
58,37,38,19
46,39,38,19
28,100,38,19
85,42,38,19
52,18,38,19
53,14,38,19
103,58,38,19
58,37,38,19
46,39,38,19
81,27,38,19
28,108,38,19
100,108,38,19
85,42,38,19
81,67,38,19
52,18,38,19
34,74,38,19
36,108,38,19
104,63,38,19
46,39,38,19
85,42,38,19
52,18,38,19
28,27,38,19
34,74,38,19
24,110,38,19
46,39,38,19
85,42,38,19
52,18,38,19
34,74,38,19
65,22,38,19
46,39,38,19
86,65,38,19
85,42,38,19
52,18,38,19
34,74,38,19
46,39,38,19
60,114,38,19
86,65,38,19
85,42,38,19
52,18,38,19
46,39,38,19
85,42,38,19
52,18,38,19
34,74,38,19
46,39,38,19
85,42,38,19
52,18,38,19
46,39,38,19
85,42,38,19
52,18,38,19
53,14,38,19
46,39,38,19
85,42,38,19
52,18,38,19
46,39,38,19
85,42,38,19
52,18,38,19
46,39,38,19
85,42,38,19
52,18,38,19
46,39,38,19
85,42,38,19
52,18,38,19
46,39,38,19
85,42,38,19
52,18,38,19
46,39,38,19
85,42,38,19
52,18,38,19
46,39,38,19
85,42,38,19
52,18,38,19
90,95,38,19
46,39,38,19
85,42,38,19
52,18,38,19
90,95,38,19
46,39,38,19
85,42,38,19
52,18,38,19
46,39,38,19
85,42,38,19
52,18,38,19
46,39,38,19
85,42,38,19
90,95,38,19
46,39,38,19
85,42,38,19
46,39,38,19
1,71,38,19
85,42,38,19
46,39,38,19
85,42,38,19
46,39,38,19
85,42,38,19
52,18,38,19
90,95,38,19
46,39,38,19
85,42,38,19
90,95,38,19
46,39,38,19
85,42,38,19
46,39,38,19
32,113,38,19
85,42,38,19
46,39,38,19
81,26,38,19
85,42,38,19
90,95,38,19
46,39,38,19
85,42,38,19
52,18,38,19
90,95,38,19
46,39,38,19
103,49,38,19
85,42,38,19
90,77,38,19
46,39,38,19
85,42,38,19
101,70,38,19
46,39,38,19
85,42,38,19
46,39,38,19
103,49,38,19
85,42,38,19
46,39,38,19
85,42,38,19
46,39,38,19
85,42,38,19
46,39,38,19
85,42,38,19
46,39,38,19
85,42,38,19
101,70,38,19
46,39,38,19
81,26,38,19
85,42,38,19
46,39,38,19
81,26,38,19
85,42,38,19
101,70,38,19
46,39,38,19
85,42,38,19
52,18,38,19
46,39,38,19
85,42,38,19
46,39,38,19
45,83,38,19
91,96,38,19
8,116,38,19
85,42,38,19
46,39,38,19
91,96,38,19
8,116,38,19
85,42,38,19
46,39,38,19
45,83,38,19
91,96,38,19
8,116,38,19
85,42,38,19
46,39,38,19
45,83,38,19
85,42,38,19
101,70,38,19
34,114,38,19
46,39,38,19
45,83,38,19
91,96,38,19
85,42,38,19
101,70,38,19
34,114,38,19
46,39,38,19
85,42,38,19
34,114,38,19
46,39,38,19
85,42,38,19
53,14,38,19
34,114,38,19
46,39,38,19
85,42,38,19
53,14,38,19
101,70,38,19
34,114,38,19
46,39,38,19
60,114,38,19
85,42,38,19
101,70,38,19
34,114,38,19
46,39,38,19
85,42,38,19
101,70,38,19
34,114,38,19
46,39,38,19
32,113,38,19
85,42,38,19
34,114,38,19
46,39,38,19
3,79,38,19
65,72,38,19
85,42,38,19
101,70,38,19
34,114,38,19
46,39,38,19
65,72,38,19
32,113,38,19
85,42,38,19
34,114,38,19
51,11,38,19
46,39,38,19
65,72,38,19
32,113,38,19
85,42,38,19
34,114,38,19
51,11,38,19
46,39,38,19
65,72,38,19
32,113,38,19
85,42,38,19
34,114,38,19
46,39,38,19
65,72,38,19
85,42,38,19
36,37,38,19
34,114,38,19
46,39,38,19
3,79,38,19
65,72,38,19
32,113,38,19
85,42,38,19
52,18,38,19
34,114,38,19
46,39,38,19
3,79,38,19
65,72,38,19
85,42,38,19
34,114,38,19
46,39,38,19
85,42,38,19
34,114,38,19
46,39,38,19
85,42,38,19
34,114,38,19
46,39,38,19
85,42,38,19
34,114,38,19
51,11,38,19
46,39,38,19
45,83,38,19
85,42,38,19
101,70,38,19
34,114,38,19
46,39,38,19
32,113,38,19
85,42,38,19
101,70,38,19
34,114,38,19
46,39,38,19
32,113,38,19
85,42,38,19
34,114,38,19
46,39,38,19
85,42,38,19
34,114,38,19
51,11,38,19
46,39,38,19
85,42,38,19
34,114,38,19
51,11,38,19
46,39,38,19
85,42,38,19
34,114,38,19
51,11,38,19
46,39,38,19
85,42,38,19
34,114,38,19
51,11,38,19
46,39,38,19
85,42,38,19
34,114,38,19
51,11,38,19
46,39,38,19
19,10,38,19
85,42,38,19
34,114,38,19
51,11,38,19
46,39,38,19
85,42,38,19
90,77,38,19
34,114,38,19
46,39,38,19
65,72,38,19
85,42,38,19
90,77,38,19
34,114,38,19
46,39,38,19
32,113,38,19
85,42,38,19
34,114,38,19
51,11,38,19
46,39,38,19
85,42,38,19
34,114,38,19
46,39,38,19
32,113,38,19
85,42,38,19
101,70,38,19
34,114,38,19
51,11,38,19
46,39,38,19
32,113,38,19
85,42,38,19
14,73,38,19
34,114,38,19
51,11,38,19
46,39,38,19
32,113,38,19
85,42,38,19
101,70,38,19
14,73,38,19
34,114,38,19
46,39,38,19
85,42,38,19
101,70,38,19
34,114,38,19
46,39,38,19
85,42,38,19
34,114,38,19
46,39,38,19
85,42,38,19
34,114,38,19
46,39,38,19
85,42,38,19
34,114,38,19
46,39,38,19
85,42,38,19
101,70,38,19
34,114,38,19
46,39,38,19
32,113,38,19
85,42,38,19
101,70,38,19
34,114,38,19
46,39,38,19
32,113,38,19
85,42,38,19
34,114,38,19
46,39,38,19
1,71,38,19
85,42,38,19
24,75,38,19
101,70,38,19
34,114,38,19
46,39,38,19
85,42,38,19
101,70,38,19
34,114,38,19
46,39,38,19
1,71,38,19
85,42,38,19
34,114,38,19
46,39,38,19
1,71,38,19
85,42,38,19
101,70,38,19
34,114,38,19
46,39,38,19
85,42,38,19
53,14,38,19
101,70,38,19
34,114,38,19
46,39,38,19
65,72,38,19
19,10,38,19
45,83,38,19
85,42,38,19
101,70,38,19
34,114,38,19
46,39,38,19
65,72,38,19
85,42,38,19
101,70,38,19
34,114,38,19
46,39,38,19
65,72,38,19
85,42,38,19
34,114,38,19
46,39,38,19
65,72,38,19
30,45,38,19
19,10,38,19
85,42,38,19
34,114,38,19
46,39,38,19
3,79,38,19
65,72,38,19
60,114,38,19
91,96,38,19
85,42,38,19
101,70,38,19
34,114,38,19
46,39,38,19
3,79,38,19
65,72,38,19
85,42,38,19
34,114,38,19
46,39,38,19
65,72,38,19
19,10,38,19
85,42,38,19
101,70,38,19
34,114,38,19
51,11,38,19
46,39,38,19
3,79,38,19
65,72,38,19
85,42,38,19
101,70,38,19
34,114,38,19
46,39,38,19
65,72,38,19
45,83,38,19
9,19,38,19
85,42,38,19
101,70,38,19
34,114,38,19
46,39,38,19
3,79,38,19
65,72,38,19
9,19,38,19
85,42,38,19
101,70,38,19
34,114,38,19
46,39,38,19
65,72,38,19
45,83,38,19
9,19,38,19
85,42,38,19
53,14,38,19
101,70,38,19
34,114,38,19
46,39,38,19
122,73,38,19
45,83,38,19
9,19,38,19
85,42,38,19
34,114,38,19
46,39,38,19
3,79,38,19
65,72,38,19
9,19,38,19
85,42,38,19
101,70,38,19
34,114,38,19
46,39,38,19
3,79,38,19
122,73,38,19
9,19,38,19
85,42,38,19
101,70,38,19
34,114,38,19
46,39,38,19
3,79,38,19
65,72,38,19
122,73,38,19
19,10,38,19
9,19,38,19
85,42,38,19
101,70,38,19
34,114,38,19
46,39,38,19
3,79,38,19
65,72,38,19
122,73,38,19
9,19,38,19
85,42,38,19
90,77,38,19
101,70,38,19
9,10,38,19
34,114,38,19
46,39,38,19
65,72,38,19
85,42,38,19
9,10,38,19
34,114,38,19
46,39,38,19
65,72,38,19
85,42,38,19
90,77,38,19
101,70,38,19
34,114,39,20
46,39,39,20
3,79,39,20
32,113,39,20
85,42,39,20
90,77,39,20
34,114,39,20
46,39,39,20
65,72,39,20
85,42,39,20
34,114,39,20
46,39,39,20
3,79,39,20
85,42,39,20
101,70,39,20
34,114,39,20
46,39,39,20
85,42,39,20
34,114,39,20
46,39,39,20
65,72,39,20
85,42,39,20
101,70,39,20
34,114,39,20
46,39,39,20
65,72,39,20
85,42,39,20
24,26,39,20
34,114,39,20
46,39,39,20
65,72,39,20
85,42,39,20
44,99,39,20
34,114,39,20
46,39,39,20
65,72,39,20
32,113,39,20
85,42,39,20
101,70,39,20
34,114,39,20
46,39,39,20
65,72,39,20
45,83,39,20
85,42,39,20
34,114,39,20
46,39,39,20
65,72,39,20
45,83,39,20
9,19,39,20
85,42,39,20
101,70,39,20
34,114,39,20
46,39,39,20
65,72,39,20
85,42,39,20
34,114,39,20
46,39,39,20
65,72,39,20
85,42,39,20
101,70,39,20
34,114,39,20
46,39,39,20
65,72,39,20
81,26,39,20
85,42,39,20
34,114,39,20
46,39,39,20
85,42,39,20
101,70,39,20
34,114,39,20
46,39,39,20
19,10,39,20
9,19,39,20
85,42,39,20
34,114,39,20
46,39,39,20
9,19,39,20
85,42,39,20
34,114,39,20
46,39,39,20
19,10,39,20
85,42,39,20
34,114,39,20
46,39,39,20
65,72,39,20
19,10,39,20
85,42,39,20
101,70,39,20
34,114,39,20
46,39,39,20
65,72,39,20
19,10,39,20
9,19,39,20
85,42,39,20
101,70,39,20
34,114,39,20
46,39,39,20
19,10,39,20
9,19,39,20
85,42,39,20
34,114,39,20
46,39,39,20
9,19,39,20
85,42,39,20
34,114,39,20
46,39,39,20
9,19,39,20
85,42,39,20
34,114,39,20
46,39,39,20
19,10,39,20
9,19,39,20
85,42,39,20
34,114,39,20
46,39,39,20
19,10,39,20
9,19,39,20
85,42,39,20
34,114,39,20
46,39,39,20
19,10,39,20
85,42,39,20
34,114,39,20
46,39,39,20
19,10,39,20
85,42,39,20
34,114,39,20
46,39,39,20
85,42,39,20
34,114,39,20
46,39,39,20
85,42,39,20
34,114,39,20
46,39,39,20
32,113,39,20
85,42,39,20
34,114,39,20
46,39,39,20
3,79,39,20
32,113,39,20
9,19,39,20
85,42,39,20
53,14,39,20
101,70,39,20
34,114,39,20
46,39,39,20
3,79,39,20
9,19,39,20
85,42,39,20
53,14,39,20
34,114,39,20
46,39,39,20
3,79,39,20
9,19,39,20
85,42,39,20
53,14,39,20
34,114,39,20
46,39,39,20
122,74,39,20
60,74,39,20
85,42,39,20
34,114,39,20
46,39,39,20
3,79,39,20
60,74,39,20
85,42,39,20
116,114,39,20
84,6,39,20
46,39,39,20
3,79,39,20
8,114,39,20
32,113,39,20
8,116,39,20
85,42,39,20
116,114,39,20
46,39,39,20
3,79,39,20
8,114,39,20
9,13,39,20
34,114,39,20
51,11,39,20
46,39,39,20
94,78,39,20
45,83,39,20
32,113,39,20
9,121,39,20
9,13,39,20
101,70,39,20
51,11,39,20
46,39,39,20
9,74,39,20
60,14,39,20
94,78,39,20
32,113,39,20
109,78,39,20
14,114,39,20
1,109,39,20
94,44,39,20
46,39,39,20
30,118,39,20
9,74,39,20
60,121,39,20
13,74,39,20
109,43,39,20
14,121,39,20
41,5,39,20
11,33,39,20
106,108,39,20
85,114,39,20
43,78,39,20
109,78,39,20
109,44,39,20
46,39,39,20
30,118,39,20
60,5,39,20
60,74,39,20
14,121,39,20
1,44,39,20
63,108,39,20
90,77,39,20
53,20,39,20
20,115,39,20
9,14,39,20
68,33,39,20
51,11,39,20
46,39,39,20
60,14,39,20
1,32,39,20
60,9,39,20
1,95,39,20
90,77,39,20
95,2,39,20
121,74,39,20
32,33,39,20
41,39,39,20
57,69,39,20
54,69,39,20
94,45,39,20
32,20,39,20
51,11,39,20
60,14,39,20
54,57,39,20
37,63,39,20
1,33,39,20
14,39,39,20
60,13,39,20
60,9,39,20
77,45,39,20
54,30,39,20
9,121,39,20
90,77,39,20
12,78,39,20
57,69,39,20
94,45,39,20
32,20,39,20
51,11,39,20
51,80,39,20
36,63,39,20
14,121,39,20
126,94,39,20
37,63,39,20
14,39,39,20
90,20,39,20
9,121,39,20
37,108,39,20
12,78,39,20
33,20,39,20
57,69,39,20
94,59,39,20
51,80,39,20
60,14,39,20
60,121,39,20
41,115,39,20
44,78,39,20
14,121,39,20
126,94,39,20
37,63,39,20
90,20,39,20
12,78,39,20
9,43,39,20
67,37,39,20
56,88,39,20
81,58,39,20
51,11,39,20
43,20,39,20
60,121,39,20
67,63,39,20
16,31,39,20
14,121,39,20
126,94,39,20
83,69,39,20
12,83,39,20
54,59,39,20
90,20,39,20
88,125,39,20
12,78,39,20
11,80,39,20
121,74,39,20
94,59,39,20
51,11,39,20
54,12,39,20
60,21,39,20
45,68,39,20
60,114,39,20
14,121,39,20
126,94,39,20
88,125,39,20
121,74,39,20
16,2,39,20
94,59,39,20
56,88,39,20
85,20,39,20
51,11,39,20
56,125,39,20
81,26,39,20
67,63,39,20
14,121,39,20
126,94,39,20
80,83,39,20
88,125,39,20
67,37,39,20
101,57,39,20
16,2,39,20
11,59,39,20
56,88,39,20
11,57,39,20
81,26,39,20
94,78,39,20
14,121,39,20
37,63,39,20
45,83,39,20
80,83,39,20
90,20,39,20
88,125,39,20
77,11,39,20
109,40,39,20
51,77,39,20
67,37,39,20
51,59,39,20
55,77,39,20
56,88,39,20
51,11,39,20
55,11,39,20
54,17,39,20
94,78,39,20
67,63,39,20
14,121,39,20
16,11,39,20
14,74,39,20
90,20,39,20
88,125,39,20
77,11,39,20
52,22,39,20
67,37,39,20
101,52,39,20
55,77,39,20
51,11,39,20
55,11,39,20
36,67,39,20
56,125,39,20
59,57,39,20
67,63,39,20
14,121,39,20
54,77,39,20
14,74,39,20
77,113,39,20
52,22,39,20
16,71,39,20
109,78,39,20
16,45,39,20
56,88,39,20
51,11,39,20
55,11,39,20
81,27,39,20
54,20,39,20
56,125,39,20
106,66,39,20
81,26,39,20
67,63,39,20
14,121,39,20
90,20,39,20
88,125,39,20
52,54,39,20
52,22,39,20
109,78,39,20
81,25,39,20
20,57,39,20
54,57,39,20
90,57,39,20
55,11,39,20
54,20,39,20
56,125,39,20
106,66,39,20
14,121,39,20
90,20,39,20
20,41,39,20
66,43,39,20
52,57,39,20
95,80,39,20
20,57,39,20
56,88,39,20
51,78,39,20
54,57,39,20
55,11,39,20
56,125,39,20
93,2,39,20
81,26,39,20
14,121,39,20
106,43,39,20
88,125,39,20
20,41,39,20
109,40,39,20
66,43,39,20
81,25,39,20
95,80,39,20
60,91,39,20
71,57,39,20
56,88,39,20
51,78,39,20
55,11,39,20
56,125,39,20
93,2,39,20
66,110,39,20
106,66,39,20
14,121,39,20
114,21,39,20
106,43,39,20
88,125,39,20
59,17,39,20
20,41,39,20
43,110,39,20
66,43,39,20
95,80,39,20
51,78,39,20
24,58,39,20
55,11,39,20
56,125,39,20
66,110,39,20
81,26,39,20
14,121,39,20
93,77,39,20
88,125,39,20
43,110,39,20
109,78,39,20
66,43,39,20
52,121,39,20
81,25,39,20
82,77,39,20
71,57,39,20
66,67,39,20
90,51,39,20
81,26,39,20
45,68,39,20
14,121,39,20
1,32,39,20
88,125,39,20
66,43,39,20
52,121,39,20
90,11,39,20
90,40,39,20
55,11,39,20
81,27,39,20
82,109,39,20
32,45,39,20
81,26,39,20
11,78,39,20
14,121,39,20
95,11,39,20
121,20,39,20
88,125,39,20
60,52,39,20
52,74,39,20
60,115,39,20
20,74,39,20
1,45,39,20
121,74,39,20
60,91,39,20
81,27,39,20
11,78,39,20
51,3,39,20
1,32,39,20
121,20,39,20
91,96,39,20
88,125,39,20
96,20,39,20
80,78,39,20
60,115,39,20
61,22,39,20
82,59,39,20
121,74,39,20
12,2,39,20
55,121,39,20
90,31,39,20
24,43,39,20
60,121,39,20
52,115,39,20
14,121,39,20
11,40,39,20
91,20,39,20
91,96,39,20
51,107,39,20
96,20,39,20
66,43,39,20
71,11,39,20
82,59,39,20
24,66,39,20
24,43,39,20
3,44,39,20
60,121,39,20
90,59,39,20
44,12,39,20
66,110,39,20
80,12,39,20
55,74,39,20
14,121,39,20
91,20,39,20
121,20,39,20
91,96,39,20
11,68,39,20
88,125,39,20
14,20,39,20
96,20,39,20
55,91,39,20
60,115,39,20
3,12,39,20
66,43,39,20
60,11,39,20
82,59,39,20
24,66,39,20
11,74,39,20
24,110,39,20
24,43,39,20
90,59,39,20
66,110,39,20
60,20,39,20
55,74,39,20
14,121,39,20
1,32,39,20
121,20,39,20
88,125,39,20
14,20,39,20
91,41,39,20
96,20,39,20
101,32,39,20
55,91,39,20
43,110,39,20
66,43,39,20
19,84,39,20
82,59,39,20
24,66,39,20
54,45,39,20
24,110,39,20
67,108,39,20
24,43,39,20
106,45,39,20
60,121,39,20
67,29,39,20
66,110,39,20
60,20,39,20
14,121,39,20
1,32,39,20
121,20,39,20
14,20,39,20
43,110,39,20
66,43,39,20
58,98,39,20
41,22,39,20
121,115,39,20
24,66,39,20
20,115,39,20
90,109,39,20
60,20,39,20
14,121,39,20
121,20,39,20
88,125,39,20
14,20,39,20
52,22,39,20
58,98,39,20
41,22,39,20
121,20,39,20
88,125,39,20
14,20,39,20
82,90,39,20
58,98,39,20
41,22,39,20
106,54,39,20
82,94,39,20
20,22,39,20
90,94,39,20
115,22,39,20
66,110,39,20
14,121,39,20
121,20,39,20
88,125,39,20
82,90,39,20
66,16,39,20
66,43,39,20
58,98,39,20
60,22,39,20
115,22,39,20
84,22,39,20
83,78,39,20
14,121,39,20
51,107,39,20
82,90,39,20
58,98,39,20
12,78,39,20
55,20,39,20
26,6,39,20
24,26,39,20
3,44,39,20
84,22,39,20
11,40,39,20
88,125,39,20
52,20,39,20
11,33,39,20
58,98,39,20
52,14,39,20
103,122,39,20
82,71,39,20
94,51,39,20
26,6,39,20
52,41,39,20
3,44,39,20
109,71,39,20
55,43,39,20
83,78,39,20
44,83,39,20
11,40,39,20
88,125,39,20
81,6,39,20
82,90,39,20
11,33,39,20
58,98,39,20
52,14,39,20
19,11,39,20
14,41,39,20
40,33,39,20
20,22,39,20
90,109,39,20
43,12,39,20
55,43,39,20
11,40,39,20
1,32,39,20
14,20,39,20
20,41,39,20
11,33,39,20
58,98,39,20
41,22,39,20
14,41,39,20
19,33,39,20
12,57,39,20
54,45,39,20
20,22,39,20
24,26,39,20
3,44,39,20
90,109,39,20
82,109,39,20
71,44,39,20
20,41,39,20
58,98,39,20
52,14,39,20
14,41,39,20
54,45,39,20
56,88,39,20
20,22,39,20
3,44,39,20
43,11,39,20
90,109,39,20
11,40,39,20
15,66,39,20
88,125,39,20
58,98,39,20
52,14,39,20
41,22,39,20
11,6,39,20
19,33,39,20
106,54,39,20
11,59,39,20
54,45,39,20
56,88,39,20
40,33,39,20
59,6,39,20
43,59,39,20
20,22,39,20
52,41,39,20
43,11,39,20
90,109,39,20
82,109,39,20
85,80,39,20
51,3,39,20
15,66,39,20
88,125,39,20
82,90,39,20
58,98,39,20
33,59,39,20
52,14,39,20
41,22,39,20
19,11,39,20
14,41,39,20
11,6,39,20
106,54,39,20
31,78,39,20
12,31,39,20
43,6,39,20
11,59,39,20
54,45,39,20
20,22,39,20
43,11,39,20
90,109,39,20
14,22,39,20
82,109,39,20
43,33,39,20
1,32,39,20
28,100,39,20
88,125,39,20
82,90,39,20
58,98,39,20
52,14,39,20
12,78,39,20
41,22,39,20
14,41,39,20
11,6,39,20
31,78,39,20
35,22,39,20
12,31,39,20
52,13,39,20
11,59,39,20
59,6,39,20
11,40,39,20
12,4,39,20
28,100,39,20
88,125,39,20
14,20,39,20
82,90,39,20
58,98,39,20
52,14,39,20
14,41,39,20
11,6,39,20
11,59,39,20
59,6,39,20
46,39,39,20
117,22,39,20
9,59,39,20
11,40,39,20
28,100,39,20
14,20,39,20
58,98,39,20
52,14,39,20
14,41,39,20
11,6,39,20
31,78,39,20
12,31,39,20
5,6,39,20
54,45,39,20
56,88,39,20
109,71,39,20
9,22,39,20
56,125,39,20
85,13,39,20
11,5,39,20
11,40,39,20
28,100,39,20
88,125,39,20
52,9,39,20
59,5,39,20
58,98,39,20
20,5,39,20
9,13,39,20
11,6,39,20
12,31,39,20
52,13,39,20
56,88,39,20
53,5,39,20
71,33,39,20
56,125,39,20
82,109,39,20
85,13,39,20
11,40,39,20
32,57,39,20
1,32,39,20
60,13,39,20
88,125,39,20
60,52,39,20
59,5,39,20
58,98,39,20
20,5,39,20
56,88,39,20
1,101,39,20
60,85,39,20
53,5,39,20
11,40,39,20
1,32,39,20
59,5,39,20
58,98,39,20
55,65,39,20
11,6,39,20
95,78,39,20
31,78,39,20
1,80,39,20
56,88,39,20
95,59,39,20
1,101,39,20
60,85,39,20
32,59,39,20
109,68,39,20
85,47,39,20
59,65,39,20
95,3,39,20
11,40,39,20
1,32,39,20
43,10,39,20
103,88,39,20
19,11,39,20
59,31,39,20
53,20,39,20
31,78,39,20
58,27,39,20
103,122,39,20
1,59,39,20
56,88,39,20
90,59,39,20
77,59,39,20
81,26,39,20
26,75,39,20
12,83,39,20
11,40,39,20
1,32,39,20
88,125,39,20
14,41,39,20
12,31,39,20
19,20,39,20
54,55,39,20
52,13,39,20
54,45,39,20
56,88,39,20
1,101,39,20
8,6,39,20
53,5,39,20
90,59,39,20
106,66,39,20
11,78,39,20
88,125,39,20
95,31,39,20
52,14,39,20
103,58,39,20
95,78,39,20
31,78,39,20
14,13,39,20
55,45,39,20
11,12,39,20
52,13,39,20
54,45,39,20
56,88,39,20
54,40,39,20
56,125,39,20
6,74,39,20
106,66,39,20
75,16,39,20
28,100,39,20
77,11,39,20
81,16,39,20
24,16,39,20
20,5,39,20
52,14,39,20
1,45,39,20
43,72,39,20
30,57,39,20
103,58,39,20
95,80,39,20
11,31,39,20
58,27,39,20
14,13,39,20
52,13,39,20
11,59,39,20
56,88,39,20
8,6,39,20
95,12,39,20
109,68,39,20
56,125,39,20
6,74,39,20
106,66,39,20
80,12,39,20
80,31,39,20
1,32,39,20
32,80,39,20
32,31,39,20
41,5,39,20
53,41,39,20
58,98,39,20
95,107,39,20
20,5,39,20
52,14,39,20
90,77,39,20
43,72,39,20
59,31,39,20
103,58,39,20
12,57,39,20
109,44,39,20
14,13,39,20
77,80,39,20
52,13,39,20
56,88,39,20
24,26,39,20
54,40,39,20
65,72,39,20
95,32,39,20
83,78,39,20
24,27,39,20
1,77,39,20
88,125,39,20
32,31,39,20
54,78,39,20
41,5,39,20
20,65,39,20
20,5,39,20
40,78,39,20
45,78,39,20
5,72,39,20
12,107,39,20
59,31,39,20
103,58,39,20
109,44,39,20
14,13,39,20
55,45,39,20
32,33,39,20
52,53,39,20
52,13,39,20
1,101,39,20
43,40,39,20
24,26,39,20
54,40,39,20
9,74,39,20
41,10,39,20
65,72,39,20
106,66,39,20
83,78,39,20
1,32,39,20
95,57,39,20
32,11,39,20
71,77,39,20
8,116,39,20
59,17,39,20
43,78,39,20
58,98,39,20
52,14,39,20
90,77,39,20
40,78,39,20
94,11,39,20
71,32,39,20
90,71,39,20
109,44,39,20
14,13,39,20
44,33,39,20
52,13,39,20
56,88,39,20
94,95,39,20
43,40,39,20
81,24,39,20
28,104,39,20
95,12,39,20
54,40,39,20
56,125,39,20
94,77,39,20
106,66,39,20
1,32,39,20
82,11,39,20
90,107,39,20
8,116,39,20
55,12,39,20
94,43,39,20
90,12,39,20
53,14,39,20
58,98,39,20
20,5,39,20
52,14,39,20
94,55,39,20
100,104,39,20
103,58,39,20
95,78,39,20
90,71,39,20
14,13,39,20
54,55,39,20
1,101,39,20
28,104,39,20
95,54,39,20
43,12,39,20
94,78,39,20
54,43,39,20
95,71,39,20
101,32,39,20
63,108,39,20
40,45,39,20
52,14,39,20
103,58,39,20
93,78,39,20
44,57,39,20
14,13,39,20
1,101,39,20
43,44,39,20
95,12,39,20
60,65,39,20
54,2,39,20
43,12,39,20
8,116,39,20
52,14,39,20
60,22,39,20
14,13,39,20
60,72,39,20
52,13,39,20
1,101,39,20
60,65,39,20
65,72,39,20
1,32,39,20
20,5,39,20
52,14,39,20
90,77,39,20
12,57,39,20
14,13,39,20
32,113,39,20
86,65,39,20
8,116,39,20
52,20,39,20
20,5,39,20
52,14,39,20
90,77,39,20
12,57,39,20
13,47,39,20
51,11,39,20
8,116,39,20
20,41,39,20
20,5,39,20
52,14,39,20
51,11,39,20
101,54,39,20
8,116,39,20
14,20,39,20
52,20,39,20
60,52,39,20
20,41,39,20
20,5,39,20
34,114,39,20
111,59,39,20
52,13,39,20
34,114,39,20
60,13,39,20
111,59,39,20
109,44,39,20
34,114,39,20
51,11,39,20
14,121,39,20
34,114,39,20
51,11,39,20
45,83,39,20
34,114,39,20
51,11,39,20
45,83,39,20
90,77,39,20
90,3,39,20
34,114,39,20
51,11,39,20
45,83,39,20
34,114,39,20
34,114,39,20
8,116,39,20
34,114,39,20
34,114,39,20
34,114,39,20
101,107,39,20
91,96,39,20
34,114,39,20
101,107,39,20
91,96,39,20
16,55,39,20
34,114,39,20
101,107,39,20
28,98,39,20
34,114,39,20
101,107,39,20
28,98,39,20
34,114,39,20
34,114,39,20
101,107,39,20
32,113,39,20
28,98,39,20
34,114,39,20
101,107,39,20
90,77,39,20
28,98,39,20
34,114,39,20
101,107,39,20
32,113,39,20
91,96,39,20
85,42,39,20
90,77,39,20
34,114,39,20
60,121,39,20
85,42,39,20
28,98,39,20
34,114,39,20
45,83,39,20
9,19,39,20
34,114,39,20
60,13,39,20
111,59,39,20
34,114,39,20
51,11,39,20
111,59,39,20
19,10,39,20
34,114,39,20
34,114,39,20
16,55,39,20
34,114,40,21
28,98,40,21
28,98,40,21
16,55,40,21
85,42,40,21
28,98,40,21
85,42,40,21
16,55,40,21
28,98,40,21
28,98,40,21
16,55,40,21
101,107,40,21
28,98,40,21
101,107,40,21
19,10,40,21
46,116,40,21
101,107,40,21
19,10,40,21
34,114,40,21
101,107,40,21
46,116,40,21
28,98,40,21
34,114,40,21
101,107,40,21
101,107,40,21
28,98,40,21
51,11,40,21
101,107,40,21
34,114,40,21
51,11,40,21
28,98,40,21
28,98,40,21
34,114,40,21
28,98,40,21
34,114,40,21
101,107,40,21
53,14,40,21
34,114,40,21
101,107,40,21
14,121,40,21
101,107,40,21
14,121,40,21
28,98,40,21
34,114,40,21
101,107,40,21
28,98,40,21
51,11,40,21
101,107,40,21
101,107,40,21
101,107,40,21
28,98,40,21
101,107,40,21
53,14,40,21
101,107,40,21
16,55,40,21
101,107,40,21
101,107,40,21
51,11,40,21
101,107,40,21
53,14,40,21
101,107,40,21
101,107,40,21
34,114,40,21
101,107,40,21
28,98,40,21
94,54,40,21
101,107,40,21
101,107,40,21
101,107,40,21
85,42,40,21
28,98,40,21
85,42,40,21
51,11,40,21
51,11,40,21
51,11,40,21
46,116,40,21
51,11,40,21
46,116,40,21
94,54,40,21
51,11,40,21
94,54,40,21
57,4,40,21
94,54,40,21
94,54,40,21
51,11,40,21
8,116,40,21
46,116,40,21
94,54,40,21
51,11,40,21
8,116,40,21
46,116,40,21
28,98,40,21
94,54,40,21
51,11,40,21
51,11,40,21
28,98,40,21
90,3,40,21
34,114,40,21
90,3,40,21
51,11,40,21
111,69,40,21
90,3,40,21
101,107,40,21
85,42,40,21
51,11,40,21
85,42,40,21
51,11,40,21
101,107,40,21
46,116,40,21
51,11,40,21
8,116,40,21
46,116,40,21
51,11,40,21
28,98,40,21
90,3,40,21
51,11,40,21
101,107,40,21
46,116,40,21
28,98,40,21
51,11,40,21
101,107,40,21
46,116,40,21
28,98,40,21
101,107,40,21
46,116,40,21
28,98,40,21
101,107,40,21
28,98,40,21
19,10,40,21
85,42,40,21
51,11,40,21
101,107,40,21
14,121,40,21
51,11,40,21
19,10,40,21
51,11,40,21
19,10,40,21
28,98,40,21
51,11,40,21
19,10,40,21
28,98,40,21
101,107,40,21
19,10,40,21
28,98,40,21
101,107,40,21
28,98,40,21
101,107,40,21
28,98,40,21
101,107,40,21
101,107,40,21
28,98,40,21
101,107,40,21
28,98,40,21
101,107,40,21
8,116,40,21
28,98,40,21
51,11,40,21
101,107,40,21
38,42,40,21
28,98,40,21
51,11,40,21
101,107,40,21
38,42,40,21
19,10,40,21
111,59,40,21
101,107,40,21
38,42,40,21
19,10,40,21
101,107,40,21
38,42,40,21
19,10,40,21
51,11,40,21
101,107,40,21
38,42,40,21
51,11,40,21
101,107,40,21
51,11,40,21
101,107,40,21
46,116,40,21
51,11,40,21
101,107,40,21
28,98,40,21
101,107,40,21
91,96,40,21
101,107,40,21
101,107,40,21
28,98,40,21
53,14,40,21
28,98,40,21
45,83,40,21
53,14,40,21
51,11,40,21
28,98,40,21
51,11,40,21
9,19,40,21
28,98,40,21
53,14,40,21
51,11,40,21
9,19,40,21
28,98,40,21
19,10,40,21
9,19,40,21
85,42,40,21
53,14,40,21
19,10,40,21
53,14,40,21
28,98,40,21
19,10,40,21
28,98,40,21
51,11,40,21
28,98,40,21
51,11,40,21
53,14,40,21
28,98,40,21
51,11,40,21
101,107,40,21
28,98,40,21
51,11,40,21
9,19,40,21
28,98,40,21
9,19,40,21
53,14,40,21
19,10,40,21
53,14,40,21
101,107,40,21
9,19,40,21
53,14,40,21
101,107,40,21
9,19,40,21
53,14,40,21
111,59,40,21
9,19,40,21
53,14,40,21
111,59,40,21
9,19,40,21
53,14,40,21
111,59,40,21
101,107,40,21
9,19,40,21
53,14,40,21
111,59,40,21
101,107,40,21
9,19,40,21
53,14,40,21
111,59,40,21
34,114,40,21
101,107,40,21
9,19,40,21
8,116,40,21
53,14,40,21
28,98,40,21
101,107,40,21
8,116,40,21
53,14,40,21
14,73,40,21
101,107,40,21
53,14,40,21
14,73,40,21
51,11,40,21
19,10,40,21
8,116,40,21
53,73,40,21
53,14,40,21
12,57,40,21
14,73,40,21
51,11,40,21
8,116,40,21
53,14,40,21
14,73,40,21
51,11,40,21
19,10,40,21
9,19,40,21
8,116,40,21
53,73,40,21
53,14,40,21
14,73,40,21
19,10,40,21
9,19,40,21
8,116,40,21
53,73,40,21
14,73,40,21
9,19,40,21
8,116,40,21
90,77,40,21
19,10,41,22
9,19,41,22
8,116,41,22
53,14,41,22
51,11,41,22
19,10,41,22
45,83,41,22
9,19,41,22
8,116,41,22
90,77,41,22
19,10,41,22
9,19,41,22
8,116,41,22
90,77,41,22
57,4,41,22
51,11,41,22
101,107,41,22
9,19,41,22
90,77,41,22
51,11,41,22
9,19,41,22
8,116,41,22
51,11,41,22
101,107,41,22
32,113,41,22
9,19,41,22
8,116,41,22
46,116,41,22
90,77,41,22
101,107,41,22
9,19,41,22
8,116,41,22
101,107,41,22
46,116,41,22
101,107,41,22
101,107,41,22
8,116,41,22
46,116,41,22
34,114,41,22
34,114,41,22
53,14,41,22
53,14,41,22
53,14,41,22
122,73,41,22
32,113,41,22
53,14,41,22
14,73,41,22
34,114,41,22
51,11,41,22
91,96,41,22
53,73,41,22
53,14,41,22
90,77,41,22
28,98,41,22
14,73,41,22
34,114,41,22
51,11,41,22
91,96,41,22
91,96,41,22
101,107,41,22
91,96,41,22
101,107,41,22
91,96,41,22
28,98,41,22
101,107,41,22
91,96,41,22
28,98,41,22
101,107,41,22
91,96,41,22
101,107,41,22
101,107,41,22
28,98,41,22
101,107,41,22
28,98,41,22
12,57,41,22
101,107,41,22
28,98,41,22
12,57,41,22
101,107,41,22
28,98,41,22
101,107,41,22
12,57,41,22
34,114,41,22
101,107,41,22
60,114,41,22
90,79,41,22
85,42,41,22
90,77,41,22
85,42,41,22
90,77,41,22
85,42,41,22
90,77,41,22
60,114,41,22
46,8,41,22
53,14,41,22
101,107,41,22
8,116,41,22
9,10,41,22
101,107,41,22
8,116,41,22
53,14,41,22
101,107,41,22
8,116,41,22
53,14,41,22
8,116,41,22
28,98,41,22
42,22,41,22
8,116,41,22
28,98,41,22
8,116,41,22
24,75,41,22
85,22,41,22
101,107,41,22
8,116,41,22
53,14,41,22
51,11,41,22
101,107,41,22
8,116,41,22
51,11,41,22
101,107,41,22
8,116,41,22
51,11,41,22
101,107,41,22
60,13,41,22
8,116,41,22
90,3,41,22
101,107,41,22
60,13,41,22
8,116,41,22
51,11,41,22
101,107,41,22
8,116,41,22
90,77,41,22
51,11,41,22
101,107,41,22
8,116,41,22
90,77,41,22
51,11,41,22
101,107,41,22
8,116,41,22
90,77,41,22
51,11,41,22
101,107,41,22
8,116,41,22
53,14,41,22
90,77,41,22
60,13,41,22
8,116,41,22
53,14,41,22
111,59,41,22
90,77,41,22
101,107,41,22
46,8,41,22
53,14,41,22
90,77,41,22
57,4,41,22
46,8,41,22
8,116,41,22
90,77,41,22
57,4,41,22
8,116,41,22
90,77,41,22
101,107,41,22
19,10,41,22
90,77,41,22
101,107,41,22
19,10,41,22
28,98,41,22
101,107,41,22
101,107,41,22
101,107,41,22
90,77,41,22
101,107,41,22
90,77,41,22
101,107,41,22
90,77,41,22
101,107,41,22
9,19,41,22
53,14,41,22
90,77,41,22
101,107,41,22
53,14,41,22
90,77,41,22
101,107,41,22
90,77,41,22
28,98,41,22
101,107,41,22
90,77,41,22
51,11,41,22
9,19,41,22
51,11,41,22
90,77,41,22
90,77,41,22
60,114,41,22
90,77,41,22
28,98,41,22
90,77,41,22
101,107,41,22
90,77,41,22
101,107,41,22
90,77,41,22
28,98,41,22
101,107,41,22
60,13,41,22
101,107,41,22
46,8,41,22
90,77,41,22
101,107,41,22
46,8,41,22
101,107,41,22
101,107,41,22
101,107,41,22
85,22,41,22
101,107,41,22
85,22,41,22
101,107,41,22
101,107,41,22
32,113,41,22
90,77,41,22
101,107,41,22
46,8,41,22
51,11,41,22
101,107,41,22
9,19,41,22
90,77,41,22
57,4,41,22
34,114,41,22
51,11,41,22
101,107,41,22
46,8,41,22
9,19,41,22
34,114,41,22
51,11,41,22
101,107,41,22
46,8,41,22
34,114,41,22
101,107,41,22
28,98,41,22
34,114,41,22
101,107,41,22
53,14,41,22
21,6,41,22
28,98,41,22
34,114,41,22
60,13,41,22
53,14,41,22
21,6,41,22
28,98,41,22
101,107,41,22
21,6,41,22
101,107,41,22
28,98,41,22
51,11,41,22
101,107,41,22
60,114,41,22
90,77,41,22
51,11,41,22
101,107,41,22
34,114,41,22
9,19,41,22
60,13,41,22
90,77,41,22
101,107,41,22
9,19,41,22
90,77,41,22
12,57,41,22
101,107,41,22
90,77,41,22
90,79,41,22
51,11,41,22
101,107,41,22
19,10,41,22
51,11,41,22
101,107,41,22
101,107,41,22
46,8,41,22
101,107,41,22
19,10,41,22
46,8,41,22
101,107,41,22
46,8,41,22
53,14,41,22
101,107,41,22
85,42,41,22
90,77,41,22
101,107,41,22
90,77,41,22
53,14,41,22
90,77,41,22
90,77,41,22
9,19,41,22
28,100,41,22
90,77,41,22
20,5,41,22
90,77,41,22
90,77,41,22
46,8,41,22
53,14,41,22
16,55,41,22
111,69,41,22
53,14,41,22
20,5,41,22
101,107,41,22
20,5,41,22
101,107,41,22
85,42,41,22
20,5,41,22
90,77,41,22
101,107,41,22
90,77,41,22
101,107,41,22
101,107,41,22
60,114,41,22
101,107,41,22
60,114,41,22
53,14,41,22
101,107,41,22
122,73,41,22
60,114,41,22
53,14,41,22
101,107,41,22
122,73,41,22
60,114,41,22
53,14,41,22
90,77,41,22
101,107,41,22
122,73,41,22
60,114,41,22
53,14,41,22
90,77,41,22
90,79,41,22
101,107,41,22
101,107,41,22
101,107,42,23
60,13,42,23
53,14,42,23
90,77,42,23
101,107,42,23
60,13,42,23
53,14,42,23
90,77,42,23
101,107,42,23
53,14,42,23
90,77,42,23
101,107,42,23
53,14,42,23
90,77,42,23
34,114,42,23
101,107,42,23
19,10,42,23
28,100,42,23
53,14,42,23
90,77,42,23
34,114,42,23
53,14,42,23
34,114,42,23
90,77,42,23
34,114,42,23
90,77,42,23
34,114,42,23
19,10,42,23
90,77,42,23
34,114,42,23
15,110,42,23
101,107,42,23
19,10,42,23
90,77,42,23
34,114,42,23
101,107,42,23
19,10,42,23
53,14,42,23
90,77,42,23
34,114,42,23
34,114,42,23
34,114,42,23
34,114,42,23
90,77,42,23
73,74,42,23
34,114,42,23
90,77,42,23
73,74,42,23
34,114,42,23
90,77,42,23
73,74,42,23
34,114,42,23
101,107,42,23
90,77,42,23
73,74,42,23
34,114,42,23
101,107,42,23
90,77,42,23
34,114,42,23
101,107,42,23
90,77,42,23
57,4,42,23
34,114,42,23
90,77,42,23
34,114,42,23
81,26,42,23
34,114,42,23
101,107,42,23
90,77,42,23
34,114,42,23
34,114,42,23
34,114,42,23
90,77,42,23
101,107,42,23
60,114,42,23
60,114,42,23
90,77,42,23
60,114,42,23
73,74,42,23
53,14,42,23
90,77,42,23
90,77,42,23
53,14,42,23
90,77,42,23
101,107,42,23
90,77,42,23
32,113,42,23
90,77,42,23
32,113,42,23
101,107,42,23
32,113,42,23
51,11,42,23
101,107,42,23
60,114,42,23
32,113,42,23
90,77,42,23
51,11,42,23
60,114,42,23
32,113,42,23
53,14,42,23
51,11,42,23
101,107,42,23
60,114,42,23
32,113,42,23
53,14,42,23
90,77,42,23
101,107,42,23
32,113,42,23
53,14,42,23
90,77,42,23
51,11,42,23
101,107,42,23
32,113,42,23
90,77,42,23
51,11,42,23
32,113,42,23
90,77,42,23
51,11,42,23
32,113,42,23
53,14,42,23
90,77,42,23
73,74,42,23
51,11,42,23
32,113,42,23
53,14,42,23
90,77,42,23
32,113,42,23
85,42,42,23
53,14,42,23
90,77,42,23
51,11,42,23
122,73,42,23
85,42,42,23
53,14,42,23
51,11,42,23
101,107,42,23
122,73,42,23
32,113,42,23
85,42,42,23
53,14,42,23
51,11,42,23
101,107,42,23
85,42,42,23
53,14,42,23
51,11,42,23
101,107,42,23
53,14,42,23
90,77,42,23
51,11,42,23
53,14,42,23
101,107,42,23
32,113,42,23
53,14,42,23
51,11,42,23
32,113,42,23
51,11,42,23
32,113,42,23
90,77,42,23
32,113,42,23
90,77,42,23
51,11,42,23
32,113,42,23
90,77,42,23
101,107,42,23
90,77,42,23
51,11,42,23
32,113,42,23
101,107,42,23
32,113,42,23
90,77,42,23
101,107,42,23
32,113,42,23
90,77,42,23
101,107,42,23
32,113,42,23
90,77,42,23
32,113,42,23
60,13,42,23
90,77,42,23
51,11,42,23
32,113,42,23
60,13,42,23
90,77,42,23
32,113,42,23
85,42,42,23
90,77,42,23
101,107,42,23
32,113,42,23
90,77,42,23
32,113,42,23
85,42,42,23
51,11,42,23
60,114,42,23
32,113,42,23
60,114,42,23
32,113,42,23
60,114,42,23
32,113,42,23
32,113,42,23
53,14,42,23
101,107,42,23
32,113,42,23
51,11,42,23
45,83,42,23
32,113,42,23
73,74,42,23
45,83,42,23
32,113,42,23
101,107,42,23
32,113,42,23
101,107,42,23
32,113,42,23
90,77,42,23
32,113,42,23
60,13,42,23
51,11,42,23
101,107,42,23
32,113,42,23
60,13,42,23
53,14,42,23
101,107,42,23
90,77,42,23
32,113,42,23
60,13,42,23
90,77,42,23
73,74,42,23
32,113,42,23
85,42,42,23
90,77,42,23
101,107,42,23
32,113,42,23
60,13,42,23
85,42,42,23
53,14,42,23
90,77,42,23
32,113,42,23
85,42,42,23
90,77,42,23
51,11,42,23
60,114,42,23
32,113,42,23
60,13,42,23
85,42,42,23
90,77,42,23
32,113,42,23
60,13,42,23
85,42,42,23
90,77,42,23
73,74,42,23
51,11,42,23
60,114,42,23
19,10,42,23
32,113,42,23
90,77,42,23
51,11,42,23
19,10,42,23
45,83,42,23
32,113,42,23
51,11,42,23
32,113,42,23
60,13,42,23
8,116,42,23
85,42,42,23
60,5,42,23
101,107,42,23
32,113,42,23
60,13,42,23
8,116,42,23
85,42,42,23
20,5,42,23
32,113,42,23
8,116,42,23
60,91,42,23
65,72,42,23
32,113,42,23
86,61,42,23
60,91,42,23
8,115,42,23
32,113,42,23
85,42,42,23
90,77,42,23
117,65,42,23
20,115,42,23
85,65,42,23
32,113,42,23
85,42,42,23
117,65,42,23
20,115,42,23
32,113,42,23
14,65,42,23
32,113,42,23
32,113,42,23
90,77,42,23
32,113,42,23
90,77,42,23
32,113,42,23
56,88,42,23
32,113,42,23
56,63,42,23
101,107,42,23
32,113,42,23
101,107,42,23
32,113,42,23
57,4,42,23
45,83,42,23
32,113,42,23
90,77,42,23
32,113,42,23
90,77,42,23
45,83,42,23
32,113,42,23
90,77,42,23
51,11,42,23
101,107,42,23
32,113,42,23
90,77,42,23
12,57,42,23
51,11,42,23
101,107,42,23
32,113,42,23
90,77,42,23
51,11,42,23
32,113,42,23
90,77,42,23
101,107,42,23
32,113,42,23
90,77,42,23
51,11,42,23
45,83,42,23
32,113,42,23
90,77,42,23
57,4,42,23
101,107,42,23
45,83,42,23
32,113,42,23
90,77,42,23
51,11,42,23
32,113,42,23
90,77,42,23
51,11,42,23
90,77,42,23
45,83,42,23
32,113,42,23
90,77,42,23
90,77,42,23
51,11,42,23
32,113,42,23
90,77,42,23
101,107,42,23
32,113,42,23
90,77,42,23
32,113,42,23
90,77,42,23
51,11,42,23
32,113,42,23
28,100,42,23
90,77,42,23
75,49,42,23
32,113,42,23
28,100,42,23
90,77,42,23
75,49,43,24
101,107,43,24
32,113,43,24
28,100,43,24
90,77,43,24
75,49,43,24
101,107,43,24
32,113,43,24
90,77,43,24
26,75,43,24
32,113,43,24
28,100,43,24
90,77,43,24
32,113,43,24
28,100,43,24
90,77,43,24
28,63,43,24
101,107,43,24
26,75,43,24
32,113,43,24
28,63,43,24
32,113,43,24
28,100,43,24
26,27,43,24
75,27,43,24
28,63,43,24
101,107,43,24
32,113,43,24
28,100,43,24
75,27,43,24
28,63,43,24
51,11,43,24
101,107,43,24
32,113,43,24
26,27,43,24
75,49,43,24
28,104,43,24
28,63,43,24
51,11,43,24
26,75,43,24
32,113,43,24
90,77,43,24
26,27,43,24
28,63,43,24
26,75,43,24
32,113,43,24
26,27,43,24
75,27,43,24
28,104,43,24
28,63,43,24
26,75,43,24
45,83,43,24
32,113,43,24
28,100,43,24
26,27,43,24
75,27,43,24
28,63,43,24
101,107,43,24
26,75,43,24
32,113,43,24
28,100,43,24
100,63,43,24
26,27,43,24
75,27,43,24
104,63,43,24
28,63,43,24
26,75,43,24
32,113,43,24
28,100,43,24
100,63,43,24
26,27,43,24
75,27,43,24
49,27,43,24
32,113,43,24
90,77,43,24
26,27,43,24
75,27,43,24
75,49,43,24
49,27,43,24
51,11,43,24
32,113,43,24
75,27,43,24
49,27,43,24
51,11,43,24
32,113,43,24
26,49,43,24
90,77,43,24
75,49,43,24
26,75,43,24
32,113,43,24
90,77,43,24
32,113,43,24
51,11,43,24
32,113,43,24
26,49,43,24
90,77,43,24
51,11,43,24
101,107,43,24
32,113,43,24
90,77,43,24
51,11,43,24
32,113,43,24
90,77,43,24
32,113,43,24
90,77,43,24
101,107,43,24
26,75,43,24
32,113,43,24
90,77,43,24
101,107,43,24
32,113,43,24
90,77,43,24
26,27,43,24
101,107,43,24
26,75,43,24
32,113,43,24
26,49,43,24
90,77,43,24
26,27,43,24
101,107,43,24
32,113,43,24
90,77,43,24
75,27,43,24
26,75,43,24
45,83,43,24
32,113,43,24
45,83,43,24
32,113,43,24
26,49,43,24
26,27,43,24
45,83,43,24
32,113,43,24
26,49,43,24
90,77,43,24
26,27,43,24
45,83,43,24
32,113,43,24
90,77,43,24
90,77,43,24
90,77,43,24
101,107,43,24
32,113,43,24
101,107,43,24
32,113,43,24
90,77,43,24
101,107,43,24
32,113,43,24
90,77,43,24
101,107,43,24
32,113,43,24
90,77,43,24
32,113,43,24
56,88,43,24
32,113,43,24
90,77,43,24
90,77,43,24
32,113,43,24
101,107,43,24
45,83,43,24
32,113,43,24
32,113,43,24
90,77,43,24
101,107,43,24
32,113,43,24
90,77,43,24
32,113,43,24
90,77,43,24
101,107,43,24
32,113,43,24
90,77,43,24
101,107,43,24
32,113,43,24
90,77,43,24
32,113,43,24
90,77,43,24
32,113,43,24
103,49,43,24
90,77,43,24
32,113,43,24
32,113,43,24
90,77,43,24
32,113,43,24
90,77,43,24
32,113,43,24
32,113,43,24
90,77,43,24
56,88,43,24
51,45,43,24
32,113,43,24
51,45,43,24
56,66,43,24
32,113,43,24
32,113,43,24
32,113,43,24
15,66,43,24
56,88,43,24
61,6,43,24
24,6,43,24
32,113,43,24
66,6,43,24
24,15,43,24
24,66,43,24
61,6,43,24
24,6,43,24
101,107,43,24
32,113,43,24
66,6,43,24
15,66,43,24
24,66,43,24
61,6,43,24
101,107,43,24
32,113,43,24
15,66,43,24
24,66,43,24
61,6,43,24
101,107,43,24
32,113,43,24
66,6,43,24
15,66,43,24
24,15,43,24
24,66,43,24
61,6,43,24
40,83,43,24
101,107,43,24
32,113,43,24
66,6,43,24
24,66,43,24
57,4,43,24
51,11,43,24
24,6,43,24
101,107,43,24
32,113,43,24
66,6,43,24
15,66,43,24
109,44,43,24
24,66,43,24
51,11,43,24
24,6,43,24
24,61,43,24
32,113,43,24
66,6,43,24
15,66,43,24
109,44,43,24
56,88,43,24
24,88,43,24
24,6,43,24
101,107,43,24
32,113,43,24
66,6,43,24
15,66,43,24
90,77,43,24
12,57,43,24
109,44,43,24
90,95,43,24
30,4,43,24
32,113,43,24
66,6,43,24
40,69,43,24
12,57,43,24
68,78,43,24
24,6,43,24
30,4,43,24
33,78,43,24
24,6,43,24
56,66,43,24
101,3,43,24
101,107,43,24
3,43,43,24
95,101,43,24
56,88,43,24
24,6,43,24
56,66,43,24
109,57,43,24
45,4,43,24
54,45,43,24
56,66,43,24
15,66,43,24
24,6,43,24
56,66,43,24
45,107,43,24
15,66,43,24
59,69,43,24
31,69,43,24
80,17,43,24
51,78,43,24
66,6,43,24
51,107,43,24
66,9,43,24
71,78,43,24
15,9,43,24
51,107,43,24
24,15,43,24
40,33,43,24
68,33,43,24
71,107,43,24
24,15,43,24
40,31,43,24
16,71,43,24
40,83,43,24
24,15,43,24
24,15,43,24
24,66,43,24
24,15,43,24
24,15,43,24
15,6,43,24
24,6,43,24
24,6,43,24
16,73,43,24
15,66,43,24
66,110,43,24
46,84,43,24
67,108,43,24
67,108,43,24
29,47,43,24
29,47,43,24
67,47,43,24
67,47,43,24
39,74,43,24
39,74,43,24
15,66,43,24
67,108,43,24
43,110,43,24
75,44,43,24
40,83,43,24
44,107,43,24
40,107,43,24
66,43,43,24
107,78,43,24
67,108,43,24
44,107,43,24
75,43,43,24
40,107,43,24
77,78,43,24
77,107,43,24
67,108,43,24
40,83,43,24
75,43,43,24
107,17,43,24
75,43,43,24
51,80,43,24
51,40,43,24
51,43,43,24
40,107,44,25
107,78,44,25
40,83,44,25
51,43,44,25
60,53,44,25
51,43,44,25
40,107,44,25
91,86,44,25
116,5,44,25
52,116,44,25
52,5,44,25
66,51,44,25
52,116,44,25
52,5,44,25
107,78,44,25
75,40,44,25
107,17,44,25
3,80,44,25
15,66,44,25
43,78,44,25
107,78,44,25
67,108,44,25
75,40,44,25
20,5,44,25
107,78,44,25
40,83,44,25
40,12,44,25
73,78,44,25
16,111,44,25
77,80,44,25
34,39,44,25
34,116,44,25
34,20,44,25
77,80,44,25
17,78,44,25
52,20,44,25
40,107,44,25
77,80,44,25
40,83,44,25
40,107,44,25
12,78,44,25
77,80,44,25
3,80,44,25
40,107,44,25
46,47,44,25
15,51,44,25
5,47,44,25
3,80,44,25
66,51,44,25
14,20,44,25
15,51,44,25
5,47,44,25
67,108,44,25
82,12,44,25
15,51,44,25
52,47,44,25
40,31,44,25
20,5,44,25
95,44,44,25
15,51,44,25
3,80,44,25
40,107,44,25
40,107,44,25
15,51,44,25
51,111,44,25
40,12,44,25
3,80,44,25
12,107,44,25
15,51,44,25
12,78,44,25
12,107,44,25
15,51,44,25
3,80,44,25
15,51,44,25
96,114,44,25
60,20,44,25
3,80,44,25
51,43,44,25
15,51,44,25
96,114,44,25
60,20,44,25
3,80,44,25
66,43,44,25
15,51,44,25
15,51,44,25
15,51,44,25
36,63,44,25
15,111,44,25
51,109,44,25
66,43,44,25
15,51,44,25
51,43,44,25
15,51,44,25
51,43,44,25
15,51,44,25
51,43,44,25
12,107,44,25
34,53,44,25
51,43,44,25
66,43,44,25
46,39,44,25
51,43,44,25
71,44,44,25
51,110,44,25
66,51,44,25
51,43,44,25
71,44,44,25
109,111,44,25
71,44,44,25
109,111,44,25
51,43,44,25
109,6,44,25
66,43,44,25
60,39,44,25
40,12,44,25
109,111,44,25
66,110,44,25
66,51,44,25
51,43,44,25
39,5,44,25
15,51,44,25
40,83,44,25
66,110,44,25
66,51,44,25
12,107,44,25
15,43,44,25
15,51,44,25
40,83,44,25
60,72,44,25
60,5,44,25
16,40,44,25
60,72,44,25
43,40,44,25
60,5,44,25
70,107,44,25
16,40,44,25
12,107,44,25
43,40,44,25
15,51,44,25
60,5,44,25
16,43,44,25
3,80,44,25
103,49,44,25
16,40,44,25
15,51,44,25
40,12,44,25
109,111,44,25
82,43,44,25
15,51,44,25
40,83,44,25
40,12,44,25
109,111,44,25
103,49,44,25
16,107,44,25
40,12,44,25
109,111,44,25
103,49,44,25
77,80,44,25
15,51,44,25
40,12,44,25
66,110,44,25
109,111,44,25
3,80,44,25
15,51,44,25
40,83,44,25
40,12,44,25
109,111,44,25
12,107,44,25
77,3,44,25
60,91,44,25
15,51,44,25
40,12,44,25
109,111,44,25
12,107,44,25
60,91,44,25
17,2,44,25
12,107,44,25
60,91,44,25
15,51,44,25
60,10,44,25
109,111,44,25
3,80,44,25
12,107,44,25
15,51,44,25
109,111,44,25
3,80,44,25
66,43,44,25
60,91,44,25
15,43,44,25
15,51,44,25
109,111,44,25
3,80,44,25
51,43,44,25
60,91,44,25
15,43,44,25
15,51,44,25
109,111,44,25
3,80,44,25
51,43,44,25
82,12,44,25
15,43,44,25
15,51,44,25
109,111,44,25
3,80,44,25
66,51,44,25
51,43,44,25
82,12,44,25
109,111,44,25
51,43,44,25
60,20,44,25
109,111,44,25
3,80,44,25
51,43,44,25
15,51,44,25
15,51,44,25
60,10,44,25
109,111,44,25
51,43,44,25
60,91,44,25
12,31,44,25
109,111,44,25
51,43,44,25
60,91,44,25
60,10,44,25
109,111,44,25
86,72,44,25
60,91,44,25
60,10,44,25
109,111,44,25
51,43,44,25
15,43,44,25
60,10,44,25
51,43,44,25
66,43,44,25
15,43,44,25
15,51,44,25
109,111,44,25
3,80,44,25
51,43,44,25
12,31,44,25
15,51,44,25
109,111,44,25
3,80,44,25
66,51,44,25
51,43,44,25
12,31,44,25
16,12,44,25
109,111,44,25
3,80,44,25
51,43,44,25
12,31,44,25
109,111,44,25
51,43,44,25
12,31,44,25
16,12,44,25
51,43,44,25
109,111,44,25
3,80,44,25
51,43,44,25
40,83,44,25
109,111,44,25
17,2,44,25
15,43,44,25
15,51,44,25
109,111,44,25
51,43,44,25
53,121,44,25
60,91,44,25
66,110,44,25
109,111,44,25
51,43,44,25
83,17,44,25
53,121,44,25
15,43,44,25
15,51,44,25
109,111,44,25
51,43,44,25
53,121,44,25
15,43,44,25
109,111,44,25
66,51,44,25
51,43,44,25
66,43,44,25
15,43,44,25
15,51,44,25
109,111,44,25
51,43,44,25
66,43,44,25
15,43,44,25
15,51,44,25
51,43,44,25
15,43,44,25
51,43,44,25
51,43,44,25
51,110,44,25
15,43,44,25
109,111,44,25
66,51,44,25
51,43,44,25
66,43,44,25
15,43,44,25
109,111,44,25
51,43,44,25
66,43,44,25
15,43,44,25
51,43,44,25
51,43,44,25
82,109,44,25
82,111,44,25
15,51,44,25
16,12,44,25
82,111,44,25
109,111,44,25
82,111,44,25
82,99,44,25
91,65,44,25
16,31,44,25
82,99,44,25
83,2,44,25
86,65,44,25
86,65,44,25
16,107,44,25
16,107,44,25
86,65,44,25
40,107,44,25
53,121,44,25
53,121,44,25
53,121,44,25
53,121,44,25
53,121,44,25
20,5,44,25
20,5,44,25
20,5,44,25
20,5,44,25
20,5,44,25
20,5,44,25
20,5,44,25
20,5,44,25
20,5,45,26
9,115,45,26
20,5,45,26
65,72,45,26
65,72,45,26
65,72,45,26
46,39,45,26
46,39,45,26
20,5,45,26
46,39,45,26
46,39,45,26
20,5,45,26
46,39,45,26
46,39,45,26
65,72,45,26
46,39,45,26
65,72,45,26
46,39,45,26
46,39,45,26
46,39,45,26
46,39,45,26
60,91,45,26
46,39,45,26
60,20,45,26
46,39,45,26
46,39,45,26
91,73,45,26
46,39,45,26
60,91,45,26
60,73,45,26
65,72,45,26
65,72,45,26
65,72,45,26
65,72,45,26
46,39,45,26
46,39,45,26
115,72,45,26
115,72,45,26
65,72,45,26
53,121,45,26
65,72,45,26
46,39,45,26
73,115,45,26
60,73,45,26
65,72,45,26
86,65,45,26
60,73,45,26
86,65,45,26
53,39,45,26
53,39,45,26
34,60,45,26
60,72,45,26
60,72,45,26
60,85,45,26
85,72,45,26
60,85,45,26
46,39,45,26
46,39,45,26
85,65,45,26
46,39,45,26
96,114,45,26
85,65,45,26
39,5,45,26
39,5,45,26
46,39,45,26
114,115,45,26
114,5,45,26
46,39,45,26
114,5,45,26
114,5,45,26
114,115,45,26
114,115,45,26
65,72,45,26
114,115,45,26
65,72,45,26
34,121,45,26
34,121,46,27
53,39,46,27
85,65,46,27
53,39,46,27
53,39,46,27
53,39,46,27
53,39,46,27
53,39,46,27
53,39,46,27
53,39,46,27
53,39,46,27
53,39,46,27
53,39,46,27
53,39,46,27
53,39,46,27
53,39,46,27
53,39,46,27
53,39,46,27
53,39,46,27
53,39,46,27
114,5,46,27
114,5,46,27
53,39,46,27
114,5,46,27
53,39,46,27
114,5,46,27
53,39,46,27
53,39,46,27
53,39,46,27
9,92,46,27
53,39,46,27
114,5,46,27
53,39,46,27
114,5,46,27
53,39,46,27
114,5,46,27
53,39,46,27
53,39,46,27
53,39,46,27
53,39,46,27
53,39,46,27
39,114,46,27
53,39,46,27
53,39,46,27
53,39,46,27
53,39,46,27
53,39,46,27
53,39,46,27
53,39,46,27
53,39,46,27
53,39,46,27
53,39,46,27
53,39,46,27
39,114,46,27
53,39,46,27
53,39,46,27
53,39,46,27
53,39,46,27
114,5,46,27
46,39,46,27
53,39,46,27
46,114,46,27
114,115,46,27
114,115,46,27
114,5,46,27
53,39,46,27
5,115,46,27
114,5,46,27
5,115,46,27
114,5,46,27
53,39,46,27
114,5,46,27
53,39,46,27
114,115,46,27
53,39,46,27
53,39,46,27
85,121,46,27
114,115,46,27
60,121,46,27
114,115,46,27
53,39,46,27
53,39,46,27
60,65,46,27
53,39,46,27
53,39,46,27
53,39,46,27
41,65,46,27
121,65,46,27
9,53,47,28
46,39,47,28
46,39,47,28
46,39,47,28
46,39,47,28
46,39,47,28
39,5,47,28
5,115,47,28
46,39,47,28
46,39,47,28
46,39,47,28
60,121,48,29
85,65,48,29
121,65,49,30
1,32,49,30
24,50,49,30
104,67,49,30
15,51,49,30
12,78,49,30
43,78,49,30
12,59,49,30
12,78,49,30
59,78,49,30
12,59,49,30
59,78,49,30
77,43,49,30
12,59,49,30
77,118,49,30
59,78,49,30
12,59,49,30
12,78,49,30
59,78,49,30
12,59,49,30
59,78,49,30
30,57,49,30
30,57,49,30
30,57,49,30
30,57,49,30
30,57,49,30
121,65,50,31
86,121,50,31
24,15,50,31
24,15,50,31
24,15,50,31
15,51,50,31
24,15,50,31
15,51,50,31
15,51,50,31
15,51,50,31
15,51,50,31
24,15,50,31
15,51,50,31
24,51,50,31
121,65,51,32
47,42,51,32
96,42,51,32
57,4,71,33
26,57,71,33
57,4,71,33
26,57,71,33
26,75,71,33
75,57,71,33
26,57,71,33
26,75,71,33
75,57,71,33
26,57,71,33
26,75,71,33
26,57,71,33
75,57,71,33
26,57,71,33
75,66,71,33
26,57,71,33
26,4,71,33
26,57,71,33
57,4,71,33
26,57,71,33
26,57,71,33
26,75,71,33
75,57,71,33
26,57,71,33
26,4,71,33
26,57,71,33
26,4,71,33
26,57,71,33
26,57,71,33
26,57,72,34
26,75,72,34
75,57,72,34
26,57,72,34
26,75,72,34
75,57,72,34
26,37,72,34
37,57,72,34
26,57,72,34
26,75,72,34
26,37,72,34
37,57,72,34
57,4,72,34
26,57,72,34
37,4,72,34
26,4,72,34
26,37,72,34
37,11,72,34
57,4,72,34
26,57,72,34
26,4,72,34
26,37,72,34
37,57,72,34
57,4,72,34
26,57,72,34
26,4,72,34
26,37,72,34
37,57,72,34
37,11,72,34
57,4,72,34
26,57,72,34
26,11,72,34
37,4,72,34
26,4,72,34
11,4,72,34
26,37,72,34
37,57,72,34
57,4,72,34
26,57,72,34
26,11,72,34
11,57,72,34
37,4,72,34
11,4,72,34
26,37,72,34
37,57,72,34
37,11,72,34
57,4,72,34
26,57,72,34
26,11,72,34
11,57,72,34
37,4,72,34
26,4,72,34
37,57,72,34
57,4,72,34
26,57,72,34
26,11,72,34
11,57,72,34
37,4,72,34
66,37,72,34
26,4,72,34
11,4,72,34
75,57,72,34
26,27,72,34
37,57,72,34
37,11,72,34
57,4,72,34
26,57,72,34
75,11,72,34
26,11,72,34
11,57,72,34
37,4,72,34
26,4,72,34
11,4,72,34
75,57,72,34
37,57,72,34
57,4,72,34
26,57,72,34
26,11,72,34
11,57,72,34
26,4,72,34
27,37,72,34
26,37,72,34
37,57,72,34
57,4,72,34
26,57,72,34
106,45,72,34
26,4,72,34
27,37,72,34
26,37,72,34
37,57,72,34
37,11,72,34
26,57,72,34
26,11,72,34
11,57,72,34
26,37,72,34
37,57,72,34
57,4,72,34
26,57,72,34
26,11,72,34
26,4,72,34
26,37,72,34
37,11,72,34
57,4,72,34
26,57,72,34
75,11,72,34
26,4,72,34
27,37,72,34
26,37,72,34
37,11,72,34
57,4,72,34
26,57,72,34
106,45,72,34
75,11,72,34
26,11,72,34
25,27,72,34
26,4,72,34
27,37,72,34
37,11,72,34
57,4,72,34
81,24,72,34
68,33,72,34
75,37,72,34
75,11,72,34
106,66,72,34
25,27,72,34
37,11,72,34
57,4,72,34
26,57,72,34
26,11,72,34
45,68,72,34
26,4,72,34
26,37,72,34
37,57,72,34
37,11,72,34
57,4,72,34
26,57,72,34
26,11,72,34
11,57,72,34
26,4,72,34
71,45,72,34
11,4,72,34
45,33,72,34
37,57,72,34
37,11,72,34
57,4,72,34
26,57,72,34
68,33,72,34
75,11,72,34
26,11,72,34
11,57,72,34
45,68,72,34
26,4,72,34
27,37,72,34
45,33,72,34
26,37,72,34
24,4,72,34
37,11,72,34
57,4,72,34
26,57,72,34
24,26,72,34
106,66,72,34
27,11,72,34
26,4,72,34
34,53,72,34
81,11,72,34
24,4,72,34
81,37,72,34
37,11,72,34
57,4,72,34
26,57,72,34
24,26,72,34
106,45,72,34
66,45,72,34
81,27,72,34
75,11,72,34
106,66,72,34
27,11,72,34
24,57,72,34
26,4,72,34
56,45,72,34
27,37,72,34
81,11,72,34
81,37,72,34
37,11,72,34
26,57,72,34
106,45,72,34
81,57,72,34
66,45,72,34
75,37,72,34
3,99,72,34
81,27,72,34
106,66,72,34
56,106,72,34
81,75,72,34
24,57,72,34
26,4,72,34
24,75,72,34
27,37,72,34
81,11,72,34
75,57,72,34
37,11,72,34
57,4,72,34
26,57,72,34
81,57,72,34
66,45,72,34
75,37,72,34
71,33,72,34
106,66,72,34
26,75,72,34
56,45,72,34
109,99,72,34
81,37,72,34
56,88,72,34
37,11,72,34
57,4,72,34
81,24,72,34
88,66,72,34
68,33,72,34
24,11,72,34
71,33,72,34
26,11,72,34
106,66,72,34
27,11,72,34
106,88,72,34
88,45,72,34
81,4,72,34
11,4,72,34
44,99,72,34
81,11,72,34
24,37,72,34
56,88,72,34
37,11,72,34
68,33,72,34
106,45,72,34
66,45,72,34
3,99,72,34
81,27,72,34
24,11,72,34
106,66,72,34
81,26,72,34
26,75,72,34
82,3,72,34
106,88,72,34
81,4,72,34
11,4,72,34
44,99,72,34
81,11,72,34
109,99,72,34
26,27,72,34
75,27,72,34
56,88,72,34
68,33,72,34
3,44,72,34
24,88,72,34
75,11,72,34
26,11,72,34
106,66,72,34
81,26,72,34
27,11,72,34
26,75,72,34
25,11,72,34
24,45,72,34
25,27,72,34
81,11,72,34
24,66,72,34
109,99,72,34
26,27,72,34
56,88,72,34
3,44,72,34
81,27,72,34
24,88,72,34
26,11,72,34
106,66,72,34
81,26,72,34
109,111,72,34
26,75,72,34
56,24,72,34
106,24,72,34
24,45,72,34
82,99,72,34
81,11,72,34
109,99,72,34
26,27,72,34
56,88,72,34
26,25,72,34
3,44,72,34
109,3,72,34
24,88,72,34
81,26,72,34
111,99,72,34
26,75,72,34
75,25,72,34
56,24,72,34
106,24,72,34
82,99,72,34
106,88,72,34
11,33,72,34
81,25,72,34
26,27,72,34
37,57,72,34
56,88,72,34
57,4,72,34
106,45,72,34
26,25,72,34
3,44,72,34
109,3,72,34
24,88,72,34
106,66,72,34
111,99,72,34
28,111,72,34
56,106,72,34
56,24,72,34
24,45,72,34
27,63,72,34
25,27,72,34
106,88,72,34
26,27,72,34
75,27,72,34
56,88,72,34
57,4,72,34
26,25,72,34
63,29,72,34
28,99,72,34
3,44,72,34
81,27,72,34
106,66,72,34
28,82,72,34
111,99,72,34
28,109,72,34
26,75,72,34
28,111,72,34
81,75,72,34
106,24,72,34
27,63,72,34
82,99,72,34
25,27,72,34
106,88,72,34
71,11,72,34
26,27,72,34
75,27,72,34
37,57,72,34
56,88,72,34
57,4,72,34
26,25,72,34
63,29,72,34
28,99,72,34
106,66,72,34
28,82,72,34
81,26,72,34
111,99,72,34
28,109,72,34
28,111,72,34
75,25,72,34
81,75,72,34
82,99,72,34
25,27,72,34
88,63,72,34
56,29,72,34
24,66,72,34
24,3,72,34
26,27,72,34
75,27,72,34
37,57,72,34
56,88,72,34
57,4,72,34
106,45,72,34
63,29,72,34
28,99,72,34
88,29,72,34
81,27,72,34
1,11,72,34
56,63,72,34
81,26,72,34
111,99,72,34
28,109,72,34
28,111,72,34
75,25,72,34
81,75,72,34
25,27,72,34
88,63,72,34
56,29,72,34
40,45,72,34
24,66,72,34
24,3,72,34
26,27,72,34
37,57,72,34
56,88,72,34
57,4,72,34
63,29,72,34
28,99,72,34
88,29,72,34
26,75,72,34
28,111,72,34
81,75,72,34
11,68,72,34
82,99,72,34
88,63,72,34
24,66,72,34
26,37,72,34
26,27,72,34
57,4,72,34
68,33,72,34
54,12,72,34
63,29,72,34
3,44,72,34
88,29,72,34
93,30,72,34
56,63,72,34
81,26,72,34
28,111,72,34
11,68,72,34
25,27,72,34
88,63,72,34
106,57,72,34
11,33,72,34
88,57,72,34
81,25,72,34
106,54,72,34
24,66,72,34
40,57,72,34
57,4,72,34
54,40,72,34
54,57,72,34
106,4,72,34
37,29,72,34
27,29,72,34
106,66,72,34
111,99,72,34
28,111,72,34
32,30,72,34
54,4,72,34
40,57,72,34
57,4,72,34
48,25,72,34
3,44,72,34
54,40,72,34
54,57,72,34
111,99,72,34
40,4,72,34
32,17,72,34
54,4,72,34
94,44,72,34
40,57,72,34
30,83,72,34
57,4,72,34
54,40,72,34
54,57,72,34
37,29,72,34
111,99,72,34
11,68,72,34
40,4,72,34
94,3,72,34
54,4,72,34
3,44,72,34
54,40,72,34
54,57,72,34
109,111,72,34
111,99,72,34
56,106,72,34
11,68,72,34
11,33,72,34
94,3,72,34
94,44,72,34
109,99,72,34
30,40,72,34
3,44,72,34
111,99,72,34
30,4,72,34
11,68,72,34
40,4,72,34
94,3,72,34
94,44,72,34
93,59,72,34
3,44,72,34
54,57,72,34
109,3,72,34
111,99,72,34
30,4,72,34
11,40,72,34
24,27,72,34
11,68,72,34
82,99,72,34
94,3,72,34
95,80,72,34
94,44,72,34
54,70,72,34
93,59,72,34
40,68,72,34
54,57,72,34
30,4,72,34
11,40,72,34
11,68,72,34
16,59,72,34
94,3,72,34
93,59,72,34
68,33,72,34
3,44,72,34
40,68,72,34
16,78,72,34
23,16,72,34
30,4,72,34
81,75,72,34
11,68,72,34
63,108,72,34
11,33,72,34
94,3,72,34
24,66,72,34
94,44,72,34
54,57,72,34
23,78,72,34
23,16,72,34
95,79,72,34
111,99,72,34
16,31,72,34
30,4,72,34
45,57,72,34
63,108,72,34
94,3,72,34
93,59,72,34
68,33,72,34
23,36,72,34
54,57,72,34
16,78,72,34
95,79,72,34
58,50,72,34
67,63,72,34
16,31,72,34
11,68,72,34
79,2,72,34
11,33,72,34
94,3,72,34
31,78,72,34
94,44,72,34
54,45,72,34
68,33,72,34
54,57,72,34
16,78,72,34
58,50,72,34
24,50,72,34
16,31,72,34
30,4,72,34
79,2,72,34
11,33,72,34
94,3,72,34
23,26,72,34
94,44,72,34
68,33,72,34
16,78,72,34
16,79,72,34
11,40,72,34
36,29,72,34
63,108,72,34
11,33,72,34
94,3,72,34
23,26,72,34
94,44,72,34
16,78,72,34
16,31,72,34
30,4,72,34
11,40,72,34
45,57,72,34
23,66,72,34
36,29,72,34
88,125,72,34
11,33,72,34
94,3,72,34
16,78,72,34
109,111,72,34
16,31,72,34
88,125,72,34
40,4,72,34
23,26,72,34
1,17,72,34
94,78,72,34
88,125,72,34
109,57,72,34
94,3,72,34
23,26,72,34
28,104,72,34
3,44,72,34
94,78,72,34
30,4,72,34
82,16,72,34
56,106,72,34
94,31,72,34
88,125,72,34
23,26,72,34
3,44,72,34
1,71,72,34
88,104,72,34
30,4,72,34
56,106,72,34
23,26,72,34
16,78,72,34
30,4,72,34
56,106,72,34
59,69,72,34
16,44,72,34
45,33,72,34
51,11,72,34
16,78,72,34
54,33,72,34
30,4,72,34
56,106,72,34
59,69,72,34
33,78,72,34
56,106,72,34
59,69,72,34
33,78,72,34
94,54,72,34
3,107,72,34
57,4,72,34
51,11,72,34
1,71,72,34
56,106,72,34
36,29,72,34
59,69,72,34
94,54,72,34
3,107,72,34
57,4,72,34
1,71,72,34
30,4,72,34
56,106,72,34
36,29,72,34
3,107,72,34
57,4,72,34
15,110,72,34
66,110,72,34
30,4,72,34
56,106,72,34
23,66,72,34
36,29,72,34
16,55,72,34
109,44,72,34
3,107,72,34
57,4,72,34
51,11,72,34
15,110,72,34
1,71,72,34
66,110,72,34
56,106,72,34
23,66,72,34
36,29,72,34
59,17,72,34
109,44,72,34
66,110,72,34
56,106,72,34
36,29,72,34
59,17,72,34
1,71,72,34
66,110,72,34
56,106,72,34
36,29,72,34
59,17,72,34
16,55,72,34
1,71,72,34
66,110,72,34
56,106,72,34
36,29,72,34
23,26,72,34
1,71,72,34
66,110,72,34
56,106,72,34
36,29,72,34
23,26,72,34
66,110,72,34
56,106,72,34
36,29,72,34
23,26,72,34
1,71,72,34
56,106,72,34
23,66,72,34
36,29,72,34
56,106,72,34
36,29,72,34
1,71,72,34
88,104,72,34
56,106,72,34
36,29,72,34
56,106,72,34
23,66,72,34
36,29,72,34
56,106,72,34
23,66,72,34
36,29,72,34
56,106,72,34
23,66,72,34
36,29,72,34
56,106,72,34
36,29,72,34
1,71,72,34
56,106,72,34
36,29,72,34
56,106,72,34
36,29,72,34
1,71,72,34
56,106,72,34
45,83,72,34
36,29,72,34
1,71,72,34
56,106,72,34
45,83,72,34
36,29,72,34
56,106,72,34
45,83,72,34
36,29,72,34
1,71,72,34
56,106,72,34
45,83,72,34
36,29,72,34
1,71,72,34
56,106,72,34
45,83,72,34
36,29,72,34
1,71,72,34
56,106,72,34
36,29,72,34
88,125,72,34
1,71,72,34
88,104,72,34
56,106,72,34
23,66,72,34
45,83,72,34
36,29,72,34
88,125,72,34
15,110,72,34
1,71,72,34
88,104,72,34
56,106,72,34
45,83,72,34
36,29,72,34
1,71,72,34
56,106,72,34
36,29,72,34
23,26,72,34
1,71,72,34
56,106,72,34
45,83,72,34
36,29,72,34
23,26,72,34
1,71,72,34
56,106,72,34
36,29,72,34
23,26,72,34
1,71,72,34
56,106,72,34
36,29,72,34
23,26,72,34
15,110,72,34
56,106,72,34
36,29,72,34
16,55,72,34
23,26,72,34
56,106,72,34
45,83,72,34
36,29,72,34
88,125,72,34
56,106,72,34
45,83,72,34
36,29,72,34
15,110,72,34
56,106,72,34
45,83,72,34
36,29,72,34
23,26,72,34
56,106,72,34
45,83,72,34
36,29,72,34
23,26,72,34
101,107,72,34
56,106,72,34
45,83,72,34
36,29,72,34
88,125,72,34
101,107,72,34
56,106,72,34
45,83,72,34
36,29,72,34
88,125,72,34
82,113,72,34
1,71,72,34
101,107,72,34
56,106,72,34
36,29,72,34
88,125,72,34
82,113,72,34
23,26,72,34
1,71,72,34
101,107,72,34
36,29,72,34
88,125,72,34
82,113,72,34
23,26,72,34
1,71,72,34
101,107,72,34
56,106,72,34
36,29,72,34
88,125,72,34
82,113,72,34
23,26,72,34
1,71,72,34
101,107,72,34
56,106,72,34
36,29,72,34
82,113,72,34
23,26,72,34
101,107,72,34
56,106,72,34
36,29,72,34
88,125,72,34
82,113,72,34
16,55,72,34
101,107,72,34
56,106,72,34
36,29,72,34
88,125,72,34
82,113,72,34
88,104,72,34
101,107,72,34
56,106,72,34
36,29,72,34
88,125,72,34
82,113,72,34
101,107,72,34
56,106,72,34
36,29,72,34
82,113,72,34
101,107,72,34
56,106,72,34
36,29,72,34
82,113,72,34
101,107,72,34
56,106,72,34
36,29,72,34
82,113,72,34
101,107,72,34
56,106,72,34
36,29,72,34
103,49,72,34
82,113,72,34
101,107,72,34
56,106,72,34
36,29,72,34
88,125,72,34
82,113,72,34
1,71,72,34
101,107,72,34
56,106,72,34
45,83,72,34
36,29,72,34
88,125,72,34
82,113,72,34
1,71,72,34
101,107,72,34
56,106,72,34
36,29,72,34
88,125,72,34
82,113,72,34
1,71,72,34
101,107,72,34
56,106,72,34
36,29,72,34
82,113,72,34
1,71,72,34
101,107,72,34
56,106,72,34
36,29,72,34
88,125,72,34
82,113,72,34
1,71,72,34
101,107,72,34
56,106,72,34
36,29,72,34
88,125,72,34
82,113,72,34
1,71,72,34
101,107,72,34
56,106,72,34
36,29,72,34
82,113,72,34
23,26,72,34
1,71,72,34
101,107,72,34
56,106,72,34
36,29,72,34
82,113,72,34
1,71,72,34
101,107,72,34
56,106,72,34
45,83,72,34
36,29,72,34
82,113,72,34
101,107,72,34
56,106,72,34
45,83,72,34
36,29,72,34
82,113,72,34
101,107,72,34
56,106,72,34
36,29,72,34
82,113,72,34
1,71,72,34
101,107,72,34
56,106,72,34
36,29,72,34
82,113,72,34
1,71,72,34
101,107,72,34
56,106,72,34
36,29,72,34
82,113,72,34
1,71,72,34
101,107,72,34
56,106,72,34
36,29,72,34
82,113,72,34
101,107,72,34
56,106,72,34
36,29,72,34
88,125,72,34
82,113,72,34
1,71,72,34
101,107,72,34
56,106,72,34
45,83,72,34
36,29,72,34
88,125,72,34
82,113,72,34
1,71,73,35
101,107,73,35
56,106,73,35
45,83,73,35
36,29,73,35
88,125,73,35
82,113,73,35
23,26,73,35
1,71,73,35
101,107,73,35
56,106,73,35
45,83,73,35
36,29,73,35
88,125,73,35
82,113,73,35
1,71,73,35
101,107,73,35
56,106,73,35
36,29,73,35
88,125,73,35
82,113,73,35
1,71,73,35
101,107,73,35
56,106,73,35
36,29,73,35
88,125,73,35
82,113,73,35
1,71,73,35
101,107,73,35
56,106,73,35
45,83,73,35
36,29,73,35
88,125,73,35
82,113,73,35
23,26,73,35
1,71,73,35
101,107,73,35
56,106,73,35
45,83,73,35
36,29,73,35
88,125,73,35
82,113,73,35
1,71,73,35
101,107,73,35
56,106,73,35
36,29,73,35
88,125,73,35
103,49,73,35
82,113,73,35
1,71,73,35
101,107,73,35
56,106,73,35
36,29,73,35
82,113,73,35
1,71,73,35
101,107,73,35
56,106,73,35
45,83,73,35
36,29,73,35
82,113,73,35
101,107,73,35
56,106,73,35
45,83,73,35
36,29,73,35
82,113,73,35
23,26,73,35
101,107,73,35
56,106,73,35
36,29,73,35
82,113,73,35
101,107,73,35
56,106,73,35
36,29,73,35
82,113,73,35
101,107,73,35
56,106,73,35
36,29,73,35
82,113,73,35
101,107,73,35
56,106,73,35
36,29,73,35
82,113,73,35
101,107,73,35
56,106,73,35
36,29,73,35
88,125,73,35
82,113,73,35
101,107,73,35
56,106,73,35
36,29,73,35
88,125,73,35
82,113,73,35
88,104,73,35
101,107,73,35
56,106,73,35
36,29,73,35
88,125,73,35
82,113,73,35
88,104,73,35
101,107,73,35
56,106,73,35
36,29,73,35
103,49,73,35
82,113,73,35
101,107,73,35
56,106,73,35
36,29,73,35
103,49,73,35
82,113,73,35
101,107,73,35
56,106,73,35
36,29,73,35
82,113,73,35
101,107,73,35
56,106,73,35
36,29,73,35
103,49,73,35
82,113,73,35
101,107,73,35
56,106,73,35
36,29,73,35
82,113,73,35
56,106,73,35
36,29,73,35
103,49,73,35
82,113,73,35
56,106,73,35
36,29,73,35
103,49,73,35
82,113,73,35
28,104,73,35
56,106,73,35
36,29,73,35
82,113,73,35
101,107,73,35
56,106,73,35
36,29,73,35
82,113,73,35
23,26,73,35
101,107,73,35
56,106,73,35
36,29,73,35
82,113,73,35
101,107,73,35
56,106,73,35
36,29,73,35
103,49,73,35
82,113,73,35
101,107,73,35
56,106,73,35
36,29,73,35
82,113,73,35
56,106,73,35
36,29,73,35
82,113,73,35
101,107,73,35
56,106,73,35
36,29,73,35
103,49,73,35
82,113,73,35
28,104,73,35
101,107,73,35
56,106,73,35
36,29,73,35
103,49,73,35
82,113,73,35
101,107,73,35
56,106,73,35
36,29,73,35
103,49,73,35
82,113,73,35
101,107,73,35
56,106,73,35
36,29,73,35
82,113,73,35
101,107,73,35
56,106,73,35
36,29,73,35
88,125,73,35
82,113,73,35
101,107,73,35
56,106,73,35
36,29,73,35
88,125,73,35
82,113,73,35
88,104,73,35
101,107,73,35
56,106,73,35
36,29,73,35
82,113,73,35
1,71,73,35
101,107,73,35
56,106,73,35
81,75,73,35
45,83,73,35
36,29,73,35
82,113,73,35
23,26,73,35
101,107,73,35
56,106,73,35
36,29,73,35
82,113,73,35
101,107,73,35
56,106,73,35
36,29,73,35
82,113,73,35
23,26,73,35
88,104,73,35
101,107,73,35
56,106,73,35
36,29,73,35
82,113,73,35
23,26,73,35
66,110,73,35
101,107,73,35
56,106,73,35
36,29,73,35
82,113,73,35
23,26,73,35
88,104,73,35
66,110,73,35
56,106,73,35
45,83,73,35
36,29,73,35
103,49,73,35
82,113,73,35
23,26,73,35
88,104,73,35
66,110,73,35
56,106,73,35
36,29,73,35
103,49,73,35
82,113,73,35
88,104,73,35
66,110,73,35
56,106,73,35
36,29,73,35
88,125,73,35
82,113,73,35
88,104,73,35
66,110,73,35
56,106,73,35
36,29,73,35
82,113,73,35
88,104,73,35
66,110,73,35
101,107,73,35
56,106,73,35
45,83,73,35
36,29,73,35
82,113,73,35
88,104,73,35
101,107,73,35
56,106,73,35
36,29,73,35
82,113,73,35
88,104,73,35
66,110,73,35
101,107,73,35
56,106,73,35
81,75,73,35
36,29,73,35
103,49,73,35
82,113,73,35
56,106,73,35
81,75,73,35
36,29,73,35
88,125,73,35
103,49,73,35
82,113,73,35
56,106,73,35
81,75,73,35
45,83,73,35
36,29,73,35
88,125,73,35
82,113,73,35
56,106,73,35
36,29,73,35
88,125,73,35
82,113,73,35
88,104,73,35
56,106,73,35
45,83,73,35
36,29,73,35
88,125,73,35
103,49,73,35
82,113,73,35
23,26,73,35
88,104,73,35
56,106,73,35
36,29,73,35
103,49,73,35
82,113,73,35
23,26,73,35
88,104,73,35
56,106,73,35
36,29,73,35
88,125,73,35
82,113,73,35
88,104,73,35
56,106,73,35
36,29,73,35
82,113,73,35
88,104,73,35
66,110,73,35
67,63,73,35
56,106,73,35
36,29,73,35
82,113,73,35
88,104,73,35
101,107,73,35
56,106,73,35
36,29,73,35
88,125,73,35
82,113,73,35
16,55,73,35
88,104,73,35
56,106,73,35
36,29,73,35
82,113,73,35
56,106,73,35
36,29,73,35
103,49,73,35
82,113,73,35
66,110,73,35
56,106,73,35
45,83,73,35
36,29,73,35
82,113,73,35
56,106,73,35
36,29,73,35
82,113,73,35
56,106,73,35
36,29,73,35
82,113,73,35
56,106,73,35
36,29,73,35
82,113,73,35
56,106,73,35
36,29,73,35
103,49,73,35
82,113,73,35
1,71,73,35
66,110,73,35
56,106,73,35
36,29,73,35
103,49,73,35
82,113,73,35
23,26,73,35
66,110,73,35
56,106,73,35
36,29,73,35
82,113,73,35
66,110,73,35
56,106,73,35
36,29,73,35
82,113,73,35
23,26,73,35
56,106,73,35
45,83,73,35
36,29,73,35
103,49,73,35
82,113,73,35
23,26,73,35
56,106,73,35
36,29,73,35
82,113,73,35
66,110,73,35
56,106,73,35
45,83,73,35
36,29,73,35
88,125,73,35
56,106,73,35
36,29,73,35
103,49,73,35
56,106,73,35
36,29,73,35
88,125,73,35
82,113,73,35
56,106,73,35
45,83,73,35
36,29,73,35
66,110,73,35
56,106,73,35
36,29,73,35
15,62,73,35
66,110,73,35
56,106,73,35
45,83,73,35
36,29,73,35
82,113,73,35
66,110,73,35
56,106,73,35
36,29,73,35
88,125,73,35
82,113,73,35
66,110,73,35
56,106,73,35
36,29,73,35
103,49,73,35
82,113,73,35
56,106,73,35
36,29,73,35
82,113,73,35
88,104,73,35
56,106,73,35
45,83,73,35
36,29,73,35
88,125,73,35
82,113,73,35
56,106,73,35
45,83,73,35
36,29,73,35
88,125,73,35
82,113,73,35
88,104,73,35
56,106,73,35
36,29,73,35
82,113,73,35
23,26,73,35
56,106,73,35
36,29,73,35
82,113,73,35
56,106,73,35
36,29,73,35
88,125,73,35
82,113,73,35
88,104,73,35
56,106,73,35
36,29,73,35
88,125,73,35
82,113,73,35
88,104,73,35
56,106,73,35
45,83,73,35
36,29,73,35
88,125,73,35
82,113,73,35
88,104,73,35
56,106,73,35
45,83,73,35
36,29,73,35
82,113,73,35
88,104,73,35
66,110,73,35
56,106,73,35
45,83,73,35
36,29,73,35
82,113,73,35
56,106,73,35
45,83,73,35
36,29,73,35
82,113,73,35
56,106,73,35
45,83,73,35
36,29,73,35
82,113,73,35
57,4,73,35
88,104,73,35
66,110,73,35
56,106,73,35
36,29,73,35
82,113,73,35
66,110,73,35
56,106,73,35
36,29,73,35
82,113,73,35
66,110,73,35
67,63,73,35
56,106,73,35
45,83,73,35
36,29,73,35
88,125,73,35
82,113,73,35
23,26,73,35
67,63,73,35
56,106,73,35
36,29,73,35
82,113,73,35
56,106,73,35
45,83,73,35
36,29,73,35
82,113,73,35
88,104,73,35
66,110,73,35
56,106,73,35
45,83,73,35
36,29,73,35
82,113,73,35
88,104,73,35
66,110,73,35
56,106,73,35
45,83,73,35
36,29,73,35
82,113,73,35
56,106,73,35
36,29,73,35
82,113,73,35
56,106,73,35
45,83,73,35
36,29,73,35
82,113,73,35
66,110,73,35
56,106,73,35
36,29,73,35
82,113,73,35
56,106,73,35
45,83,73,35
36,29,73,35
88,125,73,35
82,113,73,35
60,96,73,35
56,106,73,35
45,83,73,35
36,29,73,35
88,125,73,35
82,113,73,35
56,106,73,35
36,29,73,35
88,125,73,35
82,113,73,35
56,106,73,35
45,83,73,35
36,29,73,35
88,125,73,35
82,113,73,35
56,106,73,35
36,29,73,35
82,113,73,35
56,106,73,35
36,29,73,35
82,113,73,35
9,20,73,35
56,106,73,35
36,29,73,35
88,125,73,35
82,113,73,35
8,115,73,35
56,106,73,35
36,29,73,35
88,125,73,35
82,113,73,35
9,20,73,35
56,106,73,35
36,29,73,35
8,61,73,35
88,125,73,35
82,113,73,35
41,21,73,35
60,42,73,35
73,22,73,35
23,26,73,35
13,42,73,35
56,106,73,35
36,29,73,35
82,113,73,35
41,21,73,35
73,22,73,35
23,26,73,35
9,20,73,35
56,106,73,35
36,29,73,35
8,61,73,35
82,113,73,35
41,21,73,35
60,42,73,35
73,22,73,35
23,26,73,35
86,13,73,35
65,72,73,35
56,106,73,35
36,29,73,35
8,61,73,35
82,113,73,35
8,5,73,35
56,106,73,35
36,29,73,35
60,13,73,35
8,61,73,35
82,113,73,35
23,26,73,35
60,8,73,35
56,106,73,35
36,29,73,35
82,113,73,35
41,5,73,35
56,106,73,35
36,29,73,35
60,13,73,35
82,113,73,35
23,26,73,35
56,106,73,35
45,83,73,35
36,29,73,35
60,13,73,35
85,42,73,35
82,113,73,35
85,22,73,35
122,73,73,35
56,106,73,35
36,29,73,35
85,42,73,35
82,113,73,35
85,22,73,35
122,73,73,35
56,106,73,35
36,29,73,35
82,113,73,35
65,22,73,35
85,22,73,35
56,106,73,35
81,75,73,35
36,29,73,35
82,113,73,35
56,106,73,35
81,75,73,35
36,29,73,35
82,113,73,35
66,110,74,36
56,106,74,36
81,75,74,36
36,29,74,36
88,125,74,36
82,113,74,36
56,106,74,36
81,75,74,36
36,29,74,36
82,113,74,36
56,106,74,36
36,29,74,36
88,125,74,36
82,113,74,36
56,106,74,36
36,29,74,36
88,125,74,36
82,113,74,36
56,106,74,36
36,29,74,36
88,125,74,36
82,113,74,36
23,26,74,36
101,107,74,36
56,106,74,36
36,29,74,36
88,125,74,36
82,113,74,36
56,106,74,36
36,29,74,36
88,125,74,36
82,113,74,36
66,110,74,36
101,107,74,36
56,106,74,36
45,83,74,36
36,29,74,36
88,125,74,36
82,113,74,36
23,26,74,36
56,106,74,36
36,29,74,36
88,125,74,36
82,113,74,36
101,107,74,36
56,106,74,36
45,83,74,36
36,29,74,36
88,125,74,36
82,113,74,36
15,110,74,36
56,106,74,36
82,113,74,36
56,106,74,36
36,29,74,36
82,113,74,36
101,107,74,36
56,106,74,36
82,113,74,36
15,110,74,36
56,106,74,36
36,29,74,36
82,113,74,36
15,110,74,36
56,106,74,36
36,29,74,36
88,125,74,36
82,113,74,36
15,110,74,36
56,106,74,36
88,125,74,36
82,113,74,36
56,106,74,36
36,29,74,36
88,125,74,36
82,113,74,36
15,110,74,36
56,106,74,36
45,83,74,36
36,29,74,36
82,113,74,36
66,110,74,36
56,106,74,36
82,113,74,36
56,106,74,36
36,29,74,36
88,125,74,36
82,113,74,36
56,106,74,36
36,29,74,36
88,125,74,36
82,113,74,36
56,106,74,36
81,75,74,36
36,29,74,36
60,13,74,36
82,113,74,36
15,110,74,36
56,106,74,36
36,29,74,36
60,13,74,36
82,113,74,36
56,106,74,36
36,29,74,36
82,113,74,36
56,106,74,36
36,29,74,36
82,113,74,36
56,106,74,36
36,29,74,36
82,113,74,36
56,106,74,36
36,29,74,36
82,113,74,36
56,106,74,36
81,75,74,36
36,29,74,36
88,125,74,36
82,113,74,36
122,73,74,36
56,106,74,36
81,75,74,36
36,29,74,36
88,125,74,36
82,113,74,36
65,22,74,36
101,107,74,36
122,73,74,36
56,106,74,36
36,29,74,36
82,113,74,36
20,5,74,36
65,22,74,36
15,110,74,36
56,106,74,36
88,125,74,36
82,113,74,36
23,26,74,36
65,22,74,36
15,110,74,36
56,106,74,36
36,29,74,36
82,113,74,36
23,26,74,36
65,22,74,36
56,106,74,36
36,29,74,36
82,113,74,36
56,106,74,36
36,29,74,36
82,113,74,36
65,22,74,36
15,110,74,36
122,73,74,36
56,106,74,36
36,29,74,36
82,113,74,36
65,22,74,36
122,73,74,36
56,106,74,36
45,83,74,36
36,29,74,36
82,113,74,36
40,69,74,36
15,110,74,36
56,106,74,36
45,83,74,36
36,29,74,36
82,113,74,36
15,110,74,36
56,106,74,36
82,113,74,36
56,106,74,36
45,83,74,36
36,29,74,36
82,113,74,36
56,106,74,36
88,125,74,36
82,113,74,36
56,106,74,36
88,125,74,36
82,113,74,36
101,107,74,36
56,106,74,36
45,83,74,36
82,113,74,36
56,106,74,36
82,113,74,36
56,106,74,36
82,113,74,36
56,106,74,36
36,29,74,36
82,113,74,36
65,22,74,36
56,106,74,36
36,29,74,36
88,125,74,36
82,113,74,36
56,106,74,36
88,125,74,36
82,113,74,36
56,106,74,36
45,83,74,36
82,113,74,36
65,22,74,36
56,106,74,36
45,83,74,36
91,96,74,36
82,113,74,36
65,22,74,36
56,106,74,36
36,29,74,36
88,125,74,36
82,113,74,36
56,106,74,36
82,113,74,36
56,106,74,36
91,96,74,36
88,125,74,36
82,113,74,36
101,107,74,36
56,106,74,36
82,113,74,36
23,26,74,36
101,107,74,36
56,106,74,36
91,96,74,36
82,113,74,36
1,71,74,36
101,107,74,36
56,106,74,36
88,125,74,36
82,113,74,36
101,107,74,36
56,106,74,36
91,96,74,36
82,113,74,36
94,54,74,36
56,106,74,36
82,113,74,36
101,107,74,36
56,106,74,36
82,113,74,36
56,106,74,36
82,113,74,36
101,107,74,36
56,106,74,36
45,83,74,36
82,113,74,36
56,106,74,36
45,83,74,36
82,113,74,36
56,106,74,36
88,125,74,36
82,113,74,36
56,106,74,36
88,125,74,36
82,113,74,36
23,26,74,36
56,106,74,36
36,29,74,36
88,125,74,36
82,113,74,36
56,106,74,36
45,83,74,36
91,96,74,36
82,113,74,36
56,106,74,36
15,62,74,36
82,113,74,36
40,69,74,36
56,106,74,36
91,96,74,36
82,113,74,36
40,69,74,36
56,106,74,36
15,62,74,36
82,113,74,36
40,69,74,36
56,106,74,36
36,29,74,36
15,62,74,36
82,113,74,36
40,69,74,36
101,107,74,36
122,73,74,36
56,106,74,36
45,83,74,36
15,62,74,36
82,113,74,36
40,69,74,36
122,73,74,36
56,106,74,36
82,113,74,36
40,69,74,36
20,5,74,36
101,107,74,36
56,106,74,36
36,29,74,36
82,113,74,36
40,69,74,36
65,22,74,36
122,73,74,36
56,106,74,36
36,29,74,36
82,113,74,36
40,69,74,36
65,22,74,36
122,73,74,36
56,106,74,36
82,113,74,36
40,69,74,36
65,22,74,36
101,107,74,36
122,73,74,36
56,106,74,36
82,113,74,36
40,69,74,36
101,107,74,36
56,106,74,36
82,113,74,36
40,69,74,36
101,107,74,36
56,106,74,36
82,113,74,36
40,69,74,36
65,22,74,36
101,107,74,36
56,106,74,36
82,113,74,36
40,69,74,36
65,22,74,36
56,106,74,36
82,113,74,36
40,69,74,36
65,22,74,36
56,106,74,36
82,113,74,36
40,69,74,36
36,37,74,36
65,22,74,36
85,22,74,36
37,29,74,36
101,107,74,36
56,106,74,36
82,113,74,36
40,69,74,36
36,37,74,36
65,22,74,36
37,29,74,36
101,107,74,36
56,106,74,36
88,125,74,36
82,113,74,36
40,69,74,36
53,14,74,36
36,37,74,36
37,29,74,36
101,107,74,36
56,106,74,36
81,75,74,36
88,125,74,36
82,113,74,36
40,69,74,36
53,14,74,36
36,37,74,36
65,22,74,36
37,29,74,36
101,107,74,36
122,73,74,36
56,106,74,36
81,75,74,36
88,125,74,36
82,113,74,36
40,69,74,36
53,14,74,36
36,37,74,36
65,22,74,36
37,29,74,36
101,107,74,36
56,106,74,36
81,75,74,36
88,125,74,36
82,113,74,36
40,69,74,36
36,37,74,36
37,29,74,36
101,107,74,36
104,108,74,36
56,106,74,36
82,113,74,36
40,69,74,36
36,37,74,36
30,83,74,36
37,29,74,36
56,106,74,36
82,113,74,36
40,69,74,36
36,37,74,36
30,83,74,36
37,29,74,36
30,45,74,36
56,106,74,36
82,113,74,36
40,69,74,36
36,37,74,36
37,29,74,36
30,45,74,36
101,107,74,36
30,4,74,36
56,106,74,36
36,29,74,36
82,113,74,36
40,69,74,36
20,5,74,36
30,83,74,36
37,29,74,36
30,45,74,36
101,107,74,36
56,106,74,36
82,113,74,36
40,69,74,36
20,5,74,36
36,37,74,36
37,29,74,36
30,45,74,36
56,106,74,36
81,75,74,36
82,113,74,36
40,69,74,36
20,5,74,36
36,37,74,36
37,29,74,36
30,45,74,36
56,106,74,36
81,75,74,36
82,113,74,36
40,69,74,36
36,37,74,36
37,29,74,36
56,106,74,36
81,75,74,36
82,113,74,36
40,69,74,36
36,37,74,36
37,29,74,36
104,108,74,36
30,4,74,36
56,106,74,36
81,75,74,36
45,83,74,36
82,113,74,36
40,69,74,36
36,37,74,36
37,29,74,36
101,107,74,36
56,106,74,36
81,75,74,36
82,113,74,36
40,69,74,36
20,5,74,36
23,26,74,36
36,37,74,36
37,29,74,36
56,106,74,36
82,113,74,36
40,69,74,36
23,26,74,36
36,37,74,36
37,29,74,36
101,107,74,36
56,106,74,36
81,75,74,36
82,113,74,36
40,69,74,36
36,37,74,36
37,29,74,36
101,107,74,36
56,106,74,36
81,75,74,36
88,125,74,36
82,113,74,36
40,69,74,36
23,26,74,36
36,37,74,36
30,83,74,36
37,29,74,36
101,107,74,36
30,4,74,36
56,106,74,36
81,75,74,36
36,29,74,36
82,113,74,36
40,69,74,36
36,37,74,36
37,29,74,36
30,45,74,36
56,106,74,36
81,75,74,36
36,29,74,36
82,113,74,36
40,69,74,36
20,5,74,36
36,37,74,36
88,104,74,36
37,29,74,36
101,107,74,36
56,106,74,36
81,75,74,36
36,29,74,36
88,125,74,36
82,113,74,36
40,69,74,36
23,26,74,36
36,37,74,36
37,29,74,36
101,107,74,36
56,106,74,36
81,75,74,36
36,29,74,36
82,113,74,36
40,69,74,36
36,37,74,36
37,29,74,36
56,106,74,36
36,29,74,36
82,113,74,36
40,69,74,36
36,37,74,36
37,29,74,36
101,107,74,36
56,106,74,36
81,75,74,36
36,29,74,36
82,113,74,36
40,69,74,36
36,37,74,36
37,29,74,36
56,106,74,36
81,75,74,36
36,29,74,36
82,113,74,36
40,69,74,36
20,5,74,36
36,37,74,36
37,29,74,36
104,108,74,36
56,106,74,36
36,29,74,36
82,113,74,36
40,69,74,36
36,37,74,36
37,29,74,36
101,107,74,36
56,106,74,36
36,29,74,36
82,113,74,36
40,69,74,36
36,37,74,36
37,29,74,36
30,45,74,36
101,107,74,36
56,106,74,36
36,29,74,36
82,113,74,36
40,69,74,36
36,37,74,36
37,29,74,36
30,45,74,36
56,106,74,36
36,29,74,36
82,113,74,36
40,69,74,36
36,37,74,36
37,29,74,36
56,106,74,36
36,29,74,36
82,113,74,36
40,69,74,36
70,3,74,36
37,29,74,36
56,106,74,36
36,29,74,36
82,113,74,36
40,69,74,36
70,3,74,36
37,29,74,36
56,106,74,36
36,29,74,36
82,113,74,36
40,69,74,36
70,3,74,36
37,29,74,36
56,106,74,36
36,29,74,36
82,113,74,36
40,69,74,36
70,3,74,36
37,29,74,36
30,45,74,36
56,106,74,36
81,75,74,36
36,29,74,36
82,113,74,36
40,69,74,36
65,22,74,36
70,3,74,36
37,29,74,36
101,107,74,36
56,106,74,36
81,75,74,36
91,96,74,36
36,29,74,36
82,113,74,36
40,69,74,36
70,3,74,36
37,29,74,36
56,106,74,36
60,54,74,36
36,29,74,36
82,113,74,36
40,69,74,36
37,29,74,36
101,107,74,36
56,106,74,36
91,96,74,36
60,54,74,36
36,29,74,36
82,113,74,36
40,69,74,36
37,29,74,36
101,107,74,36
30,4,74,36
56,106,74,36
91,96,74,36
36,29,74,36
82,113,74,36
40,69,74,36
20,5,74,36
65,22,74,36
37,29,74,36
101,107,74,36
122,73,74,36
56,106,74,36
36,29,74,36
82,113,74,36
37,29,74,36
101,107,74,36
56,106,74,36
36,29,74,36
82,113,74,36
40,69,74,36
37,29,75,37
56,106,75,37
36,29,75,37
82,113,75,37
40,69,75,37
37,29,75,37
101,107,75,37
56,106,75,37
36,29,75,37
82,113,75,37
40,69,75,37
37,29,75,37
101,107,75,37
56,106,75,37
36,29,75,37
88,125,75,37
82,113,75,37
40,69,75,37
37,29,75,37
101,107,75,37
56,106,75,37
36,29,75,37
82,113,75,37
40,69,75,37
37,29,75,37
101,107,75,37
56,106,75,37
36,29,75,37
88,125,75,37
82,113,75,37
40,69,75,37
23,26,75,37
37,29,75,37
101,107,75,37
56,106,75,37
36,29,75,37
82,113,75,37
40,69,75,37
23,26,75,37
88,104,75,37
37,29,75,37
101,107,75,37
56,106,75,37
36,29,75,37
82,113,75,37
40,69,75,37
37,29,75,37
101,107,75,37
56,106,75,37
36,29,75,37
82,113,75,37
40,69,75,37
1,71,75,37
88,104,75,37
37,29,75,37
56,106,75,37
36,29,75,37
82,113,75,37
40,69,75,37
53,14,75,37
88,104,75,37
37,29,75,37
56,106,75,37
36,29,75,37
88,125,75,37
82,113,75,37
40,69,75,37
37,29,75,37
56,106,75,37
36,29,75,37
82,113,75,37
40,69,75,37
88,104,75,37
37,29,75,37
66,110,75,37
56,106,75,37
36,29,75,37
82,113,75,37
40,69,75,37
20,5,75,37
36,37,75,37
88,104,75,37
37,29,75,37
66,110,75,37
56,106,75,37
36,29,75,37
88,125,75,37
82,113,75,37
40,69,75,37
23,26,75,37
36,37,75,37
65,22,75,37
37,29,75,37
66,110,75,37
56,106,75,37
36,29,75,37
82,113,75,37
40,69,75,37
23,26,75,37
36,37,75,37
65,22,75,37
37,29,75,37
66,110,75,37
56,106,75,37
36,29,75,37
82,113,75,37
40,69,75,37
23,26,75,37
36,37,75,37
37,29,75,37
66,110,75,37
56,106,75,37
36,29,75,37
82,113,75,37
40,69,75,37
36,37,75,37
88,104,75,37
37,29,75,37
66,110,75,37
56,106,75,37
36,29,75,37
88,125,75,37
82,113,75,37
40,69,75,37
36,37,75,37
37,29,75,37
66,110,75,37
56,106,75,37
36,29,75,37
82,113,75,37
40,69,75,37
36,37,75,37
65,22,75,37
37,29,75,37
66,110,75,37
56,106,75,37
81,75,75,37
36,29,75,37
82,113,75,37
40,69,75,37
36,37,75,37
65,22,75,37
37,29,75,37
66,110,75,37
56,106,75,37
36,29,75,37
82,113,75,37
40,69,75,37
36,37,75,37
65,22,75,37
88,104,75,37
37,29,75,37
66,110,75,37
56,106,75,37
45,83,75,37
36,29,75,37
82,113,75,37
40,69,75,37
36,37,75,37
65,22,75,37
88,104,75,37
37,29,75,37
66,110,75,37
56,106,75,37
36,29,75,37
82,113,75,37
40,69,75,37
36,37,75,37
70,3,75,37
88,104,75,37
37,29,75,37
66,110,75,37
30,45,75,37
56,106,75,37
36,29,75,37
82,113,75,37
40,69,75,37
36,37,75,37
70,3,75,37
88,104,75,37
37,29,75,37
66,110,75,37
56,106,75,37
36,29,75,37
82,113,75,37
40,69,75,37
36,37,75,37
70,3,75,37
88,104,75,37
37,29,75,37
66,110,75,37
30,45,75,37
56,106,75,37
45,83,75,37
36,29,75,37
82,113,75,37
40,69,75,37
36,37,75,37
37,29,75,37
66,110,75,37
30,45,75,37
56,106,75,37
45,83,75,37
36,29,75,37
82,113,75,37
40,69,75,37
36,37,75,37
88,104,75,37
37,29,75,37
66,110,75,37
30,45,75,37
56,106,75,37
36,29,75,37
88,125,75,37
82,113,75,37
40,69,75,37
36,37,75,37
88,104,75,37
37,29,75,37
66,110,75,37
56,106,75,37
36,29,75,37
88,125,75,37
82,113,75,37
40,69,75,37
36,37,75,37
88,104,75,37
37,29,75,37
66,110,75,37
56,106,75,37
81,75,75,37
36,29,75,37
88,125,75,37
82,113,75,37
40,69,75,37
36,37,75,37
37,29,75,37
66,110,75,37
56,106,75,37
81,75,75,37
45,83,75,37
36,29,75,37
82,113,75,37
40,69,75,37
20,5,75,37
36,37,75,37
37,29,75,37
66,110,75,37
56,106,75,37
81,75,75,37
45,83,75,37
36,29,75,37
82,113,75,37
53,14,75,37
20,5,75,37
36,37,75,37
88,104,75,37
37,29,75,37
66,110,75,37
56,106,75,37
81,75,75,37
36,29,75,37
82,113,75,37
40,69,75,37
23,26,75,37
36,37,75,37
88,104,75,37
37,29,75,37
66,110,75,37
30,45,75,37
56,106,75,37
36,29,75,37
60,13,75,37
82,113,75,37
40,69,75,37
53,14,75,37
23,26,75,37
36,37,75,37
42,22,75,37
37,29,75,37
66,110,75,37
56,106,75,37
36,29,75,37
82,113,75,37
40,69,75,37
36,37,75,37
60,14,75,37
88,104,75,37
37,29,75,37
66,110,75,37
20,13,75,37
56,106,75,37
36,29,75,37
13,65,75,37
82,113,75,37
40,69,75,37
36,37,75,37
37,29,75,37
66,110,75,37
60,20,75,37
56,106,75,37
36,29,75,37
82,113,75,37
40,69,75,37
8,20,75,37
36,37,75,37
88,104,75,37
37,29,75,37
66,110,75,37
60,20,75,37
56,106,75,37
81,75,75,37
36,29,75,37
88,125,75,37
82,113,75,37
40,69,75,37
8,20,75,37
14,41,75,37
23,26,75,37
36,37,75,37
88,104,75,37
37,29,75,37
66,110,75,37
56,106,75,37
36,29,75,37
88,125,75,37
82,113,75,37
40,69,75,37
26,27,75,37
36,37,75,37
23,27,75,37
37,29,75,37
66,110,75,37
56,106,75,37
120,108,75,37
36,29,75,37
88,125,75,37
15,62,75,37
82,113,75,37
40,69,75,37
20,5,75,37
23,27,75,37
67,108,75,37
103,106,75,37
66,110,75,37
120,108,75,37
36,29,75,37
88,125,75,37
15,62,75,37
82,113,75,37
40,69,75,37
67,108,75,37
60,74,75,37
66,110,75,37
27,62,75,37
81,75,75,37
36,29,75,37
115,61,75,37
82,113,75,37
40,69,75,37
26,15,75,37
67,108,75,37
3,79,75,37
103,48,75,37
66,110,75,37
81,75,75,37
88,125,75,37
27,67,75,37
63,108,75,37
82,113,75,37
40,69,75,37
23,120,75,37
60,61,75,37
104,63,75,37
67,108,75,37
81,23,75,37
66,110,75,37
88,125,75,37
103,49,75,37
27,67,75,37
82,113,75,37
40,69,75,37
23,120,75,37
27,37,75,37
19,20,75,37
60,61,75,37
67,108,75,37
104,29,75,37
3,79,75,37
62,108,75,37
67,62,75,37
66,110,75,37
56,104,75,37
45,83,75,37
106,50,75,37
63,108,75,37
82,113,75,37
40,69,75,37
33,78,75,37
37,108,75,37
75,110,75,37
60,61,75,37
56,88,75,37
106,15,75,37
3,79,75,37
67,62,75,37
56,23,75,37
66,110,75,37
45,83,75,37
15,50,75,37
88,125,75,37
103,49,75,37
106,50,75,37
63,108,75,37
82,113,75,37
49,104,75,37
37,108,75,37
75,110,75,37
60,61,75,37
106,15,75,37
33,17,75,37
28,56,75,37
67,62,75,37
81,26,75,37
37,63,75,37
88,125,75,37
115,61,75,37
25,27,75,37
106,50,75,37
63,108,75,37
82,113,75,37
33,78,75,37
37,108,75,37
60,61,75,37
106,15,75,37
1,71,75,37
79,107,75,37
66,110,75,37
101,107,75,37
94,2,75,37
37,63,75,37
75,66,75,37
106,50,75,37
63,108,75,37
82,113,75,37
33,78,75,37
23,120,75,37
37,108,75,37
67,37,75,37
75,110,75,37
67,108,75,37
93,94,75,37
79,107,75,37
66,110,75,37
81,26,75,37
67,63,75,37
30,4,75,37
37,63,75,37
88,125,75,37
75,66,75,37
106,62,75,37
25,27,75,37
106,50,75,37
63,108,75,37
82,113,75,37
37,108,75,37
67,37,75,37
75,110,75,37
106,15,75,37
67,108,75,37
28,104,75,37
79,107,75,37
94,107,75,37
66,110,75,37
81,26,75,37
23,49,75,37
37,63,75,37
107,2,75,37
24,27,75,37
103,49,75,37
75,66,75,37
106,50,75,37
63,108,75,37
82,113,75,37
79,2,75,37
11,107,75,37
37,108,75,37
67,37,75,37
13,4,75,37
106,15,75,37
57,4,75,37
24,62,75,37
90,95,75,37
67,108,75,37
51,11,75,37
79,107,75,37
94,107,75,37
66,110,75,37
58,50,75,37
24,50,75,37
13,57,75,37
90,55,75,37
107,2,75,37
103,49,75,37
106,62,75,37
82,13,75,37
25,27,75,37
106,50,75,37
63,108,75,37
82,113,75,37
11,107,75,37
37,108,75,37
67,37,75,37
30,11,75,37
40,57,75,37
60,61,75,37
42,22,75,37
106,15,75,37
28,104,75,37
82,51,75,37
66,110,75,37
81,26,75,37
24,50,75,37
106,24,75,37
15,50,75,37
90,20,75,37
25,27,75,37
106,50,75,37
104,37,75,37
63,108,75,37
79,2,75,37
81,19,75,37
11,13,75,37
23,120,75,37
26,19,75,37
67,37,75,37
75,110,75,37
48,58,75,37
30,11,75,37
40,57,75,37
106,15,75,37
25,58,75,37
54,44,75,37
106,66,75,37
81,26,75,37
24,50,75,37
104,67,75,37
106,24,75,37
15,50,75,37
90,20,75,37
25,27,75,37
106,50,75,37
104,37,75,37
24,15,75,37
63,108,75,37
79,2,75,37
30,13,75,37
11,13,75,37
28,49,75,37
67,37,75,37
16,55,75,37
30,11,75,37
40,57,75,37
62,8,75,37
57,4,75,37
25,58,75,37
111,40,75,37
54,44,75,37
8,42,75,37
16,30,75,37
79,107,75,37
1,42,75,37
1,8,75,37
106,66,75,37
44,107,75,37
81,26,75,37
24,50,75,37
45,68,75,37
16,31,75,37
104,67,75,37
15,50,75,37
90,20,75,37
25,27,75,37
106,50,75,37
24,15,75,37
63,108,75,37
82,40,75,37
79,2,75,37
26,19,75,37
28,49,75,37
94,54,75,37
60,61,75,37
57,4,75,37
25,58,75,37
28,67,75,37
51,45,75,37
55,11,75,37
106,66,75,37
24,50,75,37
16,31,75,37
11,40,75,37
45,57,75,37
15,50,75,37
25,27,75,37
24,15,75,37
63,108,75,37
54,78,75,37
79,2,75,37
23,120,75,37
44,99,75,37
28,49,75,37
94,54,75,37
26,37,75,37
54,45,75,37
28,67,75,37
55,11,75,37
106,66,75,37
81,26,75,37
24,50,75,37
15,50,75,37
90,20,75,37
63,108,75,37
79,2,75,37
30,13,75,37
23,120,75,37
26,19,75,37
44,99,75,37
45,4,75,37
58,27,75,37
26,37,75,37
54,57,75,37
75,37,75,37
55,11,75,37
106,66,75,37
81,26,75,37
24,50,75,37
15,50,75,37
90,20,75,37
24,15,75,37
63,108,75,37
79,2,75,37
82,111,75,37
75,67,75,37
23,120,75,37
26,19,75,37
44,99,75,37
67,37,75,37
109,44,75,37
94,44,75,37
81,40,75,37
54,45,75,37
75,37,75,37
55,11,75,37
106,66,75,37
81,26,75,37
24,50,75,37
17,78,75,37
26,40,75,37
106,110,75,37
15,50,75,37
24,15,75,37
63,108,75,37
24,75,75,37
82,111,75,37
23,120,75,37
26,19,75,37
67,37,75,37
58,27,75,37
54,4,75,37
109,44,75,37
94,44,75,37
111,44,75,37
81,40,75,37
25,58,75,37
75,40,75,37
55,11,75,37
106,66,75,37
81,26,75,37
16,31,75,37
95,3,75,37
75,19,75,37
26,40,75,37
88,125,75,37
25,27,75,37
24,15,75,37
63,108,75,37
24,75,75,37
30,13,75,37
26,19,75,37
67,37,75,37
48,58,75,37
67,110,75,37
58,27,75,37
54,4,75,37
19,40,75,37
30,11,75,37
94,44,75,37
81,40,75,37
11,45,75,37
94,109,75,37
11,124,75,37
54,11,75,37
106,66,75,37
81,26,75,37
24,50,75,37
95,3,75,37
26,40,75,37
88,125,75,37
68,4,75,37
24,15,75,37
63,108,75,37
82,111,75,37
67,37,75,37
67,110,75,37
58,27,75,37
36,108,75,37
24,23,75,37
63,64,75,37
81,40,75,37
25,58,75,37
75,40,75,37
94,109,75,37
54,11,75,37
106,66,75,37
81,26,75,37
36,64,75,37
26,40,75,37
20,13,75,37
64,108,75,37
11,68,75,37
90,20,75,37
88,125,75,37
25,27,75,37
24,15,75,37
63,108,75,37
82,111,75,37
26,19,75,37
67,37,75,37
90,13,75,37
11,80,75,37
58,27,75,37
19,40,75,37
36,108,75,37
24,23,75,37
63,64,75,37
81,40,75,37
25,58,75,37
67,108,75,37
75,40,75,37
48,25,75,37
54,57,75,37
36,63,75,37
66,110,75,37
23,40,75,37
36,64,75,37
67,64,75,37
26,40,75,37
64,108,75,37
107,2,75,37
106,33,75,37
81,75,75,37
90,20,75,37
88,125,75,37
115,61,75,37
25,27,75,37
63,108,75,37
82,111,75,37
11,4,75,37
26,19,75,37
37,108,75,37
67,37,75,37
58,27,75,37
23,26,75,37
19,40,75,37
36,108,75,37
24,23,75,37
57,4,75,37
25,58,75,37
106,45,75,37
54,57,75,37
94,111,75,37
36,63,75,37
36,67,75,37
66,110,75,37
23,40,75,37
26,40,75,37
64,108,75,37
81,75,75,37
75,6,75,37
15,50,75,37
90,20,75,37
88,125,75,37
25,27,75,37
26,19,75,37
67,37,75,37
58,27,75,37
23,26,75,37
19,40,75,37
32,42,75,37
67,108,75,37
94,109,75,37
94,111,75,37
24,64,75,37
36,67,75,37
3,11,75,37
75,33,75,37
37,6,75,37
23,40,75,37
67,63,75,37
95,11,75,37
26,40,75,37
64,108,75,37
50,51,75,37
81,75,75,37
33,6,75,37
75,6,75,37
106,110,75,37
15,50,75,37
90,20,75,37
88,125,75,37
81,6,75,37
63,108,75,37
26,19,75,37
81,33,75,37
95,107,75,37
58,27,75,37
19,40,75,37
24,66,75,37
23,37,75,37
32,42,75,37
67,108,75,37
48,25,75,37
94,109,75,37
54,107,75,37
75,37,75,37
75,33,75,37
66,110,75,37
23,40,75,37
67,63,75,37
26,40,75,37
50,51,75,37
81,75,75,37
15,50,75,37
88,125,75,37
85,42,75,37
37,33,75,37
63,108,75,37
81,33,75,37
58,27,75,37
23,26,75,37
11,12,75,37
30,31,75,37
67,108,75,37
54,57,75,37
75,37,75,37
75,33,75,37
66,110,75,37
44,4,75,37
107,4,75,37
11,78,75,37
67,63,75,37
26,40,75,37
81,75,75,37
15,50,75,37
25,27,75,37
37,33,75,37
63,108,75,37
26,19,75,37
81,33,75,37
58,27,75,37
23,26,75,37
104,63,75,37
67,108,75,37
15,51,75,37
94,109,75,37
75,37,75,37
111,11,75,37
75,33,75,37
66,110,75,37
67,63,75,37
26,40,75,37
20,13,75,37
50,51,75,37
81,75,75,37
75,6,75,37
15,50,75,37
94,99,75,37
85,42,75,37
37,33,75,37
63,108,75,37
11,4,75,37
26,19,75,37
58,27,75,37
3,78,75,37
23,26,75,37
104,63,75,37
15,51,75,37
94,109,75,37
75,37,75,37
3,11,75,37
66,110,75,37
104,108,75,37
67,63,75,37
26,40,75,37
104,67,75,37
81,75,75,37
75,6,75,37
15,50,75,37
90,20,75,37
88,125,75,37
81,6,75,37
94,99,75,37
37,33,75,37
11,4,75,37
26,19,75,37
20,5,75,37
106,54,75,37
23,26,75,37
104,63,75,37
67,108,75,37
15,51,75,37
94,109,75,37
3,11,75,37
23,40,75,37
104,108,75,37
67,63,75,37
16,31,75,37
26,40,75,37
104,67,75,37
50,51,75,37
33,6,75,37
75,6,75,37
15,50,75,37
81,6,75,37
23,19,75,37
37,33,75,37
63,108,75,37
79,2,75,37
26,19,75,37
106,54,75,37
23,26,75,37
26,37,75,37
23,37,75,37
25,58,75,37
104,63,75,37
67,108,75,37
20,22,75,37
15,51,75,37
94,109,75,37
3,11,75,37
37,6,75,37
104,108,75,37
67,63,75,37
16,31,75,37
26,40,75,37
104,67,75,37
50,51,75,37
33,6,75,37
75,6,75,37
15,50,75,37
81,6,75,37
94,99,75,37
23,19,75,37
37,33,75,37
63,108,75,37
26,19,75,37
106,54,75,37
58,27,75,37
23,26,75,37
25,58,75,37
104,63,75,37
67,108,75,37
20,22,75,37
33,83,75,37
15,51,75,37
111,11,75,37
36,63,75,37
36,67,75,37
3,11,75,37
75,33,75,37
66,110,75,37
104,108,75,37
67,63,75,37
16,31,75,37
26,40,75,37
104,67,75,37
50,51,75,37
33,6,75,37
15,50,75,37
88,125,75,37
25,27,75,37
94,99,75,37
23,19,75,37
85,42,75,37
63,108,75,37
26,19,75,37
88,54,75,37
106,54,75,37
75,83,75,37
23,26,75,37
36,108,75,37
54,45,75,37
25,58,75,37
104,63,75,37
90,95,75,37
20,22,75,37
15,51,75,37
94,109,75,37
36,63,75,37
36,104,75,37
3,11,75,37
75,33,75,37
66,110,75,37
104,108,75,37
26,40,75,37
88,6,75,37
50,51,75,37
15,50,75,37
88,125,75,37
11,69,75,37
25,27,75,37
94,99,75,37
23,19,75,37
69,6,75,37
63,108,75,37
26,19,75,37
81,33,75,37
106,54,75,37
58,27,75,37
23,26,75,37
36,108,75,37
51,44,75,37
25,58,75,37
20,22,75,37
15,51,75,37
94,111,75,37
15,44,75,37
3,11,75,37
75,33,75,37
66,110,75,37
111,99,75,37
50,51,75,37
106,68,75,37
15,50,75,37
88,125,75,37
50,44,75,37
94,99,75,37
23,19,75,37
69,6,75,37
26,19,75,37
106,54,75,37
58,27,75,37
23,26,75,37
25,58,75,37
104,63,75,37
15,51,75,37
3,11,75,37
15,9,75,37
66,110,75,37
104,108,75,37
111,99,75,37
50,51,75,37
82,69,75,37
81,75,75,37
69,6,75,37
3,6,75,37
63,108,75,37
26,19,75,37
81,33,75,37
11,6,75,37
106,54,75,37
58,27,75,37
23,26,75,37
25,58,75,37
104,63,75,37
20,22,75,37
15,51,75,37
3,11,75,37
66,110,75,37
104,108,75,37
111,99,75,37
26,40,75,37
51,9,75,37
50,51,75,37
106,110,75,37
25,27,75,37
94,99,75,37
63,108,75,37
26,19,75,37
81,33,75,37
37,108,75,37
11,6,75,37
54,110,75,37
48,58,75,37
106,54,75,37
58,27,75,37
23,26,75,37
51,44,75,37
99,69,75,37
25,58,75,37
104,63,75,37
15,51,75,37
9,44,75,37
15,44,75,37
15,9,75,37
66,110,75,37
104,108,75,37
111,99,75,37
111,69,75,37
37,63,75,37
51,9,75,37
50,51,75,37
81,75,75,37
50,9,75,37
15,50,75,37
94,99,75,37
63,108,75,37
26,19,75,37
37,108,75,37
11,6,75,37
54,110,75,37
106,54,75,37
58,27,75,37
23,26,75,37
77,13,75,37
1,101,75,37
104,63,75,37
55,44,75,37
20,22,75,37
15,51,75,37
75,40,75,37
111,11,75,37
15,44,75,37
75,33,75,37
15,9,75,37
106,66,75,37
104,108,75,37
77,69,75,37
26,40,75,37
37,63,75,37
50,51,75,37
15,50,75,37
51,55,75,37
50,44,75,37
104,37,75,37
63,108,75,37
37,108,75,37
11,6,75,37
106,54,75,37
58,27,75,37
23,26,75,37
77,13,75,37
25,58,75,37
104,63,75,37
20,22,75,37
15,51,75,37
75,40,75,37
56,110,75,37
106,66,75,37
23,40,75,37
104,108,75,37
77,69,75,37
26,40,75,37
37,63,75,37
50,51,75,37
81,75,75,37
63,108,75,37
13,6,75,37
37,108,75,37
11,6,75,37
58,27,75,37
23,26,75,37
67,4,75,37
65,22,75,37
104,63,75,37
20,22,75,37
15,51,75,37
91,65,75,37
106,66,75,37
26,40,75,37
37,63,75,37
50,51,75,37
88,125,75,37
27,110,75,37
1,44,75,37
63,108,75,37
37,108,75,37
11,6,75,37
23,26,75,37
67,4,75,37
95,69,75,37
3,69,75,37
15,51,75,37
95,79,75,37
106,66,75,37
85,13,75,37
77,69,75,37
37,63,75,37
80,47,75,37
50,51,75,37
62,51,75,37
15,50,75,37
88,125,75,37
27,110,75,37
63,108,75,37
95,77,75,37
50,62,75,37
37,108,75,37
16,44,75,37
11,6,75,37
58,27,75,37
23,26,75,37
28,104,75,37
3,69,75,37
106,66,75,37
37,63,75,37
80,47,75,37
81,75,75,37
67,57,75,37
15,62,75,37
27,110,75,37
63,108,75,37
26,19,75,37
50,62,75,37
37,108,75,37
16,44,75,37
11,6,75,37
23,26,75,37
60,91,75,37
77,47,75,37
5,6,75,37
11,59,75,37
67,108,75,37
20,22,75,37
3,69,75,37
106,66,75,37
95,47,75,37
67,63,75,37
95,11,75,37
37,63,75,37
81,75,75,37
15,62,75,37
27,110,75,37
77,11,75,37
27,67,75,37
63,108,75,37
43,80,75,37
95,77,75,37
50,62,75,37
37,108,75,37
67,37,75,37
23,26,75,37
95,69,75,37
67,108,75,37
20,22,75,37
3,69,75,37
14,42,75,37
3,11,75,37
11,2,75,37
106,66,75,37
67,63,75,37
95,11,75,37
85,73,75,37
37,63,75,37
81,75,75,37
15,50,75,37
88,125,75,37
15,62,75,37
27,110,75,37
11,69,75,37
25,27,75,37
63,108,75,37
37,108,75,37
37,108,75,37
20,5,75,37
67,37,75,37
13,115,75,37
23,26,75,37
14,115,75,37
95,69,75,37
67,108,75,37
14,6,75,37
3,69,75,37
85,61,75,37
106,66,75,37
67,63,75,37
95,11,75,37
37,63,75,37
81,75,75,37
25,110,75,37
15,50,75,37
88,125,75,37
15,62,75,37
27,110,75,37
11,69,75,37
63,108,75,37
26,19,75,37
50,62,75,37
37,108,75,37
67,37,75,37
13,115,75,37
23,26,75,37
67,108,75,37
3,69,75,37
85,61,75,37
88,104,75,37
106,66,75,37
62,16,75,37
81,26,75,37
67,63,75,37
85,73,75,37
37,63,75,37
60,13,75,37
15,50,75,37
88,125,75,37
15,62,75,37
27,110,75,37
11,69,75,37
23,19,75,37
63,108,75,37
63,108,75,37
13,6,75,37
53,14,75,37
26,19,75,37
50,62,75,37
37,108,75,37
67,37,75,37
23,26,75,37
104,125,75,37
15,16,75,37
67,108,75,37
15,43,75,37
50,16,75,37
106,66,75,37
62,16,75,37
81,26,75,37
67,63,75,37
26,104,75,37
26,75,75,37
81,75,75,37
60,13,75,37
15,50,75,37
88,125,75,37
15,62,75,37
62,43,75,37
27,110,75,37
11,69,75,37
63,108,75,37
81,104,75,37
67,37,75,37
106,75,75,37
15,43,75,37
26,110,75,37
50,16,75,37
36,104,75,37
66,110,75,37
16,43,75,37
62,16,75,37
67,63,75,37
106,104,75,37
26,66,75,37
15,50,75,37
88,125,75,37
62,43,75,37
11,69,75,37
63,108,75,37
75,104,75,37
63,110,75,37
108,110,75,37
106,75,75,37
95,69,75,37
23,76,75,37
24,58,75,37
16,51,75,37
26,110,75,37
50,16,75,37
3,11,75,37
66,110,75,37
62,16,75,37
15,50,75,37
62,43,75,37
63,108,75,37
77,3,75,37
88,104,75,37
36,104,75,37
37,29,75,37
67,63,75,37
77,69,75,37
56,106,75,37
36,29,75,37
25,27,75,37
8,84,75,37
58,27,75,37
95,16,75,37
23,26,75,37
63,125,75,37
88,104,75,37
66,110,75,37
67,63,75,37
77,69,75,37
56,106,75,37
36,29,75,37
95,16,75,37
23,26,75,37
88,104,75,37
37,29,75,37
66,110,75,37
16,69,75,37
95,16,75,37
23,26,75,37
95,69,75,37
88,104,75,37
66,110,75,37
16,69,75,37
88,125,75,37
95,16,75,37
23,26,75,37
95,69,75,37
28,104,75,37
88,104,75,37
66,110,75,37
16,69,75,37
16,80,75,37
77,11,75,37
95,69,75,37
88,104,75,37
66,110,75,37
16,80,75,37
88,125,75,37
77,11,75,37
77,3,75,37
95,16,75,37
23,26,75,37
95,69,75,37
66,110,75,37
77,59,75,37
16,80,75,37
23,26,75,37
95,69,75,37
88,104,75,37
66,110,75,37
16,80,75,37
28,100,75,37
88,125,75,37
11,59,75,37
95,69,75,37
66,110,75,37
67,63,75,37
28,100,75,37
8,84,75,37
23,26,75,37
88,104,75,37
66,110,75,37
77,69,75,37
11,79,75,37
28,100,75,37
8,84,75,37
23,26,75,37
88,104,75,37
66,110,75,37
77,69,75,37
11,79,75,37
28,100,75,37
8,84,75,37
95,80,75,37
95,16,75,37
23,26,75,37
66,110,75,37
16,69,75,37
28,100,75,37
88,125,75,37
63,108,75,37
8,84,75,37
23,26,75,37
11,59,75,37
88,104,75,37
66,110,75,37
16,69,75,37
17,78,75,37
28,100,75,37
88,125,75,37
8,84,75,37
23,26,75,37
88,104,75,37
66,110,75,37
16,69,75,37
77,69,75,37
28,100,75,37
88,125,75,37
11,69,75,37
59,69,75,37
85,42,75,37
63,108,75,37
23,120,75,37
8,84,75,37
26,120,75,37
66,110,75,37
67,63,75,37
28,100,75,37
11,69,75,37
59,69,75,37
85,42,75,37
23,120,75,37
8,84,75,37
16,77,75,37
66,110,75,37
77,59,75,37
28,100,75,37
59,69,75,37
8,84,75,37
23,26,75,37
16,77,75,37
16,3,75,37
66,110,75,37
77,59,75,37
28,100,75,37
88,125,75,37
11,69,75,37
23,26,75,37
56,106,75,37
88,125,75,37
11,69,75,37
59,69,75,37
77,3,75,37
23,26,75,37
56,106,75,37
28,100,75,37
88,125,75,37
59,69,75,37
23,120,75,37
8,84,75,37
23,26,75,37
67,63,75,37
56,106,75,37
28,100,75,37
85,42,75,37
8,84,75,37
23,26,75,37
56,106,75,37
28,100,75,37
88,125,75,37
11,69,75,37
23,120,75,37
23,26,75,37
56,106,75,37
28,100,75,37
88,125,75,37
23,120,75,37
23,26,75,37
88,104,75,37
24,76,75,37
16,31,75,37
56,106,75,37
28,100,75,37
11,69,75,37
23,120,75,37
20,5,75,37
8,84,75,37
95,16,75,37
88,104,75,37
24,76,75,37
16,118,75,37
16,32,75,37
16,31,75,37
28,100,75,37
20,5,75,37
16,3,75,37
88,104,75,37
24,76,75,37
16,118,75,37
67,63,75,37
56,106,75,37
28,100,75,37
88,125,75,37
16,59,75,37
11,69,75,37
8,84,75,37
3,69,75,37
88,104,75,37
56,106,75,37
28,100,75,37
88,125,75,37
11,69,75,37
59,69,75,37
20,5,75,37
8,84,75,37
3,69,75,37
16,3,75,37
3,59,75,37
16,69,75,37
67,63,75,37
56,106,75,37
28,100,75,37
16,59,75,37
59,69,75,37
8,84,75,37
77,3,75,37
3,69,75,37
3,59,75,37
16,69,75,37
56,106,75,37
16,11,75,37
28,100,75,37
16,59,75,37
59,69,75,37
77,3,75,37
3,69,75,37
3,59,75,37
16,69,75,37
56,106,75,37
16,11,75,37
28,100,75,37
16,59,75,37
59,69,75,37
3,59,75,37
3,11,75,37
16,69,75,37
56,106,75,37
16,11,75,37
28,100,75,37
16,59,75,37
3,69,75,37
16,3,75,37
3,59,75,37
16,69,75,37
16,11,75,37
28,100,75,37
88,125,75,37
16,59,75,37
77,11,75,37
59,69,75,37
20,5,75,37
3,69,75,37
16,3,75,37
3,59,75,37
16,69,75,37
77,69,75,37
16,11,75,37
28,100,75,37
16,59,75,37
59,69,75,37
20,5,75,37
8,84,75,37
16,3,75,37
16,69,75,37
56,106,75,37
28,100,75,37
16,59,75,37
59,69,75,37
20,5,75,37
8,84,75,37
16,3,76,38
16,69,76,38
77,69,76,38
56,106,76,38
28,100,76,38
59,69,76,38
16,77,76,38
16,3,76,38
56,106,76,38
28,100,76,38
77,3,76,38
16,3,76,38
3,11,76,38
56,106,76,38
28,100,76,38
8,84,76,38
77,3,76,38
16,77,76,38
16,3,76,38
3,11,76,38
56,106,76,38
28,100,76,38
59,69,76,38
8,84,76,38
77,3,76,38
16,3,76,38
56,106,76,38
28,100,76,38
95,77,76,38
20,5,76,38
8,84,76,38
77,3,76,38
16,3,76,38
28,100,76,38
20,5,76,38
95,16,76,38
16,3,76,38
28,100,76,38
95,77,76,38
77,3,76,38
16,3,76,38
88,104,76,38
28,100,76,38
8,84,76,38
77,3,76,38
23,26,76,38
16,77,76,38
16,3,76,38
88,104,76,38
28,100,76,38
95,77,76,38
8,84,76,38
77,3,76,38
23,26,76,38
16,3,76,38
81,75,76,38
28,100,76,38
8,84,76,38
23,26,76,38
16,3,76,38
67,76,76,38
95,3,76,38
81,75,76,38
28,100,76,38
8,84,76,38
95,16,76,38
23,26,76,38
16,3,76,38
81,75,76,38
28,100,76,38
20,5,76,38
8,84,76,38
95,16,76,38
16,3,76,38
3,11,76,38
16,11,76,38
28,100,76,38
95,16,76,38
23,26,76,38
16,3,76,38
3,11,76,38
16,11,76,38
28,100,76,38
8,84,76,38
16,3,76,38
3,11,76,38
16,11,76,38
28,100,76,38
8,84,76,38
16,3,76,38
28,100,76,38
16,3,76,38
3,11,76,38
28,100,76,38
90,77,76,38
95,16,76,38
16,3,76,38
28,100,76,38
90,77,76,38
95,16,76,38
16,3,76,38
28,100,76,38
95,16,76,38
81,75,76,38
16,11,76,38
28,100,76,38
81,75,76,38
16,11,76,38
28,100,76,38
90,77,76,38
8,84,76,38
16,3,76,38
3,11,76,38
16,11,76,38
28,100,76,38
8,84,76,38
95,16,76,38
16,3,76,38
77,59,76,38
28,100,76,38
16,3,76,38
81,75,76,38
28,100,76,38
8,84,76,38
16,3,76,38
3,11,76,38
28,100,76,38
8,84,76,38
16,3,76,38
81,75,76,38
28,100,76,38
8,84,76,38
16,3,76,38
81,75,76,38
16,11,76,38
28,100,76,38
8,84,76,38
16,77,76,38
16,3,76,38
3,11,76,38
81,75,76,38
16,11,76,38
28,100,76,38
16,3,76,38
3,11,76,38
28,100,76,38
8,84,76,38
16,3,76,38
3,11,76,38
81,75,76,38
16,11,76,38
28,100,76,38
16,3,76,38
3,11,76,38
77,59,76,38
16,11,76,38
28,100,76,38
20,5,76,38
16,3,76,38
3,11,76,38
88,64,76,38
77,59,76,38
95,11,76,38
81,75,76,38
16,11,76,38
28,100,76,38
16,3,76,38
77,59,76,38
81,75,76,38
28,100,76,38
88,125,76,38
16,3,76,38
81,75,76,38
28,100,76,38
16,3,76,38
28,100,76,38
88,125,76,38
16,3,76,38
77,59,76,38
28,100,76,38
16,3,76,38
16,11,76,38
28,100,76,38
122,73,76,38
28,100,76,38
85,42,76,38
77,59,76,38
122,73,76,38
28,100,76,38
88,125,76,38
85,42,76,38
77,59,76,38
122,73,76,38
28,100,76,38
77,59,76,38
122,73,76,38
28,100,76,38
122,73,76,38
28,100,76,38
8,84,76,38
122,73,76,38
28,100,76,38
23,26,76,38
122,73,76,38
28,100,76,38
88,125,76,38
8,84,76,38
122,73,76,38
28,100,76,38
8,84,76,38
122,73,76,38
28,100,76,38
8,84,76,38
77,59,76,38
122,73,76,38
28,100,76,38
8,84,76,38
16,3,76,38
122,73,76,38
28,100,76,38
8,84,76,38
77,59,76,38
28,100,76,38
20,5,76,38
77,59,76,38
81,75,76,38
28,100,76,38
8,84,76,38
77,59,76,38
28,100,76,38
8,84,76,38
77,59,76,38
81,75,76,38
28,100,76,38
8,84,76,38
28,100,76,38
28,100,76,38
88,125,76,38
8,84,76,38
77,59,76,38
28,100,76,38
88,125,76,38
41,5,76,38
8,84,76,38
3,11,76,38
77,59,76,38
28,100,76,38
88,125,76,38
55,69,76,38
8,84,76,38
28,100,76,38
28,100,76,38
55,69,76,38
28,100,76,38
85,42,76,38
81,75,76,38
28,100,76,38
11,69,76,38
85,42,76,38
77,59,76,38
81,75,76,38
28,100,76,38
85,42,76,38
53,14,76,38
28,100,76,38
53,14,76,38
28,100,76,38
53,14,76,38
77,59,76,38
28,100,76,38
85,42,76,38
53,14,76,38
28,100,76,38
85,42,76,38
53,14,76,38
8,84,76,38
28,100,76,38
85,42,76,38
8,84,76,38
98,108,76,38
28,100,76,38
20,5,76,38
8,84,76,38
77,59,76,38
25,29,76,38
77,69,76,38
28,100,76,38
3,69,76,38
25,29,76,38
28,100,76,38
28,100,76,38
28,100,76,38
28,100,76,38
28,100,76,38
20,5,76,38
28,100,76,38
20,5,76,38
8,84,76,38
28,100,76,38
88,125,76,38
20,5,76,38
28,100,76,38
20,5,76,38
28,100,76,38
28,100,76,38
8,84,76,38
28,100,76,38
28,100,76,38
23,26,76,38
28,100,76,38
28,100,76,38
8,84,76,38
28,100,76,38
8,84,76,38
28,100,76,38
88,125,76,38
8,84,76,38
81,75,76,38
28,100,76,38
88,125,76,38
41,5,76,38
102,41,76,38
77,3,76,38
28,100,76,38
8,84,76,38
104,108,76,38
28,100,76,38
23,26,76,38
28,100,76,38
53,14,76,38
28,100,76,38
53,14,76,38
8,84,76,38
28,100,76,38
8,84,76,38
23,26,76,38
28,100,76,38
41,5,76,38
8,84,76,38
28,100,76,38
41,5,76,38
20,5,76,38
104,108,76,38
28,100,76,38
20,5,76,38
28,100,76,38
16,77,76,38
28,100,76,38
8,84,76,38
88,76,76,38
28,100,76,38
20,5,76,38
8,84,76,38
88,76,76,38
28,100,76,38
20,5,76,38
8,84,76,38
77,3,76,38
28,100,76,38
20,5,76,38
28,100,76,38
20,5,76,38
8,84,76,38
66,110,76,38
28,100,76,38
8,84,76,38
104,108,76,38
28,100,76,38
20,5,76,38
8,84,76,38
28,100,76,38
11,69,76,38
8,84,76,38
28,100,76,38
8,84,76,38
23,26,76,38
23,66,76,38
81,75,76,38
28,100,76,38
20,5,76,38
8,84,76,38
23,26,76,38
23,66,76,38
81,75,76,38
28,100,76,38
20,5,76,38
23,26,76,38
28,100,76,38
20,5,76,38
81,75,76,38
28,100,76,38
85,42,76,38
8,84,76,38
88,76,76,38
81,75,76,38
28,100,76,38
41,5,76,38
88,76,76,38
104,108,76,38
28,100,76,38
41,5,76,38
8,84,76,38
23,26,76,38
88,76,76,38
81,75,76,38
28,100,76,38
41,5,76,38
8,84,76,38
81,75,76,38
28,100,76,38
8,84,76,38
98,108,76,38
81,75,76,38
9,19,76,38
28,100,76,38
8,84,76,38
98,108,76,38
81,75,76,38
9,19,76,38
28,100,76,38
20,5,76,38
8,84,76,38
81,75,76,38
28,100,76,38
8,84,76,38
81,75,76,38
28,100,76,38
8,84,76,38
81,75,76,38
28,100,76,38
20,5,76,38
81,75,76,38
28,100,76,38
20,5,76,38
8,84,76,38
81,75,76,38
28,100,76,38
20,5,76,38
8,84,76,38
81,75,76,38
28,100,76,38
20,5,76,38
23,26,76,38
28,100,76,38
23,26,76,38
88,76,77,39
81,75,77,39
28,100,77,39
8,84,77,39
104,108,77,39
81,75,77,39
28,100,77,39
8,84,77,39
81,75,77,39
28,100,77,39
41,5,77,39
23,26,77,39
81,75,77,39
28,100,77,39
41,5,77,39
81,75,77,39
28,100,77,39
41,5,77,39
102,41,77,39
20,5,77,39
28,100,77,39
81,75,77,39
28,100,77,39
102,41,77,39
81,75,77,39
28,100,77,39
53,14,77,39
28,100,77,39
41,5,77,39
23,26,77,39
28,100,77,39
41,5,77,39
81,75,77,39
28,100,77,39
41,5,77,39
8,84,77,39
81,75,77,39
28,100,77,39
8,84,77,39
23,26,77,39
88,76,77,39
81,75,77,39
28,100,77,39
20,5,77,39
23,26,77,39
81,75,77,39
28,100,77,39
23,26,77,39
88,76,77,39
16,77,77,39
16,3,77,39
28,100,77,39
85,42,77,39
20,5,77,39
28,100,77,39
85,42,77,39
20,5,77,39
23,26,77,39
88,76,77,39
28,100,77,39
20,5,77,39
88,76,77,39
81,75,77,39
28,100,77,39
85,42,77,39
81,75,77,39
28,100,77,39
41,5,77,39
20,5,77,39
81,75,77,39
28,100,77,39
23,26,77,39
88,76,77,39
81,75,77,39
28,100,77,39
41,5,77,39
102,41,77,39
20,5,77,39
23,26,77,39
28,100,77,39
41,5,77,39
23,26,77,39
28,100,77,39
41,5,77,39
102,41,77,39
20,5,77,39
23,26,77,39
88,76,77,39
81,75,77,39
28,100,77,39
41,5,77,39
88,76,77,39
28,100,77,39
88,104,77,39
28,100,77,39
8,84,77,39
28,100,77,39
28,100,77,39
88,104,77,39
28,100,77,39
28,100,77,39
41,5,77,39
20,5,77,39
28,100,77,39
41,5,77,39
20,5,77,39
28,100,77,39
41,5,77,39
20,5,77,39
88,104,77,39
122,73,77,39
28,100,77,39
85,42,77,39
41,5,77,39
28,100,77,39
85,42,77,39
23,26,77,39
88,104,77,39
28,100,77,39
88,125,77,39
41,5,77,39
23,26,77,39
88,104,77,39
28,100,77,39
88,125,77,39
85,42,77,39
8,84,77,39
23,26,77,39
28,100,77,39
8,84,77,39
28,100,77,39
88,125,77,39
8,84,77,39
23,26,77,39
28,100,77,39
88,125,77,39
85,42,77,39
20,5,77,39
8,84,77,39
88,104,77,39
28,100,77,39
88,125,77,39
85,42,77,39
8,84,77,39
88,104,77,39
81,75,77,39
28,100,77,39
88,125,77,39
85,42,77,39
88,104,77,39
28,100,77,39
85,42,77,39
88,104,77,39
28,100,77,39
85,42,77,39
28,100,77,39
85,42,77,39
28,100,77,39
85,42,77,39
8,84,77,39
28,100,77,39
8,84,77,39
28,100,77,39
28,100,77,39
41,5,77,39
20,5,77,39
8,84,77,39
28,100,77,39
88,125,77,39
41,5,77,39
8,84,77,39
28,100,77,39
41,5,77,39
91,96,77,39
28,100,77,39
88,125,77,39
28,100,77,39
102,41,77,39
28,100,77,39
28,100,77,39
28,100,77,39
28,100,77,39
28,100,77,39
28,100,77,39
28,100,77,39
28,100,77,39
25,27,77,39
41,5,77,39
28,100,77,39
41,5,77,39
8,84,77,39
28,100,77,39
28,100,77,39
86,65,77,39
88,125,77,39
28,100,77,39
88,125,77,39
41,5,77,39
28,100,77,39
88,125,77,39
28,100,77,39
88,125,77,39
91,96,77,39
28,100,77,39
88,125,77,39
65,72,77,39
91,96,77,39
28,100,77,39
88,125,77,39
65,72,77,39
91,96,77,39
28,100,77,39
91,96,77,39
28,100,77,39
20,5,77,39
91,96,77,39
28,100,77,39
88,125,77,39
20,5,77,39
91,96,77,39
28,100,77,39
20,5,77,39
28,100,77,39
88,125,77,39
20,5,77,39
8,84,77,39
28,100,77,39
88,125,77,39
20,5,77,39
8,84,77,39
28,100,77,39
88,125,77,39
20,5,77,39
81,75,77,39
28,100,77,39
88,125,77,39
20,5,77,39
28,100,77,39
88,125,77,39
20,5,77,39
28,100,77,39
20,5,77,39
28,100,77,39
20,5,77,39
28,100,77,39
88,125,77,39
9,19,77,39
28,100,77,39
81,75,77,39
9,19,77,39
28,100,77,39
20,5,77,39
9,19,77,39
28,100,77,39
88,125,77,39
102,41,77,39
20,5,77,39
81,75,77,39
91,96,77,39
28,100,77,39
88,125,77,39
41,5,77,39
20,5,77,39
81,75,77,39
28,100,77,39
88,125,77,39
103,49,77,39
81,75,77,39
28,100,77,39
88,125,77,39
81,75,77,39
28,100,77,39
88,125,77,39
103,49,77,39
20,5,77,39
81,75,77,39
28,100,77,39
88,125,77,39
81,75,77,39
28,100,77,39
20,5,77,39
28,100,77,39
103,49,77,39
28,100,77,39
91,96,77,39
28,100,77,39
81,75,77,39
91,96,77,39
28,100,77,39
103,49,77,39
41,5,77,39
81,75,77,39
28,100,77,39
103,49,77,39
28,100,77,39
103,49,77,39
28,100,77,39
103,49,77,39
28,100,77,39
103,49,77,39
28,100,77,39
103,49,77,39
28,100,77,39
88,125,77,39
103,49,77,39
28,100,77,39
103,49,77,39
20,5,77,39
28,100,77,39
28,100,77,39
103,49,77,39
28,100,77,39
88,125,77,39
20,5,77,39
28,100,77,39
88,125,77,39
28,100,77,39
103,49,77,39
28,100,77,39
103,49,77,39
28,100,77,39
88,125,77,39
103,49,77,39
28,100,77,39
88,125,77,39
20,5,77,39
16,69,77,39
81,75,77,39
28,100,77,39
88,125,77,39
53,14,77,39
16,69,77,39
28,100,77,39
88,125,77,39
103,49,77,39
53,14,77,39
28,100,77,39
88,125,77,39
103,49,77,39
16,69,77,39
28,100,77,39
88,125,77,39
103,49,77,39
20,5,77,39
16,69,77,39
28,100,77,39
88,125,77,39
103,49,77,39
20,5,77,39
16,69,77,39
28,100,77,39
88,125,77,39
103,49,77,39
20,5,77,39
16,69,77,39
28,100,77,39
88,125,77,39
103,49,77,39
20,5,77,39
28,100,77,39
88,125,77,39
103,49,77,39
20,5,77,39
28,100,77,39
88,125,77,39
103,49,77,39
20,5,77,39
28,100,77,39
88,125,77,39
103,49,77,39
28,100,77,39
88,125,77,39
103,49,77,39
28,100,77,39
88,125,77,39
103,49,77,39
20,5,77,39
28,100,78,40
103,49,78,40
20,5,78,40
28,100,78,40
53,14,78,40
20,5,78,40
28,100,78,40
88,125,78,40
53,14,78,40
20,5,78,40
28,100,78,40
88,125,78,40
20,5,78,40
28,100,78,40
88,125,78,40
20,5,78,40
28,100,78,40
103,49,78,40
41,5,78,40
20,5,78,40
16,55,78,40
28,100,78,40
88,125,78,40
41,5,78,40
20,5,78,40
65,72,78,40
28,100,78,40
103,49,78,40
25,27,78,40
20,5,78,40
28,100,78,40
88,125,78,40
20,5,78,40
3,11,78,40
28,100,78,40
88,125,78,40
20,5,78,40
28,100,78,40
20,5,78,40
28,100,78,40
41,5,78,40
20,5,78,40
8,84,78,40
28,100,78,40
41,5,78,40
20,5,78,40
73,74,78,40
28,100,78,40
88,125,78,40
41,5,78,40
73,74,78,40
28,100,78,40
41,5,78,40
20,5,78,40
28,100,78,40
20,5,78,40
3,69,78,40
28,100,78,40
88,125,78,40
28,100,78,40
88,125,78,40
53,14,78,40
28,100,78,40
88,125,78,40
41,5,78,40
28,100,78,40
41,5,78,40
20,5,78,40
28,100,78,40
41,5,78,40
20,5,78,40
28,100,78,40
20,5,78,40
60,5,78,40
28,100,78,40
28,100,78,40
88,125,78,40
28,100,78,40
88,125,78,40
20,5,78,40
65,72,78,40
64,125,78,40
28,100,78,40
88,125,78,40
20,5,78,40
88,64,78,40
64,125,78,40
28,100,78,40
88,125,78,40
20,5,78,40
65,72,78,40
64,125,78,40
28,100,78,40
88,125,78,40
20,5,78,40
65,72,78,40
64,125,78,40
81,75,78,40
28,100,78,40
88,125,78,40
81,75,78,40
28,100,78,40
88,125,78,40
65,72,78,40
81,75,78,40
28,100,78,40
88,125,78,40
53,14,78,40
28,100,78,40
88,125,78,40
53,14,78,40
20,5,78,40
64,125,78,40
28,100,78,40
88,125,78,40
64,125,78,40
28,100,78,40
60,38,78,40
65,72,78,40
64,125,78,40
28,100,78,40
41,5,78,40
20,5,78,40
64,125,78,40
28,100,78,40
41,5,78,40
53,14,78,40
20,5,78,40
64,125,78,40
28,100,78,40
20,5,78,40
85,13,78,40
64,125,78,40
28,100,78,40
16,59,78,40
41,5,78,40
102,41,78,40
20,5,78,40
85,13,78,40
28,100,78,40
16,59,78,40
41,5,78,40
102,41,78,40
20,5,78,40
64,125,78,40
28,100,78,40
41,5,78,40
102,41,78,40
20,5,78,40
64,125,78,40
28,100,78,40
41,5,78,40
20,5,78,40
28,100,78,40
20,5,78,40
85,13,78,40
64,125,78,40
28,100,78,40
28,100,78,40
41,5,78,40
20,5,78,40
85,13,78,40
28,100,78,40
41,5,78,40
28,100,78,40
41,5,78,40
53,14,78,40
28,100,78,40
41,5,78,40
53,14,78,40
20,5,78,40
85,13,78,40
28,100,78,40
103,49,78,40
41,5,78,40
53,14,78,40
20,5,78,40
85,13,78,40
28,100,78,40
41,5,78,40
20,5,78,40
85,13,78,40
64,125,78,40
28,100,78,40
103,49,78,40
41,5,78,40
85,13,78,40
28,100,78,40
103,49,78,40
85,13,78,40
28,100,78,40
103,49,78,40
16,59,78,40
88,104,78,40
85,13,78,40
28,100,78,40
16,59,78,40
41,5,78,40
65,72,78,40
85,13,78,40
28,100,78,40
16,59,78,40
41,5,78,40
65,72,78,40
85,13,78,40
28,100,78,40
103,49,78,40
16,59,78,40
85,13,78,40
28,100,78,40
103,49,78,40
16,59,78,40
65,72,78,40
85,13,78,40
28,100,78,40
103,49,78,40
16,59,78,40
65,72,78,40
85,13,78,40
28,100,78,40
88,125,78,40
103,49,78,40
16,59,78,40
65,72,78,40
85,13,78,40
28,100,78,40
103,49,78,40
16,59,78,40
20,5,78,40
52,13,78,40
85,13,78,40
28,100,78,40
16,59,78,40
41,5,78,40
85,13,78,40
28,100,78,40
88,125,78,40
103,49,78,40
16,59,78,40
16,69,78,40
85,13,78,40
28,100,78,40
88,125,78,40
103,49,78,40
85,13,78,40
28,100,78,40
88,125,78,40
102,41,78,40
85,13,78,40
28,100,78,40
88,125,78,40
16,59,78,40
102,41,78,40
28,100,78,40
102,41,78,40
28,100,78,40
102,41,78,40
16,55,78,40
85,13,78,40
28,100,78,40
102,41,78,40
85,13,78,40
28,100,78,40
102,41,78,40
85,13,78,40
28,100,78,40
88,125,78,40
103,49,78,40
102,41,78,40
85,13,78,40
28,100,78,40
103,49,78,40
102,41,78,40
85,13,78,40
28,100,78,40
88,125,78,40
103,49,78,40
28,100,78,40
88,125,78,40
85,13,78,40
28,100,78,40
88,125,78,40
85,13,78,40
28,100,78,40
88,125,78,40
103,49,78,40
65,72,78,40
85,13,78,40
28,100,78,40
88,125,78,40
103,49,78,40
85,13,78,40
28,100,78,40
88,125,78,40
103,49,78,40
102,41,78,40
85,13,78,40
28,100,78,40
88,125,78,40
103,49,78,40
102,41,78,40
85,13,78,40
28,100,78,40
88,125,78,40
103,49,78,40
102,41,78,40
65,72,78,40
67,63,78,40
85,13,78,40
28,100,78,40
88,125,78,40
15,62,78,40
103,49,78,40
102,41,78,40
67,108,78,40
28,104,78,40
65,72,78,40
67,63,78,40
85,13,78,40
64,108,78,40
28,100,78,40
88,125,78,40
102,41,78,40
67,108,78,40
28,104,78,40
65,72,78,40
67,63,78,40
67,64,78,40
85,13,78,40
64,108,78,40
28,100,78,40
75,66,78,40
102,41,78,40
100,104,78,40
28,98,78,40
67,108,78,40
28,104,78,40
103,25,78,40
65,72,78,40
85,13,78,40
28,100,78,40
100,104,78,40
28,98,78,40
8,84,78,40
67,108,78,40
28,104,78,40
88,64,78,40
36,64,78,40
11,69,78,40
20,41,78,40
23,120,78,40
50,64,78,40
63,64,78,40
67,108,78,40
75,58,78,40
36,64,78,40
64,125,78,40
24,27,78,40
15,66,78,40
115,61,78,40
59,69,78,40
85,42,78,40
58,64,78,40
60,22,78,40
60,91,78,40
63,64,78,40
58,36,78,40
67,108,78,40
88,64,78,40
36,64,78,40
15,66,78,40
88,125,78,40
59,69,78,40
85,42,78,40
81,67,78,40
23,120,78,40
81,108,78,40
60,91,78,40
63,64,78,40
104,64,78,40
67,108,78,40
88,104,78,40
24,88,78,40
26,104,78,40
67,64,78,40
8,13,78,40
64,125,78,40
64,108,78,40
15,66,78,40
85,42,78,40
81,67,78,40
13,6,78,40
28,36,78,40
103,122,78,40
104,125,78,40
23,22,78,40
62,8,78,40
26,108,78,40
67,108,78,40
69,4,78,40
64,8,78,40
66,110,78,40
81,26,78,40
104,108,78,40
26,75,78,40
104,67,78,40
103,49,78,40
8,22,78,40
88,8,78,40
24,108,78,40
67,108,78,40
69,4,78,40
75,6,78,40
103,49,78,40
8,22,78,40
37,108,78,40
69,4,78,40
41,65,78,40
75,6,78,40
103,49,78,40
8,22,78,40
14,41,78,40
13,69,78,40
41,65,78,40
75,6,78,40
29,13,78,40
104,63,78,40
69,4,78,40
41,65,78,40
27,29,78,40
8,22,78,40
104,63,78,40
67,108,78,40
69,4,78,40
11,59,78,40
104,63,78,40
81,13,78,40
65,42,78,40
103,48,78,40
65,61,78,40
81,6,78,40
103,49,78,40
81,13,78,40
81,75,78,40
81,6,78,40
81,13,78,40
65,69,78,40
81,75,78,40
19,69,78,40
110,6,78,40
41,65,78,40
81,75,78,40
67,108,78,40
108,69,78,40
67,69,78,40
67,108,78,40
108,69,78,40
67,69,78,40
67,108,78,40
69,4,78,40
108,69,78,40
67,69,78,40
67,108,78,40
69,4,78,40
75,69,78,40
108,69,78,40
67,108,78,40
67,108,78,40
67,108,78,40
67,108,78,40
67,108,78,40
100,36,78,40
67,108,78,40
29,108,78,40
23,51,78,40
67,108,78,40
29,108,78,40
67,29,78,40
23,51,78,40
67,108,79,41
29,108,79,41
29,108,79,41
67,29,79,41
16,3,79,41
67,29,79,41
28,36,79,41
16,3,79,41
62,51,79,41
28,100,79,41
28,36,79,41
16,3,79,41
62,51,79,41
28,100,79,41
16,3,79,41
62,51,79,41
67,108,79,41
16,3,79,41
62,51,79,41
28,100,79,41
16,3,79,41
29,108,79,41
25,27,79,41
16,3,79,41
25,27,79,41
16,3,79,41
62,51,79,41
25,27,79,41
16,3,79,41
23,51,79,41
62,51,79,41
67,108,79,41
23,51,79,41
62,51,79,41
25,27,79,41
67,108,79,41
29,108,79,41
62,51,79,41
36,27,79,41
23,51,79,41
67,29,79,41
23,51,79,41
67,108,79,41
23,51,79,41
23,51,79,41
25,27,79,41
23,51,79,41
23,51,79,41
25,27,79,41
23,120,79,41
29,108,79,41
25,27,79,41
120,51,79,41
25,51,79,41
55,3,79,41
29,108,79,41
25,27,79,41
55,3,79,41
23,25,79,41
29,108,79,41
25,27,79,41
23,120,79,41
25,120,79,41
67,108,79,41
23,25,79,41
29,108,79,41
23,120,79,41
29,108,79,41
67,29,79,41
23,120,79,41
23,120,79,41
67,108,79,41
16,51,79,41
23,25,79,41
29,108,79,41
27,51,79,41
16,51,79,41
29,108,79,41
23,120,79,41
75,51,79,41
51,11,79,41
23,25,79,41
23,51,79,41
23,120,79,41
41,65,79,41
25,27,79,41
25,27,79,41
67,108,79,41
16,51,79,41
25,27,79,41
16,51,79,41
25,27,79,41
41,65,79,41
25,27,79,41
41,65,79,41
25,27,79,41
41,65,79,41
75,11,79,41
10,65,79,41
25,27,79,41
28,100,79,41
25,27,79,41
25,27,79,41
67,108,79,41
14,41,79,41
14,41,79,41
41,65,79,41
14,41,79,41
16,51,79,41
14,41,79,41
16,51,79,41
14,41,79,41
16,51,79,41
41,65,79,41
16,51,79,41
41,65,79,41
14,41,79,41
14,41,79,41
14,41,79,41
40,33,79,41
41,65,79,41
14,41,79,41
1,40,79,41
82,109,79,41
109,99,79,41
126,31,79,41
126,31,79,41
14,41,79,41
16,51,79,41
16,51,79,41
14,41,79,41
16,51,79,41
16,51,79,41
94,44,79,41
14,41,79,41
94,44,79,41
14,41,79,41
41,65,79,41
25,27,79,41
14,41,79,41
3,41,79,41
26,75,79,41
3,41,79,41
3,65,79,41
41,65,79,41
26,75,79,41
3,41,79,41
3,65,79,41
3,41,79,41
3,41,79,41
75,27,79,41
75,11,79,41
26,11,79,41
26,75,79,41
80,41,79,41
25,27,79,41
3,41,79,41
26,11,79,41
3,41,79,41
26,11,79,41
80,41,79,41
3,41,79,41
75,27,79,41
3,41,79,41
3,41,79,41
26,11,79,41
3,41,79,41
3,41,79,41
26,27,79,41
9,65,79,41
3,41,79,41
75,11,79,41
9,65,79,41
3,41,79,41
26,11,79,41
52,9,79,41
26,11,79,41
52,9,79,41
14,20,79,41
26,11,79,41
75,11,79,41
26,11,79,41
26,11,79,41
26,11,79,41
75,27,79,41
25,27,79,41
95,3,79,41
95,3,79,41
95,3,79,41
40,83,79,41
12,83,79,41
41,10,79,41
26,27,79,41
26,11,79,41
56,40,80,42
81,40,80,42
95,51,80,42
69,4,80,42
75,11,80,42
81,75,80,42
75,11,80,42
26,11,80,42
11,40,80,42
26,11,80,42
11,40,80,42
52,18,80,42
26,11,80,42
94,16,80,42
11,40,80,42
80,119,80,42
94,44,80,42
75,40,80,42
26,11,80,42
75,40,80,42
26,11,80,42
11,40,80,42
16,40,80,42
75,11,80,42
26,11,80,42
75,83,80,42
95,16,80,42
26,11,80,42
26,75,80,42
75,83,80,42
95,16,80,42
56,40,80,42
60,65,80,42
26,11,80,42
81,26,80,42
80,119,80,42
26,11,80,42
26,75,80,42
106,40,80,42
95,16,80,42
26,11,80,42
26,75,80,42
106,40,80,42
95,16,80,42
26,11,80,42
106,40,80,42
81,27,80,42
75,11,80,42
26,11,80,42
106,40,80,42
56,40,80,42
95,51,80,42
75,11,80,42
26,11,80,42
106,40,80,42
26,11,80,42
56,40,80,42
26,11,80,42
60,115,80,42
106,40,80,42
75,11,80,42
26,11,80,42
88,64,80,42
106,40,80,42
56,40,80,42
26,11,80,42
95,16,80,42
56,40,80,42
26,11,80,42
56,40,80,42
16,3,80,42
26,11,80,42
81,75,80,42
56,40,80,42
26,11,80,42
106,40,80,42
56,40,80,42
81,26,80,42
28,100,80,42
26,11,80,42
28,100,80,42
56,40,80,42
26,11,80,42
28,100,80,42
26,11,80,42
81,26,80,42
28,100,80,42
28,100,80,42
60,5,80,42
26,11,80,42
106,40,80,42
26,11,80,42
28,100,80,42
95,16,80,42
26,11,80,42
28,100,80,42
95,16,80,42
56,40,80,42
5,115,80,42
75,11,80,42
26,11,80,42
81,26,80,42
106,40,80,42
26,11,80,42
81,26,80,42
95,51,80,42
26,11,80,42
81,26,80,42
51,119,80,42
95,51,80,42
28,100,80,42
28,36,80,42
41,5,80,42
51,119,80,42
95,16,80,42
95,51,80,42
16,51,80,42
81,26,80,42
28,100,80,42
28,36,80,42
106,40,80,42
95,16,80,42
28,29,80,42
56,40,80,42
95,51,80,42
100,36,80,42
81,26,80,42
28,100,80,42
28,36,80,42
106,40,80,42
95,16,80,42
28,29,80,42
28,56,80,42
28,108,80,42
106,40,80,42
95,16,80,42
28,29,80,42
29,108,80,42
26,11,80,42
28,108,80,42
56,106,80,42
28,100,80,42
106,40,80,42
81,11,80,42
29,108,80,42
26,11,80,42
95,16,80,42
26,11,80,42
28,100,80,42
41,5,80,42
95,16,80,42
16,51,80,42
75,11,80,42
26,11,80,42
28,100,80,42
41,5,80,42
95,16,80,42
95,51,80,42
100,36,80,42
28,100,80,42
28,36,80,42
41,5,80,42
95,16,80,42
100,36,80,42
28,100,80,42
25,27,80,42
28,36,80,42
41,5,80,42
95,16,80,42
28,100,80,42
41,5,80,42
80,119,80,42
106,40,80,42
95,16,80,42
28,100,80,42
41,5,80,42
106,40,80,42
95,16,80,42
41,5,80,42
95,16,80,42
41,5,80,42
106,40,80,42
95,16,80,42
95,51,80,42
81,27,80,42
11,40,80,42
25,27,80,42
41,5,80,42
95,16,80,42
81,27,80,42
56,83,80,42
41,5,80,42
106,40,80,42
95,16,80,42
95,51,80,42
26,75,80,42
81,75,80,42
41,5,80,42
95,16,80,42
95,16,80,42
40,83,80,42
56,106,80,42
41,5,80,42
56,106,80,42
41,5,80,42
40,83,80,42
26,11,80,42
41,5,80,42
95,16,80,42
26,11,80,42
3,80,80,42
41,5,80,42
95,16,80,42
51,80,80,42
26,11,80,42
41,5,80,42
95,16,80,42
26,11,80,42
41,5,80,42
81,27,80,42
26,11,80,42
26,11,80,42
51,119,80,42
81,27,80,42
26,11,80,42
100,36,80,42
81,27,80,42
26,11,80,42
28,100,80,42
75,27,80,42
100,36,80,42
26,11,80,42
28,100,80,42
28,36,80,42
95,16,80,42
75,27,80,42
26,11,80,42
16,3,80,42
26,11,80,42
26,27,80,42
15,51,80,42
16,3,80,42
25,27,80,42
26,27,80,42
26,11,80,42
81,26,80,42
41,5,80,42
81,11,80,42
75,27,80,42
81,26,80,42
81,75,80,42
41,5,80,42
15,51,80,42
26,11,80,42
81,75,80,42
26,25,80,42
40,83,80,42
16,3,80,42
26,11,80,42
56,106,80,42
25,27,80,42
75,27,80,42
40,83,80,42
26,11,80,42
25,27,80,42
41,5,80,42
15,51,80,42
26,11,80,42
25,27,80,42
80,119,80,42
75,27,80,42
15,51,80,42
26,75,80,42
25,27,80,42
80,119,80,42
81,11,80,42
95,16,80,42
15,51,80,42
26,75,80,42
80,119,80,42
13,115,80,42
95,16,80,42
15,80,80,42
15,51,80,42
40,83,80,42
26,75,80,42
13,115,80,42
95,16,80,42
15,51,80,42
26,75,80,42
13,115,80,42
26,75,80,42
26,75,80,42
25,27,80,42
95,16,80,42
25,27,80,42
95,16,80,42
95,51,80,42
15,51,80,42
51,80,80,42
75,11,80,42
95,16,80,42
95,51,80,42
75,11,80,42
81,26,80,42
95,51,80,42
40,83,80,42
13,115,80,42
40,83,80,42
40,83,80,42
109,78,80,42
95,16,80,42
51,80,80,42
40,83,80,42
16,3,80,42
59,69,80,42
80,119,80,42
51,119,80,42
3,119,80,42
51,80,80,42
16,119,80,42
51,119,80,42
28,75,80,42
51,80,80,42
75,100,80,42
28,100,80,42
51,119,80,42
28,75,80,42
11,83,80,42
75,36,80,42
28,36,80,42
51,119,80,42
28,75,80,42
75,36,80,42
16,3,80,42
100,36,80,42
75,11,80,42
75,100,80,42
108,11,80,42
110,80,80,42
28,100,80,42
28,36,80,42
95,16,80,42
95,51,80,42
100,36,80,42
75,11,80,42
28,100,80,42
28,36,80,42
41,5,80,42
11,6,80,42
95,80,80,42
51,119,80,42
100,36,80,42
75,11,80,42
28,36,80,42
51,119,80,42
100,36,80,42
28,100,80,42
28,36,80,42
80,119,80,42
11,6,80,42
95,16,80,42
100,36,80,42
108,11,80,42
28,100,80,42
28,36,80,42
41,5,80,42
80,119,80,42
11,6,80,42
95,16,80,42
16,3,80,42
100,36,80,42
28,100,80,42
28,36,80,42
41,5,80,42
80,119,80,42
11,6,80,42
95,16,80,42
16,3,80,42
36,94,80,42
28,100,80,42
28,36,80,42
80,119,80,42
11,6,80,42
95,16,80,42
28,100,80,42
80,119,80,42
11,6,80,42
80,119,80,42
11,6,80,42
95,16,80,42
80,119,80,42
11,6,80,42
95,16,80,42
1,101,80,42
51,80,80,42
11,6,80,42
95,16,80,42
40,83,80,42
94,1,80,42
41,5,80,42
11,6,80,42
95,16,80,42
44,59,80,42
1,32,80,42
95,16,80,42
1,32,80,42
95,16,80,42
94,44,80,42
69,4,80,42
1,32,80,42
59,4,80,42
11,6,80,42
95,16,80,42
16,3,80,42
1,32,80,42
59,4,80,42
11,6,80,42
95,16,80,42
1,3,80,42
1,32,80,42
59,4,80,42
11,6,80,42
94,44,80,42
1,3,80,42
102,41,80,42
59,4,80,42
11,6,80,42
94,44,80,42
59,69,80,42
102,41,80,42
11,6,80,42
59,69,80,42
102,41,80,42
11,6,80,42
94,44,80,42
41,5,80,42
102,41,80,42
124,80,80,42
11,6,80,42
95,16,80,42
102,41,80,42
124,80,80,42
11,6,80,42
95,16,80,42
52,80,80,42
102,41,80,42
11,6,80,42
95,16,80,42
102,41,80,42
124,80,80,42
11,6,80,42
95,16,80,42
102,41,80,42
124,80,80,42
11,6,80,42
95,16,80,42
11,6,80,42
95,16,80,42
94,44,80,42
75,11,80,42
3,11,80,42
102,41,80,42
11,6,80,42
95,16,80,42
3,69,80,42
75,11,80,42
51,71,80,42
102,41,80,42
11,6,80,42
95,16,80,42
94,44,80,42
75,11,80,42
101,51,80,42
101,69,80,42
102,41,80,42
124,80,80,42
11,6,80,42
95,16,80,42
94,44,80,42
75,11,81,43
102,41,81,43
43,80,81,43
11,6,81,43
95,16,81,43
94,44,81,43
75,11,81,43
102,41,81,43
94,44,81,43
16,3,81,43
75,11,81,43
102,41,81,43
1,51,81,43
11,6,81,43
75,11,81,43
101,32,81,43
102,41,81,43
1,51,81,43
11,6,81,43
94,44,81,43
101,32,81,43
102,41,81,43
1,51,81,43
101,32,81,43
102,41,81,43
94,44,81,43
51,32,81,43
16,3,81,43
81,26,81,43
102,41,81,43
32,3,81,43
102,41,81,43
32,3,81,43
95,16,81,43
94,44,81,43
102,41,81,43
94,44,81,43
60,13,81,43
94,44,81,43
60,13,81,43
102,41,81,43
95,16,81,43
94,44,81,43
25,27,81,43
94,44,81,43
1,119,81,43
16,32,81,43
16,32,81,43
95,32,81,43
95,16,81,43
95,16,81,43
17,78,81,43
43,80,81,43
95,16,81,43
15,51,81,43
81,26,81,43
1,40,81,43
1,51,81,43
40,119,81,43
1,40,81,43
16,40,81,43
1,16,81,43
27,29,81,43
25,29,81,43
109,78,81,43
108,5,81,43
109,78,81,43
102,41,81,43
109,78,81,43
109,78,81,43
94,44,81,43
15,66,81,43
109,78,81,43
40,83,81,43
17,78,81,43
75,6,81,43
65,115,81,43
109,78,81,43
75,83,81,43
109,78,81,43
102,5,81,43
109,78,81,43
94,44,81,43
109,78,81,43
75,6,81,43
109,78,81,43
75,6,81,43
109,78,81,43
109,78,81,43
75,6,81,43
109,78,81,43
109,78,81,43
40,83,81,43
109,78,81,43
109,115,81,43
75,6,81,43
75,6,81,43
94,44,81,43
75,6,81,43
66,110,81,43
75,6,81,43
83,6,81,43
94,44,81,43
17,78,81,43
17,78,81,43
40,83,81,43
15,110,81,43
25,98,81,43
28,36,81,43
28,36,81,43
63,108,81,43
88,108,81,43
63,108,81,43
28,100,81,43
88,125,81,43
88,63,81,43
63,108,81,43
108,125,81,43
63,125,81,43
67,108,81,43
88,108,81,43
28,100,81,43
88,125,81,43
63,108,81,43
63,125,81,43
67,108,81,43
63,108,81,43
100,64,81,43
81,36,81,43
67,63,81,43
28,100,81,43
36,29,81,43
109,119,81,43
63,108,81,43
23,120,81,43
28,88,81,43
60,8,81,43
28,100,81,43
36,29,81,43
63,108,81,43
28,88,81,43
94,44,81,43
67,108,81,43
15,110,81,43
88,64,81,43
28,100,81,43
75,66,81,43
63,108,81,43
23,120,81,43
28,64,81,43
88,64,81,43
106,66,81,43
44,83,81,43
28,100,81,43
63,108,81,43
28,64,81,43
106,66,81,43
17,78,81,43
28,100,81,43
63,108,81,43
23,120,81,43
28,88,81,43
94,44,81,43
40,83,81,43
67,63,81,43
36,64,81,43
28,100,81,43
28,88,81,43
40,83,81,43
88,64,81,43
67,63,81,43
36,64,81,43
28,100,81,43
40,119,81,43
40,83,81,43
67,63,81,43
36,64,81,43
28,100,81,43
109,40,81,43
23,120,81,43
40,83,81,43
36,64,81,43
28,100,81,43
15,62,81,43
23,120,81,43
8,84,81,43
64,125,81,43
56,106,81,43
28,100,81,43
23,120,81,43
28,88,81,43
40,83,81,43
67,63,81,43
64,125,81,43
56,106,81,43
15,62,81,43
23,120,81,43
40,83,81,43
64,125,81,43
56,106,81,43
109,40,81,43
40,83,81,43
88,64,81,43
56,106,81,43
28,100,81,43
40,83,81,43
56,106,81,43
36,29,81,43
40,83,81,43
85,22,81,43
36,29,81,43
23,120,81,43
50,64,81,43
94,109,81,43
40,83,81,43
40,83,81,43
85,22,81,43
23,120,81,43
40,83,81,43
88,125,81,43
28,64,81,43
94,44,81,43
40,83,81,43
15,62,81,43
40,83,81,43
66,110,81,43
53,14,81,43
20,5,81,43
66,110,81,43
53,14,81,43
28,64,81,43
66,110,81,43
20,5,81,43
28,64,81,43
23,26,81,43
85,22,81,43
20,5,81,43
66,110,81,43
25,66,81,43
88,125,81,43
23,26,81,43
25,66,81,43
66,110,81,43
28,100,81,43
53,14,81,43
66,110,81,43
81,75,81,43
28,100,81,43
66,110,81,43
81,75,81,43
66,110,81,43
81,75,81,43
28,100,81,43
20,5,81,43
66,110,81,43
20,5,81,43
40,83,81,43
66,110,81,43
81,75,81,43
40,83,81,43
66,110,81,43
66,110,81,43
81,75,81,43
66,110,81,43
66,110,81,43
66,110,81,43
66,110,81,43
66,110,81,43
24,50,81,43
66,110,81,43
81,75,81,43
66,110,81,43
103,75,81,43
81,75,81,43
36,50,82,44
66,110,82,44
25,27,82,44
109,119,82,44
25,27,82,44
109,119,82,44
66,110,82,44
88,125,82,44
25,27,82,44
109,119,82,44
37,29,82,44
66,110,82,44
88,125,82,44
88,125,82,44
20,5,82,44
20,5,82,44
20,5,82,44
20,5,82,44
66,110,82,44
20,5,82,44
66,110,82,44
66,110,82,44
49,37,82,44
66,110,82,44
25,27,82,44
66,110,82,44
52,13,82,44
66,110,82,44
66,110,82,44
66,110,82,44
20,5,82,44
66,110,82,44
37,29,82,44
66,110,82,44
28,64,82,44
37,29,82,44
88,125,82,44
66,110,82,44
66,110,82,44
85,22,82,44
56,106,82,44
28,100,82,44
85,22,82,44
66,110,82,44
56,106,82,44
88,125,82,44
85,22,82,44
66,110,82,44
56,106,82,44
85,22,82,44
66,110,82,44
56,106,82,44
66,110,82,44
56,106,82,44
88,125,82,44
85,22,82,44
66,110,82,44
56,106,82,44
88,125,82,44
66,110,82,44
56,106,82,44
88,125,82,44
20,5,82,44
40,83,82,44
66,110,82,44
56,106,82,44
8,84,82,44
40,83,82,44
66,110,82,44
20,5,82,44
49,37,82,44
66,110,82,44
56,106,82,44
88,125,82,44
20,5,82,44
49,37,82,44
66,110,82,44
88,125,82,44
20,5,82,44
49,37,82,44
66,110,82,44
88,125,82,44
20,5,82,44
40,83,82,44
66,110,82,44
88,125,82,44
53,14,82,44
20,5,82,44
40,83,82,44
66,110,82,44
88,125,82,44
52,13,82,44
40,83,82,44
66,110,82,44
20,5,82,44
49,37,82,44
40,83,82,44
66,110,82,44
49,37,82,44
40,83,82,44
66,110,82,44
85,22,82,44
66,110,82,44
40,83,82,44
66,110,82,44
81,75,82,44
88,125,82,44
49,37,82,44
66,110,82,44
56,106,82,44
88,125,82,44
49,37,82,44
40,83,82,44
66,110,82,44
56,106,82,44
88,125,82,44
49,37,82,44
66,110,82,44
56,106,82,44
49,37,82,44
55,77,82,44
40,83,82,44
66,110,82,44
56,106,82,44
49,37,82,44
66,110,82,44
56,106,82,44
49,37,82,44
66,110,82,44
56,106,82,44
49,37,82,44
36,50,82,44
66,110,82,44
56,106,82,44
88,125,82,44
49,37,82,44
36,50,82,44
66,110,82,44
56,106,82,44
88,125,82,44
49,37,82,44
66,110,82,44
56,106,82,44
88,125,82,44
63,108,82,44
66,110,82,44
56,106,82,44
88,125,82,44
49,37,82,44
66,110,82,44
56,106,82,44
88,125,82,44
66,110,82,44
56,106,82,44
88,125,82,44
66,110,82,44
56,106,82,44
88,125,82,44
66,110,82,44
56,106,82,44
28,100,82,44
20,5,82,44
49,37,82,44
66,110,82,44
56,106,82,44
28,100,82,44
66,110,82,44
56,106,82,44
28,100,82,44
88,125,82,44
49,37,82,44
66,110,82,44
28,100,82,44
49,37,82,44
66,110,82,44
28,100,82,44
49,37,82,44
66,110,82,44
56,106,82,44
28,100,82,44
49,37,82,44
66,110,82,44
56,106,82,44
28,100,82,44
49,37,82,44
66,110,82,44
56,106,82,44
28,100,82,44
49,37,82,44
66,110,82,44
56,106,82,44
28,100,82,44
49,37,82,44
66,110,82,44
56,106,82,44
28,100,82,44
88,125,82,44
49,37,82,44
66,110,82,44
56,106,82,44
49,37,82,44
66,110,82,44
56,106,82,44
66,110,82,44
56,106,82,44
66,110,82,44
56,106,82,44
66,110,82,44
56,106,82,44
28,100,82,44
49,37,82,44
66,110,82,44
56,106,82,44
28,100,82,44
49,37,82,44
66,110,82,44
28,100,82,44
20,5,82,44
49,37,82,44
66,110,82,44
56,106,82,44
28,100,82,44
20,5,82,44
66,110,82,44
56,106,82,44
56,100,82,44
88,64,82,44
66,110,82,44
56,106,82,44
28,100,82,44
49,37,82,44
56,100,82,44
66,110,82,44
56,106,82,44
66,110,82,44
56,106,82,44
20,5,82,44
49,37,82,44
56,100,82,44
66,110,82,44
56,106,82,44
15,62,82,44
20,5,82,44
66,110,82,44
56,106,82,44
66,110,82,44
56,106,82,44
28,100,82,44
66,110,82,44
56,106,82,44
66,110,82,44
56,106,82,44
66,110,82,44
56,106,82,44
49,37,82,44
66,110,82,44
56,106,82,44
49,37,82,44
56,100,82,44
66,110,82,44
56,106,82,44
49,37,82,44
66,110,82,44
56,106,82,44
49,37,82,44
66,110,82,44
56,106,82,44
49,37,82,44
56,106,82,44
49,37,82,44
66,110,82,44
56,106,82,44
49,37,82,44
56,100,82,44
56,106,82,44
28,100,82,44
49,37,82,44
56,100,82,44
28,100,82,44
49,37,82,44
52,13,82,44
56,106,82,44
28,100,82,44
20,5,82,44
49,37,82,44
49,37,82,44
94,109,82,44
85,22,82,44
94,109,82,44
115,61,82,44
49,37,82,44
56,100,82,44
94,109,82,44
28,100,82,44
20,5,82,44
49,37,82,44
66,110,82,44
28,100,82,44
49,37,82,44
66,110,82,44
66,110,82,44
81,75,82,44
28,100,82,44
66,110,82,44
56,106,82,44
81,75,82,44
49,37,82,44
66,110,82,44
49,37,82,44
66,110,82,44
49,37,82,44
66,110,82,44
88,125,82,44
20,5,82,44
66,110,82,44
20,5,82,44
66,110,82,44
81,75,82,44
66,110,82,44
81,75,82,44
66,110,82,44
49,37,82,44
66,110,82,44
88,125,82,44
66,110,82,44
20,5,82,44
49,37,82,44
66,110,82,44
49,37,82,44
94,44,82,44
66,110,82,44
49,37,82,44
94,44,82,44
66,110,82,44
56,106,82,44
115,61,82,44
20,5,82,44
85,22,83,45
66,110,83,45
66,110,83,45
115,61,83,45
85,22,83,45
66,110,83,45
56,100,83,45
66,110,83,45
56,106,83,45
56,100,83,45
66,110,83,45
81,75,83,45
66,110,83,45
81,75,83,45
66,110,83,45
81,75,83,45
66,110,83,45
56,100,83,45
66,110,83,45
81,75,83,45
49,37,83,45
56,100,83,45
66,110,83,45
56,100,83,45
66,110,83,45
66,110,83,45
88,125,83,45
49,37,83,45
66,110,83,45
88,125,83,45
56,100,83,45
66,110,83,45
81,75,83,45
88,125,83,45
20,5,83,45
56,100,83,45
66,110,83,45
81,75,83,45
88,125,83,45
56,100,83,45
66,110,83,45
81,75,83,45
88,125,83,45
66,110,83,45
81,75,83,45
28,100,83,45
88,125,83,45
49,37,83,45
66,110,83,45
81,75,83,45
88,125,83,45
49,37,83,45
66,110,83,45
81,75,83,45
28,100,83,45
88,125,83,45
49,37,83,45
66,110,83,45
81,75,83,45
88,125,83,45
20,5,83,45
49,37,83,45
66,110,83,45
28,100,83,45
88,125,83,45
115,61,83,45
49,37,83,45
66,110,83,45
28,100,83,45
88,125,83,45
20,5,83,45
85,22,83,45
66,110,83,45
28,100,83,45
88,125,83,45
115,61,83,45
66,110,83,45
28,100,83,45
85,22,83,45
66,110,83,45
28,100,83,45
66,110,83,45
28,100,83,45
115,61,83,45
66,110,83,45
28,100,83,45
49,37,83,45
66,110,83,45
56,106,83,45
88,125,83,45
85,22,83,45
66,110,83,45
88,125,83,45
85,22,83,45
66,110,83,45
56,100,83,45
85,22,83,45
66,110,83,45
28,100,83,45
66,110,83,45
88,125,83,45
66,110,83,45
88,125,83,45
66,110,83,45
85,22,83,45
66,110,83,45
85,22,83,45
66,110,83,45
55,77,83,45
66,110,83,45
66,110,83,45
88,125,83,45
94,44,83,45
85,22,83,45
66,110,83,45
66,110,83,45
66,110,83,45
49,37,83,45
66,110,83,45
49,37,83,45
28,56,83,45
66,110,83,45
85,22,83,45
66,110,83,45
66,110,83,45
53,14,83,45
66,110,83,45
66,110,83,45
56,100,83,45
66,110,83,45
28,100,83,45
75,110,83,45
66,110,83,45
56,100,83,45
28,100,83,45
75,110,83,45
81,75,83,45
85,22,83,45
81,75,83,45
81,75,83,45
41,5,83,45
85,22,83,45
81,75,83,45
115,61,83,45
85,22,83,45
81,75,83,45
115,61,83,45
41,5,83,45
85,22,83,45
81,75,83,45
115,61,83,45
85,22,83,45
81,75,83,45
115,61,83,45
41,5,83,45
85,22,83,45
81,75,83,45
85,22,83,45
81,75,83,45
56,100,83,45
85,22,83,45
81,75,83,45
85,22,83,45
81,75,83,45
115,61,83,45
81,75,83,45
115,61,83,45
85,22,83,45
81,75,83,45
115,61,83,45
85,22,83,45
81,75,83,45
115,61,83,45
56,100,83,45
85,22,83,45
81,75,83,45
115,61,83,45
85,22,83,45
81,75,83,45
85,22,83,45
81,75,83,45
85,22,83,45
81,75,83,45
49,37,83,45
81,75,83,45
81,75,83,45
81,75,83,45
81,75,83,45
81,75,83,45
40,83,83,45
85,22,83,45
81,75,83,45
28,100,83,45
109,83,83,45
85,22,83,45
66,110,83,45
81,75,83,45
28,100,83,45
85,22,83,45
81,75,83,45
28,100,83,45
81,75,83,45
28,100,83,45
81,75,83,45
28,100,83,45
85,22,83,45
66,110,83,45
81,75,83,45
28,100,83,45
81,75,83,45
28,100,83,45
20,5,83,45
81,75,83,45
28,100,83,45
81,75,83,45
28,100,83,45
81,75,83,45
28,100,83,45
81,75,83,45
85,22,83,45
81,75,83,45
28,100,83,45
81,75,83,45
28,100,83,45
88,125,83,45
81,75,83,45
28,100,83,45
88,125,83,45
81,75,83,45
28,100,83,45
81,75,83,45
28,100,83,45
85,22,83,45
100,112,83,45
81,75,83,45
28,100,83,45
85,22,83,45
100,112,83,45
81,75,83,45
28,100,83,45
81,75,83,45
28,100,83,45
56,100,83,45
85,22,83,45
66,110,83,45
81,75,83,45
28,100,83,45
85,22,83,45
81,75,83,45
28,100,83,45
85,22,83,45
81,75,83,45
28,100,83,45
88,125,83,45
85,22,83,45
81,75,83,45
28,100,83,45
85,22,83,45
81,75,83,45
28,100,83,45
56,100,83,45
66,110,83,45
81,75,83,45
28,100,83,45
56,100,83,45
85,22,83,45
81,75,83,45
28,100,83,45
85,22,83,45
81,75,83,45
28,100,83,45
85,22,83,45
81,75,83,45
28,100,83,45
85,22,83,45
81,75,83,45
28,100,83,45
66,110,83,45
81,75,83,45
28,100,83,45
66,110,83,45
81,75,83,45
28,100,83,45
85,22,83,45
81,75,83,45
28,100,83,45
53,14,83,45
56,100,83,45
85,22,83,45
81,75,83,45
28,100,83,45
85,22,83,45
81,75,83,45
28,100,83,45
85,22,83,45
81,75,83,45
28,100,83,45
85,22,83,45
81,75,83,45
28,100,83,45
85,22,83,45
66,110,83,45
81,75,83,45
28,100,83,45
85,22,83,45
122,73,83,45
81,75,83,45
28,100,83,45
85,22,83,45
81,75,83,45
28,100,83,45
81,75,83,45
28,100,83,45
85,22,83,45
122,73,83,45
81,75,83,45
28,100,83,45
20,5,83,45
81,75,83,45
28,100,83,45
81,75,83,45
28,100,83,45
66,110,84,46
81,75,84,46
28,100,84,46
66,110,84,46
81,75,84,46
28,100,84,46
81,75,84,46
28,100,84,46
81,75,84,46
28,100,84,46
81,75,84,46
9,19,84,46
28,100,84,46
81,75,84,46
9,19,84,46
28,100,84,46
15,110,84,46
81,75,84,46
28,100,84,46
81,75,84,46
28,100,84,46
81,75,84,46
28,100,84,46
20,5,84,46
81,75,84,46
9,19,84,46
28,100,84,46
20,5,84,46
81,75,84,46
9,19,84,46
28,100,84,46
81,75,84,46
28,100,84,46
85,22,84,46
81,75,84,46
28,100,84,46
85,22,84,46
67,63,84,46
81,75,84,46
28,100,84,46
85,22,84,46
67,63,84,46
81,75,84,46
28,100,84,46
85,22,84,46
67,63,84,46
81,75,84,46
28,100,84,46
85,22,84,46
81,75,84,46
28,100,84,46
20,5,84,46
85,22,84,46
81,75,84,46
28,100,84,46
88,125,84,46
85,22,84,46
81,75,84,46
28,100,84,46
56,100,84,46
85,22,84,46
81,75,84,46
28,100,84,46
85,22,84,46
66,110,84,46
81,75,84,46
28,100,84,46
88,125,84,46
85,22,84,46
81,75,84,46
28,100,84,46
56,100,84,46
85,22,84,46
81,75,84,46
28,100,84,46
15,110,84,46
85,22,84,46
81,75,84,46
28,100,84,46
85,22,84,46
81,75,84,46
28,100,84,46
81,75,84,46
9,19,84,46
28,100,84,46
85,22,84,46
81,75,84,46
9,19,84,46
28,100,84,46
85,22,84,46
81,75,84,46
9,19,84,46
28,100,84,46
81,75,84,46
28,100,84,46
85,22,84,46
81,75,84,46
28,100,84,46
85,22,84,46
66,110,84,46
122,73,84,46
81,75,84,46
28,100,84,46
115,61,84,46
20,5,84,46
81,75,84,46
9,19,84,46
28,100,84,46
85,22,84,46
81,75,84,46
9,19,84,46
28,100,84,46
85,22,84,46
81,75,84,46
28,100,84,46
20,5,84,46
85,22,84,46
81,75,84,46
28,100,84,46
20,5,84,46
85,22,84,46
28,100,84,46
85,22,84,46
81,75,84,46
28,100,84,46
85,22,84,46
81,75,84,46
9,19,84,46
28,100,84,46
85,22,84,46
81,75,84,46
9,19,84,46
28,100,84,46
85,22,84,46
81,75,84,46
28,100,84,46
85,22,84,46
81,75,84,46
28,100,84,46
115,61,84,46
13,42,84,46
85,22,84,46
81,75,84,46
28,100,84,46
115,61,84,46
85,22,84,46
81,75,84,46
28,100,84,46
81,75,84,46
28,100,84,46
115,61,84,46
56,100,84,46
85,22,84,46
81,75,84,46
28,100,84,46
115,61,84,46
85,22,84,46
66,110,84,46
81,75,84,46
28,100,84,46
56,100,84,46
85,22,84,46
81,75,84,46
28,100,84,46
115,61,84,46
81,75,84,46
28,100,84,46
115,61,84,46
20,5,84,46
81,75,84,46
28,100,84,46
20,5,84,46
56,100,84,46
81,75,84,46
28,100,84,46
85,22,84,46
81,75,84,46
28,100,84,46
115,61,84,46
81,75,84,46
28,100,84,46
115,61,84,46
81,75,84,46
28,100,84,46
115,61,84,46
81,75,84,46
28,100,84,46
115,61,84,46
85,22,84,46
81,75,84,46
9,19,84,46
28,100,84,46
115,61,84,46
56,100,84,46
81,75,84,46
28,100,84,46
115,61,84,46
56,100,84,46
81,75,84,46
28,100,84,46
115,61,84,46
81,75,84,46
28,100,84,46
115,61,84,46
56,100,84,46
81,75,84,46
28,100,84,46
115,61,84,46
81,75,84,46
9,19,84,46
28,100,84,46
115,61,84,46
81,75,84,46
28,100,84,46
115,61,84,46
85,22,84,46
81,75,84,46
28,100,84,46
88,125,84,46
115,61,84,46
81,75,84,46
28,100,84,46
88,125,84,46
81,75,84,46
28,100,84,46
88,125,84,46
81,75,84,46
28,100,84,46
88,125,84,46
85,22,84,46
81,75,84,46
28,100,84,46
88,125,84,46
85,22,84,46
28,100,84,46
88,125,84,46
20,5,84,46
85,22,84,46
81,75,84,46
28,100,84,46
88,125,84,46
20,5,84,46
56,100,84,46
85,22,84,46
81,75,84,46
28,100,84,46
88,125,84,46
85,22,84,46
81,75,84,46
28,100,84,46
88,125,84,46
85,22,84,46
81,75,84,46
28,100,84,46
88,125,84,46
52,22,84,46
81,75,84,46
28,100,84,46
88,125,84,46
85,22,84,46
81,75,84,46
28,100,84,46
88,125,84,46
85,22,84,46
81,75,84,46
28,100,84,46
88,125,84,46
52,22,84,46
85,22,84,46
81,75,84,46
28,100,84,46
88,125,84,46
52,22,84,46
66,110,84,46
81,75,84,46
28,100,84,46
88,125,84,46
77,80,84,46
66,110,84,46
81,75,84,46
28,100,84,46
40,83,84,46
28,56,84,46
66,110,84,46
81,75,84,46
28,100,84,46
85,22,84,46
66,110,84,46
81,75,84,46
28,100,84,46
26,27,84,46
56,100,84,46
81,75,84,46
88,125,84,46
90,2,84,46
26,27,84,46
56,100,84,46
81,75,84,46
88,125,84,46
26,27,84,46
56,100,84,46
88,64,84,46
81,75,84,46
9,19,84,46
36,29,84,46
88,125,84,46
15,62,84,46
26,27,84,46
66,62,84,46
60,14,84,46
81,75,84,46
28,100,84,46
36,29,84,46
88,125,84,46
115,61,84,46
100,64,84,46
14,13,84,46
56,100,84,46
36,50,84,46
85,22,84,46
37,64,84,46
81,75,84,46
28,100,84,46
88,125,84,46
100,64,84,46
49,50,84,46
52,13,84,46
36,50,84,46
49,36,84,46
56,24,84,46
81,75,84,46
70,59,84,46
28,100,84,46
115,61,84,46
63,108,84,46
23,120,84,46
36,64,84,46
9,19,84,46
28,100,84,46
88,125,84,46
115,61,84,46
59,69,84,46
26,27,84,46
85,22,84,46
69,4,84,46
9,19,84,46
28,100,84,46
115,61,84,46
48,49,84,46
85,22,84,46
69,4,84,46
62,113,84,46
9,47,84,46
9,19,84,46
28,100,84,46
88,125,84,46
115,61,84,46
63,108,84,46
27,50,84,46
80,79,84,46
103,122,84,46
85,65,84,46
62,113,84,46
9,47,84,46
28,100,84,46
88,125,84,46
63,108,84,46
65,22,84,46
46,39,84,46
85,65,84,46
62,113,84,46
28,100,84,46
70,69,84,46
15,50,84,46
88,125,84,46
27,67,84,46
48,49,84,46
85,42,84,46
40,69,84,46
53,14,84,46
13,115,84,46
46,39,84,46
101,22,84,46
62,113,84,46
70,69,84,46
88,125,84,46
27,67,84,46
63,108,84,46
101,8,84,46
60,61,84,46
46,39,84,46
101,22,84,46
112,67,84,46
62,113,84,46
70,59,84,46
70,69,84,46
115,61,84,46
27,67,84,46
24,9,84,46
60,115,84,46
101,8,84,46
14,115,84,46
14,8,84,46
60,61,84,46
46,39,84,46
112,67,84,46
115,61,84,46
24,9,84,46
60,115,84,46
112,29,84,46
60,61,84,46
115,61,84,46
60,115,84,46
112,29,84,46
60,61,84,46
115,6,84,46
60,6,84,46
115,61,84,46
60,115,84,46
112,29,84,46
5,61,84,46
60,61,84,46
115,6,84,46
61,6,84,46
41,65,84,46
60,6,84,46
115,61,84,46
60,115,84,46
81,19,84,46
23,120,84,46
112,29,84,46
73,74,84,46
60,61,84,46
115,61,84,46
60,115,84,46
112,29,84,46
60,61,84,46
41,65,84,46
115,61,84,46
60,115,84,46
60,61,84,46
41,65,84,46
24,40,84,46
115,61,84,46
23,67,84,46
60,115,84,46
112,29,84,46
60,61,84,46
41,65,84,46
6,74,84,46
26,75,84,46
56,106,84,46
115,61,84,46
23,67,84,46
23,112,84,46
60,115,84,46
112,29,84,46
60,61,84,46
67,29,84,46
56,106,84,46
28,100,84,46
115,74,84,46
23,67,84,46
23,112,84,46
112,29,84,46
23,29,84,46
73,74,84,46
60,61,84,46
15,51,84,46
41,65,84,46
56,106,84,46
28,100,84,46
60,61,84,46
15,51,84,46
6,74,84,46
56,106,84,46
60,61,84,46
6,74,84,46
56,106,84,46
60,61,84,46
56,106,84,46
85,101,84,46
60,61,84,46
56,106,84,46
85,42,84,46
101,42,84,46
60,61,84,46
56,23,84,46
106,23,84,46
56,106,84,46
101,42,84,46
60,61,84,46
56,23,84,46
106,23,84,46
56,106,84,46
60,61,84,46
106,23,84,46
56,106,84,46
60,61,84,46
56,106,84,46
56,106,84,46
60,61,84,46
29,47,84,46
29,47,84,46
15,51,85,47
66,51,85,47
66,51,85,47
29,47,85,47
23,120,85,47
60,61,85,47
60,61,85,47
60,61,85,47
80,61,85,47
60,61,85,47
53,14,85,47
80,61,85,47
60,61,85,47
60,80,85,47
53,14,85,47
80,61,85,47
53,14,85,47
80,61,85,47
53,14,85,47
80,61,85,47
53,14,85,47
53,14,85,47
16,55,85,47
16,14,85,47
53,14,85,47
53,14,85,47
53,14,85,47
53,14,85,47
53,14,85,47
53,14,85,47
53,14,85,47
53,14,85,47
53,14,85,47
53,14,85,47
53,14,85,47
53,14,85,47
53,14,85,47
53,14,85,47
35,115,85,47
35,115,85,47
81,36,86,48
3,4,105,49
24,37,105,49
37,4,105,49
24,37,105,49
27,4,105,49
24,27,105,49
27,37,105,49
24,37,105,49
27,4,105,49
24,27,105,49
27,37,105,49
37,4,105,49
24,37,105,49
82,3,105,49
37,4,105,49
94,3,105,49
106,45,105,49
24,27,105,49
37,4,105,49
24,37,105,49
26,27,105,49
24,26,105,49
106,45,105,49
24,27,105,49
37,4,105,49
24,66,105,49
26,27,105,49
24,26,105,49
106,45,105,49
37,4,105,49
24,37,105,49
26,37,105,49
26,27,105,49
24,26,105,49
37,4,105,49
24,37,105,49
24,26,105,49
37,4,105,49
24,26,105,49
37,4,105,49
66,37,105,49
27,66,105,49
27,37,105,49
27,37,105,49
26,27,105,49
77,4,105,49
26,66,105,49
66,37,105,49
27,37,105,49
26,37,105,49
106,37,105,49
66,11,105,49
26,11,105,49
106,66,105,49
26,66,105,49
66,37,105,49
106,26,105,49
26,37,105,49
106,11,105,49
37,11,105,49
106,37,105,49
106,66,105,49
27,11,105,49
66,37,105,49
106,26,105,49
27,37,105,49
26,37,105,49
106,11,105,49
37,11,105,49
26,11,105,49
26,37,105,49
37,11,105,49
16,77,105,49
26,11,105,49
27,37,105,49
26,37,105,49
26,27,105,49
37,11,105,49
26,11,105,49
16,11,105,49
37,11,105,49
26,16,105,49
26,11,105,49
66,37,105,49
26,37,105,49
37,11,105,49
26,16,105,49
106,37,105,49
26,11,105,49
106,66,105,49
106,26,105,49
26,37,105,49
16,68,105,49
68,33,105,49
106,37,105,49
106,25,105,49
26,11,105,49
24,26,105,49
106,37,105,49
24,37,105,49
106,11,105,49
26,109,105,49
106,37,105,49
26,11,105,49
106,66,105,49
106,24,105,49
82,44,105,49
106,26,105,49
24,37,105,49
94,44,105,49
26,37,105,49
88,16,105,49
26,16,105,49
106,37,105,49
24,37,105,49
88,16,105,49
24,26,105,49
26,16,105,49
24,11,105,49
24,37,105,49
37,11,105,49
24,26,105,49
26,16,105,49
94,109,105,49
11,33,105,49
24,37,105,49
88,37,105,49
88,66,105,49
106,37,105,49
24,88,105,49
106,88,105,49
56,88,105,49
37,11,105,49
88,37,105,49
106,45,105,49
94,109,105,49
24,88,105,49
82,109,105,49
106,88,105,49
24,25,105,49
37,11,105,49
88,37,105,49
43,44,105,49
16,68,105,49
106,37,105,49
23,25,105,49
82,109,105,49
56,25,105,49
56,106,105,49
106,88,105,49
37,33,105,49
11,33,105,49
56,88,105,49
88,37,105,49
43,44,105,49
16,68,105,49
106,37,105,49
23,25,105,49
82,109,105,49
23,16,105,49
106,88,105,49
106,12,105,49
24,37,105,49
56,88,105,49
43,44,105,49
88,68,105,49
106,37,105,49
23,16,105,49
37,33,105,49
24,16,105,49
106,12,105,49
24,66,105,49
43,44,105,49
82,109,105,49
23,16,105,49
88,12,105,49
11,40,105,49
106,88,105,49
94,43,105,49
106,12,105,49
24,66,105,49
56,88,105,49
43,44,105,49
25,16,105,49
82,109,105,49
23,16,105,49
88,12,105,49
94,43,105,49
16,120,105,49
56,88,105,49
82,109,105,49
56,106,105,49
44,17,105,49
106,88,105,49
94,43,105,49
40,45,105,49
24,66,105,49
109,99,105,49
56,88,105,49
43,44,105,49
26,25,105,49
82,109,105,49
106,88,105,49
94,43,105,49
23,120,105,49
56,88,105,49
43,44,105,49
88,66,105,49
26,25,105,49
11,45,105,49
77,59,105,49
12,69,105,49
56,54,105,49
106,88,105,49
94,43,105,49
23,120,105,49
88,54,105,49
106,54,105,49
56,88,105,49
66,54,105,49
88,66,105,49
11,45,105,49
82,109,105,49
77,59,105,49
56,106,105,49
30,68,105,49
106,88,105,49
93,16,105,49
106,12,105,49
106,54,105,49
11,45,105,49
82,109,105,49
33,69,105,49
56,106,105,49
16,59,105,49
93,82,105,49
75,12,105,49
23,27,105,49
70,99,105,49
82,109,105,49
33,69,105,49
16,69,105,49
82,54,105,49
88,125,105,49
24,75,105,49
90,77,105,49
109,54,105,49
66,29,105,49
23,26,105,49
94,44,105,49
109,99,105,49
23,27,105,49
44,59,105,49
68,33,105,49
79,69,105,49
33,69,105,49
82,32,105,49
64,125,105,49
88,125,105,49
75,66,105,49
23,26,105,49
93,44,105,49
109,99,105,49
45,69,105,49
82,109,105,49
59,69,105,49
44,17,105,49
40,69,105,49
23,120,105,49
90,77,105,49
23,26,105,49
82,109,105,49
32,113,105,49
59,69,105,49
40,69,105,49
23,120,105,49
90,77,105,49
23,26,105,49
68,33,105,49
82,109,105,49
44,78,105,49
32,113,105,49
44,31,105,49
68,4,105,49
59,69,105,49
111,59,105,49
68,33,105,49
51,11,105,49
111,69,105,49
56,106,105,49
23,66,105,49
32,113,105,49
59,69,105,49
1,44,105,49
11,33,105,49
88,36,105,49
51,11,105,49
111,69,105,49
59,69,105,49
23,120,105,49
51,11,105,49
66,120,105,49
59,69,105,49
23,120,105,49
59,69,105,49
59,69,105,49
40,83,105,49
40,83,105,49
59,69,105,49
40,83,105,49
93,2,105,49
59,69,105,49
3,107,105,49
59,69,105,49
3,107,105,49
93,2,105,49
59,69,105,49
44,99,105,49
36,50,105,49
93,2,105,49
64,125,105,49
59,69,105,49
64,125,105,49
56,106,105,49
59,69,105,49
36,50,105,49
93,2,105,49
56,106,105,49
59,69,105,49
36,50,105,49
56,106,105,49
59,69,105,49
36,50,105,49
93,2,105,49
56,106,105,49
59,69,105,49
44,99,105,49
36,50,105,49
56,106,105,49
59,69,105,49
36,50,105,49
56,106,105,49
59,69,105,49
36,50,105,49
56,106,105,49
59,69,105,49
44,99,105,49
3,107,105,49
36,50,105,49
56,106,105,49
59,69,105,49
44,99,105,49
3,107,105,49
36,50,105,49
56,106,105,49
18,20,105,49
59,69,105,49
36,50,105,49
56,106,105,49
18,20,105,49
59,69,105,49
44,99,105,49
3,107,105,49
36,50,105,49
98,108,105,49
56,106,105,49
59,69,105,49
3,107,105,49
36,50,105,49
59,69,105,49
3,107,105,49
36,50,105,49
56,106,105,49
59,69,105,49
44,99,105,49
3,107,105,49
98,108,105,49
56,106,105,49
59,69,105,49
44,99,105,49
3,107,105,49
56,106,105,49
59,69,105,49
44,99,105,49
3,107,105,49
56,106,105,49
59,69,105,49
3,107,105,49
98,108,105,49
56,106,105,49
59,69,105,49
3,107,105,49
36,50,105,49
56,106,105,49
59,69,105,49
44,99,105,49
36,50,105,49
56,106,105,49
59,69,105,49
98,108,105,49
56,106,105,49
59,69,105,49
44,99,105,49
36,50,105,49
98,108,105,49
56,106,105,49
59,69,105,49
98,108,105,49
56,106,105,49
59,69,105,49
44,99,105,49
56,106,105,49
59,69,105,49
44,99,105,49
56,106,106,50
59,69,106,50
44,99,106,50
56,106,106,50
59,69,106,50
44,99,106,50
36,50,106,50
56,106,106,50
59,69,106,50
44,99,106,50
36,50,106,50
56,106,106,50
28,100,106,50
59,69,106,50
44,99,106,50
56,106,106,50
59,69,106,50
44,99,106,50
56,106,106,50
59,69,106,50
44,99,106,50
36,50,106,50
64,125,106,50
56,106,106,50
59,69,106,50
56,106,106,50
59,69,106,50
44,99,106,50
56,106,106,50
59,69,106,50
44,99,106,50
56,106,106,50
28,100,106,50
59,69,106,50
44,99,106,50
98,108,106,50
56,106,106,50
59,69,106,50
44,99,106,50
56,106,106,50
59,69,106,50
44,99,106,50
56,106,106,50
59,69,106,50
44,99,106,50
36,50,106,50
56,106,106,50
59,69,106,50
44,99,106,50
56,106,106,50
59,69,106,50
44,99,106,50
56,106,106,50
59,69,106,50
44,99,106,50
36,50,106,50
56,106,106,50
59,69,106,50
36,50,106,50
56,106,106,50
59,69,106,50
36,50,106,50
56,106,106,50
59,69,106,50
44,99,106,50
56,106,106,50
59,69,106,50
44,99,106,50
98,108,106,50
56,106,106,50
59,69,106,50
44,99,106,50
36,50,106,50
56,106,106,50
59,69,106,50
56,106,106,50
59,69,106,50
44,99,106,50
56,106,106,50
59,69,106,50
44,99,106,50
56,106,106,50
59,69,106,50
44,99,106,50
98,108,106,50
56,106,106,50
59,69,106,50
44,99,106,50
56,106,106,50
59,69,106,50
44,99,106,50
56,106,106,50
59,69,106,50
44,99,106,50
56,106,106,50
59,69,106,50
44,99,106,50
36,50,106,50
109,68,106,50
56,106,106,50
59,69,106,50
44,99,106,50
109,68,106,50
56,106,106,50
59,69,106,50
44,99,106,50
56,106,106,50
59,69,106,50
44,99,106,50
56,106,106,50
59,69,106,50
44,99,106,50
36,50,106,50
56,106,106,50
59,69,106,50
44,99,106,50
36,50,106,50
56,106,106,50
59,69,106,50
44,99,106,50
56,106,106,50
59,69,106,50
44,99,106,50
56,106,106,50
59,69,106,50
44,99,106,50
56,106,106,50
59,69,106,50
44,99,106,50
56,106,106,50
59,69,106,50
36,50,106,50
56,106,106,50
59,69,106,50
44,99,106,50
36,50,106,50
56,106,106,50
59,69,106,50
44,99,106,50
56,106,106,50
59,69,106,50
56,106,106,50
59,69,106,50
44,99,106,50
56,106,106,50
59,69,106,50
44,99,106,50
98,108,106,50
56,106,106,50
59,69,106,50
56,106,106,50
59,69,106,50
44,99,106,50
56,106,106,50
59,69,106,50
44,99,106,50
56,100,106,50
56,106,106,50
28,100,106,50
59,69,106,50
44,99,106,50
56,106,106,50
28,100,106,50
59,69,106,50
44,99,106,50
56,106,106,50
28,100,106,50
59,69,106,50
44,99,106,50
98,108,106,50
56,106,106,50
28,100,106,50
59,69,106,50
44,99,106,50
56,106,106,50
28,100,106,50
59,69,106,50
44,99,106,50
56,106,106,50
28,100,106,50
59,69,106,50
44,99,106,50
56,106,106,50
28,100,106,50
59,69,106,50
44,99,106,50
36,50,106,50
56,106,106,50
28,100,106,50
59,69,106,50
44,99,106,50
56,106,106,50
28,100,106,50
59,69,106,50
44,99,106,50
56,106,106,50
28,100,106,50
44,99,106,50
36,50,106,50
56,106,106,50
28,100,106,50
59,69,106,50
44,99,106,50
36,50,106,50
56,106,106,50
28,100,106,50
59,69,106,50
44,99,106,50
56,106,106,50
28,100,106,50
59,69,106,50
44,99,106,50
36,50,106,50
56,106,106,50
28,100,106,50
59,69,106,50
44,99,106,50
56,106,106,50
59,69,106,50
44,99,106,50
56,106,106,50
28,100,106,50
59,69,106,50
44,99,106,50
98,108,106,50
56,106,106,50
28,100,106,50
44,99,106,50
36,50,106,50
98,108,106,50
56,106,106,50
59,69,106,50
44,99,106,50
36,50,106,50
56,106,106,50
28,100,106,50
44,99,106,50
56,106,106,50
28,100,106,50
59,69,106,50
44,99,106,50
36,50,106,50
56,106,106,50
28,100,106,50
59,69,106,50
44,99,106,50
98,108,106,50
56,106,106,50
28,100,106,50
59,69,106,50
44,99,106,50
36,50,106,50
56,106,106,50
45,83,106,50
28,100,106,50
59,69,106,50
44,99,106,50
36,50,106,50
56,106,106,50
28,100,106,50
59,69,106,50
44,99,106,50
36,50,106,50
98,108,106,50
56,106,106,50
28,100,106,50
59,69,106,50
44,99,106,50
36,50,106,50
56,106,106,50
28,100,106,50
59,69,106,50
44,99,106,50
36,50,106,50
56,106,106,50
28,100,106,50
88,125,106,50
59,69,106,50
44,99,106,50
36,50,106,50
56,106,106,50
28,100,106,50
88,125,106,50
59,69,106,50
44,99,106,50
36,50,106,50
56,106,106,50
28,100,106,50
59,69,106,50
56,106,106,50
28,100,106,50
59,69,106,50
44,99,106,50
56,106,106,50
28,100,106,50
59,69,106,50
44,99,106,50
56,106,106,50
28,100,106,50
59,69,106,50
44,99,106,50
56,106,106,50
28,100,106,50
44,99,106,50
36,50,106,50
56,106,106,50
28,100,106,50
44,99,106,50
36,50,106,50
67,63,106,50
56,106,106,50
28,100,106,50
88,125,106,50
15,62,106,50
44,99,106,50
98,108,106,50
56,106,106,50
28,100,106,50
59,69,106,50
101,70,106,50
98,108,106,50
56,106,106,50
28,100,106,50
59,69,106,50
44,99,106,50
56,106,106,50
28,100,106,50
59,69,106,50
56,106,106,50
28,100,106,50
59,69,106,50
44,99,106,50
98,108,106,50
56,106,106,50
81,75,106,50
28,100,106,50
15,62,106,50
59,69,106,50
44,99,106,50
98,108,106,50
56,106,106,50
81,75,106,50
28,100,106,50
44,99,106,50
36,50,106,50
56,106,106,50
81,75,106,50
28,100,106,50
59,69,106,50
98,108,106,50
56,106,106,50
28,100,106,50
59,69,106,50
36,50,106,50
56,106,106,50
28,100,106,50
59,69,106,50
36,50,106,50
98,108,106,50
56,106,106,50
28,100,106,50
59,69,106,50
36,50,106,50
98,108,106,50
56,106,106,50
28,100,106,50
44,99,106,50
36,50,106,50
56,106,106,50
28,100,106,50
36,50,106,50
98,108,106,50
56,106,106,50
28,100,106,50
44,99,106,50
36,50,106,50
98,108,106,50
56,106,106,50
28,100,106,50
44,99,106,50
98,108,106,50
56,106,106,50
1,99,106,50
28,100,106,50
88,125,106,50
44,99,106,50
36,50,106,50
98,108,106,50
56,106,106,50
28,100,106,50
88,125,106,50
44,99,106,50
36,50,106,50
98,108,106,50
56,106,106,50
28,100,106,50
88,125,106,50
59,69,106,50
98,108,106,50
56,106,106,50
28,100,106,50
88,125,106,50
59,69,106,50
101,70,106,50
36,50,106,50
98,108,106,50
56,106,106,50
28,100,106,50
88,125,106,50
59,69,106,50
44,99,106,50
98,108,106,50
67,63,106,50
56,106,106,50
28,100,106,50
88,125,106,50
59,69,106,50
98,108,106,50
56,106,106,50
28,100,106,50
88,125,106,50
59,69,106,50
101,70,106,50
98,108,106,50
56,106,106,50
28,100,106,50
88,125,106,50
59,69,106,50
56,106,106,50
28,100,106,50
59,69,106,50
56,106,106,50
28,100,106,50
88,125,106,50
59,69,106,50
98,108,106,50
56,106,106,50
28,100,106,50
59,69,106,50
98,108,106,50
56,106,106,50
28,100,106,50
59,69,106,50
44,99,106,50
98,108,106,50
56,106,106,50
28,100,106,50
59,69,106,50
44,99,106,50
98,108,106,50
56,106,106,50
28,100,106,50
59,69,106,50
36,50,106,50
98,108,106,50
14,5,106,50
64,125,106,50
56,106,106,50
28,100,106,50
44,99,106,50
98,108,106,50
64,125,106,50
56,106,106,50
28,100,106,50
59,69,106,50
44,99,106,50
18,14,106,50
56,106,106,50
28,100,106,50
59,69,106,50
44,99,106,50
36,50,106,50
98,108,106,50
18,14,106,50
56,106,106,50
28,100,106,50
44,99,106,50
98,108,106,50
56,106,106,50
81,75,106,50
28,100,106,50
59,69,106,50
44,99,106,50
98,108,106,50
56,106,106,50
81,75,106,50
28,100,106,50
59,69,106,50
44,99,106,50
96,13,106,50
36,50,106,50
98,108,106,50
56,106,106,50
28,100,106,50
59,69,106,50
44,99,106,50
56,106,106,50
28,100,106,50
59,69,106,50
36,50,106,50
98,108,106,50
102,20,106,50
56,106,106,50
28,100,106,50
36,50,106,50
98,108,106,50
56,106,106,50
28,100,106,50
59,69,106,50
98,108,107,51
30,4,107,51
56,106,107,51
28,100,107,51
59,69,107,51
98,108,107,51
56,106,107,51
59,69,107,51
98,108,107,51
14,5,107,51
56,106,107,51
13,5,107,51
96,5,107,51
96,14,107,51
96,13,107,51
14,13,107,51
98,108,107,51
56,106,107,51
13,6,107,51
44,99,107,51
98,108,107,51
56,106,107,51
59,69,107,51
96,13,107,51
98,108,107,51
56,106,107,51
59,69,107,51
98,108,107,51
56,106,107,51
14,20,107,51
44,99,107,51
14,13,107,51
18,13,107,51
98,108,107,51
56,106,107,51
59,69,107,51
44,99,107,51
98,108,107,51
20,13,107,51
56,106,107,51
36,50,107,51
20,13,107,51
56,106,107,51
20,41,107,51
44,99,107,51
14,38,107,51
36,50,107,51
41,13,107,51
20,13,107,51
56,106,107,51
20,41,107,51
59,69,107,51
14,8,107,51
36,50,107,51
56,106,107,51
59,69,107,51
41,5,107,51
53,14,107,51
20,5,107,51
44,99,107,51
14,13,107,51
56,106,107,51
53,14,107,51
20,5,107,51
67,63,107,51
56,106,107,51
41,5,107,51
53,14,107,51
20,5,107,51
96,13,107,51
36,50,107,51
56,106,107,51
41,5,107,51
20,5,107,51
44,99,107,51
14,38,107,51
56,106,107,51
20,5,107,51
14,38,107,51
56,106,107,51
20,5,107,51
14,38,107,51
56,106,107,51
44,99,107,51
56,106,107,51
44,99,107,51
14,115,107,51
89,73,107,51
56,106,107,51
81,75,107,51
44,99,107,51
56,106,107,51
81,75,107,51
88,125,107,51
56,106,107,51
53,14,107,51
56,106,107,51
81,75,107,51
56,106,107,51
81,75,107,51
53,14,107,51
44,99,107,51
56,106,107,51
81,75,107,51
53,14,107,51
56,106,107,51
81,75,107,51
53,14,107,51
56,106,107,51
53,14,107,51
56,106,107,51
53,14,107,51
96,13,107,51
30,4,107,51
56,106,107,51
53,14,107,51
96,13,107,51
30,4,107,51
56,106,107,51
53,14,107,51
96,13,107,51
30,4,107,51
56,106,107,51
81,75,107,51
53,14,107,51
96,13,107,51
30,4,107,51
56,106,107,51
53,14,107,51
96,13,107,51
30,4,107,51
56,106,107,51
81,75,107,51
53,14,107,51
30,4,107,51
56,106,107,51
81,75,107,51
53,14,107,51
117,22,107,51
30,4,107,51
56,106,107,51
88,125,107,51
53,14,107,51
44,99,107,51
117,22,107,51
85,22,107,51
56,106,107,51
53,14,107,51
52,96,107,51
117,22,107,51
85,22,107,51
56,106,107,51
53,14,107,51
117,22,107,51
56,106,107,51
53,14,107,51
52,96,107,51
117,22,107,51
56,106,107,51
53,14,107,51
52,96,107,51
117,22,107,51
56,106,107,51
52,18,107,51
53,14,107,51
117,22,107,51
56,106,107,51
53,14,107,51
52,13,107,51
117,22,107,51
56,106,107,51
53,14,107,51
52,13,107,51
117,22,107,51
56,106,107,51
53,14,107,51
117,22,107,51
56,106,107,51
53,14,107,51
44,99,107,51
117,22,107,51
56,106,107,51
81,75,107,51
53,14,107,51
20,5,107,51
44,99,107,51
81,66,107,51
117,22,107,51
56,106,107,51
88,125,107,51
53,14,107,51
44,99,107,51
117,22,107,51
56,106,107,51
81,75,107,51
53,14,107,51
44,99,107,51
117,22,107,51
56,106,107,51
81,75,107,51
53,14,107,51
44,99,107,51
52,13,107,51
36,50,107,51
117,22,107,51
56,106,107,51
81,75,107,51
53,14,107,51
44,99,107,51
117,22,107,51
56,106,107,51
53,14,107,51
44,99,107,51
28,104,107,51
117,22,107,51
56,106,107,51
81,75,107,51
53,14,107,51
44,99,107,51
117,22,107,51
56,106,107,51
53,14,107,51
44,99,107,51
117,22,107,51
56,106,107,51
53,14,107,51
44,99,107,51
117,22,107,51
56,106,107,51
53,14,107,51
117,22,107,51
56,106,107,51
117,22,107,51
56,106,107,51
117,22,107,51
30,4,107,51
56,106,107,51
20,5,107,51
117,22,107,51
30,4,107,51
56,106,107,51
117,22,107,51
56,106,107,51
88,125,107,51
44,99,107,51
117,22,107,51
56,106,107,51
44,99,107,51
36,50,107,51
117,22,107,51
56,106,107,51
44,99,107,51
117,22,107,51
56,106,107,51
44,99,107,51
117,22,107,51
30,4,107,51
56,106,107,51
53,14,107,51
40,45,107,51
20,5,107,51
44,99,107,51
117,22,107,51
85,22,107,51
56,106,107,51
88,125,107,51
53,14,107,51
44,99,107,51
117,22,107,51
85,22,107,51
30,4,107,51
56,106,107,51
88,125,107,51
53,14,107,51
44,99,107,51
117,22,107,51
56,106,107,51
53,14,107,51
44,99,107,51
117,22,107,51
85,22,107,51
56,106,107,51
88,125,107,51
44,99,107,51
117,22,107,51
85,22,107,51
56,106,107,51
88,125,107,51
53,14,107,51
44,99,107,51
117,22,107,51
85,22,107,51
56,106,107,51
44,99,107,51
85,22,107,51
56,106,107,51
20,5,107,51
44,99,107,51
85,22,107,51
56,106,107,51
20,5,107,51
44,99,107,51
117,22,107,51
85,22,107,51
56,106,107,51
53,14,107,51
20,5,107,51
44,99,107,51
85,22,107,51
30,4,107,51
56,106,107,51
53,14,107,51
44,99,107,51
85,22,107,51
30,4,107,51
56,106,107,51
53,14,107,51
44,99,107,51
52,13,107,51
117,22,107,51
85,22,107,51
56,106,107,51
53,14,107,51
44,99,107,51
52,96,107,51
117,22,107,51
85,22,107,51
56,106,107,51
53,14,107,51
44,99,107,51
85,22,107,51
56,106,107,51
53,14,107,51
44,99,107,51
52,96,107,51
85,22,107,51
56,106,107,51
88,125,107,51
53,14,107,51
44,99,107,51
117,22,107,51
85,22,107,51
56,106,107,51
44,99,107,51
52,13,107,51
85,22,107,51
30,4,107,51
56,106,107,51
53,14,107,51
44,99,107,51
117,22,107,51
85,22,107,51
56,106,107,51
81,75,107,51
88,125,107,51
53,14,107,51
44,99,107,51
117,22,107,51
85,22,107,51
67,63,107,51
56,106,107,51
81,75,107,51
53,14,107,51
21,6,107,51
44,99,107,51
85,22,107,51
67,63,107,51
56,106,107,51
81,75,107,51
53,14,107,51
21,6,107,51
85,22,107,51
67,63,107,51
56,106,107,51
81,75,107,51
20,5,107,51
44,99,107,51
85,22,107,51
56,106,107,51
81,75,107,51
88,125,107,51
44,99,107,51
117,22,107,51
85,22,107,51
56,106,107,51
81,75,107,51
88,125,107,51
53,14,107,51
85,22,107,51
56,106,107,51
81,75,107,51
88,125,107,51
44,99,107,51
85,22,107,51
56,106,107,51
81,75,107,51
59,69,107,51
44,99,107,51
85,22,107,51
56,106,107,51
81,75,107,51
59,69,107,51
53,14,107,51
117,22,107,51
85,22,107,51
56,106,107,51
59,69,107,51
53,14,107,51
44,99,107,51
85,22,107,51
56,106,107,51
59,69,107,51
53,14,107,51
44,99,107,51
85,22,107,51
56,106,107,51
59,69,107,51
44,99,107,51
96,13,107,51
117,22,107,51
85,22,107,51
56,106,107,51
59,69,107,51
44,99,107,51
117,22,107,51
85,22,107,51
56,106,107,51
88,125,107,51
44,99,107,51
117,22,107,51
85,22,107,51
67,63,107,51
56,106,107,51
88,125,107,51
59,69,107,51
53,14,107,51
44,99,107,51
117,22,107,51
85,22,107,51
56,106,107,51
81,75,107,51
59,69,107,51
53,14,107,51
44,99,107,51
98,108,107,51
117,22,107,51
85,22,107,51
67,63,107,51
56,106,107,51
53,14,107,51
44,99,107,51
85,22,107,51
56,106,107,51
59,69,107,51
44,99,107,51
117,22,107,51
85,22,107,51
67,63,107,51
56,106,107,51
44,99,107,51
117,22,107,51
85,22,107,51
67,63,107,51
56,106,107,51
59,69,107,51
44,99,107,51
98,108,107,51
117,22,107,51
85,22,107,51
56,106,107,51
44,99,107,51
98,108,107,51
117,22,107,51
85,22,107,51
56,106,107,51
81,75,107,51
44,99,107,51
98,108,107,51
117,22,107,51
85,22,107,51
56,106,107,51
81,75,107,51
44,99,107,51
52,96,107,51
98,108,107,51
117,22,107,51
85,22,107,51
56,106,107,51
59,69,107,51
44,99,107,51
52,96,107,51
98,108,107,51
117,22,107,51
85,22,107,51
56,106,107,51
59,69,107,51
44,99,107,51
52,96,107,51
117,22,107,51
85,22,107,51
56,106,107,51
59,69,107,51
44,99,107,51
98,108,107,51
117,22,107,51
85,22,107,51
56,106,107,51
44,99,107,51
98,108,107,51
117,22,107,51
85,22,107,51
56,106,107,51
59,69,107,51
52,96,107,51
98,108,107,51
117,22,107,51
85,22,107,51
56,106,107,51
59,69,107,51
44,99,107,51
52,96,107,51
98,108,107,51
117,22,107,51
85,22,107,51
56,106,107,51
20,5,107,51
44,99,107,51
52,96,107,51
98,108,107,51
117,22,107,51
85,22,107,51
56,106,107,51
44,99,107,51
52,96,107,51
98,108,107,51
56,106,107,51
20,5,107,51
44,99,107,51
52,96,107,51
98,108,107,51
56,106,107,51
44,99,107,51
52,96,107,51
98,108,107,51
85,22,107,51
56,106,107,51
44,99,107,51
98,108,107,51
56,106,107,51
81,75,107,51
59,69,107,51
44,99,107,51
98,108,107,51
56,106,107,51
81,75,107,51
59,69,107,51
20,5,107,51
44,99,107,51
36,50,107,51
98,108,107,51
56,106,107,51
44,99,107,51
98,108,107,51
56,106,107,51
44,99,107,51
98,108,107,51
56,106,107,51
44,99,107,51
98,108,107,51
85,22,107,51
56,106,107,51
44,99,107,51
98,108,108,52
85,22,108,52
56,106,108,52
45,83,108,52
53,14,108,52
44,99,108,52
85,22,108,52
56,106,108,52
53,14,108,52
44,99,108,52
98,108,108,52
85,22,108,52
56,106,108,52
44,99,108,52
85,22,108,52
56,106,108,52
44,99,108,52
36,50,108,52
98,108,108,52
85,22,108,52
56,106,108,52
40,45,108,52
44,99,108,52
98,108,108,52
85,22,108,52
56,106,108,52
88,125,108,52
53,14,108,52
44,99,108,52
85,22,108,52
56,106,108,52
88,125,108,52
44,99,108,52
52,13,108,52
98,108,108,52
56,106,108,52
44,99,108,52
98,108,108,52
85,22,108,52
56,106,108,52
59,69,108,52
44,99,108,52
98,108,108,52
56,106,108,52
20,5,108,52
44,99,108,52
85,22,108,52
56,106,108,52
20,5,108,52
44,99,108,52
85,22,108,52
56,106,108,52
44,99,108,52
85,22,108,52
56,106,108,52
44,99,108,52
98,108,108,52
85,22,108,52
56,106,108,52
40,45,108,52
98,108,108,52
85,22,108,52
56,106,108,52
85,22,108,52
56,106,108,52
98,108,108,52
85,22,108,52
56,106,108,52
98,108,108,52
85,22,108,52
56,106,108,52
88,125,108,52
44,99,108,52
98,108,108,52
109,68,108,52
56,106,108,52
59,69,108,52
20,5,108,52
44,99,108,52
51,11,108,52
109,68,108,52
85,22,108,52
56,106,108,52
44,99,108,52
36,50,108,52
98,108,108,52
109,68,108,52
85,22,108,52
56,106,108,52
59,69,108,52
44,99,108,52
109,68,108,52
85,22,108,52
56,106,108,52
44,99,108,52
28,104,108,52
109,68,108,52
85,22,108,52
56,106,108,52
88,125,108,52
59,69,108,52
44,99,108,52
28,104,108,52
51,11,108,52
109,68,108,52
85,22,108,52
56,106,108,52
88,125,108,52
59,69,108,52
44,99,108,52
96,13,108,52
52,13,108,52
28,104,108,52
36,50,108,52
98,108,108,52
109,68,108,52
56,106,108,52
59,69,108,52
44,99,108,52
36,50,108,52
109,68,108,52
56,106,108,52
81,75,108,52
44,99,108,52
109,68,108,52
85,22,108,52
56,106,108,52
52,13,108,52
109,68,108,52
64,125,108,52
56,106,108,52
52,13,108,52
98,108,108,52
109,68,108,52
56,106,108,52
28,104,108,52
109,68,108,52
85,22,108,52
56,106,108,52
109,68,108,52
85,22,108,52
41,13,108,52
56,106,108,52
98,108,108,52
109,68,108,52
30,4,108,52
56,106,108,52
52,13,108,52
51,11,108,52
109,68,108,52
56,106,108,52
52,13,108,52
98,108,108,52
109,68,108,52
56,106,108,52
52,13,108,52
109,68,108,52
56,106,108,52
20,5,108,52
52,13,108,52
109,68,108,52
85,22,108,52
56,106,108,52
20,5,108,52
52,13,108,52
98,108,108,52
109,68,108,52
56,106,108,52
81,75,108,52
52,13,108,52
98,108,108,52
109,68,108,52
56,106,108,52
20,5,108,52
51,11,108,52
98,108,108,52
109,68,108,52
56,106,108,52
59,69,108,52
20,5,108,52
98,108,108,52
109,68,108,52
67,63,108,52
56,106,108,52
81,75,108,52
20,5,108,52
52,96,108,52
98,108,108,52
109,68,108,52
56,106,108,52
81,75,108,52
98,108,108,52
109,68,108,52
85,22,108,52
56,106,108,52
81,75,108,52
20,5,108,52
52,13,108,52
98,108,108,52
109,68,108,52
85,22,108,52
56,106,108,52
81,75,108,52
52,13,108,52
98,108,108,52
109,68,108,52
95,55,108,52
56,106,108,52
81,75,108,52
52,13,108,52
98,108,108,52
109,68,108,52
85,22,108,52
95,55,108,52
56,106,108,52
53,14,108,52
20,5,108,52
109,68,108,52
56,106,108,52
52,13,108,52
109,68,108,52
85,22,108,52
95,55,108,52
56,106,108,52
13,5,108,52
20,5,108,52
52,13,108,52
98,108,108,52
109,68,108,52
85,22,108,52
95,55,108,52
56,106,108,52
88,125,108,52
20,5,108,52
52,13,108,52
28,104,108,52
109,68,108,52
85,22,108,52
56,106,108,52
52,13,108,52
98,108,108,52
109,68,108,52
56,106,108,52
52,18,108,52
52,13,108,52
28,104,108,52
98,108,108,52
109,68,108,52
85,22,108,52
56,106,108,52
109,68,108,52
85,22,108,52
56,106,108,52
98,108,108,52
109,68,108,52
56,106,108,52
98,108,108,52
56,106,108,52
88,125,108,52
86,22,108,52
98,108,108,52
109,68,108,52
56,106,108,52
81,75,108,52
88,125,108,52
52,13,108,52
98,108,108,52
109,68,108,52
56,106,108,52
36,50,108,52
98,108,108,52
109,68,108,52
85,22,108,52
56,106,108,52
81,75,108,52
52,13,108,52
98,108,108,52
109,68,108,52
56,106,108,52
88,125,108,52
52,13,108,52
98,108,108,52
109,68,108,52
85,22,108,52
56,106,108,52
88,125,108,52
96,13,108,52
52,13,108,52
98,108,108,52
109,68,108,52
56,106,108,52
20,5,108,52
52,13,108,52
98,108,108,52
109,68,108,52
30,4,108,52
56,106,108,52
52,13,108,52
98,108,108,52
85,22,108,52
56,106,108,52
52,13,108,52
85,22,108,52
56,106,108,52
52,13,108,52
67,63,108,52
95,55,108,52
56,106,108,52
81,75,108,52
86,22,108,52
56,106,108,52
81,75,108,52
15,62,108,52
109,68,108,52
67,63,108,52
56,106,108,52
67,63,108,52
56,106,108,52
86,22,108,52
96,13,108,52
67,63,108,52
56,106,108,52
96,13,108,52
109,68,108,52
67,63,108,52
95,55,108,52
56,106,108,52
88,125,108,52
96,13,108,52
98,108,108,52
109,68,108,52
85,22,108,52
67,63,108,52
56,106,108,52
96,13,108,52
109,68,108,52
67,63,108,52
56,106,108,52
96,13,108,52
98,108,108,52
109,68,108,52
67,63,108,52
56,106,108,52
96,13,108,52
109,68,108,52
67,63,108,52
56,106,108,52
96,13,108,52
109,68,108,52
3,79,108,52
56,106,108,52
52,18,108,52
33,78,108,52
96,13,108,52
51,11,108,52
70,3,108,52
98,108,108,52
67,63,108,52
56,106,108,52
59,69,108,52
96,13,108,52
51,11,108,52
98,108,108,52
109,68,108,52
67,63,108,52
56,106,108,52
52,18,108,52
96,13,108,52
51,11,108,52
98,108,108,52
109,68,108,52
67,63,108,52
56,106,108,52
96,13,108,52
51,11,108,52
98,108,108,52
109,68,108,52
56,106,108,52
45,83,108,52
81,66,108,52
96,13,108,52
51,11,108,52
98,108,108,52
109,68,108,52
56,106,108,52
28,100,108,52
88,125,108,52
75,66,108,52
81,66,108,52
96,13,108,52
51,11,108,52
98,108,108,52
56,106,108,52
88,125,108,52
82,113,108,52
52,18,108,52
81,66,108,52
1,4,108,52
96,13,108,52
51,11,108,52
98,108,108,52
101,55,108,52
56,106,108,52
28,100,108,52
88,125,108,52
81,66,108,52
96,13,108,52
51,11,108,52
36,50,108,52
98,108,108,52
88,125,108,52
15,62,108,52
44,99,108,52
111,45,108,52
81,66,108,52
96,13,108,52
26,27,108,52
51,44,108,52
25,58,108,52
98,108,108,52
36,64,108,52
106,48,108,52
81,75,108,52
26,67,108,52
51,77,108,52
52,18,108,52
96,13,108,52
56,88,108,52
98,108,108,52
88,125,108,52
20,5,108,52
86,22,108,52
96,13,108,52
51,44,108,52
56,88,108,52
26,108,108,52
85,22,108,52
88,125,108,52
77,113,108,52
77,11,108,52
15,67,108,52
52,18,108,52
20,5,108,52
108,125,108,52
96,13,108,52
51,44,108,52
52,13,108,52
67,108,108,52
85,22,108,52
29,108,108,52
67,63,108,52
81,75,108,52
88,125,108,52
77,113,108,52
52,18,108,52
20,5,108,52
86,22,108,52
16,44,108,52
96,13,108,52
91,86,108,52
36,64,108,52
52,13,108,52
67,108,108,52
111,77,108,52
85,22,108,52
67,63,108,52
11,79,108,52
81,75,108,52
32,11,108,52
88,125,108,52
52,18,108,52
86,22,108,52
16,44,108,52
15,1,108,52
96,13,108,52
36,64,108,52
15,11,108,52
52,13,108,52
85,22,108,52
67,63,108,52
41,13,108,52
52,18,108,52
77,40,108,52
81,66,108,52
108,125,108,52
96,13,108,52
36,64,108,52
67,108,108,52
3,11,108,52
77,44,108,52
101,32,108,52
52,18,108,52
96,13,108,52
36,64,108,52
52,13,108,52
26,108,108,52
67,108,108,52
15,51,108,52
3,11,108,52
26,75,108,52
77,44,108,52
52,18,108,52
96,13,108,52
36,64,108,52
26,108,108,52
67,108,108,52
15,51,108,52
52,20,108,52
58,110,108,52
52,18,108,52
53,14,108,52
96,13,108,52
73,74,108,52
14,73,108,52
36,64,108,52
9,14,108,52
39,74,108,52
26,108,108,52
67,108,108,52
15,51,108,52
81,120,108,52
26,67,108,52
58,110,108,52
52,18,108,52
95,101,108,52
96,13,108,52
36,64,108,52
52,13,108,52
15,51,108,52
117,22,108,52
75,11,108,52
111,99,108,52
58,110,108,52
52,18,108,52
101,79,108,52
53,13,108,52
96,13,108,52
1,107,108,52
36,64,108,52
15,51,108,52
117,22,108,52
81,120,108,52
11,79,108,52
20,114,108,52
58,110,108,52
96,42,108,52
48,108,108,52
96,13,108,52
94,59,108,52
67,108,108,52
81,120,108,52
58,110,108,52
16,44,108,52
11,6,108,52
48,108,108,52
94,59,108,52
67,108,108,52
5,115,108,52
117,22,108,52
75,6,108,52
58,110,108,52
53,14,108,52
16,44,108,52
11,6,108,52
59,31,108,52
36,64,108,52
94,59,108,52
67,108,108,52
15,51,108,52
117,22,108,52
108,20,108,52
67,20,108,52
58,110,108,52
53,14,108,52
16,44,108,52
11,6,108,52
59,31,108,52
67,108,108,52
15,51,108,52
79,78,108,52
117,22,108,52
86,42,108,52
67,63,108,52
28,125,108,52
28,100,108,52
58,110,108,52
63,108,108,52
16,44,108,52
59,31,108,52
115,47,108,52
36,64,108,52
67,108,108,52
28,104,108,52
15,51,108,52
81,120,108,52
47,42,108,52
58,110,108,52
16,44,108,52
59,31,108,52
48,108,108,52
12,47,108,52
11,12,108,52
54,31,108,52
67,108,108,52
15,51,108,52
86,42,108,52
30,44,108,52
81,120,108,52
28,106,108,52
58,110,108,52
30,12,108,52
53,41,108,52
59,31,108,52
11,44,108,52
67,108,108,52
15,51,108,52
81,120,108,52
104,108,108,52
36,64,108,52
104,67,108,52
58,110,108,52
59,31,108,52
27,20,108,52
67,108,108,52
15,51,108,52
117,22,108,52
81,120,108,52
104,108,108,52
36,64,108,52
27,44,108,52
64,108,108,52
104,67,108,52
1,32,108,52
88,125,108,52
58,110,108,52
27,20,108,52
36,108,108,52
104,64,108,52
67,108,108,52
15,51,108,52
79,78,108,52
16,30,108,52
81,120,108,52
104,108,108,52
64,108,108,52
104,67,108,52
58,110,108,52
13,78,108,52
15,51,108,52
16,20,108,52
104,110,108,52
26,120,108,52
81,120,108,52
81,26,108,52
104,108,108,52
36,64,108,52
104,67,108,52
58,110,108,52
30,13,108,52
67,108,108,52
15,51,108,52
104,110,108,52
81,120,108,52
104,108,108,52
36,64,108,52
104,67,108,52
32,79,108,52
58,110,108,52
1,44,108,52
30,13,108,52
15,51,108,52
104,110,108,52
31,47,108,52
104,108,108,52
36,64,108,52
104,67,108,52
58,110,108,52
48,108,108,52
36,108,108,52
15,51,108,52
104,110,108,52
104,108,108,52
36,64,108,52
117,115,108,52
64,108,108,52
104,67,108,52
88,125,108,52
58,110,108,52
30,13,108,52
36,108,108,52
15,51,108,52
104,108,108,52
36,64,108,52
104,67,108,52
88,125,108,52
58,110,108,52
59,31,108,52
56,88,108,52
67,108,108,52
15,51,108,52
104,108,108,52
111,99,108,52
104,67,108,52
88,125,108,52
58,110,108,52
93,62,108,52
30,13,108,52
36,108,108,52
101,42,108,52
67,108,108,52
15,51,108,52
104,108,108,52
111,99,108,52
104,67,108,52
58,110,108,52
93,62,108,52
85,42,108,52
26,48,108,52
67,108,108,52
15,51,108,52
104,108,108,52
67,64,108,52
26,33,108,52
104,67,108,52
88,125,108,52
58,110,108,52
52,22,108,52
5,22,108,52
41,22,108,52
12,2,108,52
26,48,108,52
56,88,108,52
67,108,108,52
15,51,108,52
58,67,108,52
58,108,108,52
104,108,108,52
36,64,108,52
104,67,108,52
58,110,108,52
52,22,108,52
56,88,108,52
67,108,108,52
15,51,108,52
75,11,108,52
58,108,108,52
104,108,108,52
36,64,108,52
104,67,108,52
58,110,108,52
52,22,108,52
101,42,108,52
41,22,108,52
56,88,108,52
104,108,108,52
104,67,108,52
26,48,108,52
56,88,108,52
67,108,108,52
15,51,108,52
81,27,108,52
58,108,108,52
104,108,108,52
104,67,108,52
58,110,108,52
52,22,108,52
101,42,108,52
41,22,108,52
28,64,108,52
56,88,108,52
56,88,108,52
67,108,108,52
15,51,108,52
58,108,108,52
104,108,108,52
104,67,108,52
1,32,108,52
58,110,108,52
28,36,108,52
53,14,108,52
28,64,108,52
85,101,108,52
56,88,108,52
56,88,108,52
104,63,108,52
67,108,108,52
15,51,108,52
53,22,108,52
14,22,108,52
104,108,108,52
36,64,108,52
58,104,108,52
104,67,108,52
58,110,108,52
63,108,108,52
28,36,108,52
27,59,108,52
28,64,108,52
26,27,108,52
13,42,108,52
56,88,108,52
104,63,108,52
67,108,108,52
15,51,108,52
58,108,108,52
104,108,108,52
111,99,108,52
16,31,108,52
44,78,108,52
104,67,108,52
30,20,108,52
32,79,108,52
58,110,108,52
12,42,108,52
63,108,108,52
28,36,108,52
30,13,108,52
31,42,108,52
28,64,108,52
12,31,108,52
11,12,108,52
26,27,108,52
13,42,108,52
56,88,108,52
104,63,108,52
67,108,108,52
15,51,108,52
11,2,108,52
51,31,108,52
58,108,108,52
104,108,108,52
111,99,108,52
16,31,108,52
44,78,108,52
104,67,108,52
30,20,108,52
32,79,108,52
58,110,108,52
30,12,108,52
63,108,108,52
30,11,108,52
26,27,108,52
56,88,108,52
104,63,108,52
67,108,108,52
15,51,108,52
85,31,108,52
51,31,108,52
58,50,108,52
104,108,108,52
67,63,108,52
36,64,108,52
111,99,108,52
16,31,108,52
44,78,108,52
104,67,108,52
14,20,108,52
58,110,108,52
52,22,108,52
63,108,108,52
28,36,108,52
30,13,108,52
15,31,108,52
28,64,108,52
11,12,108,52
26,27,108,52
58,59,108,52
104,63,108,52
67,108,108,52
15,51,108,52
93,30,108,52
85,31,108,52
104,108,108,52
67,63,108,52
36,64,108,52
111,99,108,52
16,31,108,52
104,67,108,52
54,79,108,52
14,20,108,52
52,22,108,52
63,108,108,52
28,36,108,52
30,13,108,52
52,5,108,52
28,64,108,52
30,11,108,52
11,12,109,53
26,27,109,53
56,88,109,53
104,63,109,53
67,108,109,53
24,58,109,53
26,50,109,53
54,12,109,53
15,51,109,53
117,22,109,53
50,59,109,53
108,59,109,53
51,31,109,53
104,108,109,53
111,99,109,53
16,31,109,53
41,13,109,53
44,78,109,53
104,67,109,53
13,5,109,53
14,20,109,53
30,12,109,53
63,108,109,53
28,36,109,53
27,50,109,53
52,5,109,53
91,86,109,53
30,11,109,53
26,27,109,53
56,88,109,53
104,63,109,53
67,108,109,53
24,58,109,53
15,110,109,53
15,51,109,53
104,108,109,53
27,62,109,53
67,63,109,53
36,64,109,53
111,99,109,53
16,31,109,53
44,78,109,53
110,31,109,53
104,67,109,53
13,5,109,53
26,62,109,53
51,110,109,53
63,108,109,53
28,36,109,53
52,5,109,53
53,14,109,53
20,5,109,53
48,58,109,53
58,33,109,53
26,27,109,53
56,88,109,53
67,108,109,53
15,110,109,53
15,51,109,53
53,22,109,53
14,22,109,53
81,26,109,53
104,108,109,53
27,62,109,53
67,63,109,53
111,99,109,53
16,31,109,53
110,31,109,53
85,74,109,53
104,67,109,53
13,5,109,53
26,62,109,53
12,79,109,53
51,110,109,53
63,108,109,53
53,14,109,53
81,33,109,53
20,5,109,53
90,77,109,53
26,27,109,53
56,88,109,53
67,108,109,53
24,58,109,53
15,110,109,53
15,51,109,53
54,40,109,53
104,29,109,53
14,22,109,53
104,108,109,53
27,62,109,53
67,63,109,53
111,99,109,53
16,31,109,53
41,13,109,53
44,78,109,53
110,31,109,53
20,13,109,53
104,67,109,53
26,62,109,53
63,108,109,53
28,36,109,53
53,14,109,53
50,62,109,53
11,12,109,53
26,27,109,53
104,63,109,53
67,108,109,53
24,58,109,53
15,110,109,53
15,51,109,53
104,29,109,53
53,22,109,53
29,108,109,53
14,22,109,53
104,108,109,53
27,62,109,53
67,63,109,53
111,99,109,53
16,31,109,53
44,78,109,53
110,31,109,53
104,67,109,53
26,62,109,53
12,79,109,53
51,110,109,53
63,108,109,53
28,36,109,53
27,50,109,53
53,14,109,53
50,62,109,53
26,27,109,53
56,88,109,53
104,63,109,53
24,58,109,53
15,110,109,53
15,51,109,53
104,29,109,53
53,22,109,53
67,29,109,53
14,22,109,53
32,12,109,53
27,62,109,53
67,63,109,53
111,99,109,53
16,31,109,53
117,115,109,53
44,78,109,53
110,31,109,53
82,54,109,53
104,67,109,53
26,62,109,53
51,110,109,53
89,65,109,53
30,6,109,53
27,50,109,53
53,14,109,53
50,62,109,53
26,27,109,53
56,88,109,53
104,63,109,53
67,108,109,53
26,50,109,53
53,22,109,53
14,22,109,53
104,108,109,53
27,62,109,53
67,63,109,53
111,99,109,53
16,31,109,53
44,78,109,53
104,67,109,53
26,62,109,53
51,110,109,53
63,108,109,53
27,50,109,53
53,14,109,53
50,62,109,53
90,77,109,53
9,13,109,53
13,22,109,53
26,27,109,53
56,88,109,53
104,63,109,53
67,108,109,53
20,22,109,53
26,50,109,53
15,110,109,53
63,29,109,53
15,51,109,53
114,22,109,53
104,29,109,53
29,108,109,53
115,22,109,53
14,22,109,53
104,108,109,53
27,62,109,53
67,63,109,53
111,99,109,53
16,31,109,53
44,78,109,53
110,31,109,53
104,67,109,53
1,32,109,53
26,62,109,53
51,110,109,53
63,108,109,53
27,50,109,53
53,14,109,53
26,27,109,53
56,88,109,53
104,63,109,53
67,108,109,53
15,110,109,53
63,29,109,53
104,29,109,53
29,108,109,53
67,29,109,53
115,22,109,53
85,47,109,53
104,108,109,53
27,62,109,53
67,63,109,53
36,64,109,53
111,99,109,53
16,31,109,53
44,78,109,53
104,67,109,53
26,62,109,53
51,110,109,53
63,108,109,53
85,72,109,53
50,62,109,53
26,27,109,53
56,88,109,53
104,63,109,53
67,108,109,53
15,110,109,53
63,29,109,53
104,29,109,53
29,108,109,53
67,29,109,53
104,108,109,53
27,62,109,53
67,63,109,53
111,99,109,53
44,78,109,53
104,67,109,53
26,62,109,53
63,108,109,53
53,14,109,53
50,62,109,53
11,6,109,53
11,12,109,53
26,27,109,53
52,13,109,53
104,63,109,53
67,108,109,53
15,110,109,53
63,29,109,53
15,51,109,53
104,29,109,53
29,108,109,53
67,29,109,53
32,12,109,53
104,108,109,53
27,62,109,53
67,63,109,53
111,99,109,53
104,67,109,53
26,62,109,53
51,110,109,53
63,108,109,53
52,13,109,53
56,88,109,53
67,108,109,53
15,110,109,53
63,29,109,53
15,51,109,53
9,22,109,53
104,29,109,53
1,6,109,53
29,108,109,53
67,29,109,53
1,3,109,53
104,108,109,53
27,62,109,53
67,63,109,53
104,67,109,53
26,62,109,53
51,110,109,53
63,108,109,53
27,50,109,53
1,12,109,53
56,88,109,53
67,108,109,53
28,104,109,53
15,110,109,53
9,22,109,53
29,108,109,53
27,62,109,53
67,63,109,53
16,31,109,53
44,78,109,53
51,110,109,53
63,108,109,53
27,50,109,53
50,62,109,53
30,11,109,53
56,88,109,53
67,108,109,53
15,110,109,53
15,51,109,53
9,22,109,53
27,62,109,53
16,31,109,53
63,108,109,53
28,64,109,53
9,14,109,53
56,88,109,53
67,108,109,53
28,104,109,53
81,26,109,53
27,62,109,53
16,31,109,53
38,42,109,53
20,13,109,53
63,108,109,53
28,64,109,53
56,88,109,53
104,64,109,53
67,108,109,53
28,104,109,53
15,110,109,53
9,22,109,53
81,26,109,53
27,62,109,53
67,63,109,53
111,99,109,53
44,78,109,53
85,115,109,53
51,110,109,53
63,108,109,53
28,64,109,53
91,86,109,53
52,13,109,53
75,12,109,53
56,88,109,53
104,64,109,53
67,108,109,53
28,104,109,53
15,110,109,53
15,51,109,53
14,22,109,53
27,62,109,53
67,63,109,53
85,115,109,53
51,110,109,53
63,108,109,53
50,62,109,53
90,77,109,53
28,64,109,53
30,11,109,53
9,14,109,53
75,12,109,53
56,88,109,53
67,108,109,53
28,104,109,53
15,110,109,53
75,11,109,53
14,22,109,53
27,62,109,53
16,31,109,53
51,110,109,53
63,108,109,53
40,6,109,53
77,40,109,53
50,62,109,53
90,77,109,53
28,64,109,53
56,88,109,53
104,64,109,53
67,108,109,53
28,104,109,53
15,110,109,53
15,51,109,53
1,6,109,53
75,11,109,53
14,22,109,53
1,3,109,53
27,62,109,53
16,31,109,53
51,110,109,53
9,38,109,53
50,62,109,53
28,64,109,53
56,88,109,53
104,64,109,53
30,40,109,53
67,108,109,53
28,104,109,53
13,47,109,53
15,110,109,53
15,51,109,53
53,22,109,53
23,33,109,53
27,62,109,53
16,31,109,53
44,78,109,53
85,115,109,53
51,110,109,53
27,50,109,53
50,62,109,53
28,64,109,53
56,88,109,53
104,64,109,53
67,108,109,53
28,104,109,53
15,110,109,53
15,51,109,53
75,40,109,53
53,22,109,53
23,33,109,53
27,62,109,53
36,64,109,53
44,78,109,53
30,68,109,53
1,77,109,53
86,65,109,53
51,110,109,53
30,12,109,53
27,50,109,53
90,77,109,53
28,64,109,53
63,64,109,53
67,108,109,53
15,110,109,53
95,68,109,53
14,22,109,53
88,64,109,53
85,117,109,53
27,62,109,53
82,32,109,53
11,40,109,53
32,113,109,53
86,65,109,53
12,79,109,53
40,6,109,53
27,50,109,53
85,72,109,53
53,14,109,53
1,12,109,53
75,110,109,53
11,31,109,53
35,22,109,53
36,108,109,53
30,31,109,53
23,27,109,53
48,25,109,53
16,30,109,53
85,22,109,53
64,108,109,53
12,4,109,53
15,50,109,53
88,125,109,53
53,115,109,53
53,14,109,53
11,31,109,53
50,110,109,53
30,11,109,53
36,50,109,53
16,118,109,53
66,110,109,53
51,30,109,53
28,108,109,53
12,4,109,53
111,12,109,53
82,11,109,53
75,66,109,53
11,33,109,53
51,33,109,53
111,59,109,53
96,13,109,53
30,11,109,53
15,110,109,53
66,110,109,53
12,4,109,53
56,100,109,53
66,110,109,53
64,125,109,53
56,106,109,53
45,83,109,53
66,64,109,53
26,64,109,53
56,106,109,53
88,125,109,53
96,13,109,53
67,29,109,53
56,106,109,53
67,64,109,53
56,106,109,53
56,106,109,53
88,125,109,53
56,106,109,53
45,83,109,53
88,125,109,53
59,69,109,53
64,125,109,53
56,106,109,53
88,125,109,53
59,69,109,53
64,125,109,53
56,106,109,53
88,125,109,53
90,77,109,53
56,106,109,53
90,77,109,53
56,106,109,53
88,125,109,53
90,77,109,53
56,106,109,53
45,83,109,53
88,125,109,53
90,77,109,53
15,110,109,53
56,106,109,53
85,42,109,53
33,78,109,53
90,77,109,53
15,110,109,53
56,106,109,53
33,78,109,53
90,77,109,53
56,106,109,53
90,77,109,53
56,106,109,53
85,42,109,53
90,77,109,53
56,106,109,53
90,77,109,53
56,106,109,53
85,42,109,53
90,77,109,53
56,106,109,53
85,42,109,53
90,77,109,53
15,110,109,53
56,106,109,53
85,42,109,53
90,77,109,53
56,106,109,53
85,42,109,53
90,77,109,53
56,106,109,53
85,42,109,53
90,77,109,53
56,106,109,53
85,42,109,53
90,77,109,53
56,106,109,53
85,42,109,53
90,77,109,53
56,106,109,53
85,42,109,53
90,77,109,53
103,75,109,53
64,125,109,53
56,106,109,53
85,42,109,53
90,77,109,53
56,106,109,53
85,42,109,53
90,77,109,53
56,106,109,53
85,42,109,53
90,77,109,53
56,106,109,53
85,42,109,53
90,77,109,53
56,106,109,53
81,75,109,53
85,42,109,53
90,77,109,53
56,106,109,53
81,75,109,53
85,42,109,53
90,77,109,53
15,110,109,53
103,75,109,53
56,106,109,53
81,75,109,53
85,42,109,53
90,77,109,53
103,75,109,53
56,106,109,53
85,42,109,53
40,45,109,53
90,77,109,53
15,110,109,53
103,75,109,53
56,106,109,53
85,42,109,53
21,6,109,53
90,77,109,53
56,106,109,53
85,42,109,53
40,45,109,53
90,77,109,53
23,26,109,53
56,106,109,53
90,77,109,53
23,26,109,53
15,110,109,53
26,120,109,53
103,75,109,53
56,106,109,53
85,42,109,53
90,77,109,53
15,110,109,53
26,120,109,53
56,106,109,53
85,42,109,53
90,77,109,53
26,120,109,53
56,106,109,53
85,42,109,53
90,77,109,53
13,73,109,53
56,106,109,53
85,42,109,53
90,77,109,53
56,106,109,53
85,42,109,53
90,77,109,53
15,110,109,53
56,106,109,53
85,42,109,53
90,77,109,53
23,26,109,53
56,106,109,53
85,42,109,53
90,77,109,53
23,26,109,53
36,50,109,53
56,106,109,53
88,125,109,53
85,42,109,53
90,77,109,53
30,4,109,53
56,106,109,53
85,42,109,53
90,77,109,53
23,26,109,53
56,106,109,53
85,42,109,53
90,77,109,53
56,106,109,53
85,42,109,53
90,77,109,53
56,106,109,53
85,42,109,53
90,77,109,53
15,110,109,53
56,106,109,53
85,42,109,53
90,77,109,53
23,26,109,53
15,110,109,53
56,106,109,53
85,42,109,53
90,77,109,53
23,26,109,53
30,4,109,53
56,106,109,53
85,42,109,53
90,77,109,53
56,106,109,53
85,42,109,53
90,77,109,53
36,50,109,53
56,106,109,53
85,42,109,53
90,77,109,53
36,50,109,53
56,106,109,53
85,42,109,53
90,77,109,53
36,50,109,53
56,106,109,53
45,83,109,53
85,42,109,53
90,77,109,53
30,4,109,53
56,106,109,53
85,42,109,53
90,77,109,53
56,106,109,53
85,42,109,53
90,77,109,53
56,106,109,53
45,83,109,53
85,42,109,53
90,77,109,53
56,106,109,53
85,42,109,53
90,77,109,53
56,106,109,53
45,83,109,53
85,42,109,53
90,77,109,53
56,106,109,53
85,42,109,53
90,77,109,53
56,106,109,53
85,42,109,53
90,77,109,53
23,26,109,53
15,110,109,53
56,106,109,53
85,42,109,53
90,77,109,53
15,110,109,53
56,106,109,53
85,42,109,53
90,77,109,53
15,110,109,53
56,106,109,53
85,42,109,53
90,77,109,53
30,4,109,53
56,106,109,53
85,42,109,53
90,77,109,53
15,110,109,53
30,4,109,53
56,106,109,53
85,42,109,53
90,77,109,53
56,106,109,53
85,42,109,53
90,77,109,53
56,106,109,53
85,42,109,53
90,77,109,53
56,106,109,53
45,83,109,53
85,42,109,53
90,77,109,53
56,106,109,53
85,42,109,53
90,77,109,53
56,106,109,53
45,83,109,53
85,42,109,53
90,77,109,53
56,106,109,53
85,42,109,53
90,77,109,53
56,106,109,53
85,42,109,53
90,77,109,53
15,110,109,53
56,106,109,53
85,42,109,53
90,77,109,53
15,110,109,53
103,75,109,53
56,106,109,53
85,42,109,53
90,77,109,53
103,75,109,53
56,106,109,53
85,42,109,53
90,77,109,53
15,110,109,53
56,106,109,53
85,42,109,53
90,77,109,53
56,106,109,53
85,42,109,53
90,77,109,53
56,106,109,53
85,42,109,53
90,77,109,53
56,106,109,53
85,42,109,53
90,77,109,53
56,106,109,53
85,42,109,53
90,77,109,53
56,106,109,53
85,42,109,53
90,77,109,53
56,106,109,53
85,42,109,53
90,77,109,53
56,106,109,53
85,42,109,53
90,77,109,53
105,119,109,53
56,106,109,53
85,42,109,53
90,77,109,53
105,119,109,53
56,106,109,53
85,42,109,53
90,77,109,53
103,75,109,53
56,106,109,53
85,42,109,53
90,77,109,53
66,110,109,53
103,75,109,53
56,106,109,53
85,42,109,53
90,77,109,53
15,110,109,53
56,106,109,53
85,42,109,53
90,77,109,53
56,106,109,53
90,77,109,53
66,110,109,53
56,106,109,53
15,66,109,53
90,77,109,53
56,106,109,53
90,77,109,53
56,106,109,53
90,77,109,53
56,106,109,53
15,62,109,53
90,77,109,53
56,106,109,53
32,113,109,53
90,77,109,53
15,110,110,54
56,106,110,54
85,42,110,54
90,77,110,54
23,26,110,54
15,110,110,54
56,106,110,54
88,125,110,54
15,62,110,54
85,42,110,54
90,77,110,54
91,86,110,54
36,50,110,54
15,110,110,54
56,106,110,54
90,77,110,54
15,110,110,54
56,106,110,54
90,77,110,54
56,106,110,54
28,100,110,54
85,42,110,54
90,77,110,54
56,106,110,54
28,100,110,54
88,125,110,54
90,77,110,54
15,110,110,54
56,106,110,54
28,100,110,54
88,125,110,54
90,77,110,54
56,106,110,54
28,100,110,54
85,42,110,54
90,77,110,54
56,106,110,54
28,100,110,54
15,62,110,54
85,42,110,54
90,77,110,54
56,106,110,54
28,100,110,54
90,77,110,54
56,106,110,54
28,100,110,54
90,77,110,54
56,106,110,54
28,100,110,54
85,42,110,54
90,77,110,54
56,106,110,54
28,100,110,54
15,62,110,54
85,42,110,54
90,77,110,54
56,106,110,54
28,100,110,54
90,77,110,54
56,106,110,54
28,100,110,54
85,42,110,54
90,77,110,54
56,106,110,54
28,100,110,54
85,42,110,54
90,77,110,54
56,106,110,54
28,100,110,54
15,62,110,54
85,42,110,54
90,77,110,54
56,106,110,54
45,83,110,54
28,100,110,54
15,62,110,54
85,42,110,54
90,77,110,54
56,106,110,54
45,83,110,54
28,100,110,54
85,42,110,54
90,77,110,54
56,106,110,54
28,100,110,54
85,42,110,54
90,77,110,54
56,106,110,54
28,100,110,54
88,125,110,54
85,42,110,54
90,77,110,54
56,106,110,54
28,100,110,54
90,77,110,54
56,106,110,54
28,100,110,54
90,77,110,54
56,106,110,54
28,100,110,54
90,77,110,54
56,106,110,54
28,100,110,54
88,125,110,54
90,77,110,54
52,13,110,54
67,63,110,54
103,75,110,54
56,106,110,54
28,100,110,54
52,18,110,54
90,77,110,54
81,25,110,54
56,106,110,54
28,100,110,54
90,77,110,54
81,25,110,54
103,75,110,54
56,106,110,54
28,100,110,54
88,125,110,54
52,18,110,54
90,77,110,54
103,75,110,54
56,106,110,54
28,100,110,54
90,77,110,54
103,75,110,54
56,106,110,54
28,100,110,54
90,77,110,54
56,106,110,54
28,100,110,54
90,77,110,54
56,106,110,54
81,75,110,54
28,100,110,54
52,18,110,54
90,77,110,54
56,106,110,54
81,75,110,54
28,100,110,54
52,18,110,54
90,77,110,54
56,106,110,54
28,100,110,54
88,125,110,54
90,77,110,54
56,106,110,54
28,100,110,54
90,77,110,54
56,106,110,54
28,100,110,54
90,77,110,54
56,106,110,54
28,100,110,54
90,77,110,54
56,106,110,54
28,100,110,54
88,125,110,54
85,42,110,54
90,77,110,54
56,106,110,54
32,113,110,54
28,100,110,54
88,125,110,54
90,77,110,54
15,110,110,54
56,106,110,54
28,100,110,54
90,77,110,54
15,110,110,54
56,106,110,54
32,113,110,54
28,100,110,54
90,77,110,54
56,106,110,54
28,100,110,54
90,77,110,54
56,106,110,54
28,100,110,54
88,125,110,54
90,77,110,54
103,75,110,54
56,106,110,54
28,100,110,54
90,77,110,54
56,106,110,54
28,100,110,54
90,77,110,54
56,106,110,54
28,100,110,54
15,62,110,54
90,77,110,54
91,86,110,54
56,106,110,54
28,100,110,54
15,62,110,54
90,77,110,54
91,86,110,54
56,106,110,54
32,113,110,54
28,100,110,54
90,77,110,54
56,106,110,54
28,100,110,54
85,42,110,54
20,5,110,54
90,77,110,54
56,106,110,54
32,113,110,54
28,100,110,54
90,77,110,54
56,106,110,54
32,113,110,54
28,100,110,54
90,77,110,54
15,110,110,54
56,106,110,54
28,100,110,54
85,42,110,54
90,77,110,54
56,106,110,54
28,100,110,54
88,125,110,54
85,42,110,54
90,77,110,54
18,13,110,54
85,22,110,54
56,106,110,54
28,100,110,54
90,77,110,54
56,106,110,54
28,100,110,54
90,77,110,54
85,22,110,54
30,4,110,54
56,106,110,54
28,100,110,54
90,77,110,54
30,4,110,54
56,106,110,54
32,113,110,54
28,100,110,54
90,77,110,54
85,22,110,54
56,106,110,54
32,113,110,54
28,100,110,54
90,77,110,54
85,22,110,54
56,106,110,54
32,113,110,54
28,100,110,54
90,77,110,54
85,22,110,54
66,110,110,54
56,106,110,54
32,113,110,54
28,100,110,54
52,18,110,54
90,77,110,54
85,22,110,54
56,106,110,54
32,113,110,54
28,100,110,54
90,77,110,54
85,22,110,54
66,110,110,54
56,106,110,54
28,100,110,54
90,77,110,54
85,22,110,54
30,4,110,54
56,106,110,54
32,113,110,54
28,100,110,54
90,77,110,54
85,22,110,54
30,4,110,54
56,106,110,54
28,100,110,54
90,77,110,54
85,22,110,54
56,106,110,54
32,113,110,54
28,100,110,54
90,77,110,54
85,22,110,54
56,106,110,54
32,113,110,54
28,100,110,54
90,77,110,54
68,33,110,54
85,22,110,54
56,106,110,54
32,113,110,54
28,100,110,54
90,77,110,54
68,33,110,54
85,22,110,54
56,106,110,54
32,113,110,54
28,100,110,54
90,77,110,54
68,33,110,54
85,22,110,54
56,106,110,54
32,113,110,54
28,100,110,54
90,77,110,54
85,22,110,54
30,4,110,54
56,106,110,54
32,113,110,54
28,100,110,54
90,77,110,54
85,22,110,54
56,106,110,54
32,113,110,54
28,100,110,54
90,77,110,54
85,22,110,54
56,106,110,54
32,113,110,54
28,100,110,54
90,77,110,54
103,75,110,54
56,106,110,54
32,113,110,54
28,100,110,54
90,77,110,54
85,22,110,54
103,75,110,54
56,106,110,54
32,113,110,54
28,100,110,54
20,5,110,54
90,77,110,54
85,22,110,54
103,75,110,54
56,106,110,54
32,113,110,54
28,100,110,54
90,77,110,54
103,75,110,54
56,106,110,54
32,113,110,54
28,100,110,54
90,77,110,54
85,22,110,54
56,106,110,54
32,113,110,54
28,100,110,54
90,77,110,54
85,22,110,54
103,75,110,54
56,106,110,54
32,113,110,54
28,100,110,54
90,77,110,54
85,22,110,54
56,106,110,54
32,113,110,54
28,100,110,54
90,77,110,54
56,106,110,54
32,113,110,54
28,100,110,54
90,77,110,54
56,106,110,54
32,113,110,54
28,100,110,54
90,77,110,54
56,106,110,54
32,113,110,54
28,100,110,54
90,77,110,54
85,22,110,54
56,106,110,54
32,113,110,54
28,100,110,54
90,77,110,54
85,22,110,54
56,106,110,54
32,113,110,54
28,100,110,54
90,77,110,54
56,106,110,54
32,113,110,54
28,100,110,54
90,77,110,54
15,110,110,54
85,22,110,54
56,106,110,54
32,113,110,54
28,100,110,54
88,125,110,54
90,77,110,54
15,110,110,54
85,22,110,54
56,106,110,54
32,113,110,54
28,100,110,54
88,125,110,54
90,77,110,54
15,110,110,54
85,22,110,54
56,106,110,54
32,113,110,54
28,100,110,54
90,77,110,54
15,110,110,54
85,22,110,54
56,106,110,54
32,113,110,54
28,100,110,54
90,77,110,54
85,22,110,54
56,106,110,54
32,113,110,54
28,100,110,54
15,62,110,54
90,77,110,54
85,22,110,54
56,106,110,54
32,113,110,54
28,100,110,54
90,77,110,54
85,22,110,54
56,106,110,54
32,113,110,54
28,100,110,54
90,77,110,54
85,22,110,54
103,75,110,54
56,106,110,54
81,75,110,54
32,113,110,54
28,100,110,54
90,77,110,54
85,22,110,54
56,106,110,54
81,75,110,54
32,113,110,54
28,100,110,54
15,62,110,54
90,77,110,54
66,110,110,54
56,106,110,54
81,75,110,54
32,113,110,54
28,100,110,54
90,77,110,54
103,75,110,54
56,106,110,54
32,113,110,54
28,100,110,54
15,62,110,54
90,77,110,54
56,106,110,54
32,113,110,54
28,100,110,54
88,125,110,54
90,77,110,54
64,125,110,54
56,106,110,54
32,113,110,54
28,100,110,54
88,125,110,54
90,77,110,54
56,106,110,54
32,113,110,54
28,100,110,54
90,77,110,54
56,106,110,54
32,113,110,54
28,100,110,54
90,77,110,54
64,125,110,54
56,106,110,54
32,113,110,54
28,100,110,54
88,125,110,54
90,77,110,54
56,106,110,54
32,113,110,54
28,100,110,54
88,125,110,54
52,18,110,54
90,77,110,54
56,106,110,54
32,113,110,54
28,100,110,54
88,125,110,54
52,18,110,54
90,77,110,54
56,106,110,54
32,113,110,54
28,100,110,54
88,125,110,54
52,18,110,54
90,77,110,54
56,106,110,54
32,113,110,54
28,100,110,54
88,125,110,54
52,18,110,54
90,77,110,54
56,106,110,54
32,113,110,54
28,100,110,54
88,125,110,54
52,18,110,54
90,77,110,54
85,22,110,54
56,106,110,54
32,113,110,54
28,100,110,54
88,125,110,54
52,18,110,54
90,77,110,54
85,22,110,54
56,106,110,54
32,113,110,54
28,100,110,54
52,18,110,54
90,77,110,54
56,106,110,54
28,100,110,54
88,125,110,54
52,18,110,54
90,77,110,54
34,114,110,54
56,106,110,54
32,113,110,54
28,100,110,54
88,125,110,54
52,18,110,54
90,77,110,54
34,114,110,54
56,106,110,54
32,113,110,54
28,100,110,54
88,125,110,54
52,18,110,54
53,14,110,54
90,77,110,54
85,22,110,54
56,106,110,54
32,113,110,54
28,100,110,54
88,125,110,54
90,77,110,54
85,22,110,54
64,125,110,54
56,106,110,54
32,113,110,54
28,100,110,54
88,125,110,54
90,77,110,54
34,114,110,54
85,22,110,54
56,106,110,54
32,113,110,54
28,100,110,54
88,125,110,54
90,77,110,54
34,114,110,54
85,22,110,54
32,113,110,54
28,100,110,54
90,77,110,54
85,22,110,54
56,106,110,54
32,113,110,54
28,100,110,54
88,125,110,54
90,77,110,54
85,22,110,54
56,106,110,54
28,100,110,54
90,77,110,54
34,114,110,54
11,2,110,54
56,106,110,54
28,100,110,54
90,77,110,54
56,106,110,54
32,113,110,54
28,100,110,54
90,77,110,54
85,22,110,54
32,113,110,54
28,100,110,54
85,42,110,54
90,77,110,54
34,114,111,55
11,2,111,55
56,106,111,55
32,113,111,55
28,100,111,55
85,42,111,55
90,77,111,55
96,13,111,55
56,106,111,55
32,113,111,55
28,100,111,55
85,42,111,55
90,77,111,55
56,106,111,55
32,113,111,55
28,100,111,55
90,77,111,55
30,83,111,55
30,45,111,55
56,106,111,55
32,113,111,55
28,100,111,55
90,77,111,55
30,40,111,55
30,45,111,55
56,106,111,55
32,113,111,55
28,100,111,55
85,42,111,55
90,77,111,55
56,106,111,55
32,113,111,55
28,100,111,55
85,42,111,55
90,77,111,55
89,74,111,55
56,106,111,55
32,113,111,55
28,100,111,55
85,42,111,55
20,5,111,55
90,77,111,55
56,106,111,55
32,113,111,55
28,100,111,55
85,42,111,55
20,5,111,55
90,77,111,55
56,106,111,55
32,113,111,55
28,100,111,55
85,42,111,55
20,5,111,55
90,77,111,55
15,110,111,55
56,106,111,55
32,113,111,55
28,100,111,55
15,62,111,55
85,42,111,55
20,5,111,55
90,77,111,55
85,22,111,55
56,106,111,55
32,113,111,55
28,100,111,55
15,62,111,55
85,42,111,55
90,77,111,55
56,106,111,55
32,113,111,55
28,100,111,55
88,125,111,55
15,62,111,55
85,42,111,55
90,77,111,55
56,106,111,55
28,100,111,55
15,62,111,55
85,42,111,55
20,5,111,55
90,77,111,55
56,106,111,55
32,113,111,55
28,100,111,55
85,42,111,55
90,77,111,55
85,22,111,55
56,106,111,55
32,113,111,55
28,100,111,55
15,62,111,55
85,42,111,55
90,77,111,55
56,106,111,55
81,75,111,55
32,113,111,55
28,100,111,55
88,125,111,55
15,62,111,55
85,42,111,55
90,77,111,55
85,22,111,55
56,106,111,55
81,75,111,55
32,113,111,55
28,100,111,55
15,62,111,55
85,42,111,55
90,77,111,55
32,113,111,55
28,100,111,55
85,42,111,55
20,5,111,55
90,77,111,55
32,113,111,55
28,100,111,55
85,42,111,55
20,5,111,55
90,77,111,55
56,106,111,55
32,113,111,55
28,100,111,55
85,42,111,55
20,5,111,55
90,77,111,55
56,106,111,55
28,100,111,55
85,42,111,55
20,5,111,55
90,77,111,55
56,106,111,55
32,113,111,55
28,100,111,55
15,62,111,55
85,42,111,55
20,5,111,55
90,77,111,55
56,106,111,55
81,75,111,55
32,113,111,55
28,100,111,55
85,42,111,55
20,5,111,55
90,77,111,55
28,100,111,55
85,42,111,55
20,5,111,55
90,77,111,55
85,22,111,55
32,113,111,55
28,100,111,55
85,42,111,55
20,5,111,55
90,77,111,55
56,106,111,55
32,113,111,55
28,100,111,55
85,42,111,55
20,5,111,55
90,77,111,55
56,106,111,55
32,113,111,55
28,100,111,55
85,42,111,55
20,5,111,55
90,77,111,55
85,22,111,55
56,106,111,55
32,113,111,55
28,100,111,55
85,42,111,55
20,5,111,55
90,77,111,55
56,106,111,55
32,113,111,55
28,100,111,55
85,42,111,55
23,120,111,55
20,5,111,55
90,77,111,55
56,106,111,55
32,113,111,55
28,100,111,55
85,42,111,55
20,5,111,55
90,77,111,55
103,75,111,55
81,75,111,55
28,100,111,55
85,42,111,55
20,5,111,55
90,77,111,55
28,100,111,55
85,42,111,55
20,5,111,55
90,77,111,55
85,22,111,55
103,75,111,55
32,113,111,55
28,100,111,55
85,42,111,55
20,5,111,55
90,77,111,55
36,50,111,55
85,22,111,55
56,106,111,55
32,113,111,55
28,100,111,55
85,42,111,55
20,5,111,55
90,77,111,55
85,22,111,55
56,106,111,55
32,113,111,55
28,100,111,55
15,62,111,55
85,42,111,55
20,5,111,55
90,77,111,55
85,22,111,55
81,75,111,55
32,113,111,55
28,100,111,55
85,42,111,55
20,5,111,55
90,77,111,55
85,22,111,55
56,106,111,55
81,75,111,55
32,113,111,55
28,100,111,55
85,42,111,55
20,5,111,55
90,77,111,55
85,22,111,55
56,106,111,55
32,113,111,55
28,100,111,55
88,125,111,55
85,42,111,55
90,77,111,55
15,110,111,55
85,22,111,55
32,113,111,55
28,100,111,55
88,125,111,55
85,42,111,55
90,77,111,55
15,110,111,55
85,22,111,55
32,113,111,55
28,100,111,55
88,125,111,55
85,42,111,55
90,77,111,55
85,22,111,55
32,113,111,55
28,100,111,55
85,42,111,55
90,77,111,55
85,22,111,55
56,106,111,55
32,113,111,55
28,100,111,55
85,42,111,55
20,5,111,55
90,77,111,55
85,22,111,55
56,106,111,55
32,113,111,55
28,100,111,55
88,125,111,55
85,42,111,55
20,5,111,55
90,77,111,55
85,22,111,55
56,106,111,55
32,113,111,55
28,100,111,55
88,125,111,55
85,42,111,55
20,5,111,55
90,77,111,55
85,22,111,55
32,113,111,55
28,100,111,55
88,125,111,55
85,42,111,55
20,5,111,55
90,77,111,55
85,22,111,55
64,125,111,55
32,113,111,55
28,100,111,55
88,125,111,55
85,42,111,55
20,5,111,55
90,77,111,55
15,110,111,55
85,22,111,55
32,113,111,55
28,100,111,55
85,42,111,55
20,5,111,55
90,77,111,55
85,22,111,55
56,106,111,55
32,113,111,55
28,100,111,55
88,125,111,55
85,42,111,55
90,77,111,55
85,22,111,55
56,106,111,55
32,113,111,55
28,100,111,55
85,42,111,55
90,77,111,55
85,22,111,55
56,106,111,55
32,113,111,55
28,100,111,55
88,125,111,55
85,42,111,55
90,77,111,55
85,22,111,55
89,74,111,55
56,106,111,55
32,113,111,55
28,100,111,55
88,125,111,55
85,42,111,55
90,77,111,55
85,22,111,55
89,74,111,55
56,106,111,55
32,113,111,55
28,100,111,55
85,42,111,55
20,5,111,55
90,77,111,55
36,50,111,55
85,22,111,55
56,106,111,55
32,113,111,55
28,100,111,55
85,42,111,55
20,5,111,55
90,77,111,55
85,22,111,55
89,74,111,55
28,100,111,55
85,42,111,55
20,5,111,55
90,77,111,55
85,22,111,55
89,74,111,55
56,106,111,55
32,113,111,55
28,100,111,55
85,42,111,55
20,5,111,55
90,77,111,55
85,22,111,55
56,106,111,55
32,113,111,55
28,100,111,55
85,42,111,55
20,5,111,55
90,77,111,55
85,22,111,55
56,106,111,55
32,113,111,55
28,100,111,55
85,42,111,55
90,77,111,55
85,22,111,55
32,113,111,55
28,100,111,55
85,42,111,55
20,5,111,55
90,77,111,55
85,22,111,55
56,106,111,55
32,113,111,55
28,100,111,55
85,42,111,55
20,5,111,55
90,77,111,55
85,22,111,55
103,75,111,55
32,113,111,55
28,100,111,55
85,42,111,55
20,5,111,55
90,77,111,55
85,22,111,55
56,106,111,55
32,113,111,55
28,100,111,55
85,42,111,55
90,77,111,55
85,22,111,55
32,113,111,55
28,100,111,55
85,42,111,55
90,77,111,55
36,50,111,55
85,22,111,55
89,74,111,55
81,75,111,55
32,113,111,55
28,100,111,55
85,42,111,55
20,5,111,55
90,77,111,55
85,22,111,55
56,106,111,55
81,75,111,55
32,113,111,55
28,100,111,55
85,42,111,55
20,5,111,55
90,77,111,55
85,22,111,55
56,106,111,55
32,113,111,55
28,100,111,55
85,42,111,55
90,77,111,55
85,22,111,55
89,74,111,55
56,106,111,55
32,113,111,55
28,100,111,55
88,125,111,55
85,42,111,55
90,77,111,55
36,50,111,55
85,22,111,55
89,74,111,55
32,113,111,55
28,100,111,55
88,125,111,55
85,42,111,55
90,77,111,55
85,22,111,55
89,74,111,55
56,106,111,55
32,113,111,55
28,100,111,55
88,125,111,55
85,42,111,55
90,77,111,55
85,22,111,55
89,74,111,55
56,106,111,55
32,113,111,55
28,100,111,55
85,42,111,55
90,77,111,55
85,22,111,55
89,74,111,55
56,106,111,55
32,113,111,55
28,100,111,55
85,42,111,55
90,77,111,55
15,110,111,55
85,22,111,55
89,74,111,55
56,106,111,55
32,113,111,55
28,100,111,55
85,42,111,55
90,77,111,55
36,50,111,55
85,22,111,55
56,106,111,55
32,113,111,55
28,100,111,55
85,42,111,55
90,77,111,55
85,22,111,55
89,74,111,55
56,106,111,55
32,113,111,55
28,100,111,55
88,125,111,55
85,42,111,55
90,77,111,55
85,22,111,55
56,106,111,55
32,113,111,55
28,100,111,55
85,42,111,55
90,77,111,55
85,22,111,55
89,74,111,55
56,106,111,55
32,113,111,55
28,100,111,55
85,42,111,55
90,77,111,55
36,50,111,55
85,22,111,55
32,113,111,55
28,100,111,55
85,42,111,55
90,77,111,55
85,22,111,55
89,74,111,55
56,106,111,55
32,113,111,55
28,100,111,55
85,42,111,55
90,77,111,55
85,22,111,55
89,74,111,55
56,106,111,55
32,113,111,55
28,100,111,55
85,42,111,55
90,77,111,55
85,22,111,55
56,106,111,55
81,75,111,55
28,100,111,55
85,42,111,55
90,77,111,55
85,22,111,55
89,74,111,55
56,106,111,55
28,100,111,55
85,42,111,55
90,77,111,55
36,50,111,55
85,22,111,55
89,74,111,55
56,106,111,55
28,100,111,55
90,77,111,55
15,110,111,55
85,22,111,55
89,74,111,55
56,106,111,55
32,113,111,55
28,100,111,55
85,42,111,55
90,77,111,55
85,22,111,55
28,100,111,55
85,42,111,55
90,77,111,55
85,22,111,55
56,106,111,55
28,100,111,55
85,42,111,55
90,77,111,55
85,22,111,55
56,106,111,55
28,100,111,55
85,42,111,55
90,77,111,55
85,22,111,55
56,106,111,55
28,100,111,55
85,42,111,55
90,77,111,55
85,22,111,55
28,100,111,55
85,42,111,55
90,77,111,55
85,22,111,55
56,106,111,55
28,100,111,55
85,42,111,55
90,77,111,55
85,22,111,55
28,100,111,55
85,42,111,55
90,77,111,55
85,22,111,55
56,106,111,55
32,113,111,55
28,100,111,55
85,42,111,55
90,77,111,55
85,22,111,55
32,113,111,55
28,100,111,55
85,42,111,55
90,77,111,55
36,50,111,55
85,22,111,55
56,106,111,55
32,113,111,55
28,100,111,55
85,42,111,55
90,77,111,55
112,108,111,55
36,50,111,55
85,22,111,55
56,106,111,55
32,113,111,55
28,100,111,55
85,42,111,55
90,77,111,55
85,22,111,55
56,106,111,55
32,113,111,55
28,100,111,55
85,42,111,55
90,77,111,55
85,22,111,55
32,113,111,55
28,100,111,55
85,42,111,55
90,77,111,55
36,50,111,55
85,22,111,55
32,113,111,55
28,100,111,55
85,42,111,55
90,77,111,55
85,22,111,55
103,75,111,55
56,106,111,55
32,113,111,55
28,100,111,55
88,125,111,55
85,42,111,55
90,77,111,55
85,22,111,55
56,106,111,55
32,113,111,55
28,100,111,55
85,42,111,55
90,77,111,55
85,22,111,55
32,113,111,55
28,100,111,55
88,125,111,55
85,42,111,55
90,77,111,55
85,22,111,55
103,75,111,55
32,113,111,55
28,100,111,55
85,42,111,55
90,77,111,55
85,22,111,55
56,106,111,55
32,113,111,55
28,100,111,55
85,42,111,55
90,77,111,55
85,22,111,55
56,106,111,55
32,113,111,55
28,100,111,55
85,42,111,55
90,77,111,55
85,22,111,55
56,106,111,55
32,113,111,55
28,100,111,55
85,42,111,55
20,5,111,55
90,77,111,55
36,50,111,55
85,22,111,55
32,113,111,55
28,100,111,55
85,42,111,55
20,5,111,55
90,77,111,55
40,2,111,55
75,62,111,55
85,22,111,55
56,106,111,55
32,113,111,55
28,100,111,55
101,45,111,55
85,42,111,55
90,77,111,55
91,86,111,55
52,13,111,55
85,22,111,55
95,40,111,55
103,75,111,55
11,40,111,55
32,113,111,55
28,100,111,55
88,125,111,55
85,42,111,55
90,77,111,55
91,86,111,55
105,113,111,55
82,105,111,55
85,22,111,55
95,40,111,55
45,83,111,55
32,113,111,55
28,100,111,55
15,62,111,55
85,42,111,55
90,77,111,55
91,86,111,55
95,16,111,55
33,12,111,55
85,22,111,55
56,106,111,55
28,100,111,55
85,42,111,55
20,5,111,55
90,77,111,55
85,22,111,55
95,40,111,55
28,100,111,55
88,125,111,55
16,40,111,55
85,42,111,55
95,16,111,55
85,22,111,55
81,75,111,55
28,100,111,55
88,125,111,55
15,62,111,55
85,42,111,55
111,40,111,55
85,22,111,55
28,100,111,55
88,125,111,55
85,42,111,55
111,40,111,55
85,22,111,55
28,100,111,55
88,125,111,55
85,42,111,55
77,113,111,55
85,22,111,55
16,109,111,55
28,100,111,55
85,42,111,55
109,45,111,55
77,113,111,55
85,22,111,55
16,109,111,55
28,100,111,55
45,12,111,55
85,42,111,55
20,5,111,55
109,45,111,55
36,50,111,55
85,22,111,55
56,106,111,55
28,100,111,55
88,125,111,55
85,42,111,55
109,2,111,55
85,22,111,55
51,40,111,55
28,100,111,55
88,125,111,55
51,109,111,55
16,40,111,55
85,42,111,55
16,2,111,55
85,22,111,55
56,106,111,55
28,100,111,55
88,125,111,55
51,109,111,55
85,42,111,55
51,2,111,55
85,22,111,55
56,106,111,55
28,100,111,55
8,116,111,55
88,125,111,55
85,42,111,55
23,26,111,55
3,113,111,55
85,22,111,55
51,40,111,55
28,100,111,55
8,116,111,55
85,42,111,55
26,27,111,55
85,22,111,55
51,40,111,55
93,40,111,55
51,12,111,55
56,106,111,55
93,12,111,55
8,116,111,55
85,42,111,55
81,66,111,55
49,37,111,55
85,22,112,56
88,104,112,56
26,64,112,56
36,64,112,56
56,106,112,56
81,75,112,56
28,100,112,56
8,116,112,56
88,125,112,56
85,42,112,56
26,36,112,56
81,24,112,56
28,104,112,56
15,110,112,56
85,22,112,56
28,112,112,56
75,100,112,56
88,112,112,56
67,63,112,56
28,100,112,56
8,116,112,56
15,62,112,56
88,63,112,56
85,42,112,56
100,104,112,56
112,63,112,56
104,29,112,56
85,22,112,56
112,67,112,56
88,112,112,56
56,106,112,56
8,116,112,56
88,125,112,56
85,42,112,56
93,51,112,56
16,51,112,56
85,22,112,56
112,67,112,56
106,66,112,56
8,116,112,56
88,125,112,56
85,42,112,56
93,51,112,56
24,25,112,56
94,12,112,56
16,51,112,56
85,22,112,56
51,40,112,56
8,116,112,56
88,125,112,56
28,23,112,56
85,42,112,56
93,16,112,56
49,108,112,56
91,86,112,56
85,22,112,56
51,12,112,56
8,116,112,56
85,42,112,56
53,14,112,56
85,22,112,56
112,67,112,56
8,116,112,56
75,66,112,56
85,42,112,56
53,14,112,56
23,75,112,56
28,100,112,56
85,22,112,56
8,116,112,56
85,42,112,56
23,120,112,56
16,105,112,56
28,81,112,56
28,100,112,56
85,22,112,56
37,120,112,56
40,12,112,56
13,84,112,56
15,50,112,56
8,116,112,56
85,42,112,56
23,120,112,56
16,105,112,56
28,81,112,56
28,100,112,56
23,37,112,56
21,84,112,56
24,67,112,56
25,15,112,56
25,50,112,56
25,66,112,56
85,22,112,56
24,27,112,56
8,116,112,56
85,42,112,56
28,81,112,56
5,6,112,56
23,37,112,56
21,84,112,56
97,21,112,56
9,5,112,56
25,15,112,56
85,22,112,56
117,6,112,56
9,21,112,56
24,27,112,56
9,97,112,56
9,6,112,56
23,120,112,56
97,117,112,56
115,84,112,56
117,5,112,56
84,6,112,56
117,21,112,56
28,75,112,56
28,81,112,56
28,100,112,56
5,6,112,56
5,115,112,56
9,5,112,56
25,50,112,56
85,22,112,56
24,50,112,56
9,21,112,56
9,115,112,56
21,115,112,56
9,6,112,56
117,65,112,56
8,65,112,56
117,5,112,56
97,65,112,56
28,75,112,56
28,100,112,56
65,84,112,56
9,5,112,56
9,84,112,56
25,50,112,56
117,6,112,56
9,21,112,56
21,115,112,56
65,5,112,56
5,84,112,56
9,6,112,56
84,6,112,56
117,21,112,56
5,115,112,56
9,5,112,56
85,22,112,56
7,53,112,56
9,21,112,56
24,27,112,56
9,115,112,56
65,115,112,56
21,115,112,56
65,5,112,56
5,84,112,56
9,6,112,56
8,65,112,56
28,75,112,56
75,100,112,56
81,75,112,56
28,100,112,56
24,25,112,56
6,42,112,56
13,42,112,56
85,38,112,56
5,38,112,56
115,42,112,56
8,115,112,56
7,53,112,56
85,73,112,56
38,42,112,56
20,13,112,56
24,27,112,56
21,115,112,56
52,22,112,56
18,73,112,56
85,21,112,56
9,6,112,56
9,38,112,56
8,84,112,56
8,65,112,56
27,37,112,56
115,84,112,56
6,38,112,56
18,115,112,56
84,6,112,56
28,100,112,56
18,6,112,56
24,25,112,56
8,42,112,56
35,65,112,56
35,5,112,56
18,35,112,56
52,22,112,56
117,89,112,56
85,21,112,56
8,5,112,56
35,13,112,56
9,38,112,56
35,21,112,56
84,38,112,56
13,38,112,56
117,84,112,56
8,84,112,56
117,65,112,56
8,65,112,56
115,84,112,56
35,6,112,56
84,6,112,56
28,75,112,56
81,75,112,56
28,100,112,56
52,53,112,56
18,53,112,56
52,6,112,56
53,84,112,56
5,38,112,56
7,74,112,56
117,6,112,56
53,22,112,56
85,52,112,56
89,115,112,56
53,38,112,56
18,65,112,56
65,38,112,56
85,74,112,56
35,89,112,56
52,35,112,56
9,115,112,56
25,27,112,56
52,84,112,56
18,97,112,56
85,21,112,56
7,117,112,56
89,84,112,56
74,38,112,56
97,117,112,56
52,42,112,56
18,117,112,56
35,22,112,56
28,75,112,56
28,81,112,56
75,100,112,56
28,100,112,56
52,53,112,56
65,42,112,56
9,42,112,56
7,6,112,56
18,53,112,56
24,67,112,56
24,26,112,56
26,110,112,56
9,89,112,56
21,38,112,56
53,38,112,56
18,35,112,56
52,35,112,56
52,9,112,56
9,115,112,56
9,117,112,56
9,6,112,56
7,9,112,56
35,21,112,56
7,38,112,56
117,65,112,56
35,117,112,56
28,75,112,56
28,81,112,56
28,100,112,56
34,35,112,56
18,38,112,56
52,53,112,56
34,52,112,56
42,22,112,56
35,73,112,56
53,84,112,56
9,5,112,56
26,110,112,56
18,42,112,56
117,22,112,56
9,116,112,56
85,52,112,56
53,38,112,56
116,6,112,56
38,42,112,56
18,35,112,56
35,42,112,56
9,97,112,56
8,21,112,56
52,35,112,56
52,116,112,56
34,8,112,56
9,6,112,56
34,53,112,56
8,84,112,56
73,22,112,56
28,100,112,56
52,53,112,56
18,53,112,56
9,116,112,56
116,6,112,56
38,42,112,56
89,116,112,56
23,66,112,56
18,35,112,56
52,35,112,56
14,123,112,56
21,115,112,56
52,74,112,56
9,117,112,56
89,38,112,56
9,38,112,56
74,38,112,56
6,38,112,56
89,5,112,56
7,6,112,56
18,53,112,56
24,110,112,56
7,22,112,56
9,84,112,56
9,22,112,56
18,42,112,56
9,89,112,56
115,22,112,56
53,38,112,56
9,21,112,56
38,42,112,56
23,66,112,56
18,35,112,56
52,35,112,56
85,21,112,56
7,9,112,56
74,42,112,56
73,115,112,56
63,16,112,56
18,38,112,56
52,53,112,56
65,22,112,56
7,6,112,56
18,53,112,56
97,8,112,56
53,84,112,56
9,84,112,56
13,74,112,56
18,8,112,56
85,52,112,56
21,38,112,56
84,22,112,56
85,74,112,56
9,21,112,56
18,35,112,56
24,27,112,56
89,22,112,56
7,18,112,56
7,9,112,56
74,42,112,56
8,84,112,56
9,53,112,56
81,75,112,56
28,100,112,56
52,53,112,56
73,38,112,56
18,53,112,56
24,67,112,56
7,22,112,56
15,110,112,56
13,74,112,56
53,22,112,56
115,22,112,56
85,52,112,56
18,35,112,56
5,74,112,56
52,35,112,56
53,115,112,56
9,38,112,56
74,38,112,56
18,115,112,56
28,75,112,56
28,100,112,56
7,8,112,56
18,38,112,56
52,53,112,56
18,53,112,56
52,38,112,56
24,67,112,56
7,22,112,56
5,38,112,56
116,38,112,56
115,42,112,56
9,84,112,56
9,22,112,56
18,8,112,56
117,6,112,56
9,116,112,56
53,22,112,56
9,35,112,56
85,52,112,56
38,42,112,56
7,52,112,56
18,35,112,56
52,9,112,56
9,115,112,56
65,115,112,56
9,38,112,56
13,38,112,56
9,53,112,56
8,65,112,56
28,75,112,56
52,38,112,56
53,84,112,56
7,22,112,56
9,116,112,56
9,89,112,56
85,52,112,56
89,74,112,56
35,5,112,56
5,74,112,56
74,22,112,56
52,35,112,56
9,115,112,56
7,9,112,56
28,75,112,56
28,81,112,56
3,113,112,56
28,100,112,56
35,74,112,56
18,53,112,56
52,6,112,56
24,26,112,56
9,35,112,56
85,52,112,56
7,52,112,56
18,35,112,56
52,35,112,56
26,67,112,56
53,115,112,56
9,38,112,56
7,9,112,56
74,42,112,56
85,9,112,56
28,81,112,56
75,100,112,56
28,100,112,56
7,8,112,56
18,38,112,56
7,6,112,56
18,53,112,56
89,73,112,56
7,22,112,56
9,74,112,56
13,74,112,56
53,22,112,56
9,35,112,56
18,22,112,56
6,74,112,56
7,52,112,56
18,35,112,56
53,6,112,56
24,27,112,56
5,74,112,56
9,117,112,56
7,73,112,56
9,38,112,56
7,9,112,56
117,74,112,56
9,73,112,56
8,84,112,56
8,65,112,56
85,9,112,56
35,22,112,56
3,113,112,56
9,42,112,56
18,53,112,56
34,38,112,56
85,52,112,56
6,74,112,56
38,42,112,56
7,52,112,56
18,35,112,56
35,42,112,56
52,9,112,56
7,18,112,56
18,84,112,56
7,117,112,56
89,38,112,56
7,73,112,56
7,9,112,56
9,53,112,56
3,113,112,56
7,8,112,56
16,70,112,56
7,22,112,56
9,89,112,56
85,52,112,56
89,74,112,56
85,115,112,56
18,35,112,56
5,74,112,56
116,74,112,56
52,9,112,56
85,21,112,56
9,38,112,56
7,9,112,56
34,22,112,56
7,38,112,56
8,84,112,56
8,65,112,56
7,115,112,56
95,16,112,56
28,81,112,56
3,113,112,56
7,8,112,56
18,53,112,56
7,22,112,56
9,5,112,56
9,84,112,56
9,22,112,56
8,42,112,56
9,35,112,56
18,21,112,56
9,21,112,56
7,52,112,56
18,35,112,56
8,21,112,56
52,35,112,56
52,9,112,56
7,18,112,56
73,5,112,56
5,22,112,56
95,16,112,56
28,81,112,56
3,113,112,56
18,38,112,56
52,53,112,56
7,6,112,56
18,53,112,56
52,89,112,56
7,22,112,56
9,5,112,56
9,84,112,56
85,52,112,56
6,74,112,56
53,38,112,56
18,35,112,56
52,35,112,56
52,9,112,56
18,5,112,56
9,6,112,56
89,84,112,56
5,22,112,56
7,38,112,56
117,74,112,56
3,113,112,56
52,53,112,56
97,8,112,56
53,84,112,56
9,5,112,56
9,84,112,56
18,8,112,56
9,89,112,56
34,38,112,56
85,52,112,56
35,115,112,56
73,21,112,56
53,38,112,56
34,73,112,56
85,74,112,56
34,115,112,56
7,52,112,56
52,9,112,56
9,117,112,56
85,21,112,56
74,38,112,56
7,38,112,56
74,42,112,56
8,84,112,56
9,53,112,56
28,75,112,56
28,81,112,56
3,113,112,56
28,100,112,56
52,53,112,56
9,42,112,56
7,6,112,56
52,6,112,56
24,67,112,56
9,74,112,56
18,42,112,56
18,8,112,56
9,89,112,56
6,74,112,56
9,21,112,56
7,52,112,56
18,35,112,56
53,6,112,56
7,18,112,56
8,22,112,56
73,5,112,56
85,21,112,56
7,9,112,56
8,84,112,56
9,53,112,56
24,37,112,56
84,6,112,56
52,53,112,56
53,84,112,56
24,26,112,56
7,22,112,56
53,42,112,56
18,42,112,56
9,35,112,56
85,52,112,56
18,22,112,56
18,65,112,56
18,9,112,56
7,52,112,56
9,97,112,56
52,35,112,56
7,73,112,56
7,9,112,56
24,37,112,56
28,81,112,56
3,113,112,56
81,75,112,56
35,73,112,56
7,22,112,56
46,35,112,56
9,89,112,56
85,52,112,56
46,53,112,56
18,35,112,56
89,22,112,56
52,35,112,56
52,9,112,56
65,5,112,56
5,21,112,56
7,117,112,56
9,38,112,56
13,38,112,56
9,53,112,56
46,9,112,56
24,37,112,56
6,38,112,56
28,81,112,56
81,75,112,56
18,53,112,56
89,73,112,56
115,42,112,56
34,42,112,56
9,22,112,56
18,42,112,56
9,35,112,56
9,21,112,56
65,115,112,56
7,9,112,56
24,37,112,56
3,113,112,56
81,75,112,56
97,21,112,56
18,53,112,56
85,52,112,56
73,21,112,56
18,35,112,56
52,35,112,56
52,116,112,56
46,116,112,56
18,5,112,56
52,18,112,56
35,21,112,56
24,37,112,56
28,81,112,56
53,84,112,56
53,42,112,56
18,42,112,56
9,89,112,56
9,35,112,56
85,52,112,56
117,42,112,56
6,74,112,56
9,21,112,56
46,42,112,56
18,35,112,56
35,42,112,56
8,21,112,56
5,74,112,56
52,9,112,56
34,8,112,56
8,22,112,56
73,5,112,56
5,84,112,56
18,84,112,56
85,21,112,56
9,73,112,56
9,53,112,56
24,37,112,56
73,74,112,56
73,38,112,56
9,42,112,56
52,38,112,56
97,8,112,56
9,5,112,56
115,38,112,56
9,22,112,56
117,22,112,56
9,35,112,56
46,53,112,56
84,22,112,56
39,38,112,56
35,42,112,56
24,27,112,56
52,35,112,56
9,53,112,56
8,65,112,56
24,37,112,56
81,75,112,56
34,52,112,56
52,6,112,56
53,84,112,56
24,67,112,56
7,22,112,56
6,22,112,56
115,42,112,56
46,52,112,56
18,8,112,56
85,52,112,56
35,115,112,56
9,39,112,56
7,18,112,56
34,8,112,56
8,22,112,56
18,84,112,56
7,73,112,56
85,9,112,56
46,9,112,56
24,37,112,56
7,8,112,56
34,35,112,56
34,52,112,56
18,53,112,56
52,38,112,56
7,22,112,56
85,52,112,56
18,35,112,56
74,22,112,56
7,73,112,56
9,38,112,56
7,9,112,56
7,38,112,56
74,42,112,56
8,84,112,56
8,65,112,56
85,9,112,56
46,9,112,56
24,37,112,56
73,74,112,56
28,81,112,56
18,38,112,56
18,53,112,56
24,67,112,56
7,22,112,56
46,35,112,56
9,116,112,56
9,35,112,56
85,52,112,56
7,52,112,56
18,35,112,56
9,115,112,56
18,5,112,56
9,38,112,56
7,38,112,56
9,53,112,56
46,9,112,56
28,81,112,56
73,6,112,56
52,6,112,56
18,8,112,56
9,35,112,56
18,35,112,56
8,21,112,56
52,35,112,56
52,9,112,56
46,6,112,56
46,18,112,56
67,37,112,56
9,53,112,56
8,65,112,56
46,9,112,56
28,81,112,56
42,22,112,56
18,53,112,56
52,38,112,56
24,26,112,56
7,22,112,56
46,35,112,56
18,42,112,56
38,42,112,56
46,42,112,56
18,35,112,56
52,35,112,56
5,21,112,56
7,38,112,56
38,22,112,56
35,22,112,56
28,81,112,56
21,22,112,56
7,22,112,56
46,52,112,56
46,35,112,56
9,35,112,56
18,22,112,56
18,35,112,56
52,35,112,56
7,18,112,56
52,22,112,56
7,9,112,56
9,53,112,56
28,81,112,56
13,42,112,56
65,42,112,56
7,6,112,56
52,6,112,56
117,39,112,56
9,35,112,56
21,38,112,56
85,13,112,56
7,35,112,56
18,35,112,56
52,35,112,56
52,9,112,56
9,117,112,56
9,38,112,56
7,38,112,56
28,81,112,56
9,14,112,56
73,6,112,56
9,84,112,56
18,42,112,56
18,8,112,56
9,116,112,56
18,21,112,56
35,115,112,56
85,115,112,56
9,21,112,56
18,35,112,56
35,42,112,56
8,21,112,56
21,115,112,56
7,9,112,56
8,84,112,56
9,53,112,56
28,81,112,56
7,6,112,56
52,6,112,56
9,35,112,56
35,42,112,56
53,6,112,56
52,35,112,56
52,9,112,56
5,21,112,56
7,9,112,56
28,81,112,56
63,77,112,56
34,35,112,56
18,53,112,56
52,6,112,56
9,5,112,56
46,35,112,56
34,18,112,56
9,35,112,56
85,52,112,56
117,115,112,56
9,21,112,56
34,115,112,56
9,115,112,56
18,5,112,56
85,21,112,56
7,9,112,56
28,100,112,56
7,6,112,56
52,6,112,56
46,35,112,56
8,42,112,56
9,35,112,56
85,52,112,56
9,39,112,56
7,84,112,56
52,35,112,56
85,21,112,56
52,18,112,56
7,9,112,56
8,84,112,56
9,53,112,56
85,9,112,56
9,8,112,56
26,37,112,56
28,81,112,56
18,38,112,56
7,6,112,56
24,26,112,56
7,22,112,56
115,38,112,56
9,22,112,56
18,8,112,56
35,115,112,56
18,22,112,56
53,6,112,56
52,35,112,56
77,113,112,56
46,6,112,56
85,21,112,56
7,38,112,56
8,84,112,56
8,65,112,56
38,22,112,56
39,22,112,56
18,115,112,56
28,81,112,56
18,38,112,56
7,6,112,56
18,42,112,56
53,5,112,56
34,18,112,56
89,115,112,56
35,42,112,56
89,22,112,56
52,35,112,56
46,6,112,56
7,73,112,56
5,22,112,56
7,38,112,56
28,81,112,56
9,84,112,56
9,22,112,56
46,115,112,56
117,115,112,56
34,9,112,56
18,5,112,56
35,21,112,56
75,100,112,56
28,81,112,56
28,81,112,56
28,100,112,56
28,81,112,56
28,81,112,56
28,81,112,56
28,81,112,56
28,100,112,56
28,81,112,56
28,100,112,56
28,81,112,56
106,66,112,56
28,100,112,56
24,75,112,56
28,81,112,56
15,51,112,56
28,100,112,56
26,75,112,56
27,67,112,56
25,27,112,56
28,81,112,56
26,75,112,56
28,81,112,56
28,81,112,56
25,27,112,56
28,81,112,56
26,25,112,56
25,27,112,56
26,75,112,56
75,25,112,56
50,51,112,56
28,24,112,56
27,37,112,56
23,37,112,56
26,25,112,56
26,75,112,56
50,51,112,56
27,37,112,56
26,25,112,56
26,75,112,56
3,110,112,56
50,51,112,56
27,37,112,56
23,37,112,56
26,75,112,56
75,25,112,56
50,51,112,56
27,37,112,56
81,24,112,56
28,81,112,56
26,75,112,56
50,51,112,56
28,24,112,56
81,24,112,56
28,81,112,56
28,100,112,56
88,125,112,56
28,81,112,56
28,24,112,56
88,125,112,56
28,81,112,56
66,110,112,56
3,110,112,56
28,81,112,56
26,25,112,56
66,110,112,56
24,50,112,56
3,110,112,56
15,50,112,56
28,81,112,56
26,25,112,56
15,50,112,56
66,110,112,56
24,50,112,56
3,110,112,56
27,67,112,56
24,15,112,56
26,25,112,56
66,110,112,56
28,24,112,56
28,81,112,56
66,110,112,56
50,51,112,56
28,24,112,56
28,81,112,56
15,51,112,56
66,110,112,56
3,110,112,56
28,24,112,56
81,24,112,56
28,81,112,56
26,25,112,56
25,37,112,56
66,110,112,56
3,110,112,56
50,51,112,56
28,24,112,56
15,50,112,56
27,67,112,56
25,27,112,56
81,24,112,56
28,81,112,56
26,25,112,56
66,110,112,56
28,24,112,56
28,81,112,56
66,110,112,56
26,75,112,56
15,50,112,56
25,27,112,56
27,37,112,56
28,81,112,56
28,24,112,56
27,108,112,56
81,24,112,56
28,81,112,56
66,110,112,56
28,24,112,56
28,100,112,56
15,50,112,56
25,108,112,56
27,108,112,56
81,24,112,56
28,81,112,56
28,24,112,56
15,50,112,56
28,81,112,56
26,25,112,56
15,51,112,56
28,24,112,56
15,50,112,56
28,81,112,56
28,81,112,56
24,11,112,56
108,11,112,56
28,100,112,56
15,50,112,56
51,110,112,56
106,108,112,56
28,81,112,56
24,26,112,56
28,100,112,56
15,50,112,56
106,108,112,56
81,23,112,56
15,50,112,56
51,110,112,56
27,108,112,56
24,26,112,56
15,50,112,56
24,26,112,56
81,23,112,56
24,11,112,56
26,11,112,56
15,50,112,56
51,110,112,56
28,75,112,56
24,26,112,56
81,23,112,56
25,11,112,56
15,50,112,56
51,110,112,56
28,23,112,56
28,37,112,56
28,75,112,56
24,26,112,56
25,11,112,56
15,50,112,56
51,110,112,56
81,67,112,56
28,37,112,56
28,75,112,56
28,81,112,56
15,50,112,56
51,110,112,56
28,23,112,56
24,26,112,56
15,110,112,56
15,51,112,56
28,108,112,56
15,50,112,56
51,110,112,56
24,26,112,56
15,110,112,56
15,51,112,56
51,110,112,56
50,110,112,56
28,75,112,56
28,81,112,56
15,66,112,56
51,110,112,56
50,110,112,56
51,110,112,56
50,110,112,56
51,110,112,56
50,110,112,56
24,26,112,56
51,110,112,56
28,23,112,56
28,37,112,56
28,75,112,56
28,81,112,56
24,26,112,56
28,24,112,56
51,110,112,56
28,81,112,56
51,110,112,56
28,37,112,56
28,75,112,56
28,81,112,56
24,26,112,56
51,110,112,56
50,110,112,56
28,75,112,56
24,26,112,56
28,100,112,56
50,110,112,56
24,26,112,56
75,100,112,56
28,100,112,56
27,108,112,56
28,75,112,56
28,100,112,56
27,108,112,56
24,26,112,56
75,100,112,56
28,100,112,56
28,23,112,56
28,81,112,56
24,26,112,56
50,110,112,56
24,26,112,56
26,100,112,56
81,100,112,56
28,81,112,56
24,26,112,56
24,100,112,56
28,24,112,56
28,100,112,56
24,26,112,56
24,100,112,56
75,100,112,56
28,24,112,56
28,100,112,56
28,75,112,56
28,81,112,56
24,100,112,56
66,50,112,56
75,100,112,56
28,100,112,56
28,37,112,56
24,26,113,57
24,100,113,57
28,24,113,57
28,100,113,57
28,37,113,57
24,26,113,57
28,100,113,57
28,37,113,57
28,81,113,57
24,26,113,57
24,100,113,57
28,81,113,57
81,27,113,57
56,125,113,57
28,37,113,57
67,108,113,57
81,27,113,57
28,81,113,57
81,27,113,57
56,125,113,57
28,75,113,57
67,108,113,57
81,27,113,57
56,125,113,57
81,75,113,57
67,108,113,57
81,27,113,57
28,75,113,57
67,108,113,57
81,27,113,57
28,24,113,57
28,37,113,57
28,75,113,57
28,81,113,57
24,26,113,57
56,23,113,57
28,24,113,57
37,108,113,57
28,26,113,57
28,81,113,57
28,24,113,57
28,81,113,57
28,75,113,57
28,81,113,57
24,100,113,57
28,24,113,57
28,26,113,57
28,75,113,57
28,81,113,57
24,26,113,57
28,24,113,57
81,24,113,57
24,26,113,57
28,24,113,57
28,81,113,57
28,24,113,57
28,23,113,57
28,75,113,57
81,24,113,57
24,26,113,57
81,26,113,57
28,24,113,57
28,23,113,57
24,26,113,57
24,100,113,57
66,50,113,57
81,75,113,57
28,75,113,57
81,24,113,57
24,26,113,57
81,26,113,57
28,24,113,57
28,100,113,57
28,23,113,57
28,75,113,57
81,24,113,57
24,26,113,57
28,24,113,57
28,23,113,57
81,24,113,57
24,100,113,57
28,75,113,57
24,26,113,57
28,23,113,57
28,26,113,57
28,24,113,57
28,23,113,57
28,75,113,57
56,125,113,57
28,24,113,57
28,100,113,57
28,23,113,57
75,100,113,57
88,125,113,57
28,23,113,57
28,75,113,57
56,125,113,57
88,125,113,57
28,23,113,57
28,75,113,57
56,125,113,57
28,23,113,57
56,88,113,57
28,75,113,57
66,51,113,57
28,24,113,57
28,100,113,57
28,23,113,57
15,51,113,57
75,100,113,57
15,66,113,57
51,110,113,57
28,75,113,57
50,51,113,57
28,24,113,57
28,100,113,57
28,23,113,57
28,75,113,57
81,24,113,57
75,100,113,57
28,23,113,57
28,75,113,57
81,24,113,57
75,100,113,57
28,24,113,57
81,100,113,57
28,75,113,57
75,100,113,57
56,125,113,57
66,110,113,57
28,75,113,57
75,100,113,57
56,125,113,57
81,75,113,57
88,125,113,57
28,75,113,57
81,24,113,57
81,75,113,57
28,100,113,57
28,23,113,57
24,75,113,57
28,75,113,57
81,75,113,57
28,100,113,57
23,75,113,57
81,23,113,57
23,75,113,57
81,75,113,57
81,75,113,57
81,75,113,57
88,125,113,57
56,125,113,57
