source,target,time_stamps/seconds,time_window
1170,1644,0,0
1170,1613,0,0
1170,1644,0,0
1181,1651,0,0
1108,1190,0,0
1671,1672,0,0
1660,1662,0,0
803,849,0,0
1144,1644,0,0
656,682,0,0
1148,1644,0,0
1613,1672,0,0
656,682,0,0
1632,1671,0,0
1492,1613,0,0
656,682,0,0
1632,1671,0,0
1148,1644,0,0
656,682,0,0
1108,1601,0,0
1632,1671,0,0
626,698,0,0
1148,1644,0,0
1148,1644,0,0
1108,1601,0,0
656,682,0,0
1632,1671,0,0
1148,1644,0,0
1632,1671,0,0
1632,1671,0,0
683,692,0,0
610,692,0,0
636,643,0,0
683,692,0,0
1632,1671,0,0
654,694,0,0
683,692,0,0
654,694,0,0
1632,1671,0,0
654,694,0,0
626,698,0,0
1632,1671,0,0
654,694,0,0
1632,1671,0,0
654,694,0,0
654,694,0,0
610,623,0,0
683,692,0,0
654,694,0,0
683,692,0,0
636,643,0,0
654,694,0,0
683,692,0,0
654,694,0,0
610,623,0,0
683,692,0,0
654,694,0,0
610,623,0,0
683,692,0,0
1632,1671,0,0
654,694,0,0
683,692,0,0
1632,1671,0,0
654,694,0,0
683,692,0,0
1632,1671,0,0
1632,1671,0,0
683,692,0,0
683,692,0,0
683,692,0,0
683,692,0,0
654,694,0,0
683,692,0,0
683,692,0,0
683,692,0,0
683,692,0,0
683,692,0,0
1632,1671,0,0
683,692,0,0
683,692,0,0
1632,1671,0,0
683,692,0,0
683,692,0,0
683,692,0,0
683,692,0,0
683,692,0,0
654,694,0,0
683,692,0,0
654,694,0,0
683,692,0,0
683,692,0,0
683,692,0,0
636,643,0,0
1632,1671,0,0
683,692,0,0
636,643,0,0
683,692,0,0
683,692,0,0
683,692,0,0
683,692,0,0
1644,1662,0,0
654,694,0,0
683,692,0,0
1644,1662,0,0
654,694,0,0
1644,1662,0,0
654,694,0,0
652,661,0,0
683,692,0,0
654,694,0,0
683,692,0,0
683,692,0,0
1644,1662,0,0
654,694,0,0
683,692,0,0
654,694,0,0
683,692,0,0
683,692,0,0
654,694,0,0
1108,1601,0,0
616,661,0,0
616,661,0,0
613,658,0,0
654,694,0,0
654,694,0,0
658,698,0,0
692,698,0,0
654,694,0,0
613,698,0,0
610,658,0,0
610,623,0,0
654,694,0,0
1170,1672,0,0
654,694,0,0
616,661,0,0
654,694,0,0
613,658,0,0
610,658,0,0
616,661,0,0
613,658,0,0
613,658,0,0
1108,1601,0,0
613,658,0,0
654,694,0,0
610,658,0,0
654,694,0,0
1108,1601,0,0
626,698,0,0
1170,1672,0,0
636,643,0,0
626,698,0,0
626,698,0,0
610,658,0,0
626,698,0,0
1108,1601,0,0
654,694,0,0
652,661,0,0
626,698,0,0
1108,1601,0,0
626,698,0,0
613,658,0,0
1632,1671,0,0
654,694,0,0
626,698,0,0
654,694,0,0
654,694,0,0
613,658,0,0
626,698,0,0
652,661,0,0
1170,1672,0,0
613,658,0,0
626,698,0,0
652,661,0,0
613,658,0,0
651,694,0,0
626,698,0,0
1613,1672,0,0
1170,1672,0,0
654,694,0,0
652,661,0,0
613,658,0,0
626,698,0,0
1613,1629,0,0
1613,1672,0,0
654,694,0,0
626,698,0,0
654,694,0,0
1492,1613,0,0
1164,1657,0,0
1632,1671,0,0
654,694,0,0
1170,1672,0,0
613,658,0,0
1164,1657,0,0
652,661,0,0
654,694,0,0
652,661,0,0
1170,1672,0,0
626,698,0,0
652,661,0,0
1632,1671,0,0
626,698,0,0
1492,1613,0,0
652,661,0,0
1622,1657,0,0
1190,1658,0,0
626,698,0,0
1622,1657,0,0
1190,1658,0,0
683,692,0,0
626,698,0,0
652,661,0,0
1622,1657,0,0
626,698,0,0
652,661,0,0
626,698,0,0
652,661,0,0
1632,1671,0,0
626,698,0,0
1632,1671,0,0
626,698,0,0
1671,1672,0,0
1632,1671,0,0
626,698,0,0
613,658,0,0
626,698,0,0
1170,1672,0,0
626,698,0,0
613,658,0,0
654,694,0,0
1170,1672,0,0
613,658,0,0
654,694,0,0
626,698,0,0
1170,1672,0,0
626,698,0,0
613,658,0,0
654,694,0,0
654,694,0,0
613,658,0,0
626,698,0,0
1170,1672,0,0
1657,1679,0,0
613,658,0,0
626,698,0,0
626,698,0,0
652,661,0,0
626,698,0,0
652,661,0,0
626,698,0,0
654,694,0,0
652,661,0,0
654,694,0,0
652,661,0,0
1170,1672,0,0
613,658,0,0
652,661,0,0
654,694,0,0
613,658,0,0
626,698,0,0
652,661,0,0
613,658,0,0
683,692,0,0
626,698,0,0
613,658,0,0
654,694,0,0
613,658,0,0
654,694,0,0
1671,1672,0,0
654,694,0,0
1657,1679,0,0
654,694,0,0
1657,1679,0,0
613,658,0,0
654,694,0,0
1170,1672,0,0
613,658,0,0
1657,1679,0,0
1170,1672,0,0
1657,1679,0,0
1108,1613,0,0
1657,1679,0,0
1108,1601,0,0
654,694,0,0
1108,1613,0,0
1108,1601,0,0
613,658,0,0
626,698,0,0
1657,1679,0,0
1651,1674,0,0
654,694,0,0
1108,1613,0,0
626,698,0,0
1657,1679,0,0
1108,1613,0,0
1657,1679,0,0
1108,1613,0,0
1657,1679,0,0
626,698,0,0
1108,1613,0,0
1657,1679,0,0
613,658,0,0
1657,1679,0,0
613,658,0,0
1657,1679,0,0
683,692,0,0
654,694,0,0
613,658,0,0
1632,1671,0,0
1657,1679,0,0
1657,1679,0,0
1632,1671,0,0
654,694,0,0
1108,1613,0,0
1632,1671,0,0
654,694,0,0
654,694,0,0
652,661,0,0
654,694,0,0
652,661,0,0
616,652,0,0
613,658,0,0
654,694,0,0
652,661,0,0
613,658,0,0
654,694,0,0
652,661,0,0
654,694,0,0
654,694,0,0
626,698,0,0
610,623,0,0
654,694,0,0
626,698,0,0
1632,1671,0,0
654,694,0,0
1632,1671,0,0
651,694,0,0
1632,1671,0,0
1492,1613,0,0
1632,1671,0,0
1632,1671,0,0
1190,1658,0,0
610,658,0,0
1144,1662,0,0
610,658,0,0
1613,1629,0,0
610,658,0,0
1632,1671,0,0
654,694,0,0
1660,1679,0,0
654,694,0,0
1660,1679,0,0
1632,1671,0,0
654,694,0,0
1622,1657,0,0
1632,1671,0,0
1657,1679,0,0
1622,1657,0,0
1632,1671,0,0
1622,1657,0,0
1164,1657,0,0
1622,1657,0,0
1164,1657,0,0
654,694,0,0
1622,1657,0,0
1657,1679,0,0
1164,1657,0,0
654,694,0,0
1622,1657,0,0
654,694,0,0
1622,1657,0,0
1622,1657,0,0
683,692,0,0
654,694,0,0
1622,1657,0,0
1164,1657,0,0
654,694,0,0
613,658,0,0
1622,1657,0,0
1164,1657,0,0
1622,1657,0,0
1164,1657,0,0
1622,1657,0,0
613,658,0,0
1108,1613,0,0
1164,1657,0,0
1622,1657,0,0
613,658,0,0
609,690,0,0
609,690,0,0
1622,1657,0,0
1164,1657,0,0
1651,1674,0,0
600,609,0,0
1622,1657,0,0
1164,1657,0,0
1144,1662,0,0
1622,1657,0,0
613,658,0,0
654,694,0,0
1622,1657,0,0
613,658,0,0
654,694,0,0
600,609,0,0
609,690,0,0
1622,1657,0,0
600,609,0,0
1144,1662,0,0
1622,1657,0,0
600,609,0,0
1622,1657,0,0
600,609,0,0
1622,1657,0,0
1164,1657,0,0
600,609,0,0
1622,1657,0,0
613,658,0,0
600,609,0,0
1170,1672,0,0
1622,1657,0,0
654,694,0,0
609,690,0,0
1622,1657,0,0
654,694,0,0
609,690,0,0
1144,1662,0,0
1622,1657,0,0
654,694,0,0
609,690,0,0
1144,1662,0,0
1622,1657,0,0
1632,1671,0,0
654,694,0,0
1622,1657,0,0
1108,1601,0,0
651,694,0,0
609,690,0,0
1632,1671,0,0
1170,1672,0,0
1144,1662,0,0
1622,1657,0,0
1108,1601,0,0
1632,1671,0,0
609,690,0,0
654,694,0,0
652,661,0,0
1622,1657,0,0
1108,1601,0,0
1632,1671,0,0
609,690,0,0
654,694,0,0
613,658,0,0
1622,1657,0,0
1164,1657,0,0
654,694,0,0
1144,1662,0,0
1622,1657,0,0
613,658,0,0
1632,1671,0,0
609,690,0,0
1613,1632,0,0
654,694,0,0
609,690,0,0
1622,1657,0,0
654,694,0,0
613,658,0,0
610,658,0,0
609,690,0,0
1622,1657,0,0
613,658,0,0
654,694,0,0
609,690,0,0
1622,1657,0,0
613,658,0,0
654,694,0,0
609,690,0,0
1108,1601,0,0
1622,1657,0,0
613,658,0,0
609,690,0,0
1622,1657,0,0
1108,1601,0,0
654,694,0,0
609,690,0,0
1622,1657,0,0
1108,1601,0,0
654,694,0,0
609,690,0,0
1622,1657,0,0
654,694,0,0
609,690,0,0
1622,1657,0,0
1108,1601,0,0
636,643,0,0
1622,1657,0,0
1164,1657,0,0
636,643,0,0
609,690,0,0
1170,1672,0,0
654,694,0,0
609,690,0,0
1622,1657,0,0
1164,1657,0,0
1649,1657,0,0
636,643,0,0
1622,1657,0,0
1164,1657,0,0
636,643,0,0
654,694,0,0
851,855,0,0
636,643,0,0
654,694,0,0
1622,1657,0,0
1164,1657,0,0
1632,1671,0,0
654,694,0,0
841,848,0,0
1164,1657,0,0
1622,1657,0,0
1632,1671,0,0
654,694,0,0
1622,1657,0,0
1164,1657,0,0
851,856,0,0
841,848,0,0
683,692,0,0
851,855,0,0
654,694,0,0
841,848,0,0
613,658,0,0
1622,1657,0,0
841,848,0,0
867,868,0,0
851,856,0,0
683,692,0,0
841,848,0,0
1164,1657,0,0
851,855,0,0
1164,1657,0,0
1622,1657,0,0
1108,1601,0,0
610,658,0,0
1622,1657,0,0
613,658,0,0
1108,1601,0,0
1632,1671,0,0
851,856,0,0
841,848,0,0
1164,1657,0,0
851,855,0,0
851,856,0,0
613,658,0,0
1108,1601,0,0
1613,1672,0,0
1164,1657,0,0
1622,1657,0,0
613,658,0,0
1164,1657,0,0
1108,1601,0,0
1632,1671,0,0
609,690,0,0
683,692,0,0
1613,1672,0,0
609,690,0,0
613,658,0,0
1108,1601,0,0
1632,1671,0,0
1164,1657,0,0
1622,1657,0,0
1164,1657,0,0
613,658,0,0
1632,1671,0,0
683,692,0,0
600,609,0,0
1108,1601,0,0
1108,1601,0,0
1622,1657,0,0
683,692,0,0
613,658,0,0
1164,1657,0,0
1108,1601,0,0
1622,1657,0,0
613,658,0,0
1613,1672,0,0
613,658,0,0
1622,1657,0,0
1164,1657,0,0
654,694,0,0
1622,1657,0,0
613,658,0,0
1164,1657,0,0
609,690,0,0
1613,1672,0,0
867,868,0,0
609,690,0,0
1164,1657,0,0
1622,1657,0,0
613,658,0,0
609,690,0,0
613,658,0,0
1622,1657,0,0
1164,1657,0,0
1108,1601,0,0
1622,1657,0,0
1164,1657,0,0
613,658,0,0
1632,1671,0,0
609,690,0,0
683,692,0,0
609,690,0,0
613,658,0,0
1622,1657,0,0
1108,1601,0,0
1632,1671,0,0
600,609,0,0
1164,1657,0,0
1622,1657,0,0
867,868,0,0
613,658,0,0
1622,1657,0,0
1164,1657,0,0
613,658,0,0
1632,1671,0,0
609,690,0,0
1108,1601,0,0
1622,1657,0,0
613,658,0,0
1164,1657,0,0
609,690,0,0
1108,1601,0,0
867,868,0,0
654,694,0,0
1622,1657,0,0
1108,1601,0,0
613,658,0,0
609,690,0,0
1164,1657,0,0
654,694,0,0
1622,1657,0,0
1164,1657,0,0
613,658,0,0
1632,1671,0,0
609,690,0,0
851,855,0,0
1190,1658,0,0
867,868,0,0
609,690,0,0
1164,1657,0,0
613,658,0,0
600,613,0,0
1622,1657,0,0
613,658,0,0
1164,1657,0,0
609,690,0,0
1108,1601,0,0
851,855,0,0
1190,1658,0,0
1622,1657,0,0
1164,1657,0,0
613,658,0,0
609,690,0,0
851,855,0,0
1190,1658,0,0
609,690,0,0
1164,1657,0,0
1622,1657,0,0
867,868,0,0
613,658,0,0
1622,1657,0,0
1164,1657,0,0
1622,1657,0,0
867,868,0,0
1622,1657,0,0
1164,1657,0,0
867,868,0,0
1622,1657,0,0
1164,1657,0,0
654,694,0,0
1108,1613,0,0
1164,1657,0,0
1622,1657,0,0
867,868,0,0
1164,1657,0,0
1622,1657,0,0
867,868,0,0
851,855,0,0
851,855,0,0
1622,1657,0,0
1164,1657,0,0
867,868,0,0
1622,1657,0,0
1164,1657,0,0
1632,1671,0,0
867,868,0,0
654,694,0,0
851,855,0,0
1622,1657,0,0
1164,1657,0,0
867,868,0,0
609,690,0,0
1622,1657,0,0
867,868,0,0
1622,1657,0,0
1632,1671,0,0
609,690,0,0
867,868,0,0
654,694,0,0
609,690,0,0
1622,1657,0,0
867,868,0,0
1632,1671,0,0
1622,1657,0,0
1632,1671,0,0
626,698,0,0
851,855,0,0
867,868,0,0
1622,1657,0,0
867,868,0,0
1632,1671,0,0
626,698,0,0
1622,1657,0,0
867,868,0,0
1632,1671,0,0
1622,1657,0,0
867,868,0,0
1632,1671,0,0
1622,1657,0,0
600,613,0,0
1632,1671,0,0
600,609,0,0
867,868,0,0
600,609,0,0
1622,1657,0,0
867,868,0,0
1632,1671,0,0
1622,1657,0,0
1632,1671,0,0
1622,1657,0,0
1622,1657,0,0
867,868,0,0
867,868,0,0
600,613,0,0
1622,1657,0,0
613,658,0,0
867,868,0,0
600,613,0,0
1622,1657,0,0
613,658,0,0
867,868,0,0
600,613,0,0
1622,1657,0,0
613,658,0,0
867,868,0,0
1622,1657,0,0
600,613,0,0
613,658,0,0
1613,1672,0,0
867,868,0,0
1622,1657,0,0
613,658,0,0
600,613,0,0
1649,1657,0,0
867,868,0,0
1144,1662,0,0
1622,1657,0,0
600,613,0,0
613,658,0,0
867,868,0,0
1144,1662,0,0
1622,1657,0,0
613,658,0,0
600,613,0,0
616,661,0,0
867,868,0,0
600,613,0,0
1622,1657,0,0
613,658,0,0
654,694,0,0
851,855,0,0
1622,1657,0,0
600,613,0,0
867,868,0,0
613,658,0,0
1622,1657,0,0
616,661,0,0
600,613,0,0
1108,1613,0,0
1622,1657,0,0
600,613,0,0
616,661,0,0
1170,1672,0,0
1622,1657,0,0
613,658,0,0
1164,1657,0,0
616,661,0,0
1170,1672,0,0
600,613,0,0
1622,1657,0,0
613,658,0,0
616,661,0,0
1164,1657,0,0
600,613,0,0
1622,1657,0,0
616,661,0,0
600,613,0,0
1164,1657,0,0
1170,1672,0,0
1671,1672,0,0
616,661,0,0
1622,1657,0,0
1164,1657,0,0
1632,1671,0,0
616,661,1,1
613,658,1,1
1164,1657,1,1
613,658,1,1
1164,1657,1,1
1632,1671,1,1
616,661,1,1
616,661,1,1
613,658,1,1
1632,1671,1,1
654,694,1,1
1622,1657,1,1
613,658,1,1
616,661,1,1
1164,1657,1,1
654,694,1,1
613,658,1,1
1164,1657,1,1
654,694,1,1
600,609,1,1
613,658,1,1
1164,1657,1,1
654,694,1,1
1108,1613,1,1
1622,1657,1,1
613,658,1,1
1164,1657,1,1
616,661,1,1
654,694,1,1
1622,1657,1,1
613,658,1,1
1164,1657,1,1
616,661,1,1
1170,1672,1,1
654,694,1,1
1622,1657,1,1
1164,1657,1,1
613,658,1,1
616,661,1,1
1170,1672,1,1
654,694,1,1
1170,1672,1,1
1622,1657,1,1
613,658,1,1
654,694,1,1
1622,1657,1,1
613,658,1,1
1657,1679,1,1
1170,1672,1,1
654,694,1,1
1170,1672,1,1
1622,1657,1,1
613,658,1,1
654,694,1,1
1622,1657,1,1
613,658,1,1
654,694,1,1
1170,1672,1,1
1622,1657,1,1
613,658,1,1
654,694,1,1
1622,1657,1,1
613,658,1,1
654,694,1,1
1622,1657,1,1
613,658,1,1
1622,1657,1,1
613,658,1,1
1622,1657,1,1
613,658,1,1
654,694,1,1
1622,1657,1,1
613,658,1,1
610,623,1,1
867,868,1,1
654,694,1,1
1622,1657,1,1
613,658,1,1
654,694,1,1
1622,1657,1,1
613,658,1,1
654,694,1,1
1170,1672,1,1
1622,1657,1,1
613,658,1,1
1170,1672,1,1
1622,1657,1,1
654,694,1,1
1170,1672,1,1
1622,1657,1,1
683,692,1,1
654,694,1,1
867,868,1,1
1622,1657,1,1
683,692,1,1
654,694,1,1
1622,1657,1,1
683,692,1,1
1622,1657,1,1
683,692,1,1
851,855,1,1
867,868,1,1
654,694,1,1
600,609,1,1
1622,1657,1,1
867,868,1,1
1618,1629,1,1
1622,1657,1,1
867,868,1,1
1622,1657,1,1
867,868,1,1
683,692,1,1
1622,1657,1,1
613,658,1,1
867,868,1,1
1622,1657,1,1
1164,1657,1,1
613,658,1,1
683,692,1,1
867,868,1,1
654,694,1,1
1622,1657,1,1
613,658,1,1
1164,1657,1,1
867,868,1,1
654,694,1,1
1622,1657,1,1
613,658,1,1
1164,1657,1,1
867,868,1,1
654,694,1,1
1622,1657,1,1
613,658,1,1
1164,1657,1,1
683,692,1,1
867,868,1,1
654,694,1,1
1622,1657,1,1
1164,1657,1,1
613,658,1,1
609,690,1,1
683,692,1,1
867,868,1,1
654,694,1,1
1622,1657,1,1
613,658,1,1
1164,1657,1,1
683,692,1,1
867,868,1,1
654,694,1,1
1622,1657,1,1
1164,1657,1,1
613,658,1,1
683,692,1,1
851,855,1,1
867,868,1,1
654,694,1,1
1622,1657,1,1
1164,1657,1,1
683,692,1,1
867,868,1,1
654,694,1,1
1622,1657,1,1
613,658,1,1
1164,1657,1,1
609,690,1,1
867,868,1,1
654,694,1,1
1622,1657,1,1
613,658,1,1
1164,1657,1,1
609,690,1,1
654,694,1,1
867,868,1,1
1622,1657,1,1
1164,1657,1,1
1622,1657,1,1
1164,1657,1,1
1164,1657,1,1
1622,1657,1,1
867,868,1,1
1622,1651,1,1
1622,1657,1,1
1164,1657,1,1
1622,1657,1,1
1144,1148,1,1
1148,1181,1,1
1164,1657,1,1
609,690,1,1
609,690,1,1
1622,1657,1,1
867,868,1,1
609,690,1,1
867,868,1,1
1622,1657,1,1
1164,1657,1,1
609,690,1,1
1622,1657,1,1
1164,1657,1,1
1622,1657,1,1
1164,1657,1,1
636,643,1,1
600,609,1,1
1164,1657,1,1
1622,1657,1,1
616,661,1,1
1164,1657,1,1
664,867,1,1
600,609,1,1
613,658,1,1
1164,1657,1,1
616,661,1,1
664,867,1,1
600,609,1,1
1622,1657,1,1
1164,1657,1,1
613,658,1,1
616,661,1,1
1622,1657,1,1
616,661,1,1
613,658,1,1
1164,1657,1,1
851,855,1,1
1190,1658,1,1
1622,1657,1,1
1164,1657,1,1
613,658,1,1
616,661,1,1
609,690,1,1
1622,1657,1,1
613,658,1,1
1164,1657,1,1
609,690,1,1
1622,1657,1,1
613,658,1,1
616,661,1,1
609,690,1,1
609,690,1,1
616,661,1,1
1622,1657,1,1
613,658,1,1
1622,1657,1,1
1164,1657,1,1
613,658,1,1
616,661,1,1
609,690,1,1
1622,1657,1,1
616,661,1,1
613,658,1,1
609,690,1,1
1651,1657,1,1
1649,1657,1,1
652,683,1,1
1170,1672,1,1
1622,1657,1,1
1164,1657,1,1
616,661,1,1
636,643,1,1
609,690,1,1
1622,1657,1,1
616,661,1,1
1164,1657,1,1
636,643,1,1
609,690,1,1
652,683,1,1
1622,1657,1,1
616,661,1,1
1632,1671,1,1
609,690,1,1
609,690,1,1
613,658,1,1
616,661,1,1
1622,1657,1,1
616,661,1,1
613,658,1,1
609,690,1,1
851,855,1,1
1622,1657,1,1
613,658,1,1
1164,1657,1,1
616,661,1,1
609,690,1,1
600,609,1,1
1170,1672,1,1
1622,1657,1,1
616,661,1,1
613,658,1,1
1170,1672,1,1
1622,1657,1,1
613,658,1,1
616,661,1,1
1632,1671,1,1
1164,1657,1,1
1170,1672,1,1
613,658,1,1
1164,1657,1,1
1632,1671,1,1
1170,1672,1,1
652,683,1,1
1622,1657,1,1
613,658,1,1
613,658,1,1
1164,1657,1,1
1190,1658,1,1
613,658,1,1
609,690,1,1
1622,1657,1,1
609,690,1,1
1622,1657,1,1
1632,1671,1,1
609,690,1,1
683,692,1,1
1632,1671,1,1
1632,1671,1,1
683,692,1,1
1170,1672,1,1
1651,1674,1,1
1190,1658,1,1
1181,1674,1,1
1622,1657,1,1
1181,1651,1,1
1164,1657,1,1
1651,1674,1,1
1651,1674,1,1
1164,1657,1,1
1181,1651,1,1
1622,1657,1,1
1181,1651,1,1
613,658,1,1
1164,1657,1,1
683,692,1,1
1170,1672,1,1
1651,1674,1,1
1170,1632,1,1
1622,1657,1,1
1108,1667,1,1
616,661,1,1
1164,1657,1,1
1170,1671,1,1
683,692,1,1
1657,1679,1,1
1170,1672,1,1
1651,1674,1,1
1622,1657,1,1
1108,1667,1,1
1181,1651,1,1
616,661,1,1
1164,1657,1,1
1170,1671,1,1
1622,1657,1,1
1108,1667,1,1
1164,1657,1,1
1170,1672,1,1
1622,1657,1,1
1622,1645,1,1
1164,1657,1,1
1660,1679,1,1
1649,1651,1,1
1657,1679,1,1
1651,1674,1,1
1108,1645,1,1
1622,1657,1,1
1108,1622,1,1
1622,1645,1,1
1108,1144,1,1
1144,1190,1,1
1190,1632,1,1
1144,1657,1,1
1651,1657,1,1
1181,1622,1,1
652,683,1,1
1645,1657,1,1
1181,1657,1,1
1651,1674,1,1
1649,1651,1,1
1632,1667,1,1
1181,1645,1,1
1108,1657,1,1
1108,1622,1,1
1622,1645,1,1
1108,1144,1,1
1164,1645,1,1
613,658,1,1
1181,1674,1,1
652,683,1,1
1164,1657,1,1
1622,1657,1,1
1164,1657,1,1
613,658,1,1
1190,1632,1,1
616,661,1,1
1144,1613,1,1
1645,1657,1,1
1651,1674,1,1
1164,1622,1,1
616,623,1,1
1622,1657,1,1
1190,1671,1,1
1660,1662,1,1
1622,1645,1,1
1108,1144,1,1
613,658,1,1
1667,1674,1,1
1181,1651,1,1
616,661,1,1
1190,1632,1,1
1108,1632,1,1
1190,1667,1,1
1148,1679,1,1
683,692,1,1
652,683,1,1
1645,1657,1,1
1651,1674,1,1
1622,1657,1,1
1108,1657,1,1
1660,1662,1,1
1622,1645,1,1
1645,1657,1,1
616,661,1,1
1190,1632,1,1
1108,1644,1,1
1651,1657,1,1
683,692,1,1
1190,1671,1,1
1108,1667,1,1
1622,1657,1,1
1108,1667,1,1
1181,1651,1,1
1645,1657,1,1
616,661,1,1
1190,1632,1,1
652,683,1,1
1144,1644,1,1
692,698,1,1
1622,1657,1,1
1492,1657,1,1
1108,1667,1,1
1181,1651,1,1
1645,1657,1,1
1108,1144,1,1
613,658,1,1
1181,1674,1,1
616,661,1,1
1613,1649,1,1
1144,1667,1,1
1651,1674,1,1
1492,1645,1,1
1622,1657,1,1
1108,1667,1,1
1181,1651,1,1
616,661,1,1
1108,1144,1,1
613,658,1,1
1181,1674,1,1
636,643,1,1
1144,1644,1,1
1108,1644,1,1
1181,1613,1,1
1645,1657,1,1
1651,1674,1,1
1613,1674,1,1
1622,1657,1,1
1492,1657,1,1
1108,1667,1,1
1181,1651,1,1
1601,1613,1,1
1645,1657,1,1
1108,1144,1,1
616,661,1,1
1181,1674,1,1
636,643,1,1
1144,1667,1,1
1108,1644,1,1
1164,1657,1,1
1144,1644,1,1
1651,1674,1,1
654,694,1,1
1622,1657,1,1
1108,1667,1,1
1622,1645,1,1
1181,1651,1,1
1645,1657,1,1
1108,1144,1,1
616,661,1,1
1181,1674,1,1
636,643,1,1
610,623,1,1
1651,1674,1,1
867,868,1,1
654,694,1,1
1622,1657,1,1
1622,1645,1,1
1108,1667,1,1
1108,1144,1,1
1645,1657,1,1
1181,1651,1,1
616,661,1,1
1181,1674,1,1
636,643,1,1
683,692,1,1
652,683,1,1
610,623,1,1
1651,1674,1,1
654,694,1,1
1622,1657,1,1
1108,1667,1,1
1622,1645,1,1
1108,1144,1,1
1645,1657,1,1
610,683,1,1
623,683,1,1
1108,1644,1,1
683,692,1,1
658,683,1,1
654,694,1,1
1622,1657,1,1
1108,1644,1,1
1622,1645,1,1
1108,1667,1,1
1108,1144,1,1
1645,1657,1,1
830,834,1,1
610,683,1,1
610,692,1,1
690,692,1,1
610,658,1,1
683,692,1,1
1651,1674,1,1
654,694,1,1
658,683,1,1
658,692,1,1
601,823,1,1
1622,1657,1,1
1108,1144,1,1
616,683,1,1
1651,1674,1,1
651,683,1,1
1181,1651,1,1
1645,1657,1,1
654,658,1,1
658,692,1,1
610,623,1,1
623,654,1,1
610,654,1,1
643,667,1,1
1108,1644,1,1
1108,1667,1,1
830,834,1,1
658,690,1,1
610,658,1,1
1181,1674,1,1
643,683,1,1
1492,1651,1,1
1622,1657,1,1
1108,1644,1,1
1108,1667,1,1
1108,1144,1,1
1645,1657,1,1
616,683,1,1
1181,1651,1,1
1181,1674,1,1
616,692,1,1
1144,1667,1,1
1144,1644,1,1
1651,1674,1,1
1644,1667,1,1
1622,1657,1,1
1108,1644,1,1
1108,1667,1,1
1645,1657,1,1
616,683,1,1
1108,1144,1,1
600,634,1,1
616,692,1,1
1622,1645,1,1
1144,1644,1,1
803,849,1,1
654,694,1,1
1622,1657,1,1
894,896,1,1
1108,1144,1,1
616,683,1,1
1651,1674,1,1
1164,1622,1,1
1108,1667,1,1
1622,1645,1,1
1181,1651,1,1
1645,1657,1,1
841,849,1,1
851,853,1,1
1108,1644,1,1
609,652,1,1
1181,1674,1,1
600,634,1,1
616,692,1,1
654,694,1,1
1622,1657,1,1
894,896,1,1
1108,1144,1,1
616,683,1,1
1170,1613,1,1
1629,1644,1,1
1108,1644,1,1
1651,1674,1,1
1164,1622,1,1
1181,1651,1,1
1645,1657,1,1
643,892,1,1
849,868,1,1
841,864,1,1
882,886,1,1
1108,1667,1,1
882,896,1,1
1181,1674,1,1
616,692,1,1
609,690,1,1
864,868,1,1
803,849,1,1
1622,1657,1,1
1144,1629,1,1
1108,1144,1,1
855,873,1,1
1108,1629,1,1
1629,1644,1,1
1651,1674,1,1
821,882,1,1
1164,1622,1,1
1622,1645,1,1
1645,1657,1,1
636,892,1,1
1144,1644,1,1
1108,1644,1,1
1108,1667,1,1
1629,1667,1,1
1181,1674,1,1
841,855,1,1
864,868,1,1
1622,1657,1,1
1144,1629,1,1
1108,1144,1,1
855,873,1,1
1108,1629,1,1
1629,1644,1,1
644,696,1,1
1622,1645,1,1
636,892,1,1
623,683,1,1
1651,1657,1,1
1108,1644,1,1
1108,1667,1,1
826,868,1,1
683,847,1,1
610,613,1,1
821,894,1,1
868,873,1,1
1181,1674,1,1
1492,1651,1,1
864,868,1,1
1622,1657,1,1
623,692,1,1
686,696,1,1
1108,1629,1,1
1629,1644,1,1
644,696,1,1
1164,1622,1,1
1181,1651,1,1
1645,1657,1,1
1108,1144,1,1
1651,1657,1,1
1108,1644,1,1
1108,1667,1,1
683,847,1,1
893,896,1,1
1492,1651,1,1
1629,1667,1,1
1181,1657,1,1
803,849,1,1
1629,1644,1,1
1108,1644,1,1
1181,1651,1,1
1645,1657,1,1
1108,1144,1,1
1144,1667,1,1
686,696,1,1
855,873,1,1
1108,1629,1,1
664,867,1,1
658,690,1,1
1181,1657,1,1
803,849,1,1
1629,1667,1,1
868,892,1,1
1144,1629,1,1
1108,1144,1,1
686,696,1,1
855,873,1,1
1108,1629,1,1
1629,1644,1,1
1181,1651,1,1
1645,1657,1,1
851,868,1,1
1108,1644,1,1
1108,1667,1,1
609,658,1,1
658,690,1,1
864,892,1,1
609,690,1,1
1492,1651,1,1
1629,1667,1,1
857,1181,1,1
868,892,1,1
1108,1144,1,1
658,690,1,1
609,815,1,1
1108,1629,1,1
1164,1622,1,1
1181,1651,1,1
1645,1657,1,1
851,868,1,1
1144,1644,1,1
857,1622,1,1
636,851,1,1
1108,1644,1,1
1108,1667,1,1
690,815,1,1
826,1181,1,1
857,1164,1,1
609,658,1,1
864,892,1,1
658,815,1,1
609,690,1,1
826,1651,1,1
826,857,1,1
1108,1144,1,1
658,690,1,1
609,815,1,1
1108,1629,1,1
1629,1644,1,1
1644,1667,1,1
892,896,1,1
1181,1651,1,1
1645,1657,1,1
616,651,1,1
851,868,1,1
636,851,1,1
1108,1644,1,1
600,871,1,1
690,815,1,1
826,1181,1,1
686,696,1,1
609,658,1,1
610,613,1,1
616,847,1,1
857,1622,1,1
609,690,1,1
803,849,1,1
826,1651,1,1
1144,1629,1,1
610,690,1,1
658,690,1,1
609,815,1,1
623,651,1,1
1629,1644,1,1
651,692,1,1
1645,1657,1,1
616,651,1,1
1108,1144,1,1
1622,1651,1,1
1144,1644,1,1
1108,1644,1,1
1108,1667,1,1
690,815,1,1
826,1181,1,1
610,613,1,1
626,698,1,1
1108,1629,1,1
616,692,1,1
803,849,1,1
826,1651,1,1
857,1181,1,1
660,894,1,1
609,815,1,1
623,651,1,1
866,871,1,1
609,690,1,1
814,895,1,1
1181,1651,1,1
1613,1678,1,1
1645,1657,1,1
616,651,1,1
853,873,1,1
810,855,1,1
857,1622,1,1
616,623,1,1
1108,1644,1,1
600,871,1,1
690,815,1,1
826,1181,1,1
853,855,1,1
857,1164,1,1
609,658,1,1
854,871,1,1
658,690,1,1
610,613,1,1
855,873,1,1
889,890,1,1
660,682,1,1
810,853,1,1
636,851,1,1
1629,1667,1,1
803,849,1,1
826,1651,1,1
810,873,1,1
654,694,1,1
686,696,1,1
609,815,1,1
623,651,1,1
854,866,1,1
1164,1622,1,1
1181,1651,1,1
1645,1657,1,1
616,651,1,1
600,866,1,1
891,894,1,1
1108,1644,1,1
600,871,1,1
690,815,1,1
826,1181,1,1
853,855,1,1
888,890,1,1
609,658,1,1
854,871,1,1
823,890,1,1
658,690,1,1
610,613,1,1
826,1164,1,1
848,1492,1,1
803,849,1,1
826,1651,1,1
848,1492,1,1
855,873,1,1
623,651,1,1
854,866,1,1
651,654,1,1
1164,1622,1,1
866,871,1,1
814,895,1,1
1645,1657,1,1
616,651,1,1
618,847,1,1
600,866,1,1
891,894,1,1
636,864,1,1
848,1651,1,1
616,623,1,1
823,868,1,1
1108,1644,1,1
690,815,1,1
826,1181,1,1
888,890,1,1
609,658,1,1
854,871,1,1
658,690,1,1
610,613,1,1
609,815,1,1
623,654,1,1
609,690,1,1
1629,1667,1,1
634,871,1,1
803,849,1,1
609,815,1,1
623,651,1,1
854,866,1,1
651,692,1,1
1164,1622,1,1
814,895,1,1
1645,1657,1,1
616,651,1,1
600,866,1,1
891,894,1,1
1108,1644,1,1
1492,1651,1,1
690,815,1,1
609,658,1,1
854,871,1,1
658,690,1,1
610,613,1,1
855,873,1,1
826,1164,1,1
609,690,1,1
696,823,1,1
1629,1667,1,1
803,849,1,1
892,895,1,1
623,692,1,1
609,815,1,1
623,651,1,1
1108,1644,1,1
651,692,1,1
660,891,1,1
1645,1657,1,1
616,651,1,1
618,847,1,1
600,866,1,1
891,894,1,1
636,868,1,1
1164,1181,1,1
690,815,1,1
826,1181,1,1
634,866,1,1
826,1622,1,1
658,690,1,1
804,853,1,1
610,613,1,1
826,1164,1,1
636,864,1,1
600,634,1,1
609,690,1,1
1492,1651,1,1
1629,1667,1,1
803,849,1,1
817,847,1,1
1181,1657,1,1
609,815,1,1
623,651,1,1
1108,1644,1,1
660,891,1,1
866,871,1,1
1645,1657,1,1
616,651,1,1
600,866,1,1
891,894,1,1
854,866,1,1
826,1657,1,1
690,815,1,1
826,1181,1,1
634,866,1,1
854,871,1,1
826,1622,1,1
658,690,1,1
1144,1601,1,1
610,613,1,1
826,1164,1,1
830,834,1,1
634,854,1,1
600,634,1,1
616,692,1,1
609,690,1,1
1492,1651,1,1
634,871,1,1
803,849,1,1
694,896,1,1
658,690,1,1
855,873,1,1
651,692,1,1
826,1657,1,1
616,651,1,1
1164,1657,1,1
830,834,1,1
636,864,1,1
1108,1644,1,1
690,815,1,1
826,1181,1,1
634,866,1,1
609,658,1,1
1181,1657,1,1
610,613,1,1
609,815,1,1
610,658,1,1
600,634,1,1
609,690,1,1
1492,1651,1,1
634,871,1,1
803,849,1,1
817,847,1,1
616,654,1,1
1181,1657,1,1
623,651,1,1
854,866,1,1
651,654,1,1
814,895,1,1
1613,1678,1,1
616,651,1,1
1164,1657,1,1
883,889,1,1
851,864,1,1
623,654,1,1
1108,1644,1,1
826,1181,1,1
830,834,1,1
634,866,1,1
854,871,1,1
658,690,1,1
652,682,1,1
610,613,1,1
652,891,1,1
1170,1678,1,1
600,634,1,1
609,690,1,1
682,891,1,1
1492,1651,1,1
634,871,1,1
803,849,1,1
616,654,1,1
1164,1645,1,1
660,894,1,1
854,866,1,1
651,654,1,1
1164,1622,1,1
1645,1657,1,1
616,651,1,1
1164,1657,1,1
618,847,1,1
883,889,1,1
875,882,1,1
1108,1644,1,1
826,1181,1,1
830,834,1,1
634,866,1,1
652,682,1,1
610,613,1,1
652,891,1,1
616,692,1,1
609,690,1,1
682,891,1,1
1492,1651,1,1
803,849,1,1
616,654,1,1
623,651,1,1
651,654,1,1
1164,1622,1,1
826,1657,1,1
866,871,1,1
814,895,1,1
1164,1657,1,1
618,847,1,1
654,692,1,1
875,882,1,1
854,866,1,1
826,1181,1,1
830,834,1,1
634,866,1,1
854,871,1,1
1181,1657,1,1
652,682,1,1
610,613,1,1
623,654,1,1
600,634,1,1
616,692,1,1
609,690,1,1
682,891,1,1
1492,1651,1,1
634,871,1,1
803,849,1,1
616,654,1,1
1492,1674,1,1
651,654,1,1
1651,1674,1,1
616,692,1,1
826,1657,1,1
866,871,1,1
1164,1657,1,1
618,847,1,1
623,651,1,1
875,882,1,1
1108,1644,1,1
826,1181,1,1
830,834,1,1
634,866,1,1
864,880,1,1
854,871,1,1
1181,1657,1,1
1144,1601,1,1
652,682,1,1
610,613,1,1
623,654,1,1
652,891,1,1
854,866,1,1
634,854,1,1
609,690,1,1
682,891,1,1
1492,1651,1,1
634,871,1,1
616,654,1,1
1108,1144,1,1
634,854,1,1
1492,1674,1,1
854,866,1,1
651,692,1,1
651,654,1,1
1651,1674,1,1
1164,1622,1,1
826,1657,1,1
866,871,1,1
1645,1657,1,1
1164,1657,1,1
618,847,1,1
623,651,1,1
1144,1644,1,1
654,692,1,1
623,654,1,1
1108,1644,1,1
1492,1651,1,1
826,1181,1,1
830,834,1,1
1108,1601,1,1
857,1164,1,1
634,866,1,1
854,871,1,1
652,682,1,1
610,613,1,1
600,634,1,1
616,692,1,1
609,690,1,1
682,891,1,1
696,823,1,1
634,871,1,1
1181,1657,1,1
616,654,1,1
1492,1674,1,1
854,866,1,1
651,692,1,1
651,654,1,1
1651,1674,1,1
616,692,1,1
889,892,1,1
866,871,1,1
1645,1657,1,1
857,1657,1,1
618,847,1,1
826,1657,1,1
654,692,1,1
1108,1644,1,1
1601,1644,1,1
826,1181,1,1
634,866,1,1
610,613,1,1
634,854,1,1
600,634,1,1
682,891,1,1
1492,1651,1,1
634,871,1,1
616,654,1,1
1164,1645,1,1
1492,1674,1,1
854,866,1,1
651,692,1,1
651,654,1,1
1651,1674,1,1
1164,1622,1,1
889,892,1,1
866,871,1,1
1645,1657,1,1
618,847,1,1
1108,1644,1,1
1601,1644,1,1
826,1181,1,1
1108,1601,1,1
634,866,1,1
610,613,1,1
600,634,1,1
616,692,1,1
609,690,1,1
682,891,1,1
1492,1651,1,1
634,871,1,1
803,849,1,1
616,654,1,1
1622,1657,1,1
660,894,1,1
1492,1674,1,1
1108,1644,1,1
651,692,1,1
826,1674,1,1
1651,1674,1,1
889,892,1,1
1645,1657,1,1
618,847,1,1
623,651,1,1
623,654,1,1
854,866,1,1
826,1181,1,1
1108,1601,1,1
864,880,1,1
804,853,1,1
610,613,1,1
616,692,1,1
609,690,1,1
1492,1651,1,1
803,849,1,1
616,654,1,1
1622,1657,1,1
1164,1645,1,1
634,854,1,1
660,894,1,1
855,873,1,1
1492,1674,1,1
854,866,1,1
651,692,1,1
651,654,1,1
826,1674,1,1
1651,1674,1,1
616,692,1,1
1164,1622,1,1
866,871,1,1
654,667,1,1
1181,1651,1,1
1645,1657,1,1
1164,1657,1,1
857,1657,1,1
618,847,1,1
623,651,1,1
654,692,1,1
623,654,1,1
616,623,1,1
1108,1644,1,1
1601,1644,1,1
826,1181,1,1
1108,1601,1,1
634,866,1,1
610,613,1,1
853,864,1,1
1181,1674,1,1
600,634,1,1
609,690,1,1
1492,1651,1,1
826,1651,1,1
616,654,1,1
636,880,1,1
1164,1645,1,1
1164,1657,1,1
855,873,1,1
1108,1644,1,1
651,692,1,1
651,654,1,1
826,1674,1,1
1651,1674,1,1
1164,1622,1,1
654,667,1,1
1181,1651,1,1
851,868,1,1
618,847,1,1
1108,1618,1,1
623,654,1,1
854,866,1,1
1601,1644,1,1
826,1181,1,1
1108,1601,1,1
626,817,1,1
610,613,1,1
658,815,1,1
1181,1674,1,1
600,634,1,1
616,692,1,1
609,690,1,1
826,1651,1,1
616,654,1,1
1622,1657,1,1
855,873,1,1
623,651,1,1
854,866,1,1
651,692,1,1
651,654,1,1
826,1674,1,1
1651,1674,1,1
1164,1622,1,1
654,667,1,1
1181,1651,1,1
618,847,1,1
654,692,1,1
826,1613,1,1
1148,1190,1,1
1108,1644,1,1
1601,1644,1,1
826,1181,1,1
626,817,1,1
609,658,1,1
804,853,1,1
610,613,1,1
636,869,1,1
1181,1674,1,1
616,692,1,1
609,690,1,1
1613,1671,1,1
698,817,1,1
803,849,1,1
826,1651,1,1
616,654,1,1
660,894,1,1
855,873,1,1
618,847,1,1
1108,1657,1,1
654,667,1,1
1190,1657,1,1
803,880,1,1
854,866,1,1
1613,1657,1,1
806,1632,1,1
610,613,1,1
600,634,1,1
616,692,1,1
815,880,1,1
826,1170,1,1
616,654,1,1
660,894,1,1
855,873,1,1
1651,1674,1,1
1645,1657,1,1
618,847,1,1
616,623,1,1
1492,1613,1,1
854,866,1,1
610,651,1,1
806,1632,1,1
626,817,1,1
609,658,1,1
804,853,1,1
610,613,1,1
849,893,1,1
616,692,1,1
654,683,1,1
803,849,1,1
855,873,1,1
651,654,1,1
1651,1674,1,1
616,667,1,1
889,892,1,1
814,895,1,1
651,683,1,1
654,667,1,1
651,667,1,1
1492,1618,1,1
623,654,1,1
654,683,1,1
853,855,1,1
1613,1672,1,1
610,613,1,1
623,667,1,1
1181,1674,1,1
609,690,1,1
698,817,1,1
864,868,1,1
1657,1672,1,1
616,654,1,1
1618,1678,1,1
1632,1645,1,1
616,683,1,1
855,873,1,1
623,651,1,1
664,867,1,1
826,830,1,1
651,654,1,1
807,875,1,1
610,613,1,1
654,667,1,1
651,683,1,1
616,651,1,1
609,891,1,1
690,891,1,1
849,895,1,1
618,847,1,1
623,683,1,1
1651,1657,1,1
803,880,1,1
823,891,1,1
875,882,1,1
616,623,1,1
651,667,1,1
654,683,1,1
661,692,1,1
1108,1667,1,1
644,817,1,1
807,882,1,1
1108,1632,1,1
1649,1657,1,1
616,667,1,1
623,654,1,1
1181,1622,1,1
1622,1657,1,1
1164,1657,1,1
849,875,1,1
855,873,1,1
826,830,1,1
1651,1674,1,1
609,891,1,1
690,891,1,1
618,847,1,1
882,893,1,1
613,661,1,1
1492,1613,1,1
854,866,1,1
1108,1667,1,1
610,661,1,1
1108,1601,1,1
1649,1657,1,1
610,613,1,1
890,893,1,1
1164,1644,1,1
600,634,1,1
609,690,1,1
1622,1657,1,1
1164,1657,1,1
626,698,1,1
826,830,1,1
609,891,1,1
690,891,1,1
618,847,1,1
613,661,1,1
1492,1613,1,1
854,866,1,1
1108,1667,1,1
610,661,1,1
853,855,1,1
1108,1601,1,1
882,890,1,1
610,613,1,1
1170,1667,1,1
890,893,1,1
1632,1671,1,1
609,690,1,1
889,897,1,1
815,880,1,1
1622,1657,1,1
1164,1657,1,1
616,683,1,1
855,873,1,1
623,651,1,1
814,895,1,1
609,891,1,1
690,891,1,1
849,895,1,1
616,623,1,1
830,848,1,1
1492,1613,1,1
1108,1667,1,1
853,855,1,1
1108,1601,1,1
854,871,1,1
826,848,1,1
806,871,1,1
610,613,1,1
882,890,1,1
1632,1671,1,1
609,690,1,1
892,897,1,1
601,863,1,1
823,893,1,1
855,873,1,1
623,651,1,1
826,830,1,1
683,686,1,1
1601,1629,1,1
866,871,1,1
626,847,1,1
616,651,1,1
1164,1657,1,1
654,692,1,1
651,667,1,1
1492,1613,1,1
1108,1601,1,1
616,681,1,1
854,871,1,1
821,880,1,1
610,613,1,1
819,882,1,1
866,894,1,1
600,634,1,1
609,690,1,1
634,682,1,1
634,871,1,1
826,848,1,1
851,868,1,1
828,854,1,1
826,830,1,1
683,696,1,1
610,613,1,1
626,847,1,1
616,651,1,1
654,658,1,1
1164,1657,1,1
849,895,1,1
880,891,1,1
651,667,1,1
616,623,1,1
1492,1613,1,1
854,866,1,1
1108,1667,1,1
1108,1601,1,1
882,890,1,1
616,681,1,1
821,880,1,1
660,690,1,1
692,847,1,1
855,873,1,1
651,681,1,1
600,634,1,1
609,690,1,1
623,681,1,1
609,660,1,1
886,894,1,1
1622,1657,1,1
600,609,1,1
1601,1629,1,1
616,651,1,1
616,628,1,1
601,854,1,1
1492,1613,1,1
610,661,1,1
882,890,1,1
616,681,1,1
660,690,1,1
610,613,1,1
651,681,1,1
1632,1671,1,1
841,855,1,1
628,681,1,1
826,848,1,1
609,660,1,1
886,894,1,1
634,828,1,1
600,609,1,1
806,819,1,1
814,895,1,1
664,828,1,1
880,891,1,1
651,667,1,1
1492,1613,1,1
610,661,1,1
1108,1601,1,1
628,651,1,1
610,613,1,1
634,867,1,1
1632,1671,1,1
841,855,1,1
821,824,1,1
815,891,1,1
634,828,1,1
826,830,1,1
628,667,1,1
814,895,1,1
664,828,1,1
821,886,1,1
828,866,1,1
651,667,1,1
1492,1613,1,1
681,686,1,1
628,651,1,1
660,690,1,1
610,613,1,1
658,683,1,1
600,658,1,1
1657,1662,1,1
1660,1662,1,1
634,867,1,1
828,854,1,1
1632,1671,1,1
826,848,1,1
609,660,1,1
1622,1657,1,1
634,854,1,1
634,828,1,1
819,822,1,1
628,667,1,1
1164,1657,1,1
610,660,1,1
845,848,1,1
828,866,1,1
651,667,1,1
601,660,1,1
1492,1613,1,1
623,628,1,1
610,661,1,1
888,890,1,1
628,651,1,1
613,660,1,1
601,610,1,1
610,613,1,1
658,683,1,1
634,664,1,1
1657,1662,1,1
828,854,1,1
1632,1671,1,1
1492,1613,1,1
634,664,1,1
1622,1657,1,1
610,661,1,1
628,651,1,1
609,690,1,1
851,857,1,1
828,871,1,1
658,683,1,1
628,667,1,1
651,667,1,1
1492,1613,1,1
1622,1657,1,1
1170,1672,1,1
828,871,1,1
628,667,1,1
613,690,1,1
651,667,1,1
882,886,1,1
634,826,1,1
628,651,1,1
610,613,1,1
828,854,1,1
1632,1671,1,1
817,847,1,1
1622,1657,1,1
616,683,1,1
882,886,1,1
610,613,1,1
651,667,1,1
867,868,1,1
1492,1613,1,1
610,661,1,1
826,854,1,1
1108,1601,1,1
888,890,1,1
628,651,1,1
826,828,1,1
660,681,1,1
601,610,1,1
828,871,1,1
634,866,1,1
601,613,1,1
1632,1671,1,1
676,867,1,1
634,871,1,1
1622,1657,1,1
664,867,1,1
845,848,1,1
628,683,1,1
682,690,1,1
609,616,1,1
867,868,1,1
616,623,1,1
1492,1613,1,1
882,886,1,1
610,661,1,1
1108,1601,1,1
888,890,1,1
882,890,1,1
660,681,1,1
628,651,1,1
616,667,1,1
613,616,1,1
1632,1671,1,1
609,690,1,1
634,871,1,1
1492,1613,1,1
1622,1657,1,1
1108,1667,1,1
610,658,1,1
610,683,1,1
613,658,1,1
888,890,1,1
845,848,1,1
882,890,1,1
880,897,1,1
1618,1629,1,1
651,667,1,1
600,609,1,1
682,690,1,1
658,683,1,1
600,613,1,1
1492,1613,1,1
1622,1657,1,1
601,644,1,1
616,661,1,1
682,690,1,1
634,871,1,1
1618,1629,1,1
862,863,1,1
600,609,1,1
882,890,1,1
1492,1613,1,1
681,686,1,1
613,658,1,1
616,661,1,1
882,890,1,1
1618,1629,1,1
676,873,1,1
851,855,1,1
634,871,1,1
1492,1613,1,1
882,886,1,1
676,873,1,1
613,658,1,1
616,661,1,1
882,890,1,1
1618,1629,1,1
660,681,1,1
681,686,1,1
664,676,1,1
1492,1613,1,1
1622,1657,1,1
634,866,1,1
616,661,1,1
600,613,1,1
807,889,1,1
862,863,1,1
634,871,1,1
664,676,1,1
882,890,1,1
1492,1613,1,1
1622,1657,1,1
807,889,1,1
664,676,1,1
1618,1629,1,1
862,863,1,1
634,871,1,1
610,613,1,1
882,890,1,1
817,847,1,1
1492,1613,1,1
882,886,1,1
664,676,1,1
1618,1629,1,1
862,863,1,1
634,871,1,1
1622,1657,1,1
882,886,1,1
610,658,1,1
664,676,1,1
1618,1629,1,1
862,863,1,1
634,871,1,1
1622,1657,1,1
1632,1671,1,1
664,676,1,1
892,897,1,1
610,623,1,1
1622,1657,1,1
1632,1671,1,1
664,676,1,1
610,623,1,1
1492,1613,1,1
610,623,1,1
882,890,1,1
664,676,1,1
1492,1613,1,1
807,889,1,1
862,863,1,1
664,676,1,1
1492,1613,1,1
882,886,1,1
656,682,1,1
610,658,1,1
600,613,1,1
807,889,1,1
880,897,1,1
634,871,1,1
664,676,1,1
1622,1657,1,1
610,658,1,1
807,889,1,1
610,623,1,1
634,871,1,1
664,676,1,1
1622,1657,1,1
807,889,1,1
610,658,1,1
664,676,1,1
664,868,1,1
882,890,1,1
1622,1657,1,1
610,658,1,1
613,658,1,1
600,613,1,1
664,676,1,1
807,889,1,1
882,886,1,1
610,658,1,1
613,658,1,1
1108,1601,1,1
664,676,1,1
1622,1657,1,1
882,886,1,1
610,658,1,1
1108,1601,1,1
613,658,1,1
664,676,1,1
882,890,1,1
660,681,1,1
1108,1601,1,1
882,890,1,1
1492,1613,1,1
1622,1657,1,1
1108,1601,1,1
634,871,1,1
891,892,1,1
817,847,1,1
1492,1613,1,1
1622,1657,1,1
882,886,1,1
610,658,1,1
1108,1601,1,1
634,871,1,1
1492,1613,1,1
1108,1613,1,1
1622,1657,1,1
610,658,1,1
613,658,1,1
1108,1601,1,1
862,863,1,1
1492,1613,1,1
1622,1657,1,1
889,894,1,1
1108,1601,1,1
1632,1671,1,1
862,863,1,1
1492,1613,1,1
613,658,1,1
1108,1601,1,1
862,863,1,1
610,623,1,1
1492,1613,1,1
815,891,1,1
1622,1657,1,1
610,658,1,1
613,658,1,1
853,855,1,1
1108,1601,1,1
867,868,1,1
1492,1613,1,1
1108,1613,1,1
1622,1657,1,1
882,886,1,1
613,658,1,1
1108,1601,1,1
1601,1629,1,1
1622,1657,1,1
882,886,1,1
853,855,1,1
1108,1601,1,1
1632,1671,1,1
862,863,1,1
1601,1629,1,1
609,690,1,1
1622,1657,1,1
613,658,1,1
1108,1601,1,1
1632,1671,1,1
862,863,1,1
1601,1629,1,1
1492,1613,1,1
1622,1657,1,1
613,658,1,1
1108,1601,1,1
1632,1671,1,1
616,623,1,1
1492,1613,1,1
1622,1657,1,1
1108,1601,1,1
853,855,1,1
613,658,1,1
1632,1671,1,1
862,863,1,1
610,623,1,1
1492,1613,1,1
1108,1667,1,1
610,658,1,1
613,658,1,1
1108,1601,1,1
610,623,1,1
867,868,1,1
1492,1613,1,1
882,886,1,1
613,658,1,1
853,855,1,1
1108,1601,1,1
664,676,1,1
610,623,1,1
867,868,1,1
1492,1613,1,1
882,886,1,1
613,658,1,1
853,855,1,1
1108,1601,1,1
862,863,1,1
1613,1672,1,1
610,623,1,1
1492,1613,1,1
882,886,1,1
681,686,1,1
613,658,1,1
1108,1601,1,1
664,676,1,1
1613,1672,1,1
1492,1613,1,1
681,686,1,1
1660,1662,1,1
613,658,1,1
853,855,1,1
1108,1601,1,1
1492,1613,1,1
882,886,1,1
1660,1662,1,1
1108,1601,1,1
853,855,1,1
613,658,1,1
882,886,1,1
610,658,1,1
613,658,1,1
1108,1601,1,1
862,863,1,1
610,623,1,1
616,623,1,1
1108,1601,1,1
1657,1662,1,1
1613,1672,1,1
862,863,1,1
853,855,1,1
1108,1601,1,1
623,661,1,1
1108,1601,1,1
882,886,1,1
681,686,1,1
623,661,1,1
1108,1601,1,1
806,822,1,1
1492,1613,1,1
882,886,1,1
681,686,1,1
1108,1601,1,1
1613,1672,1,1
1492,1613,1,1
681,686,1,1
1632,1671,1,1
1492,1613,1,1
609,690,1,1
623,661,1,1
681,686,1,1
1632,1671,1,1
1492,1613,1,1
623,661,1,1
681,686,1,1
853,855,1,1
1601,1629,1,1
1492,1613,1,1
623,661,1,1
681,686,1,1
1492,1613,1,1
623,661,1,1
681,686,1,1
853,855,1,1
1601,1629,1,1
616,623,1,1
1492,1613,1,1
882,886,1,1
681,686,1,1
853,855,1,1
616,623,1,1
1492,1613,1,1
681,686,1,1
623,661,1,1
610,623,1,1
853,855,1,1
634,871,1,1
616,623,1,1
1492,1613,1,1
623,661,1,1
853,855,1,1
1613,1672,1,1
1601,1629,1,1
867,868,1,1
616,623,1,1
1492,1613,1,1
623,661,1,1
1613,1672,1,1
634,871,1,1
867,868,1,1
1492,1613,1,1
623,661,1,1
1613,1672,1,1
1601,1629,1,1
867,868,1,1
1492,1613,1,1
623,661,1,1
613,658,1,1
1613,1672,1,1
634,871,1,1
1601,1629,1,1
867,868,1,1
1492,1613,1,1
623,661,1,1
1108,1601,1,1
1601,1629,1,1
1492,1613,1,1
1108,1667,1,1
623,661,1,1
613,658,1,1
1492,1613,1,1
623,661,1,1
807,889,1,1
1492,1613,1,1
609,690,1,1
616,661,1,1
807,889,1,1
610,623,1,1
1601,1629,1,1
1492,1613,1,1
1622,1657,1,1
853,855,1,1
889,894,1,1
616,661,1,1
807,889,1,1
609,690,1,1
817,847,1,1
853,855,1,1
616,661,1,1
1492,1613,1,1
807,889,1,1
1492,1613,1,1
866,871,1,1
613,658,1,1
1108,1601,1,1
664,676,1,1
609,690,1,1
634,866,1,1
1492,1613,1,1
853,855,1,1
613,658,1,1
1108,1601,1,1
664,676,1,1
634,871,1,1
1492,1613,1,1
600,613,1,1
613,658,1,1
664,676,1,1
634,871,1,1
817,847,1,1
1492,1613,1,1
882,886,1,1
613,658,1,1
616,661,1,1
664,676,1,1
1492,1613,1,1
613,658,1,1
1632,1671,1,1
664,676,1,1
1492,1613,1,1
853,855,1,1
1632,1671,1,1
664,676,1,1
806,822,1,1
634,871,1,1
817,847,1,1
1492,1613,1,1
853,855,1,1
807,889,1,1
664,676,1,1
1492,1613,1,1
610,658,1,1
853,855,1,1
664,676,1,1
634,871,1,1
1492,1613,1,1
853,855,1,1
664,676,1,1
634,871,1,1
1492,1613,1,1
853,855,1,1
616,661,1,1
664,676,1,1
1492,1613,1,1
882,886,1,1
610,658,1,1
1108,1601,1,1
1632,1671,1,1
664,676,1,1
853,855,1,1
1108,1628,1,1
1492,1613,1,1
882,886,1,1
610,658,1,1
1108,1601,1,1
1632,1671,1,1
664,676,1,1
853,855,1,1
634,871,1,1
1492,1613,1,1
882,886,1,1
610,658,1,1
853,855,1,1
1108,1601,1,1
1632,1671,1,1
664,676,1,1
1613,1672,1,1
634,871,1,1
1492,1613,1,1
610,658,1,1
853,855,1,1
1108,1601,1,1
664,676,1,1
882,886,1,1
1492,1613,1,1
610,658,1,1
853,855,1,1
1108,1601,1,1
664,676,1,1
609,690,1,1
1492,1613,1,1
610,658,1,1
1108,1601,1,1
664,676,1,1
1671,1672,1,1
1492,1613,1,1
610,658,1,1
1108,1601,1,1
815,891,1,1
882,886,1,1
610,658,1,1
1108,1601,1,1
664,676,1,1
609,690,1,1
1613,1672,1,1
815,891,1,1
610,658,1,1
1108,1601,1,1
616,661,1,1
1613,1672,1,1
1108,1601,1,1
616,661,1,1
664,676,1,1
1613,1672,1,1
1492,1613,1,1
853,855,1,1
1108,1601,1,1
664,676,1,1
1671,1672,1,1
1492,1613,1,1
882,886,1,1
610,658,1,1
1108,1601,1,1
616,661,1,1
664,676,1,1
853,855,1,1
1492,1613,1,1
610,658,1,1
853,855,1,1
1108,1601,1,1
882,886,1,1
634,871,1,1
1671,1672,1,1
1492,1613,1,1
882,886,1,1
681,686,1,1
656,682,1,1
610,658,1,1
616,661,1,1
1108,1601,1,1
853,855,1,1
1492,1613,1,1
891,896,1,1
882,886,1,1
1108,1601,1,1
853,855,1,1
616,661,1,1
1492,1613,1,1
882,886,1,1
681,686,1,1
853,855,1,1
1108,1601,1,1
634,871,1,1
817,847,1,1
1492,1613,1,1
1108,1613,1,1
882,886,1,1
681,686,1,1
1108,1601,1,1
610,623,1,1
1492,1613,1,1
882,886,1,1
610,658,1,1
1108,1601,1,1
664,676,1,1
817,847,1,1
1492,1613,1,1
882,886,1,1
681,686,1,1
656,682,1,1
610,658,1,1
1492,1613,1,1
1108,1601,1,1
1492,1613,1,1
1622,1657,1,1
882,886,1,1
681,686,1,1
1108,1667,1,1
1108,1601,1,1
664,676,1,1
838,852,1,1
1622,1657,1,1
853,855,1,1
1108,1601,1,1
1170,1613,1,1
882,886,1,1
1613,1672,1,1
1622,1657,1,1
853,855,1,1
1108,1601,1,1
838,852,1,1
1613,1672,1,1
1170,1672,1,1
1622,1657,1,1
882,886,1,1
1108,1667,1,1
610,658,1,1
1108,1601,1,1
664,676,1,1
853,855,1,1
1613,1632,1,1
853,855,1,1
1164,1657,1,1
1108,1601,1,1
1613,1672,1,1
1492,1678,1,1
1622,1657,1,1
853,855,1,1
1108,1601,1,1
664,676,1,1
1613,1672,1,1
1622,1651,1,1
1622,1657,1,1
609,613,1,1
853,855,1,1
1108,1601,1,1
664,676,1,1
838,852,1,1
660,681,1,1
1613,1672,1,1
683,692,1,1
1108,1667,1,1
610,658,1,1
1108,1601,1,1
664,676,1,1
660,681,1,1
1170,1672,1,1
683,692,1,1
1622,1657,1,1
1657,1662,1,1
610,658,1,1
613,658,1,1
664,676,1,1
1651,1657,1,1
683,692,1,1
634,871,1,1
1492,1613,1,1
1622,1657,1,1
613,658,1,1
1164,1657,1,1
664,676,1,1
609,690,1,1
1492,1613,1,1
1622,1657,1,1
613,658,1,1
634,871,1,1
815,891,1,1
1622,1657,1,1
882,886,1,1
656,682,1,1
1108,1667,1,1
1108,1601,1,1
613,658,1,1
838,841,1,1
664,676,1,1
1492,1613,1,1
1622,1657,1,1
882,886,1,1
1170,1667,1,1
1108,1667,1,1
1108,1601,1,1
1601,1629,1,1
867,868,1,1
1492,1613,1,1
1622,1657,1,1
882,886,1,1
1170,1667,1,1
1622,1657,1,1
882,886,1,1
1108,1601,1,1
664,676,1,1
892,897,1,1
1622,1657,1,1
1108,1601,1,1
664,676,1,1
1622,1657,1,1
1108,1667,1,1
1108,1601,1,1
664,676,1,1
600,609,1,1
634,871,1,1
867,868,1,1
1622,1657,1,1
882,886,1,1
1108,1601,1,1
664,676,1,1
1622,1657,1,1
882,886,1,1
1622,1657,1,1
882,886,1,1
1108,1667,1,1
613,658,1,1
807,889,1,1
1622,1657,1,1
882,886,1,1
613,658,1,1
807,889,1,1
1170,1672,1,1
664,676,1,1
1492,1613,1,1
1622,1657,1,1
882,886,1,1
613,658,1,1
807,889,1,1
1170,1672,1,1
664,676,1,1
1492,1613,1,1
1622,1657,1,1
882,886,1,1
613,658,1,1
1632,1671,1,1
664,676,1,1
1492,1613,1,1
1622,1657,1,1
882,886,1,1
1108,1601,1,1
613,658,1,1
664,676,1,1
862,863,1,1
1170,1672,1,1
1492,1613,1,1
1622,1657,1,1
882,886,1,1
1108,1667,1,1
613,658,1,1
664,676,1,1
862,863,1,1
1492,1613,1,1
1622,1657,1,1
882,886,1,1
681,686,1,1
1108,1667,1,1
610,658,1,1
613,658,1,1
664,676,1,1
610,623,1,1
1492,1613,1,1
1622,1657,1,1
882,886,1,1
610,658,1,1
613,658,1,1
1164,1657,1,1
807,889,1,1
664,676,1,1
1492,1613,1,1
815,891,1,1
1622,1657,1,1
882,886,1,1
610,658,1,1
613,658,1,1
664,676,1,1
610,623,1,1
1170,1672,1,1
815,891,1,1
1622,1657,1,1
882,886,1,1
613,658,1,1
610,658,1,1
600,613,1,1
1164,1657,1,1
664,676,1,1
862,863,1,1
1492,1613,1,1
1622,1657,1,1
882,886,1,1
1660,1662,1,1
1108,1667,1,1
610,658,1,1
664,676,1,1
1170,1672,1,1
1492,1613,1,1
692,698,1,1
1622,1657,1,1
882,886,1,1
664,676,1,1
1667,1672,1,1
1170,1672,1,1
1492,1678,1,1
1492,1613,1,1
1622,1657,1,1
610,658,1,1
664,676,1,1
609,690,1,1
892,897,1,1
610,623,1,1
891,892,1,1
609,690,1,1
1622,1657,1,1
882,886,1,1
1660,1662,1,1
610,658,1,1
888,890,1,1
664,676,1,1
1170,1672,1,1
817,847,1,1
1492,1613,1,1
1622,1657,1,1
1660,1662,1,1
664,676,1,1
609,690,1,1
1492,1613,1,1
1622,1657,1,1
882,886,1,1
613,658,1,1
664,676,1,1
862,863,1,1
1622,1651,1,1
882,886,1,1
664,676,1,1
862,863,1,1
609,690,1,1
634,871,1,1
1492,1613,1,1
610,658,1,1
853,855,1,1
1108,1601,1,1
664,676,1,1
862,863,1,1
867,868,1,1
1492,1613,1,1
692,698,1,1
610,658,1,1
664,676,1,1
892,897,1,1
634,871,1,1
692,698,1,1
882,886,1,1
1660,1662,1,1
610,658,1,1
664,676,1,1
634,871,1,1
692,698,1,1
882,886,1,1
610,658,1,1
664,676,1,1
660,681,1,1
692,698,1,1
610,658,1,1
616,661,1,1
664,676,1,1
1170,1672,1,1
1492,1613,1,1
692,698,1,1
882,886,1,1
1660,1662,1,1
610,658,1,1
600,613,1,1
1164,1657,1,1
664,676,1,1
1170,1672,1,1
1601,1629,1,1
867,868,1,1
1492,1613,1,1
1622,1651,1,1
882,886,1,1
610,658,1,1
616,661,1,1
664,676,1,1
1170,1672,1,1
817,847,1,1
1492,1613,1,1
838,841,1,1
1660,1662,1,1
610,658,1,1
616,661,1,1
664,676,1,1
817,847,1,1
1492,1613,1,1
838,841,1,1
882,886,1,1
610,658,1,1
664,676,1,1
634,871,1,1
1601,1629,1,1
1671,1672,1,1
1492,1613,1,1
882,886,1,1
610,658,1,1
664,676,1,1
634,871,1,1
1601,1629,1,1
601,616,1,1
817,847,1,1
1492,1613,1,1
823,893,1,1
610,658,1,1
664,676,1,1
634,871,1,1
1492,1613,1,1
815,891,1,1
610,658,1,1
600,613,1,1
664,676,1,1
634,871,1,1
867,868,1,1
1492,1613,1,1
882,886,1,1
610,658,1,1
853,855,1,1
664,676,1,1
882,886,1,1
610,658,1,1
664,676,1,1
867,868,1,1
1492,1613,1,1
882,886,1,1
610,658,1,1
664,676,1,1
817,847,1,1
1492,1613,1,1
882,886,1,1
613,658,1,1
664,676,1,1
1492,1613,1,1
882,886,1,1
1660,1662,1,1
610,658,1,1
664,676,1,1
1622,1657,1,1
1660,1662,1,1
610,658,1,1
664,676,1,1
1492,1613,1,1
1622,1657,1,1
1660,1662,1,1
664,676,1,1
1613,1629,1,1
1601,1629,1,1
1492,1613,1,1
1622,1657,1,1
610,658,1,1
664,676,1,1
1613,1629,1,1
634,871,1,1
1601,1629,1,1
1492,1613,1,1
882,886,1,1
610,658,1,1
664,676,1,1
882,886,1,1
610,658,1,1
613,658,1,1
664,676,1,1
817,821,1,1
862,863,1,1
634,871,1,1
1492,1613,1,1
882,886,1,1
613,658,1,1
664,676,1,1
1492,1678,1,1
1492,1613,1,1
609,690,1,1
1622,1657,1,1
613,658,1,1
664,676,1,1
1622,1651,1,1
1492,1678,1,1
1492,1613,1,1
609,690,1,1
1622,1657,1,1
613,658,1,1
1622,1651,1,1
664,676,1,1
1492,1678,1,1
1492,1613,2,2
882,886,2,2
664,676,2,2
609,690,2,2
1613,1672,2,2
1492,1613,2,2
815,891,2,2
882,886,2,2
1164,1657,2,2
664,676,2,2
1613,1672,2,2
882,886,2,2
613,658,2,2
1164,1657,2,2
664,676,2,2
1613,1672,2,2
1492,1678,2,2
1492,1613,2,2
815,891,2,2
1108,1601,2,2
664,676,2,2
609,690,2,2
634,871,2,2
1601,1629,2,2
1492,1613,2,2
613,658,2,2
1108,1601,2,2
1632,1671,2,2
664,676,2,2
1622,1651,2,2
807,889,2,2
1492,1678,2,2
1492,1613,2,2
1108,1601,2,2
1632,1671,2,2
664,676,2,2
807,889,2,2
1492,1678,2,2
1632,1671,2,2
807,889,2,2
609,690,2,2
1170,1672,2,2
1601,1629,2,2
664,676,2,2
1492,1678,2,2
1613,1632,2,2
609,690,2,2
1170,1613,2,2
807,889,2,2
862,863,2,2
1613,1672,2,2
1601,1629,2,2
634,871,2,2
1170,1672,2,2
664,676,2,2
1492,1678,2,2
1492,1613,2,2
609,690,2,2
1622,1657,2,2
1108,1601,2,2
1622,1651,2,2
862,863,2,2
1170,1672,2,2
1492,1678,2,2
1492,1613,2,2
609,690,2,2
882,886,2,2
1164,1657,2,2
664,676,2,2
862,863,2,2
1613,1629,2,2
1613,1672,2,2
807,889,2,2
1492,1613,2,2
807,889,2,2
1622,1651,2,2
609,690,2,2
1613,1672,2,2
664,676,2,2
609,690,2,2
1622,1657,2,2
882,886,2,2
807,889,2,2
1601,1629,2,2
664,676,2,2
1632,1671,2,2
807,889,2,2
609,690,2,2
664,676,2,2
1492,1613,2,2
1622,1657,2,2
882,886,2,2
807,889,2,2
609,690,2,2
892,897,2,2
1613,1629,2,2
664,676,2,2
1492,1678,2,2
1492,1613,2,2
692,698,2,2
882,886,2,2
664,676,2,2
862,863,2,2
609,690,2,2
1601,1629,2,2
807,889,2,2
1492,1613,2,2
1622,1657,2,2
882,886,2,2
664,676,2,2
862,863,2,2
1601,1629,2,2
807,889,2,2
1492,1613,2,2
664,676,2,2
862,863,2,2
1613,1672,2,2
1601,1629,2,2
1492,1613,2,2
692,698,2,2
1622,1657,2,2
882,886,2,2
610,658,2,2
1632,1671,2,2
664,676,2,2
1660,1679,2,2
1613,1672,2,2
1601,1629,2,2
882,890,2,2
1622,1651,2,2
1622,1657,2,2
882,886,2,2
807,889,2,2
1601,1629,2,2
664,676,2,2
1492,1613,2,2
882,886,2,2
664,676,2,2
1622,1651,2,2
1601,1629,2,2
882,890,2,2
664,676,2,2
815,891,2,2
1164,1657,2,2
664,676,2,2
1622,1651,2,2
838,852,2,2
862,863,2,2
1492,1613,2,2
815,891,2,2
1164,1657,2,2
664,676,2,2
1618,1629,2,2
862,863,2,2
692,698,2,2
1622,1657,2,2
882,886,2,2
1164,1657,2,2
664,676,2,2
862,863,2,2
1492,1613,2,2
1144,1662,2,2
1622,1657,2,2
664,676,2,2
838,852,2,2
862,863,2,2
1492,1613,2,2
1622,1657,2,2
862,863,2,2
867,868,2,2
817,847,2,2
1492,1613,2,2
1622,1651,2,2
1622,1657,2,2
610,658,2,2
1164,1657,2,2
838,852,2,2
817,847,2,2
1492,1613,2,2
1622,1657,2,2
610,658,2,2
664,676,2,2
838,852,2,2
862,863,2,2
817,847,2,2
1492,1613,2,2
1622,1651,2,2
1622,1657,2,2
610,658,2,2
600,613,2,2
838,852,2,2
862,863,2,2
1613,1672,2,2
1170,1672,2,2
1492,1613,2,2
1622,1657,2,2
610,658,2,2
1190,1660,2,2
600,613,2,2
838,852,2,2
1170,1672,2,2
1613,1632,2,2
1190,1660,2,2
1622,1657,2,2
664,676,2,2
1492,1613,2,2
1622,1657,2,2
1613,1672,2,2
867,868,2,2
1492,1613,2,2
815,891,2,2
1622,1657,2,2
882,886,2,2
664,676,2,2
1613,1672,2,2
634,871,2,2
882,890,2,2
1492,1613,2,2
1622,1657,2,2
882,886,2,2
664,676,2,2
1613,1672,2,2
1492,1613,2,2
1622,1657,2,2
882,886,2,2
1632,1671,2,2
1622,1651,2,2
1492,1613,2,2
1622,1657,2,2
1632,1671,2,2
664,676,2,2
1622,1651,2,2
610,623,2,2
1622,1657,2,2
664,676,2,2
1170,1672,2,2
1622,1657,2,2
616,661,2,2
1622,1657,2,2
616,661,2,2
664,676,2,2
1601,1618,2,2
610,623,2,2
1170,1672,2,2
610,623,2,2
1622,1657,2,2
1492,1678,2,2
664,676,2,2
1622,1657,2,2
882,886,2,2
600,613,2,2
664,676,2,2
867,868,2,2
1622,1657,2,2
1660,1662,2,2
664,676,2,2
1492,1613,2,2
1622,1657,2,2
664,676,2,2
610,652,2,2
610,623,2,2
1622,1657,2,2
882,886,2,2
1660,1662,2,2
882,890,2,2
664,676,2,2
1622,1657,2,2
664,676,2,2
1144,1662,2,2
1622,1657,2,2
664,676,2,2
1622,1657,2,2
681,686,2,2
664,676,2,2
1170,1672,2,2
1492,1678,2,2
1622,1657,2,2
1492,1678,2,2
1613,1672,2,2
664,676,2,2
692,698,2,2
1622,1657,2,2
681,686,2,2
1613,1672,2,2
610,658,2,2
664,676,2,2
609,690,2,2
1144,1662,2,2
1492,1678,2,2
692,698,2,2
1622,1657,2,2
610,658,2,2
613,658,2,2
664,676,2,2
1492,1678,2,2
1622,1657,2,2
681,686,2,2
610,658,2,2
664,676,2,2
1492,1678,2,2
838,852,2,2
664,676,2,2
610,658,2,2
692,698,2,2
664,676,2,2
838,852,2,2
882,890,2,2
817,847,2,2
1622,1657,2,2
610,658,2,2
664,676,2,2
817,847,2,2
1492,1613,2,2
1622,1657,2,2
664,676,2,2
1492,1613,2,2
1622,1657,2,2
681,686,2,2
610,658,2,2
664,676,2,2
660,681,2,2
1492,1613,2,2
1622,1657,2,2
610,658,2,2
807,889,2,2
838,852,2,2
634,871,2,2
882,890,2,2
867,868,2,2
1492,1613,2,2
1622,1657,2,2
664,676,2,2
610,658,2,2
807,889,2,2
892,897,2,2
882,890,2,2
1492,1613,2,2
692,698,2,2
1622,1657,2,2
610,658,2,2
1164,1657,2,2
664,676,2,2
838,852,2,2
1492,1613,2,2
1622,1657,2,2
610,658,2,2
664,676,2,2
838,852,2,2
1613,1672,2,2
692,698,2,2
1622,1657,2,2
882,886,2,2
610,658,2,2
616,661,2,2
664,676,2,2
838,852,2,2
1613,1672,2,2
681,686,2,2
610,658,2,2
616,661,2,2
664,676,2,2
838,852,2,2
1170,1672,2,2
1622,1657,2,2
613,658,2,2
664,676,2,2
634,871,2,2
1108,1613,2,2
1622,1657,2,2
613,658,2,2
610,658,2,2
1108,1601,2,2
616,661,2,2
664,676,2,2
838,852,2,2
1622,1657,2,2
613,658,2,2
616,661,2,2
807,889,2,2
838,852,2,2
634,871,2,2
664,676,2,2
1671,1672,2,2
1108,1613,2,2
692,698,2,2
1622,1657,2,2
1108,1601,2,2
613,658,2,2
664,676,2,2
882,890,2,2
1622,1657,2,2
867,868,2,2
664,676,2,2
1108,1613,2,2
692,698,2,2
1622,1657,2,2
616,661,2,2
664,676,2,2
1622,1657,2,2
862,863,2,2
664,676,2,2
1622,1657,2,2
610,658,2,2
664,676,2,2
838,852,2,2
862,863,2,2
867,868,2,2
817,847,2,2
1622,1657,2,2
882,886,2,2
610,658,2,2
664,676,2,2
838,852,2,2
867,868,2,2
817,847,2,2
1492,1613,2,2
1622,1657,2,2
882,886,2,2
610,658,2,2
664,676,2,2
862,863,2,2
1492,1678,2,2
1492,1613,2,2
1622,1657,2,2
882,886,2,2
610,658,2,2
664,676,2,2
838,852,2,2
1613,1672,2,2
610,623,2,2
867,868,2,2
1492,1678,2,2
1492,1613,2,2
1622,1657,2,2
610,658,2,2
664,676,2,2
838,852,2,2
610,623,2,2
817,847,2,2
1492,1613,2,2
1622,1657,2,2
882,886,2,2
610,658,2,2
664,676,2,2
838,852,2,2
634,871,2,2
867,868,2,2
817,847,2,2
1492,1613,2,2
1622,1657,2,2
664,676,2,2
609,690,2,2
838,852,2,2
683,692,2,2
1613,1672,2,2
634,871,2,2
1492,1613,2,2
1622,1657,2,2
853,855,2,2
610,658,2,2
664,676,2,2
862,863,2,2
1613,1672,2,2
634,871,2,2
867,868,2,2
1492,1613,2,2
1622,1657,2,2
882,886,2,2
1660,1662,2,2
610,658,2,2
609,690,2,2
853,855,2,2
862,863,2,2
1492,1613,2,2
1622,1657,2,2
882,886,2,2
610,658,2,2
664,676,2,2
609,690,2,2
838,852,2,2
1492,1613,2,2
882,886,2,2
610,658,2,2
867,868,2,2
817,847,2,2
1492,1613,2,2
1622,1657,2,2
853,855,2,2
634,866,2,2
838,852,2,2
1601,1629,2,2
1492,1613,2,2
1622,1657,2,2
882,886,2,2
664,676,2,2
1492,1678,2,2
1622,1657,2,2
882,886,2,2
817,847,2,2
1622,1657,2,2
882,886,2,2
601,644,2,2
807,889,2,2
664,676,2,2
817,847,2,2
1492,1613,2,2
1622,1657,2,2
882,886,2,2
600,613,2,2
616,661,2,2
807,889,2,2
609,690,2,2
664,676,2,2
817,847,2,2
1492,1613,2,2
1622,1657,2,2
807,889,2,2
838,852,2,2
838,854,2,2
664,676,2,2
1492,1613,2,2
1622,1657,2,2
853,855,2,2
616,661,2,2
807,889,2,2
838,852,2,2
664,676,2,2
867,868,2,2
1622,1657,2,2
610,658,2,2
616,661,2,2
807,889,2,2
838,852,2,2
862,863,2,2
634,871,2,2
664,676,2,2
609,690,2,2
1622,1657,2,2
1144,1662,2,2
616,661,2,2
807,889,2,2
664,676,2,2
817,847,2,2
1144,1662,2,2
1622,1657,2,2
676,873,2,2
616,661,2,2
664,676,2,2
664,676,2,2
634,871,2,2
676,873,2,2
610,658,2,2
616,661,2,2
664,676,2,2
882,886,2,2
676,873,2,2
610,658,2,2
616,661,2,2
600,613,2,2
807,889,2,2
609,690,2,2
882,890,2,2
664,676,2,2
882,886,2,2
676,873,2,2
610,658,2,2
616,661,2,2
664,676,2,2
634,871,2,2
882,890,2,2
882,886,2,2
676,873,2,2
610,658,2,2
664,676,2,2
610,623,2,2
817,847,2,2
882,886,2,2
610,658,2,2
664,676,2,2
610,623,2,2
634,871,2,2
807,889,2,2
676,873,2,2
610,658,2,2
600,613,2,2
807,889,2,2
610,623,2,2
664,676,2,2
1492,1613,2,2
676,873,2,2
664,676,2,2
610,623,2,2
807,889,2,2
817,847,2,2
1492,1613,2,2
676,873,2,2
610,658,2,2
807,889,2,2
610,623,2,2
664,676,2,2
882,886,2,2
676,873,2,2
610,658,2,2
616,661,2,2
807,889,2,2
814,895,2,2
664,676,2,2
815,891,2,2
676,873,2,2
664,676,2,2
814,895,2,2
807,889,2,2
815,891,2,2
676,873,2,2
664,676,2,2
644,652,2,2
610,623,2,2
807,889,2,2
1492,1613,2,2
807,889,2,2
610,623,2,2
664,676,2,2
1492,1613,2,2
815,891,2,2
676,873,2,2
807,889,2,2
610,623,2,2
664,676,2,2
676,873,2,2
664,676,2,2
610,623,2,2
815,891,2,2
882,886,2,2
676,873,2,2
664,676,2,2
610,623,2,2
634,871,2,2
882,886,2,2
1660,1662,2,2
815,891,2,2
664,676,2,2
610,623,2,2
1144,1662,2,2
1622,1657,2,2
676,873,2,2
627,635,2,2
664,676,2,2
610,623,2,2
1622,1657,2,2
882,886,2,2
676,873,2,2
664,676,2,2
892,897,2,2
610,623,2,2
867,868,2,2
1622,1657,2,2
676,873,2,2
664,676,2,2
1613,1672,2,2
807,889,2,2
867,868,2,2
676,873,2,2
1632,1671,2,2
664,676,2,2
1613,1672,2,2
867,868,2,2
1622,1657,2,2
882,886,2,2
676,873,2,2
815,898,2,2
613,658,2,2
627,635,2,2
664,676,2,2
610,623,2,2
1622,1657,2,2
676,873,2,2
613,658,2,2
627,635,2,2
807,889,2,2
664,867,2,2
862,863,2,2
1613,1672,2,2
610,623,2,2
882,886,2,2
676,873,2,2
613,658,2,2
627,635,2,2
664,867,2,2
867,868,2,2
1108,1613,2,2
1622,1657,2,2
1144,1662,2,2
613,658,2,2
627,635,2,2
867,868,2,2
1108,1613,2,2
1622,1657,2,2
676,873,2,2
627,635,2,2
664,676,2,2
867,868,2,2
1108,1613,2,2
1622,1657,2,2
891,896,2,2
627,635,2,2
664,676,2,2
862,863,2,2
676,873,2,2
867,868,2,2
891,896,2,2
1108,1613,2,2
1622,1657,2,2
676,873,2,2
627,635,2,2
664,676,2,2
664,867,2,2
862,863,2,2
634,871,2,2
1170,1672,2,2
867,868,2,2
1108,1613,2,2
1622,1657,2,2
891,896,2,2
610,658,2,2
627,635,2,2
676,873,2,2
664,867,2,2
862,863,2,2
634,871,2,2
1170,1672,2,2
664,676,2,2
867,868,2,2
1622,1657,2,2
676,873,2,2
610,658,2,2
627,635,2,2
664,676,2,2
664,867,2,2
867,868,2,2
1622,1657,2,2
676,873,2,2
610,658,2,2
600,613,2,2
627,635,2,2
664,867,2,2
867,868,2,2
1622,1657,2,2
882,886,2,2
676,873,2,2
613,658,2,2
600,613,2,2
627,635,2,2
664,676,2,2
664,867,2,2
634,871,2,2
867,868,2,2
1108,1613,2,2
1622,1657,2,2
610,658,2,2
600,613,2,2
613,658,2,2
807,889,2,2
664,867,2,2
892,897,2,2
610,623,2,2
664,676,2,2
867,868,2,2
1108,1613,2,2
1622,1657,2,2
676,873,2,2
610,658,2,2
807,889,2,2
664,867,2,2
610,623,2,2
867,868,2,2
1492,1613,2,2
1622,1657,2,2
882,886,2,2
676,873,2,2
613,658,2,2
610,623,2,2
867,868,2,2
1492,1613,2,2
1622,1657,2,2
676,873,2,2
600,613,2,2
634,871,2,2
664,867,2,2
610,623,2,2
803,849,2,2
867,868,2,2
1492,1613,2,2
1622,1657,2,2
676,873,2,2
610,658,2,2
807,889,2,2
610,623,2,2
803,849,2,2
867,868,2,2
1492,1613,2,2
1622,1657,2,2
676,873,2,2
610,658,2,2
1108,1601,2,2
1660,1679,2,2
867,868,2,2
1492,1613,2,2
1622,1657,2,2
676,873,2,2
1660,1679,2,2
664,867,2,2
867,868,2,2
1492,1613,2,2
1622,1657,2,2
882,886,2,2
676,873,2,2
1108,1601,2,2
892,897,2,2
867,868,2,2
1492,1613,2,2
1108,1613,2,2
1622,1657,2,2
676,873,2,2
1108,1601,2,2
807,889,2,2
892,897,2,2
867,868,2,2
1492,1613,2,2
1622,1657,2,2
882,886,2,2
676,873,2,2
1108,1601,2,2
610,623,2,2
1108,1613,2,2
1492,1613,2,2
1622,1657,2,2
882,886,2,2
676,873,2,2
1108,1601,2,2
600,613,2,2
891,896,2,2
1492,1613,2,2
891,896,2,2
1622,1657,2,2
882,886,2,2
676,873,2,2
882,890,2,2
1492,1613,2,2
1622,1657,2,2
676,873,2,2
867,868,2,2
1492,1613,2,2
1622,1657,2,2
676,873,2,2
882,890,2,2
867,868,2,2
1492,1613,2,2
815,891,2,2
1622,1657,2,2
882,886,2,2
676,873,2,2
660,681,2,2
634,871,2,2
867,868,2,2
1492,1613,2,2
815,891,2,2
1622,1657,2,2
676,873,2,2
635,698,2,2
891,896,2,2
634,871,2,2
867,868,2,2
1492,1613,2,2
1108,1613,2,2
1622,1657,2,2
882,886,2,2
676,873,2,2
634,871,2,2
867,868,2,2
1622,1657,2,2
882,886,2,2
676,873,2,2
634,871,2,2
867,868,2,2
1622,1657,2,2
882,886,2,2
676,873,2,2
1618,1629,2,2
664,867,2,2
634,871,2,2
867,868,2,2
1622,1657,2,2
610,658,2,2
635,698,2,2
634,871,2,2
891,896,2,2
635,698,2,2
676,873,2,2
807,889,2,2
892,897,2,2
891,896,2,2
676,873,2,2
610,658,2,2
807,889,2,2
664,867,2,2
634,871,2,2
882,886,2,2
676,873,2,2
807,889,2,2
664,867,2,2
634,871,2,2
867,868,2,2
1492,1678,2,2
882,886,2,2
664,676,2,2
664,867,2,2
634,871,2,2
807,889,2,2
1492,1678,2,2
882,886,2,2
676,873,2,2
807,889,2,2
664,867,2,2
634,871,2,2
867,868,2,2
1622,1657,2,2
882,886,2,2
676,873,2,2
807,889,2,2
635,698,2,2
676,873,2,2
610,658,2,2
807,889,2,2
867,868,2,2
1170,1601,2,2
1108,1601,2,2
634,871,2,2
1170,1601,2,2
1144,1662,2,2
1108,1601,2,2
1492,1678,2,2
676,873,2,2
616,661,2,2
838,852,2,2
1657,1660,2,2
676,873,2,2
664,867,2,2
1492,1613,2,2
635,698,2,2
676,873,2,2
616,661,2,2
1632,1671,2,2
817,847,2,2
1492,1613,2,2
1164,1657,2,2
1660,1679,2,2
1613,1672,2,2
803,849,2,2
610,658,2,2
817,821,2,2
1613,1672,2,2
803,849,2,2
610,658,2,2
1657,1679,2,2
803,849,2,2
1144,1662,2,2
676,873,2,2
610,658,2,2
1144,1662,2,2
676,873,2,2
610,658,2,2
838,852,2,2
1144,1662,2,2
1108,1667,2,2
610,658,2,2
616,661,2,2
838,852,2,2
609,690,2,2
867,868,2,2
1144,1662,2,2
635,698,2,2
610,658,2,2
676,873,2,2
882,890,2,2
838,852,2,2
634,871,2,2
1170,1672,2,2
1144,1662,2,2
635,698,2,2
676,873,2,2
610,658,2,2
838,852,2,2
867,868,2,2
1144,1662,2,2
635,698,2,2
676,873,2,2
815,898,2,2
882,890,2,2
838,852,2,2
1144,1662,2,2
1622,1657,2,2
610,658,2,2
635,698,2,2
838,852,2,2
1601,1629,2,2
1622,1657,2,2
676,873,2,2
610,658,2,2
635,698,2,2
807,889,2,2
609,690,2,2
838,852,2,2
1492,1613,2,2
635,698,2,2
814,895,2,2
882,890,2,2
609,690,2,2
838,852,2,2
1657,1679,2,2
1492,1613,2,2
609,690,2,2
635,698,2,2
1622,1657,2,2
1632,1671,2,2
838,852,2,2
1657,1679,2,2
1492,1613,2,2
609,690,2,2
676,873,2,2
838,852,2,2
1657,1679,2,2
676,873,2,2
838,852,2,2
634,871,2,2
635,698,2,2
610,658,2,2
623,661,2,2
676,873,2,2
686,696,2,2
838,852,2,2
882,886,2,2
610,658,2,2
616,661,2,2
682,690,2,2
838,852,2,2
634,871,2,2
882,890,2,2
1492,1613,2,2
635,698,2,2
610,658,2,2
838,852,2,2
1492,1613,2,2
1144,1662,2,2
1622,1657,2,2
838,852,2,2
660,681,2,2
1492,1613,2,2
1144,1662,2,2
676,873,2,2
815,891,2,2
1108,1601,2,2
838,852,2,2
634,871,2,2
1492,1613,2,2
853,855,2,2
1108,1601,2,2
634,871,2,2
635,698,2,2
853,855,2,2
1108,1601,2,2
1632,1671,2,2
634,871,2,2
1492,1613,2,2
1622,1657,2,2
676,873,2,2
1108,1601,2,2
853,855,2,2
600,613,2,2
634,871,2,2
882,886,2,2
600,609,2,2
1492,1613,2,2
1622,1657,2,2
676,873,2,2
610,658,2,2
616,661,2,2
1108,1601,2,2
627,635,2,2
658,698,2,2
634,871,2,2
610,698,2,2
1492,1613,2,2
635,692,2,2
1108,1601,2,2
1164,1657,2,2
610,623,2,2
1492,1613,2,2
882,886,2,2
676,873,2,2
610,658,2,2
1164,1657,2,2
1108,1601,2,2
628,651,2,2
862,863,2,2
610,623,2,2
660,681,2,2
601,616,2,2
627,692,2,2
616,623,2,2
1108,1613,2,2
1492,1613,2,2
1622,1657,2,2
882,886,2,2
601,623,2,2
1108,1601,2,2
686,696,2,2
682,690,2,2
661,683,2,2
664,676,2,2
626,698,2,2
1492,1613,2,2
1622,1657,2,2
882,886,2,2
676,873,2,2
1108,1601,2,2
1164,1657,2,2
1181,1674,2,2
1632,1671,2,2
682,690,2,2
618,660,2,2
601,623,2,2
634,871,2,2
1622,1657,2,2
882,886,2,2
676,873,2,2
1108,1667,2,2
1164,1657,2,2
1181,1674,2,2
618,660,2,2
1651,1674,2,2
1671,1672,2,2
1613,1632,2,2
882,886,2,2
628,661,2,2
1164,1657,2,2
1613,1651,2,2
618,660,2,2
634,871,2,2
1492,1678,2,2
1622,1657,2,2
1164,1657,2,2
686,696,2,2
1164,1622,2,2
1618,1629,2,2
892,897,2,2
1649,1657,2,2
1657,1679,2,2
1492,1678,2,2
1622,1657,2,2
1667,1679,2,2
1190,1660,2,2
616,683,2,2
1164,1657,2,2
686,696,2,2
1144,1662,2,2
1645,1657,2,2
1645,1674,2,2
1492,1678,2,2
1622,1657,2,2
882,886,2,2
1190,1671,2,2
1645,1657,2,2
612,1649,2,2
686,696,2,2
1632,1671,2,2
1190,1632,2,2
660,681,2,2
803,849,2,2
1622,1657,2,2
882,886,2,2
1601,1657,2,2
1645,1657,2,2
612,1649,2,2
686,696,2,2
682,690,2,2
892,897,2,2
803,849,2,2
1164,1622,2,2
815,891,2,2
882,886,2,2
676,873,2,2
1618,1657,2,2
612,1649,2,2
686,696,2,2
1632,1671,2,2
660,681,2,2
1144,1629,2,2
882,886,2,2
676,873,2,2
1645,1657,2,2
616,683,2,2
612,1649,2,2
686,696,2,2
660,681,2,2
658,690,2,2
634,871,2,2
867,868,2,2
1657,1674,2,2
1645,1657,2,2
616,683,2,2
682,690,2,2
660,681,2,2
612,1657,2,2
654,681,2,2
1618,1657,2,2
1645,1657,2,2
660,681,2,2
654,660,2,2
867,868,2,2
1629,1644,2,2
660,681,2,2
676,873,2,2
852,854,2,2
1645,1657,2,2
838,852,2,2
660,681,2,2
1628,1645,2,2
862,863,2,2
1628,1657,2,2
815,891,2,2
838,852,2,2
660,681,2,2
862,863,2,2
838,852,2,2
853,855,2,2
664,867,2,2
862,863,2,2
676,873,2,2
852,854,2,2
838,852,2,2
838,852,2,2
660,681,2,2
658,690,2,2
826,838,2,2
815,891,2,2
854,857,2,2
882,886,2,2
634,854,2,2
660,681,2,2
867,868,2,2
882,886,2,2
852,854,2,2
838,862,2,2
660,681,2,2
867,868,2,2
641,699,2,2
882,886,2,2
634,854,2,2
600,854,2,2
803,849,2,2
641,699,2,2
681,853,2,2
867,873,2,2
855,867,2,2
880,896,2,2
867,868,2,2
817,847,2,2
641,699,2,2
838,852,2,2
817,823,2,2
891,892,2,2
817,847,2,2
815,891,2,2
641,699,2,2
620,1190,2,2
682,892,2,2
600,854,2,2
682,817,2,2
824,849,2,2
641,699,2,2
826,827,2,2
682,893,2,2
826,838,2,2
814,895,2,2
826,852,2,2
824,849,2,2
641,699,2,2
895,897,2,2
838,852,2,2
882,886,2,2
826,838,2,2
682,898,2,2
882,886,2,2
814,895,2,2
826,852,2,2
641,699,2,2
838,852,2,2
826,838,2,2
806,888,2,2
654,681,2,2
641,699,2,2
826,852,2,2
814,875,2,2
634,854,2,2
826,852,2,2
882,889,2,2
641,699,2,2
682,819,2,2
838,852,2,2
826,838,2,2
641,699,2,2
634,854,2,2
826,852,2,2
806,888,2,2
814,895,2,2
826,852,2,2
1181,1651,2,2
641,699,2,2
845,852,2,2
654,681,2,2
826,838,2,2
826,845,2,2
826,852,2,2
1181,1651,2,2
641,699,2,2
838,852,2,2
826,845,2,2
826,838,2,2
845,852,2,2
838,852,2,2
1651,1674,2,2
826,838,2,2
1181,1674,2,2
826,852,2,2
826,852,2,2
641,699,2,2
1181,1674,2,2
1181,1651,2,2
1651,1674,2,2
826,838,2,2
838,852,2,2
641,699,2,2
826,852,2,2
826,838,2,2
826,852,2,2
1181,1651,2,2
641,699,2,2
1181,1674,2,2
838,852,2,2
826,838,2,2
838,852,2,2
826,838,2,2
826,852,2,2
826,852,2,2
826,852,2,2
620,1190,2,2
620,674,2,2
674,1190,2,2
620,1190,2,2
620,1658,2,2
826,838,2,2
620,1190,2,2
620,1658,2,2
1181,1674,2,2
620,1190,2,2
1181,1674,2,2
620,1190,2,2
620,1190,2,2
620,1190,2,2
620,1190,2,2
620,674,2,2
826,852,2,2
620,674,2,2
826,838,2,2
826,838,2,2
620,674,2,2
620,674,2,2
826,838,2,2
826,838,2,2
1148,1658,2,2
620,1190,2,2
620,674,2,2
620,674,2,2
826,838,2,2
622,695,2,2
620,1658,2,2
674,1190,2,2
620,1190,2,2
674,1658,2,2
674,1190,2,2
674,1148,2,2
620,1190,2,2
620,674,2,2
674,1190,2,2
620,1190,2,2
620,674,2,2
1190,1658,2,2
620,1190,2,2
620,674,2,2
620,1190,2,2
620,674,2,2
826,838,2,2
620,1190,2,2
620,674,2,2
674,1190,2,2
620,1190,2,2
826,838,2,2
620,1190,2,2
620,1658,2,2
685,695,2,2
620,1190,2,2
674,1658,2,2
674,1190,2,2
620,1190,2,2
1190,1658,2,2
674,1148,2,2
674,1190,2,2
620,1658,2,2
1190,1658,2,2
620,1190,2,2
674,1190,2,2
620,1190,2,2
620,1190,2,2
674,684,2,2
620,1190,2,2
620,1190,2,2
606,684,2,2
620,1190,2,2
650,674,2,2
620,1190,2,2
684,685,2,2
1651,1658,2,2
620,1190,2,2
684,685,2,2
609,613,2,2
1651,1658,2,2
620,1190,2,2
684,685,2,2
609,613,2,2
1651,1658,2,2
620,1190,2,2
1181,1651,2,2
609,610,2,2
684,685,2,2
1651,1658,2,2
620,1190,2,2
1181,1651,2,2
609,613,2,2
826,838,2,2
620,1190,2,2
1148,1651,2,2
650,674,2,2
609,610,2,2
1190,1658,2,2
684,685,2,2
620,1190,2,2
609,613,2,2
620,1658,2,2
826,838,2,2
684,685,2,2
620,1190,2,2
684,685,2,2
620,1190,2,2
609,610,2,2
684,685,2,2
826,838,2,2
620,1190,2,2
609,613,2,2
684,685,2,2
620,1190,2,2
620,1190,2,2
1660,1662,2,2
620,1190,2,2
606,651,2,2
609,613,2,2
606,651,2,2
609,613,2,2
620,1190,2,2
606,651,2,2
620,1190,2,2
1492,1658,2,2
610,626,2,2
611,685,2,2
620,1190,2,2
606,651,2,2
661,692,2,2
620,1190,2,2
606,651,2,2
609,613,2,2
606,651,2,2
620,1190,2,2
626,698,2,2
620,674,2,2
674,1190,2,2
1662,1678,2,2
620,1190,2,2
606,651,2,2
609,613,2,2
606,651,2,2
620,674,2,2
826,838,2,2
620,1190,2,2
674,1190,2,2
620,674,2,2
661,692,2,2
674,1190,2,2
620,1190,2,2
606,651,2,2
1651,1674,2,2
826,838,2,2
620,674,2,2
674,1190,2,2
1492,1658,2,2
620,1190,2,2
606,651,2,2
1651,1674,2,2
620,674,2,2
674,1190,2,2
620,1190,2,2
606,651,2,2
603,695,2,2
674,1190,2,2
620,674,2,2
620,1190,2,2
1651,1674,2,2
626,698,2,2
620,674,2,2
674,1190,2,2
620,1190,2,2
620,674,2,2
674,1190,2,2
620,1190,2,2
626,698,2,2
606,651,2,2
606,651,2,2
620,674,2,2
1651,1674,2,2
674,1190,2,2
620,674,2,2
674,1190,2,2
826,852,2,2
620,1190,2,2
606,651,2,2
1651,1674,2,2
620,674,2,2
674,1190,2,2
684,1678,2,2
620,1190,2,2
606,651,2,2
651,1678,2,2
620,674,2,2
674,1190,2,2
651,1678,2,2
620,1190,2,2
606,651,2,2
623,1170,2,2
651,684,2,2
606,684,2,2
620,1190,2,2
1632,1671,2,2
651,684,2,2
622,695,2,2
606,684,2,2
606,651,2,2
609,613,2,2
1651,1674,2,2
606,651,2,2
1651,1674,2,2
609,613,2,2
651,684,2,2
609,613,2,2
609,613,2,2
620,674,2,2
609,613,2,2
615,684,2,2
1632,1671,2,2
606,651,2,2
1190,1492,2,2
606,684,2,2
1190,1658,2,2
651,684,2,2
620,674,2,2
615,684,2,2
651,684,2,2
1632,1671,2,2
606,651,2,2
606,615,2,2
1190,1671,2,2
615,684,2,2
1190,1632,2,2
1632,1671,2,2
606,651,2,2
651,684,2,2
1645,1657,2,2
615,651,2,2
606,615,2,2
1190,1671,3,3
1645,1657,3,3
1190,1632,3,3
1632,1671,3,3
606,651,3,3
609,613,3,3
615,651,3,3
1651,1674,3,3
606,615,3,3
615,684,3,3
1632,1671,3,3
606,651,3,3
651,684,3,3
1492,1671,3,3
615,651,3,3
1651,1674,3,3
826,838,3,3
606,615,3,3
1190,1671,3,3
615,684,3,3
635,692,3,3
1181,1674,3,3
1190,1632,3,3
606,651,3,3
1492,1674,3,3
669,674,3,3
615,651,3,3
1651,1674,3,3
651,684,3,3
650,674,3,3
615,684,3,3
1632,1671,3,3
606,651,3,3
1651,1674,3,3
651,684,3,3
606,684,3,3
615,684,3,3
615,651,3,3
1651,1674,3,3
651,684,3,3
615,684,3,3
615,651,3,3
1651,1674,3,3
826,838,3,3
606,684,3,3
1170,1613,3,3
615,684,3,3
606,651,3,3
615,651,3,3
606,615,3,3
1170,1613,3,3
1190,1671,3,3
615,684,3,3
1632,1671,3,3
606,651,3,3
615,651,3,3
1651,1674,3,3
651,684,3,3
606,684,3,3
1190,1671,3,3
615,684,3,3
1170,1672,3,3
615,651,3,3
1651,1674,3,3
651,684,3,3
606,684,3,3
1170,1613,3,3
1190,1671,3,3
606,651,3,3
615,651,3,3
1651,1674,3,3
651,684,3,3
619,1645,3,3
1170,1613,3,3
1190,1671,3,3
1181,1674,3,3
606,651,3,3
615,651,3,3
1651,1674,3,3
619,1657,3,3
619,1645,3,3
606,684,3,3
1190,1671,3,3
615,684,3,3
600,634,3,3
1632,1671,3,3
1190,1632,3,3
606,651,3,3
1613,1672,3,3
615,651,3,3
651,684,3,3
606,684,3,3
1170,1613,3,3
1190,1671,3,3
615,684,3,3
1190,1632,3,3
1632,1671,3,3
606,651,3,3
651,684,3,3
615,651,3,3
606,615,3,3
1170,1613,3,3
1190,1671,3,3
1190,1632,3,3
620,669,3,3
1190,1632,3,3
606,651,3,3
620,669,3,3
615,651,3,3
651,684,3,3
1181,1674,3,3
1190,1632,3,3
1613,1672,3,3
615,651,3,3
1181,1674,3,3
1190,1632,3,3
615,651,3,3
615,684,3,3
1492,1674,3,3
1613,1672,3,3
615,651,3,3
1190,1671,3,3
1181,1674,3,3
1190,1632,3,3
615,651,3,3
1190,1671,3,3
615,684,3,3
1632,1671,3,3
615,651,3,3
1190,1671,3,3
615,684,3,3
1632,1671,3,3
606,651,3,3
1492,1674,3,3
615,651,3,3
606,615,3,3
1190,1671,3,3
636,864,3,3
606,651,3,3
615,651,3,3
606,615,3,3
676,864,3,3
1190,1671,3,3
603,684,3,3
1190,1632,3,3
1632,1671,3,3
606,651,3,3
620,669,3,3
615,651,3,3
1170,1613,3,3
1190,1671,3,3
606,651,3,3
620,669,3,3
615,651,3,3
603,684,3,3
606,651,3,3
620,669,3,3
615,651,3,3
620,674,3,3
1170,1613,3,3
1190,1671,3,3
1613,1672,3,3
606,651,3,3
676,867,3,3
615,651,3,3
606,615,3,3
619,1645,3,3
620,674,3,3
1170,1613,3,3
1190,1671,3,3
606,651,3,3
1613,1672,3,3
615,651,3,3
619,1657,3,3
619,1645,3,3
1170,1613,3,3
1190,1671,3,3
1492,1632,3,3
606,651,3,3
620,669,3,3
1492,1632,3,3
606,651,3,3
615,651,3,3
1170,1613,3,3
1190,1671,3,3
1632,1651,3,3
606,651,3,3
1613,1672,3,3
1190,1671,3,3
1632,1651,3,3
626,698,3,3
606,651,3,3
615,651,3,3
634,854,3,3
606,651,3,3
620,669,3,3
615,651,3,3
606,651,3,3
826,852,3,3
606,651,3,3
634,854,3,3
619,1645,3,3
1492,1632,3,3
1170,1613,3,3
634,854,3,3
1190,1671,3,3
606,651,3,3
600,854,3,3
620,669,3,3
615,651,3,3
606,615,3,3
619,1645,3,3
634,854,3,3
830,834,3,3
606,651,3,3
1632,1674,3,3
1613,1672,3,3
620,650,3,3
615,651,3,3
1651,1674,3,3
606,615,3,3
619,1645,3,3
603,684,3,3
634,854,3,3
606,651,3,3
1632,1674,3,3
1613,1672,3,3
620,669,3,3
615,651,3,3
623,1678,3,3
606,615,3,3
619,1645,3,3
649,1613,3,3
634,854,3,3
603,684,3,3
606,651,3,3
1613,1671,3,3
620,669,3,3
615,651,3,3
623,1678,3,3
649,1671,3,3
649,1613,3,3
634,854,3,3
649,1672,3,3
606,651,3,3
1613,1671,3,3
827,830,3,3
1170,1671,3,3
600,854,3,3
623,1678,3,3
1671,1672,3,3
649,1671,3,3
634,854,3,3
603,684,3,3
600,634,3,3
606,651,3,3
827,830,3,3
615,651,3,3
649,1671,3,3
634,854,3,3
1148,1672,3,3
606,651,3,3
1492,1613,3,3
827,830,3,3
600,854,3,3
615,651,3,3
623,1678,3,3
1632,1660,3,3
634,854,3,3
606,651,3,3
600,854,3,3
615,651,3,3
623,1678,3,3
1632,1660,3,3
649,1671,3,3
634,854,3,3
603,684,3,3
606,651,3,3
600,854,3,3
615,651,3,3
1632,1672,3,3
606,615,3,3
1632,1660,3,3
1170,1632,3,3
634,854,3,3
603,684,3,3
606,651,3,3
827,830,3,3
600,854,3,3
615,651,3,3
619,1657,3,3
649,1671,3,3
634,854,3,3
1181,1674,3,3
600,634,3,3
606,651,3,3
1181,1613,3,3
827,830,3,3
620,669,3,3
615,651,3,3
1613,1674,3,3
1613,1632,3,3
634,854,3,3
603,684,3,3
606,651,3,3
1181,1613,3,3
827,830,3,3
1613,1651,3,3
615,651,3,3
1190,1658,3,3
1613,1674,3,3
649,1671,3,3
634,854,3,3
606,651,3,3
1181,1613,3,3
827,830,3,3
615,651,3,3
634,854,3,3
606,651,3,3
827,830,3,3
615,651,3,3
1632,1674,3,3
1170,1672,3,3
615,651,3,3
1492,1678,3,3
649,1671,3,3
606,651,3,3
615,651,3,3
649,1671,3,3
606,651,3,3
620,669,3,3
615,651,3,3
649,1671,3,3
1492,1678,3,3
606,651,3,3
620,650,3,3
615,651,3,3
634,854,3,3
600,634,3,3
613,698,3,3
634,854,3,3
600,634,3,3
606,651,3,3
600,854,3,3
634,854,3,3
600,634,3,3
606,651,3,3
1148,1492,3,3
600,854,3,3
620,650,3,3
620,674,3,3
854,866,3,3
634,854,3,3
634,866,3,3
606,651,3,3
615,651,3,3
600,854,3,3
1651,1674,3,3
620,674,3,3
634,854,3,3
1181,1674,3,3
600,634,3,3
634,866,3,3
854,866,3,3
600,866,3,3
600,854,3,3
615,651,3,3
620,674,3,3
854,866,3,3
1649,1674,3,3
634,854,3,3
600,866,3,3
600,854,3,3
615,651,3,3
620,674,3,3
854,866,3,3
1645,1657,3,3
606,651,3,3
1492,1674,3,3
600,854,3,3
620,674,3,3
634,854,3,3
1645,1657,3,3
615,651,3,3
649,1671,3,3
620,674,3,3
634,854,3,3
634,866,3,3
854,866,3,3
600,866,3,3
615,651,3,3
620,674,3,3
854,866,3,3
634,854,3,3
606,651,3,3
600,866,3,3
600,854,3,3
634,866,3,3
1164,1622,3,3
1644,1667,3,3
620,674,3,3
854,866,3,3
634,854,3,3
1148,1667,3,3
855,873,3,3
606,651,3,3
1492,1674,3,3
615,651,3,3
1632,1667,3,3
634,866,3,3
600,854,3,3
1164,1622,3,3
620,674,3,3
1181,1674,3,3
606,651,3,3
600,854,3,3
615,651,3,3
610,613,3,3
1164,1622,3,3
620,674,3,3
1181,1651,3,3
606,651,3,3
1492,1674,3,3
1492,1651,3,3
615,651,3,3
1651,1674,3,3
1164,1622,3,3
620,674,3,3
1181,1492,3,3
1181,1674,3,3
606,651,3,3
1492,1674,3,3
615,651,3,3
620,674,3,3
1148,1662,3,3
1645,1657,3,3
606,651,3,3
1492,1674,3,3
613,698,3,3
619,1657,3,3
620,674,3,3
1644,1856,3,3
1645,1657,3,3
1181,1674,3,3
606,651,3,3
1492,1674,3,3
615,651,3,3
619,1657,3,3
620,674,3,3
1492,1674,3,3
1644,1856,3,3
864,868,3,3
1181,1674,3,3
606,651,3,3
1645,1657,3,3
1632,1662,3,3
615,651,3,3
619,1657,3,3
600,661,3,3
1645,1657,3,3
1181,1674,3,3
606,651,3,3
1492,1674,3,3
615,651,3,3
1632,1662,3,3
610,613,3,3
619,1657,3,3
610,613,3,3
1645,1657,3,3
826,838,3,3
1644,1856,3,3
1181,1674,3,3
606,651,3,3
841,848,3,3
1632,1662,3,3
647,668,3,3
615,651,3,3
1651,1674,3,3
619,1657,3,3
606,615,3,3
619,1645,3,3
620,674,3,3
1181,1651,3,3
1181,1492,3,3
1181,1674,3,3
606,651,3,3
609,613,3,3
1632,1662,3,3
615,651,3,3
1651,1674,3,3
619,1657,3,3
606,615,3,3
1622,1657,3,3
669,1662,3,3
1644,1657,3,3
606,651,3,3
1492,1674,3,3
841,848,3,3
610,613,3,3
826,838,3,3
669,1190,3,3
1181,1651,3,3
609,613,3,3
1164,1657,3,3
1181,1492,3,3
1181,1674,3,3
1492,1674,3,3
841,848,3,3
1492,1651,3,3
610,613,3,3
826,838,3,3
606,615,3,3
1651,1674,3,3
669,1190,3,3
609,610,3,3
674,1678,3,3
676,867,3,3
1181,1651,3,3
1632,1657,3,3
628,674,3,3
610,661,3,3
1181,1492,3,3
1181,1674,3,3
1492,1674,3,3
1657,1856,3,3
834,854,3,3
1492,1651,3,3
1651,1674,3,3
1657,1667,3,3
669,1658,3,3
669,1190,3,3
620,674,3,3
1181,1492,3,3
620,1678,3,3
1181,1651,3,3
610,661,3,3
1644,1856,3,3
1181,1674,3,3
620,678,3,3
1632,1644,3,3
1492,1674,3,3
834,854,3,3
677,1658,3,3
676,867,3,3
606,1657,3,3
620,668,3,3
669,1658,3,3
1651,1674,3,3
620,674,3,3
650,677,3,3
1181,1674,3,3
1632,1644,3,3
668,674,3,3
841,848,3,3
620,1662,3,3
1613,1672,3,3
669,1667,3,3
620,668,3,3
669,1190,3,3
668,1662,3,3
616,822,3,3
674,1662,3,3
1181,1674,3,3
838,852,3,3
635,894,3,3
620,674,3,3
650,677,3,3
628,1657,3,3
1181,1651,3,3
674,1662,3,3
603,684,3,3
867,873,3,3
1613,1672,3,3
635,894,3,3
1657,1672,3,3
809,819,3,3
668,1662,3,3
1170,1672,3,3
620,674,3,3
826,852,3,3
838,852,3,3
685,1662,3,3
1181,1674,3,3
603,684,3,3
809,1657,3,3
1492,1674,3,3
841,848,3,3
867,873,3,3
641,646,3,3
1181,1657,3,3
668,685,3,3
668,1662,3,3
650,669,3,3
620,668,3,3
1657,1672,3,3
620,674,3,3
647,1662,3,3
668,1662,3,3
1492,1651,3,3
620,685,3,3
1613,1657,3,3
1181,1492,3,3
1181,1651,3,3
1181,1674,3,3
1492,1674,3,3
841,848,3,3
867,873,3,3
641,646,3,3
650,669,3,3
1613,1672,3,3
1651,1674,3,3
1657,1672,3,3
628,635,3,3
826,852,3,3
668,1662,3,3
1170,1657,3,3
1613,1657,3,3
1181,1674,3,3
654,681,3,3
1492,1674,3,3
647,1662,3,3
867,873,3,3
1613,1672,3,3
1651,1674,3,3
1170,1672,3,3
1657,1672,3,3
620,674,3,3
661,1658,3,3
668,1662,3,3
1170,1657,3,3
1181,1651,3,3
620,685,3,3
1613,1657,3,3
1181,1674,3,3
1613,1672,3,3
1170,1672,3,3
1657,1672,3,3
1651,1674,3,3
620,674,3,3
814,849,3,3
635,661,3,3
620,685,3,3
1613,1657,3,3
1181,1492,3,3
1181,1674,3,3
1170,1613,3,3
838,852,3,3
1613,1672,3,3
1657,1672,3,3
1181,1658,3,3
620,674,3,3
1181,1651,3,3
620,685,3,3
1613,1657,3,3
1181,1492,3,3
1181,1674,3,3
1164,1190,3,3
661,894,3,3
1492,1674,3,3
668,1662,3,3
1613,1672,3,3
1657,1672,3,3
1181,1658,3,3
628,635,3,3
620,674,3,3
1170,1657,3,3
620,685,3,3
1190,1660,3,3
1170,1678,3,3
1181,1674,3,3
1164,1190,3,3
681,892,3,3
661,894,3,3
681,893,3,3
641,691,3,3
1657,1678,3,3
628,635,3,3
635,894,3,3
1657,1672,3,3
654,892,3,3
628,661,3,3
826,893,3,3
1492,1674,3,3
641,691,3,3
635,894,3,3
620,685,3,3
654,893,3,3
1657,1674,3,3
635,661,3,3
628,661,3,3
661,894,3,3
635,894,3,3
1181,1657,3,3
1651,1674,3,3
620,674,3,3
1181,1651,3,3
628,661,3,3
696,898,3,3
635,894,3,3
1651,1674,3,3
628,661,3,3
620,674,3,3
635,894,3,3
661,894,3,3
620,674,3,3
635,894,3,3
661,894,3,3
620,674,3,3
635,894,3,3
691,699,3,3
1492,1657,3,3
889,895,3,3
628,661,3,3
1164,1190,3,3
661,894,3,3
854,871,3,3
646,699,3,3
1492,1657,3,3
889,895,3,3
661,894,3,3
635,894,3,3
691,695,3,3
628,661,3,3
1492,1657,3,3
649,1671,3,3
1170,1613,3,3
1492,1657,3,3
641,691,3,3
649,1671,3,3
1492,1657,3,3
635,661,3,3
628,661,3,3
1170,1613,3,3
1492,1657,3,3
1613,1678,3,3
1613,1678,3,3
650,669,3,3
1613,1678,3,3
1170,1613,3,3
1492,1657,3,3
620,674,3,3
1170,1613,3,3
1492,1657,3,3
1613,1678,3,3
676,867,3,3
827,830,3,3
1651,1674,3,3
1651,1674,3,3
827,830,3,3
620,674,3,3
676,867,3,3
1613,1678,3,3
620,674,3,3
1181,1678,3,3
620,674,3,3
1492,1657,3,3
1492,1657,3,3
1492,1657,3,3
1492,1657,3,3
1492,1657,3,3
676,867,3,3
620,674,3,3
1492,1657,3,3
1170,1613,3,3
1492,1657,3,3
1181,1651,3,3
1492,1657,3,3
1181,1651,3,3
1170,1613,3,3
1492,1657,3,3
1651,1674,3,3
1492,1657,3,3
1651,1674,3,3
1492,1657,3,3
1651,1674,3,3
1651,1674,3,3
1492,1657,3,3
1651,1674,3,3
1492,1657,3,3
827,830,3,3
1181,1651,3,3
1492,1657,3,3
1181,1651,3,3
1492,1657,3,3
1170,1613,3,3
1181,1651,3,3
1492,1657,3,3
1170,1613,3,3
1613,1674,3,3
1181,1651,3,3
1492,1657,3,3
827,830,3,3
1651,1674,3,3
1492,1657,3,3
654,681,3,3
1651,1674,3,3
1492,1657,3,3
1651,1674,3,3
1651,1674,3,3
1492,1657,3,3
1181,1651,3,3
668,1662,3,3
1651,1674,3,3
1181,1651,3,3
1651,1674,3,3
668,1662,3,3
1651,1674,3,3
1651,1674,3,3
1144,1190,3,3
1651,1674,3,3
1144,1644,3,3
1651,1674,3,3
668,1662,3,3
1170,1613,3,3
654,681,3,3
1170,1613,3,3
1170,1613,3,3
1181,1674,3,3
1170,1613,3,3
1181,1674,3,3
854,871,3,3
1170,1613,3,3
827,830,3,3
827,834,3,3
1170,1613,3,3
827,830,3,3
1170,1672,3,3
827,834,3,3
1170,1672,3,3
1170,1613,3,3
1170,1672,3,3
635,661,3,3
641,649,3,3
827,830,3,3
1492,1657,3,3
1492,1657,3,3
1164,1645,3,3
1492,1657,3,3
1492,1657,3,3
1492,1657,3,3
649,1671,3,3
867,869,3,3
646,691,3,3
646,1164,3,3
649,1671,3,3
691,695,3,3
691,695,3,3
1492,1657,3,3
1492,1657,3,3
620,674,3,3
620,674,3,3
620,674,3,3
1190,1629,3,3
646,1164,3,3
1651,1674,3,3
620,674,3,3
647,1662,3,3
1629,1644,3,3
646,1164,3,3
1651,1674,3,3
620,674,3,3
1164,1645,3,3
620,674,3,3
620,674,3,3
1164,1645,3,3
1629,1644,3,3
646,1164,3,3
649,1671,3,3
1164,1645,3,3
620,674,3,3
649,1671,3,3
646,1164,3,3
620,674,3,3
1492,1657,3,3
1644,1856,3,3
1181,1651,3,3
646,1164,3,3
649,1671,3,3
620,674,3,3
814,895,3,3
827,830,3,3
1492,1657,3,3
1492,1657,3,3
1181,1651,3,3
1164,1645,3,3
1644,1856,3,3
1613,1678,3,3
641,649,3,3
668,1662,3,3
1170,1613,3,3
1492,1657,3,3
641,649,3,3
641,1671,3,3
1651,1674,3,3
1170,1613,3,3
1492,1657,3,3
1492,1657,3,3
1181,1651,3,3
1170,1613,3,3
1492,1657,3,3
1492,1657,3,3
814,889,3,3
1671,1856,3,3
690,827,3,3
1651,1674,3,3
1492,1657,3,3
1170,1613,3,3
1492,1657,3,3
889,895,3,3
814,889,3,3
1629,1667,3,3
814,895,3,3
1651,1674,3,3
601,803,3,3
1170,1613,3,3
1492,1657,3,3
889,895,3,3
814,889,3,3
658,807,3,3
804,834,3,3
690,807,3,3
1170,1613,3,3
889,895,3,3
1629,1667,3,3
1492,1657,3,3
1651,1674,3,3
889,895,3,3
1651,1674,3,3
1492,1657,3,3
1170,1613,3,3
1651,1674,3,3
601,827,3,3
1170,1613,3,3
880,887,3,3
821,888,3,3
1170,1613,3,3
1492,1657,3,3
601,827,3,3
1651,1674,3,3
1492,1657,3,3
826,867,3,3
601,827,3,3
826,827,3,3
1651,1674,3,3
601,854,3,3
827,854,3,3
827,834,3,3
1492,1657,3,3
889,895,3,3
601,827,3,3
854,871,3,3
658,690,3,3
826,827,3,3
1651,1674,3,3
649,691,3,3
827,854,3,3
1492,1657,3,3
889,895,3,3
690,804,3,3
601,827,3,3
854,871,3,3
649,691,3,3
1492,1657,3,3
658,807,3,3
619,695,3,3
652,682,3,3
649,691,3,3
690,807,3,3
658,690,3,3
649,691,3,3
652,682,3,3
658,690,3,3
1492,1657,3,3
827,830,3,3
889,895,3,3
1492,1657,3,3
601,804,3,3
690,824,3,3
658,807,3,3
827,830,3,3
658,824,3,3
1651,1674,3,3
1492,1657,3,3
601,804,3,3
658,824,3,3
690,807,3,3
807,824,3,3
660,894,3,3
658,807,3,3
827,830,3,3
658,690,3,3
1651,1674,3,3
690,824,3,3
803,804,3,3
814,895,3,3
889,895,3,3
658,824,3,3
814,889,3,3
807,824,3,3
658,807,3,3
619,695,3,3
658,690,3,3
690,824,3,3
1651,1674,3,3
803,804,3,3
814,895,3,3
889,895,3,3
658,824,3,3
807,824,3,3
660,894,3,3
690,807,3,3
690,824,3,3
1651,1674,3,3
658,807,3,3
826,827,3,3
690,824,3,3
690,807,3,3
807,824,3,3
883,888,3,3
658,690,3,3
814,895,3,3
658,824,3,3
690,824,3,3
658,690,3,3
807,824,3,3
658,807,3,3
827,830,3,3
658,824,3,3
658,807,3,3
658,824,3,3
807,824,3,3
690,807,3,3
601,803,3,3
690,824,3,3
690,807,3,3
658,690,3,3
690,824,3,3
804,868,3,3
807,824,3,3
658,807,3,3
658,807,3,3
804,807,3,3
649,691,3,3
690,824,3,3
658,690,3,3
807,824,3,3
690,804,3,3
690,807,3,3
658,824,3,3
601,803,3,3
804,824,3,3
690,807,3,3
649,691,3,3
690,824,3,3
804,824,3,3
807,824,3,3
658,807,3,3
658,824,3,3
601,803,3,3
690,807,3,3
804,807,3,3
826,827,3,3
658,824,3,3
804,824,3,3
807,824,3,3
658,807,3,3
658,690,3,3
1651,1674,3,3
601,803,3,3
690,824,3,3
690,807,3,3
814,889,3,3
807,824,3,3
828,854,3,3
658,807,3,3
658,690,3,3
601,803,3,3
658,807,3,3
620,674,3,3
601,803,3,3
658,804,3,3
658,807,3,3
690,807,3,3
826,827,3,3
690,804,3,3
690,807,3,3
804,807,3,3
826,827,3,3
814,889,3,3
690,804,3,3
658,807,3,3
601,803,3,3
658,807,3,3
804,807,3,3
826,827,3,3
830,864,3,3
814,889,3,3
690,804,3,3
649,695,3,3
690,807,3,3
601,803,3,3
690,807,3,3
804,807,3,3
658,804,3,3
690,804,3,3
658,807,3,3
660,681,3,3
601,803,3,3
690,807,3,3
804,807,3,3
690,824,3,3
658,690,3,3
807,824,3,3
658,804,3,3
690,804,3,3
658,807,3,3
864,868,3,3
658,824,3,3
601,803,3,3
658,807,3,3
804,807,3,3
658,690,3,3
658,824,3,3
804,824,3,3
807,824,3,3
690,804,3,3
658,804,3,3
690,807,3,3
690,824,3,3
601,803,3,3
658,807,3,3
803,854,3,3
690,824,3,3
658,690,3,3
807,824,3,3
690,804,3,3
690,807,3,3
880,896,3,3
804,824,3,3
691,695,3,3
641,1856,3,3
658,824,3,3
690,807,3,3
804,807,3,3
1144,1629,3,3
690,824,3,3
807,824,3,3
658,804,3,3
658,807,3,3
804,824,3,3
658,824,3,3
658,807,3,3
1144,1629,3,3
690,824,3,3
807,824,3,3
690,807,3,3
601,827,3,3
658,690,3,3
601,803,3,3
658,807,3,3
804,807,3,3
1144,1629,3,3
690,804,3,3
690,807,3,3
658,690,3,3
658,807,3,3
804,807,3,3
660,681,3,3
845,855,3,3
814,895,3,3
658,824,3,3
807,824,3,3
690,804,3,3
658,804,3,3
658,807,3,3
804,824,3,3
690,824,3,3
690,807,3,3
804,807,3,3
658,824,3,3
1492,1672,3,3
807,824,3,3
658,804,3,3
690,804,3,3
658,807,3,3
676,855,3,3
660,681,3,3
804,824,3,3
601,803,3,3
690,824,3,3
611,622,3,3
690,807,3,3
690,824,3,3
658,690,3,3
807,824,3,3
658,807,3,3
880,896,3,3
658,824,3,3
601,803,3,3
804,824,3,3
611,622,3,3
690,807,3,3
1144,1629,3,3
611,621,3,3
690,824,3,3
658,690,3,3
658,804,3,3
658,807,3,3
804,824,3,3
658,824,3,3
601,803,3,3
611,622,3,3
1144,1629,3,3
611,621,3,3
658,824,3,3
658,690,3,3
851,854,3,3
690,824,3,3
1651,1674,3,3
601,803,3,3
611,621,3,3
658,824,3,3
690,807,3,3
807,824,3,3
658,807,3,3
658,690,3,3
601,803,3,3
690,824,3,3
611,622,3,3
883,888,3,3
826,827,3,3
611,621,3,3
1613,1678,3,3
658,824,3,3
690,807,3,3
807,824,3,3
658,807,3,3
838,852,3,3
658,690,3,3
1144,1629,3,3
601,803,3,3
883,888,3,3
1144,1629,3,3
690,824,3,3
690,807,3,3
658,807,3,3
838,852,3,3
611,691,3,3
1170,1613,3,3
658,824,3,3
658,807,3,3
838,852,3,3
690,824,3,3
1651,1674,3,3
601,803,3,3
883,888,3,3
814,895,3,3
658,690,3,3
690,824,3,3
690,807,3,3
658,807,3,3
621,691,3,3
611,691,3,3
658,824,3,3
650,669,3,3
601,803,3,3
815,880,3,3
658,807,3,3
814,895,3,3
658,824,3,3
828,854,3,3
690,807,3,3
658,690,3,3
601,803,3,3
690,824,3,3
676,873,3,3
658,824,3,3
807,824,3,3
634,866,3,3
690,807,3,3
664,867,3,3
658,690,3,3
658,807,3,3
601,803,3,3
690,824,3,3
658,807,3,3
814,895,3,3
658,824,3,3
807,824,3,3
634,866,3,3
690,807,3,3
615,691,3,3
641,691,3,3
603,612,3,3
611,691,3,3
690,824,3,3
601,803,3,3
1170,1613,3,3
690,824,3,3
664,867,3,3
826,827,3,3
658,824,3,3
690,807,3,3
615,691,3,3
641,691,3,3
603,612,3,3
804,807,3,3
690,804,3,3
634,866,3,3
658,807,3,3
658,690,3,3
814,895,3,3
606,611,3,3
828,854,3,3
838,852,3,3
601,803,3,3
658,807,3,3
1170,1613,3,3
658,804,3,3
1144,1629,3,3
804,807,3,3
658,824,3,3
658,690,3,3
828,854,3,3
634,866,3,3
690,807,3,3
641,691,3,3
690,804,3,3
804,824,3,3
690,824,3,3
606,621,3,3
804,807,3,3
1144,1629,3,3
615,641,3,3
658,824,3,3
807,824,3,3
1170,1613,3,3
658,807,3,3
615,691,3,3
664,867,3,3
641,691,3,3
603,1629,3,3
813,838,3,3
615,641,3,3
658,824,3,3
807,824,3,3
658,807,3,3
615,691,3,3
664,867,3,3
641,691,3,3
838,852,3,3
813,852,3,3
634,866,3,3
684,1622,3,3
615,691,3,3
615,641,3,3
658,824,3,3
690,807,3,3
690,804,3,3
1632,1671,3,3
658,807,3,3
827,871,3,3
641,691,3,3
658,690,3,3
852,869,3,3
813,852,3,3
690,824,3,3
684,1622,3,3
838,852,3,3
658,824,3,3
658,807,3,3
1628,1629,3,3
641,691,3,3
606,621,3,3
813,838,3,3
654,869,3,3
658,824,3,3
634,866,3,3
658,807,3,3
838,852,3,3
851,854,3,3
1651,1674,3,3
813,852,3,3
813,838,3,3
654,869,3,3
838,852,3,3
658,824,3,3
807,824,3,3
634,866,3,3
658,807,3,3
650,1144,3,3
813,852,3,3
804,807,3,3
654,869,3,3
658,824,3,3
807,824,3,3
690,804,3,3
658,807,3,3
892,898,3,3
838,852,3,3
634,866,3,3
1170,1613,3,3
827,871,3,3
814,895,3,3
654,869,3,3
615,641,3,3
690,824,3,3
807,824,3,3
658,807,3,3
650,1144,3,3
658,824,3,3
804,824,3,3
804,807,3,3
658,824,3,3
804,824,3,3
807,824,3,3
690,804,3,3
634,866,3,3
658,807,3,3
827,871,3,3
1144,1190,3,3
641,650,3,3
813,852,3,3
690,824,3,3
821,852,3,3
690,824,3,3
650,677,3,3
615,650,3,3
852,867,3,3
658,824,3,3
615,691,3,3
641,650,3,3
863,867,3,3
857,867,3,3
684,1622,3,3
669,1190,3,3
658,807,3,3
615,677,3,3
658,690,3,3
813,867,3,3
827,871,3,3
804,824,3,3
669,1190,3,3
658,807,3,3
615,641,3,3
690,824,3,3
807,824,3,3
690,804,3,3
634,866,3,3
690,807,3,3
827,871,3,3
615,677,3,3
615,650,3,3
658,824,3,3
641,650,3,3
684,1622,3,3
669,1190,3,3
658,807,3,3
1170,1613,3,3
615,641,3,3
690,824,3,3
658,690,3,3
600,698,3,3
634,866,3,3
690,807,3,3
606,621,3,3
658,824,3,3
621,649,3,3
616,692,3,3
684,1622,3,3
644,683,3,3
826,827,3,3
683,692,3,3
615,641,3,3
690,824,3,3
658,690,3,3
807,824,3,3
1190,1632,3,3
613,698,3,3
616,692,3,3
658,807,3,3
615,691,3,3
880,896,3,3
862,863,3,3
838,852,3,3
658,824,3,3
814,895,3,3
813,852,3,3
626,698,3,3
658,807,3,3
826,827,3,3
615,641,3,3
690,824,3,3
616,683,3,3
620,674,3,3
616,692,3,3
690,807,3,3
838,852,3,3
613,698,3,3
683,692,3,3
658,690,3,3
813,838,3,3
813,852,3,3
626,698,3,3
616,644,3,3
620,674,3,3
615,641,3,3
616,683,3,3
613,658,3,3
616,692,3,3
813,838,3,3
615,691,3,3
683,692,3,3
838,852,3,3
849,880,3,3
626,698,3,3
610,698,3,3
611,684,3,3
838,852,3,3
821,886,3,3
650,684,3,3
628,651,3,3
616,692,3,3
813,838,3,3
615,691,3,3
641,691,3,3
683,692,3,3
814,895,3,3
1651,1674,3,3
626,698,3,3
610,698,3,3
616,692,3,3
826,827,3,3
683,692,3,3
603,612,3,3
616,683,3,3
628,696,3,3
1632,1671,3,3
649,695,3,3
615,691,3,3
641,691,3,3
613,698,3,3
628,651,3,3
851,854,3,3
656,660,3,3
1170,1672,3,3
610,613,3,3
626,698,3,3
862,863,3,3
814,895,3,3
803,824,3,3
621,695,3,3
618,651,3,3
1181,1651,3,3
803,807,3,3
615,641,3,3
628,651,3,3
616,692,3,3
838,852,3,3
862,863,3,3
826,827,3,3
656,660,3,3
814,895,3,3
683,692,3,3
1170,1672,3,3
1629,1667,3,3
620,674,3,3
600,616,3,3
814,895,3,3
668,1662,3,3
1622,1645,3,3
894,895,3,3
1613,1657,3,3
1629,1667,3,3
606,641,3,3
628,651,3,3
616,692,3,3
1492,1674,3,3
862,863,3,3
660,681,3,3
656,660,3,3
618,651,3,3
626,698,3,3
616,644,3,3
626,698,3,3
620,683,3,3
1170,1672,3,3
826,827,3,3
889,895,3,3
636,660,3,3
644,658,3,3
1108,1618,3,3
628,651,3,3
634,866,3,3
620,626,3,3
814,895,3,3
600,658,3,3
613,685,3,3
814,889,3,3
1181,1674,3,3
620,696,3,3
683,1662,3,3
603,684,3,3
809,880,3,3
862,863,3,3
626,1657,3,3
654,1662,3,3
618,692,3,3
1108,1618,3,3
683,1657,3,3
654,1674,3,3
628,651,3,3
634,866,3,3
600,1657,3,3
1108,1671,3,3
1618,1628,3,3
1108,1632,3,3
636,1662,3,3
613,626,3,3
620,696,3,3
1629,1667,3,3
613,698,3,3
613,698,3,3
621,689,3,3
636,656,3,3
613,626,3,3
1632,1671,3,3
1108,1632,3,3
838,852,3,3
1108,1671,3,3
683,692,3,3
628,651,3,3
618,698,3,3
628,658,3,3
651,658,3,3
634,866,3,3
886,894,3,3
854,866,3,3
826,827,3,3
1622,1645,3,3
636,656,3,3
825,856,3,3
889,895,3,3
600,613,3,3
613,698,3,3
616,692,3,3
851,856,3,3
660,681,3,3
1190,1671,3,3
600,690,3,3
814,880,3,3
886,889,3,3
826,827,3,3
825,856,3,3
1601,1644,3,3
616,692,3,3
851,856,3,3
683,698,3,3
1618,1628,3,3
1190,1671,3,3
636,696,3,3
1170,1613,3,3
1492,1644,3,3
814,895,3,3
612,678,3,3
1601,1644,3,3
616,692,3,3
825,856,3,3
660,681,3,3
1632,1671,3,3
634,866,3,3
883,889,3,3
1649,1651,3,3
848,853,3,3
862,863,3,3
636,696,3,3
650,674,3,3
612,678,3,3
1108,1601,3,3
814,889,3,3
600,613,3,3
1632,1671,3,3
841,848,3,3
1613,1671,3,3
848,853,3,3
862,863,3,3
610,613,3,3
1622,1674,3,3
1181,1622,3,3
1170,1613,3,3
889,895,3,3
634,854,3,3
1181,1674,3,3
888,890,3,3
1632,1671,3,3
1170,1671,3,3
841,848,3,3
862,863,3,3
1618,1628,3,3
1651,1674,3,3
891,898,3,3
1613,1674,3,3
1492,1678,3,3
1181,1622,3,3
826,827,3,3
889,895,3,3
814,889,3,3
1629,1856,3,3
634,866,3,3
1622,1651,3,3
862,863,3,3
1632,1671,3,3
610,613,3,3
1108,1678,3,3
628,654,3,3
1618,1628,3,3
1181,1622,3,3
838,841,3,3
826,827,3,3
1645,1657,3,3
1108,1601,3,3
1629,1856,3,3
1622,1651,3,3
1651,1674,3,3
610,613,3,3
628,654,3,3
1108,1613,3,3
1657,1674,3,3
826,827,3,3
1645,1657,3,3
1164,1657,3,3
634,866,3,3
1181,1622,3,3
813,852,3,3
610,613,3,3
891,898,3,3
1622,1657,3,3
826,827,3,3
650,691,3,3
1164,1657,3,3
1632,1671,3,3
1181,1622,3,3
1108,1628,3,3
646,684,3,3
620,650,3,3
650,674,3,3
826,827,3,3
838,852,3,3
1164,1657,3,3
1632,1671,3,3
1181,1622,3,3
827,871,3,3
1108,1628,3,3
848,853,3,3
1613,1672,3,3
813,852,3,3
1671,1672,3,3
891,898,3,3
826,827,3,3
1164,1657,3,3
1632,1671,3,3
609,690,3,3
1108,1628,3,3
862,863,3,3
1618,1628,3,3
1613,1672,3,3
1181,1657,3,3
848,853,3,3
610,613,3,3
1622,1657,3,3
1108,1628,3,3
826,827,3,3
1108,1601,3,3
600,613,3,3
1632,1671,3,3
1181,1622,3,3
1660,1679,3,3
1651,1657,3,3
862,863,3,3
1613,1672,3,3
848,857,3,3
1181,1657,3,3
854,866,3,3
826,827,3,3
1164,1657,3,3
1632,1671,3,3
609,690,3,3
848,857,3,3
1170,1672,3,3
628,654,3,3
1181,1622,3,3
838,852,3,3
862,863,3,3
848,857,3,3
813,852,3,3
628,654,3,3
616,692,3,3
838,852,3,3
848,857,3,3
1181,1657,3,3
813,852,3,3
628,654,3,3
891,898,3,3
610,613,3,3
1622,1657,3,3
854,866,3,3
1164,1657,3,3
609,690,3,3
1651,1657,3,3
1618,1628,3,3
891,898,3,3
813,852,3,3
1651,1657,3,3
609,690,3,3
1108,1628,3,3
862,863,3,3
1618,1628,3,3
848,857,3,3
610,613,3,3
891,898,3,3
1632,1671,3,3
609,690,3,3
603,612,3,3
1618,1628,3,3
848,857,3,3
862,863,3,3
610,613,3,3
826,827,3,3
609,690,3,3
1108,1628,3,3
603,612,3,3
1618,1628,3,3
848,857,3,3
1622,1657,3,3
1108,1601,3,3
609,690,3,3
838,852,3,3
603,612,3,3
1618,1628,3,3
1181,1657,3,3
848,857,3,3
862,863,3,3
610,613,3,3
609,690,3,3
1622,1657,3,3
826,827,3,3
610,658,3,3
628,654,3,3
1651,1657,3,3
862,863,3,3
1618,1628,3,3
1170,1672,3,3
1181,1657,3,3
826,845,3,3
610,613,3,3
1645,1671,3,3
1622,1657,3,3
826,827,3,3
889,891,3,3
628,654,3,3
609,690,3,3
1660,1679,3,3
1651,1657,3,3
862,863,3,3
1181,1657,3,3
610,613,3,3
1492,1678,3,3
1622,1657,3,3
826,827,3,3
1632,1671,3,3
609,690,3,3
1651,1657,3,3
1618,1628,3,3
1181,1657,3,3
1492,1678,3,3
609,690,3,3
1622,1657,3,3
826,827,3,3
862,863,3,3
1618,1628,3,3
1181,1657,3,3
814,895,3,3
609,690,3,3
1622,1657,3,3
814,895,3,3
888,890,3,3
862,863,3,3
1181,1657,3,3
1492,1678,3,3
609,690,3,3
1622,1657,3,3
814,895,3,3
600,613,3,3
628,654,3,3
1651,1657,3,3
862,863,3,3
1181,1657,3,3
1492,1678,3,3
609,690,3,3
1622,1657,3,3
888,890,3,3
862,863,3,3
1618,1628,3,3
848,857,3,3
1181,1657,3,3
628,654,3,3
1622,1657,3,3
1144,1658,3,3
888,890,3,3
609,690,3,3
862,863,3,3
1181,1657,3,3
610,613,3,3
628,654,3,3
1622,1657,3,3
609,690,3,3
1645,1671,3,3
660,681,3,3
1613,1672,3,3
848,857,3,3
862,863,3,3
610,613,3,3
628,654,3,3
609,690,3,3
1622,1657,3,3
814,895,3,3
862,863,3,3
1613,1672,3,3
848,857,3,3
1181,1657,3,3
610,613,3,3
1492,1678,3,3
1622,1657,3,3
814,895,3,3
862,863,3,3
609,690,3,3
660,681,3,3
848,857,3,3
1181,1657,3,3
610,613,3,3
1492,1678,3,3
1622,1657,3,3
826,827,3,3
814,895,3,3
609,690,3,3
862,863,3,3
848,857,3,3
1181,1657,3,3
891,898,3,3
1622,1657,3,3
826,827,3,3
880,887,3,3
609,690,3,3
1651,1657,3,3
862,863,3,3
848,857,3,3
1181,1657,3,3
1622,1657,3,3
814,895,3,3
609,690,3,3
1651,1657,3,3
862,863,3,3
848,857,3,3
1181,1657,3,3
1622,1657,3,3
814,895,3,3
891,898,3,3
1164,1657,3,3
628,654,3,3
889,891,3,3
862,863,3,3
1618,1628,3,3
851,854,3,3
848,857,3,3
1181,1657,3,3
610,613,3,3
826,845,3,3
1622,1657,3,3
1164,1657,3,3
1492,1678,3,3
848,857,3,3
1181,1657,3,3
826,845,3,3
610,613,3,3
1622,1657,3,3
867,873,3,3
1108,1628,3,3
1618,1628,3,3
848,857,3,3
610,613,3,3
1492,1678,3,3
1108,1628,3,3
609,690,3,3
867,873,3,3
848,857,3,3
826,845,3,3
610,613,3,3
888,890,3,3
609,690,3,3
867,873,3,3
660,681,3,3
848,857,3,3
826,845,3,3
610,613,3,3
814,895,3,3
851,854,3,3
609,690,3,3
867,873,3,3
660,681,3,3
848,857,3,3
610,613,3,3
1492,1678,3,3
826,827,4,4
609,690,4,4
867,873,4,4
862,863,4,4
848,857,4,4
814,895,4,4
610,613,4,4
888,890,4,4
609,690,4,4
1108,1628,4,4
1618,1628,4,4
848,857,4,4
891,898,4,4
826,827,4,4
609,690,4,4
660,681,4,4
1618,1628,4,4
848,857,4,4
862,863,4,4
826,827,4,4
888,890,4,4
609,690,4,4
862,863,4,4
1618,1628,4,4
848,857,4,4
610,613,4,4
826,827,4,4
609,690,4,4
862,863,4,4
848,857,4,4
814,895,4,4
610,613,4,4
826,827,4,4
609,690,4,4
660,681,4,4
848,857,4,4
610,613,4,4
814,895,4,4
613,658,4,4
609,690,4,4
1629,1678,4,4
862,863,4,4
848,857,4,4
826,827,4,4
610,613,4,4
826,827,4,4
613,658,4,4
814,895,4,4
609,690,4,4
660,681,4,4
1618,1628,4,4
848,857,4,4
862,863,4,4
610,613,4,4
826,827,4,4
1629,1678,4,4
862,863,4,4
848,857,4,4
814,895,4,4
610,613,4,4
814,895,4,4
862,863,4,4
1618,1628,4,4
826,827,4,4
610,613,4,4
814,895,4,4
862,863,4,4
660,681,4,4
848,857,4,4
826,827,4,4
814,895,4,4
660,681,4,4
848,857,4,4
826,827,4,4
826,827,4,4
814,895,4,4
660,681,4,4
848,857,4,4
862,863,4,4
891,898,4,4
891,898,4,4
610,613,4,4
814,895,4,4
826,827,4,4
880,887,4,4
1618,1628,4,4
848,857,4,4
891,898,4,4
1618,1628,4,4
848,857,4,4
610,613,4,4
600,613,4,4
1618,1628,4,4
848,857,4,4
862,863,4,4
1618,1628,4,4
848,857,4,4
660,681,4,4
862,863,4,4
862,863,4,4
826,827,4,4
862,863,4,4
826,827,4,4
862,863,4,4
628,654,4,4
826,827,4,4
600,613,4,4
848,857,4,4
600,609,4,4
862,863,4,4
826,871,4,4
610,613,4,4
880,887,4,4
660,681,4,4
848,857,4,4
862,863,4,4
826,845,4,4
610,613,4,4
848,857,4,4
600,613,4,4
826,845,4,4
660,681,4,4
848,857,4,4
826,845,4,4
660,681,4,4
1108,1601,4,4
1144,1658,4,4
1629,1856,4,4
848,857,4,4
610,613,4,4
628,654,4,4
854,866,4,4
826,827,4,4
1144,1658,4,4
862,863,4,4
848,857,4,4
891,898,4,4
826,827,4,4
600,609,4,4
862,863,4,4
1613,1672,4,4
848,857,4,4
891,898,4,4
628,654,4,4
826,827,4,4
1613,1672,4,4
603,684,4,4
609,690,4,4
848,857,4,4
600,609,4,4
628,654,4,4
826,827,4,4
891,894,4,4
600,613,4,4
603,684,4,4
609,690,4,4
862,863,4,4
848,857,4,4
628,654,4,4
603,684,4,4
600,613,4,4
609,690,4,4
889,891,4,4
1108,1601,4,4
891,894,4,4
848,857,4,4
891,898,4,4
628,654,4,4
603,684,4,4
609,690,4,4
862,863,4,4
848,857,4,4
628,654,4,4
882,889,4,4
603,684,4,4
600,613,4,4
616,692,4,4
609,690,4,4
848,857,4,4
826,827,4,4
600,613,4,4
603,684,4,4
616,692,4,4
609,690,4,4
848,857,4,4
628,654,4,4
826,827,4,4
612,678,4,4
603,684,4,4
880,887,4,4
616,692,4,4
609,690,4,4
848,857,4,4
628,654,4,4
826,827,4,4
603,684,4,4
609,690,4,4
848,857,4,4
628,654,4,4
826,827,4,4
600,613,4,4
880,887,4,4
609,690,4,4
826,871,4,4
612,678,4,4
600,613,4,4
616,692,4,4
609,690,4,4
862,863,4,4
848,857,4,4
603,612,4,4
609,690,4,4
848,857,4,4
848,857,4,4
609,690,4,4
603,612,4,4
848,857,4,4
609,690,4,4
600,613,4,4
819,822,4,4
880,887,4,4
848,857,4,4
826,827,4,4
609,690,4,4
603,612,4,4
848,857,4,4
826,827,4,4
609,690,4,4
603,612,4,4
603,612,4,4
826,827,4,4
609,690,4,4
603,612,4,4
848,857,4,4
826,827,4,4
609,690,4,4
603,612,4,4
603,612,4,4
848,857,4,4
603,612,4,4
826,827,4,4
880,887,4,4
603,612,4,4
848,857,4,4
610,613,4,4
848,857,4,4
603,612,4,4
826,827,4,4
826,827,4,4
1632,1671,4,4
848,857,4,4
848,857,4,4
603,612,4,4
826,827,4,4
609,690,4,4
848,857,4,4
603,612,4,4
826,827,4,4
826,827,4,4
603,612,4,4
848,857,4,4
880,887,4,4
609,690,4,4
848,857,4,4
848,857,4,4
603,612,4,4
848,857,4,4
848,857,4,4
826,827,4,4
826,827,4,4
1164,1657,4,4
603,612,4,4
848,857,4,4
891,898,4,4
826,827,4,4
609,690,4,4
848,857,4,4
891,898,4,4
600,613,4,4
609,690,4,4
867,873,4,4
848,857,4,4
826,827,4,4
600,613,4,4
609,690,4,4
848,857,4,4
848,857,4,4
623,636,4,4
681,686,4,4
600,613,4,4
848,857,4,4
891,898,4,4
628,654,4,4
1629,1856,4,4
862,863,4,4
848,857,4,4
891,898,4,4
628,654,4,4
848,857,4,4
1629,1856,4,4
1657,1679,4,4
880,887,4,4
862,863,4,4
1629,1856,4,4
1657,1679,4,4
848,857,4,4
891,898,4,4
880,887,4,4
862,863,4,4
1657,1679,4,4
848,857,4,4
891,898,4,4
848,857,4,4
891,898,4,4
862,863,4,4
880,887,4,4
862,863,4,4
848,857,4,4
891,898,4,4
628,654,4,4
848,857,4,4
891,898,4,4
603,612,4,4
628,654,4,4
600,613,4,4
862,863,4,4
848,857,4,4
628,654,4,4
826,827,4,4
600,613,4,4
616,692,4,4
862,863,4,4
848,857,4,4
1181,1657,4,4
891,898,4,4
1632,1856,4,4
826,827,4,4
1164,1657,4,4
880,887,4,4
1181,1622,4,4
862,863,4,4
891,898,4,4
609,690,4,4
826,827,4,4
1629,1856,4,4
1181,1622,4,4
848,857,4,4
826,827,4,4
609,690,4,4
862,863,4,4
848,857,4,4
891,898,4,4
826,827,4,4
609,690,4,4
891,898,4,4
628,654,4,4
826,827,4,4
609,690,4,4
862,863,4,4
848,857,4,4
891,898,4,4
628,654,4,4
826,827,4,4
609,690,4,4
862,863,4,4
848,857,4,4
891,898,4,4
609,690,4,4
891,898,4,4
600,613,4,4
628,654,4,4
854,866,4,4
600,613,4,4
609,690,4,4
838,852,4,4
628,654,4,4
609,690,4,4
862,863,4,4
600,613,4,4
891,898,4,4
685,695,4,4
862,863,4,4
600,613,4,4
862,863,4,4
891,898,4,4
628,654,4,4
609,690,4,4
600,613,4,4
1181,1622,4,4
862,863,4,4
891,898,4,4
826,827,4,4
882,889,4,4
600,613,4,4
609,690,4,4
838,852,4,4
862,863,4,4
891,898,4,4
628,654,4,4
609,690,4,4
862,863,4,4
600,613,4,4
600,613,4,4
891,898,4,4
826,827,4,4
826,845,4,4
628,654,4,4
891,898,4,4
609,690,4,4
848,857,4,4
826,827,4,4
628,654,4,4
862,863,4,4
862,863,4,4
882,889,4,4
862,863,4,4
891,898,4,4
826,827,4,4
1181,1657,4,4
1622,1657,4,4
862,863,4,4
610,613,4,4
1622,1657,4,4
826,827,4,4
862,863,4,4
826,845,4,4
891,898,4,4
1181,1622,4,4
1622,1657,4,4
609,690,4,4
862,863,4,4
610,613,4,4
1622,1657,4,4
862,863,4,4
1181,1622,4,4
651,660,4,4
603,612,4,4
1622,1657,4,4
826,827,4,4
1613,1672,4,4
880,887,4,4
862,863,4,4
610,613,4,4
1622,1657,4,4
826,827,4,4
880,887,4,4
1181,1622,4,4
1651,1657,4,4
603,612,4,4
1613,1672,4,4
610,613,4,4
891,898,4,4
1622,1657,4,4
628,651,4,4
603,612,4,4
891,898,4,4
610,613,4,4
1622,1657,4,4
826,827,4,4
1181,1622,4,4
1181,1657,4,4
610,613,4,4
891,898,4,4
826,827,4,4
1645,1671,4,4
862,863,4,4
891,898,4,4
610,613,4,4
610,613,4,4
826,827,4,4
862,863,4,4
848,857,4,4
891,898,4,4
628,654,4,4
1622,1657,4,4
1651,1657,4,4
862,863,4,4
603,612,4,4
610,613,4,4
891,898,4,4
1622,1657,4,4
862,863,4,4
603,612,4,4
1181,1657,4,4
610,613,4,4
628,654,4,4
862,863,4,4
1181,1657,4,4
603,612,4,4
826,845,4,4
610,613,4,4
891,898,4,4
610,613,4,4
862,863,4,4
1181,1657,4,4
603,612,4,4
826,845,4,4
628,654,4,4
610,613,4,4
862,863,4,4
628,654,4,4
1170,1672,4,4
610,613,4,4
862,863,4,4
628,654,4,4
1170,1672,4,4
610,613,4,4
862,863,4,4
628,654,4,4
623,636,4,4
862,863,4,4
1170,1672,4,4
1181,1657,4,4
610,613,4,4
628,654,4,4
888,895,4,4
623,636,4,4
603,612,4,4
651,667,4,4
862,863,4,4
610,613,4,4
610,613,4,4
826,827,4,4
862,863,4,4
603,612,4,4
1613,1672,4,4
1181,1657,4,4
610,613,4,4
628,654,4,4
826,827,4,4
628,651,4,4
623,636,4,4
1181,1657,4,4
628,654,4,4
623,636,4,4
628,654,4,4
888,895,4,4
610,613,4,4
628,654,4,4
826,845,4,4
609,690,4,4
1170,1672,4,4
610,613,4,4
891,898,4,4
1181,1622,4,4
609,690,4,4
1170,1672,4,4
891,898,4,4
610,613,4,4
609,690,4,4
1181,1622,4,4
862,863,4,4
891,898,4,4
609,690,4,4
1181,1622,4,4
862,863,4,4
610,613,4,4
610,613,4,4
826,827,4,4
880,887,4,4
891,898,4,4
603,684,4,4
826,827,4,4
603,684,4,4
1660,1679,4,4
862,863,4,4
891,898,4,4
894,898,4,4
862,863,4,4
882,889,4,4
826,827,4,4
894,898,4,4
862,863,4,4
826,827,4,4
882,889,4,4
862,863,4,4
1170,1672,4,4
826,845,4,4
882,894,4,4
826,845,4,4
826,827,4,4
891,898,4,4
1108,1601,4,4
826,845,4,4
826,827,4,4
1622,1657,4,4
826,827,4,4
1108,1601,4,4
1181,1657,4,4
826,845,4,4
1622,1657,4,4
1108,1601,4,4
880,887,4,4
1622,1657,4,4
826,827,4,4
1108,1601,4,4
1622,1657,4,4
826,827,4,4
603,684,4,4
1108,1601,4,4
1181,1657,4,4
826,845,4,4
1622,1657,4,4
889,894,4,4
1108,1601,4,4
887,891,4,4
826,845,4,4
891,898,4,4
1622,1657,4,4
1108,1601,4,4
1181,1622,4,4
660,681,4,4
887,891,4,4
826,827,4,4
1108,1601,4,4
1181,1622,4,4
660,681,4,4
826,845,4,4
603,684,4,4
1108,1601,4,4
616,692,4,4
1181,1622,4,4
660,681,4,4
1108,1601,4,4
826,827,4,4
887,898,4,4
826,827,4,4
1108,1601,4,4
826,845,4,4
880,882,4,4
1622,1657,4,4
826,827,4,4
1108,1601,4,4
887,898,4,4
848,857,4,4
826,845,4,4
826,827,4,4
1622,1657,4,4
1108,1601,4,4
1622,1657,4,4
826,827,4,4
1108,1601,4,4
609,690,4,4
1108,1601,4,4
826,827,4,4
826,827,4,4
882,889,4,4
1108,1601,4,4
609,690,4,4
1651,1657,4,4
891,894,4,4
1170,1672,4,4
891,898,4,4
1148,1190,4,4
1108,1601,4,4
1651,1657,4,4
826,827,4,4
891,898,4,4
1108,1601,4,4
891,898,4,4
1651,1657,4,4
826,827,4,4
1108,1601,4,4
1651,1657,4,4
826,827,4,4
1108,1601,4,4
1651,1657,4,4
826,827,4,4
1632,1856,4,4
826,827,4,4
1108,1601,4,4
626,698,4,4
880,891,4,4
1651,1657,4,4
1170,1672,4,4
826,827,4,4
1108,1601,4,4
1622,1657,4,4
882,889,4,4
1108,1601,4,4
626,698,4,4
1170,1672,4,4
626,698,4,4
1108,1601,4,4
1108,1601,4,4
887,891,4,4
891,898,4,4
882,894,4,4
888,895,4,4
826,827,4,4
894,898,4,4
1108,1601,4,4
887,898,4,4
1651,1657,4,4
809,819,4,4
1622,1657,4,4
1108,1601,4,4
848,857,4,4
1181,1657,4,4
610,613,4,4
1108,1601,4,4
826,827,4,4
1181,1657,4,4
1108,1601,4,4
826,827,4,4
627,635,4,4
1181,1657,4,4
1108,1601,4,4
610,613,4,4
826,827,4,4
627,635,4,4
1108,1601,4,4
610,613,4,4
826,827,4,4
627,635,4,4
848,857,4,4
1108,1601,4,4
610,613,4,4
826,827,4,4
826,827,4,4
610,613,4,4
1108,1601,4,4
826,845,4,4
826,845,4,4
1108,1601,4,4
610,613,4,4
826,827,4,4
1108,1601,4,4
826,845,4,4
610,613,4,4
610,613,4,4
1108,1601,4,4
628,654,4,4
1108,1601,4,4
826,827,4,4
628,654,4,4
610,613,4,4
826,827,4,4
1108,1601,4,4
616,692,4,4
826,845,4,4
628,654,4,4
1108,1601,4,4
610,613,4,4
826,827,4,4
628,654,4,4
610,613,4,4
1108,1601,4,4
616,692,4,4
1622,1657,4,4
1108,1601,4,4
610,613,4,4
609,690,4,4
1108,1601,4,4
610,613,4,4
826,827,4,4
1108,1601,4,4
1181,1657,4,4
826,827,4,4
627,635,4,4
609,690,4,4
826,827,4,4
1108,1601,4,4
1108,1601,4,4
1622,1657,4,4
826,827,4,4
1108,1601,4,4
826,845,4,4
826,827,4,4
1622,1657,4,4
1622,1657,4,4
826,845,4,4
1622,1657,4,4
1622,1657,4,4
1622,1657,4,4
1108,1601,4,4
848,857,4,4
1622,1657,4,4
1108,1601,4,4
628,654,4,4
627,635,4,4
609,690,4,4
1622,1657,4,4
848,857,4,4
609,690,4,4
1108,1601,4,4
838,852,4,4
609,690,4,4
1622,1657,4,4
1108,1601,4,4
1181,1622,4,4
838,852,4,4
848,857,4,4
1181,1657,4,4
1651,1657,4,4
1108,1601,4,4
848,857,4,4
1181,1657,4,4
826,845,4,4
826,827,4,4
848,857,4,4
1181,1657,4,4
1651,1657,4,4
1108,1601,4,4
848,857,4,4
1181,1657,4,4
1108,1601,4,4
1651,1657,4,4
826,827,4,4
826,827,4,4
1108,1601,4,4
1181,1622,4,4
600,609,4,4
1651,1657,4,4
848,857,4,4
1181,1657,4,4
610,613,4,4
848,857,4,4
1181,1657,4,4
610,613,4,4
1651,1657,4,4
848,857,4,4
1181,1657,4,4
610,613,4,4
1108,1601,4,4
848,857,4,4
610,613,4,4
665,691,4,4
1108,1601,4,4
1181,1622,4,4
1651,1657,4,4
848,857,4,4
610,613,4,4
848,857,4,4
609,690,4,4
610,613,4,4
1651,1657,4,4
1108,1601,4,4
826,827,4,4
1108,1601,4,4
1181,1622,4,4
1651,1657,4,4
848,857,4,4
1181,1657,4,4
610,613,4,4
826,827,4,4
1108,1601,4,4
1181,1622,4,4
1651,1657,4,4
1181,1657,4,4
610,613,4,4
1622,1657,4,4
1108,1601,4,4
867,873,4,4
1651,1657,4,4
1613,1672,4,4
848,857,4,4
610,613,4,4
848,857,4,4
1181,1657,4,4
1622,1657,4,4
867,873,4,4
1108,1601,4,4
848,857,4,4
1181,1657,4,4
610,613,4,4
826,827,4,4
1181,1622,4,4
1170,1672,4,4
610,613,4,4
627,635,4,4
628,654,4,4
1181,1622,4,4
1170,1672,4,4
627,635,4,4
848,857,4,4
1181,1657,4,4
600,609,4,4
1181,1622,4,4
600,609,4,4
1170,1672,4,4
1181,1622,4,4
1181,1657,4,4
1622,1657,4,4
627,635,4,4
1181,1622,4,4
1181,1657,4,4
1622,1657,4,4
600,609,4,4
600,609,4,4
1181,1657,4,4
1108,1601,4,4
826,827,4,4
848,857,4,4
1181,1657,4,4
1622,1657,4,4
848,857,4,4
1181,1657,4,4
1622,1657,4,4
609,690,4,4
1170,1672,4,4
609,690,4,4
1622,1657,4,4
1651,1657,4,4
600,613,4,4
1622,1657,4,4
1651,1657,4,4
826,827,4,4
1108,1601,4,4
1622,1657,4,4
600,613,4,4
1108,1601,4,4
1622,1657,4,4
1651,1657,4,4
600,613,4,4
609,690,4,4
1622,1657,4,4
1651,1657,4,4
1108,1601,4,4
1613,1672,4,4
1657,1674,4,4
1622,1657,4,4
826,827,4,4
1660,1662,4,4
600,613,4,4
609,690,4,4
1660,1679,4,4
867,873,4,4
609,690,4,4
1622,1657,4,4
600,613,4,4
1657,1674,4,4
1622,1657,4,4
1660,1679,4,4
848,857,4,4
609,690,4,4
1622,1657,4,4
609,690,4,4
1108,1601,4,4
1622,1657,4,4
603,684,4,4
1181,1657,4,4
609,690,4,4
1108,1601,4,4
1181,1657,4,4
826,827,4,4
1164,1657,4,4
1108,1601,4,4
1622,1657,4,4
1164,1657,4,4
1181,1657,4,4
826,827,4,4
603,684,4,4
1108,1601,4,4
609,690,4,4
1651,1657,4,4
848,857,4,4
848,857,4,4
610,613,4,4
1651,1657,4,4
1108,1601,4,4
848,857,4,4
652,658,4,4
610,613,4,4
1651,1657,4,4
1108,1601,4,4
603,684,4,4
1108,1601,4,4
616,692,4,4
1651,1657,4,4
1181,1657,4,4
610,613,4,4
1181,1657,4,4
1651,1657,4,4
1108,1601,4,4
826,827,4,4
600,613,4,4
1108,1601,4,4
609,690,4,4
1651,1657,4,4
1181,1657,4,4
1181,1657,4,4
1622,1657,4,4
1651,1657,4,4
1108,1601,4,4
628,654,4,4
1622,1657,4,4
1108,1601,4,4
1181,1622,4,4
1651,1657,4,4
1181,1657,4,4
628,654,4,4
1181,1657,4,4
1622,1657,4,4
1108,1601,4,4
1622,1657,4,4
826,827,4,4
1108,1601,4,4
1651,1657,4,4
1613,1672,4,4
1181,1657,4,4
1181,1657,4,4
1622,1657,4,4
1108,1601,4,4
627,635,4,4
1622,1657,4,4
600,613,4,4
1108,1601,4,4
1651,1657,4,4
1181,1657,4,4
628,654,4,4
1622,1657,4,4
1651,1657,4,4
1108,1601,4,4
628,654,4,4
1622,1657,4,4
1108,1601,4,4
1651,1657,4,4
848,857,4,4
1181,1657,4,4
628,654,4,4
1622,1657,4,4
826,827,4,4
603,684,4,4
1108,1601,4,4
1651,1657,4,4
1181,1657,4,4
628,654,4,4
1657,1674,4,4
1622,1657,4,4
1108,1601,4,4
1651,1657,4,4
1181,1657,4,4
610,613,4,4
628,654,4,4
1657,1674,4,4
1622,1657,4,4
826,827,4,4
656,682,4,4
1108,1601,4,4
627,635,4,4
1651,1657,4,4
1181,1657,4,4
610,613,4,4
628,654,4,4
826,827,4,4
1108,1601,4,4
616,692,4,4
1181,1657,4,4
610,613,4,4
628,654,4,4
1622,1657,4,4
826,827,4,4
1108,1601,4,4
616,692,4,4
1651,1657,4,4
1649,1657,4,4
848,857,4,4
1181,1657,4,4
628,654,4,4
1622,1657,4,4
826,827,4,4
1164,1657,4,4
1108,1601,4,4
616,692,4,4
848,857,4,4
1181,1657,4,4
628,654,4,4
826,827,4,4
656,682,4,4
1108,1601,4,4
627,635,4,4
848,857,4,4
628,654,4,4
826,827,4,4
603,684,4,4
1108,1601,4,4
627,635,4,4
1632,1671,4,4
848,857,4,4
1181,1657,4,4
610,613,4,4
628,654,4,4
826,827,4,4
1108,1601,4,4
603,684,4,4
627,635,4,4
848,857,4,4
1181,1657,4,4
628,654,4,4
603,684,4,4
826,827,4,4
628,654,4,4
826,827,4,4
603,684,4,4
627,635,4,4
609,690,4,4
848,857,4,4
610,613,4,4
628,654,4,4
826,827,4,4
603,684,4,4
627,635,4,4
609,690,4,4
1660,1679,4,4
867,873,4,4
610,613,4,4
826,827,4,4
603,684,4,4
627,635,4,4
1660,1679,4,4
603,684,4,4
826,827,4,4
826,827,4,4
603,684,4,4
627,635,4,4
848,857,4,4
628,654,4,4
603,684,4,4
826,827,4,4
685,695,4,4
826,827,4,4
656,682,4,4
603,684,4,4
848,857,4,4
826,827,4,4
656,682,4,4
627,635,4,4
848,857,4,4
1108,1601,4,4
826,827,4,4
627,635,4,4
848,857,4,4
1108,1601,4,4
826,827,4,4
627,635,4,4
848,857,4,4
1108,1601,4,4
826,827,4,4
628,654,4,4
1108,1601,4,4
603,684,4,4
1622,1657,4,4
826,827,4,4
848,857,4,4
1108,1601,4,4
826,827,4,4
848,857,4,4
1108,1601,4,4
603,684,4,4
1622,1657,4,4
826,827,4,4
1108,1601,4,4
603,684,4,4
848,857,4,4
1181,1657,4,4
603,684,4,4
1108,1601,4,4
826,827,4,4
1181,1657,4,4
1622,1657,4,4
826,827,4,4
1108,1601,4,4
603,684,4,4
1181,1657,4,4
1108,1601,4,4
826,827,4,4
627,635,4,4
848,857,4,4
1622,1657,4,4
826,827,4,4
1108,1601,4,4
603,684,4,4
627,635,4,4
826,871,4,4
1108,1601,4,4
826,827,4,4
627,635,4,4
1181,1622,4,4
1108,1601,4,4
826,827,4,4
1622,1657,4,4
826,827,4,4
656,682,4,4
1108,1601,4,4
609,690,4,4
1181,1657,4,4
1108,1601,4,4
1622,1657,4,4
826,827,4,4
1181,1657,4,4
1108,1601,4,4
1622,1657,4,4
826,827,4,4
656,682,4,4
1181,1657,4,4
1108,1601,4,4
603,684,4,4
826,827,4,4
1613,1672,4,4
1108,1601,4,4
603,684,4,4
826,827,4,4
656,682,4,4
848,857,4,4
1108,1601,4,4
826,827,4,4
656,682,4,4
826,827,4,4
1108,1601,4,4
603,684,4,4
652,658,4,4
848,857,4,4
1108,1601,4,4
826,827,4,4
826,827,4,4
1108,1601,4,4
603,684,4,4
848,857,4,4
826,827,4,4
1108,1601,4,4
627,635,4,4
826,827,4,4
1108,1601,4,4
627,635,4,4
848,857,4,4
1622,1657,4,4
826,827,4,4
1108,1601,4,4
848,857,4,4
1622,1657,4,4
826,827,4,4
1108,1601,4,4
609,690,4,4
848,857,4,4
1181,1657,4,4
1108,1601,4,4
610,613,4,4
826,827,4,4
1108,1601,4,4
826,827,4,4
627,635,4,4
848,857,4,4
826,827,4,4
1108,1601,4,4
603,684,4,4
627,635,4,4
1164,1657,4,4
1181,1657,4,4
1108,1601,4,4
1164,1657,4,4
826,827,4,4
826,827,4,4
656,682,4,4
1108,1601,4,4
1164,1657,4,4
1181,1657,4,4
826,827,4,4
1108,1601,4,4
603,684,4,4
627,635,4,4
609,690,4,4
1108,1601,4,4
826,827,4,4
627,635,4,4
1108,1601,4,4
1622,1657,4,4
826,827,4,4
627,635,4,4
1108,1601,4,4
826,827,4,4
627,635,4,4
848,857,4,4
1108,1601,4,4
826,827,4,4
848,857,4,4
826,827,4,4
1108,1601,4,4
1164,1657,4,4
1108,1601,4,4
616,692,4,4
826,827,4,4
627,635,4,4
1164,1657,4,4
826,827,4,4
1108,1601,4,4
1164,1657,4,4
627,635,4,4
848,857,4,4
1181,1657,4,4
848,857,4,4
1108,1601,4,4
826,827,4,4
627,635,4,4
848,857,4,4
1108,1601,4,4
826,827,4,4
627,635,4,4
1108,1601,4,4
660,681,4,4
826,827,4,4
627,635,4,4
1181,1657,4,4
826,827,4,4
1108,1601,4,4
627,635,4,4
848,857,4,4
1181,1657,4,4
1108,1601,4,4
826,827,4,4
627,635,4,4
1181,1657,4,4
1108,1601,4,4
826,827,4,4
627,635,4,4
1181,1657,4,4
826,827,4,4
1108,1601,4,4
600,613,4,4
627,635,4,4
848,857,4,4
1181,1657,4,4
1108,1601,4,4
1164,1657,4,4
826,827,4,4
826,827,5,5
1164,1657,5,5
1108,1601,5,5
848,857,5,5
1181,1657,5,5
848,857,5,5
1108,1601,5,5
826,827,5,5
848,857,5,5
1108,1601,5,5
826,827,5,5
652,658,5,5
826,827,5,5
1108,1601,5,5
626,698,5,5
848,857,5,5
1181,1657,5,5
826,827,5,5
1108,1601,5,5
627,635,5,5
652,658,5,5
1181,1657,5,5
610,613,5,5
826,827,5,5
1108,1601,5,5
626,698,5,5
848,857,5,5
1181,1657,5,5
610,613,5,5
826,827,5,5
892,893,5,5
1108,1601,5,5
1660,1679,5,5
817,823,5,5
848,857,5,5
1181,1657,5,5
803,849,5,5
826,827,5,5
892,893,5,5
1108,1601,5,5
609,690,5,5
652,658,5,5
848,857,5,5
1181,1657,5,5
803,849,5,5
826,827,5,5
1108,1601,5,5
652,658,5,5
817,823,5,5
848,857,5,5
1181,1657,5,5
848,857,5,5
652,658,5,5
1108,1601,5,5
826,827,5,5
1181,1657,5,5
826,827,5,5
1108,1601,5,5
652,658,5,5
817,823,5,5
848,857,5,5
1181,1657,5,5
848,857,5,5
652,658,5,5
1108,1601,5,5
1181,1657,5,5
826,827,5,5
1108,1601,5,5
817,823,5,5
848,857,5,5
1181,1657,5,5
1622,1657,5,5
826,827,5,5
1108,1601,5,5
817,823,5,5
848,857,5,5
1181,1657,5,5
1622,1657,5,5
826,827,5,5
1108,1601,5,5
848,857,5,5
1181,1657,5,5
1148,1190,5,5
826,827,5,5
821,823,5,5
1108,1601,5,5
1629,1856,5,5
815,897,5,5
893,897,5,5
848,857,5,5
1181,1657,5,5
610,613,5,5
1148,1190,5,5
826,827,5,5
610,658,5,5
1108,1601,5,5
893,897,5,5
848,857,5,5
1181,1657,5,5
1148,1190,5,5
826,827,5,5
807,815,5,5
600,613,5,5
1181,1657,5,5
848,857,5,5
1170,1672,5,5
1492,1678,5,5
826,827,5,5
610,658,5,5
824,849,5,5
1190,1660,5,5
1144,1658,5,5
616,692,5,5
1645,1671,5,5
660,681,5,5
848,857,5,5
1181,1657,5,5
674,691,5,5
826,827,5,5
807,815,5,5
1601,1644,5,5
610,658,5,5
824,849,5,5
1144,1658,5,5
1492,1628,5,5
611,649,5,5
660,681,5,5
1645,1672,5,5
817,823,5,5
848,857,5,5
1181,1657,5,5
610,613,5,5
620,674,5,5
826,827,5,5
1660,1662,5,5
1601,1644,5,5
610,658,5,5
824,849,5,5
600,613,5,5
1108,1632,5,5
1629,1678,5,5
660,681,5,5
817,823,5,5
848,857,5,5
1181,1657,5,5
610,613,5,5
1629,1667,5,5
1108,1645,5,5
826,827,5,5
1657,1662,5,5
826,852,5,5
1108,1667,5,5
610,658,5,5
1181,1662,5,5
600,613,5,5
616,692,5,5
1629,1644,5,5
1181,1657,5,5
817,823,5,5
848,857,5,5
1170,1672,5,5
845,852,5,5
1601,1856,5,5
1649,1651,5,5
1181,1651,5,5
824,849,5,5
1601,1645,5,5
1181,1632,5,5
616,692,5,5
615,620,5,5
848,857,5,5
674,1144,5,5
1601,1667,5,5
656,682,5,5
1181,1651,5,5
613,652,5,5
1108,1632,5,5
623,651,5,5
1108,1671,5,5
1645,1671,5,5
1108,1190,5,5
848,857,5,5
616,692,5,5
627,651,5,5
635,651,5,5
638,641,5,5
685,695,5,5
656,682,5,5
1181,1651,5,5
615,620,5,5
1164,1657,5,5
627,635,5,5
615,691,5,5
1108,1671,5,5
635,651,5,5
848,857,5,5
638,689,5,5
644,651,5,5
674,1658,5,5
638,641,5,5
656,682,5,5
1181,1651,5,5
1164,1657,5,5
1190,1632,5,5
1108,1629,5,5
638,689,5,5
686,696,5,5
848,857,5,5
610,616,5,5
1164,1657,5,5
1181,1674,5,5
644,667,5,5
813,838,5,5
838,852,5,5
823,847,5,5
817,823,5,5
848,857,5,5
817,847,5,5
627,628,5,5
650,674,5,5
638,641,5,5
690,866,5,5
610,616,5,5
610,661,5,5
1164,1657,5,5
644,667,5,5
634,866,5,5
838,852,5,5
848,857,5,5
813,852,5,5
650,674,5,5
1492,1613,5,5
1108,1645,5,5
690,866,5,5
610,616,5,5
610,661,5,5
1164,1657,5,5
644,667,5,5
616,661,5,5
623,651,5,5
610,648,5,5
848,857,5,5
691,695,5,5
634,866,5,5
866,871,5,5
650,674,5,5
1108,1645,5,5
1492,1613,5,5
610,648,5,5
1164,1657,5,5
691,699,5,5
644,667,5,5
616,661,5,5
838,852,5,5
848,857,5,5
623,654,5,5
685,699,5,5
656,1645,5,5
684,1674,5,5
691,699,5,5
852,854,5,5
1613,1657,5,5
838,854,5,5
686,696,5,5
685,699,5,5
1148,1613,5,5
660,681,5,5
823,847,5,5
817,823,5,5
848,857,5,5
691,695,5,5
623,654,5,5
852,854,5,5
628,696,5,5
853,854,5,5
616,661,5,5
1164,1657,5,5
691,699,5,5
838,853,5,5
686,696,5,5
1148,1613,5,5
838,854,5,5
848,857,5,5
691,695,5,5
866,871,5,5
853,854,5,5
851,868,5,5
691,699,5,5
848,857,5,5
1148,1492,5,5
691,695,5,5
851,864,5,5
695,699,5,5
1492,1613,5,5
853,854,5,5
691,699,5,5
1190,1632,5,5
612,1657,5,5
848,857,5,5
674,1144,5,5
699,1632,5,5
641,684,5,5
684,699,5,5
853,854,5,5
838,853,5,5
650,1144,5,5
848,857,5,5
684,699,5,5
641,684,5,5
684,1632,5,5
852,853,5,5
648,651,5,5
641,699,5,5
628,651,5,5
641,1674,5,5
848,857,5,5
650,1667,5,5
826,827,5,5
684,699,5,5
641,684,5,5
684,1632,5,5
852,853,5,5
641,699,5,5
600,613,5,5
606,1622,5,5
674,1144,5,5
848,857,5,5
691,695,5,5
641,684,5,5
684,699,5,5
641,699,5,5
830,854,5,5
660,682,5,5
674,1144,5,5
848,857,5,5
813,852,5,5
810,869,5,5
810,843,5,5
641,684,5,5
852,853,5,5
684,1632,5,5
686,696,5,5
838,853,5,5
848,857,5,5
810,869,5,5
827,852,5,5
641,684,5,5
684,699,5,5
827,853,5,5
641,699,5,5
1164,1657,5,5
830,854,5,5
848,857,5,5
1492,1613,5,5
641,684,5,5
641,699,5,5
634,866,5,5
853,862,5,5
1632,1674,5,5
1629,1667,5,5
848,857,5,5
674,1144,5,5
866,871,5,5
810,843,5,5
628,866,5,5
634,866,5,5
830,843,5,5
634,871,5,5
638,689,5,5
848,857,5,5
674,1144,5,5
813,852,5,5
634,853,5,5
810,843,5,5
830,869,5,5
830,866,5,5
1164,1657,5,5
853,862,5,5
838,852,5,5
641,646,5,5
646,1613,5,5
674,1144,5,5
848,857,5,5
827,852,5,5
827,852,5,5
853,862,5,5
838,852,5,5
674,1144,5,5
848,857,5,5
810,843,5,5
848,857,5,5
853,862,5,5
827,830,5,5
853,862,5,5
848,857,5,5
813,852,5,5
651,654,5,5
853,862,5,5
827,830,5,5
848,857,5,5
1492,1613,5,5
854,866,5,5
853,862,5,5
827,830,5,5
848,857,5,5
674,1144,5,5
854,866,5,5
853,862,5,5
838,852,5,5
641,646,5,5
827,830,5,5
848,857,5,5
629,1613,5,5
854,866,5,5
826,827,5,5
853,862,5,5
826,830,5,5
641,646,5,5
848,857,5,5
826,848,5,5
826,827,5,5
853,862,5,5
650,1144,5,5
826,830,5,5
848,857,5,5
629,1613,5,5
826,857,5,5
826,827,5,5
826,830,5,5
848,857,5,5
810,843,5,5
623,654,5,5
810,869,5,5
826,827,5,5
853,862,5,5
810,853,5,5
826,857,5,5
848,857,5,5
810,843,5,5
676,843,5,5
848,857,5,5
826,827,5,5
623,654,5,5
830,871,5,5
810,843,5,5
848,857,5,5
810,843,5,5
848,857,5,5
827,871,5,5
827,871,5,5
848,857,5,5
827,871,5,5
810,843,5,5
838,852,5,5
838,852,5,5
827,871,5,5
888,890,5,5
888,890,5,5
806,880,5,5
891,898,5,5
888,890,5,5
891,898,5,5
888,890,5,5
891,898,5,5
891,898,5,5
888,890,5,5
891,898,5,5
809,880,5,5
888,890,5,5
891,898,5,5
809,880,5,5
888,890,5,5
888,890,5,5
809,880,5,5
891,898,5,5
806,880,5,5
814,895,5,5
888,890,5,5
891,898,5,5
814,895,5,5
888,890,5,5
891,898,5,5
814,895,5,5
888,890,5,5
814,895,5,5
888,890,5,5
891,898,5,5
814,895,5,5
888,890,5,5
827,871,5,5
814,895,5,5
888,890,5,5
814,895,5,5
827,871,5,5
806,887,5,5
827,871,5,5
889,894,5,5
888,890,5,5
814,895,5,5
889,894,5,5
882,889,5,5
888,890,5,5
827,871,5,5
848,857,5,5
814,895,5,5
882,894,5,5
827,871,5,5
888,890,5,5
848,857,5,5
888,890,5,5
891,898,5,5
888,890,5,5
891,898,5,5
888,890,5,5
888,890,5,5
888,890,5,5
888,890,5,5
882,889,5,5
888,890,5,5
888,890,5,5
814,895,5,5
888,890,5,5
848,857,5,5
814,895,5,5
882,889,5,5
814,895,5,5
848,857,5,5
891,898,5,5
814,895,5,5
888,890,5,5
848,857,5,5
891,898,5,5
848,857,5,5
814,895,5,5
888,890,5,5
848,857,5,5
814,895,5,5
848,857,5,5
827,871,5,5
814,895,5,5
888,890,5,5
848,857,5,5
848,857,5,5
880,891,5,5
848,857,5,5
880,891,5,5
848,857,5,5
891,894,5,5
848,857,5,5
848,857,5,5
809,819,5,5
641,646,5,5
848,857,5,5
641,646,5,5
848,857,5,5
848,857,5,5
810,843,5,5
809,895,5,5
848,857,5,5
891,898,5,5
848,857,5,5
810,843,5,5
848,857,5,5
810,843,5,5
848,857,5,5
809,812,5,5
848,857,5,5
838,852,5,5
618,692,5,5
848,857,5,5
838,852,5,5
848,857,5,5
880,887,5,5
848,857,5,5
644,667,5,5
848,857,5,5
644,667,5,5
644,667,5,5
641,646,5,5
618,692,5,5
812,880,5,5
848,857,5,5
848,857,5,5
618,692,5,5
812,880,5,5
848,857,5,5
814,895,5,5
618,692,5,5
812,880,5,5
848,857,5,5
809,812,5,5
812,880,5,5
848,857,5,5
812,880,5,5
814,880,5,5
644,667,5,5
812,880,5,5
848,857,5,5
809,819,5,5
809,812,5,5
848,857,5,5
809,819,5,5
809,812,5,5
812,880,5,5
848,857,5,5
618,692,5,5
841,873,5,5
644,667,5,5
806,887,5,5
848,857,5,5
809,812,5,5
848,857,5,5
809,812,5,5
806,887,5,5
644,667,5,5
848,857,5,5
809,812,5,5
644,667,5,5
848,857,5,5
644,667,5,5
848,857,5,5
889,891,5,5
810,843,5,5
644,667,5,5
848,857,5,5
644,667,5,5
812,880,5,5
810,843,5,5
644,667,5,5
806,887,5,5
812,880,5,5
848,857,5,5
848,857,5,5
810,843,5,5
812,880,5,5
848,857,5,5
891,894,5,5
812,880,5,5
848,857,5,5
891,898,5,5
882,894,5,5
848,857,5,5
891,898,5,5
644,667,5,5
822,880,5,5
644,667,5,5
848,857,5,5
891,898,5,5
848,857,5,5
819,880,5,5
809,880,5,5
819,880,5,5
644,667,5,5
809,880,5,5
848,857,5,5
891,898,5,5
848,857,5,5
819,880,5,5
809,880,5,5
848,857,5,5
809,880,5,5
848,857,5,5
819,880,5,5
848,857,5,5
819,880,5,5
806,887,5,5
848,857,5,5
809,880,5,5
812,887,5,5
848,857,5,5
819,880,5,5
809,880,5,5
848,857,5,5
819,880,5,5
809,880,5,5
806,887,5,5
814,895,5,5
819,880,5,5
809,880,5,5
848,857,5,5
814,895,5,5
819,880,5,5
809,880,5,5
848,857,5,5
812,887,5,5
819,880,5,5
809,880,5,5
806,887,5,5
848,857,5,5
812,887,5,5
814,895,5,5
819,880,5,5
809,880,5,5
806,887,5,5
848,857,5,5
848,857,5,5
827,871,5,5
809,880,5,5
819,880,5,5
848,857,5,5
827,871,5,5
809,880,5,5
814,895,5,5
819,880,5,5
644,667,5,5
809,880,5,5
848,857,5,5
891,898,5,5
891,894,5,5
644,667,5,5
827,871,5,5
809,880,5,5
848,857,5,5
891,898,5,5
644,667,5,5
809,880,5,5
806,887,5,5
848,857,5,5
819,880,5,5
644,667,5,5
809,880,5,5
848,857,5,5
891,898,5,5
819,880,5,5
641,646,5,5
806,887,5,5
644,667,5,5
809,812,5,5
644,667,5,5
891,898,5,5
809,812,5,5
848,857,5,5
891,898,5,5
848,857,5,5
644,667,5,5
848,857,5,5
644,667,5,5
848,857,5,5
814,895,5,5
644,667,5,5
848,857,5,5
809,812,5,5
891,898,5,5
809,812,5,5
891,898,5,5
667,698,5,5
809,812,5,5
848,857,5,5
827,871,5,5
848,857,5,5
809,812,5,5
812,880,5,5
806,809,5,5
812,880,5,5
848,857,5,5
891,898,5,5
809,812,5,5
809,812,5,5
806,809,5,5
814,895,5,5
827,871,5,5
812,880,5,5
848,857,5,5
848,857,5,5
610,698,5,5
812,880,5,5
814,895,5,5
838,852,5,5
812,880,5,5
848,857,5,5
809,812,5,5
848,857,5,5
838,852,5,5
644,667,5,5
848,857,5,5
838,852,5,5
809,812,5,5
644,667,5,5
806,887,5,5
848,857,5,5
603,618,5,5
812,880,5,5
848,857,5,5
812,887,5,5
848,857,5,5
838,852,5,5
848,857,5,5
891,898,5,5
848,857,5,5
891,898,5,5
610,698,5,5
891,898,5,5
610,698,5,5
848,857,5,5
848,857,5,5
838,852,5,5
891,898,5,5
848,857,5,5
610,698,5,5
644,667,5,5
838,852,5,5
848,857,5,5
610,698,5,5
848,857,5,5
838,852,5,5
610,698,5,5
848,857,5,5
822,887,5,5
610,698,5,5
1613,1658,5,5
644,667,5,5
806,887,5,5
848,857,5,5
809,812,5,5
610,698,5,5
806,887,5,5
812,880,5,5
848,857,5,5
610,698,5,5
610,698,5,5
838,852,5,5
812,880,5,5
848,857,5,5
809,819,5,5
886,895,5,5
809,812,5,5
610,698,5,5
814,895,5,5
814,886,5,5
812,880,5,5
848,857,5,5
809,819,5,5
886,895,5,5
809,812,5,5
610,698,5,5
814,895,5,5
838,852,5,5
812,880,5,5
848,857,5,5
814,886,5,5
809,812,5,5
610,698,5,5
814,895,5,5
848,857,5,5
809,819,5,5
809,812,5,5
610,698,5,5
809,812,5,5
809,819,5,5
644,667,5,5
610,698,5,5
806,819,5,5
809,812,5,5
641,699,5,5
644,667,5,5
812,880,5,5
848,857,5,5
809,812,5,5
610,698,5,5
848,857,5,5
812,880,5,5
891,894,5,5
610,698,5,5
848,857,5,5
812,880,5,5
809,812,5,5
610,698,5,5
848,857,5,5
812,880,5,5
610,698,5,5
848,857,5,5
848,857,5,5
812,880,5,5
610,698,5,5
848,857,5,5
809,819,5,5
610,698,5,5
848,857,5,5
812,880,5,5
610,698,5,5
806,822,5,5
812,880,5,5
848,857,5,5
809,819,5,5
610,698,5,5
644,667,5,5
812,880,5,5
848,857,5,5
610,698,5,5
827,871,5,5
812,880,5,5
848,857,5,5
610,698,5,5
880,887,5,5
827,871,5,5
848,857,5,5
891,898,5,5
610,698,5,5
848,857,5,5
827,871,5,5
610,698,5,5
848,857,5,5
827,871,5,5
1164,1657,5,5
610,698,5,5
1622,1657,5,5
1164,1657,5,5
880,887,5,5
827,871,5,5
848,857,5,5
891,898,5,5
610,698,5,5
1622,1657,5,5
1164,1657,5,5
880,887,5,5
644,698,5,5
644,667,5,5
848,857,5,5
1164,1622,5,5
610,698,5,5
667,698,5,5
1164,1657,5,5
644,667,5,5
838,852,5,5
848,857,5,5
610,698,5,5
848,857,5,5
809,819,5,5
880,887,5,5
610,698,5,5
848,857,5,5
610,698,5,5
848,857,5,5
644,667,5,5
610,698,5,5
848,857,5,5
809,819,5,5
644,667,5,5
610,698,5,5
848,857,5,5
644,667,5,5
610,698,5,5
644,667,5,5
806,822,5,5
848,857,5,5
610,698,5,5
848,857,5,5
610,698,5,5
610,698,5,5
610,626,5,5
880,887,5,5
626,698,5,5
848,857,5,5
610,698,5,5
641,699,5,5
848,857,5,5
610,677,5,5
610,698,5,5
610,626,5,5
880,887,5,5
677,698,5,5
610,677,5,5
610,698,5,5
1108,1618,5,5
641,699,5,5
610,698,5,5
1108,1618,5,5
1108,1671,5,5
641,699,5,5
1108,1644,5,5
1108,1644,5,5
1108,1671,5,5
854,866,5,5
848,857,5,5
669,698,5,5
1108,1644,5,5
641,699,5,5
1108,1671,5,5
848,857,5,5
669,698,5,5
669,677,5,5
1108,1671,5,5
806,822,5,5
848,857,5,5
1601,1629,5,5
1628,1671,5,5
806,880,5,5
880,887,5,5
1629,1856,5,5
1671,1674,5,5
848,857,5,5
1601,1629,5,5
891,898,5,5
610,698,5,5
646,1645,5,5
880,887,5,5
699,1645,5,5
669,677,5,5
610,698,5,5
641,1645,5,5
641,699,5,5
880,887,5,5
699,1645,5,5
806,822,5,5
848,857,5,5
809,819,5,5
848,857,5,5
646,699,5,5
641,699,5,5
806,822,5,5
641,1645,5,5
641,699,5,5
644,667,5,5
806,822,5,5
669,677,5,5
646,699,5,5
646,1645,5,5
669,677,5,5
812,880,5,5
644,667,5,5
641,677,5,5
848,857,5,5
641,669,5,5
641,677,5,5
809,880,5,5
1629,1667,5,5
641,669,5,5
809,819,5,5
848,857,5,5
809,880,5,5
1629,1667,5,5
848,857,5,5
809,880,5,5
848,857,5,5
806,822,5,5
806,887,5,5
806,822,5,5
848,857,5,5
891,898,5,5
809,812,5,5
814,886,5,5
848,857,5,5
891,898,5,5
814,895,5,5
848,857,5,5
814,895,5,5
848,857,5,5
814,895,5,5
848,857,5,5
891,898,5,5
848,857,5,5
891,898,5,5
814,895,5,5
814,895,5,5
806,822,5,5
812,880,5,5
848,857,5,5
809,812,5,5
848,857,5,5
822,887,5,5
822,880,5,5
880,887,5,5
812,880,5,5
848,857,5,5
848,857,5,5
814,895,5,5
822,887,5,5
848,857,5,5
809,812,5,5
848,857,5,5
814,895,5,5
848,857,5,5
677,1148,5,5
814,895,5,5
669,677,5,5
848,857,5,5
814,895,5,5
848,857,5,5
810,843,5,5
814,895,5,5
848,857,5,5
669,677,5,5
848,857,5,5
814,895,5,5
669,677,5,5
814,895,5,5
827,871,5,5
812,880,5,5
848,857,5,5
810,843,5,5
809,812,5,5
812,880,5,5
814,895,5,5
812,880,5,5
848,857,5,5
809,812,5,5
848,857,5,5
809,812,5,5
812,880,5,5
812,880,5,5
848,857,5,5
809,812,5,5
814,895,5,5
806,887,5,5
812,880,5,5
848,857,5,5
809,812,5,5
814,895,5,5
827,871,5,5
848,857,5,5
812,887,5,5
669,677,5,5
809,812,5,5
827,871,5,5
809,880,5,5
848,857,5,5
809,812,5,5
827,871,5,5
812,880,5,5
848,857,5,5
809,812,5,5
848,857,5,5
827,871,5,5
809,812,5,5
812,880,5,5
827,871,5,5
812,880,5,5
848,857,5,5
812,887,5,5
809,812,5,5
848,857,5,5
809,812,5,5
812,880,5,5
848,857,5,5
827,871,5,5
848,857,5,5
827,871,5,5
812,880,5,5
848,857,5,5
827,871,5,5
812,880,5,5
848,857,5,5
827,871,5,5
814,895,5,5
814,895,5,5
827,871,5,5
848,857,5,5
810,843,5,5
848,857,5,5
814,895,5,5
669,677,5,5
848,857,5,5
806,887,5,5
814,895,5,5
848,857,5,5
814,895,5,5
669,677,5,5
814,895,5,5
809,880,5,5
806,887,5,5
848,857,5,5
848,857,5,5
814,895,5,5
812,880,5,5
848,857,5,5
806,887,5,5
814,895,5,5
812,880,5,5
848,857,5,5
810,843,5,5
814,895,5,5
806,887,5,5
848,857,5,5
806,887,5,5
814,895,5,5
848,857,5,5
812,880,5,5
848,857,5,5
891,898,5,5
848,857,5,5
891,898,5,5
814,895,5,5
848,857,5,5
810,843,5,5
814,895,5,5
806,887,5,5
848,857,5,5
810,843,5,5
814,895,5,5
809,812,5,5
848,857,5,5
814,895,5,5
810,843,5,5
819,880,5,5
848,857,5,5
814,895,5,5
812,887,5,5
848,857,5,5
819,880,5,5
814,895,5,5
814,895,5,5
819,880,5,5
848,857,5,5
812,887,5,5
891,898,5,5
814,895,5,5
819,880,5,5
848,857,5,5
669,677,5,5
814,895,5,5
819,880,5,5
848,857,5,5
891,898,5,5
809,812,5,5
814,895,5,5
812,819,5,5
809,880,5,5
848,857,5,5
809,819,5,5
809,812,5,5
848,857,5,5
809,819,5,5
810,843,5,5
809,812,5,5
814,895,5,5
822,880,5,5
848,857,5,5
809,812,5,5
848,857,5,5
810,843,5,5
814,895,5,5
848,857,5,5
809,819,5,5
814,895,5,5
848,857,6,6
891,898,6,6
814,895,6,6
809,812,6,6
848,857,6,6
810,843,6,6
814,895,6,6
809,812,6,6
810,843,6,6
848,857,6,6
814,895,6,6
809,812,6,6
810,843,6,6
806,887,6,6
848,857,6,6
814,895,6,6
891,898,6,6
809,819,6,6
809,812,6,6
810,843,6,6
880,887,6,6
806,887,6,6
848,857,6,6
814,895,6,6
891,898,6,6
809,812,6,6
810,843,6,6
809,880,6,6
806,887,6,6
668,1658,6,6
848,857,6,6
814,895,6,6
891,898,6,6
669,1658,6,6
809,812,6,6
814,895,6,6
806,887,6,6
812,880,6,6
848,857,6,6
668,1658,6,6
669,1658,6,6
810,843,6,6
891,894,6,6
668,1658,6,6
848,857,6,6
814,895,6,6
809,812,6,6
894,898,6,6
848,857,6,6
668,1658,6,6
809,812,6,6
814,895,6,6
887,895,6,6
668,1658,6,6
848,857,6,6
810,843,6,6
809,812,6,6
810,843,6,6
887,895,6,6
880,887,6,6
819,887,6,6
848,857,6,6
814,895,6,6
848,857,6,6
668,1658,6,6
887,895,6,6
810,843,6,6
887,895,6,6
668,1658,6,6
848,857,6,6
814,895,6,6
814,887,6,6
814,895,6,6
669,677,6,6
806,822,6,6
848,857,6,6
810,843,6,6
814,887,6,6
668,1658,6,6
810,843,6,6
668,1658,6,6
848,857,6,6
814,895,6,6
891,898,6,6
669,677,6,6
848,857,6,6
810,843,6,6
814,895,6,6
669,677,6,6
668,1658,6,6
848,857,6,6
668,1658,6,6
814,895,6,6
812,880,6,6
814,895,6,6
891,894,6,6
668,1658,6,6
848,857,6,6
810,843,6,6
891,898,6,6
848,857,6,6
810,843,6,6
814,895,6,6
880,887,6,6
810,843,6,6
668,669,6,6
814,895,6,6
848,857,6,6
822,887,6,6
848,857,6,6
810,843,6,6
814,895,6,6
668,1658,6,6
810,843,6,6
848,857,6,6
668,1658,6,6
669,677,6,6
810,843,6,6
814,895,6,6
880,887,6,6
848,857,6,6
668,1658,6,6
814,887,6,6
810,843,6,6
819,822,6,6
848,857,6,6
814,887,6,6
810,843,6,6
880,887,6,6
848,857,6,6
668,1658,6,6
814,887,6,6
669,677,6,6
810,843,6,6
668,669,6,6
880,887,6,6
819,822,6,6
848,857,6,6
668,1658,6,6
669,1658,6,6
814,895,6,6
880,887,6,6
819,822,6,6
848,857,6,6
810,843,6,6
814,887,6,6
810,843,6,6
814,887,6,6
822,880,6,6
819,822,6,6
848,857,6,6
814,895,6,6
669,1658,6,6
810,843,6,6
880,895,6,6
822,880,6,6
880,887,6,6
891,894,6,6
812,880,6,6
848,857,6,6
826,827,6,6
809,812,6,6
810,843,6,6
880,887,6,6
848,857,6,6
668,1658,6,6
848,857,6,6
810,843,6,6
880,887,6,6
814,895,6,6
880,887,6,6
848,857,6,6
810,843,6,6
806,819,6,6
814,895,6,6
634,866,6,6
810,843,6,6
848,857,6,6
810,843,6,6
814,888,6,6
809,880,6,6
848,857,6,6
814,895,6,6
888,895,6,6
814,895,6,6
848,857,6,6
810,843,6,6
888,895,6,6
848,857,6,6
810,843,6,6
810,843,6,6
880,887,6,6
819,822,6,6
848,857,6,6
826,827,6,6
848,857,6,6
810,843,6,6
880,887,6,6
813,854,6,6
854,866,6,6
814,895,6,6
880,887,6,6
848,857,6,6
810,843,6,6
867,868,6,6
848,857,6,6
814,895,6,6
810,843,6,6
848,857,6,6
814,895,6,6
810,843,6,6
620,622,6,6
848,857,6,6
814,895,6,6
810,843,6,6
810,843,6,6
822,880,6,6
634,866,6,6
848,857,6,6
813,873,6,6
812,822,6,6
848,857,6,6
813,873,6,6
810,843,6,6
848,857,6,6
819,895,6,6
810,843,6,6
848,857,6,6
814,895,6,6
810,843,6,6
819,895,6,6
813,854,6,6
813,841,6,6
810,843,6,6
822,880,6,6
848,857,6,6
848,857,6,6
810,843,6,6
814,895,6,6
848,857,6,6
810,843,6,6
814,895,6,6
812,822,6,6
668,669,6,6
814,895,6,6
810,843,6,6
848,857,6,6
848,857,6,6
810,843,6,6
814,895,6,6
668,669,6,6
848,857,6,6
810,843,6,6
812,822,6,6
822,880,6,6
848,857,6,6
812,887,6,6
810,843,6,6
848,857,6,6
810,843,6,6
848,857,6,6
668,669,6,6
806,809,6,6
810,843,6,6
848,857,6,6
810,843,6,6
669,1658,6,6
848,857,6,6
819,887,6,6
810,843,6,6
848,857,6,6
668,1658,6,6
810,843,6,6
814,895,6,6
848,857,6,6
810,843,6,6
848,857,6,6
806,887,6,6
810,843,6,6
848,857,6,6
669,841,6,6
669,1658,6,6
668,841,6,6
848,857,6,6
668,669,6,6
669,841,6,6
668,841,6,6
810,843,6,6
848,857,6,6
669,841,6,6
809,822,6,6
806,887,6,6
848,857,6,6
669,841,6,6
809,822,6,6
806,887,6,6
806,809,6,6
814,895,6,6
669,841,6,6
848,857,6,6
669,1658,6,6
841,1658,6,6
810,843,6,6
669,841,6,6
848,857,6,6
669,1658,6,6
848,857,6,6
669,841,6,6
810,843,6,6
838,852,6,6
848,857,6,6
826,827,6,6
810,843,6,6
838,852,6,6
669,841,6,6
669,841,6,6
814,895,6,6
809,880,6,6
810,843,6,6
814,887,6,6
669,841,6,6
812,880,6,6
810,843,6,6
814,887,6,6
814,895,6,6
822,888,6,6
669,841,6,6
810,843,6,6
814,887,6,6
810,843,6,6
669,841,6,6
880,887,6,6
814,887,6,6
813,853,6,6
822,888,6,6
669,841,6,6
813,853,6,6
880,888,6,6
641,857,6,6
814,895,6,6
668,669,6,6
669,841,6,6
668,841,6,6
813,838,6,6
668,669,6,6
668,841,6,6
641,871,6,6
669,841,6,6
813,854,6,6
669,841,6,6
852,855,6,6
668,669,6,6
669,841,6,6
668,669,6,6
669,841,6,6
814,895,6,6
853,854,6,6
669,841,6,6
669,841,6,6
810,813,6,6
855,873,6,6
669,841,6,6
809,812,6,6
669,841,6,6
891,894,6,6
814,819,6,6
669,841,6,6
855,873,6,6
814,819,6,6
669,841,6,6
814,895,6,6
809,812,6,6
855,873,6,6
669,841,6,6
809,819,6,6
810,873,6,6
669,841,6,6
669,841,6,6
669,841,6,6
809,819,6,6
669,841,6,6
669,841,6,6
668,669,6,6
669,841,6,6
841,1658,6,6
669,841,6,6
668,669,6,6
668,669,6,6
841,1658,6,6
668,841,6,6
610,698,6,6
841,849,6,6
892,893,6,6
841,849,6,6
892,896,6,6
807,893,6,6
841,849,6,6
803,841,6,6
887,894,6,6
641,887,6,6
807,893,6,6
1170,1181,14,7
1170,1181,14,7
1170,1181,14,7
1170,1181,14,7
1170,1181,14,7
1170,1181,14,7
1170,1181,14,7
620,669,14,7
1170,1181,14,7
1170,1181,14,7
620,669,14,7
620,669,14,7
1170,1181,14,7
620,669,14,7
620,669,14,7
620,669,14,7
1170,1181,14,7
620,1148,14,7
620,669,14,7
1170,1181,14,7
620,669,14,7
1170,1181,14,7
620,669,14,7
620,669,14,7
620,669,14,7
613,644,14,7
669,1148,14,7
613,696,14,7
620,669,14,7
613,644,14,7
669,1148,14,7
613,696,14,7
620,669,14,7
613,696,14,7
620,669,14,7
613,696,14,7
669,1148,14,7
669,1644,14,7
613,620,14,7
613,696,14,7
620,696,14,7
613,620,14,7
613,696,14,7
852,1651,14,7
620,696,14,7
669,1148,14,7
830,834,14,7
613,620,14,7
613,696,14,7
620,696,14,7
613,644,14,7
613,620,14,7
620,696,14,7
620,644,14,7
827,834,14,7
613,644,14,7
827,834,14,7
620,696,14,7
620,696,14,7
613,644,14,7
669,1148,14,7
620,696,14,7
669,1148,14,7
620,696,14,7
613,644,14,7
620,696,14,7
613,644,14,7
669,1148,14,7
620,696,14,7
641,1651,14,7
620,696,14,7
641,669,14,7
641,1651,14,7
620,696,14,7
641,669,14,7
1181,1644,14,7
620,696,14,7
613,644,14,7
641,1651,14,7
699,1492,14,7
620,696,14,7
1108,1856,14,7
699,1492,14,7
620,686,14,7
1164,1613,14,7
686,696,14,7
620,696,14,7
813,841,14,7
699,1613,14,7
613,644,14,7
641,1686,14,7
620,686,14,7
1613,1678,14,7
620,696,14,7
641,1651,14,7
860,864,14,7
1644,1651,14,7
620,696,14,7
641,1651,14,7
819,822,14,7
860,864,14,7
813,841,14,7
641,699,14,7
620,696,14,7
819,822,14,7
860,864,14,7
813,841,14,7
621,1492,14,7
613,644,14,7
658,696,14,7
852,1170,14,7
813,841,14,7
658,696,14,7
609,696,14,7
644,654,14,7
819,822,14,7
810,864,14,7
686,696,14,7
860,864,14,7
686,696,14,7
611,699,14,7
609,690,14,7
860,864,14,7
620,669,14,7
826,1164,14,7
609,690,14,7
620,669,14,7
600,613,14,7
686,696,14,7
813,822,14,7
699,1164,14,7
686,696,14,7
620,669,14,7
699,1678,14,7
699,1164,14,7
686,696,14,7
609,690,14,7
822,841,14,7
819,822,14,7
620,669,14,7
813,841,14,7
1108,1667,14,7
658,696,14,7
860,864,14,7
686,696,14,7
619,699,14,7
641,614,14,7
620,669,14,7
619,1164,14,7
1108,1644,14,7
658,696,14,7
1164,1645,14,7
826,832,14,7
1148,1632,14,7
813,826,14,7
686,696,14,7
699,1645,14,7
609,658,14,7
1190,1613,14,7
860,864,14,7
1613,1632,14,7
1170,1613,14,7
1108,1667,14,7
635,661,14,7
1164,1645,14,7
641,695,14,7
686,696,14,7
619,699,14,7
651,696,14,7
1170,1613,14,7
635,661,14,7
686,696,14,7
1645,1671,14,7
651,696,14,7
1601,1667,14,7
1660,1662,14,7
686,696,14,7
609,658,14,7
651,696,14,7
1181,1645,14,7
860,864,14,7
620,669,14,7
1170,1672,14,7
635,661,14,7
1181,1662,14,7
661,690,14,7
860,864,14,7
860,864,14,7
1108,1601,14,7
628,667,14,7
1164,1622,14,7
1170,1601,14,7
635,661,14,7
600,613,14,7
644,654,14,7
600,654,14,7
1170,1672,14,7
827,834,14,7
864,865,14,7
1170,1613,14,7
1644,1667,14,7
860,864,14,7
832,834,14,7
628,667,14,7
603,684,14,7
1170,1613,14,7
860,864,14,7
1492,1613,14,7
810,813,14,7
860,864,14,7
603,684,14,7
1170,1613,14,7
860,865,14,7
603,684,14,7
827,834,14,7
628,667,14,7
603,684,14,7
827,834,14,7
628,667,14,7
603,684,14,7
838,841,14,7
819,822,14,7
628,667,14,7
810,813,14,7
860,864,14,7
603,684,14,7
606,638,14,7
628,667,14,7
1190,1686,14,7
603,684,14,7
810,813,14,7
860,864,14,7
603,684,14,7
1190,1660,14,7
1190,1686,14,7
603,684,14,7
807,889,14,7
628,667,14,7
810,860,14,7
628,667,14,7
810,860,14,7
603,684,14,7
810,860,14,7
603,684,14,7
810,860,14,7
628,667,14,7
616,681,14,7
1148,1644,14,7
603,684,14,7
810,860,14,7
1148,1644,14,7
603,684,14,7
810,860,14,7
603,684,14,7
810,864,14,7
1148,1644,14,7
810,860,14,7
616,681,14,7
628,681,14,7
603,684,14,7
603,684,14,7
600,613,14,7
616,681,14,7
810,860,14,7
628,667,14,7
603,684,14,7
616,681,14,7
1170,1672,14,7
1148,1644,14,7
810,860,14,7
603,684,14,7
603,684,14,7
616,681,14,7
1148,1644,14,7
810,860,14,7
1148,1644,14,7
603,684,14,7
1170,1672,14,7
1170,1672,14,7
603,684,14,7
1148,1644,14,7
1148,1644,14,7
603,684,14,7
810,864,14,7
616,681,14,7
603,684,14,7
1144,1644,14,7
1492,1613,14,7
807,889,14,7
616,681,14,7
1148,1644,14,7
810,860,14,7
616,681,14,7
1144,1644,14,7
603,684,14,7
616,681,14,7
1144,1644,14,7
810,860,14,7
807,889,14,7
616,681,14,7
1144,1644,14,7
810,860,14,7
807,889,14,7
810,860,14,7
1144,1644,14,7
603,684,14,7
810,860,14,7
1144,1644,14,7
1492,1613,14,7
810,860,14,7
628,667,14,7
603,684,14,7
600,613,14,7
616,681,14,7
810,860,14,7
628,667,14,7
616,681,14,7
603,684,14,7
810,860,14,7
860,864,14,7
1492,1613,14,7
603,684,14,7
1144,1644,14,7
1170,1672,14,7
810,860,14,7
628,667,14,7
1492,1613,14,7
603,684,14,7
616,681,14,7
1144,1644,14,7
810,860,14,7
616,681,14,7
810,860,14,7
616,681,14,7
1170,1672,14,7
810,860,14,7
616,681,14,7
603,684,14,7
810,860,14,7
860,864,14,7
616,681,14,7
603,684,14,7
810,860,14,7
1144,1644,14,7
616,681,14,7
1148,1644,14,7
810,860,14,7
616,681,14,7
1170,1672,14,7
603,684,14,7
810,860,14,7
616,681,14,7
603,684,14,7
810,860,14,7
628,667,14,7
1492,1613,14,7
603,684,14,7
616,681,14,7
1144,1644,14,7
810,860,14,7
628,667,14,7
603,684,14,7
810,860,14,7
628,667,14,7
1144,1644,14,7
616,681,14,7
603,684,14,7
810,860,14,7
628,667,14,7
1144,1644,14,7
616,681,14,7
603,684,14,7
810,860,14,7
1144,1644,14,7
603,684,14,7
600,613,14,7
616,681,14,7
1144,1644,14,7
1148,1644,14,7
628,667,14,7
616,681,14,7
600,613,14,7
1148,1644,14,7
603,684,14,7
616,681,14,7
603,684,14,7
810,860,14,7
810,860,14,7
1144,1644,14,7
1492,1613,14,7
603,684,14,7
600,613,14,7
616,681,14,7
1148,1644,14,7
810,860,14,7
1492,1613,14,7
616,681,14,7
1148,1644,14,7
1492,1613,14,7
1148,1644,14,7
1144,1644,14,7
1492,1613,14,7
810,864,14,7
628,667,14,7
1492,1613,14,7
600,613,14,7
616,681,14,7
1144,1644,14,7
827,834,14,7
810,860,14,7
628,667,14,7
1492,1613,14,7
600,613,14,7
807,889,14,7
616,681,14,7
1144,1644,14,7
628,667,14,7
1492,1613,14,7
603,684,14,7
807,889,14,7
616,681,14,7
810,860,14,7
628,667,14,7
1492,1613,14,7
616,681,14,7
603,684,14,7
807,889,14,7
613,654,14,7
628,681,14,7
810,860,14,7
1492,1613,14,7
810,860,14,7
1492,1613,14,7
810,860,14,7
1492,1613,14,7
616,681,14,7
603,684,14,7
810,860,14,7
1492,1613,14,7
810,860,14,7
616,681,14,7
603,684,14,7
616,681,14,7
1492,1613,14,7
603,684,14,7
1492,1613,14,7
603,684,14,7
1148,1644,14,7
603,684,14,7
807,889,14,7
603,684,14,7
603,684,14,7
616,681,14,7
603,684,14,7
1492,1613,14,7
603,684,14,7
603,684,14,7
1492,1613,14,7
603,684,14,7
603,684,14,7
616,681,14,7
1170,1672,14,7
603,684,14,7
860,864,14,7
616,681,14,7
1170,1672,14,7
1148,1644,14,7
603,684,14,7
1492,1613,14,7
1148,1644,14,7
603,684,14,7
1492,1613,14,7
1148,1644,14,7
603,684,14,7
1492,1613,14,7
1148,1644,14,7
603,684,14,7
603,684,14,7
616,681,14,7
1170,1672,14,7
1148,1644,14,7
628,667,14,7
810,860,14,7
603,684,14,7
810,860,14,7
1148,1644,14,7
603,684,14,7
1144,1644,14,7
1148,1644,14,7
603,684,14,7
810,860,14,7
628,667,14,7
1144,1644,14,7
603,684,14,7
616,681,14,7
1144,1644,14,7
827,834,14,7
1148,1644,14,7
628,667,14,7
1148,1644,14,7
810,860,14,7
628,667,14,7
603,684,14,7
810,860,14,7
603,684,14,7
616,681,14,7
810,860,14,7
628,667,14,7
603,684,14,7
600,613,14,7
810,860,14,7
1170,1672,14,7
603,684,14,7
603,684,14,7
603,684,14,7
807,889,14,7
603,684,14,7
616,681,14,7
600,613,14,7
603,684,14,7
603,684,14,7
603,684,14,7
810,860,14,7
1148,1644,14,7
603,684,14,7
628,667,14,7
616,681,14,7
603,684,14,7
810,860,14,7
616,681,14,7
603,684,14,7
810,860,14,7
860,864,14,7
603,684,14,7
810,860,14,7
616,681,14,7
1601,1667,14,7
603,684,14,7
810,860,14,7
1601,1667,14,7
603,684,14,7
810,860,14,7
628,667,14,7
616,681,14,7
603,684,14,7
810,860,14,7
628,667,14,7
616,681,14,7
1601,1667,14,7
603,684,14,7
616,681,14,7
1170,1672,14,7
603,684,14,7
603,684,14,7
810,860,14,7
603,684,14,7
810,860,14,7
1144,1644,14,7
603,684,14,7
810,860,14,7
1144,1644,14,7
827,834,14,7
603,684,14,7
810,860,14,7
1144,1644,14,7
616,681,14,7
603,684,14,7
810,860,14,7
1144,1644,14,7
616,681,14,7
827,834,14,7
603,684,14,7
810,860,14,7
616,681,14,7
827,834,14,7
603,684,14,7
810,860,14,7
616,681,14,7
1170,1672,14,7
603,684,14,7
810,860,14,7
616,681,14,7
1170,1672,14,7
603,684,14,7
810,860,14,7
616,681,14,7
603,684,14,7
810,860,14,7
616,681,14,7
603,684,14,7
810,860,14,7
616,681,14,7
827,834,14,7
603,684,14,7
810,860,14,7
827,834,14,7
603,684,14,7
810,860,14,7
616,681,14,7
1148,1644,14,7
603,684,14,7
810,860,14,7
1148,1644,14,7
603,684,14,7
810,860,14,7
1492,1613,14,7
1601,1667,14,7
603,684,14,7
616,681,14,7
827,834,14,7
810,860,14,7
616,681,14,7
827,834,14,7
603,684,14,7
810,860,14,7
1170,1613,14,7
1601,1667,14,7
603,684,14,7
616,681,14,7
827,834,14,7
810,860,14,7
616,681,14,7
603,684,14,7
810,860,14,7
1601,1613,14,7
1601,1613,14,7
603,684,14,7
616,681,14,7
827,834,14,7
810,860,14,7
603,684,14,7
810,860,14,7
1601,1613,14,7
827,834,14,7
603,684,14,7
603,684,14,7
628,644,14,7
810,860,14,7
616,681,14,7
603,684,14,7
810,860,14,7
1492,1613,14,7
616,683,14,7
603,684,14,7
613,654,14,7
683,692,14,7
1144,1644,14,7
1148,1644,14,7
628,667,14,7
1492,1613,14,7
600,613,14,7
1148,1644,14,7
603,684,14,7
628,667,14,7
1492,1613,14,7
1170,1613,14,7
1601,1667,14,7
603,684,14,7
600,613,14,7
628,667,14,7
1492,1613,14,7
1170,1613,14,7
603,684,14,7
807,889,14,7
616,681,14,7
1144,1644,14,7
810,860,14,7
628,667,14,7
616,681,14,7
603,684,14,7
1601,1667,14,7
810,860,14,7
1601,1667,14,7
603,684,14,7
600,613,14,7
616,681,14,7
810,860,14,7
628,667,14,7
1492,1613,14,7
616,683,14,7
860,864,14,7
603,684,14,7
616,681,14,7
1144,1644,14,7
810,860,14,7
1492,1613,14,7
616,683,14,7
603,684,14,7
807,889,14,7
616,681,14,7
1144,1644,14,7
827,834,14,7
628,667,14,7
616,681,14,7
1492,1613,14,7
827,834,14,7
603,684,14,7
1492,1613,14,7
1632,1856,14,7
807,889,14,7
616,681,14,7
841,868,14,7
810,860,14,7
603,684,14,7
683,692,14,7
860,864,14,7
827,834,14,7
810,860,14,7
1632,1856,14,7
860,864,14,7
603,684,14,7
1144,1644,14,7
827,834,14,7
810,860,14,7
1170,1613,14,7
603,684,14,7
616,681,14,7
860,864,14,7
827,834,14,7
810,860,14,7
1170,1613,14,7
603,684,14,7
616,681,14,7
683,692,14,7
827,834,14,7
603,684,15,8
600,613,15,8
1170,1613,15,8
616,628,15,8
683,692,15,8
810,860,15,8
603,684,15,8
827,834,15,8
1144,1644,15,8
603,684,15,8
1492,1613,15,8
1170,1613,15,8
603,684,15,8
1492,1613,15,8
603,684,15,8
1170,1613,15,8
644,648,15,8
1492,1613,15,8
1632,1671,15,8
1170,1613,15,8
603,684,15,8
603,684,15,8
1170,1613,15,8
603,684,15,8
644,648,15,8
1492,1613,15,8
603,684,15,8
860,864,15,8
1170,1613,15,8
1632,1856,15,8
603,684,15,8
1170,1613,15,8
1632,1856,15,8
603,684,15,8
1170,1613,15,8
603,684,15,8
1170,1613,15,8
616,692,15,8
616,681,15,8
616,648,15,8
1144,1644,15,8
860,864,15,8
603,684,15,8
1144,1644,15,8
841,848,15,8
1144,1644,15,8
603,684,15,8
616,692,15,8
616,681,15,8
807,889,15,8
683,692,15,8
841,848,15,8
807,889,15,8
603,684,15,8
841,848,15,8
603,684,15,8
827,834,15,8
603,684,15,8
841,848,15,8
827,834,15,8
603,684,15,8
807,889,15,8
683,692,15,8
841,848,15,8
603,684,15,8
841,848,15,8
600,613,15,8
600,613,15,8
603,684,15,8
841,848,15,8
603,684,15,8
1492,1613,15,8
1601,1667,15,8
603,684,15,8
616,681,15,8
841,848,15,8
1601,1667,15,8
1492,1613,15,8
603,684,15,8
1170,1613,15,8
841,848,15,8
1492,1613,15,8
603,684,15,8
1170,1613,15,8
841,848,15,8
860,864,15,8
1492,1613,15,8
1601,1667,15,8
603,684,15,8
1170,1613,15,8
841,848,15,8
1492,1613,15,8
1170,1613,15,8
603,684,15,8
841,848,15,8
827,834,15,8
1492,1613,15,8
1170,1613,15,8
841,848,15,8
827,834,15,8
603,684,15,8
841,848,15,8
827,834,15,8
603,684,15,8
841,848,15,8
827,834,15,8
810,860,15,8
1492,1613,15,8
827,834,15,8
603,684,15,8
810,860,15,8
1492,1613,15,8
841,848,15,8
810,860,15,8
1492,1613,15,8
1170,1672,15,8
841,848,15,8
1170,1613,15,8
1492,1613,15,8
1170,1613,15,8
603,684,15,8
827,834,15,8
1492,1613,15,8
616,681,15,8
810,860,15,8
1170,1613,15,8
1492,1613,15,8
603,684,15,8
1492,1613,15,8
810,860,15,8
1492,1613,15,8
827,834,15,8
1492,1613,15,8
1170,1613,15,8
1492,1613,15,8
1170,1613,15,8
810,860,15,8
628,667,15,8
1492,1613,15,8
1170,1613,15,8
1190,1686,15,8
860,864,15,8
1492,1613,15,8
1170,1667,15,8
1170,1613,15,8
616,681,15,8
860,864,15,8
827,834,15,8
1492,1613,15,8
827,834,15,8
1170,1613,15,8
1492,1613,15,8
1170,1613,15,8
860,864,15,8
827,834,15,8
1170,1613,15,8
603,684,15,8
827,834,15,8
628,667,15,8
1170,1613,15,8
860,864,15,8
1170,1613,15,8
860,864,15,8
1170,1672,15,8
827,834,15,8
628,667,15,8
1170,1613,15,8
603,684,15,8
628,667,15,8
1170,1613,15,8
827,834,15,8
628,667,15,8
1190,1686,15,8
1170,1613,15,8
1190,1686,15,8
1492,1613,15,8
1170,1613,15,8
628,667,15,8
1492,1613,15,8
827,834,15,8
1170,1613,15,8
628,667,15,8
1492,1613,15,8
827,834,15,8
1170,1613,15,8
1492,1613,15,8
603,684,15,8
600,613,15,8
1170,1613,15,8
827,834,15,8
1492,1613,15,8
603,684,15,8
1170,1613,15,8
827,834,15,8
1170,1613,15,8
1632,1856,15,8
1170,1613,15,8
603,684,15,8
603,684,15,8
1170,1613,15,8
1170,1613,15,8
1170,1613,15,8
1492,1613,15,8
1144,1148,15,8
603,684,15,8
1170,1613,15,8
1144,1662,15,8
1170,1613,15,8
600,613,15,8
683,692,15,8
1170,1613,15,8
600,613,15,8
1492,1613,15,8
1170,1613,15,8
1492,1613,15,8
603,684,15,8
1170,1613,15,8
1170,1672,15,8
810,860,15,8
1492,1613,15,8
1170,1613,15,8
1492,1613,15,8
1170,1613,15,8
603,684,15,8
1170,1672,15,8
1492,1613,15,8
603,684,15,8
860,864,15,8
810,860,15,8
1170,1613,15,8
603,684,15,8
1170,1672,15,8
810,860,15,8
603,684,15,8
1170,1613,15,8
860,864,15,8
1170,1613,15,8
860,864,15,8
1492,1613,15,8
1170,1613,15,8
1492,1613,15,8
1170,1613,15,8
827,834,15,8
826,855,15,8
1170,1613,15,8
683,692,15,8
827,834,15,8
1492,1613,15,8
1170,1613,15,8
838,841,15,8
616,681,15,8
628,667,15,8
1492,1613,15,8
603,684,15,8
1170,1613,15,8
860,864,15,8
827,834,15,8
603,684,15,8
1170,1613,15,8
1660,1679,15,8
860,864,15,8
827,834,15,8
603,684,15,8
1170,1613,15,8
860,864,15,8
827,834,15,8
600,613,15,8
603,684,15,8
1170,1613,15,8
616,681,15,8
1660,1679,15,8
827,834,15,8
603,684,15,8
1170,1613,15,8
1492,1613,15,8
616,681,15,8
603,684,15,8
1492,1613,15,8
1170,1613,15,8
1170,1613,15,8
603,684,15,8
1492,1613,15,8
603,684,15,8
616,681,15,8
683,692,15,8
1170,1672,15,8
1492,1613,15,8
1170,1613,15,8
683,692,15,8
1170,1613,15,8
860,864,15,8
1144,1662,15,8
1170,1613,15,8
603,684,15,8
860,864,15,8
628,667,15,8
1170,1613,15,8
860,864,15,8
1144,1662,15,8
603,684,15,8
616,681,15,8
860,864,15,8
1170,1672,15,8
827,834,15,8
628,667,15,8
628,667,15,8
860,864,15,8
628,667,15,8
860,864,15,8
1170,1613,15,8
603,684,15,8
860,864,15,8
810,860,15,8
600,613,15,8
860,864,15,8
628,667,15,8
603,684,15,8
860,864,15,8
807,889,15,8
600,613,15,8
628,667,15,8
1492,1613,15,8
860,864,15,8
1492,1613,15,8
807,889,15,8
860,864,15,8
810,860,15,8
1492,1613,15,8
860,864,15,8
807,889,15,8
1492,1613,15,8
600,613,15,8
807,889,15,8
1492,1613,15,8
860,864,15,8
1190,1686,15,8
1492,1613,15,8
600,613,15,8
683,692,15,8
860,864,15,8
810,860,15,8
628,667,15,8
1492,1613,15,8
600,613,15,8
683,692,15,8
827,834,15,8
807,889,15,8
1492,1613,15,8
843,860,15,8
807,889,15,8
860,864,15,8
827,834,15,8
600,613,15,8
1170,1613,15,8
860,864,15,8
827,834,15,8
600,613,15,8
1170,1613,15,8
807,889,15,8
616,681,15,8
860,864,15,8
827,834,15,8
600,613,15,8
1170,1613,15,8
807,889,15,8
860,864,15,8
827,834,15,8
807,889,15,8
860,864,15,8
1492,1613,15,8
807,889,15,8
860,864,15,8
1492,1613,15,8
1170,1613,15,8
683,692,15,8
860,864,15,8
603,684,15,8
600,613,15,8
1170,1613,15,8
860,864,15,8
1170,1613,15,8
860,864,15,8
1632,1856,15,8
628,667,15,8
616,681,15,8
1632,1856,15,8
600,613,15,8
616,681,15,8
600,613,15,8
603,684,15,8
860,864,15,8
1601,1667,15,8
600,613,15,8
1170,1613,15,8
1601,1667,15,8
603,684,15,8
613,644,15,8
616,681,15,8
683,692,15,8
810,860,15,8
628,667,15,8
1492,1613,15,8
603,684,15,8
616,681,15,8
603,684,15,8
600,613,15,8
1601,1667,15,8
616,681,15,8
628,667,15,8
616,681,15,8
603,684,15,8
1601,1667,15,8
683,692,15,8
1144,1662,15,8
1601,1667,15,8
600,613,15,8
616,681,15,8
683,692,15,8
628,667,15,8
616,681,15,8
603,684,15,8
1170,1613,15,8
603,684,15,8
600,613,15,8
616,681,15,8
616,681,15,8
600,613,15,8
683,692,15,8
603,684,15,8
603,684,15,8
683,692,15,8
603,684,15,8
810,860,15,8
1170,1613,15,8
1170,1672,15,8
603,684,15,8
628,667,15,8
603,684,15,8
683,692,15,8
860,864,15,8
644,692,15,8
603,684,15,8
683,692,15,8
603,684,15,8
810,860,15,8
683,692,15,8
603,684,15,8
1632,1856,15,8
603,684,15,8
600,613,15,8
838,852,15,8
827,834,15,8
683,692,15,8
1632,1856,15,8
603,684,15,8
807,889,15,8
603,684,15,8
860,864,15,8
1632,1856,15,8
807,889,15,8
603,684,15,8
683,692,15,8
1170,1672,15,8
600,613,15,8
603,684,15,8
843,860,15,8
648,654,15,8
616,681,15,8
603,684,15,8
860,864,15,8
616,681,15,8
603,684,15,8
616,681,15,8
1170,1672,15,8
810,860,15,8
860,864,15,8
616,681,15,8
810,860,15,8
860,864,15,8
1492,1613,15,8
603,684,15,8
616,681,15,8
860,864,15,8
1170,1672,15,8
810,860,15,8
1492,1613,15,8
1170,1613,15,8
603,684,15,8
860,864,15,8
1170,1672,15,8
616,681,15,8
1170,1613,15,8
603,684,15,8
860,864,15,8
827,834,15,8
613,628,15,8
603,684,15,8
1170,1613,15,8
613,628,15,8
603,684,15,8
860,864,15,8
1492,1613,15,8
664,873,15,8
1170,1613,15,8
681,692,15,8
603,684,15,8
616,681,15,8
860,864,15,8
644,683,15,8
1492,1613,15,8
1170,1613,15,8
600,613,15,8
616,681,15,8
860,864,15,8
644,683,15,8
1492,1613,15,8
1170,1613,15,8
644,683,15,8
860,864,15,8
603,684,15,8
644,683,15,8
860,864,15,8
1492,1613,15,8
1601,1613,15,8
603,684,15,8
1170,1613,15,8
807,889,15,8
616,681,15,8
644,683,15,8
1492,1613,15,8
1601,1613,15,8
860,864,15,8
603,684,15,8
1170,1613,15,8
807,889,15,8
1170,1613,15,8
1601,1667,15,8
1601,1613,15,8
603,684,15,8
600,613,15,8
1492,1613,15,8
1601,1667,15,8
1601,1613,15,8
603,684,15,8
1170,1601,15,8
616,692,15,8
603,684,15,8
1170,1601,15,8
860,864,15,8
664,873,15,8
1601,1613,15,8
1170,1601,15,8
616,681,15,8
1601,1613,15,8
603,684,15,8
1170,1601,15,8
648,654,15,8
603,684,15,8
1170,1601,15,8
1601,1613,15,8
1601,1613,15,8
1170,1613,15,8
603,684,15,8
600,613,15,8
1601,1667,15,8
1601,1613,15,8
603,684,15,8
827,834,15,8
1170,1601,15,8
1170,1613,15,8
681,692,15,8
1601,1613,15,8
827,834,15,8
1170,1601,15,8
1601,1613,15,8
600,613,15,8
1170,1601,15,8
644,683,15,8
1601,1667,15,8
1601,1613,15,8
603,684,15,8
1170,1613,15,8
664,873,15,8
1601,1613,15,8
1170,1613,15,8
616,692,15,8
1660,1679,15,8
1170,1601,15,8
1492,1613,15,8
1601,1613,15,8
1170,1613,15,8
1492,1613,15,8
1170,1613,15,8
1601,1613,15,8
1170,1601,15,8
611,669,15,8
1492,1613,15,8
1601,1613,15,8
616,681,15,8
681,692,15,8
616,692,15,8
616,681,15,8
1492,1613,15,8
1170,1613,15,8
641,699,15,8
616,692,15,8
1492,1613,15,8
1170,1613,15,8
628,667,15,8
616,692,15,8
1492,1613,15,8
616,692,15,8
1492,1613,15,8
843,860,15,8
1492,1613,15,8
860,864,15,8
1492,1613,15,8
860,864,15,8
1492,1613,15,8
860,864,15,8
628,667,15,8
616,692,15,8
1492,1613,15,8
1170,1672,15,8
860,864,15,8
1492,1613,15,8
1170,1672,15,8
860,864,15,8
1492,1613,15,8
860,864,15,8
860,864,15,8
616,692,15,8
628,667,15,8
860,864,15,8
1170,1613,15,8
616,692,15,8
860,864,15,8
1170,1672,15,8
628,667,15,8
1190,1660,15,8
860,864,15,8
628,667,15,8
616,692,15,8
1632,1672,15,8
860,864,15,8
860,864,15,8
1492,1613,15,8
600,613,15,8
860,864,15,8
827,834,15,8
644,683,15,8
619,689,15,8
600,613,15,8
616,692,15,8
860,864,15,8
827,834,15,8
644,683,15,8
600,613,15,8
616,692,15,8
860,864,15,8
1170,1672,15,8
827,834,15,8
600,613,15,8
616,692,15,8
860,864,15,8
827,834,15,8
600,613,15,8
616,692,15,8
860,864,15,8
1170,1672,15,8
860,864,15,8
600,613,15,8
616,692,15,8
664,873,15,8
860,864,15,8
600,613,15,8
616,692,15,8
827,834,15,8
1170,1613,15,8
616,692,15,8
616,681,15,8
600,613,15,8
1170,1672,15,8
1170,1613,15,8
616,681,15,8
616,681,15,8
1170,1613,15,8
880,887,15,8
1170,1613,15,8
822,887,15,8
1651,1658,15,8
880,887,15,8
1170,1672,15,8
1628,1678,15,8
866,880,15,8
1170,1613,15,8
616,681,15,8
1613,1671,15,8
683,692,15,8
1190,1686,15,8
832,834,15,8
1170,1672,15,8
1658,1686,15,8
1190,1672,15,8
634,858,15,8
1644,1671,15,8
860,864,15,8
888,890,15,8
1108,1671,15,8
1170,1190,15,8
826,862,15,8
1190,1686,15,8
813,830,15,8
826,858,15,8
628,667,15,8
646,1678,15,8
1644,1856,15,8
1190,1686,15,8
1632,1644,15,8
628,667,15,8
831,865,15,8
826,858,15,8
646,1613,15,8
1148,1190,15,8
646,1170,15,8
1601,1644,15,8
1658,1686,15,8
888,890,15,8
616,681,15,8
1144,650,15,8
1601,1856,15,8
646,1672,15,8
1148,1686,15,8
1644,1651,15,8
683,692,15,8
641,685,15,8
641,699,15,8
646,1170,15,8
1601,1644,15,8
826,887,15,8
1658,1686,15,8
888,890,15,8
1632,1671,15,8
616,681,15,8
1601,1658,15,8
646,1613,15,8
1190,1686,15,8
1148,1613,15,8
600,613,15,8
888,890,15,8
1632,1671,15,8
616,681,15,8
674,1144,15,8
628,667,15,8
831,865,15,8
685,695,15,8
600,613,15,8
641,699,15,8
612,1649,15,8
616,681,15,8
803,827,15,8
616,681,15,8
612,678,15,8
858,871,15,8
615,826,15,8
615,684,15,8
684,826,15,8
621,826,15,8
858,871,15,8
628,667,15,8
827,832,15,8
619,689,15,8
831,873,15,8
621,826,15,8
641,699,15,8
600,613,15,8
819,824,15,8
684,826,15,8
806,887,15,8
858,871,15,8
668,826,15,8
606,615,15,8
832,834,15,8
864,865,15,8
699,887,15,8
619,862,15,8
641,887,15,8
621,826,15,8
641,699,15,8
684,826,15,8
858,871,15,8
827,834,15,8
832,834,15,8
628,667,15,8
831,865,15,8
699,887,15,8
621,684,15,8
817,841,15,8
619,862,15,8
641,887,15,8
621,826,15,8
641,699,15,8
891,813,15,8
612,678,15,8
813,817,15,8
683,692,15,8
830,853,15,8
684,826,15,8
827,834,15,8
832,834,15,8
831,865,15,8
699,887,15,8
621,684,15,8
830,832,15,8
641,887,15,8
600,613,15,8
819,849,15,8
829,853,15,8
858,866,15,8
684,826,15,8
813,841,15,8
813,853,15,8
621,826,15,8
831,865,15,8
699,887,15,8
621,684,15,8
804,841,15,8
641,887,15,8
600,613,15,8
641,699,15,8
829,830,15,8
684,826,15,8
858,871,15,8
621,826,15,8
831,865,15,8
649,826,15,8
619,689,15,8
641,887,15,8
621,826,15,8
684,826,15,8
819,849,15,8
600,613,15,8
858,866,15,8
616,681,15,8
629,855,15,8
831,865,15,8
866,871,15,8
813,898,15,8
684,826,15,8
641,699,15,8
621,826,15,8
880,887,15,8
858,866,15,8
683,692,15,8
829,832,15,8
831,865,15,8
832,834,15,8
817,847,15,8
684,826,15,8
641,699,15,8
621,826,15,8
880,887,15,8
807,889,15,8
817,847,15,8
827,832,15,8
866,871,15,8
621,684,15,8
804,841,15,8
684,826,15,8
641,699,15,8
621,826,15,8
866,884,15,8
880,887,15,8
858,866,15,8
858,871,15,8
669,826,15,8
827,832,15,8
831,860,15,8
619,689,15,8
858,884,15,8
619,862,15,8
621,826,15,8
641,699,15,8
858,866,15,8
860,865,15,8
858,871,15,8
831,865,15,8
831,860,15,8
621,684,15,8
621,826,15,8
684,826,15,8
641,699,15,8
888,890,15,8
804,827,15,8
827,832,15,8
600,613,15,8
827,841,15,8
831,865,15,8
804,832,15,8
831,860,15,8
621,684,15,8
620,826,15,8
858,884,15,8
621,826,15,8
684,826,15,8
641,699,15,8
600,613,15,8
858,866,15,8
858,871,15,8
827,841,15,8
831,865,15,8
628,654,15,8
804,832,15,8
831,860,15,8
827,832,15,8
880,887,15,8
858,884,15,8
621,826,15,8
684,826,15,8
641,699,15,8
621,684,15,8
620,691,15,8
858,866,15,8
866,884,15,8
600,613,15,8
827,841,15,8
804,832,15,8
831,860,15,8
832,853,15,8
858,884,15,8
634,858,15,8
684,826,15,8
641,699,15,8
600,613,15,8
880,887,15,8
807,889,15,8
843,865,15,8
858,871,15,8
858,866,15,8
621,826,15,8
648,821,15,8
817,847,15,8
827,832,15,8
621,684,15,8
827,841,15,8
804,841,15,8
858,884,15,8
827,853,15,8
841,853,15,8
641,699,15,8
621,826,15,8
880,887,15,8
855,873,15,8
843,865,15,8
819,853,15,8
684,826,15,8
858,871,15,8
858,866,15,8
804,827,15,8
648,821,15,8
831,865,15,8
831,860,15,8
866,871,15,8
619,689,15,8
804,841,15,8
858,884,15,8
684,826,15,8
641,699,15,8
804,827,15,8
858,866,15,8
858,871,15,8
832,841,15,8
832,853,15,8
804,832,15,8
827,841,15,8
832,834,15,8
831,865,15,8
831,860,15,8
619,689,15,8
858,884,15,8
669,691,15,8
684,826,15,8
634,858,15,8
866,884,15,8
620,691,15,8
858,866,15,8
858,871,15,8
832,834,15,8
648,821,15,8
628,656,15,8
831,860,15,8
621,684,15,8
830,832,15,8
830,834,15,8
810,851,15,8
866,884,15,8
620,691,15,8
813,838,15,8
858,866,15,8
858,871,15,8
827,841,15,8
832,834,15,8
648,821,15,8
858,884,15,8
831,860,15,8
621,684,15,8
858,884,15,8
830,834,15,8
866,884,15,8
858,866,15,8
813,838,15,8
648,821,15,8
858,871,15,8
810,864,15,8
827,841,15,8
832,834,15,8
830,832,15,8
858,884,15,8
684,826,15,8
832,834,15,8
830,834,15,8
621,826,15,8
866,884,15,8
620,691,15,8
855,873,15,8
858,871,15,8
843,865,15,8
660,681,15,8
880,887,15,8
858,866,15,8
860,865,15,8
827,841,15,8
831,865,15,8
1492,1678,15,8
830,832,15,8
831,860,15,8
817,847,15,8
830,832,15,8
634,858,15,8
684,826,15,8
830,834,15,8
621,826,15,8
880,887,15,8
858,866,15,8
858,884,15,8
620,691,15,8
858,871,15,8
827,841,15,8
1164,1622,15,8
648,821,15,8
832,834,15,8
619,689,15,8
830,834,15,8
621,826,15,8
880,887,15,8
620,1144,15,8
691,1144,15,8
1144,650,15,8
1164,1622,15,8
648,821,15,8
832,834,15,8
619,689,15,8
830,832,15,8
634,858,15,8
621,826,15,8
830,834,15,8
612,1649,15,8
866,884,15,8
880,887,15,8
858,866,15,8
843,865,15,8
620,691,15,8
858,871,15,8
827,841,15,8
648,821,15,8
858,884,15,8
830,832,15,8
612,1649,15,8
600,613,15,8
866,884,15,8
813,852,15,8
1164,1622,15,8
648,821,15,8
858,884,15,8
866,871,15,8
620,691,15,8
646,684,15,8
646,826,15,8
1601,1644,15,8
830,834,15,8
621,826,15,8
621,684,15,8
827,841,15,8
634,858,15,8
858,866,15,8
832,834,15,8
830,832,15,8
600,613,15,8
880,887,15,8
858,871,15,8
600,609,15,8
619,1651,15,8
648,821,15,8
858,884,15,8
619,689,15,8
620,691,15,8
819,853,15,8
827,841,15,8
629,1170,15,8
830,834,15,8
629,1672,15,8
634,858,15,8
684,826,15,8
858,866,15,8
838,852,15,8
689,1181,15,8
832,834,15,8
600,658,15,8
1181,1651,15,8
830,834,15,8
888,890,15,8
880,887,15,8
858,866,15,8
858,884,15,8
860,865,15,8
648,821,15,8
827,841,15,8
819,853,15,8
830,832,15,8
880,887,15,8
619,1651,15,8
648,821,15,8
858,884,15,8
1181,1651,15,8
689,1181,15,8
620,691,15,8
813,838,15,8
819,853,15,8
689,1651,15,8
830,834,15,8
619,1181,15,8
621,684,15,8
634,858,15,8
1170,1678,15,8
858,866,15,8
832,834,15,8
830,832,15,8
858,871,15,8
648,821,15,8
1181,1651,15,8
689,1181,15,8
620,691,15,8
827,841,15,8
689,1651,15,8
810,848,15,8
830,834,15,8
619,1181,15,8
619,862,15,8
858,866,15,8
609,690,15,8
832,834,15,8
830,832,15,8
686,696,15,8
691,1144,15,8
684,826,15,8
609,644,15,8
644,696,15,8
648,821,15,8
1601,1644,15,8
1181,1651,15,8
612,1649,15,8
620,691,15,8
620,1144,15,8
827,830,15,8
827,832,15,8
689,1651,15,8
1108,1667,15,8
830,834,15,8
621,826,15,8
888,890,15,8
619,862,15,8
644,690,15,8
858,866,15,8
609,690,15,8
689,1181,15,8
827,834,15,8
832,834,15,8
866,871,15,8
689,1181,15,8
689,1651,15,8
619,862,15,8
1601,1644,15,8
1181,1651,15,8
612,1649,15,8
686,696,15,8
620,691,15,8
813,827,15,8
691,1144,15,8
644,690,15,8
620,1144,15,8
858,866,15,8
648,821,15,8
832,834,15,8
689,1651,15,8
612,1649,15,8
1601,1644,15,8
1181,1651,15,8
689,1181,15,8
620,691,15,8
858,866,15,8
819,824,15,8
684,826,15,8
646,826,15,8
620,1144,15,8
1164,1622,15,8
648,821,15,8
648,663,15,8
880,887,15,8
691,1144,15,8
819,822,15,8
1164,1622,15,8
648,821,15,8
866,871,15,8
669,1148,15,8
1181,1651,15,8
689,1181,15,8
620,691,15,8
620,1144,15,8
827,830,15,8
827,832,15,8
689,1651,15,8
1601,1644,15,8
641,699,15,8
621,826,15,8
827,834,15,8
621,684,15,8
834,860,15,8
858,866,15,8
654,681,15,8
663,696,15,8
832,834,15,8
838,841,15,8
648,663,15,8
686,696,15,8
691,1144,15,8
1164,1622,15,8
669,1148,15,8
609,613,15,8
620,691,15,8
620,1144,15,8
813,838,15,8
646,826,15,8
648,696,15,8
1601,1644,15,8
641,699,15,8
644,654,15,8
1144,650,15,8
858,866,15,8
609,690,15,8
663,686,15,8
663,696,15,8
832,834,15,8
830,832,15,8
1164,1622,15,8
620,691,15,8
620,1144,15,8
669,1686,15,8
830,834,15,8
1658,1686,15,8
1601,1644,15,8
641,699,15,8
620,677,15,8
1144,650,15,8
621,684,15,8
858,866,15,8
609,690,15,8
827,843,15,8
663,696,15,8
832,834,15,8
827,832,15,8
813,838,15,8
838,841,15,8
620,650,15,8
830,832,15,8
684,826,15,8
641,699,15,8
613,690,15,8
621,684,15,8
620,691,15,8
620,1144,15,8
609,690,15,8
838,852,15,8
689,1651,15,8
827,830,15,8
1144,650,15,8
1164,1622,15,8
827,832,15,8
613,690,15,8
648,651,15,8
641,699,15,8
612,1649,15,8
620,691,15,8
620,1144,15,8
609,690,15,8
880,887,15,8
843,860,15,8
1164,1622,15,8
616,623,15,8
827,832,15,8
609,690,15,8
827,830,15,8
830,832,15,8
826,1144,15,8
620,826,15,8
641,699,15,8
612,1649,15,8
621,684,15,8
1144,650,15,8
626,698,15,8
613,654,15,8
684,826,15,8
663,696,15,8
621,826,15,8
1164,1622,15,8
635,660,15,8
830,832,15,8
626,698,15,8
858,871,15,8
853,871,15,8
1164,1622,15,8
612,1649,15,8
628,654,15,8
827,832,15,8
623,661,15,8
619,1622,15,8
613,654,15,8
621,684,15,8
871,821,15,8
600,654,15,8
683,692,15,8
663,696,15,8
832,834,15,8
613,648,15,8
613,654,15,8
1190,1645,15,8
1148,1170,15,8
663,696,15,8
641,699,15,8
612,1649,15,8
1148,1686,15,8
619,1622,15,8
1164,1190,15,8
663,686,15,8
686,696,15,8
819,822,15,8
626,698,15,8
834,836,15,8
830,832,15,8
1144,1662,15,8
1108,1644,15,8
830,834,15,8
686,696,15,8
651,663,15,8
663,686,15,8
652,656,15,8
683,692,15,8
1144,1644,15,8
858,871,15,8
830,836,15,8
663,696,15,8
834,836,15,8
600,613,15,8
663,696,15,8
612,1649,15,8
651,663,15,8
663,686,15,8
819,822,15,8
1144,1644,15,8
651,696,15,8
815,819,15,8
669,1658,15,8
600,613,15,8
649,1671,15,8
686,696,15,8
651,663,15,8
623,658,15,8
612,1649,15,8
827,836,15,8
826,862,15,8
827,830,15,8
832,836,15,8
651,696,15,8
649,1671,15,8
827,832,15,8
830,836,15,8
815,819,15,8
832,834,15,8
663,686,15,8
663,696,15,8
834,836,15,8
830,832,15,8
686,696,15,8
651,663,15,8
858,871,15,8
612,1649,15,8
1622,1651,15,8
832,836,15,8
651,696,15,8
609,658,15,8
609,661,15,8
1148,1686,15,8
609,690,15,8
663,686,15,8
830,836,15,8
663,696,15,8
834,836,15,8
831,860,15,8
830,834,15,8
641,685,15,8
832,836,15,8
686,696,15,8
832,834,15,8
651,663,15,8
622,641,15,8
663,696,15,8
651,696,15,8
613,628,15,8
834,836,15,8
600,613,15,8
1632,1856,15,8
826,858,15,8
880,894,15,8
838,841,15,8
813,838,15,8
651,663,15,8
663,686,15,8
826,862,15,8
838,852,15,8
651,696,15,8
815,819,15,8
663,696,15,8
826,830,15,8
817,847,15,8
1622,1651,15,8
838,841,15,8
838,852,15,8
641,685,15,8
888,890,15,8
813,838,15,8
651,663,15,8
663,686,15,8
826,830,15,8
815,819,15,8
651,696,15,8
830,836,15,8
663,696,15,8
832,834,15,8
600,613,15,8
826,836,15,8
609,690,15,8
1601,1667,15,8
838,852,15,8
663,696,15,8
641,699,15,8
838,841,15,8
609,658,15,8
651,663,15,8
651,696,15,8
813,841,15,8
600,613,15,8
813,838,15,8
813,838,15,8
838,852,15,8
600,613,15,8
1148,1686,15,8
888,890,15,8
1622,1651,15,8
651,663,15,8
836,855,15,8
1190,1686,15,8
830,836,15,8
827,832,15,8
819,821,15,8
660,661,15,8
888,890,15,8
813,838,15,8
651,663,15,8
1190,1686,15,8
830,836,15,8
827,834,15,8
838,841,15,8
827,832,15,8
1649,1651,15,8
651,663,15,8
888,890,15,8
1148,1686,15,8
813,838,15,8
838,852,15,8
813,838,15,8
1170,1613,15,8
651,663,15,8
600,613,15,8
613,654,15,8
838,852,15,8
836,855,15,8
819,821,15,8
1170,1672,15,8
830,836,15,8
827,834,15,8
832,834,15,8
838,841,15,8
836,860,15,8
1108,1667,15,8
600,613,15,8
888,890,15,8
686,696,15,8
651,663,15,8
827,834,15,8
810,860,15,8
832,834,15,8
826,855,15,8
600,613,15,8
836,843,15,8
1632,1671,15,8
836,860,15,8
656,681,15,8
651,663,15,8
683,692,15,8
1190,1686,15,8
1148,1644,15,8
810,860,15,8
836,843,15,8
836,860,15,8
656,681,15,8
600,613,15,8
888,890,15,8
644,667,15,8
832,834,15,8
810,860,15,8
651,663,15,8
836,860,15,8
888,890,15,8
810,865,15,8
810,860,15,8
651,663,15,8
836,860,15,8
603,684,15,8
832,834,15,8
1632,1671,15,8
651,663,15,8
836,860,15,8
832,834,15,8
651,663,15,8
836,860,15,8
832,834,15,8
651,663,15,8
836,860,15,8
810,860,15,8
836,843,15,8
832,834,15,8
651,663,15,8
836,860,15,8
832,834,15,8
651,663,15,8
836,860,15,8
832,834,15,8
651,663,15,8
836,860,15,8
651,663,15,8
836,860,15,8
831,865,15,8
686,696,15,8
860,864,15,8
651,663,15,8
836,860,15,8
686,696,15,8
810,865,15,8
651,663,15,8
686,696,15,8
810,865,15,8
651,663,15,8
836,860,15,8
836,860,15,8
1190,1686,15,8
651,663,15,8
860,864,15,8
832,834,15,8
651,663,15,8
836,860,15,8
832,834,15,8
651,663,15,8
836,860,15,8
686,696,15,8
832,834,15,8
651,663,15,8
860,864,15,8
836,860,15,8
651,663,15,8
836,860,15,8
810,865,15,8
651,663,15,8
836,860,15,8
860,864,15,8
651,663,15,8
836,860,15,8
860,864,15,8
836,860,15,8
686,696,15,8
860,864,15,8
860,864,15,8
836,860,15,8
623,690,15,8
836,860,15,8
623,690,15,8
810,865,15,8
860,864,15,8
651,663,15,8
836,860,15,8
651,663,15,8
836,860,15,8
651,663,15,8
836,860,15,8
860,864,15,8
651,663,15,8
860,864,15,8
836,860,15,8
836,860,15,8
860,864,15,8
836,860,15,8
810,865,15,8
860,864,15,8
836,860,15,8
860,864,15,8
651,663,15,8
836,860,15,8
832,834,15,8
810,865,15,8
860,864,15,8
651,663,16,9
836,860,16,9
860,864,16,9
836,860,16,9
832,834,16,9
810,865,16,9
836,860,16,9
832,834,16,9
860,864,16,9
651,663,16,9
836,860,16,9
686,696,16,9
810,865,16,9
836,860,16,9
832,834,16,9
836,860,16,9
860,864,16,9
651,663,16,9
836,860,16,9
860,864,16,9
651,663,16,9
860,864,16,9
860,864,16,9
836,860,16,9
860,864,16,9
651,663,16,9
836,860,16,9
860,864,16,9
651,663,16,9
836,860,16,9
860,864,16,9
836,860,16,9
860,864,16,9
860,864,16,9
1632,1671,16,9
860,864,16,9
836,860,16,9
810,865,16,9
860,864,16,9
836,860,16,9
686,696,16,9
810,865,16,9
860,864,16,9
836,860,16,9
1645,1671,16,9
1601,1667,16,9
663,696,16,9
836,860,16,9
810,865,16,9
860,864,16,9
836,860,16,9
1645,1671,16,9
860,864,16,9
832,834,16,9
836,860,16,9
860,864,16,9
836,860,16,9
860,864,16,9
860,864,16,9
836,860,16,9
888,890,16,9
860,864,16,9
836,860,16,9
860,864,16,9
832,834,16,9
860,864,16,9
609,643,16,9
651,663,16,9
836,860,16,9
860,864,16,9
836,860,16,9
686,696,16,9
860,864,16,9
836,860,16,9
860,864,16,9
836,860,16,9
810,865,16,9
860,864,16,9
836,860,16,9
810,865,16,9
860,864,16,9
836,860,16,9
860,864,16,9
832,834,16,9
836,860,16,9
836,860,16,9
810,865,16,9
860,864,16,9
832,834,16,9
836,860,16,9
651,663,16,9
860,864,16,9
832,834,16,9
836,860,16,9
810,865,16,9
860,864,16,9
832,834,16,9
836,860,16,9
860,864,16,9
651,663,16,9
810,865,16,9
832,834,16,9
836,860,16,9
860,864,16,9
603,684,16,9
651,663,16,9
623,690,16,9
836,860,16,9
623,690,16,9
860,864,16,9
860,864,16,9
623,690,16,9
860,864,16,9
1170,1613,16,9
836,860,16,9
1170,1613,16,9
623,690,16,9
860,864,16,9
1170,1613,16,9
686,696,16,9
651,663,16,9
623,690,16,9
860,864,16,9
832,834,16,9
860,864,16,9
1170,1613,16,9
651,663,16,9
827,834,16,9
832,834,16,9
1170,1613,16,9
860,864,16,9
623,690,16,9
1170,1613,16,9
651,663,16,9
623,690,16,9
860,864,16,9
836,860,16,9
603,684,16,9
1170,1613,16,9
651,663,16,9
623,690,16,9
860,864,16,9
1170,1613,16,9
651,663,16,9
860,864,16,9
1170,1613,16,9
1190,1686,16,9
860,864,16,9
651,663,16,9
860,864,16,9
1190,1686,16,9
860,864,16,9
623,690,16,9
1190,1686,16,9
651,663,16,9
623,690,16,9
860,864,16,9
1190,1686,16,9
623,690,16,9
860,864,16,9
836,860,16,9
860,864,16,9
603,684,16,9
1492,1613,16,9
836,860,16,9
860,864,16,9
836,860,16,9
860,864,16,9
1492,1613,16,9
836,860,16,9
603,684,16,9
860,864,16,9
1492,1613,16,9
603,684,16,9
1170,1613,16,9
651,663,16,9
860,864,16,9
860,864,16,9
1190,1686,16,9
651,663,16,9
860,864,16,9
1492,1613,16,9
1601,1667,16,9
651,663,16,9
860,864,16,9
860,864,16,9
603,684,16,9
860,864,16,9
822,888,16,9
888,890,16,9
1628,1678,16,9
860,864,16,9
1170,1613,16,9
860,864,16,9
1492,1613,16,9
860,864,16,9
1492,1613,16,9
1601,1667,16,9
651,663,16,9
860,864,16,9
651,696,16,9
1601,1667,16,9
860,864,16,9
888,890,16,9
832,834,16,9
1601,1667,16,9
651,663,16,9
860,864,16,9
832,834,16,9
1492,1613,16,9
860,864,16,9
827,834,16,9
1492,1613,16,9
860,864,16,9
1190,1686,16,9
832,834,16,9
1492,1613,16,9
1601,1667,16,9
860,864,16,9
832,834,16,9
1190,1686,16,9
1492,1613,16,9
1601,1667,16,9
603,684,16,9
651,663,16,9
860,864,16,9
827,834,16,9
661,663,16,9
1170,1613,16,9
1601,1667,16,9
661,663,16,9
686,696,16,9
832,834,16,9
603,684,16,9
603,684,16,9
686,696,16,9
651,663,16,9
686,696,16,9
651,663,16,9
1170,1613,16,9
832,834,16,9
623,690,16,9
832,834,16,9
651,663,16,9
651,663,16,9
1601,1667,16,9
603,684,16,9
1492,1613,16,9
1601,1667,16,9
651,663,16,9
827,834,16,9
832,834,16,9
1601,1667,16,9
1170,1613,16,9
651,663,16,9
623,690,16,9
832,834,16,9
603,684,16,9
1170,1613,16,9
860,864,16,9
832,834,16,9
603,684,16,9
651,663,16,9
1628,1678,16,9
860,864,16,9
832,834,16,9
1492,1613,16,9
1601,1667,16,9
686,696,16,9
623,690,16,9
860,864,16,9
1492,1613,16,9
1601,1667,16,9
603,684,16,9
836,860,16,9
832,834,16,9
1492,1613,16,9
651,663,16,9
860,864,16,9
832,834,16,9
1492,1613,16,9
1601,1667,16,9
860,864,16,9
1601,1667,16,9
603,684,16,9
860,864,16,9
1492,1613,16,9
1649,1651,16,9
860,864,16,9
651,663,16,9
1601,1667,16,9
1492,1613,16,9
1601,1667,16,9
860,864,16,9
1492,1613,16,9
860,864,16,9
1170,1613,16,9
651,663,16,9
1170,1613,16,9
860,864,16,9
1492,1613,16,9
651,663,16,9
860,864,16,9
1492,1613,16,9
651,663,16,9
860,864,16,9
651,663,16,9
1649,1651,16,9
860,864,16,9
1492,1613,16,9
860,864,16,9
651,663,16,9
1170,1613,16,9
651,663,16,9
651,663,16,9
1632,1856,16,9
860,864,16,9
860,864,16,9
1190,1686,16,9
651,663,16,9
1649,1651,16,9
860,864,16,9
651,663,16,9
651,663,16,9
651,663,16,9
1649,1651,16,9
832,834,16,9
651,663,16,9
860,864,16,9
832,834,16,9
1492,1613,16,9
651,663,16,9
610,661,16,9
832,834,16,9
651,663,16,9
1649,1651,16,9
1649,1651,16,9
860,864,16,9
1170,1613,16,9
1649,1651,16,9
686,696,16,9
827,834,16,9
1649,1651,16,9
832,834,16,9
1649,1651,16,9
860,864,16,9
1649,1651,16,9
860,864,16,9
826,855,16,9
1649,1651,16,9
832,834,16,9
651,663,16,9
1649,1651,16,9
832,834,16,9
651,663,16,9
832,834,16,9
686,696,16,9
832,834,16,9
651,663,16,9
860,864,16,9
832,834,16,9
651,663,16,9
664,836,16,9
651,663,16,9
833,860,16,9
827,858,16,9
810,843,16,9
686,696,16,9
827,868,16,9
813,866,16,9
634,866,16,9
832,834,16,9
1170,1613,16,9
827,833,16,9
830,832,16,9
860,864,16,9
807,889,16,9
827,830,16,9
634,866,16,9
830,832,16,9
860,864,16,9
813,841,16,9
651,663,16,9
686,696,16,9
832,862,16,9
832,834,16,9
651,663,16,9
860,864,16,9
832,834,16,9
832,860,16,9
813,860,16,9
832,834,16,9
1492,1613,16,9
813,860,16,9
858,866,16,9
810,860,16,9
830,860,16,9
663,686,16,9
810,852,16,9
832,834,16,9
831,860,16,9
832,834,16,9
831,860,16,9
832,834,16,9
634,858,16,9
831,860,16,9
1601,1667,16,9
832,834,16,9
634,858,16,9
831,860,16,9
634,858,16,9
810,813,16,9
810,852,16,9
1190,1686,16,9
831,860,16,9
858,866,16,9
858,866,16,9
832,834,16,9
651,663,16,9
832,834,16,9
634,866,16,9
1492,1613,16,9
1601,1667,16,9
832,834,16,9
810,813,16,9
1601,1667,16,9
1190,1686,16,9
1492,1613,16,9
827,832,16,9
1170,1613,16,9
858,866,16,9
1492,1613,16,9
827,832,16,9
1170,1613,16,9
858,866,16,9
827,832,16,9
634,858,16,9
1492,1613,16,9
1492,1613,16,9
686,696,16,9
1170,1613,16,9
827,832,16,9
1492,1613,16,9
1170,1613,16,9
634,858,16,9
807,889,16,9
813,852,16,9
858,866,16,9
1492,1613,16,9
1492,1613,16,9
827,832,16,9
634,858,16,9
686,696,16,9
858,866,16,9
813,852,16,9
827,832,16,9
1601,1667,16,9
634,858,16,9
827,832,16,9
858,866,16,9
634,858,16,9
827,832,16,9
1492,1613,16,9
634,858,16,9
827,832,16,9
634,858,16,9
827,832,16,9
1492,1613,16,9
634,858,16,9
1601,1667,16,9
634,858,16,9
1601,1667,16,9
634,858,16,9
858,866,16,9
827,834,16,9
1601,1667,16,9
634,858,16,9
858,866,16,9
635,698,16,9
1601,1667,16,9
634,858,16,9
610,661,16,9
1632,1671,16,9
858,866,16,9
827,832,16,9
635,698,16,9
634,858,16,9
1632,1671,16,9
832,834,16,9
1601,1667,16,9
634,858,16,9
1632,1671,16,9
832,834,16,9
1492,1613,16,9
827,832,16,9
627,635,16,9
1632,1671,16,9
832,834,16,9
827,832,16,9
627,635,16,9
827,832,16,9
1492,1613,16,9
627,635,16,9
827,832,16,9
627,635,16,9
627,635,16,9
651,663,16,9
810,864,16,9
651,663,16,9
1170,1613,16,9
627,635,16,9
651,663,16,9
1190,1686,16,9
651,663,16,9
810,867,16,9
1632,1671,16,9
651,663,16,9
810,867,16,9
651,663,16,9
810,867,16,9
832,834,16,9
827,832,16,9
1601,1667,16,9
810,867,16,9
827,832,16,9
1601,1667,16,9
810,867,16,9
832,834,16,9
827,832,16,9
1649,1651,16,9
832,834,16,9
1601,1667,16,9
1649,1651,16,9
1601,1667,16,9
651,663,16,9
827,834,16,9
1649,1651,16,9
1601,1667,16,9
1649,1651,16,9
1601,1667,16,9
864,867,16,9
1649,1651,16,9
610,661,16,9
651,663,16,9
1601,1667,16,9
827,834,16,9
827,832,16,9
1649,1651,16,9
651,663,16,9
1601,1667,16,9
651,663,16,9
1649,1651,16,9
1601,1667,16,9
651,663,16,9
627,698,16,9
1649,1651,16,9
635,698,16,9
1649,1651,16,9
882,890,16,9
827,834,16,9
635,698,16,9
1649,1651,16,9
627,635,16,9
1601,1667,16,9
1601,1667,16,9
627,635,16,9
1649,1651,16,9
635,698,16,9
1649,1651,16,9
627,635,16,9
651,663,16,9
1601,1667,16,9
806,890,16,9
651,663,16,9
635,698,16,9
1649,1651,16,9
651,663,16,9
1649,1651,16,9
1649,1651,16,9
1601,1667,16,9
1632,1671,16,9
1601,1667,16,9
1649,1651,16,9
1632,1671,16,9
1492,1613,16,9
1601,1667,16,9
1632,1671,16,9
807,889,16,9
651,663,16,9
1649,1651,16,9
1601,1667,16,9
1632,1671,16,9
686,696,16,9
623,690,16,9
651,663,16,9
635,698,16,9
832,834,16,9
686,696,16,9
827,832,16,9
832,834,16,9
827,832,16,9
651,663,16,9
827,834,16,9
832,834,16,9
827,832,16,9
1601,1667,16,9
686,696,16,9
832,834,16,9
827,832,16,9
807,889,16,9
651,663,16,9
827,834,16,9
635,698,16,9
1601,1667,16,9
827,834,16,9
651,663,16,9
827,834,16,9
1601,1667,16,9
827,832,16,9
1601,1667,16,9
610,661,16,9
651,663,16,9
827,834,16,9
651,663,16,9
1601,1667,16,9
610,661,16,9
810,864,16,9
1601,1667,16,9
827,834,16,9
832,834,16,9
827,832,16,9
827,834,16,9
1601,1667,16,9
603,612,16,9
827,832,16,9
610,661,16,9
603,612,16,9
827,834,16,9
832,834,16,9
827,832,16,9
1601,1667,16,9
603,612,16,9
832,834,16,9
827,832,16,9
832,834,16,9
827,832,16,9
1492,1613,16,9
827,834,16,9
832,834,16,9
827,832,16,9
651,663,16,9
827,834,16,9
832,834,16,9
1492,1613,16,9
635,698,16,9
1601,1667,16,9
603,612,16,9
827,834,16,9
832,834,16,9
827,834,16,9
1601,1667,16,9
603,612,16,9
832,834,16,9
827,832,16,9
651,663,16,9
832,834,16,9
1492,1613,16,9
832,834,16,9
1190,1686,16,9
1492,1613,16,9
810,867,16,9
1492,1613,16,9
832,834,16,9
1190,1686,16,9
1601,1667,16,9
1492,1613,16,9
603,612,16,9
1492,1613,16,9
651,663,16,9
1492,1613,16,9
1492,1613,16,9
1492,1613,16,9
651,663,16,9
864,867,16,9
810,867,16,9
1492,1613,16,9
864,867,16,9
1492,1613,16,9
864,867,16,9
603,612,16,9
1492,1613,16,9
1492,1613,16,9
1492,1613,16,9
603,612,16,9
810,864,16,9
810,867,16,9
864,867,16,9
603,612,16,9
1170,1613,16,9
1170,1613,16,9
1108,1667,16,9
603,612,16,9
810,864,16,9
1492,1613,16,9
1170,1613,16,9
603,612,16,9
603,612,16,9
651,663,16,9
651,663,16,9
686,696,16,9
1492,1613,16,9
1492,1613,16,9
651,663,16,9
1492,1613,16,9
603,612,16,9
1492,1613,16,9
603,612,16,9
1492,1613,16,9
603,612,16,9
1660,1679,16,9
1492,1613,16,9
603,612,16,9
1492,1613,16,9
603,612,16,9
1492,1613,16,9
603,612,16,9
1190,1686,16,9
1492,1613,16,9
603,612,16,9
1190,1686,16,9
603,612,16,9
643,660,16,9
603,612,16,9
603,612,16,9
603,612,16,9
651,663,16,9
603,612,16,9
1632,1671,16,9
617,641,16,9
651,663,16,9
603,612,16,9
651,663,16,9
603,612,16,9
603,612,16,9
627,635,16,9
686,696,16,9
1660,1679,16,9
603,612,16,9
813,852,16,9
813,852,16,9
686,696,16,9
627,635,16,9
651,663,16,9
813,852,16,9
603,612,16,9
627,635,16,9
603,612,16,9
651,663,16,9
651,663,16,9
603,612,16,9
1660,1679,16,9
651,663,16,9
1660,1679,16,9
686,696,16,9
651,663,16,9
627,635,16,9
627,635,16,9
1170,1613,16,9
686,696,16,9
686,696,16,9
855,868,16,9
651,663,16,9
603,612,16,9
686,696,16,9
627,635,16,9
651,663,16,9
686,696,16,9
627,635,16,9
686,696,16,9
627,635,16,9
686,696,16,9
686,696,16,9
1190,1686,16,9
635,696,16,9
1190,1686,16,9
651,663,16,9
603,612,16,9
1190,1686,16,9
651,663,16,9
1190,1686,16,9
627,635,16,9
1492,1613,16,9
651,663,16,9
1492,1613,17,10
686,696,17,10
623,635,17,10
623,690,17,10
651,663,17,10
627,635,17,10
651,663,17,10
807,889,17,10
603,612,17,10
807,889,17,10
1492,1613,17,10
651,663,17,10
686,696,17,10
651,663,17,10
651,663,17,10
623,627,17,10
635,698,17,10
663,696,17,10
807,889,17,10
649,674,17,10
677,691,17,10
651,663,17,10
617,691,17,10
663,696,17,10
617,620,17,10
884,886,17,10
611,691,17,10
603,621,17,10
620,669,17,10
606,684,17,10
832,834,17,10
619,699,17,10
620,699,17,10
1190,1667,17,10
619,699,17,10
663,696,17,10
615,699,17,10
620,669,17,10
612,641,17,10
832,834,17,10
1644,1667,17,10
669,699,17,10
1678,1679,17,10
1628,1678,17,10
663,696,17,10
1144,1644,17,10
620,669,17,10
669,699,17,10
1190,1679,17,10
832,834,17,10
619,699,17,10
1108,1645,17,10
1170,1613,17,10
1190,1679,17,10
649,663,17,10
1628,1678,17,10
663,696,17,10
620,669,17,10
669,1686,17,10
1108,1644,17,10
609,658,17,10
611,649,17,10
613,858,17,10
620,669,17,10
1144,1190,17,10
669,1190,17,10
1170,1613,17,10
620,1190,17,10
1144,1644,17,10
620,1679,17,10
1632,1671,17,10
620,1144,17,10
669,1686,17,10
611,649,17,10
1181,1645,17,10
1190,1686,17,10
620,669,17,10
669,1190,17,10
1601,1618,17,10
1170,1613,17,10
1108,1644,17,10
620,1644,17,10
807,824,17,10
620,1190,17,10
1644,1651,17,10
620,1144,17,10
1108,1181,17,10
611,649,17,10
1181,1645,17,10
628,648,17,10
620,669,17,10
613,866,17,10
1144,1181,17,10
1108,1667,17,10
620,1190,17,10
620,1144,17,10
611,649,17,10
1601,1628,17,10
628,648,17,10
620,669,17,10
669,1190,17,10
620,1679,17,10
1601,1667,17,10
612,678,17,10
1190,1679,17,10
620,1190,17,10
620,1144,17,10
669,1686,17,10
611,649,17,10
1613,1632,17,10
1144,1644,17,10
620,669,17,10
1170,1672,17,10
889,892,17,10
669,1190,17,10
669,1686,17,10
1601,1667,17,10
1144,1181,17,10
620,1190,17,10
620,1144,17,10
1601,1618,17,10
620,669,17,10
1170,1672,17,10
1644,1660,17,10
620,1686,17,10
1170,1601,17,10
669,1686,17,10
1170,1613,17,10
620,1644,17,10
1660,1662,17,10
1645,1667,17,10
824,849,17,10
1645,1679,17,10
1660,1686,17,10
880,887,17,10
1601,1618,17,10
620,1170,17,10
1170,1660,17,10
1144,1644,17,10
620,669,17,10
1170,1672,17,10
1170,1662,17,10
620,1686,17,10
1644,1667,17,10
612,669,17,10
1170,1613,17,10
1613,1645,17,10
824,849,17,10
669,1628,17,10
669,1632,17,10
612,678,17,10
669,1686,17,10
880,887,17,10
1628,1686,17,10
620,669,17,10
620,1686,17,10
643,654,17,10
1181,1645,17,10
880,1190,17,10
1649,1651,17,10
612,678,17,10
620,1632,17,10
824,849,17,10
669,1632,17,10
1632,1686,17,10
880,887,17,10
669,1686,17,10
1181,1645,17,10
620,669,17,10
620,1686,17,10
1632,1686,17,10
612,678,17,10
620,1632,17,10
824,849,17,10
669,1686,17,10
620,669,17,10
620,1686,17,10
669,1686,17,10
620,669,17,10
620,1686,17,10
1181,1651,17,10
620,669,17,10
620,669,17,10
827,832,17,10
628,661,17,10
827,834,17,10
620,669,17,10
1181,1651,17,10
827,832,17,10
827,834,17,10
1181,1651,17,10
620,669,17,10
620,669,17,10
1601,1667,17,10
807,849,17,10
612,1649,17,10
807,849,17,10
827,834,17,10
807,824,17,10
807,849,17,10
612,1649,17,10
807,849,17,10
612,1649,17,10
807,849,17,10
807,849,17,10
807,849,17,10
1144,1644,17,10
827,832,17,10
827,832,17,10
807,849,17,10
827,834,17,10
832,834,17,10
827,834,17,10
612,1649,17,10
612,1649,17,10
827,834,17,10
832,834,17,10
807,849,17,10
807,849,17,10
654,694,17,10
643,694,17,10
828,832,17,10
643,694,17,10
643,694,17,10
620,669,17,10
620,669,17,10
828,834,17,10
832,834,17,10
832,834,17,10
807,849,17,10
669,1686,17,10
864,868,17,10
892,893,17,10
864,868,17,10
1645,1651,17,10
827,834,17,10
1645,1651,17,10
828,834,17,10
827,834,17,10
1645,1651,17,10
828,834,17,10
1645,1651,17,10
827,834,17,10
1645,1651,17,10
627,643,17,10
827,834,17,10
617,691,17,10
617,691,17,10
1645,1651,17,10
654,661,17,10
617,695,17,10
654,661,17,10
892,896,17,10
827,834,17,10
1170,1613,17,10
1613,1672,17,10
1613,1672,17,10
654,681,17,10
827,834,17,10
832,834,17,10
643,694,17,10
629,1672,17,10
827,834,17,10
677,1144,17,10
669,1686,17,10
661,681,17,10
654,681,17,10
832,834,17,10
669,1686,17,10
620,669,17,10
832,834,17,10
669,1686,17,10
643,694,17,10
669,1686,17,10
669,1686,17,10
669,1686,17,10
643,694,17,10
669,1686,17,10
827,834,17,10
677,1144,17,10
643,694,17,10
609,658,17,10
669,1686,17,10
828,834,17,10
827,834,17,10
669,1686,17,10
1660,1662,17,10
661,681,17,10
677,1144,17,10
669,1686,17,10
828,834,17,10
827,834,17,10
669,1686,17,10
669,1686,17,10
609,690,17,10
661,681,17,10
827,834,17,10
827,834,17,10
609,690,17,10
643,694,17,10
600,628,17,10
609,658,17,10
643,694,17,10
609,690,17,10
663,696,17,10
827,834,17,10
663,696,17,10
643,694,17,10
828,832,17,10
663,696,17,10
600,634,17,10
643,694,17,10
1181,1645,17,10
1144,650,17,10
827,832,17,10
643,694,17,10
600,634,17,10
1181,1645,17,10
1181,1645,17,10
643,694,17,10
600,634,17,10
643,694,17,10
832,834,17,10
681,692,17,10
1181,1658,17,10
643,694,17,10
643,694,17,10
606,619,17,10
619,699,17,10
1144,650,17,10
1181,1658,17,10
832,834,17,10
617,614,17,10
1613,1651,17,10
643,694,17,10
1144,650,17,10
827,832,17,10
827,834,17,10
615,621,17,10
1144,650,17,10
832,834,17,10
827,834,17,10
619,699,17,10
1144,650,17,10
827,832,17,10
1181,1658,17,10
606,615,17,10
832,834,17,10
827,832,17,10
827,834,17,10
832,834,17,10
827,832,17,10
827,834,17,10
832,834,17,10
827,830,17,10
827,832,17,10
1144,650,17,10
620,669,17,10
827,834,17,10
832,834,17,10
832,834,17,10
620,669,17,10
1181,1658,17,10
828,830,17,10
619,699,17,10
627,635,17,10
619,699,17,10
620,669,17,10
689,699,17,10
627,654,17,10
681,692,17,10
619,699,17,10
1170,1613,17,10
689,699,17,10
1651,1672,17,10
619,699,17,10
646,1672,17,10
1613,1651,17,10
1651,1672,17,10
646,1672,17,10
619,699,17,10
1613,1672,17,10
1613,1651,17,10
689,699,17,10
1181,1645,17,10
641,685,17,10
1613,1651,17,10
1181,1645,17,10
1613,1672,17,10
689,699,17,10
684,1651,17,10
619,689,17,10
689,699,17,10
684,1651,17,10
641,685,17,10
627,635,17,10
684,1651,17,10
646,684,17,10
689,699,17,10
643,694,17,10
627,635,17,10
684,1651,17,10
646,684,17,10
689,699,17,10
643,694,17,10
641,685,17,10
684,1651,17,10
689,699,17,10
619,689,17,10
689,699,17,10
605,685,17,10
643,694,17,10
689,699,17,10
619,689,17,10
619,689,17,10
689,699,17,10
689,699,17,10
619,699,17,10
684,1651,17,10
641,1645,17,10
641,1645,17,10
689,699,17,10
613,698,17,10
684,1651,17,10
641,1645,17,10
689,699,17,10
684,1651,17,10
605,685,17,10
643,694,17,10
864,868,17,10
689,699,17,10
641,684,17,10
619,699,17,10
1644,1662,17,10
641,684,17,10
605,685,17,10
1644,1662,17,10
605,685,17,10
641,684,17,10
641,1645,17,10
619,689,17,10
641,684,17,10
699,1645,17,10
1644,1662,17,10
819,886,17,10
1644,1662,17,10
641,684,17,10
641,684,17,10
605,615,17,10
699,1645,17,10
641,1181,17,10
641,684,17,10
689,1651,17,10
1658,1686,17,10
689,1651,17,10
1170,1672,17,10
641,1181,17,10
689,1651,17,10
1144,1658,17,10
689,1651,17,10
641,684,17,10
620,685,17,10
620,685,17,10
641,1181,17,10
620,685,17,10
620,646,17,10
641,1181,17,10
620,685,17,10
641,1181,17,10
606,615,17,10
689,1651,17,10
641,684,17,10
620,685,17,10
641,1181,17,10
689,1651,17,10
864,868,17,10
1644,1856,17,10
689,1651,17,10
641,1181,17,10
689,1651,17,10
641,1181,17,10
689,1651,17,10
880,887,17,10
1164,1644,17,10
689,1651,17,10
628,648,17,10
689,1651,17,10
641,684,17,10
643,694,17,10
620,665,17,10
641,689,17,10
641,1651,17,10
689,1651,17,10
641,684,17,10
643,694,17,10
684,1651,17,10
641,1651,17,10
689,1651,17,10
641,689,17,10
641,1651,17,10
1181,1672,17,10
699,1645,17,10
661,681,17,10
689,1651,17,10
641,684,17,10
1181,1672,17,10
615,646,17,10
641,689,17,10
684,1651,17,10
699,1645,17,10
641,1651,17,10
684,689,17,10
643,694,17,10
641,684,17,10
892,893,17,10
824,849,17,10
641,1651,17,10
641,684,17,10
892,893,17,10
699,1645,17,10
623,654,17,10
1170,1613,17,10
641,684,17,10
892,893,17,10
699,1645,17,10
1170,1613,17,10
641,684,17,10
892,893,17,10
699,1645,17,10
1170,1613,17,10
892,897,17,10
623,654,17,10
641,684,17,10
1170,1672,17,10
623,654,17,10
1170,1613,17,10
699,1645,17,10
1170,1672,17,10
1170,1613,17,10
623,654,17,10
641,684,17,10
892,896,17,10
1170,1672,17,10
661,681,17,10
641,684,17,10
1632,1671,17,10
699,1645,17,10
623,654,17,10
641,684,17,10
1170,1672,17,10
1170,1613,17,10
623,654,17,10
641,684,17,10
699,1645,17,10
1170,1613,17,10
623,654,17,10
1170,1672,17,10
1170,1613,17,10
807,824,17,10
620,622,17,10
1170,1613,17,10
641,684,17,10
1170,1672,17,10
1170,1613,17,10
641,684,17,10
643,694,17,10
684,1651,17,10
699,1645,17,10
661,681,17,10
803,828,17,10
1170,1613,17,10
699,1645,17,10
1170,1613,17,10
623,654,17,10
1170,1613,17,10
623,654,17,10
1170,1613,17,10
1170,1613,17,10
623,654,17,10
1170,1613,17,10
1148,1686,17,10
684,1651,17,10
699,1645,17,10
619,699,17,10
807,849,17,10
623,654,17,10
1170,1613,17,10
684,1651,17,10
699,1645,17,10
619,699,17,10
623,654,17,10
1170,1613,17,10
684,1651,17,10
619,699,17,10
623,654,17,10
619,1645,17,10
1170,1613,17,10
619,699,17,10
619,1645,17,10
803,824,17,10
1170,1613,17,10
824,849,17,10
1170,1672,17,10
803,849,17,10
803,824,17,10
692,698,17,10
824,849,17,10
603,691,17,10
619,699,17,10
807,849,17,10
803,849,17,10
619,1645,17,10
803,824,17,10
661,692,17,10
824,849,17,10
603,665,17,10
684,1651,17,10
661,681,17,10
619,699,17,10
803,807,17,10
623,654,17,10
605,685,17,10
803,824,17,10
1170,1613,17,10
824,849,17,10
603,691,17,10
605,685,17,10
807,849,17,10
803,807,17,10
803,849,17,10
803,824,17,10
824,849,17,10
603,691,17,10
684,1651,17,10
619,699,17,10
807,849,17,10
803,807,17,10
803,849,17,10
824,849,17,10
623,654,17,10
661,692,17,10
1170,1613,17,10
681,692,17,10
661,692,17,10
643,694,17,10
681,692,17,10
1170,1613,17,10
684,1651,17,10
619,699,17,10
623,654,17,10
1170,1613,17,10
643,694,17,10
824,849,17,10
661,692,17,10
619,699,17,10
623,654,17,10
661,681,17,10
1170,1613,17,10
619,699,17,10
684,1651,17,10
1170,1672,17,10
643,694,17,10
619,699,17,10
684,1651,17,10
1170,1613,17,10
643,694,17,10
824,849,17,10
1613,1672,17,10
623,654,17,10
619,1645,17,10
824,849,17,10
1170,1672,17,10
1170,1613,17,10
1170,1613,17,10
660,681,17,10
1170,1613,17,10
1632,1645,17,10
1170,1613,17,10
1632,1645,17,10
880,887,17,10
864,868,17,10
824,849,17,10
1170,1613,17,10
1632,1645,17,10
1170,1613,17,10
1632,1645,17,10
1170,1613,17,10
1170,1613,17,10
891,815,17,10
684,699,17,10
1170,1613,17,10
1632,1645,17,10
684,699,17,10
1170,1672,17,10
1170,1613,17,10
1170,1613,17,10
1170,1613,17,10
1170,1613,17,10
690,891,17,10
1170,1613,17,10
682,891,17,10
656,682,17,10
661,692,17,10
619,699,17,10
1170,1613,17,10
619,684,17,10
880,887,17,10
1170,1613,17,10
660,681,17,10
619,699,17,10
1170,1613,17,10
660,681,17,10
619,699,17,10
1170,1613,17,10
619,699,17,10
864,868,17,10
1170,1613,17,10
684,699,17,10
619,699,17,10
1170,1672,17,10
619,684,17,10
1170,1613,17,10
643,694,17,10
619,699,17,10
1170,1672,17,10
619,684,17,10
1170,1613,17,10
627,635,17,10
619,699,17,10
619,684,17,10
627,635,17,10
619,699,17,10
619,684,17,10
684,699,17,10
627,635,17,10
619,699,17,10
619,699,17,10
684,699,17,10
619,699,17,10
619,684,17,10
1613,1632,17,10
619,699,17,10
623,654,17,10
619,699,17,10
623,654,17,10
690,891,17,10
690,815,17,10
690,891,17,10
891,815,17,10
660,681,17,10
623,654,17,10
806,819,17,10
690,815,17,10
660,681,17,10
623,654,17,10
1170,1672,17,10
623,654,17,10
660,681,17,10
619,695,17,10
660,681,17,10
1170,1672,17,10
1170,1672,17,10
605,699,17,10
660,681,17,10
619,695,17,10
660,681,17,10
605,685,17,10
619,695,17,10
1601,1618,17,10
1170,1672,17,10
623,654,17,10
1170,1613,17,10
619,699,17,10
1170,1613,17,10
623,654,17,10
660,681,17,10
810,868,17,10
660,681,17,10
660,681,17,10
1632,1671,17,10
892,893,17,10
892,893,17,10
623,654,17,10
623,643,17,10
643,654,17,10
627,635,17,10
627,635,17,10
623,643,17,10
627,635,17,10
891,815,17,10
627,635,17,10
690,815,17,10
623,643,17,10
1170,1613,17,10
1632,1671,17,10
1170,1613,17,10
623,654,17,10
1632,1671,17,10
623,654,17,10
660,681,17,10
623,654,17,10
654,692,17,10
623,692,17,10
635,654,17,10
623,692,17,10
654,694,17,10
860,867,17,10
635,694,17,10
635,643,17,10
635,643,17,10
643,694,17,10
635,654,17,10
643,654,17,10
619,684,17,10
635,643,17,10
635,694,17,10
619,684,17,10
635,643,17,10
684,699,17,10
1170,1613,17,10
635,643,17,10
635,694,17,10
1170,1613,17,10
1148,1686,17,10
635,643,17,10
1170,1613,17,10
635,643,17,10
1170,1613,17,10
635,643,17,10
623,692,18,11
1170,1613,18,11
635,643,18,11
1170,1613,18,11
635,643,18,11
1613,1632,18,11
620,674,18,11
1170,1613,18,11
1618,1628,18,11
620,669,18,11
635,643,18,11
1613,1632,18,11
620,674,18,11
1170,1613,18,11
660,681,18,11
620,669,18,11
810,864,18,11
635,643,18,11
654,694,18,11
1170,1613,18,11
623,692,18,11
660,681,18,11
620,669,18,11
635,643,18,11
620,674,18,11
1170,1613,18,11
627,654,18,11
1613,1672,18,11
635,643,18,11
654,694,18,11
1170,1613,18,11
623,692,18,11
620,669,18,11
635,643,18,11
654,694,18,11
1170,1613,18,11
623,692,18,11
605,695,18,11
620,669,18,11
635,643,18,11
643,654,18,11
654,694,18,11
620,669,18,11
813,860,18,11
1170,1613,18,11
620,669,18,11
1170,1613,18,11
635,643,18,11
813,860,18,11
1170,1613,18,11
661,681,18,11
813,860,18,11
1170,1672,18,11
635,643,18,11
654,694,18,11
1170,1613,18,11
813,860,18,11
660,681,18,11
635,643,18,11
830,860,18,11
1170,1613,18,11
830,860,18,11
635,643,18,11
830,860,18,11
1170,1613,18,11
635,643,18,11
892,893,18,11
1170,1613,18,11
623,654,18,11
810,868,18,11
635,643,18,11
830,860,18,11
1170,1613,18,11
635,643,18,11
605,621,18,11
1170,1613,18,11
1170,1672,18,11
1170,1613,18,11
635,643,18,11
605,621,18,11
892,893,18,11
690,807,18,11
1170,1613,18,11
635,643,18,11
1170,1613,18,11
623,654,18,11
635,643,18,11
1148,1686,18,11
654,692,18,11
1170,1613,18,11
635,643,18,11
1632,1671,18,11
1170,1613,18,11
627,635,18,11
635,643,18,11
1170,1613,18,11
635,643,18,11
810,868,18,11
1632,1671,18,11
635,643,18,11
623,692,18,11
1645,1649,18,11
810,868,18,11
635,643,18,11
623,654,18,11
635,643,18,11
1170,1613,18,11
635,643,18,11
635,643,18,11
838,852,18,11
635,643,18,11
623,654,18,11
660,681,18,11
635,643,18,11
660,681,18,11
635,643,18,11
660,681,18,11
635,643,18,11
1170,1613,18,11
660,681,18,11
635,643,18,11
627,643,18,11
1170,1613,18,11
660,681,18,11
635,643,18,11
813,838,18,11
660,681,18,11
810,868,18,11
635,643,18,11
813,838,18,11
660,681,18,11
635,643,18,11
851,860,18,11
635,643,18,11
1632,1671,18,11
627,643,18,11
803,807,18,11
681,683,18,11
635,643,18,11
813,838,18,11
838,852,18,11
813,852,18,11
635,643,18,11
851,860,18,11
813,838,18,11
838,852,18,11
681,683,18,11
813,852,18,11
635,643,18,11
654,694,18,11
1170,1672,18,11
681,683,18,11
654,694,18,11
813,852,18,11
635,643,18,11
1170,1672,18,11
813,852,18,11
681,683,18,11
635,643,18,11
1170,1672,18,11
813,852,18,11
813,852,18,11
605,685,18,11
1632,1671,18,11
1170,1672,18,11
623,654,18,11
663,696,18,11
813,852,18,11
875,895,18,11
623,654,18,11
1644,1660,18,11
813,852,18,11
654,692,18,11
677,650,18,11
627,635,18,11
623,654,18,11
654,692,18,11
626,661,18,11
663,696,18,11
813,852,18,11
626,661,18,11
681,683,18,11
654,692,18,11
813,852,18,11
681,683,18,11
663,696,18,11
813,852,18,11
644,681,18,11
809,884,18,11
1628,1667,18,11
813,838,18,11
605,684,18,11
605,621,18,11
813,852,18,11
605,699,18,11
644,658,18,11
1628,1667,18,11
605,685,18,11
629,646,18,11
654,692,18,11
813,852,18,11
663,696,18,11
1170,1613,18,11
1181,1662,18,11
627,635,18,11
623,654,18,11
813,852,18,11
851,862,18,11
627,663,18,11
623,654,18,11
663,696,18,11
1628,1667,18,11
654,692,18,11
621,685,18,11
1628,1667,18,11
813,838,18,11
838,852,18,11
681,683,18,11
605,685,18,11
654,692,18,11
813,852,18,11
663,696,18,11
623,654,18,11
627,635,18,11
1628,1667,18,11
654,692,18,11
626,661,18,11
663,696,18,11
623,654,18,11
619,685,18,11
654,692,18,11
623,654,18,11
619,685,18,11
627,635,18,11
626,661,18,11
627,635,18,11
1628,1667,18,11
1170,1672,18,11
674,677,18,11
663,696,18,11
623,654,18,11
643,660,18,11
627,635,18,11
1628,1667,18,11
1181,1645,18,11
674,677,18,11
663,696,18,11
623,654,18,11
684,685,18,11
641,699,18,11
627,635,18,11
1628,1667,18,11
674,677,18,11
663,696,18,11
627,635,18,11
1628,1667,18,11
1170,1613,18,11
656,682,18,11
627,635,18,11
813,838,18,11
619,699,18,11
858,871,18,11
656,698,18,11
600,658,18,11
1649,1651,18,11
600,658,18,11
627,635,18,11
619,699,18,11
646,684,18,11
1667,1678,18,11
656,682,18,11
699,826,18,11
674,691,18,11
656,682,18,11
643,660,18,11
627,635,18,11
619,826,18,11
681,683,18,11
619,699,18,11
635,643,18,11
681,682,18,11
1170,1613,18,11
674,691,18,11
656,682,18,11
663,694,18,11
699,826,18,11
1628,1667,18,11
813,838,18,11
619,826,18,11
681,683,18,11
651,692,18,11
619,699,18,11
1170,1672,18,11
682,683,18,11
635,643,18,11
681,682,18,11
1170,1613,18,11
663,694,18,11
1108,1601,18,11
699,826,18,11
1628,1667,18,11
813,838,18,11
619,826,18,11
681,683,18,11
651,692,18,11
619,699,18,11
643,651,18,11
813,852,18,11
623,654,18,11
635,643,18,11
600,610,18,11
1170,1613,18,11
682,683,18,11
619,699,18,11
875,895,18,11
663,694,18,11
686,696,18,11
681,682,18,11
619,826,18,11
681,683,18,11
699,826,18,11
651,667,18,11
813,852,18,11
635,643,18,11
600,610,18,11
1170,1613,18,11
1108,1601,18,11
686,696,18,11
1628,1667,18,11
627,635,18,11
681,682,18,11
619,699,18,11
646,684,18,11
627,660,18,11
1170,1613,18,11
609,822,18,11
600,658,18,11
609,819,18,11
1108,1601,18,11
699,826,18,11
686,696,18,11
681,682,18,11
619,826,18,11
1108,1628,18,11
619,699,18,11
627,635,18,11
1148,1645,18,11
682,683,18,11
813,852,18,11
858,898,18,11
1613,1622,18,11
644,682,18,11
1170,1613,18,11
686,696,18,11
682,683,18,11
627,635,18,11
1148,1622,18,11
1613,1671,18,11
699,826,18,11
619,699,18,11
813,841,18,11
654,692,18,11
813,852,18,11
1148,1671,18,11
682,683,18,11
1148,1622,18,11
686,696,18,11
681,682,18,11
1645,1671,18,11
619,699,18,11
1148,1632,18,11
1148,1645,18,11
654,692,18,11
813,852,18,11
1148,1671,18,11
635,643,18,11
1170,1613,18,11
682,683,18,11
828,858,18,11
619,699,18,11
654,692,18,11
1148,1613,18,11
609,694,18,11
635,643,18,11
1613,1632,18,11
620,674,18,11
888,890,18,11
686,696,18,11
813,838,18,11
838,852,18,11
1148,1613,18,11
654,692,18,11
813,852,18,11
674,677,18,11
600,610,18,11
1613,1660,18,11
1170,1613,18,11
641,685,18,11
603,691,18,11
1632,1671,18,11
813,838,18,11
838,852,18,11
638,689,18,11
623,654,18,11
654,692,18,11
813,852,18,11
605,685,18,11
1170,1613,18,11
638,815,18,11
603,691,18,11
623,654,18,11
813,852,18,11
838,841,18,11
621,685,18,11
638,689,18,11
654,692,18,11
813,852,18,11
838,841,18,11
638,689,18,11
654,692,18,11
813,852,18,11
635,643,18,11
1170,1613,18,11
813,852,18,11
638,689,18,11
635,643,18,11
838,852,18,11
667,682,18,11
838,855,18,11
674,677,18,11
654,696,18,11
681,682,18,11
838,852,18,11
654,692,18,11
813,852,18,11
628,667,18,11
827,832,18,11
620,674,18,11
813,855,18,11
813,852,18,11
617,614,18,11
620,614,18,11
654,696,18,11
832,834,18,11
611,649,18,11
827,834,18,11
638,655,18,11
628,667,18,11
827,832,18,11
620,674,18,11
838,852,18,11
623,690,18,11
654,692,18,11
827,834,18,11
813,852,18,11
827,832,18,11
620,674,18,11
838,852,18,11
623,690,18,11
654,692,18,11
813,852,18,11
827,834,18,11
827,832,18,11
838,852,18,11
813,852,18,11
892,893,18,11
620,674,18,11
834,838,18,11
617,614,18,11
892,893,18,11
620,677,18,11
838,852,18,11
611,649,18,11
674,677,18,11
663,696,18,11
620,674,18,11
665,691,18,11
686,696,18,11
609,613,18,11
654,692,18,11
674,677,18,11
620,668,18,11
827,832,18,11
620,674,18,11
852,855,18,11
610,690,18,11
609,613,18,11
638,689,18,11
681,683,18,11
660,681,18,11
858,871,18,11
674,677,18,11
617,655,18,11
620,674,18,11
851,860,18,11
860,862,18,11
620,677,18,11
668,674,18,11
638,689,18,11
858,871,18,11
1170,1672,18,11
674,677,18,11
617,655,18,11
827,832,18,11
620,674,18,11
617,614,18,11
620,677,18,11
609,613,18,11
638,689,18,11
858,871,18,11
1170,1672,18,11
813,852,18,11
674,677,18,11
813,838,18,11
617,614,18,11
674,677,18,11
620,674,18,11
609,613,18,11
620,677,18,11
838,852,18,11
638,689,18,11
858,871,18,11
813,852,18,11
827,834,18,11
620,674,18,11
827,834,18,11
620,677,18,11
638,689,18,11
635,644,18,11
674,677,18,11
616,635,18,11
813,852,18,11
620,674,18,11
617,614,18,11
628,661,18,11
609,613,18,11
620,677,18,11
838,852,18,11
674,677,18,11
813,852,18,11
616,635,18,11
620,674,18,11
852,855,18,11
628,661,18,11
620,677,18,11
838,852,18,11
813,852,18,11
620,674,18,11
628,661,18,11
648,660,18,11
620,677,18,11
838,852,18,11
660,681,18,11
813,852,18,11
620,674,18,11
610,690,18,11
648,660,18,11
620,677,18,11
838,852,18,11
638,689,18,11
623,690,18,11
813,852,18,11
674,677,18,11
620,674,18,11
1170,1613,18,11
682,683,18,11
617,614,18,11
852,855,18,11
620,677,18,11
838,852,18,11
638,689,18,11
813,852,18,11
674,677,18,11
813,838,18,11
620,674,18,11
852,855,18,11
813,855,18,11
656,682,18,11
617,614,18,11
686,696,18,11
620,677,18,11
674,677,18,11
813,852,18,11
827,834,18,11
620,674,18,11
813,855,18,11
628,661,18,11
813,838,18,11
620,677,18,11
674,677,18,11
813,852,18,11
827,832,18,11
629,655,18,11
852,855,18,11
813,855,18,11
827,834,18,11
620,674,18,11
813,838,18,11
638,689,18,11
660,681,18,11
813,852,18,11
674,677,18,11
617,650,18,11
827,832,18,11
620,674,18,11
620,677,18,11
660,681,18,11
620,638,18,11
628,661,18,11
827,834,18,11
660,681,18,11
628,661,18,11
834,855,18,11
827,834,18,11
660,681,18,11
628,661,18,11
623,690,18,11
1170,1672,18,11
623,690,18,11
681,682,18,11
610,690,18,11
681,682,18,11
629,655,18,11
660,681,18,11
609,613,18,11
609,613,18,11
663,694,18,11
858,866,18,11
661,690,18,11
610,690,18,11
681,682,18,11
628,661,18,11
660,681,18,11
827,832,18,11
660,681,18,11
858,866,18,11
616,644,18,11
660,681,18,11
600,610,18,11
858,866,18,11
616,644,18,11
827,834,18,11
858,866,18,11
858,866,18,11
813,838,18,11
838,852,18,11
1170,1672,18,11
858,866,18,11
623,654,18,11
610,690,18,11
654,692,18,11
827,834,18,11
610,690,18,11
858,866,18,11
654,692,18,11
858,866,18,11
660,681,18,11
610,690,18,11
654,692,18,11
858,866,18,11
660,681,18,11
610,690,18,11
858,866,18,11
610,690,18,11
610,690,18,11
858,866,18,11
1148,1686,18,11
610,690,18,11
1148,1686,18,11
654,692,18,11
623,654,18,11
648,660,18,11
623,654,18,11
610,690,18,11
610,690,18,11
648,660,18,11
654,692,18,11
623,654,18,11
663,696,18,11
623,654,18,11
648,660,18,11
654,692,18,11
610,690,18,11
623,654,18,11
610,690,18,11
623,654,18,11
610,690,18,11
623,654,18,11
682,683,18,11
610,690,18,11
609,613,18,11
623,654,18,11
827,832,18,11
609,613,18,11
623,654,18,11
648,660,18,11
623,654,18,11
648,660,18,11
858,866,18,11
623,654,18,11
682,683,18,11
648,660,18,11
623,654,18,11
648,660,18,11
858,866,18,11
610,690,18,11
623,654,18,11
660,681,18,11
648,660,18,11
609,613,18,11
623,654,18,11
623,654,18,11
858,866,18,11
682,683,18,11
648,660,18,11
610,690,18,11
609,613,18,11
623,654,18,11
682,683,18,11
609,613,18,11
623,654,18,11
682,683,18,11
609,613,18,11
682,683,18,11
682,683,18,11
858,866,18,11
609,613,18,11
660,681,18,11
623,654,18,11
663,696,18,11
1170,1672,18,11
623,654,18,11
660,681,18,11
609,613,18,11
623,654,18,11
1170,1672,18,11
1170,1672,18,11
623,654,18,11
682,683,18,11
813,852,18,11
858,866,18,11
623,654,18,11
660,681,18,11
609,613,18,11
623,654,18,11
660,681,18,11
682,683,18,11
827,832,18,11
623,654,18,11
654,692,18,11
623,654,18,11
600,610,18,11
623,654,18,11
660,681,18,11
827,832,18,11
623,654,18,11
648,660,18,11
660,681,18,11
858,866,18,11
827,832,18,11
654,692,18,11
660,681,18,11
623,690,18,11
648,660,18,11
827,832,18,11
654,692,18,11
660,681,18,11
648,660,18,11
827,832,18,11
660,681,18,11
682,683,18,11
648,660,18,11
827,832,18,11
682,683,18,11
648,660,18,11
827,832,18,11
682,683,18,11
682,683,18,11
827,832,18,11
628,661,18,11
682,683,18,11
827,832,18,11
628,661,18,11
682,683,18,11
827,832,18,11
628,661,18,11
682,683,18,11
827,832,18,11
628,661,18,11
623,654,18,11
682,683,18,11
827,832,18,11
654,692,18,11
827,832,18,11
682,683,18,11
628,661,18,11
827,832,18,11
682,683,18,11
628,661,18,11
623,690,18,11
1170,1672,18,11
827,832,18,11
682,683,18,11
1613,1672,18,11
610,690,18,11
628,661,18,11
623,690,18,11
1170,1672,18,11
628,661,18,11
1170,1672,18,11
682,683,18,11
623,690,18,11
628,661,18,11
623,690,18,11
1170,1672,18,11
623,654,18,11
628,661,18,11
682,683,18,11
1170,1672,18,11
827,832,18,11
682,683,18,11
1170,1672,18,11
827,832,18,11
623,654,18,11
623,654,18,11
682,683,18,11
610,690,18,11
682,683,18,11
654,692,18,11
623,654,18,11
663,696,18,11
827,832,18,11
682,683,18,11
623,690,18,11
654,692,18,11
1170,1672,18,11
623,654,18,11
663,696,18,11
1170,1672,18,11
1170,1613,18,11
682,683,18,11
1170,1613,18,11
682,683,18,11
1613,1672,18,11
1170,1672,18,11
623,654,18,11
1170,1613,18,11
682,683,18,11
609,613,18,11
1613,1672,18,11
1170,1672,18,11
623,654,18,11
1170,1613,18,11
1613,1672,18,11
1170,1672,18,11
623,654,18,11
663,696,18,11
1170,1613,18,11
682,683,18,11
609,613,18,11
1613,1672,18,11
1170,1672,18,11
663,696,18,11
827,832,18,11
1170,1613,18,11
1613,1672,18,11
1170,1672,18,11
663,696,18,11
827,832,18,11
617,614,18,11
682,683,18,11
1148,1686,18,11
1170,1672,18,11
682,683,18,11
686,696,18,11
827,832,18,11
682,683,18,11
682,683,18,11
682,683,18,11
682,683,18,11
648,660,18,11
682,683,18,11
606,615,18,11
648,660,18,11
648,660,18,11
827,832,18,11
682,683,18,11
648,660,18,11
827,832,18,11
628,661,18,11
1170,1613,18,11
609,613,18,11
628,661,18,11
1170,1613,18,11
682,683,18,11
827,832,18,11
1170,1613,18,11
682,683,18,11
628,661,18,11
648,660,18,11
682,683,18,11
868,873,18,11
1170,1613,18,11
682,683,18,11
868,873,18,11
1170,1613,18,11
682,683,18,11
1170,1613,18,11
868,873,18,11
648,660,18,11
623,690,18,11
682,683,18,11
868,873,18,11
682,683,18,11
623,690,18,11
1170,1613,18,11
682,683,18,11
682,683,18,11
838,852,18,11
1170,1613,18,11
681,683,18,11
682,683,18,11
868,873,18,11
1170,1613,18,11
682,683,18,11
660,681,18,11
682,683,18,11
1170,1613,18,11
682,683,18,11
858,866,18,11
1170,1613,18,11
682,683,18,11
682,683,18,11
660,681,18,11
868,873,18,11
1170,1613,18,11
682,683,18,11
1613,1672,18,11
1170,1613,18,11
611,655,18,11
682,683,18,11
660,681,18,11
1170,1613,18,11
682,683,18,11
681,683,18,11
682,683,18,11
681,682,18,11
1170,1613,18,11
681,683,18,11
682,683,18,11
1170,1613,18,11
682,683,18,11
681,682,18,11
681,683,18,11
600,610,18,11
1613,1672,18,11
681,682,18,11
681,683,18,11
682,683,18,11
838,852,18,11
682,683,18,11
858,866,18,11
834,855,18,11
660,681,18,11
682,683,18,11
868,873,18,11
628,661,18,11
682,683,18,11
660,681,18,11
628,661,18,11
660,681,18,11
830,871,18,11
682,683,18,11
611,655,18,11
682,683,18,11
628,661,18,11
660,681,18,11
868,873,18,11
830,871,18,11
628,661,18,11
682,683,18,11
858,866,18,11
628,661,18,11
609,613,18,11
1170,1613,18,11
682,683,18,11
682,683,18,11
1170,1613,18,11
682,683,18,11
609,613,18,11
682,683,18,11
851,860,18,11
663,696,18,11
858,866,18,11
682,683,18,11
830,871,18,11
827,832,18,11
838,852,18,11
682,683,18,11
609,613,18,11
827,832,18,11
682,683,18,11
606,615,18,11
609,613,18,11
827,832,18,11
682,683,18,11
868,873,18,11
1170,1672,18,11
628,661,18,11
609,613,18,11
682,683,18,11
1170,1672,18,11
838,852,18,11
682,683,18,11
609,613,18,11
682,683,18,11
868,873,18,11
858,866,18,11
628,661,18,11
609,613,18,11
682,683,18,11
609,613,18,11
682,683,18,11
623,690,18,11
838,852,18,11
682,683,18,11
628,661,18,11
648,660,18,11
830,871,18,11
656,683,18,11
611,655,18,11
682,683,18,11
648,660,18,11
838,852,18,11
660,681,18,11
682,683,18,11
838,852,18,11
851,860,18,11
827,834,18,11
682,683,18,11
838,852,18,11
858,866,18,11
609,613,18,11
660,681,18,11
609,613,18,11
682,683,18,11
682,683,18,11
830,871,18,11
609,613,18,11
609,613,18,11
827,834,18,11
682,683,18,11
682,683,18,11
810,868,18,11
628,661,18,11
609,613,18,11
682,683,18,11
609,613,18,11
609,613,18,11
682,683,18,11
838,852,18,11
682,683,18,11
682,683,18,11
682,683,18,11
1613,1672,18,11
682,683,18,11
623,692,18,11
609,613,18,11
1613,1672,18,11
851,860,18,11
682,683,18,11
1613,1672,18,11
609,613,18,11
609,613,18,11
682,683,18,11
1613,1672,18,11
682,683,18,11
1613,1672,18,11
609,613,18,11
682,683,18,11
609,613,18,11
1148,1686,18,11
838,852,18,11
1613,1672,18,11
851,860,18,11
682,683,18,11
838,852,18,11
1148,1686,18,11
609,613,18,11
660,681,18,11
1613,1672,18,11
827,834,18,11
660,682,18,11
838,852,18,11
682,683,18,11
660,681,18,11
682,683,18,11
660,681,18,11
851,860,18,11
682,683,18,11
682,683,18,11
609,613,18,11
838,852,18,11
660,682,18,11
660,681,18,11
830,871,18,11
628,661,18,11
682,683,18,11
616,644,18,11
1170,1613,18,11
682,683,18,11
628,661,18,11
660,681,18,11
654,692,18,11
623,654,18,11
851,860,18,11
628,661,18,11
654,692,18,11
682,683,18,11
623,654,18,11
682,683,18,11
628,661,18,11
623,654,18,11
682,683,18,11
628,661,18,11
851,860,18,11
858,866,18,11
654,692,18,11
623,654,18,11
827,832,18,11
682,683,18,11
628,661,18,11
663,694,18,11
851,860,18,11
841,862,18,11
654,692,18,11
623,654,18,11
628,661,18,11
623,654,18,11
682,683,18,11
1170,1613,18,11
682,683,18,11
663,694,18,11
609,613,18,11
1613,1672,18,11
623,654,18,11
682,683,18,11
628,661,18,11
851,860,18,11
609,613,18,11
1613,1672,18,11
1170,1672,18,11
623,654,18,11
1170,1613,18,11
682,683,18,11
628,661,18,11
663,694,18,11
609,613,18,11
623,654,18,11
606,615,18,11
1170,1613,18,11
682,683,18,11
628,661,18,11
663,694,18,11
609,613,18,11
851,860,18,11
623,654,18,11
682,683,18,11
609,613,18,11
654,692,18,11
623,654,18,11
1170,1686,18,11
682,683,18,11
654,692,18,11
623,654,18,11
623,654,18,11
682,683,18,11
682,683,18,11
609,613,18,11
838,852,18,11
851,860,18,11
623,654,18,11
682,683,18,11
609,613,18,11
851,860,18,11
623,654,18,11
609,613,18,11
623,654,18,11
682,683,18,11
623,690,18,11
654,692,18,11
682,683,18,11
858,866,18,11
609,613,18,11
623,690,18,11
654,692,18,11
623,654,18,11
682,683,18,11
858,866,18,11
623,690,18,11
654,692,18,11
623,654,18,11
623,654,18,11
616,644,18,11
682,683,18,11
858,866,18,11
623,654,18,11
682,683,18,11
623,690,18,11
858,866,18,11
851,860,18,11
623,690,18,11
682,683,18,11
623,654,18,11
628,661,18,11
682,683,18,11
623,690,18,11
682,683,18,11
1662,1686,18,11
623,690,18,11
654,692,18,11
623,654,18,11
827,832,18,11
1613,1686,18,11
682,683,18,11
628,661,18,11
623,654,18,11
827,832,18,11
1613,1686,18,11
628,661,18,11
682,683,18,11
1613,1686,18,11
827,832,18,11
682,683,18,11
663,694,18,11
654,692,18,11
623,654,18,11
1613,1686,18,11
827,832,18,11
682,683,18,11
628,661,18,11
663,694,18,11
623,654,18,11
827,832,18,11
660,681,18,11
623,654,18,11
682,683,18,11
1613,1686,18,11
827,832,18,11
682,683,18,11
660,681,18,11
623,654,18,11
1613,1686,18,11
682,683,18,11
681,683,18,11
623,654,18,11
606,615,18,11
1613,1686,18,11
617,614,18,11
1170,1613,18,11
682,683,18,11
838,852,18,11
681,683,18,11
851,860,18,11
623,654,18,11
1613,1686,18,11
682,683,18,11
1613,1686,18,11
827,832,18,11
682,683,18,11
654,692,18,11
623,654,18,11
827,832,18,11
682,683,18,11
654,692,18,11
623,654,18,11
1613,1686,18,11
827,832,18,11
682,683,18,11
663,694,18,11
654,692,18,11
623,654,18,11
1613,1686,18,11
827,832,18,11
682,683,18,11
623,654,18,11
1613,1686,18,11
682,683,18,11
628,661,18,11
838,852,18,11
868,873,18,11
623,654,18,11
1613,1686,18,11
827,832,18,11
682,683,18,11
1613,1686,18,11
827,832,18,11
685,695,18,11
682,683,18,11
628,661,18,11
609,613,18,11
623,654,18,11
1613,1686,18,11
685,695,18,11
682,683,18,11
609,613,18,11
623,654,18,11
1613,1686,18,11
623,654,18,11
682,683,18,11
1613,1686,18,11
623,654,18,11
682,683,18,11
1613,1686,18,11
609,613,18,11
623,654,18,11
682,683,18,11
609,613,19,12
682,683,19,12
838,852,19,12
623,654,19,12
681,683,19,12
682,683,19,12
609,613,19,12
660,681,19,12
623,654,19,12
609,613,19,12
682,683,19,12
655,614,19,12
609,613,19,12
623,654,19,12
682,683,19,12
663,696,19,12
609,613,19,12
1170,1613,19,12
682,683,19,12
623,654,19,12
827,832,19,12
609,613,19,12
623,654,19,12
682,683,19,12
629,614,19,12
827,832,19,12
623,654,19,12
682,683,19,12
1170,1613,19,12
827,832,19,12
1170,1613,19,12
682,683,19,12
623,654,19,12
623,654,19,12
682,683,19,12
1170,1613,19,12
858,866,19,12
827,832,19,12
1170,1613,19,12
682,683,19,12
858,866,19,12
609,613,19,12
660,681,19,12
654,692,19,12
623,654,19,12
609,613,19,12
1170,1613,19,12
660,681,19,12
682,683,19,12
623,654,19,12
628,661,19,12
827,832,19,12
1170,1613,19,12
660,681,19,12
682,683,19,12
827,832,19,12
609,613,19,12
682,683,19,12
858,866,19,12
1170,1613,19,12
682,683,19,12
838,852,19,12
628,661,19,12
609,613,19,12
654,692,19,12
613,663,19,12
827,832,19,12
609,613,19,12
1170,1613,19,12
682,683,19,12
654,692,19,12
654,692,19,12
1170,1613,19,12
851,860,19,12
682,683,19,12
858,866,19,12
660,681,19,12
1170,1613,19,12
682,683,19,12
623,654,19,12
858,866,19,12
654,692,19,12
623,654,19,12
682,683,19,12
654,692,19,12
682,683,19,12
682,683,19,12
654,692,19,12
682,683,19,12
656,682,19,12
838,852,19,12
654,692,19,12
663,696,19,12
682,683,19,12
656,682,19,12
654,692,19,12
1170,1672,19,12
663,696,19,12
1170,1613,19,12
682,683,19,12
656,682,19,12
609,613,19,12
1170,1672,19,12
663,696,19,12
628,661,19,12
609,613,19,12
682,683,19,12
663,696,19,12
628,661,19,12
609,613,19,12
623,654,19,12
682,683,19,12
663,696,19,12
628,661,19,12
609,613,19,12
1170,1613,19,12
682,683,19,12
623,654,19,12
609,613,19,12
682,683,19,12
609,613,19,12
623,654,19,12
682,683,19,12
838,852,19,12
623,654,19,12
682,683,19,12
609,613,19,12
851,860,19,12
682,683,19,12
851,860,19,12
628,661,19,12
609,613,19,12
654,692,19,12
682,683,19,12
628,661,19,12
827,832,19,12
682,683,19,12
654,692,19,12
838,852,19,12
628,661,19,12
682,683,19,12
851,860,19,12
1170,1672,19,12
851,860,19,12
628,661,19,12
838,852,19,12
1170,1672,19,12
682,683,19,12
660,681,19,12
682,683,19,12
1170,1672,19,12
1170,1672,19,12
1170,1613,19,12
682,683,19,12
660,681,19,12
1170,1672,19,12
1170,1613,19,12
682,683,19,12
827,832,19,12
609,613,19,12
682,683,19,12
1170,1672,19,12
827,832,19,12
609,613,19,12
654,692,19,12
609,613,19,12
682,683,19,12
654,692,19,12
682,683,19,12
610,690,19,12
609,613,19,12
623,654,19,12
610,690,19,12
623,690,19,12
1613,1662,19,12
654,692,19,12
827,832,19,12
654,692,19,12
682,683,19,12
682,683,19,12
682,683,19,12
600,610,19,12
827,832,19,12
682,683,19,12
620,677,19,12
600,610,19,12
623,654,19,12
827,834,19,12
682,683,19,12
600,610,19,12
682,683,19,12
600,610,19,12
851,860,19,12
623,654,19,12
682,683,19,12
600,610,19,12
1613,1672,19,12
838,852,19,12
623,654,19,12
682,683,19,12
654,692,19,12
623,654,19,12
682,683,19,12
654,692,19,12
682,683,19,12
827,832,19,12
682,683,19,12
600,610,19,12
827,832,19,12
654,692,19,12
623,654,19,12
682,683,19,12
827,832,19,12
660,682,19,12
623,654,19,12
682,683,19,12
623,654,19,12
682,683,19,12
827,832,19,12
654,692,19,12
623,654,19,12
682,683,19,12
827,832,19,12
623,654,19,12
682,683,19,12
682,683,19,12
623,654,19,12
868,873,19,12
682,683,19,12
1170,1672,19,12
682,683,19,12
682,683,19,12
660,682,19,12
682,683,19,12
838,852,19,12
682,683,19,12
827,832,19,12
682,683,19,12
1170,1672,19,12
682,683,19,12
827,832,19,12
682,683,19,12
682,683,19,12
827,832,19,12
682,683,19,12
827,832,19,12
1170,1672,19,12
682,683,19,12
682,683,19,12
1170,1672,19,12
682,683,19,12
628,661,19,12
623,654,19,12
682,683,19,12
682,683,19,12
628,661,19,12
838,852,19,12
1170,1672,19,12
623,654,19,12
628,661,19,12
623,654,19,12
682,683,19,12
628,661,19,12
623,654,19,12
682,683,19,12
623,654,19,12
682,683,19,12
623,654,19,12
682,683,19,12
682,683,19,12
623,654,19,12
623,690,19,12
682,683,19,12
623,654,19,12
682,683,19,12
623,654,19,12
623,690,19,12
868,873,19,12
682,683,19,12
623,654,19,12
868,873,19,12
623,654,19,12
682,683,19,12
682,683,19,12
868,873,19,12
623,654,19,12
623,654,19,12
682,683,19,12
858,866,19,12
606,615,19,12
623,654,19,12
682,683,19,12
858,866,19,12
606,615,19,12
682,683,19,12
623,654,19,12
682,683,19,12
628,661,19,12
858,866,19,12
623,690,19,12
623,654,19,12
682,683,19,12
623,654,19,12
682,683,19,12
628,661,19,12
686,696,19,12
834,855,19,12
623,690,19,12
623,654,19,12
606,615,19,12
628,661,19,12
606,615,19,12
623,654,19,12
682,683,19,12
686,696,19,12
628,661,19,12
606,615,19,12
623,654,19,12
682,683,19,12
827,832,19,12
682,683,19,12
628,661,19,12
654,692,19,12
623,654,19,12
616,644,19,12
628,661,19,12
623,654,19,12
682,683,19,12
600,610,19,12
682,683,19,12
628,661,19,12
660,681,19,12
606,615,19,12
623,654,19,12
628,661,19,12
827,834,19,12
682,683,19,12
623,654,19,12
609,613,19,12
623,654,19,12
682,683,19,12
827,832,19,12
623,654,19,12
682,683,19,12
600,610,19,12
827,832,19,12
611,655,19,12
682,683,19,12
600,610,19,12
654,692,19,12
623,654,19,12
654,692,19,12
682,683,19,12
827,832,19,12
682,683,19,12
628,661,19,12
663,694,19,12
681,682,19,12
654,692,19,12
623,654,19,12
827,832,19,12
681,682,19,12
663,694,19,12
682,683,19,12
623,654,19,12
628,661,19,12
827,832,19,12
682,683,19,12
623,654,19,12
628,661,19,12
623,654,19,12
682,683,19,12
663,696,19,12
623,654,19,12
682,683,19,12
600,610,19,12
682,683,19,12
623,654,19,12
600,610,19,12
682,683,19,12
609,613,19,12
600,610,19,12
1170,1672,19,12
663,696,19,12
623,654,19,12
609,613,19,12
682,683,19,12
623,654,19,12
663,696,19,12
609,613,19,12
682,683,19,12
623,654,19,12
663,696,19,12
623,654,19,12
682,683,19,12
827,834,19,12
1170,1672,19,12
623,654,19,12
682,683,19,12
827,834,19,12
623,654,19,12
682,683,19,12
827,832,19,12
663,696,19,12
623,654,19,12
682,683,19,12
660,681,19,12
682,683,19,12
623,654,19,12
660,681,19,12
682,683,19,12
623,654,19,12
617,614,19,12
623,654,19,12
682,683,19,12
623,654,19,12
682,683,19,12
654,692,19,12
623,654,19,12
682,683,19,12
654,692,19,12
623,654,19,12
682,683,19,12
827,832,19,12
654,692,19,12
623,654,19,12
682,683,19,12
686,696,19,12
654,692,19,12
623,654,19,12
682,683,19,12
623,654,19,12
681,683,19,12
682,683,19,12
686,696,19,12
623,654,19,12
682,683,19,12
686,696,19,12
682,683,19,12
623,654,19,12
686,696,19,12
682,683,19,12
623,654,19,12
600,610,19,12
682,683,19,12
682,683,19,12
623,654,19,12
682,683,19,12
681,682,19,12
682,683,19,12
623,654,19,12
623,654,19,12
682,683,19,12
617,614,19,12
682,683,19,12
654,692,19,12
623,654,19,12
682,683,19,12
1622,1645,19,12
851,860,19,12
681,683,19,12
660,681,19,12
654,692,19,12
623,654,19,12
851,860,19,12
1170,1672,19,12
682,683,19,12
827,832,19,12
851,860,19,12
682,683,19,12
827,832,19,12
851,860,19,12
609,613,19,12
681,683,19,12
682,683,19,12
827,834,19,12
827,832,19,12
851,860,19,12
682,683,19,12
832,834,19,12
616,644,19,12
827,832,19,12
682,683,19,12
663,696,19,12
609,613,19,12
681,683,19,12
851,860,19,12
606,615,19,12
616,644,19,12
827,832,19,12
834,871,19,12
600,658,19,12
610,690,19,12
663,696,19,12
626,660,19,12
827,832,19,12
656,682,19,12
646,669,19,12
858,866,19,12
663,696,19,12
832,855,19,12
600,658,19,12
831,860,19,12
827,832,19,12
851,860,19,12
656,682,19,12
646,669,19,12
858,866,19,12
620,677,19,12
860,864,19,12
609,690,19,12
685,691,19,12
858,871,19,12
654,692,19,12
601,681,19,12
827,832,19,12
635,698,19,12
685,695,19,12
621,695,19,12
646,669,19,12
664,860,19,12
623,692,19,12
644,658,19,12
685,691,19,12
832,864,19,12
609,616,19,12
681,683,19,12
619,699,19,12
663,698,19,12
691,695,19,12
623,654,19,12
886,898,19,12
853,860,19,12
828,838,19,12
860,862,19,12
646,669,19,12
681,683,19,12
605,685,19,12
623,654,19,12
827,832,19,12
826,864,19,12
1190,1632,19,12
813,828,19,12
611,691,19,12
685,691,19,12
627,628,19,12
852,855,19,12
685,695,19,12
610,683,19,12
619,699,19,12
691,695,19,12
663,696,19,12
646,691,19,12
886,898,19,12
628,661,19,12
853,860,19,12
686,696,19,12
627,696,19,12
627,661,19,12
860,862,19,12
646,669,19,12
605,691,19,12
658,696,19,12
826,867,19,12
621,646,19,12
623,654,19,12
827,832,19,12
661,692,19,12
658,686,19,12
853,862,19,12
627,628,19,12
601,683,19,12
674,691,19,12
838,852,19,12
663,686,19,12
663,696,19,12
695,889,19,12
617,614,19,12
641,699,19,12
836,860,19,12
860,862,19,12
605,691,19,12
628,661,19,12
836,868,19,12
826,867,19,12
686,696,19,12
853,862,19,12
836,857,19,12
619,699,19,12
628,696,19,12
664,864,19,12
663,696,19,12
658,661,19,12
857,860,19,12
656,689,19,12
628,663,19,12
827,833,19,12
860,862,19,12
628,696,19,12
667,847,19,12
641,699,19,12
686,696,19,12
838,852,19,12
619,641,19,12
603,612,19,12
619,699,19,12
860,864,19,12
691,695,19,12
838,855,19,12
663,696,19,12
852,855,19,12
686,696,19,12
644,667,19,12
627,661,19,12
628,696,19,12
610,660,19,12
603,612,19,12
646,684,19,12
641,699,19,12
838,855,19,12
852,855,19,12
627,635,19,12
622,614,19,12
838,852,19,12
663,686,19,12
619,699,19,12
691,614,19,12
663,696,19,12
686,696,19,12
644,667,19,12
641,677,19,12
1164,1622,19,12
628,696,19,12
603,612,19,12
646,684,19,12
617,614,19,12
826,873,19,12
834,864,19,12
838,855,19,12
817,849,19,12
602,665,19,12
609,661,19,12
852,855,19,12
860,868,19,12
692,852,19,12
685,699,19,12
838,852,19,12
663,696,19,12
619,685,19,12
609,661,19,12
620,641,19,12
628,696,19,12
663,696,19,12
617,614,19,12
686,696,19,12
620,1622,19,12
641,677,19,12
603,612,19,12
692,838,19,12
817,849,19,12
646,684,19,12
681,691,19,12
606,615,19,12
1164,1622,19,12
810,873,19,12
615,1108,19,12
635,663,19,12
628,663,19,12
617,1108,19,12
635,686,19,12
628,696,19,12
650,614,19,12
686,696,19,12
696,817,19,12
838,852,19,12
838,855,19,12
692,838,19,12
646,1622,19,12
663,696,19,12
609,661,19,12
617,1108,19,12
635,686,19,12
628,696,19,12
696,817,19,12
628,817,19,12
826,867,19,12
1148,1667,19,12
838,852,19,12
664,867,19,12
668,1108,19,12
838,855,19,12
663,696,19,12
603,612,19,12
622,695,19,12
609,661,19,12
852,855,19,12
617,1108,19,12
628,696,19,12
616,683,19,12
1148,1667,19,12
838,852,19,12
838,855,19,12
627,694,19,12
603,612,19,12
663,696,19,12
817,847,19,12
1651,1672,19,12
609,661,19,12
635,696,19,12
838,855,19,12
813,852,19,12
663,696,19,12
810,873,19,12
609,661,19,12
694,898,19,12
641,665,19,12
602,641,19,12
656,681,19,12
810,848,19,12
694,880,19,12
660,894,19,12
619,699,19,12
663,696,19,12
602,665,19,12
656,682,19,12
1651,1672,19,12
609,661,19,12
601,849,19,12
602,641,19,12
605,691,19,12
823,893,19,12
694,880,19,12
660,894,19,12
685,691,19,12
646,684,19,12
663,696,19,12
619,691,19,12
602,665,19,12
641,665,19,12
641,665,19,12
602,641,19,12
656,681,19,12
660,894,19,12
1148,1667,19,12
685,699,19,12
621,669,19,12
656,660,19,12
646,684,19,12
663,696,19,12
602,665,19,12
605,685,19,12
661,683,19,12
609,613,19,12
803,819,19,12
656,660,19,12
663,696,19,12
602,665,19,12
661,686,19,12
685,695,19,12
685,699,19,12
609,613,19,12
1108,1671,19,12
605,685,19,12
656,660,19,12
605,619,19,12
663,696,19,12
619,685,19,12
685,695,19,12
605,691,19,12
656,681,19,12
605,619,19,12
609,613,19,12
605,685,19,12
685,691,19,12
685,699,19,12
663,696,19,12
619,691,19,12
619,685,19,12
621,684,19,12
656,682,19,12
815,898,19,12
619,695,19,12
656,681,19,12
685,699,19,12
609,613,19,12
605,685,19,12
685,691,19,12
663,696,19,12
619,691,19,12
619,685,19,12
685,695,19,12
602,641,19,12
815,898,19,12
635,696,19,12
685,691,19,12
663,696,19,12
619,685,19,12
621,684,19,12
641,665,19,12
815,898,19,12
602,641,19,12
685,699,19,12
609,613,19,12
663,696,19,12
619,685,19,12
641,684,19,12
621,684,19,12
815,898,19,12
602,641,19,12
635,696,19,12
685,699,19,12
1108,1671,19,12
646,1622,19,12
635,686,19,12
663,696,19,12
602,665,19,12
621,684,19,12
602,641,19,12
646,1622,19,12
685,699,19,12
685,691,19,12
663,696,19,12
635,663,19,12
621,684,19,12
641,665,19,12
602,641,19,12
635,696,19,12
646,1622,19,12
663,696,19,12
602,641,19,12
815,898,19,12
686,696,19,12
685,699,19,12
1108,1671,19,12
685,691,19,12
663,696,19,12
1108,1671,19,12
686,696,19,12
1108,1667,19,12
665,669,19,12
685,695,19,12
690,815,19,12
602,669,19,12
685,691,19,12
686,696,19,12
685,699,19,12
635,696,19,12
803,819,19,12
646,1622,19,12
663,696,19,12
605,685,19,12
621,684,19,12
1108,1667,19,12
635,696,19,12
686,696,19,12
685,699,19,12
1108,1671,19,12
641,665,19,12
1108,1667,19,12
635,696,19,12
686,696,19,12
644,667,19,12
641,669,19,12
635,696,19,12
619,699,19,12
660,894,19,12
635,686,19,12
686,696,19,12
1144,1662,19,12
686,696,19,12
1108,1667,19,12
665,669,19,12
665,669,19,12
1108,1667,19,12
621,641,19,12
660,894,19,12
686,696,19,12
602,665,19,12
1144,1662,19,12
621,646,19,12
609,613,19,12
603,612,19,12
663,696,19,12
665,669,19,12
641,665,19,12
609,613,19,12
641,646,19,12
663,696,19,12
817,847,19,12
635,663,19,12
603,641,19,12
1108,1667,19,12
609,613,19,12
646,665,19,12
641,646,19,12
641,669,19,12
663,696,19,12
635,663,19,12
603,641,19,12
1108,1667,19,12
635,696,19,12
661,663,19,12
660,894,19,12
692,894,19,12
641,646,19,12
817,823,19,12
663,696,19,12
661,696,19,12
609,613,19,12
1613,1658,19,12
1108,1667,19,12
609,613,19,12
663,696,19,12
660,894,19,12
1108,1667,19,12
609,613,19,12
623,696,19,12
623,661,19,12
823,847,19,12
623,661,19,12
686,696,19,12
817,847,19,12
656,694,19,12
609,613,19,12
1651,1672,19,12
609,613,19,12
817,847,19,12
623,661,19,12
656,694,19,12
609,613,19,12
623,658,19,12
623,658,19,12
823,847,19,12
1613,1658,19,12
817,847,19,12
651,661,19,12
635,661,19,12
609,613,19,12
1144,1613,19,12
1651,1672,19,12
609,613,19,12
1651,1672,19,12
609,613,19,12
1651,1672,19,12
656,694,19,12
1651,1672,19,12
1651,1672,19,12
1651,1672,19,12
623,651,19,12
656,694,19,12
656,694,19,12
1651,1672,19,12
1651,1672,19,12
656,694,19,12
1651,1672,19,12
656,694,19,12
1164,1672,19,12
656,694,19,12
1164,1672,19,12
623,651,19,12
609,613,19,12
1164,1672,19,12
1662,1686,19,12
681,694,19,12
1164,1672,19,12
656,681,19,12
656,694,19,12
1662,1686,19,12
609,613,19,12
1164,1632,19,12
609,613,19,12
1662,1686,19,12
681,694,19,12
1164,1190,19,12
609,613,19,12
681,694,19,12
1190,1632,19,12
1190,1632,19,12
1190,1632,19,12
681,694,19,12
1190,1632,19,12
1144,1662,19,12
623,661,19,12
681,694,19,12
1190,1632,19,12
1190,1632,19,12
609,635,19,12
1144,1662,19,12
609,635,19,12
1144,1662,19,12
609,635,19,12
1144,1662,19,12
609,635,19,12
609,635,19,12
894,898,19,12
609,635,19,12
623,661,19,12
1190,1632,19,12
1190,1632,19,12
1144,1662,19,12
1190,1632,19,12
623,661,19,12
1613,1672,19,12
609,613,19,12
623,661,19,12
1613,1672,19,12
609,613,19,12
1190,1686,19,12
1613,1672,19,12
1148,1686,19,12
1181,1672,19,12
1144,1613,19,12
1144,1632,19,12
1148,1686,19,12
1181,1672,19,12
1148,1686,19,12
1190,1632,19,12
1144,1662,19,12
1190,1632,19,12
1148,1686,19,12
1181,1672,19,12
1148,1632,19,12
1148,1190,19,12
1148,1686,19,12
1190,1686,19,12
1148,1686,19,12
1190,1651,19,12
1190,1651,19,12
823,847,19,12
1190,1651,19,12
1144,1190,19,12
1144,1190,19,12
1144,1190,19,12
1144,1651,19,12
1190,1651,19,12
1144,1190,19,12
1148,1672,19,12
1190,1651,19,12
1190,1651,19,12
609,613,19,12
1190,1651,19,12
1658,1686,19,12
1190,1651,19,12
661,690,19,12
1190,1651,19,12
616,661,19,12
1190,1651,19,12
616,661,19,12
1190,1651,19,12
1190,1651,19,12
1658,1686,19,12
1190,1651,19,12
1190,1651,19,12
1190,1651,19,12
1190,1651,19,12
1190,1651,19,12
1164,1645,19,12
1190,1632,19,12
1181,1662,19,12
1108,1671,19,12
1144,1632,19,12
1645,1671,19,12
1190,1632,19,12
1148,1658,20,13
1108,1671,20,13
1645,1671,20,13
1190,1632,20,13
1645,1671,20,13
1190,1632,20,13
613,654,20,13
1108,1671,20,13
1108,1671,20,13
1108,1671,20,13
1108,1671,20,13
1108,1671,20,13
1108,1671,20,13
1658,1686,20,13
1148,1658,20,13
1108,1671,20,13
1148,1658,20,13
1148,1658,20,13
1658,1686,20,13
894,898,20,13
1170,1672,20,13
1108,1671,20,13
894,898,20,13
1108,1671,20,13
1108,1671,20,13
1170,1181,20,13
1170,1181,20,13
1672,1686,20,13
1170,1662,20,13
613,690,20,13
1181,1672,20,13
888,890,20,13
888,890,20,13
875,882,20,13
1108,1671,20,13
1108,1671,20,13
1645,1671,20,13
1651,1672,20,13
1651,1672,20,13
1651,1672,20,13
1651,1672,20,13
616,667,20,13
1632,1686,20,13
1632,1686,20,13
1632,1686,20,13
1632,1686,20,13
1632,1686,20,13
1632,1686,20,13
882,889,20,13
1651,1686,20,13
1651,1686,20,13
1144,1667,20,13
1651,1686,20,13
1651,1686,20,13
1144,1667,20,13
1632,1686,20,13
1651,1686,20,13
1632,1686,20,13
1632,1651,20,13
1632,1651,20,13
1144,1632,20,13
1144,1686,20,13
1622,1632,20,13
1148,1632,20,13
1148,1632,20,13
1622,1632,20,13
1622,1632,20,13
1622,1632,20,13
1148,1686,20,13
1148,1686,20,13
1622,1632,20,13
1622,1632,20,13
1170,1686,20,13
1170,1686,20,13
1170,1686,20,13
894,898,20,13
1170,1622,20,13
1170,1686,20,13
1622,1632,20,13
1170,1622,20,13
1622,1632,20,13
1170,1686,20,13
1622,1686,20,13
665,691,20,13
602,665,20,13
1632,1686,20,13
1170,1686,20,13
641,684,20,13
1622,1686,20,13
802,853,20,13
634,866,20,13
634,831,20,13
1622,1632,20,13
1632,1686,20,13
831,836,20,13
1632,1686,20,13
1170,1686,20,13
1170,1632,20,13
1622,1632,20,13
831,860,20,13
1170,1686,20,13
1622,1686,20,13
634,866,20,13
813,838,20,13
838,852,20,13
1170,1632,20,13
634,871,20,13
1622,1632,20,13
831,860,20,13
1170,1686,20,13
646,1632,20,13
646,853,20,13
634,866,20,13
838,852,20,13
1622,1632,20,13
831,860,20,13
615,832,20,13
646,1632,20,13
634,866,20,13
646,1622,20,13
606,615,20,13
1622,1632,20,13
813,838,20,13
646,1632,20,13
634,866,20,13
620,677,20,13
646,1622,20,13
606,615,20,13
1622,1632,20,13
669,1190,20,13
1170,1686,20,13
1632,1651,20,13
646,1632,20,13
646,1622,20,13
669,1190,20,13
1632,1651,20,13
646,1686,20,13
689,827,20,13
669,1190,20,13
1632,1686,20,13
1170,1686,20,13
1622,1686,20,13
1622,1632,20,13
669,1190,20,13
1170,1686,20,13
1632,1686,20,13
691,864,20,13
689,827,20,13
1622,1632,20,13
669,1190,20,13
1170,1686,20,13
1622,1686,20,13
1148,1190,20,13
669,1190,20,13
1170,1686,20,13
1170,1686,20,13
1170,1686,20,13
677,1190,20,13
1144,1190,20,13
1651,1686,20,13
674,677,20,13
669,687,20,13
1170,1686,20,13
1144,1190,20,13
669,687,20,13
1170,1686,20,13
1144,1190,20,13
669,687,20,13
1170,1686,20,13
1144,1190,20,13
674,1144,20,13
669,687,20,13
669,1190,20,13
1170,1686,20,13
677,1144,20,13
669,1190,20,13
1170,1686,20,13
687,1190,20,13
669,687,20,13
669,1190,20,13
1170,1686,20,13
669,1190,20,13
677,1144,20,13
669,1190,20,13
669,1190,20,13
674,1144,20,13
669,1190,20,13
669,1190,20,13
669,1190,20,13
669,1190,20,13
669,1190,20,13
674,1144,20,13
669,1190,20,13
669,1190,20,13
669,1190,20,13
669,1190,20,13
669,1190,20,13
669,1190,20,13
669,1190,20,13
669,1190,20,13
669,1190,20,13
669,1190,20,13
669,1190,20,13
669,1190,20,13
669,1190,20,13
669,1190,20,13
669,1190,20,13
669,1190,20,13
1170,1686,20,13
669,1190,20,13
677,1144,20,13
669,1190,20,13
669,1190,20,13
669,1190,20,13
669,1190,20,13
669,1190,20,13
669,1190,20,13
669,1190,20,13
669,1190,20,13
669,1190,20,13
669,1190,20,13
669,1190,20,13
669,1190,20,13
669,1190,20,13
669,1190,20,13
629,669,20,13
669,1190,20,13
669,1190,20,13
669,1190,20,13
669,1190,20,13
669,1190,20,13
669,1190,20,13
669,1190,20,13
669,1190,20,13
669,1190,20,13
669,1190,20,13
669,1190,20,13
669,1190,20,13
669,1190,20,13
669,1190,20,13
669,1190,21,14
669,1190,21,14
669,1190,21,14
669,1190,21,14
669,1190,21,14
1622,1632,21,14
669,1190,21,14
1190,1632,21,14
669,1190,21,14
1190,1632,21,14
669,1190,21,14
669,1632,21,14
669,1190,21,14
1190,1632,21,14
669,1632,21,14
669,1190,21,14
1190,1632,21,14
669,1632,21,14
1190,1632,21,14
669,1190,21,14
669,1190,21,14
821,886,21,14
669,1190,21,14
669,1190,21,14
669,1190,21,14
1492,1678,21,14
831,860,21,14
831,860,21,14
831,860,21,14
1170,1686,21,14
1170,1686,21,14
602,665,28,15
602,665,28,15
601,827,28,15
601,827,28,15
609,635,28,15
601,854,28,15
822,857,28,15
831,860,28,15
831,860,28,15
854,857,28,15
831,860,28,15
854,857,28,15
827,833,28,15
831,854,28,15
813,854,28,15
827,830,28,15
827,830,28,15
810,857,28,15
821,886,28,15
821,886,28,15
813,857,28,15
821,886,28,15
821,886,28,15
841,854,28,15
621,1492,28,15
854,857,28,15
813,857,28,15
621,684,28,15
641,699,28,15
854,857,28,15
621,641,28,15
641,699,28,15
615,1613,28,15
841,854,28,15
621,641,28,15
621,684,28,15
854,857,28,15
813,854,28,15
621,641,28,15
621,684,28,15
852,854,28,15
813,857,28,15
854,857,28,15
858,866,28,15
621,641,28,15
854,857,28,15
852,857,28,15
852,854,28,15
621,684,28,15
813,852,28,15
621,641,28,15
621,684,28,15
852,857,28,15
852,854,28,15
641,684,28,15
854,857,28,15
858,866,28,15
641,649,28,15
621,684,28,15
852,854,28,15
854,857,28,15
853,862,28,15
649,684,28,15
813,852,28,15
628,667,28,15
831,860,28,15
621,684,28,15
854,857,28,15
828,858,28,15
621,684,28,15
853,858,28,15
854,857,28,15
1190,1686,28,15
854,857,28,15
853,858,28,15
1190,1686,28,15
641,698,28,15
857,1622,28,15
1190,1686,28,15
821,886,28,15
828,858,28,15
854,857,28,15
857,1622,28,15
854,857,28,15
641,699,28,15
857,1622,28,15
619,1645,28,15
827,832,28,15
828,866,28,15
641,699,28,15
1170,1613,28,15
641,1622,28,15
641,857,28,15
641,699,28,15
1190,1644,28,15
857,1622,28,15
641,1622,28,15
1170,1613,28,15
857,1622,28,15
641,857,28,15
841,853,28,15
1170,1613,28,15
641,1622,28,15
641,857,28,15
841,853,28,15
699,857,28,15
1632,1671,28,15
857,1622,28,15
1170,1672,28,15
1170,1613,28,15
641,699,28,15
1613,1672,28,15
1622,1645,28,15
827,832,28,15
1170,1613,28,15
1622,1645,28,15
858,860,28,15
1632,1671,28,15
619,641,28,15
1632,1686,28,15
1170,1613,28,15
1613,1671,28,15
858,860,28,15
1632,1671,28,15
1632,1645,28,15
1632,1644,28,15
1170,1632,28,15
828,831,28,15
854,866,28,15
852,853,28,15
858,860,28,15
1632,1671,28,15
1645,1671,28,15
830,831,28,15
1170,1672,28,15
832,834,28,15
852,853,28,15
603,684,28,15
1632,1671,28,15
1613,1672,28,15
1181,1651,28,15
1645,1671,28,15
1645,1671,28,15
1645,1671,28,15
662,687,28,15
662,678,28,15
1645,1671,28,15
1108,1644,28,15
1645,1671,28,15
1108,1644,28,15
1645,1671,28,15
1108,1644,28,15
1645,1671,28,15
1190,1686,28,15
1629,1678,28,15
1645,1671,28,15
1190,1686,28,15
1645,1671,28,15
1108,1601,28,15
1660,1679,28,15
1645,1671,28,15
1190,1686,28,15
1645,1671,28,15
1190,1686,28,15
1645,1671,28,15
1190,1686,28,15
1645,1671,28,15
1190,1686,28,15
1645,1671,28,15
875,893,28,15
1645,1671,28,15
1190,1686,28,15
1645,1671,28,15
1190,1686,28,15
1645,1671,28,15
1170,1672,28,15
1645,1671,28,15
1190,1686,28,15
1645,1671,28,15
1645,1671,28,15
1492,1613,28,15
1492,1613,28,15
1148,1658,28,15
1148,1658,29,16
806,819,29,16
1492,1613,29,16
812,819,29,16
821,890,29,16
888,890,29,16
812,822,29,16
1170,1672,29,16
1170,1672,29,16
1190,1686,29,16
1190,1686,29,16
1492,1613,29,16
1190,1686,29,16
1492,1613,29,16
1492,1613,29,16
1190,1686,29,16
1190,1686,29,16
1170,1672,29,16
1170,1672,29,16
1170,1672,29,16
1170,1672,29,16
1170,1672,29,16
1170,1672,29,16
1632,1674,29,16
1632,1674,29,16
1492,1613,29,16
1170,1672,29,16
1492,1613,29,16
1613,1672,29,16
1170,1672,29,16
1170,1672,29,16
1190,1686,29,16
1170,1672,29,16
1190,1686,29,16
1190,1686,29,16
1190,1686,29,16
1645,1671,29,16
1645,1671,29,16
1645,1671,29,16
1645,1671,29,16
1645,1671,29,16
1170,1672,29,16
1645,1671,29,16
1190,1686,29,16
1645,1671,29,16
1190,1686,29,16
1645,1671,29,16
1645,1671,29,16
1645,1671,29,16
1170,1672,29,16
1645,1671,29,16
1645,1671,29,16
822,890,29,16
1190,1686,29,16
1645,1671,29,16
1645,1671,29,16
1190,1686,29,16
1645,1671,29,16
1190,1686,29,16
1645,1671,29,16
1645,1671,29,16
1645,1671,29,16
1645,1671,29,16
1645,1671,29,16
1645,1671,29,16
1645,1671,29,16
1190,1686,29,16
1645,1671,29,16
1190,1686,29,16
803,888,29,16
1645,1671,29,16
1190,1686,29,16
1645,1671,29,16
1190,1686,29,16
1492,1613,29,16
1645,1671,29,16
1645,1674,29,16
1645,1671,29,16
1645,1671,29,16
1645,1671,29,16
1645,1671,29,16
1492,1613,29,16
1645,1671,29,16
1492,1613,29,16
1645,1671,29,16
1492,1613,29,16
1144,1662,29,16
1645,1671,29,16
1492,1613,29,16
1645,1671,29,16
1613,1672,29,16
1645,1671,29,16
1645,1671,29,16
1645,1671,29,16
875,880,29,16
1645,1671,29,16
1645,1671,29,16
1645,1671,29,16
1645,1671,29,16
880,886,29,16
1645,1671,29,16
1645,1671,29,16
1645,1671,29,16
1645,1671,29,16
1645,1671,29,16
1645,1671,29,16
1613,1672,29,16
1613,1672,29,16
1613,1672,29,16
1613,1672,29,16
1190,1686,29,16
1613,1672,29,16
1613,1672,29,16
1190,1686,29,16
1190,1686,29,16
1492,1613,29,16
1190,1686,29,16
1492,1613,29,16
1190,1686,29,16
1492,1613,29,16
891,896,29,16
1190,1686,29,16
1170,1672,29,16
1170,1672,29,16
1190,1686,29,16
1660,1679,29,16
1660,1679,29,16
1660,1679,29,16
1660,1679,29,16
1613,1672,29,16
1645,1671,29,16
1660,1679,29,16
1613,1672,29,16
1660,1679,29,16
1613,1672,29,16
1645,1671,29,16
1170,1672,29,16
1613,1672,29,16
1170,1672,29,16
1645,1671,29,16
1170,1672,29,16
1645,1671,29,16
1170,1672,29,16
1651,1674,29,16
1645,1671,29,16
1645,1671,29,16
1645,1671,29,16
1645,1671,29,16
1190,1686,29,16
1645,1671,29,16
1190,1686,29,16
1170,1672,29,16
1645,1671,29,16
1492,1613,29,16
1170,1672,29,16
1645,1671,29,16
1170,1672,29,16
1645,1671,29,16
1645,1671,29,16
1645,1671,29,16
1645,1671,29,16
888,890,29,16
1645,1671,29,16
1190,1686,29,16
1645,1671,29,16
1645,1671,29,16
1190,1686,29,16
1645,1671,29,16
1190,1686,29,16
1660,1679,29,16
1645,1671,29,16
1190,1686,29,16
1144,1662,29,16
1645,1671,29,16
1190,1686,29,16
1645,1671,29,16
1190,1686,29,16
1645,1671,29,16
1645,1671,29,16
1645,1671,29,16
1645,1671,29,16
1645,1671,29,16
882,888,29,16
1645,1671,29,16
888,890,29,16
1645,1671,29,16
1645,1671,29,16
1645,1671,29,16
1190,1686,29,16
1645,1671,29,16
1645,1671,29,16
1645,1671,29,16
1190,1686,29,16
1645,1671,29,16
1190,1686,29,16
1645,1671,29,16
1613,1672,29,16
1190,1686,29,16
1645,1671,29,16
1190,1686,29,16
1144,1662,29,16
1645,1671,29,16
1613,1672,29,16
1190,1686,29,16
1645,1671,29,16
1613,1672,29,16
1190,1686,29,16
1190,1686,29,16
1190,1686,29,16
1645,1671,29,16
1190,1686,29,16
1645,1671,29,16
1190,1686,29,16
1645,1671,29,16
1190,1686,29,16
1660,1679,29,16
1645,1671,29,16
1660,1679,29,16
1660,1679,29,16
623,661,29,16
1645,1671,29,16
1645,1671,29,16
1645,1671,29,16
1492,1613,29,16
1170,1672,29,16
1190,1686,29,16
1190,1686,29,16
1613,1672,29,16
1190,1686,29,16
1645,1671,29,16
1645,1671,29,16
1645,1671,29,16
1190,1686,29,16
1645,1671,29,16
1190,1686,29,16
1492,1613,29,16
1492,1613,29,16
1492,1613,29,16
1492,1613,29,16
1645,1671,29,16
1492,1613,29,16
1645,1671,29,16
1492,1613,29,16
1645,1671,29,16
1492,1613,29,16
1645,1671,29,16
1170,1672,29,16
1492,1613,29,16
1645,1671,29,16
1645,1671,29,16
1645,1671,29,16
623,661,29,16
623,661,29,16
1645,1671,29,16
1645,1671,29,16
623,661,29,16
1645,1671,29,16
623,661,29,16
623,661,29,16
1645,1671,29,16
623,661,29,16
623,661,29,16
1645,1671,29,16
623,661,29,16
623,661,29,16
1492,1613,29,16
1190,1686,29,16
1645,1671,29,16
1190,1686,29,16
623,661,29,16
1645,1671,29,16
1645,1671,29,16
1645,1671,29,16
1492,1613,29,16
1492,1613,29,16
1645,1671,29,16
1492,1613,29,16
1645,1671,29,16
1492,1613,29,16
1645,1671,29,16
1492,1613,29,16
1645,1671,29,16
1492,1613,29,16
1613,1672,29,16
1190,1686,29,16
1492,1613,29,16
1645,1671,29,16
1492,1613,29,16
1645,1671,29,16
1492,1613,29,16
1645,1671,29,16
1492,1613,29,16
1645,1671,29,16
1492,1613,30,17
1645,1671,30,17
1645,1671,30,17
1645,1671,30,17
1613,1672,30,17
1645,1671,30,17
1645,1671,30,17
1645,1671,30,17
1645,1671,30,17
1492,1613,30,17
1492,1613,30,17
1492,1613,30,17
1144,1662,30,17
1170,1672,30,17
1170,1672,30,17
1190,1686,30,17
1492,1613,30,17
1190,1686,30,17
1108,1644,30,17
807,888,30,17
1164,1679,30,17
1108,1644,30,17
821,890,30,17
807,893,30,17
1108,1645,30,17
1108,1644,30,17
821,890,30,17
655,695,30,17
1645,1671,30,17
1144,1645,30,17
1190,1686,30,17
1622,1645,30,17
1144,1644,30,17
1181,1674,30,17
821,893,30,17
1632,1671,30,17
646,1645,30,17
1190,1686,30,17
646,1622,30,17
1622,1645,30,17
646,1622,30,17
1181,1674,30,17
1632,1671,30,17
646,1645,30,17
1190,1686,30,17
890,898,30,17
1108,1644,30,17
1190,1686,30,17
1181,1674,30,17
1144,1644,30,17
1170,1672,30,17
1108,1644,30,17
821,890,30,17
1108,1144,30,17
687,1662,30,17
1190,1686,30,17
1144,1644,30,17
1492,1678,30,17
1181,1190,30,17
687,1148,30,17
1108,1644,30,17
821,890,30,17
1108,1144,30,17
1672,1674,30,17
819,824,30,17
687,1190,30,17
1144,1644,30,17
1492,1678,30,17
815,891,30,17
1108,1644,30,17
1622,1645,30,17
1108,1144,30,17
1144,1644,30,17
1672,1674,30,17
687,1190,30,17
689,695,30,17
1492,1678,30,17
815,891,30,17
1108,1644,30,17
684,699,30,17
1108,1144,30,17
1164,1645,30,17
1662,1672,30,17
1144,1644,30,17
646,1164,30,17
1492,1678,30,17
1108,1644,30,17
601,884,30,17
684,699,30,17
1108,1144,30,17
886,890,30,17
605,695,30,17
887,890,30,17
1144,1644,30,17
1144,1644,30,17
1108,1644,30,17
1632,1671,30,17
1629,1667,30,17
815,891,30,17
1108,1644,30,17
821,890,30,17
1108,1144,30,17
1164,1645,30,17
886,890,30,17
821,893,30,17
892,896,30,17
646,1164,30,17
821,888,30,17
600,884,30,17
1108,1644,30,17
1108,1144,30,17
1164,1645,30,17
821,893,30,17
619,699,30,17
1144,1644,30,17
646,1164,30,17
602,691,30,17
1108,1644,30,17
1108,1144,30,17
1144,1644,30,17
663,686,30,17
619,699,30,17
646,1164,30,17
602,691,30,17
600,884,30,17
1108,1644,30,17
1108,1144,30,17
821,886,30,17
888,890,30,17
619,699,30,17
1144,1644,30,17
646,1164,30,17
1492,1678,30,17
1644,1667,30,17
600,884,30,17
1108,1644,30,17
663,686,30,17
1622,1645,30,17
1108,1144,30,17
636,822,30,17
619,689,30,17
684,689,30,17
619,699,30,17
1144,1644,30,17
646,1164,30,17
636,691,30,17
1144,1667,30,17
815,891,30,17
1108,1644,30,17
621,695,30,17
1622,1645,30,17
1108,1144,30,17
821,886,30,17
888,890,30,17
622,699,30,17
656,891,30,17
605,695,30,17
1108,1667,30,17
1144,1644,30,17
646,1164,30,17
689,699,30,17
663,696,30,17
815,891,30,17
1108,1644,30,17
1622,1645,30,17
1108,1667,30,17
1108,1144,30,17
1144,1667,30,17
1144,1644,30,17
646,1164,30,17
619,1164,30,17
635,694,30,17
1672,1678,30,17
1108,1644,30,17
1622,1645,30,17
1170,1678,30,17
689,1651,30,17
684,689,30,17
646,1164,30,17
619,1164,30,17
1672,1678,30,17
1108,1644,30,17
1622,1645,30,17
1170,1678,30,17
663,686,30,17
1170,1672,30,17
812,821,30,17
1108,1644,30,17
1622,1645,30,17
1108,1667,30,17
1164,1645,30,17
888,890,30,17
663,686,30,17
605,695,30,17
1144,1644,30,17
646,1164,30,17
663,696,30,17
1644,1667,30,17
619,689,30,17
891,894,30,17
1622,1645,30,17
1164,1645,30,17
888,890,30,17
1190,1632,30,17
1108,1644,30,17
641,1190,30,17
1613,1672,30,17
1170,1672,30,17
663,696,30,17
1644,1667,30,17
1108,1644,30,17
1622,1645,30,17
1108,1667,30,17
1601,1678,30,17
888,890,30,17
663,686,30,17
1644,1667,30,17
891,894,30,17
1144,1644,30,17
646,1164,30,17
656,891,30,17
1108,1644,30,17
821,890,30,17
1622,1645,30,17
888,890,30,17
663,686,30,17
891,894,30,17
619,1164,30,17
656,891,30,17
1644,1667,30,17
621,662,30,17
1108,1644,30,17
1622,1645,30,17
1144,1667,30,17
684,689,30,17
646,1164,30,17
619,1164,30,17
621,684,30,17
1108,1644,30,17
636,692,30,17
1622,1645,30,17
888,892,30,17
821,892,30,17
616,692,30,17
1144,1667,30,17
689,1651,30,17
684,689,30,17
646,1164,30,17
619,1164,30,17
1170,1613,30,17
1108,1644,30,17
1622,1645,30,17
886,890,30,17
656,891,30,17
1108,1674,30,17
1144,1667,30,17
1613,1672,30,17
1170,1672,30,17
619,1164,30,17
1672,1678,30,17
1170,1613,30,17
689,1651,30,17
1622,1645,30,17
1613,1678,30,17
888,890,30,17
1144,1667,30,17
603,1649,30,17
1613,1672,30,17
1170,1672,30,17
1170,1613,30,17
689,1651,30,17
1622,1645,30,17
1613,1678,30,17
822,890,30,17
1148,1678,30,17
1613,1672,30,17
1170,1672,30,17
641,1108,30,17
1170,1613,30,17
1622,1645,30,17
1601,1644,30,17
692,696,30,17
1613,1678,30,17
628,696,30,17
888,890,30,17
622,691,30,17
656,891,30,17
891,894,30,17
1148,1678,30,17
1613,1672,30,17
1170,1672,30,17
683,696,30,17
646,1164,30,17
619,1164,30,17
603,1649,30,17
619,1645,30,17
650,677,30,17
1622,1645,30,17
628,696,30,17
648,651,30,17
888,890,30,17
628,683,30,17
621,689,30,17
603,1649,30,17
683,696,30,17
1170,1672,30,17
619,1164,30,17
619,646,30,17
602,1678,30,17
1622,1645,30,17
689,1674,30,17
621,1674,30,17
888,890,30,17
677,1144,30,17
616,692,30,17
603,1649,30,17
1170,1672,30,17
619,1164,30,17
1613,1672,30,17
1622,1645,30,17
888,890,30,17
603,1649,30,17
1651,1686,30,17
646,1164,30,17
1622,1645,30,17
638,1108,30,17
616,692,30,17
616,681,30,17
603,1649,30,17
1613,1672,30,17
621,1674,30,17
619,646,30,17
684,1678,30,17
1622,1645,30,17
689,1674,30,17
821,897,30,17
1181,1674,30,17
888,890,30,17
616,628,30,17
603,1649,30,17
619,1164,30,17
1622,1645,30,17
1601,1644,30,17
605,695,30,17
646,1645,30,17
1170,1672,30,17
621,1674,30,17
619,646,30,17
603,1649,30,17
621,684,30,17
616,696,30,17
1622,1645,30,17
1601,1644,30,17
689,1181,30,17
1181,1674,30,17
1170,1613,30,17
619,1622,30,17
686,696,30,17
605,695,30,17
1613,1672,30,17
1170,1672,30,17
646,1164,30,17
684,1674,30,17
663,696,30,17
619,646,30,17
603,1649,30,17
1622,1645,30,17
663,696,30,17
888,890,30,17
619,1622,30,17
677,691,30,17
691,1144,30,17
603,1649,30,17
619,1645,30,17
621,684,30,17
684,1678,30,17
1622,1645,30,17
689,1674,30,17
621,1674,30,17
677,1144,30,17
691,1144,30,17
603,1649,30,17
684,689,30,17
619,1622,30,17
628,648,30,17
619,1164,30,17
667,683,30,17
621,684,30,17
684,1678,30,17
1622,1645,30,17
641,695,30,17
1164,1645,30,17
619,1164,30,17
1181,1674,30,17
888,890,30,17
619,1622,30,17
677,691,30,17
691,1144,30,17
603,1649,30,17
684,689,30,17
684,1674,30,17
1170,1672,30,17
621,1674,30,17
600,884,30,17
621,684,30,17
1622,1645,30,17
1601,1644,30,17
641,695,30,17
602,695,30,17
650,691,30,17
603,1649,30,17
619,1622,30,17
684,1678,30,17
1190,1667,30,17
605,695,30,17
684,689,30,17
1613,1672,30,17
684,1181,30,17
684,1674,30,17
677,691,30,17
1148,1190,30,17
1644,1667,30,17
619,1645,30,17
1622,1645,30,17
641,695,30,17
602,695,30,17
689,1181,30,17
1632,1671,30,17
677,691,30,17
691,1144,30,17
1164,1622,30,17
821,888,30,17
1148,1190,30,17
619,646,30,17
603,1649,30,17
621,684,30,17
641,695,30,17
689,1674,30,17
689,1181,30,17
616,651,30,17
1181,1674,30,17
888,890,30,17
1632,1671,30,17
621,689,30,17
603,1649,30,17
684,689,30,17
684,1674,30,17
684,1181,30,17
1170,1672,30,17
689,1678,30,17
1164,1622,30,17
821,890,30,17
689,1674,30,17
661,667,30,17
602,695,30,17
1181,1674,30,17
616,651,30,17
651,661,30,17
616,661,30,17
1632,1671,30,17
621,689,30,17
603,1649,30,17
689,1181,30,17
684,1181,30,17
616,667,30,17
663,696,30,17
1148,1190,30,17
821,888,30,17
621,689,30,17
1164,1645,30,17
1181,1674,30,17
1190,1632,30,17
1632,1671,30,17
677,691,30,17
880,897,30,17
602,695,30,17
603,1649,30,17
684,1181,30,17
684,1674,30,17
1164,1622,30,17
619,1645,30,17
662,1108,30,17
1190,1671,30,17
619,684,30,17
621,1678,30,17
616,651,30,17
1181,1674,30,17
888,890,30,17
1632,1671,30,17
1190,1632,30,17
603,1649,30,17
1613,1672,30,17
1190,1660,30,17
887,891,30,17
646,689,30,17
616,692,30,17
606,615,30,17
621,689,30,17
661,667,30,17
602,695,30,17
1181,1674,30,17
1148,1686,30,17
1632,1671,30,17
677,691,30,17
621,646,30,17
603,1649,30,17
1632,1674,30,17
1651,1686,30,17
646,689,30,17
619,684,30,17
1613,1632,30,17
1181,1622,30,17
602,695,30,17
616,651,30,17
1181,1674,30,17
603,1649,30,17
1632,1671,30,17
677,691,30,17
621,646,30,17
615,646,30,17
1144,1645,30,17
1651,1686,30,17
1190,1660,30,17
1170,1672,30,17
646,689,30,17
1644,1672,30,17
619,684,30,17
1622,1632,30,17
650,677,30,17
648,663,30,17
650,691,30,17
619,684,30,17
1164,1622,30,17
602,695,30,17
1632,1645,30,17
621,646,30,17
605,695,30,17
648,686,30,17
622,691,30,17
677,691,30,17
621,689,30,17
1190,1686,30,17
1644,1672,30,17
662,1108,30,17
662,689,30,17
1181,1674,30,17
1181,1622,30,17
603,1649,30,17
628,648,30,17
646,689,30,17
882,886,30,17
821,890,30,17
602,695,30,17
677,691,30,17
621,646,30,17
622,691,30,17
1148,1679,30,17
646,689,30,17
619,684,30,17
1164,1622,30,17
882,886,30,17
648,696,30,17
648,663,30,17
622,691,30,17
628,648,30,17
619,662,30,17
1164,1622,30,17
621,646,30,17
602,695,30,17
605,695,30,17
1108,1190,30,17
662,684,30,17
646,689,30,17
677,691,30,17
619,684,30,17
1108,1679,30,17
603,1649,30,17
882,886,30,17
646,662,30,17
648,663,30,17
622,691,30,17
662,684,30,17
662,689,30,17
619,649,30,17
677,691,30,17
621,646,30,17
648,696,30,17
1108,1190,30,17
628,648,30,17
646,684,30,17
646,689,30,17
1108,1679,30,17
619,699,30,17
1658,1679,30,17
619,649,30,17
821,890,30,17
648,696,30,17
628,696,30,17
628,648,30,17
677,691,30,17
603,1649,30,17
684,689,30,17
619,699,30,17
649,699,30,17
622,691,30,17
890,892,30,17
677,691,30,17
621,646,30,17
880,896,30,17
684,689,30,17
619,699,30,17
1190,1686,30,17
650,677,30,17
821,888,30,17
603,1649,30,17
686,696,30,17
1108,1644,30,17
648,696,30,17
628,696,30,17
819,890,30,17
1108,1672,30,17
650,691,30,17
611,619,30,17
677,691,30,17
888,890,30,17
603,1649,30,17
684,689,30,17
619,699,30,17
1190,1686,30,17
628,648,30,17
1164,1679,30,17
648,696,30,17
628,696,30,17
650,677,30,17
677,691,30,17
619,699,30,17
1190,1686,30,17
644,651,30,17
821,888,30,17
1492,1613,30,17
649,699,30,17
628,696,30,17
622,691,30,17
628,648,30,17
677,691,30,17
646,695,30,17
619,699,30,17
1190,1686,30,17
689,699,30,17
611,699,30,17
1108,1613,30,17
1492,1613,30,17
648,696,30,17
628,648,30,17
650,677,30,17
621,646,30,17
1108,1644,30,17
619,699,30,17
1190,1686,30,17
689,699,30,17
619,689,30,17
641,662,30,17
641,695,30,17
628,696,30,17
648,696,30,17
684,689,30,17
619,699,30,17
695,685,30,17
620,662,30,17
1108,1613,30,17
648,696,30,17
628,696,30,17
616,661,30,17
684,689,30,17
619,699,30,17
648,696,30,17
628,696,30,17
650,677,30,17
611,619,30,17
684,689,30,17
619,699,30,17
1190,1686,30,17
691,695,30,17
695,685,30,17
882,886,30,17
662,695,30,17
628,696,30,17
611,619,30,17
691,685,30,17
648,696,30,17
684,689,30,17
619,699,30,17
691,695,30,17
882,886,30,17
628,696,30,17
611,619,30,17
621,685,30,17
1108,1644,30,17
648,696,30,17
684,689,30,17
619,699,30,17
691,695,30,17
611,699,30,17
882,886,30,17
628,696,30,17
648,696,30,17
684,689,30,17
619,699,30,17
691,695,30,17
1492,1613,30,17
691,695,30,17
1492,1613,30,17
695,685,30,17
619,695,30,17
882,886,30,17
602,691,30,17
1492,1613,30,17
882,886,30,17
882,886,30,17
882,886,30,17
882,886,30,17
1190,1686,30,17
1190,1686,30,17
1613,1672,30,17
1190,1686,30,17
1190,1686,30,17
1190,1686,30,17
1629,1667,30,17
1190,1686,30,17
1613,1672,30,17
1190,1686,30,17
1613,1672,30,17
1190,1686,30,17
882,886,30,17
1190,1686,30,17
1190,1686,30,17
882,886,30,17
1190,1686,30,17
1190,1686,30,17
1190,1686,30,17
1492,1613,30,17
882,886,30,17
1190,1686,30,17
1492,1613,30,17
882,886,30,17
1190,1686,30,17
1170,1672,30,17
882,886,30,17
1190,1686,30,17
882,886,30,17
882,886,30,17
1190,1686,30,17
1492,1613,30,17
1190,1686,30,17
1190,1686,30,17
860,869,30,17
1190,1686,30,17
1170,1672,30,17
1492,1613,30,17
1190,1686,30,17
1170,1672,30,17
1190,1686,30,17
1170,1672,30,17
1190,1686,30,17
1190,1686,30,17
1170,1672,30,17
1190,1686,30,17
623,692,30,17
1492,1613,30,17
1190,1686,30,17
1190,1686,30,17
1170,1672,30,17
1190,1686,30,17
623,692,30,17
1190,1686,30,17
1190,1686,30,17
1190,1686,30,17
1629,1667,30,17
1190,1686,30,17
1190,1686,30,17
1190,1686,30,17
1190,1686,30,17
1660,1679,30,17
1190,1686,30,17
815,891,30,17
1645,1671,30,17
1190,1686,30,17
1108,1644,30,17
1108,1644,30,17
1660,1679,30,17
1108,1644,30,17
1660,1679,30,17
1660,1679,30,17
1190,1686,30,17
1190,1686,30,17
1190,1686,30,17
1660,1679,30,17
1190,1686,30,17
1190,1686,30,17
1190,1686,30,17
1190,1686,30,17
1190,1686,30,17
1190,1686,30,17
1660,1679,30,17
1190,1686,30,17
1660,1679,30,17
1660,1679,30,17
1613,1672,30,17
1613,1672,30,17
623,661,30,17
1170,1672,30,17
888,890,30,17
1170,1672,30,17
1190,1686,30,17
1190,1686,30,17
1660,1679,30,17
1645,1671,30,17
1660,1679,30,17
1190,1686,30,17
1190,1686,30,17
1190,1686,30,17
1190,1686,30,17
1190,1686,30,17
1190,1686,30,17
1190,1686,30,17
1190,1686,30,17
1190,1686,30,17
1613,1672,30,17
1190,1686,30,17
1613,1672,30,17
833,860,30,17
1190,1686,30,17
1190,1686,30,17
1660,1679,30,17
1660,1679,30,17
1170,1672,30,17
1660,1679,30,17
1170,1672,30,17
1170,1672,30,17
1170,1672,30,17
1170,1672,30,17
602,691,30,17
1660,1679,30,17
1190,1686,30,17
1170,1672,30,17
1645,1671,30,17
1190,1686,30,17
1645,1671,30,17
1190,1686,30,17
1645,1671,30,17
1190,1686,30,17
1190,1686,30,17
1190,1686,30,17
1492,1613,30,17
1190,1686,30,17
1170,1672,30,17
1190,1686,30,17
1660,1679,30,17
1190,1686,30,17
1660,1679,30,17
1108,1644,30,17
1660,1679,30,17
1108,1644,30,17
1679,1686,30,17
1190,1686,30,17
1108,1644,30,17
1190,1686,30,17
1108,1644,30,17
1108,1644,30,17
1108,1644,31,18
1108,1644,31,18
1108,1644,31,18
1108,1644,31,18
1632,1671,31,18
1108,1644,31,18
1190,1686,31,18
1108,1644,31,18
1190,1686,31,18
1190,1686,31,18
1108,1644,31,18
1108,1644,31,18
1108,1644,31,18
1190,1686,31,18
1144,1662,31,18
1108,1644,31,18
1108,1644,31,18
1108,1644,31,18
1108,1644,31,18
1108,1644,31,18
1492,1613,31,18
1108,1644,31,18
1492,1613,31,18
1492,1613,31,18
1190,1686,31,18
1492,1613,31,18
1190,1686,31,18
1492,1613,31,18
1190,1686,31,18
1660,1679,31,18
1190,1686,31,18
1190,1686,31,18
1492,1613,31,18
1660,1679,31,18
1660,1679,31,18
1660,1679,31,18
1190,1686,31,18
1660,1679,31,18
1190,1686,31,18
1492,1613,31,18
1660,1679,31,18
1492,1613,31,18
1492,1613,31,18
1492,1613,31,18
1660,1679,31,18
1492,1613,31,18
1492,1613,31,18
1492,1613,31,18
1660,1679,31,18
1613,1672,31,18
1613,1672,31,18
1660,1679,31,18
1613,1672,31,18
1190,1686,31,18
1190,1686,31,18
1190,1686,31,18
1190,1686,31,18
1190,1686,31,18
1629,1667,31,18
1613,1672,31,18
1108,1644,31,18
1492,1613,31,18
1660,1679,31,18
1660,1679,31,18
1613,1672,31,18
1660,1679,31,18
1660,1679,31,18
1660,1679,31,18
1660,1679,31,18
1190,1686,31,18
1170,1672,31,18
1170,1672,31,18
841,860,31,18
833,860,31,18
827,860,31,18
841,860,31,18
825,860,31,18
851,873,31,18
860,864,31,18
827,830,31,18
1613,1672,31,18
827,851,31,18
1660,1679,31,18
827,830,31,18
830,851,31,18
827,832,31,18
827,851,31,18
827,830,31,18
860,864,31,18
851,867,31,18
1492,1613,31,18
831,851,31,18
1660,1679,31,18
851,867,31,18
831,864,31,18
813,864,31,18
1492,1613,31,18
1170,1672,31,18
810,864,31,18
1170,1672,31,18
813,854,31,18
855,873,31,18
827,869,31,18
1170,1672,31,18
810,864,31,18
858,864,31,18
828,830,31,18
810,864,31,18
1170,1672,31,18
810,864,31,18
810,864,31,18
813,852,31,18
650,691,31,18
1190,1686,31,18
620,684,31,18
650,691,31,18
677,691,31,18
1645,1671,31,18
611,685,31,18
1492,1678,31,18
644,666,31,18
619,685,31,18
1613,1672,31,18
827,869,31,18
1170,1672,31,18
1148,1190,31,18
1144,1662,31,18
699,685,31,18
1672,1674,31,18
1170,1671,31,18
619,685,31,18
1190,1658,31,18
1671,1672,31,18
1148,1190,31,18
1108,1613,31,18
1144,1662,31,18
1148,1649,31,18
827,869,31,18
603,665,31,18
1672,1674,31,18
1108,1632,31,18
611,1170,31,18
1649,1686,31,18
1190,1686,31,18
810,864,31,18
1190,1662,31,18
626,698,31,18
1144,1662,31,18
1108,1644,31,18
602,603,31,18
1170,1632,31,18
603,665,31,18
1148,1672,31,18
1108,1148,31,18
1190,1686,31,18
810,864,31,18
1108,1144,31,18
1613,1644,31,18
1108,1644,31,18
1144,1170,31,18
1108,1144,31,18
1144,1644,31,18
1108,1632,31,18
1190,1686,31,18
1190,1686,31,18
1144,1644,31,18
1108,1632,31,18
699,685,31,18
1144,1644,31,18
1190,1671,31,18
1622,1645,31,18
1632,1671,31,18
1144,1644,31,18
689,1645,31,18
1622,1645,31,18
1190,1632,31,18
689,1622,31,18
689,1645,31,18
689,827,31,18
689,827,31,18
1622,1645,31,18
1144,1644,31,18
689,827,31,18
1144,1644,31,18
1144,1644,31,18
1144,1644,31,18
641,1181,31,18
641,1651,31,18
1613,1672,31,18
1144,1644,31,18
694,869,31,18
1144,1644,31,18
1144,1644,31,18
1181,1651,31,18
828,830,31,18
1144,1644,31,18
1144,1644,31,18
1144,1644,31,18
828,830,31,18
1144,1644,31,18
1144,1644,31,18
1144,1644,31,18
1144,1644,31,18
1144,1644,31,18
1144,1644,31,18
1144,1644,31,18
1144,1644,31,18
1144,1644,31,18
1144,1644,31,18
1144,1644,31,18
600,1644,31,18
600,1644,31,18
620,641,31,18
831,860,31,18
831,860,31,18
851,860,31,18
831,860,31,18
851,860,31,18
851,860,31,18
851,860,31,18
851,860,31,18
650,677,31,18
605,695,31,18
650,691,31,18
691,695,31,18
689,827,31,18
605,691,31,18
691,695,31,18
689,827,31,18
691,695,31,18
689,827,31,18
662,691,31,18
834,860,31,18
834,860,31,18
834,860,31,18
834,860,31,18
834,860,31,18
832,834,31,18
832,860,31,18
832,834,31,18
834,860,31,18
834,860,31,18
832,834,31,18
832,860,31,18
832,834,31,18
834,860,31,18
832,860,31,18
832,860,31,18
832,834,31,18
834,860,31,18
691,695,31,18
834,860,31,18
832,834,31,18
691,695,31,18
832,834,31,18
834,860,31,18
834,860,31,18
609,651,31,18
834,860,31,18
832,860,31,18
834,860,31,18
601,827,31,18
691,695,31,18
689,827,31,18
601,689,31,18
691,695,31,18
609,613,31,18
832,860,31,18
832,834,31,18
834,860,31,18
832,860,31,18
834,851,31,18
851,860,31,18
887,896,31,18
851,860,31,18
606,651,31,18
663,696,31,18
606,651,31,18
663,686,31,18
605,695,31,18
887,896,31,18
663,696,31,18
834,841,31,18
841,860,31,18
606,651,31,18
646,684,31,18
834,860,31,18
841,860,31,18
606,651,31,18
834,860,31,18
841,860,31,18
606,651,31,18
605,695,31,18
605,695,31,18
834,860,31,18
661,827,31,18
605,695,31,18
834,860,31,18
641,684,31,18
661,827,31,18
641,646,31,18
646,684,31,18
1660,1662,31,18
834,860,31,18
646,684,31,18
834,860,31,18
661,827,31,18
661,827,31,18
661,827,31,18
855,868,31,18
611,641,31,18
661,827,31,18
851,860,31,18
834,860,31,18
834,860,31,18
869,880,31,18
661,827,31,18
603,684,31,18
880,887,31,18
869,891,31,18
869,887,31,18
819,888,31,18
834,860,31,18
806,888,31,18
834,860,31,18
881,897,31,18
875,890,31,18
834,860,31,18
635,869,31,18
638,685,31,18
851,860,31,18
834,860,31,18
619,699,31,18
803,807,31,18
638,685,31,18
851,860,31,18
834,860,31,18
817,823,31,18
646,684,31,18
851,860,31,18
834,860,31,18
832,834,31,18
834,860,31,18
646,684,31,18
822,886,31,18
646,684,31,18
851,860,31,18
834,860,31,18
834,860,31,18
834,860,31,18
832,834,31,18
619,699,31,18
695,685,31,18
629,1678,31,18
655,1678,31,18
851,860,31,18
834,860,31,18
834,860,31,18
834,860,31,18
695,685,31,18
855,860,31,18
834,860,31,18
893,897,31,18
834,860,31,18
832,860,31,18
855,864,31,18
834,860,31,18
834,860,31,18
603,685,31,18
855,860,31,18
641,646,31,18
834,860,31,18
619,1645,31,18
619,684,31,18
834,860,31,18
619,1645,31,18
603,685,31,18
619,1645,31,18
619,684,31,18
619,1645,31,18
641,646,31,18
605,685,31,18
641,646,31,18
619,684,31,18
619,1645,31,18
641,646,31,18
603,685,31,18
619,684,31,18
619,1645,31,18
641,646,31,18
619,684,31,18
619,1645,31,18
855,860,31,18
641,646,31,18
619,1645,31,18
641,699,31,18
619,1645,31,18
646,699,31,18
641,699,31,18
619,1645,31,18
834,860,31,18
641,699,31,18
646,684,31,18
832,860,31,18
832,834,31,18
619,1645,31,18
832,834,31,18
619,1645,31,18
641,699,31,18
834,860,31,18
603,685,31,18
832,851,31,18
641,699,31,18
646,684,31,18
832,860,31,18
832,834,31,18
619,1645,31,18
834,860,31,18
832,851,31,18
641,699,31,18
646,684,31,18
832,860,31,18
832,834,31,18
619,1645,31,18
619,1645,31,18
834,860,31,18
646,684,31,18
832,834,31,18
851,860,31,18
834,860,31,18
646,684,31,18
832,860,31,18
832,834,31,18
619,1645,31,18
855,864,31,18
646,684,31,18
832,860,31,18
619,684,31,18
619,646,31,18
619,1645,31,18
641,699,31,18
603,685,31,18
619,1645,31,18
646,684,31,18
619,1645,31,18
603,685,31,18
1613,1672,31,18
1644,1686,31,18
641,699,31,18
1613,1672,31,18
860,864,31,18
646,684,31,18
1644,1686,31,18
619,1645,31,18
615,655,31,18
641,699,31,18
1613,1672,31,18
860,864,31,18
646,684,31,18
1644,1686,31,18
619,1645,31,18
834,860,31,18
603,685,31,18
641,699,31,18
1644,1686,31,18
619,1645,31,18
834,860,31,18
641,699,31,18
1613,1672,31,18
646,684,31,18
1644,1686,31,18
619,1645,31,18
619,1645,31,18
834,860,31,18
1644,1686,31,18
603,605,31,18
603,685,31,18
641,699,31,18
603,605,31,18
1613,1672,31,18
834,860,31,18
1644,1686,31,18
619,1645,31,18
834,860,31,18
834,864,31,18
1613,1672,31,18
646,684,31,18
1644,1686,31,18
834,860,31,18
641,699,31,18
834,864,31,18
860,864,31,18
646,684,31,18
619,1645,31,18
1644,1686,31,18
605,685,31,18
629,1613,31,18
655,1613,31,18
834,860,31,18
1148,1686,31,18
646,684,31,18
1644,1686,31,18
605,685,31,18
834,860,31,18
641,699,31,18
860,864,31,18
605,685,31,18
1613,1672,31,18
646,684,31,18
1148,1644,31,18
619,1645,31,18
1170,1613,31,18
834,860,31,18
615,655,31,18
615,655,31,18
1613,1672,31,18
1644,1686,31,18
1170,1613,31,18
1190,1662,31,18
1148,1644,31,18
1644,1686,31,18
603,695,31,18
603,685,31,18
603,605,31,18
605,685,31,18
615,655,31,18
603,685,31,18
605,685,31,18
619,684,31,18
603,605,31,18
603,685,31,18
600,858,31,18
1148,1190,31,18
605,685,31,18
603,685,31,18
600,858,31,18
605,685,31,18
605,699,31,18
619,684,31,18
603,605,31,18
603,685,31,18
605,685,31,18
603,685,32,19
615,655,32,19
605,695,32,19
603,605,32,19
605,685,32,19
615,655,32,19
635,815,32,19
1181,1674,32,19
600,858,32,19
851,864,32,19
603,685,32,19
1181,1674,32,19
1148,1686,32,19
600,858,32,19
1651,1674,32,19
600,858,32,19
615,655,32,19
600,858,32,19
628,683,32,19
655,1170,32,19
815,898,32,19
600,858,32,19
641,650,32,19
1170,1672,32,19
603,685,32,19
699,1651,32,19
600,858,32,19
1170,1672,32,19
615,655,32,19
851,860,32,19
891,894,32,19
1170,1672,32,19
603,685,32,19
600,858,32,19
615,1170,32,19
891,894,32,19
851,864,32,19
1148,1190,32,19
605,606,32,19
600,858,32,19
605,641,32,19
605,685,32,19
600,858,32,19
851,864,32,19
831,851,32,19
891,894,32,19
1190,1686,32,19
600,858,32,19
611,1678,32,19
600,858,32,19
891,894,32,19
600,858,32,19
603,641,32,19
684,699,32,19
662,699,32,19
615,699,32,19
600,858,32,19
605,649,32,19
831,864,32,19
603,641,32,19
603,685,32,19
615,699,32,19
629,1672,32,19
641,685,32,19
615,684,32,19
1651,1674,32,19
831,864,32,19
623,858,32,19
1170,1613,32,19
603,641,32,19
603,685,32,19
1662,1678,32,19
615,699,32,19
629,1672,32,19
641,685,32,19
662,699,32,19
1613,1672,32,19
620,650,32,19
650,1686,32,19
620,1686,32,19
668,1662,32,19
629,1613,32,19
603,641,32,19
1613,1672,32,19
1662,1678,32,19
615,699,32,19
629,1672,32,19
641,685,32,19
699,629,32,19
603,685,32,19
641,678,32,19
1170,629,32,19
620,650,32,19
650,1686,32,19
620,1686,32,19
668,1662,32,19
629,1613,32,19
1170,1613,32,19
603,641,32,19
668,1662,32,19
615,699,32,19
629,1672,32,19
641,685,32,19
651,666,32,19
1170,629,32,19
1613,1672,32,19
678,685,32,19
620,650,32,19
620,1686,32,19
603,685,32,19
1170,1613,32,19
603,641,32,19
603,685,32,19
615,699,32,19
641,685,32,19
600,858,32,19
880,898,32,19
601,858,32,19
655,1613,32,19
666,683,32,19
1613,1672,32,19
620,650,32,19
650,1686,32,19
620,1686,32,19
832,834,32,19
1170,1613,32,19
651,683,32,19
615,699,32,19
641,685,32,19
651,666,32,19
832,834,32,19
651,858,32,19
655,1613,32,19
666,683,32,19
641,649,32,19
1613,1672,32,19
678,685,32,19
620,650,32,19
650,1686,32,19
603,641,32,19
620,1686,32,19
644,651,32,19
603,685,32,19
615,684,32,19
655,1613,32,19
603,685,32,19
605,641,32,19
615,699,32,19
629,1672,32,19
641,685,32,19
1492,1651,32,19
603,678,32,19
892,898,32,19
641,649,32,19
1613,1672,32,19
1170,1672,32,19
620,650,32,19
650,1686,32,19
620,1686,32,19
644,651,32,19
603,685,32,19
641,649,32,19
831,851,32,19
641,699,32,19
605,641,32,19
644,651,32,19
662,684,32,19
699,1672,32,19
620,650,32,19
605,699,32,19
620,1686,32,19
644,683,32,19
651,683,32,19
651,683,32,19
601,644,32,19
617,641,32,19
831,851,32,19
641,699,32,19
662,1678,32,19
605,641,32,19
649,699,32,19
666,683,32,19
641,649,32,19
620,650,32,19
689,827,32,19
831,864,32,19
644,651,32,19
603,685,32,19
650,677,32,19
603,685,32,19
601,644,32,19
615,684,32,19
629,1672,32,19
641,699,32,19
601,666,32,19
605,641,32,19
650,1678,32,19
666,683,32,19
641,649,32,19
611,677,32,19
689,827,32,19
620,629,32,19
832,834,32,19
620,1672,32,19
650,677,32,19
620,641,32,19
603,685,32,19
615,684,32,19
641,699,32,19
1170,1662,32,19
832,834,32,19
1613,1686,32,19
650,677,32,19
620,685,32,19
634,858,32,19
641,699,32,19
834,864,32,19
832,834,32,19
620,685,32,19
634,858,32,19
641,699,32,19
629,1686,32,19
685,1672,32,19
832,834,32,19
1613,1686,32,19
629,1613,32,19
650,677,32,19
815,888,32,19
634,858,32,19
641,699,32,19
605,641,32,19
685,1672,32,19
605,641,32,19
629,1613,32,19
629,1613,32,19
689,896,32,19
636,892,32,19
1170,1672,32,19
689,827,32,19
629,1613,32,19
609,858,32,19
636,892,32,19
815,896,32,19
613,858,32,19
694,892,32,19
1613,1686,32,19
834,851,32,19
609,858,32,19
662,684,32,19
694,892,32,19
1170,1672,32,19
827,834,32,19
832,834,32,19
641,699,32,19
815,896,32,19
627,635,32,19
685,1672,32,19
827,832,32,19
641,699,32,19
886,896,32,19
827,834,32,19
827,832,32,19
827,864,32,19
641,699,32,19
827,834,32,19
815,896,32,19
655,1672,32,19
822,849,32,19
1644,1856,32,19
685,1672,32,19
641,699,32,19
881,898,32,19
641,699,32,19
685,1672,32,19
655,1672,32,19
641,699,32,19
827,858,32,19
858,866,32,19
655,1672,32,19
668,685,32,19
685,1672,32,19
685,1672,32,19
827,858,32,19
650,677,32,19
685,1672,32,19
1644,1856,32,19
1644,1856,32,19
1644,1856,32,19
1644,1856,32,19
1613,1686,32,19
1644,1856,32,19
1644,1856,32,19
641,699,32,19
1644,1856,32,19
831,864,32,19
641,699,32,19
1644,1856,32,19
641,699,32,19
1644,1856,32,19
685,1672,32,19
641,699,32,19
1644,1856,32,19
641,699,32,19
834,860,32,19
685,1674,32,19
1651,1674,32,19
1190,1644,32,19
1651,1674,32,19
641,699,32,19
1190,1644,32,19
641,699,32,19
621,695,32,19
641,699,32,19
621,695,32,19
641,699,32,19
834,860,32,19
1181,1651,32,19
641,699,32,19
641,699,32,19
834,860,32,19
641,699,32,19
831,860,32,19
605,641,32,19
827,860,32,19
641,699,32,19
831,860,32,19
641,699,32,19
831,860,32,19
641,699,32,19
831,860,32,19
641,699,32,19
831,860,32,19
641,699,32,19
831,860,32,19
834,860,32,19
641,699,32,19
827,834,32,19
641,699,32,19
834,860,32,19
831,860,32,19
641,699,32,19
834,860,32,19
834,860,32,19
641,699,32,19
655,1672,32,19
827,860,32,19
832,860,32,19
641,699,32,19
641,699,32,19
641,699,32,19
827,860,32,19
832,860,32,19
641,699,32,19
827,860,32,19
834,860,32,19
827,860,32,19
834,860,32,19
832,860,32,19
834,860,32,19
641,699,32,19
827,860,32,19
834,860,32,19
827,860,32,19
641,699,32,19
832,860,32,19
834,860,32,19
832,860,32,19
851,860,32,19
827,860,32,19
832,860,32,19
832,860,32,19
851,860,32,19
860,864,32,19
1613,1686,32,19
858,860,32,19
1190,1644,32,19
1190,1644,32,19
831,860,32,19
1190,1644,32,19
1613,1686,32,19
1190,1644,32,19
668,1662,32,19
858,864,32,19
858,864,32,19
1190,1644,32,19
831,860,32,19
831,860,32,19
1170,1672,32,19
1170,1672,32,19
1190,1644,32,19
831,860,32,19
1190,1644,32,19
831,860,32,19
1190,1644,32,19
831,860,32,19
831,860,32,19
629,1613,32,19
1190,1644,32,19
629,1613,32,19
858,860,32,19
1190,1644,32,19
629,1613,32,19
831,860,32,19
629,1613,32,19
1170,629,32,19
831,860,32,19
831,860,32,19
1170,1672,32,19
1181,1651,32,19
831,860,32,19
1170,1672,32,19
605,641,32,19
831,860,32,19
1170,1672,32,19
668,685,32,19
831,860,32,19
605,641,32,19
668,685,32,19
831,860,32,19
605,641,32,19
1651,1674,32,19
831,860,32,19
605,641,32,19
1613,1686,32,19
605,641,32,19
831,860,32,19
831,860,32,19
605,641,32,19
831,860,32,19
831,860,32,19
831,860,32,19
1190,1644,32,19
831,860,32,19
1190,1644,32,19
1613,1686,32,19
1190,1644,32,19
831,860,32,19
1190,1644,32,19
831,860,32,19
1190,1644,32,19
1613,1686,32,19
1190,1644,32,19
832,834,32,19
668,685,32,19
1190,1644,32,19
832,834,32,19
1613,1686,32,19
1190,1644,32,19
831,860,32,19
1190,1644,32,19
605,641,32,19
1644,1856,32,19
605,641,32,19
1644,1856,32,19
1190,1644,32,19
1644,1856,32,19
831,860,32,19
641,699,32,19
668,685,32,19
641,699,32,19
1644,1856,32,19
831,860,32,19
1190,1660,32,19
1644,1856,32,19
831,860,32,19
1644,1856,32,19
605,641,32,19
860,864,32,19
832,860,32,19
1613,1686,32,19
832,860,32,19
832,860,32,19
1662,1678,32,19
834,860,32,19
832,860,32,19
827,860,32,19
834,860,32,19
1662,1678,32,19
1170,1672,32,19
641,699,32,19
629,1492,32,19
1662,1678,32,19
668,1662,32,19
668,1662,32,19
641,699,32,19
1662,1678,32,19
641,699,32,19
1651,1674,32,19
641,699,32,19
641,699,32,19
1651,1674,32,19
1651,1674,32,19
668,1662,32,19
1492,1613,32,19
860,864,32,19
641,699,32,19
1651,1674,32,19
641,699,32,19
1644,1856,32,19
853,854,32,19
641,699,32,19
1644,1856,32,19
853,854,32,19
641,699,32,19
641,699,32,19
621,691,32,19
853,854,32,19
641,699,32,19
641,699,32,19
1644,1856,32,19
621,691,32,19
1644,1856,32,19
641,699,32,19
853,854,32,19
1644,1856,32,19
1651,1674,32,19
641,699,32,19
641,699,32,19
1170,629,32,19
685,1678,32,19
853,854,32,19
853,854,32,19
827,834,32,19
1644,1856,32,19
853,854,32,19
641,699,32,19
851,860,32,19
1190,1644,32,19
853,854,32,19
1651,1674,32,19
641,699,32,19
1613,1686,32,19
1651,1674,32,19
641,699,32,19
853,854,32,19
1613,1686,32,19
853,854,32,19
641,699,32,19
1651,1674,32,19
853,854,32,19
641,699,32,19
825,830,32,19
853,854,32,19
641,699,32,19
825,830,32,19
853,854,32,19
641,699,32,19
1170,629,32,19
1651,1674,32,19
851,860,32,19
853,854,32,19
825,828,32,19
691,695,32,19
825,830,32,19
676,864,32,19
825,830,32,19
828,830,32,19
853,854,32,19
825,858,32,19
828,858,32,19
825,828,32,19
830,858,32,19
853,858,32,19
828,830,32,19
855,860,32,19
825,858,32,19
853,854,32,19
687,691,32,19
827,834,32,19
825,830,32,19
1613,1686,32,19
825,830,32,19
853,854,32,19
641,699,32,19
858,866,32,19
825,858,32,19
1613,1686,32,19
853,854,32,19
641,699,32,19
1170,1672,32,19
1651,1674,32,19
810,841,32,19
664,841,32,19
641,699,32,19
864,873,32,19
810,864,32,19
1651,1674,32,19
664,810,32,19
602,695,32,19
641,699,32,19
855,864,32,19
860,864,32,19
687,691,32,19
1651,1674,32,19
602,695,32,19
641,699,32,19
689,834,32,19
605,641,32,19
1613,1686,32,19
827,853,32,19
602,695,32,19
832,834,32,19
685,1672,32,19
641,699,32,19
611,620,32,19
1181,1651,32,19
602,695,32,19
858,864,32,19
1613,1672,32,19
689,695,32,19
685,1672,32,19
606,621,32,19
602,695,32,19
858,864,32,19
605,620,32,19
689,695,32,19
605,699,32,19
606,665,32,19
606,621,32,19
665,695,32,19
650,677,32,19
606,687,32,19
605,620,32,19
1170,629,32,19
606,665,32,19
619,689,32,19
611,620,32,19
602,695,32,19
858,864,32,19
685,1170,32,19
665,689,32,19
619,695,32,19
1181,1613,32,19
602,689,32,19
606,691,32,19
602,665,32,19
1148,1672,32,19
665,695,32,19
619,689,32,19
641,684,32,19
602,695,32,19
841,854,32,19
650,684,32,19
619,695,32,19
602,665,32,19
1170,629,32,19
1613,1662,32,19
606,665,32,19
641,1492,32,19
665,695,32,19
602,695,32,19
621,687,32,19
621,691,32,19
689,695,32,19
687,691,32,19
602,665,32,19
665,695,32,19
605,689,32,19
620,687,32,19
619,689,32,19
602,695,32,19
611,641,32,19
620,677,32,19
619,695,32,19
641,649,32,19
689,695,32,19
620,650,32,19
602,665,32,19
665,695,32,19
620,687,32,19
619,689,32,19
606,687,32,19
620,691,32,19
620,677,32,19
1492,1678,32,19
602,665,32,19
665,695,32,19
620,687,32,19
619,689,32,19
619,638,32,19
611,641,32,19
620,691,32,19
619,695,32,19
620,650,32,19
687,691,32,19
602,665,32,19
665,695,32,19
619,689,32,19
622,638,32,19
611,641,32,19
687,691,32,19
620,650,32,19
606,621,32,19
665,695,32,19
1170,1613,32,19
619,689,32,19
662,699,32,19
611,641,32,19
602,695,32,19
620,650,32,19
687,691,32,19
602,665,32,19
665,695,32,19
619,689,32,19
603,685,32,19
620,684,32,19
605,619,32,19
620,677,32,19
615,629,32,19
621,691,32,19
620,650,32,19
1651,1674,32,19
665,695,32,19
620,677,32,19
619,689,32,19
606,687,32,19
603,685,32,19
662,699,32,19
606,615,32,19
620,684,32,19
605,619,32,19
1658,1686,32,19
620,650,32,19
646,689,32,19
621,687,32,19
665,695,32,19
619,689,32,19
603,685,32,19
665,695,32,19
605,646,32,19
605,689,32,19
619,689,32,19
606,687,32,19
620,650,32,19
1672,1686,32,19
611,641,32,19
620,677,32,19
606,691,32,19
621,691,32,19
687,691,32,19
646,689,32,19
621,687,32,19
665,695,32,19
619,689,32,19
615,655,32,19
1672,1686,32,19
606,691,32,19
620,650,32,19
665,695,32,19
605,646,32,19
605,689,32,19
611,641,32,19
615,655,32,19
1672,1686,32,19
620,684,32,19
1672,1674,32,19
605,619,32,19
619,695,32,19
605,620,32,19
689,695,32,19
620,650,32,19
665,695,32,19
1651,1672,32,19
611,641,32,19
1672,1674,32,19
695,629,32,19
641,646,32,19
689,695,32,19
646,695,32,19
615,695,32,19
1651,1672,32,19
646,629,32,19
1672,1686,32,19
611,641,32,19
1672,1674,32,19
695,629,32,19
646,695,32,19
1651,1686,32,19
646,699,32,19
1674,1686,32,19
602,665,32,19
1672,1686,32,19
1674,1686,32,19
1651,1686,32,19
612,685,32,19
1651,1672,32,19
1672,1674,32,19
1651,1686,32,19
1651,1674,32,19
1674,1686,32,19
602,665,32,19
1651,1672,32,19
1651,1686,32,19
1651,1672,32,19
1651,1686,32,19
1651,1674,32,19
1674,1686,32,19
1672,1674,32,19
1651,1672,32,19
1672,1686,32,19
1651,1674,32,19
1674,1686,32,19
1651,1686,32,19
1651,1672,32,19
1672,1674,32,19
1651,1672,32,19
1674,1686,32,19
1672,1674,32,19
1674,1686,32,19
1672,1674,32,19
603,612,33,20
603,678,33,20
828,858,33,20
828,858,33,20
832,834,33,20
1667,1678,33,20
1492,1678,33,20
1644,1856,33,20
832,834,33,20
832,834,33,20
832,834,33,20
832,834,33,20
832,834,33,20
1651,1672,33,20
828,858,33,20
832,834,33,20
834,851,33,20
832,834,33,20
832,834,33,20
832,834,33,20
832,834,33,20
634,858,33,20
832,834,33,20
1629,1667,33,20
1629,1667,33,20
1629,1667,33,20
1629,1667,33,20
605,687,33,20
1629,1667,33,20
620,665,33,20
650,689,33,20
641,684,33,20
620,691,33,20
602,665,33,20
646,689,33,20
641,685,33,20
612,641,33,20
620,691,33,20
641,685,33,20
620,691,33,20
641,678,33,20
612,685,33,20
678,685,33,20
612,641,33,20
641,685,33,20
612,685,33,20
641,678,33,20
620,691,33,20
678,685,33,20
612,641,33,20
612,678,33,20
641,685,33,20
612,685,33,20
605,620,33,20
641,678,33,20
678,685,33,20
612,641,33,20
641,685,33,20
612,685,33,20
605,620,33,20
641,678,33,20
612,641,33,20
605,646,33,20
641,685,33,20
620,691,33,20
641,685,33,20
620,691,33,20
641,685,33,20
620,691,33,20
603,612,33,20
620,691,33,20
620,691,33,20
620,691,33,20
612,1667,33,20
612,1667,33,20
612,1667,33,20
650,677,33,20
620,691,33,20
650,677,33,20
650,677,33,20
650,677,33,20
612,1629,33,20
650,677,33,20
1629,1667,33,20
650,677,33,20
1629,1667,33,20
612,1629,33,20
1629,1667,33,20
650,677,33,20
650,677,33,20
677,1144,33,20
1629,1667,33,20
1629,1667,33,20
1629,1667,34,21
650,677,34,21
650,677,34,21
1629,1667,34,21
1629,1667,34,21
626,698,34,21
616,683,34,21
609,658,34,21
623,694,34,21
650,1144,34,21
650,1144,34,21
667,817,34,21
891,894,34,21
650,1144,34,21
1629,1667,34,21
1629,1667,34,21
1629,1667,34,21
891,894,34,21
891,894,34,21
891,894,34,21
891,894,34,21
1629,1667,34,21
854,866,34,21
828,858,34,21
832,834,34,21
1190,1629,34,21
832,834,34,21
832,834,34,21
828,858,34,21
646,1667,34,21
1190,1667,34,21
828,834,34,21
1190,1667,34,21
841,868,34,21
828,858,34,21
1148,1190,34,21
828,858,34,21
828,858,34,21
828,858,34,21
620,691,34,21
620,691,34,21
620,691,34,21
620,691,34,21
620,691,34,21
620,691,34,21
620,691,34,21
620,691,34,21
832,834,34,21
620,691,34,21
620,691,34,21
620,691,34,21
620,691,34,21
620,691,34,21
620,691,34,21
620,691,34,21
691,1190,34,21
1148,1190,34,21
1148,1190,34,21
832,834,34,21
832,834,34,21
832,834,34,21
620,691,34,21
620,691,34,21
620,691,34,21
832,834,34,21
832,834,34,21
832,834,34,21
832,834,34,21
606,621,34,21
832,834,34,21
832,834,34,21
1148,1190,34,21
832,834,34,21
828,858,34,21
832,834,34,21
832,834,34,21
634,854,34,21
832,834,34,21
832,834,34,21
832,834,34,21
813,854,34,21
832,834,34,21
828,834,34,21
832,834,34,21
832,834,34,21
832,834,34,21
832,834,34,21
825,832,34,21
1148,1190,34,21
825,832,34,21
832,834,35,22
841,868,35,22
828,858,35,22
1148,1190,35,22
1148,1190,35,22
862,863,35,22
1148,1190,35,22
810,860,35,22
828,858,35,22
1148,1190,35,22
1148,1190,35,22
806,809,35,22
809,812,35,22
1148,1190,35,22
1148,1190,35,22
600,634,43,23
600,634,43,23
600,634,43,23
600,634,43,23
600,634,43,23
600,634,43,23
600,634,43,23
620,1190,43,23
600,634,43,23
600,634,43,23
600,634,43,23
600,634,43,23
600,634,43,23
831,860,43,23
600,634,43,23
831,860,43,23
831,860,43,23
1190,1644,43,23
1190,1644,43,23
600,634,43,23
1190,1644,43,23
600,634,43,23
812,854,43,23
831,860,43,23
1190,1644,43,23
860,869,43,23
1190,1644,43,23
620,1190,43,23
1190,1644,43,23
620,1190,43,23
600,634,43,23
1190,1644,43,23
620,1190,43,23
1190,1644,43,23
831,869,43,23
620,1190,43,23
669,1190,43,23
1190,1644,43,23
1148,1644,43,23
620,1190,43,23
669,1190,43,23
620,1644,43,23
620,1190,43,23
669,1644,43,23
620,669,43,23
1190,1644,43,23
1148,1190,43,23
669,1190,43,23
620,1644,43,23
600,634,43,23
620,1190,43,23
609,613,43,23
669,1644,43,23
620,669,43,23
1190,1644,43,23
1148,1190,43,23
669,1148,43,23
620,1190,43,23
609,613,43,23
669,1644,43,23
803,841,43,23
620,669,43,23
1190,1644,43,23
1148,1644,43,23
1148,1190,43,23
600,634,43,23
620,1190,43,23
620,669,43,23
1190,1644,43,23
1148,1190,43,23
855,1170,43,23
620,699,43,23
620,1644,43,23
600,634,43,23
620,669,43,23
1190,1644,43,23
1148,1644,43,23
1148,1190,43,23
620,699,43,23
600,634,43,23
620,669,43,23
1190,1644,43,23
620,1148,43,23
1148,1190,43,23
620,669,43,23
1190,1644,43,23
1148,1190,43,23
620,699,43,23
620,699,43,23
821,854,43,23
1190,1856,43,23
620,669,43,23
1190,1644,43,23
1148,1190,43,23
669,1190,43,23
1190,1644,43,23
852,855,43,23
669,1644,43,23
1148,1190,43,23
669,1190,43,23
841,854,43,23
621,699,43,23
669,1644,43,23
803,841,43,23
1190,1644,43,23
1148,1190,43,23
669,1190,43,23
669,1148,43,23
841,854,43,23
669,1644,43,23
615,849,43,23
1190,1644,43,23
1148,1644,43,23
1148,1190,43,23
669,1190,43,23
830,834,43,23
1164,1651,43,23
669,1644,43,23
852,1170,43,23
1190,1644,43,23
1148,1644,43,23
1148,1190,43,23
803,888,43,23
1190,1644,43,23
1164,1651,43,23
1148,1190,43,23
803,854,43,23
852,1170,43,23
1190,1644,43,23
1148,1190,43,23
641,1164,43,23
1190,1644,43,23
827,834,43,23
1148,1190,43,23
606,615,43,23
1190,1644,43,23
852,855,43,23
841,854,43,23
852,855,43,23
615,699,43,23
635,690,43,23
830,834,43,23
827,830,43,23
826,1651,43,23
826,1651,43,23
826,1651,43,23
851,1645,43,23
1170,1613,43,23
826,1651,43,23
698,858,43,23
641,1645,43,23
619,664,43,23
826,1651,43,23
826,1164,43,23
606,621,43,23
619,664,43,23
641,1645,43,23
826,1651,43,23
601,849,43,23
853,854,43,23
641,1645,43,23
854,895,43,23
1190,1632,43,23
853,895,43,23
826,1651,43,23
619,641,43,23
852,854,43,23
807,810,43,23
1190,1651,43,23
854,855,43,23
1190,1662,43,23
619,641,43,23
619,1645,43,23
853,854,43,23
641,1645,43,23
619,641,43,23
619,1645,43,23
1190,1644,43,23
1170,1672,43,23
853,855,43,23
619,1645,43,23
635,648,43,23
1170,1672,43,23
1164,1645,43,23
623,661,43,23
641,689,43,23
843,854,43,23
826,855,43,23
1170,1672,43,23
887,891,43,23
810,854,43,23
606,621,43,23
841,852,43,23
1164,1645,43,23
694,896,43,23
852,881,43,23
1613,1632,43,23
832,834,43,23
1170,1672,43,23
832,834,43,23
654,661,43,23
1170,1672,43,23
832,834,43,23
641,689,43,23
1644,1667,43,23
826,860,43,23
1164,1645,43,23
832,834,43,23
615,619,43,23
852,853,43,23
853,854,43,23
661,692,43,23
832,834,43,23
853,854,43,23
887,891,43,23
1660,1662,43,23
838,854,43,23
826,860,43,23
832,834,43,23
1660,1662,43,23
854,858,43,23
832,834,43,23
600,613,43,23
831,869,43,23
662,687,43,23
832,834,43,23
664,867,43,23
683,698,43,23
810,860,43,23
832,834,43,23
1601,1629,43,23
664,867,43,23
831,869,43,23
1601,1629,43,23
664,867,43,23
832,834,43,23
627,635,43,23
664,867,43,23
1601,1629,43,23
627,683,43,23
1601,1629,43,23
664,867,43,23
627,635,43,23
1170,1672,43,23
1601,1629,43,23
664,867,43,23
810,860,43,23
1170,1672,43,23
664,867,43,23
832,834,43,23
664,867,43,23
810,860,43,23
664,867,43,23
1148,1658,43,23
832,834,43,23
600,609,43,23
1601,1629,43,23
832,834,43,23
664,867,43,23
832,834,43,23
664,867,43,23
810,860,43,23
807,889,43,23
810,860,43,23
609,690,43,23
664,867,43,23
832,834,43,23
1601,1629,43,23
664,867,43,23
832,834,43,23
1170,1672,43,23
664,867,43,23
832,834,43,23
664,867,43,23
1601,1629,43,23
1170,1672,43,23
832,834,43,23
664,867,43,23
832,834,43,23
609,690,43,23
664,867,43,23
832,834,43,23
600,613,43,23
609,690,43,23
664,867,43,23
832,834,43,23
609,690,43,23
1601,1629,43,23
664,867,43,23
664,867,43,23
1170,1672,43,23
664,867,43,23
1170,1672,43,23
664,867,43,23
832,834,43,23
1170,1672,43,23
832,834,43,23
664,867,43,23
832,834,43,23
832,834,43,23
832,834,43,23
1170,1672,43,23
664,867,43,23
832,834,43,23
664,867,43,23
1601,1629,43,23
664,867,43,23
1170,1672,43,23
664,867,43,23
1601,1629,43,23
1170,1672,43,23
664,867,43,23
832,834,43,23
664,867,43,23
832,834,43,23
831,869,43,23
832,834,43,23
664,867,43,23
832,834,43,23
831,869,43,23
664,867,43,23
664,867,43,23
832,834,43,23
664,867,43,23
664,867,43,23
832,834,43,23
664,867,43,23
664,867,43,23
664,867,43,23
664,867,43,23
832,834,43,23
664,867,43,23
832,834,43,23
831,869,43,23
860,867,43,23
664,867,43,23
664,867,43,23
664,867,43,23
851,862,43,23
664,867,43,23
664,867,43,23
664,867,43,23
664,867,43,23
1170,1672,43,23
664,867,43,23
1148,1658,43,23
609,690,43,23
1148,1658,43,23
664,867,43,23
609,690,43,23
810,813,43,23
832,834,43,23
832,834,43,23
832,834,43,23
831,869,43,23
664,867,43,23
1170,1672,43,23
664,867,43,23
664,867,43,23
832,834,43,23
831,869,43,23
832,834,43,23
831,869,43,23
832,834,43,23
832,834,43,23
831,869,43,23
1632,1856,43,23
831,869,43,23
832,834,43,23
831,869,43,23
664,867,43,23
832,834,43,23
664,867,43,23
832,834,43,23
664,867,43,23
831,869,43,23
664,867,43,23
832,834,43,23
831,869,43,23
832,834,43,23
664,867,43,23
832,834,43,23
664,867,43,23
832,834,43,23
831,869,43,23
664,867,43,23
832,834,43,23
609,690,43,23
832,834,43,23
609,690,43,23
831,869,43,23
832,834,43,23
609,690,43,23
664,867,43,23
664,867,43,23
832,834,43,23
831,869,43,23
831,869,43,23
600,613,43,23
832,834,43,23
831,869,43,23
832,834,43,23
831,869,43,23
832,834,43,23
664,867,43,23
831,869,43,23
832,834,43,23
831,869,43,23
832,834,43,23
609,690,43,23
831,869,43,23
664,867,43,23
600,613,43,23
661,694,43,23
664,867,43,23
600,613,43,23
831,869,43,23
600,613,43,23
1148,1658,43,23
600,613,43,23
810,860,43,23
831,869,43,23
664,867,43,23
664,867,43,23
600,613,43,23
1601,1629,43,23
832,834,43,23
681,694,43,23
1601,1629,43,23
831,869,43,23
832,834,43,23
831,869,43,23
832,834,43,23
1170,1672,43,23
1601,1629,43,23
664,867,43,23
1601,1629,43,23
831,869,43,23
1601,1629,43,23
600,613,43,23
1601,1629,43,23
1601,1629,43,23
664,867,43,23
1601,1629,43,23
664,867,43,23
810,860,43,23
831,869,43,23
810,860,43,23
1601,1629,43,23
600,613,43,23
1601,1629,43,23
831,869,43,23
1601,1629,43,23
664,867,43,23
1601,1629,43,23
664,867,43,23
831,869,43,23
600,613,43,23
1601,1629,43,23
831,869,43,23
1601,1629,43,23
832,834,43,23
1601,1629,43,23
664,867,43,23
831,869,43,23
1601,1629,43,23
831,869,43,23
1601,1629,43,23
1601,1629,43,23
1601,1629,43,23
664,867,43,23
1601,1629,43,23
664,867,43,23
1601,1629,43,23
664,867,43,23
1601,1629,43,23
664,867,43,23
1601,1629,43,23
664,867,43,23
1601,1629,43,23
664,867,43,23
1601,1629,43,23
664,867,43,23
832,834,43,23
1601,1629,43,23
664,867,43,23
832,834,43,23
1601,1629,43,23
832,834,43,23
664,867,43,23
1601,1629,43,23
832,834,43,23
1601,1629,43,23
664,867,43,23
664,867,43,23
664,867,43,23
664,867,43,23
664,867,43,23
1601,1629,43,23
825,833,43,23
664,867,43,23
825,833,43,23
1601,1629,43,23
664,867,43,23
661,694,43,23
1601,1629,43,23
664,867,43,23
609,690,43,23
664,867,43,23
609,690,43,23
810,813,43,23
664,867,43,23
609,690,43,23
664,867,43,23
831,869,43,23
664,867,43,23
831,869,43,23
664,867,43,23
831,869,43,23
654,660,43,23
1601,1629,43,23
664,867,43,23
825,833,43,23
664,867,43,23
831,869,43,23
1601,1629,43,23
664,867,43,23
1613,1672,43,23
1601,1629,43,23
664,867,43,23
825,833,43,23
664,867,43,23
810,860,43,23
664,867,43,23
825,833,43,23
1601,1629,43,23
664,867,43,23
1601,1629,43,23
831,869,43,23
1601,1629,43,23
664,867,43,23
810,860,43,23
1492,1613,43,23
1601,1629,43,23
664,867,43,23
810,860,43,23
1492,1613,43,23
664,867,43,23
810,860,43,23
1492,1613,43,23
810,860,43,23
825,833,43,23
831,869,43,23
825,833,43,23
1170,1672,43,23
831,869,43,23
810,860,43,23
825,833,43,23
1601,1629,43,23
664,867,43,23
1170,1672,43,23
1601,1629,43,23
825,833,43,23
1170,1672,43,23
664,867,43,23
825,833,43,23
1601,1629,43,23
1492,1613,43,23
1601,1629,43,23
664,867,43,23
825,833,43,23
1492,1613,43,23
664,867,43,23
683,698,43,23
825,833,43,23
664,867,43,23
831,869,43,23
832,834,43,23
664,867,43,23
825,833,43,23
664,867,43,23
832,834,43,23
1170,1672,43,23
664,867,43,23
831,869,43,23
661,694,43,23
664,867,43,23
600,613,43,23
661,694,43,23
1601,1629,43,23
661,694,43,23
664,867,43,23
825,833,43,23
1601,1629,43,23
867,868,43,23
851,862,43,23
810,813,43,23
831,869,43,23
867,868,43,23
831,869,43,23
838,852,43,23
664,867,43,23
867,868,43,23
831,869,43,23
664,867,43,23
810,813,43,23
831,869,43,23
832,834,43,23
810,813,43,23
832,834,43,23
810,813,43,23
810,860,43,23
831,869,43,23
832,834,43,23
831,869,43,23
1492,1613,43,23
831,869,43,23
831,869,43,23
831,869,43,23
1170,1672,43,23
810,860,43,23
1613,1672,43,23
661,694,43,23
810,860,43,23
1170,1672,43,23
810,860,43,23
832,834,43,23
810,860,43,23
1144,1662,43,23
1492,1613,43,23
1170,1672,43,23
810,860,43,23
1144,1662,43,23
1144,1662,43,23
810,860,43,23
832,834,43,23
600,609,43,23
832,834,43,23
810,860,44,24
810,860,44,24
1601,1629,44,24
1144,1662,44,24
810,860,44,24
832,834,44,24
810,860,44,24
851,862,44,24
1144,1662,44,24
1148,1658,44,24
1601,1629,44,24
810,860,44,24
851,862,44,24
600,609,44,24
825,833,44,24
810,860,44,24
832,834,44,24
1492,1613,44,24
832,834,44,24
1492,1613,44,24
832,834,44,24
825,833,44,24
600,609,44,24
832,834,44,24
851,862,44,24
851,862,44,24
825,833,44,24
830,834,44,24
851,862,44,24
1601,1629,44,24
825,833,44,24
609,690,44,24
664,868,44,24
832,834,44,24
810,860,44,24
832,834,44,24
832,834,44,24
1601,1629,44,24
1601,1629,44,24
664,867,44,24
851,862,44,24
1492,1613,44,24
664,867,44,24
851,862,44,24
810,813,44,24
832,834,44,24
664,867,44,24
825,833,44,24
810,860,44,24
851,862,44,24
810,813,44,24
832,834,44,24
664,867,44,24
1613,1672,44,24
810,860,44,24
851,862,44,24
810,813,44,24
831,869,44,24
832,834,44,24
664,867,44,24
810,860,44,24
851,862,44,24
810,813,44,24
831,869,44,24
810,860,44,24
664,867,44,24
1144,1662,44,24
851,862,44,24
609,690,44,24
851,862,44,24
600,609,44,24
609,690,44,24
664,867,44,24
851,862,44,24
623,692,44,24
609,690,44,24
851,862,44,24
609,690,44,24
664,867,44,24
664,869,44,24
825,833,44,24
825,833,44,24
851,862,44,24
664,867,44,24
825,833,44,24
851,862,44,24
609,690,44,24
664,867,44,24
664,867,44,24
851,862,44,24
851,862,44,24
825,833,44,24
1613,1672,44,24
810,860,44,24
851,862,44,24
832,834,44,24
664,867,44,24
810,860,44,24
851,862,44,24
851,862,44,24
664,867,44,24
851,862,44,24
851,862,44,24
664,867,44,24
832,834,44,24
664,867,44,24
851,862,44,24
664,867,44,24
851,862,44,24
664,867,44,24
664,867,44,24
810,860,44,24
851,862,44,24
825,833,44,24
664,867,44,24
832,834,44,24
851,862,44,24
825,833,44,24
664,867,44,24
825,833,44,24
851,862,44,24
1492,1613,44,24
664,867,44,24
825,833,44,24
832,834,44,24
851,862,44,24
831,869,44,24
825,833,44,24
851,862,44,24
664,867,44,24
825,833,44,24
831,869,44,24
851,862,44,24
831,869,44,24
851,862,44,24
867,868,44,24
851,862,44,24
851,862,44,24
661,694,44,24
825,833,44,24
851,862,44,24
1492,1613,44,24
661,694,44,24
825,833,44,24
851,862,44,24
661,694,44,24
851,862,44,24
1492,1613,44,24
825,833,44,24
851,862,44,24
1492,1613,44,24
661,694,44,24
661,694,44,24
825,833,44,24
1492,1613,44,24
852,854,44,24
664,867,44,24
1613,1672,44,24
851,862,44,24
851,862,44,24
831,869,44,24
825,833,44,24
1601,1629,44,24
825,833,44,24
810,860,44,24
825,833,44,24
1613,1672,44,24
825,833,44,24
810,813,44,24
851,862,44,24
810,813,44,24
825,833,44,24
851,862,44,24
664,867,44,24
810,860,44,24
664,867,44,24
825,833,44,24
851,862,44,24
664,867,44,24
851,862,44,24
810,813,44,24
648,666,44,24
851,862,44,24
851,862,44,24
1613,1672,44,24
1644,1667,44,24
825,833,44,24
1170,1672,44,24
851,862,44,24
664,867,44,24
851,862,44,24
664,867,44,24
825,833,44,24
664,867,44,24
825,833,44,24
664,867,44,24
825,833,44,24
810,860,44,24
851,862,44,24
807,889,44,24
600,613,44,24
832,834,44,24
851,862,44,24
609,690,44,24
832,834,44,24
851,862,44,24
600,613,44,24
664,867,44,24
867,868,44,24
600,613,44,24
681,694,44,24
867,868,44,24
648,683,44,24
867,868,44,24
600,613,44,24
609,623,44,24
600,609,44,24
654,660,44,24
867,868,44,24
851,862,44,24
1170,1672,44,24
663,686,44,24
851,862,44,24
1492,1613,44,24
651,694,44,24
867,868,44,24
1492,1613,44,24
654,694,44,24
851,862,44,24
616,692,44,24
851,862,44,24
664,867,44,24
851,862,44,24
825,833,44,24
1613,1672,44,24
867,868,44,24
825,833,44,24
1613,1672,44,24
664,867,44,24
867,868,44,24
1492,1613,44,24
1613,1672,44,24
1492,1613,44,24
851,862,44,24
832,834,44,24
1613,1672,44,24
1644,1672,44,24
664,867,44,24
825,833,44,24
1613,1672,44,24
1492,1613,44,24
1492,1613,44,24
1492,1613,44,24
1613,1672,44,24
1492,1613,44,24
1613,1672,44,24
1613,1672,44,24
1613,1672,44,24
654,694,44,24
1644,1667,44,24
825,833,44,24
851,862,44,24
1644,1667,44,24
660,694,44,24
681,692,44,24
664,867,44,24
651,692,44,24
635,648,44,24
654,660,44,24
654,660,44,24
1170,1667,44,24
825,833,44,24
1170,1667,44,24
1613,1672,44,24
832,834,44,24
1644,1667,44,24
1644,1667,44,24
1613,1672,44,24
832,834,44,24
1644,1667,44,24
1613,1672,44,24
851,862,44,24
831,868,44,24
1644,1667,44,24
1613,1672,44,24
1644,1667,44,24
831,868,44,24
1667,1672,44,24
1613,1672,44,24
1601,1629,44,24
1644,1667,44,24
1492,1613,44,24
851,862,44,24
1613,1644,44,24
1667,1672,44,24
1601,1629,44,24
832,834,44,24
1644,1667,44,24
825,833,44,24
831,868,44,24
1601,1629,44,24
1644,1667,44,24
825,833,44,24
1644,1667,44,24
1601,1629,44,24
1644,1667,44,24
1601,1629,44,24
1644,1667,44,24
825,833,44,24
1601,1629,44,24
1644,1667,44,24
825,833,44,24
1601,1629,44,24
1644,1667,44,24
1651,1674,44,24
1644,1667,44,24
825,833,44,24
1492,1613,44,24
1601,1629,44,24
1651,1674,44,24
1644,1667,44,24
825,833,44,24
1601,1629,44,24
1613,1672,44,24
880,887,44,24
1492,1613,44,24
1645,1671,44,24
1613,1672,44,24
827,834,44,24
810,860,44,24
1644,1667,44,24
817,847,44,24
827,832,44,24
1170,1644,44,24
1645,1649,44,24
823,847,44,24
817,823,44,24
1601,1629,44,24
827,834,44,24
817,847,44,24
831,832,44,24
834,860,44,24
827,832,44,24
831,860,44,24
851,860,44,24
1170,1644,44,24
1181,1672,44,24
1629,1644,44,24
817,860,44,24
827,834,44,24
832,834,44,24
1144,1170,44,24
831,860,44,24
827,832,44,24
851,860,44,24
827,834,44,24
1181,1672,44,24
826,866,44,24
891,898,44,24
1190,1658,44,24
832,834,44,24
831,860,44,24
888,894,44,24
851,860,44,24
860,880,44,24
831,851,44,24
860,887,44,24
831,880,44,24
831,887,44,24
827,834,44,24
832,834,44,24
831,860,44,24
851,860,44,24
827,832,44,24
609,690,44,24
1613,1671,44,24
1170,1671,44,24
827,834,44,24
832,834,44,24
810,873,44,24
831,860,44,24
827,832,44,24
635,660,44,24
831,851,44,24
681,694,44,24
841,860,44,24
635,666,44,24
851,860,44,24
623,654,44,24
827,834,44,24
831,860,44,24
851,860,44,24
609,635,44,24
627,635,44,24
1144,1644,44,24
609,627,44,24
684,1181,44,24
827,834,44,24
862,1671,44,24
831,860,44,24
1144,1629,44,24
666,827,44,24
851,860,44,24
1144,1644,44,24
602,677,44,24
1170,1672,44,24
620,650,44,24
636,860,44,24
611,1671,44,24
666,854,44,24
827,854,44,24
831,860,44,24
1170,1613,44,24
609,635,44,24
851,860,44,24
864,868,44,24
666,827,44,24
627,635,44,24
683,694,44,24
634,866,44,24
1629,1644,44,24
1144,1644,44,24
1144,1629,44,24
603,1649,44,24
826,1164,44,24
827,854,44,24
649,1671,44,24
860,869,44,24
831,860,44,24
609,635,44,24
627,635,44,24
634,866,44,24
1629,1644,44,24
603,1649,44,24
1144,1644,44,24
684,1181,44,24
866,871,44,24
826,1164,44,24
866,871,44,24
860,869,44,24
826,1632,44,24
609,635,44,24
627,635,44,24
634,866,44,24
1629,1644,44,24
603,1649,44,24
655,1678,44,24
860,869,44,24
1144,1629,44,24
683,869,44,24
609,635,44,24
683,860,44,24
627,635,44,24
681,860,44,24
634,866,44,24
1629,1644,44,24
603,1649,44,24
1144,1644,44,24
681,869,44,24
655,1678,44,24
681,683,44,24
810,873,44,24
860,869,44,24
683,869,44,24
683,860,44,24
681,860,44,24
634,866,44,24
681,683,44,24
1181,1645,44,24
1144,1644,44,24
681,869,44,24
603,1649,44,24
832,854,44,24
650,677,44,24
830,832,44,24
683,869,44,24
838,841,44,24
681,860,44,24
603,1649,44,24
655,1672,44,24
1181,1645,44,24
1144,1644,44,24
609,627,44,24
681,869,44,24
623,654,44,24
600,866,44,24
866,871,44,24
832,854,44,24
683,869,44,24
684,826,44,24
603,1649,44,24
1181,1645,44,24
1144,1644,44,24
681,869,44,24
600,866,44,24
866,871,44,24
832,854,44,24
619,689,44,24
683,869,44,24
684,826,44,24
681,860,44,24
634,866,44,24
689,1164,44,24
1144,1644,44,24
681,869,44,24
860,869,44,24
866,871,44,24
619,689,44,24
609,627,44,24
600,866,44,24
689,1164,44,24
1144,1644,44,24
603,1649,44,24
860,869,44,24
832,854,44,24
627,690,44,24
830,832,44,24
666,827,44,24
838,841,44,24
609,690,44,24
603,1649,44,24
600,866,44,24
689,1164,44,24
609,627,44,24
827,834,44,24
866,871,44,24
821,889,44,24
681,683,44,24
600,866,44,24
1144,1644,44,24
609,627,44,24
611,1671,44,24
603,1649,44,24
866,871,44,24
821,889,44,24
815,887,44,24
831,864,44,24
627,635,44,24
860,869,44,24
681,683,44,24
1144,1644,44,24
609,627,44,24
619,1164,44,24
603,1649,44,24
860,869,44,24
854,884,44,24
609,824,44,24
815,887,44,24
636,893,44,24
690,824,44,24
635,690,44,24
666,827,44,24
627,635,44,24
666,869,44,24
603,1649,44,24
600,866,44,24
699,862,44,24
830,834,44,24
832,834,44,24
830,832,44,24
860,869,44,24
667,832,44,24
627,690,44,24
699,862,44,24
854,884,44,24
635,690,44,24
666,827,44,24
627,635,44,24
880,887,44,24
634,866,44,24
609,824,44,24
603,1649,44,24
620,677,44,24
600,866,44,24
830,834,44,24
690,824,44,24
832,834,44,24
860,869,44,24
830,832,44,24
690,824,44,24
602,677,44,24
689,1164,44,24
628,847,44,24
667,834,44,24
666,827,44,24
600,866,44,24
1144,1644,44,24
619,1164,44,24
854,884,44,24
609,824,44,24
830,834,44,24
699,862,44,24
655,1678,44,24
621,662,44,24
616,663,44,24
635,690,44,24
627,635,44,24
603,1649,44,24
832,834,44,24
636,869,44,24
854,884,44,24
609,824,44,24
830,832,44,24
616,663,44,24
699,862,44,24
690,824,44,24
635,690,44,24
666,827,44,24
627,635,44,24
1164,1651,44,24
609,690,44,24
635,824,44,24
603,1649,44,24
689,1164,44,24
684,826,44,24
830,834,44,24
667,834,44,24
619,1164,44,24
854,884,44,24
609,824,44,24
830,834,44,24
627,690,44,24
699,862,44,24
662,685,44,24
636,831,44,24
666,827,44,24
888,890,44,24
832,834,44,24
644,698,44,24
852,855,44,24
838,855,44,24
600,866,44,24
689,1164,44,24
831,864,44,24
621,684,44,24
603,1649,44,24
830,832,44,24
689,1164,44,24
628,847,44,24
662,685,44,24
666,827,44,24
600,866,44,24
827,830,44,24
854,884,44,24
609,824,44,24
627,690,44,24
830,834,44,24
852,855,44,24
634,866,44,24
644,698,44,24
699,862,44,24
635,690,44,24
627,635,44,24
609,690,44,24
603,1649,44,24
832,834,44,24
830,832,44,24
869,896,44,24
689,1164,44,24
815,869,44,24
660,891,44,24
666,827,44,24
830,834,44,24
619,1164,44,24
854,884,44,24
609,824,44,24
641,699,44,24
815,896,44,24
644,698,44,24
699,862,44,24
602,665,44,24
621,684,44,24
683,869,44,24
627,635,44,24
683,896,44,24
660,682,44,24
603,1649,44,24
832,834,44,24
830,832,44,24
689,1164,44,24
825,898,44,24
628,847,44,24
666,827,44,24
681,683,44,24
600,866,44,24
619,851,44,24
854,884,44,24
1601,1644,44,24
830,834,44,24
815,896,44,24
644,698,44,24
838,855,44,24
1613,1672,44,24
602,665,44,24
860,893,44,24
627,635,44,24
699,862,44,24
663,696,44,24
832,834,44,24
854,884,44,24
609,824,44,24
699,862,44,24
815,896,44,24
852,855,44,24
606,662,44,24
628,667,44,24
603,1649,44,24
880,887,44,24
1613,1672,44,24
821,888,44,24
628,847,44,24
827,834,44,24
832,834,44,24
600,866,44,24
619,1645,44,24
827,832,44,24
854,884,44,24
636,892,44,24
699,862,44,24
668,669,44,24
636,860,44,24
815,896,44,24
880,887,44,24
832,834,44,24
681,683,44,24
1613,1672,44,24
600,866,44,24
827,830,44,24
654,692,44,24
689,826,44,24
1170,1672,44,24
655,1678,44,24
827,834,44,24
619,1645,44,24
854,884,44,24
689,1651,44,24
1144,1629,44,24
668,669,44,24
830,834,44,24
627,635,44,24
609,690,44,24
621,689,44,24
880,896,44,24
600,866,44,24
699,862,44,24
689,826,44,24
827,884,44,24
628,847,44,24
681,683,44,24
655,1678,44,24
603,1649,44,24
619,1645,44,24
860,869,44,24
1144,1629,44,24
636,860,44,24
830,860,44,24
609,627,44,24
662,685,44,24
609,635,44,24
880,896,44,24
600,866,44,24
821,888,44,24
619,1645,44,24
854,884,44,24
689,1651,44,24
830,834,44,24
634,866,44,24
1613,1672,44,24
655,1678,44,24
636,869,44,24
600,634,44,24
660,682,44,24
603,1649,44,24
860,869,44,24
1144,1629,44,24
1164,1645,44,24
636,860,44,24
663,681,44,24
609,627,44,24
827,884,44,24
662,685,44,24
689,1181,44,24
609,635,44,24
880,896,44,24
623,654,44,24
619,1645,44,24
854,884,44,24
623,694,44,24
689,1651,44,24
600,866,44,24
830,834,44,24
620,677,44,24
621,689,44,24
699,862,44,24
602,665,44,24
636,869,44,24
648,683,44,24
603,1649,44,24
683,692,44,24
851,1645,44,24
860,869,44,24
1144,1629,44,24
636,860,44,24
663,681,44,24
609,627,44,24
1170,1672,44,24
662,685,44,24
609,635,44,24
880,896,44,24
600,866,44,24
615,662,44,24
619,1645,44,24
854,884,44,24
689,1651,44,24
667,847,44,24
620,677,44,24
621,689,44,24
699,862,44,24
636,869,44,24
860,893,44,24
603,1649,44,24
636,869,44,24
621,662,44,24
830,834,44,24
1144,1629,44,24
619,1645,44,24
662,685,44,24
869,893,44,24
860,893,44,24
636,860,44,24
663,681,44,24
609,690,44,24
636,893,44,24
860,869,44,24
603,1649,44,24
699,862,44,24
628,847,44,24
803,849,44,24
628,686,44,24
600,866,44,24
860,869,44,24
815,898,44,24
1164,1645,44,24
636,860,44,24
663,681,44,24
609,627,44,24
683,696,44,24
628,667,44,24
662,685,44,24
609,635,44,24
880,896,44,24
831,864,44,24
619,1645,44,24
621,662,44,24
636,893,44,24
699,862,44,24
636,869,44,24
616,696,44,24
692,696,44,24
619,1164,44,24
603,1649,44,24
683,692,44,24
864,868,44,24
869,893,44,24
654,694,44,24
860,869,44,24
1164,1645,44,24
636,860,44,24
880,887,44,24
663,681,44,24
609,627,44,24
1170,1672,44,24
662,685,44,24
689,1181,44,24
609,635,44,24
689,826,44,24
827,841,44,24
831,864,44,24
619,1645,44,24
621,662,44,24
623,694,44,24
621,685,44,24
636,893,44,24
826,1181,44,24
830,834,44,24
627,690,44,24
606,662,44,24
636,869,44,24
616,696,44,24
860,893,44,24
635,690,44,24
615,685,44,24
603,1649,44,24
826,1651,44,24
869,893,44,24
860,869,44,24
668,669,44,24
636,860,44,24
663,681,44,24
662,685,44,24
1181,1651,44,24
689,1181,44,24
609,635,44,24
1164,1645,44,24
689,826,44,24
831,864,44,24
606,685,44,24
619,1645,44,24
636,893,44,24
826,1181,44,24
636,869,44,24
854,888,44,24
860,893,44,24
635,690,44,24
683,692,44,24
826,1651,44,24
869,893,44,24
606,621,44,24
860,869,44,24
636,869,44,24
636,860,44,24
830,832,44,24
662,685,44,24
1181,1651,44,24
1164,1645,44,24
635,690,44,24
609,635,44,24
669,1144,44,24
620,1144,44,24
1144,1672,44,24
683,692,44,24
830,834,44,24
689,826,44,24
623,654,44,24
606,662,44,24
826,1651,44,24
869,893,44,24
636,869,44,24
860,869,44,24
662,685,44,24
1181,1651,44,24
1164,1645,44,24
689,1181,44,24
635,690,44,24
609,635,44,24
826,1181,44,24
627,635,44,24
663,681,44,24
603,1649,44,24
689,826,44,24
830,854,44,24
826,1651,44,24
869,893,44,24
821,888,44,24
619,1645,44,24
860,869,44,24
830,832,44,24
648,663,44,24
1164,1645,44,24
636,860,44,24
807,889,44,24
662,685,44,24
1181,1651,44,24
689,1181,44,24
609,635,44,24
851,1164,44,24
689,826,44,24
619,1164,44,24
619,1645,44,24
621,662,44,24
830,834,44,24
628,692,44,24
620,677,44,24
1613,1672,44,24
636,869,44,24
860,893,44,24
609,690,44,24
609,627,44,24
667,683,44,24
869,893,44,24
860,869,44,24
648,663,44,24
1164,1645,44,24
636,860,44,24
660,683,44,24
600,634,44,24
609,627,44,24
869,892,44,24
619,689,44,24
662,685,44,24
689,1181,44,24
609,635,44,24
600,866,44,24
689,826,44,24
619,1164,44,24
606,685,44,24
619,1645,44,24
832,854,44,24
621,685,44,24
636,893,44,24
860,892,44,24
634,866,44,24
834,854,44,24
654,660,44,24
606,615,44,24
621,662,44,24
860,893,44,24
627,635,44,24
830,854,44,24
609,690,44,24
603,1649,44,24
826,1651,44,24
869,893,44,24
860,869,44,24
1164,1645,44,24
600,634,44,24
609,627,44,24
869,892,44,24
687,1658,44,24
866,871,44,24
681,692,44,24
662,685,44,24
609,635,44,24
687,1190,44,24
681,683,44,24
600,866,44,24
668,1658,44,24
669,687,44,24
669,1190,44,24
832,854,44,24
830,834,44,24
621,685,44,24
600,871,44,24
621,662,44,24
860,892,44,24
852,855,44,24
634,866,44,24
838,855,44,24
654,660,44,24
669,1658,44,24
636,869,44,24
627,690,44,24
860,893,44,24
627,635,44,24
830,854,44,24
834,854,44,24
663,696,44,24
869,893,44,24
860,869,44,24
1164,1645,44,24
636,860,44,24
609,627,44,24
668,1190,44,24
628,667,44,24
866,871,44,24
662,685,44,24
609,635,44,24
600,866,44,24
669,687,44,24
821,888,44,24
621,662,44,24
621,685,44,24
600,871,44,24
667,847,44,24
606,662,44,24
655,1190,44,24
1632,1856,44,24
838,855,44,24
634,866,44,24
636,869,44,24
627,690,44,24
616,696,44,24
1181,1674,44,24
627,635,44,24
603,1649,44,24
634,871,44,24
887,896,44,24
860,869,44,24
636,860,44,24
600,634,44,24
609,627,44,24
1170,1672,44,24
1651,1674,44,24
869,892,44,24
628,667,44,24
866,871,44,24
662,685,44,24
609,635,44,24
600,866,44,24
669,687,44,24
600,871,44,24
606,662,44,24
887,896,44,24
654,660,44,24
634,866,44,24
636,869,44,24
616,696,44,24
635,690,44,24
627,635,44,24
830,854,44,24
603,1649,44,24
634,871,44,24
869,893,44,24
654,694,44,24
860,869,44,24
851,869,44,24
609,627,44,24
1667,1671,44,24
1170,1672,44,24
628,667,44,24
866,871,44,24
662,685,44,24
1644,1645,44,24
609,635,44,24
600,866,44,24
1492,1613,44,24
832,854,44,24
648,696,44,24
600,871,44,24
1170,1645,44,24
634,866,44,24
606,615,44,24
636,869,44,24
852,855,44,24
1632,1856,44,24
615,685,44,24
627,635,44,24
609,690,44,24
1644,1667,44,24
603,1649,44,24
634,871,44,24
825,855,44,24
869,893,44,24
654,694,44,24
860,869,44,24
1190,1629,44,24
600,869,44,24
609,627,44,24
1601,1629,44,24
628,667,44,24
662,685,44,24
609,635,44,24
682,694,44,24
851,860,44,24
600,871,44,24
627,690,44,24
616,663,44,24
853,854,44,24
635,690,44,24
627,635,44,24
830,854,44,24
609,690,44,24
634,871,44,24
682,869,44,24
853,854,44,24
635,690,44,24
609,871,44,24
1632,1671,44,24
1645,1649,44,24
609,627,44,24
694,869,44,24
1601,1629,44,24
623,654,44,24
609,635,44,24
871,891,44,24
627,635,44,24
609,627,44,24
1170,1672,44,24
603,662,44,24
635,891,44,24
609,891,44,24
690,891,44,24
635,871,44,24
1181,1645,44,24
609,871,44,24
682,694,44,24
1492,1613,44,24
636,696,44,24
616,663,44,24
853,854,44,24
635,690,44,24
627,891,44,24
609,690,44,24
609,690,44,24
613,682,44,24
616,663,44,24
667,847,44,24
635,690,44,24
609,635,44,24
627,690,44,24
690,871,44,24
635,871,44,24
609,871,44,24
841,869,44,24
628,667,44,24
603,662,44,24
1649,1651,44,24
616,663,44,24
609,635,44,24
830,854,44,24
609,690,44,24
635,871,44,24
609,871,44,24
1651,1674,44,24
603,662,44,24
825,833,44,24
1649,1651,44,24
853,854,44,24
667,847,44,24
609,635,44,24
609,690,44,24
825,833,44,24
1170,1672,44,24
1651,1674,44,24
603,662,44,24
860,869,44,24
832,854,44,24
827,834,44,24
884,888,44,24
603,662,44,24
635,690,44,24
609,635,44,24
609,690,44,24
690,871,44,24
841,869,44,24
628,847,44,24
1651,1674,44,24
810,873,44,24
609,635,44,24
1649,1651,44,24
603,685,44,24
860,869,44,24
832,854,44,24
616,663,44,24
635,654,44,24
841,860,44,24
603,685,44,24
854,871,44,24
841,869,44,24
810,873,44,24
830,832,44,24
841,860,44,24
603,685,44,24
813,860,44,24
854,871,44,24
1651,1674,44,24
810,873,44,24
627,635,44,24
841,860,44,24
603,685,44,24
813,860,44,24
815,893,44,24
854,871,44,24
1170,1672,44,24
1651,1674,44,24
810,873,44,24
841,860,44,24
603,685,44,24
813,860,44,24
832,841,44,24
1651,1674,44,24
827,834,44,24
853,860,44,24
813,860,44,24
841,860,44,24
603,685,44,24
830,834,44,24
841,860,44,24
603,685,44,24
813,860,44,24
825,833,44,24
827,830,44,24
1170,1672,44,24
810,864,44,24
831,864,44,24
830,832,44,24
830,834,44,24
603,685,44,24
838,852,44,24
813,860,44,24
825,833,44,24
661,694,44,24
813,860,44,24
603,685,44,24
661,694,44,24
841,860,44,24
807,889,44,24
838,852,44,24
813,860,44,24
603,685,44,24
661,694,44,24
813,860,44,24
661,692,44,24
851,862,44,24
603,685,44,24
1170,1672,44,24
813,860,44,24
851,862,44,24
603,685,44,24
827,832,44,24
603,685,44,24
838,852,44,24
813,860,44,24
825,833,44,24
851,862,44,24
827,834,44,24
827,830,44,24
603,685,44,24
860,869,44,24
830,834,44,24
603,685,44,24
813,860,44,24
827,830,44,24
860,864,44,24
810,864,44,24
810,860,44,24
831,869,44,24
825,833,44,24
830,834,44,24
603,685,44,24
603,685,44,24
860,864,44,24
1170,1672,44,24
603,685,44,24
827,830,44,24
860,864,44,24
603,685,44,24
1170,1672,44,24
664,867,44,24
603,685,44,24
810,843,44,24
603,685,44,24
603,641,44,24
603,641,44,24
641,685,44,24
603,685,44,24
609,690,44,24
635,648,44,24
641,685,44,24
603,685,44,24
1632,1856,44,24
641,685,44,24
609,690,44,24
641,685,44,24
810,843,44,24
810,843,44,24
810,843,44,24
860,864,44,24
1651,1674,44,24
810,843,44,24
810,843,44,24
860,864,44,24
600,613,44,24
810,843,44,24
860,864,44,24
664,867,44,24
810,843,44,24
810,843,44,24
810,843,44,24
1170,1672,44,24
1651,1674,44,24
1170,1672,44,24
810,843,44,24
1170,1672,44,24
810,843,44,24
600,613,44,24
810,843,44,24
810,836,44,24
681,694,44,24
1170,1672,44,24
600,613,44,24
810,843,44,24
810,836,44,24
681,694,44,24
1170,1672,44,24
681,694,44,24
810,843,44,24
1170,1672,44,24
810,843,44,24
810,836,44,24
600,613,44,24
664,867,44,24
810,843,44,24
1170,1672,44,24
609,690,44,24
600,613,44,24
810,843,44,24
1170,1672,44,24
807,889,44,24
810,843,44,24
1492,1678,44,24
600,613,44,24
810,843,44,24
1492,1678,44,24
1170,1672,44,24
810,843,44,24
825,833,44,24
681,694,44,24
1651,1674,44,24
831,869,44,24
810,843,44,24
1492,1678,44,24
810,843,44,24
831,869,44,24
609,690,44,24
825,833,44,24
1170,1672,44,24
1651,1674,44,24
813,831,44,24
609,690,44,24
1651,1674,44,24
810,843,44,24
1492,1678,44,24
1170,1672,44,24
1651,1674,44,24
831,869,44,24
1492,1678,44,24
600,613,44,24
1651,1674,44,24
831,869,44,24
810,843,44,24
813,831,44,24
831,869,44,24
810,843,44,24
831,869,44,24
810,843,44,24
1649,1651,44,24
810,843,44,24
831,869,44,24
600,613,44,24
825,833,44,24
1651,1674,44,24
1170,1672,44,24
810,843,44,24
852,854,44,24
810,843,44,24
654,660,44,24
810,843,44,24
609,690,44,24
831,869,44,24
810,843,44,24
860,864,44,24
609,690,44,24
810,843,44,24
825,833,44,24
860,864,44,24
609,690,44,24
831,869,44,24
810,843,44,24
860,864,44,24
810,843,44,24
831,869,44,24
609,690,44,24
825,833,44,24
860,864,44,24
600,609,44,24
609,690,44,24
1649,1651,44,24
825,833,44,24
836,843,44,24
860,864,44,24
609,690,44,24
1649,1651,44,24
810,843,44,24
825,833,44,24
836,843,44,24
609,690,44,24
831,869,44,24
838,841,44,24
1649,1651,44,24
1649,1651,44,24
810,843,44,24
609,690,44,24
1613,1672,44,24
860,864,44,24
654,660,44,24
609,690,44,24
831,869,44,24
810,843,44,24
1613,1672,44,24
609,690,44,24
664,867,44,24
1649,1651,44,24
810,843,44,24
609,690,44,24
654,660,44,24
867,868,44,24
609,690,44,24
654,660,44,24
810,843,44,24
609,690,44,24
1649,1651,44,24
810,843,44,24
860,864,44,24
609,690,44,24
654,660,44,24
836,843,44,24
831,869,44,24
836,843,44,24
825,833,44,24
836,843,44,24
831,869,44,24
836,843,44,24
609,690,44,24
831,869,44,24
836,843,44,24
1632,1856,44,24
836,843,44,24
831,869,44,24
810,843,44,24
836,843,44,24
810,843,44,24
836,843,44,24
831,869,44,24
810,843,44,24
831,869,44,24
810,843,44,24
813,831,44,24
831,869,44,24
838,853,44,24
836,843,44,24
831,869,44,24
810,843,44,24
838,853,44,24
825,833,44,24
654,660,44,24
867,868,44,24
825,833,44,24
836,843,44,24
683,698,44,24
810,843,44,24
810,843,44,24
825,833,44,24
867,868,44,24
825,833,44,24
664,867,44,24
867,868,44,24
1170,1672,44,24
664,867,44,24
867,868,44,24
664,867,44,24
831,869,44,24
810,843,44,24
813,869,44,24
810,843,44,24
810,843,44,24
831,869,44,24
810,843,44,24
825,833,44,24
813,831,44,24
810,843,45,25
664,867,45,25
831,869,45,25
810,843,45,25
810,843,45,25
831,869,45,25
810,843,45,25
831,869,45,25
810,843,45,25
825,833,45,25
1649,1651,45,25
825,833,45,25
1649,1651,45,25
810,843,45,25
825,833,45,25
1649,1651,45,25
825,833,45,25
1649,1651,45,25
1649,1651,45,25
1649,1651,45,25
825,833,45,25
1649,1651,45,25
810,843,45,25
648,666,45,25
825,833,45,25
860,864,45,25
867,868,45,25
648,666,45,25
810,843,45,25
825,833,45,25
1170,1672,45,25
825,833,45,25
831,869,45,25
825,833,45,25
810,843,45,25
825,833,45,25
1649,1651,45,25
1649,1651,45,25
810,843,45,25
1649,1651,45,25
1649,1651,45,25
813,831,45,25
825,833,45,25
825,833,45,25
634,871,45,25
1632,1856,45,25
1632,1856,45,25
860,864,45,25
1170,1672,45,25
831,869,45,25
860,864,45,25
860,864,45,25
807,889,45,25
825,833,45,25
609,690,45,25
813,860,45,25
609,690,45,25
825,833,45,25
609,690,45,25
825,833,45,25
813,831,45,25
1651,1674,45,25
654,660,45,25
1651,1674,45,25
810,843,45,25
1144,1662,45,25
1651,1674,45,25
1651,1674,45,25
1649,1651,45,25
1651,1674,45,25
1649,1651,45,25
867,868,45,25
813,831,45,25
867,868,45,25
825,833,45,25
825,833,45,25
609,690,45,25
813,831,45,25
867,868,45,25
609,690,45,25
609,690,45,25
609,690,45,25
609,690,45,25
825,833,45,25
832,834,45,25
810,843,45,25
825,833,45,25
832,834,45,25
832,834,45,25
836,843,45,25
825,833,45,25
1651,1674,45,25
867,868,45,25
832,834,45,25
825,833,45,25
1144,1662,45,25
1651,1674,45,25
867,868,45,25
832,834,45,25
867,868,45,25
644,666,45,25
832,834,45,25
627,635,45,25
832,834,45,25
825,833,45,25
825,833,45,25
634,871,45,25
654,660,45,25
1651,1674,45,25
867,868,45,25
832,834,45,25
836,843,45,25
1651,1674,45,25
825,833,45,25
836,843,45,25
1651,1674,45,25
867,868,45,25
832,834,45,25
1651,1674,45,25
825,833,45,25
832,834,45,25
1651,1674,45,25
825,833,45,25
832,834,45,25
609,690,45,25
1651,1674,45,25
832,834,45,25
1651,1674,45,25
867,868,45,25
832,834,45,25
825,833,45,25
1651,1674,45,25
810,843,45,25
836,843,45,25
1651,1674,45,25
836,843,45,25
609,690,45,25
1651,1674,45,25
832,834,45,25
836,843,45,25
1651,1674,45,25
1651,1674,45,25
634,871,45,25
1651,1674,45,25
810,843,45,25
1144,1662,45,25
832,834,45,25
609,690,45,25
1651,1674,45,25
825,833,45,25
836,843,45,25
1651,1674,45,25
831,869,45,25
836,843,45,25
1651,1674,45,25
836,843,45,25
1651,1674,45,25
1144,1662,45,25
831,869,45,25
836,843,45,25
1144,1662,45,25
836,843,45,25
1144,1662,45,25
836,843,45,25
1144,1662,45,25
1144,1662,45,25
836,843,45,25
1144,1662,45,25
860,864,45,25
1632,1856,45,25
810,843,45,25
813,831,45,25
1144,1662,45,25
1632,1856,45,25
860,864,45,25
1144,1662,45,25
1613,1672,45,25
860,864,45,25
1144,1662,45,25
1613,1672,45,25
661,694,45,25
1144,1662,45,25
860,864,45,25
661,694,45,25
860,864,45,25
623,692,45,25
836,843,45,25
832,834,45,25
836,843,45,25
813,831,45,25
832,834,45,25
813,831,45,25
832,834,45,25
836,843,45,25
832,834,45,25
813,831,45,25
860,864,45,25
609,690,45,25
836,843,45,25
832,834,45,25
813,831,45,25
832,834,45,25
836,843,45,25
1651,1674,45,25
810,843,45,25
1613,1672,45,25
813,831,45,25
1651,1674,45,25
810,843,45,25
813,831,45,25
825,833,45,25
810,843,45,25
825,833,45,25
867,868,45,25
813,831,45,25
810,843,45,25
813,831,45,25
1613,1672,45,25
832,834,45,25
620,677,45,25
620,691,45,25
620,677,45,25
813,831,45,25
620,691,45,25
813,831,45,25
813,831,45,25
813,831,45,25
813,831,45,25
813,869,45,25
813,831,45,25
813,869,45,25
860,864,45,25
813,831,45,25
825,833,45,25
813,831,45,25
807,889,45,25
825,833,45,25
825,833,45,25
832,834,45,25
825,833,45,25
810,843,45,25
825,833,45,25
810,843,45,25
860,864,45,25
860,864,45,25
825,833,45,25
810,843,45,25
825,833,45,25
810,843,45,25
832,834,45,25
860,864,45,25
813,860,45,25
813,831,45,25
810,843,45,25
860,864,45,25
832,834,45,25
860,864,45,25
810,843,45,25
860,864,45,25
813,831,45,25
810,843,45,25
860,864,45,25
860,864,45,25
634,866,45,25
810,843,45,25
860,864,45,25
654,660,45,25
813,831,45,25
1651,1674,45,25
813,831,45,25
810,843,45,25
825,833,45,25
1651,1674,45,25
831,869,45,25
813,869,45,25
825,833,45,25
609,690,45,25
810,843,45,25
860,864,45,25
810,843,45,25
860,864,45,25
813,831,45,25
810,843,45,25
860,864,45,25
810,843,45,25
860,864,45,25
813,831,45,25
810,843,45,25
860,864,45,25
609,690,45,25
813,831,45,25
810,843,45,25
810,843,45,25
644,666,45,25
813,831,45,25
810,843,45,25
851,862,45,25
860,864,45,25
813,831,45,25
810,843,45,25
813,831,45,25
1170,1672,45,25
813,831,45,25
810,843,45,25
813,831,45,25
810,843,45,25
810,843,45,25
1613,1672,45,25
860,864,45,25
860,869,45,25
810,843,45,25
831,869,45,25
1170,1672,45,25
826,827,45,25
1651,1674,45,25
836,843,45,25
860,868,45,25
826,827,45,25
613,658,45,25
826,860,45,25
810,843,45,25
644,666,45,25
836,843,45,25
613,658,45,25
810,843,45,25
836,843,45,25
600,613,45,25
810,843,45,25
836,843,45,25
838,841,45,25
810,843,45,25
836,843,45,25
810,843,45,25
836,843,45,25
810,843,45,25
836,843,45,25
1170,1672,45,25
810,843,45,25
836,843,45,25
1492,1613,45,25
1170,1672,45,25
838,841,45,25
810,843,45,25
836,843,45,25
1492,1613,45,25
838,841,45,25
810,843,45,25
654,660,45,25
1170,1672,45,25
836,843,45,25
831,869,45,25
810,843,45,25
836,843,45,25
1170,1672,45,25
810,843,45,25
836,843,45,25
836,843,45,25
644,666,45,25
810,843,45,25
1492,1613,45,25
838,841,45,25
810,843,45,25
836,843,45,25
1492,1613,45,25
810,843,45,25
836,843,45,25
1144,1662,45,25
810,843,45,25
836,843,45,25
1144,1662,45,25
831,869,45,25
810,843,45,25
836,843,45,25
1170,1672,45,25
1144,1662,45,25
810,843,45,25
836,843,45,25
609,690,45,25
810,843,45,25
836,843,45,25
1492,1613,45,25
838,841,45,25
810,843,45,25
1660,1662,45,25
831,869,45,25
1645,1671,45,25
1170,1672,45,25
1651,1674,45,25
836,843,45,25
860,869,45,25
1144,1662,45,25
810,843,45,25
1144,1644,45,25
1632,1645,45,25
609,690,45,25
1613,1632,45,25
1170,1672,45,25
836,843,45,25
1144,1662,45,25
1170,1613,45,25
1660,1662,45,25
1148,1170,45,25
1144,1658,45,25
1632,1671,45,25
1144,1613,45,25
1170,1672,45,25
1170,1658,45,25
836,843,45,25
838,841,45,25
841,867,45,25
1632,1671,45,25
1190,1662,45,25
1148,1190,45,25
810,843,45,25
1632,1645,45,25
1632,1671,45,25
813,860,45,25
860,864,45,25
1601,1856,45,25
1660,1662,45,25
1164,1645,45,25
1632,1644,45,25
1645,1649,45,25
1164,1649,45,25
1601,1856,45,25
810,843,45,25
1164,1645,45,25
813,860,45,25
1671,1674,45,25
1144,1632,45,25
836,843,45,25
1164,1645,45,25
813,860,45,25
810,843,45,25
1164,1645,45,25
813,860,45,25
1164,1645,45,25
1190,1601,45,25
1190,1601,45,25
810,843,45,25
1148,1190,45,25
836,843,45,25
1649,1678,45,25
810,843,45,25
600,613,45,25
807,889,45,25
810,843,45,25
836,843,45,25
810,843,45,25
836,843,45,25
813,860,45,25
810,843,45,25
836,843,45,25
813,860,45,25
810,843,45,25
836,843,45,25
860,864,45,25
1190,1658,45,25
810,843,45,25
836,843,45,25
838,852,45,25
810,843,45,25
836,843,45,25
860,864,45,25
1190,1601,45,25
810,843,45,25
836,843,45,25
1190,1601,45,25
613,658,45,25
831,868,45,25
644,666,45,25
825,833,45,25
1190,1678,45,25
1601,1678,45,25
825,833,45,25
613,658,45,25
613,658,45,25
825,833,45,25
613,658,45,25
1601,1678,45,25
1190,1678,45,25
613,658,45,25
609,690,45,25
613,658,45,25
836,843,45,25
1170,1672,45,25
609,690,45,25
1613,1672,45,25
609,690,45,25
613,658,45,25
1181,1674,45,25
836,843,45,25
609,690,45,25
623,692,45,25
810,843,45,25
609,690,45,25
613,658,45,25
813,843,45,25
609,690,45,25
609,690,45,25
831,868,45,25
613,658,45,25
613,658,45,25
813,843,45,25
813,843,45,25
813,843,45,25
609,690,45,25
648,666,45,25
613,658,45,25
831,868,45,25
813,843,45,25
654,660,45,25
813,860,45,25
613,658,45,25
813,843,45,25
831,868,45,25
644,666,45,25
813,843,45,25
609,690,45,25
644,666,45,25
813,843,45,25
609,690,45,25
831,868,45,25
613,698,45,25
623,658,45,25
827,869,45,25
831,860,45,25
810,843,45,25
600,658,45,25
613,658,45,25
826,868,45,25
635,683,45,25
831,860,45,25
852,858,45,25
609,868,45,25
838,852,45,25
613,623,45,25
825,834,45,25
831,860,45,25
635,661,45,25
858,868,45,25
628,868,45,25
635,636,45,25
628,635,45,25
655,868,45,25
635,663,45,25
626,698,45,25
692,694,45,25
623,660,45,25
627,635,45,25
626,698,45,25
616,681,45,25
655,868,45,25
623,694,45,25
648,683,45,25
627,635,45,25
616,681,45,25
660,681,45,25
654,694,45,25
648,681,45,25
616,683,45,25
600,634,45,25
600,858,45,25
615,655,45,25
1613,1672,45,25
609,690,45,25
852,858,45,25
648,683,45,25
600,858,45,25
615,655,45,25
616,648,45,25
615,655,45,25
654,869,45,25
609,690,45,25
648,683,45,25
616,683,45,25
627,635,45,25
619,621,45,25
620,677,45,25
648,683,45,25
615,621,45,25
606,619,45,25
616,648,45,25
609,690,45,25
658,690,45,25
615,619,45,25
615,619,45,25
687,1190,45,25
615,621,45,25
658,690,45,25
609,658,45,25
648,683,45,25
615,621,45,25
620,677,45,25
615,619,45,25
619,621,45,25
620,677,45,25
619,638,45,25
615,621,45,25
606,619,45,25
681,683,45,25
1601,1629,45,25
615,619,45,25
606,638,45,25
620,677,45,25
615,619,45,25
615,621,45,25
606,619,45,25
658,690,45,25
619,638,45,25
1164,1645,45,25
620,677,45,25
606,638,45,25
615,619,45,25
620,650,45,25
620,677,45,25
1170,1613,45,25
619,638,45,25
606,619,45,25
620,650,45,25
615,619,45,25
1164,1672,45,25
615,621,45,25
620,677,45,25
615,619,45,25
619,621,45,25
1164,1672,45,25
620,677,45,25
615,619,45,25
615,621,45,25
1613,1672,45,25
1170,1672,45,25
620,677,45,25
615,619,45,25
606,619,45,25
620,677,45,25
1170,1181,45,25
1170,1613,45,25
1181,1672,45,25
1632,1644,45,25
1613,1672,45,25
1170,1613,45,25
1181,1672,45,25
1181,1674,45,25
1613,1672,45,25
1170,1672,45,25
606,621,45,25
1170,1674,45,25
620,677,45,25
1613,1672,45,25
621,1181,45,25
1170,1613,45,25
1632,1671,45,25
619,638,45,25
619,1181,45,25
1170,1613,45,25
1170,1613,45,25
1190,1632,45,25
1613,1672,45,25
1660,1662,45,25
1660,1662,45,25
1660,1662,45,25
1660,1662,45,25
654,869,45,25
1181,1674,45,25
1170,1613,45,25
1170,1672,45,25
1170,1613,45,25
1613,1672,45,25
1660,1662,45,25
1613,1672,45,25
1170,1672,45,25
1660,1662,45,25
1613,1672,45,25
1170,1672,45,25
1181,1674,45,25
1170,1672,45,25
1181,1651,45,25
1181,1651,46,26
1632,1671,46,26
1629,1667,46,26
1632,1644,46,26
1181,1644,46,26
1632,1644,46,26
1181,1651,46,26
636,869,46,26
1181,1651,46,26
1181,1674,46,26
1632,1671,46,26
1190,1662,46,26
654,694,46,26
1181,1674,46,26
1181,1674,46,26
1181,1651,46,26
1181,1674,46,26
1190,1632,46,26
1181,1651,46,26
1181,1674,46,26
1181,1651,46,26
1651,1674,46,26
1660,1662,46,26
1660,1662,46,26
654,869,46,26
1190,1632,46,26
1660,1662,46,26
654,869,46,26
1181,1674,46,26
1190,1632,46,26
1190,1632,46,26
1190,1632,46,26
1190,1632,46,26
1190,1632,46,26
654,869,46,26
654,869,46,26
1651,1674,46,26
654,869,46,26
654,694,46,26
1181,1674,46,26
654,869,46,26
1181,1674,46,26
654,869,46,26
1190,1632,46,26
1190,1632,46,26
623,869,46,26
1190,1632,46,26
1190,1632,46,26
654,869,46,26
654,869,46,26
654,869,46,26
1181,1674,46,26
1190,1632,46,26
1651,1674,46,26
1181,1674,46,26
1190,1632,46,26
654,869,46,26
1181,1674,46,26
1148,1678,46,26
654,869,46,26
1660,1662,46,26
1660,1662,46,26
654,869,46,26
1632,1678,46,26
1674,1678,46,26
1181,1674,46,26
654,869,46,26
623,869,46,26
1632,1644,46,26
654,869,46,26
606,662,46,26
654,869,46,26
1632,1644,46,26
1181,1678,46,26
1674,1678,46,26
654,869,46,26
1632,1644,46,26
654,869,46,26
1632,1644,46,26
1632,1644,46,26
1190,1632,46,26
601,827,46,26
1190,1632,46,26
851,860,46,26
1190,1632,46,26
654,869,46,26
851,860,46,26
1613,1672,46,26
1148,1632,46,26
851,860,46,26
1632,1678,46,26
1148,1632,46,26
831,869,46,26
807,893,46,26
803,807,46,26
831,869,46,26
809,892,46,26
803,841,46,26
1492,1678,46,26
1148,1632,46,26
1651,1674,46,26
803,841,46,26
880,887,46,26
892,893,46,26
831,869,46,26
803,841,46,26
807,841,46,26
694,860,46,26
807,841,46,26
601,827,46,26
881,895,46,26
694,860,46,26
814,821,46,26
694,860,46,26
694,860,46,26
828,830,46,26
694,860,46,26
827,834,46,26
601,827,46,26
828,832,46,26
694,860,46,26
694,860,46,26
827,834,46,26
694,860,46,26
827,834,46,26
694,860,46,26
827,834,46,26
827,834,46,26
1164,1672,46,26
694,860,46,26
883,886,46,26
694,860,46,26
1164,1672,46,26
883,886,46,26
694,860,46,26
827,834,46,26
827,834,46,26
1170,1613,46,26
1181,1674,46,26
601,827,46,26
827,834,46,26
1164,1672,46,26
1170,1613,46,26
827,834,46,26
1613,1672,46,26
827,834,46,26
1613,1672,46,26
1181,1674,46,26
1613,1672,46,26
1651,1674,46,26
827,834,46,26
868,873,46,26
827,834,46,26
827,834,46,26
827,834,46,26
654,860,46,26
1170,1672,46,26
1170,1613,46,26
601,827,46,26
644,666,46,26
609,658,46,26
1170,1672,46,26
609,658,46,26
622,662,46,26
1170,1672,46,26
1170,1672,46,26
627,635,46,26
664,868,46,26
1181,1674,46,26
627,635,46,26
1170,1613,46,26
1181,1674,46,26
681,683,46,26
692,860,46,26
1170,1672,46,26
1651,1674,46,26
1170,1613,46,26
692,860,46,26
627,635,46,26
1651,1674,46,26
692,860,46,26
681,683,46,26
1181,1674,46,26
681,683,46,26
692,860,46,26
827,834,46,26
681,1190,46,26
860,893,46,26
683,860,46,26
681,860,46,26
623,860,46,26
681,683,46,26
621,638,46,26
1651,1674,46,26
683,860,46,26
681,683,46,26
681,860,46,26
683,893,46,26
692,860,46,26
683,692,46,26
621,638,46,26
827,834,46,26
1651,1674,46,26
1190,1672,46,26
681,692,46,26
860,893,46,26
681,860,46,26
609,658,46,26
681,893,46,26
692,860,46,26
609,690,46,26
681,692,46,26
683,860,46,26
681,860,46,26
609,658,46,26
692,860,46,26
609,658,46,26
619,638,46,26
683,860,46,26
609,690,46,26
609,690,46,26
681,692,46,26
683,860,46,26
692,860,46,26
681,860,46,26
609,658,46,26
681,683,46,26
1492,1678,46,26
827,834,46,26
683,860,46,26
681,860,46,26
609,658,46,26
692,860,46,26
619,621,46,26
683,893,46,26
683,860,46,26
627,635,46,26
681,860,46,26
855,873,46,26
609,658,46,26
609,658,46,26
619,638,46,26
683,860,46,26
681,860,46,26
623,860,46,26
683,860,46,26
681,860,46,26
623,860,46,26
619,638,46,26
683,860,46,26
681,860,46,26
855,873,46,26
609,658,46,26
692,860,46,26
1651,1674,46,26
609,658,46,26
683,860,46,26
681,860,46,26
638,1164,46,26
683,860,46,26
681,860,46,26
609,658,46,26
618,860,46,26
683,860,46,26
623,860,46,26
692,860,46,26
623,681,46,26
618,860,46,26
619,1164,46,26
618,681,46,26
626,698,46,26
623,860,46,26
853,854,46,26
683,860,46,26
609,658,46,26
692,860,46,26
1613,1672,46,26
623,681,46,26
619,1164,46,26
609,658,46,26
654,682,46,26
860,893,46,26
683,860,46,26
609,690,46,26
681,683,46,26
683,692,46,26
623,681,46,26
1601,1629,46,26
654,682,46,26
636,681,46,26
855,873,46,26
609,658,46,26
623,681,46,26
619,1164,46,26
636,892,46,26
836,873,46,26
866,873,46,26
636,681,46,26
636,860,46,26
681,892,46,26
609,690,46,26
681,860,46,26
836,866,46,26
619,1164,46,26
654,682,46,26
836,873,46,26
609,690,46,26
681,893,46,26
1170,1672,46,26
1651,1674,46,26
619,1164,46,26
836,873,46,26
866,873,46,26
627,635,46,26
638,662,46,26
1651,1674,46,26
619,1164,46,26
836,873,46,26
866,873,46,26
663,683,46,26
627,635,46,26
654,696,46,26
855,873,46,26
681,893,46,26
654,686,46,26
619,1164,46,26
609,623,46,26
651,683,46,26
654,696,46,26
663,692,46,26
651,663,46,26
651,692,46,26
626,681,46,26
648,692,46,26
1170,1632,46,26
651,683,46,26
681,694,46,26
654,696,46,26
627,635,46,26
651,663,46,26
644,661,46,26
1170,1672,46,26
1651,1674,46,26
619,1164,46,26
1181,1678,46,26
651,683,46,26
836,851,46,26
651,663,46,26
609,635,46,26
654,696,46,26
686,696,46,26
623,651,46,26
627,635,46,26
644,661,46,26
1170,1672,46,26
681,696,46,26
619,1164,46,26
658,661,46,26
651,683,46,26
686,696,46,26
644,667,46,26
1190,1632,46,26
609,690,46,26
613,661,46,26
606,638,46,26
1170,1672,46,26
658,661,46,26
609,690,46,26
627,690,46,26
681,694,46,26
1170,1613,46,26
644,667,46,26
611,616,46,26
658,661,46,26
609,690,46,26
627,690,46,26
636,860,46,26
635,690,46,26
609,635,46,26
663,692,46,26
651,654,46,26
1651,1674,46,26
619,1164,46,26
658,661,46,26
609,635,46,26
661,663,46,26
836,851,46,26
635,690,46,26
636,860,46,26
644,667,46,26
609,690,46,26
658,690,46,26
1651,1674,46,26
619,1164,46,26
635,658,46,26
616,654,46,26
628,661,46,26
648,683,46,26
1190,1632,46,26
860,868,46,26
606,638,46,26
1651,1674,46,26
619,1164,46,26
623,654,46,26
650,654,46,26
687,1632,46,26
635,658,46,26
654,667,46,26
651,667,46,26
1651,1674,46,26
619,1164,46,26
635,661,46,26
651,667,46,26
651,654,46,26
1651,1674,46,26
619,1164,46,26
601,666,46,26
606,638,46,26
620,650,46,26
836,851,46,26
648,666,46,26
606,638,46,26
619,1164,46,26
613,658,46,26
620,677,46,26
621,638,46,26
606,638,46,26
600,609,46,26
620,650,46,26
619,1164,46,26
628,667,46,26
836,851,46,26
883,886,46,26
621,638,46,26
619,1164,46,26
836,851,46,26
648,666,46,26
803,841,46,26
606,638,46,26
621,638,46,26
1164,1667,46,26
836,851,46,26
803,841,46,26
615,662,46,26
836,851,46,26
615,662,46,26
621,638,46,26
836,851,46,26
836,851,46,26
836,851,46,26
860,864,46,26
883,888,46,26
883,886,46,26
860,864,46,26
883,888,46,26
681,683,46,26
836,851,46,26
860,864,46,26
836,851,46,26
883,886,46,26
888,890,46,26
619,1164,46,26
627,635,46,26
836,851,46,26
836,851,46,26
609,690,46,26
803,841,46,26
803,841,46,26
613,658,46,26
860,864,46,26
627,635,46,26
860,864,46,26
860,864,46,26
860,864,46,26
648,666,46,26
1164,1667,46,26
1613,1672,46,26
860,864,46,26
1613,1672,46,26
860,864,46,26
1492,1613,46,26
1492,1613,46,26
1651,1674,46,26
1651,1674,46,26
860,864,46,26
609,690,46,26
1651,1674,46,26
1613,1672,46,26
609,690,46,26
1170,1672,46,26
609,690,46,26
609,690,46,26
1164,1613,46,26
1164,1672,46,26
1613,1667,46,26
1164,1613,46,26
609,690,46,26
1660,1662,46,26
609,690,46,26
1613,1672,46,26
1660,1662,46,26
1164,1613,46,26
609,690,46,26
1613,1672,46,26
1164,1613,46,26
1613,1672,46,26
1164,1672,46,26
609,690,46,26
1613,1672,46,26
1164,1672,46,26
648,666,46,26
627,635,46,26
609,690,46,26
1164,1672,46,26
1164,1613,46,26
600,613,46,26
609,690,46,26
1164,1672,46,26
609,690,46,26
1164,1672,46,26
609,690,46,26
1164,1672,46,26
1164,1672,46,26
1164,1672,46,26
1144,1856,46,26
1651,1674,46,26
1164,1672,46,26
683,698,46,26
648,666,46,26
648,666,46,26
683,698,46,26
1613,1672,46,26
609,690,46,26
683,698,46,26
1660,1662,46,26
609,690,46,26
1164,1613,46,26
613,658,46,26
627,635,46,26
1164,1613,46,26
613,658,46,26
627,635,46,26
1613,1672,46,26
1164,1672,46,26
1164,1613,46,26
613,658,46,26
681,683,46,26
1164,1672,46,26
1164,1613,46,26
613,658,46,26
681,683,46,26
1164,1672,46,26
681,683,46,26
1164,1672,46,26
681,683,46,26
1613,1672,46,26
644,666,46,26
1164,1672,46,26
681,683,46,26
1164,1672,46,26
681,683,46,26
1164,1672,46,26
681,683,46,26
1613,1672,46,26
1144,1644,46,26
1164,1672,46,26
1164,1651,46,26
681,683,46,26
1613,1672,46,26
1144,1644,46,26
1164,1651,46,26
1660,1662,46,26
1144,1644,46,26
1170,1672,46,26
681,683,46,26
661,663,46,26
681,683,46,26
635,648,46,26
1170,1672,46,26
1164,1672,46,26
635,648,46,26
681,683,46,26
635,648,46,26
681,683,46,26
635,648,46,26
884,889,46,26
1144,1644,46,26
635,648,46,26
1144,1644,46,26
635,648,46,26
1170,1672,46,26
635,648,46,26
1144,1644,46,26
635,648,46,26
1144,1644,46,26
635,648,46,26
681,683,46,26
644,666,46,26
609,690,46,26
681,683,46,26
635,648,46,26
1164,1672,46,26
1170,1613,46,26
609,690,46,26
681,683,46,26
1144,1644,46,26
635,648,46,26
644,666,46,26
1164,1672,46,26
600,613,46,26
609,690,46,26
1144,1644,46,26
635,648,46,26
644,666,46,26
1164,1672,46,26
1144,1644,46,26
613,658,46,26
681,683,46,26
635,648,46,26
644,666,46,26
1164,1672,46,26
1164,1613,46,26
613,658,46,26
681,683,46,26
635,648,46,26
644,666,46,26
1164,1672,46,26
849,882,46,26
1144,1644,46,26
613,658,46,26
609,690,46,26
681,683,46,26
635,648,46,26
644,666,46,26
1164,1672,46,26
681,683,46,26
635,648,46,26
644,666,46,26
1164,1672,46,26
600,613,46,26
681,683,46,26
644,666,46,26
1170,1613,46,26
600,613,46,26
609,690,46,26
681,683,46,26
1170,1613,46,26
613,658,46,26
681,683,46,26
644,666,46,26
600,613,46,26
644,681,46,26
613,658,46,26
609,690,46,26
681,683,46,26
1170,1672,46,26
644,666,46,26
821,882,46,26
609,690,46,26
681,683,46,26
644,666,46,26
609,690,46,26
681,683,46,26
644,666,46,26
849,882,46,26
613,658,46,26
609,690,46,26
681,683,46,26
1170,1672,46,26
644,666,46,26
1181,1651,46,26
815,880,46,26
681,683,46,26
1613,1672,46,26
1170,1672,46,26
644,666,46,26
815,887,46,26
644,666,46,26
880,887,46,26
681,683,46,26
860,864,46,26
815,880,46,26
1170,1613,46,26
613,658,46,26
880,887,46,26
609,690,46,26
681,683,46,26
635,648,46,26
815,880,46,26
1170,1613,46,26
644,681,46,26
600,613,46,26
880,887,46,26
609,690,46,26
681,683,46,26
1170,1672,46,26
815,880,46,26
1170,1613,46,26
644,681,46,26
600,613,46,26
880,887,46,26
1170,1672,46,26
815,880,46,26
644,681,46,26
815,887,46,26
815,880,46,26
600,613,46,26
880,887,46,26
609,690,46,26
681,683,46,26
644,666,46,26
1170,1613,46,26
644,681,46,26
815,887,46,26
880,887,46,26
609,690,46,26
681,683,46,26
1170,1672,46,26
815,880,46,26
644,681,46,26
815,887,46,26
880,887,46,26
609,690,46,26
860,864,46,26
635,648,46,26
1170,1672,46,26
815,880,46,26
644,681,46,26
815,887,46,26
613,658,46,26
600,613,46,26
880,887,46,26
609,690,46,26
644,666,46,26
635,648,46,26
815,880,46,26
815,887,46,26
600,613,46,26
814,889,46,26
613,658,46,26
880,887,46,26
609,690,46,26
803,841,46,26
635,648,46,26
815,880,46,26
815,887,46,26
613,658,46,26
600,613,46,26
880,887,46,26
609,690,46,26
681,683,46,26
635,648,46,26
815,880,46,26
815,887,46,26
600,613,46,26
613,658,46,26
880,887,46,26
609,690,46,26
681,683,46,26
815,887,46,26
648,666,46,26
613,658,46,26
880,887,46,26
609,690,46,26
681,683,46,26
815,880,46,26
650,677,46,26
815,887,46,26
613,658,46,26
681,683,46,26
880,887,46,26
650,677,46,26
613,658,46,26
627,635,46,26
880,887,46,26
635,648,46,26
681,683,46,26
613,658,46,26
627,635,46,26
880,887,46,26
609,690,46,26
681,683,46,26
613,658,46,26
880,887,46,26
880,887,46,26
880,887,46,26
613,658,46,26
627,635,46,26
880,887,46,26
609,690,46,26
613,658,46,26
627,635,46,26
880,887,46,26
627,635,46,26
880,887,46,26
627,635,46,26
880,887,46,26
600,613,46,26
880,887,46,26
613,658,46,26
880,887,46,26
613,658,46,26
880,887,46,26
613,658,46,26
880,887,46,26
609,690,46,26
609,690,46,26
661,663,46,26
613,658,46,26
880,887,46,26
609,690,46,26
815,880,46,26
613,658,46,26
880,887,46,26
609,690,46,26
815,880,46,26
613,658,46,26
880,887,46,26
609,690,46,26
600,613,46,26
613,658,46,26
613,658,46,26
661,663,46,26
600,613,46,26
609,690,46,26
650,1144,46,26
651,654,46,26
609,690,46,26
650,1144,46,26
880,887,46,26
600,613,46,26
613,658,46,26
880,887,46,26
609,690,46,26
1613,1672,46,26
644,666,46,26
613,658,46,26
600,613,46,26
880,887,46,26
609,690,46,26
644,666,46,26
609,690,46,26
681,683,46,26
1181,1674,46,26
880,887,46,26
1181,1674,46,26
600,613,46,26
880,887,46,26
609,690,46,26
681,683,46,26
600,613,46,26
880,887,46,26
600,613,46,26
613,658,46,26
880,887,46,26
648,666,46,26
613,658,46,26
681,683,46,26
600,613,46,26
880,887,46,26
1181,1674,46,26
613,658,46,26
677,1144,46,26
681,683,46,26
880,887,46,26
600,613,46,26
681,683,46,26
600,613,46,26
880,887,46,26
681,683,46,26
600,613,46,26
880,887,46,26
609,690,46,26
650,677,46,26
1181,1674,46,26
600,613,46,26
880,887,46,26
616,681,46,26
860,864,46,26
600,613,46,26
1181,1674,46,26
609,690,46,26
880,887,46,26
600,613,46,26
880,887,46,26
860,864,46,26
1181,1674,46,26
880,887,46,26
650,1144,46,26
613,658,46,26
880,887,46,26
860,864,46,26
609,690,46,26
650,1144,46,26
600,613,46,26
880,887,46,26
648,666,46,26
1181,1674,46,26
880,887,46,26
600,609,46,26
815,880,46,26
648,666,46,26
681,683,46,26
880,887,46,26
1144,1856,46,26
803,841,46,26
1144,1856,46,26
1181,1674,46,26
880,887,46,26
650,677,46,26
880,887,46,26
880,887,46,26
600,609,46,26
880,887,46,26
860,864,46,26
880,887,46,26
880,887,46,26
880,891,46,26
860,864,46,26
1144,1856,46,26
815,880,46,26
681,683,46,26
1181,1674,46,26
860,864,46,26
1181,1674,46,26
627,635,46,26
860,864,46,26
860,864,46,26
609,690,46,26
880,891,46,26
880,887,46,26
860,864,46,26
1613,1678,46,26
880,891,46,26
860,864,46,26
815,891,46,26
880,887,46,26
681,683,46,26
1181,1674,46,26
880,887,46,26
1613,1678,46,26
1170,1613,46,26
681,683,46,26
613,658,46,26
860,864,46,26
1170,1613,47,27
887,892,47,27
613,658,47,27
880,887,47,27
880,892,47,27
681,683,47,27
1613,1672,47,27
1170,1672,47,27
1644,1856,47,27
613,658,47,27
1181,1674,47,27
880,887,47,27
681,683,47,27
1613,1672,47,27
1651,1674,47,27
1613,1856,47,27
676,860,47,27
613,658,47,27
681,683,47,27
880,887,47,27
1613,1672,47,27
1662,1678,47,27
648,666,47,27
1644,1856,47,27
613,658,47,27
1613,1672,47,27
853,854,47,27
613,658,47,27
681,683,47,27
1613,1672,47,27
1170,1672,47,27
853,854,47,27
648,666,47,27
681,683,47,27
1613,1672,47,27
810,860,47,27
1144,1672,47,27
853,854,47,27
1601,1678,47,27
627,635,47,27
681,683,47,27
1613,1672,47,27
860,864,47,27
1170,1672,47,27
1613,1856,47,27
853,854,47,27
600,613,47,27
681,683,47,27
860,864,47,27
1170,1672,47,27
831,860,47,27
661,663,47,27
600,613,47,27
609,690,47,27
681,683,47,27
860,864,47,27
681,683,47,27
1190,1632,47,27
1651,1674,47,27
810,860,47,27
687,1632,47,27
858,860,47,27
1190,1632,47,27
681,683,47,27
687,1190,47,27
810,860,47,27
1170,1632,47,27
1181,1674,47,27
681,683,47,27
810,860,47,27
1613,1667,47,27
853,854,47,27
681,683,47,27
1170,1672,47,27
687,1679,47,27
1632,1856,47,27
1613,1667,47,27
853,854,47,27
609,690,47,27
681,683,47,27
1613,1667,47,27
853,854,47,27
1632,1671,47,27
609,690,47,27
681,683,47,27
1144,1181,47,27
1613,1667,47,27
853,854,47,27
1667,1672,47,27
648,666,47,27
681,683,47,27
853,854,47,27
600,613,47,27
627,635,47,27
648,666,47,27
681,683,47,27
853,854,47,27
600,613,47,27
681,683,47,27
627,635,47,27
609,690,47,27
644,666,47,27
853,854,47,27
613,658,47,27
681,683,47,27
609,690,47,27
821,886,47,27
821,883,47,27
1492,1613,47,27
1632,1856,47,27
853,854,47,27
613,658,47,27
609,690,47,27
821,886,47,27
883,886,47,27
821,883,47,27
1613,1667,47,27
853,854,47,27
613,658,47,27
609,690,47,27
821,886,47,27
681,683,47,27
821,883,47,27
1613,1667,47,27
853,854,47,27
613,658,47,27
681,683,47,27
609,690,47,27
609,690,47,27
613,658,47,27
883,886,47,27
807,815,47,27
613,658,47,27
681,683,47,27
644,666,47,27
644,666,47,27
613,658,47,27
644,666,47,27
681,683,47,27
613,658,47,27
1613,1667,47,27
613,658,47,27
681,683,47,27
644,666,47,27
1613,1667,47,27
613,658,47,27
681,683,47,27
644,666,47,27
616,623,47,27
644,666,47,27
616,623,47,27
1613,1667,47,27
1613,1667,47,27
613,658,47,27
644,666,47,27
616,623,47,27
1613,1667,47,27
613,658,47,27
681,683,47,27
644,666,47,27
616,623,47,27
644,666,47,27
613,658,47,27
1613,1667,47,27
838,841,47,27
1613,1667,47,27
648,666,47,27
613,658,47,27
681,683,47,27
644,666,47,27
616,623,47,27
1613,1667,47,27
613,658,47,27
681,683,47,27
644,666,47,27
616,623,47,27
663,682,47,27
1613,1667,47,27
613,658,47,27
681,683,47,27
644,666,47,27
616,623,47,27
1613,1667,47,27
613,658,47,27
663,686,47,27
681,683,47,27
644,666,47,27
644,666,47,27
661,663,47,27
681,683,47,27
613,658,47,27
616,623,47,27
644,666,47,27
681,683,47,27
613,658,47,27
616,623,47,27
644,666,47,27
681,683,47,27
613,658,47,27
616,623,47,27
880,892,47,27
661,663,47,27
681,683,47,27
613,658,47,27
616,623,47,27
661,663,47,27
613,658,47,27
681,683,47,27
616,623,47,27
681,683,47,27
613,658,47,27
616,623,47,27
1613,1667,47,27
613,658,47,27
616,623,47,27
661,663,47,27
613,658,47,27
661,663,47,27
613,658,47,27
661,663,47,27
644,666,47,27
635,648,47,27
661,663,47,27
627,635,47,27
635,648,47,27
661,663,47,27
627,635,47,27
661,663,47,27
681,683,47,27
616,623,47,27
627,635,47,27
635,648,47,27
613,658,47,27
627,635,47,27
635,648,47,27
627,635,47,27
1613,1672,47,27
627,635,47,27
1492,1613,47,27
627,635,47,27
627,635,47,27
627,635,47,27
627,635,47,27
661,682,47,27
613,658,47,27
1492,1613,47,27
613,658,47,27
644,666,47,27
613,658,47,27
600,613,47,27
613,658,47,27
1492,1613,47,27
627,635,47,27
627,635,47,27
1492,1613,47,27
613,658,47,27
644,666,47,27
613,658,47,27
1492,1613,47,27
609,690,47,27
613,658,47,27
644,666,47,27
613,658,47,27
1492,1613,47,27
613,658,47,27
1492,1613,47,27
613,658,47,27
1492,1613,47,27
613,658,47,27
644,666,47,27
1492,1613,47,27
644,666,47,27
613,658,47,27
627,635,47,27
1492,1613,47,27
644,666,47,27
613,658,47,27
609,690,47,27
663,682,47,27
1492,1613,47,27
613,658,47,27
627,635,47,27
609,690,47,27
1613,1672,47,27
644,666,47,27
613,658,47,27
613,658,47,27
609,690,47,27
644,666,47,27
613,658,47,27
616,623,47,27
635,648,47,27
661,663,47,27
644,666,47,27
616,623,47,27
663,682,47,27
661,663,47,27
613,658,47,27
609,690,47,27
663,686,47,27
644,666,47,27
616,623,47,27
609,690,47,27
663,686,47,27
661,663,47,27
613,658,47,27
663,682,47,27
648,666,47,27
648,666,47,27
609,690,47,27
644,666,47,27
635,648,47,27
609,690,47,27
644,666,47,27
609,690,47,27
644,666,47,27
648,666,47,27
644,666,47,27
648,683,47,27
681,683,47,27
644,666,47,27
686,696,47,27
616,623,47,27
681,683,47,27
616,623,47,27
681,683,47,27
635,648,47,27
681,683,47,27
651,692,47,27
686,696,47,27
648,681,47,27
661,663,47,27
686,696,47,27
661,663,47,27
681,683,47,27
600,613,47,27
648,666,47,27
600,613,47,27
686,696,47,27
600,613,47,27
686,696,47,27
1492,1613,47,27
616,623,47,27
663,686,47,27
681,683,47,27
616,623,47,27
654,692,47,27
681,683,47,27
616,623,47,27
648,666,47,27
1492,1613,47,27
681,683,47,27
616,623,47,27
681,683,47,27
613,658,47,27
1613,1672,47,27
601,644,47,27
648,666,47,27
681,683,47,27
601,644,47,27
648,666,47,27
613,658,47,27
681,683,47,27
616,623,47,27
648,666,47,27
681,683,47,27
648,666,47,27
1170,1672,47,27
681,683,47,27
613,658,47,27
627,635,47,27
1492,1613,47,27
681,683,47,27
627,635,47,27
681,683,47,27
613,658,47,27
613,658,47,27
613,658,47,27
1492,1613,47,27
648,666,47,27
1651,1674,47,27
613,658,47,27
1492,1613,47,27
1651,1674,47,27
613,658,47,27
1492,1613,47,27
613,658,47,27
609,690,47,27
1492,1613,47,27
613,658,47,27
609,690,47,27
1492,1613,47,27
613,658,47,27
609,690,47,27
613,658,47,27
616,623,47,27
613,658,47,27
1492,1613,47,27
613,658,47,27
1492,1613,47,27
661,663,47,27
613,658,47,27
616,623,47,27
1492,1613,47,27
613,658,47,27
1492,1613,47,27
613,658,47,27
616,623,47,27
1492,1613,47,27
613,658,47,27
1651,1674,47,27
616,623,47,27
1492,1613,47,27
613,658,47,27
1492,1613,47,27
613,658,47,27
1492,1613,47,27
613,658,47,27
1170,1632,47,27
613,658,47,27
1492,1613,47,27
1170,1632,47,27
613,658,47,27
648,666,47,27
613,658,47,27
609,690,47,27
654,692,47,27
1170,1672,47,27
648,666,47,27
1492,1613,47,27
648,666,47,27
648,666,47,27
1170,1672,47,27
644,666,47,27
644,666,47,27
654,692,47,27
654,692,47,27
654,692,47,27
654,692,47,27
600,613,47,27
1170,1672,47,27
663,682,47,27
654,692,47,27
600,613,47,27
654,692,47,27
600,613,47,27
616,623,47,27
1613,1672,47,27
613,658,47,27
600,613,47,27
654,692,47,27
613,658,47,27
613,658,47,27
613,658,47,27
613,658,47,27
1492,1613,47,27
613,658,47,27
613,658,47,27
613,658,47,27
681,683,47,27
613,658,47,27
654,692,47,27
613,658,47,27
613,658,47,27
1492,1613,47,27
600,613,47,27
681,694,47,27
635,696,47,27
654,692,47,27
681,694,47,27
1613,1672,47,27
1613,1672,47,27
681,683,47,27
681,683,47,27
681,683,47,27
1492,1613,47,27
644,666,47,27
681,683,47,27
1492,1613,47,27
644,666,47,27
681,683,47,27
648,666,47,27
644,666,47,27
648,666,47,27
644,666,47,27
681,683,47,27
609,690,47,27
681,683,47,27
635,648,47,27
690,694,47,27
663,682,47,27
635,661,47,27
616,694,47,27
600,613,47,27
648,681,47,27
623,683,47,27
609,616,47,27
1613,1672,47,27
635,648,47,27
654,692,47,27
600,683,47,27
658,683,47,27
627,681,47,27
644,666,47,27
600,613,47,27
648,681,47,27
613,660,47,27
1613,1672,47,27
654,692,47,27
635,648,47,27
627,663,47,27
658,683,47,27
635,694,47,27
663,683,47,27
623,698,47,27
600,613,47,27
626,698,47,27
660,681,47,27
623,654,47,27
644,666,47,27
616,648,47,27
663,683,47,27
663,686,47,27
660,681,47,27
651,667,47,27
616,648,47,27
616,686,47,27
663,683,47,27
616,683,47,27
600,613,47,27
663,686,47,27
651,667,47,27
648,683,47,27
616,648,47,27
648,686,47,27
1144,1181,47,27
648,663,47,27
644,658,47,27
616,683,47,27
600,613,47,27
660,681,47,27
1492,1613,47,27
623,692,47,27
616,683,47,27
626,698,47,27
683,696,47,27
651,667,47,27
663,683,47,27
600,613,47,27
644,666,47,27
626,698,47,27
663,686,47,27
651,667,47,27
609,627,47,27
663,696,47,27
616,663,47,27
663,683,47,27
600,613,47,27
686,696,47,27
626,698,47,27
660,681,47,27
651,667,47,27
683,696,47,27
663,696,47,27
616,686,47,27
616,663,47,27
663,683,47,27
626,698,47,27
663,686,47,27
651,667,47,27
663,696,47,27
609,627,47,27
644,666,47,27
667,698,47,27
623,692,47,27
663,683,47,27
600,613,47,27
626,698,47,27
609,627,47,27
660,681,47,27
683,696,47,27
644,666,47,27
651,667,47,27
667,698,47,27
667,666,47,27
663,683,47,27
600,613,47,27
644,667,47,27
644,698,47,27
1613,1672,47,27
683,696,47,27
616,648,47,27
651,667,47,27
623,692,47,27
663,683,47,27
616,683,47,27
626,644,47,27
644,667,47,27
644,698,47,27
660,681,47,27
651,667,47,27
683,696,47,27
663,696,47,27
667,698,47,27
616,663,47,27
663,683,47,27
600,635,47,27
609,658,47,27
651,698,47,27
609,627,47,27
660,681,47,27
683,696,47,27
667,698,47,27
627,690,47,27
623,661,47,27
661,692,47,27
663,683,47,27
616,683,47,27
609,635,47,27
627,635,47,27
644,667,47,27
609,658,47,27
635,658,47,27
609,627,47,27
660,681,47,27
683,696,47,27
627,658,47,27
663,696,47,27
635,690,47,27
609,658,47,27
661,692,47,27
663,683,47,27
635,658,47,27
609,635,47,27
667,698,47,27
627,658,47,27
627,635,47,27
609,690,47,27
658,690,47,27
683,696,47,27
600,658,47,27
644,667,47,27
609,658,47,27
609,648,47,27
644,661,47,27
613,623,47,27
627,635,47,27
609,616,47,27
644,661,47,27
601,661,47,27
686,696,47,27
627,635,47,27
683,698,47,27
660,681,47,27
658,698,47,27
660,667,47,27
654,694,47,27
667,666,47,27
666,694,47,27
648,683,47,27
686,696,47,27
627,635,47,27
601,666,47,27
601,681,47,27
661,663,47,27
627,635,47,27
683,698,47,27
681,683,47,27
600,609,47,27
628,692,47,27
681,683,47,27
627,635,47,27
683,698,47,27
600,609,47,27
628,692,47,27
682,696,47,27
683,698,47,27
616,623,47,27
681,683,47,27
644,666,47,27
682,696,47,27
613,658,47,27
681,683,47,27
627,635,47,27
683,698,47,27
1613,1672,47,27
654,692,47,27
616,623,47,27
627,635,47,27
609,690,47,27
683,698,47,27
681,683,47,27
600,609,47,27
654,692,47,27
616,623,47,27
600,609,47,27
609,690,47,27
627,635,47,27
627,635,47,27
683,698,47,27
627,635,47,27
616,623,47,27
627,635,47,27
609,690,47,27
616,623,47,27
648,666,47,27
613,658,47,27
627,635,47,27
609,690,47,27
616,623,47,27
627,635,47,27
683,698,47,27
1613,1672,47,27
616,623,47,27
683,698,47,27
613,658,47,27
627,635,47,27
627,635,47,27
613,658,47,27
627,635,47,27
616,623,47,27
654,692,47,27
613,658,47,27
627,635,47,27
682,696,47,27
613,658,47,27
627,635,47,27
654,692,47,27
654,692,47,27
627,635,47,27
616,623,47,27
1613,1672,47,27
616,623,47,27
613,658,47,27
616,623,47,27
1492,1613,47,27
683,698,47,27
1492,1613,47,27
683,698,47,27
616,623,47,27
1492,1613,47,27
1170,1672,47,27
683,698,47,27
1492,1613,47,27
683,698,47,27
613,658,47,27
1492,1613,47,27
683,698,47,27
613,658,47,27
648,666,47,27
683,698,47,27
613,658,47,27
616,623,47,27
683,698,47,27
613,658,47,27
616,623,47,27
1492,1613,47,27
683,698,47,27
613,658,47,27
616,623,47,27
1492,1613,47,27
613,658,47,27
627,635,47,27
683,698,47,27
616,623,47,27
1492,1613,47,27
613,658,47,27
627,635,47,27
683,698,47,27
616,623,47,27
648,666,47,27
683,698,47,27
613,658,47,27
616,623,47,27
1492,1613,47,27
648,666,47,27
613,658,47,27
683,698,47,27
648,666,47,27
613,658,47,27
683,698,47,27
654,692,47,27
616,623,47,27
613,658,47,27
609,690,47,27
683,698,47,27
654,692,47,27
616,623,47,27
648,666,47,27
627,635,47,27
609,690,47,27
683,698,47,27
654,692,47,27
648,666,47,27
609,690,47,27
683,698,47,27
644,666,47,27
616,623,47,27
1492,1613,47,27
609,690,47,27
683,698,47,27
654,692,47,27
616,623,47,27
609,690,47,27
654,692,47,27
683,698,47,27
644,666,47,27
609,690,47,27
683,698,47,27
644,666,47,27
616,623,47,27
609,690,47,27
683,698,47,27
616,623,47,27
648,666,47,27
683,698,47,27
683,698,47,27
683,698,47,27
1649,1651,47,27
1170,1667,47,27
616,623,47,27
1613,1672,47,27
616,623,47,27
616,623,47,27
1613,1672,47,27
616,623,47,27
616,623,47,27
616,623,47,27
648,666,47,27
628,692,47,27
627,635,47,27
654,692,47,27
616,623,47,27
635,648,47,27
654,692,47,27
1613,1672,47,27
635,648,47,27
654,692,47,27
654,692,47,27
654,692,47,27
616,623,47,27
635,648,47,27
683,698,47,27
616,623,47,27
683,698,47,27
635,648,47,27
1170,1672,47,27
616,623,47,27
1649,1651,47,27
613,658,47,27
1613,1672,47,27
635,648,47,27
616,623,47,27
654,692,47,27
613,658,47,27
635,648,47,27
613,658,47,27
613,658,47,27
616,623,47,27
1492,1613,47,27
1492,1613,47,27
682,696,47,27
613,658,47,27
1492,1613,47,27
683,698,47,27
613,658,47,27
1492,1613,47,27
635,648,47,27
683,698,47,27
613,658,47,27
1492,1613,47,27
682,696,47,27
683,698,47,27
613,658,47,27
1492,1613,47,27
683,698,47,27
683,698,47,27
1492,1613,47,27
1492,1613,47,27
1649,1651,47,27
613,658,47,27
613,658,47,27
627,635,47,27
616,623,47,27
1492,1613,47,27
613,658,47,27
683,698,47,27
613,658,47,27
627,635,47,27
1492,1613,47,27
683,698,47,27
613,658,47,27
1492,1613,47,27
683,698,47,27
613,658,47,27
683,698,47,27
613,658,47,27
613,658,47,27
627,635,47,27
683,698,47,27
1613,1672,47,27
1492,1613,47,27
613,658,47,27
683,698,47,27
1613,1672,47,27
683,698,47,27
613,658,47,27
1613,1672,47,27
1492,1613,47,27
635,648,47,27
683,698,47,27
613,658,47,27
1492,1613,47,27
683,698,47,27
1492,1613,48,28
683,698,48,28
681,683,48,28
658,681,48,28
1492,1613,48,28
605,684,48,28
683,698,48,28
1492,1613,48,28
635,648,48,28
654,660,48,28
683,698,48,28
654,692,48,28
683,698,48,28
1632,1856,48,28
682,696,48,28
609,690,48,28
654,692,48,28
683,698,48,28
654,692,48,28
1492,1613,48,28
683,698,48,28
644,666,48,28
1170,1672,48,28
683,698,48,28
613,658,48,28
683,698,48,28
681,683,48,28
613,658,48,28
1613,1672,48,28
661,663,48,28
613,658,48,28
1492,1613,48,28
1492,1613,48,28
1492,1613,48,28
683,698,48,28
613,658,48,28
644,666,48,28
661,663,48,28
613,658,48,28
1492,1613,48,28
613,658,48,28
648,666,48,28
683,698,48,28
613,658,48,28
627,635,48,28
1613,1672,48,28
683,698,48,28
613,658,48,28
683,698,48,28
613,658,48,28
627,635,48,28
1492,1613,48,28
1613,1672,48,28
613,658,48,28
683,698,48,28
1613,1672,48,28
600,609,48,28
600,609,48,28
683,698,48,28
613,658,48,28
613,658,48,28
681,683,48,28
683,698,48,28
644,666,48,28
616,623,48,28
1492,1613,48,28
609,690,48,28
683,698,48,28
644,666,48,28
1492,1613,48,28
609,690,48,28
683,698,48,28
1492,1613,48,28
613,658,48,28
681,683,48,28
683,698,48,28
1613,1672,48,28
1492,1613,48,28
613,658,48,28
613,658,48,28
1492,1613,48,28
613,658,48,28
686,696,48,28
609,690,48,28
600,609,48,28
609,690,48,28
616,623,48,28
609,690,48,28
686,696,48,28
683,698,48,28
1492,1613,48,28
609,690,48,28
686,696,48,28
807,889,48,28
1492,1613,48,28
613,658,48,28
686,696,48,28
609,690,48,28
683,698,48,28
654,660,48,28
609,690,48,28
613,658,48,28
686,696,48,28
613,658,48,28
616,623,48,28
654,660,48,28
1492,1613,48,28
616,623,48,28
1492,1613,48,28
683,698,48,28
600,613,48,28
683,698,48,28
628,692,48,28
654,692,48,28
1492,1613,48,28
654,692,48,28
600,613,48,28
1492,1613,48,28
609,690,48,28
683,698,48,28
683,698,48,28
681,683,48,28
609,690,48,28
600,613,48,28
600,613,48,28
681,683,48,28
686,696,48,28
683,698,48,28
616,623,48,28
681,683,48,28
600,613,48,28
686,696,48,28
616,623,48,28
1492,1613,48,28
628,692,48,28
600,613,48,28
686,696,48,28
627,635,48,28
681,683,48,28
613,658,48,28
628,692,48,28
600,613,48,28
627,635,48,28
686,696,48,28
681,683,48,28
600,613,48,28
613,658,48,28
681,683,48,28
609,690,48,28
613,658,48,28
600,613,48,28
681,683,48,28
627,635,48,28
663,686,48,28
648,666,48,28
681,683,48,28
627,635,48,28
644,666,48,28
616,623,48,28
686,696,48,28
616,623,48,28
616,623,48,28
686,696,48,28
681,683,48,28
644,666,48,28
686,696,48,28
683,698,48,28
681,683,48,28
627,635,48,28
682,696,48,28
683,698,48,28
681,683,48,28
627,635,48,28
1492,1613,48,28
609,690,48,28
683,698,48,28
627,635,48,28
1492,1613,48,28
683,698,48,28
627,635,48,28
609,690,48,28
663,686,48,28
686,696,48,28
627,635,48,28
686,696,48,28
609,690,48,28
683,698,48,28
628,692,48,28
686,696,48,28
682,696,48,28
683,698,48,28
600,609,48,28
683,698,48,28
600,613,48,28
661,663,48,28
648,666,48,28
609,690,48,28
683,698,48,28
600,609,48,28
681,683,48,28
627,635,48,28
683,698,48,28
600,609,48,28
627,683,48,28
1492,1613,48,28
635,698,48,28
648,666,48,28
661,663,48,28
600,613,48,28
616,681,48,28
681,683,48,28
658,683,48,28
1492,1613,48,28
1660,1662,48,28
667,696,48,28
661,663,48,28
600,613,48,28
663,686,48,28
663,696,48,28
635,694,48,28
831,860,48,28
628,667,48,28
616,683,48,28
600,613,48,28
663,686,48,28
644,683,48,28
635,683,48,28
1492,1613,48,28
667,692,48,28
609,667,48,28
627,635,48,28
644,683,48,28
635,636,48,28
628,667,48,28
627,636,48,28
616,683,48,28
626,698,48,28
623,658,48,28
644,661,48,28
635,636,48,28
628,667,48,28
1492,1613,48,28
648,696,48,28
628,692,48,28
623,658,48,28
644,661,48,28
628,667,48,28
613,661,48,28
616,683,48,28
627,635,48,28
626,698,48,28
667,683,48,28
654,683,48,28
1492,1613,48,28
616,683,48,28
627,635,48,28
663,686,48,28
683,692,48,28
616,623,48,28
1492,1613,48,28
663,686,48,28
644,666,48,28
644,667,48,28
1492,1613,48,28
1492,1613,48,28
616,683,48,28
626,698,48,28
626,661,48,28
601,626,48,28
1492,1613,48,28
623,666,48,28
1492,1613,48,28
623,666,48,28
627,690,48,28
1492,1613,48,28
661,817,48,28
616,683,48,28
1492,1613,48,28
1632,1671,48,28
616,683,48,28
803,849,48,28
616,683,48,28
1492,1613,48,28
609,833,48,28
661,817,48,28
1492,1613,48,28
648,651,48,28
648,651,48,28
803,849,48,28
803,849,48,28
635,690,48,28
803,849,48,28
627,635,48,28
635,661,48,28
661,690,48,28
1170,1613,48,28
803,849,48,28
635,661,48,28
803,849,48,28
627,635,48,28
815,891,48,28
1170,1613,48,28
627,635,48,28
627,635,48,28
627,635,48,28
627,635,48,28
627,635,48,28
601,690,48,28
1632,1856,48,28
815,891,48,28
815,891,48,28
1170,1613,48,28
815,891,48,28
1170,1613,48,28
1181,1674,48,28
1170,1613,48,28
690,807,48,28
1170,1613,48,28
690,807,48,28
1170,1613,48,28
690,807,48,28
1170,1613,48,28
1164,1649,48,28
627,635,48,28
690,807,48,28
690,807,48,28
690,807,48,28
690,807,48,28
690,807,48,28
628,692,48,28
628,692,48,28
658,683,48,28
621,687,48,28
658,683,48,28
621,687,48,28
616,628,48,28
616,628,48,28
616,628,48,28
616,692,48,28
601,690,48,28
616,628,48,28
663,686,48,28
616,692,48,28
663,686,48,28
601,690,48,28
601,616,48,28
601,692,48,28
601,690,48,28
601,616,48,28
663,686,48,28
616,692,48,28
690,692,48,28
601,692,48,28
616,658,48,28
601,692,48,28
616,692,48,28
601,690,48,28
601,616,48,28
601,692,48,28
663,686,48,28
616,692,48,28
663,686,48,28
628,692,48,28
616,628,48,28
616,692,48,28
628,692,48,28
828,836,48,28
616,628,48,28
892,893,48,28
616,692,48,28
628,692,48,28
616,628,48,28
628,692,48,28
616,628,48,28
828,836,48,28
616,692,48,28
663,686,48,28
828,836,48,28
880,887,48,28
616,692,48,28
828,836,48,28
616,692,48,28
828,836,48,28
635,661,48,28
621,687,48,28
663,686,48,28
628,636,48,28
658,690,48,28
663,696,48,28
616,683,48,28
828,836,48,28
621,687,48,28
663,686,48,28
828,836,48,28
635,661,48,28
828,836,48,28
663,696,48,28
828,836,48,28
692,696,48,28
663,683,48,28
686,696,48,28
683,696,48,28
663,696,48,28
616,696,48,28
692,696,48,28
686,696,48,28
663,692,48,28
828,836,48,28
663,696,48,28
616,686,48,28
828,836,48,28
692,696,48,28
663,683,48,28
686,696,48,28
663,692,48,28
683,696,48,28
683,696,48,28
616,686,48,28
828,836,48,28
686,696,48,28
692,696,48,28
828,836,48,28
616,663,48,28
692,696,48,28
663,683,48,28
686,696,48,28
683,696,48,28
828,836,48,28
663,696,48,28
686,696,48,28
692,696,48,28
828,836,48,28
686,696,48,28
658,690,48,28
892,893,48,28
828,836,48,28
663,696,48,28
893,896,48,28
635,858,48,28
828,836,48,28
627,635,48,28
893,896,48,28
686,696,48,28
828,836,48,28
627,635,48,28
892,893,48,28
828,836,48,28
663,696,48,28
635,661,48,28
828,836,48,28
663,696,48,28
627,635,48,28
635,661,48,28
806,809,48,28
828,836,48,28
892,893,48,28
828,836,48,28
868,893,48,28
828,836,48,28
828,836,48,28
663,696,48,28
828,836,48,28
663,696,48,28
892,893,48,28
828,836,48,28
663,696,48,28
828,836,48,28
828,836,48,28
828,836,48,28
828,836,48,28
828,836,48,28
828,836,48,28
828,836,48,28
828,836,49,29
828,836,49,29
828,836,49,29
828,836,49,29
828,836,49,29
828,836,49,29
828,836,49,29
828,836,49,29
828,836,49,29
828,836,49,29
828,836,49,29
828,836,49,29
828,836,49,29
828,836,49,29
828,836,49,29
828,836,49,29
828,836,49,29
828,836,49,29
828,836,49,29
828,836,49,29
828,836,49,29
828,836,49,29
828,836,49,29
828,836,49,29
828,836,49,29
686,696,49,29
828,836,49,29
658,690,49,29
828,836,49,29
828,836,49,29
828,836,49,29
828,836,49,29
828,836,49,29
828,836,49,29
828,836,49,29
828,836,49,29
828,836,49,29
828,836,49,29
828,836,49,29
828,836,49,29
828,836,49,29
828,836,49,29
828,836,49,29
828,836,49,29
828,836,49,29
828,836,49,29
828,836,49,29
828,836,49,29
828,836,49,29
828,836,49,29
828,836,49,29
828,836,49,29
828,836,49,29
828,830,49,29
828,836,49,29
828,836,49,29
828,836,49,29
828,836,49,29
663,696,49,29
828,836,49,29
828,836,49,29
828,836,49,29
663,696,49,29
828,836,49,29
828,836,49,29
828,836,49,29
828,836,49,29
828,836,49,29
828,836,49,29
828,836,49,29
663,696,49,29
828,836,49,29
828,836,49,29
828,836,49,29
828,836,49,29
828,836,49,29
828,836,49,29
828,836,49,29
828,836,49,29
828,836,49,29
828,836,49,29
828,836,49,29
828,836,49,29
828,836,49,29
828,836,49,29
828,836,49,29
828,836,49,29
828,836,49,29
828,836,49,29
828,836,49,29
828,836,49,29
828,836,49,29
828,836,49,29
828,836,49,29
828,836,49,29
828,836,49,29
828,836,49,29
828,836,49,29
828,836,49,29
828,836,49,29
828,836,49,29
828,836,49,29
828,836,49,29
828,836,49,29
828,836,49,29
828,836,49,29
828,836,49,29
828,836,49,29
828,836,49,29
828,836,49,29
828,836,49,29
828,836,49,29
828,836,49,29
828,836,49,29
828,836,49,29
828,836,49,29
828,836,49,29
828,836,49,29
828,836,49,29
828,836,49,29
828,836,49,29
828,836,49,29
828,836,49,29
828,836,49,29
828,836,49,29
828,836,49,29
828,836,49,29
828,836,49,29
828,836,49,29
828,836,49,29
828,836,49,29
828,836,49,29
686,696,49,29
663,686,49,29
686,696,49,29
686,696,49,29
663,696,49,29
663,696,49,29
663,686,49,29
663,696,49,29
686,696,49,29
663,696,49,29
658,690,49,29
616,683,49,29
601,690,49,29
674,677,50,30
828,836,50,30
892,893,50,30
834,864,57,31
833,869,57,31
809,869,57,31
833,834,57,31
834,869,57,31
833,869,57,31
831,860,57,31
831,860,57,31
831,860,57,31
831,860,57,31
620,677,57,31
620,677,57,31
831,860,57,31
602,677,57,31
831,860,57,31
841,869,57,31
1108,1644,57,31
602,620,57,31
602,620,57,31
620,677,57,31
602,620,57,31
620,669,57,31
602,620,57,31
620,669,57,31
841,854,57,31
602,620,57,31
620,677,57,31
860,869,57,31
831,869,57,31
661,683,57,31
613,654,57,31
654,690,57,31
683,1856,57,31
620,677,57,31
661,683,57,31
661,683,57,31
620,669,57,31
1108,1644,57,31
661,683,57,31
1108,1644,57,31
860,864,57,31
1632,1671,57,31
1148,1856,57,31
620,669,57,31
661,683,57,31
654,854,57,31
860,869,57,31
1644,1856,57,31
1632,1671,57,31
620,669,57,31
860,869,57,31
1108,1644,57,31
602,603,57,31
1632,1671,57,31
1108,1856,57,31
620,669,57,31
860,869,57,31
1108,1856,57,31
1632,1671,57,31
860,869,57,31
609,661,57,31
1644,1856,57,31
852,1613,57,31
609,661,57,31
1170,1613,57,31
602,603,57,31
620,677,57,31
860,869,57,31
609,661,57,31
860,869,57,31
1632,1856,57,31
831,860,57,31
860,864,57,31
607,1657,57,31
852,1170,57,31
832,834,57,31
860,869,57,31
1632,1856,57,31
615,1190,57,31
826,860,57,31
615,1662,57,31
654,694,57,31
860,869,57,31
635,663,57,31
635,667,57,31
635,648,57,31
683,698,57,31
620,669,57,31
807,875,57,31
654,694,57,31
860,869,57,31
831,860,57,31
654,690,57,31
650,1144,57,31
683,698,57,31
654,698,57,31
860,864,57,31
1613,1632,57,31
860,869,57,31
831,860,57,31
609,661,57,31
851,858,57,31
646,1674,57,31
1190,1662,57,31
860,864,57,31
610,626,57,31
646,1662,57,31
1613,1632,57,31
860,869,57,31
831,860,57,31
683,698,57,31
1190,1632,57,31
644,648,57,31
860,869,57,31
609,661,57,31
841,852,57,31
1632,1686,57,31
831,860,57,31
1190,1632,57,31
826,860,57,31
1181,1622,57,31
860,864,57,31
682,690,57,31
860,869,57,31
852,854,57,31
609,661,57,31
682,690,57,31
827,832,57,31
663,686,57,31
635,648,57,31
628,644,57,31
832,834,57,31
860,869,57,31
609,661,57,31
1632,1856,57,31
852,854,57,31
826,860,57,31
663,686,57,31
860,864,57,31
635,648,57,31
836,898,57,31
610,654,57,31
1492,1613,57,31
609,661,57,31
860,863,57,31
1632,1856,57,31
852,854,57,31
857,863,57,31
853,854,57,31
860,864,57,31
663,686,57,31
826,860,57,31
825,826,57,31
860,869,57,31
660,681,57,31
826,836,57,31
1190,1686,57,31
635,648,57,31
832,834,57,31
648,681,57,31
1492,1613,57,31
860,863,57,31
841,852,57,31
667,686,57,31
863,864,57,31
826,860,57,31
831,863,57,31
825,826,57,31
663,686,57,31
1613,1672,57,31
832,836,57,31
635,648,57,31
606,615,57,31
1492,1613,57,31
609,661,57,31
841,852,57,31
825,826,57,31
683,692,57,31
826,836,57,31
1613,1672,57,31
635,648,57,31
1492,1613,57,31
825,826,57,31
1613,1672,57,31
1190,1686,57,31
1170,1672,57,31
832,834,57,31
1492,1613,57,31
827,832,57,31
841,852,57,31
853,854,57,31
825,826,57,31
1190,1686,57,31
1170,1672,57,31
832,834,57,31
1492,1613,57,31
827,832,57,31
841,852,57,31
825,826,57,31
1190,1686,57,31
830,836,57,31
832,834,57,31
1492,1613,57,31
841,852,57,31
825,826,57,31
683,698,57,31
1190,1686,57,31
1170,1672,57,31
832,834,57,31
1492,1613,57,31
853,889,57,31
836,860,57,31
841,852,57,31
825,826,57,31
853,854,57,31
683,698,57,31
660,681,57,31
826,836,57,31
831,864,57,31
832,834,57,31
1492,1613,57,31
853,854,57,31
600,613,57,31
825,826,57,31
683,698,57,31
660,681,57,31
832,836,57,31
635,648,57,31
1492,1613,57,31
853,854,57,31
683,698,57,31
636,660,57,31
827,836,57,31
1190,1686,57,31
635,648,57,31
660,681,57,31
1492,1613,57,31
821,889,57,31
683,698,57,31
660,681,57,31
841,852,57,31
1492,1613,57,31
843,860,57,31
600,613,57,31
683,698,57,31
636,660,57,31
660,681,57,31
860,864,57,31
827,836,57,31
819,821,57,31
1492,1613,57,31
852,853,57,31
841,853,57,31
600,613,57,31
834,836,57,31
683,698,57,31
636,660,57,31
827,836,57,31
860,864,57,31
660,681,57,31
827,834,57,31
832,834,57,31
1492,1613,57,31
600,623,57,31
683,698,57,31
636,660,57,31
660,681,57,31
1613,1672,57,31
860,864,57,31
826,838,57,31
832,834,57,31
636,681,57,31
683,698,57,31
636,660,57,31
660,681,57,31
827,834,57,31
832,834,57,31
836,843,57,31
1492,1613,57,31
609,661,57,31
1649,1651,57,31
600,613,57,31
807,889,57,31
683,698,57,31
660,681,57,31
860,864,57,31
827,834,57,31
628,644,57,31
832,834,57,31
836,843,57,31
1492,1613,57,31
1649,1651,57,31
636,660,57,31
600,613,57,31
683,698,57,31
1632,1856,57,31
660,681,57,31
827,834,57,31
832,834,57,31
1492,1613,57,31
1649,1651,57,31
636,660,57,31
600,613,57,31
683,698,57,31
663,686,57,31
1632,1856,57,31
660,681,57,31
832,834,57,31
1492,1613,57,31
1649,1651,57,31
1181,1622,57,31
683,698,57,31
636,660,57,31
660,681,57,31
635,648,57,31
832,834,57,31
1492,1613,57,31
1649,1651,57,31
683,698,57,31
663,686,57,31
660,681,57,31
1492,1613,57,31
1649,1651,57,31
663,686,57,31
660,681,57,31
810,854,57,31
1492,1613,57,31
860,873,57,31
1181,1622,57,31
663,686,57,31
660,681,57,31
1649,1651,57,31
660,681,57,31
832,834,57,31
636,660,57,31
810,854,57,31
660,681,57,31
832,834,57,31
836,843,57,31
838,841,57,31
860,873,57,31
636,660,57,31
660,681,57,31
1613,1672,57,31
832,834,57,31
636,660,57,31
1632,1856,57,31
636,660,57,31
1632,1856,57,31
832,834,57,31
1170,1672,57,31
1181,1622,57,31
1492,1613,57,31
810,854,57,31
810,854,57,31
660,681,57,31
832,834,57,31
1181,1622,57,31
1190,1686,57,31
832,834,57,31
807,889,57,31
1181,1622,57,31
860,863,57,31
832,834,57,31
1190,1686,57,31
1181,1622,57,31
1108,1644,57,31
1181,1622,57,31
1170,1672,57,31
832,834,57,31
832,834,57,31
1181,1622,57,31
660,681,57,31
635,648,57,31
832,834,57,31
635,648,57,31
1170,1672,57,31
831,869,57,31
1181,1622,57,31
635,648,57,31
832,834,57,31
1181,1622,57,31
635,648,57,31
832,834,57,31
860,863,57,31
831,869,57,31
860,864,57,31
832,834,57,31
1181,1622,57,31
660,681,57,31
832,834,57,31
660,681,57,31
832,834,57,31
1181,1622,57,31
660,681,57,31
832,834,57,31
1181,1622,57,31
660,681,57,31
832,834,57,31
1181,1622,57,31
660,681,57,31
832,834,57,31
1181,1622,57,31
1108,1601,57,31
660,681,57,31
832,834,57,31
1181,1622,57,31
660,681,57,31
832,834,57,31
1181,1622,57,31
1108,1601,57,31
660,681,57,31
807,889,57,31
1181,1622,57,31
1108,1601,57,31
838,841,57,31
660,681,57,31
1181,1622,57,31
1108,1601,57,31
807,889,57,31
660,681,57,31
682,690,57,31
1108,1644,57,31
1108,1601,57,31
1181,1622,57,31
660,681,57,31
1190,1686,57,31
1170,1672,57,31
1170,1672,57,31
660,681,57,31
1108,1601,57,31
807,889,57,31
1108,1601,57,31
1108,1644,57,31
660,681,57,31
1170,1672,57,31
1108,1601,57,31
1181,1622,57,31
1170,1672,57,31
1108,1601,57,31
1190,1686,57,31
1181,1622,57,31
1108,1601,57,31
807,889,57,31
1181,1622,57,31
660,681,57,31
1181,1622,57,31
1108,1644,57,31
807,889,57,31
628,644,57,31
831,869,57,31
660,681,57,31
1170,1672,57,31
867,873,57,31
660,681,57,31
807,889,57,31
867,873,57,31
1181,1622,57,31
1667,1856,57,31
807,889,57,31
635,648,57,31
636,660,57,31
807,889,57,31
660,681,57,31
867,873,57,31
832,834,57,31
867,873,57,31
832,834,57,31
1613,1672,57,31
609,661,57,31
1108,1644,57,31
1660,1662,57,31
660,681,57,31
1613,1672,57,31
832,834,57,31
609,661,57,31
867,873,57,31
832,834,57,31
660,681,57,31
1181,1622,57,31
832,834,57,31
1190,1686,57,31
838,841,57,31
1190,1686,57,31
636,660,57,31
832,834,57,31
1190,1686,57,31
1667,1856,57,31
1181,1622,57,31
636,660,57,31
660,681,57,31
1190,1686,57,31
860,873,57,31
660,681,57,31
636,660,57,31
683,692,57,31
1190,1686,57,31
1170,1672,57,31
1613,1672,57,31
1613,1672,57,31
832,834,57,31
1190,1686,57,31
826,838,57,31
826,838,57,31
1613,1672,57,31
1181,1622,57,31
826,838,57,31
1613,1672,57,31
1181,1622,57,31
826,838,57,31
1170,1672,57,31
1108,1644,57,31
660,681,57,31
826,838,57,31
1181,1622,57,31
1170,1672,57,31
1108,1644,57,31
660,681,57,31
635,648,57,31
1181,1622,57,31
609,661,57,31
660,681,57,31
888,890,57,31
1170,1672,57,31
609,661,58,32
683,698,58,32
660,681,58,32
832,834,58,32
609,661,58,32
683,698,58,32
1108,1644,58,32
832,834,58,32
1190,1686,58,32
609,661,58,32
683,698,58,32
660,681,58,32
832,834,58,32
1170,1672,58,32
609,661,58,32
683,698,58,32
832,834,58,32
1170,1672,58,32
609,661,58,32
683,698,58,32
831,869,58,32
660,681,58,32
1170,1672,58,32
683,698,58,32
1170,1672,58,32
683,698,58,32
832,834,58,32
1170,1672,58,32
683,698,58,32
832,834,58,32
609,661,58,32
1108,1644,58,32
1181,1622,58,32
683,698,58,32
1170,1672,58,32
832,834,58,32
609,661,58,32
888,890,58,32
683,698,58,32
660,681,58,32
860,864,58,32
1170,1672,58,32
832,834,58,32
1181,1622,58,32
683,698,58,32
832,834,58,32
683,698,58,32
831,869,58,32
867,873,58,32
832,834,58,32
683,698,58,32
867,873,58,32
832,834,58,32
609,661,58,32
1108,1644,58,32
683,698,58,32
807,889,58,32
1181,1622,58,32
609,661,58,32
683,698,58,32
867,873,58,32
660,681,58,32
1170,1672,58,32
609,661,58,32
1108,1644,58,32
1667,1856,58,32
888,890,58,32
1181,1622,58,32
683,698,58,32
660,681,58,32
1170,1672,58,32
1181,1622,58,32
683,698,58,32
660,681,58,32
609,661,58,32
1667,1856,58,32
1181,1622,58,32
683,698,58,32
660,681,58,32
1613,1672,58,32
609,661,58,32
600,613,58,32
1181,1622,58,32
683,698,58,32
660,681,58,32
1613,1672,58,32
1181,1622,58,32
600,613,58,32
683,698,58,32
660,681,58,32
609,661,58,32
600,613,58,32
1181,1622,58,32
683,698,58,32
660,681,58,32
832,834,58,32
1181,1622,58,32
600,613,58,32
683,698,58,32
660,681,58,32
1181,1622,58,32
600,613,58,32
683,698,58,32
660,681,58,32
1181,1622,58,32
600,613,58,32
683,698,58,32
1108,1644,58,32
660,681,58,32
600,613,58,32
1181,1622,58,32
683,698,58,32
636,660,58,32
660,681,58,32
1190,1686,58,32
832,834,58,32
1181,1622,58,32
683,698,58,32
832,834,58,32
1190,1686,58,32
1181,1622,58,32
683,698,58,32
682,690,58,32
832,834,58,32
1190,1686,58,32
1181,1622,58,32
683,698,58,32
660,681,58,32
832,834,58,32
807,889,58,32
1181,1622,58,32
683,698,58,32
660,681,58,32
1190,1686,58,32
1170,1672,58,32
832,834,58,32
1108,1644,58,32
1181,1622,58,32
683,698,58,32
867,873,58,32
660,681,58,32
1613,1672,58,32
832,834,58,32
683,698,58,32
660,681,58,32
1181,1622,58,32
600,613,58,32
683,698,58,32
867,873,58,32
660,681,58,32
683,698,58,32
660,681,58,32
683,698,58,32
660,681,58,32
683,698,58,32
660,681,58,32
1181,1622,58,32
683,698,58,32
660,681,58,32
860,873,58,32
683,698,58,32
831,869,58,32
660,681,58,32
683,698,58,32
660,681,58,32
1181,1622,58,32
683,698,58,32
660,681,58,32
1181,1622,58,32
683,698,58,32
831,869,58,32
660,681,58,32
1181,1622,58,32
683,698,58,32
660,681,58,32
1181,1622,58,32
683,698,58,32
682,690,58,32
1181,1622,58,32
683,698,58,32
636,660,58,32
682,690,58,32
683,698,58,32
636,660,58,32
682,690,58,32
1181,1622,58,32
683,698,58,32
682,690,58,32
1181,1622,58,32
683,698,58,32
682,690,58,32
1181,1622,58,32
683,698,58,32
867,873,58,32
660,681,58,32
1181,1622,58,32
683,698,58,32
660,681,58,32
1181,1622,58,32
683,698,58,32
636,660,58,32
1181,1622,58,32
1667,1856,58,32
683,698,58,32
636,660,58,32
660,681,58,32
1667,1856,58,32
1181,1622,58,32
683,698,58,32
636,660,58,32
660,681,58,32
1190,1686,58,32
1181,1622,58,32
683,698,58,32
636,660,58,32
660,681,58,32
1190,1686,58,32
1181,1622,58,32
683,698,58,32
636,660,58,32
1190,1686,58,32
1181,1622,58,32
683,698,58,32
636,660,58,32
1190,1686,58,32
1181,1622,58,32
683,698,58,32
660,681,58,32
1190,1686,58,32
683,698,58,32
660,681,58,32
1190,1686,58,32
1181,1622,58,32
683,698,58,32
660,681,58,32
1190,1686,58,32
1181,1622,58,32
683,698,58,32
660,681,58,32
1190,1686,58,32
1181,1622,58,32
683,698,58,32
660,681,58,32
1492,1613,58,32
1181,1622,58,32
683,698,58,32
660,681,58,32
1181,1622,58,32
1170,1672,58,32
683,698,58,32
660,681,58,32
1492,1613,58,32
1181,1622,58,32
683,698,58,32
660,681,58,32
1613,1672,58,32
1170,1672,58,32
1181,1622,58,32
1492,1613,58,32
683,698,58,32
1492,1613,58,32
1181,1622,58,32
683,698,58,32
660,681,58,32
1492,1613,58,32
1181,1622,58,32
683,698,58,32
660,681,58,32
1170,1672,58,32
1492,1613,58,32
1181,1622,58,32
683,698,58,32
636,660,58,32
660,681,58,32
1181,1622,58,32
1170,1672,58,32
683,698,58,32
636,660,58,32
660,681,58,32
683,698,58,32
636,660,58,32
660,681,58,32
1190,1686,58,32
827,834,58,32
1492,1613,58,32
600,613,58,32
1181,1622,58,32
683,698,58,32
636,660,58,32
660,681,58,32
1190,1686,58,32
1492,1613,58,32
1181,1622,58,32
683,698,58,32
636,660,58,32
660,681,58,32
1492,1613,58,32
600,613,58,32
888,890,58,32
683,698,58,32
636,660,58,32
660,681,58,32
827,834,58,32
1492,1613,58,32
1181,1622,58,32
683,698,58,32
636,660,58,32
660,681,58,32
827,834,58,32
600,613,58,32
1181,1622,58,32
683,698,58,32
636,660,58,32
660,681,58,32
1170,1672,58,32
683,698,58,32
636,660,58,32
660,681,58,32
827,834,58,32
1144,1662,58,32
831,869,58,32
1181,1622,58,32
683,698,58,32
636,660,58,32
660,681,58,32
1170,1672,58,32
827,834,58,32
609,661,58,32
600,613,58,32
1181,1622,58,32
683,698,58,32
636,660,58,32
660,681,58,32
827,834,58,32
1181,1622,58,32
600,613,58,32
683,698,58,32
636,660,58,32
660,681,58,32
600,613,58,32
682,690,58,32
1181,1622,58,32
683,698,58,32
636,660,58,32
660,681,58,32
1181,1622,58,32
609,661,58,32
683,698,58,32
636,660,58,32
600,613,58,32
1181,1622,58,32
683,698,58,32
600,613,58,32
1181,1622,58,32
683,698,58,32
682,690,58,32
1181,1622,58,32
827,834,58,32
683,698,58,32
1181,1622,58,32
683,698,58,32
660,681,58,32
827,834,58,32
1492,1613,58,32
1181,1622,58,32
683,698,58,32
660,681,58,32
827,834,58,32
1492,1613,58,32
1181,1622,58,32
683,698,58,32
660,681,58,32
1170,1672,58,32
827,834,58,32
1492,1613,58,32
1181,1622,58,32
683,698,58,32
636,660,58,32
660,681,58,32
1170,1672,58,32
827,834,58,32
1492,1613,58,32
1181,1622,58,32
683,698,58,32
636,660,58,32
660,681,58,32
1170,1672,58,32
1492,1613,58,32
1181,1622,58,32
683,698,58,32
636,660,58,32
660,681,58,32
827,834,58,32
1181,1622,58,32
683,698,58,32
660,681,58,32
827,834,58,32
1181,1622,58,32
683,698,58,32
1492,1613,58,32
1181,1622,58,32
683,698,58,32
660,681,58,32
827,834,58,32
1181,1622,58,32
683,698,58,32
660,681,58,32
827,834,58,32
860,864,58,32
1492,1613,58,32
1181,1622,58,32
683,698,58,32
636,660,58,32
660,681,58,32
1170,1672,58,32
1181,1622,58,32
683,698,58,32
636,660,58,32
660,681,58,32
1613,1672,58,32
827,834,58,32
1181,1622,58,32
683,698,58,32
660,681,58,32
827,834,58,32
1181,1622,58,32
860,863,58,32
660,681,58,32
683,698,58,32
1181,1622,58,32
860,863,58,32
636,660,58,32
660,681,58,32
683,698,58,32
1181,1622,58,32
683,698,58,32
1181,1622,58,32
683,698,58,32
827,834,58,32
1181,1622,58,32
683,698,58,32
1190,1686,58,32
860,863,58,32
1649,1651,58,32
1181,1622,58,32
683,698,58,32
660,681,58,32
1190,1686,58,32
860,863,58,32
636,681,58,32
1181,1622,58,32
683,698,58,32
660,681,58,32
1190,1686,58,32
860,863,58,32
1181,1622,58,32
683,698,58,32
636,660,58,32
660,681,58,32
1190,1686,58,32
1649,1651,58,32
1181,1622,58,32
683,698,58,32
636,660,58,32
827,834,58,32
1181,1622,58,32
636,660,58,32
683,698,58,32
1649,1651,58,32
1181,1622,58,32
683,698,58,32
1649,1651,58,32
660,681,58,32
1190,1686,58,32
1108,1601,58,32
1181,1622,58,32
683,698,58,32
636,660,58,32
660,681,58,32
1190,1686,58,32
831,869,58,32
1108,1601,58,32
1181,1622,58,32
683,698,58,32
1190,1686,58,32
1170,1672,58,32
827,834,58,32
860,863,58,32
831,869,58,32
1108,1601,58,32
1181,1622,58,32
683,698,58,32
1190,1686,58,32
1170,1672,58,32
1649,1651,58,32
1108,1601,58,32
1181,1622,58,32
683,698,58,32
636,660,58,32
1613,1672,58,32
827,834,58,32
1181,1622,58,32
860,863,58,32
831,869,58,32
838,841,58,32
826,841,58,32
648,681,58,32
683,698,58,32
660,681,58,32
1613,1672,58,32
1181,1622,58,32
860,863,58,32
648,681,58,32
683,698,58,32
660,681,58,32
1613,1672,58,32
1190,1686,58,32
860,863,58,32
831,869,58,32
1181,1622,58,32
683,698,58,32
636,660,58,32
827,834,58,32
1181,1622,58,32
636,660,58,32
683,698,58,32
831,869,58,32
1667,1856,58,32
831,869,58,32
1181,1622,58,32
683,698,58,32
636,660,58,32
660,681,58,32
1667,1856,58,32
831,869,58,32
600,613,58,32
1181,1622,58,32
683,698,58,32
660,681,58,32
1613,1672,58,32
827,834,58,32
867,868,58,32
1667,1856,58,32
831,869,58,32
600,613,58,32
1181,1622,58,32
683,698,58,32
636,660,58,32
1613,1672,58,32
827,834,58,32
1667,1856,58,32
1181,1622,58,32
683,698,58,32
636,660,58,32
600,613,58,32
1667,1856,58,32
600,613,58,32
1181,1622,58,32
683,698,58,32
636,660,58,32
660,681,58,32
648,681,58,32
1667,1856,58,32
831,869,58,32
1181,1622,58,32
683,698,58,32
660,681,58,32
1181,1622,58,32
683,698,58,32
831,869,58,32
660,681,58,32
1181,1622,58,32
683,698,58,32
636,660,58,32
660,681,58,32
1190,1686,58,32
1181,1622,58,32
600,613,58,32
683,698,58,32
1649,1651,58,32
660,681,58,32
1181,1622,58,32
600,613,58,32
683,698,58,32
660,681,58,32
1170,1672,58,32
1181,1622,58,32
600,613,58,32
683,698,58,32
1649,1651,58,32
660,681,58,32
1181,1622,58,32
600,613,58,32
683,698,58,32
660,681,58,32
1181,1622,58,32
600,613,58,32
683,698,58,32
660,681,58,32
1181,1622,58,32
600,613,58,32
683,698,58,32
636,660,58,32
660,681,58,32
1181,1622,58,32
600,613,58,32
683,698,58,32
636,660,58,32
660,681,58,32
600,613,58,32
683,698,58,32
636,660,58,32
660,681,58,32
628,644,58,32
636,660,58,32
683,698,58,32
831,869,58,32
600,613,58,32
609,661,58,32
600,613,58,32
683,698,58,32
636,660,58,32
660,681,58,32
1190,1686,58,32
1170,1672,58,32
628,644,58,32
660,681,58,32
683,698,58,32
831,869,58,32
600,613,58,32
1613,1672,58,32
831,869,58,32
600,613,58,32
683,698,58,32
1613,1672,58,32
1190,1686,58,32
1170,1672,58,32
1170,1672,58,32
683,698,58,32
636,660,58,32
832,834,58,32
1649,1651,58,32
888,890,58,32
683,698,58,32
636,660,58,32
660,681,58,32
1170,1672,58,32
838,841,58,32
1649,1651,58,32
683,698,58,32
636,660,58,32
1170,1672,58,32
832,834,58,32
1649,1651,58,32
868,869,58,32
600,613,58,32
683,698,58,32
636,660,58,32
660,681,58,32
1613,1672,58,32
868,869,58,32
683,698,58,32
636,660,58,32
660,681,58,32
832,834,58,32
636,660,58,32
683,698,58,32
1649,1651,58,32
660,681,58,32
832,834,58,32
636,660,58,32
683,698,58,32
1649,1651,58,32
1649,1651,58,32
868,869,58,32
1181,1622,58,32
683,698,58,32
636,660,58,32
660,681,58,32
1181,1622,58,32
636,660,58,32
1649,1651,58,32
683,698,58,32
1181,1622,58,32
636,660,58,32
683,698,58,32
1649,1651,58,32
888,890,58,32
1181,1622,58,32
683,698,58,32
636,660,58,32
860,873,58,32
636,660,58,32
683,698,58,32
831,869,58,32
1667,1856,58,32
683,698,58,32
660,681,58,32
888,890,58,32
832,834,58,32
1667,1856,58,32
683,698,58,32
888,890,58,32
832,834,58,32
609,661,58,32
683,698,58,32
660,681,58,32
888,890,58,32
1108,1601,58,32
609,661,58,32
683,698,58,32
660,681,58,32
609,661,58,32
1667,1856,58,32
888,890,58,32
683,698,58,32
660,681,58,32
1190,1686,58,32
1170,1672,58,32
609,661,58,32
860,863,58,32
683,698,58,32
1190,1686,58,32
860,863,58,32
600,613,58,32
888,890,58,32
1181,1622,58,32
683,698,58,32
636,660,58,32
660,681,58,32
1190,1686,58,32
832,834,58,32
600,613,58,32
1181,1622,58,32
683,698,58,32
636,660,58,32
660,681,58,32
832,834,58,32
1181,1622,58,32
860,863,58,32
683,698,58,32
832,834,58,32
860,863,58,32
600,613,58,32
1181,1622,58,32
683,698,58,32
660,681,58,32
1190,1686,58,32
832,834,58,32
1667,1856,58,32
600,613,58,32
1181,1622,58,32
683,698,58,32
660,681,58,32
1190,1686,58,32
832,834,58,32
1667,1856,58,32
831,869,58,32
888,890,58,32
1181,1622,58,32
683,698,58,32
1190,1686,58,32
832,834,58,32
860,863,58,32
1667,1856,58,32
831,869,58,32
888,890,58,32
1181,1622,58,32
683,698,58,32
1190,1686,58,32
832,834,58,32
1181,1622,58,32
860,863,58,32
660,681,58,32
683,698,58,32
1190,1686,58,32
860,863,58,32
888,890,58,32
1181,1622,58,32
683,698,58,32
867,873,58,32
1190,1686,58,32
1181,1622,58,32
683,698,58,32
636,660,58,32
867,873,58,32
1190,1686,58,32
1667,1856,58,32
1181,1622,58,32
683,698,58,32
636,660,58,32
867,873,58,32
1649,1651,58,32
1667,1856,58,32
867,873,58,32
1181,1622,58,32
683,698,58,32
636,660,58,32
860,863,58,32
867,873,58,32
1181,1622,58,32
683,698,58,32
636,660,58,32
860,863,58,32
888,890,58,32
1181,1622,58,32
683,698,58,32
867,873,58,32
660,681,58,32
860,863,58,32
1181,1622,58,32
683,698,58,32
867,873,58,32
832,834,58,32
860,863,58,32
1649,1651,58,32
1667,1856,58,32
1181,1622,58,32
683,698,58,32
867,873,58,32
660,681,58,32
1667,1856,58,32
888,890,58,32
1181,1622,58,32
683,698,58,32
867,873,58,32
660,681,58,32
860,863,58,32
888,890,58,32
1181,1622,58,32
683,698,58,32
867,873,58,32
660,681,58,32
1181,1622,58,32
683,698,58,32
1649,1651,58,32
867,873,58,32
1190,1686,58,32
1181,1622,58,32
683,698,58,32
636,660,58,32
1181,1622,58,32
636,660,58,32
860,863,58,32
1649,1651,58,32
683,698,58,32
1181,1622,58,32
636,660,58,32
683,698,58,32
1649,1651,58,32
867,873,58,32
838,841,58,32
1649,1651,58,32
831,869,58,32
860,863,58,32
1181,1622,58,32
683,698,58,32
636,660,58,32
838,841,58,32
867,873,58,32
682,690,58,32
1181,1622,58,32
683,698,58,32
636,660,58,32
1613,1672,58,32
1181,1622,58,32
683,698,58,32
636,660,58,32
1667,1856,58,32
867,873,58,32
1181,1622,58,32
683,698,58,32
636,660,58,32
660,681,58,32
1667,1856,58,32
831,869,58,32
682,690,58,32
1181,1622,58,32
683,698,58,32
867,873,58,32
660,681,58,32
1613,1672,58,32
1667,1856,58,32
1181,1622,58,32
683,698,58,32
867,873,58,32
660,681,58,32
1613,1672,58,32
1649,1651,58,32
1667,1856,58,32
831,869,58,32
682,690,58,32
1181,1622,58,32
683,698,58,32
867,873,58,32
660,681,58,32
1613,1672,58,32
1649,1651,58,32
1667,1856,58,32
1181,1622,58,32
683,698,58,32
867,873,58,32
660,681,58,32
832,834,58,32
860,863,58,32
1649,1651,58,32
1667,1856,58,32
600,613,58,32
1181,1622,58,32
683,698,58,32
867,873,58,32
660,681,58,32
1613,1672,58,32
1190,1686,58,32
860,863,58,32
1667,1856,58,32
636,660,58,32
1181,1622,58,32
683,698,58,32
867,873,58,32
660,681,58,32
1613,1672,58,32
1667,1856,58,32
1181,1622,58,32
683,698,58,32
867,873,58,32
660,681,58,32
1613,1672,58,32
832,834,58,32
1667,1856,58,32
831,869,58,32
1181,1622,58,32
683,698,58,32
867,873,58,32
660,681,58,32
1613,1672,58,32
832,834,58,32
1649,1651,58,32
1667,1856,58,32
1181,1622,58,32
683,698,58,32
867,873,58,32
660,681,58,32
832,834,58,32
1649,1651,58,32
1667,1856,58,32
831,869,58,32
867,873,58,32
1181,1622,58,32
683,698,58,32
636,660,58,32
1649,1651,58,32
1667,1856,58,32
1181,1622,58,32
683,698,58,32
867,873,58,32
1613,1672,58,32
1667,1856,58,32
1181,1622,58,32
683,698,58,32
683,698,58,32
636,660,58,32
867,873,58,32
1170,1672,58,32
683,698,58,32
867,873,58,32
832,834,58,32
1613,1672,58,32
682,690,58,32
683,698,58,32
867,873,58,32
832,834,58,32
636,660,58,32
860,863,58,32
867,873,58,32
660,681,58,32
683,698,58,32
831,869,58,32
867,873,58,32
683,698,58,32
636,660,58,32
660,681,58,32
1170,1672,58,32
683,698,58,32
867,873,58,32
660,681,58,32
683,698,58,32
636,660,58,32
683,698,58,32
636,660,58,32
682,690,58,32
607,681,58,32
683,698,58,32
636,660,58,32
683,698,58,32
636,660,58,32
1164,1657,58,32
607,681,58,32
683,698,58,32
636,660,58,32
867,873,58,32
832,834,58,32
683,698,58,32
636,660,58,32
867,873,58,32
1667,1856,58,32
831,869,58,32
683,698,58,32
867,873,58,32
1667,1856,58,32
600,613,58,32
683,698,58,32
831,869,58,32
867,873,58,32
683,698,58,32
867,873,58,32
1170,1672,58,32
683,698,58,32
867,873,58,32
832,834,58,32
683,698,58,32
831,869,58,32
867,873,58,32
832,834,58,32
1181,1622,58,32
683,698,58,32
831,869,58,32
867,873,58,32
807,889,58,32
609,661,58,32
683,698,58,32
867,873,58,32
682,690,58,32
1170,1672,58,32
682,690,58,32
683,698,58,32
867,873,58,32
1613,1672,58,32
1170,1672,58,32
832,834,58,32
682,690,58,32
683,698,58,32
867,873,58,32
660,681,58,32
1190,1686,58,32
1170,1672,58,32
832,834,58,32
1667,1856,58,32
683,698,58,32
867,873,58,32
682,690,58,32
636,660,58,32
683,698,58,32
867,873,58,32
682,690,58,32
683,698,58,32
867,873,58,32
832,834,58,32
682,690,58,32
683,698,58,32
867,873,58,32
682,690,58,32
1649,1651,58,32
1667,1856,58,32
682,690,58,32
683,698,58,32
867,873,58,32
660,681,58,32
1170,1672,58,32
832,834,58,32
1667,1856,58,32
683,698,58,32
867,873,58,32
832,834,58,32
1667,1856,58,32
1181,1622,58,32
683,698,58,32
867,873,58,32
664,832,58,32
832,834,58,32
636,660,58,32
683,698,58,32
867,873,58,32
832,834,58,32
1667,1856,58,32
683,698,58,32
636,660,58,32
867,873,58,32
832,834,58,32
1649,1651,58,32
867,873,58,32
682,690,58,32
683,698,58,32
636,660,58,32
832,834,58,32
683,698,58,32
867,873,58,32
832,834,58,32
1649,1651,58,32
867,873,58,32
683,698,58,32
636,660,58,32
660,681,58,32
1190,1686,58,32
832,834,58,32
683,698,58,32
867,873,58,32
664,832,58,32
832,834,58,32
664,832,58,32
683,698,58,32
867,873,58,32
660,681,58,32
1190,1686,58,32
628,644,58,32
832,834,58,32
1170,1672,58,32
683,698,58,32
867,873,58,32
660,681,58,32
832,834,58,32
683,698,58,32
867,873,58,32
660,681,58,32
1667,1856,58,32
860,873,58,32
683,698,58,32
867,873,58,32
1170,1672,58,32
832,834,58,32
683,698,58,32
867,873,58,32
860,873,58,32
832,834,58,32
609,661,58,32
1667,1856,58,32
860,873,58,32
867,873,58,32
683,698,58,32
636,660,58,32
1170,1672,58,32
609,661,58,32
1667,1856,58,32
860,873,58,32
867,873,58,32
683,698,58,32
636,660,58,32
1170,1672,58,32
832,834,58,32
609,661,58,32
867,873,58,32
683,698,58,32
636,660,58,32
1170,1672,58,32
832,834,58,32
609,661,58,32
1170,1632,58,32
1667,1856,58,32
683,698,58,32
867,873,58,32
660,681,58,32
1170,1672,58,32
1170,1632,58,32
609,661,58,32
867,873,58,32
660,681,58,32
1190,1686,58,32
1170,1672,58,32
609,661,58,32
867,873,58,32
660,681,58,32
1170,1672,58,32
1170,1672,58,32
609,661,58,32
1667,1856,58,32
860,867,58,32
867,873,58,32
660,681,58,32
1190,1686,58,32
683,692,58,32
609,661,58,32
1649,1651,58,32
636,660,58,32
867,873,58,32
660,681,58,32
1170,1672,58,32
609,661,58,32
1649,1651,58,32
867,873,58,32
660,681,58,32
1190,1686,58,32
1170,1672,58,32
1667,1856,58,32
609,661,58,32
683,698,58,32
867,873,58,32
660,681,58,32
660,681,58,32
1649,1651,58,32
867,873,58,32
609,661,58,32
867,873,58,32
660,681,58,32
832,834,58,32
867,873,58,32
860,873,58,32
609,661,58,32
867,873,58,32
609,661,58,32
867,873,58,32
1649,1651,58,32
1170,1672,58,32
1667,1856,58,32
867,873,58,32
1667,1856,58,32
1181,1622,58,32
860,873,58,32
1649,1651,58,32
1667,1856,58,32
860,873,58,32
1645,1671,58,32
660,681,58,32
1170,1672,58,32
683,692,58,32
609,661,58,32
1649,1651,58,32
1667,1856,58,32
860,873,58,32
683,692,58,32
1170,1672,58,32
1667,1856,58,32
1170,1672,58,32
1632,1856,58,32
1649,1651,58,32
860,863,58,32
1667,1856,58,32
860,873,58,32
683,692,58,32
1170,1672,58,32
660,681,58,32
1667,1856,58,32
1667,1856,58,32
1645,1671,58,32
609,661,58,32
867,873,58,32
683,692,58,32
660,681,58,32
683,692,58,32
831,869,58,32
660,681,58,32
660,681,58,32
636,660,58,32
660,681,58,32
664,832,58,32
660,681,58,32
660,681,58,32
1667,1856,58,32
636,660,58,32
867,873,58,32
600,613,58,32
660,681,58,32
660,681,58,32
600,613,58,32
1190,1686,58,32
860,863,58,32
1632,1856,58,32
600,613,58,32
826,841,58,32
660,681,58,32
1190,1686,58,32
827,834,58,32
810,854,58,32
1170,1667,58,32
1645,1667,58,32
600,613,58,32
620,691,58,32
1645,1671,58,32
660,681,58,32
1190,1686,58,32
664,832,58,32
860,863,58,32
810,854,58,32
600,613,58,32
1613,1671,58,32
660,681,58,32
1170,1672,58,32
826,838,58,32
832,834,58,32
600,613,58,32
826,834,58,32
867,873,58,32
660,681,58,32
860,864,58,32
1170,1672,58,32
1622,1657,58,32
1164,1657,58,32
828,832,58,32
1601,1678,58,32
635,648,58,32
867,873,58,32
660,681,58,32
619,699,58,32
860,864,58,32
832,841,58,32
832,836,58,32
1622,1674,58,32
600,613,58,32
1651,1657,58,32
1622,1657,58,32
828,836,58,32
1181,1672,58,32
832,836,58,32
1164,1657,58,32
828,832,58,32
867,873,58,32
660,681,58,32
635,683,58,32
860,864,58,32
810,860,58,32
1667,1678,58,32
1649,1657,58,32
1657,1674,58,32
1622,1657,58,32
1181,1672,58,32
1632,1657,58,32
860,864,58,32
1164,1657,58,32
606,689,58,32
828,832,58,32
855,873,58,32
826,863,58,32
606,611,58,32
828,836,58,32
1651,1657,58,32
660,681,58,32
609,681,58,32
832,836,58,32
610,654,58,32
1667,1678,58,32
1170,1672,58,32
828,836,58,32
826,855,58,32
828,832,58,32
880,887,58,32
660,681,58,32
609,681,58,32
832,836,58,32
1181,1678,58,32
683,692,58,32
635,683,58,32
635,663,58,32
1622,1657,58,32
828,836,58,32
619,1645,58,32
828,832,58,32
1632,1671,58,32
654,682,58,32
862,863,58,32
628,683,58,32
832,836,58,32
619,1657,58,32
654,694,58,32
661,686,58,32
619,1657,58,32
828,836,58,32
1645,1657,58,32
828,832,58,32
611,1108,58,32
669,1632,58,32
1632,1671,58,32
832,836,58,32
619,1645,58,32
654,694,58,32
619,1657,58,32
828,836,58,32
1657,1667,58,32
1645,1657,58,32
669,1108,58,32
832,836,58,32
1622,1657,58,32
613,654,58,32
619,1645,58,32
864,868,58,32
1170,1672,58,32
654,694,58,32
864,893,58,32
1190,1686,58,32
1164,1672,58,32
1622,1657,58,32
1645,1667,58,32
836,887,58,32
685,1108,58,32
684,629,58,32
864,887,58,32
1632,1686,58,32
1613,1678,58,32
1645,1657,58,32
684,1190,58,32
669,1686,58,32
832,836,58,32
619,1645,58,32
669,1190,58,32
610,626,58,32
828,832,58,32
609,661,58,32
828,836,58,32
629,1678,58,32
669,629,58,32
669,684,58,32
684,1686,58,32
619,1657,58,32
864,893,58,32
834,836,58,32
1164,1672,58,32
1190,1686,58,32
828,834,58,32
684,1686,58,32
1170,1672,58,32
685,1108,58,32
1492,1678,58,32
1645,1657,58,32
669,1686,58,32
832,836,58,32
689,826,58,32
623,654,58,32
1657,1667,58,32
619,1645,58,32
669,1190,58,32
828,832,58,32
609,661,58,32
828,836,58,32
629,1678,58,32
834,836,58,32
864,868,58,32
619,1657,58,32
864,893,58,32
832,834,58,32
828,834,58,32
1170,1672,58,32
1645,1657,58,32
629,1672,58,32
669,1686,58,32
832,836,58,32
623,654,58,32
1657,1667,58,32
619,1645,58,32
669,1190,58,32
826,1181,58,32
828,836,58,32
828,832,58,32
629,1678,58,32
684,826,58,32
834,836,58,32
864,868,58,32
684,1181,58,32
619,1657,58,32
832,834,58,32
828,834,58,32
1170,629,58,32
1672,1678,58,32
1645,1657,58,32
629,1672,58,32
1164,1657,58,32
832,836,58,32
619,1164,58,32
619,1645,58,32
669,1190,58,32
629,1613,58,32
834,893,58,32
826,1181,58,32
621,684,58,32
828,836,58,32
828,832,58,32
610,613,58,32
684,1667,58,32
629,1678,58,32
821,896,58,32
684,826,58,32
832,834,58,32
864,868,58,32
619,1657,58,32
864,893,58,32
834,836,58,32
880,887,58,32
828,834,58,32
689,699,58,32
1672,1678,58,32
1645,1657,58,32
629,1672,58,32
832,836,58,32
619,1645,58,32
669,1190,58,32
826,1181,58,32
621,826,58,32
621,684,58,32
828,832,58,32
610,613,58,32
828,836,58,32
629,1678,58,32
821,896,58,32
684,826,58,32
836,847,58,32
832,834,58,32
864,868,58,32
619,1657,58,32
864,893,58,32
834,836,58,32
828,834,58,32
689,699,58,32
1672,1678,58,32
661,847,58,32
1645,1657,58,32
629,1672,58,32
832,836,58,32
619,1645,58,32
669,1190,58,32
690,815,58,32
826,1181,58,32
621,826,58,32
621,684,58,32
828,832,58,32
610,613,58,32
683,838,58,32
828,836,58,32
629,1678,58,32
684,826,58,32
832,834,58,32
864,868,58,32
684,1181,58,32
619,1657,58,32
864,893,58,32
834,836,58,32
1622,1657,58,32
1170,629,58,32
623,692,58,32
828,834,58,32
621,1181,58,32
694,893,58,32
1170,1672,58,32
689,699,58,32
1645,1657,58,32
629,1672,58,32
636,864,58,32
619,1645,58,32
669,1190,58,32
690,815,58,32
826,1181,58,32
832,836,58,32
621,826,58,32
621,684,58,32
660,681,58,32
1613,1672,58,32
683,838,58,32
828,836,58,32
629,1678,58,32
684,826,58,32
834,836,58,32
684,1181,58,32
619,1657,58,32
864,893,58,32
832,834,58,32
1622,1657,58,32
828,834,58,32
1170,1672,58,32
689,699,58,32
1672,1678,58,32
864,896,58,32
1645,1657,58,32
629,1672,58,32
832,836,58,32
619,1645,58,32
690,815,58,32
826,1181,58,32
621,826,58,32
621,684,58,32
619,1622,58,32
692,838,58,32
828,832,58,32
828,836,58,32
629,1678,58,32
684,826,58,32
1170,1678,58,32
893,896,58,32
683,692,58,32
864,868,58,32
619,1657,58,32
864,893,58,32
834,836,58,32
832,834,58,32
1622,1657,58,32
828,834,58,32
1170,1672,58,32
1672,1678,58,32
864,896,58,32
1645,1657,58,32
629,1672,58,32
832,836,58,32
619,1645,58,32
669,1190,58,32
690,815,58,32
826,1181,58,32
621,684,58,32
619,1622,58,32
660,681,58,32
1613,1672,58,32
828,832,58,32
828,836,58,32
629,1678,58,32
684,826,58,32
1170,1678,58,32
893,896,58,32
864,868,58,32
684,1181,58,32
619,1657,58,32
864,893,58,32
834,836,58,32
832,834,58,32
1622,1657,58,32
609,815,58,32
828,834,58,32
1170,629,58,32
1170,1672,58,32
689,699,58,32
1672,1678,58,32
864,896,58,32
609,683,58,32
1645,1657,58,32
629,1672,58,32
628,683,58,32
832,836,58,32
681,838,58,32
619,1645,58,32
669,1190,58,32
854,866,58,32
690,815,58,32
826,1181,58,32
621,826,58,32
621,684,58,32
619,1622,58,32
692,838,58,32
683,838,58,32
828,836,58,32
629,1678,58,32
684,826,58,32
1170,1678,58,32
893,896,58,32
628,681,58,32
684,1181,58,32
619,1657,58,32
864,893,58,32
834,836,58,32
1622,1657,58,32
609,815,58,32
828,834,58,32
628,838,58,32
1170,629,58,32
1170,1672,58,32
685,1108,58,32
689,699,58,32
628,847,58,32
1672,1678,58,32
864,896,58,32
832,853,58,32
1645,1657,58,32
629,1672,58,32
681,683,58,32
832,836,58,32
681,838,58,32
619,1645,58,32
669,1190,58,32
629,1613,58,32
681,692,58,32
690,815,58,32
826,1181,58,32
636,864,58,32
619,1622,58,32
1613,1672,58,32
683,838,58,32
828,853,58,32
621,684,58,32
828,836,58,32
629,1678,58,32
684,826,58,32
834,853,58,32
893,896,58,32
609,690,58,32
684,1181,58,32
619,1657,58,32
864,893,58,32
834,836,58,32
832,834,58,32
1622,1657,58,32
609,815,58,32
828,834,58,32
1170,629,58,32
1170,1672,58,32
628,847,58,32
1672,1678,58,32
864,896,58,32
832,853,58,32
1645,1657,58,32
629,1672,58,32
1164,1657,58,32
832,836,58,32
619,1645,58,32
669,1190,58,32
690,815,58,32
826,1181,58,32
621,684,58,32
619,1622,58,32
836,853,58,32
828,832,58,32
828,853,58,32
828,836,58,32
629,1678,58,32
1660,1662,58,32
684,826,58,32
834,853,58,32
893,896,58,32
609,690,58,32
684,1181,58,32
619,1657,58,32
864,893,58,32
834,836,58,32
832,834,58,32
1622,1657,58,32
1108,1686,58,32
1164,1645,58,32
636,896,58,32
880,887,58,32
609,815,58,32
828,834,58,32
823,847,58,32
1170,1672,58,32
864,896,58,32
832,853,58,32
1645,1657,58,32
1164,1657,58,32
832,836,58,32
619,1645,58,32
669,1190,58,32
690,815,58,32
621,684,58,32
828,853,58,32
893,896,58,32
828,832,58,32
683,838,58,32
629,1678,58,32
1660,1662,58,32
684,826,58,32
834,853,58,32
1632,1671,58,32
834,836,58,32
609,690,58,32
683,692,58,32
684,1181,58,32
619,1657,58,32
864,893,58,32
832,834,58,32
1108,1686,58,32
1164,1645,58,32
609,815,58,32
1170,1672,58,32
864,896,58,32
1645,1657,58,32
1164,1657,58,32
681,683,58,32
832,836,58,32
681,838,58,32
619,1645,58,32
669,1190,58,32
809,896,58,32
1108,1644,58,32
681,692,58,32
690,815,58,32
621,684,58,32
602,665,58,32
828,853,58,32
629,1678,58,32
1660,1662,58,32
809,864,58,32
893,896,58,32
834,836,58,32
663,853,58,32
619,1657,58,32
864,893,58,32
832,834,58,32
1108,1686,58,32
1164,1645,58,32
880,887,58,32
609,815,58,32
1170,1672,58,32
681,683,58,32
1672,1678,58,32
864,896,58,32
1645,1657,58,32
1164,1657,58,32
611,649,58,32
621,684,58,32
602,665,58,32
832,836,58,32
623,654,58,32
681,838,58,32
1644,1686,58,32
619,1645,58,32
669,1190,58,32
809,896,58,32
681,692,58,32
690,815,58,32
619,1622,58,32
809,893,58,32
692,838,58,32
683,838,58,32
809,864,58,32
828,836,58,32
629,1678,58,32
684,826,58,32
893,896,58,32
609,690,58,32
663,853,58,32
684,1181,58,32
619,1657,58,32
864,893,58,32
834,836,58,32
832,834,58,32
1164,1645,58,32
609,815,58,32
621,1181,58,32
1170,1672,58,32
864,896,58,32
1645,1657,58,32
1164,1657,58,32
1108,1856,58,32
681,683,58,32
832,836,58,32
623,654,58,32
681,838,58,32
669,1190,58,32
629,1613,58,32
809,896,58,32
690,815,58,32
826,1181,58,32
621,826,58,32
809,864,58,32
809,893,58,32
683,838,58,32
621,684,58,32
828,836,58,32
629,1678,58,32
684,826,58,32
893,896,58,32
609,690,58,32
663,853,58,32
684,1181,58,32
864,893,58,32
834,836,58,32
832,834,58,32
649,1632,58,32
1164,1645,58,32
864,896,58,32
1645,1657,58,32
1164,1657,58,32
1108,1856,58,32
603,1649,58,32
600,866,58,32
681,869,58,32
681,838,58,32
832,898,58,32
649,1671,58,32
669,1190,58,32
809,896,58,32
690,815,58,32
826,1181,58,32
621,826,58,32
809,864,58,32
809,893,58,32
692,838,58,32
683,838,58,32
667,896,58,32
621,684,58,32
828,836,58,32
629,1678,58,32
683,869,58,32
684,826,58,32
893,896,58,32
663,853,58,32
864,893,58,32
669,1190,58,32
649,1632,58,32
1164,1645,58,32
880,887,58,32
654,838,58,32
828,834,58,32
893,896,58,32
692,869,58,32
1170,1672,58,32
864,896,58,32
1645,1657,58,32
1164,1657,58,32
832,836,58,32
654,692,58,32
681,838,58,32
649,1671,58,32
654,683,58,32
629,1613,58,32
809,896,58,32
690,815,58,32
621,826,58,32
619,1622,58,32
828,832,58,32
683,838,58,32
621,684,58,32
828,836,58,32
629,1678,58,32
684,826,58,32
1632,1671,58,32
609,690,58,32
663,853,58,32
864,893,58,32
834,836,58,32
832,834,58,32
1164,1645,58,32
880,887,58,32
654,838,58,32
828,834,58,32
1170,1672,58,32
864,896,58,32
654,869,58,32
1645,1657,58,32
1164,1657,58,32
603,1649,58,32
832,836,58,32
654,692,58,32
838,869,58,32
649,1671,58,32
669,1190,58,32
809,896,58,32
690,815,58,32
826,1181,58,32
621,826,58,32
828,836,58,32
692,838,58,32
683,838,58,32
621,684,58,32
629,1678,58,32
1660,1662,58,32
684,826,58,32
1632,1671,58,32
834,836,58,32
609,690,58,32
663,853,58,32
619,1657,58,32
832,834,58,32
1164,1645,58,32
880,887,58,32
828,834,58,32
1629,1644,58,32
1170,1672,58,32
1672,1678,58,32
864,896,58,32
1645,1657,58,32
1164,1657,58,32
681,683,58,32
600,866,58,32
832,836,58,32
649,1671,58,32
669,1190,58,32
809,896,58,32
690,815,58,32
826,1181,58,32
621,826,58,32
828,836,58,32
621,684,58,32
629,1678,58,32
684,826,58,32
1632,1671,58,32
609,690,58,32
663,853,58,32
834,836,58,32
832,834,58,32
824,894,58,32
1164,1645,58,32
880,887,58,32
828,834,58,32
1170,1672,58,32
1672,1678,58,32
864,896,58,32
1645,1657,58,32
603,1649,58,32
600,866,58,32
832,836,58,32
681,869,58,32
681,838,58,32
649,1671,58,32
669,1190,58,32
809,896,58,32
690,815,58,32
826,1181,58,32
809,864,58,32
692,838,58,32
683,838,58,32
621,684,58,32
629,1678,58,32
683,869,58,32
684,826,58,32
1632,1671,58,32
609,690,58,32
663,853,58,32
683,692,58,32
834,836,58,32
832,834,58,32
1164,1645,58,32
880,887,58,32
828,834,58,32
1632,1671,58,32
834,836,58,32
1672,1678,58,32
619,689,58,32
681,692,58,32
636,809,58,32
603,1649,58,32
689,1622,58,32
832,836,58,32
681,838,58,32
649,1671,58,32
669,1190,58,32
809,896,58,32
854,866,58,32
690,815,58,32
636,864,58,32
809,864,58,32
864,896,58,32
828,832,58,32
683,838,58,32
621,684,58,32
828,836,58,32
629,1678,58,32
1660,1662,58,32
684,826,58,32
1601,1644,58,32
893,896,58,32
685,699,58,32
609,690,58,32
663,853,58,32
864,893,58,32
832,834,58,32
1164,1645,58,32
880,887,58,32
828,834,58,32
893,896,58,32
1672,1678,58,32
619,689,58,32
1601,1644,58,32
636,809,58,32
681,683,58,32
689,1622,58,32
832,836,58,32
681,838,58,32
669,1190,58,32
681,692,58,32
826,1181,58,32
621,826,58,32
809,864,58,32
619,1622,58,32
864,896,58,32
692,838,58,32
828,836,58,32
621,684,58,32
1660,1662,58,32
684,826,58,32
1170,1678,58,32
1632,1671,58,32
685,699,58,32
663,853,58,32
864,893,58,32
832,834,58,32
817,847,58,32
1164,1645,58,32
892,896,58,32
880,887,58,32
828,834,58,32
1170,1672,58,32
828,836,58,32
1672,1678,58,32
619,689,58,32
636,809,58,32
681,683,58,32
689,1622,58,32
832,836,58,32
669,1190,58,32
629,1613,58,32
834,836,58,32
681,692,58,32
636,864,58,32
621,826,58,32
864,896,58,32
692,838,58,32
828,832,58,32
683,838,58,32
864,892,58,32
621,684,58,32
629,1678,58,32
1660,1662,58,32
684,826,58,32
1170,1678,58,32
893,896,58,32
663,853,58,32
864,893,58,32
832,834,58,32
1164,1645,58,32
880,887,58,32
828,834,58,32
1170,1672,58,32
828,836,58,32
603,1649,58,32
1672,1678,58,32
864,896,58,32
681,683,58,32
689,1622,58,32
832,836,58,32
669,1190,58,32
892,893,58,32
621,826,58,32
619,1622,58,32
619,689,58,32
692,838,58,32
892,896,58,32
864,892,58,32
621,684,58,32
629,1678,58,32
684,826,58,32
1170,1678,58,32
893,896,58,32
685,699,58,32
609,690,58,32
663,853,58,32
864,893,58,32
834,836,58,32
611,1678,58,32
1164,1645,58,32
838,853,58,32
828,834,58,32
1170,1672,58,32
864,896,58,32
636,809,58,32
681,683,58,32
836,892,58,32
832,836,58,32
669,1190,58,32
692,694,58,32
667,847,58,32
636,864,58,32
621,826,58,32
619,1622,58,32
619,689,58,32
880,887,58,32
636,896,58,32
603,1649,58,32
621,684,58,32
828,836,58,32
629,1678,58,32
1660,1662,58,32
684,826,58,32
1170,1678,58,32
893,896,58,32
834,836,58,32
609,690,58,32
663,853,58,32
611,674,58,32
663,838,58,32
864,893,58,32
832,834,58,32
611,1678,58,32
817,847,58,32
1164,1645,58,32
880,887,58,32
1170,1672,58,32
864,896,58,32
636,809,58,32
681,683,58,32
636,864,58,32
669,1190,58,32
809,896,58,32
692,694,58,32
667,847,58,32
832,836,58,32
621,826,58,32
621,684,58,32
828,836,58,32
629,1678,58,32
1660,1662,58,32
684,826,58,32
1170,1678,58,32
893,896,58,32
609,690,58,32
611,674,58,32
864,893,58,32
832,834,58,32
817,847,58,32
1164,1645,59,33
880,887,59,33
1170,1672,59,33
1672,1678,59,33
864,896,59,33
1613,1678,59,33
636,809,59,33
648,681,59,33
669,1190,59,33
661,692,59,33
667,847,59,33
621,826,59,33
621,684,59,33
828,836,59,33
629,1678,59,33
1660,1662,59,33
684,826,59,33
1170,1678,59,33
893,896,59,33
841,855,59,33
609,690,59,33
832,841,59,33
864,893,59,33
832,834,59,33
669,1190,59,33
1164,1645,59,33
636,809,59,33
880,887,59,33
1170,1672,59,33
853,866,59,33
648,681,59,33
827,836,59,33
832,836,59,33
827,832,59,33
854,866,59,33
667,847,59,33
611,629,59,33
621,684,59,33
629,1678,59,33
684,826,59,33
893,896,59,33
841,855,59,33
609,690,59,33
667,817,59,33
661,683,59,33
827,834,59,33
834,836,59,33
832,834,59,33
1164,1645,59,33
809,896,59,33
880,887,59,33
1170,1672,59,33
619,689,59,33
841,864,59,33
636,809,59,33
648,681,59,33
836,855,59,33
827,836,59,33
827,832,59,33
661,692,59,33
853,855,59,33
621,826,59,33
621,684,59,33
809,893,59,33
636,896,59,33
629,1678,59,33
853,864,59,33
684,826,59,33
1170,1678,59,33
893,896,59,33
609,690,59,33
683,692,59,33
832,834,59,33
836,864,59,33
1170,1672,59,33
836,873,59,33
1164,1645,59,33
880,887,59,33
644,681,59,33
1672,1678,59,33
815,887,59,33
636,809,59,33
649,1671,59,33
827,832,59,33
661,692,59,33
854,866,59,33
621,826,59,33
621,684,59,33
619,1622,59,33
1108,1632,59,33
685,1181,59,33
860,864,59,33
629,1678,59,33
684,826,59,33
1170,1678,59,33
893,896,59,33
609,690,59,33
864,868,59,33
832,834,59,33
684,1108,59,33
644,681,59,33
1164,1645,59,33
880,887,59,33
621,1181,59,33
1170,1672,59,33
1672,1678,59,33
619,689,59,33
815,887,59,33
684,685,59,33
681,683,59,33
600,866,59,33
654,692,59,33
623,654,59,33
812,819,59,33
854,866,59,33
623,661,59,33
619,1622,59,33
1108,1671,59,33
685,1181,59,33
1632,1856,59,33
629,1678,59,33
827,828,59,33
1170,1678,59,33
893,896,59,33
609,690,59,33
644,683,59,33
864,868,59,33
815,880,59,33
832,834,59,33
826,1108,59,33
1164,1645,59,33
828,832,59,33
880,887,59,33
621,1181,59,33
1170,1672,59,33
685,1108,59,33
1672,1678,59,33
815,887,59,33
629,1672,59,33
636,809,59,33
648,681,59,33
681,683,59,33
600,866,59,33
864,873,59,33
644,683,59,33
827,832,59,33
809,896,59,33
854,866,59,33
1108,1181,59,33
893,896,59,33
685,1181,59,33
636,896,59,33
868,873,59,33
629,1678,59,33
809,893,59,33
684,826,59,33
1170,1678,59,33
1632,1671,59,33
609,690,59,33
603,1649,59,33
864,868,59,33
817,847,59,33
815,880,59,33
832,834,59,33
654,694,59,33
1164,1645,59,33
880,887,59,33
621,1181,59,33
686,692,59,33
1170,1672,59,33
685,1108,59,33
1672,1678,59,33
1671,1856,59,33
684,699,59,33
636,809,59,33
648,681,59,33
600,866,59,33
1170,1678,59,33
827,832,59,33
809,896,59,33
854,866,59,33
1190,1671,59,33
667,823,59,33
1108,1181,59,33
893,896,59,33
683,698,59,33
685,1181,59,33
621,1108,59,33
802,836,59,33
815,887,59,33
1632,1856,59,33
629,1678,59,33
809,893,59,33
684,826,59,33
635,1657,59,33
1632,1671,59,33
609,690,59,33
864,868,59,33
619,1645,59,33
815,880,59,33
649,1632,59,33
649,699,59,33
636,896,59,33
838,841,59,33
880,887,59,33
1632,1671,59,33
1170,629,59,33
686,692,59,33
1170,1672,59,33
685,1108,59,33
1672,1678,59,33
815,887,59,33
1622,1645,59,33
636,809,59,33
648,681,59,33
600,866,59,33
619,1645,59,33
809,896,59,33
854,866,59,33
636,893,59,33
667,847,59,33
809,893,59,33
892,896,59,33
1170,1678,59,33
893,896,59,33
609,690,59,33
603,1649,59,33
619,699,59,33
864,868,59,33
649,1671,59,33
815,880,59,33
1170,1672,59,33
825,836,59,33
880,887,59,33
1645,1649,59,33
1170,629,59,33
686,692,59,33
600,854,59,33
815,887,59,33
636,809,59,33
648,681,59,33
600,866,59,33
654,683,59,33
854,866,59,33
1645,1678,59,33
667,847,59,33
828,832,59,33
1181,1674,59,33
667,817,59,33
864,868,59,33
832,834,59,33
661,694,59,33
880,887,59,33
686,692,59,33
661,683,59,33
815,887,59,33
1622,1645,59,33
648,681,59,33
600,866,59,33
649,1671,59,33
827,832,59,33
1108,1601,59,33
1613,1672,59,33
828,832,59,33
621,684,59,33
1181,1674,59,33
864,868,59,33
832,834,59,33
817,847,59,33
661,694,59,33
636,681,59,33
686,692,59,33
1108,1657,59,33
815,887,59,33
1181,1651,59,33
600,866,59,33
623,654,59,33
854,866,59,33
1613,1672,59,33
828,832,59,33
635,681,59,33
621,684,59,33
1181,1674,59,33
841,855,59,33
667,817,59,33
864,868,59,33
832,834,59,33
1657,1674,59,33
1181,1657,59,33
815,887,59,33
667,817,59,33
1181,1674,59,33
636,681,59,33
648,681,59,33
828,834,59,33
1651,1657,59,33
1170,1672,59,33
826,836,59,33
1613,1672,59,33
864,868,59,33
686,692,59,33
1657,1672,59,33
1492,1678,59,33
623,654,59,33
600,613,59,33
880,887,59,33
815,887,59,33
636,681,59,33
648,681,59,33
1651,1657,59,33
623,654,59,33
603,617,59,33
1657,1674,59,33
661,692,59,33
620,622,59,33
828,836,59,33
635,648,59,33
635,636,59,33
1181,1674,59,33
826,860,59,33
603,685,59,33
864,868,59,33
1181,1657,59,33
815,880,59,33
838,841,59,33
1628,1629,59,33
686,692,59,33
828,836,59,33
815,887,59,33
1651,1657,59,33
860,868,59,33
661,692,59,33
855,866,59,33
623,654,59,33
1181,1674,59,33
663,686,59,33
838,866,59,33
864,868,59,33
815,880,59,33
1628,1629,59,33
802,862,59,33
828,834,59,33
815,887,59,33
636,681,59,33
1651,1657,59,33
623,654,59,33
1657,1674,59,33
661,692,59,33
892,893,59,33
1618,1628,59,33
1181,1674,59,33
893,896,59,33
663,686,59,33
661,692,59,33
1181,1674,59,33
893,896,59,33
663,686,59,33
1651,1657,59,33
683,692,59,33
1618,1628,59,33
1181,1657,59,33
827,834,59,33
832,834,59,33
635,698,59,33
683,686,59,33
684,685,59,33
636,681,59,33
1651,1657,59,33
1657,1674,59,33
661,692,59,33
663,683,59,33
635,648,59,33
621,662,59,33
663,686,59,33
683,692,59,33
1181,1657,59,33
827,834,59,33
832,834,59,33
661,692,59,33
635,660,59,33
1628,1629,59,33
636,681,59,33
623,694,59,33
893,896,59,33
663,692,59,33
828,834,59,33
663,683,59,33
661,692,59,33
661,663,59,33
600,654,59,33
636,660,59,33
660,681,59,33
683,692,59,33
661,692,59,33
827,828,59,33
663,692,59,33
660,681,59,33
827,836,59,33
828,836,59,33
628,661,59,33
832,836,59,33
827,836,59,33
1181,1657,59,33
660,681,59,33
1657,1667,59,33
649,678,59,33
834,836,59,33
654,694,59,33
827,832,59,33
635,698,59,33
649,678,59,33
1181,1667,59,33
838,841,59,33
827,836,59,33
832,836,59,33
1181,1657,59,33
1657,1667,59,33
635,698,59,33
1667,1686,59,33
832,836,59,33
663,686,59,33
660,681,59,33
635,683,59,33
1181,1657,59,33
827,836,59,33
1657,1667,59,33
628,667,59,33
827,836,59,33
832,836,59,33
1181,1657,59,33
834,836,59,33
832,836,59,33
1628,1672,59,33
827,836,59,33
826,832,59,33
834,836,59,33
827,832,59,33
819,888,59,33
827,834,59,33
827,836,59,33
832,836,59,33
827,836,59,33
834,836,59,33
832,836,59,33
827,832,59,33
834,836,59,33
827,836,59,33
832,836,59,33
827,834,59,33
832,834,59,33
827,832,59,33
603,684,59,33
827,836,59,33
832,836,59,33
832,834,59,33
827,832,59,33
838,841,59,33
660,681,59,33
832,834,59,33
827,836,59,33
832,836,59,33
635,648,59,33
841,869,59,33
834,836,59,33
838,869,59,33
827,832,59,33
683,698,59,33
683,692,59,33
832,836,59,33
827,836,59,33
832,834,59,33
827,832,59,33
1170,1672,59,33
827,834,59,33
832,834,59,33
832,836,59,33
661,686,59,33
827,832,59,33
1613,1672,59,33
1170,1672,59,33
827,834,59,33
832,834,59,33
827,832,59,33
1170,1672,59,33
832,834,59,33
1613,1672,59,33
1170,1672,59,33
832,834,59,33
1170,1672,59,33
826,832,59,33
660,681,59,33
827,832,59,33
827,834,59,33
660,681,59,33
832,834,59,33
860,864,59,33
827,834,59,33
860,863,59,33
832,834,59,33
836,843,59,33
832,834,59,33
860,863,59,33
827,834,59,33
860,864,59,33
860,863,59,33
827,834,59,33
860,863,59,33
860,864,59,33
860,863,59,33
832,834,59,33
860,864,59,33
1170,1672,59,33
860,863,59,33
860,864,59,33
1651,1657,59,33
832,834,59,33
860,864,59,33
838,841,59,33
860,864,59,33
838,841,59,33
836,843,59,33
860,864,59,33
1170,1672,59,33
860,863,59,33
860,864,59,33
860,863,59,33
860,864,59,33
860,863,59,33
860,864,59,33
807,889,59,33
860,863,59,33
860,864,59,33
1170,1672,59,33
860,864,59,33
832,834,59,33
860,864,59,33
832,834,59,33
860,864,59,33
860,864,59,33
660,681,59,33
832,834,59,33
610,626,59,33
860,864,59,33
660,681,59,33
860,864,59,33
860,863,59,33
660,681,59,33
860,864,59,33
860,863,59,33
660,681,59,33
827,834,59,33
860,864,59,33
860,864,59,33
660,681,59,33
610,626,59,33
1651,1657,59,33
660,681,59,33
860,864,59,33
1651,1657,59,33
660,681,59,33
860,864,59,33
1651,1657,59,33
860,864,59,33
1651,1657,59,33
860,864,59,33
1492,1613,59,33
1651,1657,59,33
660,681,59,33
860,864,59,33
827,834,59,33
1651,1657,59,33
660,681,59,33
860,864,59,33
660,681,59,33
860,864,59,33
1651,1657,59,33
860,864,59,33
1651,1657,59,33
660,681,59,33
860,864,59,33
635,648,59,33
836,843,59,33
660,681,59,33
836,843,59,33
860,864,59,33
832,834,59,33
836,843,59,33
860,864,59,33
1628,1667,59,33
1651,1657,59,33
660,681,59,33
860,864,59,33
635,648,59,33
832,834,59,33
836,843,59,33
1651,1657,59,33
660,681,59,33
860,864,59,33
635,648,59,33
832,834,59,33
836,843,59,33
827,832,59,33
838,841,59,33
660,681,59,33
827,832,59,33
660,681,59,33
832,834,59,33
860,864,59,33
827,832,59,33
827,834,59,33
660,681,59,33
832,834,59,33
860,864,59,33
1651,1657,59,33
832,834,59,33
660,681,59,33
832,834,59,33
860,864,59,33
660,681,59,33
660,681,59,33
827,834,59,33
660,681,59,33
832,834,59,33
660,681,59,33
832,834,59,33
860,864,59,33
1651,1657,59,33
860,864,59,33
660,681,59,33
860,864,59,33
660,681,59,33
860,864,59,33
663,686,59,33
660,681,59,33
827,834,59,33
860,864,59,33
827,834,59,33
660,681,59,33
860,864,59,33
819,888,59,33
827,834,59,33
660,681,59,33
827,834,59,33
860,864,59,33
827,834,59,33
660,681,59,33
832,834,59,33
827,834,59,33
660,681,59,33
860,864,59,33
660,681,59,33
827,834,59,33
600,613,59,33
860,864,59,33
827,834,59,33
660,681,59,33
827,834,59,33
660,681,59,33
628,644,59,33
660,681,59,33
860,864,59,33
660,681,59,33
860,864,59,33
660,681,59,33
860,864,59,33
831,869,59,33
867,873,59,33
1651,1657,59,33
660,681,59,33
860,864,59,33
1613,1628,59,33
660,681,59,33
1613,1628,59,33
860,864,59,33
1651,1657,59,33
1613,1672,59,33
860,864,59,33
1628,1672,59,33
1651,1657,59,33
660,681,59,33
1170,1628,59,33
860,864,59,33
635,648,59,33
660,681,59,33
860,864,59,33
635,648,59,33
1651,1657,59,33
660,681,59,33
860,864,59,33
1651,1657,59,33
660,681,59,33
860,864,59,33
635,648,59,33
1651,1657,59,33
660,681,59,33
860,864,59,33
660,681,59,33
860,864,59,33
860,863,59,33
660,681,59,33
860,864,59,33
1181,1657,59,33
660,681,59,33
660,681,59,33
860,864,59,33
660,681,59,33
660,681,59,33
660,681,59,33
1613,1672,59,33
660,681,59,33
1613,1672,59,33
1170,1672,59,33
867,873,59,33
660,681,59,33
860,864,59,33
1170,1672,59,33
660,681,59,33
860,864,59,33
660,681,59,33
1613,1672,59,33
860,864,59,33
867,873,59,33
660,681,59,33
1613,1672,59,33
860,864,59,33
660,681,59,33
860,864,59,33
660,681,59,33
832,834,59,33
860,864,59,33
609,654,59,33
660,681,59,33
832,834,59,33
860,864,59,33
660,681,59,33
832,834,59,33
860,864,59,33
827,834,59,33
660,681,59,33
860,864,59,33
660,681,59,33
832,834,59,33
860,864,59,33
660,681,59,33
832,834,59,33
860,864,59,33
636,660,59,33
660,681,59,33
860,864,59,33
635,648,59,33
832,834,59,33
836,843,59,33
819,888,59,33
827,834,59,33
660,681,59,33
860,864,59,33
660,681,59,33
836,843,59,33
860,864,59,33
1181,1657,59,33
660,681,59,33
836,843,59,33
860,864,59,33
1181,1657,59,33
827,834,59,33
660,681,59,33
836,843,59,33
860,864,59,33
609,654,59,33
1181,1657,59,33
660,681,59,33
836,843,59,33
860,864,59,33
609,654,59,33
867,873,59,33
660,681,59,33
836,843,59,33
1181,1657,59,33
635,648,59,33
1181,1657,59,33
660,681,59,33
836,843,59,33
860,864,59,33
635,648,59,33
1181,1657,59,33
660,681,59,33
836,843,59,33
860,864,59,33
1181,1657,59,33
660,681,59,33
836,843,59,33
860,864,59,33
660,681,59,33
860,864,59,33
635,648,59,33
1181,1657,59,33
827,834,59,33
836,843,59,33
1181,1657,59,33
660,681,59,33
836,843,59,33
860,864,59,33
1181,1657,59,33
836,843,59,33
860,864,59,33
1181,1657,59,33
867,873,59,33
1181,1657,59,33
827,834,59,33
660,681,59,33
1181,1657,59,33
660,681,59,33
860,864,59,33
1181,1657,59,33
827,834,59,33
867,873,59,33
660,681,59,33
860,864,59,33
1181,1657,59,33
827,834,59,33
867,873,59,33
660,681,59,33
860,864,59,33
1628,1629,59,33
636,660,59,33
660,681,59,33
860,864,59,33
1181,1657,59,33
827,834,59,33
636,660,59,33
660,681,59,33
860,864,59,33
1181,1657,59,33
867,873,59,33
860,864,59,33
636,660,59,33
867,873,59,33
860,864,59,33
1628,1629,59,33
636,660,59,33
660,681,59,33
860,864,59,33
1181,1657,59,33
827,834,59,33
1628,1629,59,33
1181,1657,59,33
860,864,59,33
1181,1657,59,33
660,681,59,33
860,864,59,33
1181,1657,59,33
819,888,59,33
1181,1657,59,33
660,681,59,33
860,864,59,33
860,863,59,33
660,681,59,33
860,864,59,33
860,864,59,33
635,648,59,33
827,834,59,33
827,834,59,33
867,873,59,33
860,864,59,33
827,834,59,33
832,834,59,33
827,834,59,33
832,834,59,33
819,888,59,33
1170,1672,59,33
836,843,59,33
1492,1613,59,33
860,864,59,33
832,834,59,33
836,843,59,33
860,864,59,33
832,834,59,33
836,843,59,33
860,864,59,33
819,888,59,33
636,660,59,33
635,648,59,33
1181,1657,59,33
832,834,59,33
836,843,59,33
636,660,59,33
860,864,59,33
635,648,59,33
1181,1657,59,33
832,834,59,33
836,843,59,33
827,834,59,33
832,834,59,33
836,843,59,33
1181,1657,59,33
827,834,59,33
867,873,59,33
836,843,59,33
860,864,59,33
827,832,59,33
819,888,59,33
867,873,59,33
1181,1657,59,33
832,834,59,33
836,843,59,33
836,843,59,33
860,864,59,33
832,834,59,33
836,843,59,33
1181,1657,59,33
860,863,59,33
660,681,59,33
836,843,59,33
860,863,59,33
660,681,59,33
827,834,59,33
836,843,59,33
1170,1672,59,33
827,834,59,33
660,681,59,33
836,843,59,33
827,834,59,33
660,681,59,33
836,843,59,33
860,864,59,33
827,834,59,33
1492,1678,59,33
836,843,59,33
1170,1672,59,33
827,834,59,33
1492,1678,59,33
836,843,59,33
860,864,59,33
860,864,59,33
867,873,59,33
1629,1667,59,33
1170,1672,59,33
827,834,59,33
836,843,59,33
827,834,59,33
660,681,59,33
1613,1672,59,33
836,843,59,33
860,864,59,33
1628,1629,59,33
836,843,59,33
1613,1672,59,33
860,864,59,33
827,834,59,33
1667,1678,59,33
827,834,59,33
867,873,59,33
660,681,59,33
836,843,59,33
1170,1672,59,33
1181,1657,59,33
836,843,59,33
860,864,59,33
1170,1672,59,33
836,843,59,33
860,864,59,33
1170,1672,59,33
836,843,59,33
860,864,59,33
1170,1672,59,33
836,843,59,33
860,864,59,33
827,834,59,33
660,681,59,33
836,843,59,33
860,864,59,33
836,843,59,33
860,864,59,33
836,843,59,33
860,864,59,33
836,843,59,33
860,864,59,33
635,648,59,33
836,843,59,33
860,864,59,33
635,648,59,33
836,843,59,33
860,864,59,33
836,843,59,33
860,864,59,33
860,863,59,33
836,843,59,33
860,864,59,33
860,863,59,33
660,681,59,33
836,843,59,33
860,864,59,33
860,863,59,33
819,888,59,33
636,660,59,33
660,681,59,33
860,864,59,33
836,843,59,33
860,863,59,33
836,843,59,33
860,864,59,33
1170,1672,59,33
827,834,59,33
836,843,59,33
860,864,59,33
1181,1657,59,33
827,834,59,33
660,681,59,33
836,843,59,33
860,864,59,33
1181,1657,59,33
860,863,59,33
836,843,59,33
860,864,59,33
1181,1657,59,33
827,834,59,33
660,681,59,33
836,843,59,33
860,864,59,33
1181,1657,59,33
860,863,59,33
827,834,59,33
836,843,59,33
860,864,59,33
1181,1657,59,33
860,863,59,33
660,681,59,33
827,834,59,33
836,843,59,33
827,832,59,33
860,863,59,33
660,681,59,33
860,864,59,33
827,834,59,33
836,843,59,33
860,863,59,33
610,626,59,33
1613,1678,59,33
860,864,59,33
1181,1657,59,33
827,834,59,33
1492,1678,59,33
836,843,59,33
860,863,59,33
1613,1678,59,33
867,873,59,33
636,660,59,33
660,681,59,33
1181,1657,59,33
827,834,59,33
1492,1678,59,33
836,843,59,33
819,888,59,33
860,863,59,33
827,834,59,33
836,843,59,33
860,864,59,33
860,863,59,33
867,873,59,33
1628,1667,59,33
836,843,59,33
860,864,59,33
860,863,59,33
867,873,59,33
660,681,59,33
860,864,59,33
1170,1672,59,33
827,834,59,33
644,692,59,33
836,843,59,33
860,863,59,33
1628,1629,59,33
1628,1667,59,33
819,888,59,33
867,873,59,33
660,681,59,33
860,864,59,33
827,834,59,33
836,843,59,33
1628,1667,59,33
819,888,59,33
867,873,59,33
860,864,59,33
836,843,59,33
819,888,59,33
867,873,59,33
1628,1667,59,33
836,843,59,33
860,864,59,33
867,873,59,33
609,654,59,33
836,843,59,33
860,864,59,33
867,873,59,33
836,843,59,33
860,864,59,33
827,834,59,33
867,873,59,33
836,843,59,33
860,864,59,33
827,834,59,33
683,692,59,33
836,843,59,33
860,864,59,33
867,873,59,33
1651,1657,59,33
683,692,59,33
860,864,59,33
660,681,59,33
836,843,59,33
860,864,59,33
1651,1657,59,33
836,843,59,33
607,681,59,33
1651,1657,59,33
683,692,59,33
836,843,59,33
860,864,59,33
819,888,59,33
636,660,59,33
836,843,59,33
860,864,59,33
819,888,59,33
609,654,59,33
836,843,59,33
860,864,59,33
827,834,59,33
831,869,59,33
609,654,59,33
836,843,59,33
860,864,59,33
827,834,59,33
636,660,59,33
609,654,59,33
836,843,59,33
860,864,59,33
827,834,59,33
836,843,59,33
860,864,59,33
836,843,59,33
827,834,59,33
836,843,59,33
867,873,59,33
836,843,59,33
827,832,59,33
827,834,59,33
867,873,59,33
836,843,59,33
860,864,59,33
836,843,59,33
860,864,59,33
832,834,59,33
836,843,59,33
860,864,59,33
1181,1657,59,33
836,860,59,33
613,690,59,33
836,843,59,33
1613,1672,59,33
613,690,59,33
836,843,59,33
860,864,59,33
836,843,59,33
836,843,59,33
860,864,59,33
827,834,59,33
836,843,59,33
860,864,59,33
827,834,59,33
660,681,59,33
836,843,59,33
860,864,59,33
1181,1657,59,33
867,873,59,33
1628,1667,59,33
836,843,59,33
860,864,59,33
635,648,59,33
836,843,59,33
860,864,59,33
827,834,59,33
867,873,59,33
836,843,59,33
827,834,59,33
836,860,59,33
1628,1667,59,33
836,843,59,33
635,648,59,33
836,843,59,33
860,864,59,33
635,648,59,33
836,843,59,33
609,654,59,33
836,843,59,33
1181,1657,59,33
827,834,59,33
836,843,59,33
827,834,59,33
836,843,59,33
836,860,59,33
600,613,59,33
836,843,59,33
600,613,59,33
636,660,59,33
660,681,59,33
836,843,59,33
860,864,59,33
1181,1657,59,33
660,681,59,33
832,834,59,33
836,843,59,33
1628,1629,59,33
836,860,59,33
832,834,59,33
836,843,59,33
1181,1657,59,33
1628,1629,59,33
600,613,59,33
660,681,59,33
860,864,59,33
1170,1672,59,33
832,834,59,33
836,843,59,33
836,860,59,33
1628,1629,59,33
660,681,59,33
860,864,59,33
1181,1657,59,33
827,834,59,33
836,843,59,33
836,860,59,33
660,681,59,33
832,834,59,33
836,843,59,33
600,613,59,33
660,681,59,33
836,843,59,33
1170,1672,59,33
827,834,59,33
636,660,59,33
832,834,59,33
836,843,59,33
1170,1672,59,33
832,834,59,33
836,843,59,33
1628,1629,59,33
636,660,59,33
660,681,59,33
836,843,59,33
609,654,59,33
1628,1667,59,33
660,681,59,33
1170,1672,59,33
1181,1657,59,33
836,843,59,33
1181,1657,59,33
609,654,59,33
836,843,59,33
1629,1667,59,33
635,648,59,33
836,843,59,33
635,648,59,33
1181,1657,59,33
836,843,59,33
832,834,59,33
836,843,59,33
836,843,59,33
819,888,59,33
827,834,59,33
836,843,59,33
860,864,59,33
836,843,59,33
860,864,59,33
836,843,59,33
1628,1629,59,33
827,834,59,33
836,843,59,33
860,864,59,33
819,888,59,33
1613,1672,59,33
860,864,59,33
1170,1672,59,33
827,834,59,33
836,843,59,33
827,834,59,33
831,869,59,33
660,681,59,33
836,843,59,33
1613,1672,59,33
1628,1629,59,33
1181,1657,59,33
827,834,59,33
609,654,59,33
836,843,59,33
1492,1613,59,33
819,888,59,33
636,660,59,33
660,681,59,33
836,843,59,33
609,690,59,33
660,681,59,33
836,843,59,33
1181,1657,59,33
660,681,59,33
836,843,59,33
1181,1657,59,33
660,681,59,33
836,843,59,33
1181,1657,59,33
660,681,59,33
836,843,59,33
860,864,59,33
660,681,59,33
836,843,59,33
609,610,59,33
660,681,59,33
836,843,59,33
860,864,59,33
609,610,59,33
1628,1629,59,33
836,843,59,33
609,610,59,33
613,658,59,33
660,681,59,33
1613,1672,59,33
1181,1657,59,33
836,843,59,33
1492,1613,59,33
1181,1657,59,33
660,681,59,33
836,843,59,33
860,864,59,33
1181,1657,59,33
660,681,59,33
836,843,59,33
860,864,59,33
660,681,59,33
836,843,59,33
827,834,59,33
660,681,59,33
832,834,59,33
836,843,59,33
860,864,59,33
660,681,59,33
836,843,59,33
610,626,59,33
609,654,59,33
819,888,59,33
660,681,59,33
836,843,59,33
806,888,59,33
827,834,59,33
660,681,59,33
836,843,59,33
609,654,59,33
827,834,59,33
867,873,59,33
660,681,59,33
836,843,59,33
827,832,59,33
609,610,59,33
869,873,59,33
613,658,59,33
609,654,59,33
867,873,59,33
660,681,59,33
832,834,59,33
836,843,59,33
860,863,59,33
819,888,59,33
867,873,59,33
660,681,59,33
827,834,59,33
836,843,59,33
1492,1613,59,33
660,681,59,33
836,843,59,33
832,834,59,33
836,843,59,33
1492,1613,59,33
827,834,59,33
832,834,59,33
836,843,59,33
648,660,59,33
1492,1613,59,33
860,863,59,33
1662,1686,59,33
860,864,59,33
1170,1672,59,33
836,843,59,33
1170,1672,59,33
860,863,59,33
827,834,59,33
836,843,59,33
660,681,59,33
836,843,59,33
1613,1672,59,33
1662,1686,59,33
636,660,59,33
660,681,59,33
1628,1667,59,33
836,843,59,33
827,834,59,33
836,843,59,33
819,888,59,33
660,681,59,33
836,843,59,33
860,863,60,34
660,681,60,34
836,843,60,34
660,681,60,34
832,834,60,34
836,843,60,34
660,681,60,34
832,834,60,34
836,843,60,34
860,863,60,34
819,888,60,34
660,681,60,34
1170,1672,60,34
832,834,60,34
836,843,60,34
860,863,60,34
660,681,60,34
1170,1672,60,34
827,834,60,34
832,834,60,34
836,843,60,34
860,863,60,34
660,681,60,34
827,834,60,34
832,834,60,34
836,843,60,34
609,610,60,34
860,863,60,34
660,681,60,34
827,834,60,34
832,834,60,34
836,843,60,34
819,888,60,34
660,681,60,34
860,864,60,34
827,834,60,34
832,834,60,34
836,843,60,34
819,888,60,34
660,681,60,34
860,864,60,34
832,834,60,34
836,843,60,34
609,610,60,34
860,863,60,34
660,681,60,34
860,864,60,34
827,834,60,34
836,843,60,34
660,681,60,34
836,843,60,34
1613,1672,60,34
860,863,60,34
660,681,60,34
836,843,60,34
836,843,60,34
860,863,60,34
660,681,60,34
836,843,60,34
860,864,60,34
819,888,60,34
683,692,60,34
660,681,60,34
836,843,60,34
819,888,60,34
827,834,60,34
660,681,60,34
836,843,60,34
860,864,60,34
600,613,60,34
1628,1667,60,34
660,681,60,34
860,864,60,34
1181,1657,60,34
836,843,60,34
1492,1613,60,34
600,613,60,34
660,681,60,34
836,843,60,34
860,864,60,34
609,654,60,34
1628,1667,60,34
819,888,60,34
660,681,60,34
1181,1657,60,34
836,843,60,34
1181,1657,60,34
860,863,60,34
831,869,60,34
836,843,60,34
1181,1657,60,34
836,843,60,34
1613,1672,60,34
860,864,60,34
1628,1667,60,34
660,681,60,34
1613,1672,60,34
860,864,60,34
1181,1657,60,34
836,843,60,34
1170,1672,60,34
660,681,60,34
836,843,60,34
1170,1672,60,34
867,873,60,34
660,681,60,34
836,843,60,34
860,863,60,34
867,873,60,34
660,681,60,34
836,843,60,34
1629,1667,60,34
827,834,60,34
660,681,60,34
832,834,60,34
836,843,60,34
1629,1667,60,34
827,834,60,34
831,869,60,34
660,681,60,34
836,843,60,34
860,864,60,34
607,681,60,34
831,869,60,34
663,686,60,34
832,834,60,34
836,843,60,34
1613,1672,60,34
860,864,60,34
1181,1657,60,34
827,834,60,34
836,843,60,34
836,843,60,34
860,864,60,34
1181,1657,60,34
827,834,60,34
836,843,60,34
860,864,60,34
827,834,60,34
836,843,60,34
860,864,60,34
1181,1657,60,34
831,869,60,34
836,843,60,34
860,864,60,34
1181,1657,60,34
831,869,60,34
836,843,60,34
860,864,60,34
1181,1657,60,34
1492,1678,60,34
836,843,60,34
607,681,60,34
836,843,60,34
607,681,60,34
819,888,60,34
1613,1672,60,34
1629,1667,60,34
836,843,60,34
827,834,60,34
860,864,60,34
836,843,60,34
607,681,60,34
607,681,60,34
1629,1667,60,34
1181,1657,60,34
827,834,60,34
836,843,60,34
1181,1657,60,34
827,834,60,34
832,834,60,34
836,843,60,34
1181,1657,60,34
827,834,60,34
827,834,60,34
1613,1672,60,34
827,834,60,34
860,864,60,34
827,834,60,34
1629,1667,60,34
832,834,60,34
860,864,60,34
819,888,60,34
860,864,60,34
832,834,60,34
836,843,60,34
1629,1667,60,34
613,658,60,34
860,864,60,34
683,692,60,34
836,843,60,34
660,681,60,34
832,834,60,34
613,658,60,34
827,834,60,34
660,681,60,34
836,843,60,34
1181,1657,60,34
663,686,60,34
660,681,60,34
836,843,60,34
660,681,60,34
836,843,60,34
860,864,60,34
660,681,60,34
613,658,60,34
836,843,60,34
831,869,60,34
1492,1678,60,34
836,843,60,34
836,843,60,34
860,864,60,34
1181,1657,60,34
660,681,60,34
836,843,60,34
832,834,60,34
1628,1667,60,34
660,681,60,34
836,843,60,34
827,834,60,34
836,843,60,34
827,834,60,34
836,843,60,34
860,864,60,34
660,681,60,34
836,843,60,34
860,864,60,34
1170,1672,60,34
660,681,60,34
836,843,60,34
860,864,60,34
609,610,60,34
819,888,60,34
663,686,60,34
867,873,60,34
836,843,60,34
860,864,60,34
827,834,60,34
819,888,60,34
831,869,60,34
660,681,60,34
836,843,60,34
860,864,60,34
1492,1613,60,34
831,869,60,34
1628,1667,60,34
860,864,60,34
1629,1667,60,34
1181,1657,60,34
827,834,60,34
836,843,60,34
827,832,60,34
838,841,60,34
1181,1674,60,34
660,681,60,34
860,864,60,34
1181,1657,60,34
832,834,60,34
836,843,60,34
609,610,60,34
827,832,60,34
1181,1657,60,34
831,869,60,34
1628,1667,60,34
660,681,60,34
860,864,60,34
635,648,60,34
1170,1672,60,34
832,834,60,34
836,843,60,34
827,832,60,34
831,869,60,34
660,681,60,34
860,864,60,34
827,834,60,34
836,843,60,34
1629,1667,60,34
827,832,60,34
860,863,60,34
864,868,60,34
831,869,60,34
1628,1667,60,34
663,686,60,34
660,681,60,34
1613,1672,60,34
1181,1657,60,34
1170,1672,60,34
827,834,60,34
836,843,60,34
853,864,60,34
1181,1674,60,34
663,686,60,34
1170,1672,60,34
1181,1657,60,34
827,834,60,34
836,843,60,34
831,869,60,34
1628,1667,60,34
838,853,60,34
1170,1672,60,34
1181,1657,60,34
832,836,60,34
834,836,60,34
1629,1667,60,34
1170,1672,60,34
1629,1667,60,34
1613,1672,60,34
864,868,60,34
609,610,60,34
1657,1662,60,34
834,860,60,34
1601,1613,60,34
613,658,60,34
1657,1658,60,34
853,863,60,34
1657,1672,60,34
1657,1686,60,34
1492,1613,60,34
831,869,60,34
669,1686,60,34
663,686,60,34
853,863,60,34
660,681,60,34
678,687,60,34
635,698,60,34
1170,1657,60,34
613,690,60,34
836,860,60,34
831,869,60,34
613,658,60,34
669,1686,60,34
609,613,60,34
663,686,60,34
636,660,60,34
660,681,60,34
1657,1672,60,34
831,869,60,34
613,690,60,34
663,681,60,34
669,1686,60,34
683,692,60,34
600,610,60,34
1170,1672,60,34
619,1657,60,34
607,681,60,34
600,613,60,34
669,1686,60,34
646,1657,60,34
605,1657,60,34
619,1657,60,34
836,860,60,34
650,689,60,34
831,869,60,34
669,1686,60,34
602,677,60,34
660,681,60,34
1170,1672,60,34
619,1657,60,34
825,826,60,34
660,681,60,34
674,1657,60,34
836,860,60,34
646,1657,60,34
853,863,60,34
683,692,60,34
660,681,60,34
853,863,60,34
830,834,60,34
860,864,60,34
838,841,60,34
836,860,60,34
830,834,60,34
602,677,60,34
853,863,60,34
660,681,60,34
699,1657,60,34
836,860,60,34
830,834,60,34
609,658,60,34
853,863,60,34
832,834,60,34
836,864,60,34
831,869,60,34
830,834,60,34
853,863,60,34
860,864,60,34
830,834,60,34
836,864,60,34
819,888,60,34
830,834,60,34
609,690,60,34
853,863,60,34
658,690,60,34
609,658,60,34
836,864,60,34
819,888,60,34
830,834,60,34
838,864,60,34
609,690,60,34
660,681,60,34
609,658,60,34
836,864,60,34
609,658,60,34
832,896,60,34
830,847,60,34
863,896,60,34
834,887,60,34
841,887,60,34
819,888,60,34
834,896,60,34
609,690,60,34
658,690,60,34
832,893,60,34
836,864,60,34
609,658,60,34
830,834,60,34
609,690,60,34
853,863,60,34
853,862,60,34
658,690,60,34
1170,1672,60,34
836,864,60,34
609,658,60,34
836,860,60,34
853,862,60,34
807,830,60,34
853,863,60,34
860,864,60,34
807,834,60,34
836,864,60,34
836,860,60,34
809,834,60,34
830,852,60,34
834,897,60,34
609,658,60,34
807,812,60,34
834,886,60,34
887,896,60,34
860,864,60,34
836,864,60,34
658,690,60,34
831,869,60,34
609,658,60,34
860,864,60,34
836,864,60,34
812,821,60,34
812,897,60,34
658,690,60,34
831,869,60,34
1632,1671,60,34
609,658,60,34
860,864,60,34
836,864,60,34
812,821,60,34
812,897,60,34
821,897,60,34
658,690,60,34
862,863,60,34
860,864,60,34
606,615,60,34
812,897,60,34
831,869,60,34
603,621,60,34
860,864,60,34
854,864,60,34
836,864,60,34
812,821,60,34
1108,1644,60,34
603,621,60,34
853,862,60,34
853,863,60,34
860,864,60,34
836,864,60,34
812,821,60,34
1108,1644,60,34
1644,1856,60,34
821,897,60,34
860,864,60,34
603,621,60,34
853,862,60,34
853,863,60,34
862,863,60,34
662,1644,60,34
836,864,60,34
1644,1657,60,34
603,621,60,34
853,862,60,34
853,863,60,34
836,854,60,34
860,864,60,34
819,863,60,34
860,864,60,34
836,860,60,34
1164,1622,60,34
836,864,60,34
853,863,60,34
831,869,60,34
834,836,60,34
854,860,60,34
860,864,60,34
802,860,60,34
1181,1674,60,34
603,621,60,34
853,863,60,34
860,864,60,34
854,860,60,34
834,836,60,34
1181,1651,60,34
832,836,60,34
1181,1674,60,34
860,864,60,34
854,860,60,34
832,834,60,34
812,821,60,34
1108,1144,60,34
838,860,60,34
1181,1651,60,34
854,860,60,34
1651,1674,60,34
1181,1651,60,34
838,860,60,34
831,869,60,34
1181,1674,60,34
867,873,60,34
854,860,60,34
853,863,60,34
1181,1651,60,34
838,860,60,34
1181,1674,60,34
832,834,60,34
867,873,60,34
860,864,60,34
834,836,60,34
838,860,60,34
1181,1651,60,34
1181,1674,60,34
834,836,60,34
860,864,60,34
1181,1651,60,34
1181,1674,60,34
867,873,60,34
860,864,60,34
854,860,60,34
1651,1674,60,34
1181,1651,60,34
838,860,60,34
867,873,60,34
1181,1674,60,34
853,863,60,34
834,836,60,34
1181,1651,60,34
838,860,60,34
860,864,60,34
825,826,60,34
853,863,60,34
855,864,60,34
864,868,60,34
834,836,60,34
819,821,60,34
860,868,60,34
1181,1651,60,34
838,860,60,34
831,869,60,34
853,863,60,34
855,864,60,34
864,868,60,34
1651,1674,60,34
834,836,60,34
841,863,60,34
860,868,60,34
1181,1651,60,34
838,860,60,34
841,863,60,34
1181,1674,60,34
853,863,60,34
855,864,60,34
864,868,60,34
834,836,60,34
1181,1651,60,34
838,860,60,34
860,864,60,34
1181,1674,60,34
853,862,60,34
853,863,60,34
864,868,60,34
834,836,60,34
606,621,60,34
834,836,60,34
864,868,60,34
838,864,60,34
606,621,60,34
1181,1651,60,34
1181,1651,60,34
838,860,60,34
832,836,60,34
825,860,60,34
864,868,60,34
827,860,60,34
834,836,60,34
606,621,60,34
853,863,60,34
834,853,60,34
831,869,60,34
862,863,60,34
834,836,60,34
834,836,60,34
832,836,60,34
1181,1651,60,34
863,868,60,34
864,868,60,34
863,864,60,34
834,836,60,34
606,621,60,34
826,854,60,34
1181,1651,60,34
831,869,60,34
1181,1674,60,34
838,852,60,34
826,836,60,34
834,836,60,34
838,868,60,34
841,864,60,34
836,860,60,34
676,873,60,34
1181,1651,60,34
863,868,60,34
1181,1674,60,34
860,864,60,34
827,834,60,34
832,834,60,34
606,621,60,34
1181,1674,60,34
860,864,60,34
1190,1686,60,34
676,873,60,34
1181,1651,60,34
827,834,60,34
832,834,60,34
827,834,60,34
832,834,60,34
827,832,60,34
827,834,60,34
860,863,60,34
832,834,60,34
827,834,60,34
832,834,60,34
1181,1674,60,34
832,834,60,34
1181,1651,60,34
628,654,60,34
1181,1674,60,34
832,834,60,34
1181,1651,60,34
860,864,60,34
1181,1674,60,34
832,834,60,34
606,621,60,34
1181,1651,60,34
860,863,60,34
1181,1651,60,34
1181,1674,60,34
860,864,60,34
832,834,60,34
606,621,60,34
1181,1651,60,34
628,648,60,34
867,873,60,34
860,864,60,34
832,834,60,34
1190,1686,60,34
621,662,60,34
1181,1674,60,34
860,864,60,34
1651,1674,60,34
860,864,60,34
832,834,60,34
1181,1651,60,34
832,834,60,34
1181,1651,60,34
860,864,60,34
1181,1674,60,34
628,648,60,34
1181,1651,60,34
860,864,60,34
831,869,60,34
1181,1674,60,34
606,621,60,34
1181,1651,60,34
1181,1651,60,34
1181,1674,60,34
669,1686,60,34
860,864,60,34
827,834,60,34
606,621,60,34
669,1686,60,34
606,615,60,34
1190,1686,60,34
1181,1674,60,34
1181,1651,60,34
669,1190,60,34
860,863,60,34
1181,1651,60,34
1181,1674,60,34
669,1686,60,34
860,864,60,34
606,621,60,34
669,1190,60,34
1181,1651,60,34
1190,1686,60,34
1181,1674,60,34
669,1686,60,34
860,864,60,34
606,615,60,34
606,621,60,34
669,1190,60,34
1181,1651,60,34
1181,1674,60,34
669,1686,60,34
860,864,60,34
1651,1674,60,34
832,834,60,34
606,621,60,34
669,1190,60,34
1181,1651,60,34
669,1674,60,34
860,864,60,34
1181,1674,60,34
669,1686,60,34
1190,1686,60,34
1651,1674,60,34
832,834,60,34
606,621,60,34
669,1190,60,34
1181,1651,60,34
860,864,60,34
669,1686,60,34
606,621,60,34
1190,1686,60,34
606,615,60,34
832,834,60,34
836,843,60,34
669,1190,60,34
1181,1674,60,34
669,1686,60,34
1190,1686,60,34
1651,1674,60,34
832,834,60,34
606,621,60,34
669,1190,60,34
1181,1651,60,34
1190,1686,60,34
669,1686,60,34
1651,1674,60,34
860,864,60,34
827,834,60,34
606,615,60,34
832,834,60,34
606,621,60,34
669,1190,60,34
1181,1651,60,34
1190,1686,60,34
1181,1674,60,34
669,1686,60,34
606,621,60,34
860,864,60,34
1651,1674,60,34
606,615,60,34
832,834,60,34
836,843,60,34
669,1190,60,34
669,1686,60,34
606,615,60,34
832,834,60,34
1190,1686,60,34
669,1190,60,34
1181,1651,60,34
1181,1674,60,34
669,1686,60,34
860,864,60,34
1651,1674,60,34
832,834,60,34
606,621,60,34
669,1190,60,34
1181,1651,60,34
1181,1674,60,34
860,864,60,34
1651,1674,60,34
606,615,60,34
832,834,60,34
606,621,60,34
669,1190,60,34
1181,1651,60,34
1181,1674,60,34
606,621,60,34
1651,1674,60,34
606,615,60,34
832,834,60,34
836,843,60,34
669,1190,60,34
1651,1674,60,34
1181,1674,60,34
832,834,60,34
1181,1651,60,34
669,1190,60,34
1181,1651,60,34
1181,1674,60,34
860,864,60,34
1651,1674,60,34
832,834,60,34
669,1190,60,34
1651,1674,60,34
1181,1674,60,34
832,834,60,34
1181,1651,60,34
669,1190,60,34
1181,1651,60,34
1181,1674,60,34
860,864,60,34
1651,1674,60,34
832,834,60,34
669,1190,60,34
1181,1651,60,34
1181,1674,60,34
860,864,60,34
1651,1674,60,34
832,834,60,34
669,1190,60,34
1651,1674,60,34
1181,1674,60,34
836,843,60,34
1181,1651,60,34
669,1190,60,34
860,863,60,34
868,873,60,34
1181,1651,60,34
831,869,60,34
1181,1674,60,34
860,864,60,34
1651,1674,60,34
832,834,60,34
669,1190,60,34
1651,1674,60,34
819,821,60,34
1181,1674,60,34
1181,1651,60,34
669,1190,60,34
860,863,60,34
1181,1651,60,34
1181,1674,60,34
860,864,60,34
1651,1674,60,34
832,834,60,34
819,821,60,34
669,1190,60,34
1181,1651,60,34
831,869,60,34
1181,1674,60,34
1181,1686,60,34
1651,1674,60,34
832,834,60,34
836,843,60,34
669,1190,60,34
1651,1674,60,34
1181,1674,60,34
832,834,60,34
1181,1651,60,34
669,1190,60,34
860,863,60,34
1181,1651,60,34
1181,1674,60,34
1651,1674,60,34
832,834,60,34
669,1190,60,34
1651,1674,60,34
1181,1674,60,34
827,834,60,34
1181,1651,60,34
669,1190,60,34
1651,1674,60,34
1181,1674,60,34
832,834,60,34
1181,1651,60,34
669,1190,60,34
860,863,60,34
1181,1651,60,34
1181,1674,60,34
860,864,60,34
827,834,60,34
1651,1674,60,34
669,1190,60,34
836,860,60,34
1181,1651,60,34
1181,1674,60,34
1651,1674,60,34
827,834,60,34
669,1190,60,34
1651,1674,60,34
1181,1674,60,34
1181,1651,60,34
669,1190,60,34
827,834,60,34
1181,1651,60,34
1181,1674,60,34
1651,1674,60,34
832,834,60,34
669,1190,60,34
1181,1651,60,34
1181,1674,60,34
1148,1686,60,34
1651,1674,60,34
832,834,60,34
669,1190,60,34
1181,1651,60,34
1181,1674,60,34
1651,1674,60,34
832,834,60,34
851,862,60,34
669,1190,60,34
650,677,60,34
1181,1674,60,34
1651,1674,60,34
1181,1651,60,34
669,1190,60,34
1651,1674,60,34
1181,1674,60,34
832,834,60,34
1181,1651,60,34
669,1190,60,34
1181,1651,60,34
1181,1674,60,34
860,864,60,34
1651,1674,60,34
832,834,60,34
669,1190,60,34
1651,1674,60,34
860,864,60,34
1181,1674,60,34
1181,1651,60,34
669,1190,60,34
1651,1674,60,34
860,864,60,34
1181,1674,60,34
1181,1651,60,34
669,1190,60,34
1651,1674,60,34
1181,1674,60,34
1181,1651,60,34
601,821,60,34
1651,1674,60,34
1181,1674,60,34
827,834,60,34
1181,1651,60,34
1651,1674,60,34
860,864,60,34
1181,1674,60,34
851,862,60,34
1181,1651,60,34
827,834,60,34
1181,1674,60,34
1651,1674,60,34
1181,1651,60,34
1181,1674,60,34
1651,1674,60,34
660,681,60,34
1181,1651,60,34
860,863,60,34
1181,1651,60,34
1181,1674,60,34
860,864,60,34
1651,1674,60,34
600,661,60,34
1651,1674,60,34
610,698,60,34
1181,1674,60,34
1181,1651,60,34
1651,1674,60,34
626,698,60,34
1181,1674,60,34
1181,1651,60,34
1651,1674,60,34
860,864,60,34
1181,1674,60,34
1181,1651,60,34
1181,1674,60,34
1651,1674,60,34
836,860,60,34
660,681,60,34
1181,1651,60,34
836,860,60,34
1181,1651,60,34
600,613,60,34
1181,1674,60,34
660,681,60,34
860,864,60,34
1651,1674,60,34
669,1190,60,34
1181,1651,60,34
1181,1674,60,34
626,698,60,34
860,864,60,34
1651,1674,60,34
669,1190,60,34
650,677,60,34
1108,1686,60,34
1181,1651,60,34
1181,1674,60,34
626,698,60,34
1651,1674,60,34
669,1190,60,34
650,677,60,34
836,860,60,34
1181,1651,60,34
1181,1674,60,34
1651,1674,60,34
669,1190,60,34
650,677,60,34
836,860,60,34
1181,1651,60,34
1181,1674,60,34
1651,1674,60,34
600,661,60,34
669,1190,60,34
1108,1686,60,34
1181,1651,60,34
1181,1674,60,34
1651,1674,60,34
600,661,60,34
650,1144,60,34
1651,1674,60,34
1181,1674,60,34
1181,1651,60,34
1651,1674,60,34
1181,1674,60,34
827,834,60,34
1181,1651,60,34
1108,1686,60,34
669,1632,60,34
650,1144,60,34
860,864,60,34
1651,1674,60,34
827,834,60,34
650,1144,60,34
1108,1671,60,34
660,681,60,34
1651,1674,60,34
860,864,60,34
650,1144,60,34
1651,1674,60,34
887,896,60,34
1671,1686,60,34
1632,1671,60,34
650,1144,60,34
650,677,60,34
1651,1674,60,34
1645,1657,60,34
887,896,60,34
860,864,60,34
887,1644,60,34
1651,1674,60,34
669,1190,60,34
1645,1657,60,34
669,1686,60,34
887,896,60,34
860,864,60,34
1651,1674,60,34
669,1190,60,34
888,1662,60,34
1645,1657,60,34
860,864,60,34
867,873,60,34
602,650,60,34
660,681,60,34
1651,1674,60,34
669,1190,60,34
1108,1686,60,34
684,699,60,34
1645,1657,60,34
613,654,60,34
860,864,60,34
646,699,60,34
646,684,60,34
1651,1674,60,34
887,1671,60,34
669,1190,60,34
650,677,60,34
1108,1686,60,34
684,699,60,34
1645,1657,60,34
1632,1671,60,34
646,699,60,34
646,684,60,34
1651,1674,60,34
654,694,60,34
669,1190,60,34
650,677,60,34
1645,1657,60,34
650,1144,60,34
646,699,60,34
646,684,60,34
1651,1674,60,34
654,694,60,34
669,1190,60,34
684,1164,60,34
1645,1657,60,34
677,1144,60,34
646,1657,60,34
646,1645,60,34
646,1164,60,34
1651,1674,60,34
1108,1686,60,34
684,1645,60,34
1645,1657,60,34
650,1144,60,34
646,1645,60,34
646,1164,60,34
654,694,60,34
669,1190,60,34
1645,1657,60,34
684,1164,60,34
677,1144,60,34
650,1144,60,34
646,1657,60,34
646,1645,60,34
650,677,60,34
1645,1657,60,34
1164,1657,60,34
650,1144,60,34
646,1657,60,34
867,873,60,34
646,1164,60,34
646,1164,60,34
677,1144,60,34
1645,1657,60,34
1645,1657,60,34
836,860,60,34
684,1657,60,34
650,1144,60,34
1645,1657,60,34
650,677,60,34
654,694,60,34
650,677,60,34
1645,1657,60,34
831,869,60,34
684,1657,60,34
646,1657,60,34
646,1645,60,34
1164,1657,60,34
1651,1674,60,34
669,1190,60,34
1645,1657,60,34
646,1657,60,34
1164,1645,60,34
860,864,60,34
650,1144,60,34
1164,1657,60,34
684,1622,60,34
860,864,60,34
669,1190,60,34
1645,1657,60,34
650,1632,60,34
860,864,60,34
646,684,60,34
669,1190,60,34
650,1632,60,34
646,684,60,34
669,1190,60,34
669,1686,60,34
1108,1144,60,34
646,684,60,34
1190,1686,60,34
669,1190,60,34
646,684,60,34
860,864,60,34
832,834,60,34
1190,1686,60,34
669,1190,60,34
1190,1686,60,34
867,873,60,34
860,864,60,34
832,834,60,34
654,694,60,34
669,1190,60,34
1649,1674,60,34
860,864,60,34
1190,1686,60,34
827,834,60,34
832,834,60,34
654,694,60,34
669,1190,60,34
860,864,60,34
654,694,60,34
669,1190,60,34
860,863,60,34
662,699,60,34
860,864,60,34
646,684,60,34
827,834,60,34
654,694,60,34
669,1190,60,34
1644,1671,60,34
860,864,60,34
646,684,60,34
827,834,60,34
669,1190,60,34
1645,1657,60,34
860,864,60,34
827,834,60,34
669,1190,60,34
1645,1657,60,34
827,834,60,34
619,1645,60,34
669,1190,60,34
1108,1144,60,34
1645,1657,60,34
860,864,60,34
646,1657,60,34
646,1622,60,34
827,834,60,34
669,1190,60,34
646,1657,60,34
646,1645,60,34
646,1164,60,34
827,834,60,34
646,1657,60,34
646,1645,60,34
860,864,60,34
646,1164,60,34
1108,1144,60,34
646,1622,60,34
1632,1644,60,34
646,1164,60,34
646,1657,60,34
646,1645,60,34
860,864,60,34
1170,1672,60,34
646,1645,60,34
1108,1144,60,34
1645,1657,60,34
677,1856,60,34
860,864,60,34
827,834,60,34
1148,1190,60,34
1645,1657,60,34
677,1644,60,34
831,869,60,34
650,1644,60,34
1632,1644,60,34
646,1657,60,34
860,864,60,34
619,646,60,34
619,1645,60,34
1645,1657,60,34
677,1644,60,34
1108,1144,60,34
619,646,60,34
1632,1644,60,34
1622,1657,60,34
1622,1645,60,34
620,674,60,34
620,684,60,34
1632,1644,60,34
860,864,60,34
867,873,60,34
827,834,60,34
619,1657,60,34
1190,1686,60,34
669,1190,60,34
619,1657,60,34
1644,1671,60,34
620,684,60,34
860,864,60,34
827,834,60,34
668,684,60,34
669,1190,60,34
1108,1144,60,34
620,684,60,34
827,834,60,34
668,684,60,34
832,834,60,34
669,1190,60,34
1622,1645,60,34
1108,1144,60,34
648,683,60,34
860,864,60,34
669,1190,60,34
831,869,60,34
620,674,60,34
620,684,60,34
683,692,60,34
860,864,60,34
827,834,60,34
832,834,60,34
1190,1686,60,34
619,1645,60,34
669,1190,60,34
815,1644,60,34
1108,1144,60,34
1644,1671,60,34
620,684,60,34
860,864,60,34
832,834,60,34
619,1645,60,34
677,674,60,34
1622,1645,60,34
1108,1144,60,34
1644,1671,60,34
620,684,60,34
819,888,60,34
888,895,60,34
860,864,60,34
620,669,60,34
619,1645,60,34
620,684,60,34
677,674,60,34
814,888,60,34
1148,1190,60,34
819,888,60,34
888,895,60,34
620,669,60,34
1651,1674,60,34
832,834,60,34
619,1645,60,34
677,674,60,34
1622,1645,60,34
1644,1856,60,34
620,684,60,34
619,1622,60,34
860,864,60,34
646,1657,60,34
620,669,60,34
1148,1190,60,34
619,1645,60,34
1671,1679,60,34
1632,1679,60,34
868,869,60,34
620,684,60,34
669,684,60,34
620,669,60,34
1190,1686,60,34
1644,1671,60,34
619,1645,60,34
1144,1662,60,34
620,684,60,34
1632,1679,60,34
831,869,60,34
1622,1645,60,34
619,1622,60,34
669,684,60,34
860,864,60,34
620,669,60,34
827,834,60,34
619,1645,60,34
601,689,60,34
831,869,60,34
1632,1679,60,34
620,684,60,34
860,864,60,34
669,684,60,34
667,683,60,34
620,669,60,34
619,1645,60,34
601,689,60,34
860,863,60,34
620,684,60,34
1622,1645,60,34
831,869,60,34
860,864,60,34
644,667,60,34
677,1686,60,34
669,684,60,34
1144,1644,60,34
620,669,60,34
600,661,60,34
628,667,60,34
619,1645,60,34
860,863,60,34
1622,1645,60,34
1190,1632,60,34
1629,1644,60,34
620,669,60,34
827,834,60,34
650,1686,60,34
600,661,60,34
628,667,60,34
619,1645,60,34
669,689,60,34
1622,1645,60,34
1644,1856,60,34
620,684,60,34
619,1622,60,34
819,888,60,34
1144,1644,60,34
669,684,60,34
888,895,60,34
620,669,60,34
628,667,60,34
619,1645,60,34
1644,1856,60,34
644,667,60,34
669,684,60,34
669,689,60,34
1622,1645,60,34
684,1651,60,34
684,689,60,34
1144,1644,60,34
620,669,60,34
600,661,60,34
619,1645,60,34
620,684,60,34
619,1622,60,34
860,864,60,34
663,686,60,34
620,689,60,34
689,1651,60,34
663,686,60,34
1622,1645,60,34
669,1651,60,34
619,1622,60,34
644,667,60,34
626,698,60,34
1108,1671,60,34
684,1651,60,34
1144,1644,60,34
609,682,60,34
860,863,60,34
619,1645,60,34
689,1651,60,34
636,683,60,34
1108,1672,60,34
684,1651,60,34
626,698,60,34
1108,1671,60,34
1613,1671,60,34
684,689,60,34
619,1622,60,34
860,864,60,34
1190,1632,60,34
650,1686,60,34
1671,1672,60,34
620,1686,60,34
619,1645,60,34
831,869,60,34
1628,1667,60,34
626,698,60,34
1108,1644,60,34
628,644,60,34
1622,1645,60,34
609,635,60,34
684,1651,60,34
684,689,60,34
650,1686,60,34
620,1686,60,34
619,1645,60,34
1108,1613,60,34
860,863,60,34
689,1651,60,34
1190,1632,60,34
619,1622,60,34
620,677,60,34
1108,1671,60,34
644,667,60,34
684,1674,60,34
636,683,60,34
1613,1671,60,34
600,613,60,34
626,698,60,34
689,1651,60,34
683,686,60,34
1651,1674,60,34
1622,1645,60,34
609,635,60,34
684,1651,60,34
684,689,60,34
620,1148,60,34
620,1686,60,34
619,1645,60,34
1108,1613,60,34
860,863,60,34
1108,1644,60,34
1170,1644,60,34
663,683,60,34
628,692,60,34
1190,1632,60,34
620,677,60,34
860,864,60,34
1613,1644,60,34
636,683,60,34
689,1674,60,34
663,686,60,34
1613,1671,60,34
1190,1672,60,34
600,613,60,34
626,698,60,34
628,682,60,34
683,686,60,34
1667,1671,60,34
1622,1645,60,34
609,635,60,34
684,1651,60,34
620,1686,60,34
619,1645,60,34
860,863,60,34
689,1651,60,34
619,1622,60,34
1190,1632,60,34
620,677,60,34
860,864,60,34
1170,1667,60,34
689,1674,60,34
682,683,60,34
1644,1856,60,34
600,613,60,34
644,667,60,34
663,681,60,34
628,682,60,34
1622,1645,60,34
609,635,60,34
636,681,60,34
628,683,60,34
681,683,60,34
620,1686,60,34
619,1645,60,34
860,863,60,34
1108,1644,60,34
628,692,60,34
1190,1632,60,34
620,677,60,34
1613,1672,60,34
860,864,60,34
626,698,60,34
609,658,60,34
683,692,60,34
623,681,60,34
832,834,60,34
1108,1644,60,34
620,1686,60,34
1622,1645,60,34
609,635,60,34
600,613,60,34
1148,1686,60,34
628,683,60,34
626,698,60,34
860,863,60,34
619,689,60,34
683,692,60,34
860,864,60,34
1190,1632,60,34
832,834,60,34
860,863,60,34
1108,1644,60,34
684,699,60,34
628,682,60,34
636,681,60,34
609,635,60,34
600,613,60,34
1190,1632,60,34
663,686,60,34
626,698,60,34
620,677,60,34
683,692,60,34
860,864,60,34
619,689,60,34
660,681,60,34
1622,1645,60,34
658,663,60,34
1622,1657,60,34
1108,1644,60,34
1622,1645,60,34
1645,1657,60,34
609,635,60,34
600,613,60,34
1190,1632,60,34
626,698,60,34
860,863,60,34
628,682,60,34
660,681,60,34
860,864,60,34
683,692,60,34
826,838,60,34
1190,1679,60,34
1622,1657,60,34
682,683,60,34
684,699,60,34
601,644,60,34
1644,1856,60,34
1645,1657,60,34
620,674,60,34
1622,1645,60,34
600,613,60,34
1190,1632,60,34
626,698,60,34
620,677,60,34
860,864,60,34
620,665,60,34
1651,1674,60,34
682,683,60,34
684,699,60,34
1644,1856,60,34
600,613,60,34
626,698,60,34
819,888,60,34
667,682,60,34
620,650,60,34
658,663,60,34
1622,1645,60,34
620,674,60,34
620,665,60,34
1657,1671,60,34
1190,1632,60,34
620,677,60,34
860,864,60,34
888,895,60,34
601,644,60,34
650,665,60,34
663,686,60,34
683,692,60,34
667,683,60,34
650,677,60,34
1632,1657,60,34
600,613,60,34
626,698,60,34
819,888,60,34
628,682,60,34
867,873,60,34
620,674,60,34
609,635,60,34
620,665,60,34
1657,1671,60,34
1190,1657,60,34
681,683,60,34
827,832,60,34
1190,1632,60,34
860,864,60,34
888,895,60,34
620,677,60,34
650,665,60,34
663,686,60,34
628,681,60,34
827,834,60,34
650,677,60,34
831,869,60,34
682,683,60,34
1644,1856,60,34
600,613,60,34
626,698,60,34
628,682,60,34
1190,1622,60,34
620,674,60,34
609,635,60,34
620,665,60,34
628,683,60,34
836,860,60,34
1190,1632,60,34
860,864,60,34
620,677,60,34
601,644,60,34
650,665,60,34
1632,1649,60,34
663,686,60,34
867,873,60,34
826,854,60,34
1622,1645,60,34
601,644,60,34
1644,1856,60,34
1164,1645,60,34
609,635,60,34
600,613,60,34
1190,1632,60,34
626,698,60,34
620,677,60,34
660,682,60,34
663,686,60,34
1645,1671,60,34
860,864,60,34
831,860,60,34
860,863,60,34
677,674,60,34
1644,1645,60,34
620,674,60,34
609,635,60,34
1632,1645,60,34
1190,1632,60,34
626,698,60,34
620,677,60,34
663,686,60,34
1108,1644,60,34
660,681,60,34
1190,1645,60,34
864,867,60,34
825,836,60,34
1632,1645,60,34
626,698,60,34
819,888,60,34
620,674,60,34
609,635,60,34
620,665,60,34
827,841,60,34
831,860,60,34
1190,1632,60,34
660,681,60,34
613,828,60,34
852,868,60,34
888,895,60,34
613,855,60,34
1622,1632,60,34
682,683,60,34
626,698,60,34
635,683,60,34
676,873,60,34
648,663,60,34
609,635,60,34
831,860,60,34
1108,1632,60,34
1632,1644,60,34
685,695,60,34
663,686,60,34
1190,1645,60,34
825,866,60,34
663,667,60,34
831,860,60,34
635,663,60,34
1108,1644,60,34
682,683,60,34
600,613,60,34
1632,1644,60,34
609,690,60,34
660,681,60,34
1190,1645,60,34
1108,1632,60,34
626,698,60,34
628,667,60,34
831,860,60,34
628,644,60,34
825,862,60,34
600,613,60,34
1190,1632,60,34
626,698,60,34
838,867,60,34
1632,1644,60,34
1645,1671,60,34
665,674,60,34
1108,1632,60,34
620,674,60,34
628,667,60,34
654,694,60,34
831,860,60,34
858,867,60,34
852,857,60,34
1108,1632,60,34
636,682,60,34
600,613,60,34
626,698,60,34
609,690,60,34
663,686,60,34
1190,1645,60,34
682,858,60,34
628,644,60,34
1644,1671,60,34
626,698,60,34
1108,1644,60,34
1108,1632,60,34
636,682,60,34
620,674,60,34
644,667,60,34
1632,1644,60,34
663,686,60,34
682,858,60,34
628,644,60,34
1632,1644,60,34
1108,1644,60,34
1108,1632,60,34
600,613,60,34
654,681,60,34
644,667,60,34
626,698,60,34
609,690,60,34
683,692,60,34
628,644,60,34
620,674,60,34
1632,1644,60,34
1632,1856,60,34
836,869,60,34
620,674,60,34
600,613,60,34
644,667,60,34
626,698,60,34
663,686,60,34
683,692,60,34
623,690,60,34
628,644,60,34
648,683,60,34
654,694,60,34
1108,1644,60,34
620,674,60,34
600,613,60,34
644,667,60,34
626,698,60,34
609,690,60,34
663,686,60,34
623,690,60,34
648,683,60,34
609,690,60,34
1108,1644,60,34
600,613,60,34
654,694,60,34
626,698,60,34
626,698,60,34
821,896,60,34
600,613,60,34
644,667,60,34
648,692,60,34
609,690,60,34
683,692,60,34
628,644,60,34
620,674,60,34
654,682,60,34
821,896,60,34
620,674,60,34
600,613,60,34
626,698,60,34
609,690,60,34
609,690,60,34
600,613,60,34
821,896,60,34
626,698,60,34
609,690,60,34
620,674,60,34
628,648,60,34
821,896,60,34
609,690,60,34
620,674,60,34
609,690,60,34
838,852,60,34
613,644,60,34
821,896,60,34
609,690,60,34
838,852,60,34
821,896,60,34
609,690,60,34
626,698,60,34
600,613,60,34
628,648,60,34
609,690,60,34
600,613,60,34
628,648,60,34
600,613,60,34
626,698,60,34
880,896,60,34
626,698,60,34
626,698,60,34
676,864,60,34
819,888,60,34
600,613,60,34
628,667,60,34
636,681,60,34
628,667,60,34
626,698,60,34
600,613,60,34
626,698,60,34
609,690,60,34
600,613,60,34
626,698,60,34
609,690,60,34
626,698,60,34
609,690,60,34
626,698,60,34
609,690,60,34
626,698,60,34
609,690,60,34
600,613,60,34
623,690,60,34
626,698,60,34
600,613,60,34
600,613,60,34
623,690,60,34
623,690,60,34
601,623,60,34
626,698,60,34
663,686,60,34
626,698,60,34
601,623,60,34
626,698,60,34
626,698,60,34
626,698,61,35
626,698,61,35
663,686,61,35
609,690,61,35
601,623,61,35
609,690,61,35
626,698,61,35
609,690,61,35
613,644,61,35
626,698,61,35
613,644,61,35
663,686,61,35
609,690,61,35
613,644,61,35
626,698,61,35
613,644,61,35
623,690,61,35
626,698,61,35
613,644,61,35
663,686,61,35
626,698,61,35
609,690,61,35
1645,1671,61,35
600,613,61,35
626,698,61,35
601,623,61,35
626,698,61,35
601,623,61,35
626,698,61,35
1645,1671,61,35
626,698,61,35
601,623,61,35
626,698,61,35
626,698,61,35
626,698,61,35
626,698,61,35
601,623,61,35
601,623,61,35
626,698,61,35
626,698,61,35
626,698,61,35
626,698,61,35
832,834,61,35
626,698,61,35
626,698,61,35
600,613,61,35
600,613,61,35
600,613,61,35
601,623,61,35
626,698,61,35
626,698,61,35
601,623,61,35
613,644,61,35
626,698,61,35
831,860,61,35
613,644,61,35
626,698,61,35
831,860,61,35
601,623,61,35
626,698,61,35
626,698,61,35
663,686,61,35
609,690,61,35
663,686,61,35
626,698,61,35
663,686,61,35
663,686,61,35
626,698,61,35
623,690,61,35
626,698,61,35
623,690,61,35
626,698,61,35
609,690,61,35
663,686,61,35
663,686,61,35
663,686,61,35
626,698,61,35
663,686,61,35
1632,1856,61,35
601,623,61,35
609,690,61,35
626,698,61,35
626,698,61,35
609,690,61,35
609,690,61,35
626,698,61,35
626,698,61,35
626,698,61,35
626,698,61,35
626,698,61,35
626,698,61,35
626,698,61,35
601,623,61,35
601,623,61,35
623,690,61,35
601,623,61,35
855,873,61,35
626,698,61,35
626,698,61,35
855,873,61,35
855,873,61,35
601,623,61,35
613,644,61,35
855,873,61,35
613,644,61,35
601,623,61,35
626,698,61,35
626,698,61,35
601,623,61,35
613,644,61,35
626,698,61,35
628,648,61,35
626,698,61,35
602,665,61,35
828,834,61,35
602,665,61,35
828,834,61,35
828,834,61,35
676,864,61,35
609,690,61,35
628,648,61,35
609,690,61,35
830,834,61,35
626,698,61,35
855,873,61,35
626,698,61,35
828,834,61,35
601,623,61,35
832,834,61,35
609,690,61,35
607,635,61,35
609,690,61,35
623,690,61,35
626,698,61,35
609,690,61,35
626,698,61,35
601,623,61,35
832,834,61,35
609,690,61,35
602,665,61,35
623,690,61,35
601,623,61,35
609,690,61,35
623,690,61,35
602,665,61,35
626,698,61,35
857,869,61,35
602,665,61,35
857,869,61,35
628,667,61,35
663,686,61,35
601,623,61,35
628,667,61,35
601,623,61,35
628,667,61,35
623,690,61,35
609,690,61,35
636,681,61,35
628,667,61,35
609,690,61,35
626,698,61,35
623,690,61,35
626,698,61,35
623,690,61,35
626,698,61,35
623,690,61,35
626,698,61,35
626,698,61,35
609,690,61,35
620,674,61,35
827,841,61,35
807,889,61,35
827,841,61,35
600,613,61,35
609,690,61,35
663,686,61,35
600,613,61,35
626,698,61,35
687,689,61,35
600,613,61,35
606,687,61,35
623,690,61,35
628,667,61,35
600,613,61,35
626,698,61,35
623,690,61,35
606,646,61,35
668,687,61,35
600,613,61,35
623,690,61,35
626,698,61,35
600,613,61,35
620,674,61,35
606,687,61,35
668,687,61,35
626,698,61,35
606,687,61,35
620,674,61,35
600,613,61,35
626,698,61,35
620,674,61,35
606,687,61,35
626,698,61,35
813,825,61,35
620,674,61,35
606,687,61,35
623,690,61,35
626,698,61,35
620,674,61,35
623,690,61,35
626,698,61,35
626,698,61,35
620,674,61,35
600,613,61,35
609,690,61,35
620,646,61,35
620,674,61,35
626,698,61,35
609,690,61,35
620,674,61,35
626,698,61,35
621,825,61,35
620,674,61,35
626,698,61,35
626,698,61,35
609,690,61,35
620,674,61,35
1632,1856,61,35
626,698,61,35
606,621,61,35
626,698,61,35
606,620,61,35
606,621,61,35
626,698,61,35
606,621,61,35
626,698,61,35
620,621,61,35
626,698,61,35
606,621,61,35
626,698,61,35
626,698,61,35
626,698,61,35
626,698,61,35
626,698,61,35
600,613,61,35
626,698,61,35
606,621,61,35
609,690,61,35
606,621,61,35
609,690,61,35
606,621,61,35
626,698,61,35
609,690,61,35
609,690,61,35
626,698,61,35
609,690,61,35
620,674,61,35
628,667,61,35
620,674,61,35
626,698,61,35
620,674,61,35
626,698,61,35
606,620,61,35
668,687,61,35
621,674,61,35
626,698,61,35
663,686,61,35
663,686,61,35
663,686,61,35
626,698,61,35
1164,1679,61,35
663,686,61,35
626,698,61,35
663,686,61,35
1632,1671,61,35
663,686,61,35
663,686,61,35
626,698,61,35
663,686,61,35
663,686,61,35
663,686,61,35
626,698,61,35
663,686,61,35
663,686,61,35
623,690,61,35
663,686,61,35
623,690,61,35
663,686,61,35
1645,1671,61,35
623,690,61,35
663,686,61,35
1645,1671,61,35
663,686,61,35
1645,1671,61,35
663,686,61,35
1645,1671,61,35
663,686,61,35
663,686,61,35
663,686,61,35
626,698,61,35
663,686,61,35
683,692,61,35
623,690,61,35
663,686,61,35
683,692,61,35
601,623,61,35
663,686,61,35
663,686,61,35
663,686,61,35
600,613,61,35
663,686,61,35
600,613,61,35
626,698,61,35
663,686,61,35
600,613,61,35
626,698,61,35
613,644,61,35
635,660,61,35
600,613,61,35
626,698,61,35
663,686,61,35
635,660,61,35
613,644,61,35
600,613,61,35
663,686,61,35
600,613,61,35
663,686,61,35
609,690,61,35
663,686,61,35
663,686,61,35
663,686,61,35
663,686,61,35
613,644,61,35
600,613,61,35
609,690,61,35
663,686,61,35
1645,1671,61,35
626,698,61,35
609,690,61,35
663,686,61,35
623,690,61,35
663,686,61,35
623,690,61,35
663,686,61,35
609,690,61,35
663,686,61,35
628,648,61,35
663,686,61,35
663,686,61,35
663,686,61,35
623,690,61,35
609,690,61,35
663,686,61,35
623,690,61,35
663,686,61,35
663,686,61,35
663,686,61,35
663,686,61,35
663,686,61,35
1645,1671,61,35
663,686,61,35
663,686,61,35
663,686,61,35
663,686,61,35
663,686,61,35
663,686,61,35
663,686,61,35
663,686,61,35
663,686,61,35
601,623,61,35
663,686,61,35
663,686,61,35
663,686,61,35
663,686,61,35
663,686,61,35
663,686,61,35
663,686,61,35
606,689,61,35
1645,1671,61,35
663,686,61,35
606,689,61,35
1645,1671,61,35
663,686,61,35
606,621,61,35
600,613,61,35
663,686,61,35
1645,1671,61,35
606,689,61,35
606,689,61,35
663,686,61,35
606,621,61,35
621,689,61,35
606,689,61,35
663,686,61,35
663,686,61,35
621,689,61,35
606,689,61,35
1645,1671,61,35
606,621,61,35
600,613,61,35
606,689,61,35
663,686,61,35
1645,1671,61,35
606,621,61,35
606,689,61,35
1645,1671,61,35
663,686,61,35
663,686,61,35
1645,1671,61,35
663,686,61,35
663,686,61,35
626,698,61,35
621,689,61,35
663,686,61,35
606,621,61,35
606,689,61,35
621,689,61,35
663,686,61,35
628,667,61,35
621,689,61,35
663,686,61,35
606,621,61,35
606,689,61,35
663,686,61,35
663,686,61,35
606,689,61,35
623,690,61,35
683,692,61,35
663,686,61,35
606,689,61,35
609,690,61,35
606,689,61,35
663,686,61,35
609,690,61,35
663,686,61,35
1645,1671,61,35
663,686,61,35
1645,1671,61,35
663,686,61,35
1645,1671,61,35
628,667,61,35
663,686,61,35
628,667,61,35
663,686,61,35
628,667,61,35
663,686,61,35
613,644,61,35
663,686,61,35
663,686,61,35
663,686,61,35
663,686,61,35
663,686,61,35
1645,1671,61,35
663,686,61,35
1645,1671,61,35
1164,1660,61,35
663,686,61,35
1645,1671,61,35
600,613,61,35
663,686,61,35
621,689,61,35
621,689,61,35
663,686,61,35
1645,1671,61,35
649,689,61,35
687,689,61,35
621,689,61,35
663,686,61,35
1645,1671,61,35
687,689,61,35
663,686,61,35
1645,1671,61,35
649,689,61,35
606,689,61,35
663,686,61,35
649,689,61,35
687,689,61,35
663,686,61,35
1645,1671,61,35
649,689,61,35
687,689,61,35
606,649,61,35
607,635,61,35
663,686,61,35
1645,1671,61,35
649,689,61,35
687,689,61,35
606,687,61,35
649,687,61,35
621,687,61,35
663,686,61,35
687,689,61,35
663,686,61,35
621,687,61,35
663,686,61,35
601,660,61,35
621,687,61,35
663,686,61,35
621,689,61,35
606,689,61,35
601,660,61,35
687,689,61,35
613,644,61,35
621,687,61,35
663,686,61,35
606,689,61,35
649,689,61,35
601,660,61,35
606,621,61,35
613,644,61,35
663,686,61,35
1645,1671,61,35
649,689,61,35
601,660,61,35
687,689,61,35
613,644,61,35
663,686,61,35
1645,1671,61,35
649,689,61,35
621,649,61,35
606,621,61,35
613,644,61,35
621,687,61,35
663,686,61,35
1645,1671,61,35
687,689,61,35
613,644,61,35
663,686,61,35
1645,1671,61,35
649,689,61,35
687,689,61,35
663,686,61,35
613,644,61,35
621,649,61,35
663,686,61,35
621,687,61,35
601,660,61,35
663,686,61,35
623,690,61,35
649,689,61,35
601,660,61,35
621,687,61,35
621,689,61,35
663,686,61,35
649,689,61,35
621,649,61,35
606,621,61,35
613,644,61,35
606,649,61,35
663,686,61,35
1645,1671,61,35
649,689,61,35
613,644,61,35
663,686,61,35
649,689,61,35
606,621,61,35
687,689,61,35
663,686,61,35
687,689,61,35
649,689,61,35
663,686,61,35
687,689,61,35
613,644,61,35
663,686,61,35
609,690,61,35
663,686,61,35
621,687,61,35
602,665,61,35
621,687,61,35
609,690,61,35
663,686,61,35
623,690,61,35
602,665,61,35
609,690,62,36
600,613,62,36
663,686,62,36
623,690,62,36
609,690,62,36
663,686,62,36
623,690,62,36
609,690,62,36
663,686,62,36
623,690,62,36
609,690,62,36
663,686,62,36
623,690,62,36
663,686,62,36
623,690,62,36
663,686,62,36
621,687,62,36
609,690,62,36
663,686,62,36
623,690,62,36
609,690,62,36
663,686,62,36
621,687,62,36
623,690,62,36
609,690,62,36
663,686,62,36
621,687,62,36
623,690,62,36
815,893,62,36
1645,1671,62,36
623,690,62,36
813,862,62,36
663,686,62,36
824,880,62,36
813,862,62,36
1164,1649,62,36
663,686,62,36
1164,1622,62,36
1632,1645,62,36
1645,1671,62,36
600,613,62,36
1164,1622,62,36
1108,1645,62,36
807,821,62,36
807,815,62,36
600,613,62,36
1108,1632,62,36
1645,1671,62,36
1108,1645,62,36
600,613,62,36
880,887,62,36
601,807,62,36
807,828,62,36
606,662,62,36
832,834,62,36
606,619,62,36
661,698,62,36
815,821,62,36
600,613,62,36
606,619,62,36
1108,1671,62,36
817,847,62,36
613,644,62,36
600,613,62,36
880,887,62,36
817,823,62,36
1164,1622,62,36
606,621,62,36
815,827,62,36
613,644,62,36
827,896,62,36
663,686,62,36
661,866,62,36
1632,1649,62,36
628,648,62,36
807,880,62,36
660,866,62,36
827,898,62,36
827,828,62,36
1164,1622,62,36
827,828,62,36
628,648,62,36
600,613,62,36
1170,1672,62,36
827,834,62,36
1164,1622,62,36
609,660,62,36
817,847,62,36
1622,1657,62,36
699,1657,62,36
815,898,62,36
684,826,62,36
661,834,62,36
681,817,62,36
1170,1672,62,36
654,694,62,36
1622,1657,62,36
619,1645,62,36
684,826,62,36
1164,1657,62,36
1170,1613,62,36
1164,1622,62,36
880,896,62,36
887,896,62,36
681,690,62,36
1632,1672,62,36
1492,1678,62,36
654,694,62,36
1622,1657,62,36
661,847,62,36
684,826,62,36
600,613,62,36
603,678,62,36
609,613,62,36
603,1649,62,36
628,681,62,36
1164,1657,62,36
678,1649,62,36
1632,1672,62,36
880,887,62,36
1164,1622,62,36
1622,1657,62,36
661,847,62,36
635,827,62,36
628,682,62,36
600,613,62,36
658,827,62,36
880,887,62,36
635,807,62,36
628,681,62,36
1164,1657,62,36
669,1657,62,36
684,699,62,36
1632,1672,62,36
1164,1622,62,36
1613,1686,62,36
1170,1856,62,36
1622,1657,62,36
644,681,62,36
684,699,62,36
1170,1632,62,36
692,866,62,36
620,1644,62,36
880,887,62,36
613,628,62,36
636,692,62,36
683,827,62,36
1170,1672,62,36
661,817,62,36
628,644,62,36
827,828,62,36
1164,1622,62,36
600,628,62,36
1632,1686,62,36
1170,1613,62,36
620,1644,62,36
600,613,62,36
880,887,62,36
815,880,62,36
1164,1622,62,36
654,694,62,36
1108,1645,62,36
635,690,62,36
880,887,62,36
609,690,62,36
1108,1671,62,36
1645,1671,62,36
1632,1672,62,36
644,683,62,36
684,699,62,36
635,690,62,36
815,896,62,36
1170,1613,62,36
880,887,62,36
1645,1671,62,36
684,691,62,36
1674,1856,62,36
1657,1672,62,36
1632,1672,62,36
1667,1674,62,36
609,635,62,36
684,699,62,36
613,683,62,36
628,661,62,36
603,678,62,36
699,1674,62,36
684,1674,62,36
1632,1672,62,36
1622,1657,62,36
613,683,62,36
1164,1657,62,36
600,613,62,36
613,654,62,36
684,1674,62,36
609,824,62,36
684,699,62,36
603,678,62,36
1190,1686,62,36
654,683,62,36
828,830,62,36
815,896,62,36
603,1649,62,36
817,823,62,36
654,692,62,36
609,824,62,36
684,699,62,36
635,690,62,36
815,896,62,36
603,678,62,36
1632,1672,62,36
661,690,62,36
609,824,62,36
648,824,62,36
684,699,62,36
635,690,62,36
815,896,62,36
1632,1672,62,36
609,824,62,36
1618,1686,62,36
684,699,62,36
815,896,62,36
635,690,62,36
648,821,62,36
817,823,62,36
603,1649,62,36
1164,1657,62,36
1667,1686,62,36
635,661,62,36
815,896,62,36
635,690,62,36
1164,1657,62,36
603,678,62,36
603,1649,62,36
678,1649,62,36
1618,1667,62,36
684,699,62,36
635,661,62,36
815,896,62,36
635,690,62,36
1164,1657,62,36
661,690,62,36
694,896,62,36
635,694,62,36
821,889,62,36
628,663,62,36
694,898,62,36
684,699,62,36
694,815,62,36
815,896,62,36
880,887,62,36
1164,1657,62,36
896,898,62,36
815,898,62,36
815,887,62,36
815,898,62,36
1164,1657,62,36
880,887,62,36
817,821,62,36
683,692,62,36
1164,1657,62,36
603,1649,62,36
678,1649,62,36
635,661,62,36
1164,1657,62,36
609,635,62,36
648,821,62,36
661,667,62,36
880,896,62,36
648,817,62,36
603,1649,62,36
609,635,62,36
635,690,62,36
648,896,62,36
1164,1657,62,36
628,663,62,36
609,690,62,36
880,896,62,36
654,663,62,36
648,815,62,36
603,1649,62,36
628,663,62,36
635,690,62,36
609,635,62,36
1164,1657,62,36
880,887,62,36
654,663,62,36
628,654,62,36
628,663,62,36
824,880,62,36
1164,1657,62,36
880,887,62,36
628,654,62,36
628,667,62,36
609,824,62,36
681,694,62,36
880,898,62,36
880,887,62,36
603,1649,62,36
628,654,62,36
628,667,62,36
609,824,62,36
880,898,62,36
880,887,62,36
654,663,62,36
896,898,62,36
609,824,62,36
880,898,62,36
880,887,62,36
887,896,62,36
635,648,62,36
896,898,62,36
661,686,62,36
609,824,62,36
635,690,62,36
648,896,62,36
681,694,62,36
603,1649,62,36
628,698,62,36
609,824,62,36
880,887,62,36
609,824,62,36
635,654,62,36
609,824,62,36
681,692,62,36
663,667,62,36
609,824,62,36
648,663,62,36
661,686,62,36
609,824,62,36
648,663,62,36
814,819,62,36
1190,1644,62,36
609,824,62,36
648,663,62,36
880,887,62,36
681,682,62,36
880,896,62,36
663,698,62,36
667,681,62,36
609,824,62,36
667,681,62,36
663,698,62,36
600,613,62,36
667,681,62,36
654,690,62,36
663,698,62,36
661,686,62,36
600,613,62,36
654,690,62,36
609,654,62,36
648,683,62,36
667,681,62,36
600,613,62,36
654,694,62,36
654,694,62,36
648,683,62,36
667,681,62,36
636,681,62,36
1644,1856,62,36
663,686,62,36
1644,1856,62,36
667,681,62,36
667,681,62,36
667,681,62,36
667,681,62,36
1632,1667,62,36
667,681,62,36
1644,1667,62,36
1164,1657,62,36
807,889,62,36
1164,1657,62,36
1164,1657,62,36
600,613,62,36
600,613,62,36
1164,1657,62,36
1164,1657,62,36
654,694,62,36
1164,1657,62,36
600,683,62,36
1164,1657,62,36
1644,1856,62,36
1164,1657,62,36
1164,1657,62,36
1644,1856,62,36
1164,1657,62,36
1644,1856,62,36
1164,1657,62,36
1622,1657,62,36
1164,1657,62,36
1164,1657,62,36
1644,1856,62,36
648,683,62,36
1164,1657,62,36
1644,1856,62,36
1164,1657,62,36
1164,1657,62,36
1164,1657,62,36
1164,1657,62,36
1164,1657,62,36
807,881,62,36
692,694,62,36
609,690,62,36
807,881,62,36
1644,1856,62,36
807,881,62,36
807,881,62,36
807,881,62,36
1644,1856,62,36
807,881,62,36
1644,1856,62,36
600,613,62,36
1644,1856,62,36
609,690,62,36
600,613,62,36
600,613,62,36
600,613,62,36
609,690,62,36
807,881,62,36
600,613,62,36
1644,1856,62,36
600,613,62,36
1644,1856,62,36
654,694,62,36
600,613,62,36
807,881,62,36
600,692,62,36
600,613,62,36
1644,1856,62,36
609,690,62,36
600,613,62,36
600,613,62,36
807,881,62,36
609,690,62,36
1644,1856,62,36
600,613,62,36
654,694,62,36
636,681,62,36
654,694,62,36
654,694,62,36
609,690,62,36
654,694,62,36
1164,1657,62,36
609,690,62,36
807,881,62,36
628,644,62,36
628,644,62,36
663,686,62,36
636,681,62,36
636,681,62,36
636,681,62,36
1622,1657,62,36
636,681,62,36
609,690,62,36
654,694,62,36
609,690,62,36
619,689,62,36
1164,1657,62,36
636,681,62,36
1164,1657,62,36
1164,1622,62,36
1622,1657,62,36
1164,1657,62,36
1164,1622,62,36
1622,1657,62,36
1164,1657,62,36
1164,1622,62,36
1622,1657,62,36
1164,1657,62,36
692,694,62,36
1622,1657,62,36
1622,1657,62,36
1622,1657,62,36
1164,1657,62,36
1164,1622,62,36
1622,1657,62,36
1164,1657,62,36
1164,1622,62,36
1164,1657,62,36
636,681,62,36
636,681,62,36
1645,1671,62,36
1622,1657,62,36
803,849,62,36
1622,1657,62,36
1164,1657,62,36
1645,1671,62,36
823,847,62,36
817,823,62,36
1645,1674,62,36
1164,1622,62,36
817,847,62,36
1657,1674,62,36
1622,1657,62,36
636,681,62,36
824,880,62,36
1164,1657,62,36
1164,1674,62,36
1622,1674,62,36
1164,1622,62,36
1622,1657,62,36
1164,1657,62,36
817,847,62,36
1148,1674,62,36
1148,1674,62,36
1148,1674,62,36
692,694,62,36
824,889,62,36
692,694,62,36
654,694,62,36
648,683,62,36
654,694,62,36
815,891,62,36
648,683,62,36
815,891,62,36
648,683,62,36
887,891,62,36
815,891,62,36
815,891,62,36
815,891,62,36
636,681,62,36
609,690,62,36
815,891,62,36
648,683,62,36
815,891,62,36
636,681,62,36
1658,1674,62,36
815,896,62,36
636,681,62,36
815,891,62,36
1658,1674,62,36
815,896,62,36
1164,1657,62,36
648,683,62,36
1164,1657,62,36
1658,1674,62,36
613,692,62,36
1164,1657,62,36
815,880,62,36
1164,1657,62,36
636,681,62,36
620,674,62,36
815,880,62,36
648,683,62,36
613,692,62,36
654,694,62,36
815,891,62,36
654,694,62,36
636,681,62,36
636,681,62,36
654,694,62,36
636,681,62,36
1144,1658,62,36
1144,1658,62,36
648,683,62,36
636,681,62,36
1144,1658,62,36
648,683,62,36
654,694,62,36
636,681,62,36
692,694,62,36
1164,1622,62,36
636,681,62,36
1164,1657,62,36
1164,1622,62,36
1164,1657,62,36
1622,1657,62,36
636,681,62,36
1164,1622,62,36
1622,1657,62,36
1164,1657,62,36
654,694,62,36
636,681,62,36
648,683,62,36
1164,1657,62,36
1144,1662,62,36
648,683,62,36
1164,1657,62,36
1622,1657,62,36
648,683,62,36
648,683,62,36
880,896,62,36
1651,1674,62,36
636,681,62,36
1144,1658,62,36
1644,1658,62,36
1144,1658,62,36
1164,1622,62,36
1644,1658,62,36
880,896,62,36
1144,1658,62,36
1644,1658,62,36
1662,1856,62,36
1144,1658,62,36
1164,1622,62,36
1644,1658,62,36
1164,1622,62,36
1144,1658,62,36
1164,1622,62,36
1144,1662,62,36
1144,1658,62,36
1644,1658,62,36
887,896,62,36
1622,1657,62,36
1164,1662,62,36
1622,1657,62,36
689,827,62,36
1164,1662,62,36
887,896,62,36
1144,1658,62,36
887,896,62,36
648,683,62,36
636,681,62,36
1164,1662,62,36
1622,1657,62,36
887,896,62,36
1622,1657,62,36
689,827,62,36
887,896,62,36
1622,1657,62,36
689,827,62,36
1164,1662,62,36
815,891,62,36
1622,1657,62,36
1164,1644,62,36
1164,1662,62,36
1622,1657,62,36
1164,1662,62,36
1622,1657,62,36
1622,1657,62,36
815,891,62,36
1622,1657,62,36
1622,1657,62,36
815,891,62,36
1622,1657,62,36
600,648,62,36
654,694,62,36
815,891,62,36
1622,1657,62,36
815,891,62,36
1622,1657,62,36
1622,1657,62,36
1622,1657,62,36
635,661,62,36
1622,1657,62,36
636,681,62,36
1622,1657,62,36
636,681,62,36
648,683,62,36
1622,1657,62,36
1622,1657,62,36
648,683,62,36
1622,1657,62,36
692,694,62,36
663,686,62,36
1622,1657,62,36
1622,1657,62,36
1622,1657,62,36
648,683,62,36
1622,1657,62,36
648,683,62,36
1622,1657,62,36
1622,1657,62,36
1622,1657,62,36
1622,1657,62,36
609,690,62,36
1622,1657,62,36
648,683,62,36
609,690,62,36
1622,1657,62,36
609,690,62,36
1622,1657,62,36
648,683,62,36
1144,1658,62,36
648,683,62,36
1622,1657,62,36
609,690,62,36
648,683,62,36
1622,1657,62,36
636,681,62,36
1144,1658,62,36
648,683,62,36
1622,1657,62,36
1622,1657,62,36
1144,1658,62,36
1622,1657,62,36
1622,1657,62,36
1622,1657,62,36
1622,1657,62,36
1622,1657,62,36
1622,1657,63,37
1622,1657,63,37
1622,1657,63,37
1622,1657,63,37
636,681,63,37
1622,1657,63,37
667,681,63,37
1622,1657,63,37
600,648,63,37
1644,1856,63,37
1622,1657,63,37
648,683,63,37
1622,1657,63,37
1644,1856,63,37
1622,1657,63,37
648,683,63,37
692,694,63,37
648,683,63,37
1622,1657,63,37
648,683,63,37
1622,1657,63,37
648,683,63,37
1622,1657,63,37
692,694,63,37
648,683,63,37
1622,1657,63,37
1644,1856,63,37
648,683,63,37
1622,1657,63,37
648,683,63,37
1622,1657,63,37
648,683,63,37
1622,1657,63,37
1644,1856,63,37
648,683,63,37
1622,1657,63,37
815,891,63,37
648,683,63,37
1622,1657,63,37
815,891,63,37
648,683,63,37
1622,1657,63,37
815,891,63,37
648,683,63,37
1622,1657,63,37
815,891,63,37
648,683,63,37
1622,1657,63,37
1644,1856,63,37
648,683,63,37
636,681,63,37
1622,1657,63,37
1622,1657,63,37
667,681,63,37
667,681,63,37
636,681,63,37
648,683,63,37
1622,1657,63,37
1622,1657,63,37
1622,1657,63,37
1622,1657,63,37
1622,1657,63,37
1622,1657,63,37
1622,1657,63,37
648,683,63,37
648,683,63,37
1622,1657,63,37
1622,1657,63,37
1622,1657,63,37
648,683,63,37
1622,1657,63,37
815,891,63,37
1622,1657,63,37
648,683,63,37
1622,1657,63,37
1622,1657,63,37
1622,1657,63,37
620,674,63,37
1622,1657,63,37
609,690,63,37
1622,1657,63,37
667,681,63,37
636,681,63,37
635,661,63,37
1622,1657,63,37
636,681,63,37
1622,1657,63,37
1622,1657,63,37
815,891,63,37
1622,1657,63,37
613,654,63,37
815,891,63,37
1622,1657,63,37
1622,1657,63,37
686,690,63,37
600,613,63,37
654,694,63,37
1622,1657,63,37
600,613,63,37
609,690,63,37
1622,1657,63,37
600,613,63,37
1622,1657,63,37
600,613,63,37
1622,1657,63,37
600,613,63,37
609,690,63,37
1164,1657,63,37
1622,1657,63,37
600,648,63,37
600,613,63,37
609,690,63,37
1658,1856,63,37
1622,1657,63,37
600,613,63,37
815,891,63,37
1658,1856,63,37
1622,1657,63,37
600,613,63,37
1622,1657,63,37
600,613,63,37
620,669,63,37
1622,1657,63,37
1622,1657,63,37
636,681,63,37
815,891,63,37
1622,1657,63,37
600,613,63,37
891,898,63,37
636,681,63,37
1622,1657,63,37
1644,1671,63,37
815,898,63,37
1622,1657,63,37
1622,1657,63,37
815,898,63,37
1622,1657,63,37
1164,1657,63,37
815,898,63,37
815,891,63,37
1622,1657,63,37
1164,1657,63,37
1622,1657,63,37
609,690,63,37
1622,1657,63,37
1657,1671,63,37
1622,1657,63,37
1632,1657,63,37
1622,1657,63,37
1622,1657,63,37
1164,1657,63,37
1622,1657,63,37
1622,1657,63,37
1164,1657,63,37
1622,1657,63,37
1622,1657,63,37
1164,1657,63,37
648,683,63,37
667,681,63,37
1622,1657,63,37
831,860,63,37
648,683,63,37
1622,1657,63,37
815,891,63,37
1622,1657,63,37
815,891,63,37
1622,1657,63,37
667,681,63,37
648,683,63,37
1657,1671,63,37
648,683,63,37
667,681,63,37
815,891,63,37
648,683,63,37
1622,1657,63,37
667,681,63,37
1632,1657,63,37
667,681,63,37
1632,1657,63,37
648,683,63,37
667,681,63,37
600,613,63,37
663,686,63,37
648,683,63,37
667,681,63,37
663,686,63,37
635,661,63,37
1622,1657,63,37
667,681,63,37
600,613,63,37
654,694,63,37
1622,1657,63,37
600,648,63,37
635,661,63,37
600,613,63,37
636,681,63,37
654,692,63,37
600,683,63,37
667,681,63,37
654,683,63,37
1622,1657,63,37
681,692,63,37
1632,1657,63,37
648,683,63,37
1622,1657,63,37
681,694,63,37
1622,1657,63,37
681,694,63,37
635,682,63,37
1622,1657,63,37
681,694,63,37
635,636,63,37
1622,1657,63,37
681,694,63,37
1622,1657,63,37
658,661,63,37
1622,1657,63,37
1622,1657,63,37
814,881,63,37
654,694,63,37
1622,1657,63,37
814,881,63,37
609,613,63,37
654,681,63,37
635,636,63,37
609,866,63,37
1622,1657,63,37
814,881,63,37
601,623,63,37
1622,1657,63,37
1622,1657,63,37
658,661,63,37
1622,1657,63,37
654,694,63,37
1622,1657,63,37
1622,1657,63,37
600,613,63,37
648,690,63,37
661,667,63,37
1622,1657,63,37
600,613,63,37
1622,1657,63,37
1622,1657,63,37
1622,1657,63,37
1164,1662,63,37
1622,1657,63,37
1144,1658,63,37
1622,1657,63,37
1622,1657,63,37
1164,1657,63,37
1622,1657,63,37
1164,1657,63,37
1622,1657,63,37
1164,1657,63,37
1622,1657,63,37
1164,1657,63,37
1622,1657,63,37
1622,1657,63,37
1622,1657,63,37
648,661,63,37
1622,1657,63,37
1164,1657,63,37
1622,1657,63,37
648,661,63,37
1622,1657,63,37
1164,1657,63,37
648,661,63,37
682,1667,63,37
1622,1657,63,37
648,661,63,37
1622,1657,63,37
1622,1657,63,37
1622,1657,63,37
1622,1657,63,37
1622,1657,63,37
1622,1657,63,37
1622,1657,63,37
1622,1657,63,37
1622,1657,63,37
1622,1657,63,37
609,623,63,37
1164,1662,63,37
1164,1662,63,37
1164,1662,63,37
1164,1662,63,37
1164,1662,63,37
1190,1632,63,37
1622,1657,63,37
1632,1671,63,37
1622,1657,63,37
1622,1657,63,37
1622,1657,63,37
1657,1671,63,37
1657,1671,63,37
1622,1657,63,37
1622,1657,63,37
1657,1671,63,37
1657,1671,63,37
1622,1657,63,37
1622,1657,63,37
1622,1657,63,37
1657,1671,63,37
1622,1657,63,37
1657,1671,63,37
1622,1657,63,37
1657,1671,63,37
1622,1657,63,37
1657,1671,63,37
1622,1657,63,37
1657,1671,63,37
1622,1657,63,37
1657,1671,63,37
1622,1657,63,37
1657,1671,63,37
1644,1856,63,37
1190,1644,63,37
1657,1671,63,37
1657,1671,63,37
1622,1657,63,37
1657,1671,63,37
1622,1657,63,37
1164,1644,63,37
1657,1671,63,37
1622,1657,63,37
1632,1856,63,37
1657,1671,63,37
1622,1657,63,37
1622,1657,63,37
1657,1671,63,37
1622,1657,63,37
1632,1856,63,37
1632,1856,63,37
1657,1671,63,37
1632,1856,63,37
1164,1662,63,37
1657,1671,63,37
607,623,63,37
1644,1856,63,37
1622,1657,63,37
1644,1856,63,37
1622,1657,63,37
1644,1856,63,37
1622,1657,63,37
1622,1657,63,37
1622,1657,63,37
1622,1657,63,37
1622,1657,63,37
1644,1856,63,37
1622,1657,63,37
1622,1657,63,37
1622,1657,63,37
1164,1662,63,37
1657,1671,63,37
1657,1671,63,37
1622,1657,63,37
1622,1657,63,37
1164,1662,63,37
1622,1657,63,37
1622,1657,63,37
1657,1671,63,37
1622,1657,63,37
1622,1657,63,37
1632,1644,63,37
1622,1657,63,37
1632,1644,63,37
1657,1671,63,37
600,613,63,37
1164,1662,63,37
1164,1662,63,37
1622,1657,63,37
1657,1671,63,37
1657,1671,63,37
1622,1657,63,37
1657,1671,63,37
1644,1671,63,37
1657,1671,63,37
1190,1644,63,37
1164,1644,63,37
1657,1671,63,37
1657,1671,63,37
1657,1671,63,37
1622,1657,63,37
1622,1657,63,37
1622,1657,63,37
1657,1671,63,37
1622,1657,63,37
1657,1671,63,37
1622,1657,63,37
1657,1671,63,37
1622,1657,63,37
1657,1671,63,37
1622,1657,63,37
1657,1671,63,37
1622,1657,63,37
1164,1662,63,37
1644,1856,63,37
1622,1657,63,37
1622,1657,63,37
1657,1671,63,37
1622,1657,63,37
1657,1671,63,37
1622,1657,63,37
1657,1671,63,37
607,623,63,37
609,623,63,37
1622,1657,63,37
609,623,63,37
1622,1657,63,37
1657,1671,63,37
1622,1657,63,37
1657,1671,63,37
1622,1657,63,37
1657,1671,63,37
1657,1671,63,37
1622,1657,63,37
1657,1671,63,37
1622,1657,63,37
1622,1657,63,37
1622,1657,63,37
1622,1657,63,37
1164,1622,63,37
1657,1658,63,37
1164,1657,63,37
1657,1662,63,37
1164,1657,63,37
1644,1856,63,37
1644,1856,63,37
1657,1662,63,37
1164,1657,63,37
1164,1657,63,37
1644,1856,63,37
1164,1657,63,37
601,648,63,37
1644,1671,63,37
609,623,63,37
1644,1856,63,37
600,613,63,37
600,613,63,37
600,613,63,37
600,613,63,37
600,613,63,37
815,891,63,37
815,891,63,37
1170,1644,100,38
1181,1651,100,38
600,1164,100,38
600,1164,100,38
620,677,100,38
620,677,100,38
620,677,100,38
669,677,100,38
609,613,100,38
600,658,100,38
600,658,100,38
669,677,100,38
600,658,100,38
669,677,100,38
665,677,100,38
620,669,100,38
600,658,100,38
669,677,100,38
600,613,100,38
600,658,100,38
669,677,100,38
620,669,100,38
600,658,100,38
669,677,100,38
600,658,100,38
600,658,100,38
635,648,100,38
600,658,100,38
600,658,100,38
1622,1672,100,38
648,683,100,38
600,658,100,38
648,683,100,38
635,651,100,38
831,860,100,38
605,860,100,38
605,831,100,38
831,860,100,38
600,658,100,38
883,886,100,38
806,886,100,38
606,615,100,38
1632,1856,100,38
600,658,100,38
883,886,100,38
806,886,100,38
606,615,100,38
1492,1678,100,38
600,658,100,38
883,886,100,38
883,886,100,38
1632,1856,100,38
683,692,100,38
600,658,100,38
609,613,100,38
1632,1856,100,38
600,658,100,38
1181,1622,100,38
609,613,100,38
1632,1856,100,38
896,897,100,38
663,686,100,38
663,686,100,38
807,860,100,38
1632,1856,100,38
686,696,100,38
1190,1686,100,38
807,860,100,38
609,613,100,38
807,821,100,38
806,821,100,38
609,613,100,38
1190,1686,100,38
1618,1628,100,38
806,821,100,38
600,658,100,38
822,884,100,38
686,696,100,38
806,821,100,38
609,613,100,38
1190,1686,100,38
1190,1679,100,38
1632,1856,100,38
686,696,100,38
806,821,100,38
635,648,100,38
1632,1856,100,38
686,696,100,38
1190,1686,100,38
617,641,100,38
635,648,100,38
609,613,100,38
1632,1856,100,38
686,696,100,38
600,658,100,38
666,661,100,38
686,696,100,38
609,613,100,38
1658,1674,100,38
686,696,100,38
1618,1628,100,38
666,661,100,38
600,658,100,38
609,613,100,38
1618,1628,100,38
666,661,100,38
686,696,100,38
1618,1628,100,38
666,661,100,38
831,860,100,38
1618,1628,100,38
627,635,100,38
1618,1628,100,38
666,661,100,38
600,658,100,38
1618,1628,100,38
666,661,100,38
612,678,100,38
666,661,100,38
660,661,100,38
683,692,100,38
1618,1628,100,38
1170,1672,100,38
1618,1628,100,38
666,661,100,38
1170,1672,100,38
1618,1628,100,38
1170,1672,100,38
1618,1628,100,38
1170,1672,100,38
1618,1628,100,38
1170,1672,100,38
1618,1628,100,38
648,666,100,38
623,652,100,38
1170,1672,100,38
1618,1628,100,38
623,652,100,38
1170,1672,100,38
1618,1628,100,38
1170,1672,100,38
609,613,100,38
1618,1628,100,38
1190,1686,100,38
1170,1672,100,38
1618,1628,100,38
609,613,100,38
1170,1672,100,38
609,613,100,38
609,613,100,38
609,613,100,38
600,658,100,38
627,635,100,38
609,613,100,38
627,635,100,38
600,658,100,38
609,613,100,38
1618,1628,100,38
1170,1672,100,38
609,613,100,38
1618,1628,100,38
1170,1672,100,38
609,613,100,38
1618,1628,100,38
609,613,100,38
612,678,100,38
1170,1672,100,38
1618,1628,100,38
656,682,100,38
1618,1628,100,38
1170,1672,100,38
1618,1628,100,38
1170,1672,100,38
1170,1672,100,38
1618,1628,100,38
1190,1686,100,38
1170,1672,101,39
1618,1628,101,39
1170,1672,101,39
612,678,101,39
628,694,101,39
1170,1672,101,39
1632,1856,101,39
612,678,101,39
1170,1672,101,39
623,652,101,39
1170,1672,101,39
1618,1628,101,39
1170,1672,101,39
1618,1628,101,39
1170,1672,101,39
1170,1672,101,39
1170,1672,101,39
612,678,101,39
1190,1686,101,39
1190,1686,101,39
1170,1672,101,39
1618,1628,101,39
1190,1686,101,39
1170,1672,101,39
1170,1672,101,39
1632,1856,101,39
1618,1628,101,39
1190,1686,101,39
1170,1672,101,39
1170,1672,101,39
1632,1856,101,39
1170,1672,101,39
1181,1622,101,39
628,694,101,39
1181,1645,101,39
1181,1622,101,39
1618,1628,101,39
1190,1686,101,39
1170,1672,101,39
1181,1622,101,39
1170,1672,101,39
1190,1686,101,39
1618,1628,101,39
1181,1622,101,39
1170,1672,101,39
628,694,101,39
1632,1856,101,39
1181,1622,101,39
1190,1686,101,39
1170,1672,101,39
1181,1622,101,39
628,694,101,39
1618,1628,101,39
1170,1672,101,39
1181,1622,101,39
1181,1622,101,39
1181,1622,101,39
609,613,101,39
1181,1622,101,39
609,613,101,39
1181,1622,101,39
609,613,101,39
612,678,101,39
1181,1622,101,39
609,613,101,39
612,678,101,39
1181,1622,101,39
609,613,101,39
1613,1672,101,39
1181,1622,101,39
609,613,101,39
683,692,101,39
1492,1672,101,39
1170,1672,101,39
1181,1622,101,39
609,613,101,39
1170,1672,101,39
1181,1622,101,39
609,613,101,39
1190,1686,101,39
1181,1622,101,39
612,678,101,39
609,613,101,39
1190,1686,101,39
1170,1672,101,39
612,678,101,39
1181,1622,101,39
609,613,101,39
1170,1672,101,39
1181,1622,101,39
609,613,101,39
1170,1672,101,39
600,658,101,39
1181,1622,101,39
609,613,101,39
1613,1672,101,39
1170,1672,101,39
1181,1622,101,39
1170,1672,101,39
1613,1672,101,39
1181,1622,101,39
1613,1672,101,39
1170,1672,101,39
1181,1622,101,39
1170,1672,101,39
600,658,101,39
1613,1672,101,39
600,658,101,39
1181,1622,101,39
609,613,101,39
1170,1672,101,39
612,678,101,39
627,635,101,39
1181,1622,101,39
1613,1672,101,39
1170,1672,101,39
612,678,101,39
627,635,101,39
1181,1622,101,39
1613,1672,101,39
1170,1672,101,39
600,658,101,39
612,678,101,39
627,635,101,39
1181,1622,101,39
1613,1672,101,39
1170,1672,101,39
600,658,101,39
612,678,101,39
627,635,101,39
1181,1622,101,39
1613,1672,101,39
600,658,101,39
600,658,101,39
627,635,101,39
1181,1622,101,39
609,613,101,39
1613,1672,101,39
1181,1622,101,39
612,678,101,39
1613,1672,101,39
627,635,101,39
627,635,101,39
1181,1622,101,39
609,613,101,39
612,678,101,39
627,635,101,39
1181,1622,101,39
1613,1672,101,39
627,635,101,39
1181,1622,101,39
1618,1628,101,39
1613,1672,101,39
612,678,101,39
627,635,101,39
1181,1622,101,39
1618,1628,101,39
1181,1622,101,39
609,613,101,39
600,658,101,39
1181,1622,101,39
609,613,101,39
1170,1672,101,39
813,864,101,39
600,658,101,39
1181,1622,101,39
609,613,101,39
1170,1672,101,39
1181,1622,101,39
1170,1672,101,39
1613,1672,101,39
1181,1622,101,39
1170,1672,101,39
1181,1622,101,39
609,613,101,39
1170,1672,101,39
1181,1622,101,39
609,613,101,39
1170,1672,101,39
1613,1672,101,39
1181,1622,101,39
1613,1672,101,39
1170,1672,101,39
1492,1613,101,39
1181,1622,101,39
1170,1672,101,39
1613,1672,101,39
1181,1622,101,39
1170,1672,101,39
1618,1628,101,39
1613,1672,101,39
807,889,101,39
612,678,101,39
660,692,101,39
1181,1622,101,39
1613,1672,101,39
1170,1672,101,39
1492,1613,101,39
1181,1622,101,39
600,658,101,39
1613,1672,101,39
1170,1672,101,39
1181,1622,101,39
1170,1672,101,39
600,658,101,39
1613,1672,101,39
1181,1622,101,39
1170,1672,101,39
627,635,101,39
600,658,101,39
656,682,101,39
1181,1622,101,39
683,692,101,39
1618,1628,101,39
1170,1672,101,39
1181,1622,101,39
627,635,101,39
683,692,101,39
1170,1672,101,39
627,635,101,39
1181,1622,101,39
683,692,101,39
1618,1628,101,39
1170,1672,101,39
612,678,101,39
627,635,101,39
1181,1622,101,39
609,613,101,39
683,692,101,39
1170,1672,101,39
1181,1622,101,39
609,613,101,39
627,635,101,39
1170,1672,101,39
627,635,101,39
1181,1622,101,39
609,613,101,39
683,692,101,39
1618,1628,101,39
1170,1672,101,39
656,682,101,39
627,635,101,39
1181,1622,101,39
609,613,101,39
1618,1628,101,39
1170,1672,101,39
1181,1622,101,39
609,613,101,39
627,635,101,39
1170,1672,101,39
660,692,101,39
627,635,101,39
1181,1622,101,39
609,613,101,39
1170,1672,101,39
1181,1622,101,39
609,613,101,39
627,635,101,39
1170,1672,101,39
1181,1622,101,39
609,613,101,39
627,635,101,39
612,678,101,39
1181,1622,101,39
607,636,101,39
1181,1622,101,39
609,613,101,39
1181,1622,101,39
609,613,101,39
627,635,101,39
1181,1622,101,39
609,613,101,39
663,661,101,39
627,635,101,39
1181,1622,101,39
609,613,101,39
683,692,101,39
1181,1622,101,39
609,613,101,39
660,692,101,39
663,661,101,39
607,636,101,39
1181,1622,101,39
609,613,101,39
1170,1672,101,39
623,652,101,39
1181,1622,101,39
609,613,101,39
1613,1672,101,39
1181,1622,101,39
609,613,101,39
1170,1672,101,39
1170,1672,101,39
609,613,101,39
1613,1672,101,39
1181,1622,101,39
609,613,101,39
1613,1672,101,39
1170,1672,101,39
612,678,101,39
1181,1622,101,39
609,613,101,39
1613,1672,101,39
1170,1672,101,39
1181,1622,101,39
1170,1672,101,39
612,678,101,39
1613,1672,101,39
1181,1622,101,39
1170,1672,101,39
612,678,101,39
656,682,101,39
1181,1622,101,39
1170,1672,101,39
1613,1672,101,39
1170,1672,101,39
1613,1672,101,39
1170,1672,101,39
1613,1672,101,39
1170,1672,101,39
627,635,101,39
612,678,101,39
1613,1672,101,39
612,678,101,39
627,635,101,39
609,613,101,39
1170,1672,101,39
627,635,101,39
609,613,101,39
1613,1672,101,39
1170,1672,101,39
627,635,101,39
1181,1622,101,39
609,613,101,39
1170,1672,101,39
1181,1622,101,39
1170,1672,101,39
1181,1622,101,39
1170,1672,101,39
609,613,101,39
627,635,101,39
1181,1622,101,39
609,613,101,39
1170,1672,101,39
627,635,101,39
1181,1622,101,39
609,613,101,39
1170,1672,101,39
1181,1622,101,39
627,635,101,39
1170,1672,101,39
1181,1622,101,39
1170,1672,101,39
600,613,101,39
612,678,101,39
1181,1622,101,39
1170,1672,101,39
686,696,101,39
612,678,101,39
686,696,101,39
1181,1622,101,39
1170,1672,101,39
1181,1622,101,39
609,613,101,39
612,678,101,39
1170,1672,101,39
1181,1622,101,39
1170,1672,101,39
1181,1622,101,39
1170,1672,101,39
1181,1622,101,39
1170,1672,101,39
1181,1622,101,39
1618,1628,101,39
1181,1622,101,39
612,678,101,39
612,678,101,39
830,834,101,39
1181,1622,101,39
609,613,101,39
1181,1622,101,39
830,834,101,39
830,834,101,39
1181,1622,101,39
1170,1672,101,39
1181,1622,101,39
612,678,101,39
609,613,101,39
1170,1672,101,39
1181,1622,101,39
1170,1672,101,39
609,613,101,39
612,678,101,39
1181,1622,101,39
609,613,101,39
1170,1672,101,39
612,678,101,39
1181,1622,101,39
609,613,101,39
1170,1672,101,39
1181,1622,101,39
1170,1672,101,39
1181,1622,101,39
627,635,101,39
1181,1622,101,39
1170,1672,101,39
1181,1622,101,39
1170,1672,101,39
1181,1622,101,39
1170,1672,101,39
663,661,101,39
1181,1622,101,39
1170,1672,101,39
612,678,101,39
1613,1672,101,39
607,636,101,39
635,696,101,39
1181,1622,101,39
1613,1672,101,39
1170,1672,101,39
635,696,101,39
1181,1622,101,39
830,834,101,39
1170,1672,101,39
1181,1622,101,39
1170,1672,101,39
607,636,101,39
607,636,101,39
612,678,101,39
1181,1622,101,39
1613,1672,101,39
1170,1672,101,39
1181,1622,101,39
1613,1672,101,39
1170,1672,101,39
1181,1622,101,39
1170,1672,101,39
1613,1672,101,39
1181,1622,101,39
1170,1672,101,39
1613,1672,101,39
1181,1622,101,39
1170,1672,101,39
827,828,101,39
1613,1672,101,39
1181,1622,101,39
609,613,101,39
827,828,101,39
1170,1672,101,39
607,636,101,39
825,868,101,39
1181,1622,101,39
609,613,101,39
1618,1628,101,39
1613,1672,101,39
1170,1672,101,39
612,678,101,39
1181,1622,101,39
609,613,101,39
1618,1628,101,39
1613,1672,101,39
1170,1672,101,39
1632,1658,101,39
656,682,101,39
1181,1622,101,39
609,613,101,39
867,873,101,39
683,692,101,39
1170,1672,101,39
1181,1622,101,39
609,613,101,39
656,682,101,39
1170,1672,101,39
616,681,101,39
1181,1622,101,39
656,682,101,39
1170,1672,101,39
612,678,101,39
1181,1622,101,39
609,613,101,39
1170,1672,101,39
832,834,101,39
656,682,101,39
1181,1622,101,39
609,613,101,39
656,682,101,39
1170,1672,101,39
832,834,101,39
826,832,101,39
1181,1622,101,39
609,613,101,39
1618,1628,101,39
1190,1686,101,39
1170,1672,101,39
1181,1622,101,39
1170,1672,101,39
1190,1686,101,39
609,613,101,39
826,832,101,39
627,635,101,39
1181,1622,101,39
609,613,101,39
1170,1672,101,39
1181,1622,101,39
609,613,101,39
1170,1672,101,39
612,678,101,39
826,832,101,39
1181,1622,101,39
609,613,101,39
1170,1672,101,39
832,834,101,39
1181,1622,101,39
832,834,101,39
826,832,101,39
1181,1622,101,39
826,832,101,39
832,834,101,39
612,678,101,39
826,832,101,39
1181,1622,101,39
609,613,101,39
1170,1672,101,39
612,678,101,39
826,832,101,39
1181,1622,101,39
609,613,101,39
1170,1672,101,39
832,834,101,39
612,678,101,39
1181,1622,101,39
609,613,101,39
826,832,101,39
1170,1672,101,39
832,834,101,39
1181,1622,101,39
826,832,101,39
609,613,101,39
1170,1672,101,39
1190,1686,101,39
612,678,101,39
825,836,101,39
826,832,101,39
1181,1622,101,39
609,613,101,39
1613,1672,101,39
1190,1686,101,39
1170,1672,101,39
1181,1622,101,39
609,613,101,39
612,678,101,39
1613,1672,101,39
1170,1672,101,39
1181,1622,101,39
826,832,101,39
1613,1672,101,39
1170,1672,101,39
1181,1622,101,39
826,832,101,39
612,678,101,39
1170,1672,101,39
831,860,101,39
826,832,101,39
1181,1622,101,39
612,678,101,39
1170,1672,101,39
831,860,101,39
836,860,101,39
1181,1622,101,39
1613,1672,101,39
1170,1672,101,39
826,832,101,39
1181,1622,101,39
1618,1628,101,39
1613,1672,101,39
1170,1672,101,39
832,860,101,39
1181,1622,101,39
1170,1672,101,39
851,860,101,39
826,836,101,39
836,843,101,39
1181,1622,101,39
1170,1672,101,39
612,678,101,39
1181,1622,101,39
826,832,101,39
612,678,101,39
1170,1672,101,39
1181,1622,101,39
1170,1672,101,39
851,860,101,39
612,678,101,39
1613,1672,101,39
1181,1622,101,39
1170,1672,101,39
851,860,101,39
612,678,101,39
1181,1622,101,39
609,613,101,39
683,692,101,39
851,860,101,39
1170,1672,101,39
1181,1622,101,39
851,860,101,39
683,692,101,39
1170,1672,101,39
1181,1622,101,39
663,686,101,39
683,692,101,39
612,678,101,39
612,678,101,39
1181,1622,101,39
663,686,101,39
683,692,101,39
1613,1672,101,39
1170,1672,101,39
836,854,101,39
851,860,101,39
612,678,101,39
1181,1622,101,39
1618,1628,101,39
1170,1672,101,39
600,658,101,39
1181,1622,101,39
851,860,101,39
612,678,101,39
609,613,101,39
1170,1672,101,39
612,678,101,39
1181,1622,101,39
609,613,101,39
1170,1672,101,39
827,828,101,39
656,682,101,39
1181,1622,101,39
1170,1672,101,39
851,860,101,39
827,828,101,39
612,678,101,39
851,860,101,39
612,678,101,39
1181,1622,101,39
609,613,101,39
1170,1672,101,39
827,828,101,39
600,658,101,39
1181,1622,101,39
851,860,101,39
600,658,101,39
826,832,101,39
616,681,101,39
609,613,101,39
1170,1672,101,39
827,828,101,39
851,860,101,39
612,678,101,39
1181,1622,101,39
609,613,101,39
663,686,101,39
1170,1672,101,39
600,658,101,39
1181,1622,101,39
1170,1672,101,39
851,860,101,39
612,678,101,39
600,658,101,39
1181,1622,101,39
851,860,101,39
612,678,101,39
1170,1672,101,39
600,658,101,39
1181,1622,101,39
1170,1672,101,39
851,860,101,39
600,658,101,39
1181,1622,101,39
612,678,101,39
851,860,101,39
1618,1628,101,39
600,658,101,39
1181,1622,101,39
1170,1672,101,39
851,860,101,39
600,658,101,39
616,681,101,39
1181,1622,101,39
600,658,101,39
1170,1672,101,39
616,681,101,39
1181,1622,101,39
1618,1667,101,39
600,658,101,39
1170,1672,101,39
1181,1622,101,39
851,860,101,39
616,681,101,39
660,681,101,39
1613,1672,101,39
1170,1672,101,39
1181,1622,101,39
1170,1672,101,39
851,860,101,39
1618,1628,101,39
600,658,101,39
1181,1622,101,39
1170,1672,101,39
851,860,101,39
600,658,101,39
1181,1622,101,39
851,860,101,39
612,678,101,39
1170,1672,101,39
1181,1622,101,39
851,860,101,39
612,678,101,39
1170,1672,101,39
1181,1622,101,39
1170,1672,101,39
851,860,101,39
612,678,101,39
600,658,101,39
612,678,101,39
1181,1622,101,39
1618,1628,101,39
1170,1672,101,39
600,658,101,39
1181,1622,101,39
600,658,101,39
1170,1672,101,39
1618,1628,101,39
616,681,101,39
851,860,101,39
600,658,101,39
660,692,101,39
1181,1622,101,39
1613,1672,101,39
1170,1672,101,39
1170,1672,101,39
851,860,101,39
612,678,101,39
1190,1686,101,39
1181,1622,101,39
1613,1672,101,39
826,832,101,39
600,658,101,39
851,860,101,39
600,658,101,39
826,832,101,39
1181,1622,101,39
1618,1628,101,39
1613,1672,101,39
1170,1672,101,39
612,678,101,39
612,678,101,39
616,681,101,39
1181,1622,101,39
1618,1628,101,39
1170,1672,101,39
612,678,101,39
616,681,101,39
627,635,101,39
1181,1622,101,39
609,613,101,39
683,692,101,39
1618,1628,101,39
1170,1672,101,39
1181,1622,101,39
851,860,101,39
612,678,101,39
627,635,101,39
616,681,101,39
609,613,101,39
1618,1628,101,39
1613,1672,101,39
826,832,101,39
607,636,101,39
1181,1622,101,39
612,678,101,39
627,635,101,39
616,681,101,39
609,613,101,39
683,692,101,39
1618,1628,101,39
1613,1672,101,39
1170,1672,101,39
616,681,101,39
851,860,101,39
612,678,101,39
627,635,101,39
1181,1622,101,39
609,613,101,39
1618,1628,101,39
1613,1672,101,39
1170,1672,101,39
1181,1622,101,39
851,860,101,39
612,678,101,39
627,635,101,39
616,681,101,39
609,613,101,39
1618,1628,101,39
1170,1672,101,39
1181,1622,101,39
851,860,101,39
612,678,101,39
826,832,101,39
627,635,101,39
616,681,101,39
609,613,101,39
1181,1622,101,39
851,860,101,39
612,678,101,39
627,635,101,39
616,681,101,39
609,613,101,39
1618,1628,101,39
1613,1672,101,39
851,860,101,39
612,678,101,39
627,635,101,39
1181,1622,101,39
609,613,101,39
1618,1628,101,39
851,860,101,39
612,678,101,39
1181,1622,101,39
1618,1628,101,39
1613,1672,101,39
1170,1672,101,39
851,860,101,39
612,678,101,39
826,832,101,39
1181,1622,101,39
609,613,101,39
1618,1628,101,39
1613,1672,101,39
1170,1672,101,39
851,860,101,39
612,678,101,39
826,832,101,39
1181,1622,101,39
609,613,101,39
1618,1628,101,39
656,682,101,39
1181,1622,101,39
612,678,101,39
826,832,101,39
616,681,101,39
609,613,101,39
1170,1672,101,39
1181,1622,101,39
612,678,101,39
616,681,101,39
609,613,101,39
1618,1628,101,39
1170,1672,101,39
827,828,101,39
612,678,101,39
826,832,101,39
627,635,101,39
1181,1622,101,39
683,692,101,39
1170,1672,101,39
612,678,101,39
826,832,101,39
1181,1622,101,39
609,613,101,39
683,692,101,39
1618,1628,101,39
1613,1672,101,39
1170,1672,101,39
660,681,101,39
1181,1622,101,39
612,678,101,39
616,681,101,39
609,613,101,39
683,692,101,39
660,681,101,39
612,678,101,39
627,635,101,39
1181,1622,101,39
1618,1628,101,39
1170,1672,101,39
1181,1622,101,39
1492,1613,101,39
1618,1628,101,39
612,678,101,39
1181,1622,101,39
609,613,101,39
1618,1628,101,39
1170,1672,101,39
612,678,101,39
1181,1622,101,39
609,613,101,39
683,692,101,39
1170,1672,101,39
851,860,101,39
612,678,101,39
1181,1622,101,39
683,692,101,39
1618,1628,101,39
1170,1672,101,39
1181,1622,101,39
851,860,101,39
1618,1628,101,39
612,678,101,39
616,681,101,39
1181,1622,101,39
851,860,101,39
1618,1628,101,39
1181,1622,101,39
851,860,101,39
616,681,101,39
1618,1628,101,39
851,860,101,39
612,678,101,39
826,832,101,39
1181,1622,101,39
1618,1628,101,39
1170,1672,101,39
1181,1622,101,39
851,860,101,39
612,678,101,39
616,681,101,39
1618,1628,101,39
1170,1672,101,39
1181,1622,101,39
851,860,101,39
612,678,101,39
616,681,101,39
1618,1628,101,39
1613,1672,101,39
1170,1672,101,39
851,860,101,39
1181,1622,101,39
609,613,101,39
1618,1628,101,39
851,860,101,39
1181,1622,101,39
683,692,101,39
1618,1628,101,39
1170,1672,101,39
1181,1622,101,39
851,860,101,39
612,678,101,39
616,681,101,39
683,692,101,39
1618,1628,101,39
1170,1672,101,39
851,860,101,39
612,678,101,39
1181,1622,101,39
683,692,101,39
1618,1628,101,39
1170,1672,101,39
851,860,101,39
612,678,101,39
1181,1622,101,39
1618,1628,101,39
1181,1622,101,39
851,860,101,39
612,678,101,39
627,635,101,39
616,681,101,39
683,692,101,39
1618,1628,101,39
827,828,101,39
851,860,101,39
612,678,101,39
627,635,101,39
1181,1622,101,39
1618,1628,101,39
1170,1672,101,39
851,860,101,39
612,678,101,39
627,635,101,39
1181,1622,101,39
1618,1628,101,39
851,860,101,39
612,678,101,39
627,635,101,39
1181,1622,101,39
1618,1628,101,39
1181,1622,101,39
851,860,101,39
612,678,101,39
627,635,101,39
616,681,101,39
683,692,101,39
1170,1672,101,39
1181,1622,101,39
851,860,101,39
612,678,101,39
627,635,101,39
616,681,101,39
683,692,101,39
1170,1672,101,39
1181,1622,101,39
851,860,101,39
612,678,101,39
616,681,101,39
1618,1628,101,39
1613,1672,101,39
1190,1686,101,39
1170,1672,101,39
1181,1622,101,39
851,860,101,39
612,678,101,39
616,681,101,39
1618,1628,101,39
1190,1686,101,39
1170,1672,101,39
851,860,101,39
612,678,101,39
627,635,101,39
1181,1622,101,39
1618,1628,101,39
1170,1672,101,39
1181,1622,101,39
851,860,101,39
612,678,101,39
627,635,101,39
616,681,101,39
1618,1628,101,39
1170,1672,101,39
612,678,101,39
627,635,101,39
1181,1622,101,39
1618,1628,101,39
1170,1672,101,39
612,678,101,39
627,635,101,39
1181,1622,101,39
1618,1628,101,39
1170,1672,101,39
1181,1622,101,39
1170,1672,101,39
1618,1628,101,39
1613,1672,101,39
656,682,101,39
1181,1622,101,39
1618,1628,101,39
1170,1672,101,39
612,678,101,39
612,678,101,39
1181,1622,101,39
1618,1628,101,39
1170,1672,101,39
827,828,101,39
600,658,101,39
656,682,101,39
627,635,101,39
1181,1622,101,39
612,678,101,39
1181,1622,101,39
612,678,101,39
627,635,101,39
612,678,101,39
627,635,101,39
686,696,101,39
1181,1622,101,39
827,828,101,39
600,658,101,39
600,658,101,39
627,635,101,39
612,678,101,39
1181,1622,101,39
1618,1628,101,39
612,678,101,39
627,635,101,39
1181,1622,101,39
1618,1628,101,39
1170,1672,101,39
600,658,101,39
612,678,101,39
1181,1622,101,39
609,613,101,39
600,658,101,39
1170,1672,101,39
1618,1628,101,39
851,860,101,39
600,658,101,39
612,678,101,39
1181,1622,101,39
609,613,101,39
1170,1672,101,39
1618,1628,101,39
612,678,101,39
1181,1622,101,39
609,613,101,39
1170,1672,101,39
600,658,101,39
1181,1622,101,39
1170,1672,101,39
612,678,101,39
1618,1628,101,39
600,658,101,39
627,635,101,39
1181,1622,101,39
683,692,101,39
1170,1672,101,39
660,681,101,39
612,678,101,39
627,635,101,39
1181,1622,101,39
609,613,101,39
660,681,101,39
1618,1628,101,39
1170,1672,101,39
683,692,101,39
600,658,101,39
851,860,101,39
600,658,101,39
627,635,101,39
1181,1622,101,39
660,681,101,39
1618,1628,101,39
1170,1672,101,39
683,692,101,39
600,658,101,39
1181,1622,101,39
660,681,101,39
1170,1672,101,39
1618,1628,101,39
1181,1622,101,39
660,681,101,39
600,613,101,39
1618,1628,101,39
1170,1672,101,39
612,678,101,39
1181,1622,101,39
660,681,101,39
1613,1672,101,39
1618,1628,101,39
1181,1622,101,39
1170,1672,101,39
660,681,101,39
1618,1628,101,39
612,678,101,39
1181,1622,101,39
660,681,101,39
1170,1672,101,39
1618,1628,101,39
1181,1622,101,39
1170,1672,101,39
660,692,101,39
1618,1628,101,39
1181,1622,101,39
1170,1672,101,39
600,658,101,39
600,613,101,39
1181,1622,101,39
1170,1672,101,39
836,843,101,39
612,678,101,39
660,692,101,39
1181,1622,101,39
1618,1628,101,39
1170,1672,101,39
600,658,101,39
851,860,101,39
600,658,101,39
627,635,101,39
1181,1622,101,39
609,613,101,39
1618,1628,101,39
1170,1672,101,39
600,658,101,39
826,832,101,39
1181,1622,101,39
609,613,101,39
1618,1628,101,39
1613,1672,101,39
1170,1672,101,39
600,658,101,39
1181,1622,101,39
609,613,101,39
683,692,101,39
1618,1628,101,39
1613,1672,101,39
1170,1672,101,39
600,658,101,39
826,832,101,39
612,678,101,39
1181,1622,101,39
1618,1628,101,39
612,678,101,39
826,832,101,39
660,692,101,39
616,681,101,39
1618,1628,101,39
612,678,101,39
826,832,101,39
660,681,101,39
1618,1628,101,39
1613,1672,101,39
600,658,101,39
1170,1672,101,39
1618,1628,101,39
600,658,101,39
826,832,101,39
1618,1628,101,39
1170,1672,101,39
1492,1613,101,39
1618,1628,101,39
826,832,101,39
851,860,101,39
1618,1628,101,39
612,678,101,39
1618,1628,101,39
1170,1672,101,39
660,681,101,39
1170,1672,101,39
1618,1628,101,39
851,860,101,39
1618,1628,101,39
612,678,101,39
1170,1672,101,39
851,860,101,39
1618,1628,101,39
612,678,101,39
616,681,101,39
1618,1628,101,39
612,678,101,39
1618,1628,101,39
609,613,101,39
609,613,101,39
1170,1672,101,39
609,613,101,39
612,678,101,39
1618,1628,101,39
851,860,101,39
627,635,101,39
616,681,101,39
609,613,101,39
1618,1628,101,39
1170,1672,101,39
1170,1672,101,39
826,832,101,39
612,678,101,39
609,613,101,39
616,681,101,39
609,613,101,39
1618,1628,101,39
612,678,101,39
609,613,101,39
612,678,101,39
1613,1672,101,39
826,832,101,39
1170,1672,101,39
1618,1628,101,39
826,832,101,39
1170,1672,101,39
826,832,101,39
600,613,101,39
1613,1672,101,39
826,832,101,39
612,678,101,39
600,613,101,39
609,613,101,39
663,686,101,39
1613,1672,101,39
612,678,101,39
826,832,101,39
616,681,101,39
609,613,101,39
1613,1672,101,39
1170,1672,101,39
851,860,101,39
612,678,101,39
826,832,101,39
600,613,101,39
616,681,101,39
1613,1672,101,39
1170,1672,101,39
616,681,101,39
1170,1672,101,39
851,860,101,39
600,613,101,39
1613,1672,101,39
1170,1672,101,39
600,613,101,39
612,678,101,39
1613,1672,101,39
616,681,101,39
826,832,101,39
612,678,101,39
1613,1672,101,39
1170,1672,101,39
1170,1672,101,39
612,678,101,39
1613,1672,101,39
612,678,101,39
826,832,101,39
616,681,101,39
660,681,101,39
1618,1628,101,39
1613,1672,101,39
1170,1672,101,39
1170,1672,101,39
1613,1672,101,39
1170,1672,101,39
1618,1628,101,39
1190,1686,101,39
1170,1672,101,39
612,678,101,39
1618,1628,101,39
1170,1672,102,40
609,613,102,40
660,681,102,40
616,660,102,40
616,681,102,40
1170,1672,102,40
1618,1628,102,40
612,678,102,40
1618,1628,102,40
1618,1628,102,40
612,678,102,40
1170,1672,102,40
826,832,102,40
1170,1672,102,40
826,832,102,40
1613,1672,102,40
1170,1672,102,40
826,832,102,40
1170,1672,102,40
616,681,102,40
1170,1672,102,40
1613,1672,102,40
1190,1686,102,40
1170,1672,102,40
1613,1672,102,40
826,832,102,40
1170,1672,102,40
1618,1628,102,40
1613,1672,102,40
1181,1622,102,40
1170,1672,102,40
600,658,102,40
1613,1672,102,40
609,613,102,40
683,692,102,40
1613,1672,102,40
1170,1672,102,40
1613,1672,102,40
826,832,102,40
851,860,102,40
1613,1672,102,40
1170,1672,102,40
1170,1672,102,40
612,678,102,40
1618,1628,102,40
1170,1672,102,40
1613,1672,102,40
826,832,102,40
1170,1672,102,40
826,832,102,40
1618,1628,102,40
1667,1678,102,40
1190,1686,102,40
612,678,102,40
826,832,102,40
1618,1628,102,40
1613,1672,102,40
1170,1672,102,40
1170,1613,102,40
851,860,102,40
1601,1644,102,40
600,613,102,40
1492,1628,102,40
1618,1628,102,40
1613,1672,102,40
1170,1672,102,40
1632,1672,102,40
1613,1632,102,40
612,678,102,40
1601,1644,102,40
1618,1628,102,40
1613,1672,102,40
629,1613,102,40
629,1672,102,40
1170,1613,102,40
616,681,102,40
1170,1672,102,40
629,1613,102,40
1170,1613,102,40
1108,1644,102,40
612,678,102,40
629,1672,102,40
619,699,102,40
1170,629,102,40
1170,1672,102,40
1170,1613,102,40
1108,1644,102,40
1170,629,102,40
641,695,102,40
629,1672,102,40
663,661,102,40
600,613,102,40
619,699,102,40
1613,1672,102,40
689,695,102,40
1170,1672,102,40
612,641,102,40
600,658,102,40
1181,1622,102,40
1170,1613,102,40
1108,1644,102,40
851,860,102,40
612,678,102,40
629,1672,102,40
616,681,102,40
828,836,102,40
641,678,102,40
619,699,102,40
1170,629,102,40
1170,1672,102,40
1164,1181,102,40
1164,1674,102,40
612,641,102,40
600,658,102,40
629,1613,102,40
656,682,102,40
629,1672,102,40
600,613,102,40
1613,1672,102,40
619,699,102,40
1170,629,102,40
1170,1672,102,40
836,863,102,40
629,1613,102,40
1108,1644,102,40
600,658,102,40
600,613,102,40
629,1672,102,40
613,658,102,40
623,658,102,40
683,692,102,40
619,699,102,40
1613,1672,102,40
1170,1672,102,40
628,694,102,40
621,695,102,40
1170,629,102,40
612,678,102,40
666,681,102,40
1170,629,102,40
1170,1672,102,40
1644,1667,102,40
629,1672,102,40
815,821,102,40
600,623,102,40
651,667,102,40
1164,629,102,40
616,666,102,40
1108,1667,102,40
609,623,102,40
660,681,102,40
1613,1672,102,40
828,836,102,40
600,658,102,40
641,826,102,40
666,683,102,40
619,699,102,40
1164,1672,102,40
1170,1613,102,40
1613,1672,102,40
681,692,102,40
1170,629,102,40
1170,1672,102,40
1644,1667,102,40
635,667,102,40
1108,1667,102,40
629,1672,102,40
666,681,102,40
667,681,102,40
619,699,102,40
666,661,102,40
826,1181,102,40
627,651,102,40
627,667,102,40
660,681,102,40
836,867,102,40
828,836,102,40
651,681,102,40
627,635,102,40
658,698,102,40
635,651,102,40
849,896,102,40
1170,1613,102,40
623,658,102,40
1629,1644,102,40
1170,629,102,40
1170,1672,102,40
629,1672,102,40
836,855,102,40
1148,1601,102,40
619,1645,102,40
666,661,102,40
641,699,102,40
699,1645,102,40
828,836,102,40
660,681,102,40
1613,1672,102,40
627,683,102,40
658,694,102,40
627,635,102,40
619,699,102,40
1629,1667,102,40
1170,1613,102,40
699,1492,102,40
828,855,102,40
686,696,102,40
1629,1644,102,40
619,641,102,40
1170,629,102,40
1170,1672,102,40
678,1649,102,40
1644,1667,102,40
616,694,102,40
629,1672,102,40
619,1645,102,40
641,699,102,40
699,1645,102,40
1613,1672,102,40
641,1645,102,40
627,635,102,40
616,692,102,40
683,692,102,40
619,699,102,40
1629,1667,102,40
699,1492,102,40
686,696,102,40
1629,1644,102,40
619,641,102,40
606,863,102,40
1170,629,102,40
1170,1672,102,40
678,1649,102,40
621,695,102,40
629,1672,102,40
619,1645,102,40
1108,1667,102,40
641,699,102,40
699,1645,102,40
641,1492,102,40
1492,1645,102,40
828,836,102,40
641,1645,102,40
683,834,102,40
627,635,102,40
619,699,102,40
1629,1667,102,40
619,1492,102,40
663,696,102,40
834,836,102,40
699,1492,102,40
686,696,102,40
828,834,102,40
619,641,102,40
1170,629,102,40
1170,1672,102,40
629,1672,102,40
661,836,102,40
619,1645,102,40
629,1613,102,40
1108,1667,102,40
641,699,102,40
699,1645,102,40
641,1492,102,40
828,836,102,40
641,1645,102,40
683,692,102,40
619,699,102,40
661,828,102,40
1629,1667,102,40
663,696,102,40
834,836,102,40
607,616,102,40
686,696,102,40
1108,1629,102,40
828,834,102,40
1629,1644,102,40
619,1492,102,40
1170,629,102,40
1170,1672,102,40
692,836,102,40
629,1672,102,40
641,1492,102,40
619,1645,102,40
629,1613,102,40
1108,1667,102,40
641,699,102,40
699,1645,102,40
660,681,102,40
683,836,102,40
661,683,102,40
661,692,102,40
828,836,102,40
683,692,102,40
619,699,102,40
1629,1667,102,40
834,836,102,40
699,1492,102,40
828,834,102,40
1629,1644,102,40
619,641,102,40
629,1672,102,40
619,1645,102,40
629,1613,102,40
1108,1667,102,40
826,1181,102,40
641,699,102,40
699,1645,102,40
660,681,102,40
1613,1672,102,40
661,683,102,40
661,692,102,40
828,836,102,40
616,663,102,40
641,1645,102,40
683,692,102,40
619,699,102,40
1629,1667,102,40
834,836,102,40
616,683,102,40
828,834,102,40
1629,1644,102,40
619,641,102,40
1170,1672,102,40
1644,1667,102,40
629,1672,102,40
619,1645,102,40
641,699,102,40
699,1645,102,40
1613,1672,102,40
616,847,102,40
828,836,102,40
641,1645,102,40
616,692,102,40
683,692,102,40
619,699,102,40
1629,1667,102,40
834,836,102,40
616,683,102,40
636,694,102,40
828,834,102,40
1629,1644,102,40
619,641,102,40
1170,629,102,40
1170,1672,102,40
629,1672,102,40
641,1645,102,40
1108,1667,102,40
641,699,102,40
699,1645,102,40
651,666,102,40
1613,1672,102,40
828,836,102,40
1492,1674,102,40
684,826,102,40
616,692,102,40
619,699,102,40
1629,1667,102,40
834,836,102,40
1492,1674,102,40
619,641,102,40
1170,629,102,40
1170,1672,102,40
621,695,102,40
629,1672,102,40
629,1613,102,40
1108,1667,102,40
641,699,102,40
651,666,102,40
660,681,102,40
1613,1672,102,40
828,836,102,40
828,834,102,40
616,692,102,40
619,699,102,40
1629,1667,102,40
834,836,102,40
817,847,102,40
834,836,102,40
629,1613,102,40
828,836,102,40
663,686,102,40
1492,1674,102,40
616,683,102,40
641,699,102,40
686,696,102,40
627,635,102,40
828,834,102,40
1629,1644,102,40
660,681,102,40
619,699,102,40
1170,629,102,40
1170,1672,102,40
1645,1674,102,40
629,1672,102,40
681,817,102,40
828,836,102,40
699,1674,102,40
1170,629,102,40
1492,1674,102,40
629,1672,102,40
641,699,102,40
627,635,102,40
685,695,102,40
828,834,102,40
1629,1644,102,40
619,641,102,40
619,699,102,40
1613,1672,102,40
1170,1672,102,40
817,847,102,40
1645,1674,102,40
834,836,102,40
825,833,102,40
619,1674,102,40
686,696,102,40
828,834,102,40
619,641,102,40
1170,1672,102,40
1651,1674,102,40
629,1672,102,40
641,1674,102,40
629,1613,102,40
621,685,102,40
641,699,102,40
699,1674,102,40
828,836,102,40
1613,1672,102,40
685,695,102,40
627,635,102,40
619,699,102,40
1629,1667,102,40
834,836,102,40
817,847,102,40
825,836,102,40
616,683,102,40
686,696,102,40
855,873,102,40
1629,1644,102,40
619,641,102,40
1170,629,102,40
1651,1674,102,40
825,828,102,40
629,1672,102,40
649,651,102,40
619,699,102,40
629,1613,102,40
641,699,102,40
833,836,102,40
685,695,102,40
1613,1672,102,40
1164,1492,102,40
825,833,102,40
1629,1667,102,40
817,847,102,40
825,836,102,40
686,696,102,40
817,823,102,40
619,641,102,40
1170,629,102,40
692,869,102,40
1170,1672,102,40
1651,1674,102,40
616,869,102,40
629,1672,102,40
825,833,102,40
641,699,102,40
833,836,102,40
1164,1492,102,40
828,836,102,40
683,869,102,40
683,692,102,40
619,699,102,40
1629,1667,102,40
815,880,102,40
817,847,102,40
821,890,102,40
825,836,102,40
686,696,102,40
1629,1644,102,40
619,641,102,40
1170,629,102,40
692,869,102,40
1170,1672,102,40
1651,1674,102,40
629,1672,102,40
694,869,102,40
629,1613,102,40
826,1181,102,40
641,699,102,40
833,836,102,40
660,681,102,40
683,692,102,40
619,699,102,40
1629,1667,102,40
815,880,102,40
817,847,102,40
825,836,102,40
686,696,102,40
619,641,102,40
1170,629,102,40
600,854,102,40
1170,1672,102,40
1651,1674,102,40
629,1672,102,40
629,1613,102,40
826,1181,102,40
641,699,102,40
651,666,102,40
1613,1672,102,40
685,695,102,40
616,692,102,40
619,699,102,40
1492,1651,102,40
817,847,102,40
629,1613,102,40
1108,1644,102,40
612,681,102,40
629,1672,102,40
641,699,102,40
686,696,102,40
616,692,102,40
651,666,102,40
660,681,102,40
619,699,102,40
1170,629,102,40
646,684,102,40
600,854,102,40
1651,1674,102,40
612,660,102,40
817,847,102,40
629,1613,102,40
621,695,102,40
666,667,102,40
629,1672,102,40
641,699,102,40
686,696,102,40
616,692,102,40
651,666,102,40
684,826,102,40
651,667,102,40
1170,629,102,40
600,854,102,40
1170,1672,102,40
1651,1674,102,40
817,847,102,40
815,880,102,40
826,1181,102,40
619,699,102,40
686,696,102,40
619,641,102,40
1170,629,102,40
1170,1672,102,40
1651,1674,102,40
629,1672,102,40
612,1649,102,40
651,667,102,40
619,699,102,40
641,699,102,40
815,896,102,40
806,821,102,40
651,666,102,40
607,609,102,40
849,889,102,40
817,847,102,40
686,696,102,40
1170,629,102,40
1170,1672,102,40
1651,1674,102,40
629,1672,102,40
612,1649,102,40
651,667,102,40
646,684,102,40
641,699,102,40
815,896,102,40
651,666,102,40
1613,1672,102,40
661,692,102,40
666,667,102,40
616,661,102,40
648,683,102,40
627,635,102,40
616,692,102,40
663,686,102,40
619,699,102,40
817,847,102,40
648,694,102,40
616,683,102,40
686,696,102,40
1170,629,102,40
1170,1672,102,40
1651,1674,102,40
880,896,102,40
629,1672,102,40
612,1649,102,40
651,667,102,40
641,699,102,40
1613,1672,102,40
661,683,102,40
661,692,102,40
616,661,102,40
627,635,102,40
616,692,102,40
683,692,102,40
619,699,102,40
817,847,102,40
648,694,102,40
616,683,102,40
686,696,102,40
880,887,102,40
1170,629,102,40
1170,1672,102,40
1651,1674,102,40
646,1181,102,40
629,1672,102,40
880,896,102,40
646,684,102,40
661,683,102,40
661,692,102,40
616,661,102,40
627,635,102,40
616,692,102,40
683,692,102,40
619,699,102,40
834,836,102,40
817,847,102,40
661,683,102,40
884,886,102,40
616,661,102,40
648,694,102,40
616,683,102,40
686,696,102,40
627,635,102,40
683,692,102,40
619,699,102,40
1170,629,102,40
1613,1672,102,40
817,847,102,40
1170,1672,102,40
1651,1674,102,40
616,692,102,40
629,1672,102,40
821,884,102,40
646,826,102,40
1601,1644,102,40
616,661,102,40
616,683,102,40
817,823,102,40
612,1649,102,40
686,696,102,40
627,635,102,40
683,692,102,40
619,699,102,40
1170,629,102,40
1170,1672,102,40
646,684,102,40
1651,1674,102,40
661,683,102,40
629,1672,102,40
616,683,102,40
686,696,102,40
1170,629,102,40
1170,1672,102,40
1644,1674,102,40
629,1672,102,40
646,684,102,40
619,1164,102,40
667,884,102,40
1492,1667,102,40
828,836,102,40
1613,1672,102,40
860,864,102,40
612,674,102,40
661,683,102,40
685,695,102,40
641,1164,102,40
616,661,102,40
627,635,102,40
616,692,102,40
683,692,102,40
619,699,102,40
817,823,102,40
817,847,102,40
1164,1645,102,40
686,696,102,40
880,887,102,40
609,815,102,40
1170,629,102,40
1170,1672,102,40
1651,1674,102,40
616,692,102,40
629,1672,102,40
651,686,102,40
646,684,102,40
619,1164,102,40
667,683,102,40
1601,1644,102,40
636,694,102,40
1613,1672,102,40
661,683,102,40
661,692,102,40
666,667,102,40
641,1164,102,40
616,661,102,40
683,692,102,40
619,699,102,40
1164,1645,102,40
686,696,102,40
651,663,102,40
1170,1672,102,40
600,854,102,40
1651,1674,102,40
629,1672,102,40
651,686,102,40
651,696,102,40
646,684,102,40
619,1164,102,40
1108,1644,102,40
826,1181,102,40
828,836,102,40
660,681,102,40
1613,1672,102,40
685,695,102,40
641,1164,102,40
616,661,102,40
663,686,102,40
683,692,102,40
619,699,102,40
1164,1645,102,40
616,683,102,40
686,696,102,40
651,663,102,40
823,847,102,40
1170,629,102,40
1170,1672,102,40
1651,1674,102,40
629,1672,102,40
651,686,102,40
619,1164,102,40
619,1645,102,40
641,699,102,40
699,1645,102,40
860,864,102,40
661,683,102,40
661,692,102,40
685,695,102,40
666,667,102,40
641,1164,102,40
616,692,102,40
619,699,102,40
1164,1645,102,40
699,1164,102,40
686,696,102,40
619,641,102,40
823,847,102,40
1651,1674,102,40
616,692,102,40
629,1672,102,40
651,686,102,40
651,696,102,40
619,1164,102,40
619,1645,102,40
1108,1644,102,40
851,860,102,40
641,699,102,40
699,1645,102,40
661,683,102,40
616,661,102,40
619,699,102,40
1164,1645,102,40
616,683,102,40
613,658,102,40
686,696,102,40
823,847,102,40
1170,629,102,40
1170,1672,102,40
1651,1674,102,40
629,1672,102,40
651,686,102,40
651,696,102,40
1108,1644,102,40
699,1164,102,40
641,699,102,40
699,1645,102,40
660,681,102,40
661,683,102,40
661,692,102,40
616,661,102,40
616,692,102,40
619,699,102,40
1164,1645,102,40
821,887,102,40
613,658,102,40
686,696,102,40
619,641,102,40
823,847,102,40
1170,629,102,40
1170,1672,102,40
1651,1674,102,40
676,860,102,40
1671,1856,102,40
629,1672,102,40
880,896,102,40
651,686,102,40
646,684,102,40
619,1164,102,40
1108,1644,102,40
699,1164,102,40
641,699,102,40
815,896,102,40
699,1645,102,40
660,681,102,40
860,864,102,40
661,683,102,40
661,692,102,40
828,836,102,40
612,678,102,40
821,896,102,40
627,635,102,40
683,692,102,40
619,699,102,40
817,847,102,40
1164,1645,102,40
616,683,102,40
699,1164,102,40
686,696,102,40
855,873,102,40
619,641,102,40
1170,629,102,40
1170,1672,102,40
1651,1674,102,40
1629,1658,102,40
629,1672,102,40
880,896,102,40
651,696,102,40
674,602,102,40
619,1645,102,40
641,699,102,40
860,864,102,40
674,677,102,40
661,683,102,40
661,692,102,40
828,836,102,40
821,896,102,40
821,891,102,40
616,661,102,40
627,635,102,40
683,692,102,40
619,699,102,40
834,836,102,40
1164,1645,102,40
616,683,102,40
699,1164,102,40
686,696,102,40
619,641,102,40
1170,629,102,40
1170,1672,102,40
1651,1674,102,40
1671,1856,102,40
646,1181,102,40
629,1672,102,40
880,896,102,40
661,692,102,40
651,686,102,40
651,696,102,40
646,684,102,40
619,1164,102,40
641,699,102,40
815,896,102,40
660,681,102,40
661,683,102,40
641,1164,102,40
684,826,102,40
627,635,102,40
683,692,102,40
619,699,102,40
1164,1645,102,40
616,683,102,40
860,864,102,40
699,1164,102,40
686,696,102,40
619,641,102,40
1170,1672,102,40
1651,1674,102,40
646,1181,102,40
651,686,102,40
651,696,102,40
646,684,102,40
646,826,102,40
1108,1644,102,40
1601,1644,102,40
641,699,102,40
815,896,102,40
699,1645,102,40
660,681,102,40
1108,1672,102,40
661,692,102,40
666,667,102,40
616,661,102,40
683,692,102,40
619,699,102,40
817,847,102,40
815,891,102,40
821,890,102,40
628,666,102,40
1164,1645,102,40
616,683,102,40
1108,1672,102,40
699,1164,102,40
686,696,102,40
609,627,102,40
1170,1672,102,40
1651,1674,102,40
890,896,102,40
609,635,102,40
651,686,102,40
619,1645,102,40
641,699,102,40
815,896,102,40
660,681,102,40
1613,1672,102,40
860,864,102,40
661,683,102,40
661,692,102,40
666,667,102,40
821,896,102,40
616,661,102,40
1181,1674,102,40
627,635,102,40
616,692,102,40
683,692,102,40
619,699,102,40
609,635,102,40
854,855,102,40
616,683,102,40
613,658,102,40
686,696,102,40
609,627,102,40
1651,1674,102,40
1492,1678,102,40
1671,1856,102,40
815,821,102,40
651,686,102,40
651,696,102,40
660,681,102,40
1613,1672,102,40
661,683,102,40
661,692,102,40
1644,1672,102,40
1164,1679,102,40
616,661,102,40
627,635,102,40
683,692,102,40
612,1649,102,40
860,864,102,40
613,658,102,40
686,696,102,40
855,873,102,40
609,627,102,40
676,860,102,40
661,694,102,40
609,635,102,40
651,686,102,40
651,696,102,40
1492,1618,102,40
1492,1613,102,40
660,681,102,40
1613,1672,102,40
1658,1674,102,40
613,658,102,40
855,873,102,40
1645,1671,102,40
1170,1632,102,40
676,860,102,40
616,694,102,40
609,635,102,40
612,1649,102,40
651,686,102,40
1492,1618,102,40
1492,1613,102,40
613,683,102,40
683,698,102,40
660,681,102,40
1190,1686,102,40
661,683,102,40
828,836,102,40
616,661,102,40
609,627,102,40
619,699,102,40
612,1649,102,40
613,658,102,40
686,696,102,40
855,873,102,40
609,627,102,40
628,847,102,40
828,836,102,40
1651,1674,102,40
651,683,102,40
609,635,102,40
613,683,102,40
651,661,102,40
626,651,102,40
814,849,102,40
658,694,102,40
616,661,102,40
667,683,102,40
686,696,102,40
1632,1856,102,40
667,696,102,40
609,635,102,40
627,635,102,40
651,694,102,40
855,873,102,40
609,627,102,40
660,681,102,40
1613,1672,102,40
663,661,102,40
1651,1674,102,40
663,696,102,40
1632,1856,102,40
826,832,102,40
855,873,102,40
1613,1672,102,40
1170,1672,102,40
1651,1674,102,40
663,661,102,40
651,694,102,40
855,873,102,40
867,873,102,40
683,692,102,40
1613,1672,102,40
1651,1674,102,40
627,635,102,40
867,873,102,40
686,696,102,40
1613,1672,102,40
609,682,102,40
1651,1674,102,40
855,873,102,40
686,696,102,40
600,658,102,40
826,832,102,40
641,699,102,40
627,635,102,40
855,873,102,40
867,873,102,40
660,681,102,40
1613,1672,102,40
609,682,102,40
1629,1658,102,40
860,864,102,40
686,696,102,40
855,873,102,40
616,681,102,40
609,613,102,40
663,686,102,40
867,873,102,40
1613,1672,102,40
627,635,102,40
1651,1674,102,40
628,694,102,40
855,873,102,40
616,681,102,40
867,873,102,40
660,681,102,40
836,854,102,40
1613,1672,102,40
1170,1672,102,40
1651,1674,102,40
648,666,102,40
1632,1856,102,40
600,613,102,40
627,635,102,40
855,873,102,40
616,681,102,40
676,860,102,40
1170,1672,102,40
1651,1674,102,40
648,666,102,40
616,681,102,40
600,613,102,40
627,635,102,40
855,873,102,40
1613,1672,102,40
1190,1686,102,40
1170,1672,102,40
648,666,102,40
832,834,102,40
600,658,102,40
826,832,102,40
600,613,102,40
627,635,102,40
855,873,102,40
616,681,102,40
609,613,102,40
826,836,102,40
1613,1672,102,40
1170,1672,102,40
1651,1674,102,40
676,860,102,40
600,658,102,40
826,832,102,40
832,836,102,40
600,613,102,40
627,635,102,40
855,873,102,40
616,681,102,40
609,613,102,40
826,836,102,40
1613,1672,102,40
1170,1672,102,40
600,658,102,40
609,613,102,40
855,873,102,40
616,681,102,40
855,867,102,40
1613,1672,102,40
832,836,102,40
1170,1672,102,40
1651,1674,102,40
600,658,102,40
609,613,102,40
660,692,102,40
600,613,102,40
855,873,102,40
806,822,102,40
826,836,102,40
1613,1672,102,40
832,836,102,40
1170,1672,102,40
834,836,102,40
826,832,102,40
831,869,102,40
627,635,102,40
683,692,102,40
832,836,102,40
1613,1672,102,40
1170,1672,102,40
1651,1674,102,40
826,832,102,40
600,613,102,40
627,635,102,40
855,873,102,40
616,681,102,40
609,613,102,40
1613,1672,102,40
832,836,102,40
1170,1672,102,40
1651,1674,102,40
676,860,102,40
851,860,102,40
860,864,102,40
600,613,102,40
616,681,102,40
609,613,102,40
826,836,102,40
1613,1672,102,40
832,836,102,40
1170,1672,102,40
851,860,102,40
826,832,102,40
600,613,102,40
616,681,102,40
609,613,102,40
1613,1672,102,40
1170,1672,102,40
827,828,102,40
826,832,102,40
616,681,102,40
609,613,102,40
660,681,102,40
1170,1672,102,40
616,681,102,40
609,613,102,40
851,860,102,40
1170,1672,102,40
1190,1686,102,40
616,681,102,40
1190,1686,102,40
1613,1672,102,40
1170,1672,102,40
826,832,102,40
616,681,102,40
609,613,102,40
1613,1672,102,40
1190,1686,102,40
826,832,102,40
600,613,102,40
616,681,102,40
1613,1672,102,40
1170,1672,102,40
600,613,102,40
616,681,102,40
683,698,102,40
1613,1672,102,40
1170,1672,102,40
676,873,102,40
616,681,102,40
609,613,102,40
1613,1672,102,40
1170,1672,102,40
676,873,102,40
600,613,102,40
609,613,102,40
1613,1672,102,40
1190,1686,102,40
1170,1672,102,40
826,832,102,40
600,613,102,40
1181,1622,102,40
651,661,102,40
1613,1672,102,40
1190,1686,102,40
1170,1672,102,40
826,832,102,40
1181,1622,102,40
651,661,102,40
1613,1672,102,40
1190,1686,102,40
1181,1622,102,40
826,832,102,40
851,860,102,40
1613,1672,102,40
1492,1613,102,40
826,832,102,40
600,613,102,40
1181,1622,102,40
1613,1672,102,40
1190,1686,102,40
648,666,102,40
1492,1613,102,40
1181,1622,102,40
1613,1672,102,40
1190,1686,102,40
1170,1672,102,40
648,666,102,40
1492,1613,102,40
676,873,102,40
1181,1622,102,40
1190,1686,102,40
1170,1672,102,40
648,666,102,40
1181,1622,102,40
616,681,102,40
1170,1672,102,40
1181,1622,102,40
1170,1672,102,40
807,889,102,40
851,860,102,40
1492,1613,102,40
826,832,102,40
851,860,102,40
1181,1622,102,40
1170,1672,102,40
851,860,102,40
826,832,102,40
1181,1622,102,40
1613,1672,102,40
1170,1672,102,40
1181,1622,102,40
826,832,102,40
676,873,102,40
1613,1672,102,40
1170,1672,102,40
1181,1622,102,40
826,832,102,40
651,661,102,40
1181,1622,102,40
1170,1672,102,40
1190,1686,102,40
1181,1622,102,40
826,832,102,40
676,873,102,40
1170,1672,102,40
1181,1622,102,40
826,832,102,40
1181,1622,102,40
1170,1672,102,40
1613,1672,102,40
1181,1622,102,40
826,832,102,40
1613,1672,102,40
1181,1622,102,40
826,832,102,40
676,873,102,40
1613,1672,102,40
1181,1622,102,40
1170,1672,102,40
1613,1672,102,40
1181,1622,102,40
1170,1672,102,40
1613,1672,102,40
1181,1622,102,40
826,832,102,40
1613,1672,102,40
1170,1672,102,40
1492,1613,102,40
826,832,102,40
1181,1622,102,40
1613,1672,102,40
1170,1672,102,40
648,666,102,40
1492,1613,102,40
826,832,102,40
1181,1622,102,40
1613,1672,102,40
1170,1672,102,40
648,666,102,40
1181,1622,102,40
648,666,102,40
1613,1672,102,40
663,661,102,40
826,832,102,40
1181,1622,102,40
683,698,102,40
1613,1672,102,40
663,661,102,40
1170,1672,102,40
648,666,102,40
1181,1622,102,40
826,832,102,40
1613,1672,102,40
648,666,102,40
612,678,102,40
826,832,102,40
1181,1622,102,40
1613,1672,102,40
648,666,102,40
1181,1622,102,40
612,678,102,40
826,832,102,40
1613,1672,102,40
648,666,102,40
612,678,102,40
826,832,102,40
1181,1622,102,40
1613,1672,102,40
648,666,102,40
612,678,102,40
660,692,102,40
1181,1622,102,40
1613,1672,102,40
648,666,102,40
1181,1622,102,40
612,678,102,40
826,832,102,40
660,692,102,40
1613,1672,102,40
1170,1672,102,40
612,678,102,40
826,832,102,40
600,613,102,40
1181,1622,102,40
1613,1672,102,40
1170,1672,102,40
648,666,102,40
1181,1622,102,40
612,678,102,40
826,832,102,40
1613,1672,102,40
1190,1686,102,40
1170,1672,102,40
648,666,102,40
612,678,102,40
826,832,102,40
600,613,102,40
1181,1622,102,40
609,613,102,40
1190,1686,102,40
1181,1622,102,40
612,678,102,40
600,613,102,40
1613,1672,102,40
1190,1686,102,40
1181,1622,102,40
851,860,102,40
612,678,102,40
616,681,102,40
1613,1672,102,40
1190,1686,102,40
648,666,102,40
1492,1613,102,40
1181,1622,102,40
612,678,102,40
616,681,102,40
1613,1672,102,40
648,666,102,40
1492,1613,102,40
616,681,102,40
851,860,102,40
612,678,102,40
826,832,102,40
1181,1622,102,40
1613,1672,102,40
1181,1622,102,40
676,860,102,40
851,860,102,40
612,678,102,40
826,832,102,40
616,681,102,40
1613,1672,102,40
676,860,102,40
676,873,102,40
612,678,102,40
826,832,102,40
1181,1622,102,40
1613,1672,102,40
648,666,102,40
616,681,102,40
676,860,102,40
676,873,102,40
612,678,102,40
826,832,102,40
600,613,102,40
1181,1622,102,40
1613,1672,102,40
1170,1672,102,40
648,666,102,40
676,860,102,40
676,873,102,40
612,678,102,40
826,832,102,40
600,613,102,40
1181,1622,102,40
1613,1672,102,40
1170,1672,102,40
612,678,102,40
826,832,102,40
1628,1667,102,40
1181,1622,102,40
1613,1672,102,40
1170,1672,102,40
648,666,102,40
851,860,102,40
612,678,102,40
826,832,102,40
1181,1622,102,40
1613,1672,102,40
1190,1686,102,40
676,873,102,40
612,678,102,40
826,832,102,40
600,613,102,40
1181,1622,102,40
1613,1672,102,40
1190,1686,102,40
689,699,102,40
612,678,102,40
600,613,102,40
1181,1622,102,40
1613,1672,102,40
1190,1686,102,40
1181,1622,102,40
612,678,102,40
826,832,102,40
600,613,102,40
1613,1672,102,40
1190,1686,102,40
827,828,102,40
1181,1622,102,40
612,678,102,40
826,832,102,40
600,613,102,40
1613,1672,102,40
1190,1686,102,40
1170,1672,102,40
612,678,102,40
600,613,102,40
1181,1622,102,40
1613,1672,102,40
1190,1686,102,40
1170,1672,102,40
1181,1622,102,40
826,832,102,40
612,678,102,40
1190,1686,102,40
612,678,102,40
826,832,102,40
1181,1622,102,40
1190,1686,102,40
1170,1672,102,40
676,873,102,40
612,678,102,40
826,832,102,40
1181,1622,102,40
1613,1672,102,40
1190,1686,102,40
1170,1672,102,40
827,828,102,40
1181,1622,102,40
612,678,102,40
826,832,102,40
616,681,102,40
1613,1672,102,40
1190,1686,102,40
1170,1672,102,40
1645,1674,102,40
1181,1622,102,40
1632,1856,102,40
676,873,102,40
612,678,102,40
826,832,102,40
616,681,102,40
1613,1672,102,40
1190,1686,102,40
1170,1672,102,40
676,873,102,40
612,678,102,40
826,832,102,40
1181,1622,102,40
1190,1686,102,40
1170,1672,102,40
1632,1856,102,40
676,873,102,40
612,678,102,40
826,832,102,40
1181,1622,102,40
1613,1672,102,40
1190,1686,102,40
1170,1672,102,40
676,873,102,40
612,678,102,40
826,832,102,40
1181,1622,102,40
1613,1672,102,40
1190,1686,102,40
1170,1672,102,40
612,678,102,40
826,832,102,40
1181,1622,102,40
1613,1672,102,40
1190,1686,102,40
1170,1672,102,40
1181,1622,102,40
826,832,102,40
612,678,102,40
1613,1672,102,40
1190,1686,102,40
676,873,102,40
612,678,102,40
826,832,102,40
1181,1622,102,40
1613,1672,102,40
1190,1686,102,40
1170,1672,102,40
827,828,102,40
612,678,102,40
826,832,102,40
1181,1622,102,40
1190,1686,102,40
1170,1672,102,40
827,828,102,40
648,666,102,40
1181,1622,102,40
612,678,102,40
826,832,102,40
616,681,102,40
1613,1672,102,40
1190,1686,102,40
1170,1672,102,40
676,873,102,40
612,678,102,40
826,832,102,40
600,613,102,40
1181,1622,102,40
1613,1672,102,40
1190,1686,102,40
1170,1672,102,40
827,828,102,40
676,873,102,40
612,678,102,40
826,832,102,40
1181,1622,102,40
1613,1672,102,40
1190,1686,102,40
1181,1622,102,40
826,832,102,40
676,873,102,40
612,678,102,40
1190,1686,102,40
1181,1622,102,40
826,832,102,40
827,828,102,40
612,678,102,40
826,832,102,40
1181,1622,102,40
612,678,102,40
1492,1613,102,40
612,678,102,40
826,832,102,40
616,681,102,40
1181,1622,102,40
683,692,102,40
827,828,102,40
600,613,102,40
1181,1622,102,40
612,678,102,40
826,832,102,40
600,613,102,40
616,681,102,40
1613,1672,102,40
827,828,102,40
612,678,102,40
826,832,102,40
600,613,102,40
1181,1622,102,40
1613,1672,102,40
827,828,102,40
612,678,102,40
826,832,102,40
600,613,102,40
1181,1622,102,40
612,678,102,40
600,613,102,40
1181,1622,102,40
1613,1672,102,40
826,832,102,40
827,828,102,40
612,678,102,40
826,832,102,40
600,613,102,40
1181,1622,102,40
1613,1672,102,40
827,828,102,40
1181,1622,102,40
676,873,102,40
600,613,102,40
612,678,102,40
1613,1672,102,40
1492,1613,102,40
612,678,102,40
826,832,102,40
627,635,102,40
1181,1622,102,40
1613,1672,102,40
851,860,102,40
612,678,102,40
826,832,102,40
1181,1622,102,40
676,873,102,40
827,828,102,40
855,863,102,40
1181,1622,102,40
826,832,102,40
600,613,102,40
612,678,102,40
1181,1622,102,40
826,832,102,40
676,873,102,40
612,678,102,40
600,613,102,40
676,873,102,40
612,678,102,40
826,832,102,40
1181,1622,102,40
683,692,102,40
1170,1672,102,40
616,681,102,40
826,832,102,40
1181,1622,102,40
612,678,102,40
1170,1672,102,40
1181,1622,102,40
826,832,102,40
612,678,102,40
1181,1622,102,40
826,832,102,40
612,678,102,40
1170,1672,102,40
676,873,102,40
612,678,102,40
600,613,102,40
1181,1622,102,40
1190,1686,102,40
1170,1672,102,40
612,678,102,40
826,832,102,40
600,613,102,40
1181,1622,102,40
1190,1686,102,40
1170,1672,102,40
612,678,102,40
826,832,102,40
1181,1622,102,40
683,692,102,40
1190,1686,102,40
1170,1672,102,40
1492,1613,102,40
612,678,102,40
826,832,102,40
1181,1622,102,40
1613,1672,102,40
1190,1686,102,40
612,678,102,40
826,832,102,40
1181,1622,102,40
1613,1672,102,40
1190,1686,102,40
827,828,102,40
1181,1622,102,40
1170,1672,102,40
676,860,102,40
612,678,102,40
1181,1622,102,40
826,832,102,40
612,678,102,40
1170,1672,102,40
1181,1622,102,40
826,832,102,40
612,678,102,40
1170,1672,102,40
851,860,102,40
612,678,102,40
1181,1651,102,40
686,696,102,40
1181,1622,102,40
609,613,102,40
1170,1672,102,40
1181,1622,102,40
1170,1672,102,40
826,832,102,40
612,678,102,40
686,696,102,40
1181,1622,102,40
1170,1672,102,40
807,889,102,40
612,678,102,40
686,696,102,40
1181,1622,102,40
826,832,102,40
827,828,102,40
612,678,102,40
832,834,102,40
1181,1622,102,40
826,832,102,40
609,613,102,40
612,678,102,40
686,696,102,40
1181,1622,102,40
827,828,102,40
851,860,102,40
612,678,102,40
826,832,102,40
1181,1622,102,40
826,832,102,40
683,692,102,40
612,678,102,40
1181,1622,102,40
826,832,102,40
612,678,102,40
686,696,102,40
1181,1622,102,40
826,832,102,40
612,678,102,40
1170,1672,102,40
1181,1622,102,40
826,832,102,40
612,678,102,40
1170,1672,102,40
1190,1686,102,40
612,678,102,40
826,832,102,40
686,696,102,40
1181,1622,102,40
1190,1686,102,40
1170,1672,102,40
612,678,102,40
826,832,102,40
1190,1686,102,40
686,696,102,40
1181,1622,102,40
1170,1672,102,40
612,678,102,40
826,832,102,40
686,696,102,40
1181,1622,102,40
1190,1686,102,40
827,828,102,40
1181,1622,102,40
612,678,102,40
826,832,102,40
686,696,102,40
616,681,102,40
1170,1672,102,40
1181,1622,102,40
1170,1672,102,40
826,832,102,40
612,678,102,40
686,696,102,40
612,678,102,40
826,832,102,40
686,696,102,40
1181,1622,102,40
683,698,102,40
1170,1672,102,40
827,828,102,40
616,681,102,40
1181,1622,102,40
683,698,102,40
612,678,102,40
826,832,102,40
612,678,102,40
826,832,102,40
1181,1622,102,40
683,698,102,40
1170,1672,102,40
827,828,102,40
612,678,102,40
826,832,102,40
1181,1622,102,40
1190,1686,102,40
1170,1672,102,40
827,828,102,40
832,834,102,40
676,860,102,40
612,678,102,40
826,832,102,40
1181,1622,102,40
1190,1686,102,40
1170,1672,102,40
832,834,102,40
676,860,102,40
612,678,102,40
826,832,102,40
1181,1622,102,40
1190,1686,102,40
1170,1672,102,40
676,860,102,40
612,678,102,40
826,832,102,40
686,696,102,40
1181,1622,102,40
1190,1686,102,40
1170,1672,102,40
832,834,102,40
676,860,102,40
612,678,102,40
826,832,102,40
686,696,102,40
1181,1622,102,40
1190,1686,102,40
827,828,102,40
612,678,102,40
826,832,102,40
1181,1622,102,40
1613,1672,102,40
1190,1686,102,40
827,828,102,40
1181,1622,102,40
1170,1672,102,40
612,678,102,40
1613,1672,102,40
1190,1686,102,40
1170,1672,102,40
612,678,102,40
826,832,102,40
1181,1622,102,40
1613,1672,102,40
1190,1686,102,40
1181,1622,102,40
827,828,102,40
612,678,102,40
1613,1672,102,40
1190,1686,102,40
612,678,102,40
663,661,102,40
1181,1622,102,40
1190,1686,102,40
1170,1672,102,40
827,828,102,40
612,678,102,40
826,832,102,40
1190,1686,102,40
1181,1622,102,40
663,661,102,40
1170,1672,102,40
851,860,102,40
612,678,102,40
600,613,102,40
1181,1622,102,40
1613,1672,102,40
1190,1686,102,40
1170,1672,102,40
827,828,102,40
612,678,102,40
826,832,102,40
1181,1622,102,40
683,698,102,40
683,692,102,40
1190,1686,102,40
1170,1672,102,40
612,678,102,40
600,613,102,40
1181,1622,102,40
683,698,102,40
1170,1672,102,40
1181,1622,102,40
612,678,102,40
663,661,102,40
600,613,102,40
616,681,102,40
683,698,102,40
1170,1672,102,40
612,678,102,40
826,832,102,40
600,613,102,40
1181,1622,102,40
1170,1672,102,40
827,828,102,40
612,678,102,40
826,832,102,40
660,692,102,40
1181,1622,102,40
683,698,102,40
1170,1672,102,40
827,828,102,40
612,678,102,40
600,613,102,40
1181,1622,102,40
683,692,102,40
1613,1672,102,40
827,828,102,40
612,678,102,40
826,832,102,40
1181,1622,102,40
683,698,102,40
1613,1672,102,40
663,661,102,40
1164,1660,102,40
600,613,102,40
612,678,102,40
807,889,102,40
1181,1622,102,40
683,698,102,40
1613,1672,102,40
663,661,102,40
1170,1672,102,40
827,828,102,40
1181,1622,102,40
1170,1672,102,40
827,828,102,40
612,678,102,40
612,678,102,40
663,661,102,40
1181,1622,102,40
1613,1672,102,40
1190,1686,102,40
1170,1672,102,40
827,828,102,40
612,678,102,40
600,613,102,40
1181,1622,102,40
609,613,102,40
1190,1686,102,40
1170,1672,102,40
827,828,102,40
612,678,102,40
600,613,102,40
1181,1622,102,40
663,661,102,40
1170,1672,102,40
827,828,102,40
1181,1622,102,40
612,678,102,40
616,681,102,40
1618,1628,102,40
1613,1672,102,40
1190,1686,102,40
1170,1672,102,40
827,828,102,40
1170,1672,102,40
676,860,102,40
612,678,102,40
663,661,102,40
686,696,102,40
1181,1622,102,40
1492,1628,102,40
1618,1628,102,40
1190,1686,102,40
1181,1622,102,40
612,678,102,40
686,696,102,40
616,681,102,40
1492,1628,102,40
1618,1628,102,40
1190,1686,102,40
1170,1672,102,40
1181,1622,102,40
612,678,102,40
667,696,102,40
826,832,102,40
686,696,102,40
616,681,102,40
1492,1628,102,40
1618,1628,102,40
612,678,102,40
667,696,102,40
600,613,102,40
1181,1622,102,40
1492,1628,102,40
1618,1628,102,40
827,828,102,40
1181,1622,102,40
612,678,102,40
600,613,102,40
616,681,102,40
1492,1628,102,40
1618,1628,102,40
663,661,102,40
1170,1672,102,40
1492,1613,102,40
1181,1622,102,40
612,678,102,40
660,692,102,40
686,696,102,40
616,681,102,40
1492,1628,102,40
1618,1628,102,40
1170,1672,102,40
616,681,102,40
612,678,102,40
660,692,102,40
686,696,102,40
1492,1628,102,40
1181,1622,102,40
1618,1628,102,40
1170,1672,102,40
827,828,102,40
676,860,102,40
612,678,102,40
686,696,102,40
1181,1622,102,40
1492,1628,102,40
1618,1628,102,40
1170,1672,102,40
1170,1601,102,40
676,860,102,40
612,678,102,40
686,696,102,40
1181,1622,102,40
1492,1628,102,40
1618,1628,102,40
1170,1672,102,40
827,828,102,40
676,860,102,40
612,678,102,40
660,692,102,40
686,696,102,40
1181,1622,102,40
1492,1628,102,40
1618,1628,102,40
1613,1672,102,40
1170,1672,102,40
612,678,102,40
686,696,102,40
1181,1622,102,40
1492,1628,102,40
1618,1628,102,40
1170,1672,102,40
612,678,102,40
686,696,102,40
1181,1622,102,40
1492,1628,102,40
1618,1628,102,40
1613,1672,102,40
1170,1672,102,40
612,678,102,40
600,613,102,40
686,696,102,40
1181,1622,102,40
1492,1628,102,40
1618,1628,102,40
1613,1672,102,40
1190,1686,102,40
1170,1672,102,40
851,860,102,40
612,678,102,40
600,613,102,40
686,696,102,40
1181,1622,102,40
1492,1628,102,40
1618,1628,102,40
1613,1672,102,40
1190,1686,102,40
612,678,102,40
1181,1622,102,40
1492,1628,102,40
1618,1628,102,40
1613,1672,102,40
1190,1686,102,40
851,860,102,40
612,678,102,40
1181,1622,102,40
1492,1628,102,40
1618,1628,102,40
1190,1686,102,40
1170,1672,102,40
851,860,102,40
612,678,102,40
1181,1622,102,40
1492,1628,102,40
1618,1628,102,40
1190,1686,102,40
851,860,102,40
612,678,102,40
1181,1622,102,40
609,613,102,40
1492,1628,102,40
1618,1628,102,40
1170,1672,102,40
851,860,102,40
612,678,102,40
660,692,102,40
1181,1622,102,40
1492,1628,102,40
1618,1628,102,40
827,828,102,40
1181,1622,102,40
851,860,102,40
612,678,102,40
660,692,102,40
1492,1628,102,40
1618,1628,102,40
1190,1686,102,40
1170,1672,102,40
612,678,102,40
660,692,102,40
1181,1622,102,40
1492,1628,102,40
1618,1628,102,40
1190,1686,102,40
1170,1672,102,40
827,828,102,40
1170,1601,102,40
616,681,102,40
612,678,102,40
660,692,102,40
1181,1622,102,40
1492,1628,102,40
1618,1628,102,40
1613,1672,102,40
1170,1672,102,40
1181,1622,102,40
612,678,102,40
600,613,102,40
616,681,102,40
1618,1628,102,40
1613,1672,102,40
1170,1672,102,40
1181,1622,102,40
1632,1856,102,40
612,678,102,40
600,613,102,40
616,681,102,40
660,681,102,40
1618,1628,102,40
1613,1672,102,40
663,661,102,40
1170,1672,102,40
616,681,102,40
612,678,102,40
1190,1686,102,40
600,613,102,40
1181,1622,102,40
1618,1628,102,40
1613,1672,102,40
663,661,102,40
1170,1672,102,40
1181,1622,102,40
612,678,102,40
686,696,102,40
616,681,102,40
1618,1628,102,40
663,661,102,40
1170,1672,102,40
1492,1613,102,40
1170,1672,102,40
1190,1686,102,40
1618,1628,102,40
612,678,102,40
1181,1622,102,40
683,698,102,40
612,678,102,40
1618,1628,102,40
1181,1622,102,40
612,678,102,40
686,696,102,40
616,681,102,40
1618,1628,102,40
612,678,102,40
686,696,102,40
1181,1622,102,40
683,698,102,40
1492,1628,102,40
1618,1628,102,40
1170,1672,102,40
1181,1622,102,40
1170,1672,102,40
686,696,102,40
1618,1628,102,40
612,678,102,40
612,678,102,40
686,696,102,40
1181,1622,102,40
609,613,102,40
1618,1628,102,40
663,661,102,40
827,828,102,40
612,678,102,40
1181,1622,102,40
1618,1628,102,40
1613,1672,102,40
1170,1672,102,40
827,828,102,40
612,678,102,40
1181,1622,102,40
1618,1628,102,40
1613,1672,102,40
1170,1672,102,40
1181,1622,102,40
1170,1672,102,40
1618,1628,102,40
1613,1672,102,40
612,678,102,40
1181,1622,102,40
1170,1672,102,40
827,828,102,40
1618,1628,102,40
612,678,102,40
1181,1622,102,40
612,678,102,40
686,696,102,40
627,635,102,40
616,681,102,40
1618,1628,102,40
1170,1672,102,40
628,694,102,40
686,696,102,40
1181,1622,102,40
1618,1628,102,40
1613,1672,102,40
1170,1672,102,40
612,678,102,40
612,678,102,40
686,696,102,40
1181,1622,102,40
1618,1628,102,40
1613,1672,102,40
1170,1672,102,40
1181,1622,102,40
612,678,102,40
660,692,102,40
686,696,102,40
616,681,102,40
1618,1628,102,40
1170,1672,102,40
1181,1622,102,40
612,678,102,40
660,692,102,40
686,696,102,40
616,681,102,40
663,686,102,40
1618,1628,102,40
1613,1672,102,40
1170,1672,102,40
1181,1622,102,40
851,860,102,40
612,678,102,40
616,681,102,40
1618,1628,102,40
1613,1672,102,40
1170,1672,102,40
1181,1622,102,40
851,860,102,40
612,678,102,40
616,681,102,40
1618,1628,102,40
1613,1672,102,40
1170,1672,102,40
616,681,102,40
612,678,102,40
1181,1622,102,40
1618,1628,102,40
1613,1672,102,40
1170,1672,102,40
851,860,102,40
612,678,102,40
1181,1622,102,40
1618,1628,102,40
1170,1672,102,40
1181,1622,102,40
851,860,102,40
612,678,102,40
616,681,102,40
660,681,102,40
1618,1628,102,40
1181,1622,102,40
616,681,102,40
1618,1628,102,40
1613,1672,102,40
1181,1622,102,40
612,678,102,40
616,681,102,40
1618,1628,102,40
1613,1672,102,40
1181,1622,102,40
612,678,102,40
616,681,102,40
1618,1628,102,40
1613,1672,102,40
1492,1613,102,40
612,678,102,40
660,692,102,40
1181,1622,102,40
1618,1628,102,40
1613,1672,102,40
612,678,102,40
1181,1622,102,40
1618,1628,102,40
1613,1672,102,40
1181,1622,102,40
612,678,102,40
1613,1672,102,40
851,860,102,40
612,678,102,40
660,692,102,40
616,681,102,40
1181,1622,102,40
1618,1628,102,40
1613,1672,102,40
1170,1672,102,40
616,681,102,40
612,678,102,40
1181,1622,102,40
683,692,102,40
1618,1628,102,40
1613,1672,102,40
1181,1622,102,40
612,678,102,40
616,681,102,40
1618,1628,102,40
1613,1672,102,40
1190,1686,102,40
827,828,102,40
616,681,102,40
1181,1622,102,40
827,828,102,40
1618,1628,102,40
1190,1686,102,40
1170,1672,102,40
1181,1622,102,40
660,692,102,40
616,681,102,40
1618,1628,102,40
1613,1672,102,40
1190,1686,102,40
827,828,102,40
616,681,102,40
851,860,102,40
1181,1622,102,40
1618,1628,102,40
1613,1672,102,40
612,678,102,40
616,681,102,40
1181,1622,102,40
1618,1628,102,40
1613,1672,102,40
1181,1622,102,40
826,832,102,40
1618,1628,102,40
1613,1672,102,40
1170,1672,102,40
1181,1622,102,40
1632,1856,102,40
612,678,102,40
826,832,102,40
616,681,102,40
1618,1628,102,40
1613,1672,102,40
1170,1672,102,40
1181,1622,102,40
612,678,102,40
616,681,102,40
609,613,102,40
1618,1628,102,40
1613,1672,102,40
1170,1672,102,40
616,681,102,40
612,678,102,40
826,832,102,40
1181,1622,102,40
1618,1628,102,40
1613,1672,102,40
1170,1672,102,40
616,681,102,40
1181,1622,102,40
1618,1628,102,40
1170,1672,102,40
612,678,102,40
1181,1622,102,40
612,678,102,40
616,681,102,40
1618,1628,102,40
1170,1672,102,40
827,828,102,40
1181,1622,102,40
612,678,102,40
616,681,102,40
683,698,102,40
1618,1628,102,40
1613,1672,102,40
827,828,102,40
616,681,102,40
1181,1622,102,40
1618,1628,102,40
1613,1672,102,40
1181,1622,102,40
612,678,102,40
616,681,102,40
683,698,102,40
1618,1628,102,40
1181,1622,102,40
616,681,102,40
1613,1672,102,40
1170,1672,102,40
827,828,102,40
1181,1622,102,40
616,681,102,40
612,678,102,40
1613,1672,102,40
1170,1672,102,40
612,678,102,40
1181,1622,102,40
683,698,102,40
1613,1672,102,40
1170,1672,102,40
1181,1622,102,40
612,678,102,40
683,698,102,40
1613,1672,102,40
1170,1672,102,40
616,681,102,40
612,678,102,40
1181,1622,102,40
683,698,102,40
1613,1672,102,40
1170,1672,102,40
616,681,103,41
612,678,103,41
1181,1622,103,41
683,698,103,41
1613,1672,103,41
1170,1672,103,41
827,828,103,41
1181,1622,103,41
612,678,103,41
826,832,103,41
616,681,103,41
683,698,103,41
1492,1628,103,41
1613,1672,103,41
1170,1672,103,41
616,681,103,41
612,678,103,41
1181,1622,103,41
683,698,103,41
1492,1628,103,41
1613,1672,103,41
827,828,103,41
1492,1613,103,41
1181,1622,103,41
612,678,103,41
826,832,103,41
616,681,103,41
683,698,103,41
1170,1672,103,41
612,678,103,41
1181,1622,103,41
683,698,103,41
1170,1672,103,41
612,678,103,41
826,832,103,41
1181,1622,103,41
1170,1672,103,41
827,828,103,41
612,678,103,41
826,832,103,41
660,692,103,41
1181,1622,103,41
683,698,103,41
1170,1672,103,41
1181,1622,103,41
612,678,103,41
616,681,103,41
1492,1628,103,41
1613,1672,103,41
1170,1672,103,41
612,678,103,41
600,613,103,41
807,889,103,41
1181,1622,103,41
1170,1672,103,41
612,678,103,41
600,613,103,41
1181,1622,103,41
1613,1672,103,41
1170,1672,103,41
1190,1679,103,41
612,678,103,41
826,832,103,41
660,692,103,41
1181,1622,103,41
1492,1628,103,41
1613,1672,103,41
1170,1672,103,41
1492,1613,103,41
612,678,103,41
660,692,103,41
1181,1622,103,41
1170,1672,103,41
1181,1622,103,41
612,678,103,41
1613,1672,103,41
1492,1613,103,41
612,678,103,41
1181,1622,103,41
1613,1672,103,41
1170,1672,103,41
1181,1622,103,41
1170,1672,103,41
612,678,103,41
612,678,103,41
1181,1622,103,41
683,698,103,41
683,692,103,41
1170,1672,103,41
832,834,103,41
612,678,103,41
1181,1622,103,41
609,613,103,41
683,698,103,41
1170,1672,103,41
1181,1622,103,41
1170,1672,103,41
612,678,103,41
612,678,103,41
600,613,103,41
1181,1622,103,41
683,698,103,41
1613,1672,103,41
1170,1672,103,41
1492,1613,103,41
612,678,103,41
660,692,103,41
600,613,103,41
1181,1622,103,41
612,678,103,41
1181,1622,103,41
683,698,103,41
1613,1672,103,41
1170,1672,103,41
1492,1613,103,41
851,860,103,41
612,678,103,41
660,692,103,41
1181,1622,103,41
683,698,103,41
1613,1672,103,41
1170,1672,103,41
827,828,103,41
612,678,103,41
660,692,103,41
1181,1622,103,41
1170,1672,103,41
612,678,103,41
1181,1622,103,41
1613,1628,103,41
1170,1672,103,41
827,828,103,41
851,860,103,41
612,678,103,41
1181,1622,103,41
683,698,103,41
1613,1672,103,41
1170,1672,103,41
612,678,103,41
1181,1622,103,41
683,698,103,41
1170,1672,103,41
612,678,103,41
1181,1622,103,41
683,698,103,41
1170,1672,103,41
612,678,103,41
826,832,103,41
1181,1622,103,41
683,698,103,41
1170,1672,103,41
612,678,103,41
826,832,103,41
1181,1622,103,41
683,698,103,41
660,681,103,41
1170,1672,103,41
851,860,103,41
612,678,103,41
826,832,103,41
1181,1622,103,41
683,698,103,41
660,681,103,41
1613,1672,103,41
1170,1672,103,41
827,828,103,41
612,678,103,41
1181,1622,103,41
1492,1628,103,41
1613,1672,103,41
1170,1672,103,41
827,828,103,41
1181,1622,103,41
1170,1672,103,41
612,678,103,41
1181,1622,103,41
683,698,103,41
1170,1672,103,41
1181,1622,103,41
612,678,103,41
826,832,103,41
683,698,103,41
1170,1672,103,41
1181,1622,103,41
826,832,103,41
627,635,103,41
660,681,103,41
1613,1672,103,41
1170,1672,103,41
827,828,103,41
616,681,103,41
627,635,103,41
1181,1622,103,41
609,613,103,41
683,698,103,41
1613,1672,103,41
1170,1672,103,41
827,828,103,41
612,678,103,41
627,635,103,41
1181,1622,103,41
683,698,103,41
1613,1672,103,41
1170,1672,103,41
826,832,103,41
627,635,103,41
1181,1622,103,41
1613,1672,103,41
887,891,103,41
1181,1622,103,41
826,832,103,41
627,635,103,41
616,681,103,41
683,698,103,41
1190,1686,103,41
827,828,103,41
616,681,103,41
826,832,103,41
660,692,103,41
627,635,103,41
1181,1622,103,41
1613,1628,103,41
1613,1672,103,41
616,681,103,41
612,678,103,41
826,832,103,41
627,635,103,41
1181,1622,103,41
1613,1672,103,41
827,828,103,41
612,678,103,41
826,832,103,41
1181,1622,103,41
1613,1672,103,41
1181,1622,103,41
612,678,103,41
1613,1672,103,41
851,860,103,41
612,678,103,41
826,832,103,41
1181,1622,103,41
1492,1628,103,41
1190,1686,103,41
612,678,103,41
826,832,103,41
1181,1622,103,41
827,828,103,41
612,678,103,41
826,832,103,41
1181,1622,103,41
1492,1628,103,41
1190,1686,103,41
1170,1672,103,41
827,828,103,41
851,860,103,41
612,678,103,41
826,832,103,41
1181,1622,103,41
1492,1628,103,41
1190,1686,103,41
851,860,103,41
612,678,103,41
826,832,103,41
1181,1622,103,41
1492,1628,103,41
1190,1686,103,41
1170,1672,103,41
827,828,103,41
851,860,103,41
612,678,103,41
1190,1686,103,41
1181,1622,103,41
663,661,103,41
1170,1672,103,41
1632,1856,103,41
612,678,103,41
826,832,103,41
660,692,103,41
1181,1622,103,41
663,661,103,41
1170,1672,103,41
1632,1856,103,41
612,678,103,41
826,832,103,41
1181,1622,103,41
663,661,103,41
1632,1856,103,41
612,678,103,41
1181,1622,103,41
1170,1672,103,41
1181,1622,103,41
1632,1856,103,41
851,860,103,41
612,678,103,41
826,832,103,41
616,681,103,41
1492,1628,103,41
663,661,103,41
1170,1672,103,41
616,681,103,41
1632,1856,103,41
612,678,103,41
826,832,103,41
1181,1622,103,41
1613,1672,103,41
663,661,103,41
1170,1672,103,41
612,678,103,41
826,832,103,41
1181,1622,103,41
1613,1672,103,41
612,678,103,41
826,832,103,41
1181,1622,103,41
1492,1628,103,41
660,681,103,41
1613,1672,103,41
1170,1672,103,41
832,834,103,41
1492,1613,103,41
851,860,103,41
612,678,103,41
826,832,103,41
1181,1622,103,41
1613,1672,103,41
1170,1672,103,41
663,661,103,41
851,860,103,41
612,678,103,41
826,832,103,41
1181,1622,103,41
1613,1672,103,41
663,661,103,41
1170,1672,103,41
616,681,103,41
612,678,103,41
826,832,103,41
1181,1622,103,41
1613,1628,103,41
1618,1628,103,41
1613,1672,103,41
663,661,103,41
1170,1672,103,41
832,834,103,41
1492,1613,103,41
612,678,103,41
1190,1686,103,41
1181,1622,103,41
683,698,103,41
1618,1628,103,41
1613,1672,103,41
663,661,103,41
1170,1672,103,41
832,834,103,41
851,860,103,41
612,678,103,41
826,832,103,41
1181,1622,103,41
1618,1628,103,41
1613,1672,103,41
1170,1672,103,41
612,678,103,41
826,832,103,41
627,635,103,41
1181,1622,103,41
1618,1628,103,41
1613,1672,103,41
1190,1686,103,41
1170,1672,103,41
827,828,103,41
612,678,103,41
826,832,103,41
1181,1622,103,41
1618,1628,103,41
1613,1672,103,41
1170,1672,103,41
1492,1613,103,41
1181,1622,103,41
612,678,103,41
616,652,103,41
826,832,103,41
660,681,103,41
1618,1628,103,41
1613,1672,103,41
1170,1672,103,41
612,678,103,41
616,652,103,41
826,832,103,41
627,635,103,41
1181,1622,103,41
1618,1628,103,41
1613,1672,103,41
1170,1672,103,41
1181,1622,103,41
1618,1628,103,41
660,692,103,41
1181,1622,103,41
651,661,103,41
683,692,103,41
1618,1628,103,41
1613,1672,103,41
663,661,103,41
1170,1672,103,41
612,678,103,41
660,692,103,41
1181,1622,103,41
683,692,103,41
1618,1628,103,41
663,661,103,41
612,678,103,41
660,692,103,41
1181,1622,103,41
1618,1628,103,41
663,661,103,41
1170,1672,103,41
827,828,103,41
612,678,103,41
826,832,103,41
686,696,103,41
1181,1622,103,41
609,613,103,41
1618,1628,103,41
1170,1672,103,41
612,678,103,41
1181,1622,103,41
609,613,103,41
1618,1628,103,41
663,661,103,41
1170,1672,103,41
612,678,103,41
826,832,103,41
1181,1622,103,41
609,613,103,41
1618,1628,103,41
663,661,103,41
1170,1672,103,41
832,834,103,41
612,678,103,41
1181,1622,103,41
609,613,103,41
660,681,103,41
1618,1628,103,41
1170,1672,103,41
612,678,103,41
1181,1622,103,41
609,613,103,41
1618,1628,103,41
1613,1672,103,41
612,678,103,41
1181,1622,103,41
1618,1628,103,41
1181,1622,103,41
851,860,103,41
612,678,103,41
616,681,103,41
609,613,103,41
1618,1628,103,41
663,661,103,41
1632,1856,103,41
612,678,103,41
616,681,103,41
1618,1628,103,41
1613,1672,103,41
1613,1632,103,41
612,678,103,41
1618,1628,103,41
612,678,103,41
1181,1622,103,41
1618,1628,103,41
1190,1686,103,41
612,678,103,41
826,832,103,41
600,613,103,41
1181,1622,103,41
609,613,103,41
1618,1628,103,41
1190,1686,103,41
1632,1856,103,41
612,678,103,41
826,832,103,41
1181,1622,103,41
609,613,103,41
1618,1628,103,41
1190,1686,103,41
612,678,103,41
826,832,103,41
1181,1622,103,41
683,692,103,41
1618,1628,103,41
1613,1672,103,41
1190,1686,103,41
1170,1672,103,41
1632,1856,103,41
612,678,103,41
826,832,103,41
1181,1622,103,41
1618,1628,103,41
1613,1672,103,41
1190,1686,103,41
1632,1856,103,41
612,678,103,41
1181,1622,103,41
683,692,103,41
1618,1628,103,41
1613,1672,103,41
1170,1672,103,41
827,828,103,41
1181,1622,103,41
1632,1856,103,41
612,678,103,41
660,692,103,41
616,681,103,41
609,613,103,41
1618,1628,103,41
1170,1672,103,41
827,828,103,41
1170,1672,103,41
612,678,103,41
660,692,103,41
1181,1622,103,41
609,613,103,41
1618,1628,103,41
1190,1686,103,41
1181,1622,103,41
612,678,103,41
616,681,103,41
1618,1628,103,41
1181,1622,103,41
612,678,103,41
616,681,103,41
1618,1628,103,41
1613,1672,103,41
1170,1672,103,41
1632,1856,103,41
612,678,103,41
1181,1622,103,41
1618,1628,103,41
1613,1672,103,41
1190,1686,103,41
1170,1672,103,41
612,678,103,41
1181,1622,103,41
1618,1628,103,41
1613,1672,103,41
1170,1672,103,41
851,860,103,41
612,678,103,41
1618,1628,103,41
1613,1672,103,41
623,681,103,41
1170,1672,103,41
612,678,103,41
1181,1622,103,41
1618,1628,103,41
1613,1672,103,41
1170,1672,103,41
827,828,103,41
612,678,103,41
1181,1622,103,41
1618,1628,103,41
1190,1686,103,41
1170,1672,103,41
827,828,103,41
612,678,103,41
807,889,103,41
1181,1622,103,41
1618,1628,103,41
1190,1686,103,41
1170,1672,103,41
1181,1622,103,41
612,678,103,41
807,889,103,41
616,681,103,41
1618,1628,103,41
1170,1672,103,41
827,828,103,41
851,860,103,41
612,678,103,41
1181,1622,103,41
1618,1628,103,41
1170,1672,103,41
827,828,103,41
612,678,103,41
1181,1622,103,41
1618,1628,103,41
1613,1672,103,41
1170,1672,103,41
612,678,103,41
807,889,103,41
1181,1622,103,41
1618,1628,103,41
1613,1672,103,41
1170,1672,103,41
1181,1622,103,41
1170,1672,103,41
1618,1628,103,41
1613,1672,103,41
612,678,103,41
1170,1672,103,41
827,828,103,41
1618,1628,103,41
1181,1622,103,41
1170,1672,103,41
1618,1628,103,41
612,678,103,41
1170,1672,103,41
612,678,103,41
1618,1628,103,41
1170,1672,103,41
827,828,103,41
851,860,103,41
1618,1628,103,41
612,678,103,41
1181,1622,103,41
612,678,103,41
807,889,103,41
616,681,103,41
1618,1628,103,41
832,834,103,41
612,678,103,41
1181,1622,103,41
1618,1628,103,41
1170,1672,103,41
827,828,103,41
832,834,103,41
1170,1672,103,41
612,678,103,41
1618,1628,103,41
1181,1622,103,41
1170,1672,103,41
832,834,103,41
1618,1628,103,41
612,678,103,41
612,678,103,41
1181,1622,103,41
683,692,103,41
1618,1628,103,41
1170,1672,103,41
832,834,103,41
1181,1622,103,41
832,834,103,41
683,692,103,41
1618,1628,103,41
612,678,103,41
1181,1622,103,41
660,681,103,41
683,692,103,41
612,678,103,41
1618,1628,103,41
612,678,103,41
600,613,103,41
686,696,103,41
1181,1622,103,41
683,692,103,41
1618,1628,103,41
623,681,103,41
660,681,103,41
832,834,103,41
635,683,103,41
1181,1622,103,41
612,678,103,41
686,696,103,41
616,681,103,41
1618,1628,103,41
663,661,103,41
635,698,103,41
652,660,103,41
612,678,103,41
627,635,103,41
686,696,103,41
1181,1622,103,41
660,681,103,41
1618,1628,103,41
1170,1672,103,41
656,682,103,41
616,652,103,41
1618,1628,103,41
652,656,103,41
652,682,103,41
612,678,103,41
612,678,103,41
1618,1628,103,41
832,834,103,41
612,678,103,41
823,893,103,41
1181,1622,103,41
1618,1628,103,41
636,667,103,41
652,656,103,41
1181,1622,103,41
612,678,103,41
893,896,103,41
663,681,103,41
651,896,103,41
652,656,103,41
1618,1628,103,41
1170,1672,103,41
623,893,103,41
623,896,103,41
612,678,103,41
1618,1628,103,41
1492,1613,103,41
612,678,103,41
616,692,103,41
623,893,103,41
1618,1628,103,41
1613,1672,103,41
623,681,103,41
1170,1672,103,41
851,860,103,41
612,678,103,41
883,886,103,41
893,896,103,41
663,681,103,41
1181,1622,103,41
694,893,103,41
1618,1628,103,41
1613,1672,103,41
1170,1672,103,41
612,678,103,41
681,694,103,41
893,896,103,41
616,692,103,41
636,692,103,41
1618,1628,103,41
1613,1672,103,41
1170,1672,103,41
612,678,103,41
636,683,103,41
616,692,103,41
636,692,103,41
1618,1628,103,41
1613,1672,103,41
1170,1672,103,41
812,884,103,41
612,678,103,41
826,832,103,41
616,692,103,41
636,692,103,41
1618,1628,103,41
1613,1672,103,41
1170,1672,103,41
612,678,103,41
1164,1190,103,41
616,692,103,41
1618,1628,103,41
1613,1672,103,41
1170,1672,103,41
827,828,103,41
821,886,103,41
1618,1628,103,41
1613,1672,103,41
616,636,103,41
881,891,103,41
636,683,103,41
821,886,103,41
616,683,103,41
1108,1601,103,41
616,692,103,41
1181,1622,103,41
636,692,103,41
1618,1628,103,41
616,683,103,41
824,880,103,41
880,887,103,41
683,692,103,41
619,699,103,41
1170,1672,103,41
619,685,103,41
851,860,103,41
606,611,103,41
1108,1601,103,41
880,887,103,41
685,699,103,41
619,699,103,41
683,692,103,41
1629,1632,103,41
1170,1672,103,41
619,685,103,41
821,883,103,41
626,698,103,41
851,860,103,41
619,699,103,41
619,685,103,41
685,699,103,41
1181,1622,103,41
605,641,103,41
683,692,103,41
1181,1645,103,41
1651,1674,103,41
616,692,103,41
832,834,103,41
619,685,103,41
652,682,103,41
605,685,103,41
641,699,103,41
638,1672,103,41
685,699,103,41
605,641,103,41
1181,1645,103,41
646,684,103,41
605,619,103,41
605,699,103,41
665,602,103,41
638,1672,103,41
626,698,103,41
1181,1622,103,41
809,880,103,41
666,683,103,41
853,855,103,41
880,887,103,41
626,698,103,41
1181,1622,103,41
628,636,103,41
683,692,103,41
646,684,103,41
827,828,103,41
605,1649,103,41
616,683,103,41
1628,1686,103,41
616,692,103,41
1181,1622,103,41
683,692,103,41
646,684,103,41
1601,1856,103,41
626,698,103,41
832,869,103,41
855,863,103,41
616,683,103,41
854,858,103,41
1181,1622,103,41
683,692,103,41
646,684,103,41
683,692,103,41
836,863,103,41
855,863,103,41
836,855,103,41
1601,1856,103,41
1164,1622,103,41
1164,1645,103,41
611,649,103,41
1164,1622,103,41
616,692,103,41
611,649,103,41
683,692,103,41
1164,1622,103,41
616,692,103,41
628,636,103,41
683,692,103,41
626,698,103,41
628,636,103,41
628,636,103,41
626,698,103,41
628,636,103,41
1164,1622,103,41
616,683,103,41
628,636,103,41
855,869,103,41
855,857,103,41
855,869,103,41
683,692,103,41
600,613,103,41
1181,1651,103,41
600,613,103,41
600,613,103,41
1181,1651,103,41
669,1190,103,41
669,1190,103,41
1181,1651,103,41
1181,1651,103,41
1181,1651,103,41
669,1190,103,41
1181,1651,103,41
669,1190,103,41
1181,1651,103,41
669,1190,103,41
628,636,103,41
669,1190,103,41
628,636,103,41
669,1190,103,41
669,1190,103,41
1170,1672,103,41
855,869,103,41
669,1190,103,41
1658,1674,103,41
669,695,103,41
620,669,103,41
1190,1658,103,41
855,869,103,41
669,1190,103,41
1651,1674,103,41
669,1190,103,41
669,1686,103,41
669,1686,103,41
669,674,103,41
669,674,103,41
669,1190,103,41
669,1686,103,41
674,1686,103,41
669,674,103,41
669,1190,103,41
681,694,103,41
669,1190,103,41
669,1190,103,41
669,1190,103,41
628,636,103,41
681,694,103,41
669,1190,103,41
681,694,103,41
669,1190,103,41
1651,1674,103,41
681,694,103,41
681,694,103,41
681,694,103,41
1170,1672,103,41
681,694,103,41
1190,1644,103,41
1170,1672,103,41
1190,1644,103,41
681,694,103,41
1170,1672,103,41
1170,1672,103,41
628,636,103,41
1170,1672,103,41
628,636,103,41
628,636,103,41
1674,1678,103,41
1190,1644,103,41
1674,1678,103,41
1170,1672,103,41
1674,1678,103,41
681,694,103,41
628,636,103,41
1170,1672,103,41
681,694,103,41
1613,1672,103,41
1190,1644,103,41
601,827,103,41
681,694,103,41
1613,1672,103,41
1170,1672,103,41
1170,1672,103,41
681,694,103,41
1170,1672,103,41
1170,1613,103,41
681,694,103,41
1170,1672,103,41
1170,1672,103,41
681,694,103,41
1170,1672,103,41
1651,1672,103,41
1170,1678,103,41
1181,1674,103,41
1148,1190,103,41
1148,1672,103,41
1148,1190,103,41
1170,1672,103,41
1613,1672,103,41
1672,1678,103,41
867,868,103,41
681,694,103,41
1170,1672,103,41
867,868,103,41
1181,1674,103,41
1190,1632,103,41
628,636,103,41
1170,1672,103,41
1671,1672,103,41
867,868,103,41
681,694,103,41
1632,1671,103,41
1170,1672,103,41
1632,1672,103,41
1671,1672,103,41
1613,1632,103,41
1148,1190,103,41
641,699,103,41
619,641,103,41
1613,1672,103,41
609,627,103,41
685,699,103,41
619,638,103,41
628,636,103,41
609,627,103,41
623,654,103,41
609,627,103,41
641,699,103,41
623,654,103,41
609,627,103,41
619,638,103,41
623,654,103,41
609,627,103,41
641,699,103,41
860,868,103,41
867,868,103,41
623,654,103,41
609,627,103,41
641,862,103,41
641,699,103,41
699,863,103,41
623,654,103,41
609,627,103,41
1658,1672,103,41
699,863,103,41
623,654,103,41
609,627,103,41
619,638,103,41
623,654,103,41
623,654,103,41
851,860,103,41
1190,1644,103,41
623,654,103,41
641,699,103,41
1181,1674,103,41
623,654,103,41
1658,1674,103,41
851,860,103,41
1190,1644,103,41
1190,1644,103,41
1181,1674,103,41
1190,1644,103,41
1190,1644,103,41
681,694,103,41
654,694,103,41
681,694,103,41
1148,1644,103,41
1658,1678,103,41
681,694,103,41
699,862,103,41
1658,1678,103,41
641,699,103,41
1658,1678,103,41
654,694,103,41
654,694,103,41
641,862,103,41
641,699,103,41
1181,1674,103,41
1658,1678,103,41
854,858,103,41
669,687,103,41
641,699,103,41
681,694,103,41
641,862,103,41
1181,1674,103,41
681,694,103,41
854,858,103,41
1181,1674,103,41
1658,1678,103,41
1181,1674,103,41
1658,1678,103,41
1181,1658,103,41
681,694,103,41
1181,1674,103,41
641,699,103,41
669,687,103,41
1181,1674,103,41
1190,1644,103,41
641,699,103,41
669,687,103,41
1658,1674,103,41
1190,1644,103,41
662,669,103,41
1658,1674,103,41
1651,1674,103,41
669,687,103,41
1181,1674,103,41
1658,1674,103,41
1658,1674,103,41
641,699,103,41
1181,1674,103,41
1658,1678,103,41
1181,1674,103,41
1658,1674,103,41
646,684,103,41
1181,1674,103,41
646,669,103,41
1658,1674,103,41
1181,1674,103,41
627,635,103,41
1658,1674,103,41
654,661,103,41
1181,1674,103,41
1651,1674,103,41
1148,1644,103,41
627,635,103,41
1181,1674,103,41
1170,1672,103,41
1190,1644,103,41
1651,1674,103,41
1148,1644,103,41
1190,1644,103,41
1181,1674,103,41
1170,1672,103,41
1170,1672,103,41
652,656,103,41
831,868,103,41
609,635,103,41
609,627,103,41
627,635,103,41
1181,1651,103,41
609,635,103,41
681,694,103,41
627,635,103,41
684,1651,103,41
609,627,103,41
1190,1644,103,41
609,627,103,41
1170,1672,103,41
641,699,103,41
627,635,103,41
684,1181,103,41
1170,1672,103,41
1651,1674,103,41
1190,1671,103,41
641,863,103,41
684,1181,103,41
1170,1672,103,41
1613,1672,103,41
641,863,103,41
1632,1671,103,41
1613,1672,103,41
1190,1644,103,41
1170,1672,103,41
1651,1674,103,41
831,868,103,41
1170,1672,103,41
1651,1674,103,41
641,863,103,41
1170,1672,103,41
1651,1674,103,41
1613,1672,103,41
1170,1672,103,41
627,635,103,41
1613,1672,103,41
1170,1672,103,41
654,681,103,41
609,635,103,41
623,1678,103,41
1170,1672,103,41
623,1678,103,41
1148,1644,103,41
1613,1672,103,41
661,834,103,41
1170,1672,103,41
623,1678,103,41
1613,1672,103,41
661,834,103,41
627,658,103,41
627,635,103,41
609,627,103,41
1613,1672,103,41
1658,1674,103,41
1170,1672,103,41
654,681,103,41
623,1678,103,41
627,635,103,41
1672,1674,103,41
1613,1672,103,41
1170,1672,103,41
623,1678,103,41
1148,1686,103,41
627,1678,103,41
1672,1674,103,41
1658,1674,103,41
1170,1672,103,41
1651,1674,103,41
623,1678,103,41
620,674,103,41
1672,1674,103,41
1658,1674,103,41
1170,1672,103,41
1651,1674,103,41
623,1678,103,41
855,869,103,41
641,695,103,41
854,858,103,41
699,862,103,41
1658,1674,103,41
1170,1672,103,41
1651,1674,103,41
623,1678,103,41
855,869,103,41
1672,1674,103,41
623,1678,103,41
1658,1674,103,41
1170,1672,103,41
1651,1674,103,41
609,661,103,41
1651,1658,103,41
1672,1674,103,41
1190,1492,103,41
1651,1674,103,41
1170,1672,103,41
623,1678,103,41
609,661,103,41
654,681,103,41
651,681,103,41
681,694,103,41
1672,1674,103,41
609,627,103,41
623,1678,103,41
1190,1644,103,41
1170,1672,103,41
1651,1674,103,41
627,661,103,41
609,661,103,41
681,694,103,41
1672,1674,103,41
695,699,103,41
1170,1672,103,41
654,681,103,41
1651,1674,103,41
681,694,103,41
1672,1674,103,41
609,661,103,41
1651,1674,103,41
1190,1644,103,41
851,864,103,41
1170,1672,103,41
654,681,103,41
1170,1674,103,41
623,1678,103,41
654,694,103,41
855,869,103,41
641,699,103,41
1672,1674,103,41
1492,1674,103,41
1170,1672,103,41
1651,1674,103,41
1170,1674,103,41
1164,1645,104,42
641,699,104,42
1672,1674,104,42
1492,1674,104,42
1658,1674,104,42
1170,1672,104,42
1651,1674,104,42
1651,1658,104,42
641,699,104,42
1672,1674,104,42
1658,1672,104,42
1658,1674,104,42
1170,1672,104,42
1651,1674,104,42
1170,1672,104,42
654,681,104,42
641,699,104,42
1651,1674,104,42
623,1678,104,42
620,674,104,42
681,694,104,42
1672,1674,104,42
1492,1674,104,42
1170,1672,104,42
654,681,104,42
1651,1674,104,42
1170,1672,104,42
1164,1645,104,42
681,694,104,42
1632,1671,104,42
1492,1674,104,42
1492,1651,104,42
1190,1644,104,42
1632,1662,104,42
1164,1671,104,42
1190,1644,104,42
1170,1672,104,42
654,681,104,42
654,694,104,42
827,834,104,42
1651,1678,104,42
1674,1678,104,42
1170,1672,104,42
654,681,104,42
1651,1674,104,42
641,685,104,42
641,699,104,42
1674,1678,104,42
654,681,104,42
1164,1644,104,42
827,834,104,42
1181,1651,104,42
641,685,104,42
641,699,104,42
681,694,104,42
1164,1190,104,42
1674,1678,104,42
1181,1678,104,42
654,681,104,42
1492,1678,104,42
628,636,104,42
641,699,104,42
1181,1651,104,42
1164,1644,104,42
1674,1678,104,42
1148,1658,104,42
654,681,104,42
812,884,104,42
1492,1678,104,42
628,636,104,42
1672,1678,104,42
1181,1651,104,42
681,694,104,42
641,699,104,42
1662,1678,104,42
1492,1674,104,42
1674,1678,104,42
1170,1672,104,42
654,681,104,42
1492,1678,104,42
1672,1678,104,42
1181,1651,104,42
857,869,104,42
641,699,104,42
834,884,104,42
1164,1644,104,42
1492,1674,104,42
1674,1678,104,42
641,678,104,42
1170,1672,104,42
1181,1678,104,42
1148,1658,104,42
654,681,104,42
641,699,104,42
857,869,104,42
1164,1644,104,42
880,887,104,42
654,667,104,42
1674,1678,104,42
1662,1674,104,42
641,685,104,42
1181,1678,104,42
1170,1672,104,42
654,681,104,42
654,694,104,42
667,681,104,42
855,857,104,42
1672,1678,104,42
884,887,104,42
1674,1678,104,42
641,685,104,42
857,869,104,42
1170,1672,104,42
814,895,104,42
1148,1662,104,42
1181,1651,104,42
641,685,104,42
667,849,104,42
1164,1644,104,42
1674,1678,104,42
1148,1658,104,42
1658,1662,104,42
1170,1672,104,42
628,636,104,42
1672,1678,104,42
1148,1662,104,42
1148,1658,104,42
1181,1651,104,42
641,685,104,42
1181,1674,104,42
1674,1678,104,42
1658,1662,104,42
1170,1672,104,42
855,869,104,42
1651,1662,104,42
855,857,104,42
1672,1678,104,42
1148,1662,104,42
1181,1651,104,42
1181,1674,104,42
1170,1678,104,42
855,869,104,42
1148,1658,104,42
1170,1672,104,42
1651,1674,104,42
807,893,104,42
654,694,104,42
1672,1678,104,42
667,847,104,42
1181,1674,104,42
667,817,104,42
1170,1672,104,42
807,893,104,42
817,847,104,42
1672,1678,104,42
667,817,104,42
636,893,104,42
1181,1674,104,42
683,692,104,42
1613,1672,104,42
1170,1672,104,42
628,817,104,42
817,847,104,42
1672,1678,104,42
641,699,104,42
641,685,104,42
855,893,104,42
1181,1674,104,42
683,1181,104,42
683,1658,104,42
683,692,104,42
1170,1672,104,42
641,699,104,42
893,898,104,42
1658,1674,104,42
1170,1672,104,42
654,681,104,42
641,699,104,42
1181,1674,104,42
641,699,104,42
1181,1674,104,42
685,699,104,42
699,1674,104,42
1651,1674,104,42
616,683,104,42
666,1686,104,42
1181,1674,104,42
1181,1686,104,42
683,698,104,42
654,681,104,42
666,1181,104,42
1181,1674,104,42
666,1181,104,42
641,699,104,42
636,809,104,42
1651,1686,104,42
681,694,104,42
1181,1674,104,42
1164,1644,104,42
681,694,104,42
1613,1672,104,42
654,681,104,42
1164,1644,104,42
1613,1672,104,42
1181,1674,104,42
641,691,104,42
1164,1644,104,42
1181,1674,104,42
681,694,104,42
681,694,104,42
621,684,104,42
1613,1672,104,42
1164,1644,104,42
681,694,104,42
1492,1651,104,42
1651,1674,104,42
621,684,104,42
641,699,104,42
1613,1672,104,42
621,684,104,42
1613,1672,104,42
1644,1645,104,42
681,694,104,42
641,691,104,42
1181,1674,104,42
641,691,104,42
1613,1672,104,42
1170,1672,104,42
1651,1674,104,42
1613,1672,104,42
1613,1672,104,42
684,695,104,42
1181,1674,104,42
1613,1672,104,42
1170,1672,104,42
1613,1672,104,42
1170,1672,104,42
1613,1672,104,42
1170,1672,104,42
1181,1674,104,42
684,695,104,42
681,694,104,42
684,695,104,42
1181,1674,104,42
1170,1672,104,42
684,695,104,42
1492,1651,104,42
619,684,104,42
684,695,104,42
1181,1674,104,42
1170,1672,104,42
1492,1651,104,42
1170,1672,104,42
1492,1651,104,42
1181,1674,104,42
619,684,104,42
1492,1651,104,42
1170,1672,104,42
1170,1672,104,42
1492,1651,104,42
684,695,104,42
619,684,104,42
619,684,104,42
1613,1672,104,42
1148,1658,104,42
1492,1651,104,42
1613,1672,104,42
619,684,104,42
1613,1672,104,42
1181,1674,104,42
684,695,104,42
619,684,104,42
1613,1672,104,42
684,695,104,42
1181,1674,104,42
1613,1672,104,42
1148,1658,104,42
1613,1672,104,42
1148,1658,104,42
1181,1674,104,42
1651,1674,104,42
1181,1674,104,42
619,684,104,42
1613,1672,104,42
1651,1674,104,42
1613,1672,104,42
1651,1674,104,42
1164,1644,104,42
1613,1672,104,42
621,684,104,42
619,684,104,42
684,695,104,42
1613,1672,104,42
1651,1674,104,42
621,684,104,42
600,613,104,42
1651,1674,104,42
1613,1672,104,42
1170,1672,104,42
1613,1672,104,42
1170,1672,104,42
1651,1674,104,42
1613,1672,104,42
1170,1672,104,42
1651,1674,104,42
641,699,104,42
1613,1672,104,42
641,699,104,42
1613,1672,104,42
1170,1672,104,42
684,695,104,42
619,684,104,42
1651,1674,104,42
636,869,104,42
641,699,104,42
1613,1672,104,42
1170,1672,104,42
641,1674,104,42
646,684,104,42
619,684,104,42
641,1674,104,42
1170,1672,104,42
641,699,104,42
1181,1674,104,42
641,1674,104,42
1170,1672,104,42
1651,1674,104,42
641,699,104,42
1181,1674,104,42
1170,1672,104,42
1651,1674,104,42
641,699,104,42
1492,1651,104,42
1613,1672,104,42
1651,1674,104,42
641,699,104,42
1613,1672,104,42
1651,1674,104,42
641,699,104,42
1613,1672,104,42
1651,1674,104,42
641,699,104,42
1613,1672,104,42
641,1674,104,42
641,699,104,42
1613,1672,104,42
641,1674,104,42
1651,1674,104,42
641,699,104,42
1613,1672,104,42
1658,1678,104,42
641,699,104,42
681,694,104,42
1148,1678,104,42
1613,1672,104,42
1148,1658,104,42
641,1674,104,42
1170,1672,104,42
1651,1674,104,42
1164,1644,104,42
1613,1678,104,42
641,699,104,42
1658,1678,104,42
1170,1672,104,42
1148,1658,104,42
641,1674,104,42
1148,1658,104,42
1651,1674,104,42
641,699,104,42
619,695,104,42
641,1674,104,42
641,699,104,42
1181,1674,104,42
1658,1678,104,42
851,864,104,42
1651,1674,104,42
641,699,104,42
1613,1678,104,42
619,695,104,42
641,699,104,42
1613,1678,104,42
641,699,104,42
641,1674,104,42
1613,1672,104,42
851,864,104,42
1651,1674,104,42
1613,1678,104,42
641,699,104,42
1181,1674,104,42
1613,1672,104,42
636,864,104,42
1651,1674,104,42
1170,1672,104,42
1651,1674,104,42
641,699,104,42
619,684,104,42
1613,1678,104,42
641,699,104,42
1181,1674,104,42
619,695,104,42
636,864,104,42
1170,1672,104,42
1651,1674,104,42
619,684,104,42
851,864,104,42
1651,1674,104,42
641,699,104,42
641,1674,104,42
684,695,104,42
641,699,104,42
1651,1674,104,42
1651,1674,104,42
641,699,104,42
619,684,104,42
851,864,104,42
684,695,104,42
641,699,104,42
641,699,104,42
619,684,104,42
636,864,104,42
684,695,104,42
641,699,104,42
1613,1672,104,42
1170,1672,104,42
641,699,104,42
619,684,104,42
1613,1672,104,42
636,864,104,42
1613,1672,104,42
851,864,104,42
641,699,104,42
1613,1672,104,42
851,864,104,42
1651,1674,104,42
641,699,104,42
1613,1672,104,42
851,864,104,42
1170,1672,104,42
1613,1672,104,42
851,864,104,42
1170,1672,104,42
1164,1644,104,42
1170,1672,104,42
636,864,104,42
860,869,104,42
1170,1672,104,42
1613,1672,104,42
851,864,104,42
636,860,104,42
1613,1672,104,42
851,864,104,42
636,860,104,42
851,860,104,42
1613,1672,104,42
860,864,104,42
851,864,104,42
851,860,104,42
1613,1672,104,42
1170,1672,104,42
636,860,104,42
1613,1672,104,42
636,851,104,42
860,864,104,42
851,860,104,42
1613,1672,104,42
636,860,104,42
860,864,104,42
641,691,104,42
1170,1672,104,42
646,684,104,42
619,684,104,42
636,851,104,42
641,691,104,42
1613,1672,104,42
860,864,104,42
851,860,104,42
1613,1672,104,42
636,860,104,42
1181,1674,104,42
641,691,104,42
1651,1674,104,42
619,695,104,42
851,860,104,42
851,860,104,42
636,860,104,42
619,695,104,42
851,864,104,42
1170,1672,104,42
1651,1674,104,42
1651,1674,104,42
1613,1672,104,42
851,860,104,42
641,691,104,42
1181,1674,104,42
636,860,104,42
1492,1674,104,42
1613,1672,104,42
851,860,104,42
636,860,104,42
641,691,104,42
1613,1672,104,42
636,860,104,42
1613,1672,104,42
860,864,104,42
851,864,104,42
1492,1651,104,42
1613,1672,104,42
851,860,104,42
1651,1674,104,42
638,695,104,42
636,851,104,42
1613,1672,104,42
851,860,104,42
638,695,104,42
851,860,104,42
636,860,104,42
638,695,104,42
1148,1678,104,42
1613,1672,104,42
1651,1674,104,42
636,851,104,42
851,860,104,42
636,860,104,42
638,695,104,42
1148,1678,104,42
1613,1672,104,42
636,851,104,42
851,860,104,42
1651,1674,104,42
638,695,104,42
883,890,104,42
1613,1672,104,42
851,860,104,42
1651,1674,104,42
638,695,104,42
1613,1672,104,42
1651,1674,104,42
851,860,104,42
1651,1674,104,42
638,695,104,42
1613,1672,104,42
1651,1674,104,42
641,691,104,42
692,698,104,42
851,860,104,42
1613,1672,104,42
1181,1674,104,42
1148,1678,104,42
641,691,104,42
803,807,104,42
1651,1674,104,42
803,807,104,42
1651,1674,104,42
626,698,104,42
1613,1672,104,42
646,684,104,42
851,860,104,42
665,602,104,42
619,638,104,42
638,695,104,42
626,698,104,42
1148,1678,104,42
1613,1672,104,42
851,860,104,42
619,638,104,42
638,695,104,42
626,698,104,42
1613,1672,104,42
851,860,104,42
1613,1672,104,42
619,638,104,42
638,695,104,42
619,695,104,42
641,691,104,42
1651,1674,104,42
851,860,104,42
1613,1672,104,42
841,854,104,42
1164,1644,104,42
638,695,104,42
626,698,104,42
641,691,104,42
851,860,104,42
1613,1672,104,42
638,695,104,42
641,691,104,42
803,807,104,42
851,860,104,42
681,694,104,42
1613,1672,104,42
851,860,104,42
638,695,104,42
1613,1672,104,42
626,698,104,42
638,695,104,42
851,860,104,42
638,695,104,42
851,860,104,42
626,698,104,42
855,868,104,42
851,860,104,42
638,695,104,42
626,698,104,42
1613,1672,104,42
1170,1672,104,42
692,698,104,42
1613,1672,104,42
692,698,104,42
851,860,104,42
867,868,104,42
1613,1672,104,42
621,638,104,42
851,860,104,42
1613,1672,104,42
851,860,104,42
814,889,104,42
1492,1651,104,42
855,869,104,42
851,860,104,42
831,868,104,42
1613,1672,104,42
867,868,104,42
851,860,104,42
1651,1674,104,42
1613,1672,104,42
851,860,104,42
619,638,104,42
626,698,104,42
1613,1672,104,42
1651,1674,104,42
626,692,104,42
1651,1674,104,42
636,860,104,42
851,860,104,42
1164,1644,104,42
1651,1674,104,42
851,860,104,42
683,838,104,42
1613,1672,104,42
851,860,104,42
1651,1674,104,42
683,692,104,42
1613,1672,104,42
851,860,104,42
1622,1645,104,42
646,695,104,42
1613,1672,104,42
683,692,104,42
1651,1674,104,42
851,860,104,42
1164,1644,104,42
626,698,104,42
683,692,104,42
1613,1672,104,42
646,695,104,42
1651,1674,104,42
851,860,104,42
1492,1651,104,42
1622,1645,104,42
815,896,104,42
636,860,104,42
1181,1674,104,42
683,692,104,42
1613,1672,104,42
1651,1674,104,42
851,860,104,42
1492,1651,104,42
1181,1674,104,42
641,699,104,42
815,896,104,42
1613,1672,104,42
1170,1672,104,42
815,887,104,42
851,860,104,42
1181,1674,104,42
626,698,104,42
838,852,104,42
689,1622,104,42
1613,1672,104,42
1170,1672,104,42
887,896,104,42
851,860,104,42
815,887,104,42
1613,1672,104,42
1651,1674,104,42
619,646,104,42
851,860,104,42
626,698,104,42
1613,1672,104,42
646,684,104,42
1651,1674,104,42
851,860,104,42
815,887,104,42
626,698,104,42
1613,1672,104,42
646,684,104,42
1651,1674,104,42
851,860,104,42
815,887,104,42
626,698,104,42
683,698,104,42
1613,1672,104,42
1170,1672,104,42
646,684,104,42
1651,1674,104,42
626,683,104,42
851,860,104,42
1181,1674,104,42
841,855,104,42
1613,1672,104,42
646,684,104,42
1651,1674,104,42
626,698,104,42
626,683,104,42
851,860,104,42
1613,1672,104,42
683,692,104,42
641,691,104,42
646,684,104,42
1651,1674,104,42
619,646,104,42
1613,1672,104,42
1492,1651,104,42
626,698,104,42
683,698,104,42
641,691,104,42
646,684,104,42
1651,1674,104,42
619,646,104,42
1164,1644,104,42
1181,1674,104,42
626,698,104,42
646,684,104,42
1651,1674,104,42
626,683,104,42
619,646,104,42
1164,1644,104,42
1181,1674,104,42
626,698,104,42
1613,1672,104,42
646,684,104,42
1651,1674,104,42
1164,1644,104,42
1613,1672,104,42
803,807,104,42
1651,1674,104,42
1181,1674,104,42
626,698,104,42
851,860,104,42
1181,1674,104,42
626,698,104,42
683,692,104,42
803,807,104,42
1170,1672,104,42
1651,1674,104,42
803,807,104,42
1651,1674,104,42
1613,1672,104,42
1651,1674,104,42
1181,1674,104,42
1613,1672,104,42
851,860,104,42
1164,1644,104,42
1181,1674,104,42
626,698,104,42
1613,1672,104,42
1651,1674,104,42
807,893,104,42
626,683,104,42
1164,1644,104,42
851,860,104,42
636,860,104,42
1181,1674,104,42
626,698,104,42
1651,1674,104,42
807,893,104,42
1622,1645,104,42
626,698,104,42
1613,1672,104,42
1651,1674,104,42
1628,1629,104,42
683,698,104,42
1651,1674,104,42
855,869,104,42
1181,1674,104,42
636,860,104,42
683,698,104,42
1651,1674,104,42
636,869,104,42
1628,1629,104,42
1164,1644,104,42
852,860,104,42
1613,1672,104,42
1651,1674,104,42
626,683,104,42
1628,1629,104,42
1613,1672,104,42
1651,1674,104,42
807,893,104,42
650,674,104,42
860,869,104,42
620,674,104,42
813,836,104,42
1181,1674,104,42
683,698,104,42
1613,1672,104,42
1651,1674,104,42
1622,1645,104,42
1164,1644,104,42
1181,1674,104,42
823,887,104,42
683,698,104,42
852,860,104,42
1613,1672,104,42
1651,1674,104,42
1164,1644,104,42
1181,1674,104,42
1632,1671,104,42
683,698,104,42
636,660,104,42
883,886,104,42
1651,1674,104,42
1613,1672,104,42
815,896,104,42
1644,1671,104,42
1181,1674,104,42
1632,1644,104,42
883,886,104,42
1628,1629,104,42
1164,1644,104,42
1181,1674,104,42
626,698,104,42
836,854,104,42
636,660,104,42
1164,1644,104,42
1181,1674,104,42
628,636,104,42
1164,1644,104,42
1181,1674,104,42
854,858,104,42
1632,1671,104,42
636,660,104,42
600,613,104,42
1164,1645,104,42
813,836,104,42
1164,1644,104,42
1181,1674,104,42
849,884,104,42
1632,1671,104,42
636,660,104,42
1181,1674,104,42
849,884,104,42
1632,1671,104,42
626,698,104,42
1644,1856,104,42
1181,1674,104,42
849,884,104,42
636,660,104,42
1492,1651,104,42
807,849,104,42
600,613,104,42
1181,1674,104,42
1632,1671,104,42
636,660,104,42
807,849,104,42
849,884,104,42
626,698,104,42
636,660,104,42
1632,1671,104,42
1613,1672,104,42
807,849,104,42
1181,1674,104,42
849,884,104,42
626,698,104,42
636,660,104,42
1613,1672,104,42
807,849,104,42
807,884,104,42
699,1170,104,42
1181,1674,104,42
849,884,104,42
626,698,104,42
636,660,104,42
1170,1672,104,42
626,683,104,42
807,884,104,42
1181,1674,104,42
849,884,104,42
636,660,104,42
1613,1672,104,42
807,849,104,42
699,1672,104,42
1170,1672,104,42
1651,1674,104,42
807,884,104,42
1181,1674,104,42
636,660,104,42
641,691,104,42
1170,1672,104,42
1651,1674,104,42
681,694,104,42
641,691,104,42
1672,1674,104,42
636,660,104,42
627,658,104,42
881,897,104,42
1181,1674,104,42
609,627,104,42
1629,1671,104,42
1613,1672,104,42
627,635,104,42
1170,1672,104,42
627,682,104,42
1628,1629,104,42
683,1613,104,42
636,660,104,42
636,699,104,42
623,1678,104,42
666,699,104,42
691,1148,104,42
668,687,104,42
1613,1672,104,42
807,849,104,42
627,635,104,42
1632,1671,104,42
601,682,104,42
686,696,104,42
1170,1672,104,42
1651,1674,104,42
807,884,104,42
656,683,104,42
636,1148,104,42
692,1672,104,42
627,660,104,42
692,699,104,42
658,682,104,42
627,698,104,42
628,1672,104,42
668,687,104,42
682,1686,104,42
609,601,104,42
827,834,104,42
847,1658,104,42
686,696,104,42
698,1674,104,42
600,609,104,42
678,698,104,42
636,601,104,42
807,884,104,42
600,656,104,42
623,1674,104,42
660,601,104,42
668,687,104,42
627,601,104,42
609,613,104,42
847,1658,104,42
600,658,104,42
648,661,104,42
686,696,104,42
628,1674,104,42
667,1674,104,42
807,849,104,42
663,696,104,42
600,658,104,42
661,696,104,42
619,695,104,42
636,661,104,42
635,648,104,42
635,636,104,42
635,667,104,42
860,869,104,42
667,661,104,42
635,660,104,42
600,658,104,42
661,686,104,42
627,635,104,42
619,695,104,42
668,687,104,42
654,681,104,42
699,1148,104,42
600,658,104,42
681,694,104,42
600,613,104,42
1170,1672,104,42
636,696,104,42
807,893,104,42
654,694,104,42
600,658,104,42
651,667,104,42
1613,1672,104,42
1190,1686,104,42
1170,1672,104,42
807,893,104,42
654,694,104,42
600,658,104,42
1190,1686,104,42
616,692,104,42
1644,1674,104,42
609,613,104,42
1170,1672,104,42
654,681,104,42
807,893,104,42
817,847,104,42
616,681,104,42
661,696,104,42
807,893,104,42
600,658,104,42
667,696,104,42
1613,1672,104,42
1190,1686,104,42
635,648,104,42
654,681,104,42
1622,1674,104,42
1170,1672,104,42
1651,1674,104,42
600,658,104,42
821,823,104,42
616,681,104,42
609,613,104,42
1170,1672,104,42
1651,1674,104,42
817,847,104,42
678,687,104,42
612,678,104,42
612,678,104,42
661,696,104,42
609,613,104,42
1651,1674,104,42
600,658,104,42
661,696,104,42
600,658,104,42
600,613,104,42
616,681,104,42
660,681,104,42
1651,1674,104,42
803,849,104,42
817,847,104,42
616,681,104,42
807,893,104,42
600,658,104,42
627,635,104,42
609,613,104,42
660,681,104,42
1613,1672,104,42
803,849,104,42
817,847,104,42
616,681,104,42
803,849,104,42
600,658,104,42
623,692,104,42
607,654,104,42
627,635,104,42
1601,1628,104,42
660,681,104,42
1613,1672,104,42
807,893,104,42
661,696,104,42
660,681,104,42
600,658,104,42
1651,1674,104,42
600,658,104,42
1613,1672,104,42
1651,1674,104,42
1613,1632,104,42
817,847,104,42
623,692,104,42
807,893,104,42
1613,1672,104,42
681,692,104,42
623,692,104,42
1613,1672,104,42
623,692,104,42
616,681,104,42
1613,1672,104,42
1190,1686,104,42
1651,1674,104,42
1632,1856,104,42
609,613,104,42
660,681,104,42
660,681,104,42
609,613,104,42
660,681,104,42
623,692,104,42
817,847,104,42
609,613,104,42
623,692,104,42
623,692,104,42
609,613,104,42
612,678,104,42
1613,1672,104,42
817,847,104,42
612,678,104,42
1613,1672,104,42
817,847,104,42
660,681,104,42
1613,1672,104,42
600,613,104,42
660,681,104,42
1613,1672,104,42
616,681,104,42
660,681,104,42
817,849,104,42
1613,1672,104,42
817,849,104,42
1613,1672,104,42
817,849,104,42
616,681,104,42
660,681,104,42
1613,1672,104,42
648,666,104,42
616,681,104,42
660,601,104,42
1613,1672,104,42
807,893,104,42
616,681,104,42
807,893,104,42
648,666,104,42
1613,1672,104,42
807,893,104,42
660,681,104,42
648,666,104,42
1613,1672,104,42
1613,1672,104,42
616,681,104,42
1613,1672,104,42
807,849,104,42
616,681,104,42
807,893,104,42
636,654,104,42
1613,1672,104,42
616,692,104,42
616,681,104,42
660,601,104,42
1613,1672,104,42
616,692,104,42
807,893,104,42
648,666,104,42
1613,1672,104,42
807,893,104,42
648,666,104,42
1613,1672,104,42
1613,1672,104,42
661,696,104,42
1613,1672,104,42
807,893,104,42
612,678,104,42
1613,1672,104,42
1613,1672,104,42
616,681,104,42
661,696,104,42
1613,1672,104,42
661,696,104,42
612,678,104,42
651,694,104,42
616,681,104,42
1613,1672,104,42
807,893,104,42
616,681,104,42
1613,1672,104,42
612,678,104,42
651,694,104,42
807,893,104,42
1613,1672,104,42
651,694,104,42
817,847,104,42
817,847,104,42
807,893,104,42
1613,1672,104,42
807,893,104,42
1613,1672,104,42
817,847,104,42
1613,1672,104,42
817,847,104,42
817,847,104,42
807,893,104,42
623,692,104,42
821,893,104,42
627,661,104,42
817,847,104,42
807,893,104,42
1613,1672,104,42
817,847,104,42
636,654,104,42
817,847,104,42
623,692,104,42
807,893,104,42
623,692,104,42
807,893,104,42
1613,1672,104,42
652,660,104,42
1613,1672,104,42
1613,1672,104,42
1613,1672,104,42
652,660,104,42
807,893,104,42
1613,1672,104,42
635,648,104,42
807,893,104,42
652,660,104,42
1613,1672,104,42
817,847,104,42
616,681,104,42
635,648,104,42
652,660,104,42
656,682,104,42
1613,1672,104,42
652,660,104,42
656,682,104,42
686,696,104,42
616,681,104,42
1613,1672,104,42
807,893,104,42
648,666,104,42
656,682,104,42
1613,1672,104,42
686,696,104,42
656,682,104,42
686,696,104,42
1613,1672,104,42
635,648,104,42
807,893,104,42
648,666,104,42
656,682,104,42
686,696,104,42
1613,1672,104,42
807,893,104,42
648,666,104,42
616,681,104,42
807,893,104,42
656,682,104,42
686,696,104,42
656,682,104,42
623,692,104,42
686,696,104,42
616,681,104,42
1613,1672,104,42
807,893,104,42
648,666,104,42
686,696,104,42
648,666,104,42
616,681,104,42
1613,1672,104,42
807,893,104,42
652,660,104,42
656,682,104,42
821,893,104,42
616,681,104,42
1613,1672,104,42
1651,1674,104,42
807,893,104,42
648,666,104,42
807,821,104,42
821,893,104,42
616,681,104,42
1613,1672,104,42
807,893,104,42
652,660,104,42
616,681,104,42
1613,1672,104,42
807,893,104,42
807,821,104,42
616,681,104,42
1613,1672,104,42
807,893,104,42
807,821,104,42
656,682,104,42
623,692,104,42
616,681,104,42
1613,1672,104,42
807,893,104,42
616,681,104,42
807,893,104,42
807,821,104,42
1613,1672,104,42
656,682,104,42
616,681,104,42
1613,1672,104,42
612,678,104,42
623,692,104,42
656,682,104,42
1613,1672,104,42
821,893,104,42
656,682,104,42
1613,1672,104,42
656,682,104,42
1613,1672,104,42
807,821,104,42
656,682,104,42
623,692,104,42
616,681,104,42
1613,1672,104,42
623,692,104,42
656,682,104,42
1613,1672,104,42
623,692,104,42
656,682,104,42
1613,1672,104,42
807,821,104,42
656,682,104,42
623,692,104,42
616,681,104,42
1613,1672,104,42
807,893,104,42
623,692,104,42
807,893,104,42
656,682,104,42
817,847,104,42
656,682,104,42
616,681,104,42
807,893,104,42
607,661,104,42
656,682,104,42
807,893,104,42
656,682,104,42
660,601,104,42
803,849,104,42
686,696,104,42
656,682,104,42
656,682,104,42
1613,1672,104,42
686,696,104,42
656,682,104,42
686,696,104,42
1613,1672,104,42
817,847,104,42
656,682,104,42
1613,1672,104,42
686,696,104,42
656,682,104,42
686,696,104,42
884,896,104,42
616,681,104,42
1613,1672,104,42
686,696,104,42
656,682,104,42
1613,1672,104,42
656,682,104,42
686,696,104,42
1613,1672,104,42
656,682,104,42
607,654,104,42
686,696,104,42
1613,1672,104,42
656,682,104,42
607,654,104,42
686,696,104,42
1613,1672,104,42
607,661,104,42
656,682,104,42
607,654,104,42
686,696,104,42
1613,1672,104,42
807,893,104,42
607,661,104,42
607,654,104,42
656,682,104,42
1613,1672,104,42
686,696,104,42
656,682,104,42
623,692,104,42
607,654,104,42
686,696,104,42
616,681,104,42
1613,1672,104,42
807,893,104,42
656,682,104,42
623,692,104,42
607,654,104,42
627,635,104,42
686,696,104,42
616,681,104,42
1613,1672,104,42
817,847,104,42
616,681,104,42
607,654,104,42
656,682,104,42
1613,1672,104,42
686,696,104,42
656,682,105,43
607,654,105,43
686,696,105,43
627,635,105,43
616,681,105,43
1613,1672,105,43
656,682,105,43
686,696,105,43
627,635,105,43
616,681,105,43
1613,1672,105,43
635,648,105,43
616,681,105,43
656,682,105,43
686,696,105,43
616,681,105,43
686,696,105,43
656,682,105,43
616,681,105,43
686,696,105,43
635,648,105,43
607,654,105,43
686,696,105,43
1613,1672,105,43
817,847,105,43
686,696,105,43
1613,1672,105,43
656,682,105,43
686,696,105,43
686,696,105,43
648,666,105,43
656,682,105,43
1613,1672,105,43
686,696,105,43
686,696,105,43
1613,1672,105,43
635,648,105,43
1613,1672,105,43
661,696,105,43
600,613,105,43
686,696,105,43
1613,1672,105,43
1632,1856,105,43
656,682,105,43
600,613,105,43
686,696,105,43
1613,1672,105,43
807,893,105,43
686,696,105,43
656,682,105,43
1613,1672,105,43
656,682,105,43
1613,1672,105,43
817,847,105,43
656,682,105,43
1613,1672,105,43
686,696,105,43
656,682,105,43
1613,1672,105,43
656,682,105,43
686,696,105,43
609,613,105,43
627,635,105,43
656,682,105,43
1613,1672,105,43
686,696,105,43
656,682,105,43
1613,1672,105,43
656,682,105,43
686,696,105,43
1613,1672,105,43
656,682,105,43
1613,1672,105,43
686,696,105,43
656,682,105,43
1613,1672,105,43
686,696,105,43
656,682,105,43
686,696,105,43
1613,1672,105,43
616,623,105,43
616,623,105,43
656,682,105,43
1613,1672,105,43
686,696,105,43
656,682,105,43
616,623,105,43
686,696,105,43
635,648,105,43
656,682,105,43
1613,1672,105,43
686,696,105,43
656,682,105,43
600,613,105,43
686,696,105,43
1613,1672,105,43
635,648,105,43
616,623,105,43
656,682,105,43
686,696,105,43
660,601,105,43
1613,1672,105,43
635,648,105,43
656,682,105,43
686,696,105,43
1613,1672,105,43
635,648,105,43
616,623,105,43
656,682,105,43
686,696,105,43
1613,1672,105,43
635,648,105,43
616,623,105,43
635,648,105,43
600,613,105,43
656,682,105,43
1613,1672,105,43
686,696,105,43
635,648,105,43
656,682,105,43
1613,1672,105,43
686,696,105,43
600,613,105,43
627,635,105,43
686,696,105,43
1613,1672,105,43
635,648,105,43
648,666,105,43
607,654,105,43
686,696,105,43
1613,1672,105,43
635,648,105,43
648,666,105,43
635,648,105,43
607,654,105,43
686,696,105,43
1613,1672,105,43
1613,1672,105,43
817,847,105,43
686,696,105,43
648,666,105,43
1190,1686,105,43
656,682,105,43
817,847,105,43
686,696,105,43
1613,1672,105,43
817,847,105,43
1613,1672,105,43
686,696,105,43
686,696,105,43
686,696,105,43
656,682,105,43
616,681,105,43
686,696,105,43
616,681,105,43
1629,1667,105,43
656,682,105,43
686,696,105,43
616,681,105,43
1629,1667,105,43
656,682,105,43
686,696,105,43
616,681,105,43
656,682,105,43
1629,1667,105,43
616,681,105,43
803,849,105,43
1629,1667,105,43
616,681,105,43
661,696,105,43
616,681,105,43
607,654,105,43
607,661,105,43
616,681,105,43
607,654,105,43
656,682,105,43
616,681,105,43
609,613,105,43
656,682,105,43
1651,1674,105,43
609,613,105,43
661,696,105,43
1644,1662,105,43
656,682,105,43
656,682,105,43
661,696,105,43
656,682,105,43
648,666,105,43
661,696,105,43
656,682,105,43
609,613,105,43
1629,1667,105,43
648,666,105,43
661,696,105,43
616,681,105,43
661,696,105,43
1629,1667,105,43
616,681,105,43
661,696,105,43
656,682,105,43
1629,1667,105,43
661,696,105,43
656,682,105,43
661,696,105,43
656,682,105,43
1622,1674,105,43
656,682,105,43
661,696,105,43
600,613,105,43
656,682,105,43
1629,1667,105,43
661,696,105,43
600,613,105,43
656,682,105,43
600,613,105,43
656,682,105,43
1613,1672,105,43
656,682,105,43
661,696,105,43
656,682,105,43
1613,1672,105,43
817,847,105,43
817,847,105,43
656,682,105,43
1613,1672,105,43
656,682,105,43
1613,1672,105,43
661,696,105,43
636,654,105,43
1613,1672,105,43
652,660,105,43
600,613,105,43
1613,1672,105,43
817,847,105,43
1613,1672,105,43
661,696,105,43
656,682,105,43
609,613,105,43
1613,1672,105,43
656,682,105,43
686,696,105,43
616,681,105,43
660,681,105,43
1613,1672,105,43
661,696,105,43
661,696,105,43
686,696,105,43
616,681,105,43
609,613,105,43
636,654,105,43
1613,1672,105,43
661,696,105,43
656,682,105,43
616,681,105,43
609,613,105,43
1613,1672,105,43
656,682,105,43
616,681,105,43
609,613,105,43
1613,1672,105,43
803,849,105,43
656,682,105,43
1613,1672,105,43
635,648,105,43
803,849,105,43
609,613,105,43
661,696,105,43
803,849,105,43
1613,1672,105,43
661,696,105,43
803,849,105,43
661,696,105,43
636,654,105,43
1613,1672,105,43
609,613,105,43
661,696,105,43
1622,1674,105,43
636,654,105,43
661,696,105,43
1622,1674,105,43
609,613,105,43
661,696,105,43
1622,1674,105,43
661,696,105,43
660,681,105,43
1613,1672,105,43
636,654,105,43
661,696,105,43
636,654,105,43
1613,1672,105,43
847,884,105,43
609,613,105,43
661,696,105,43
636,654,105,43
1613,1672,105,43
661,696,105,43
1613,1672,105,43
609,613,105,43
661,696,105,43
656,682,105,43
1613,1672,105,43
661,696,105,43
652,660,105,43
616,681,105,43
609,613,105,43
1613,1672,105,43
661,696,105,43
652,660,105,43
656,682,105,43
817,884,105,43
616,681,105,43
609,613,105,43
1613,1672,105,43
616,681,105,43
609,613,105,43
652,660,105,43
635,648,105,43
1613,1672,105,43
1613,1672,105,43
635,648,105,43
652,660,105,43
600,613,105,43
1613,1672,105,43
652,660,105,43
623,692,105,43
600,613,105,43
686,696,105,43
635,648,105,43
623,692,105,43
600,613,105,43
686,696,105,43
636,654,105,43
1613,1672,105,43
803,849,105,43
635,648,105,43
600,613,105,43
686,696,105,43
1190,1686,105,43
656,682,105,43
600,613,105,43
686,696,105,43
1613,1672,105,43
1190,1686,105,43
635,648,105,43
656,682,105,43
686,696,105,43
636,654,105,43
1613,1672,105,43
1190,1686,105,43
656,682,105,43
686,696,105,43
636,654,105,43
635,648,105,43
817,847,105,43
656,682,105,43
623,692,105,43
686,696,105,43
1613,1672,105,43
635,648,105,43
636,654,105,43
656,682,105,43
623,692,105,43
636,654,105,43
1613,1672,105,43
817,847,105,43
656,682,105,43
686,696,105,43
1613,1672,105,43
635,648,105,43
817,847,105,43
656,682,105,43
686,696,105,43
1613,1672,105,43
635,648,105,43
686,696,105,43
1613,1672,105,43
656,682,105,43
686,696,105,43
1613,1672,105,43
656,682,105,43
817,847,105,43
656,682,105,43
1613,1672,105,43
686,696,105,43
656,682,105,43
686,696,105,43
636,654,105,43
1613,1672,105,43
686,696,105,43
656,682,105,43
1190,1686,105,43
661,696,105,43
656,682,105,43
686,696,105,43
661,696,105,43
686,696,105,43
661,696,105,43
656,682,105,43
1190,1686,105,43
600,613,105,43
656,682,105,43
686,696,105,43
661,696,105,43
600,613,105,43
656,682,105,43
686,696,105,43
656,682,105,43
686,696,105,43
656,682,105,43
652,660,105,43
656,682,105,43
623,692,105,43
609,613,105,43
683,698,105,43
1613,1672,105,43
681,692,105,43
623,692,105,43
1613,1672,105,43
803,817,105,43
652,660,105,43
623,692,105,43
686,696,105,43
636,654,105,43
1613,1672,105,43
803,849,105,43
1613,1672,105,43
623,692,105,43
1613,1672,105,43
686,696,105,43
1613,1672,105,43
600,613,105,43
1613,1672,105,43
600,613,105,43
686,696,105,43
1613,1672,105,43
652,660,105,43
600,613,105,43
1613,1672,105,43
686,696,105,43
1613,1672,105,43
652,660,105,43
686,696,105,43
1613,1672,105,43
652,660,105,43
686,696,105,43
1613,1672,105,43
686,696,105,43
1613,1672,105,43
686,696,105,43
1613,1672,105,43
817,847,105,43
686,696,105,43
1613,1672,105,43
803,849,105,43
686,696,105,43
1613,1672,105,43
1613,1672,105,43
1613,1672,105,43
686,696,105,43
817,847,105,43
1613,1672,105,43
821,824,105,43
1613,1672,105,43
1613,1672,105,43
616,681,105,43
821,824,105,43
616,681,105,43
1632,1856,105,43
616,681,105,43
1613,1672,105,43
821,824,105,43
616,681,105,43
1632,1856,105,43
1613,1672,105,43
616,681,105,43
807,893,105,43
686,696,105,43
627,635,105,43
817,847,105,43
803,849,105,43
686,696,105,43
612,678,105,43
627,635,105,43
686,696,105,43
627,635,105,43
686,696,105,43
627,635,105,43
612,678,105,43
656,682,105,43
686,696,105,43
656,682,105,43
1613,1672,105,43
627,635,105,43
600,658,105,43
686,696,105,43
627,635,105,43
616,681,105,43
1613,1672,105,43
616,681,105,43
627,635,105,43
656,682,105,43
686,696,105,43
627,635,105,43
616,681,105,43
600,658,105,43
817,847,105,43
616,681,105,43
627,635,105,43
616,681,105,43
803,849,105,43
600,658,105,43
686,696,105,43
600,658,105,43
803,849,105,43
1190,1686,105,43
661,696,105,43
600,658,105,43
1613,1672,105,43
686,696,105,43
656,682,105,43
803,849,105,43
661,696,105,43
612,678,105,43
686,696,105,43
616,681,105,43
656,682,105,43
803,849,105,43
627,635,105,43
686,696,105,43
686,696,105,43
686,696,105,43
803,849,105,43
686,696,105,43
665,602,105,43
803,849,105,43
686,696,105,43
686,696,105,43
803,849,105,43
660,681,105,43
686,696,105,43
803,849,105,43
686,696,105,43
803,849,105,43
803,849,105,43
686,696,105,43
686,696,105,43
803,849,105,43
656,682,105,43
686,696,105,43
1613,1672,105,43
656,682,105,43
652,660,105,43
1613,1672,105,43
616,681,105,43
652,660,105,43
1613,1672,105,43
656,682,105,43
1613,1672,105,43
1613,1672,105,43
616,681,105,43
623,681,105,43
681,692,105,43
847,849,105,43
803,849,105,43
656,682,105,43
686,696,105,43
616,681,105,43
803,817,105,43
817,849,105,43
616,681,105,43
803,849,105,43
656,682,105,43
803,847,105,43
686,696,105,43
803,817,105,43
847,849,105,43
656,682,105,43
686,696,105,43
609,613,105,43
1190,1686,105,43
803,817,105,43
817,847,105,43
656,682,105,43
623,692,105,43
609,613,105,43
1613,1672,105,43
803,849,105,43
623,692,105,43
656,682,105,43
1613,1672,105,43
1190,1686,105,43
652,660,105,43
656,682,105,43
623,692,105,43
686,696,105,43
609,613,105,43
1190,1686,105,43
656,682,105,43
623,692,105,43
686,696,105,43
609,613,105,43
1190,1686,105,43
686,696,105,43
1613,1672,105,43
1190,1686,105,43
686,696,105,43
656,682,105,43
1613,1672,105,43
1190,1686,105,43
686,696,105,43
656,682,105,43
1613,1672,105,43
1190,1686,105,43
803,849,105,43
686,696,105,43
1190,1686,105,43
686,696,105,43
817,847,105,43
1190,1686,105,43
686,696,105,43
616,681,105,43
803,849,105,43
686,696,105,43
686,696,105,43
1190,1686,105,43
686,696,105,43
884,896,105,43
609,613,105,43
686,696,105,43
884,896,105,43
609,613,105,43
661,696,105,43
600,658,105,43
686,696,105,43
609,613,105,43
686,696,105,43
661,696,105,43
600,658,105,43
803,849,105,43
600,658,105,43
686,696,105,43
609,613,105,43
609,613,105,43
661,696,105,43
803,849,105,43
600,658,105,43
1613,1672,105,43
600,658,105,43
1613,1672,105,43
609,613,105,43
817,847,105,43
600,658,105,43
609,613,105,43
600,658,105,43
661,696,105,43
652,660,105,43
600,658,105,43
609,613,105,43
1190,1686,105,43
600,658,105,43
1190,1686,105,43
609,613,105,43
600,658,105,43
1613,1672,105,43
1190,1686,105,43
661,696,105,43
600,658,105,43
600,658,105,43
651,694,105,43
661,696,105,43
651,694,105,43
817,847,105,43
661,696,105,43
651,694,105,43
817,847,105,43
661,696,105,43
636,654,105,43
661,696,105,43
661,696,105,43
652,660,105,43
600,658,105,43
1190,1686,105,43
1190,1679,105,43
661,696,105,43
1190,1679,105,43
1190,1686,105,43
661,696,105,43
1190,1679,105,43
627,635,105,43
1190,1686,105,43
1190,1686,105,43
661,696,105,43
656,682,105,43
627,635,105,43
616,681,105,43
1190,1686,105,43
661,696,105,43
627,635,105,43
1190,1686,105,43
661,696,105,43
627,635,105,43
661,696,105,43
661,696,105,43
1613,1672,105,43
1170,1632,105,43
661,696,105,43
1613,1672,105,43
661,696,105,43
1613,1672,105,43
661,696,105,43
636,654,105,43
1613,1672,105,43
1170,1632,105,43
661,696,105,43
1613,1672,105,43
661,696,105,43
635,654,105,43
616,681,105,43
609,613,105,43
1613,1672,105,43
661,696,105,43
616,681,105,43
609,613,105,43
1613,1672,105,43
661,696,105,43
652,660,105,43
1613,1672,105,43
616,681,105,43
661,696,105,43
652,660,105,43
616,681,105,43
652,660,105,43
600,658,105,43
661,696,105,43
661,696,105,43
623,692,105,43
661,696,105,43
600,658,105,43
1613,1672,105,43
661,696,105,43
600,658,105,43
1613,1672,105,43
623,692,105,43
661,696,105,43
600,658,105,43
1613,1672,105,43
661,696,105,43
660,681,105,43
600,658,105,43
1613,1672,105,43
661,696,105,43
660,681,105,43
1613,1672,105,43
803,849,105,43
661,696,105,43
660,681,105,43
806,895,105,43
661,696,105,43
803,849,105,43
660,681,105,43
661,696,105,43
600,658,105,43
686,696,105,43
660,681,105,43
803,849,105,43
817,847,105,43
600,658,105,43
1613,1672,105,43
1190,1686,105,43
860,869,105,43
600,658,105,43
855,860,105,43
661,696,105,43
636,654,105,43
1190,1686,105,43
656,682,105,43
661,696,105,43
600,658,105,43
855,860,105,43
686,696,105,43
660,681,105,43
616,601,105,43
806,822,105,43
1170,1672,105,43
656,682,105,43
600,658,105,43
686,696,105,43
616,681,105,43
660,681,105,43
1613,1672,105,43
1190,1686,105,43
1170,1672,105,43
860,869,105,43
661,696,105,43
855,860,105,43
686,696,105,43
616,681,105,43
609,613,105,43
683,698,105,43
1170,1672,105,43
803,849,105,43
623,652,105,43
860,869,105,43
635,661,105,43
855,860,105,43
686,696,105,43
627,635,105,43
616,681,105,43
660,681,105,43
661,681,105,43
661,601,105,43
1170,1672,105,43
1632,1672,105,43
803,849,105,43
860,869,105,43
623,652,105,43
635,698,105,43
607,654,105,43
686,696,105,43
1632,1671,105,43
1148,1190,105,43
660,681,105,43
1645,1856,105,43
627,635,105,43
1170,1672,105,43
661,683,105,43
628,667,105,43
691,1629,105,43
616,683,105,43
686,696,105,43
1170,1672,105,43
627,681,105,43
616,628,105,43
661,698,105,43
1671,1674,105,43
1645,1674,105,43
1679,1686,105,43
627,636,105,43
623,628,105,43
1613,1672,105,43
661,694,105,43
635,666,105,43
612,678,105,43
627,666,105,43
627,635,105,43
628,681,105,43
803,849,105,43
1170,1613,105,43
635,681,105,43
611,1674,105,43
646,1674,105,43
686,696,105,43
627,658,105,43
663,686,105,43
834,854,105,43
1613,1672,105,43
1170,1672,105,43
803,849,105,43
616,683,105,43
665,695,105,43
1108,1645,105,43
806,809,105,43
661,694,105,43
1170,1613,105,43
651,694,105,43
686,696,105,43
834,854,105,43
638,665,105,43
665,695,105,43
1108,1164,105,43
665,695,105,43
686,696,105,43
1108,1629,105,43
609,613,105,43
1108,1671,105,43
651,661,105,43
660,681,105,43
1622,1674,105,43
834,854,105,43
654,694,105,43
636,694,105,43
834,854,105,43
660,681,105,43
652,656,105,43
623,654,105,43
654,694,105,43
860,869,105,43
627,635,105,43
834,854,105,43
660,681,105,43
623,654,105,43
609,638,105,43
649,1108,105,43
627,635,105,43
636,694,105,43
834,854,105,43
623,654,105,43
609,638,105,43
648,654,105,43
636,694,105,43
834,854,105,43
660,681,105,43
1613,1672,105,43
674,677,105,43
623,654,105,43
650,674,105,43
834,854,105,43
660,681,105,43
655,629,105,43
674,677,105,43
650,674,105,43
611,649,105,43
834,854,105,43
803,849,105,43
609,613,105,43
1108,1671,105,43
834,854,105,43
674,691,105,43
623,681,105,43
834,854,105,43
828,834,105,43
834,854,105,43
834,854,105,43
1108,1671,105,43
834,854,105,43
663,696,105,43
601,686,105,43
1108,1645,105,43
636,694,105,43
841,855,105,43
609,613,105,43
834,854,105,43
660,681,105,43
652,656,105,43
662,1628,105,43
623,654,105,43
860,862,105,43
636,694,105,43
834,854,105,43
660,681,105,43
652,656,105,43
623,654,105,43
825,858,105,43
834,854,105,43
803,849,105,43
834,854,105,43
660,681,105,43
803,849,105,43
658,601,105,43
803,849,105,43
620,681,105,43
1601,1667,105,43
1108,1645,105,43
834,854,105,43
652,656,105,43
660,681,105,43
660,681,105,43
652,656,105,43
660,681,105,43
660,681,105,43
660,681,105,43
851,864,105,43
660,681,105,43
652,656,105,43
652,656,105,43
660,681,105,43
652,682,105,43
660,681,105,43
660,681,105,43
660,681,105,43
1628,1667,105,43
1628,1667,105,43
803,817,105,43
1628,1667,105,43
803,849,105,43
803,817,105,43
660,681,105,43
660,681,105,43
660,681,105,43
609,613,105,43
648,661,105,43
609,613,105,43
803,817,105,43
648,661,105,43
609,613,105,43
648,661,105,43
609,613,105,43
803,817,105,43
648,661,106,44
609,613,106,44
803,817,106,44
648,661,106,44
609,613,106,44
648,661,106,44
609,613,106,44
648,661,106,44
609,613,106,44
648,661,106,44
609,613,106,44
648,661,106,44
815,896,106,44
648,661,106,44
648,661,106,44
609,613,106,44
851,864,106,44
648,661,106,44
609,613,106,44
648,661,106,44
609,613,106,44
660,681,106,44
648,661,106,44
609,613,106,44
648,661,106,44
609,613,106,44
817,847,106,44
648,661,106,44
609,613,106,44
660,681,106,44
648,661,106,44
660,681,106,44
648,661,106,44
1628,1629,106,44
648,661,106,44
609,613,106,44
609,613,106,44
648,661,106,44
648,661,106,44
648,661,106,44
884,896,106,44
821,896,106,44
1628,1629,106,44
648,661,106,44
1628,1629,106,44
851,864,106,44
609,613,106,44
884,896,106,44
851,864,106,44
851,864,106,44
1628,1629,106,44
875,884,106,44
884,896,106,44
884,896,106,44
648,661,106,44
884,896,106,44
648,661,106,44
875,896,106,44
851,864,106,44
851,864,106,44
648,661,106,44
648,661,106,44
609,613,106,44
609,613,106,44
648,661,106,44
609,613,106,44
609,613,106,44
803,817,106,44
851,864,106,44
803,817,106,44
817,847,106,44
851,864,106,44
817,847,106,44
851,864,106,44
851,864,106,44
803,849,106,44
817,847,106,44
609,613,106,44
609,613,106,44
609,613,106,44
609,613,106,44
609,613,106,44
817,847,106,44
609,613,106,44
609,613,106,44
817,847,106,44
609,613,106,44
609,613,106,44
609,613,106,44
817,847,106,44
609,613,106,44
609,613,106,44
609,613,106,44
609,613,106,44
609,613,106,44
652,656,106,44
609,613,106,44
609,613,106,44
609,613,106,44
609,613,106,44
609,613,106,44
609,613,106,44
609,613,106,44
875,896,106,44
609,613,106,44
884,896,106,44
609,613,106,44
884,896,106,44
875,896,106,44
609,613,106,44
884,896,106,44
609,613,106,44
609,613,106,44
803,849,106,44
817,847,106,44
817,847,106,44
803,817,106,44
817,849,106,44
683,692,106,44
817,847,106,44
1672,1674,106,44
609,1170,106,44
1108,1645,106,44
851,864,106,44
1170,1613,106,44
1672,1674,106,44
658,661,106,44
1170,1613,106,44
1181,1674,106,44
1672,1674,106,44
658,661,106,44
851,864,106,44
851,864,106,44
851,864,106,44
821,823,106,44
821,823,106,44
821,823,106,44
884,896,106,44
821,823,106,44
821,823,106,44
821,823,106,44
821,823,106,44
821,823,106,44
821,823,106,44
884,896,106,44
851,864,106,44
821,823,106,44
821,823,106,44
821,823,106,44
851,864,106,44
884,896,106,44
821,823,106,44
821,823,106,44
821,823,106,44
821,823,106,44
638,689,106,44
836,873,106,44
851,864,106,44
821,823,106,44
821,823,106,44
1628,1667,106,44
821,823,106,44
815,896,106,44
851,864,106,44
821,823,106,44
851,864,106,44
821,823,106,44
851,864,106,44
821,823,106,44
836,873,106,44
851,864,106,44
851,864,106,44
821,823,106,44
817,847,106,44
821,823,106,44
821,823,106,44
851,864,106,44
821,823,106,44
851,864,106,44
851,864,106,44
821,823,106,44
815,884,106,44
851,864,106,44
815,884,106,44
821,823,106,44
851,864,106,44
821,823,106,44
875,896,106,44
875,896,106,44
821,823,106,44
815,896,106,44
875,896,106,44
821,823,106,44
815,896,106,44
875,896,106,44
821,823,106,44
815,896,106,44
815,896,106,44
821,823,106,44
815,896,106,44
821,823,106,44
815,896,106,44
821,823,106,44
821,823,106,44
821,823,106,44
815,884,106,44
821,823,106,44
821,823,106,44
821,823,106,44
821,823,106,44
821,823,106,44
821,823,106,44
821,823,106,44
821,823,106,44
821,823,106,44
821,823,106,44
821,823,106,44
821,823,106,44
821,823,106,44
817,847,106,44
821,823,106,44
821,823,106,44
821,823,106,44
851,868,106,44
884,896,106,44
851,864,106,44
884,896,106,44
851,864,106,44
821,823,106,44
821,823,106,44
851,864,106,44
851,868,106,44
851,864,106,44
851,864,106,44
884,896,106,44
817,847,107,45
851,864,107,45
851,864,107,45
826,860,107,45
860,863,107,45
860,863,107,45
864,868,107,45
803,849,107,45
832,834,107,45
832,834,107,45
825,831,107,45
832,834,107,45
884,893,107,45
807,884,107,45
884,893,107,45
807,893,107,45
664,873,107,45
664,867,107,45
832,834,107,45
664,867,107,45
867,873,107,45
841,873,107,45
664,873,107,45
831,893,107,45
676,873,107,45
836,838,107,45
860,893,107,45
813,836,107,45
884,893,107,45
664,867,107,45
867,873,107,45
887,888,107,45
664,873,107,45
836,838,107,45
860,893,107,45
609,613,107,45
664,873,107,45
863,867,107,45
886,890,107,45
855,873,107,45
831,860,107,45
873,888,107,45
814,895,107,45
858,860,107,45
609,613,107,45
858,891,107,45
866,891,107,45
858,891,107,45
609,613,107,45
841,849,107,45
809,898,107,45
809,898,107,45
803,841,107,45
817,847,107,45
1651,1672,107,45
609,613,107,45
817,847,107,45
669,1686,115,46
669,1686,115,46
661,694,115,46
661,694,115,46
661,694,115,46
661,694,115,46
827,834,115,46
832,834,115,46
661,694,115,46
895,1678,115,46
825,826,115,46
827,834,115,46
661,694,115,46
658,694,115,46
661,694,115,46
619,1164,115,46
656,682,115,46
858,884,115,46
661,694,115,46
623,663,115,46
1492,1672,115,46
661,694,115,46
623,663,115,46
1492,1672,115,46
623,663,115,46
661,694,115,46
609,624,115,46
605,886,115,46
1492,1672,115,46
827,834,115,46
832,834,115,46
661,694,115,46
609,624,115,46
651,694,115,46
1492,1613,115,46
623,663,115,46
661,694,115,46
609,624,115,46
1181,1674,115,46
648,881,115,46
827,834,115,46
658,694,115,46
836,838,115,46
661,694,115,46
609,624,115,46
807,1662,115,46
817,823,115,46
661,694,115,46
817,823,115,46
661,694,115,46
611,863,115,46
817,823,115,46
624,696,115,46
663,696,115,46
611,863,115,46
661,694,115,46
624,663,115,46
825,826,115,46
651,663,115,46
817,823,115,46
827,834,115,46
648,681,115,46
661,694,115,46
687,689,115,46
661,694,115,46
1181,1674,115,46
648,681,115,46
651,663,115,46
661,694,115,46
883,1658,115,46
648,681,115,46
654,681,115,46
648,681,115,46
661,694,115,46
654,681,115,46
661,694,115,46
825,826,115,46
661,694,115,46
651,663,115,46
661,694,115,46
1613,1632,115,46
651,663,115,46
661,694,115,46
1492,1613,115,46
661,694,115,46
1148,1658,115,46
651,663,115,46
1492,1613,115,46
661,694,115,46
651,663,115,46
661,694,115,46
661,694,115,46
821,897,115,46
661,694,115,46
821,890,115,46
661,694,115,46
661,694,115,46
881,897,115,46
661,694,115,46
1492,1613,115,46
661,694,115,46
825,826,115,46
661,694,115,46
825,826,115,46
661,694,115,46
609,658,115,46
651,663,115,46
1148,1658,115,46
661,694,115,46
661,694,115,46
661,694,115,46
661,694,115,46
651,663,115,46
661,694,115,46
661,694,115,46
661,694,115,46
661,694,115,46
661,694,115,46
1181,1645,115,46
624,694,115,46
661,694,115,46
1181,1645,115,46
1662,1686,115,46
661,694,115,46
1181,1645,115,46
661,694,115,46
1181,1645,115,46
661,694,115,46
1181,1645,115,46
651,663,115,46
661,694,115,46
1181,1645,115,46
1492,1613,115,46
661,694,115,46
1181,1645,115,46
651,663,115,46
1492,1613,115,46
661,694,115,46
1181,1645,115,46
651,663,115,46
661,694,115,46
607,624,115,46
1181,1645,115,46
651,663,115,46
661,694,115,46
1181,1645,115,46
651,663,115,46
1492,1613,115,46
661,694,115,46
1181,1645,115,46
661,694,115,46
1181,1645,115,46
651,663,115,46
1492,1613,115,46
661,694,115,46
1181,1645,115,46
1492,1613,115,46
661,694,115,46
1181,1645,115,46
1492,1613,115,46
661,694,115,46
1181,1645,115,46
1492,1613,115,46
661,694,115,46
1181,1645,115,46
661,694,115,46
1181,1645,115,46
1492,1613,115,46
661,694,115,46
1181,1645,115,46
661,694,115,46
1181,1645,115,46
661,694,115,46
1181,1645,115,46
1492,1613,115,46
661,694,115,46
825,826,115,46
1181,1645,115,46
1492,1613,115,46
661,694,115,46
1181,1645,115,46
1492,1613,115,46
661,694,115,46
1181,1645,115,46
1492,1613,115,46
661,694,115,46
1181,1645,115,46
661,694,115,46
1181,1645,115,46
661,694,115,46
1181,1645,115,46
661,694,115,46
1181,1645,115,46
826,841,115,46
661,694,115,46
1181,1645,115,46
661,694,115,46
1181,1645,115,46
651,663,115,46
661,694,115,46
1181,1645,115,46
1492,1613,115,46
661,694,115,46
1181,1645,115,46
661,694,115,46
1181,1645,115,46
1492,1613,115,46
661,694,115,46
1181,1645,115,46
826,841,115,46
661,694,115,46
1181,1645,115,46
826,841,115,46
661,694,115,46
1181,1645,115,46
1492,1613,115,46
661,694,115,46
1181,1645,115,46
661,694,115,46
1181,1645,115,46
1492,1613,115,46
661,694,115,46
1181,1645,115,46
1492,1613,115,46
661,694,115,46
1181,1645,115,46
1492,1613,115,46
661,694,115,46
1181,1645,115,46
651,663,115,46
1492,1613,115,46
661,694,115,46
1181,1645,115,46
661,694,115,46
1181,1645,115,46
1492,1613,115,46
661,694,115,46
1181,1645,115,46
1492,1613,115,46
661,694,115,46
1181,1645,115,46
1148,1658,115,46
651,663,115,46
1492,1613,115,46
661,694,115,46
1181,1645,115,46
651,663,115,46
661,694,115,46
1181,1645,115,46
807,889,115,46
661,694,115,46
1181,1645,115,46
661,694,115,46
1181,1645,115,46
1492,1613,115,46
661,694,115,46
1181,1645,115,46
1492,1613,115,46
661,694,115,46
1181,1645,115,46
609,658,115,46
661,694,115,46
1181,1645,115,46
661,694,115,46
1181,1645,115,46
661,694,115,46
1181,1645,115,46
661,694,115,46
1181,1645,115,46
1492,1613,115,46
661,694,115,46
1181,1645,115,46
1492,1613,115,46
661,694,115,46
1181,1645,115,46
1492,1613,115,46
661,694,115,46
1181,1645,115,46
1492,1613,115,46
1181,1645,115,46
661,694,115,46
1181,1645,115,46
825,826,115,46
651,663,115,46
1181,1645,115,46
661,694,115,46
1181,1645,115,46
1148,1658,115,46
651,663,115,46
1492,1613,115,46
661,694,115,46
1181,1645,115,46
661,694,115,46
1181,1645,115,46
661,694,115,46
1181,1645,115,46
661,694,115,46
1181,1645,115,46
1492,1613,115,46
661,694,115,46
1181,1645,115,46
661,694,115,46
1181,1645,115,46
661,694,115,46
1181,1645,115,46
1492,1613,115,46
1181,1645,115,46
1492,1613,115,46
661,694,115,46
1181,1645,115,46
651,663,115,46
1181,1645,115,46
661,694,115,46
661,694,115,46
1181,1645,115,46
661,694,115,46
1181,1645,115,46
661,694,115,46
1181,1645,115,46
1492,1613,115,46
661,694,115,46
1181,1645,115,46
661,694,115,46
1181,1645,115,46
661,694,115,46
1181,1645,115,46
651,663,115,46
1492,1613,115,46
661,694,115,46
1181,1645,115,46
651,663,115,46
1148,1658,115,46
1492,1613,115,46
661,694,115,46
1181,1645,115,46
825,826,115,46
1148,1658,115,46
661,694,115,46
1181,1645,115,46
1148,1658,115,46
1492,1613,115,46
661,694,115,46
1181,1645,115,46
661,694,115,46
1181,1645,115,46
661,694,115,46
1181,1645,115,46
1492,1613,115,46
661,694,115,46
1181,1645,115,46
661,694,115,46
1181,1645,115,46
661,694,115,46
1181,1645,115,46
661,694,115,46
1181,1645,115,46
1492,1613,115,46
661,694,115,46
1181,1645,115,46
1492,1613,115,46
661,694,115,46
1181,1645,115,46
661,694,115,46
1181,1645,115,46
661,694,115,46
1181,1645,115,46
661,694,115,46
1181,1645,115,46
1492,1613,115,46
661,694,115,46
1181,1645,115,46
661,694,115,46
1181,1645,115,46
661,694,115,46
1181,1645,115,46
1492,1613,115,46
661,694,115,46
1181,1645,115,46
661,694,115,46
1181,1645,115,46
681,692,115,46
661,694,115,46
825,826,115,46
651,663,115,46
1181,1645,115,46
1492,1613,115,46
661,694,115,46
1181,1645,115,46
1492,1613,115,46
661,694,115,46
624,661,115,46
1181,1645,115,46
661,694,115,46
1181,1645,115,46
661,694,115,46
1181,1645,115,46
1492,1613,115,46
661,694,115,46
607,624,115,46
1181,1645,115,46
1492,1613,115,46
661,694,115,46
607,624,115,46
1181,1645,115,46
1492,1613,115,46
661,694,115,46
1181,1645,115,46
825,826,115,46
1492,1613,115,46
661,694,115,46
1181,1645,115,46
1492,1613,115,46
661,694,115,46
1181,1645,115,46
1492,1613,115,46
661,694,115,46
1181,1645,115,46
1492,1613,115,46
683,692,115,46
1181,1645,115,46
1492,1613,115,46
661,694,115,46
1181,1645,115,46
1492,1613,115,46
1181,1645,115,46
1492,1613,115,46
1181,1645,115,46
661,694,115,46
1181,1645,115,46
1492,1613,115,46
661,694,115,46
1181,1645,115,46
1492,1613,115,46
661,694,115,46
1181,1645,115,46
661,694,115,46
1181,1645,115,46
661,694,115,46
1181,1645,115,46
825,826,115,46
661,694,115,46
1181,1645,115,46
1492,1613,115,46
661,694,115,46
825,826,115,46
1181,1645,115,46
1492,1613,115,46
661,694,115,46
825,826,115,46
1181,1645,115,46
1492,1613,115,46
661,694,115,46
825,826,115,46
1181,1645,115,46
825,826,115,46
661,694,115,46
1181,1645,115,46
661,694,115,46
1181,1645,115,46
1492,1613,115,46
661,694,115,46
1181,1645,115,46
661,694,115,46
1181,1645,115,46
1492,1613,115,46
661,694,115,46
1181,1645,115,46
825,826,115,46
1492,1613,115,46
661,694,115,46
825,826,115,46
651,663,115,46
624,661,115,46
1181,1645,115,46
1492,1613,115,46
660,661,115,46
661,694,115,46
825,826,115,46
651,663,115,46
1181,1645,115,46
1492,1613,115,46
661,694,115,46
1181,1645,115,46
1492,1613,115,46
661,694,115,46
1181,1645,115,46
651,663,115,46
1492,1613,115,46
661,694,115,46
1181,1645,115,46
1492,1613,115,46
661,694,115,46
624,661,115,46
1181,1645,115,46
661,694,115,46
1181,1645,115,46
661,694,115,46
1181,1645,115,46
1492,1613,115,46
661,694,115,46
1181,1645,115,46
1492,1613,115,46
661,694,115,46
1181,1645,115,46
1492,1613,115,46
661,694,115,46
825,826,115,46
1181,1645,115,46
1492,1613,115,46
651,663,115,46
1181,1645,115,46
661,694,115,46
1181,1645,115,46
661,694,115,46
1181,1645,115,46
651,663,115,46
1181,1645,115,46
1181,1645,115,46
1492,1613,115,46
1181,1645,115,46
1492,1613,115,46
661,694,115,46
1181,1645,115,46
825,826,115,46
1492,1613,115,46
825,826,115,46
1181,1645,115,46
1492,1613,115,46
661,694,115,46
1181,1645,115,46
1492,1613,115,46
661,694,115,46
825,826,115,46
651,663,115,46
1181,1645,115,46
1492,1613,115,46
661,694,115,46
1181,1645,115,46
651,663,115,46
825,826,115,46
661,694,115,46
1181,1645,115,46
825,826,115,46
661,694,115,46
1181,1645,115,46
651,663,115,46
825,826,115,46
661,694,115,46
1181,1645,115,46
651,663,115,46
825,826,115,46
661,694,115,46
1181,1645,115,46
825,826,115,46
661,694,115,46
1181,1645,115,46
1492,1613,115,46
661,694,115,46
1181,1645,115,46
1492,1613,115,46
651,663,115,46
1181,1645,115,46
651,663,115,46
1181,1645,115,46
661,694,115,46
825,826,115,46
1492,1613,115,46
1181,1645,115,46
1492,1613,115,46
661,694,115,46
1181,1645,115,46
1492,1613,115,46
661,694,115,46
651,663,115,46
1181,1645,115,46
661,694,115,46
1181,1645,115,46
651,663,115,46
1492,1613,115,46
1181,1645,115,46
1492,1613,115,46
1181,1645,115,46
1492,1613,115,46
1181,1645,115,46
1492,1613,115,46
1181,1645,115,46
1492,1613,115,46
1181,1645,115,46
1181,1645,115,46
1492,1613,115,46
1181,1645,115,46
1492,1613,115,46
1181,1645,115,46
1492,1613,115,46
1181,1645,115,46
1181,1645,115,46
1181,1645,115,46
1181,1645,115,46
1181,1645,115,46
1181,1645,115,46
1492,1613,115,46
852,862,115,46
1181,1645,115,46
1492,1613,115,46
1181,1645,115,46
1181,1645,115,46
1492,1613,115,46
1181,1645,115,46
1492,1613,115,46
1181,1645,115,46
1181,1645,115,46
825,826,115,46
1181,1645,115,46
1181,1645,115,46
1492,1613,115,46
825,826,115,46
1181,1645,115,46
1492,1613,115,46
825,826,115,46
1181,1645,115,46
1492,1613,115,46
1181,1645,115,46
1492,1613,115,46
1181,1645,115,46
1492,1613,115,46
1181,1645,115,46
1492,1613,115,46
1181,1645,115,46
1492,1613,116,47
1181,1645,116,47
1492,1613,116,47
1181,1645,116,47
1492,1613,116,47
851,852,116,47
1181,1645,116,47
1492,1613,116,47
825,826,116,47
1181,1645,116,47
1492,1613,116,47
1181,1645,116,47
1492,1613,116,47
1181,1645,116,47
1492,1613,116,47
825,826,116,47
1181,1645,116,47
1492,1613,116,47
1181,1645,116,47
1492,1613,116,47
1181,1645,116,47
1181,1645,116,47
825,826,116,47
1181,1645,116,47
825,826,116,47
1181,1645,116,47
1181,1645,116,47
1492,1613,116,47
1181,1645,116,47
1492,1613,116,47
851,852,116,47
1181,1645,116,47
1181,1645,116,47
1181,1645,116,47
1492,1613,116,47
1181,1645,116,47
1492,1613,116,47
1181,1645,116,47
1492,1613,116,47
1181,1645,116,47
1492,1613,116,47
1181,1645,116,47
1181,1645,116,47
1632,1856,116,47
1181,1645,116,47
1492,1613,116,47
1181,1645,116,47
1492,1613,116,47
1632,1856,116,47
1181,1645,116,47
1492,1613,116,47
1632,1856,116,47
1181,1645,116,47
1492,1613,116,47
1632,1856,116,47
1181,1645,116,47
1492,1613,116,47
1632,1856,116,47
1181,1645,116,47
1492,1613,116,47
1181,1645,116,47
1492,1613,116,47
1181,1645,116,47
1181,1645,116,47
1492,1613,116,47
1181,1645,116,47
851,852,116,47
1181,1645,116,47
807,889,116,47
1181,1645,116,47
825,826,116,47
1181,1645,116,47
1492,1613,116,47
825,826,116,47
1181,1645,116,47
1492,1613,116,47
1181,1645,116,47
1181,1645,116,47
1492,1613,116,47
1181,1645,116,47
1181,1645,116,47
1181,1645,116,47
1181,1645,116,47
1492,1613,116,47
1181,1645,116,47
1492,1613,116,47
1181,1645,116,47
1492,1613,116,47
1181,1645,116,47
1492,1613,116,47
1181,1645,116,47
1181,1645,116,47
1492,1613,116,47
1181,1645,116,47
1492,1613,116,47
1181,1645,116,47
1492,1613,116,47
1181,1645,116,47
1492,1613,116,47
831,869,116,47
1181,1645,116,47
1492,1613,116,47
1181,1645,116,47
1492,1613,116,47
1181,1645,116,47
1613,1672,116,47
1181,1645,116,47
1613,1672,116,47
1492,1613,116,47
1181,1645,116,47
1613,1672,116,47
825,826,116,47
1181,1645,116,47
1613,1672,116,47
1492,1613,116,47
825,826,116,47
1181,1645,116,47
1613,1672,116,47
851,853,116,47
825,826,116,47
1181,1645,116,47
1613,1672,116,47
851,853,116,47
825,826,116,47
1181,1645,116,47
1613,1672,116,47
851,853,116,47
825,826,116,47
1181,1645,116,47
1613,1672,116,47
851,853,116,47
1181,1645,116,47
1613,1672,116,47
851,853,116,47
1181,1645,116,47
1613,1672,116,47
851,853,116,47
1181,1645,116,47
1613,1672,116,47
851,853,116,47
1181,1645,116,47
1613,1672,116,47
851,853,116,47
1181,1645,116,47
1613,1672,116,47
851,853,116,47
851,852,116,47
1632,1671,116,47
1613,1672,116,47
1181,1645,116,47
825,826,116,47
851,853,116,47
1632,1671,116,47
1613,1672,116,47
1181,1645,116,47
1632,1671,116,47
1181,1645,116,47
1613,1672,116,47
1148,1658,116,47
831,869,116,47
1181,1645,116,47
1613,1672,116,47
1190,1686,116,47
1181,1645,116,47
851,853,116,47
1181,1645,116,47
1181,1645,116,47
1181,1645,116,47
1632,1671,116,47
1181,1645,116,47
1632,1671,116,47
825,826,116,47
1181,1645,116,47
825,826,116,47
1148,1658,116,47
1181,1645,116,47
1632,1671,116,47
1190,1686,116,47
1181,1645,116,47
1613,1672,116,47
1190,1686,116,47
1181,1645,116,47
1613,1672,116,47
1190,1686,116,47
1492,1613,116,47
1181,1645,116,47
1613,1672,116,47
1492,1613,116,47
1181,1645,116,47
1613,1672,116,47
1492,1613,116,47
1181,1645,116,47
1613,1672,116,47
1492,1613,116,47
1181,1645,116,47
1632,1671,116,47
1632,1671,116,47
1613,1672,116,47
851,853,116,47
851,853,116,47
1613,1672,116,47
1632,1671,116,47
1492,1672,116,47
851,852,116,47
1613,1672,116,47
1181,1645,116,47
1632,1671,116,47
851,853,116,47
851,853,116,47
1632,1671,116,47
1613,1672,116,47
1181,1645,116,47
1632,1671,116,47
825,826,116,47
1181,1645,116,47
1613,1672,116,47
1148,1658,116,47
851,853,116,47
1181,1645,116,47
1613,1672,116,47
851,853,116,47
1492,1613,116,47
1181,1645,116,47
1613,1672,116,47
851,853,116,47
1181,1645,116,47
1181,1645,116,47
1613,1672,116,47
851,853,116,47
1181,1645,116,47
1613,1672,116,47
851,853,116,47
825,826,116,47
1181,1645,116,47
1613,1672,116,47
851,853,116,47
1181,1645,116,47
1613,1672,116,47
851,853,116,47
1492,1613,116,47
1181,1645,116,47
1613,1672,116,47
851,853,116,47
825,826,116,47
1181,1645,116,47
1613,1672,116,47
851,853,116,47
825,826,116,47
1492,1672,116,47
1613,1672,116,47
851,853,116,47
825,826,116,47
1181,1645,116,47
1613,1672,116,47
1181,1645,116,47
1613,1672,116,47
851,853,116,47
825,826,116,47
1492,1672,116,47
1181,1645,116,47
1613,1672,116,47
851,853,116,47
825,826,116,47
1492,1672,116,47
1181,1645,116,47
1613,1672,116,47
851,853,116,47
1181,1645,116,47
1613,1672,116,47
1492,1672,116,47
825,826,116,47
831,869,116,47
1181,1645,116,47
1613,1672,116,47
831,869,116,47
1181,1645,116,47
851,853,116,47
1492,1613,116,47
831,869,116,47
825,826,116,47
1181,1645,116,47
1613,1672,116,47
851,853,116,47
825,826,116,47
1181,1645,116,47
1613,1672,116,47
851,853,116,47
825,826,116,47
1181,1645,116,47
1613,1672,116,47
851,853,116,47
1181,1645,116,47
1613,1672,116,47
851,853,116,47
1181,1645,116,47
851,853,116,47
825,826,116,47
1181,1645,116,47
851,853,116,47
1492,1613,116,47
825,826,116,47
1181,1645,116,47
851,853,116,47
825,826,116,47
1181,1645,116,47
1613,1672,116,47
851,853,116,47
825,826,116,47
1181,1645,116,47
1613,1672,116,47
825,826,116,47
1181,1645,116,47
1613,1672,116,47
1492,1613,116,47
825,826,116,47
851,853,116,47
1181,1645,116,47
807,889,116,47
1492,1613,116,47
1181,1645,116,47
1613,1672,116,47
851,853,116,47
1181,1645,116,47
851,853,116,47
1181,1645,116,47
851,853,116,47
1181,1645,116,47
851,853,116,47
1181,1645,116,47
851,853,116,47
1492,1613,116,47
1181,1645,116,47
1181,1645,116,47
851,853,116,47
1181,1645,116,47
807,889,116,47
1181,1645,116,47
851,853,116,47
1181,1645,116,47
1613,1672,116,47
851,853,116,47
1181,1645,116,47
851,853,116,47
825,826,116,47
1181,1645,116,47
851,853,116,47
825,826,116,47
1632,1856,116,47
1181,1645,116,47
1181,1645,116,47
851,853,116,47
1181,1645,116,47
851,853,116,47
1181,1645,116,47
851,853,116,47
1181,1645,116,47
851,853,116,47
1181,1645,116,47
1181,1645,116,47
851,853,116,47
1632,1856,116,47
1181,1645,116,47
1181,1645,116,47
825,826,116,47
1632,1856,116,47
1181,1645,116,47
851,853,116,47
1632,1856,116,47
1181,1645,116,47
851,853,116,47
825,826,116,47
1632,1856,116,47
1181,1645,116,47
1613,1672,116,47
851,853,116,47
831,869,116,47
1632,1856,116,47
1181,1645,116,47
1613,1672,116,47
851,853,116,47
826,855,116,47
826,831,116,47
1632,1856,116,47
1181,1645,116,47
826,828,116,47
1492,1613,116,47
1632,1856,116,47
1181,1645,116,47
1632,1856,116,47
1181,1645,116,47
1613,1672,116,47
1632,1856,116,47
1613,1672,116,47
1632,1856,116,47
1181,1645,116,47
1613,1672,116,47
834,836,116,47
1632,1856,116,47
1181,1645,116,47
1613,1672,116,47
834,836,116,47
1632,1672,116,47
1181,1645,116,47
834,836,116,47
1651,1672,116,47
1190,1672,116,47
1181,1672,116,47
807,889,116,47
1190,1686,116,47
1170,1672,116,47
834,836,116,47
1170,1686,116,47
1170,1181,116,47
1190,1686,116,47
1170,1672,116,47
826,1651,116,47
834,836,116,47
1170,1686,116,47
826,1181,116,47
826,1622,116,47
1190,1686,116,47
1170,1672,116,47
834,836,116,47
1144,1629,116,47
831,847,116,47
1148,1686,116,47
1629,1644,116,47
1190,1686,116,47
1170,1672,116,47
834,836,116,47
1144,1629,116,47
826,1181,116,47
1629,1644,116,47
1170,1672,116,47
834,836,116,47
826,1181,116,47
1181,1674,116,47
1629,1644,116,47
826,1674,116,47
1170,1672,116,47
834,836,116,47
826,1181,116,47
1144,1644,116,47
1181,1674,116,47
1629,1644,116,47
826,1674,116,47
1170,1672,116,47
834,836,116,47
1144,1629,116,47
831,851,116,47
1144,1644,116,47
1629,1644,116,47
826,1674,116,47
1170,1672,116,47
834,836,116,47
828,834,116,47
1629,1644,116,47
1613,1672,116,47
826,1674,116,47
1170,1672,116,47
834,836,116,47
692,862,116,47
1629,1644,116,47
826,1674,116,47
834,836,116,47
1144,1629,116,47
826,1181,116,47
826,1674,116,47
1181,1674,116,47
663,692,116,47
828,834,116,47
1144,1644,116,47
834,836,116,47
648,663,116,47
623,683,116,47
826,1181,116,47
826,1674,116,47
616,692,116,47
1144,1644,116,47
683,692,116,47
831,851,116,47
667,681,116,47
834,836,116,47
1144,1629,116,47
831,851,116,47
826,1181,116,47
1144,1644,116,47
1629,1644,116,47
826,1674,116,47
667,681,116,47
831,893,116,47
831,851,116,47
1144,1644,116,47
1181,1674,116,47
1629,1644,116,47
826,1674,116,47
1144,1629,116,47
834,836,116,47
884,1629,116,47
826,1181,116,47
1144,1644,116,47
1181,1674,116,47
826,1674,116,47
1144,1629,116,47
667,681,116,47
834,836,116,47
831,893,116,47
1144,1629,116,47
831,851,116,47
609,815,116,47
826,1674,116,47
667,681,116,47
834,836,116,47
1144,1629,116,47
1622,1645,116,47
1144,1644,116,47
826,1674,116,47
600,884,116,47
831,851,116,47
826,1181,116,47
826,1674,116,47
1144,1644,116,47
1629,1644,116,47
1144,1629,116,47
600,884,116,47
831,851,116,47
826,1181,116,47
1181,1674,116,47
1144,1629,116,47
826,1674,116,47
636,681,116,47
834,836,116,47
831,893,116,47
1144,1629,116,47
1144,1644,116,47
1181,1674,116,47
1629,1644,116,47
1645,1672,116,47
826,1674,116,47
834,836,116,47
600,884,116,47
831,893,116,47
1144,1629,116,47
831,851,116,47
826,1181,116,47
851,893,116,47
1181,1674,116,47
1629,1644,116,47
814,896,116,47
826,1674,116,47
834,836,116,47
600,884,116,47
831,893,116,47
1144,1629,116,47
826,1181,116,47
826,1674,116,47
1181,1674,116,47
609,636,116,47
1144,1644,116,47
834,836,116,47
836,893,116,47
831,893,116,47
1144,1629,116,47
826,1181,116,47
1144,1644,116,47
1181,1674,116,47
834,836,116,47
826,1674,116,47
1164,1622,116,47
1164,1645,116,47
826,1181,116,47
609,658,116,47
1651,1674,116,47
826,1651,116,47
836,863,116,47
826,1181,116,47
1629,1644,116,47
1651,1674,116,47
836,843,116,47
1181,1651,116,47
1164,1645,116,47
826,1181,116,47
1181,1674,116,47
826,1674,116,47
1144,1601,116,47
1651,1674,116,47
826,1651,116,47
600,884,116,47
1672,1678,116,47
667,847,116,47
826,1181,116,47
1181,1674,116,47
651,667,116,47
826,1674,116,47
1144,1601,116,47
651,847,116,47
817,891,116,47
826,1651,116,47
600,884,116,47
1672,1678,116,47
667,847,116,47
826,1181,116,47
1629,1644,116,47
651,667,116,47
651,847,116,47
654,681,116,47
826,1651,116,47
600,884,116,47
1672,1678,116,47
1164,1645,116,47
826,1181,116,47
826,1674,116,47
1672,1678,116,47
651,847,116,47
628,696,116,47
667,847,116,47
826,1181,116,47
826,1674,116,47
1181,1674,116,47
651,667,116,47
1144,1601,116,47
663,696,116,47
648,651,116,47
1672,1678,116,47
826,1181,116,47
1181,1674,116,47
826,1674,116,47
1672,1678,116,47
667,847,116,47
826,1181,116,47
609,658,116,47
826,1674,116,47
1164,1622,116,47
1672,1678,116,47
667,847,116,47
826,1181,116,47
1181,1674,116,47
826,1674,116,47
1164,1622,116,47
869,1672,116,47
1672,1678,116,47
667,847,116,47
826,1181,116,47
826,1674,116,47
1164,1622,116,47
869,1672,116,47
1672,1678,116,47
667,847,116,47
826,1181,116,47
1181,1674,116,47
828,838,116,47
609,658,116,47
826,1674,116,47
628,847,116,47
1164,1622,116,47
628,667,116,47
1672,1678,116,47
826,1678,116,47
826,1181,116,47
1181,1674,116,47
1674,1678,116,47
826,1674,116,47
663,696,116,47
1164,1622,116,47
1672,1678,116,47
1181,1674,116,47
667,847,116,47
1164,1622,116,47
1672,1678,116,47
667,847,116,47
1181,1651,116,47
1164,1671,116,47
1644,1856,116,47
1632,1674,116,47
884,891,116,47
1181,1651,116,47
1651,1674,116,47
1181,1651,116,47
826,869,116,47
1613,1629,116,47
1613,1672,116,47
1170,1672,116,47
1651,1674,116,47
1649,1651,116,47
828,830,116,47
1651,1674,116,47
1649,1651,116,47
831,868,116,47
831,869,116,47
1651,1674,116,47
1649,1651,116,47
681,692,116,47
613,683,116,47
831,868,116,47
600,613,116,47
666,683,116,47
1190,1686,116,47
1170,1672,116,47
1651,1674,116,47
600,683,116,47
1649,1651,116,47
656,692,116,47
1170,1672,116,47
1651,1674,116,47
1632,1856,116,47
656,692,116,47
1170,1672,116,47
1651,1674,116,47
851,853,116,47
890,891,116,47
683,692,116,47
1170,1672,116,47
1651,1674,116,47
682,683,116,47
825,826,116,47
616,681,116,47
884,889,116,47
1170,1672,116,47
1651,1674,116,47
1170,1672,116,47
601,660,116,47
656,681,116,47
825,826,116,47
825,826,116,47
648,694,116,47
1190,1686,116,47
1170,1672,116,47
1170,1672,116,47
682,683,116,47
1190,1686,116,47
1170,1672,116,47
654,694,116,47
1170,1672,116,47
1651,1674,116,47
1170,1672,116,47
1492,1613,116,47
627,635,116,47
1170,1672,116,47
826,863,116,47
825,826,116,47
616,681,116,47
1170,1672,116,47
1649,1651,116,47
616,681,116,47
1170,1672,116,47
1492,1613,116,47
825,826,116,47
654,694,116,47
1649,1651,116,47
826,863,116,47
1649,1651,116,47
825,826,116,47
616,681,116,47
654,694,116,47
826,863,116,47
825,826,116,47
616,681,116,47
654,694,116,47
683,692,116,47
654,694,116,47
1492,1613,116,47
616,681,116,47
654,694,116,47
683,692,116,47
1492,1613,116,47
683,692,116,47
654,694,116,47
628,667,116,47
826,863,116,47
825,826,116,47
616,681,116,47
825,826,116,47
654,694,116,47
826,863,116,47
826,863,116,47
825,826,116,47
825,826,116,47
826,863,116,47
618,681,116,47
616,681,116,47
826,863,116,47
825,826,116,47
683,692,116,47
683,692,116,47
628,667,116,47
826,863,116,47
825,826,116,47
616,681,116,47
683,692,116,47
826,863,116,47
825,826,116,47
683,692,116,47
826,863,116,47
825,826,116,47
616,681,116,47
683,692,116,47
616,681,116,47
826,863,116,47
825,826,116,47
616,681,116,47
825,826,116,47
826,863,116,47
628,667,116,47
616,681,116,47
825,826,116,47
826,863,116,47
616,681,116,47
1645,1671,116,47
1645,1671,116,47
616,681,116,47
825,826,116,47
826,863,116,47
683,692,116,47
825,826,116,47
826,863,116,47
825,826,116,47
652,666,116,47
826,863,116,47
1632,1671,116,47
683,692,116,47
616,681,116,47
683,692,116,47
616,681,116,47
616,681,116,47
825,826,116,47
826,863,116,47
683,692,116,47
825,826,116,47
616,681,116,47
1645,1671,116,47
1645,1671,116,47
1492,1672,116,47
616,681,116,47
616,681,116,47
616,681,116,47
1190,1686,116,47
683,692,116,47
616,681,116,47
1170,1672,116,47
826,863,116,47
825,826,116,47
616,681,116,47
825,826,116,47
1645,1671,116,47
826,863,116,47
616,681,116,47
628,667,116,47
826,863,116,47
825,826,116,47
600,613,116,47
616,681,116,47
616,681,116,47
825,826,116,47
826,863,116,47
825,826,116,47
826,863,116,47
825,826,116,47
825,826,116,47
1492,1672,116,47
1632,1856,116,47
1632,1856,116,47
1645,1671,116,47
616,681,116,47
683,692,116,47
628,667,116,47
1492,1672,116,47
1492,1672,116,47
1645,1671,116,47
600,613,116,47
1492,1672,116,47
1645,1671,116,47
1613,1672,116,47
616,681,116,47
1613,1672,116,47
1645,1671,116,47
1613,1672,116,47
683,692,116,47
1613,1672,116,47
654,694,116,47
683,692,116,47
654,694,116,47
616,683,116,47
616,683,116,47
616,683,116,47
1613,1672,116,47
1613,1672,116,47
1613,1672,116,47
628,667,116,47
831,869,116,47
1613,1672,116,47
1645,1671,116,47
600,613,116,47
618,666,116,47
825,826,116,47
1645,1671,116,47
825,826,116,47
1645,1671,116,47
1645,1671,116,47
1645,1671,116,47
600,694,116,47
600,654,116,47
654,694,116,47
616,681,116,47
1645,1671,117,48
618,654,117,48
1190,1686,117,48
616,654,117,48
683,692,117,48
616,681,117,48
1645,1671,117,48
616,681,117,48
1645,1671,117,48
654,682,117,48
616,648,117,48
616,681,117,48
600,613,117,48
825,826,117,48
826,863,117,48
826,863,117,48
825,826,117,48
1632,1671,117,48
616,681,117,48
1645,1671,117,48
1645,1671,117,48
1645,1671,117,48
681,682,117,48
1645,1671,117,48
683,692,117,48
612,678,117,48
1645,1671,117,48
683,692,117,48
1645,1671,117,48
683,692,117,48
612,678,117,48
628,667,117,48
616,681,117,48
1645,1671,117,48
612,678,117,48
1645,1671,117,48
1492,1672,117,48
825,826,117,48
1645,1671,117,48
683,692,117,48
612,678,117,48
683,692,117,48
612,678,117,48
681,692,117,48
1645,1671,117,48
612,678,117,48
681,692,117,48
807,897,117,48
681,683,117,48
612,678,117,48
1613,1672,117,48
616,681,117,48
1613,1672,117,48
1492,1672,117,48
600,613,117,48
1662,1686,117,48
1632,1856,117,48
612,678,117,48
648,681,117,48
683,692,117,48
1645,1671,117,48
654,694,117,48
616,681,117,48
612,678,117,48
1148,1686,117,48
825,826,117,48
1148,1686,117,48
616,681,117,48
1645,1671,117,48
616,681,117,48
683,692,117,48
612,678,117,48
1662,1686,117,48
683,692,117,48
612,678,117,48
654,694,117,48
683,692,117,48
1645,1671,117,48
654,694,117,48
654,694,117,48
826,863,117,48
654,694,117,48
831,869,117,48
807,897,117,48
831,869,117,48
1632,1856,117,48
831,869,117,48
1148,1686,117,48
807,897,117,48
825,826,117,48
652,666,117,48
826,863,117,48
600,613,117,48
616,681,117,48
1164,1679,117,48
654,694,117,48
825,826,117,48
683,692,117,48
826,863,117,48
654,694,117,48
1645,1671,117,48
683,692,117,48
683,692,117,48
683,692,117,48
654,694,117,48
1645,1671,117,48
616,681,117,48
654,694,117,48
1645,1671,117,48
681,692,117,48
1645,1671,117,48
683,692,117,48
831,869,117,48
1645,1671,117,48
616,681,117,48
1645,1671,117,48
616,681,117,48
1645,1671,117,48
616,681,117,48
1645,1671,117,48
616,681,117,48
1645,1671,117,48
654,694,117,48
1645,1671,117,48
1613,1672,117,48
1613,1672,117,48
1645,1671,117,48
683,692,117,48
1613,1672,117,48
612,678,117,48
600,613,117,48
831,869,117,48
1645,1671,117,48
1613,1672,117,48
1645,1671,117,48
683,692,117,48
681,692,117,48
681,692,117,48
654,694,117,48
683,692,117,48
807,889,117,48
1613,1672,117,48
1613,1672,117,48
616,681,117,48
654,694,117,48
612,678,117,48
1613,1672,117,48
1148,1686,117,48
1492,1672,117,48
654,694,117,48
1662,1686,117,48
826,863,117,48
825,826,117,48
1645,1671,117,48
683,692,117,48
612,678,117,48
654,694,117,48
1645,1671,117,48
683,692,117,48
825,826,117,48
612,678,117,48
831,869,117,48
826,863,117,48
654,694,117,48
1645,1671,117,48
1613,1672,117,48
826,863,117,48
612,678,117,48
831,869,117,48
825,826,117,48
1645,1671,117,48
1613,1672,117,48
612,678,117,48
831,869,117,48
648,682,117,48
616,681,117,48
654,694,117,48
1645,1671,117,48
612,678,117,48
831,869,117,48
616,681,117,48
654,694,117,48
1645,1671,117,48
616,681,117,48
1645,1671,117,48
612,678,117,48
627,635,117,48
616,681,117,48
1645,1671,117,48
1613,1672,117,48
616,681,117,48
831,869,117,48
1645,1671,117,48
1632,1856,117,48
612,678,117,48
616,681,117,48
1645,1671,117,48
683,692,117,48
1613,1672,117,48
826,863,117,48
612,678,117,48
825,826,117,48
1645,1671,117,48
1613,1672,117,48
831,869,117,48
616,692,117,48
616,681,117,48
1645,1671,117,48
1613,1672,117,48
1645,1671,117,48
1613,1672,117,48
807,889,117,48
612,678,117,48
1613,1672,117,48
807,889,117,48
1613,1672,117,48
1492,1672,117,48
825,826,117,48
600,613,117,48
612,678,117,48
1613,1672,117,48
612,678,117,48
1613,1672,117,48
600,654,117,48
1613,1672,117,48
831,869,117,48
1613,1672,117,48
1632,1856,117,48
616,681,117,48
1613,1672,117,48
616,681,117,48
1645,1671,117,48
1613,1672,117,48
654,694,117,48
1613,1672,117,48
612,678,117,48
616,681,117,48
1613,1672,117,48
1613,1672,117,48
600,654,117,48
612,678,117,48
683,692,117,48
683,692,117,48
1645,1671,117,48
683,692,117,48
612,678,117,48
1645,1671,117,48
1613,1672,117,48
683,692,117,48
1613,1672,117,48
618,648,117,48
612,678,117,48
1613,1672,117,48
807,897,117,48
654,694,117,48
1613,1672,117,48
612,678,117,48
600,654,117,48
654,694,117,48
1645,1671,117,48
683,692,117,48
1613,1672,117,48
683,692,117,48
612,678,117,48
1613,1672,117,48
612,678,117,48
807,897,117,48
654,694,117,48
1645,1671,117,48
683,692,117,48
1613,1672,117,48
683,692,117,48
612,678,117,48
1613,1672,117,48
612,678,117,48
807,897,117,48
648,683,117,48
600,613,117,48
1613,1672,117,48
683,692,117,48
612,678,117,48
1613,1672,117,48
612,678,117,48
654,694,117,48
618,683,117,48
616,683,117,48
654,694,117,48
656,683,117,48
1645,1671,117,48
612,678,117,48
654,694,117,48
807,889,117,48
1613,1672,117,48
612,678,117,48
612,678,117,48
807,889,117,48
681,682,117,48
1645,1671,117,48
1613,1672,117,48
612,678,117,48
807,890,117,48
807,889,117,48
654,694,117,48
1645,1671,117,48
683,692,117,48
1645,1671,117,48
683,692,117,48
826,863,117,48
616,681,117,48
1645,1671,117,48
825,826,117,48
1645,1671,117,48
683,692,117,48
612,678,117,48
681,682,117,48
683,692,117,48
612,678,117,48
683,692,117,48
612,678,117,48
1613,1672,117,48
1613,1629,117,48
1613,1672,117,48
612,678,117,48
654,694,117,48
683,692,117,48
1613,1629,117,48
1613,1672,117,48
1645,1671,117,48
612,678,117,48
1613,1672,117,48
1645,1671,117,48
831,869,117,48
612,678,117,48
1613,1672,117,48
825,826,117,48
600,654,117,48
654,694,117,48
1645,1671,117,48
683,692,117,48
1613,1672,117,48
612,678,117,48
828,830,117,48
838,853,117,48
853,867,117,48
616,681,117,48
600,654,117,48
1645,1671,117,48
1613,1672,117,48
830,869,117,48
828,830,117,48
830,853,117,48
841,853,117,48
1613,1672,117,48
1613,1672,117,48
828,834,117,48
1645,1671,117,48
833,836,117,48
828,834,117,48
1645,1671,117,48
1613,1672,117,48
612,678,117,48
600,654,117,48
828,834,117,48
1645,1671,117,48
1613,1672,117,48
1645,1671,117,48
1613,1672,117,48
828,834,117,48
1645,1671,117,48
1613,1672,117,48
1170,1672,117,48
600,654,117,48
1645,1671,117,48
612,678,117,48
1613,1672,117,48
1170,1672,117,48
1170,1672,117,48
1613,1672,117,48
1645,1671,117,48
683,692,117,48
612,678,117,48
1613,1672,117,48
612,678,117,48
1645,1671,117,48
683,692,117,48
1613,1672,117,48
612,678,117,48
1613,1672,117,48
1613,1672,117,48
1190,1686,117,48
600,654,117,48
654,694,117,48
1645,1671,117,48
1613,1672,117,48
1190,1686,117,48
1645,1671,117,48
683,692,117,48
612,678,117,48
683,692,117,48
612,678,117,48
1190,1686,117,48
1613,1672,117,48
1190,1686,117,48
1613,1672,117,48
1190,1686,117,48
683,692,117,48
654,694,117,48
612,678,117,48
1190,1686,117,48
612,678,117,48
1190,1686,117,48
1645,1671,117,48
612,678,117,48
1645,1671,117,48
612,678,117,48
654,694,117,48
628,667,117,48
1645,1671,117,48
807,897,117,48
1645,1671,117,48
807,897,117,48
616,681,117,48
1645,1671,117,48
683,692,117,48
612,678,117,48
616,681,117,48
1645,1671,117,48
683,692,117,48
612,678,117,48
1645,1671,117,48
612,678,117,48
807,897,117,48
612,678,117,48
618,666,117,48
1645,1671,117,48
618,666,117,48
616,681,117,48
1645,1671,117,48
612,678,117,48
618,666,117,48
1645,1671,117,48
683,692,117,48
618,666,117,48
1645,1671,117,48
807,897,117,48
618,666,117,48
683,692,117,48
807,897,117,48
616,681,117,48
654,694,117,48
612,678,117,48
1645,1671,117,48
612,678,117,48
628,667,117,48
807,897,117,48
1645,1671,117,48
628,667,117,48
807,897,117,48
1645,1671,117,48
683,692,117,48
612,678,117,48
807,897,117,48
1645,1671,117,48
683,692,117,48
612,678,117,48
600,654,117,48
654,694,117,48
1645,1671,117,48
612,678,117,48
616,681,117,48
1645,1671,117,48
612,678,117,48
683,692,117,48
612,678,117,48
1645,1671,117,48
683,692,117,48
612,678,117,48
825,857,117,48
1645,1671,117,48
683,692,117,48
612,678,117,48
1645,1671,117,48
612,678,117,48
802,855,117,48
1645,1671,117,48
1645,1671,117,48
683,692,117,48
813,825,117,48
841,855,117,48
616,681,117,48
1645,1671,117,48
628,667,117,48
612,678,117,48
841,855,117,48
1645,1671,117,48
864,868,117,48
628,667,117,48
841,855,117,48
1645,1671,117,48
654,694,117,48
612,678,117,48
654,694,117,48
1645,1671,117,48
654,694,117,48
833,836,117,48
616,681,117,48
654,694,117,48
1645,1671,117,48
612,678,117,48
616,681,117,48
1645,1671,117,48
612,678,117,48
1645,1671,117,48
612,678,117,48
612,678,117,48
1645,1671,117,48
612,678,117,48
613,654,117,48
1645,1671,117,48
612,678,117,48
613,654,117,48
1645,1671,117,48
616,681,117,48
1645,1671,117,48
612,678,117,48
1645,1671,117,48
1645,1671,117,48
683,692,117,48
1645,1671,117,48
616,681,117,48
1645,1671,117,48
616,666,117,48
1645,1671,117,48
651,663,117,48
683,692,117,48
817,847,117,48
616,681,117,48
616,681,117,48
1632,1856,117,48
616,666,117,48
1645,1671,117,48
1645,1671,117,48
600,613,117,48
1645,1671,117,48
807,897,117,48
1645,1671,117,48
807,897,117,48
616,681,117,48
1645,1671,117,48
807,897,117,48
1645,1671,117,48
1645,1671,117,48
616,681,117,48
613,654,117,48
654,694,117,48
1645,1671,117,48
1645,1671,117,48
654,694,117,48
1645,1671,117,48
600,654,117,48
1645,1671,117,48
1645,1671,117,48
616,666,117,48
600,654,117,48
1645,1671,117,48
1645,1671,117,48
683,692,117,48
1662,1686,117,48
616,681,117,48
1662,1686,117,48
666,681,117,48
1662,1686,117,48
666,681,117,48
616,681,117,48
666,681,117,48
616,681,117,48
1645,1671,117,48
616,681,117,48
1645,1671,117,48
1645,1671,117,48
1645,1671,117,48
654,694,117,48
1645,1671,117,48
1645,1671,117,48
1613,1672,117,48
1645,1671,117,48
1645,1671,117,48
1645,1671,117,48
1645,1671,117,48
618,666,117,48
1645,1671,117,48
618,666,117,48
618,666,117,48
627,635,117,48
683,692,117,48
618,666,117,48
683,692,117,48
618,666,117,48
683,692,117,48
1645,1671,117,48
1645,1671,117,48
618,666,117,48
683,692,117,48
616,681,117,48
633,654,117,48
683,692,117,48
1613,1672,117,48
1170,1672,117,48
1144,1686,117,48
1651,1674,117,48
601,624,117,48
1649,1651,117,48
1660,1662,117,48
622,638,117,48
1170,1613,117,48
611,629,117,48
683,692,117,48
1148,1672,117,48
807,890,117,48
1148,1672,117,48
1658,1672,117,48
611,629,117,48
1148,1658,117,48
817,847,117,48
1170,1856,117,48
1181,1651,117,48
1181,1674,117,48
1148,1672,117,48
649,1671,117,48
609,661,117,48
1181,1651,117,48
1181,1674,117,48
1148,1672,117,48
656,891,117,48
611,649,117,48
682,891,117,48
1170,629,117,48
1632,1672,117,48
817,847,117,48
621,1622,117,48
636,817,117,48
622,638,117,48
1181,1651,117,48
1181,1674,117,48
1190,1632,117,48
694,817,117,48
636,694,117,48
1632,1672,117,48
817,847,117,48
1170,629,117,48
600,817,117,48
1144,1190,117,48
1181,1674,117,48
694,817,117,48
636,694,117,48
666,817,117,48
600,694,117,48
611,1671,117,48
1651,1674,117,48
649,1671,117,48
609,613,117,48
887,896,117,48
823,847,117,48
1170,629,117,48
1651,1674,117,48
633,636,117,48
817,847,117,48
1651,1672,117,48
618,648,117,48
1144,1190,117,48
601,624,117,48
1170,629,117,48
817,823,117,48
1651,1672,117,48
601,624,117,48
656,682,117,48
1144,1190,117,48
636,694,117,48
817,847,117,48
601,624,117,48
609,891,117,48
633,896,117,48
636,694,117,48
636,896,117,48
694,896,117,48
636,694,117,48
609,847,117,48
683,692,117,48
624,666,117,48
817,847,117,48
666,847,117,48
636,694,117,48
683,692,117,48
636,694,117,48
654,694,117,48
683,692,117,48
624,891,117,48
629,1613,117,48
654,694,117,48
683,692,117,48
654,629,117,48
683,692,117,48
600,683,117,48
628,692,117,48
683,692,117,48
683,692,117,48
628,692,117,48
618,683,117,48
628,683,117,48
629,1613,117,48
628,683,117,48
654,683,117,48
628,683,117,48
618,683,117,48
628,683,117,48
628,692,117,48
636,654,117,48
628,692,117,48
633,692,117,48
633,692,117,48
655,629,117,48
655,629,117,48
633,636,117,48
654,692,117,48
628,692,117,48
654,692,117,48
654,692,117,48
628,692,117,48
880,887,117,48
880,887,117,48
880,887,117,48
880,887,117,48
880,887,117,48
880,887,117,48
880,887,117,48
880,887,117,48
880,887,117,48
880,887,117,48
880,887,118,49
880,887,118,49
880,887,118,49
880,887,118,49
880,887,118,49
880,887,118,49
628,661,118,49
880,887,118,49
880,887,118,49
880,887,118,49
628,648,118,49
880,887,118,49
628,648,118,49
628,692,118,49
880,887,118,49
880,887,118,49
880,887,118,49
628,648,118,49
880,887,118,49
666,689,118,49
628,648,118,49
613,624,118,49
650,691,118,49
880,887,118,49
666,689,118,49
613,624,118,49
880,887,118,49
613,624,118,49
650,691,118,49
880,887,118,49
628,648,118,49
692,698,118,49
613,624,118,49
1658,1686,118,49
650,691,118,49
880,887,118,49
613,624,118,49
1658,1686,118,49
650,691,118,49
880,887,118,49
613,624,118,49
1658,1686,118,49
650,691,118,49
880,887,118,49
692,698,118,49
613,624,118,49
880,887,118,49
628,648,118,49
613,624,118,49
880,887,118,49
628,648,118,49
618,661,118,49
880,887,118,49
880,887,118,49
880,887,118,49
880,887,118,49
880,887,118,49
880,887,118,49
880,887,118,49
880,887,118,49
628,648,118,49
880,887,118,49
880,887,118,49
880,887,118,49
880,887,118,49
880,887,118,49
610,654,118,49
880,887,118,49
610,654,118,49
880,887,118,49
691,695,118,49
610,654,118,49
880,887,118,49
610,654,118,49
880,887,118,49
610,692,118,49
880,887,118,49
654,692,118,49
880,887,118,49
691,695,118,49
880,887,118,49
1632,1686,118,49
880,887,118,49
1629,1678,118,49
691,695,118,49
1632,1686,118,49
880,887,118,49
627,635,118,49
635,648,118,49
691,695,118,49
1632,1686,118,49
691,695,118,49
880,887,118,49
627,635,118,49
880,887,118,49
880,887,118,49
633,636,118,49
880,887,118,49
1632,1678,118,49
633,636,118,49
880,887,118,49
691,695,118,49
633,636,118,49
880,887,118,49
880,887,118,49
880,887,118,49
880,887,118,49
1671,1678,118,49
880,887,118,49
1632,1658,118,49
1632,1678,118,49
880,887,118,49
628,648,118,49
691,695,118,49
633,636,118,49
880,887,118,49
1632,1678,118,49
880,887,118,49
853,855,118,49
880,887,118,49
635,864,118,49
853,855,118,49
880,887,118,49
627,864,118,49
853,855,118,49
880,887,118,49
880,887,118,49
620,691,118,49
633,636,118,49
880,887,118,49
633,636,118,49
628,648,118,49
1644,1658,118,49
880,887,118,49
633,636,118,49
635,636,118,49
855,869,118,49
880,887,118,49
676,828,118,49
633,636,118,49
676,828,118,49
880,887,118,49
628,648,118,49
676,828,118,49
613,624,118,49
880,887,118,49
660,681,118,49
628,648,118,49
1632,1658,118,49
689,828,118,49
622,638,118,49
880,887,118,49
660,681,118,49
628,648,118,49
1632,1658,118,49
689,828,118,49
880,887,118,49
689,834,118,49
828,834,118,49
1629,1644,118,49
628,648,118,49
855,869,118,49
1632,1658,118,49
880,887,118,49
628,648,118,49
1632,1686,118,49
1658,1686,118,49
1632,1658,118,49
880,887,118,49
828,834,118,49
1632,1686,118,49
1632,1658,118,49
689,828,118,49
1658,1686,118,49
880,887,118,49
1632,1686,118,49
1644,1671,118,49
1658,1686,118,49
880,887,118,49
1632,1686,118,49
1632,1658,118,49
1658,1686,118,49
880,887,118,49
689,834,118,49
1632,1686,118,49
880,887,118,49
603,612,118,49
880,887,118,49
1632,1658,118,49
638,649,118,49
880,887,118,49
689,834,118,49
1632,1658,118,49
880,887,118,49
1632,1686,118,49
1632,1658,118,49
880,887,118,49
1632,1686,118,49
692,698,118,49
880,887,118,49
633,636,118,49
1632,1686,118,49
880,887,118,49
601,648,118,49
830,852,118,49
880,887,118,49
1632,1686,118,49
830,852,118,49
880,887,118,49
603,612,118,49
880,887,118,49
626,654,118,49
822,849,118,49
880,887,118,49
603,612,118,49
880,887,118,49
822,849,118,49
880,887,118,49
830,831,118,49
613,624,118,49
830,831,118,49
880,887,118,49
689,834,118,49
613,666,118,49
691,695,118,49
633,636,118,49
880,887,118,49
613,624,118,49
880,887,118,49
830,831,118,49
624,666,118,49
633,636,118,49
880,887,118,49
624,666,118,49
880,887,118,49
830,831,118,49
601,628,118,49
628,648,118,49
691,695,118,49
822,849,118,49
880,887,118,49
830,831,118,49
624,666,118,49
628,648,118,49
822,849,118,49
880,887,118,49
830,831,118,49
649,849,118,49
628,648,118,49
827,834,118,49
880,887,118,49
689,834,118,49
628,648,118,49
676,868,118,49
880,887,118,49
633,636,118,49
633,692,118,49
676,868,118,49
880,887,118,49
603,612,118,49
1658,1686,118,49
669,1686,118,49
650,677,118,49
669,1658,118,49
880,887,118,49
620,677,118,49
689,827,118,49
1629,1632,118,49
880,887,118,49
880,887,118,49
1632,1674,118,49
633,692,118,49
689,827,118,49
880,887,118,49
689,834,118,49
633,692,118,49
1658,1686,118,49
880,887,118,49
689,834,118,49
1632,1674,118,49
628,648,118,49
827,834,118,49
689,827,118,49
880,887,118,49
689,834,118,49
660,681,118,49
827,834,118,49
689,827,118,49
689,834,118,49
827,834,118,49
689,827,118,49
880,887,118,49
880,887,118,49
689,834,118,49
660,681,118,49
603,612,118,49
827,834,118,49
689,827,118,49
1632,1645,118,49
880,887,118,49
689,834,118,49
1632,1674,118,49
1622,1674,118,49
1645,1674,118,49
689,691,118,49
1632,1645,118,49
880,887,118,49
603,612,118,49
1632,1674,118,49
1622,1632,118,49
880,887,118,49
633,635,118,49
660,681,118,49
1632,1674,118,49
603,612,118,49
827,834,118,49
880,887,118,49
660,681,118,49
628,648,118,49
827,834,118,49
1622,1674,118,49
633,636,118,49
628,692,118,49
1644,1671,118,49
620,691,118,49
660,681,118,49
880,887,118,49
827,834,118,49
1632,1674,118,49
880,887,118,49
620,691,118,49
660,681,118,49
1632,1674,118,49
827,834,118,49
880,887,118,49
1632,1674,118,49
827,834,118,49
648,692,118,49
627,635,118,49
880,887,118,49
603,612,118,49
1632,1674,118,49
827,834,118,49
1644,1671,118,49
627,635,118,49
880,887,118,49
628,648,118,49
669,1658,118,49
633,636,118,49
1632,1674,118,49
623,692,118,49
1644,1671,118,49
880,887,118,49
618,623,118,49
633,654,118,49
669,1658,118,49
633,636,118,49
623,692,118,49
1644,1671,118,49
880,887,118,49
669,1686,118,49
649,695,118,49
633,636,118,49
650,677,118,49
1644,1671,118,49
880,887,118,49
603,612,118,49
620,650,118,49
649,695,118,49
1644,1671,118,49
880,887,118,49
669,1686,118,49
685,689,118,49
674,1686,118,49
669,674,118,49
827,834,118,49
674,1658,118,49
661,692,118,49
880,887,118,49
603,612,118,49
827,834,118,49
1644,1671,118,49
880,887,118,49
827,834,118,49
1644,1671,118,49
880,887,118,49
685,689,118,49
827,834,118,49
1644,1671,118,49
880,887,118,49
1632,1671,118,49
827,834,118,49
1644,1671,118,49
627,635,118,49
880,887,118,49
620,650,118,49
1644,1671,118,49
627,635,118,49
880,887,118,49
1644,1671,118,49
600,858,118,49
1644,1671,118,49
880,887,118,49
827,834,118,49
633,636,118,49
880,887,118,49
633,635,118,49
603,612,118,49
1632,1674,118,49
827,834,118,49
1622,1674,118,49
1622,1632,118,49
827,858,118,49
1644,1671,118,49
627,635,118,49
880,887,118,49
1632,1674,118,49
827,834,118,49
1622,1632,118,49
600,834,118,49
1622,1632,118,49
627,635,118,49
880,887,118,49
1632,1674,118,49
827,834,118,49
1644,1671,118,49
1644,1671,118,49
1632,1674,118,49
1622,1632,118,49
1651,1674,118,49
685,695,118,49
827,834,118,49
1644,1671,118,49
1632,1674,118,49
1651,1674,118,49
1622,1674,118,49
1622,1632,118,49
886,898,118,49
627,635,118,49
880,887,118,49
1632,1674,118,49
827,834,118,49
1651,1674,118,49
1170,1672,118,49
691,695,118,49
827,834,118,49
880,887,118,49
1644,1671,118,49
600,858,118,49
880,887,118,49
691,695,118,49
827,834,118,49
685,695,118,49
831,868,118,49
880,887,118,49
1632,1674,118,49
691,695,118,49
827,834,118,49
685,695,118,49
1622,1645,118,49
1644,1671,118,49
676,868,118,49
1632,1645,118,49
880,887,118,49
1632,1674,118,49
691,695,118,49
827,834,118,49
1622,1674,118,49
1645,1674,118,49
685,695,118,49
1622,1645,118,49
1644,1671,118,49
1632,1645,118,49
880,887,118,49
1632,1674,118,49
827,834,118,49
1645,1674,118,49
685,695,118,49
1622,1645,118,49
1644,1671,118,49
1632,1645,118,49
880,887,118,49
827,834,118,49
1645,1674,118,49
1651,1660,118,49
880,887,118,49
1632,1674,118,49
827,834,118,49
1645,1674,118,49
627,635,118,49
880,887,118,49
1632,1674,118,49
827,834,118,49
685,695,118,49
1144,1190,118,49
880,887,118,49
1632,1674,118,49
827,834,118,49
635,661,118,49
1164,1645,118,49
627,635,118,49
880,887,118,49
827,834,118,49
1164,1645,118,49
880,887,118,49
691,695,118,49
827,834,118,49
884,1632,118,49
827,834,118,49
1632,1674,118,49
676,855,118,49
1658,1662,118,49
623,692,118,49
1658,1686,118,49
623,698,118,49
1644,1671,118,49
1658,1686,118,49
694,896,118,49
1644,1671,118,49
880,887,118,49
1662,1686,118,49
1662,1686,118,49
641,699,118,49
685,695,118,49
623,692,118,49
685,695,118,49
695,699,118,49
685,695,118,49
853,862,118,49
695,699,118,49
668,1658,118,49
695,699,118,49
634,866,118,49
605,699,118,49
618,628,118,49
695,699,118,49
605,695,118,49
605,695,118,49
605,621,118,49
605,695,118,49
605,621,118,49
623,692,118,49
605,699,118,49
605,695,118,49
605,621,118,49
695,699,118,49
605,699,118,49
1170,1672,118,49
695,699,118,49
605,699,118,49
1170,1672,118,49
605,699,118,49
641,699,118,49
1170,1672,118,49
695,699,118,49
605,699,118,49
641,699,118,49
605,695,118,49
695,699,118,49
1170,1672,118,49
605,699,118,49
1170,1672,118,49
815,891,118,49
815,891,118,49
1170,1672,118,49
815,891,118,49
641,699,118,49
695,699,118,49
605,699,118,49
641,699,118,49
605,621,118,49
1170,1672,118,49
605,699,118,49
1170,1672,118,49
641,699,118,49
605,699,118,49
695,699,118,49
695,699,118,49
641,699,118,49
1170,1672,118,49
623,628,118,49
623,692,118,49
1170,1672,118,49
605,699,118,49
605,699,118,49
623,628,118,49
1170,1672,118,49
605,699,118,49
1170,1672,118,49
695,699,118,49
633,636,118,49
815,891,118,49
1651,1660,118,49
623,628,118,49
695,699,118,49
605,699,118,49
623,628,118,49
695,699,118,49
1144,1671,118,49
623,628,118,49
1170,1672,118,49
815,891,118,49
815,891,118,49
815,891,118,49
601,628,118,49
605,691,118,49
685,691,118,49
815,891,118,49
815,891,118,49
605,621,118,49
815,891,118,49
601,651,118,49
601,628,118,49
815,891,118,49
815,891,118,49
851,867,118,49
815,891,118,49
623,628,118,49
623,692,118,49
633,636,118,49
626,651,118,49
815,891,118,49
623,692,118,49
1164,1170,118,49
641,691,118,49
623,628,118,49
633,636,118,49
815,891,118,49
1170,1613,118,49
1164,1672,118,49
815,891,118,49
623,692,118,49
691,699,118,49
1164,1170,118,49
641,691,118,49
1613,1672,118,49
1164,1613,118,49
1164,1672,118,49
815,891,118,49
1164,1170,118,49
1613,1672,118,49
1170,1672,118,49
1164,1672,118,49
1164,1170,118,49
1170,1672,118,49
1164,1672,118,49
623,692,118,49
1170,1672,118,49
803,1632,118,49
815,891,118,49
623,692,118,49
1613,1672,118,49
1170,1672,118,49
815,891,118,49
623,692,118,49
815,891,118,49
623,692,118,49
641,699,118,49
623,692,118,49
815,891,118,49
1164,1645,118,49
691,699,118,49
623,692,118,49
1170,1672,118,49
691,699,118,49
641,691,118,49
641,691,118,49
691,699,118,49
641,699,118,49
691,699,118,49
641,691,118,49
1613,1672,118,49
1170,1672,118,49
641,699,118,49
1170,1672,118,49
601,648,118,49
691,699,118,49
641,691,118,49
636,694,118,49
1170,1672,118,49
1170,1672,118,49
641,699,118,49
691,699,118,49
641,699,118,49
691,699,118,49
623,692,118,49
641,691,118,49
1170,1672,118,49
641,699,118,49
691,699,118,49
641,691,118,49
633,694,118,49
1170,1672,118,49
641,691,118,49
1170,1672,118,49
1170,1672,118,49
1170,1672,118,49
628,648,118,49
601,628,118,49
628,648,118,49
1170,1672,118,49
1644,1671,118,49
628,648,118,49
1170,1672,118,49
633,636,118,49
635,661,118,49
1613,1672,118,49
628,648,118,49
1170,1672,118,49
1170,1672,118,49
1644,1671,118,49
628,648,118,49
1644,1671,118,49
1613,1672,118,49
628,648,118,49
1170,1672,118,49
1644,1671,118,49
1613,1672,118,49
1170,1672,118,49
1170,1672,118,49
1613,1672,118,49
1644,1671,118,49
676,855,118,49
641,691,118,49
1613,1672,118,49
1170,1672,118,49
1170,1672,118,49
1644,1671,118,49
603,678,118,49
641,691,118,49
1613,1672,118,49
1170,1672,118,49
601,628,118,49
1613,1672,118,49
628,648,118,49
1170,1672,118,49
601,628,118,49
887,896,118,49
603,678,118,49
1613,1672,118,49
1170,1672,118,49
1613,1672,118,49
628,648,118,49
1170,1672,118,49
601,628,118,49
1613,1672,118,49
628,648,118,49
1170,1672,118,49
1170,1613,118,49
691,699,118,49
1613,1672,118,49
1170,1672,118,49
880,896,118,49
1613,1672,118,49
1170,1672,118,49
1170,1613,118,49
880,896,118,49
1613,1672,118,49
1170,1672,118,49
1644,1671,118,49
1613,1672,118,49
628,648,118,49
1170,1672,118,49
601,628,118,49
1613,1672,118,49
628,648,118,49
1170,1672,118,49
601,628,118,49
1644,1671,118,49
636,694,118,49
1613,1672,118,49
628,648,118,49
1170,1672,118,49
601,648,118,49
1644,1671,118,49
851,869,118,49
628,648,118,49
601,628,118,49
1170,1672,118,49
1613,1672,118,49
1170,1672,118,49
1613,1672,118,49
1170,1672,118,49
1613,1672,118,49
1170,1672,118,49
1613,1672,118,49
1170,1613,118,49
1613,1672,118,49
1170,1672,118,49
1170,1672,118,49
628,648,118,49
1613,1672,118,49
1613,1672,118,49
628,648,118,49
636,648,118,49
633,694,118,49
601,628,118,49
601,628,118,49
1613,1672,118,49
1170,1672,118,49
1613,1672,118,49
628,648,118,49
654,694,118,49
880,896,118,49
601,628,118,49
1170,1672,118,49
601,628,118,49
1613,1672,118,49
628,648,118,49
1170,1672,118,49
1170,1613,118,49
851,866,118,49
1613,1672,118,49
1170,1672,118,49
1170,1613,118,49
654,694,118,49
880,896,118,49
1613,1672,118,49
1170,1672,118,49
1170,1672,118,49
1170,1613,118,49
1613,1672,118,49
1492,1613,118,49
1613,1644,118,49
1644,1672,118,49
880,896,118,49
880,887,118,49
1613,1672,118,49
880,896,118,49
601,628,118,49
601,628,118,49
1671,1672,118,49
880,887,118,49
880,896,118,49
601,628,118,49
1671,1672,118,49
626,694,118,49
691,699,118,49
880,887,118,49
880,896,118,49
601,628,118,49
1671,1672,118,49
601,628,118,49
621,691,118,49
1671,1672,118,49
654,694,118,49
880,896,118,49
654,694,118,49
691,699,118,49
654,694,118,49
1164,1660,118,49
654,694,118,49
641,691,118,49
601,628,118,49
1671,1672,118,49
636,683,118,49
654,694,118,49
601,628,118,49
1671,1672,118,49
654,694,118,49
641,691,118,49
636,683,118,49
1613,1644,118,49
636,683,118,49
654,694,118,49
1613,1644,118,49
633,683,118,49
636,683,118,49
691,699,118,49
654,694,118,49
641,691,118,49
1686,1856,118,49
633,683,118,49
636,683,118,49
654,694,118,49
601,628,118,49
1671,1672,118,49
825,1144,118,49
654,694,118,49
1613,1671,118,49
601,628,118,49
641,691,118,49
1613,1644,118,49
633,683,118,49
636,683,118,49
825,1144,118,49
1181,1645,118,49
601,628,118,49
1671,1672,118,49
1613,1644,118,49
633,683,118,49
825,1144,118,49
683,692,118,49
1671,1672,118,49
1181,1651,118,49
825,1144,118,49
1181,1645,118,49
628,648,118,49
1671,1672,118,49
817,847,118,49
825,1144,118,49
817,847,118,49
1671,1672,118,49
1181,1651,118,49
636,683,118,49
1181,1651,118,49
825,1144,118,49
654,694,118,49
817,847,118,49
1181,1651,118,49
825,1144,118,49
1613,1671,118,49
1644,1662,118,49
1181,1645,118,49
636,683,118,49
1181,1651,118,49
825,1144,118,49
1181,1645,118,49
825,1144,118,49
623,648,118,49
1644,1686,118,49
1181,1651,118,49
1662,1856,118,49
636,683,118,49
1181,1651,118,49
825,1144,118,49
623,648,118,49
1181,1645,118,49
1181,1651,118,49
825,1144,118,49
1629,1856,118,49
1629,1644,118,49
633,636,118,49
825,1144,118,49
1629,1644,118,49
1662,1686,118,49
817,847,118,49
1662,1686,118,49
825,1144,118,49
1181,1651,118,49
601,628,118,49
1662,1686,118,49
1671,1672,118,49
817,847,118,49
1662,1686,118,49
636,683,118,49
636,683,118,49
654,694,118,49
623,648,118,49
636,683,118,49
623,648,118,49
1164,1686,118,49
853,862,118,49
601,628,118,49
1181,1686,118,49
823,847,118,49
1651,1686,118,49
1651,1662,118,49
817,847,118,49
853,862,118,49
1170,1672,118,49
1662,1686,118,49
1492,1678,118,49
1651,1662,118,49
1662,1686,118,49
853,862,118,49
1170,1672,118,49
1492,1678,118,49
1492,1667,118,49
613,633,118,49
623,648,118,49
633,692,118,49
1170,1672,118,49
817,847,118,49
654,694,118,49
862,863,118,49
1170,1672,118,49
623,648,118,49
1492,1678,118,49
817,847,118,49
654,694,118,49
862,863,118,49
628,648,118,49
628,683,118,49
628,648,118,49
633,636,118,49
817,847,118,49
601,628,118,49
692,698,118,49
623,658,118,49
601,696,118,49
600,624,118,49
654,694,118,49
628,648,118,49
633,636,118,49
817,847,118,49
600,623,118,49
654,694,118,49
623,658,118,49
663,696,118,49
633,636,118,49
817,847,118,49
826,884,119,50
600,613,119,50
600,623,119,50
654,694,119,50
600,658,119,50
817,847,119,50
600,613,119,50
628,683,119,50
654,694,119,50
1632,1674,119,50
817,847,119,50
641,685,119,50
628,683,119,50
825,826,119,50
654,694,119,50
826,836,119,50
663,696,119,50
648,666,119,50
623,692,119,50
825,826,119,50
654,694,119,50
681,807,119,50
623,692,119,50
654,694,119,50
648,666,119,50
623,628,119,50
628,683,119,50
825,826,119,50
654,694,119,50
648,666,119,50
699,1622,119,50
636,681,119,50
600,613,119,50
654,694,119,50
660,681,119,50
633,681,119,50
633,636,119,50
817,847,119,50
600,658,119,50
825,826,119,50
654,694,119,50
660,681,119,50
681,696,119,50
648,666,119,50
660,681,119,50
648,666,119,50
600,658,119,50
623,692,119,50
825,826,119,50
654,694,119,50
613,623,119,50
623,692,119,50
654,694,119,50
648,666,119,50
623,692,119,50
600,613,119,50
654,694,119,50
834,854,119,50
827,834,119,50
600,613,119,50
654,694,119,50
660,681,119,50
648,666,119,50
623,692,119,50
600,613,119,50
825,826,119,50
654,694,119,50
660,681,119,50
633,636,119,50
633,636,119,50
648,666,119,50
1628,1629,119,50
633,636,119,50
648,666,119,50
633,636,119,50
648,666,119,50
660,681,119,50
648,666,119,50
633,636,119,50
633,636,119,50
648,666,119,50
633,636,119,50
627,635,119,50
648,666,119,50
635,661,119,50
627,635,119,50
633,636,119,50
627,661,119,50
886,898,119,50
825,826,119,50
633,636,119,50
627,661,119,50
886,898,119,50
654,694,119,50
627,635,119,50
638,689,119,50
627,661,119,50
628,683,119,50
654,694,119,50
660,681,119,50
627,635,119,50
638,689,119,50
633,648,119,50
825,826,119,50
660,681,119,50
627,635,119,50
825,826,119,50
627,633,119,50
627,635,119,50
633,661,119,50
825,826,119,50
624,661,119,50
627,635,119,50
660,681,119,50
648,666,119,50
825,826,119,50
627,635,119,50
633,636,119,50
600,658,119,50
627,635,119,50
628,683,119,50
633,636,119,50
825,826,119,50
627,635,119,50
633,636,119,50
853,863,119,50
633,636,119,50
825,826,119,50
627,635,119,50
633,636,119,50
825,826,119,50
633,636,119,50
627,635,119,50
825,826,119,50
628,683,119,50
648,666,119,50
825,826,119,50
1492,1678,119,50
825,826,119,50
648,666,119,50
825,826,119,50
624,661,119,50
648,666,119,50
825,826,119,50
1613,1672,119,50
1170,1672,119,50
648,666,119,50
628,683,119,50
825,826,119,50
624,661,119,50
1613,1672,119,50
1170,1672,119,50
648,666,119,50
1181,1651,119,50
1181,1674,119,50
1672,1674,119,50
825,826,119,50
624,661,119,50
1613,1672,119,50
1170,1672,119,50
1651,1674,119,50
1613,1674,119,50
648,666,119,50
1651,1672,119,50
1181,1674,119,50
1672,1674,119,50
825,826,119,50
1613,1672,119,50
1651,1674,119,50
648,666,119,50
1672,1674,119,50
623,692,119,50
628,683,119,50
825,826,119,50
648,666,119,50
825,826,119,50
1170,1672,119,50
1170,1672,119,50
607,627,119,50
607,627,119,50
825,826,119,50
654,694,119,50
1181,1674,119,50
825,826,119,50
825,826,119,50
628,683,119,50
628,683,119,50
648,666,119,50
825,826,119,50
825,826,119,50
628,683,119,50
825,826,119,50
628,683,119,50
825,826,119,50
628,683,119,50
825,826,119,50
628,683,119,50
633,636,119,50
628,683,119,50
628,683,119,50
825,826,119,50
633,636,119,50
628,683,119,50
628,683,119,50
825,826,119,50
627,635,119,50
648,666,119,50
623,692,119,50
627,635,119,50
628,683,119,50
825,826,119,50
628,683,119,50
825,826,119,50
633,636,119,50
628,683,119,50
1170,1672,119,50
633,636,119,50
628,683,119,50
623,692,119,50
628,683,119,50
825,826,119,50
633,636,119,50
623,692,119,50
648,666,119,50
633,636,119,50
628,683,119,50
825,826,119,50
648,666,119,50
628,683,119,50
825,826,119,50
648,666,119,50
648,666,119,50
628,683,119,50
627,635,119,50
628,683,119,50
627,635,119,50
825,826,119,50
648,666,119,50
628,683,119,50
648,666,119,50
633,636,119,50
628,683,119,50
648,666,119,50
623,692,119,50
627,635,119,50
628,683,119,50
825,826,119,50
613,661,119,50
648,666,119,50
633,636,119,50
623,692,119,50
648,666,119,50
633,636,119,50
623,692,119,50
825,826,119,50
613,661,119,50
648,666,119,50
633,636,119,50
623,692,119,50
628,683,119,50
825,826,119,50
648,666,119,50
633,636,119,50
623,692,119,50
602,605,119,50
628,683,119,50
825,826,119,50
623,692,119,50
623,692,119,50
633,636,119,50
623,692,119,50
628,683,119,50
633,636,119,50
623,692,119,50
627,635,119,50
628,683,119,50
633,636,119,50
623,692,119,50
628,683,119,50
627,635,119,50
633,636,119,50
623,692,119,50
627,635,119,50
825,826,119,50
633,636,119,50
627,635,119,50
633,636,119,50
627,635,119,50
648,666,119,50
633,636,119,50
616,683,119,50
613,661,119,50
627,635,119,50
633,636,119,50
627,635,119,50
825,826,119,50
648,666,119,50
633,636,119,50
623,692,119,50
825,826,119,50
633,636,119,50
623,692,119,50
633,636,119,50
623,692,119,50
825,826,119,50
633,636,119,50
620,674,119,50
623,692,119,50
633,636,119,50
620,674,119,50
825,826,119,50
633,636,119,50
628,683,119,50
825,826,119,50
633,636,119,50
620,674,119,50
600,658,119,50
1662,1686,119,50
613,623,119,50
633,636,119,50
600,658,119,50
626,654,119,50
825,826,119,50
613,623,119,50
633,636,119,50
825,826,119,50
633,636,119,50
600,658,119,50
825,826,119,50
660,681,119,50
648,666,119,50
633,636,119,50
635,696,119,50
633,636,119,50
600,658,119,50
605,622,119,50
648,666,119,50
633,636,119,50
600,658,119,50
648,666,119,50
633,636,119,50
633,636,119,50
648,666,119,50
633,636,119,50
648,666,119,50
633,636,119,50
628,683,119,50
648,666,119,50
628,683,119,50
648,666,119,50
628,683,119,50
648,666,119,50
648,666,119,50
600,613,119,50
628,683,119,50
648,666,119,50
633,636,119,50
628,683,119,50
825,826,119,50
648,666,119,50
600,658,119,50
628,683,119,50
825,826,119,50
660,681,119,50
600,658,119,50
628,683,119,50
825,826,119,50
628,683,119,50
628,683,119,50
825,826,119,50
627,635,119,50
836,843,119,50
825,826,119,50
628,683,119,50
600,658,119,50
628,683,119,50
825,826,119,50
600,658,119,50
628,683,119,50
825,826,119,50
628,683,119,50
825,826,119,50
648,666,119,50
628,683,119,50
825,826,119,50
853,863,119,50
648,666,119,50
825,826,119,50
648,666,119,50
600,658,119,50
623,692,119,50
628,683,119,50
825,826,119,50
853,863,119,50
825,826,119,50
853,863,119,50
633,636,119,50
623,692,119,50
627,635,119,50
825,826,119,50
627,635,119,50
600,658,119,50
825,826,119,50
627,635,119,50
600,658,119,50
627,635,119,50
628,683,119,50
825,826,119,50
633,636,119,50
628,683,119,50
825,826,119,50
627,635,119,50
633,636,119,50
628,683,119,50
825,826,119,50
627,635,119,50
633,636,119,50
825,826,119,50
627,635,119,50
825,826,119,50
627,635,119,50
633,636,119,50
628,683,119,50
825,826,119,50
660,681,119,50
627,635,119,50
633,636,119,50
623,692,119,50
600,613,119,50
627,635,119,50
633,636,119,50
660,681,119,50
627,635,119,50
633,636,119,50
627,635,119,50
660,681,119,50
633,636,119,50
627,635,119,50
660,681,119,50
836,843,119,50
628,683,119,50
825,826,119,50
627,635,119,50
633,636,119,50
628,683,119,50
654,694,119,50
627,635,119,50
648,666,119,50
627,635,119,50
628,683,119,50
825,826,119,50
654,694,119,50
620,650,119,50
825,826,119,50
654,694,119,50
627,635,119,50
648,666,119,50
654,694,119,50
627,635,119,50
648,666,119,50
623,692,119,50
628,683,119,50
623,628,119,50
627,635,119,50
648,666,119,50
633,636,119,50
623,692,119,50
628,683,119,50
627,635,119,50
648,666,119,50
633,636,119,50
623,692,119,50
825,826,119,50
627,635,119,50
623,692,119,50
825,826,119,50
627,635,119,50
623,692,119,50
825,826,119,50
627,635,119,50
623,692,119,50
627,635,119,50
825,826,119,50
623,692,119,50
627,635,119,50
825,826,119,50
654,694,119,50
655,629,119,50
600,658,119,50
623,692,119,50
627,635,119,50
628,683,119,50
825,826,119,50
600,658,119,50
623,692,119,50
627,635,119,50
825,826,119,50
654,694,119,50
623,692,119,50
627,635,119,50
825,826,119,50
655,629,119,50
600,658,119,50
623,692,119,50
627,635,119,50
655,629,119,50
600,658,119,50
623,692,119,50
616,683,119,50
627,635,119,50
610,613,119,50
600,658,119,50
623,692,119,50
627,635,119,50
654,694,119,50
610,613,119,50
600,658,119,50
623,692,119,50
627,635,119,50
654,694,119,50
623,692,119,50
654,694,119,50
610,613,119,50
623,692,119,50
610,613,119,50
600,658,119,50
623,692,119,50
610,613,119,50
648,666,119,50
600,658,119,50
623,692,119,50
836,843,119,50
623,692,119,50
616,683,119,50
623,692,119,50
616,683,119,50
600,658,119,50
623,692,119,50
616,683,119,50
600,658,119,50
623,692,119,50
648,666,119,50
600,658,119,50
623,692,119,50
825,826,119,50
627,635,119,50
600,658,119,50
825,826,119,50
600,658,119,50
633,636,119,50
623,692,119,50
825,826,119,50
648,666,119,50
633,636,119,50
600,658,119,50
825,826,119,50
633,636,119,50
633,636,119,50
648,666,119,50
633,636,119,50
648,666,119,50
623,692,119,50
635,696,119,50
633,636,119,50
623,692,119,50
628,683,119,50
825,826,119,50
603,678,119,50
648,666,119,50
633,636,119,50
623,692,119,50
603,678,119,50
825,826,119,50
623,692,119,50
603,678,119,50
825,826,119,50
623,692,119,50
616,683,119,50
603,678,119,50
825,826,119,50
623,692,119,50
825,826,119,50
603,678,119,50
623,692,119,50
603,678,119,50
633,636,119,50
623,692,119,50
603,678,119,50
633,636,119,50
623,692,119,50
627,635,119,50
655,629,119,50
627,635,119,50
628,683,119,50
633,636,119,50
603,678,119,50
628,683,119,50
648,666,119,50
628,683,119,50
1170,1672,119,50
648,666,119,50
628,683,119,50
655,629,119,50
1170,1672,119,50
648,666,119,50
654,694,119,50
628,683,119,50
635,696,119,50
628,683,119,50
600,613,119,50
603,678,119,50
628,683,119,50
623,692,119,50
655,629,119,50
628,683,119,50
654,694,119,50
1651,1674,119,50
600,613,119,50
600,613,119,50
648,666,119,50
600,613,119,50
600,613,119,50
648,666,119,50
600,613,119,50
648,666,119,50
1651,1674,119,50
628,683,119,50
648,666,119,50
623,692,119,50
628,683,119,50
825,826,119,50
1651,1674,119,50
623,692,119,50
628,683,119,50
648,666,119,50
1492,1678,119,50
623,692,119,50
648,666,119,50
692,698,119,50
623,692,119,50
1170,1678,119,50
603,678,119,50
825,826,119,50
648,666,119,50
1613,1678,119,50
616,683,119,50
1170,1678,119,50
1651,1674,119,50
1492,1678,119,50
616,683,119,50
655,629,119,50
692,698,119,50
616,683,119,50
1492,1678,119,50
825,826,119,50
692,698,119,50
1651,1674,119,50
648,666,119,50
1170,1672,119,50
600,613,119,50
623,692,119,50
616,683,119,50
600,613,119,50
616,683,119,50
603,678,119,50
825,826,119,50
648,666,119,50
623,692,119,50
603,678,119,50
623,692,119,50
1651,1674,119,50
603,678,119,50
825,826,119,50
603,678,119,50
825,826,119,50
600,613,119,50
603,678,119,50
825,826,119,50
603,678,119,50
603,678,119,50
825,826,119,50
825,826,119,50
603,678,119,50
651,667,119,50
603,678,119,50
623,692,119,50
603,678,119,50
825,826,119,50
648,666,119,50
603,678,119,50
825,826,119,50
651,667,119,50
628,683,119,50
648,666,119,50
651,667,119,50
603,678,119,50
648,666,119,50
623,692,119,50
628,683,119,50
825,826,119,50
654,694,119,50
603,678,119,50
651,667,119,50
623,692,119,50
603,678,119,50
825,826,119,50
654,694,119,50
633,636,119,50
651,667,119,50
603,678,119,50
825,826,119,50
623,692,119,50
633,636,119,50
623,692,119,50
603,678,119,50
627,635,119,50
825,826,119,50
651,667,119,50
633,636,119,50
623,692,119,50
616,683,119,50
603,678,119,50
655,629,119,50
623,692,119,50
600,613,119,50
603,678,119,50
825,826,119,50
623,692,119,50
603,678,119,50
825,826,119,50
628,683,119,50
633,636,119,50
603,678,119,50
825,826,119,50
633,636,119,50
603,678,119,50
825,826,119,50
825,826,119,50
616,683,119,50
603,678,119,50
603,678,119,50
628,683,119,50
633,636,119,50
825,826,119,50
633,636,119,50
603,678,119,50
692,698,119,50
628,683,119,50
825,826,119,50
825,826,119,50
628,683,119,50
825,826,119,50
628,683,119,50
628,683,119,50
825,826,119,50
603,678,119,50
603,678,119,50
825,826,119,50
655,629,119,50
692,698,119,50
628,683,119,50
825,826,119,50
603,678,119,50
623,692,119,50
628,683,119,50
825,826,119,50
620,650,119,50
628,683,119,50
628,683,119,50
651,667,119,50
623,692,119,50
628,683,119,50
635,651,119,50
623,692,119,50
628,683,119,50
825,826,119,50
651,667,119,50
600,613,119,50
628,683,119,50
651,667,119,50
603,678,119,50
648,666,119,50
635,651,119,50
628,683,119,50
825,826,119,50
651,667,119,50
648,666,119,50
600,613,119,50
628,683,119,50
651,667,119,50
648,666,119,50
635,651,119,50
600,613,119,50
628,683,119,50
825,826,119,50
620,650,119,50
600,613,119,50
603,678,119,50
1662,1686,119,50
635,651,119,50
628,683,119,50
600,613,119,50
628,683,119,50
635,651,119,50
825,826,119,50
600,613,119,50
628,683,119,50
648,666,119,50
600,613,119,50
628,683,119,50
825,826,119,50
635,651,119,50
648,666,119,50
654,658,119,50
600,613,119,50
628,683,119,50
635,651,119,50
648,666,119,50
635,651,119,50
600,613,119,50
628,683,119,50
648,666,119,50
600,613,119,50
628,683,119,50
600,613,119,50
603,678,119,50
825,826,119,50
600,613,119,50
628,683,119,50
825,826,119,50
853,863,119,50
600,613,119,50
628,683,119,50
825,826,119,50
628,683,119,50
825,826,119,50
628,683,119,50
825,826,119,50
628,683,119,50
825,826,119,50
628,683,119,50
825,826,119,50
610,613,119,50
628,683,119,50
825,826,119,50
623,692,119,50
825,826,119,50
610,613,119,50
623,692,119,50
825,826,119,50
610,613,119,50
623,692,119,50
825,826,119,50
623,628,119,50
610,613,119,50
623,692,119,50
603,678,119,50
825,826,119,50
655,629,119,50
825,826,119,50
603,678,119,50
628,683,119,50
655,629,119,50
825,826,119,50
655,629,119,50
623,692,119,50
825,826,119,50
623,692,119,50
628,683,119,50
825,826,119,50
827,828,119,50
623,692,119,50
825,826,119,50
825,826,119,50
1148,1181,119,50
600,613,119,50
623,698,119,50
825,826,119,50
827,828,119,50
620,650,119,50
603,678,119,50
825,826,119,50
603,678,119,50
600,613,119,50
603,678,119,50
600,613,119,50
624,661,119,50
825,826,119,50
624,661,119,50
600,613,119,50
623,692,120,51
623,692,120,51
628,683,120,51
623,692,120,51
603,678,120,51
623,692,120,51
623,628,120,51
825,826,120,51
827,828,120,51
623,692,120,51
623,628,120,51
616,683,120,51
825,826,120,51
623,628,120,51
825,826,120,51
623,628,120,51
616,683,120,51
623,628,120,51
616,683,120,51
623,628,120,51
616,683,120,51
623,628,120,51
623,628,120,51
600,613,120,51
603,678,120,51
635,651,120,51
623,628,120,51
600,613,120,51
616,683,120,51
623,628,120,51
616,683,120,51
692,698,120,51
651,667,120,51
825,826,120,51
600,613,120,51
651,667,120,51
600,613,120,51
603,678,120,51
825,826,120,51
624,661,120,51
651,667,120,51
825,826,120,51
603,678,120,51
1181,1674,120,51
825,826,120,51
624,661,120,51
624,661,120,51
1181,1674,120,51
1181,1674,120,51
624,661,120,51
624,661,120,51
827,828,120,51
1181,1674,120,51
624,661,120,51
825,826,120,51
624,661,120,51
620,650,120,51
624,661,120,51
1651,1674,120,51
1181,1674,120,51
1181,1674,120,51
1181,1674,120,51
1181,1674,120,51
825,826,120,51
1181,1674,120,51
1181,1674,120,51
825,826,120,51
610,613,120,51
616,683,120,51
1181,1674,120,51
1181,1651,120,51
1181,1674,120,51
628,683,120,51
1651,1674,120,51
600,613,120,51
628,683,120,51
655,629,120,51
1651,1674,120,51
1181,1674,120,51
1651,1674,120,51
603,678,120,51
600,613,120,51
1651,1674,120,51
660,681,120,51
1181,1674,120,51
616,683,120,51
600,613,120,51
660,681,120,51
1651,1674,120,51
609,660,120,51
623,692,120,51
600,613,120,51
1181,1674,120,51
620,650,120,51
1170,1672,120,51
1170,1613,120,51
620,650,120,51
1613,1672,120,51
1170,1672,120,51
1674,1678,120,51
620,650,120,51
1492,1674,120,51
648,666,120,51
1492,1678,120,51
1672,1678,120,51
1672,1674,120,51
1181,1674,120,51
1651,1674,120,51
1651,1672,120,51
600,613,120,51
1672,1674,120,51
1181,1678,120,51
1651,1674,120,51
1613,1674,120,51
1181,1651,120,51
1181,1674,120,51
1613,1672,120,51
1651,1674,120,51
1181,1651,120,51
1181,1674,120,51
1181,1686,120,51
1651,1674,120,51
1674,1686,120,51
1651,1674,120,51
600,613,120,51
1181,1651,120,51
603,678,120,51
603,678,120,51
1170,1613,120,51
603,678,120,51
623,628,120,51
600,613,120,51
628,683,120,51
603,678,120,51
1170,1672,120,51
1651,1674,120,51
1613,1672,120,51
648,666,120,51
1170,1613,120,51
623,692,120,51
814,881,120,51
825,826,120,51
1613,1672,120,51
1170,1672,120,51
620,650,120,51
1170,1613,120,51
603,678,120,51
1170,1672,120,51
1170,1613,120,51
1613,1672,120,51
628,683,120,51
1170,1672,120,51
603,612,120,51
1613,1672,120,51
655,629,120,51
809,897,120,51
825,826,120,51
1613,1672,120,51
1170,1672,120,51
827,828,120,51
601,644,120,51
628,683,120,51
654,694,120,51
1613,1672,120,51
1170,1672,120,51
692,698,120,51
809,897,120,51
669,691,120,51
600,613,120,51
628,683,120,51
624,661,120,51
1613,1672,120,51
806,809,120,51
669,691,120,51
648,683,120,51
600,613,120,51
634,802,120,51
825,826,120,51
603,612,120,51
651,667,120,51
1613,1672,120,51
602,691,120,51
613,654,120,51
624,682,120,51
612,691,120,51
600,613,120,51
825,826,120,51
600,654,120,51
1613,1672,120,51
624,692,120,51
826,871,120,51
648,698,120,51
826,869,120,51
661,692,120,51
814,869,120,51
600,613,120,51
615,677,120,51
621,699,120,51
683,698,120,51
636,692,120,51
613,698,120,51
628,683,120,51
1613,1672,120,51
806,809,120,51
822,864,120,51
601,624,120,51
624,656,120,51
826,827,120,51
654,658,120,51
600,613,120,51
628,683,120,51
691,699,120,51
636,847,120,51
836,843,120,51
627,635,120,51
692,847,120,51
621,699,120,51
623,624,120,51
822,864,120,51
623,698,120,51
806,809,120,51
623,624,120,51
826,827,120,51
620,622,120,51
1672,1686,120,51
667,698,120,51
628,683,120,51
627,635,120,51
828,834,120,51
853,863,120,51
826,832,120,51
891,898,120,51
827,828,120,51
667,698,120,51
834,851,120,51
691,699,120,51
621,699,120,51
806,822,120,51
853,863,120,51
627,635,120,51
806,809,120,51
658,661,120,51
656,682,120,51
809,822,120,51
834,841,120,51
616,661,120,51
621,699,120,51
806,809,120,51
641,699,120,51
661,663,120,51
616,658,120,51
658,661,120,51
667,698,120,51
616,663,120,51
827,828,120,51
627,635,120,51
806,822,120,51
656,682,120,51
809,822,120,51
616,661,120,51
621,699,120,51
633,698,120,51
621,641,120,51
806,809,120,51
663,683,120,51
661,663,120,51
616,658,120,51
1144,1632,120,51
667,698,120,51
616,663,120,51
627,635,120,51
806,822,120,51
606,621,120,51
667,698,120,51
814,895,120,51
656,682,120,51
656,836,120,51
809,822,120,51
628,648,120,51
681,847,120,51
627,635,120,51
628,683,120,51
660,681,120,51
806,822,120,51
806,809,120,51
821,883,120,51
685,699,120,51
633,681,120,51
617,641,120,51
650,691,120,51
667,698,120,51
681,847,120,51
641,699,120,51
600,613,120,51
627,635,120,51
685,699,120,51
618,696,120,51
656,896,120,51
633,667,120,51
628,681,120,51
806,822,120,51
806,809,120,51
628,847,120,51
1144,1632,120,51
827,828,120,51
648,696,120,51
1672,1686,120,51
641,699,120,51
685,699,120,51
600,696,120,51
627,635,120,51
683,696,120,51
1144,1632,120,51
635,669,120,51
613,618,120,51
641,685,120,51
641,699,120,51
600,613,120,51
627,635,120,51
685,699,120,51
600,696,120,51
660,681,120,51
633,694,120,51
806,822,120,51
683,696,120,51
600,683,120,51
1622,1662,120,51
694,834,120,51
821,890,120,51
656,682,120,51
1644,1856,120,51
641,699,120,51
685,699,120,51
660,681,120,51
834,847,120,51
618,667,120,51
827,828,120,51
809,897,120,51
641,685,120,51
883,890,120,51
641,699,120,51
627,635,120,51
685,699,120,51
806,822,120,51
827,866,120,51
809,822,120,51
694,696,120,51
660,681,120,51
883,890,120,51
685,699,120,51
694,696,120,51
600,613,120,51
681,698,120,51
600,613,120,51
694,696,120,51
665,691,120,51
660,681,120,51
691,695,120,51
694,696,120,51
665,691,120,51
618,651,120,51
806,809,120,51
618,648,120,51
694,696,120,51
618,651,120,51
665,691,120,51
691,695,120,51
665,695,120,51
691,695,120,51
694,696,120,51
665,691,120,51
665,695,120,51
618,648,120,51
694,696,120,51
600,613,120,51
665,691,120,51
648,661,120,51
648,681,120,51
661,681,120,51
1645,1671,120,51
691,695,120,51
665,695,120,51
694,696,120,51
809,822,120,51
654,696,120,51
654,694,120,51
694,681,120,51
691,695,120,51
681,696,120,51
654,681,120,51
681,696,120,51
654,681,120,51
694,696,120,51
654,694,120,51
694,681,120,51
609,661,120,51
694,696,120,51
809,822,120,51
806,809,120,51
654,694,120,51
694,681,120,51
681,696,120,51
609,661,120,51
681,696,120,51
694,696,120,51
654,694,120,51
694,681,120,51
694,696,120,51
609,623,120,51
600,613,120,51
694,681,120,51
681,696,120,51
613,681,120,51
681,696,120,51
694,681,120,51
694,696,120,51
600,613,120,51
694,681,120,51
654,694,120,51
600,696,120,51
609,623,120,51
600,696,120,51
806,822,120,51
600,613,120,51
809,822,120,51
806,822,120,51
806,809,120,51
609,623,120,51
806,822,120,51
822,897,120,51
609,623,120,51
609,623,120,51
648,694,120,51
609,623,120,51
1144,1671,120,51
648,694,120,51
809,822,120,51
1144,1671,120,51
648,654,120,51
648,654,120,51
1144,1671,120,51
654,694,120,51
1144,1671,120,51
654,694,120,51
1144,1671,120,51
1144,1671,120,51
809,897,120,51
613,696,120,51
613,696,120,51
613,696,120,51
815,898,120,51
815,891,120,51
815,891,120,51
815,891,120,51
815,898,120,51
815,891,120,51
891,898,120,51
815,898,120,51
809,822,120,51
815,891,120,51
815,891,120,51
815,891,120,51
1144,1190,120,51
1144,1190,120,51
1144,1190,120,51
1144,1190,120,51
1144,1190,120,51
809,822,120,51
809,897,120,51
1144,1190,120,51
1144,1190,120,51
880,887,120,51
887,1190,120,51
887,1190,120,51
822,897,120,51
809,897,120,51
1644,1856,120,51
1628,1644,120,51
1628,1856,120,51
1628,1856,120,51
1628,1667,120,51
654,694,120,51
654,694,120,51
806,822,121,52
806,822,121,52
806,822,121,52
806,822,121,52
806,822,121,52
880,887,121,52
880,887,121,52
880,887,121,52
880,887,121,52
691,695,121,52
691,695,121,52
603,678,121,52
603,665,121,52
602,612,121,52
830,858,121,52
603,665,121,52
665,828,121,52
1601,1667,121,52
602,665,121,52
1629,1667,121,52
866,868,121,52
1492,1678,121,52
855,869,121,52
855,863,121,52
855,863,121,52
880,887,121,52
674,880,121,52
855,863,121,52
880,887,121,52
854,869,121,52
880,887,121,52
620,669,121,52
669,677,121,52
