source,target,time_stamps/seconds,time_window
492,938,0,0
267,272,0,0
181,826,0,0
79,181,0,0
150,196,0,0
21,150,0,0
21,205,0,0
21,150,0,0
448,826,0,0
765,826,0,0
39,253,0,0
80,253,0,0
123,845,0,0
118,311,0,0
95,118,0,0
80,95,0,0
123,845,0,0
95,311,0,0
118,311,0,0
80,118,0,0
95,118,0,0
123,845,0,0
95,311,0,0
118,311,0,0
95,118,0,0
95,311,0,0
123,845,0,0
118,311,0,0
118,771,0,0
95,771,0,0
311,771,0,0
95,118,0,0
123,845,0,0
95,311,0,0
118,311,0,0
21,205,0,0
95,771,0,0
95,118,0,0
123,845,0,0
95,311,0,0
118,771,0,0
118,311,0,0
95,771,0,0
95,118,0,0
123,845,0,0
95,311,0,0
123,845,0,0
123,845,0,0
153,205,0,0
123,845,0,0
123,845,0,0
164,311,0,0
123,845,0,0
21,179,0,0
123,845,0,0
311,481,0,0
79,122,0,0
39,120,0,0
39,120,0,0
39,120,0,0
39,120,0,0
39,120,0,0
39,120,0,0
122,448,0,0
122,448,0,0
122,448,0,0
122,448,0,0
21,150,0,0
39,120,0,0
39,120,0,0
39,120,0,0
39,120,0,0
39,120,0,0
39,120,0,0
39,120,0,0
39,120,0,0
39,120,0,0
21,150,0,0
39,120,0,0
39,120,0,0
120,819,0,0
431,778,0,0
271,601,0,0
431,778,0,0
431,778,0,0
431,778,0,0
15,95,0,0
56,194,0,0
56,194,0,0
194,786,0,0
194,311,0,0
311,786,0,0
311,786,0,0
194,786,0,0
194,786,0,0
194,311,0,0
311,786,0,0
194,786,0,0
311,786,0,0
311,786,0,0
194,786,0,0
194,786,0,0
194,786,0,0
311,786,0,0
194,786,0,0
95,311,0,0
95,205,0,0
271,601,0,0
21,603,0,0
205,311,0,0
95,311,0,0
95,311,0,0
95,123,0,0
205,311,0,0
150,271,0,0
150,271,0,0
311,496,0,0
21,431,0,0
79,275,0,0
271,601,0,0
222,267,0,0
50,179,0,0
222,267,0,0
222,267,0,0
271,601,0,0
222,267,0,0
222,267,0,0
150,601,0,0
120,172,0,0
271,448,0,0
271,601,0,0
29,271,0,0
120,223,0,0
271,601,0,0
271,601,0,0
271,601,0,0
271,601,0,0
271,601,0,0
120,172,0,0
271,601,0,0
271,601,0,0
271,601,0,0
271,601,0,0
271,601,0,0
271,601,0,0
271,601,0,0
271,601,0,0
271,601,0,0
271,601,0,0
271,601,0,0
271,601,0,0
271,601,0,0
271,601,0,0
116,123,0,0
271,601,0,0
271,601,0,0
29,95,0,0
123,253,0,0
123,253,0,0
123,253,0,0
120,172,1,1
120,172,1,1
79,253,1,1
311,496,1,1
311,496,1,1
285,762,1,1
285,762,1,1
285,762,1,1
285,762,1,1
285,762,1,1
123,253,1,1
285,762,1,1
150,601,1,1
285,762,1,1
150,762,1,1
29,79,1,1
150,762,1,1
150,762,1,1
150,762,1,1
150,762,1,1
116,826,1,1
63,481,1,1
120,172,1,1
120,172,1,1
63,481,1,1
762,771,1,1
63,481,1,1
63,481,1,1
63,481,1,1
63,481,1,1
63,481,1,1
63,481,1,1
63,481,1,1
63,481,1,1
63,481,1,1
63,481,1,1
63,481,1,1
63,481,1,1
56,939,1,1
50,335,1,1
123,253,1,1
778,826,1,1
778,826,1,1
223,496,1,1
123,253,1,1
29,56,1,1
29,56,1,1
29,56,1,1
29,56,1,1
29,56,1,1
95,819,1,1
123,253,1,1
29,56,1,1
116,778,1,1
105,113,1,1
223,496,1,1
172,311,1,1
120,311,1,1
105,113,1,1
172,311,1,1
120,172,1,1
172,311,1,1
120,311,1,1
105,113,1,1
105,113,1,1
113,513,1,1
123,253,1,1
123,253,1,1
105,113,1,1
113,513,1,1
172,311,1,1
172,311,1,1
172,311,1,1
172,311,1,1
172,311,1,1
123,253,1,1
172,311,1,1
123,253,1,1
172,311,1,1
172,311,1,1
123,253,1,1
172,311,1,1
119,275,1,1
172,311,1,1
172,311,1,1
172,311,1,1
105,113,1,1
119,335,1,1
113,513,1,1
63,481,1,1
105,513,1,1
50,771,1,1
50,771,1,1
15,95,1,1
15,95,2,2
15,29,2,2
29,95,2,2
29,95,2,2
15,95,2,2
15,29,2,2
15,95,2,2
15,95,2,2
15,95,2,2
15,95,2,2
194,786,2,2
15,95,2,2
105,113,2,2
95,194,2,2
15,95,2,2
15,95,2,2
95,194,2,2
150,154,2,2
95,194,2,2
150,154,2,2
15,95,2,2
95,194,2,2
150,154,2,2
105,113,2,2
150,154,2,2
105,113,2,2
105,113,2,2
150,154,2,2
150,154,2,2
494,765,2,2
150,154,2,2
494,765,2,2
150,154,2,2
150,154,2,2
150,154,2,2
494,765,2,2
150,154,2,2
48,209,2,2
48,209,2,2
48,209,2,2
113,513,2,2
80,222,2,2
17,48,2,2
179,209,2,2
17,179,2,2
179,209,2,2
17,209,2,2
17,48,2,2
66,209,2,2
48,209,2,2
17,66,2,2
123,253,2,2
17,66,2,2
80,222,2,2
17,66,2,2
123,253,2,2
17,66,2,2
196,223,2,2
17,66,2,2
66,196,2,2
196,223,2,2
223,819,2,2
17,102,2,2
39,205,2,2
66,209,2,2
17,66,2,2
196,819,2,2
48,66,2,2
17,66,2,2
80,765,2,2
17,66,2,2
66,102,2,2
196,819,2,2
66,209,2,2
48,66,2,2
66,102,2,2
80,765,2,2
17,179,2,2
196,819,2,2
17,66,2,2
66,209,2,2
48,66,2,2
48,209,2,2
48,66,2,2
66,102,2,2
223,819,2,2
196,819,2,2
21,66,2,2
102,179,2,2
48,209,2,2
66,102,2,2
21,48,2,2
17,102,2,2
205,496,2,2
102,179,2,2
48,209,2,2
66,102,2,2
17,102,2,2
21,66,2,2
102,179,2,2
48,209,2,2
80,765,2,2
48,134,2,2
66,102,2,2
17,102,2,2
21,66,2,2
134,209,2,2
66,209,2,2
102,179,2,2
48,66,2,2
80,765,2,2
80,765,2,2
105,113,2,2
80,765,2,2
80,765,2,2
240,275,2,2
80,222,2,2
134,240,2,2
80,222,2,2
134,240,2,2
80,222,2,2
240,285,2,2
134,496,2,2
80,222,2,2
240,285,2,2
134,285,2,2
80,222,2,2
123,253,2,2
240,285,2,2
134,240,2,2
134,285,2,2
80,222,2,2
123,253,2,2
271,601,2,2
205,496,2,2
205,496,2,2
271,601,2,2
205,311,2,2
205,496,2,2
80,311,2,2
311,496,2,2
205,496,2,2
63,481,2,2
205,496,2,2
80,222,2,2
205,496,2,2
80,222,2,2
205,496,2,2
63,271,2,2
80,765,2,2
205,311,2,2
80,222,2,2
205,496,2,2
80,765,2,2
205,496,2,2
80,765,2,2
80,222,2,2
80,222,2,2
205,496,2,2
222,496,2,2
205,311,2,2
205,496,2,2
311,496,2,2
205,496,2,2
205,311,2,2
205,496,2,2
205,496,2,2
205,496,2,2
80,765,2,2
80,222,2,2
205,496,2,2
205,496,2,2
80,765,2,2
205,496,2,2
80,765,2,2
222,496,2,2
205,496,2,2
39,113,2,2
80,765,2,2
205,496,2,2
39,113,2,2
80,222,2,2
80,765,2,2
80,765,2,2
80,765,2,2
205,496,2,2
80,765,2,2
123,253,2,2
80,765,2,2
80,494,2,2
80,765,2,2
80,494,2,2
80,765,2,2
80,494,2,2
80,765,2,2
80,494,2,2
39,113,2,2
494,765,2,2
123,253,2,2
80,222,2,2
105,275,2,2
311,496,2,2
311,496,2,2
80,222,2,2
311,496,2,2
123,253,2,2
123,253,2,2
80,311,2,2
80,311,2,2
311,496,2,2
311,496,2,2
311,496,2,2
311,496,2,2
80,765,2,2
311,496,2,2
311,496,2,2
311,496,2,2
113,242,2,2
113,194,2,2
311,496,2,2
113,242,2,2
311,496,2,2
113,242,2,2
113,194,2,2
113,242,2,2
113,194,2,2
311,496,2,2
311,496,2,2
311,496,2,2
79,804,2,2
311,496,2,2
267,311,2,2
311,496,2,2
267,311,2,2
267,311,2,2
267,311,2,2
80,222,2,2
205,267,2,2
66,102,2,2
267,311,2,2
80,222,2,2
123,164,2,2
267,311,2,2
21,66,2,2
205,267,2,2
267,311,2,2
267,311,2,2
267,311,2,2
79,804,2,2
79,804,2,2
267,311,2,2
66,179,2,2
267,311,2,2
267,496,2,2
267,311,2,2
267,496,2,2
311,496,2,2
267,311,2,2
80,222,2,2
267,496,2,2
311,496,2,2
267,311,2,2
267,496,2,2
205,267,2,2
311,496,2,2
48,804,2,2
267,311,2,2
511,804,2,2
179,222,2,2
267,496,2,2
205,267,2,2
267,311,2,2
511,804,2,2
179,222,2,2
205,267,2,2
267,311,2,2
48,179,2,2
48,179,2,2
17,179,2,2
267,311,2,2
311,496,2,2
17,179,2,2
267,311,2,2
511,804,2,2
511,804,2,2
48,179,2,2
48,179,2,2
511,804,2,2
48,179,2,2
511,804,2,2
267,496,2,2
66,804,2,2
21,48,2,2
511,804,2,2
267,496,2,2
17,21,2,2
17,48,2,2
275,804,2,2
511,804,2,2
267,496,2,2
511,804,2,2
311,496,2,2
102,271,2,2
511,804,2,2
21,66,2,2
102,601,2,2
271,601,2,2
267,311,2,2
511,804,2,2
271,601,2,2
511,804,2,2
271,601,2,2
21,66,2,2
311,496,2,2
271,601,2,2
267,311,2,2
21,66,2,2
267,496,2,2
311,496,2,2
267,311,2,2
267,496,2,2
79,311,2,2
205,496,2,2
48,66,2,2
311,496,2,2
271,601,2,2
222,267,2,2
271,601,2,2
222,267,2,2
48,80,2,2
222,267,2,2
271,601,2,2
804,826,2,2
48,66,2,2
804,826,2,2
778,804,2,2
271,601,2,2
222,267,2,2
271,601,2,2
209,285,2,2
79,102,2,2
223,267,2,2
285,875,2,2
222,223,2,2
222,267,2,2
223,267,2,2
285,875,2,2
222,223,2,2
222,267,2,2
223,267,2,2
271,601,2,2
285,875,2,2
222,267,2,2
223,267,2,2
285,875,2,2
222,267,2,2
223,267,2,2
271,601,2,2
285,875,2,2
285,875,2,2
184,267,2,2
275,875,2,2
271,601,2,2
271,601,2,2
285,875,2,2
271,601,2,2
285,875,2,2
285,875,2,2
184,804,2,2
184,804,2,2
184,804,2,2
184,804,2,2
285,875,2,2
285,875,2,2
102,240,2,2
222,267,2,2
102,240,2,2
222,267,2,2
222,267,2,2
222,267,2,2
285,875,2,2
48,66,2,2
285,875,2,2
48,66,2,2
222,267,2,2
48,66,2,2
222,267,2,2
21,66,2,2
48,66,2,2
21,209,2,2
119,875,2,2
222,267,2,2
222,267,2,2
21,209,2,2
222,267,2,2
21,66,2,2
48,66,2,2
48,66,2,2
21,48,2,2
21,66,2,2
48,66,2,2
48,66,2,2
222,267,2,2
222,267,2,2
79,95,2,2
21,66,2,2
222,267,2,2
29,95,2,2
21,66,2,2
48,66,2,2
222,267,2,2
21,66,2,2
95,181,2,2
222,267,2,2
21,66,2,2
48,66,2,2
21,66,2,2
48,66,2,2
48,66,2,2
134,240,2,2
21,48,2,2
21,66,2,2
48,66,2,2
21,66,2,2
48,66,2,2
21,66,2,2
48,66,2,2
79,95,2,2
48,66,2,2
21,48,2,2
21,66,2,2
48,66,2,2
48,66,2,2
48,66,2,2
39,267,2,2
48,66,2,2
48,66,2,2
48,66,2,2
48,66,2,2
95,786,2,2
48,66,2,2
21,48,2,2
48,66,2,2
50,102,2,2
63,481,2,2
39,205,2,2
39,205,2,2
39,205,2,2
119,275,2,2
39,205,2,2
39,205,2,2
21,66,2,2
223,311,2,2
223,311,2,2
21,66,2,2
21,66,2,2
48,66,2,2
17,21,2,2
765,786,3,3
765,786,3,3
50,771,3,3
119,762,3,3
17,771,3,3
765,786,3,3
765,786,3,3
123,253,3,3
448,499,3,3
50,875,3,3
335,511,3,3
120,494,3,3
120,494,3,3
120,494,3,3
120,494,3,3
120,494,3,3
120,494,3,3
120,494,3,3
120,494,3,3
120,494,3,3
120,494,3,3
120,494,3,3
120,494,3,3
120,494,3,3
120,494,3,3
120,494,3,3
120,494,3,3
123,253,3,3
120,494,3,3
123,253,3,3
120,494,3,3
123,253,3,3
120,494,3,3
120,494,3,3
120,494,3,3
120,494,3,3
765,786,3,3
120,494,3,3
120,494,3,3
120,494,3,3
120,494,3,3
120,494,3,3
120,494,3,3
123,253,3,3
120,494,3,3
120,494,3,3
765,786,3,3
120,494,3,3
765,786,3,3
120,494,3,3
765,786,3,3
120,494,3,3
120,494,3,3
765,786,3,3
765,786,3,3
222,267,3,3
123,253,3,3
120,494,3,3
765,786,3,3
123,253,3,3
120,494,3,3
765,786,3,3
123,253,3,3
120,494,3,3
765,786,3,3
120,494,3,3
120,494,3,3
120,494,3,3
765,786,3,3
120,494,3,3
120,494,3,3
765,786,3,3
120,494,3,3
120,494,3,3
120,494,3,3
120,494,3,3
120,494,3,3
765,786,3,3
120,494,3,3
765,786,3,3
120,494,3,3
765,786,3,3
120,494,3,3
120,494,3,3
120,494,3,3
765,786,3,3
120,494,3,3
765,786,3,3
222,267,3,3
120,494,3,3
134,285,3,3
120,494,3,3
765,786,3,3
222,267,3,3
222,267,3,3
222,267,3,3
765,786,3,3
765,786,3,3
765,786,3,3
29,222,3,3
29,222,3,3
223,311,3,3
222,267,3,3
120,494,3,3
222,267,3,3
123,253,3,3
123,253,3,3
120,494,3,3
765,786,3,3
222,267,3,3
222,267,3,3
222,267,3,3
268,845,3,3
17,762,3,3
222,267,3,3
134,762,3,3
765,786,3,3
765,786,3,3
765,786,3,3
184,778,3,3
765,786,3,3
17,762,3,3
184,778,3,3
17,762,3,3
184,778,3,3
765,786,3,3
184,778,3,3
765,786,3,3
184,778,3,3
184,778,3,3
116,762,3,3
184,778,3,3
184,778,3,3
184,778,3,3
120,494,3,3
184,778,3,3
120,494,3,3
120,494,3,3
184,778,3,3
120,494,3,3
184,778,3,3
184,778,3,3
184,778,3,3
184,778,3,3
184,778,3,3
184,778,3,3
120,494,3,3
765,786,3,3
184,778,3,3
765,786,3,3
184,778,3,3
120,494,3,3
765,786,3,3
184,778,3,3
765,786,3,3
184,778,3,3
765,786,3,3
184,778,3,3
765,786,3,3
184,778,3,3
184,778,3,3
184,778,3,3
184,778,3,3
120,494,3,3
184,778,3,3
119,275,3,3
120,494,3,3
184,778,3,3
119,275,3,3
120,494,3,3
765,786,3,3
765,786,3,3
123,253,3,3
765,786,3,3
123,253,3,3
120,494,3,3
120,494,3,3
765,786,3,3
765,786,3,3
184,778,3,3
765,786,3,3
184,778,3,3
765,786,3,3
184,778,3,3
765,786,3,3
184,778,3,3
184,778,3,3
184,778,3,3
184,778,3,3
765,786,3,3
184,778,3,3
184,778,3,3
184,778,3,3
765,786,3,3
184,778,3,3
184,778,3,3
184,778,3,3
184,778,3,3
184,778,3,3
120,494,3,3
184,778,3,3
120,494,3,3
184,778,3,3
120,494,3,3
184,778,3,3
120,494,3,3
120,494,3,3
196,223,3,3
120,494,3,3
120,494,3,3
120,494,3,3
80,762,3,3
275,762,3,3
120,494,3,3
120,494,3,3
120,494,3,3
120,494,3,3
120,494,3,3
120,494,3,3
63,154,3,3
119,275,3,3
119,275,3,3
116,481,3,3
120,494,3,3
765,786,3,3
765,786,3,3
765,786,3,3
765,786,3,3
120,494,3,3
120,494,3,3
120,494,3,3
116,481,3,3
120,494,3,3
765,786,3,3
765,786,3,3
765,786,3,3
765,786,3,3
120,494,3,3
120,494,3,3
120,494,3,3
120,494,3,3
765,786,3,3
120,494,3,3
765,786,3,3
765,786,3,3
765,786,3,3
765,786,3,3
765,786,3,3
765,786,3,3
765,786,3,3
63,481,3,3
63,481,3,3
63,481,3,3
762,875,3,3
123,253,3,3
123,253,3,3
123,253,3,3
762,875,3,3
123,253,3,3
63,105,3,3
63,105,3,3
63,481,3,3
63,481,3,3
184,778,3,3
50,875,3,3
762,875,3,3
184,778,3,3
185,778,3,3
184,268,3,3
184,185,3,3
184,778,3,3
63,481,3,3
63,481,3,3
184,268,3,3
184,185,3,3
184,268,3,3
184,268,3,3
184,778,3,3
184,778,3,3
17,102,3,3
184,268,3,3
184,804,3,3
184,268,3,3
184,268,4,4
17,102,4,4
17,102,4,4
184,268,4,4
184,268,4,4
184,804,4,4
184,804,4,4
184,268,4,4
184,268,4,4
113,223,4,4
184,268,4,4
184,268,4,4
15,95,4,4
205,223,4,4
15,496,4,4
95,496,4,4
15,496,4,4
15,496,4,4
205,223,4,4
123,253,4,4
285,481,4,4
123,253,4,4
123,253,4,4
123,253,4,4
205,223,4,4
123,253,4,4
123,253,4,4
123,253,4,4
184,268,4,4
15,496,4,4
123,253,4,4
15,95,4,4
222,267,4,4
222,267,4,4
120,494,4,4
222,267,4,4
120,494,4,4
222,267,4,4
120,494,4,4
222,267,4,4
222,267,4,4
222,267,4,4
222,267,4,4
222,267,4,4
184,268,4,4
120,494,4,4
222,267,4,4
222,267,4,4
240,938,4,4
222,267,4,4
222,267,4,4
222,267,4,4
222,267,4,4
222,267,4,4
222,267,4,4
222,267,4,4
222,267,4,4
222,267,4,4
222,267,4,4
222,267,4,4
285,481,4,4
285,481,4,4
120,494,4,4
120,494,4,4
194,311,4,4
120,494,4,4
194,311,4,4
120,494,4,4
194,311,4,4
120,494,4,4
120,494,4,4
120,494,4,4
150,285,4,4
150,285,4,4
194,311,4,4
194,311,4,4
194,311,4,4
194,311,4,4
194,311,4,4
194,311,4,4
123,253,4,4
123,253,4,4
120,494,4,4
95,194,4,4
95,194,4,4
95,194,4,4
95,194,4,4
95,194,4,4
95,194,4,4
95,194,4,4
95,194,4,4
194,311,4,4
95,194,4,4
194,311,4,4
222,267,4,4
222,267,4,4
222,267,4,4
95,194,4,4
222,267,4,4
95,194,4,4
222,267,4,4
95,194,4,4
95,194,4,4
184,845,4,4
184,268,4,4
184,268,4,4
184,845,4,4
184,268,4,4
184,845,4,4
184,268,4,4
184,845,4,4
184,845,4,4
184,845,4,4
184,845,4,4
184,268,4,4
184,845,4,4
184,826,4,4
184,268,4,4
184,268,4,4
39,205,4,4
39,205,4,4
39,205,4,4
123,253,4,4
123,253,4,4
223,253,4,4
120,765,4,4
120,765,4,4
120,765,4,4
95,123,4,4
95,123,4,4
15,123,4,4
95,253,4,4
15,95,4,4
123,253,4,4
95,123,4,4
120,765,4,4
95,123,4,4
120,765,4,4
95,123,4,4
95,123,4,4
95,123,4,4
95,123,4,4
95,123,4,4
123,253,4,4
120,765,4,4
123,253,4,4
120,765,4,4
120,765,4,4
123,253,4,4
123,253,4,4
120,765,4,4
123,253,4,4
120,765,4,4
123,253,4,4
123,253,4,4
39,804,4,4
120,765,4,4
120,765,4,4
120,765,4,4
120,765,4,4
120,494,4,4
172,196,4,4
275,804,5,5
150,154,12,6
80,771,12,6
39,819,12,6
39,819,12,6
762,771,12,6
120,819,12,6
762,771,12,6
120,819,12,6
762,771,12,6
120,819,12,6
448,533,12,6
120,819,12,6
448,533,12,6
120,819,12,6
448,533,12,6
120,819,12,6
120,819,12,6
120,819,12,6
120,819,12,6
492,601,12,6
492,601,12,6
79,222,12,6
79,222,12,6
79,222,12,6
826,987,12,6
79,222,12,6
79,222,12,6
123,492,12,6
194,786,12,6
194,786,12,6
95,123,12,6
48,875,12,6
150,154,12,6
150,154,12,6
39,95,12,6
39,95,12,6
95,242,12,6
172,196,12,6
267,603,12,6
267,603,12,6
164,267,12,6
164,267,12,6
164,267,12,6
15,95,12,6
80,875,12,6
15,95,12,6
102,335,12,6
102,335,12,6
15,95,12,6
15,95,12,6
15,95,12,6
271,533,12,6
210,778,12,6
15,95,12,6
15,95,12,6
271,533,12,6
765,786,12,6
134,285,12,6
134,285,12,6
134,285,12,6
35,210,12,6
35,210,12,6
35,210,12,6
35,210,12,6
35,210,12,6
150,533,12,6
150,533,12,6
123,253,13,7
123,253,13,7
150,533,13,7
150,533,13,7
150,533,13,7
150,533,13,7
50,131,13,7
150,533,13,7
50,131,13,7
150,533,13,7
50,131,13,7
50,131,13,7
150,533,13,7
50,131,13,7
150,533,13,7
50,131,13,7
150,533,13,7
50,131,13,7
150,533,13,7
50,131,13,7
150,533,13,7
50,131,13,7
150,533,13,7
50,131,13,7
123,253,13,7
119,778,13,7
150,533,13,7
123,223,13,7
123,223,13,7
123,223,13,7
448,499,13,7
116,778,13,7
123,223,13,7
778,845,13,7
123,223,13,7
123,223,13,7
119,448,13,7
150,533,13,7
123,223,13,7
150,533,13,7
123,223,13,7
222,267,13,7
123,223,13,7
119,448,13,7
222,267,13,7
123,223,13,7
119,448,13,7
150,533,13,7
123,223,13,7
150,533,13,7
271,499,13,7
123,223,13,7
150,533,13,7
123,223,13,7
123,223,13,7
150,533,13,7
123,223,13,7
134,285,13,7
123,223,13,7
150,533,13,7
123,223,13,7
123,223,13,7
134,285,13,7
123,223,13,7
134,285,13,7
123,223,13,7
123,223,13,7
116,335,13,7
123,223,13,7
116,335,13,7
116,762,13,7
134,285,13,7
131,242,13,7
123,223,13,7
123,223,13,7
123,223,13,7
123,223,13,7
123,223,13,7
123,223,13,7
123,223,13,7
131,242,13,7
123,223,13,7
123,223,13,7
123,223,13,7
271,601,13,7
123,223,13,7
123,223,13,7
123,223,13,7
123,223,13,7
123,223,13,7
134,285,13,7
123,223,13,7
134,285,13,7
123,223,13,7
123,223,13,7
119,211,13,7
123,223,13,7
123,223,13,7
123,223,13,7
120,196,13,7
123,223,13,7
120,196,13,7
131,150,13,7
123,223,13,7
120,196,13,7
131,150,13,7
123,223,13,7
120,196,13,7
131,150,13,7
123,223,13,7
120,196,13,7
131,150,13,7
123,223,13,7
131,150,13,7
123,223,13,7
131,150,13,7
134,285,13,7
511,762,13,7
131,150,13,7
15,123,13,7
131,150,13,7
15,123,13,7
131,150,13,7
131,150,13,7
131,150,13,7
131,150,13,7
131,150,13,7
120,196,13,7
131,150,13,7
120,196,13,7
131,150,13,7
271,533,13,7
120,196,13,7
131,150,13,7
271,533,13,7
131,150,13,7
131,271,13,7
150,271,13,7
131,150,13,7
150,271,13,7
150,271,13,7
150,271,13,7
150,271,13,7
150,271,13,7
150,271,13,7
222,267,13,7
150,271,13,7
222,267,13,7
150,271,13,7
150,271,13,7
150,271,13,7
150,271,13,7
150,271,13,7
150,271,13,7
222,267,13,7
150,271,13,7
150,271,13,7
150,271,13,7
131,185,13,7
271,492,13,7
211,268,13,7
120,494,13,7
120,494,13,7
120,494,13,7
120,494,13,7
120,494,13,7
120,494,13,7
120,494,13,7
120,494,13,7
120,494,13,7
120,494,13,7
120,494,13,7
120,494,13,7
120,494,13,7
120,494,13,7
120,494,13,7
120,494,13,7
285,875,13,7
120,494,13,7
120,494,13,7
120,494,13,7
119,448,13,7
120,494,13,7
119,448,13,7
120,494,13,7
120,494,13,7
120,494,13,7
120,494,13,7
120,494,13,7
222,267,13,7
120,494,13,7
511,771,13,7
120,494,13,7
120,494,13,7
209,875,13,7
154,939,13,7
335,771,13,7
95,120,13,7
95,120,13,7
95,120,13,7
95,205,13,7
119,804,13,7
95,205,13,7
95,311,13,7
95,311,13,7
95,311,13,7
95,311,13,7
95,311,13,7
95,311,13,7
95,311,13,7
95,311,13,7
95,311,13,7
95,311,13,7
95,311,13,7
120,196,13,7
95,311,13,7
95,311,13,7
95,311,13,7
95,311,13,7
95,311,13,7
95,311,13,7
95,311,13,7
95,311,13,7
95,311,13,7
95,311,13,7
95,311,13,7
95,311,13,7
95,311,13,7
95,311,13,7
119,448,13,7
95,311,13,7
95,311,13,7
95,311,13,7
95,311,13,7
95,311,13,7
95,311,13,7
95,311,13,7
95,311,13,7
95,311,13,7
95,311,13,7
95,311,13,7
119,448,13,7
95,311,13,7
95,311,13,7
95,311,13,7
95,311,13,7
95,311,13,7
95,311,13,7
95,311,13,7
95,311,13,7
95,311,13,7
95,311,13,7
95,311,13,7
95,311,13,7
95,311,13,7
95,311,13,7
119,448,13,7
95,311,13,7
119,448,13,7
95,311,13,7
95,311,13,7
119,448,13,7
95,311,13,7
95,311,13,7
95,311,13,7
95,311,13,7
95,311,13,7
119,448,13,7
95,311,13,7
95,311,13,7
95,311,13,7
95,311,13,7
95,311,13,7
95,311,13,7
95,311,13,7
119,762,13,7
119,762,13,7
119,762,13,7
119,762,13,7
95,311,13,7
95,311,13,7
95,311,13,7
95,311,13,7
95,311,13,7
95,311,13,7
95,311,13,7
95,311,13,7
95,311,13,7
95,311,13,7
95,311,13,7
95,311,13,7
95,311,13,7
95,311,13,7
131,778,13,7
95,311,13,7
95,311,13,7
335,762,13,7
335,762,13,7
63,481,14,8
63,481,14,8
131,751,14,8
79,222,14,8
762,771,14,8
80,826,14,8
79,826,14,8
271,481,14,8
762,771,14,8
762,771,14,8
494,765,14,8
762,771,14,8
335,771,14,8
196,311,14,8
196,311,14,8
196,311,14,8
196,311,14,8
63,481,14,8
63,481,14,8
63,481,14,8
335,771,14,8
762,771,14,8
63,481,14,8
63,481,14,8
196,223,14,8
63,481,14,8
196,311,14,8
196,223,14,8
63,481,14,8
196,311,14,8
63,481,14,8
63,481,14,8
63,481,14,8
63,481,14,8
63,481,14,8
63,481,14,8
196,311,14,8
63,481,14,8
63,481,14,8
196,223,14,8
196,311,14,8
63,481,14,8
223,311,14,8
63,481,14,8
196,311,14,8
63,481,14,8
63,481,14,8
63,481,14,8
196,311,14,8
63,481,14,8
265,751,14,8
63,481,14,8
265,751,14,8
63,481,14,8
265,751,14,8
63,481,14,8
265,751,14,8
63,481,14,8
63,481,14,8
196,223,14,8
196,223,14,8
63,481,14,8
196,223,14,8
63,481,14,8
196,223,14,8
63,481,14,8
196,223,14,8
63,481,14,8
196,223,14,8
63,481,14,8
56,265,14,8
265,751,14,8
196,223,14,8
63,481,14,8
196,223,14,8
63,481,14,8
196,223,14,8
63,481,14,8
196,223,14,8
63,481,14,8
196,223,14,8
63,481,14,8
196,223,14,8
63,481,14,8
751,778,14,8
63,481,14,8
63,481,14,8
63,481,14,8
56,205,14,8
95,223,14,8
63,481,14,8
56,205,14,8
63,481,14,8
56,205,14,8
265,751,14,8
271,601,14,8
153,492,14,8
56,205,14,8
271,601,14,8
63,481,14,8
56,819,14,8
210,826,14,8
17,496,14,8
265,751,14,8
63,481,14,8
63,481,14,8
265,751,14,8
63,481,14,8
120,267,14,8
265,751,14,8
63,481,14,8
448,939,14,8
63,481,14,8
56,819,14,8
63,481,14,8
80,153,14,8
63,481,14,8
209,210,14,8
39,79,14,8
63,481,14,8
63,481,14,8
63,481,14,8
153,271,14,8
56,819,14,8
56,819,14,8
196,223,14,8
63,481,14,8
63,481,14,8
56,205,14,8
56,205,14,8
56,819,14,8
196,223,14,8
63,481,14,8
196,223,14,8
56,819,14,8
196,223,14,8
63,481,14,8
196,223,14,8
63,481,14,8
196,223,14,8
63,481,14,8
196,223,14,8
63,481,14,8
196,223,14,8
63,481,14,8
196,223,14,8
63,481,14,8
196,223,14,8
63,481,14,8
63,481,14,8
63,481,14,8
63,116,14,8
194,311,14,8
63,116,14,8
63,116,14,8
120,205,14,8
63,116,14,8
63,116,14,8
63,481,14,8
120,494,14,8
63,116,14,8
56,786,14,8
63,116,14,8
56,786,14,8
120,494,14,8
63,481,14,8
63,116,14,8
63,481,14,8
63,116,14,8
63,481,14,8
63,116,14,8
63,481,14,8
120,494,14,8
63,116,14,8
63,481,14,8
120,494,14,8
63,116,14,8
63,481,14,8
120,494,14,8
63,116,14,8
196,222,14,8
63,481,14,8
63,116,14,8
120,494,14,8
196,222,14,8
120,494,14,8
120,494,14,8
63,116,14,8
120,494,14,8
120,494,14,8
63,481,14,8
120,494,14,8
63,116,14,8
63,481,14,8
120,494,14,8
63,116,14,8
63,481,14,8
123,253,14,8
120,494,14,8
63,116,14,8
63,481,14,8
63,116,14,8
63,481,14,8
63,116,14,8
63,116,14,8
63,481,14,8
63,116,14,8
63,481,14,8
63,116,14,8
63,481,14,8
120,494,14,8
63,116,14,8
63,481,14,8
80,311,14,8
120,494,14,8
63,116,14,8
63,481,14,8
120,494,14,8
63,116,14,8
63,481,14,8
271,492,14,8
120,494,14,8
63,116,14,8
63,481,14,8
153,271,14,8
120,494,14,8
63,116,14,8
63,481,14,8
120,494,14,8
63,116,14,8
120,494,14,8
63,116,14,8
63,481,14,8
120,494,14,8
63,116,14,8
222,223,14,8
120,494,14,8
63,116,14,8
63,481,14,8
153,271,14,8
120,494,14,8
222,311,14,8
120,494,14,8
222,311,14,8
116,222,14,8
95,194,14,8
119,448,14,8
95,194,14,8
119,448,14,8
95,194,14,8
222,431,14,8
119,448,14,8
63,481,14,8
95,194,14,8
119,448,14,8
335,762,14,8
63,481,14,8
63,481,14,8
63,481,14,8
63,481,14,8
335,762,14,8
63,481,14,8
63,481,14,8
56,819,14,8
63,481,14,8
56,194,14,8
56,819,14,8
63,481,14,8
56,194,14,8
63,481,14,8
63,481,14,8
63,481,15,9
63,481,15,9
265,751,15,9
95,253,15,9
123,172,15,9
123,172,15,9
335,762,15,9
63,499,15,9
335,762,15,9
63,499,15,9
335,762,15,9
63,499,15,9
335,762,15,9
335,762,15,9
102,335,15,9
265,335,15,9
335,762,15,9
102,335,15,9
153,492,15,9
153,492,15,9
153,492,15,9
335,762,15,9
118,804,15,9
194,311,15,9
80,335,15,9
80,335,15,9
265,826,15,9
751,804,15,9
751,804,15,9
751,804,15,9
751,804,15,9
751,804,15,9
265,826,15,9
751,804,15,9
268,804,15,9
751,804,15,9
268,804,15,9
751,804,15,9
268,804,15,9
751,804,15,9
268,751,15,9
335,762,15,9
335,762,15,9
154,285,15,9
268,751,15,9
335,771,15,9
267,939,15,9
311,496,15,9
335,771,15,9
275,335,15,9
275,335,15,9
275,335,15,9
311,496,15,9
275,335,15,9
311,496,15,9
311,496,15,9
311,496,15,9
311,496,15,9
762,771,15,9
311,496,15,9
771,784,15,9
762,784,15,9
311,496,15,9
311,496,15,9
311,496,15,9
311,496,15,9
311,496,15,9
153,492,15,9
762,784,15,9
311,496,15,9
311,496,15,9
311,496,15,9
311,496,15,9
265,804,15,9
335,762,15,9
335,762,15,9
804,938,15,9
804,938,15,9
804,938,15,9
804,938,15,9
804,938,15,9
311,496,15,9
311,496,15,9
804,938,15,9
311,496,15,9
804,938,15,9
311,496,15,9
311,496,15,9
311,496,15,9
80,771,15,9
804,938,15,9
311,496,15,9
311,496,15,9
222,826,15,9
311,496,15,9
154,499,15,9
120,494,15,9
154,499,15,9
120,494,15,9
222,826,15,9
95,265,15,9
95,265,15,9
95,265,15,9
120,819,15,9
153,271,15,9
172,196,15,9
153,271,15,9
153,271,15,9
120,819,15,9
153,271,15,9
120,819,15,9
153,271,15,9
63,481,15,9
153,271,15,9
63,481,15,9
153,271,15,9
153,271,15,9
153,271,15,9
804,938,15,9
153,271,15,9
185,265,15,9
185,265,15,9
63,481,15,9
63,481,15,9
120,819,15,9
120,819,15,9
120,819,15,9
120,819,15,9
120,819,15,9
35,845,15,9
153,271,15,9
120,819,15,9
153,271,15,9
265,826,15,9
63,481,15,9
153,154,15,9
63,481,15,9
120,819,15,9
240,938,15,9
240,938,15,9
102,762,15,9
172,196,15,9
17,875,15,9
120,172,15,9
120,172,15,9
17,335,16,10
17,335,16,10
17,335,16,10
17,335,16,10
172,196,16,10
17,335,16,10
172,196,16,10
17,335,16,10
48,875,16,10
17,335,16,10
17,335,16,10
194,311,16,10
17,762,16,10
17,762,16,10
194,311,16,10
194,311,16,10
194,311,16,10
194,311,16,10
194,311,16,10
194,311,16,10
194,311,16,10
194,311,16,10
120,494,16,10
205,311,16,10
240,938,16,10
311,819,16,10
153,271,16,10
240,938,16,10
205,819,16,10
311,496,16,10
95,496,16,10
205,819,16,10
95,223,16,10
95,223,16,10
223,819,16,10
223,819,16,10
223,819,16,10
223,496,16,10
223,819,16,10
153,271,16,10
223,819,16,10
223,496,16,10
223,819,16,10
223,819,16,10
223,819,16,10
223,496,16,10
223,819,16,10
223,496,16,10
150,481,16,10
223,819,16,10
223,819,16,10
223,819,16,10
223,496,16,10
311,496,16,10
223,496,16,10
223,496,16,10
223,496,16,10
153,271,16,10
223,496,16,10
223,496,16,10
223,496,16,10
153,492,16,10
223,819,16,10
223,496,16,10
153,492,16,10
223,496,16,10
223,496,16,10
223,819,16,10
223,496,16,10
223,819,16,10
223,496,16,10
223,819,16,10
223,496,16,10
223,819,16,10
223,819,16,10
223,819,16,10
223,496,16,10
223,819,16,10
223,496,16,10
223,819,16,10
223,496,16,10
120,494,16,10
223,496,16,10
223,819,16,10
496,819,16,10
120,494,16,10
496,819,16,10
496,819,16,10
223,496,16,10
223,496,16,10
153,271,16,10
153,271,16,10
153,271,16,10
153,271,16,10
153,271,16,10
153,271,16,10
153,271,16,10
153,271,16,10
153,271,16,10
153,271,16,10
153,271,16,10
153,271,16,10
268,845,16,10
153,271,16,10
153,271,16,10
153,271,16,10
153,271,16,10
153,271,16,10
153,271,16,10
118,209,16,10
265,826,16,10
153,271,16,10
265,826,16,10
265,826,16,10
265,826,16,10
265,826,16,10
265,826,16,10
265,826,16,10
265,826,16,10
265,826,16,10
265,826,16,10
265,826,16,10
153,271,16,10
153,271,16,10
153,271,16,10
131,826,16,10
265,826,16,10
131,826,16,10
153,271,16,10
153,271,16,10
153,271,16,10
153,271,16,10
153,271,16,10
153,271,16,10
153,271,16,10
153,271,16,10
153,271,16,10
153,271,16,10
35,826,16,10
153,987,16,10
271,492,16,10
153,271,16,10
153,271,16,10
153,271,16,10
15,223,16,10
153,271,16,10
15,223,16,10
15,223,16,10
15,223,16,10
153,271,16,10
15,223,16,10
15,223,16,10
153,271,16,10
153,271,16,10
153,271,16,10
194,311,16,10
153,271,16,10
153,271,16,10
153,271,16,10
153,271,16,10
194,242,16,10
153,271,16,10
153,271,16,10
153,271,16,10
153,271,16,10
153,271,16,10
153,271,16,10
153,271,16,10
153,271,16,10
153,271,16,10
153,271,16,10
153,271,16,10
153,271,16,10
153,271,16,10
153,271,16,10
153,271,16,10
194,311,16,10
153,271,16,10
153,271,16,10
194,311,16,10
153,271,16,10
153,271,16,10
15,95,16,10
153,271,16,10
15,95,16,10
153,271,16,10
15,95,16,10
153,271,16,10
15,95,16,10
15,95,16,10
15,95,16,10
153,271,16,10
15,95,16,10
15,95,16,10
15,95,16,10
15,95,16,10
15,95,16,10
153,271,16,10
63,481,16,10
153,271,16,10
153,271,16,10
153,271,16,10
63,481,16,10
63,481,16,10
153,271,16,10
153,271,16,10
153,271,16,10
153,271,16,10
153,271,16,10
153,271,16,10
153,271,16,10
153,271,16,10
153,271,16,10
153,271,16,10
153,271,16,10
153,271,16,10
153,271,16,10
153,271,16,10
153,271,16,10
153,271,16,10
751,778,16,10
17,335,16,10
154,271,16,10
153,271,16,10
154,271,16,10
153,154,16,10
153,154,16,10
153,499,16,10
120,196,16,10
154,271,16,10
153,499,16,10
153,154,16,10
154,271,17,11
153,154,17,11
154,271,17,11
154,271,17,11
153,154,17,11
153,154,17,11
153,154,17,11
154,492,17,11
123,253,17,11
123,253,17,11
123,253,17,11
242,311,17,11
154,492,17,11
123,253,17,11
154,492,17,11
154,492,17,11
154,492,17,11
154,492,17,11
242,311,17,11
153,154,17,11
154,492,17,11
153,154,17,11
153,154,17,11
153,154,17,11
153,154,17,11
275,285,17,11
79,285,17,11
120,494,17,11
120,494,17,11
448,533,17,11
448,533,17,11
119,533,17,11
119,448,17,11
119,533,17,11
119,448,17,11
119,448,17,11
448,533,17,11
448,533,17,11
271,533,17,11
271,533,17,11
39,113,24,12
39,113,24,12
29,120,24,12
79,123,24,12
79,123,24,12
211,778,24,12
79,123,24,12
273,778,24,12
79,123,24,12
79,123,24,12
268,778,24,12
79,123,24,12
79,123,24,12
79,123,24,12
79,123,24,12
79,123,24,12
79,123,24,12
79,123,24,12
778,804,24,12
79,123,24,12
778,804,24,12
79,123,24,12
79,123,24,12
79,123,24,12
39,113,24,12
39,113,24,12
79,123,24,12
113,120,24,12
29,39,24,12
39,113,24,12
79,123,24,12
39,113,24,12
79,123,24,12
273,778,24,12
273,778,24,12
29,120,24,12
79,123,24,12
273,778,24,12
29,120,24,12
29,120,24,12
39,113,24,12
39,113,24,12
39,113,24,12
120,494,24,12
39,113,24,12
39,113,24,12
39,113,24,12
39,113,24,12
265,826,24,12
39,113,24,12
211,265,24,12
184,265,24,12
120,196,24,12
29,662,24,12
120,172,24,12
29,662,24,12
120,172,24,12
29,662,24,12
29,662,24,12
29,662,24,12
481,709,24,12
268,778,24,12
778,826,24,12
50,826,24,12
131,184,24,12
50,771,24,12
50,335,24,12
150,209,24,12
50,335,24,12
184,268,24,12
150,709,24,12
50,771,24,12
118,268,24,12
184,804,24,12
184,804,24,12
268,804,24,12
184,268,24,12
209,804,24,12
184,845,24,12
184,268,24,12
184,268,24,12
184,268,24,12
184,268,24,12
184,268,24,12
118,184,24,12
275,845,24,12
184,268,24,12
275,845,24,12
275,804,24,12
184,268,24,12
184,268,24,12
211,778,24,12
184,268,24,12
184,268,24,12
184,268,24,12
118,184,24,12
184,268,24,12
275,845,24,12
275,804,24,12
492,601,24,12
492,601,24,12
492,601,24,12
50,771,24,12
492,601,24,12
492,601,24,12
118,184,24,12
275,804,24,12
153,709,24,12
275,804,24,12
804,845,24,12
275,804,24,12
153,448,24,12
804,845,24,12
211,778,24,12
275,804,24,12
211,778,24,12
205,223,24,12
275,804,24,12
211,778,24,12
205,223,24,12
211,778,24,12
268,804,24,12
211,778,24,12
211,778,24,12
205,223,24,12
211,778,24,12
211,778,24,12
211,778,24,12
211,778,24,12
211,778,24,12
118,184,24,12
211,778,24,12
118,184,24,12
211,778,24,12
211,778,24,12
211,778,24,12
205,223,24,12
211,778,24,12
118,184,24,12
118,184,24,12
211,778,24,12
118,184,24,12
211,778,24,12
211,778,24,12
211,778,24,12
211,778,24,12
211,778,24,12
205,223,24,12
211,778,24,12
211,778,24,12
211,778,24,12
205,223,24,12
211,778,24,12
211,778,24,12
211,778,24,12
15,123,24,12
15,123,24,12
275,804,24,12
211,222,24,12
751,778,24,12
273,778,24,12
751,778,24,12
275,845,24,12
273,778,24,12
273,778,24,12
17,101,24,12
17,101,24,12
153,492,24,12
15,123,24,12
275,804,24,12
275,804,24,12
265,826,25,13
265,826,25,13
265,826,25,13
804,845,25,13
116,211,25,13
118,184,25,13
116,211,25,13
118,184,25,13
273,778,25,13
273,778,25,13
804,845,25,13
804,845,25,13
116,265,25,13
804,845,25,13
120,172,25,13
15,123,25,13
15,123,25,13
118,184,25,13
15,123,25,13
273,778,25,13
184,268,25,13
275,845,25,13
275,804,25,13
184,804,25,13
118,804,25,13
184,268,25,13
184,268,25,13
15,123,25,13
15,123,25,13
15,123,25,13
15,123,25,13
15,123,25,13
273,778,25,13
15,123,25,13
35,804,25,13
184,268,25,13
273,778,25,13
751,778,25,13
17,50,25,13
105,113,25,13
105,113,25,13
105,113,25,13
39,79,25,13
105,113,25,13
211,778,25,13
105,113,25,13
105,113,25,13
105,113,25,13
95,116,25,13
105,113,25,13
105,113,25,13
21,101,25,13
116,778,25,13
105,113,25,13
105,113,25,13
105,113,25,13
105,113,25,13
105,113,25,13
105,113,25,13
105,113,25,13
105,113,25,13
105,113,25,13
153,492,25,13
105,113,25,13
105,113,25,13
105,113,25,13
105,113,25,13
105,113,25,13
105,113,25,13
105,113,25,13
105,113,25,13
105,113,25,13
105,113,25,13
105,113,25,13
105,113,25,13
105,113,25,13
105,113,25,13
105,113,25,13
105,113,25,13
105,113,25,13
105,113,25,13
105,113,25,13
105,113,25,13
105,113,25,13
105,113,25,13
105,113,25,13
105,113,25,13
105,113,25,13
105,113,25,13
105,113,25,13
105,113,25,13
15,123,25,13
804,845,25,13
778,845,25,13
804,845,25,13
804,845,25,13
105,113,25,13
804,845,25,13
105,113,25,13
105,113,25,13
105,113,25,13
105,113,25,13
105,113,25,13
105,113,25,13
120,172,25,13
120,172,25,13
120,172,25,13
120,172,25,13
778,845,25,13
120,172,25,13
105,113,25,13
120,172,25,13
105,113,25,13
105,113,25,13
105,113,25,13
105,113,25,13
105,113,25,13
105,113,25,13
105,113,25,13
105,113,25,13
105,113,25,13
105,113,25,13
105,113,25,13
778,845,25,13
105,113,25,13
105,113,25,13
184,751,25,13
105,113,25,13
105,113,25,13
105,113,25,13
105,113,25,13
105,113,25,13
105,113,25,13
105,113,25,13
184,751,25,13
105,113,25,13
21,101,25,13
105,113,25,13
105,113,25,13
21,101,25,13
105,113,25,13
105,113,25,13
184,751,25,13
63,709,25,13
205,939,25,13
184,751,25,13
205,939,25,13
205,939,25,13
184,751,25,13
184,751,25,13
184,751,25,13
205,939,25,13
184,751,25,13
205,939,25,13
184,751,25,13
205,939,25,13
184,751,25,13
105,113,25,13
205,939,25,13
184,751,25,13
105,113,25,13
105,113,25,13
105,113,25,13
105,113,25,13
105,113,25,13
105,113,25,13
105,113,25,13
778,845,25,13
120,172,25,13
105,113,25,13
105,113,25,13
105,113,25,13
105,113,25,13
120,172,25,13
105,113,25,13
105,113,25,13
172,196,25,13
172,196,25,13
105,113,25,13
105,113,25,13
265,826,25,13
105,113,25,13
105,113,25,13
778,845,25,13
105,113,25,13
105,113,25,13
105,113,25,13
105,113,25,13
105,113,25,13
63,481,25,13
105,113,25,13
222,267,25,13
153,448,25,13
105,113,25,13
105,113,25,13
105,113,25,13
105,113,25,13
105,113,25,13
105,113,25,13
63,709,25,13
63,709,25,13
63,481,25,13
150,153,26,14
153,601,26,14
17,50,26,14
17,50,26,14
17,50,26,14
179,335,26,14
50,209,26,14
50,209,26,14
50,209,26,14
17,209,26,14
21,80,26,14
311,662,26,14
80,662,26,14
311,662,26,14
496,662,26,14
335,771,26,14
335,771,26,14
335,771,26,14
335,771,26,14
80,311,26,14
335,771,26,14
311,662,26,14
335,771,26,14
335,771,26,14
335,771,26,14
335,771,26,14
335,771,26,14
63,499,26,14
63,481,26,14
63,709,26,14
481,709,26,14
79,804,26,14
63,481,26,14
63,709,26,14
63,481,26,14
63,709,26,14
481,709,26,14
63,709,26,14
63,709,26,14
265,826,26,14
184,265,26,14
63,709,26,14
265,804,26,14
63,709,26,14
79,222,26,14
79,222,26,14
79,222,26,14
79,222,26,14
63,481,26,14
79,222,26,14
79,222,26,14
79,222,26,14
79,222,26,14
63,709,26,14
153,492,26,14
153,492,26,14
153,492,26,14
63,709,26,14
63,709,26,14
63,709,26,14
63,709,26,14
63,481,26,14
63,709,26,14
63,481,26,14
63,481,26,14
29,95,26,14
29,95,26,14
50,265,26,14
21,101,26,14
21,101,26,14
21,101,26,14
21,179,26,14
63,709,26,14
153,492,26,14
63,481,26,14
265,751,26,14
63,481,26,14
63,481,26,14
63,709,26,14
63,709,26,14
335,771,26,14
662,826,26,14
311,826,26,14
662,771,26,14
662,751,26,14
311,771,26,14
311,335,26,14
101,662,26,14
335,771,26,14
265,751,26,14
751,826,26,14
209,751,26,14
118,209,26,14
63,709,26,14
21,101,26,14
222,601,26,14
222,601,26,14
63,709,26,14
222,601,26,14
63,481,26,14
63,481,26,14
63,481,26,14
119,335,26,14
119,335,26,14
119,335,26,14
119,335,26,14
119,335,26,14
63,116,26,14
63,116,26,14
63,116,26,14
63,116,26,14
63,481,26,14
63,709,26,14
481,709,26,14
63,116,26,14
63,481,26,14
63,709,26,14
63,116,26,14
63,116,26,14
116,709,26,14
63,116,26,14
116,709,26,14
63,709,26,14
63,116,26,14
63,709,26,14
223,496,26,14
63,116,26,14
63,709,26,14
63,709,26,14
63,709,26,14
63,116,26,14
63,709,26,14
116,709,26,14
63,116,26,14
63,709,26,14
63,709,26,14
63,709,26,14
63,709,26,14
63,709,26,14
63,116,26,14
265,751,26,14
63,709,26,14
179,875,26,14
179,875,26,14
17,771,26,14
116,211,26,14
116,211,26,14
116,211,26,14
116,265,26,14
116,211,26,14
63,116,26,14
311,662,26,14
481,709,26,14
63,709,26,14
481,709,26,14
63,709,26,14
63,116,26,14
63,709,26,14
116,709,26,14
481,709,26,14
63,481,26,14
29,95,26,14
63,709,26,14
63,481,26,14
63,709,26,14
29,95,26,14
29,222,26,14
63,709,26,14
481,499,26,14
79,222,26,14
153,492,26,14
79,222,26,14
153,492,26,14
153,492,26,14
153,492,26,14
21,101,26,14
63,709,26,14
153,492,26,14
153,492,26,14
63,709,27,15
63,709,27,15
448,492,27,15
63,154,27,15
63,154,27,15
153,492,27,15
492,499,27,15
153,481,27,15
63,153,27,15
481,709,27,15
153,492,27,15
153,492,27,15
153,492,27,15
29,39,27,15
29,39,27,15
29,39,27,15
29,39,27,15
153,492,27,15
153,492,27,15
153,492,27,15
63,153,27,15
29,39,27,15
29,39,27,15
29,39,27,15
63,154,27,15
29,39,27,15
29,39,27,15
29,39,27,15
29,39,27,15
29,39,27,15
63,601,27,15
63,601,27,15
29,39,27,15
63,150,27,15
63,601,27,15
29,39,27,15
29,39,27,15
15,223,27,15
29,39,27,15
29,39,27,15
153,492,27,15
29,39,27,15
153,492,27,15
17,771,27,15
153,492,27,15
153,492,27,15
153,492,27,15
153,492,27,15
153,492,27,15
153,492,27,15
153,492,27,15
153,492,27,15
153,492,27,15
153,492,27,15
153,492,27,15
29,39,27,15
153,492,27,15
265,875,27,15
29,39,27,15
153,709,27,15
153,709,27,15
29,39,27,15
153,709,27,15
153,709,27,15
265,826,27,15
29,39,27,15
29,39,27,15
153,709,27,15
153,709,27,15
63,481,27,15
63,481,27,15
63,481,27,15
153,492,27,15
63,481,27,15
63,481,27,15
153,492,27,15
153,492,27,15
275,804,27,15
153,492,27,15
116,709,27,15
153,492,27,15
153,492,27,15
275,804,27,15
153,492,27,15
153,492,27,15
265,826,27,15
265,826,27,15
265,826,27,15
153,492,27,15
153,492,27,15
153,492,27,15
265,826,27,15
265,826,27,15
153,492,27,15
153,492,27,15
153,492,27,15
63,709,27,15
153,492,27,15
29,116,27,15
63,95,27,15
116,211,27,15
29,95,27,15
116,211,27,15
29,95,27,15
29,95,27,15
492,601,27,15
492,601,27,15
492,601,27,15
492,601,27,15
492,601,27,15
492,601,27,15
492,601,27,15
492,601,27,15
492,601,27,15
492,601,27,15
492,601,27,15
492,601,27,15
492,601,27,15
492,601,27,15
492,601,28,16
492,601,28,16
492,601,28,16
492,601,28,16
492,601,28,16
492,601,28,16
492,601,28,16
492,601,28,16
63,709,28,16
492,601,28,16
492,601,28,16
492,601,28,16
268,826,28,16
268,826,28,16
223,496,28,16
223,496,28,16
223,496,28,16
223,496,28,16
223,496,28,16
150,709,28,16
223,496,28,16
150,709,28,16
153,601,28,16
29,95,28,16
223,496,28,16
153,601,28,16
150,709,28,16
29,95,28,16
223,496,28,16
153,601,28,16
150,709,28,16
29,95,28,16
223,496,28,16
150,709,28,16
119,804,28,16
223,496,28,16
223,496,28,16
223,496,28,16
153,601,28,16
223,496,28,16
153,601,28,16
223,496,28,16
153,601,28,16
17,771,28,16
223,496,28,16
153,601,28,16
223,496,28,16
153,601,28,16
223,496,28,16
223,496,28,16
223,496,28,16
223,496,28,16
223,496,28,16
223,496,28,16
223,496,28,16
275,826,28,16
804,826,28,16
223,496,28,16
275,804,28,16
223,496,28,16
223,496,28,16
223,496,28,16
184,751,28,16
184,751,28,16
223,496,28,16
223,496,28,16
223,496,28,16
223,496,28,16
184,751,28,16
223,496,28,16
184,751,28,16
223,496,28,16
223,496,28,16
223,496,28,16
184,751,28,16
184,751,28,16
184,751,28,16
116,150,28,16
184,751,28,16
184,751,28,16
268,751,28,16
184,751,28,16
184,268,28,16
184,751,28,16
184,751,28,16
79,222,28,16
184,751,28,16
131,826,28,16
184,751,28,16
184,751,28,16
184,751,28,16
268,751,28,16
184,751,28,16
268,751,28,16
184,751,28,16
184,268,28,16
268,751,28,16
184,751,28,16
184,751,28,16
184,751,28,16
268,751,28,16
184,751,28,16
268,751,28,16
184,751,28,16
184,268,28,16
268,751,28,16
184,751,28,16
268,751,28,16
184,751,28,16
268,751,28,16
184,268,28,16
184,268,28,16
116,709,28,16
268,751,28,16
184,751,28,16
184,268,28,16
184,268,28,16
50,265,28,16
481,709,28,16
184,751,28,16
184,751,28,16
184,751,28,16
184,751,28,16
184,751,28,16
123,222,28,16
123,222,28,16
123,222,28,16
123,222,28,16
123,222,28,16
153,492,28,16
265,826,28,16
172,819,28,16
265,826,28,16
153,492,28,16
265,826,28,16
265,826,28,16
265,826,28,16
29,513,28,16
153,492,28,16
153,492,28,16
95,222,29,17
95,222,29,17
95,222,29,17
95,120,29,17
95,120,29,17
95,120,29,17
95,120,29,17
95,120,29,17
95,120,29,17
95,120,29,17
95,120,29,17
95,120,29,17
95,120,29,17
95,120,29,17
95,120,29,17
95,120,29,17
95,120,29,17
95,120,29,17
95,120,29,17
95,120,29,17
95,120,29,17
95,120,29,17
95,120,29,17
95,120,29,17
95,120,29,17
102,131,29,17
268,845,29,17
120,819,36,18
119,804,36,18
119,804,36,18
120,819,36,18
120,819,36,18
120,819,36,18
120,819,36,18
120,819,36,18
120,819,36,18
35,273,36,18
120,819,36,18
120,819,36,18
150,499,36,18
779,819,36,18
113,120,36,18
119,762,36,18
119,762,36,18
819,987,36,18
271,492,36,18
819,987,36,18
153,601,36,18
153,533,36,18
335,771,36,18
153,271,36,18
153,271,36,18
153,271,36,18
153,271,36,18
153,271,36,18
153,271,36,18
153,271,36,18
50,311,36,18
48,311,36,18
48,50,36,18
48,50,36,18
184,751,36,18
95,194,36,18
184,751,36,18
95,194,36,18
63,481,36,18
184,751,36,18
95,194,36,18
56,95,36,18
95,194,36,18
184,751,36,18
184,751,36,18
184,751,36,18
95,194,36,18
95,194,36,18
184,751,36,18
50,762,36,18
50,762,36,18
80,102,36,18
184,751,36,18
134,784,36,18
134,762,36,18
134,784,36,18
35,253,36,18
56,181,36,18
134,784,36,18
134,784,36,18
134,784,36,18
79,123,36,18
56,939,36,18
56,939,36,18
56,939,36,18
56,939,36,18
56,939,36,18
223,311,36,18
56,311,36,18
56,939,36,18
223,311,36,18
56,939,36,18
223,311,36,18
56,939,36,18
223,311,36,18
56,311,36,18
601,709,36,18
79,123,36,18
601,709,36,18
335,762,36,18
79,123,36,18
601,709,36,18
335,762,36,18
335,762,36,18
116,335,36,18
116,335,36,18
194,662,36,18
194,662,36,18
194,662,36,18
601,709,36,18
116,335,36,18
601,709,36,18
116,762,36,18
79,123,36,18
601,709,36,18
601,709,36,18
601,709,36,18
153,271,36,18
95,253,36,18
601,709,36,18
601,709,36,18
205,267,36,18
601,709,36,18
150,709,36,18
601,709,36,18
39,79,36,18
601,709,36,18
601,709,36,18
601,709,36,18
601,709,36,18
448,603,36,18
271,492,36,18
601,709,36,18
271,492,37,19
601,709,37,19
150,709,37,19
601,709,37,19
271,492,37,19
601,709,37,19
601,709,37,19
751,778,37,19
751,778,37,19
601,709,37,19
102,771,37,19
102,771,37,19
271,492,37,19
271,492,37,19
271,492,37,19
123,335,37,19
223,939,37,19
223,939,37,19
223,939,37,19
223,939,37,19
153,271,37,19
223,939,37,19
223,939,37,19
223,939,37,19
223,939,37,19
223,939,37,19
223,939,37,19
223,939,37,19
511,771,37,19
153,271,37,19
119,150,37,19
211,751,37,19
123,194,37,19
223,939,37,19
273,778,37,19
119,448,37,19
119,448,37,19
335,762,37,19
63,481,37,19
63,481,37,19
211,751,37,19
184,751,37,19
102,762,37,19
184,751,37,19
105,513,37,19
105,513,37,19
105,513,37,19
211,265,37,19
211,265,37,19
134,265,37,19
116,134,37,19
134,804,37,19
134,184,37,19
134,268,37,19
134,751,37,19
134,184,37,19
134,184,37,19
134,184,37,19
134,184,37,19
134,184,37,19
134,751,37,19
184,751,37,19
134,184,37,19
134,751,37,19
95,311,37,19
184,751,37,19
134,751,37,19
134,184,37,19
134,184,37,19
134,751,37,19
311,662,37,19
134,184,37,19
56,311,37,19
134,184,37,19
223,311,37,19
134,184,37,19
184,751,37,19
184,196,37,19
56,311,37,19
134,496,37,19
311,662,37,19
184,194,37,19
134,662,37,19
223,311,37,19
134,184,37,19
134,751,37,19
223,662,37,19
184,223,37,19
39,267,37,19
39,184,37,19
134,184,37,19
134,751,37,19
184,751,37,19
134,751,37,19
184,751,37,19
184,751,37,19
105,267,37,19
95,205,37,19
134,751,37,19
184,751,37,19
267,513,37,19
184,751,37,19
184,751,37,19
153,492,37,19
95,123,37,19
95,123,37,19
95,123,37,19
95,123,37,19
95,123,37,19
335,762,37,19
95,123,37,19
95,123,37,19
95,123,37,19
95,123,37,19
95,123,37,19
95,123,37,19
95,123,37,19
95,123,37,19
95,123,37,19
95,123,37,19
95,123,37,19
95,123,37,19
95,123,37,19
95,123,37,19
95,123,37,19
265,273,37,19
95,123,37,19
95,123,37,19
95,123,37,19
95,123,37,19
95,123,37,19
95,123,37,19
95,123,37,19
95,123,37,19
95,123,37,19
95,123,37,19
95,123,37,19
95,123,37,19
95,123,37,19
153,271,37,19
153,271,37,19
153,271,37,19
153,271,37,19
184,751,37,19
184,751,37,19
184,751,37,19
211,265,37,19
273,778,37,19
63,481,37,19
63,481,37,19
95,123,37,19
762,771,37,19
762,771,37,19
762,771,37,19
95,123,37,19
95,123,37,19
95,123,37,19
95,123,37,19
95,123,37,19
335,762,37,19
95,123,37,19
95,123,37,19
63,709,37,19
533,601,37,19
533,601,37,19
533,601,37,19
533,601,37,19
533,601,37,19
533,601,37,19
533,601,37,19
533,601,37,19
533,601,37,19
533,601,37,19
533,601,37,19
533,601,37,19
533,601,37,19
533,601,37,19
533,601,37,19
533,601,37,19
268,751,37,19
533,601,37,19
533,601,37,19
123,253,37,19
123,253,37,19
123,253,37,19
123,253,37,19
123,253,37,19
123,253,37,19
123,253,37,19
499,533,37,19
499,533,37,19
153,533,37,19
499,533,37,19
499,533,37,19
39,113,38,20
39,113,38,20
39,113,38,20
39,113,38,20
39,79,38,20
39,79,38,20
481,709,38,20
39,79,38,20
153,271,38,20
113,194,38,20
153,271,38,20
113,194,38,20
153,271,38,20
153,271,38,20
153,271,38,20
205,267,38,20
105,267,38,20
205,267,38,20
153,271,38,20
153,271,38,20
153,492,38,20
50,875,38,20
153,492,38,20
205,267,38,20
153,271,38,20
153,271,38,20
205,267,38,20
499,533,38,20
153,271,38,20
499,533,38,20
153,271,38,20
271,492,38,20
271,533,38,20
153,271,38,20
271,492,38,20
153,271,38,20
39,194,38,20
39,194,38,20
39,194,38,20
95,765,38,20
39,194,38,20
95,765,38,20
494,765,38,20
113,194,38,20
39,113,38,20
39,194,38,20
113,194,38,20
39,113,38,20
113,194,38,20
39,113,38,20
39,194,38,20
39,113,38,20
39,194,38,20
39,113,38,20
39,194,38,20
39,113,38,20
39,194,38,20
39,113,38,20
39,194,38,20
184,751,38,20
184,751,38,20
80,431,38,20
184,751,38,20
116,751,38,20
265,751,38,20
265,751,38,20
265,268,38,20
268,751,38,20
265,751,38,20
265,268,38,20
184,265,38,20
265,751,38,20
184,265,38,20
265,751,38,20
184,265,38,20
265,751,38,20
184,751,38,20
184,265,38,20
265,751,38,20
184,265,38,20
265,751,38,20
116,265,38,20
116,265,38,20
116,751,38,20
134,431,38,20
265,751,38,20
134,431,38,20
134,431,38,20
134,431,38,20
134,431,38,20
134,431,38,20
335,762,38,20
762,875,38,20
335,771,38,20
311,335,38,20
431,784,38,20
50,134,38,20
50,134,38,20
116,267,38,20
56,105,38,20
205,267,38,20
56,267,38,20
267,939,38,20
56,205,38,20
56,267,38,20
56,267,38,20
95,267,38,20
95,939,38,20
56,267,38,20
56,95,38,20
95,939,38,20
95,267,38,20
56,267,38,20
56,95,38,20
153,271,38,20
153,271,38,20
153,271,38,20
271,492,38,20
153,271,38,20
132,194,38,20
153,271,38,20
120,132,38,20
194,662,38,20
132,662,38,20
194,662,38,20
120,194,38,20
120,662,38,20
39,662,38,20
132,662,38,20
132,194,38,20
120,194,38,20
194,662,38,20
120,132,38,20
120,662,38,20
39,662,38,20
39,194,38,20
194,662,38,20
120,194,38,20
39,662,38,20
39,194,38,20
194,662,38,20
120,194,38,20
120,662,38,20
150,709,38,20
120,194,38,20
113,662,38,20
120,194,38,20
194,662,38,20
120,132,38,20
194,662,38,20
120,194,38,20
132,662,38,20
120,132,38,20
120,194,38,20
132,194,38,20
120,132,38,20
120,194,38,20
120,194,38,20
120,132,38,20
120,194,38,20
39,662,38,20
39,194,38,20
120,194,38,20
120,194,38,20
39,662,38,20
120,194,38,20
132,194,38,20
39,120,38,20
120,194,38,20
39,662,38,20
39,194,38,20
132,194,38,20
132,603,38,20
120,132,38,20
39,662,38,20
120,194,38,20
120,132,38,20
132,194,38,20
120,132,38,20
132,194,38,20
102,223,38,20
132,194,38,20
431,784,38,20
431,875,38,20
120,194,38,20
120,132,38,20
132,194,38,20
120,132,38,20
431,875,38,20
132,194,38,20
784,875,38,20
120,132,38,20
15,95,38,20
120,132,38,20
120,194,38,20
194,662,38,20
132,662,38,20
209,804,38,20
209,804,38,20
120,194,38,20
15,95,38,20
209,771,38,20
181,194,38,20
120,181,38,20
120,194,38,20
39,120,38,20
39,194,38,20
39,120,38,20
120,194,38,20
39,194,38,20
39,120,38,20
120,194,38,20
39,194,38,20
132,194,38,20
39,120,38,20
194,662,38,20
120,194,38,20
39,662,38,20
39,194,38,20
194,662,38,20
120,194,38,20
132,194,38,20
39,194,38,20
194,662,38,20
120,194,38,20
194,939,38,20
194,662,38,20
120,662,38,20
120,132,38,20
194,662,38,20
120,194,38,20
120,662,38,20
120,132,38,20
120,194,38,20
120,662,38,20
132,194,38,20
132,194,38,20
120,194,38,20
120,132,38,20
153,271,38,20
153,271,38,20
56,272,38,20
56,172,38,20
56,272,38,20
120,987,38,20
56,132,38,20
131,205,38,20
15,95,38,20
205,267,38,20
15,95,38,20
105,267,38,20
275,431,38,20
275,431,38,20
275,431,38,20
80,172,38,20
275,431,38,20
275,431,38,20
275,431,38,20
63,481,38,20
275,431,38,20
119,275,38,20
275,431,38,20
275,431,38,20
150,481,38,20
275,431,38,20
150,481,38,20
275,431,38,20
123,223,38,20
123,223,38,20
275,431,38,20
123,223,38,20
119,804,38,20
123,223,38,20
50,311,38,20
275,431,38,20
275,431,39,21
275,431,39,21
275,431,39,21
275,431,39,21
275,431,39,21
275,431,39,21
275,431,39,21
275,431,39,21
131,311,39,21
131,311,39,21
275,431,39,21
275,431,39,21
95,113,39,21
275,431,39,21
153,271,39,21
275,431,39,21
275,431,39,21
265,751,39,21
265,751,39,21
184,751,39,21
271,492,39,21
153,492,39,21
39,181,39,21
273,778,39,21
533,709,39,21
123,223,39,21
119,134,39,21
181,223,39,21
119,335,39,21
272,603,39,21
119,492,39,21
153,271,39,21
116,771,39,21
50,311,39,21
335,762,39,21
50,311,39,21
119,533,39,21
119,533,39,21
119,533,39,21
119,533,39,21
116,762,39,21
150,709,39,21
116,762,39,21
150,709,39,21
119,533,39,21
50,311,39,21
119,533,39,21
50,311,39,21
185,265,39,21
762,771,39,21
762,771,39,21
50,311,39,21
131,311,39,21
751,778,39,21
50,131,39,21
751,778,39,21
150,499,39,21
150,499,39,21
751,778,39,21
134,762,39,21
134,762,39,21
119,533,39,21
134,762,39,21
134,762,39,21
751,778,39,21
119,533,39,21
153,271,39,21
119,533,39,21
119,533,39,21
119,533,39,21
311,819,39,21
311,819,39,21
311,819,39,21
95,311,39,21
271,499,39,21
271,499,39,21
119,533,39,21
119,533,39,21
119,533,39,21
119,533,39,21
119,533,39,21
119,533,39,21
119,533,39,21
119,533,39,21
123,223,39,21
119,533,39,21
153,492,39,21
273,778,39,21
273,778,39,21
273,778,39,21
153,492,39,21
153,492,39,21
119,533,39,21
56,778,39,21
119,533,39,21
153,271,39,21
95,123,39,21
119,533,39,21
119,533,39,21
119,533,39,21
119,533,39,21
223,311,39,21
35,265,39,21
95,123,39,21
35,268,39,21
35,268,39,21
119,533,39,21
35,268,39,21
119,533,39,21
119,533,39,21
153,271,39,21
119,533,39,21
119,533,39,21
153,271,39,21
819,987,39,21
153,271,39,21
119,533,39,21
119,533,39,21
119,533,39,21
153,271,39,21
119,533,39,21
153,271,39,21
119,533,39,21
153,271,39,21
95,123,39,21
95,123,39,21
95,123,39,21
95,123,39,21
95,123,39,21
113,242,39,21
95,123,39,21
95,123,39,21
95,123,39,21
116,311,39,21
119,533,39,21
63,481,39,21
116,311,39,21
311,662,39,21
311,662,39,21
311,662,39,21
311,662,39,21
205,267,40,22
205,267,40,22
95,123,40,22
131,778,40,22
63,481,40,22
267,496,40,22
205,267,40,22
267,496,40,22
496,662,40,22
95,123,40,22
95,123,40,22
499,601,40,22
223,311,40,22
267,662,40,22
196,267,40,22
131,875,40,22
196,267,40,22
153,271,40,22
150,271,40,22
223,496,40,22
496,662,40,22
223,496,40,22
95,123,40,22
223,496,40,22
134,275,40,22
95,123,40,22
223,496,40,22
134,431,40,22
153,601,40,22
95,123,40,22
153,271,40,22
35,185,40,22
153,271,40,22
105,113,40,22
105,113,40,22
223,662,40,22
132,496,40,22
15,267,40,22
63,533,40,22
63,533,40,22
50,771,40,22
50,771,40,22
50,771,40,22
50,771,40,22
50,771,40,22
153,492,40,22
63,153,40,22
50,771,40,22
50,771,40,22
134,431,40,22
50,771,40,22
134,431,40,22
50,771,40,22
102,131,40,22
95,123,40,22
105,513,40,22
95,494,40,22
153,271,40,22
56,132,40,22
153,271,40,22
50,771,40,22
50,771,40,22
268,845,40,22
15,95,40,22
119,804,40,22
50,771,40,22
119,275,40,22
153,271,40,22
119,275,40,22
268,845,40,22
63,481,40,22
50,771,40,22
153,271,40,22
153,271,40,22
50,771,40,22
95,123,40,22
15,223,40,22
50,771,40,22
50,119,40,22
119,771,40,22
153,271,40,22
119,771,40,22
153,271,40,22
50,119,40,22
50,771,40,22
153,271,40,22
50,119,40,22
153,271,40,22
119,771,40,22
119,771,40,22
119,771,40,22
50,119,40,22
119,771,40,22
50,119,40,22
119,771,40,22
50,119,40,22
105,513,40,22
119,771,40,22
119,771,40,22
185,265,40,22
185,265,40,22
185,265,40,22
119,275,40,22
119,275,40,22
185,265,40,22
119,275,40,22
185,265,40,22
185,265,40,22
185,265,40,22
185,265,40,22
185,265,40,22
105,513,40,22
185,265,40,22
185,265,40,22
185,265,40,22
185,265,40,22
185,265,40,22
185,265,40,22
185,265,40,22
153,271,40,22
153,271,40,22
153,271,40,22
153,271,40,22
153,271,40,22
153,271,40,22
153,271,40,22
153,271,40,22
153,271,40,22
153,271,40,22
153,271,40,22
153,271,40,22
153,271,40,22
153,271,40,22
153,271,40,22
153,271,40,22
153,271,40,22
153,271,40,22
153,271,40,22
153,271,40,22
153,271,40,22
153,271,40,22
153,271,40,22
153,271,40,22
153,271,40,22
153,271,40,22
105,113,40,22
153,271,40,22
153,271,40,22
153,271,40,22
153,271,40,22
185,778,40,22
153,271,40,22
153,271,40,22
153,271,40,22
185,778,40,22
185,778,40,22
185,778,40,22
185,778,40,22
185,273,40,22
185,778,40,22
273,778,40,22
185,273,40,22
185,778,40,22
185,273,40,22
273,778,40,22
185,273,40,22
185,778,40,22
185,273,40,22
273,778,40,22
273,778,40,22
273,778,40,22
185,273,40,22
153,271,40,22
185,273,40,22
273,778,40,22
185,273,40,22
185,273,40,22
56,132,40,22
185,273,40,22
185,273,40,22
273,778,40,22
185,273,40,22
273,778,40,22
273,778,40,22
185,273,40,22
273,778,40,22
185,778,40,22
185,273,40,22
63,481,40,22
185,273,40,22
50,335,40,22
481,533,40,22
63,481,40,22
63,481,40,22
39,272,40,22
39,751,40,22
15,95,41,23
15,95,41,23
15,95,41,23
15,95,41,23
15,95,41,23
15,95,41,23
15,95,41,23
511,804,41,23
131,845,41,23
131,845,41,23
131,845,41,23
131,845,41,23
131,845,41,23
131,845,41,23
131,845,41,23
131,845,41,23
131,845,41,23
131,845,41,23
131,845,41,23
131,845,41,23
131,845,41,23
131,845,41,23
131,845,41,23
131,845,41,23
131,845,41,23
131,845,41,23
150,533,48,24
150,533,48,24
150,533,48,24
273,826,48,24
119,804,48,24
154,499,48,24
154,499,48,24
273,826,48,24
154,499,48,24
271,492,48,24
271,492,48,24
271,492,48,24
172,987,48,24
271,492,48,24
271,492,48,24
181,662,48,24
181,662,48,24
39,662,48,24
39,662,48,24
39,662,48,24
39,662,48,24
39,662,48,24
39,662,48,24
39,662,48,24
255,826,48,24
39,662,48,24
255,826,48,24
39,662,48,24
255,826,48,24
39,662,48,24
255,826,48,24
63,481,48,24
39,662,48,24
63,481,48,24
39,662,48,24
273,826,48,24
255,273,48,24
273,826,48,24
255,273,48,24
273,826,48,24
39,662,48,24
273,826,48,24
39,662,48,24
255,826,48,24
273,826,48,24
273,826,48,24
273,826,48,24
255,826,48,24
255,826,48,24
273,826,48,24
273,826,48,24
273,826,48,24
273,826,48,24
255,826,48,24
273,826,48,24
273,826,48,24
273,826,48,24
255,826,48,24
255,273,48,24
273,826,48,24
150,533,48,24
255,826,48,24
255,826,48,24
255,273,48,24
273,826,48,24
255,826,48,24
255,273,48,24
273,826,48,24
273,826,48,24
255,826,48,24
255,273,48,24
240,431,48,24
240,431,48,24
240,431,48,24
240,431,48,24
150,533,48,24
150,533,48,24
240,431,48,24
50,771,48,24
150,499,48,24
211,267,48,24
240,431,48,24
211,267,48,24
211,267,48,24
211,267,48,24
211,267,48,24
150,499,48,24
211,267,48,24
240,431,48,24
271,601,48,24
211,267,48,24
240,431,48,24
211,267,48,24
240,431,48,24
240,431,48,24
211,267,48,24
240,431,48,24
211,267,48,24
240,431,48,24
240,431,48,24
211,267,48,24
240,431,48,24
211,267,48,24
240,431,48,24
240,431,48,24
240,431,48,24
240,431,48,24
240,431,48,24
29,496,48,24
29,496,48,24
105,267,48,24
267,513,48,24
63,709,48,24
150,709,48,24
63,150,48,24
63,150,48,24
150,601,48,24
63,150,48,24
271,481,48,24
271,601,48,24
63,150,48,24
184,751,48,24
271,601,48,24
150,154,48,24
271,601,48,24
63,150,48,24
150,601,48,24
63,533,48,24
154,481,48,24
271,601,48,24
63,150,48,24
105,513,48,24
154,481,48,24
271,601,48,24
63,150,48,24
271,601,48,24
63,533,48,24
150,533,48,24
63,533,48,24
271,601,48,24
63,492,48,24
448,481,48,24
271,601,48,24
63,492,48,24
448,481,48,24
271,601,48,24
63,492,48,24
63,492,48,24
271,601,48,24
63,492,48,24
271,601,48,24
271,601,48,24
63,492,48,24
271,601,48,24
63,492,48,24
63,492,49,25
63,492,49,25
271,601,49,25
448,481,49,25
271,601,49,25
63,709,49,25
63,150,49,25
448,481,49,25
271,601,49,25
63,150,49,25
63,492,49,25
194,496,49,25
63,533,49,25
63,492,49,25
271,601,49,25
271,601,49,25
123,253,49,25
63,150,49,25
63,150,49,25
123,253,49,25
150,601,49,25
63,150,49,25
63,533,49,25
448,481,49,25
63,533,49,25
123,253,49,25
448,481,49,25
123,253,49,25
448,481,49,25
123,253,49,25
448,481,49,25
448,481,49,25
448,481,49,25
448,481,49,25
448,481,49,25
448,481,49,25
63,533,49,25
448,481,49,25
63,533,49,25
63,492,49,25
448,481,49,25
63,492,49,25
271,601,49,25
150,601,49,25
448,481,49,25
63,492,49,25
448,481,49,25
448,481,49,25
194,496,49,25
448,481,49,25
448,481,49,25
448,481,49,25
150,601,49,25
448,481,49,25
150,271,49,25
63,492,49,25
271,601,49,25
271,601,49,25
271,601,49,25
271,601,49,25
63,492,49,25
271,601,49,25
63,492,49,25
63,150,49,25
63,492,49,25
63,492,49,25
63,492,49,25
63,492,49,25
63,492,49,25
63,492,49,25
63,492,49,25
63,492,49,25
448,481,49,25
448,481,49,25
63,150,49,25
80,804,49,25
63,150,49,25
273,845,49,25
63,150,49,25
63,492,49,25
63,492,49,25
63,492,49,25
63,492,49,25
63,492,49,25
63,492,49,25
63,492,49,25
63,492,49,25
63,492,49,25
63,709,49,25
150,533,49,25
63,150,49,25
63,492,49,25
63,533,49,25
63,492,49,25
150,601,49,25
63,150,49,25
63,150,49,25
63,150,49,25
150,601,49,25
184,751,49,25
184,751,49,25
63,492,49,25
150,601,49,25
50,875,49,25
63,492,49,25
50,875,49,25
29,95,49,25
50,875,49,25
29,95,49,25
50,875,49,25
63,492,49,25
63,150,49,25
29,95,49,25
29,95,49,25
63,150,49,25
29,95,49,25
29,95,49,25
63,150,49,25
35,826,49,25
63,150,49,25
63,150,49,25
63,150,49,25
50,80,49,25
50,762,49,25
50,762,49,25
63,492,49,25
63,492,49,25
63,492,49,25
63,492,49,25
63,492,49,25
63,492,49,25
63,492,49,25
63,492,49,25
63,492,49,25
63,492,49,25
50,762,49,25
63,492,49,25
63,533,49,25
35,826,49,25
448,481,49,25
35,826,49,25
35,826,49,25
35,826,49,25
35,826,49,25
15,123,49,25
35,826,49,25
123,253,49,25
35,826,49,25
35,826,49,25
119,804,49,25
35,826,49,25
268,845,49,25
268,845,49,25
268,845,49,25
268,845,49,25
63,492,49,25
15,253,49,25
63,492,49,25
63,492,49,25
15,253,49,25
63,492,49,25
15,253,49,25
63,492,49,25
15,253,49,25
15,253,49,25
63,492,49,25
15,253,49,25
15,253,49,25
63,492,49,25
15,253,49,25
15,253,49,25
172,603,49,25
63,492,49,25
63,150,49,25
63,150,49,25
194,311,49,25
50,80,49,25
50,80,49,25
35,826,49,25
268,845,49,25
63,492,49,25
268,845,49,25
194,765,49,25
194,765,49,25
63,150,49,25
194,765,49,25
63,492,49,25
63,492,49,25
63,492,49,25
194,765,49,25
194,765,49,25
194,765,49,25
194,765,49,25
194,765,49,25
63,150,49,25
150,533,49,25
194,765,49,25
150,533,49,25
194,765,49,25
194,765,49,25
63,492,49,25
194,765,49,25
194,765,49,25
194,765,49,25
194,765,49,25
63,492,49,25
63,492,49,25
63,492,50,26
63,492,50,26
63,492,50,26
63,492,50,26
63,492,50,26
63,492,50,26
63,492,50,26
63,492,50,26
63,150,50,26
63,492,50,26
63,533,50,26
63,533,50,26
63,709,50,26
63,150,50,26
150,709,50,26
39,242,50,26
39,242,50,26
123,253,50,26
123,253,50,26
39,242,50,26
63,481,50,26
63,481,50,26
63,150,50,26
95,123,50,26
63,481,50,26
63,132,50,26
63,481,50,26
48,80,50,26
48,132,50,26
80,240,50,26
80,240,50,26
50,240,50,26
494,765,50,26
494,765,50,26
172,819,50,26
50,240,50,26
494,765,50,26
50,240,50,26
494,765,50,26
494,765,50,26
105,181,50,26
184,751,50,26
494,765,50,26
105,181,50,26
105,113,50,26
172,196,50,26
105,181,50,26
105,181,50,26
105,181,50,26
105,240,50,26
184,751,50,26
105,513,50,26
105,513,50,26
751,826,50,26
181,513,50,26
105,181,50,26
181,513,50,26
181,513,50,26
181,513,50,26
105,513,50,26
181,513,50,26
184,751,50,26
181,513,50,26
185,751,50,26
181,513,50,26
181,513,50,26
184,751,50,26
105,181,50,26
181,513,50,26
184,751,50,26
105,181,50,26
184,751,50,26
184,751,50,26
184,751,50,26
184,185,50,26
184,751,50,26
105,513,50,26
184,751,50,26
184,751,50,26
184,751,50,26
185,751,50,26
105,513,50,26
184,751,50,26
113,181,50,26
105,113,50,26
105,113,50,26
105,113,50,26
80,494,50,26
80,223,50,26
80,311,50,26
105,113,50,26
494,765,50,26
113,513,50,26
181,311,50,26
105,113,50,26
80,311,50,26
105,113,50,26
105,113,50,26
223,311,50,26
105,113,50,26
105,113,50,26
211,213,50,26
105,113,50,26
50,240,50,26
105,113,50,26
223,311,50,26
105,513,50,26
50,240,50,26
105,513,50,26
494,765,50,26
494,765,50,26
223,311,50,26
492,601,50,26
494,765,50,26
223,311,50,26
494,765,50,26
494,765,50,26
494,765,50,26
492,601,50,26
223,311,50,26
494,765,50,26
492,601,50,26
492,601,50,26
223,311,50,26
492,601,50,26
223,311,50,26
492,601,50,26
223,311,50,26
492,601,50,26
223,311,50,26
492,601,50,26
492,601,50,26
223,662,50,26
223,662,50,26
223,662,50,26
223,662,50,26
223,662,50,26
223,662,50,26
223,662,50,26
223,662,50,26
223,662,50,26
223,662,50,26
223,662,50,26
223,311,50,26
184,751,50,26
223,662,50,26
95,242,50,26
273,804,50,26
63,240,50,26
119,209,51,27
95,311,51,27
242,311,51,27
255,273,51,27
255,273,51,27
95,311,51,27
39,205,51,27
209,875,51,27
95,123,51,27
150,804,51,27
150,804,51,27
150,762,51,27
150,804,51,27
150,762,51,27
762,804,51,27
63,709,51,27
123,311,51,27
123,311,51,27
150,804,51,27
150,804,51,27
63,499,51,27
95,123,51,27
95,123,51,27
123,311,51,27
603,791,51,27
481,709,51,27
481,709,51,27
150,804,51,27
150,804,51,27
150,804,51,27
150,804,51,27
150,804,51,27
150,804,51,27
150,804,51,27
150,804,51,27
150,804,51,27
150,804,51,27
150,804,51,27
150,804,51,27
150,804,51,27
150,804,51,27
150,804,51,27
150,804,51,27
150,804,51,27
150,804,51,27
205,267,51,27
150,804,51,27
150,804,51,27
150,804,51,27
205,267,51,27
205,267,51,27
150,804,51,27
184,751,51,27
273,751,51,27
95,123,51,27
150,804,51,27
205,267,51,27
150,804,51,27
150,804,51,27
205,267,51,27
205,267,51,27
205,267,51,27
150,804,51,27
205,267,51,27
205,267,51,27
205,267,51,27
205,267,51,27
150,804,51,27
205,267,51,27
150,804,51,27
205,267,51,27
205,267,51,27
205,267,51,27
205,267,51,27
150,804,51,27
205,267,51,27
150,804,51,27
205,267,51,27
150,804,51,27
205,267,51,27
150,804,51,27
205,267,51,27
150,213,51,27
205,267,52,28
205,267,52,28
205,267,52,28
205,267,52,28
205,267,52,28
205,267,52,28
205,267,52,28
205,267,52,28
205,267,52,28
205,267,52,28
205,267,52,28
205,267,52,28
63,267,52,28
63,205,52,28
205,267,52,28
205,267,52,28
205,267,52,28
205,267,52,28
63,481,52,28
205,267,52,28
205,267,52,28
762,804,52,28
184,751,52,28
184,751,52,28
123,311,52,28
150,804,52,28
123,311,52,28
150,804,52,28
150,481,52,28
123,311,52,28
123,311,52,28
123,311,52,28
95,123,52,28
123,311,52,28
123,311,52,28
95,123,52,28
95,311,52,28
95,123,52,28
123,311,52,28
95,311,52,28
123,311,52,28
123,311,52,28
511,762,52,28
511,762,52,28
511,762,52,28
172,779,52,28
172,779,52,28
172,779,52,28
481,709,52,28
481,709,52,28
481,709,52,28
511,804,52,28
150,709,52,28
150,709,52,28
150,709,52,28
511,762,52,28
273,826,52,28
273,826,52,28
211,826,52,28
311,496,52,28
762,804,52,28
50,762,52,28
50,762,52,28
48,209,52,28
95,172,52,28
95,172,52,28
123,172,52,28
105,513,53,29
15,123,53,29
15,123,53,29
15,123,53,29
15,123,53,29
15,123,53,29
15,123,53,29
15,123,53,29
15,123,53,29
15,123,53,29
105,513,84,30
265,826,84,30
105,513,84,30
194,311,84,30
265,826,84,30
120,819,84,30
122,533,84,30
150,481,84,30
122,533,84,30
122,533,84,30
122,533,84,30
122,533,84,30
122,533,84,30
122,533,84,30
122,533,84,30
122,533,84,30
113,194,84,30
48,875,84,30
662,939,84,30
662,939,84,30
662,939,84,30
205,662,84,30
150,601,84,30
150,601,84,30
105,513,84,30
105,513,84,30
194,662,84,30
120,819,84,30
120,819,84,30
132,194,84,30
120,819,84,30
273,826,84,30
120,819,84,30
120,819,84,30
29,819,84,30
29,819,84,30
29,819,84,30
29,819,84,30
29,819,84,30
29,819,84,30
265,826,84,30
29,819,84,30
265,826,84,30
265,826,84,30
265,826,84,30
63,709,84,30
63,709,84,30
63,709,84,30
63,709,84,30
63,709,84,30
265,826,84,30
63,709,84,30
265,826,84,30
265,826,84,30
63,709,84,30
63,709,84,30
63,448,84,30
48,209,84,30
265,826,84,30
122,271,84,30
150,533,84,30
122,271,84,30
150,533,84,30
122,271,84,30
265,826,84,30
150,533,84,30
150,533,84,30
122,271,84,30
184,268,84,30
122,271,84,30
122,271,84,30
271,601,84,30
240,265,84,30
271,601,84,30
240,255,84,30
35,265,84,30
271,601,84,30
184,268,84,30
271,601,84,30
122,154,84,30
122,154,84,30
255,826,84,30
154,222,84,30
63,481,84,30
113,194,84,30
271,601,84,30
271,601,84,30
271,601,84,30
50,311,84,30
50,311,84,30
50,311,84,30
50,311,84,30
29,113,85,31
29,113,85,31
50,311,85,31
50,311,85,31
50,311,85,31
101,179,85,31
50,311,85,31
80,101,85,31
50,311,85,31
101,179,85,31
101,179,85,31
50,311,85,31
50,311,85,31
50,311,85,31
50,311,85,31
50,311,85,31
50,311,85,31
101,179,85,31
431,784,85,31
101,179,85,31
101,179,85,31
101,179,85,31
101,179,85,31
431,784,85,31
101,179,85,31
101,179,85,31
265,826,85,31
101,179,85,31
101,179,85,31
101,179,85,31
762,875,85,31
101,179,85,31
101,179,85,31
101,179,85,31
101,179,85,31
101,179,85,31
101,179,85,31
101,179,85,31
762,875,85,31
101,179,85,31
101,179,85,31
101,179,85,31
431,784,85,31
101,179,85,31
101,179,85,31
762,875,85,31
101,179,85,31
101,179,85,31
101,179,85,31
101,179,85,31
101,179,85,31
101,179,85,31
101,179,85,31
431,784,85,31
101,179,85,31
63,481,85,31
101,179,85,31
101,179,85,31
101,179,85,31
101,179,85,31
268,273,85,31
184,751,85,31
101,179,85,31
101,179,85,31
101,179,85,31
184,751,85,31
101,179,85,31
184,751,85,31
101,179,85,31
101,179,85,31
101,179,85,31
101,179,85,31
101,179,85,31
255,265,85,31
101,179,85,31
101,179,85,31
101,179,85,31
101,179,85,31
101,179,85,31
101,179,85,31
101,179,85,31
101,179,85,31
101,179,85,31
101,179,85,31
101,179,85,31
101,179,85,31
101,179,85,31
101,179,85,31
122,448,85,31
122,448,85,31
101,179,85,31
122,448,85,31
101,179,85,31
101,179,85,31
101,179,85,31
101,179,85,31
101,179,85,31
101,179,85,31
101,179,85,31
101,179,85,31
101,179,85,31
101,179,85,31
101,179,85,31
101,179,85,31
101,179,85,31
101,179,85,31
101,179,85,31
101,179,85,31
101,179,85,31
101,179,85,31
101,179,85,31
101,179,85,31
101,179,85,31
101,179,85,31
101,179,85,31
101,179,85,31
101,179,85,31
101,179,85,31
101,179,85,31
101,179,85,31
101,179,85,31
101,179,85,31
101,179,85,31
101,179,85,31
101,179,85,31
101,179,85,31
101,179,85,31
101,179,85,31
101,179,85,31
101,179,85,31
101,179,85,31
101,179,85,31
101,179,85,31
101,179,85,31
101,179,85,31
101,179,85,31
101,179,85,31
101,179,85,31
101,179,85,31
101,179,85,31
101,179,85,31
101,179,85,31
431,784,85,31
101,179,85,31
101,179,85,31
101,179,85,31
240,762,85,31
101,179,85,31
101,179,85,31
101,179,85,31
101,179,85,31
101,179,85,31
101,179,85,31
101,179,85,31
101,179,85,31
101,179,85,31
101,179,85,31
101,179,85,31
101,179,85,31
101,179,85,31
101,179,85,31
101,179,85,31
101,179,85,31
101,179,85,31
101,179,85,31
101,179,85,31
101,179,85,31
101,179,85,31
101,179,85,31
101,179,85,31
101,179,85,31
101,179,85,31
101,179,85,31
101,179,85,31
101,179,85,31
101,179,85,31
101,179,85,31
101,179,85,31
101,179,85,31
101,179,85,31
101,179,85,31
101,179,85,31
101,179,85,31
101,179,85,31
131,826,85,31
101,179,85,31
101,179,85,31
101,179,85,31
101,179,85,31
101,179,85,31
101,179,85,31
101,179,85,31
131,826,85,31
101,179,85,31
101,179,85,31
101,179,85,31
101,179,85,31
101,179,85,31
101,179,85,31
131,273,85,31
101,179,85,31
101,179,85,31
275,431,85,31
101,179,85,31
275,431,85,31
101,179,85,31
275,431,85,31
101,179,85,31
275,431,85,31
275,431,85,31
101,179,85,31
101,179,85,31
101,179,85,31
101,179,85,31
101,179,85,31
101,179,85,31
101,179,85,31
101,179,85,31
101,179,85,31
101,179,85,31
101,179,85,31
101,179,85,31
101,179,85,31
101,179,85,31
184,751,85,31
184,751,85,31
184,751,85,31
184,751,85,31
101,179,85,31
101,179,85,31
101,179,85,31
101,179,85,31
63,431,85,31
101,179,85,31
481,709,85,31
222,268,85,31
101,179,85,31
101,179,85,31
63,481,85,31
101,179,85,31
101,179,85,31
101,179,85,31
222,268,85,31
222,268,85,31
48,209,85,31
222,268,85,31
48,209,85,31
101,179,85,31
101,179,85,31
196,223,85,31
101,179,85,31
101,179,85,31
50,311,85,31
222,268,85,31
222,268,85,31
101,179,85,31
222,268,85,31
101,179,85,31
101,179,85,31
222,268,85,31
222,268,85,31
101,179,85,31
101,179,85,31
222,268,85,31
101,179,85,31
222,268,85,31
194,311,85,31
29,223,85,31
29,95,86,32
29,95,86,32
29,95,86,32
181,222,86,32
63,481,86,32
222,223,86,32
63,150,86,32
63,222,86,32
222,223,86,32
222,223,86,32
105,513,86,32
105,513,86,32
222,223,86,32
222,223,86,32
150,223,86,32
105,181,86,32
105,181,86,32
105,181,86,32
105,181,86,32
105,181,86,32
105,181,86,32
80,134,86,32
134,784,86,32
134,784,86,32
120,253,86,32
79,765,86,32
120,253,86,32
134,253,86,32
105,181,86,32
120,253,86,32
120,253,86,32
253,494,86,32
120,253,86,32
494,765,86,32
120,253,86,32
134,253,86,32
134,765,86,32
134,494,86,32
819,939,86,32
819,939,86,32
819,939,86,32
79,311,86,32
271,601,86,32
150,271,86,32
271,601,86,32
271,601,86,32
275,311,86,32
222,311,86,32
275,311,86,32
80,222,86,32
222,275,86,32
275,311,86,32
222,311,86,32
213,311,86,32
184,265,86,32
275,496,86,32
80,662,86,32
184,265,86,32
222,275,86,32
105,181,86,32
105,181,86,32
265,751,86,32
105,181,86,32
80,311,86,32
105,181,86,32
275,311,86,32
275,311,86,32
80,275,86,32
79,222,86,32
271,601,86,32
222,271,86,32
271,601,86,32
271,601,86,32
271,601,86,32
150,601,86,32
105,181,86,32
105,513,86,32
95,194,86,32
95,194,86,32
95,194,86,32
95,194,86,32
95,194,86,32
95,194,86,32
95,194,86,32
95,194,86,32
494,765,86,32
95,194,86,32
95,194,86,32
95,194,86,32
17,179,86,32
95,194,86,32
95,194,86,32
95,194,86,32
79,662,86,32
95,194,86,32
95,194,86,32
311,496,86,32
194,311,86,32
311,496,86,32
123,223,86,32
39,662,86,32
311,496,86,32
17,179,86,32
311,496,86,32
311,496,86,32
17,50,86,32
311,496,86,32
39,662,86,32
311,496,86,32
80,222,86,32
311,496,86,32
311,496,86,32
80,222,86,32
80,222,86,32
80,222,86,32
80,222,86,32
80,222,86,32
819,939,86,32
819,939,86,32
819,939,86,32
819,939,86,32
132,172,86,32
196,939,86,32
311,939,86,32
56,132,86,32
311,819,86,32
196,819,86,32
56,132,86,32
56,132,86,32
56,132,86,32
56,132,86,32
120,603,86,32
120,603,86,32
196,819,86,32
120,603,86,32
196,819,86,32
311,819,86,32
311,819,86,32
662,939,86,32
196,939,86,32
196,939,86,32
196,939,86,32
205,496,86,32
205,496,86,32
196,939,86,32
196,939,86,32
819,939,86,32
101,431,86,32
196,939,86,32
102,762,86,32
196,939,86,32
196,939,86,32
265,751,86,32
265,751,86,32
265,751,86,32
184,265,86,32
184,265,86,32
184,265,86,32
196,939,86,32
63,150,86,32
150,481,86,32
101,431,86,32
119,431,86,32
819,939,86,32
56,132,86,32
56,132,86,32
255,743,86,32
255,743,86,32
120,494,87,33
134,267,87,33
134,513,87,33
79,123,87,33
105,513,87,33
79,267,87,33
265,268,87,33
56,132,87,33
265,268,87,33
56,132,87,33
265,268,87,33
56,132,87,33
265,268,87,33
265,826,87,33
150,709,87,33
150,709,87,33
63,481,87,33
63,150,87,33
63,150,87,33
150,481,87,33
63,150,87,33
150,709,87,33
56,132,87,33
63,150,87,33
63,481,87,33
150,709,87,33
63,150,87,33
120,494,87,33
150,709,87,33
120,494,87,33
120,494,87,33
56,132,87,33
120,494,87,33
120,494,87,33
120,494,87,33
120,494,87,33
119,448,87,33
119,448,87,33
119,448,87,33
120,494,87,33
50,131,87,33
63,499,87,33
50,131,87,33
120,494,87,33
50,131,87,33
120,494,87,33
50,131,87,33
50,131,87,33
50,131,87,33
184,268,87,33
120,494,87,33
63,662,87,33
120,494,87,33
120,494,87,33
265,804,87,33
120,494,87,33
265,804,87,33
120,494,87,33
265,804,87,33
120,494,87,33
265,268,87,33
120,494,87,33
120,494,87,33
255,804,87,33
120,494,87,33
255,804,87,33
255,804,87,33
120,494,87,33
255,804,87,33
120,494,87,33
50,131,87,33
255,804,87,33
120,494,87,33
50,131,87,33
255,804,87,33
120,494,87,33
268,804,87,33
268,804,87,33
268,804,87,33
184,804,87,33
50,131,87,33
268,804,87,33
184,804,87,33
50,131,87,33
50,131,87,33
50,131,87,33
268,804,87,33
223,601,87,33
271,601,87,33
271,601,87,33
271,601,87,33
271,601,87,33
271,601,87,33
271,601,87,33
63,709,87,33
271,601,87,33
271,601,87,33
63,709,87,33
271,601,87,33
120,494,87,33
271,601,87,33
120,494,87,33
102,875,87,33
120,494,87,33
119,533,87,33
120,494,87,33
119,533,87,33
120,494,87,33
448,533,87,33
448,533,87,33
448,533,87,33
448,533,87,33
50,131,87,33
448,533,87,33
448,533,87,33
448,533,87,33
50,102,87,33
154,499,87,33
50,102,87,33
50,102,87,33
50,102,87,33
50,102,87,33
50,102,87,33
50,102,87,33
50,102,87,33
50,131,87,33
102,131,87,33
50,131,87,33
102,131,87,33
102,131,87,33
50,102,87,33
102,131,87,33
154,499,87,33
102,131,87,33
154,499,87,33
102,131,87,33
102,131,87,33
102,131,87,33
102,131,87,33
102,131,87,33
102,131,87,33
102,131,87,33
105,113,87,33
50,131,87,33
50,131,87,33
154,499,87,33
102,131,87,33
102,131,87,33
154,499,87,33
102,131,87,33
102,131,87,33
102,131,87,33
102,131,87,33
50,102,87,33
50,131,87,33
102,131,87,33
50,102,87,33
102,131,87,33
50,102,87,33
102,131,87,33
102,131,87,33
102,131,87,33
102,131,87,33
50,131,87,33
102,131,87,33
265,826,87,33
102,131,87,33
154,499,87,33
154,499,87,33
154,499,87,33
154,499,87,33
50,131,87,33
102,131,87,33
50,131,87,33
102,131,87,33
50,131,87,33
56,132,87,33
222,267,87,33
222,267,87,33
120,819,87,33
119,762,87,33
120,819,87,33
119,533,87,33
119,533,87,33
119,533,87,33
119,448,87,33
154,499,87,33
123,223,87,33
533,709,87,33
533,709,87,33
105,113,87,33
223,496,87,33
268,826,87,33
105,113,87,33
105,113,87,33
255,268,87,33
255,268,87,33
105,113,87,33
105,113,87,33
223,662,88,34
122,154,88,34
268,804,88,34
122,154,88,34
268,804,88,34
265,826,88,34
223,496,88,34
122,154,88,34
265,826,88,34
223,496,88,34
223,496,88,34
223,496,88,34
122,154,88,34
223,496,88,34
122,154,88,34
496,662,88,34
268,804,88,34
268,804,88,34
223,496,88,34
255,743,88,34
268,804,88,34
122,154,88,34
255,743,88,34
122,154,88,34
255,273,88,34
533,709,88,34
255,743,88,34
122,154,88,34
255,273,88,34
533,709,88,34
122,154,88,34
533,709,88,34
255,743,88,34
273,743,88,34
122,154,88,34
273,743,88,34
273,743,88,34
273,743,88,34
273,743,88,34
533,709,88,34
265,826,88,34
223,496,88,34
273,743,88,34
273,743,88,34
273,743,88,34
273,743,88,34
273,743,88,34
273,743,88,34
105,113,88,34
273,743,88,34
80,875,88,34
80,875,88,34
273,743,88,34
80,875,88,34
80,875,88,34
273,743,88,34
80,875,88,34
273,743,88,34
80,875,88,34
273,743,88,34
80,875,88,34
273,743,88,34
273,743,88,34
273,743,88,34
80,875,88,34
120,819,88,34
120,819,88,34
79,122,88,34
63,709,88,34
79,122,88,34
105,113,88,34
63,709,88,34
105,113,88,34
79,122,88,34
63,709,88,34
105,113,88,34
79,122,88,34
105,113,88,34
105,113,88,34
79,122,88,34
105,113,88,34
79,122,88,34
79,122,88,34
79,122,88,34
79,122,88,34
194,311,88,34
122,533,88,34
194,311,88,34
122,533,88,34
743,826,88,34
743,826,88,34
122,533,88,34
194,311,88,34
743,826,88,34
79,122,88,34
743,826,88,34
79,122,88,34
743,826,88,34
79,122,88,34
743,826,88,34
79,122,88,34
194,311,88,34
743,826,88,34
79,122,88,34
122,533,88,34
79,122,88,34
122,533,88,34
79,122,88,34
122,533,88,34
79,122,88,34
122,533,88,34
79,122,88,34
122,533,88,34
119,154,88,34
122,533,88,34
119,154,88,34
79,122,88,34
122,533,88,34
79,122,88,34
122,533,88,34
79,122,88,34
122,533,88,34
79,122,88,34
184,743,88,34
79,122,88,34
481,709,88,34
79,122,88,34
122,533,88,34
481,709,88,34
79,122,88,34
122,533,88,34
79,122,88,34
122,533,88,34
79,122,88,34
122,533,88,34
79,122,88,34
105,113,88,34
122,533,88,34
79,122,88,34
122,533,88,34
79,122,88,34
122,533,88,34
79,122,88,34
79,122,88,34
79,122,88,34
79,122,88,34
223,311,88,34
79,122,88,34
79,122,88,34
79,122,88,34
122,533,88,34
122,533,88,34
122,533,88,34
122,533,88,34
122,533,88,34
122,533,88,34
79,533,88,34
122,533,88,34
79,122,88,34
122,533,88,34
271,492,88,34
122,533,88,34
271,492,88,34
122,533,88,34
271,492,88,34
122,533,88,34
271,492,88,34
122,533,88,34
122,533,88,34
122,533,88,34
122,533,88,34
271,492,88,34
271,492,88,34
79,122,88,34
79,122,88,34
271,492,88,34
95,253,88,34
95,253,88,34
95,123,88,34
123,253,88,34
95,123,88,34
95,123,88,34
95,123,88,34
95,123,88,34
95,123,88,34
95,123,88,34
95,123,88,34
95,123,88,34
95,123,88,34
95,123,88,34
95,123,88,34
95,123,88,34
95,123,88,34
95,123,88,34
95,123,88,34
95,123,88,34
95,123,88,34
95,123,88,34
95,123,88,34
95,123,88,34
63,122,88,34
63,709,88,34
63,709,88,34
63,709,88,34
63,709,88,34
123,253,88,34
123,253,88,34
123,253,88,34
35,826,88,34
63,481,88,34
63,481,88,34
123,253,88,34
63,481,88,34
63,481,88,34
271,492,88,34
271,492,88,34
271,492,88,34
50,875,88,34
50,875,88,34
50,875,88,34
50,875,88,34
271,492,88,34
271,492,88,34
56,132,88,34
56,132,88,34
39,113,88,34
56,132,88,34
56,132,88,34
56,132,88,34
56,132,88,34
56,132,88,34
56,132,88,34
56,132,88,34
56,132,88,34
222,267,88,34
222,267,88,34
56,132,88,34
56,132,88,34
56,132,88,34
56,132,88,34
56,132,88,34
56,132,88,34
56,132,88,34
56,132,88,34
56,132,88,34
533,709,88,34
63,481,88,34
63,481,88,34
63,709,88,34
29,120,96,35
29,120,96,35
29,120,96,35
150,499,96,35
150,533,96,35
150,533,96,35
150,533,96,35
150,533,96,35
150,533,96,35
150,533,96,35
120,662,96,35
122,271,96,35
150,533,96,35
150,533,96,35
154,271,96,35
102,448,96,35
154,271,96,35
150,533,96,35
271,601,96,35
150,533,96,35
150,533,96,35
150,533,96,35
120,779,96,35
150,533,96,35
271,601,96,35
120,779,96,35
150,533,96,35
271,601,96,35
120,779,96,35
150,533,96,35
271,601,96,35
271,601,96,35
271,601,96,35
150,533,96,35
150,533,96,35
150,533,96,35
150,533,96,35
150,533,96,35
150,533,96,35
150,533,96,35
150,533,96,35
153,492,96,35
153,492,96,35
153,492,96,35
56,132,96,35
194,939,96,35
122,154,96,35
122,154,96,35
122,154,96,35
120,194,96,35
122,154,96,35
29,194,96,35
122,154,96,35
131,255,96,35
271,448,96,35
271,448,96,35
150,533,96,35
268,751,96,35
131,255,96,35
194,765,96,35
268,751,96,35
150,533,96,35
150,533,96,35
268,751,96,35
150,533,96,35
268,751,96,35
150,533,96,35
122,255,96,35
779,939,96,35
150,533,96,35
150,533,96,35
268,751,96,35
150,533,96,35
211,267,96,35
122,255,96,35
268,751,96,35
122,255,96,35
150,533,96,35
29,267,96,35
29,122,96,35
150,533,96,35
150,533,96,35
150,533,96,35
150,533,96,35
150,533,96,35
150,533,96,35
268,751,96,35
150,533,96,35
150,533,96,35
150,533,96,35
154,499,96,35
150,533,96,35
150,533,96,35
268,751,96,35
150,533,96,35
268,751,96,35
268,751,96,35
268,751,96,35
150,533,96,35
268,751,96,35
150,533,96,35
268,751,96,35
150,533,96,35
150,533,96,35
268,751,96,35
150,533,96,35
63,481,96,35
150,533,96,35
150,533,96,35
29,513,96,35
150,533,96,35
268,751,96,35
150,533,96,35
150,533,96,35
268,751,96,35
150,533,96,35
150,533,96,35
481,709,96,35
194,765,96,35
194,765,96,35
481,709,96,35
194,765,96,35
481,709,96,35
194,765,96,35
150,533,96,35
150,533,96,35
150,533,96,35
150,533,96,35
150,533,96,35
150,533,96,35
153,271,96,35
150,533,96,35
150,533,96,35
150,533,96,35
150,533,96,35
134,875,96,35
134,875,96,35
63,481,96,35
150,533,96,35
134,875,96,35
134,875,96,35
134,875,96,35
134,875,96,35
134,875,96,35
17,875,96,35
63,481,96,35
63,481,96,35
63,481,96,35
63,481,96,35
63,481,96,35
63,533,96,35
63,499,96,35
153,154,96,35
154,499,96,35
150,533,96,35
494,786,96,35
154,499,96,35
194,311,96,35
194,765,96,35
154,499,96,35
154,499,96,35
496,786,96,35
154,499,96,35
101,511,96,35
268,751,96,35
101,511,96,35
101,511,96,35
101,511,96,35
101,511,96,35
268,751,97,36
481,709,97,36
101,511,97,36
63,481,97,36
63,481,97,36
101,511,97,36
101,511,97,36
15,123,97,36
101,511,97,36
63,481,97,36
63,481,97,36
15,123,97,36
101,511,97,36
15,253,97,36
15,123,97,36
101,511,97,36
63,481,97,36
101,511,97,36
15,253,97,36
15,253,97,36
101,511,97,36
15,253,97,36
101,511,97,36
122,154,97,36
15,253,97,36
101,511,97,36
15,253,97,36
101,511,97,36
15,253,97,36
15,253,97,36
101,511,97,36
102,335,97,36
101,511,97,36
222,267,97,36
222,267,97,36
268,751,97,36
101,511,97,36
15,253,97,36
268,751,97,36
101,511,97,36
222,267,97,36
150,154,97,36
63,481,97,36
268,751,97,36
101,511,97,36
123,253,97,36
101,511,97,36
63,481,97,36
101,511,97,36
150,533,97,36
222,267,97,36
101,511,97,36
150,533,97,36
101,511,97,36
150,533,97,36
101,511,97,36
150,533,97,36
101,511,97,36
268,751,97,36
101,511,97,36
222,267,97,36
222,267,97,36
268,751,97,36
481,709,97,36
268,751,97,36
101,511,97,36
101,511,97,36
481,709,97,36
533,709,97,36
63,533,97,36
268,751,97,36
222,267,97,36
222,267,97,36
63,213,97,36
101,511,97,36
15,253,97,36
122,533,97,36
63,213,97,36
268,751,97,36
268,751,97,36
63,709,97,36
101,511,97,36
101,511,97,36
63,709,97,36
101,511,97,36
101,511,97,36
154,499,97,36
154,499,97,36
101,511,97,36
154,499,97,36
101,511,97,36
154,499,97,36
273,826,97,36
154,499,97,36
101,511,97,36
268,751,97,36
101,511,97,36
101,511,97,36
101,511,97,36
101,511,97,36
222,267,97,36
101,511,97,36
35,265,97,36
150,533,97,36
101,511,97,36
35,265,97,36
101,511,97,36
35,265,97,36
35,265,97,36
101,511,97,36
268,751,97,36
101,511,97,36
268,751,97,36
101,511,97,36
101,511,97,36
101,511,97,36
35,265,97,36
101,511,97,36
63,481,97,36
63,709,97,36
101,511,97,36
101,511,97,36
63,709,97,36
101,511,97,36
63,709,97,36
268,751,97,36
15,253,97,36
268,751,97,36
63,481,97,36
268,751,97,36
268,751,97,36
268,751,97,36
271,499,97,36
35,265,97,36
268,751,97,36
15,253,97,36
271,499,97,36
268,751,97,36
101,511,97,36
35,265,97,36
268,751,97,36
35,265,97,36
63,709,97,36
35,265,97,36
268,751,97,36
35,265,97,36
63,481,97,36
268,751,97,36
63,481,97,36
268,751,97,36
101,511,97,36
268,751,97,36
63,709,97,36
268,751,97,36
268,751,97,36
63,709,97,36
15,253,97,36
63,481,97,36
268,751,97,36
101,511,97,36
268,751,97,36
268,751,97,36
101,511,97,36
268,751,97,36
101,511,97,36
268,751,97,36
101,511,97,36
15,253,97,36
268,751,97,36
15,253,97,36
268,751,97,36
268,751,97,36
268,751,97,36
101,511,97,36
63,709,97,36
268,751,97,36
101,511,97,36
268,751,97,36
101,511,97,36
268,751,97,36
101,511,97,36
268,751,97,36
63,709,97,36
268,751,97,36
63,709,97,36
268,751,97,36
101,511,97,36
101,511,97,36
271,709,97,36
101,511,97,36
271,709,97,36
56,154,97,36
101,511,97,36
56,939,97,36
271,709,97,36
56,939,97,36
271,709,97,36
101,511,97,36
56,939,97,36
101,511,97,36
101,511,97,36
15,253,97,36
101,511,97,36
271,709,97,36
271,709,97,36
123,253,97,36
101,511,97,36
271,709,97,36
271,709,97,36
271,709,97,36
101,511,97,36
271,709,97,36
63,779,97,36
63,154,97,36
271,481,97,36
271,481,97,36
101,511,97,36
154,271,97,36
50,875,97,36
50,875,97,36
50,875,97,36
50,875,97,36
63,481,97,36
268,751,97,36
50,875,97,36
268,751,97,36
50,875,97,36
268,751,97,36
268,751,97,36
268,751,97,36
63,481,97,36
268,751,97,36
268,751,97,36
63,481,97,36
268,751,97,36
63,481,97,36
63,481,97,36
63,481,97,36
29,513,97,36
268,751,97,36
268,751,97,36
268,751,97,36
268,751,97,36
123,253,97,36
63,154,97,36
21,804,97,36
481,709,97,36
481,709,97,36
63,481,97,36
63,481,97,36
56,939,97,36
481,709,97,36
56,102,97,36
153,271,97,36
56,939,97,36
153,154,97,36
153,271,97,36
153,271,97,36
15,253,97,36
153,271,97,36
153,271,97,36
102,804,97,36
153,271,97,36
153,271,97,36
102,804,97,36
15,253,97,36
102,804,97,36
56,939,97,36
102,804,97,36
102,804,97,36
15,253,97,36
153,271,97,36
56,939,97,36
15,253,97,36
153,271,97,36
15,253,97,36
153,271,97,36
153,271,97,36
15,253,97,36
153,271,97,36
153,271,97,36
15,253,97,36
153,271,97,36
15,253,97,36
153,271,97,36
15,253,97,36
153,271,97,36
15,253,97,36
153,271,97,36
15,253,97,36
15,253,97,36
153,271,97,36
15,253,97,36
15,253,97,36
102,804,97,36
123,253,97,36
102,804,97,36
102,804,97,36
102,804,97,36
102,804,97,36
63,481,97,36
222,267,97,36
150,709,97,36
150,709,97,36
222,267,97,36
63,765,97,36
63,481,97,36
15,253,97,36
113,513,97,36
15,253,97,36
63,481,97,36
15,95,97,36
15,95,97,36
15,95,97,36
15,95,97,36
150,153,97,36
15,95,97,36
15,95,97,36
56,431,97,36
15,95,97,36
15,95,97,36
15,95,97,36
15,95,97,36
15,95,97,36
15,95,97,36
101,511,97,36
15,95,97,36
15,95,97,36
50,102,97,36
50,102,97,36
15,95,97,36
15,95,97,36
15,95,97,36
56,431,97,36
15,95,97,36
56,431,97,36
15,95,97,36
50,102,97,36
15,95,97,36
15,95,97,36
63,481,97,36
15,95,97,36
15,95,97,36
15,95,97,36
271,499,97,36
56,939,97,36
56,939,97,36
15,95,97,36
50,102,97,36
63,481,97,36
15,95,97,36
50,102,97,36
15,95,97,36
50,102,97,36
15,95,97,36
15,95,97,36
50,102,97,36
105,513,97,36
15,95,97,36
105,513,97,36
15,95,97,36
56,939,97,36
15,95,97,36
56,939,97,36
15,95,97,36
56,939,97,36
15,95,97,36
56,939,97,36
56,939,97,36
56,939,97,36
56,939,97,36
56,431,97,36
56,939,97,36
56,939,97,36
63,533,97,36
56,939,97,36
63,533,97,36
105,113,97,36
63,533,97,36
496,786,97,36
15,95,97,36
496,786,97,36
63,533,97,36
154,271,97,36
102,804,97,36
102,804,97,36
29,95,97,36
56,939,97,36
29,95,97,36
29,95,97,36
29,95,97,36
29,95,97,36
29,95,97,36
102,804,97,36
29,95,97,36
29,95,97,36
29,95,97,36
95,194,97,36
265,751,97,36
95,194,97,36
265,751,97,36
265,751,97,36
105,113,97,36
63,154,97,36
150,154,97,36
63,150,97,36
63,154,97,36
150,709,97,36
63,271,97,36
63,154,97,36
222,267,97,36
63,271,97,36
150,709,97,36
150,709,97,36
150,709,97,36
150,709,97,36
150,709,97,36
150,709,97,36
153,271,97,36
150,709,97,36
150,709,97,36
150,709,97,36
150,709,97,36
222,267,97,36
102,804,98,37
102,804,98,37
268,778,98,37
268,778,98,37
35,778,98,37
102,804,98,37
102,804,98,37
102,804,98,37
209,275,98,37
255,511,98,37
80,255,98,37
311,496,98,37
311,496,98,37
431,938,98,37
431,938,98,37
79,253,98,37
131,804,98,37
494,765,98,37
751,778,98,37
494,765,98,37
494,765,98,37
131,804,98,37
131,804,98,37
131,804,98,37
50,804,98,37
102,804,98,37
131,804,98,37
102,804,98,37
102,804,98,37
50,102,98,37
102,804,98,37
50,804,98,37
50,804,98,37
102,804,98,37
50,804,98,37
50,102,98,37
131,804,98,37
50,131,98,37
102,131,98,37
131,804,98,37
265,804,98,37
265,804,98,37
265,804,98,37
265,804,98,37
265,804,98,37
265,804,98,37
265,804,98,37
265,804,98,37
265,804,98,37
265,804,98,37
184,826,98,37
265,751,98,37
196,826,98,37
184,826,98,37
184,265,98,37
265,751,98,37
265,751,98,37
194,779,98,37
265,751,98,37
265,779,98,37
194,265,98,37
265,751,98,37
265,751,98,37
50,804,98,37
311,496,98,37
311,496,98,37
311,496,98,37
311,496,98,37
17,209,98,37
222,496,98,37
48,431,98,37
222,496,98,37
134,804,98,37
17,48,98,37
17,48,98,37
311,496,98,37
311,496,98,37
134,804,98,37
222,496,98,37
311,496,98,37
222,496,98,37
222,496,98,37
311,496,98,37
222,496,98,37
222,496,98,37
222,496,98,37
222,496,98,37
222,496,98,37
222,496,98,37
50,804,98,37
50,804,98,37
267,311,98,37
134,804,98,37
50,804,98,37
179,804,98,37
123,804,98,37
222,496,98,37
134,179,98,37
17,134,98,37
48,134,98,37
222,496,98,37
134,179,98,37
48,134,98,37
17,134,98,37
17,50,98,37
48,50,98,37
17,134,98,37
194,311,98,37
153,492,98,37
222,496,98,37
153,492,98,37
153,492,98,37
153,492,98,37
153,492,98,37
153,492,98,37
153,492,98,37
153,492,98,37
134,431,98,37
134,431,98,37
134,431,98,37
134,431,98,37
134,431,98,37
134,431,98,37
153,492,98,37
153,492,98,37
134,431,98,37
153,492,98,37
134,431,98,37
153,492,98,37
134,431,98,37
134,431,98,37
153,492,98,37
134,431,98,37
153,492,98,37
194,311,98,37
153,492,98,37
265,751,98,37
153,492,98,37
265,751,98,37
153,492,98,37
153,492,98,37
153,492,98,37
29,311,98,37
194,311,98,37
271,765,98,37
131,826,98,37
154,271,98,37
29,311,98,37
63,481,99,38
265,826,99,38
63,481,99,38
63,481,99,38
63,481,99,38
63,481,99,38
63,481,99,38
63,709,99,38
63,709,99,38
63,709,99,38
63,709,99,38
63,709,99,38
63,709,99,38
153,271,99,38
271,709,99,38
271,709,99,38
271,709,99,38
153,271,99,38
79,123,99,38
271,709,99,38
271,709,99,38
194,311,99,38
63,271,99,38
194,311,99,38
194,311,99,38
265,826,99,38
153,271,99,38
194,311,99,38
481,709,99,38
271,499,99,38
271,448,99,38
194,311,99,38
271,601,99,38
271,601,99,38
271,601,99,38
271,601,99,38
271,601,99,38
271,601,99,38
271,601,99,38
271,601,99,38
335,762,99,38
271,601,99,38
335,762,99,38
153,271,99,38
153,271,99,38
271,499,99,38
95,253,99,38
63,153,99,38
63,153,99,38
63,153,99,38
29,779,99,38
29,779,99,38
29,779,99,38
29,779,99,38
29,779,99,38
29,779,99,38
29,779,99,38
29,779,99,38
29,779,99,38
29,779,99,38
29,779,99,38
29,779,99,38
29,779,99,38
29,779,99,38
29,779,99,38
29,779,99,38
29,779,99,38
29,779,99,38
150,271,99,38
29,779,99,38
29,779,99,38
29,779,99,38
29,779,99,38
255,273,99,38
255,273,99,38
255,273,99,38
120,196,99,38
120,196,99,38
101,431,99,38
101,431,99,38
275,804,99,38
184,268,99,38
184,268,99,38
184,268,99,38
184,268,99,38
184,268,99,38
222,765,99,38
122,271,99,38
184,268,99,38
184,268,99,38
150,709,99,38
63,481,99,38
150,709,99,38
150,709,99,38
271,709,99,38
153,709,99,38
271,709,99,38
102,875,99,38
481,709,99,38
63,709,99,38
63,709,99,38
194,765,99,38
17,875,99,38
194,765,99,38
194,765,99,38
153,492,99,38
122,154,99,38
153,492,99,38
122,154,99,38
122,154,99,38
153,492,99,38
153,492,99,38
153,492,99,38
194,765,99,38
153,492,99,38
194,765,99,38
273,826,99,38
194,765,99,38
194,765,99,38
194,765,99,38
194,765,99,38
273,826,99,38
211,762,99,38
255,273,99,38
211,762,99,38
255,273,99,38
255,273,99,38
255,273,99,38
122,154,99,38
122,154,99,38
205,267,99,38
63,481,99,38
122,271,99,38
122,271,99,38
150,271,99,38
150,709,99,38
122,709,99,38
122,271,99,38
150,271,99,38
150,271,99,38
122,271,99,38
150,271,99,38
122,271,99,38
122,271,99,38
153,271,99,38
122,153,99,38
153,271,99,38
17,50,99,38
95,267,99,38
63,709,99,38
150,153,99,38
95,267,99,38
63,709,99,38
63,481,99,38
95,267,100,39
63,709,100,39
63,709,100,39
63,709,100,39
63,709,100,39
63,709,100,39
63,709,100,39
255,273,100,39
153,271,100,39
63,709,100,39
63,709,100,39
153,271,100,39
153,271,100,39
153,271,100,39
150,153,100,39
184,268,100,39
153,271,100,39
153,271,100,39
153,271,100,39
153,271,100,39
122,153,100,39
153,271,100,39
153,271,100,39
122,153,100,39
153,271,100,39
153,271,100,39
35,826,100,39
153,271,100,39
153,271,100,39
153,271,100,39
153,271,100,39
194,311,100,39
194,311,100,39
153,271,100,39
153,271,100,39
153,271,100,39
194,311,100,39
265,826,100,39
153,271,100,39
267,496,100,39
265,826,100,39
265,826,100,39
153,271,100,39
265,826,100,39
153,271,100,39
153,271,100,39
267,496,100,39
267,496,100,39
153,271,100,39
153,271,100,39
153,271,100,39
153,271,100,39
153,271,100,39
153,271,100,39
153,271,100,39
153,271,100,39
153,271,100,39
153,271,100,39
153,271,100,39
153,271,100,39
194,765,100,39
194,765,100,39
153,271,100,39
194,765,100,39
153,271,100,39
194,765,100,39
194,765,100,39
194,765,100,39
194,765,100,39
63,154,100,39
268,804,100,39
194,765,100,39
154,481,100,39
255,268,100,39
153,271,100,39
255,268,100,39
153,271,100,39
255,268,100,39
153,271,100,39
255,268,100,39
153,271,100,39
255,268,100,39
153,271,100,39
153,271,100,39
154,481,100,39
153,271,100,39
153,271,100,39
153,271,100,39
48,209,100,39
63,154,100,39
63,154,100,39
63,154,100,39
63,154,100,39
63,154,100,39
48,209,100,39
63,154,100,39
63,153,100,39
150,153,100,39
48,209,100,39
150,271,100,39
153,271,100,39
48,209,100,39
48,209,100,39
153,271,100,39
255,273,100,39
265,826,100,39
265,826,100,39
265,826,100,39
265,826,100,39
255,273,100,39
255,273,100,39
255,273,100,39
255,273,100,39
255,273,100,39
255,273,100,39
255,826,100,39
255,273,100,39
265,826,100,39
268,273,100,39
268,273,100,39
268,273,100,39
268,273,100,39
122,154,100,39
153,603,100,39
194,311,100,39
194,311,100,39
122,154,100,39
101,134,100,39
131,255,100,39
273,778,100,39
273,778,100,39
17,102,100,39
273,778,100,39
101,102,100,39
17,102,100,39
273,778,100,39
102,335,100,39
273,778,100,39
273,778,100,39
273,778,100,39
273,778,100,39
273,778,100,39
17,335,100,39
273,778,100,39
255,273,100,39
273,778,100,39
273,778,100,39
273,778,100,39
273,778,100,39
273,778,100,39
273,778,100,39
273,778,100,39
273,778,100,39
273,778,100,39
273,778,100,39
273,778,100,39
273,778,100,39
273,778,100,39
222,267,100,39
273,778,100,39
273,778,100,39
273,778,100,39
273,778,100,39
273,778,100,39
273,778,100,39
273,778,100,39
751,778,100,39
751,778,100,39
751,778,100,39
194,311,100,39
751,778,100,39
751,778,100,39
35,778,100,39
63,122,100,39
63,122,100,39
63,481,100,39
194,311,100,39
95,603,100,39
95,603,100,39
265,826,100,39
95,603,100,39
79,804,100,39
95,603,100,39
95,603,100,39
95,603,100,39
265,826,100,39
95,603,100,39
222,267,100,39
265,826,100,39
222,267,100,39
265,826,100,39
50,134,101,40
50,134,101,40
268,778,101,40
268,778,101,40
268,778,101,40
268,778,101,40
268,778,101,40
268,778,101,40
268,778,101,40
268,778,101,40
268,778,101,40
268,778,101,40
268,778,101,40
268,778,101,40
268,778,101,40
268,778,101,40
119,804,108,41
80,211,108,41
79,123,108,41
255,273,108,41
122,154,108,41
265,826,108,41
79,123,108,41
804,875,108,41
265,826,108,41
79,123,108,41
804,875,108,41
79,123,108,41
17,335,108,41
123,273,108,41
101,875,108,41
17,875,108,41
79,123,108,41
80,875,108,41
79,123,108,41
17,875,108,41
101,875,108,41
101,875,108,41
101,875,108,41
101,875,108,41
17,804,108,41
122,533,108,41
101,875,108,41
17,804,108,41
122,533,108,41
101,875,108,41
122,533,108,41
101,875,108,41
101,875,108,41
101,875,108,41
101,875,108,41
101,875,108,41
101,875,108,41
335,875,108,41
784,804,108,41
17,804,108,41
804,875,108,41
101,209,108,41
122,533,108,41
335,804,108,41
804,875,108,41
122,533,108,41
153,271,108,41
804,875,108,41
784,804,108,41
153,271,108,41
804,875,108,41
153,271,108,41
101,804,108,41
17,804,108,41
804,875,108,41
153,271,108,41
150,154,108,41
804,875,108,41
153,271,108,41
17,804,108,41
150,154,108,41
153,271,108,41
481,751,108,41
804,875,108,41
17,804,108,41
39,113,108,41
150,154,108,41
153,271,108,41
17,804,108,41
39,113,108,41
481,751,108,41
804,875,108,41
113,172,108,41
120,172,108,41
150,154,108,41
153,271,108,41
17,804,108,41
804,875,108,41
39,113,108,41
784,804,108,41
153,271,108,41
17,804,108,41
39,113,108,41
17,804,108,41
153,271,108,41
804,875,108,41
153,271,108,41
804,875,108,41
153,271,108,41
804,875,108,41
153,271,108,41
50,804,108,41
172,196,108,41
804,875,108,41
172,196,108,41
17,804,108,41
804,875,108,41
804,875,108,41
118,804,108,41
50,804,108,41
804,875,108,41
118,804,108,41
48,804,108,41
804,875,108,41
17,804,108,41
17,804,108,41
48,804,108,41
179,804,108,41
511,804,108,41
804,875,108,41
48,804,108,41
118,804,108,41
804,875,108,41
118,804,108,41
804,875,108,41
511,804,108,41
804,875,108,41
804,875,108,41
17,804,108,41
118,804,108,41
17,335,108,41
150,533,108,41
63,709,108,41
153,271,108,41
153,271,108,41
17,48,108,41
153,271,108,41
17,48,108,41
153,271,108,41
153,271,108,41
153,271,108,41
153,271,108,41
17,335,108,41
153,271,108,41
17,48,108,41
153,271,108,41
17,875,108,41
153,271,108,41
50,784,108,41
153,271,108,41
50,784,108,41
153,271,108,41
153,271,108,41
205,267,108,41
205,267,108,41
50,875,108,41
17,875,108,41
273,826,108,41
39,267,108,41
255,511,108,41
153,271,108,41
273,826,108,41
153,271,108,41
273,826,108,41
153,271,108,41
50,875,108,41
273,826,108,41
50,875,108,41
50,875,108,41
39,113,108,41
50,875,108,41
150,709,108,41
153,271,108,41
39,113,108,41
255,826,108,41
150,709,108,41
153,271,108,41
153,271,108,41
39,113,108,41
205,267,108,41
39,113,108,41
255,273,108,41
153,271,108,41
153,271,108,41
102,875,108,41
255,273,108,41
153,271,108,41
153,271,108,41
153,271,108,41
153,271,108,41
153,271,108,41
153,271,108,41
153,271,108,41
153,271,108,41
153,271,108,41
29,113,108,41
153,271,108,41
63,481,108,41
153,271,108,41
63,481,108,41
153,271,108,41
29,113,108,41
153,271,108,41
153,271,108,41
63,481,108,41
113,496,108,41
153,271,108,41
153,271,108,41
153,271,108,41
153,271,108,41
223,311,108,41
153,271,108,41
153,271,108,41
153,271,108,41
153,271,108,41
50,102,108,41
153,271,108,41
153,271,108,41
153,271,108,41
153,271,108,41
153,271,108,41
153,271,108,41
153,271,108,41
153,271,108,41
153,271,108,41
153,271,108,41
153,271,108,41
153,271,108,41
153,271,108,41
153,271,108,41
50,102,108,41
153,271,108,41
153,271,108,41
153,271,108,41
153,271,108,41
153,271,108,41
153,271,108,41
153,271,108,41
153,271,108,41
153,271,108,41
153,271,108,41
255,268,108,41
153,271,108,41
153,271,108,41
153,271,108,41
153,271,109,42
50,102,109,42
50,102,109,42
50,311,109,42
50,311,109,42
50,311,109,42
50,311,109,42
50,311,109,42
50,311,109,42
50,311,109,42
50,311,109,42
50,311,109,42
50,311,109,42
50,311,109,42
50,311,109,42
50,311,109,42
50,311,109,42
50,311,109,42
50,311,109,42
50,311,109,42
50,311,109,42
50,311,109,42
50,311,109,42
50,311,109,42
50,311,109,42
50,311,109,42
21,875,109,42
50,311,109,42
50,311,109,42
50,311,109,42
50,311,109,42
50,311,109,42
50,311,109,42
50,311,109,42
29,222,109,42
50,311,109,42
50,311,109,42
50,311,109,42
50,311,109,42
50,311,109,42
50,311,109,42
50,311,109,42
39,662,109,42
50,311,109,42
50,311,109,42
50,311,109,42
50,311,109,42
50,311,109,42
50,311,109,42
50,311,109,42
63,122,109,42
50,311,109,42
50,311,109,42
255,268,109,42
50,311,109,42
50,311,109,42
153,271,109,42
255,268,109,42
153,271,109,42
50,311,109,42
50,311,109,42
153,271,109,42
50,311,109,42
50,311,109,42
153,271,109,42
50,311,109,42
50,311,109,42
255,268,109,42
50,311,109,42
255,268,109,42
50,311,109,42
123,184,109,42
211,273,109,42
50,311,109,42
123,184,109,42
63,709,109,42
50,311,109,42
184,253,109,42
50,311,109,42
50,311,109,42
50,311,109,42
50,311,109,42
50,311,109,42
184,253,109,42
153,271,109,42
273,778,109,42
50,311,109,42
184,253,109,42
50,311,109,42
184,253,109,42
273,778,109,42
153,271,109,42
50,311,109,42
184,253,109,42
273,778,109,42
153,271,109,42
153,271,109,42
273,778,109,42
50,311,109,42
184,253,109,42
50,311,109,42
184,253,109,42
50,311,109,42
153,271,109,42
273,778,109,42
50,311,109,42
184,253,109,42
153,271,109,42
273,778,109,42
50,311,109,42
184,253,109,42
184,253,109,42
273,778,109,42
153,271,109,42
153,271,109,42
153,271,109,42
255,268,109,42
153,271,109,42
273,778,109,42
153,271,109,42
153,271,109,42
273,778,109,42
153,271,109,42
273,778,109,42
153,271,109,42
273,778,109,42
153,271,109,42
153,271,109,42
153,271,109,42
273,778,109,42
50,311,109,42
273,778,109,42
273,778,109,42
273,778,109,42
153,271,109,42
153,271,109,42
273,778,109,42
273,778,109,42
153,271,109,42
273,778,109,42
255,268,109,42
153,271,109,42
255,268,109,42
153,271,109,42
123,184,109,42
153,271,109,42
255,268,109,42
123,253,109,42
50,311,109,42
153,271,109,42
50,311,109,42
153,271,109,42
153,271,109,42
153,271,109,42
255,268,109,42
273,778,109,42
63,709,109,42
511,762,109,42
273,778,109,42
63,709,109,42
273,778,109,42
63,709,109,42
273,778,109,42
63,533,109,42
273,778,109,42
63,709,109,42
273,778,109,42
63,709,109,42
273,778,109,42
63,709,109,42
63,709,109,42
268,273,109,42
273,778,109,42
63,481,109,42
63,481,109,42
153,271,109,42
63,481,109,42
35,268,109,42
63,481,109,42
153,271,109,42
153,271,109,42
63,481,109,42
153,271,109,42
63,481,109,42
153,271,109,42
153,271,109,42
63,481,109,42
153,271,109,42
63,481,109,42
153,271,109,42
63,481,109,42
153,271,109,42
63,481,109,42
50,875,109,42
63,481,109,42
63,481,109,42
63,481,109,42
50,275,109,42
63,709,109,42
63,709,109,42
63,709,109,42
63,709,109,42
63,709,109,42
63,709,109,42
123,253,109,42
184,273,109,42
265,743,109,42
265,743,109,42
265,743,109,42
265,743,109,42
265,743,109,42
265,743,109,42
265,743,109,42
63,709,109,42
265,743,109,42
265,743,109,42
265,743,109,42
265,743,109,42
150,271,109,42
265,743,109,42
265,743,109,42
153,271,109,42
335,762,109,42
255,826,109,42
150,153,109,42
63,481,109,42
63,481,109,42
63,481,109,42
63,481,109,42
153,271,109,42
273,743,109,42
50,102,109,42
120,172,109,42
50,102,109,42
63,153,109,42
268,273,109,42
39,113,110,43
39,113,110,43
153,939,110,43
222,267,110,43
223,494,110,43
784,875,110,43
50,179,110,43
311,662,110,43
494,765,110,43
21,101,110,43
21,101,110,43
21,101,110,43
122,154,110,43
122,154,110,43
122,154,110,43
271,601,110,43
271,601,110,43
271,601,110,43
271,601,110,43
153,601,110,43
222,662,110,43
79,253,110,43
751,875,110,43
255,804,110,43
778,875,110,43
778,875,110,43
778,875,110,43
265,743,110,43
778,875,110,43
222,311,110,43
778,875,110,43
778,875,110,43
255,311,110,43
778,875,110,43
255,311,110,43
778,875,110,43
778,875,110,43
778,875,110,43
255,311,110,43
255,311,110,43
205,311,110,43
205,311,110,43
205,311,110,43
205,311,110,43
255,778,110,43
205,311,110,43
255,875,110,43
205,311,110,43
255,311,110,43
205,311,110,43
778,804,110,43
205,311,110,43
778,804,110,43
205,311,110,43
778,804,110,43
205,311,110,43
778,804,110,43
778,804,110,43
205,311,110,43
778,804,110,43
205,311,110,43
778,804,110,43
778,875,110,43
778,875,110,43
778,875,110,43
496,804,110,43
778,875,110,43
778,875,110,43
778,875,110,43
184,751,110,43
778,875,110,43
184,751,110,43
184,751,110,43
778,875,110,43
184,751,110,43
205,311,110,43
778,875,110,43
205,311,110,43
205,311,110,43
205,311,110,43
778,875,110,43
778,875,110,43
778,875,110,43
205,311,110,43
778,875,110,43
778,875,110,43
80,311,110,43
205,311,110,43
205,311,110,43
205,311,110,43
778,875,110,43
205,311,110,43
778,875,110,43
15,123,110,43
205,311,110,43
778,875,110,43
205,311,110,43
778,875,110,43
39,123,110,43
778,875,110,43
778,875,110,43
222,223,110,43
778,875,110,43
222,223,110,43
80,311,110,43
222,223,110,43
778,875,110,43
80,311,110,43
778,875,110,43
213,311,110,43
311,804,110,43
255,804,110,43
255,804,110,43
255,804,110,43
255,311,110,43
778,875,110,43
102,179,110,43
494,765,110,43
494,765,110,43
79,804,110,43
80,804,110,43
153,271,110,43
211,213,110,43
255,494,110,43
211,213,110,43
222,223,110,43
211,213,110,43
211,213,110,43
211,213,110,43
211,213,110,43
253,255,110,43
211,213,110,43
211,213,110,43
211,213,110,43
778,875,110,43
211,213,110,43
211,213,110,43
778,875,110,43
211,213,110,43
271,601,110,43
211,213,110,43
211,213,110,43
778,875,110,43
211,213,110,43
778,875,110,43
211,213,110,43
123,253,110,43
211,213,110,43
120,987,110,43
123,253,110,43
211,213,110,43
56,132,110,43
211,213,110,43
205,311,110,43
56,132,110,43
211,213,110,43
205,311,110,43
56,132,110,43
211,213,110,43
56,132,110,43
211,213,110,43
153,987,110,43
211,213,110,43
211,213,110,43
211,213,110,43
211,265,110,43
153,492,110,43
153,601,110,43
153,492,110,43
211,496,110,43
153,601,110,43
153,492,110,43
205,223,110,43
223,662,110,43
223,253,110,43
123,253,110,43
123,223,110,43
123,253,110,43
79,222,110,43
79,154,110,43
123,253,110,43
79,222,110,43
123,253,110,43
79,222,110,43
79,222,110,43
79,222,110,43
79,222,110,43
79,222,110,43
79,222,110,43
79,222,110,43
123,253,110,43
123,253,110,43
79,222,110,43
79,222,110,43
123,253,110,43
123,253,110,43
123,253,110,43
123,253,110,43
123,253,110,43
123,253,110,43
123,253,110,43
123,253,110,43
119,275,110,43
119,275,110,43
123,253,110,43
123,253,110,43
123,253,110,43
123,253,110,43
123,253,110,43
21,101,110,43
123,253,110,43
21,101,110,43
123,253,110,43
184,751,110,43
123,253,110,43
21,29,110,43
184,751,110,43
21,101,110,43
184,751,110,43
21,101,110,43
253,255,110,43
123,255,110,43
21,253,110,43
21,101,110,43
101,253,110,43
21,101,110,43
662,819,110,43
662,819,110,43
662,819,110,43
778,875,110,43
778,875,110,43
778,875,110,43
662,819,110,43
778,875,110,43
662,819,110,43
50,80,110,43
778,875,110,43
50,80,110,43
662,819,110,43
778,875,110,43
778,875,110,43
50,80,110,43
179,804,110,43
50,80,110,43
662,819,110,43
778,875,110,43
179,804,110,43
50,80,110,43
662,819,110,43
778,875,110,43
50,80,110,43
662,819,110,43
778,875,110,43
778,875,110,43
50,80,110,43
778,875,110,43
819,987,111,44
179,804,111,44
120,987,111,44
50,80,111,44
50,80,111,44
123,172,111,44
21,101,111,44
21,101,111,44
21,101,111,44
80,102,111,44
50,102,111,44
80,102,111,44
50,102,111,44
50,102,111,44
50,102,111,44
50,80,111,44
50,80,111,44
50,80,111,44
196,533,111,44
120,172,111,44
50,80,111,44
50,80,111,44
50,80,111,44
122,153,111,44
122,153,111,44
50,80,111,44
267,496,111,44
119,804,111,44
119,804,111,44
122,153,111,44
122,153,111,44
120,172,111,44
122,153,111,44
101,179,111,44
101,179,111,44
101,179,111,44
153,271,111,44
101,179,111,44
101,179,111,44
153,271,111,44
101,179,111,44
56,132,111,44
101,179,111,44
101,179,111,44
50,762,111,44
101,179,111,44
50,762,111,44
101,179,111,44
50,762,111,44
271,492,111,44
101,179,111,44
271,492,111,44
101,179,111,44
271,492,111,44
101,179,111,44
271,492,111,44
271,492,111,44
271,492,111,44
101,179,111,44
271,492,111,44
101,179,111,44
271,492,111,44
101,179,111,44
271,492,111,44
101,179,111,44
101,179,111,44
150,499,111,44
271,492,111,44
120,819,111,44
120,172,111,44
271,492,111,44
120,819,111,44
101,179,111,44
101,179,111,44
271,492,111,44
101,179,111,44
271,492,111,44
101,179,111,44
271,492,111,44
101,179,111,44
311,662,111,44
101,179,111,44
101,179,111,44
150,499,111,44
271,492,111,44
101,179,111,44
271,492,111,44
101,179,111,44
101,179,111,44
222,267,111,44
101,179,111,44
101,179,111,44
271,492,111,44
101,179,111,44
120,819,111,44
101,179,111,44
150,499,111,44
101,179,111,44
101,179,111,44
101,179,111,44
101,179,111,44
271,492,111,44
222,267,111,44
271,492,111,44
101,179,111,44
271,492,111,44
101,179,111,44
271,492,111,44
101,179,111,44
271,492,111,44
101,179,111,44
271,492,111,44
101,179,111,44
271,492,111,44
101,179,111,44
271,492,111,44
101,179,111,44
29,123,111,44
101,179,111,44
271,492,111,44
222,267,111,44
271,492,111,44
150,153,111,44
271,492,111,44
271,492,111,44
271,492,111,44
101,179,111,44
122,154,111,44
271,492,111,44
122,154,111,44
101,179,111,44
122,154,111,44
122,154,111,44
804,875,111,44
79,196,111,44
153,271,111,44
153,271,111,44
481,709,111,44
153,271,111,44
153,271,111,44
153,271,111,44
153,271,111,44
533,601,111,44
154,709,111,44
154,709,111,44
154,533,111,44
271,533,111,44
95,662,111,44
95,662,111,44
95,662,111,44
95,662,111,44
95,662,111,44
150,271,111,44
95,662,111,44
150,271,111,44
95,662,111,44
150,271,111,44
95,662,111,44
150,271,111,44
95,662,111,44
150,271,111,44
95,662,111,44
150,271,111,44
95,662,111,44
150,271,111,44
150,271,111,44
150,271,111,44
95,662,111,44
153,492,111,44
150,271,112,45
150,271,112,45
150,271,112,45
150,271,112,45
150,271,112,45
150,271,112,45
150,271,112,45
150,271,112,45
150,271,112,45
150,271,112,45
150,271,112,45
211,213,112,45
311,662,112,45
311,662,112,45
311,662,112,45
311,662,112,45
211,662,112,45
211,311,112,45
205,662,112,45
205,662,112,45
205,662,112,45
154,492,112,45
153,271,112,45
153,271,112,45
154,271,112,45
122,533,112,45
122,533,112,45
122,154,112,45
122,154,112,45
122,154,112,45
95,253,112,45
122,154,112,45
95,253,112,45
123,253,112,45
311,662,112,45
223,311,112,45
223,662,112,45
205,311,112,45
223,311,112,45
223,311,112,45
122,154,112,45
123,253,112,45
123,253,112,45
164,603,112,45
268,778,112,45
164,603,112,45
153,492,112,45
122,153,112,45
122,153,112,45
153,492,112,45
153,492,112,45
56,132,112,45
95,222,112,45
95,222,112,45
95,222,112,45
268,778,112,45
95,222,112,45
268,778,112,45
268,778,112,45
268,778,112,45
95,222,112,45
95,222,112,45
95,222,112,45
95,222,112,45
95,222,112,45
95,222,112,45
95,222,112,45
56,132,112,45
164,603,112,45
56,132,112,45
50,804,112,45
119,804,112,45
56,132,112,45
211,335,112,45
271,492,112,45
271,492,112,45
164,603,112,45
271,492,112,45
271,492,112,45
271,492,112,45
164,603,112,45
222,267,112,45
119,804,112,45
39,119,112,45
39,119,112,45
39,119,112,45
39,119,112,45
153,271,112,45
153,492,112,45
153,271,112,45
164,603,112,45
21,101,112,45
164,603,112,45
21,101,112,45
179,209,112,45
17,102,112,45
179,209,112,45
17,102,112,45
179,209,112,45
17,102,112,45
56,132,112,45
17,102,112,45
56,132,112,45
56,132,112,45
56,132,112,45
56,132,112,45
56,132,112,45
56,132,112,45
56,132,113,46
56,132,113,46
153,271,113,46
154,271,113,46
56,132,113,46
153,271,113,46
205,311,113,46
122,154,113,46
56,132,113,46
122,271,113,46
122,154,113,46
122,154,113,46
56,132,113,46
122,154,113,46
56,132,113,46
56,132,113,46
56,132,113,46
56,132,113,46
56,132,113,46
56,132,113,46
56,132,113,46
271,492,113,46
271,492,113,46
56,132,113,46
271,492,113,46
56,132,113,46
271,492,113,46
271,492,113,46
271,492,113,46
56,132,113,46
271,492,113,46
271,492,113,46
271,492,113,46
56,132,113,46
271,492,113,46
271,492,113,46
56,132,113,46
271,492,113,46
271,492,113,46
271,492,113,46
123,253,113,46
268,804,113,46
268,804,113,46
271,492,113,46
268,804,113,46
268,804,113,46
268,804,113,46
271,492,113,46
268,804,113,46
268,804,113,46
268,804,113,46
211,804,113,46
268,804,113,46
211,804,113,46
271,492,113,46
271,492,113,46
271,492,113,46
271,492,113,46
271,492,113,46
271,492,113,46
211,213,113,46
56,132,113,46
56,132,113,46
271,492,113,46
271,492,113,46
271,492,113,46
271,492,113,46
271,492,113,46
271,492,113,46
56,132,113,46
271,492,113,46
56,132,113,46
164,603,113,46
164,603,113,46
271,492,113,46
150,499,120,47
150,533,120,47
240,938,120,47
150,533,120,47
56,102,120,47
119,804,120,47
119,804,120,47
119,804,120,47
39,819,120,47
150,533,120,47
119,804,120,47
119,804,120,47
39,779,120,47
39,779,120,47
39,779,120,47
39,779,120,47
39,779,120,47
39,779,120,47
113,779,120,47
39,113,120,47
273,826,120,47
39,819,120,47
39,662,120,47
779,819,120,47
779,819,120,47
662,779,120,47
662,779,120,47
779,819,120,47
779,819,120,47
779,819,120,47
153,271,120,47
779,819,120,47
205,662,120,47
153,271,120,47
779,819,120,47
779,819,120,47
113,194,120,47
779,819,120,47
113,194,120,47
113,194,120,47
779,819,120,47
184,273,120,47
113,194,120,47
113,194,120,47
113,194,120,47
56,132,120,47
50,102,120,47
113,194,120,47
56,132,120,47
95,939,120,47
39,123,120,47
95,939,120,47
39,123,120,47
56,132,120,47
56,132,120,47
56,132,120,47
56,132,120,47
63,481,120,47
194,939,120,47
56,132,120,47
63,481,120,47
95,194,120,47
56,132,120,47
87,265,120,47
35,265,120,47
87,265,120,47
56,132,120,47
87,265,120,47
50,285,120,47
56,132,120,47
56,132,120,47
172,779,120,47
56,132,120,47
63,481,120,47
56,132,120,47
56,132,120,47
56,132,120,47
63,481,120,47
56,132,120,47
268,804,120,47
63,481,120,47
268,804,120,47
63,481,120,47
56,132,120,47
268,804,120,47
63,481,120,47
56,132,120,47
268,804,120,47
63,481,120,47
268,804,120,47
56,132,120,47
63,481,120,47
56,132,120,47
63,481,120,47
63,481,120,47
63,481,120,47
63,481,120,47
63,481,120,47
63,481,120,47
63,481,120,47
63,481,120,47
56,132,120,47
63,481,120,47
63,481,120,47
63,481,120,47
63,481,120,47
63,481,120,47
63,481,120,47
63,481,120,47
119,804,120,47
63,481,120,47
63,481,120,47
63,481,120,47
63,481,120,47
63,481,120,47
63,481,120,47
63,481,120,47
63,481,120,47
63,481,120,47
63,481,120,47
184,751,120,47
63,481,120,47
63,481,120,47
184,751,120,47
184,751,120,47
184,751,120,47
184,751,120,47
184,751,120,47
184,751,120,47
184,751,120,47
184,751,120,47
184,751,120,47
184,751,120,47
184,751,120,47
184,751,120,47
63,481,120,47
311,939,120,47
184,751,120,47
311,939,120,47
184,751,120,47
311,939,120,47
184,751,120,47
184,751,120,47
63,481,120,47
285,431,120,47
184,751,120,47
80,102,120,47
184,751,120,47
184,751,120,47
184,751,120,47
285,875,120,47
184,751,120,47
184,751,120,47
285,875,120,47
285,875,120,47
285,875,120,47
285,875,120,47
481,709,120,47
285,875,120,47
265,826,120,47
184,751,120,47
285,875,120,47
184,751,120,47
265,826,120,47
122,154,120,47
122,154,120,47
285,875,120,47
265,826,120,47
122,154,120,47
285,875,120,47
122,154,120,47
285,875,120,47
240,804,120,47
113,939,120,47
113,939,120,47
265,431,120,47
265,431,120,47
285,875,120,47
113,939,120,47
285,875,120,47
113,939,120,47
285,875,120,47
113,939,120,47
285,875,120,47
113,939,120,47
113,939,120,47
265,285,120,47
113,939,120,47
122,154,120,47
122,154,120,47
122,154,120,47
63,481,120,47
265,826,121,48
184,751,121,48
184,751,121,48
184,751,121,48
184,751,121,48
184,751,121,48
184,751,121,48
184,751,121,48
184,751,121,48
184,751,121,48
184,751,121,48
273,826,121,48
63,499,121,48
39,123,121,48
123,172,121,48
63,87,121,48
285,431,121,48
39,123,121,48
39,496,121,48
39,496,121,48
39,496,121,48
63,481,121,48
29,39,121,48
113,194,121,48
79,123,121,48
123,253,121,48
123,253,121,48
63,153,121,48
63,153,121,48
79,253,121,48
123,253,121,48
79,253,121,48
63,153,121,48
134,784,121,48
134,784,121,48
134,784,121,48
134,784,121,48
134,784,121,48
134,784,121,48
35,778,121,48
134,784,121,48
134,784,121,48
134,784,121,48
134,784,121,48
285,875,121,48
134,784,121,48
134,784,121,48
134,784,121,48
134,784,121,48
63,153,121,48
134,784,121,48
63,153,121,48
134,784,121,48
134,784,121,48
285,875,121,48
63,153,121,48
63,153,121,48
79,253,121,48
134,784,121,48
63,153,121,48
134,784,121,48
63,153,121,48
63,153,121,48
285,875,121,48
63,153,121,48
79,253,121,48
63,153,121,48
63,153,121,48
79,253,121,48
285,875,121,48
63,153,121,48
123,253,121,48
743,826,121,48
285,875,121,48
285,875,121,48
285,875,121,48
285,875,121,48
285,875,121,48
285,875,121,48
79,253,121,48
79,123,121,48
79,123,121,48
79,123,121,48
29,39,121,48
79,123,121,48
79,123,121,48
79,123,121,48
79,123,121,48
123,253,121,48
123,253,121,48
123,253,121,48
123,253,121,48
123,253,121,48
123,253,121,48
123,253,121,48
123,253,121,48
123,253,121,48
123,253,121,48
123,253,121,48
123,253,121,48
123,253,121,48
132,603,121,48
123,253,121,48
123,253,121,48
123,253,121,48
123,253,121,48
123,253,121,48
153,271,121,48
123,253,121,48
153,271,121,48
123,253,121,48
153,271,121,48
123,253,121,48
184,751,121,48
153,271,121,48
123,253,121,48
184,751,121,48
153,271,121,48
123,253,121,48
123,253,121,48
123,253,121,48
123,253,121,48
184,751,121,48
123,253,121,48
184,751,121,48
123,253,121,48
35,743,121,48
123,253,121,48
123,253,121,48
184,751,121,48
123,253,121,48
184,751,121,48
123,253,121,48
184,751,121,48
123,253,121,48
184,751,121,48
123,253,121,48
184,751,121,48
123,253,121,48
184,751,121,48
123,253,121,48
184,751,121,48
123,253,121,48
184,751,121,48
123,253,121,48
123,253,121,48
184,751,121,48
123,253,121,48
184,751,121,48
123,253,121,48
184,751,121,48
184,751,121,48
123,253,121,48
184,751,121,48
123,253,121,48
184,751,121,48
123,253,121,48
123,253,121,48
240,804,121,48
184,751,121,48
240,804,121,48
240,804,121,48
184,751,121,48
184,751,121,48
184,751,121,48
184,751,121,48
123,253,121,48
123,253,121,48
123,253,121,48
119,804,121,48
123,253,121,48
119,804,121,48
105,779,121,48
123,253,121,48
184,751,121,48
184,751,121,48
123,253,121,48
184,751,121,48
184,751,121,48
184,751,121,48
123,253,121,48
123,253,121,48
123,253,121,48
123,253,121,48
119,804,121,48
123,253,121,48
123,253,121,48
123,253,121,48
273,778,121,48
123,253,121,48
273,778,121,48
123,253,121,48
273,778,121,48
123,253,121,48
273,778,121,48
123,253,121,48
273,778,121,48
123,253,121,48
273,778,121,48
123,253,121,48
123,253,121,48
123,253,121,48
123,253,121,48
123,253,121,48
123,253,121,48
123,253,121,48
123,253,121,48
123,253,121,48
123,253,121,48
119,240,121,48
123,253,121,48
119,240,121,48
119,240,121,48
119,240,121,48
123,253,121,48
119,240,121,48
123,253,121,48
123,253,121,48
132,164,121,48
751,778,121,48
123,253,121,48
119,240,121,48
132,164,121,48
751,778,121,48
123,253,121,48
132,164,121,48
123,253,121,48
119,240,121,48
123,253,121,48
123,253,121,48
119,132,121,48
123,253,121,48
119,132,121,48
132,164,121,48
123,253,121,48
123,253,121,48
255,778,121,48
123,253,121,48
123,253,121,48
123,253,121,48
123,253,121,48
123,253,121,48
123,253,121,48
123,253,121,48
123,253,121,48
123,253,121,48
132,164,121,48
123,253,121,48
123,253,121,48
123,253,121,48
123,253,121,48
123,253,121,48
123,253,121,48
123,253,121,48
123,253,121,48
184,751,121,48
123,253,121,48
123,253,121,48
132,164,121,48
184,751,121,48
123,253,121,48
184,751,121,48
194,987,121,48
123,253,121,48
184,751,121,48
123,253,121,48
184,751,121,48
123,253,121,48
184,751,121,48
123,253,121,48
123,253,121,48
123,253,121,48
123,253,121,48
123,253,121,48
123,253,121,48
123,253,121,48
123,253,121,48
184,751,121,48
123,253,121,48
184,751,121,48
123,253,121,48
123,253,121,48
123,253,121,48
123,253,121,48
123,253,121,48
153,271,121,48
123,253,121,48
123,253,121,48
123,253,121,48
123,253,121,48
778,826,121,48
123,253,121,48
778,826,121,48
778,826,121,48
123,253,121,48
778,826,121,48
123,253,121,48
778,826,121,48
240,804,121,48
778,826,121,48
123,253,121,48
240,804,121,48
778,826,121,48
240,804,121,48
778,826,121,48
123,253,121,48
240,804,121,48
123,253,121,48
240,804,121,48
743,778,121,48
123,253,121,48
743,778,121,48
123,253,121,48
123,253,121,48
240,804,121,48
123,253,121,48
240,804,121,48
123,253,121,48
240,804,121,48
123,253,121,48
240,804,121,48
240,804,121,48
240,804,121,48
240,804,121,48
240,804,121,48
240,804,121,48
240,804,121,48
240,804,121,48
123,253,121,48
123,253,121,48
123,253,121,48
123,253,121,48
240,804,121,48
240,804,121,48
39,205,121,48
123,253,121,48
240,804,121,48
123,253,121,48
63,164,121,48
153,271,121,48
123,253,121,48
240,804,121,48
240,804,121,48
123,253,121,48
56,804,121,48
123,253,121,48
123,253,121,48
123,253,121,48
123,253,121,48
123,253,121,48
123,253,121,48
164,987,121,48
123,253,121,48
123,253,122,49
164,987,122,49
123,253,122,49
164,987,122,49
499,533,122,49
164,987,122,49
164,987,122,49
63,154,122,49
172,875,122,49
29,194,122,49
39,181,122,49
39,194,122,49
154,181,122,49
122,154,122,49
50,134,122,49
134,875,122,49
50,134,122,49
134,875,122,49
50,875,122,49
50,134,122,49
134,875,122,49
50,875,122,49
39,194,122,49
39,181,122,49
134,875,122,49
181,194,122,49
50,875,122,49
39,194,122,49
134,875,122,49
50,875,122,49
134,875,122,49
50,875,122,49
134,875,122,49
134,875,122,49
134,875,122,49
50,875,122,49
134,875,122,49
134,875,122,49
134,875,122,49
134,765,122,49
50,134,122,49
134,765,122,49
134,311,122,49
311,765,122,49
50,285,122,49
50,134,122,49
134,311,122,49
120,265,122,49
122,153,122,49
122,153,122,49
255,743,122,49
153,271,122,49
134,431,122,49
134,285,122,49
50,134,122,49
134,285,122,49
134,285,122,49
134,285,122,49
50,134,122,49
150,448,122,49
134,285,122,49
285,431,122,49
50,134,122,49
134,285,122,49
50,134,122,49
285,431,122,49
134,285,122,49
50,134,122,49
134,285,122,49
134,285,122,49
50,134,122,49
134,285,122,49
50,134,122,49
134,285,122,49
50,134,122,49
50,134,122,49
134,285,122,49
50,134,122,49
134,285,122,49
134,285,122,49
285,431,122,49
285,431,122,49
123,223,122,49
285,431,122,49
48,209,122,49
255,826,122,49
48,209,122,49
205,819,122,49
205,819,122,49
132,779,122,49
56,132,122,49
779,987,122,49
164,311,122,49
164,172,122,49
164,172,122,49
164,172,122,49
164,172,122,49
123,253,122,49
743,784,122,49
743,784,122,49
743,784,122,49
743,784,122,49
39,194,122,49
63,481,122,49
39,194,122,49
39,87,122,49
743,784,122,49
39,87,122,49
39,194,122,49
39,194,122,49
39,194,122,49
39,743,122,49
39,194,122,49
39,743,122,49
39,194,122,49
63,481,122,49
123,253,122,49
39,194,122,49
39,194,122,49
123,765,122,49
123,743,122,49
123,253,122,49
123,253,122,49
123,253,122,49
123,253,122,49
123,743,122,49
63,709,122,49
123,253,122,49
39,194,122,49
39,194,122,49
39,194,122,49
39,194,122,49
123,164,122,49
39,194,122,49
123,164,122,49
39,194,122,49
123,164,122,49
39,194,122,49
123,164,122,49
164,253,122,49
164,253,122,49
164,253,122,49
164,253,122,49
123,164,122,49
164,253,122,49
123,164,122,49
164,253,122,49
123,164,122,49
164,253,122,49
123,164,122,49
164,253,122,49
123,164,122,49
123,253,122,49
123,164,122,49
123,253,122,49
164,253,122,49
63,481,122,49
123,164,122,49
123,253,122,49
164,253,122,49
164,253,122,49
123,164,122,49
63,481,122,49
63,481,122,49
123,164,122,49
164,253,122,49
63,481,122,49
123,164,122,49
123,253,122,49
164,253,122,49
123,164,122,49
123,164,122,49
123,253,122,49
164,253,122,49
123,164,122,49
123,253,122,49
164,253,122,49
123,164,122,49
123,253,122,49
164,253,122,49
123,164,122,49
164,253,122,49
123,253,122,49
603,791,122,49
123,164,122,49
123,253,122,49
164,253,122,49
123,164,122,49
123,253,122,49
164,253,122,49
603,791,122,49
118,164,122,49
123,253,122,49
123,164,122,49
164,253,122,49
164,253,122,49
123,164,122,49
603,791,122,49
123,253,122,49
123,164,122,49
164,253,122,49
164,253,122,49
123,164,122,49
123,253,122,49
164,253,122,49
123,164,122,49
123,164,122,49
164,253,122,49
123,164,122,49
164,253,122,49
123,164,122,49
123,164,122,49
123,164,122,49
123,164,122,49
164,253,122,49
123,164,122,49
123,164,122,49
123,164,122,49
164,253,122,49
123,164,122,49
164,253,122,49
123,164,122,49
164,253,122,49
123,164,122,49
123,164,122,49
784,875,122,49
134,751,122,49
134,751,122,49
95,662,122,49
134,184,122,49
184,751,122,49
134,751,122,49
134,184,122,49
184,751,122,49
134,751,122,49
184,751,122,49
123,253,122,49
95,181,122,49
134,751,122,49
134,751,122,49
95,819,122,49
134,751,122,49
95,819,122,49
164,533,122,49
134,751,122,49
122,533,122,49
122,164,122,49
122,533,122,49
122,533,122,49
134,751,122,49
134,751,122,49
95,819,122,49
134,751,122,49
95,819,122,49
134,751,122,49
134,751,122,49
134,751,122,49
134,751,122,49
134,751,122,49
134,751,122,49
134,751,122,49
95,819,122,49
134,751,122,49
134,751,122,49
134,751,122,49
87,265,122,49
80,285,122,49
87,265,122,49
80,285,122,49
134,751,122,49
134,751,122,49
80,285,122,49
87,265,122,49
223,448,122,49
63,481,122,49
87,265,122,49
95,123,122,49
134,751,122,49
63,223,122,49
80,285,122,49
134,751,122,49
80,285,122,49
134,751,122,49
223,791,122,49
134,751,122,49
80,285,122,49
134,751,122,49
80,285,122,49
265,743,122,49
80,285,122,49
134,751,122,49
265,743,122,49
134,751,122,49
80,285,123,50
63,533,123,50
265,743,123,50
63,533,123,50
63,533,123,50
63,533,123,50
63,533,123,50
63,533,123,50
779,819,123,50
481,533,123,50
63,499,123,50
265,743,123,50
63,481,123,50
265,743,123,50
153,271,123,50
63,481,123,50
265,743,123,50
63,481,123,50
63,481,123,50
63,481,123,50
63,481,123,50
63,481,123,50
265,743,123,50
63,481,123,50
311,662,123,50
265,743,123,50
265,743,123,50
311,662,123,50
63,481,123,50
311,662,123,50
265,743,123,50
311,662,123,50
265,743,123,50
311,662,123,50
311,662,123,50
311,662,123,50
311,662,123,50
311,662,123,50
311,662,123,50
311,662,123,50
311,662,123,50
311,662,123,50
311,662,123,50
311,662,123,50
154,499,123,50
311,662,123,50
154,499,123,50
265,743,123,50
63,499,123,50
63,481,123,50
311,662,123,50
311,662,123,50
154,271,123,50
311,662,123,50
779,819,123,50
311,662,123,50
311,819,123,50
779,819,123,50
311,819,123,50
223,791,123,50
273,778,123,50
311,662,123,50
265,743,123,50
172,779,123,50
194,311,123,50
194,311,123,50
271,533,123,50
194,311,123,50
153,533,123,50
153,271,123,50
265,743,123,50
194,311,123,50
194,311,123,50
63,709,123,50
194,311,123,50
153,271,123,50
153,271,123,50
153,271,123,50
285,875,123,50
63,481,123,50
153,271,123,50
153,271,123,50
153,271,123,50
265,743,123,50
153,271,123,50
153,271,123,50
268,826,123,50
153,271,123,50
153,271,123,50
153,271,123,50
153,271,123,50
153,271,123,50
153,271,123,50
153,271,123,50
285,875,123,50
153,271,123,50
153,271,123,50
285,875,123,50
63,481,123,50
153,271,123,50
63,481,123,50
153,271,123,50
63,481,123,50
194,311,123,50
153,271,123,50
63,481,123,50
194,311,123,50
153,271,123,50
63,481,123,50
153,271,123,50
63,481,123,50
153,271,123,50
63,481,123,50
153,271,123,50
63,481,123,50
153,271,123,50
265,743,123,50
153,271,123,50
265,743,123,50
153,271,123,50
265,743,123,50
153,271,123,50
153,271,123,50
153,271,123,50
153,271,123,50
223,791,123,50
153,271,123,50
153,271,123,50
265,743,123,50
153,271,123,50
265,743,123,50
153,271,123,50
265,743,123,50
50,80,123,50
153,271,123,50
265,743,123,50
153,271,123,50
153,271,123,50
153,271,123,50
223,791,123,50
153,271,123,50
265,743,123,50
153,271,123,50
153,271,123,50
223,791,123,50
153,271,123,50
223,791,123,50
153,271,123,50
223,791,123,50
153,271,123,50
153,271,123,50
273,778,123,50
273,778,123,50
273,778,123,50
273,778,123,50
153,271,123,50
153,533,123,50
273,778,123,50
273,778,123,50
273,778,123,50
273,778,123,50
273,778,123,50
265,743,123,50
119,875,123,50
273,778,123,50
87,875,123,50
273,778,123,50
265,743,123,50
273,778,123,50
273,778,123,50
273,778,123,50
63,481,123,50
273,778,123,50
223,791,123,50
273,778,123,50
223,791,123,50
273,778,123,50
273,778,123,50
273,778,123,50
153,533,123,50
273,778,123,50
273,778,123,50
273,778,123,50
273,778,123,50
273,778,123,50
113,181,123,50
265,743,123,50
273,778,123,50
265,743,123,50
273,778,123,50
119,499,123,50
265,743,123,50
119,499,123,50
273,778,123,50
285,431,123,50
273,778,123,50
273,778,123,50
273,778,123,50
265,743,123,50
273,778,123,50
273,778,123,50
265,743,123,50
273,778,123,50
271,533,123,50
153,533,123,50
63,481,123,50
265,743,123,50
153,533,123,50
265,743,123,50
63,481,123,50
63,481,123,50
153,533,123,50
273,778,123,50
273,778,123,50
153,533,123,50
265,743,123,50
273,778,123,50
265,743,123,50
273,778,123,50
153,271,123,50
273,778,123,50
153,271,123,50
265,743,123,50
273,778,123,50
265,743,123,50
273,778,123,50
273,778,123,50
271,533,123,50
265,743,123,50
273,778,123,50
271,533,123,50
265,743,123,50
273,778,123,50
271,533,123,50
265,743,123,50
273,778,123,50
273,778,123,50
273,778,123,50
39,662,123,50
273,778,123,50
39,662,123,50
265,743,123,50
273,778,123,50
273,778,123,50
273,778,123,50
273,778,123,50
271,533,123,50
63,481,123,50
63,709,123,50
265,743,123,50
63,709,123,50
105,113,123,50
265,743,123,50
105,113,123,50
63,709,123,50
63,709,123,50
105,113,123,50
63,709,123,50
105,113,123,50
105,113,123,50
105,113,123,50
105,113,123,50
271,533,123,50
105,113,123,50
271,533,123,50
105,113,123,50
271,533,123,50
63,481,123,50
271,533,123,50
265,743,123,50
265,743,123,50
265,743,123,50
265,743,123,50
265,743,123,50
265,743,123,50
265,743,123,50
265,743,123,50
271,533,123,50
265,743,123,50
265,743,123,50
271,533,123,50
265,743,123,50
265,743,123,50
265,743,123,50
56,132,123,50
265,743,123,50
265,743,123,50
271,533,123,50
153,271,123,50
265,743,123,50
265,743,123,50
265,743,123,50
265,743,123,50
265,743,123,50
29,791,123,50
265,743,123,50
265,743,123,50
265,743,123,50
265,743,123,50
265,743,123,50
265,743,123,50
265,743,123,50
265,743,123,50
265,743,123,50
265,743,123,50
265,743,123,50
63,709,123,50
265,743,123,50
63,481,124,51
56,132,124,51
265,743,124,51
311,662,124,51
779,819,124,51
181,804,124,51
779,819,124,51
265,743,124,51
311,804,124,51
194,804,124,51
194,804,124,51
194,804,124,51
194,804,124,51
194,804,124,51
265,743,124,51
194,804,124,51
265,743,124,51
265,743,124,51
255,826,124,51
255,826,124,51
194,804,124,51
184,751,124,51
181,804,124,51
181,804,124,51
751,826,124,51
184,265,124,51
181,804,124,51
265,826,124,51
181,804,124,51
184,751,124,51
181,804,124,51
184,751,124,51
181,804,124,51
184,751,124,51
181,804,124,51
184,751,124,51
181,804,124,51
184,751,124,51
181,804,124,51
184,751,124,51
181,804,124,51
181,804,124,51
184,751,124,51
181,804,124,51
181,804,124,51
184,751,124,51
181,804,124,51
181,804,124,51
181,804,124,51
181,804,124,51
273,743,124,51
273,743,124,51
181,804,124,51
181,804,124,51
181,804,124,51
181,804,124,51
181,804,124,51
181,804,124,51
511,804,124,51
184,751,124,51
511,804,124,51
511,804,124,51
63,499,124,51
63,499,124,51
15,123,124,51
122,153,124,51
153,154,124,51
39,181,124,51
39,181,124,51
15,123,124,51
122,153,124,51
39,181,124,51
15,123,124,51
122,153,124,51
122,153,124,51
273,743,124,51
273,743,124,51
273,743,124,51
273,743,124,51
273,743,124,51
265,826,124,51
265,826,124,51
223,311,124,51
273,743,124,51
273,743,124,51
273,743,124,51
15,123,124,51
273,743,124,51
273,743,124,51
273,743,124,51
273,743,124,51
273,743,124,51
273,743,124,51
184,255,124,51
273,743,124,51
273,743,124,51
273,743,124,51
273,743,124,51
48,209,124,51
273,743,124,51
48,209,124,51
273,743,124,51
48,209,124,51
48,209,124,51
48,209,124,51
63,481,124,51
17,50,124,51
17,134,124,51
50,134,124,51
153,271,124,51
17,134,124,51
50,134,124,51
153,271,124,51
153,271,124,51
153,271,124,51
153,271,124,51
153,271,124,51
153,271,124,51
95,194,124,51
122,154,124,51
95,311,124,51
122,154,124,51
122,154,124,51
95,194,124,51
122,154,124,51
95,194,124,51
122,154,124,51
95,194,124,51
95,311,124,51
122,154,124,51
120,987,124,51
819,987,124,51
196,779,124,51
122,154,124,51
196,987,124,51
122,154,124,51
122,154,124,51
113,194,124,51
122,154,124,51
113,194,124,51
285,431,124,51
285,431,124,51
285,431,124,51
172,987,124,51
15,123,124,51
172,987,124,51
15,123,124,51
15,123,124,51
172,987,124,51
285,431,124,51
268,826,132,52
35,826,132,52
273,743,132,52
273,743,132,52
273,743,132,52
209,875,132,52
209,875,132,52
273,743,132,52
80,102,132,52
265,826,132,52
134,784,132,52
265,826,132,52
265,826,132,52
205,285,132,52
205,285,132,52
271,499,132,52
285,431,132,52
285,431,132,52
285,431,132,52
95,223,132,52
50,784,132,52
265,826,132,52
63,709,132,52
255,709,132,52
255,709,132,52
285,431,132,52
63,709,132,52
63,709,132,52
63,481,132,52
63,481,132,52
63,481,132,52
63,481,132,52
267,603,132,52
17,80,132,52
63,709,132,52
39,223,132,52
63,481,132,52
63,481,132,52
17,80,132,52
17,80,132,52
63,481,132,52
17,80,132,52
63,481,132,52
63,481,132,52
39,79,132,52
39,662,132,52
150,533,132,52
150,533,132,52
150,533,132,52
223,496,132,52
150,533,132,52
150,533,132,52
150,533,132,52
150,533,132,52
150,533,132,52
150,533,132,52
194,786,132,52
150,533,132,52
150,533,132,52
102,804,132,52
194,765,132,52
194,765,133,53
194,786,133,53
184,265,133,53
194,786,133,53
194,786,133,53
172,196,133,53
150,533,133,53
150,533,133,53
150,533,133,53
194,786,133,53
194,786,133,53
150,533,133,53
150,533,133,53
194,786,133,53
194,786,133,53
150,533,133,53
150,533,133,53
194,786,133,53
194,786,133,53
150,533,133,53
194,786,133,53
150,533,133,53
150,533,133,53
194,786,133,53
194,786,133,53
150,533,133,53
222,267,133,53
150,533,133,53
150,533,133,53
222,267,133,53
194,786,133,53
105,513,133,53
194,786,133,53
150,533,133,53
194,786,133,53
222,267,133,53
153,271,133,53
153,271,133,53
153,271,133,53
153,271,133,53
153,271,133,53
153,271,133,53
153,271,133,53
153,271,133,53
153,271,133,53
153,271,133,53
150,533,133,53
153,271,133,53
150,533,133,53
222,267,133,53
153,271,133,53
153,271,133,53
153,271,133,53
153,271,133,53
222,267,133,53
153,271,133,53
153,271,133,53
153,271,133,53
153,271,133,53
222,267,133,53
153,271,133,53
222,267,133,53
153,271,133,53
194,786,133,53
222,267,133,53
153,271,133,53
153,271,133,53
153,271,133,53
153,271,133,53
153,271,133,53
153,271,133,53
153,271,133,53
153,271,133,53
153,271,133,53
153,271,133,53
153,271,133,53
150,533,133,53
153,271,133,53
153,271,133,53
153,271,133,53
153,271,133,53
153,271,133,53
153,271,133,53
153,271,133,53
153,271,133,53
153,271,133,53
153,271,133,53
153,271,133,53
153,271,133,53
153,271,133,53
153,271,133,53
153,271,133,53
153,271,133,53
153,271,133,53
153,271,133,53
153,271,133,53
153,271,133,53
153,271,133,53
153,271,133,53
153,271,133,53
153,271,133,53
153,271,133,53
153,271,133,53
153,271,133,53
153,271,133,53
153,271,133,53
153,271,133,53
153,271,133,53
153,271,133,53
153,271,133,53
153,271,133,53
153,271,133,53
153,271,133,53
153,271,133,53
153,271,133,53
153,271,133,53
153,271,133,53
255,826,133,53
255,265,133,53
255,826,133,53
255,265,133,53
255,826,133,53
153,271,133,53
194,804,133,53
153,271,133,53
194,804,133,53
134,709,133,53
194,804,133,53
153,271,133,53
194,804,133,53
153,271,133,53
194,804,133,53
153,271,133,53
194,804,133,53
153,271,133,53
194,804,133,53
153,271,133,53
311,804,133,53
194,804,133,53
153,271,133,53
194,804,133,53
153,271,133,53
194,804,133,53
184,255,133,53
153,271,133,53
194,804,133,53
184,255,133,53
153,271,133,53
194,804,133,53
153,271,133,53
194,804,133,53
153,271,133,53
194,804,133,53
153,271,133,53
153,271,133,53
194,804,133,53
194,804,133,53
153,271,133,53
194,804,133,53
153,271,133,53
194,804,133,53
153,271,133,53
194,804,133,53
153,271,133,53
153,271,133,53
122,154,133,53
153,271,133,53
153,154,133,53
153,271,133,53
122,154,133,53
153,271,133,53
122,154,133,53
122,154,133,53
153,271,133,53
153,271,133,53
153,271,133,53
153,271,133,53
222,267,133,53
153,271,133,53
153,271,133,53
153,271,133,53
213,223,133,53
153,271,133,53
153,271,133,53
184,268,133,53
222,267,133,53
153,271,133,53
122,154,133,53
153,271,133,53
153,271,133,53
153,271,133,53
153,271,133,53
743,826,133,53
153,271,133,53
268,826,133,53
153,271,133,53
285,431,133,53
184,255,133,53
153,271,133,53
153,271,133,53
153,271,133,53
153,271,133,53
153,271,133,53
153,271,133,53
285,431,133,53
105,513,133,53
285,431,133,53
285,431,133,53
105,513,133,53
153,271,133,53
153,271,133,53
153,271,133,53
153,271,133,53
153,271,133,53
56,791,133,53
153,271,133,53
56,791,133,53
153,271,133,53
222,267,133,53
222,267,133,53
222,267,133,53
222,267,133,53
95,222,133,53
222,267,133,53
29,662,133,53
222,267,133,53
222,267,133,53
29,791,133,53
29,213,133,53
153,271,133,53
153,271,133,53
153,271,133,53
50,80,133,53
153,271,133,53
50,80,133,53
153,271,133,53
153,271,133,53
153,271,133,53
153,271,133,53
153,271,133,53
153,271,133,53
153,271,133,53
153,271,133,53
153,271,133,53
153,271,133,53
153,271,133,53
153,271,133,53
153,271,133,53
153,271,133,53
153,271,133,53
153,271,133,53
153,271,133,53
153,271,133,53
153,271,133,53
123,150,133,53
153,271,133,53
153,271,133,53
123,150,133,53
153,271,133,53
123,150,133,53
153,271,133,53
273,743,133,53
762,784,133,53
153,271,133,53
123,150,133,53
273,743,133,53
762,784,133,53
153,271,133,53
123,150,133,53
273,743,133,53
762,784,133,53
123,150,133,53
153,271,133,53
123,150,133,53
123,150,133,53
123,150,133,53
123,150,133,53
123,150,133,53
123,150,133,53
123,150,133,53
123,150,133,53
123,150,133,53
123,150,133,53
123,150,133,53
105,804,133,53
153,271,133,53
123,150,133,53
153,271,133,53
153,271,133,53
123,150,133,53
153,271,133,53
123,150,133,53
123,150,133,53
63,709,133,53
63,709,133,53
153,271,133,53
153,271,133,53
153,271,133,53
153,271,133,53
153,271,133,53
153,271,133,53
153,271,133,53
153,271,134,54
132,268,134,54
50,875,134,54
50,875,134,54
21,875,134,54
209,875,134,54
804,875,134,54
209,804,134,54
95,223,134,54
29,123,134,54
123,153,134,54
123,153,134,54
222,267,134,54
153,271,134,54
123,271,134,54
123,150,134,54
222,267,134,54
222,267,134,54
222,267,134,54
222,267,134,54
222,267,134,54
222,267,134,54
222,267,134,54
222,267,134,54
222,267,134,54
184,751,134,54
222,267,134,54
184,751,134,54
222,267,134,54
184,751,134,54
184,751,134,54
222,267,134,54
222,267,134,54
222,267,134,54
222,267,134,54
222,267,134,54
311,496,134,54
255,804,134,54
765,804,134,54
765,804,134,54
80,765,134,54
765,804,134,54
80,804,134,54
132,172,134,54
132,172,134,54
132,172,134,54
285,431,134,54
132,172,134,54
132,172,134,54
132,172,134,54
79,132,134,54
79,132,134,54
79,132,134,54
79,132,134,54
79,132,134,54
79,132,134,54
79,132,134,54
79,132,134,54
79,132,134,54
79,132,134,54
79,132,134,54
79,132,134,54
79,132,134,54
184,751,134,54
79,132,134,54
184,751,134,54
79,132,134,54
79,132,134,54
184,751,134,54
79,132,134,54
79,132,134,54
79,132,134,54
79,132,134,54
79,132,134,54
79,132,134,54
79,132,134,54
48,209,134,54
48,209,134,54
50,102,134,54
80,213,134,54
240,285,134,54
184,751,134,54
184,255,134,54
39,194,134,54
184,751,134,54
39,95,134,54
511,804,135,55
511,804,135,55
511,804,135,55
511,804,135,55
511,804,135,55
123,533,135,55
150,533,135,55
150,533,135,55
496,987,135,55
150,153,135,55
35,268,135,55
196,205,135,55
194,765,135,55
196,205,135,55
194,765,135,55
196,205,135,55
56,132,135,55
196,205,135,55
153,601,135,55
153,601,135,55
56,132,135,55
153,601,135,55
153,601,135,55
153,601,135,55
56,132,135,55
153,601,135,55
153,601,135,55
153,601,135,55
153,601,135,55
153,601,135,55
150,533,135,55
222,267,135,55
222,267,135,55
222,267,135,55
153,601,135,55
153,601,135,55
153,601,135,55
153,601,135,55
153,601,135,55
153,601,135,55
153,601,135,55
153,601,135,55
153,601,135,55
153,601,135,55
153,601,135,55
153,601,135,55
153,601,135,55
153,601,135,55
153,601,135,55
153,601,135,55
153,601,135,55
153,601,135,55
153,601,135,55
153,601,135,55
39,95,135,55
153,601,135,55
153,601,135,55
153,601,135,55
153,601,135,55
222,267,135,55
153,601,135,55
153,601,135,55
222,267,135,55
153,601,135,55
153,601,135,55
153,601,135,55
153,601,135,55
153,601,135,55
153,601,135,55
153,601,135,55
153,601,135,55
153,601,135,55
222,267,135,55
153,601,135,55
222,267,135,55
39,222,135,55
79,222,135,55
79,222,135,55
150,533,135,55
153,271,135,55
153,271,135,55
153,271,135,55
35,255,135,55
285,875,135,55
153,271,135,55
153,271,135,55
153,271,135,55
153,271,135,55
153,271,135,55
153,271,135,55
153,271,135,55
153,271,135,55
481,533,135,55
153,271,135,55
153,271,135,55
194,311,135,55
194,311,135,55
153,271,135,55
153,271,135,55
153,271,135,55
150,481,135,55
150,153,135,55
153,271,135,55
153,271,135,55
153,271,135,55
153,271,135,55
268,826,135,55
153,271,135,55
268,826,135,55
153,271,135,55
268,826,135,55
153,271,135,55
153,271,135,55
153,271,135,55
153,271,135,55
153,271,135,55
153,271,135,55
153,271,135,55
153,271,135,55
153,271,135,55
153,271,135,55
153,271,135,55
153,271,135,55
153,271,135,55
153,271,135,55
153,271,135,55
153,271,135,55
153,271,135,55
153,271,135,55
153,271,135,55
153,271,135,55
153,271,135,55
153,271,135,55
153,271,135,55
153,271,135,55
153,271,135,55
153,271,135,55
153,271,135,55
153,271,135,55
153,271,135,55
153,271,135,55
153,271,135,55
153,271,135,55
153,271,135,55
153,271,135,55
153,271,135,55
153,271,135,55
153,271,135,55
123,223,135,55
153,271,135,55
153,271,135,55
123,223,135,55
153,271,135,55
153,271,135,55
222,267,135,55
153,271,135,55
222,267,135,55
153,271,135,55
153,271,135,55
153,271,135,55
153,271,135,55
194,311,135,55
153,271,135,55
194,311,135,55
194,311,135,55
194,311,135,55
194,311,135,55
194,311,135,55
194,311,135,55
194,311,135,55
153,271,135,55
194,311,135,55
194,311,135,55
194,311,135,55
222,267,135,55
194,311,135,55
194,311,135,55
194,311,135,55
194,311,135,55
153,271,136,56
194,311,136,56
123,223,136,56
194,311,136,56
153,271,136,56
194,311,136,56
153,271,136,56
194,311,136,56
153,271,136,56
194,311,136,56
194,311,136,56
153,271,136,56
194,311,136,56
153,271,136,56
194,311,136,56
222,267,136,56
153,271,136,56
194,311,136,56
222,267,136,56
511,762,136,56
222,267,136,56
194,311,136,56
194,311,136,56
153,271,136,56
153,271,136,56
153,271,136,56
153,271,136,56
194,311,136,56
194,311,136,56
194,311,136,56
194,311,136,56
153,271,136,56
153,271,136,56
194,311,136,56
194,311,136,56
194,311,136,56
194,311,136,56
39,95,136,56
63,481,136,56
194,311,136,56
194,311,136,56
39,95,136,56
194,311,136,56
39,95,136,56
222,223,136,56
39,95,136,56
39,95,136,56
39,95,136,56
39,95,136,56
194,311,136,56
194,311,136,56
194,311,136,56
153,271,136,56
153,271,136,56
533,601,136,56
153,271,136,56
153,271,136,56
153,271,136,56
153,271,136,56
240,938,136,56
240,938,136,56
194,311,136,56
222,267,136,56
184,268,136,56
875,938,136,56
222,267,136,56
194,311,136,56
194,311,136,56
194,804,136,56
196,205,136,56
150,601,136,56
150,601,136,56
56,132,136,56
150,601,136,56
150,601,136,56
150,601,136,56
150,601,137,57
150,601,137,57
150,601,137,57
150,601,137,57
150,601,137,57
